[INFO] [1790277061.278996945] [sage_energy_monitor]: SAGE energy monitor started.
[INFO] [1790277061.279831161] [sage_energy_monitor]: Cruise speed 1.0 m/s | reserve 0.20
[INFO] [1790277064.169762925] [sage_energy_monitor]: ENERGY | remaining=99.0 % | voltage=16.18 V | drain_rate=n/a | home_distance=0.0 m | return_time=3 s | return_cost=n/a | margin_after_return=n/a
[INFO] [1790277065.167342439] [sage_energy_monitor]: ENERGY | remaining=99.0 % | voltage=16.18 V | drain_rate=n/a | home_distance=0.0 m | return_time=3 s | return_cost=n/a | margin_after_return=n/a
[INFO] [1790277066.167325821] [sage_energy_monitor]: ENERGY | remaining=98.9 % | voltage=16.18 V | drain_rate=n/a | home_distance=0.0 m | return_time=3 s | return_cost=n/a | margin_after_return=n/a
[INFO] [1790277067.168681993] [sage_energy_monitor]: ENERGY | remaining=98.8 % | voltage=16.18 V | drain_rate=n/a | home_distance=0.0 m | return_time=3 s | return_cost=n/a | margin_after_return=n/a
[INFO] [1790277068.169814802] [sage_energy_monitor]: ENERGY | remaining=98.8 % | voltage=16.18 V | drain_rate=n/a | home_distance=0.0 m | return_time=4 s | return_cost=n/a | margin_after_return=n/a
[INFO] [1790277069.167938068] [sage_energy_monitor]: ENERGY | remaining=98.7 % | voltage=16.18 V | drain_rate=0.053 %/s | home_distance=0.1 m | return_time=4 s | return_cost=0.2 % | margin_after_return=78.5 %
[INFO] [1790277070.168335681] [sage_energy_monitor]: ENERGY | remaining=98.7 % | voltage=16.18 V | drain_rate=0.053 %/s | home_distance=0.1 m | return_time=4 s | return_cost=0.2 % | margin_after_return=78.5 %
[INFO] [1790277071.170734058] [sage_energy_monitor]: ENERGY | remaining=98.7 % | voltage=16.17 V | drain_rate=0.051 %/s | home_distance=0.1 m | return_time=4 s | return_cost=0.2 % | margin_after_return=78.5 %
[INFO] [1790277072.167485807] [sage_energy_monitor]: ENERGY | remaining=98.6 % | voltage=16.17 V | drain_rate=0.050 %/s | home_distance=0.0 m | return_time=4 s | return_cost=0.2 % | margin_after_return=78.4 %
[INFO] [1790277073.167809539] [sage_energy_monitor]: ENERGY | remaining=98.6 % | voltage=16.17 V | drain_rate=0.050 %/s | home_distance=0.0 m | return_time=3 s | return_cost=0.2 % | margin_after_return=78.4 %
[INFO] [1790277074.171756298] [sage_energy_monitor]: ENERGY | remaining=98.5 % | voltage=16.17 V | drain_rate=0.049 %/s | home_distance=0.0 m | return_time=4 s | return_cost=0.2 % | margin_after_return=78.4 %
[INFO] [1790277075.169068078] [sage_energy_monitor]: ENERGY | remaining=98.5 % | voltage=16.17 V | drain_rate=0.049 %/s | home_distance=0.0 m | return_time=4 s | return_cost=0.2 % | margin_after_return=78.3 %
[INFO] [1790277076.168737711] [sage_energy_monitor]: ENERGY | remaining=98.4 % | voltage=16.17 V | drain_rate=0.049 %/s | home_distance=0.0 m | return_time=4 s | return_cost=0.2 % | margin_after_return=78.3 %
[INFO] [1790277077.167468766] [sage_energy_monitor]: ENERGY | remaining=98.4 % | voltage=16.17 V | drain_rate=0.048 %/s | home_distance=0.0 m | return_time=4 s | return_cost=0.2 % | margin_after_return=78.2 %
[INFO] [1790277078.172374003] [sage_energy_monitor]: ENERGY | remaining=98.3 % | voltage=16.17 V | drain_rate=0.048 %/s | home_distance=0.0 m | return_time=4 s | return_cost=0.2 % | margin_after_return=78.2 %
[INFO] [1790277079.167951108] [sage_energy_monitor]: ENERGY | remaining=98.3 % | voltage=16.17 V | drain_rate=0.048 %/s | home_distance=0.0 m | return_time=4 s | return_cost=0.2 % | margin_after_return=78.1 %
[INFO] [1790277080.171530466] [sage_energy_monitor]: ENERGY | remaining=98.3 % | voltage=16.17 V | drain_rate=0.048 %/s | home_distance=0.0 m | return_time=4 s | return_cost=0.2 % | margin_after_return=78.1 %
[INFO] [1790277081.169983672] [sage_energy_monitor]: ENERGY | remaining=98.2 % | voltage=16.17 V | drain_rate=0.048 %/s | home_distance=0.0 m | return_time=4 s | return_cost=0.2 % | margin_after_return=78.0 %
[INFO] [1790277082.170606163] [sage_energy_monitor]: ENERGY | remaining=98.2 % | voltage=16.17 V | drain_rate=0.048 %/s | home_distance=0.0 m | return_time=4 s | return_cost=0.2 % | margin_after_return=78.0 %
[INFO] [1790277083.167046415] [sage_energy_monitor]: ENERGY | remaining=98.1 % | voltage=16.16 V | drain_rate=0.048 %/s | home_distance=0.0 m | return_time=4 s | return_cost=0.2 % | margin_after_return=77.9 %
[INFO] [1790277084.169045628] [sage_energy_monitor]: ENERGY | remaining=98.1 % | voltage=16.16 V | drain_rate=0.047 %/s | home_distance=0.0 m | return_time=4 s | return_cost=0.2 % | margin_after_return=77.9 %
[INFO] [1790277085.167406322] [sage_energy_monitor]: ENERGY | remaining=98.0 % | voltage=16.16 V | drain_rate=0.047 %/s | home_distance=0.0 m | return_time=4 s | return_cost=0.2 % | margin_after_return=77.8 %
[INFO] [1790277086.167471091] [sage_energy_monitor]: ENERGY | remaining=98.0 % | voltage=16.16 V | drain_rate=0.047 %/s | home_distance=0.0 m | return_time=4 s | return_cost=0.2 % | margin_after_return=77.8 %
[INFO] [1790277087.167651926] [sage_energy_monitor]: ENERGY | remaining=97.9 % | voltage=16.16 V | drain_rate=0.047 %/s | home_distance=0.0 m | return_time=4 s | return_cost=0.2 % | margin_after_return=77.7 %
[INFO] [1790277088.168150375] [sage_energy_monitor]: ENERGY | remaining=97.9 % | voltage=16.16 V | drain_rate=0.047 %/s | home_distance=0.0 m | return_time=4 s | return_cost=0.2 % | margin_after_return=77.7 %
[INFO] [1790277089.168861195] [sage_energy_monitor]: ENERGY | remaining=97.8 % | voltage=16.16 V | drain_rate=0.047 %/s | home_distance=0.1 m | return_time=4 s | return_cost=0.2 % | margin_after_return=77.6 %
[INFO] [1790277090.167341738] [sage_energy_monitor]: ENERGY | remaining=97.8 % | voltage=16.16 V | drain_rate=0.047 %/s | home_distance=0.1 m | return_time=4 s | return_cost=0.2 % | margin_after_return=77.6 %
[INFO] [1790277091.169518458] [sage_energy_monitor]: ENERGY | remaining=97.7 % | voltage=16.16 V | drain_rate=0.047 %/s | home_distance=0.0 m | return_time=4 s | return_cost=0.2 % | margin_after_return=77.6 %
[INFO] [1790277092.168329129] [sage_energy_monitor]: ENERGY | remaining=97.7 % | voltage=16.16 V | drain_rate=0.047 %/s | home_distance=0.0 m | return_time=4 s | return_cost=0.2 % | margin_after_return=77.5 %
[INFO] [1790277093.171196164] [sage_energy_monitor]: ENERGY | remaining=97.7 % | voltage=16.16 V | drain_rate=0.047 %/s | home_distance=0.0 m | return_time=4 s | return_cost=0.2 % | margin_after_return=77.5 %
[INFO] [1790277094.169025508] [sage_energy_monitor]: ENERGY | remaining=97.6 % | voltage=16.16 V | drain_rate=0.047 %/s | home_distance=0.0 m | return_time=4 s | return_cost=0.2 % | margin_after_return=77.4 %
[INFO] [1790277095.166896566] [sage_energy_monitor]: ENERGY | remaining=97.6 % | voltage=16.16 V | drain_rate=0.046 %/s | home_distance=0.0 m | return_time=4 s | return_cost=0.2 % | margin_after_return=77.4 %
[INFO] [1790277096.173059834] [sage_energy_monitor]: ENERGY | remaining=97.5 % | voltage=16.15 V | drain_rate=0.046 %/s | home_distance=0.0 m | return_time=4 s | return_cost=0.2 % | margin_after_return=77.3 %
[INFO] [1790277097.168685451] [sage_energy_monitor]: ENERGY | remaining=97.5 % | voltage=16.15 V | drain_rate=0.046 %/s | home_distance=0.0 m | return_time=4 s | return_cost=0.2 % | margin_after_return=77.3 %
[INFO] [1790277098.167111979] [sage_energy_monitor]: ENERGY | remaining=97.4 % | voltage=16.15 V | drain_rate=0.046 %/s | home_distance=0.0 m | return_time=4 s | return_cost=0.2 % | margin_after_return=77.2 %
[INFO] [1790277099.167985791] [sage_energy_monitor]: ENERGY | remaining=97.4 % | voltage=16.15 V | drain_rate=0.045 %/s | home_distance=0.0 m | return_time=4 s | return_cost=0.2 % | margin_after_return=77.2 %
[INFO] [1790277100.174792663] [sage_energy_monitor]: ENERGY | remaining=97.4 % | voltage=16.15 V | drain_rate=0.045 %/s | home_distance=0.0 m | return_time=4 s | return_cost=0.2 % | margin_after_return=77.2 %
[INFO] [1790277101.166972150] [sage_energy_monitor]: ENERGY | remaining=97.3 % | voltage=16.15 V | drain_rate=0.045 %/s | home_distance=0.0 m | return_time=4 s | return_cost=0.2 % | margin_after_return=77.1 %
[INFO] [1790277102.166945509] [sage_energy_monitor]: ENERGY | remaining=97.3 % | voltage=16.15 V | drain_rate=0.045 %/s | home_distance=0.0 m | return_time=4 s | return_cost=0.2 % | margin_after_return=77.1 %
[INFO] [1790277103.167902339] [sage_energy_monitor]: ENERGY | remaining=97.2 % | voltage=16.15 V | drain_rate=0.045 %/s | home_distance=0.0 m | return_time=4 s | return_cost=0.2 % | margin_after_return=77.0 %
[INFO] [1790277104.171526482] [sage_energy_monitor]: ENERGY | remaining=97.2 % | voltage=16.15 V | drain_rate=0.044 %/s | home_distance=0.0 m | return_time=4 s | return_cost=0.2 % | margin_after_return=77.0 %
[INFO] [1790277105.167729512] [sage_energy_monitor]: ENERGY | remaining=97.2 % | voltage=16.15 V | drain_rate=0.044 %/s | home_distance=0.0 m | return_time=4 s | return_cost=0.2 % | margin_after_return=77.0 %
[INFO] [1790277106.170908300] [sage_energy_monitor]: ENERGY | remaining=97.1 % | voltage=16.15 V | drain_rate=0.043 %/s | home_distance=0.0 m | return_time=4 s | return_cost=0.2 % | margin_after_return=77.0 %
[INFO] [1790277107.171685088] [sage_energy_monitor]: ENERGY | remaining=97.1 % | voltage=16.15 V | drain_rate=0.043 %/s | home_distance=0.0 m | return_time=4 s | return_cost=0.2 % | margin_after_return=76.9 %
[INFO] [1790277108.169464103] [sage_energy_monitor]: ENERGY | remaining=97.1 % | voltage=16.15 V | drain_rate=0.043 %/s | home_distance=0.0 m | return_time=4 s | return_cost=0.2 % | margin_after_return=76.9 %
[INFO] [1790277109.170328055] [sage_energy_monitor]: ENERGY | remaining=97.0 % | voltage=16.15 V | drain_rate=0.043 %/s | home_distance=0.0 m | return_time=4 s | return_cost=0.2 % | margin_after_return=76.9 %
[INFO] [1790277110.175756173] [sage_energy_monitor]: ENERGY | remaining=97.0 % | voltage=16.14 V | drain_rate=0.042 %/s | home_distance=0.0 m | return_time=4 s | return_cost=0.2 % | margin_after_return=76.8 %
[INFO] [1790277111.169061430] [sage_energy_monitor]: ENERGY | remaining=96.9 % | voltage=16.14 V | drain_rate=0.042 %/s | home_distance=0.0 m | return_time=4 s | return_cost=0.2 % | margin_after_return=76.8 %
[INFO] [1790277112.167629026] [sage_energy_monitor]: ENERGY | remaining=96.9 % | voltage=16.14 V | drain_rate=0.042 %/s | home_distance=0.0 m | return_time=4 s | return_cost=0.2 % | margin_after_return=76.7 %
[INFO] [1790277113.168598954] [sage_energy_monitor]: ENERGY | remaining=96.9 % | voltage=16.14 V | drain_rate=0.042 %/s | home_distance=0.0 m | return_time=4 s | return_cost=0.2 % | margin_after_return=76.7 %
[INFO] [1790277114.170517942] [sage_energy_monitor]: ENERGY | remaining=96.8 % | voltage=16.14 V | drain_rate=0.042 %/s | home_distance=0.0 m | return_time=4 s | return_cost=0.2 % | margin_after_return=76.6 %
[INFO] [1790277115.173734053] [sage_energy_monitor]: ENERGY | remaining=96.8 % | voltage=16.14 V | drain_rate=0.042 %/s | home_distance=0.0 m | return_time=4 s | return_cost=0.2 % | margin_after_return=76.6 %
[INFO] [1790277116.168167346] [sage_energy_monitor]: ENERGY | remaining=96.7 % | voltage=16.14 V | drain_rate=0.041 %/s | home_distance=0.0 m | return_time=4 s | return_cost=0.2 % | margin_after_return=76.6 %
[INFO] [1790277117.175311405] [sage_energy_monitor]: ENERGY | remaining=96.7 % | voltage=16.14 V | drain_rate=0.041 %/s | home_distance=0.0 m | return_time=4 s | return_cost=0.2 % | margin_after_return=76.5 %
[INFO] [1790277118.174036394] [sage_energy_monitor]: ENERGY | remaining=96.7 % | voltage=16.14 V | drain_rate=0.041 %/s | home_distance=0.2 m | return_time=4 s | return_cost=0.2 % | margin_after_return=76.5 %
[INFO] [1790277119.169121226] [sage_energy_monitor]: ENERGY | remaining=96.6 % | voltage=16.14 V | drain_rate=0.041 %/s | home_distance=2.0 m | return_time=6 s | return_cost=0.2 % | margin_after_return=76.4 %
[INFO] [1790277120.170373237] [sage_energy_monitor]: ENERGY | remaining=96.6 % | voltage=16.14 V | drain_rate=0.041 %/s | home_distance=3.9 m | return_time=8 s | return_cost=0.3 % | margin_after_return=76.3 %
[INFO] [1790277121.170034427] [sage_energy_monitor]: ENERGY | remaining=96.5 % | voltage=16.14 V | drain_rate=0.041 %/s | home_distance=4.8 m | return_time=9 s | return_cost=0.4 % | margin_after_return=76.2 %
[INFO] [1790277122.169794291] [sage_energy_monitor]: ENERGY | remaining=96.5 % | voltage=16.14 V | drain_rate=0.041 %/s | home_distance=5.1 m | return_time=9 s | return_cost=0.4 % | margin_after_return=76.1 %
[INFO] [1790277123.170985514] [sage_energy_monitor]: ENERGY | remaining=96.4 % | voltage=16.14 V | drain_rate=0.040 %/s | home_distance=5.2 m | return_time=9 s | return_cost=0.4 % | margin_after_return=76.1 %
[INFO] [1790277124.170165303] [sage_energy_monitor]: ENERGY | remaining=96.4 % | voltage=16.13 V | drain_rate=0.040 %/s | home_distance=5.2 m | return_time=9 s | return_cost=0.4 % | margin_after_return=76.0 %
[INFO] [1790277125.169690716] [sage_energy_monitor]: ENERGY | remaining=96.4 % | voltage=16.13 V | drain_rate=0.040 %/s | home_distance=4.6 m | return_time=8 s | return_cost=0.3 % | margin_after_return=76.0 %
[INFO] [1790277126.169951601] [sage_energy_monitor]: ENERGY | remaining=96.3 % | voltage=16.13 V | drain_rate=0.040 %/s | home_distance=2.8 m | return_time=7 s | return_cost=0.3 % | margin_after_return=76.1 %
[INFO] [1790277127.170143766] [sage_energy_monitor]: ENERGY | remaining=96.3 % | voltage=16.13 V | drain_rate=0.040 %/s | home_distance=1.8 m | return_time=6 s | return_cost=0.2 % | margin_after_return=76.0 %
[INFO] [1790277128.168307569] [sage_energy_monitor]: ENERGY | remaining=96.2 % | voltage=16.13 V | drain_rate=0.040 %/s | home_distance=1.7 m | return_time=6 s | return_cost=0.2 % | margin_after_return=76.0 %
[INFO] [1790277129.170683417] [sage_energy_monitor]: ENERGY | remaining=96.2 % | voltage=16.13 V | drain_rate=0.040 %/s | home_distance=1.6 m | return_time=5 s | return_cost=0.2 % | margin_after_return=76.0 %
[INFO] [1790277130.168819500] [sage_energy_monitor]: ENERGY | remaining=96.2 % | voltage=16.13 V | drain_rate=0.040 %/s | home_distance=2.9 m | return_time=7 s | return_cost=0.3 % | margin_after_return=75.9 %
[INFO] [1790277131.170902672] [sage_energy_monitor]: ENERGY | remaining=96.1 % | voltage=16.13 V | drain_rate=0.040 %/s | home_distance=4.7 m | return_time=9 s | return_cost=0.3 % | margin_after_return=75.8 %
[INFO] [1790277132.167699877] [sage_energy_monitor]: ENERGY | remaining=96.1 % | voltage=16.13 V | drain_rate=0.040 %/s | home_distance=6.0 m | return_time=10 s | return_cost=0.4 % | margin_after_return=75.7 %
[INFO] [1790277133.170344558] [sage_energy_monitor]: ENERGY | remaining=96.0 % | voltage=16.13 V | drain_rate=0.040 %/s | home_distance=6.4 m | return_time=10 s | return_cost=0.4 % | margin_after_return=75.6 %
[INFO] [1790277134.169149416] [sage_energy_monitor]: ENERGY | remaining=96.0 % | voltage=16.13 V | drain_rate=0.040 %/s | home_distance=7.1 m | return_time=11 s | return_cost=0.4 % | margin_after_return=75.6 %
[INFO] [1790277135.169562442] [sage_energy_monitor]: ENERGY | remaining=96.0 % | voltage=16.13 V | drain_rate=0.040 %/s | home_distance=7.9 m | return_time=12 s | return_cost=0.5 % | margin_after_return=75.5 %
[INFO] [1790277136.174606981] [sage_energy_monitor]: ENERGY | remaining=95.9 % | voltage=16.13 V | drain_rate=0.041 %/s | home_distance=8.0 m | return_time=12 s | return_cost=0.5 % | margin_after_return=75.4 %
[INFO] [1790277137.171337799] [sage_energy_monitor]: ENERGY | remaining=95.9 % | voltage=16.12 V | drain_rate=0.041 %/s | home_distance=7.4 m | return_time=11 s | return_cost=0.5 % | margin_after_return=75.4 %
[INFO] [1790277138.167428966] [sage_energy_monitor]: ENERGY | remaining=95.8 % | voltage=16.12 V | drain_rate=0.041 %/s | home_distance=6.9 m | return_time=11 s | return_cost=0.4 % | margin_after_return=75.4 %
[INFO] [1790277139.170704040] [sage_energy_monitor]: ENERGY | remaining=95.8 % | voltage=16.12 V | drain_rate=0.041 %/s | home_distance=6.8 m | return_time=11 s | return_cost=0.4 % | margin_after_return=75.4 %
[INFO] [1790277140.169976704] [sage_energy_monitor]: ENERGY | remaining=95.8 % | voltage=16.12 V | drain_rate=0.041 %/s | home_distance=7.2 m | return_time=11 s | return_cost=0.4 % | margin_after_return=75.3 %
[INFO] [1790277141.168968770] [sage_energy_monitor]: ENERGY | remaining=95.7 % | voltage=16.12 V | drain_rate=0.041 %/s | home_distance=7.7 m | return_time=12 s | return_cost=0.5 % | margin_after_return=75.2 %
[INFO] [1790277142.167527914] [sage_energy_monitor]: ENERGY | remaining=95.7 % | voltage=16.12 V | drain_rate=0.041 %/s | home_distance=7.8 m | return_time=12 s | return_cost=0.5 % | margin_after_return=75.2 %
[INFO] [1790277143.170097900] [sage_energy_monitor]: ENERGY | remaining=95.6 % | voltage=16.12 V | drain_rate=0.041 %/s | home_distance=7.7 m | return_time=12 s | return_cost=0.5 % | margin_after_return=75.2 %
[INFO] [1790277144.174280441] [sage_energy_monitor]: ENERGY | remaining=95.6 % | voltage=16.12 V | drain_rate=0.041 %/s | home_distance=8.1 m | return_time=12 s | return_cost=0.5 % | margin_after_return=75.1 %
[INFO] [1790277145.170400593] [sage_energy_monitor]: ENERGY | remaining=95.6 % | voltage=16.12 V | drain_rate=0.041 %/s | home_distance=8.4 m | return_time=12 s | return_cost=0.5 % | margin_after_return=75.1 %
[INFO] [1790277146.168940816] [sage_energy_monitor]: ENERGY | remaining=95.5 % | voltage=16.12 V | drain_rate=0.041 %/s | home_distance=8.3 m | return_time=12 s | return_cost=0.5 % | margin_after_return=75.0 %
[INFO] [1790277147.168529763] [sage_energy_monitor]: ENERGY | remaining=95.5 % | voltage=16.12 V | drain_rate=0.041 %/s | home_distance=7.8 m | return_time=12 s | return_cost=0.5 % | margin_after_return=75.0 %
[INFO] [1790277148.168949420] [sage_energy_monitor]: ENERGY | remaining=95.4 % | voltage=16.12 V | drain_rate=0.041 %/s | home_distance=7.5 m | return_time=12 s | return_cost=0.5 % | margin_after_return=75.0 %
[INFO] [1790277149.170834303] [sage_energy_monitor]: ENERGY | remaining=95.4 % | voltage=16.12 V | drain_rate=0.041 %/s | home_distance=8.0 m | return_time=12 s | return_cost=0.5 % | margin_after_return=74.9 %
[INFO] [1790277150.175101788] [sage_energy_monitor]: ENERGY | remaining=95.4 % | voltage=16.12 V | drain_rate=0.041 %/s | home_distance=8.9 m | return_time=13 s | return_cost=0.5 % | margin_after_return=74.8 %
[INFO] [1790277151.175078671] [sage_energy_monitor]: ENERGY | remaining=95.3 % | voltage=16.11 V | drain_rate=0.041 %/s | home_distance=9.6 m | return_time=14 s | return_cost=0.6 % | margin_after_return=74.8 %
[INFO] [1790277152.171630669] [sage_energy_monitor]: ENERGY | remaining=95.3 % | voltage=16.11 V | drain_rate=0.041 %/s | home_distance=10.1 m | return_time=14 s | return_cost=0.6 % | margin_after_return=74.7 %
[INFO] [1790277153.168432100] [sage_energy_monitor]: ENERGY | remaining=95.2 % | voltage=16.11 V | drain_rate=0.041 %/s | home_distance=11.2 m | return_time=15 s | return_cost=0.6 % | margin_after_return=74.6 %
[INFO] [1790277154.172676047] [sage_energy_monitor]: ENERGY | remaining=95.2 % | voltage=16.11 V | drain_rate=0.041 %/s | home_distance=12.4 m | return_time=16 s | return_cost=0.7 % | margin_after_return=74.5 %
[INFO] [1790277155.170130208] [sage_energy_monitor]: ENERGY | remaining=95.1 % | voltage=16.11 V | drain_rate=0.041 %/s | home_distance=12.7 m | return_time=17 s | return_cost=0.7 % | margin_after_return=74.5 %
[INFO] [1790277156.170179062] [sage_energy_monitor]: ENERGY | remaining=95.1 % | voltage=16.11 V | drain_rate=0.041 %/s | home_distance=12.4 m | return_time=16 s | return_cost=0.7 % | margin_after_return=74.4 %
[INFO] [1790277157.168260005] [sage_energy_monitor]: ENERGY | remaining=95.1 % | voltage=16.11 V | drain_rate=0.041 %/s | home_distance=11.7 m | return_time=16 s | return_cost=0.6 % | margin_after_return=74.4 %
[INFO] [1790277158.171375408] [sage_energy_monitor]: ENERGY | remaining=95.0 % | voltage=16.11 V | drain_rate=0.041 %/s | home_distance=11.5 m | return_time=16 s | return_cost=0.6 % | margin_after_return=74.4 %
[INFO] [1790277159.172470110] [sage_energy_monitor]: ENERGY | remaining=95.0 % | voltage=16.11 V | drain_rate=0.041 %/s | home_distance=11.3 m | return_time=15 s | return_cost=0.6 % | margin_after_return=74.4 %
[INFO] [1790277160.169851615] [sage_energy_monitor]: ENERGY | remaining=94.9 % | voltage=16.11 V | drain_rate=0.041 %/s | home_distance=10.1 m | return_time=14 s | return_cost=0.6 % | margin_after_return=74.4 %
[INFO] [1790277161.171072960] [sage_energy_monitor]: ENERGY | remaining=94.9 % | voltage=16.11 V | drain_rate=0.041 %/s | home_distance=8.9 m | return_time=13 s | return_cost=0.5 % | margin_after_return=74.4 %
[INFO] [1790277162.170307332] [sage_energy_monitor]: ENERGY | remaining=94.9 % | voltage=16.11 V | drain_rate=0.041 %/s | home_distance=8.6 m | return_time=13 s | return_cost=0.5 % | margin_after_return=74.3 %
[INFO] [1790277163.173355468] [sage_energy_monitor]: ENERGY | remaining=94.8 % | voltage=16.11 V | drain_rate=0.041 %/s | home_distance=9.6 m | return_time=14 s | return_cost=0.6 % | margin_after_return=74.3 %
[INFO] [1790277164.171617428] [sage_energy_monitor]: ENERGY | remaining=94.8 % | voltage=16.10 V | drain_rate=0.041 %/s | home_distance=11.6 m | return_time=16 s | return_cost=0.7 % | margin_after_return=74.1 %
[INFO] [1790277165.173869956] [sage_energy_monitor]: ENERGY | remaining=94.7 % | voltage=16.10 V | drain_rate=0.041 %/s | home_distance=13.0 m | return_time=17 s | return_cost=0.7 % | margin_after_return=74.0 %
[INFO] [1790277166.168627615] [sage_energy_monitor]: ENERGY | remaining=94.7 % | voltage=16.10 V | drain_rate=0.041 %/s | home_distance=13.4 m | return_time=17 s | return_cost=0.7 % | margin_after_return=74.0 %
[INFO] [1790277167.170313346] [sage_energy_monitor]: ENERGY | remaining=94.7 % | voltage=16.10 V | drain_rate=0.041 %/s | home_distance=13.3 m | return_time=17 s | return_cost=0.7 % | margin_after_return=74.0 %
[INFO] [1790277168.169342897] [sage_energy_monitor]: ENERGY | remaining=94.6 % | voltage=16.10 V | drain_rate=0.041 %/s | home_distance=12.6 m | return_time=17 s | return_cost=0.7 % | margin_after_return=73.9 %
[INFO] [1790277169.169337513] [sage_energy_monitor]: ENERGY | remaining=94.6 % | voltage=16.10 V | drain_rate=0.041 %/s | home_distance=12.0 m | return_time=16 s | return_cost=0.7 % | margin_after_return=73.9 %
[INFO] [1790277170.169153154] [sage_energy_monitor]: ENERGY | remaining=94.5 % | voltage=16.10 V | drain_rate=0.041 %/s | home_distance=12.0 m | return_time=16 s | return_cost=0.7 % | margin_after_return=73.9 %
[INFO] [1790277171.168437538] [sage_energy_monitor]: ENERGY | remaining=94.5 % | voltage=16.10 V | drain_rate=0.041 %/s | home_distance=12.1 m | return_time=16 s | return_cost=0.7 % | margin_after_return=73.8 %
[INFO] [1790277172.170597356] [sage_energy_monitor]: ENERGY | remaining=94.4 % | voltage=16.10 V | drain_rate=0.041 %/s | home_distance=12.2 m | return_time=16 s | return_cost=0.7 % | margin_after_return=73.8 %
[INFO] [1790277173.182507525] [sage_energy_monitor]: ENERGY | remaining=94.4 % | voltage=16.10 V | drain_rate=0.041 %/s | home_distance=12.2 m | return_time=16 s | return_cost=0.7 % | margin_after_return=73.7 %
[INFO] [1790277174.168700808] [sage_energy_monitor]: ENERGY | remaining=94.4 % | voltage=16.10 V | drain_rate=0.041 %/s | home_distance=12.1 m | return_time=16 s | return_cost=0.7 % | margin_after_return=73.7 %
[INFO] [1790277175.176056757] [sage_energy_monitor]: ENERGY | remaining=94.3 % | voltage=16.10 V | drain_rate=0.041 %/s | home_distance=12.3 m | return_time=16 s | return_cost=0.7 % | margin_after_return=73.7 %
[INFO] [1790277176.173587620] [sage_energy_monitor]: ENERGY | remaining=94.3 % | voltage=16.10 V | drain_rate=0.041 %/s | home_distance=13.5 m | return_time=18 s | return_cost=0.7 % | margin_after_return=73.6 %
[INFO] [1790277177.168524359] [sage_energy_monitor]: ENERGY | remaining=94.2 % | voltage=16.10 V | drain_rate=0.041 %/s | home_distance=14.2 m | return_time=19 s | return_cost=0.8 % | margin_after_return=73.5 %
[INFO] [1790277178.168267328] [sage_energy_monitor]: ENERGY | remaining=94.2 % | voltage=16.09 V | drain_rate=0.041 %/s | home_distance=14.3 m | return_time=18 s | return_cost=0.8 % | margin_after_return=73.4 %
[INFO] [1790277179.167114671] [sage_energy_monitor]: ENERGY | remaining=94.2 % | voltage=16.09 V | drain_rate=0.041 %/s | home_distance=14.1 m | return_time=18 s | return_cost=0.8 % | margin_after_return=73.4 %
[INFO] [1790277180.170589886] [sage_energy_monitor]: ENERGY | remaining=94.1 % | voltage=16.09 V | drain_rate=0.041 %/s | home_distance=14.2 m | return_time=18 s | return_cost=0.7 % | margin_after_return=73.4 %
[INFO] [1790277181.167247107] [sage_energy_monitor]: ENERGY | remaining=94.1 % | voltage=16.09 V | drain_rate=0.041 %/s | home_distance=13.8 m | return_time=18 s | return_cost=0.7 % | margin_after_return=73.3 %
[INFO] [1790277182.170507700] [sage_energy_monitor]: ENERGY | remaining=94.0 % | voltage=16.09 V | drain_rate=0.041 %/s | home_distance=12.6 m | return_time=17 s | return_cost=0.7 % | margin_after_return=73.4 %
[INFO] [1790277183.167099299] [sage_energy_monitor]: ENERGY | remaining=94.0 % | voltage=16.09 V | drain_rate=0.041 %/s | home_distance=11.3 m | return_time=15 s | return_cost=0.6 % | margin_after_return=73.4 %
[INFO] [1790277184.167181842] [sage_energy_monitor]: ENERGY | remaining=93.9 % | voltage=16.09 V | drain_rate=0.041 %/s | home_distance=10.1 m | return_time=14 s | return_cost=0.6 % | margin_after_return=73.4 %
[INFO] [1790277185.168521745] [sage_energy_monitor]: ENERGY | remaining=93.9 % | voltage=16.09 V | drain_rate=0.041 %/s | home_distance=9.3 m | return_time=13 s | return_cost=0.5 % | margin_after_return=73.4 %
[INFO] [1790277186.169190253] [sage_energy_monitor]: ENERGY | remaining=93.9 % | voltage=16.09 V | drain_rate=0.041 %/s | home_distance=8.9 m | return_time=13 s | return_cost=0.5 % | margin_after_return=73.3 %
[INFO] [1790277187.170622924] [sage_energy_monitor]: ENERGY | remaining=93.8 % | voltage=16.09 V | drain_rate=0.041 %/s | home_distance=8.8 m | return_time=13 s | return_cost=0.5 % | margin_after_return=73.3 %
[INFO] [1790277188.176295707] [sage_energy_monitor]: ENERGY | remaining=93.8 % | voltage=16.09 V | drain_rate=0.041 %/s | home_distance=8.9 m | return_time=13 s | return_cost=0.5 % | margin_after_return=73.3 %
[INFO] [1790277189.172092257] [sage_energy_monitor]: ENERGY | remaining=93.7 % | voltage=16.09 V | drain_rate=0.041 %/s | home_distance=9.3 m | return_time=13 s | return_cost=0.5 % | margin_after_return=73.2 %
[INFO] [1790277190.172629172] [sage_energy_monitor]: ENERGY | remaining=93.7 % | voltage=16.09 V | drain_rate=0.041 %/s | home_distance=9.5 m | return_time=14 s | return_cost=0.6 % | margin_after_return=73.1 %
[INFO] [1790277191.172634541] [sage_energy_monitor]: ENERGY | remaining=93.7 % | voltage=16.08 V | drain_rate=0.041 %/s | home_distance=9.6 m | return_time=13 s | return_cost=0.6 % | margin_after_return=73.1 %
[INFO] [1790277192.168268943] [sage_energy_monitor]: ENERGY | remaining=93.6 % | voltage=16.08 V | drain_rate=0.041 %/s | home_distance=8.7 m | return_time=13 s | return_cost=0.5 % | margin_after_return=73.1 %
[INFO] [1790277193.171845766] [sage_energy_monitor]: ENERGY | remaining=93.6 % | voltage=16.08 V | drain_rate=0.041 %/s | home_distance=7.3 m | return_time=11 s | return_cost=0.5 % | margin_after_return=73.1 %
[INFO] [1790277194.167254702] [sage_energy_monitor]: ENERGY | remaining=93.5 % | voltage=16.08 V | drain_rate=0.041 %/s | home_distance=6.6 m | return_time=10 s | return_cost=0.4 % | margin_after_return=73.1 %
[INFO] [1790277195.169265521] [sage_energy_monitor]: ENERGY | remaining=93.5 % | voltage=16.08 V | drain_rate=0.041 %/s | home_distance=6.4 m | return_time=10 s | return_cost=0.4 % | margin_after_return=73.1 %
[INFO] [1790277196.169247985] [sage_energy_monitor]: ENERGY | remaining=93.5 % | voltage=16.08 V | drain_rate=0.041 %/s | home_distance=5.5 m | return_time=9 s | return_cost=0.4 % | margin_after_return=73.1 %
[INFO] [1790277197.168384738] [sage_energy_monitor]: ENERGY | remaining=93.4 % | voltage=16.08 V | drain_rate=0.041 %/s | home_distance=4.4 m | return_time=8 s | return_cost=0.3 % | margin_after_return=73.1 %
[INFO] [1790277198.174180762] [sage_energy_monitor]: ENERGY | remaining=93.4 % | voltage=16.08 V | drain_rate=0.041 %/s | home_distance=2.5 m | return_time=7 s | return_cost=0.3 % | margin_after_return=73.1 %
[INFO] [1790277199.168917234] [sage_energy_monitor]: ENERGY | remaining=93.3 % | voltage=16.08 V | drain_rate=0.041 %/s | home_distance=0.3 m | return_time=5 s | return_cost=0.2 % | margin_after_return=73.1 %
[INFO] [1790277200.167279781] [sage_energy_monitor]: ENERGY | remaining=93.3 % | voltage=16.08 V | drain_rate=0.041 %/s | home_distance=1.7 m | return_time=6 s | return_cost=0.2 % | margin_after_return=73.0 %
[INFO] [1790277201.170067804] [sage_energy_monitor]: ENERGY | remaining=93.2 % | voltage=16.08 V | drain_rate=0.041 %/s | home_distance=3.7 m | return_time=8 s | return_cost=0.3 % | margin_after_return=72.9 %
[INFO] [1790277202.169549998] [sage_energy_monitor]: ENERGY | remaining=93.2 % | voltage=16.08 V | drain_rate=0.041 %/s | home_distance=5.8 m | return_time=10 s | return_cost=0.4 % | margin_after_return=72.8 %
[INFO] [1790277203.167738406] [sage_energy_monitor]: ENERGY | remaining=93.2 % | voltage=16.08 V | drain_rate=0.041 %/s | home_distance=7.8 m | return_time=12 s | return_cost=0.5 % | margin_after_return=72.7 %
[INFO] [1790277204.172700153] [sage_energy_monitor]: ENERGY | remaining=93.1 % | voltage=16.08 V | drain_rate=0.041 %/s | home_distance=9.9 m | return_time=14 s | return_cost=0.6 % | margin_after_return=72.5 %
[INFO] [1790277205.168653688] [sage_energy_monitor]: ENERGY | remaining=93.1 % | voltage=16.07 V | drain_rate=0.042 %/s | home_distance=11.6 m | return_time=16 s | return_cost=0.6 % | margin_after_return=72.4 %
[INFO] [1790277206.175533260] [sage_energy_monitor]: ENERGY | remaining=93.0 % | voltage=16.07 V | drain_rate=0.041 %/s | home_distance=12.3 m | return_time=16 s | return_cost=0.7 % | margin_after_return=72.4 %
[INFO] [1790277207.177663843] [sage_energy_monitor]: ENERGY | remaining=93.0 % | voltage=16.07 V | drain_rate=0.041 %/s | home_distance=12.4 m | return_time=16 s | return_cost=0.7 % | margin_after_return=72.3 %
[INFO] [1790277208.175035920] [sage_energy_monitor]: ENERGY | remaining=93.0 % | voltage=16.07 V | drain_rate=0.041 %/s | home_distance=12.4 m | return_time=16 s | return_cost=0.7 % | margin_after_return=72.3 %
[INFO] [1790277209.168452191] [sage_energy_monitor]: ENERGY | remaining=92.9 % | voltage=16.07 V | drain_rate=0.041 %/s | home_distance=12.7 m | return_time=17 s | return_cost=0.7 % | margin_after_return=72.2 %
[INFO] [1790277210.171472103] [sage_energy_monitor]: ENERGY | remaining=92.9 % | voltage=16.07 V | drain_rate=0.041 %/s | home_distance=13.7 m | return_time=18 s | return_cost=0.7 % | margin_after_return=72.1 %
[INFO] [1790277211.169563964] [sage_energy_monitor]: ENERGY | remaining=92.8 % | voltage=16.07 V | drain_rate=0.041 %/s | home_distance=14.4 m | return_time=19 s | return_cost=0.8 % | margin_after_return=72.1 %
[INFO] [1790277212.168148536] [sage_energy_monitor]: ENERGY | remaining=92.8 % | voltage=16.07 V | drain_rate=0.042 %/s | home_distance=14.6 m | return_time=19 s | return_cost=0.8 % | margin_after_return=72.0 %
[INFO] [1790277213.171801018] [sage_energy_monitor]: ENERGY | remaining=92.8 % | voltage=16.07 V | drain_rate=0.041 %/s | home_distance=13.8 m | return_time=18 s | return_cost=0.7 % | margin_after_return=72.0 %
[INFO] [1790277214.176773857] [sage_energy_monitor]: ENERGY | remaining=92.7 % | voltage=16.07 V | drain_rate=0.041 %/s | home_distance=12.2 m | return_time=16 s | return_cost=0.7 % | margin_after_return=72.0 %
[INFO] [1790277215.169453298] [sage_energy_monitor]: ENERGY | remaining=92.7 % | voltage=16.07 V | drain_rate=0.041 %/s | home_distance=11.3 m | return_time=15 s | return_cost=0.6 % | margin_after_return=72.0 %
[INFO] [1790277216.176684261] [sage_energy_monitor]: ENERGY | remaining=92.6 % | voltage=16.07 V | drain_rate=0.041 %/s | home_distance=11.0 m | return_time=15 s | return_cost=0.6 % | margin_after_return=72.0 %
[INFO] [1790277217.168229244] [sage_energy_monitor]: ENERGY | remaining=92.6 % | voltage=16.07 V | drain_rate=0.041 %/s | home_distance=10.3 m | return_time=14 s | return_cost=0.6 % | margin_after_return=72.0 %
[INFO] [1790277218.168447390] [sage_energy_monitor]: ENERGY | remaining=92.5 % | voltage=16.06 V | drain_rate=0.041 %/s | home_distance=9.1 m | return_time=13 s | return_cost=0.5 % | margin_after_return=72.0 %
[INFO] [1790277219.168889488] [sage_energy_monitor]: ENERGY | remaining=92.5 % | voltage=16.06 V | drain_rate=0.041 %/s | home_distance=8.3 m | return_time=12 s | return_cost=0.5 % | margin_after_return=72.0 %
[INFO] [1790277220.169435052] [sage_energy_monitor]: ENERGY | remaining=92.5 % | voltage=16.06 V | drain_rate=0.041 %/s | home_distance=8.9 m | return_time=13 s | return_cost=0.5 % | margin_after_return=71.9 %
[INFO] [1790277221.169412483] [sage_energy_monitor]: ENERGY | remaining=92.4 % | voltage=16.06 V | drain_rate=0.041 %/s | home_distance=10.1 m | return_time=14 s | return_cost=0.6 % | margin_after_return=71.8 %
[INFO] [1790277222.168795853] [sage_energy_monitor]: ENERGY | remaining=92.4 % | voltage=16.06 V | drain_rate=0.041 %/s | home_distance=10.6 m | return_time=15 s | return_cost=0.6 % | margin_after_return=71.8 %
[INFO] [1790277223.167951613] [sage_energy_monitor]: ENERGY | remaining=92.3 % | voltage=16.06 V | drain_rate=0.041 %/s | home_distance=10.0 m | return_time=14 s | return_cost=0.6 % | margin_after_return=71.8 %
[INFO] [1790277224.174974713] [sage_energy_monitor]: ENERGY | remaining=92.3 % | voltage=16.06 V | drain_rate=0.041 %/s | home_distance=8.3 m | return_time=13 s | return_cost=0.5 % | margin_after_return=71.8 %
[INFO] [1790277225.168198323] [sage_energy_monitor]: ENERGY | remaining=92.3 % | voltage=16.06 V | drain_rate=0.041 %/s | home_distance=7.2 m | return_time=11 s | return_cost=0.5 % | margin_after_return=71.8 %
[INFO] [1790277226.168912366] [sage_energy_monitor]: ENERGY | remaining=92.2 % | voltage=16.06 V | drain_rate=0.041 %/s | home_distance=6.9 m | return_time=11 s | return_cost=0.5 % | margin_after_return=71.8 %
[INFO] [1790277227.170101884] [sage_energy_monitor]: ENERGY | remaining=92.2 % | voltage=16.06 V | drain_rate=0.041 %/s | home_distance=6.0 m | return_time=10 s | return_cost=0.4 % | margin_after_return=71.7 %
[INFO] [1790277228.172417531] [sage_energy_monitor]: ENERGY | remaining=92.1 % | voltage=16.06 V | drain_rate=0.041 %/s | home_distance=4.3 m | return_time=9 s | return_cost=0.4 % | margin_after_return=71.8 %
[INFO] [1790277229.167473580] [sage_energy_monitor]: ENERGY | remaining=92.1 % | voltage=16.06 V | drain_rate=0.041 %/s | home_distance=3.4 m | return_time=8 s | return_cost=0.3 % | margin_after_return=71.8 %
[INFO] [1790277230.174241890] [sage_energy_monitor]: ENERGY | remaining=92.0 % | voltage=16.06 V | drain_rate=0.041 %/s | home_distance=3.3 m | return_time=8 s | return_cost=0.3 % | margin_after_return=71.7 %
[INFO] [1790277231.168953335] [sage_energy_monitor]: ENERGY | remaining=92.0 % | voltage=16.05 V | drain_rate=0.041 %/s | home_distance=3.2 m | return_time=7 s | return_cost=0.3 % | margin_after_return=71.7 %
[INFO] [1790277232.170183650] [sage_energy_monitor]: ENERGY | remaining=92.0 % | voltage=16.05 V | drain_rate=0.041 %/s | home_distance=4.1 m | return_time=8 s | return_cost=0.4 % | margin_after_return=71.6 %
[INFO] [1790277233.171021241] [sage_energy_monitor]: ENERGY | remaining=91.9 % | voltage=16.05 V | drain_rate=0.042 %/s | home_distance=6.4 m | return_time=11 s | return_cost=0.4 % | margin_after_return=71.5 %
[INFO] [1790277234.167319744] [sage_energy_monitor]: ENERGY | remaining=91.9 % | voltage=16.05 V | drain_rate=0.042 %/s | home_distance=8.6 m | return_time=13 s | return_cost=0.5 % | margin_after_return=71.3 %
[INFO] [1790277235.171218380] [sage_energy_monitor]: ENERGY | remaining=91.8 % | voltage=16.05 V | drain_rate=0.042 %/s | home_distance=10.3 m | return_time=15 s | return_cost=0.6 % | margin_after_return=71.2 %
[INFO] [1790277236.167430088] [sage_energy_monitor]: ENERGY | remaining=91.8 % | voltage=16.05 V | drain_rate=0.042 %/s | home_distance=11.0 m | return_time=15 s | return_cost=0.6 % | margin_after_return=71.2 %
[INFO] [1790277237.172736643] [sage_energy_monitor]: ENERGY | remaining=91.7 % | voltage=16.05 V | drain_rate=0.042 %/s | home_distance=11.1 m | return_time=15 s | return_cost=0.6 % | margin_after_return=71.1 %
[INFO] [1790277238.170267074] [sage_energy_monitor]: ENERGY | remaining=91.7 % | voltage=16.05 V | drain_rate=0.042 %/s | home_distance=10.0 m | return_time=14 s | return_cost=0.6 % | margin_after_return=71.1 %
[INFO] [1790277239.179763554] [sage_energy_monitor]: ENERGY | remaining=91.7 % | voltage=16.05 V | drain_rate=0.042 %/s | home_distance=8.5 m | return_time=12 s | return_cost=0.5 % | margin_after_return=71.1 %
[INFO] [1790277240.170003858] [sage_energy_monitor]: ENERGY | remaining=91.6 % | voltage=16.05 V | drain_rate=0.042 %/s | home_distance=7.5 m | return_time=11 s | return_cost=0.5 % | margin_after_return=71.2 %
[INFO] [1790277241.167541175] [sage_energy_monitor]: ENERGY | remaining=91.6 % | voltage=16.05 V | drain_rate=0.041 %/s | home_distance=7.1 m | return_time=11 s | return_cost=0.5 % | margin_after_return=71.1 %
[INFO] [1790277242.169244727] [sage_energy_monitor]: ENERGY | remaining=91.5 % | voltage=16.05 V | drain_rate=0.041 %/s | home_distance=7.0 m | return_time=11 s | return_cost=0.5 % | margin_after_return=71.1 %
[INFO] [1790277243.167521008] [sage_energy_monitor]: ENERGY | remaining=91.5 % | voltage=16.05 V | drain_rate=0.042 %/s | home_distance=7.0 m | return_time=11 s | return_cost=0.5 % | margin_after_return=71.0 %
[INFO] [1790277244.175768815] [sage_energy_monitor]: ENERGY | remaining=91.5 % | voltage=16.05 V | drain_rate=0.042 %/s | home_distance=7.3 m | return_time=11 s | return_cost=0.5 % | margin_after_return=71.0 %
[INFO] [1790277245.174633970] [sage_energy_monitor]: ENERGY | remaining=91.4 % | voltage=16.04 V | drain_rate=0.042 %/s | home_distance=8.6 m | return_time=13 s | return_cost=0.5 % | margin_after_return=70.9 %
[INFO] [1790277246.170299888] [sage_energy_monitor]: ENERGY | remaining=91.4 % | voltage=16.04 V | drain_rate=0.042 %/s | home_distance=10.0 m | return_time=14 s | return_cost=0.6 % | margin_after_return=70.8 %
[INFO] [1790277247.167796235] [sage_energy_monitor]: ENERGY | remaining=91.3 % | voltage=16.04 V | drain_rate=0.042 %/s | home_distance=10.5 m | return_time=15 s | return_cost=0.6 % | margin_after_return=70.7 %
[INFO] [1790277248.169834847] [sage_energy_monitor]: ENERGY | remaining=91.3 % | voltage=16.04 V | drain_rate=0.042 %/s | home_distance=10.7 m | return_time=15 s | return_cost=0.6 % | margin_after_return=70.7 %
[INFO] [1790277249.170465718] [sage_energy_monitor]: ENERGY | remaining=91.3 % | voltage=16.04 V | drain_rate=0.042 %/s | home_distance=11.0 m | return_time=15 s | return_cost=0.6 % | margin_after_return=70.6 %
[INFO] [1790277250.171418491] [sage_energy_monitor]: ENERGY | remaining=91.2 % | voltage=16.04 V | drain_rate=0.042 %/s | home_distance=11.6 m | return_time=16 s | return_cost=0.7 % | margin_after_return=70.6 %
[INFO] [1790277251.168552422] [sage_energy_monitor]: ENERGY | remaining=91.2 % | voltage=16.04 V | drain_rate=0.041 %/s | home_distance=12.0 m | return_time=16 s | return_cost=0.7 % | margin_after_return=70.5 %
[INFO] [1790277252.169985292] [sage_energy_monitor]: ENERGY | remaining=91.1 % | voltage=16.04 V | drain_rate=0.042 %/s | home_distance=12.1 m | return_time=16 s | return_cost=0.7 % | margin_after_return=70.5 %
[INFO] [1790277253.172099697] [sage_energy_monitor]: ENERGY | remaining=91.1 % | voltage=16.04 V | drain_rate=0.041 %/s | home_distance=12.0 m | return_time=16 s | return_cost=0.7 % | margin_after_return=70.4 %
[INFO] [1790277254.167440869] [sage_energy_monitor]: ENERGY | remaining=91.0 % | voltage=16.04 V | drain_rate=0.042 %/s | home_distance=11.9 m | return_time=16 s | return_cost=0.7 % | margin_after_return=70.4 %
[INFO] [1790277255.167634850] [sage_energy_monitor]: ENERGY | remaining=91.0 % | voltage=16.04 V | drain_rate=0.042 %/s | home_distance=11.9 m | return_time=16 s | return_cost=0.7 % | margin_after_return=70.3 %
[INFO] [1790277256.168314368] [sage_energy_monitor]: ENERGY | remaining=91.0 % | voltage=16.04 V | drain_rate=0.042 %/s | home_distance=12.0 m | return_time=16 s | return_cost=0.7 % | margin_after_return=70.3 %
[INFO] [1790277257.167508117] [sage_energy_monitor]: ENERGY | remaining=90.9 % | voltage=16.04 V | drain_rate=0.042 %/s | home_distance=12.1 m | return_time=16 s | return_cost=0.7 % | margin_after_return=70.3 %
[INFO] [1790277258.169332474] [sage_energy_monitor]: ENERGY | remaining=90.9 % | voltage=16.03 V | drain_rate=0.041 %/s | home_distance=12.1 m | return_time=16 s | return_cost=0.7 % | margin_after_return=70.2 %
[INFO] [1790277259.170835157] [sage_energy_monitor]: ENERGY | remaining=90.8 % | voltage=16.03 V | drain_rate=0.041 %/s | home_distance=11.9 m | return_time=16 s | return_cost=0.7 % | margin_after_return=70.2 %
[INFO] [1790277260.168415020] [sage_energy_monitor]: ENERGY | remaining=90.8 % | voltage=16.03 V | drain_rate=0.041 %/s | home_distance=11.2 m | return_time=15 s | return_cost=0.6 % | margin_after_return=70.2 %
[INFO] [1790277261.170391607] [sage_energy_monitor]: ENERGY | remaining=90.8 % | voltage=16.03 V | drain_rate=0.041 %/s | home_distance=10.8 m | return_time=15 s | return_cost=0.6 % | margin_after_return=70.1 %
[INFO] [1790277262.167305134] [sage_energy_monitor]: ENERGY | remaining=90.7 % | voltage=16.03 V | drain_rate=0.041 %/s | home_distance=10.6 m | return_time=15 s | return_cost=0.6 % | margin_after_return=70.1 %
[INFO] [1790277263.169003849] [sage_energy_monitor]: ENERGY | remaining=90.7 % | voltage=16.03 V | drain_rate=0.041 %/s | home_distance=10.6 m | return_time=15 s | return_cost=0.6 % | margin_after_return=70.1 %
[INFO] [1790277264.173246480] [sage_energy_monitor]: ENERGY | remaining=90.6 % | voltage=16.03 V | drain_rate=0.041 %/s | home_distance=10.9 m | return_time=15 s | return_cost=0.6 % | margin_after_return=70.0 %
[INFO] [1790277265.168300186] [sage_energy_monitor]: ENERGY | remaining=90.6 % | voltage=16.03 V | drain_rate=0.041 %/s | home_distance=11.4 m | return_time=15 s | return_cost=0.6 % | margin_after_return=70.0 %
[INFO] [1790277266.168884132] [sage_energy_monitor]: ENERGY | remaining=90.6 % | voltage=16.03 V | drain_rate=0.041 %/s | home_distance=12.0 m | return_time=16 s | return_cost=0.7 % | margin_after_return=69.9 %
[INFO] [1790277267.167263932] [sage_energy_monitor]: ENERGY | remaining=90.5 % | voltage=16.03 V | drain_rate=0.041 %/s | home_distance=12.3 m | return_time=16 s | return_cost=0.7 % | margin_after_return=69.8 %
[INFO] [1790277268.171156621] [sage_energy_monitor]: ENERGY | remaining=90.5 % | voltage=16.03 V | drain_rate=0.041 %/s | home_distance=12.6 m | return_time=17 s | return_cost=0.7 % | margin_after_return=69.8 %
[INFO] [1790277269.178339931] [sage_energy_monitor]: ENERGY | remaining=90.4 % | voltage=16.03 V | drain_rate=0.041 %/s | home_distance=13.1 m | return_time=17 s | return_cost=0.7 % | margin_after_return=69.7 %
[INFO] [1790277270.171561937] [sage_energy_monitor]: ENERGY | remaining=90.4 % | voltage=16.03 V | drain_rate=0.041 %/s | home_distance=13.4 m | return_time=17 s | return_cost=0.7 % | margin_after_return=69.7 %
[INFO] [1790277271.170177055] [sage_energy_monitor]: ENERGY | remaining=90.3 % | voltage=16.03 V | drain_rate=0.041 %/s | home_distance=13.4 m | return_time=17 s | return_cost=0.7 % | margin_after_return=69.6 %
[INFO] [1790277272.167643090] [sage_energy_monitor]: ENERGY | remaining=90.3 % | voltage=16.02 V | drain_rate=0.041 %/s | home_distance=13.4 m | return_time=17 s | return_cost=0.7 % | margin_after_return=69.6 %
[INFO] [1790277273.170076053] [sage_energy_monitor]: ENERGY | remaining=90.3 % | voltage=16.02 V | drain_rate=0.041 %/s | home_distance=12.7 m | return_time=16 s | return_cost=0.7 % | margin_after_return=69.6 %
[INFO] [1790277274.172589814] [sage_energy_monitor]: ENERGY | remaining=90.2 % | voltage=16.02 V | drain_rate=0.041 %/s | home_distance=12.3 m | return_time=16 s | return_cost=0.6 % | margin_after_return=69.6 %
[INFO] [1790277275.178673606] [sage_energy_monitor]: ENERGY | remaining=90.2 % | voltage=16.02 V | drain_rate=0.041 %/s | home_distance=12.4 m | return_time=16 s | return_cost=0.7 % | margin_after_return=69.5 %
[INFO] [1790277276.176251727] [sage_energy_monitor]: ENERGY | remaining=90.1 % | voltage=16.02 V | drain_rate=0.041 %/s | home_distance=12.7 m | return_time=17 s | return_cost=0.7 % | margin_after_return=69.4 %
[INFO] [1790277277.168919539] [sage_energy_monitor]: ENERGY | remaining=90.1 % | voltage=16.02 V | drain_rate=0.041 %/s | home_distance=13.1 m | return_time=17 s | return_cost=0.7 % | margin_after_return=69.4 %
[INFO] [1790277278.169042558] [sage_energy_monitor]: ENERGY | remaining=90.1 % | voltage=16.02 V | drain_rate=0.041 %/s | home_distance=13.4 m | return_time=18 s | return_cost=0.7 % | margin_after_return=69.3 %
[INFO] [1790277279.172156641] [sage_energy_monitor]: ENERGY | remaining=90.0 % | voltage=16.02 V | drain_rate=0.041 %/s | home_distance=12.8 m | return_time=17 s | return_cost=0.7 % | margin_after_return=69.3 %
[INFO] [1790277280.170891526] [sage_energy_monitor]: ENERGY | remaining=90.0 % | voltage=16.02 V | drain_rate=0.041 %/s | home_distance=11.9 m | return_time=16 s | return_cost=0.7 % | margin_after_return=69.3 %
[INFO] [1790277281.171620834] [sage_energy_monitor]: ENERGY | remaining=89.9 % | voltage=16.02 V | drain_rate=0.041 %/s | home_distance=11.6 m | return_time=16 s | return_cost=0.7 % | margin_after_return=69.3 %
[INFO] [1790277282.171876190] [sage_energy_monitor]: ENERGY | remaining=89.9 % | voltage=16.02 V | drain_rate=0.041 %/s | home_distance=11.5 m | return_time=16 s | return_cost=0.7 % | margin_after_return=69.2 %
[INFO] [1790277283.170192108] [sage_energy_monitor]: ENERGY | remaining=89.8 % | voltage=16.02 V | drain_rate=0.041 %/s | home_distance=11.0 m | return_time=15 s | return_cost=0.6 % | margin_after_return=69.2 %
[INFO] [1790277284.177443557] [sage_energy_monitor]: ENERGY | remaining=89.8 % | voltage=16.02 V | drain_rate=0.041 %/s | home_distance=10.6 m | return_time=15 s | return_cost=0.6 % | margin_after_return=69.2 %
[INFO] [1790277285.178540165] [sage_energy_monitor]: ENERGY | remaining=89.8 % | voltage=16.01 V | drain_rate=0.041 %/s | home_distance=10.2 m | return_time=14 s | return_cost=0.6 % | margin_after_return=69.2 %
[INFO] [1790277286.170207360] [sage_energy_monitor]: ENERGY | remaining=89.7 % | voltage=16.01 V | drain_rate=0.041 %/s | home_distance=10.0 m | return_time=14 s | return_cost=0.6 % | margin_after_return=69.1 %
[INFO] [1790277287.167497823] [sage_energy_monitor]: ENERGY | remaining=89.7 % | voltage=16.01 V | drain_rate=0.041 %/s | home_distance=9.6 m | return_time=14 s | return_cost=0.6 % | margin_after_return=69.1 %
[INFO] [1790277288.167200114] [sage_energy_monitor]: ENERGY | remaining=89.6 % | voltage=16.01 V | drain_rate=0.041 %/s | home_distance=9.4 m | return_time=13 s | return_cost=0.6 % | margin_after_return=69.1 %
[INFO] [1790277289.169810810] [sage_energy_monitor]: ENERGY | remaining=89.6 % | voltage=16.01 V | drain_rate=0.041 %/s | home_distance=9.9 m | return_time=14 s | return_cost=0.6 % | margin_after_return=69.0 %
[INFO] [1790277290.168790761] [sage_energy_monitor]: ENERGY | remaining=89.6 % | voltage=16.01 V | drain_rate=0.042 %/s | home_distance=10.5 m | return_time=15 s | return_cost=0.6 % | margin_after_return=69.0 %
[INFO] [1790277291.172600515] [sage_energy_monitor]: ENERGY | remaining=89.5 % | voltage=16.01 V | drain_rate=0.042 %/s | home_distance=10.7 m | return_time=15 s | return_cost=0.6 % | margin_after_return=68.9 %
[INFO] [1790277292.168418703] [sage_energy_monitor]: ENERGY | remaining=89.5 % | voltage=16.01 V | drain_rate=0.042 %/s | home_distance=10.8 m | return_time=15 s | return_cost=0.6 % | margin_after_return=68.9 %
[INFO] [1790277293.173373408] [sage_energy_monitor]: ENERGY | remaining=89.4 % | voltage=16.01 V | drain_rate=0.041 %/s | home_distance=11.0 m | return_time=15 s | return_cost=0.6 % | margin_after_return=68.8 %
[INFO] [1790277294.179184966] [sage_energy_monitor]: ENERGY | remaining=89.4 % | voltage=16.01 V | drain_rate=0.041 %/s | home_distance=11.4 m | return_time=15 s | return_cost=0.6 % | margin_after_return=68.8 %
[INFO] [1790277295.174528511] [sage_energy_monitor]: ENERGY | remaining=89.4 % | voltage=16.01 V | drain_rate=0.041 %/s | home_distance=11.9 m | return_time=16 s | return_cost=0.7 % | margin_after_return=68.7 %
[INFO] [1790277296.168004510] [sage_energy_monitor]: ENERGY | remaining=89.3 % | voltage=16.01 V | drain_rate=0.041 %/s | home_distance=12.2 m | return_time=16 s | return_cost=0.7 % | margin_after_return=68.6 %
[INFO] [1790277297.174016519] [sage_energy_monitor]: ENERGY | remaining=89.3 % | voltage=16.01 V | drain_rate=0.041 %/s | home_distance=12.3 m | return_time=16 s | return_cost=0.7 % | margin_after_return=68.6 %
[INFO] [1790277298.170534895] [sage_energy_monitor]: ENERGY | remaining=89.2 % | voltage=16.01 V | drain_rate=0.041 %/s | home_distance=12.2 m | return_time=16 s | return_cost=0.7 % | margin_after_return=68.6 %
[INFO] [1790277299.169275972] [sage_energy_monitor]: ENERGY | remaining=89.2 % | voltage=16.00 V | drain_rate=0.041 %/s | home_distance=12.1 m | return_time=16 s | return_cost=0.7 % | margin_after_return=68.5 %
[INFO] [1790277300.173464744] [sage_energy_monitor]: ENERGY | remaining=89.2 % | voltage=16.00 V | drain_rate=0.041 %/s | home_distance=12.0 m | return_time=16 s | return_cost=0.7 % | margin_after_return=68.5 %
[INFO] [1790277301.176065077] [sage_energy_monitor]: ENERGY | remaining=89.1 % | voltage=16.00 V | drain_rate=0.041 %/s | home_distance=12.0 m | return_time=16 s | return_cost=0.7 % | margin_after_return=68.5 %
[INFO] [1790277302.190713744] [sage_energy_monitor]: ENERGY | remaining=89.1 % | voltage=16.00 V | drain_rate=0.041 %/s | home_distance=12.0 m | return_time=16 s | return_cost=0.7 % | margin_after_return=68.4 %
[INFO] [1790277303.168057983] [sage_energy_monitor]: ENERGY | remaining=89.0 % | voltage=16.00 V | drain_rate=0.041 %/s | home_distance=12.0 m | return_time=16 s | return_cost=0.7 % | margin_after_return=68.4 %
[INFO] [1790277304.170944219] [sage_energy_monitor]: ENERGY | remaining=89.0 % | voltage=16.00 V | drain_rate=0.041 %/s | home_distance=12.1 m | return_time=16 s | return_cost=0.7 % | margin_after_return=68.3 %
[INFO] [1790277305.170822821] [sage_energy_monitor]: ENERGY | remaining=88.9 % | voltage=16.00 V | drain_rate=0.041 %/s | home_distance=11.6 m | return_time=16 s | return_cost=0.6 % | margin_after_return=68.3 %
[INFO] [1790277306.170234394] [sage_energy_monitor]: ENERGY | remaining=88.9 % | voltage=16.00 V | drain_rate=0.041 %/s | home_distance=10.9 m | return_time=15 s | return_cost=0.6 % | margin_after_return=68.3 %
[INFO] [1790277307.167551221] [sage_energy_monitor]: ENERGY | remaining=88.9 % | voltage=16.00 V | drain_rate=0.041 %/s | home_distance=10.6 m | return_time=15 s | return_cost=0.6 % | margin_after_return=68.3 %
[INFO] [1790277308.169882835] [sage_energy_monitor]: ENERGY | remaining=88.8 % | voltage=16.00 V | drain_rate=0.041 %/s | home_distance=10.3 m | return_time=14 s | return_cost=0.6 % | margin_after_return=68.2 %
[INFO] [1790277309.170455216] [sage_energy_monitor]: ENERGY | remaining=88.8 % | voltage=16.00 V | drain_rate=0.041 %/s | home_distance=10.1 m | return_time=14 s | return_cost=0.6 % | margin_after_return=68.2 %
[INFO] [1790277310.167978792] [sage_energy_monitor]: ENERGY | remaining=88.7 % | voltage=16.00 V | drain_rate=0.041 %/s | home_distance=10.0 m | return_time=14 s | return_cost=0.6 % | margin_after_return=68.2 %
[INFO] [1790277311.170173993] [sage_energy_monitor]: ENERGY | remaining=88.7 % | voltage=16.00 V | drain_rate=0.041 %/s | home_distance=10.0 m | return_time=14 s | return_cost=0.6 % | margin_after_return=68.1 %
[INFO] [1790277312.172832296] [sage_energy_monitor]: ENERGY | remaining=88.7 % | voltage=15.99 V | drain_rate=0.041 %/s | home_distance=10.0 m | return_time=14 s | return_cost=0.6 % | margin_after_return=68.1 %
[INFO] [1790277313.168663133] [sage_energy_monitor]: ENERGY | remaining=88.6 % | voltage=15.99 V | drain_rate=0.041 %/s | home_distance=10.0 m | return_time=14 s | return_cost=0.6 % | margin_after_return=68.0 %
[INFO] [1790277314.175546169] [sage_energy_monitor]: ENERGY | remaining=88.6 % | voltage=15.99 V | drain_rate=0.041 %/s | home_distance=9.9 m | return_time=14 s | return_cost=0.6 % | margin_after_return=68.0 %
[INFO] [1790277315.168623591] [sage_energy_monitor]: ENERGY | remaining=88.5 % | voltage=15.99 V | drain_rate=0.041 %/s | home_distance=9.9 m | return_time=14 s | return_cost=0.6 % | margin_after_return=68.0 %
[INFO] [1790277316.170043036] [sage_energy_monitor]: ENERGY | remaining=88.5 % | voltage=15.99 V | drain_rate=0.041 %/s | home_distance=10.0 m | return_time=14 s | return_cost=0.6 % | margin_after_return=67.9 %
[INFO] [1790277317.167790175] [sage_energy_monitor]: ENERGY | remaining=88.4 % | voltage=15.99 V | drain_rate=0.041 %/s | home_distance=10.0 m | return_time=14 s | return_cost=0.6 % | margin_after_return=67.9 %
[INFO] [1790277318.168575785] [sage_energy_monitor]: ENERGY | remaining=88.4 % | voltage=15.99 V | drain_rate=0.041 %/s | home_distance=10.3 m | return_time=14 s | return_cost=0.6 % | margin_after_return=67.8 %
[INFO] [1790277319.176804420] [sage_energy_monitor]: ENERGY | remaining=88.4 % | voltage=15.99 V | drain_rate=0.041 %/s | home_distance=11.5 m | return_time=16 s | return_cost=0.6 % | margin_after_return=67.7 %
[INFO] [1790277320.167367614] [sage_energy_monitor]: ENERGY | remaining=88.3 % | voltage=15.99 V | drain_rate=0.041 %/s | home_distance=12.7 m | return_time=17 s | return_cost=0.7 % | margin_after_return=67.6 %
[INFO] [1790277321.167585078] [sage_energy_monitor]: ENERGY | remaining=88.3 % | voltage=15.99 V | drain_rate=0.041 %/s | home_distance=13.3 m | return_time=17 s | return_cost=0.7 % | margin_after_return=67.6 %
[INFO] [1790277322.168215312] [sage_energy_monitor]: ENERGY | remaining=88.2 % | voltage=15.99 V | drain_rate=0.041 %/s | home_distance=13.7 m | return_time=18 s | return_cost=0.7 % | margin_after_return=67.5 %
[INFO] [1790277323.171145496] [sage_energy_monitor]: ENERGY | remaining=88.2 % | voltage=15.99 V | drain_rate=0.041 %/s | home_distance=13.5 m | return_time=18 s | return_cost=0.7 % | margin_after_return=67.5 %
[INFO] [1790277324.171822959] [sage_energy_monitor]: ENERGY | remaining=88.1 % | voltage=15.99 V | drain_rate=0.042 %/s | home_distance=11.9 m | return_time=16 s | return_cost=0.7 % | margin_after_return=67.5 %
[INFO] [1790277325.172041131] [sage_energy_monitor]: ENERGY | remaining=88.1 % | voltage=15.98 V | drain_rate=0.042 %/s | home_distance=9.8 m | return_time=14 s | return_cost=0.6 % | margin_after_return=67.5 %
[INFO] [1790277326.169758807] [sage_energy_monitor]: ENERGY | remaining=88.1 % | voltage=15.98 V | drain_rate=0.042 %/s | home_distance=7.6 m | return_time=11 s | return_cost=0.5 % | margin_after_return=67.6 %
[INFO] [1790277327.175838115] [sage_energy_monitor]: ENERGY | remaining=88.0 % | voltage=15.98 V | drain_rate=0.042 %/s | home_distance=5.6 m | return_time=9 s | return_cost=0.4 % | margin_after_return=67.6 %
[INFO] [1790277328.180171664] [sage_energy_monitor]: ENERGY | remaining=88.0 % | voltage=15.98 V | drain_rate=0.042 %/s | home_distance=4.5 m | return_time=8 s | return_cost=0.4 % | margin_after_return=67.6 %
[INFO] [1790277329.169521878] [sage_energy_monitor]: ENERGY | remaining=87.9 % | voltage=15.98 V | drain_rate=0.042 %/s | home_distance=4.1 m | return_time=8 s | return_cost=0.3 % | margin_after_return=67.6 %
[INFO] [1790277330.167631821] [sage_energy_monitor]: ENERGY | remaining=87.9 % | voltage=15.98 V | drain_rate=0.042 %/s | home_distance=4.5 m | return_time=9 s | return_cost=0.4 % | margin_after_return=67.5 %
[INFO] [1790277331.169984577] [sage_energy_monitor]: ENERGY | remaining=87.9 % | voltage=15.98 V | drain_rate=0.042 %/s | home_distance=5.2 m | return_time=9 s | return_cost=0.4 % | margin_after_return=67.5 %
[INFO] [1790277332.167861376] [sage_energy_monitor]: ENERGY | remaining=87.8 % | voltage=15.98 V | drain_rate=0.042 %/s | home_distance=5.5 m | return_time=9 s | return_cost=0.4 % | margin_after_return=67.4 %
[INFO] [1790277333.175671785] [sage_energy_monitor]: ENERGY | remaining=87.8 % | voltage=15.98 V | drain_rate=0.042 %/s | home_distance=5.9 m | return_time=10 s | return_cost=0.4 % | margin_after_return=67.4 %
[INFO] [1790277334.168807558] [sage_energy_monitor]: ENERGY | remaining=87.7 % | voltage=15.98 V | drain_rate=0.042 %/s | home_distance=7.6 m | return_time=12 s | return_cost=0.5 % | margin_after_return=67.2 %
[INFO] [1790277335.172207599] [sage_energy_monitor]: ENERGY | remaining=87.7 % | voltage=15.98 V | drain_rate=0.042 %/s | home_distance=8.8 m | return_time=13 s | return_cost=0.5 % | margin_after_return=67.2 %
[INFO] [1790277336.168965649] [sage_energy_monitor]: ENERGY | remaining=87.7 % | voltage=15.98 V | drain_rate=0.042 %/s | home_distance=9.2 m | return_time=13 s | return_cost=0.5 % | margin_after_return=67.1 %
[INFO] [1790277337.178667687] [sage_energy_monitor]: ENERGY | remaining=87.6 % | voltage=15.98 V | drain_rate=0.042 %/s | home_distance=8.9 m | return_time=13 s | return_cost=0.5 % | margin_after_return=67.1 %
[INFO] [1790277338.177250549] [sage_energy_monitor]: ENERGY | remaining=87.6 % | voltage=15.98 V | drain_rate=0.042 %/s | home_distance=8.8 m | return_time=13 s | return_cost=0.5 % | margin_after_return=67.0 %
[INFO] [1790277339.171565497] [sage_energy_monitor]: ENERGY | remaining=87.5 % | voltage=15.97 V | drain_rate=0.042 %/s | home_distance=9.0 m | return_time=13 s | return_cost=0.5 % | margin_after_return=67.0 %
[INFO] [1790277340.171106046] [sage_energy_monitor]: ENERGY | remaining=87.5 % | voltage=15.97 V | drain_rate=0.042 %/s | home_distance=9.0 m | return_time=13 s | return_cost=0.5 % | margin_after_return=67.0 %
[INFO] [1790277341.167239825] [sage_energy_monitor]: ENERGY | remaining=87.4 % | voltage=15.97 V | drain_rate=0.041 %/s | home_distance=9.0 m | return_time=13 s | return_cost=0.5 % | margin_after_return=66.9 %
[INFO] [1790277342.174101978] [sage_energy_monitor]: ENERGY | remaining=87.4 % | voltage=15.97 V | drain_rate=0.041 %/s | home_distance=9.2 m | return_time=13 s | return_cost=0.6 % | margin_after_return=66.9 %
[INFO] [1790277343.168978330] [sage_energy_monitor]: ENERGY | remaining=87.4 % | voltage=15.97 V | drain_rate=0.041 %/s | home_distance=9.2 m | return_time=13 s | return_cost=0.6 % | margin_after_return=66.8 %
[INFO] [1790277344.174056375] [sage_energy_monitor]: ENERGY | remaining=87.3 % | voltage=15.97 V | drain_rate=0.041 %/s | home_distance=8.1 m | return_time=12 s | return_cost=0.5 % | margin_after_return=66.8 %
[INFO] [1790277345.167371252] [sage_energy_monitor]: ENERGY | remaining=87.3 % | voltage=15.97 V | drain_rate=0.041 %/s | home_distance=6.2 m | return_time=10 s | return_cost=0.4 % | margin_after_return=66.9 %
[INFO] [1790277346.169183282] [sage_energy_monitor]: ENERGY | remaining=87.2 % | voltage=15.97 V | drain_rate=0.041 %/s | home_distance=7.0 m | return_time=11 s | return_cost=0.5 % | margin_after_return=66.8 %
[INFO] [1790277347.167479200] [sage_energy_monitor]: ENERGY | remaining=87.2 % | voltage=15.97 V | drain_rate=0.041 %/s | home_distance=8.7 m | return_time=13 s | return_cost=0.5 % | margin_after_return=66.7 %
[INFO] [1790277348.176525566] [sage_energy_monitor]: ENERGY | remaining=87.2 % | voltage=15.97 V | drain_rate=0.041 %/s | home_distance=9.3 m | return_time=14 s | return_cost=0.6 % | margin_after_return=66.6 %
[INFO] [1790277349.169173846] [sage_energy_monitor]: ENERGY | remaining=87.1 % | voltage=15.97 V | drain_rate=0.041 %/s | home_distance=8.8 m | return_time=13 s | return_cost=0.5 % | margin_after_return=66.6 %
[INFO] [1790277350.180799237] [sage_energy_monitor]: ENERGY | remaining=87.1 % | voltage=15.97 V | drain_rate=0.041 %/s | home_distance=6.4 m | return_time=10 s | return_cost=0.4 % | margin_after_return=66.6 %
[INFO] [1790277351.167541086] [sage_energy_monitor]: ENERGY | remaining=87.0 % | voltage=15.97 V | drain_rate=0.041 %/s | home_distance=4.3 m | return_time=8 s | return_cost=0.3 % | margin_after_return=66.7 %
[INFO] [1790277352.167648795] [sage_energy_monitor]: ENERGY | remaining=87.0 % | voltage=15.96 V | drain_rate=0.041 %/s | home_distance=2.9 m | return_time=7 s | return_cost=0.3 % | margin_after_return=66.7 %
[INFO] [1790277353.169764706] [sage_energy_monitor]: ENERGY | remaining=87.0 % | voltage=15.96 V | drain_rate=0.041 %/s | home_distance=2.7 m | return_time=7 s | return_cost=0.3 % | margin_after_return=66.7 %
[INFO] [1790277354.169370845] [sage_energy_monitor]: ENERGY | remaining=86.9 % | voltage=15.96 V | drain_rate=0.041 %/s | home_distance=2.4 m | return_time=6 s | return_cost=0.3 % | margin_after_return=66.7 %
[INFO] [1790277355.171658074] [sage_energy_monitor]: ENERGY | remaining=86.9 % | voltage=15.96 V | drain_rate=0.041 %/s | home_distance=1.6 m | return_time=6 s | return_cost=0.2 % | margin_after_return=66.6 %
[INFO] [1790277356.173893050] [sage_energy_monitor]: ENERGY | remaining=86.8 % | voltage=15.96 V | drain_rate=0.041 %/s | home_distance=2.1 m | return_time=6 s | return_cost=0.3 % | margin_after_return=66.6 %
[INFO] [1790277357.167748709] [sage_energy_monitor]: ENERGY | remaining=86.8 % | voltage=15.96 V | drain_rate=0.041 %/s | home_distance=2.4 m | return_time=7 s | return_cost=0.3 % | margin_after_return=66.5 %
[INFO] [1790277358.167822003] [sage_energy_monitor]: ENERGY | remaining=86.7 % | voltage=15.96 V | drain_rate=0.041 %/s | home_distance=2.4 m | return_time=6 s | return_cost=0.3 % | margin_after_return=66.5 %
[INFO] [1790277359.168273155] [sage_energy_monitor]: ENERGY | remaining=86.7 % | voltage=15.96 V | drain_rate=0.041 %/s | home_distance=2.6 m | return_time=7 s | return_cost=0.3 % | margin_after_return=66.4 %
[INFO] [1790277360.170570194] [sage_energy_monitor]: ENERGY | remaining=86.7 % | voltage=15.96 V | drain_rate=0.041 %/s | home_distance=4.0 m | return_time=8 s | return_cost=0.3 % | margin_after_return=66.3 %
[INFO] [1790277361.179371501] [sage_energy_monitor]: ENERGY | remaining=86.6 % | voltage=15.96 V | drain_rate=0.041 %/s | home_distance=4.4 m | return_time=8 s | return_cost=0.3 % | margin_after_return=66.3 %
[INFO] [1790277362.167880596] [sage_energy_monitor]: ENERGY | remaining=86.6 % | voltage=15.96 V | drain_rate=0.041 %/s | home_distance=2.9 m | return_time=7 s | return_cost=0.3 % | margin_after_return=66.3 %
[INFO] [1790277363.168653916] [sage_energy_monitor]: ENERGY | remaining=86.5 % | voltage=15.96 V | drain_rate=0.041 %/s | home_distance=1.1 m | return_time=5 s | return_cost=0.2 % | margin_after_return=66.3 %
[INFO] [1790277364.173794812] [sage_energy_monitor]: ENERGY | remaining=86.5 % | voltage=15.96 V | drain_rate=0.041 %/s | home_distance=1.1 m | return_time=5 s | return_cost=0.2 % | margin_after_return=66.3 %
[INFO] [1790277365.181268084] [sage_energy_monitor]: ENERGY | remaining=86.5 % | voltage=15.96 V | drain_rate=0.041 %/s | home_distance=3.3 m | return_time=7 s | return_cost=0.3 % | margin_after_return=66.2 %
[INFO] [1790277366.169895976] [sage_energy_monitor]: ENERGY | remaining=86.4 % | voltage=15.95 V | drain_rate=0.041 %/s | home_distance=5.3 m | return_time=9 s | return_cost=0.4 % | margin_after_return=66.0 %
[INFO] [1790277367.173778811] [sage_energy_monitor]: ENERGY | remaining=86.4 % | voltage=15.95 V | drain_rate=0.041 %/s | home_distance=6.4 m | return_time=11 s | return_cost=0.4 % | margin_after_return=66.0 %
[INFO] [1790277368.170294485] [sage_energy_monitor]: ENERGY | remaining=86.3 % | voltage=15.95 V | drain_rate=0.041 %/s | home_distance=6.5 m | return_time=10 s | return_cost=0.4 % | margin_after_return=65.9 %
[INFO] [1790277369.168805341] [sage_energy_monitor]: ENERGY | remaining=86.3 % | voltage=15.95 V | drain_rate=0.041 %/s | home_distance=5.6 m | return_time=10 s | return_cost=0.4 % | margin_after_return=65.9 %
[INFO] [1790277370.168110274] [sage_energy_monitor]: ENERGY | remaining=86.3 % | voltage=15.95 V | drain_rate=0.041 %/s | home_distance=5.1 m | return_time=9 s | return_cost=0.4 % | margin_after_return=65.9 %
[INFO] [1790277371.169810885] [sage_energy_monitor]: ENERGY | remaining=86.2 % | voltage=15.95 V | drain_rate=0.041 %/s | home_distance=4.9 m | return_time=9 s | return_cost=0.4 % | margin_after_return=65.9 %
[INFO] [1790277372.171823706] [sage_energy_monitor]: ENERGY | remaining=86.2 % | voltage=15.95 V | drain_rate=0.041 %/s | home_distance=5.4 m | return_time=10 s | return_cost=0.4 % | margin_after_return=65.8 %
[INFO] [1790277373.179323802] [sage_energy_monitor]: ENERGY | remaining=86.1 % | voltage=15.95 V | drain_rate=0.041 %/s | home_distance=5.8 m | return_time=10 s | return_cost=0.4 % | margin_after_return=65.7 %
[INFO] [1790277374.172786512] [sage_energy_monitor]: ENERGY | remaining=86.1 % | voltage=15.95 V | drain_rate=0.041 %/s | home_distance=4.7 m | return_time=9 s | return_cost=0.4 % | margin_after_return=65.7 %
[INFO] [1790277375.170411540] [sage_energy_monitor]: ENERGY | remaining=86.1 % | voltage=15.95 V | drain_rate=0.041 %/s | home_distance=2.7 m | return_time=7 s | return_cost=0.3 % | margin_after_return=65.8 %
[INFO] [1790277376.170189077] [sage_energy_monitor]: ENERGY | remaining=86.0 % | voltage=15.95 V | drain_rate=0.041 %/s | home_distance=0.8 m | return_time=5 s | return_cost=0.2 % | margin_after_return=65.8 %
[INFO] [1790277377.169880581] [sage_energy_monitor]: ENERGY | remaining=86.0 % | voltage=15.95 V | drain_rate=0.041 %/s | home_distance=1.2 m | return_time=5 s | return_cost=0.2 % | margin_after_return=65.8 %
[INFO] [1790277378.170154638] [sage_energy_monitor]: ENERGY | remaining=85.9 % | voltage=15.95 V | drain_rate=0.041 %/s | home_distance=3.1 m | return_time=7 s | return_cost=0.3 % | margin_after_return=65.6 %
[INFO] [1790277379.167332167] [sage_energy_monitor]: ENERGY | remaining=85.9 % | voltage=15.95 V | drain_rate=0.041 %/s | home_distance=4.9 m | return_time=9 s | return_cost=0.4 % | margin_after_return=65.5 %
[INFO] [1790277380.170397407] [sage_energy_monitor]: ENERGY | remaining=85.9 % | voltage=15.94 V | drain_rate=0.041 %/s | home_distance=6.8 m | return_time=11 s | return_cost=0.5 % | margin_after_return=65.4 %
[INFO] [1790277381.167979588] [sage_energy_monitor]: ENERGY | remaining=85.8 % | voltage=15.94 V | drain_rate=0.041 %/s | home_distance=9.0 m | return_time=13 s | return_cost=0.5 % | margin_after_return=65.3 %
[INFO] [1790277382.168195023] [sage_energy_monitor]: ENERGY | remaining=85.8 % | voltage=15.94 V | drain_rate=0.041 %/s | home_distance=11.1 m | return_time=15 s | return_cost=0.6 % | margin_after_return=65.1 %
[INFO] [1790277383.177434082] [sage_energy_monitor]: ENERGY | remaining=85.7 % | voltage=15.94 V | drain_rate=0.041 %/s | home_distance=13.1 m | return_time=17 s | return_cost=0.7 % | margin_after_return=65.0 %
[INFO] [1790277384.176873012] [sage_energy_monitor]: ENERGY | remaining=85.7 % | voltage=15.94 V | drain_rate=0.041 %/s | home_distance=14.4 m | return_time=19 s | return_cost=0.8 % | margin_after_return=64.9 %
[INFO] [1790277385.170964714] [sage_energy_monitor]: ENERGY | remaining=85.6 % | voltage=15.94 V | drain_rate=0.041 %/s | home_distance=15.0 m | return_time=19 s | return_cost=0.8 % | margin_after_return=64.9 %
[INFO] [1790277386.170057040] [sage_energy_monitor]: ENERGY | remaining=85.6 % | voltage=15.94 V | drain_rate=0.041 %/s | home_distance=16.5 m | return_time=21 s | return_cost=0.8 % | margin_after_return=64.8 %
[INFO] [1790277387.169047984] [sage_energy_monitor]: ENERGY | remaining=85.6 % | voltage=15.94 V | drain_rate=0.041 %/s | home_distance=17.7 m | return_time=22 s | return_cost=0.9 % | margin_after_return=64.7 %
[INFO] [1790277388.168675557] [sage_energy_monitor]: ENERGY | remaining=85.5 % | voltage=15.94 V | drain_rate=0.041 %/s | home_distance=17.9 m | return_time=22 s | return_cost=0.9 % | margin_after_return=64.6 %
[INFO] [1790277389.175835099] [sage_energy_monitor]: ENERGY | remaining=85.5 % | voltage=15.94 V | drain_rate=0.041 %/s | home_distance=17.6 m | return_time=22 s | return_cost=0.9 % | margin_after_return=64.6 %
[INFO] [1790277390.176565757] [sage_energy_monitor]: ENERGY | remaining=85.4 % | voltage=15.94 V | drain_rate=0.041 %/s | home_distance=16.5 m | return_time=21 s | return_cost=0.8 % | margin_after_return=64.6 %
[INFO] [1790277391.168951025] [sage_energy_monitor]: ENERGY | remaining=85.4 % | voltage=15.94 V | drain_rate=0.041 %/s | home_distance=15.5 m | return_time=19 s | return_cost=0.8 % | margin_after_return=64.6 %
[INFO] [1790277392.167663520] [sage_energy_monitor]: ENERGY | remaining=85.4 % | voltage=15.94 V | drain_rate=0.041 %/s | home_distance=13.5 m | return_time=18 s | return_cost=0.7 % | margin_after_return=64.6 %
[INFO] [1790277393.170135976] [sage_energy_monitor]: ENERGY | remaining=85.3 % | voltage=15.93 V | drain_rate=0.041 %/s | home_distance=11.5 m | return_time=16 s | return_cost=0.6 % | margin_after_return=64.7 %
[INFO] [1790277394.168081060] [sage_energy_monitor]: ENERGY | remaining=85.3 % | voltage=15.93 V | drain_rate=0.041 %/s | home_distance=10.1 m | return_time=14 s | return_cost=0.6 % | margin_after_return=64.7 %
[INFO] [1790277395.170199384] [sage_energy_monitor]: ENERGY | remaining=85.2 % | voltage=15.93 V | drain_rate=0.041 %/s | home_distance=9.5 m | return_time=14 s | return_cost=0.6 % | margin_after_return=64.7 %
[INFO] [1790277396.168095915] [sage_energy_monitor]: ENERGY | remaining=85.2 % | voltage=15.93 V | drain_rate=0.041 %/s | home_distance=9.4 m | return_time=13 s | return_cost=0.6 % | margin_after_return=64.6 %
[INFO] [1790277397.169233372] [sage_energy_monitor]: ENERGY | remaining=85.2 % | voltage=15.93 V | drain_rate=0.041 %/s | home_distance=9.4 m | return_time=13 s | return_cost=0.6 % | margin_after_return=64.6 %
[INFO] [1790277398.178780201] [sage_energy_monitor]: ENERGY | remaining=85.1 % | voltage=15.93 V | drain_rate=0.041 %/s | home_distance=9.4 m | return_time=13 s | return_cost=0.6 % | margin_after_return=64.6 %
[INFO] [1790277399.169648979] [sage_energy_monitor]: ENERGY | remaining=85.1 % | voltage=15.93 V | drain_rate=0.041 %/s | home_distance=9.4 m | return_time=13 s | return_cost=0.6 % | margin_after_return=64.5 %
[INFO] [1790277400.168490165] [sage_energy_monitor]: ENERGY | remaining=85.0 % | voltage=15.93 V | drain_rate=0.041 %/s | home_distance=9.4 m | return_time=13 s | return_cost=0.6 % | margin_after_return=64.5 %
[INFO] [1790277401.172810746] [sage_energy_monitor]: ENERGY | remaining=85.0 % | voltage=15.93 V | drain_rate=0.041 %/s | home_distance=9.4 m | return_time=13 s | return_cost=0.6 % | margin_after_return=64.4 %
[INFO] [1790277402.169535527] [sage_energy_monitor]: ENERGY | remaining=85.0 % | voltage=15.93 V | drain_rate=0.041 %/s | home_distance=9.4 m | return_time=13 s | return_cost=0.5 % | margin_after_return=64.4 %
[INFO] [1790277403.168585875] [sage_energy_monitor]: ENERGY | remaining=84.9 % | voltage=15.93 V | drain_rate=0.041 %/s | home_distance=9.4 m | return_time=13 s | return_cost=0.5 % | margin_after_return=64.4 %
[INFO] [1790277404.167536527] [sage_energy_monitor]: ENERGY | remaining=84.9 % | voltage=15.93 V | drain_rate=0.041 %/s | home_distance=9.5 m | return_time=13 s | return_cost=0.5 % | margin_after_return=64.3 %
[INFO] [1790277405.173321616] [sage_energy_monitor]: ENERGY | remaining=84.8 % | voltage=15.93 V | drain_rate=0.041 %/s | home_distance=10.2 m | return_time=14 s | return_cost=0.6 % | margin_after_return=64.3 %
[INFO] [1790277406.169034742] [sage_energy_monitor]: ENERGY | remaining=84.8 % | voltage=15.93 V | drain_rate=0.041 %/s | home_distance=11.4 m | return_time=15 s | return_cost=0.6 % | margin_after_return=64.1 %
[INFO] [1790277407.174433035] [sage_energy_monitor]: ENERGY | remaining=84.7 % | voltage=15.92 V | drain_rate=0.041 %/s | home_distance=12.5 m | return_time=17 s | return_cost=0.7 % | margin_after_return=64.1 %
[INFO] [1790277408.167787879] [sage_energy_monitor]: ENERGY | remaining=84.7 % | voltage=15.92 V | drain_rate=0.041 %/s | home_distance=12.9 m | return_time=17 s | return_cost=0.7 % | margin_after_return=64.0 %
[INFO] [1790277409.169434879] [sage_energy_monitor]: ENERGY | remaining=84.7 % | voltage=15.92 V | drain_rate=0.041 %/s | home_distance=13.0 m | return_time=17 s | return_cost=0.7 % | margin_after_return=64.0 %
[INFO] [1790277410.169184197] [sage_energy_monitor]: ENERGY | remaining=84.6 % | voltage=15.92 V | drain_rate=0.041 %/s | home_distance=13.0 m | return_time=17 s | return_cost=0.7 % | margin_after_return=63.9 %
[INFO] [1790277411.170130646] [sage_energy_monitor]: ENERGY | remaining=84.6 % | voltage=15.92 V | drain_rate=0.041 %/s | home_distance=12.9 m | return_time=17 s | return_cost=0.7 % | margin_after_return=63.9 %
[INFO] [1790277412.169161152] [sage_energy_monitor]: ENERGY | remaining=84.5 % | voltage=15.92 V | drain_rate=0.041 %/s | home_distance=12.9 m | return_time=17 s | return_cost=0.7 % | margin_after_return=63.8 %
[INFO] [1790277413.169385054] [sage_energy_monitor]: ENERGY | remaining=84.5 % | voltage=15.92 V | drain_rate=0.041 %/s | home_distance=12.8 m | return_time=17 s | return_cost=0.7 % | margin_after_return=63.8 %
[INFO] [1790277414.168485463] [sage_energy_monitor]: ENERGY | remaining=84.5 % | voltage=15.92 V | drain_rate=0.041 %/s | home_distance=12.8 m | return_time=17 s | return_cost=0.7 % | margin_after_return=63.8 %
[INFO] [1790277415.172322535] [sage_energy_monitor]: ENERGY | remaining=84.4 % | voltage=15.92 V | drain_rate=0.041 %/s | home_distance=12.8 m | return_time=17 s | return_cost=0.7 % | margin_after_return=63.7 %
[INFO] [1790277416.171681085] [sage_energy_monitor]: ENERGY | remaining=84.4 % | voltage=15.92 V | drain_rate=0.041 %/s | home_distance=12.8 m | return_time=17 s | return_cost=0.7 % | margin_after_return=63.7 %
[INFO] [1790277417.169620701] [sage_energy_monitor]: ENERGY | remaining=84.3 % | voltage=15.92 V | drain_rate=0.041 %/s | home_distance=12.0 m | return_time=16 s | return_cost=0.7 % | margin_after_return=63.7 %
[INFO] [1790277418.173749081] [sage_energy_monitor]: ENERGY | remaining=84.3 % | voltage=15.92 V | drain_rate=0.041 %/s | home_distance=10.9 m | return_time=15 s | return_cost=0.6 % | margin_after_return=63.7 %
[INFO] [1790277419.168865153] [sage_energy_monitor]: ENERGY | remaining=84.2 % | voltage=15.92 V | drain_rate=0.041 %/s | home_distance=9.9 m | return_time=14 s | return_cost=0.6 % | margin_after_return=63.7 %
[INFO] [1790277420.168975897] [sage_energy_monitor]: ENERGY | remaining=84.2 % | voltage=15.91 V | drain_rate=0.041 %/s | home_distance=9.6 m | return_time=14 s | return_cost=0.6 % | margin_after_return=63.6 %
[INFO] [1790277421.170487160] [sage_energy_monitor]: ENERGY | remaining=84.2 % | voltage=15.91 V | drain_rate=0.041 %/s | home_distance=9.5 m | return_time=14 s | return_cost=0.6 % | margin_after_return=63.6 %
[INFO] [1790277422.174478932] [sage_energy_monitor]: ENERGY | remaining=84.1 % | voltage=15.91 V | drain_rate=0.041 %/s | home_distance=9.5 m | return_time=14 s | return_cost=0.6 % | margin_after_return=63.6 %
[INFO] [1790277423.178664564] [sage_energy_monitor]: ENERGY | remaining=84.1 % | voltage=15.91 V | drain_rate=0.041 %/s | home_distance=9.5 m | return_time=14 s | return_cost=0.6 % | margin_after_return=63.5 %
[INFO] [1790277424.167559691] [sage_energy_monitor]: ENERGY | remaining=84.0 % | voltage=15.91 V | drain_rate=0.041 %/s | home_distance=9.5 m | return_time=14 s | return_cost=0.6 % | margin_after_return=63.5 %
[INFO] [1790277425.170191545] [sage_energy_monitor]: ENERGY | remaining=84.0 % | voltage=15.91 V | drain_rate=0.041 %/s | home_distance=9.5 m | return_time=14 s | return_cost=0.6 % | margin_after_return=63.4 %
[INFO] [1790277426.169411668] [sage_energy_monitor]: ENERGY | remaining=84.0 % | voltage=15.91 V | drain_rate=0.041 %/s | home_distance=9.5 m | return_time=13 s | return_cost=0.6 % | margin_after_return=63.4 %
[INFO] [1790277427.170833640] [sage_energy_monitor]: ENERGY | remaining=83.9 % | voltage=15.91 V | drain_rate=0.041 %/s | home_distance=9.5 m | return_time=13 s | return_cost=0.6 % | margin_after_return=63.4 %
[INFO] [1790277428.172604283] [sage_energy_monitor]: ENERGY | remaining=83.9 % | voltage=15.91 V | drain_rate=0.041 %/s | home_distance=9.1 m | return_time=13 s | return_cost=0.5 % | margin_after_return=63.4 %
[INFO] [1790277429.171884845] [sage_energy_monitor]: ENERGY | remaining=83.8 % | voltage=15.91 V | drain_rate=0.041 %/s | home_distance=7.3 m | return_time=11 s | return_cost=0.5 % | margin_after_return=63.4 %
[INFO] [1790277430.168008322] [sage_energy_monitor]: ENERGY | remaining=83.8 % | voltage=15.91 V | drain_rate=0.041 %/s | home_distance=5.4 m | return_time=9 s | return_cost=0.4 % | margin_after_return=63.4 %
[INFO] [1790277431.168134640] [sage_energy_monitor]: ENERGY | remaining=83.8 % | voltage=15.91 V | drain_rate=0.041 %/s | home_distance=3.4 m | return_time=7 s | return_cost=0.3 % | margin_after_return=63.5 %
[INFO] [1790277432.167560594] [sage_energy_monitor]: ENERGY | remaining=83.7 % | voltage=15.91 V | drain_rate=0.041 %/s | home_distance=2.0 m | return_time=6 s | return_cost=0.2 % | margin_after_return=63.5 %
[INFO] [1790277433.167713960] [sage_energy_monitor]: ENERGY | remaining=83.7 % | voltage=15.91 V | drain_rate=0.041 %/s | home_distance=2.0 m | return_time=6 s | return_cost=0.3 % | margin_after_return=63.4 %
[INFO] [1790277434.168609331] [sage_energy_monitor]: ENERGY | remaining=83.6 % | voltage=15.90 V | drain_rate=0.041 %/s | home_distance=3.7 m | return_time=8 s | return_cost=0.3 % | margin_after_return=63.3 %
[INFO] [1790277435.169127472] [sage_energy_monitor]: ENERGY | remaining=83.6 % | voltage=15.90 V | drain_rate=0.041 %/s | home_distance=5.5 m | return_time=10 s | return_cost=0.4 % | margin_after_return=63.2 %
[INFO] [1790277436.169570855] [sage_energy_monitor]: ENERGY | remaining=83.6 % | voltage=15.90 V | drain_rate=0.041 %/s | home_distance=6.3 m | return_time=10 s | return_cost=0.4 % | margin_after_return=63.1 %
[INFO] [1790277437.182194852] [sage_energy_monitor]: ENERGY | remaining=83.5 % | voltage=15.90 V | drain_rate=0.041 %/s | home_distance=6.8 m | return_time=11 s | return_cost=0.4 % | margin_after_return=63.1 %
[INFO] [1790277438.169499470] [sage_energy_monitor]: ENERGY | remaining=83.5 % | voltage=15.90 V | drain_rate=0.041 %/s | home_distance=7.7 m | return_time=12 s | return_cost=0.5 % | margin_after_return=63.0 %
[INFO] [1790277439.167115751] [sage_energy_monitor]: ENERGY | remaining=83.4 % | voltage=15.90 V | drain_rate=0.041 %/s | home_distance=8.2 m | return_time=12 s | return_cost=0.5 % | margin_after_return=62.9 %
[INFO] [1790277440.168776262] [sage_energy_monitor]: ENERGY | remaining=83.4 % | voltage=15.90 V | drain_rate=0.041 %/s | home_distance=8.3 m | return_time=12 s | return_cost=0.5 % | margin_after_return=62.9 %
[INFO] [1790277441.167525144] [sage_energy_monitor]: ENERGY | remaining=83.3 % | voltage=15.90 V | drain_rate=0.041 %/s | home_distance=8.3 m | return_time=12 s | return_cost=0.5 % | margin_after_return=62.8 %
[INFO] [1790277442.169490206] [sage_energy_monitor]: ENERGY | remaining=83.3 % | voltage=15.90 V | drain_rate=0.041 %/s | home_distance=8.2 m | return_time=12 s | return_cost=0.5 % | margin_after_return=62.8 %
[INFO] [1790277443.172203248] [sage_energy_monitor]: ENERGY | remaining=83.3 % | voltage=15.90 V | drain_rate=0.041 %/s | home_distance=8.1 m | return_time=12 s | return_cost=0.5 % | margin_after_return=62.8 %
[INFO] [1790277444.169546531] [sage_energy_monitor]: ENERGY | remaining=83.2 % | voltage=15.90 V | drain_rate=0.041 %/s | home_distance=8.1 m | return_time=12 s | return_cost=0.5 % | margin_after_return=62.7 %
[INFO] [1790277445.169655569] [sage_energy_monitor]: ENERGY | remaining=83.2 % | voltage=15.90 V | drain_rate=0.041 %/s | home_distance=8.0 m | return_time=12 s | return_cost=0.5 % | margin_after_return=62.7 %
[INFO] [1790277446.170843689] [sage_energy_monitor]: ENERGY | remaining=83.1 % | voltage=15.90 V | drain_rate=0.041 %/s | home_distance=8.0 m | return_time=12 s | return_cost=0.5 % | margin_after_return=62.6 %
[INFO] [1790277447.168607347] [sage_energy_monitor]: ENERGY | remaining=83.1 % | voltage=15.89 V | drain_rate=0.041 %/s | home_distance=8.0 m | return_time=12 s | return_cost=0.5 % | margin_after_return=62.6 %
[INFO] [1790277448.168154258] [sage_energy_monitor]: ENERGY | remaining=83.1 % | voltage=15.89 V | drain_rate=0.041 %/s | home_distance=8.0 m | return_time=12 s | return_cost=0.5 % | margin_after_return=62.6 %
[INFO] [1790277449.169181600] [sage_energy_monitor]: ENERGY | remaining=83.0 % | voltage=15.89 V | drain_rate=0.041 %/s | home_distance=8.0 m | return_time=12 s | return_cost=0.5 % | margin_after_return=62.5 %
[INFO] [1790277450.167416616] [sage_energy_monitor]: ENERGY | remaining=83.0 % | voltage=15.89 V | drain_rate=0.041 %/s | home_distance=8.0 m | return_time=12 s | return_cost=0.5 % | margin_after_return=62.5 %
[INFO] [1790277451.169327323] [sage_energy_monitor]: ENERGY | remaining=82.9 % | voltage=15.89 V | drain_rate=0.041 %/s | home_distance=8.0 m | return_time=12 s | return_cost=0.5 % | margin_after_return=62.4 %
[INFO] [1790277452.173730327] [sage_energy_monitor]: ENERGY | remaining=82.9 % | voltage=15.89 V | drain_rate=0.041 %/s | home_distance=8.1 m | return_time=12 s | return_cost=0.5 % | margin_after_return=62.4 %
[INFO] [1790277453.174921963] [sage_energy_monitor]: ENERGY | remaining=82.9 % | voltage=15.89 V | drain_rate=0.041 %/s | home_distance=7.6 m | return_time=12 s | return_cost=0.5 % | margin_after_return=62.4 %
[INFO] [1790277454.173298229] [sage_energy_monitor]: ENERGY | remaining=82.8 % | voltage=15.89 V | drain_rate=0.041 %/s | home_distance=5.8 m | return_time=10 s | return_cost=0.4 % | margin_after_return=62.4 %
[INFO] [1790277455.170220542] [sage_energy_monitor]: ENERGY | remaining=82.8 % | voltage=15.89 V | drain_rate=0.041 %/s | home_distance=3.8 m | return_time=8 s | return_cost=0.3 % | margin_after_return=62.4 %
[INFO] [1790277456.173836350] [sage_energy_monitor]: ENERGY | remaining=82.7 % | voltage=15.89 V | drain_rate=0.041 %/s | home_distance=1.8 m | return_time=6 s | return_cost=0.2 % | margin_after_return=62.5 %
[INFO] [1790277457.178898796] [sage_energy_monitor]: ENERGY | remaining=82.7 % | voltage=15.89 V | drain_rate=0.041 %/s | home_distance=1.4 m | return_time=5 s | return_cost=0.2 % | margin_after_return=62.5 %
[INFO] [1790277458.173123225] [sage_energy_monitor]: ENERGY | remaining=82.6 % | voltage=15.89 V | drain_rate=0.041 %/s | home_distance=3.3 m | return_time=7 s | return_cost=0.3 % | margin_after_return=62.3 %
[INFO] [1790277459.172317713] [sage_energy_monitor]: ENERGY | remaining=82.6 % | voltage=15.89 V | drain_rate=0.041 %/s | home_distance=4.4 m | return_time=8 s | return_cost=0.3 % | margin_after_return=62.3 %
[INFO] [1790277460.170706578] [sage_energy_monitor]: ENERGY | remaining=82.6 % | voltage=15.89 V | drain_rate=0.041 %/s | home_distance=4.6 m | return_time=8 s | return_cost=0.4 % | margin_after_return=62.2 %
[INFO] [1790277461.169843025] [sage_energy_monitor]: ENERGY | remaining=82.5 % | voltage=15.88 V | drain_rate=0.041 %/s | home_distance=4.2 m | return_time=8 s | return_cost=0.3 % | margin_after_return=62.2 %
[INFO] [1790277462.171707214] [sage_energy_monitor]: ENERGY | remaining=82.5 % | voltage=15.88 V | drain_rate=0.041 %/s | home_distance=2.7 m | return_time=7 s | return_cost=0.3 % | margin_after_return=62.2 %
[INFO] [1790277463.174229964] [sage_energy_monitor]: ENERGY | remaining=82.4 % | voltage=15.88 V | drain_rate=0.041 %/s | home_distance=2.8 m | return_time=7 s | return_cost=0.3 % | margin_after_return=62.2 %
[INFO] [1790277464.169332690] [sage_energy_monitor]: ENERGY | remaining=82.4 % | voltage=15.88 V | drain_rate=0.041 %/s | home_distance=3.6 m | return_time=7 s | return_cost=0.3 % | margin_after_return=62.1 %
[INFO] [1790277465.167495310] [sage_energy_monitor]: ENERGY | remaining=82.4 % | voltage=15.88 V | drain_rate=0.041 %/s | home_distance=4.0 m | return_time=8 s | return_cost=0.3 % | margin_after_return=62.0 %
[INFO] [1790277466.167457547] [sage_energy_monitor]: ENERGY | remaining=82.3 % | voltage=15.88 V | drain_rate=0.042 %/s | home_distance=4.0 m | return_time=8 s | return_cost=0.3 % | margin_after_return=62.0 %
[INFO] [1790277467.167460532] [sage_energy_monitor]: ENERGY | remaining=82.3 % | voltage=15.88 V | drain_rate=0.041 %/s | home_distance=3.9 m | return_time=8 s | return_cost=0.3 % | margin_after_return=62.0 %
[INFO] [1790277468.170202039] [sage_energy_monitor]: ENERGY | remaining=82.2 % | voltage=15.88 V | drain_rate=0.041 %/s | home_distance=3.4 m | return_time=7 s | return_cost=0.3 % | margin_after_return=61.9 %
[INFO] [1790277469.167520935] [sage_energy_monitor]: ENERGY | remaining=82.2 % | voltage=15.88 V | drain_rate=0.041 %/s | home_distance=3.8 m | return_time=8 s | return_cost=0.3 % | margin_after_return=61.9 %
[INFO] [1790277470.169392327] [sage_energy_monitor]: ENERGY | remaining=82.2 % | voltage=15.88 V | drain_rate=0.041 %/s | home_distance=5.1 m | return_time=9 s | return_cost=0.4 % | margin_after_return=61.8 %
[INFO] [1790277471.168740267] [sage_energy_monitor]: ENERGY | remaining=82.1 % | voltage=15.88 V | drain_rate=0.041 %/s | home_distance=6.9 m | return_time=11 s | return_cost=0.4 % | margin_after_return=61.7 %
[INFO] [1790277472.171378772] [sage_energy_monitor]: ENERGY | remaining=82.1 % | voltage=15.88 V | drain_rate=0.041 %/s | home_distance=8.5 m | return_time=13 s | return_cost=0.5 % | margin_after_return=61.6 %
[INFO] [1790277473.170851400] [sage_energy_monitor]: ENERGY | remaining=82.0 % | voltage=15.88 V | drain_rate=0.041 %/s | home_distance=9.4 m | return_time=13 s | return_cost=0.6 % | margin_after_return=61.5 %
[INFO] [1790277474.169575776] [sage_energy_monitor]: ENERGY | remaining=82.0 % | voltage=15.87 V | drain_rate=0.041 %/s | home_distance=9.5 m | return_time=14 s | return_cost=0.6 % | margin_after_return=61.4 %
[INFO] [1790277475.171494722] [sage_energy_monitor]: ENERGY | remaining=81.9 % | voltage=15.87 V | drain_rate=0.041 %/s | home_distance=9.5 m | return_time=14 s | return_cost=0.6 % | margin_after_return=61.4 %
[INFO] [1790277476.172448487] [sage_energy_monitor]: ENERGY | remaining=81.9 % | voltage=15.87 V | drain_rate=0.041 %/s | home_distance=9.5 m | return_time=13 s | return_cost=0.6 % | margin_after_return=61.3 %
[INFO] [1790277477.168719896] [sage_energy_monitor]: ENERGY | remaining=81.9 % | voltage=15.87 V | drain_rate=0.041 %/s | home_distance=9.5 m | return_time=13 s | return_cost=0.6 % | margin_after_return=61.3 %
[INFO] [1790277478.172775554] [sage_energy_monitor]: ENERGY | remaining=81.8 % | voltage=15.87 V | drain_rate=0.041 %/s | home_distance=9.5 m | return_time=14 s | return_cost=0.6 % | margin_after_return=61.3 %
[INFO] [1790277479.167545197] [sage_energy_monitor]: ENERGY | remaining=81.8 % | voltage=15.87 V | drain_rate=0.041 %/s | home_distance=9.5 m | return_time=14 s | return_cost=0.6 % | margin_after_return=61.2 %
[INFO] [1790277480.172466177] [sage_energy_monitor]: ENERGY | remaining=81.7 % | voltage=15.87 V | drain_rate=0.041 %/s | home_distance=9.6 m | return_time=14 s | return_cost=0.6 % | margin_after_return=61.2 %
[INFO] [1790277481.169138710] [sage_energy_monitor]: ENERGY | remaining=81.7 % | voltage=15.87 V | drain_rate=0.041 %/s | home_distance=9.6 m | return_time=14 s | return_cost=0.6 % | margin_after_return=61.1 %
[INFO] [1790277482.169637470] [sage_energy_monitor]: ENERGY | remaining=81.7 % | voltage=15.87 V | drain_rate=0.041 %/s | home_distance=9.3 m | return_time=13 s | return_cost=0.5 % | margin_after_return=61.1 %
[INFO] [1790277483.169741629] [sage_energy_monitor]: ENERGY | remaining=81.6 % | voltage=15.87 V | drain_rate=0.041 %/s | home_distance=7.6 m | return_time=11 s | return_cost=0.5 % | margin_after_return=61.1 %
[INFO] [1790277484.170009067] [sage_energy_monitor]: ENERGY | remaining=81.6 % | voltage=15.87 V | drain_rate=0.041 %/s | home_distance=5.7 m | return_time=9 s | return_cost=0.4 % | margin_after_return=61.2 %
[INFO] [1790277485.168126366] [sage_energy_monitor]: ENERGY | remaining=81.5 % | voltage=15.87 V | drain_rate=0.041 %/s | home_distance=4.4 m | return_time=8 s | return_cost=0.3 % | margin_after_return=61.2 %
[INFO] [1790277486.167283007] [sage_energy_monitor]: ENERGY | remaining=81.5 % | voltage=15.87 V | drain_rate=0.041 %/s | home_distance=4.2 m | return_time=8 s | return_cost=0.3 % | margin_after_return=61.1 %
[INFO] [1790277487.169254228] [sage_energy_monitor]: ENERGY | remaining=81.4 % | voltage=15.86 V | drain_rate=0.041 %/s | home_distance=4.3 m | return_time=8 s | return_cost=0.3 % | margin_after_return=61.1 %
[INFO] [1790277488.170919979] [sage_energy_monitor]: ENERGY | remaining=81.4 % | voltage=15.86 V | drain_rate=0.041 %/s | home_distance=4.4 m | return_time=8 s | return_cost=0.3 % | margin_after_return=61.1 %
[INFO] [1790277489.169268775] [sage_energy_monitor]: ENERGY | remaining=81.4 % | voltage=15.86 V | drain_rate=0.041 %/s | home_distance=4.4 m | return_time=8 s | return_cost=0.3 % | margin_after_return=61.0 %
[INFO] [1790277490.168686808] [sage_energy_monitor]: ENERGY | remaining=81.3 % | voltage=15.86 V | drain_rate=0.041 %/s | home_distance=4.4 m | return_time=8 s | return_cost=0.3 % | margin_after_return=61.0 %
[INFO] [1790277491.173785983] [sage_energy_monitor]: ENERGY | remaining=81.3 % | voltage=15.86 V | drain_rate=0.041 %/s | home_distance=4.3 m | return_time=8 s | return_cost=0.3 % | margin_after_return=60.9 %
[INFO] [1790277492.170469725] [sage_energy_monitor]: ENERGY | remaining=81.3 % | voltage=15.86 V | drain_rate=0.041 %/s | home_distance=4.3 m | return_time=8 s | return_cost=0.3 % | margin_after_return=60.9 %
[INFO] [1790277493.175324650] [sage_energy_monitor]: ENERGY | remaining=81.2 % | voltage=15.86 V | drain_rate=0.040 %/s | home_distance=4.2 m | return_time=8 s | return_cost=0.3 % | margin_after_return=60.9 %
[INFO] [1790277494.175601952] [sage_energy_monitor]: ENERGY | remaining=81.2 % | voltage=15.86 V | drain_rate=0.040 %/s | home_distance=4.2 m | return_time=8 s | return_cost=0.3 % | margin_after_return=60.9 %
[INFO] [1790277495.169169102] [sage_energy_monitor]: ENERGY | remaining=81.1 % | voltage=15.86 V | drain_rate=0.040 %/s | home_distance=3.3 m | return_time=7 s | return_cost=0.3 % | margin_after_return=60.9 %
[INFO] [1790277496.172081155] [sage_energy_monitor]: ENERGY | remaining=81.1 % | voltage=15.86 V | drain_rate=0.040 %/s | home_distance=2.2 m | return_time=6 s | return_cost=0.2 % | margin_after_return=60.9 %
[INFO] [1790277497.177595747] [sage_energy_monitor]: ENERGY | remaining=81.1 % | voltage=15.86 V | drain_rate=0.040 %/s | home_distance=3.0 m | return_time=7 s | return_cost=0.3 % | margin_after_return=60.8 %
[INFO] [1790277498.175018830] [sage_energy_monitor]: ENERGY | remaining=81.0 % | voltage=15.86 V | drain_rate=0.040 %/s | home_distance=3.9 m | return_time=8 s | return_cost=0.3 % | margin_after_return=60.7 %
[INFO] [1790277499.170216561] [sage_energy_monitor]: ENERGY | remaining=81.0 % | voltage=15.86 V | drain_rate=0.040 %/s | home_distance=4.2 m | return_time=8 s | return_cost=0.3 % | margin_after_return=60.6 %
[INFO] [1790277500.167503759] [sage_energy_monitor]: ENERGY | remaining=80.9 % | voltage=15.86 V | drain_rate=0.040 %/s | home_distance=4.3 m | return_time=8 s | return_cost=0.3 % | margin_after_return=60.6 %
[INFO] [1790277501.168368793] [sage_energy_monitor]: ENERGY | remaining=80.9 % | voltage=15.86 V | drain_rate=0.040 %/s | home_distance=4.2 m | return_time=8 s | return_cost=0.3 % | margin_after_return=60.6 %
[INFO] [1790277502.174617818] [sage_energy_monitor]: ENERGY | remaining=80.9 % | voltage=15.85 V | drain_rate=0.040 %/s | home_distance=4.0 m | return_time=8 s | return_cost=0.3 % | margin_after_return=60.5 %
[INFO] [1790277503.176034889] [sage_energy_monitor]: ENERGY | remaining=80.8 % | voltage=15.85 V | drain_rate=0.040 %/s | home_distance=3.9 m | return_time=8 s | return_cost=0.3 % | margin_after_return=60.5 %
[INFO] [1790277504.168766975] [sage_energy_monitor]: ENERGY | remaining=80.8 % | voltage=15.85 V | drain_rate=0.040 %/s | home_distance=3.9 m | return_time=8 s | return_cost=0.3 % | margin_after_return=60.5 %
[INFO] [1790277505.177301759] [sage_energy_monitor]: ENERGY | remaining=80.7 % | voltage=15.85 V | drain_rate=0.040 %/s | home_distance=3.9 m | return_time=8 s | return_cost=0.3 % | margin_after_return=60.4 %
[INFO] [1790277506.179594872] [sage_energy_monitor]: ENERGY | remaining=80.7 % | voltage=15.85 V | drain_rate=0.040 %/s | home_distance=3.9 m | return_time=8 s | return_cost=0.3 % | margin_after_return=60.4 %
[INFO] [1790277507.167302796] [sage_energy_monitor]: ENERGY | remaining=80.7 % | voltage=15.85 V | drain_rate=0.040 %/s | home_distance=3.8 m | return_time=8 s | return_cost=0.3 % | margin_after_return=60.4 %
[INFO] [1790277508.172271568] [sage_energy_monitor]: ENERGY | remaining=80.6 % | voltage=15.85 V | drain_rate=0.040 %/s | home_distance=3.1 m | return_time=7 s | return_cost=0.3 % | margin_after_return=60.3 %
[INFO] [1790277509.167567761] [sage_energy_monitor]: ENERGY | remaining=80.6 % | voltage=15.85 V | drain_rate=0.040 %/s | home_distance=3.6 m | return_time=8 s | return_cost=0.3 % | margin_after_return=60.3 %
[INFO] [1790277510.180185428] [sage_energy_monitor]: ENERGY | remaining=80.5 % | voltage=15.85 V | drain_rate=0.040 %/s | home_distance=5.4 m | return_time=9 s | return_cost=0.4 % | margin_after_return=60.2 %
[INFO] [1790277511.176379827] [sage_energy_monitor]: ENERGY | remaining=80.5 % | voltage=15.85 V | drain_rate=0.040 %/s | home_distance=7.4 m | return_time=11 s | return_cost=0.5 % | margin_after_return=60.0 %
[INFO] [1790277512.169372804] [sage_energy_monitor]: ENERGY | remaining=80.5 % | voltage=15.85 V | drain_rate=0.040 %/s | home_distance=9.4 m | return_time=13 s | return_cost=0.5 % | margin_after_return=59.9 %
[INFO] [1790277513.175532765] [sage_energy_monitor]: ENERGY | remaining=80.4 % | voltage=15.85 V | drain_rate=0.040 %/s | home_distance=10.7 m | return_time=15 s | return_cost=0.6 % | margin_after_return=59.8 %
[INFO] [1790277514.168444061] [sage_energy_monitor]: ENERGY | remaining=80.4 % | voltage=15.85 V | drain_rate=0.040 %/s | home_distance=11.0 m | return_time=15 s | return_cost=0.6 % | margin_after_return=59.8 %
[INFO] [1790277515.167387611] [sage_energy_monitor]: ENERGY | remaining=80.3 % | voltage=15.85 V | drain_rate=0.040 %/s | home_distance=11.0 m | return_time=15 s | return_cost=0.6 % | margin_after_return=59.7 %
[INFO] [1790277516.173053104] [sage_energy_monitor]: ENERGY | remaining=80.3 % | voltage=15.84 V | drain_rate=0.040 %/s | home_distance=10.3 m | return_time=14 s | return_cost=0.6 % | margin_after_return=59.7 %
[INFO] [1790277517.168465715] [sage_energy_monitor]: ENERGY | remaining=80.3 % | voltage=15.84 V | drain_rate=0.040 %/s | home_distance=9.7 m | return_time=14 s | return_cost=0.5 % | margin_after_return=59.7 %
[INFO] [1790277518.173198688] [sage_energy_monitor]: ENERGY | remaining=80.2 % | voltage=15.84 V | drain_rate=0.040 %/s | home_distance=9.4 m | return_time=14 s | return_cost=0.5 % | margin_after_return=59.7 %
[INFO] [1790277519.173259894] [sage_energy_monitor]: ENERGY | remaining=80.2 % | voltage=15.84 V | drain_rate=0.040 %/s | home_distance=9.3 m | return_time=13 s | return_cost=0.5 % | margin_after_return=59.6 %
[INFO] [1790277520.170219269] [sage_energy_monitor]: ENERGY | remaining=80.1 % | voltage=15.84 V | drain_rate=0.040 %/s | home_distance=9.3 m | return_time=13 s | return_cost=0.5 % | margin_after_return=59.6 %
[INFO] [1790277521.169541484] [sage_energy_monitor]: ENERGY | remaining=80.1 % | voltage=15.84 V | drain_rate=0.040 %/s | home_distance=9.3 m | return_time=13 s | return_cost=0.5 % | margin_after_return=59.6 %
[INFO] [1790277522.167133748] [sage_energy_monitor]: ENERGY | remaining=80.1 % | voltage=15.84 V | drain_rate=0.040 %/s | home_distance=9.4 m | return_time=13 s | return_cost=0.5 % | margin_after_return=59.5 %
[INFO] [1790277523.168998418] [sage_energy_monitor]: ENERGY | remaining=80.0 % | voltage=15.84 V | drain_rate=0.041 %/s | home_distance=9.4 m | return_time=13 s | return_cost=0.5 % | margin_after_return=59.5 %
[INFO] [1790277524.168431500] [sage_energy_monitor]: ENERGY | remaining=80.0 % | voltage=15.84 V | drain_rate=0.041 %/s | home_distance=9.4 m | return_time=13 s | return_cost=0.5 % | margin_after_return=59.4 %
[INFO] [1790277525.169157107] [sage_energy_monitor]: ENERGY | remaining=79.9 % | voltage=15.84 V | drain_rate=0.041 %/s | home_distance=9.4 m | return_time=13 s | return_cost=0.5 % | margin_after_return=59.4 %
[INFO] [1790277526.168493838] [sage_energy_monitor]: ENERGY | remaining=79.9 % | voltage=15.84 V | drain_rate=0.041 %/s | home_distance=9.5 m | return_time=14 s | return_cost=0.6 % | margin_after_return=59.3 %
[INFO] [1790277527.167568575] [sage_energy_monitor]: ENERGY | remaining=79.8 % | voltage=15.84 V | drain_rate=0.041 %/s | home_distance=10.0 m | return_time=14 s | return_cost=0.6 % | margin_after_return=59.3 %
[INFO] [1790277528.171361555] [sage_energy_monitor]: ENERGY | remaining=79.8 % | voltage=15.84 V | drain_rate=0.040 %/s | home_distance=10.3 m | return_time=14 s | return_cost=0.6 % | margin_after_return=59.2 %
[INFO] [1790277529.174213421] [sage_energy_monitor]: ENERGY | remaining=79.8 % | voltage=15.83 V | drain_rate=0.041 %/s | home_distance=10.5 m | return_time=15 s | return_cost=0.6 % | margin_after_return=59.2 %
[INFO] [1790277530.170235671] [sage_energy_monitor]: ENERGY | remaining=79.7 % | voltage=15.83 V | drain_rate=0.040 %/s | home_distance=10.0 m | return_time=14 s | return_cost=0.6 % | margin_after_return=59.2 %
[INFO] [1790277531.171495342] [sage_energy_monitor]: ENERGY | remaining=79.7 % | voltage=15.83 V | drain_rate=0.040 %/s | home_distance=9.6 m | return_time=14 s | return_cost=0.5 % | margin_after_return=59.1 %
[INFO] [1790277532.172540868] [sage_energy_monitor]: ENERGY | remaining=79.6 % | voltage=15.83 V | drain_rate=0.040 %/s | home_distance=9.4 m | return_time=13 s | return_cost=0.5 % | margin_after_return=59.1 %
[INFO] [1790277533.172718489] [sage_energy_monitor]: ENERGY | remaining=79.6 % | voltage=15.83 V | drain_rate=0.040 %/s | home_distance=9.3 m | return_time=13 s | return_cost=0.5 % | margin_after_return=59.1 %
[INFO] [1790277534.168748299] [sage_energy_monitor]: ENERGY | remaining=79.6 % | voltage=15.83 V | drain_rate=0.040 %/s | home_distance=9.4 m | return_time=13 s | return_cost=0.5 % | margin_after_return=59.0 %
[INFO] [1790277535.172097549] [sage_energy_monitor]: ENERGY | remaining=79.5 % | voltage=15.83 V | drain_rate=0.040 %/s | home_distance=9.4 m | return_time=13 s | return_cost=0.5 % | margin_after_return=59.0 %
[INFO] [1790277536.170264027] [sage_energy_monitor]: ENERGY | remaining=79.5 % | voltage=15.83 V | drain_rate=0.041 %/s | home_distance=9.4 m | return_time=14 s | return_cost=0.5 % | margin_after_return=58.9 %
[INFO] [1790277537.170812208] [sage_energy_monitor]: ENERGY | remaining=79.4 % | voltage=15.83 V | drain_rate=0.041 %/s | home_distance=9.5 m | return_time=13 s | return_cost=0.5 % | margin_after_return=58.9 %
[INFO] [1790277538.177710942] [sage_energy_monitor]: ENERGY | remaining=79.4 % | voltage=15.83 V | drain_rate=0.040 %/s | home_distance=9.5 m | return_time=13 s | return_cost=0.5 % | margin_after_return=58.9 %
[INFO] [1790277539.172380437] [sage_energy_monitor]: ENERGY | remaining=79.4 % | voltage=15.83 V | drain_rate=0.040 %/s | home_distance=9.5 m | return_time=13 s | return_cost=0.5 % | margin_after_return=58.8 %
[INFO] [1790277540.171641945] [sage_energy_monitor]: ENERGY | remaining=79.3 % | voltage=15.83 V | drain_rate=0.040 %/s | home_distance=8.9 m | return_time=13 s | return_cost=0.5 % | margin_after_return=58.8 %
[INFO] [1790277541.167436845] [sage_energy_monitor]: ENERGY | remaining=79.3 % | voltage=15.83 V | drain_rate=0.040 %/s | home_distance=7.1 m | return_time=11 s | return_cost=0.4 % | margin_after_return=58.8 %
[INFO] [1790277542.167478408] [sage_energy_monitor]: ENERGY | remaining=79.2 % | voltage=15.83 V | drain_rate=0.041 %/s | home_distance=5.3 m | return_time=9 s | return_cost=0.4 % | margin_after_return=58.9 %
[INFO] [1790277543.167963260] [sage_energy_monitor]: ENERGY | remaining=79.2 % | voltage=15.82 V | drain_rate=0.041 %/s | home_distance=4.3 m | return_time=8 s | return_cost=0.3 % | margin_after_return=58.9 %
[INFO] [1790277544.171226043] [sage_energy_monitor]: ENERGY | remaining=79.2 % | voltage=15.82 V | drain_rate=0.041 %/s | home_distance=4.2 m | return_time=8 s | return_cost=0.3 % | margin_after_return=58.8 %
[INFO] [1790277545.168501201] [sage_energy_monitor]: ENERGY | remaining=79.1 % | voltage=15.82 V | drain_rate=0.041 %/s | home_distance=4.2 m | return_time=8 s | return_cost=0.3 % | margin_after_return=58.8 %
[INFO] [1790277546.174893388] [sage_energy_monitor]: ENERGY | remaining=79.1 % | voltage=15.82 V | drain_rate=0.041 %/s | home_distance=4.3 m | return_time=8 s | return_cost=0.3 % | margin_after_return=58.7 %
[INFO] [1790277547.180310386] [sage_energy_monitor]: ENERGY | remaining=79.0 % | voltage=15.82 V | drain_rate=0.040 %/s | home_distance=4.3 m | return_time=8 s | return_cost=0.3 % | margin_after_return=58.7 %
[INFO] [1790277548.174642226] [sage_energy_monitor]: ENERGY | remaining=79.0 % | voltage=15.82 V | drain_rate=0.041 %/s | home_distance=4.3 m | return_time=8 s | return_cost=0.3 % | margin_after_return=58.7 %
[INFO] [1790277549.168619448] [sage_energy_monitor]: ENERGY | remaining=79.0 % | voltage=15.82 V | drain_rate=0.041 %/s | home_distance=4.3 m | return_time=8 s | return_cost=0.3 % | margin_after_return=58.6 %
[INFO] [1790277550.177046923] [sage_energy_monitor]: ENERGY | remaining=78.9 % | voltage=15.82 V | drain_rate=0.041 %/s | home_distance=4.2 m | return_time=8 s | return_cost=0.3 % | margin_after_return=58.6 %
[INFO] [1790277551.171157825] [sage_energy_monitor]: ENERGY | remaining=78.9 % | voltage=15.82 V | drain_rate=0.041 %/s | home_distance=4.2 m | return_time=8 s | return_cost=0.3 % | margin_after_return=58.5 %
[INFO] [1790277552.174023198] [sage_energy_monitor]: ENERGY | remaining=78.8 % | voltage=15.82 V | drain_rate=0.041 %/s | home_distance=4.1 m | return_time=8 s | return_cost=0.3 % | margin_after_return=58.5 %
[INFO] [1790277553.170780990] [sage_energy_monitor]: ENERGY | remaining=78.8 % | voltage=15.82 V | drain_rate=0.041 %/s | home_distance=3.1 m | return_time=7 s | return_cost=0.3 % | margin_after_return=58.5 %
[INFO] [1790277554.168594327] [sage_energy_monitor]: ENERGY | remaining=78.7 % | voltage=15.82 V | drain_rate=0.041 %/s | home_distance=2.6 m | return_time=6 s | return_cost=0.3 % | margin_after_return=58.5 %
[INFO] [1790277555.167150189] [sage_energy_monitor]: ENERGY | remaining=78.7 % | voltage=15.82 V | drain_rate=0.041 %/s | home_distance=3.4 m | return_time=7 s | return_cost=0.3 % | margin_after_return=58.4 %
[INFO] [1790277556.167987832] [sage_energy_monitor]: ENERGY | remaining=78.7 % | voltage=15.82 V | drain_rate=0.041 %/s | home_distance=3.9 m | return_time=8 s | return_cost=0.3 % | margin_after_return=58.4 %
[INFO] [1790277557.167552291] [sage_energy_monitor]: ENERGY | remaining=78.6 % | voltage=15.81 V | drain_rate=0.041 %/s | home_distance=3.9 m | return_time=8 s | return_cost=0.3 % | margin_after_return=58.3 %
[INFO] [1790277558.167642957] [sage_energy_monitor]: ENERGY | remaining=78.6 % | voltage=15.81 V | drain_rate=0.041 %/s | home_distance=3.9 m | return_time=8 s | return_cost=0.3 % | margin_after_return=58.3 %
[INFO] [1790277559.167158258] [sage_energy_monitor]: ENERGY | remaining=78.5 % | voltage=15.81 V | drain_rate=0.041 %/s | home_distance=3.9 m | return_time=8 s | return_cost=0.3 % | margin_after_return=58.2 %
[INFO] [1790277560.168540686] [sage_energy_monitor]: ENERGY | remaining=78.5 % | voltage=15.81 V | drain_rate=0.041 %/s | home_distance=3.9 m | return_time=8 s | return_cost=0.3 % | margin_after_return=58.2 %
[INFO] [1790277561.170403248] [sage_energy_monitor]: ENERGY | remaining=78.5 % | voltage=15.81 V | drain_rate=0.041 %/s | home_distance=3.9 m | return_time=8 s | return_cost=0.3 % | margin_after_return=58.1 %
[INFO] [1790277562.167618783] [sage_energy_monitor]: ENERGY | remaining=78.4 % | voltage=15.81 V | drain_rate=0.041 %/s | home_distance=3.9 m | return_time=8 s | return_cost=0.3 % | margin_after_return=58.1 %
[INFO] [1790277563.174622114] [sage_energy_monitor]: ENERGY | remaining=78.4 % | voltage=15.81 V | drain_rate=0.041 %/s | home_distance=3.9 m | return_time=8 s | return_cost=0.3 % | margin_after_return=58.1 %
[INFO] [1790277564.171324610] [sage_energy_monitor]: ENERGY | remaining=78.3 % | voltage=15.81 V | drain_rate=0.041 %/s | home_distance=3.9 m | return_time=8 s | return_cost=0.3 % | margin_after_return=58.0 %
[INFO] [1790277565.167694737] [sage_energy_monitor]: ENERGY | remaining=78.3 % | voltage=15.81 V | drain_rate=0.041 %/s | home_distance=4.6 m | return_time=9 s | return_cost=0.4 % | margin_after_return=57.9 %
[INFO] [1790277566.171067390] [sage_energy_monitor]: ENERGY | remaining=78.3 % | voltage=15.81 V | drain_rate=0.041 %/s | home_distance=6.4 m | return_time=10 s | return_cost=0.4 % | margin_after_return=57.8 %
[INFO] [1790277567.172273767] [sage_energy_monitor]: ENERGY | remaining=78.2 % | voltage=15.81 V | drain_rate=0.041 %/s | home_distance=8.2 m | return_time=12 s | return_cost=0.5 % | margin_after_return=57.7 %
[INFO] [1790277568.169340849] [sage_energy_monitor]: ENERGY | remaining=78.2 % | voltage=15.81 V | drain_rate=0.041 %/s | home_distance=9.2 m | return_time=13 s | return_cost=0.5 % | margin_after_return=57.6 %
[INFO] [1790277569.171522151] [sage_energy_monitor]: ENERGY | remaining=78.1 % | voltage=15.81 V | drain_rate=0.041 %/s | home_distance=9.4 m | return_time=13 s | return_cost=0.6 % | margin_after_return=57.6 %
[INFO] [1790277570.170910948] [sage_energy_monitor]: ENERGY | remaining=78.1 % | voltage=15.80 V | drain_rate=0.041 %/s | home_distance=9.3 m | return_time=13 s | return_cost=0.5 % | margin_after_return=57.5 %
[INFO] [1790277571.171363363] [sage_energy_monitor]: ENERGY | remaining=78.0 % | voltage=15.80 V | drain_rate=0.041 %/s | home_distance=9.3 m | return_time=13 s | return_cost=0.5 % | margin_after_return=57.5 %
[INFO] [1790277572.171622930] [sage_energy_monitor]: ENERGY | remaining=78.0 % | voltage=15.80 V | drain_rate=0.041 %/s | home_distance=9.3 m | return_time=13 s | return_cost=0.5 % | margin_after_return=57.5 %
[INFO] [1790277573.169880322] [sage_energy_monitor]: ENERGY | remaining=78.0 % | voltage=15.80 V | drain_rate=0.041 %/s | home_distance=9.3 m | return_time=13 s | return_cost=0.5 % | margin_after_return=57.4 %
[INFO] [1790277574.168170219] [sage_energy_monitor]: ENERGY | remaining=77.9 % | voltage=15.80 V | drain_rate=0.041 %/s | home_distance=9.3 m | return_time=13 s | return_cost=0.5 % | margin_after_return=57.4 %
[INFO] [1790277575.180302446] [sage_energy_monitor]: ENERGY | remaining=77.9 % | voltage=15.80 V | drain_rate=0.041 %/s | home_distance=9.3 m | return_time=13 s | return_cost=0.5 % | margin_after_return=57.3 %
[INFO] [1790277576.173580815] [sage_energy_monitor]: ENERGY | remaining=77.8 % | voltage=15.80 V | drain_rate=0.041 %/s | home_distance=9.7 m | return_time=14 s | return_cost=0.6 % | margin_after_return=57.3 %
[INFO] [1790277577.174875238] [sage_energy_monitor]: ENERGY | remaining=77.8 % | voltage=15.80 V | drain_rate=0.041 %/s | home_distance=10.8 m | return_time=15 s | return_cost=0.6 % | margin_after_return=57.2 %
[INFO] [1790277578.174538480] [sage_energy_monitor]: ENERGY | remaining=77.8 % | voltage=15.80 V | drain_rate=0.041 %/s | home_distance=12.0 m | return_time=16 s | return_cost=0.7 % | margin_after_return=57.1 %
[INFO] [1790277579.170829491] [sage_energy_monitor]: ENERGY | remaining=77.7 % | voltage=15.80 V | drain_rate=0.041 %/s | home_distance=13.2 m | return_time=17 s | return_cost=0.7 % | margin_after_return=57.0 %
[INFO] [1790277580.167328180] [sage_energy_monitor]: ENERGY | remaining=77.7 % | voltage=15.80 V | drain_rate=0.041 %/s | home_distance=13.6 m | return_time=18 s | return_cost=0.7 % | margin_after_return=56.9 %
[INFO] [1790277581.167273729] [sage_energy_monitor]: ENERGY | remaining=77.6 % | voltage=15.80 V | drain_rate=0.041 %/s | home_distance=12.8 m | return_time=17 s | return_cost=0.7 % | margin_after_return=56.9 %
[INFO] [1790277582.176018715] [sage_energy_monitor]: ENERGY | remaining=77.6 % | voltage=15.80 V | drain_rate=0.041 %/s | home_distance=12.0 m | return_time=16 s | return_cost=0.7 % | margin_after_return=56.9 %
[INFO] [1790277583.167047141] [sage_energy_monitor]: ENERGY | remaining=77.6 % | voltage=15.79 V | drain_rate=0.041 %/s | home_distance=11.7 m | return_time=16 s | return_cost=0.7 % | margin_after_return=56.9 %
[INFO] [1790277584.167238162] [sage_energy_monitor]: ENERGY | remaining=77.5 % | voltage=15.79 V | drain_rate=0.041 %/s | home_distance=12.1 m | return_time=16 s | return_cost=0.7 % | margin_after_return=56.8 %
[INFO] [1790277585.168498653] [sage_energy_monitor]: ENERGY | remaining=77.5 % | voltage=15.79 V | drain_rate=0.041 %/s | home_distance=13.0 m | return_time=17 s | return_cost=0.7 % | margin_after_return=56.8 %
[INFO] [1790277586.169736312] [sage_energy_monitor]: ENERGY | remaining=77.4 % | voltage=15.79 V | drain_rate=0.041 %/s | home_distance=13.0 m | return_time=17 s | return_cost=0.7 % | margin_after_return=56.7 %
[INFO] [1790277587.167861919] [sage_energy_monitor]: ENERGY | remaining=77.4 % | voltage=15.79 V | drain_rate=0.041 %/s | home_distance=12.3 m | return_time=16 s | return_cost=0.7 % | margin_after_return=56.7 %
[INFO] [1790277588.169844927] [sage_energy_monitor]: ENERGY | remaining=77.4 % | voltage=15.79 V | drain_rate=0.041 %/s | home_distance=11.7 m | return_time=16 s | return_cost=0.6 % | margin_after_return=56.7 %
[INFO] [1790277589.168498304] [sage_energy_monitor]: ENERGY | remaining=77.3 % | voltage=15.79 V | drain_rate=0.041 %/s | home_distance=11.5 m | return_time=15 s | return_cost=0.6 % | margin_after_return=56.7 %
[INFO] [1790277590.174796764] [sage_energy_monitor]: ENERGY | remaining=77.3 % | voltage=15.79 V | drain_rate=0.041 %/s | home_distance=10.9 m | return_time=15 s | return_cost=0.6 % | margin_after_return=56.7 %
[INFO] [1790277591.167748005] [sage_energy_monitor]: ENERGY | remaining=77.2 % | voltage=15.79 V | drain_rate=0.041 %/s | home_distance=9.1 m | return_time=13 s | return_cost=0.5 % | margin_after_return=56.7 %
[INFO] [1790277592.172872586] [sage_energy_monitor]: ENERGY | remaining=77.2 % | voltage=15.79 V | drain_rate=0.041 %/s | home_distance=7.5 m | return_time=11 s | return_cost=0.5 % | margin_after_return=56.7 %
[INFO] [1790277593.171397081] [sage_energy_monitor]: ENERGY | remaining=77.2 % | voltage=15.79 V | drain_rate=0.041 %/s | home_distance=6.8 m | return_time=11 s | return_cost=0.4 % | margin_after_return=56.7 %
[INFO] [1790277594.167912751] [sage_energy_monitor]: ENERGY | remaining=77.1 % | voltage=15.79 V | drain_rate=0.041 %/s | home_distance=5.9 m | return_time=10 s | return_cost=0.4 % | margin_after_return=56.7 %
[INFO] [1790277595.167418793] [sage_energy_monitor]: ENERGY | remaining=77.1 % | voltage=15.79 V | drain_rate=0.041 %/s | home_distance=4.2 m | return_time=8 s | return_cost=0.3 % | margin_after_return=56.7 %
[INFO] [1790277596.169629682] [sage_energy_monitor]: ENERGY | remaining=77.0 % | voltage=15.79 V | drain_rate=0.041 %/s | home_distance=3.3 m | return_time=7 s | return_cost=0.3 % | margin_after_return=56.7 %
[INFO] [1790277597.168393901] [sage_energy_monitor]: ENERGY | remaining=77.0 % | voltage=15.78 V | drain_rate=0.041 %/s | home_distance=4.2 m | return_time=8 s | return_cost=0.3 % | margin_after_return=56.7 %
[INFO] [1790277598.167729096] [sage_energy_monitor]: ENERGY | remaining=76.9 % | voltage=15.78 V | drain_rate=0.041 %/s | home_distance=4.8 m | return_time=9 s | return_cost=0.4 % | margin_after_return=56.6 %
[INFO] [1790277599.176963349] [sage_energy_monitor]: ENERGY | remaining=76.9 % | voltage=15.78 V | drain_rate=0.041 %/s | home_distance=4.9 m | return_time=9 s | return_cost=0.4 % | margin_after_return=56.5 %
[INFO] [1790277600.175155613] [sage_energy_monitor]: ENERGY | remaining=76.9 % | voltage=15.78 V | drain_rate=0.041 %/s | home_distance=4.1 m | return_time=8 s | return_cost=0.3 % | margin_after_return=56.5 %
[INFO] [1790277601.171639544] [sage_energy_monitor]: ENERGY | remaining=76.8 % | voltage=15.78 V | drain_rate=0.041 %/s | home_distance=3.3 m | return_time=7 s | return_cost=0.3 % | margin_after_return=56.5 %
[INFO] [1790277602.167760270] [sage_energy_monitor]: ENERGY | remaining=76.8 % | voltage=15.78 V | drain_rate=0.041 %/s | home_distance=3.6 m | return_time=8 s | return_cost=0.3 % | margin_after_return=56.5 %
[INFO] [1790277603.169127623] [sage_energy_monitor]: ENERGY | remaining=76.7 % | voltage=15.78 V | drain_rate=0.041 %/s | home_distance=5.3 m | return_time=9 s | return_cost=0.4 % | margin_after_return=56.4 %
[INFO] [1790277604.169165013] [sage_energy_monitor]: ENERGY | remaining=76.7 % | voltage=15.78 V | drain_rate=0.041 %/s | home_distance=7.1 m | return_time=11 s | return_cost=0.5 % | margin_after_return=56.2 %
[INFO] [1790277605.168874280] [sage_energy_monitor]: ENERGY | remaining=76.7 % | voltage=15.78 V | drain_rate=0.041 %/s | home_distance=8.7 m | return_time=13 s | return_cost=0.5 % | margin_after_return=56.1 %
[INFO] [1790277606.169600841] [sage_energy_monitor]: ENERGY | remaining=76.6 % | voltage=15.78 V | drain_rate=0.041 %/s | home_distance=9.3 m | return_time=13 s | return_cost=0.6 % | margin_after_return=56.1 %
[INFO] [1790277607.168351405] [sage_energy_monitor]: ENERGY | remaining=76.6 % | voltage=15.78 V | drain_rate=0.041 %/s | home_distance=9.4 m | return_time=14 s | return_cost=0.6 % | margin_after_return=56.0 %
[INFO] [1790277608.175337591] [sage_energy_monitor]: ENERGY | remaining=76.5 % | voltage=15.78 V | drain_rate=0.041 %/s | home_distance=9.4 m | return_time=14 s | return_cost=0.6 % | margin_after_return=56.0 %
[INFO] [1790277609.175174500] [sage_energy_monitor]: ENERGY | remaining=76.5 % | voltage=15.78 V | drain_rate=0.041 %/s | home_distance=9.4 m | return_time=14 s | return_cost=0.6 % | margin_after_return=55.9 %
[INFO] [1790277610.172434541] [sage_energy_monitor]: ENERGY | remaining=76.4 % | voltage=15.78 V | drain_rate=0.041 %/s | home_distance=9.5 m | return_time=14 s | return_cost=0.6 % | margin_after_return=55.9 %
[INFO] [1790277611.175470860] [sage_energy_monitor]: ENERGY | remaining=76.4 % | voltage=15.77 V | drain_rate=0.041 %/s | home_distance=9.4 m | return_time=13 s | return_cost=0.5 % | margin_after_return=55.9 %
[INFO] [1790277612.172492081] [sage_energy_monitor]: ENERGY | remaining=76.4 % | voltage=15.77 V | drain_rate=0.041 %/s | home_distance=9.4 m | return_time=13 s | return_cost=0.5 % | margin_after_return=55.8 %
[INFO] [1790277613.176154555] [sage_energy_monitor]: ENERGY | remaining=76.3 % | voltage=15.77 V | drain_rate=0.041 %/s | home_distance=9.4 m | return_time=13 s | return_cost=0.5 % | margin_after_return=55.8 %
[INFO] [1790277614.168003206] [sage_energy_monitor]: ENERGY | remaining=76.3 % | voltage=15.77 V | drain_rate=0.041 %/s | home_distance=9.4 m | return_time=13 s | return_cost=0.5 % | margin_after_return=55.7 %
[INFO] [1790277615.174014912] [sage_energy_monitor]: ENERGY | remaining=76.2 % | voltage=15.77 V | drain_rate=0.041 %/s | home_distance=9.8 m | return_time=13 s | return_cost=0.6 % | margin_after_return=55.7 %
[INFO] [1790277616.170579366] [sage_energy_monitor]: ENERGY | remaining=76.2 % | voltage=15.77 V | drain_rate=0.041 %/s | home_distance=10.9 m | return_time=15 s | return_cost=0.6 % | margin_after_return=55.6 %
[INFO] [1790277617.169197582] [sage_energy_monitor]: ENERGY | remaining=76.2 % | voltage=15.77 V | drain_rate=0.041 %/s | home_distance=12.1 m | return_time=16 s | return_cost=0.7 % | margin_after_return=55.5 %
[INFO] [1790277618.173879057] [sage_energy_monitor]: ENERGY | remaining=76.1 % | voltage=15.77 V | drain_rate=0.041 %/s | home_distance=13.3 m | return_time=17 s | return_cost=0.7 % | margin_after_return=55.4 %
[INFO] [1790277619.167097435] [sage_energy_monitor]: ENERGY | remaining=76.1 % | voltage=15.77 V | drain_rate=0.041 %/s | home_distance=13.8 m | return_time=18 s | return_cost=0.7 % | margin_after_return=55.3 %
[INFO] [1790277620.168136335] [sage_energy_monitor]: ENERGY | remaining=76.0 % | voltage=15.77 V | drain_rate=0.041 %/s | home_distance=13.6 m | return_time=18 s | return_cost=0.7 % | margin_after_return=55.3 %
[INFO] [1790277621.167951718] [sage_energy_monitor]: ENERGY | remaining=76.0 % | voltage=15.77 V | drain_rate=0.041 %/s | home_distance=13.4 m | return_time=17 s | return_cost=0.7 % | margin_after_return=55.3 %
[INFO] [1790277622.168902939] [sage_energy_monitor]: ENERGY | remaining=76.0 % | voltage=15.77 V | drain_rate=0.041 %/s | home_distance=13.3 m | return_time=17 s | return_cost=0.7 % | margin_after_return=55.2 %
[INFO] [1790277623.173120031] [sage_energy_monitor]: ENERGY | remaining=75.9 % | voltage=15.77 V | drain_rate=0.041 %/s | home_distance=13.2 m | return_time=17 s | return_cost=0.7 % | margin_after_return=55.2 %
[INFO] [1790277624.168269703] [sage_energy_monitor]: ENERGY | remaining=75.9 % | voltage=15.76 V | drain_rate=0.041 %/s | home_distance=13.1 m | return_time=17 s | return_cost=0.7 % | margin_after_return=55.2 %
[INFO] [1790277625.180828405] [sage_energy_monitor]: ENERGY | remaining=75.8 % | voltage=15.76 V | drain_rate=0.041 %/s | home_distance=13.1 m | return_time=17 s | return_cost=0.7 % | margin_after_return=55.1 %
[INFO] [1790277626.168786445] [sage_energy_monitor]: ENERGY | remaining=75.8 % | voltage=15.76 V | drain_rate=0.041 %/s | home_distance=13.1 m | return_time=17 s | return_cost=0.7 % | margin_after_return=55.1 %
[INFO] [1790277627.168382063] [sage_energy_monitor]: ENERGY | remaining=75.8 % | voltage=15.76 V | drain_rate=0.041 %/s | home_distance=13.0 m | return_time=17 s | return_cost=0.7 % | margin_after_return=55.0 %
[INFO] [1790277628.170024829] [sage_energy_monitor]: ENERGY | remaining=75.7 % | voltage=15.76 V | drain_rate=0.041 %/s | home_distance=13.0 m | return_time=17 s | return_cost=0.7 % | margin_after_return=55.0 %
[INFO] [1790277629.173879458] [sage_energy_monitor]: ENERGY | remaining=75.7 % | voltage=15.76 V | drain_rate=0.041 %/s | home_distance=13.0 m | return_time=17 s | return_cost=0.7 % | margin_after_return=55.0 %
[INFO] [1790277630.170605731] [sage_energy_monitor]: ENERGY | remaining=75.6 % | voltage=15.76 V | drain_rate=0.041 %/s | home_distance=12.5 m | return_time=17 s | return_cost=0.7 % | margin_after_return=54.9 %
[INFO] [1790277631.167184508] [sage_energy_monitor]: ENERGY | remaining=75.6 % | voltage=15.76 V | drain_rate=0.041 %/s | home_distance=11.3 m | return_time=15 s | return_cost=0.6 % | margin_after_return=55.0 %
[INFO] [1790277632.171122486] [sage_energy_monitor]: ENERGY | remaining=75.5 % | voltage=15.76 V | drain_rate=0.041 %/s | home_distance=10.4 m | return_time=14 s | return_cost=0.6 % | margin_after_return=55.0 %
[INFO] [1790277633.175269784] [sage_energy_monitor]: ENERGY | remaining=75.5 % | voltage=15.76 V | drain_rate=0.041 %/s | home_distance=10.0 m | return_time=14 s | return_cost=0.6 % | margin_after_return=54.9 %
[INFO] [1790277634.167900648] [sage_energy_monitor]: ENERGY | remaining=75.5 % | voltage=15.76 V | drain_rate=0.041 %/s | home_distance=10.0 m | return_time=14 s | return_cost=0.6 % | margin_after_return=54.9 %
[INFO] [1790277635.168266131] [sage_energy_monitor]: ENERGY | remaining=75.4 % | voltage=15.76 V | drain_rate=0.041 %/s | home_distance=10.0 m | return_time=14 s | return_cost=0.6 % | margin_after_return=54.8 %
[INFO] [1790277636.167433187] [sage_energy_monitor]: ENERGY | remaining=75.4 % | voltage=15.76 V | drain_rate=0.041 %/s | home_distance=10.0 m | return_time=14 s | return_cost=0.6 % | margin_after_return=54.8 %
[INFO] [1790277637.169675536] [sage_energy_monitor]: ENERGY | remaining=75.3 % | voltage=15.76 V | drain_rate=0.041 %/s | home_distance=10.0 m | return_time=14 s | return_cost=0.6 % | margin_after_return=54.8 %
[INFO] [1790277638.167394763] [sage_energy_monitor]: ENERGY | remaining=75.3 % | voltage=15.75 V | drain_rate=0.041 %/s | home_distance=10.0 m | return_time=14 s | return_cost=0.6 % | margin_after_return=54.7 %
[INFO] [1790277639.168133604] [sage_energy_monitor]: ENERGY | remaining=75.3 % | voltage=15.75 V | drain_rate=0.041 %/s | home_distance=10.0 m | return_time=14 s | return_cost=0.6 % | margin_after_return=54.7 %
[INFO] [1790277640.171897412] [sage_energy_monitor]: ENERGY | remaining=75.2 % | voltage=15.75 V | drain_rate=0.041 %/s | home_distance=10.0 m | return_time=14 s | return_cost=0.6 % | margin_after_return=54.6 %
[INFO] [1790277641.169865916] [sage_energy_monitor]: ENERGY | remaining=75.2 % | voltage=15.75 V | drain_rate=0.041 %/s | home_distance=10.0 m | return_time=14 s | return_cost=0.6 % | margin_after_return=54.6 %
[INFO] [1790277642.171806482] [sage_energy_monitor]: ENERGY | remaining=75.1 % | voltage=15.75 V | drain_rate=0.041 %/s | home_distance=10.0 m | return_time=14 s | return_cost=0.6 % | margin_after_return=54.6 %
[INFO] [1790277643.175034106] [sage_energy_monitor]: ENERGY | remaining=75.1 % | voltage=15.75 V | drain_rate=0.041 %/s | home_distance=9.8 m | return_time=14 s | return_cost=0.6 % | margin_after_return=54.5 %
[INFO] [1790277644.168689492] [sage_energy_monitor]: ENERGY | remaining=75.1 % | voltage=15.75 V | drain_rate=0.041 %/s | home_distance=9.9 m | return_time=14 s | return_cost=0.6 % | margin_after_return=54.5 %
[INFO] [1790277645.173329221] [sage_energy_monitor]: ENERGY | remaining=75.0 % | voltage=15.75 V | drain_rate=0.041 %/s | home_distance=10.3 m | return_time=14 s | return_cost=0.6 % | margin_after_return=54.4 %
[INFO] [1790277646.169675569] [sage_energy_monitor]: ENERGY | remaining=75.0 % | voltage=15.75 V | drain_rate=0.041 %/s | home_distance=10.4 m | return_time=15 s | return_cost=0.6 % | margin_after_return=54.4 %
[INFO] [1790277647.170273695] [sage_energy_monitor]: ENERGY | remaining=74.9 % | voltage=15.75 V | drain_rate=0.041 %/s | home_distance=10.5 m | return_time=15 s | return_cost=0.6 % | margin_after_return=54.3 %
[INFO] [1790277648.172974199] [sage_energy_monitor]: ENERGY | remaining=74.9 % | voltage=15.75 V | drain_rate=0.041 %/s | home_distance=10.5 m | return_time=15 s | return_cost=0.6 % | margin_after_return=54.3 %
[INFO] [1790277649.168056699] [sage_energy_monitor]: ENERGY | remaining=74.8 % | voltage=15.75 V | drain_rate=0.041 %/s | home_distance=10.5 m | return_time=15 s | return_cost=0.6 % | margin_after_return=54.2 %
[INFO] [1790277650.167131698] [sage_energy_monitor]: ENERGY | remaining=74.8 % | voltage=15.75 V | drain_rate=0.041 %/s | home_distance=10.4 m | return_time=15 s | return_cost=0.6 % | margin_after_return=54.2 %
[INFO] [1790277651.172416917] [sage_energy_monitor]: ENERGY | remaining=74.8 % | voltage=15.74 V | drain_rate=0.041 %/s | home_distance=10.4 m | return_time=14 s | return_cost=0.6 % | margin_after_return=54.2 %
[INFO] [1790277652.169872494] [sage_energy_monitor]: ENERGY | remaining=74.7 % | voltage=15.74 V | drain_rate=0.041 %/s | home_distance=10.3 m | return_time=14 s | return_cost=0.6 % | margin_after_return=54.1 %
[INFO] [1790277653.170159954] [sage_energy_monitor]: ENERGY | remaining=74.7 % | voltage=15.74 V | drain_rate=0.041 %/s | home_distance=9.9 m | return_time=14 s | return_cost=0.6 % | margin_after_return=54.1 %
[INFO] [1790277654.167937570] [sage_energy_monitor]: ENERGY | remaining=74.6 % | voltage=15.74 V | drain_rate=0.041 %/s | home_distance=10.1 m | return_time=14 s | return_cost=0.6 % | margin_after_return=54.1 %
[INFO] [1790277655.171921580] [sage_energy_monitor]: ENERGY | remaining=74.6 % | voltage=15.74 V | drain_rate=0.041 %/s | home_distance=10.3 m | return_time=14 s | return_cost=0.6 % | margin_after_return=54.0 %
[INFO] [1790277656.171813216] [sage_energy_monitor]: ENERGY | remaining=74.6 % | voltage=15.74 V | drain_rate=0.041 %/s | home_distance=10.4 m | return_time=14 s | return_cost=0.6 % | margin_after_return=54.0 %
[INFO] [1790277657.174722065] [sage_energy_monitor]: ENERGY | remaining=74.5 % | voltage=15.74 V | drain_rate=0.041 %/s | home_distance=10.4 m | return_time=14 s | return_cost=0.6 % | margin_after_return=53.9 %
[INFO] [1790277658.173054155] [sage_energy_monitor]: ENERGY | remaining=74.5 % | voltage=15.74 V | drain_rate=0.041 %/s | home_distance=10.4 m | return_time=14 s | return_cost=0.6 % | margin_after_return=53.9 %
[INFO] [1790277659.168148439] [sage_energy_monitor]: ENERGY | remaining=74.4 % | voltage=15.74 V | drain_rate=0.041 %/s | home_distance=10.4 m | return_time=14 s | return_cost=0.6 % | margin_after_return=53.9 %
[INFO] [1790277660.169575125] [sage_energy_monitor]: ENERGY | remaining=74.4 % | voltage=15.74 V | drain_rate=0.041 %/s | home_distance=10.4 m | return_time=14 s | return_cost=0.6 % | margin_after_return=53.8 %
[INFO] [1790277661.174784818] [sage_energy_monitor]: ENERGY | remaining=74.4 % | voltage=15.74 V | drain_rate=0.041 %/s | home_distance=10.5 m | return_time=15 s | return_cost=0.6 % | margin_after_return=53.8 %
[INFO] [1790277662.174469846] [sage_energy_monitor]: ENERGY | remaining=74.3 % | voltage=15.74 V | drain_rate=0.041 %/s | home_distance=11.0 m | return_time=15 s | return_cost=0.6 % | margin_after_return=53.7 %
[INFO] [1790277663.169071347] [sage_energy_monitor]: ENERGY | remaining=74.3 % | voltage=15.74 V | drain_rate=0.041 %/s | home_distance=11.9 m | return_time=16 s | return_cost=0.7 % | margin_after_return=53.6 %
[INFO] [1790277664.169162316] [sage_energy_monitor]: ENERGY | remaining=74.2 % | voltage=15.74 V | drain_rate=0.041 %/s | home_distance=12.6 m | return_time=17 s | return_cost=0.7 % | margin_after_return=53.6 %
[INFO] [1790277665.171051056] [sage_energy_monitor]: ENERGY | remaining=74.2 % | voltage=15.73 V | drain_rate=0.041 %/s | home_distance=12.8 m | return_time=17 s | return_cost=0.7 % | margin_after_return=53.5 %
[INFO] [1790277666.170545481] [sage_energy_monitor]: ENERGY | remaining=74.2 % | voltage=15.73 V | drain_rate=0.041 %/s | home_distance=12.8 m | return_time=17 s | return_cost=0.7 % | margin_after_return=53.5 %
[INFO] [1790277667.168588863] [sage_energy_monitor]: ENERGY | remaining=74.1 % | voltage=15.73 V | drain_rate=0.041 %/s | home_distance=12.7 m | return_time=17 s | return_cost=0.7 % | margin_after_return=53.4 %
[INFO] [1790277668.168913489] [sage_energy_monitor]: ENERGY | remaining=74.1 % | voltage=15.73 V | drain_rate=0.041 %/s | home_distance=12.7 m | return_time=17 s | return_cost=0.7 % | margin_after_return=53.4 %
[INFO] [1790277669.171786909] [sage_energy_monitor]: ENERGY | remaining=74.0 % | voltage=15.73 V | drain_rate=0.041 %/s | home_distance=12.7 m | return_time=17 s | return_cost=0.7 % | margin_after_return=53.3 %
[INFO] [1790277670.167408787] [sage_energy_monitor]: ENERGY | remaining=74.0 % | voltage=15.73 V | drain_rate=0.041 %/s | home_distance=12.7 m | return_time=17 s | return_cost=0.7 % | margin_after_return=53.3 %
[INFO] [1790277671.171933610] [sage_energy_monitor]: ENERGY | remaining=73.9 % | voltage=15.73 V | drain_rate=0.041 %/s | home_distance=12.7 m | return_time=17 s | return_cost=0.7 % | margin_after_return=53.3 %
[INFO] [1790277672.178317409] [sage_energy_monitor]: ENERGY | remaining=73.9 % | voltage=15.73 V | drain_rate=0.041 %/s | home_distance=12.7 m | return_time=17 s | return_cost=0.7 % | margin_after_return=53.2 %
[INFO] [1790277673.167371640] [sage_energy_monitor]: ENERGY | remaining=73.9 % | voltage=15.73 V | drain_rate=0.041 %/s | home_distance=12.7 m | return_time=17 s | return_cost=0.7 % | margin_after_return=53.2 %
[INFO] [1790277674.173228482] [sage_energy_monitor]: ENERGY | remaining=73.8 % | voltage=15.73 V | drain_rate=0.041 %/s | home_distance=12.7 m | return_time=17 s | return_cost=0.7 % | margin_after_return=53.1 %
[INFO] [1790277675.172637352] [sage_energy_monitor]: ENERGY | remaining=73.8 % | voltage=15.73 V | drain_rate=0.041 %/s | home_distance=12.3 m | return_time=16 s | return_cost=0.7 % | margin_after_return=53.1 %
[INFO] [1790277676.167375932] [sage_energy_monitor]: ENERGY | remaining=73.7 % | voltage=15.73 V | drain_rate=0.041 %/s | home_distance=11.4 m | return_time=16 s | return_cost=0.6 % | margin_after_return=53.1 %
[INFO] [1790277677.167841353] [sage_energy_monitor]: ENERGY | remaining=73.7 % | voltage=15.73 V | drain_rate=0.041 %/s | home_distance=10.5 m | return_time=15 s | return_cost=0.6 % | margin_after_return=53.1 %
[INFO] [1790277678.171683209] [sage_energy_monitor]: ENERGY | remaining=73.7 % | voltage=15.73 V | drain_rate=0.041 %/s | home_distance=9.5 m | return_time=14 s | return_cost=0.6 % | margin_after_return=53.1 %
[INFO] [1790277679.172160293] [sage_energy_monitor]: ENERGY | remaining=73.6 % | voltage=15.72 V | drain_rate=0.040 %/s | home_distance=8.6 m | return_time=13 s | return_cost=0.5 % | margin_after_return=53.1 %
[INFO] [1790277680.168793287] [sage_energy_monitor]: ENERGY | remaining=73.6 % | voltage=15.72 V | drain_rate=0.040 %/s | home_distance=7.7 m | return_time=12 s | return_cost=0.5 % | margin_after_return=53.1 %
[INFO] [1790277681.177892521] [sage_energy_monitor]: ENERGY | remaining=73.6 % | voltage=15.72 V | drain_rate=0.040 %/s | home_distance=6.7 m | return_time=11 s | return_cost=0.4 % | margin_after_return=53.1 %
[INFO] [1790277682.171730026] [sage_energy_monitor]: ENERGY | remaining=73.5 % | voltage=15.72 V | drain_rate=0.040 %/s | home_distance=5.8 m | return_time=10 s | return_cost=0.4 % | margin_after_return=53.1 %
[INFO] [1790277683.169807689] [sage_energy_monitor]: ENERGY | remaining=73.5 % | voltage=15.72 V | drain_rate=0.040 %/s | home_distance=5.0 m | return_time=9 s | return_cost=0.4 % | margin_after_return=53.1 %
[INFO] [1790277684.169921615] [sage_energy_monitor]: ENERGY | remaining=73.4 % | voltage=15.72 V | drain_rate=0.040 %/s | home_distance=4.2 m | return_time=8 s | return_cost=0.3 % | margin_after_return=53.1 %
[INFO] [1790277685.167544679] [sage_energy_monitor]: ENERGY | remaining=73.4 % | voltage=15.72 V | drain_rate=0.040 %/s | home_distance=3.3 m | return_time=7 s | return_cost=0.3 % | margin_after_return=53.1 %
[INFO] [1790277686.169471834] [sage_energy_monitor]: ENERGY | remaining=73.4 % | voltage=15.72 V | drain_rate=0.040 %/s | home_distance=2.4 m | return_time=6 s | return_cost=0.3 % | margin_after_return=53.1 %
[INFO] [1790277687.169485939] [sage_energy_monitor]: ENERGY | remaining=73.3 % | voltage=15.72 V | drain_rate=0.039 %/s | home_distance=1.5 m | return_time=6 s | return_cost=0.2 % | margin_after_return=53.1 %
[INFO] [1790277688.169746559] [sage_energy_monitor]: ENERGY | remaining=73.3 % | voltage=15.72 V | drain_rate=0.040 %/s | home_distance=0.7 m | return_time=5 s | return_cost=0.2 % | margin_after_return=53.1 %
[INFO] [1790277689.168553131] [sage_energy_monitor]: ENERGY | remaining=73.3 % | voltage=15.72 V | drain_rate=0.039 %/s | home_distance=0.2 m | return_time=4 s | return_cost=0.2 % | margin_after_return=53.1 %
[INFO] [1790277690.170247869] [sage_energy_monitor]: ENERGY | remaining=73.2 % | voltage=15.72 V | drain_rate=0.039 %/s | home_distance=0.1 m | return_time=4 s | return_cost=0.1 % | margin_after_return=53.1 %
[INFO] [1790277691.170010183] [sage_energy_monitor]: ENERGY | remaining=73.2 % | voltage=15.72 V | drain_rate=0.039 %/s | home_distance=0.1 m | return_time=3 s | return_cost=0.1 % | margin_after_return=53.1 %
[INFO] [1790277692.169952268] [sage_energy_monitor]: ENERGY | remaining=73.2 % | voltage=15.72 V | drain_rate=0.039 %/s | home_distance=0.2 m | return_time=2 s | return_cost=0.1 % | margin_after_return=53.1 %
[INFO] [1790277693.169379020] [sage_energy_monitor]: ENERGY | remaining=73.1 % | voltage=15.72 V | drain_rate=0.039 %/s | home_distance=0.2 m | return_time=1 s | return_cost=0.1 % | margin_after_return=53.1 %
[INFO] [1790277694.168448970] [sage_energy_monitor]: ENERGY | remaining=73.1 % | voltage=15.71 V | drain_rate=0.039 %/s | home_distance=0.2 m | return_time=0 s | return_cost=0.0 % | margin_after_return=53.1 %
[INFO] [1790277695.169464645] [sage_energy_monitor]: ENERGY | remaining=73.0 % | voltage=15.71 V | drain_rate=0.038 %/s | home_distance=0.2 m | return_time=1 s | return_cost=0.0 % | margin_after_return=53.0 %
[INFO] [1790277696.170612339] [sage_energy_monitor]: ENERGY | remaining=73.0 % | voltage=15.71 V | drain_rate=0.038 %/s | home_distance=0.2 m | return_time=1 s | return_cost=0.0 % | margin_after_return=53.0 %
[INFO] [1790277697.168328641] [sage_energy_monitor]: ENERGY | remaining=74.0 % | voltage=16.20 V | drain_rate=0.003 %/s | home_distance=0.3 m | return_time=1 s | return_cost=0.0 % | margin_after_return=54.0 %
[INFO] [1790277698.169242081] [sage_energy_monitor]: ENERGY | remaining=86.9 % | voltage=16.20 V | drain_rate=0.000 %/s | home_distance=0.3 m | return_time=1 s | return_cost=0.0 % | margin_after_return=66.9 %
[INFO] [1790277699.170177494] [sage_energy_monitor]: ENERGY | remaining=93.4 % | voltage=16.20 V | drain_rate=0.000 %/s | home_distance=0.3 m | return_time=1 s | return_cost=0.0 % | margin_after_return=73.4 %
