[INFO] [1790277105.254521629] [sage_mission_manager]: SAGE Mission Manager started.
[INFO] [1790277105.261103422] [sage_mission_manager]: Validation-only mode: NO PX4 flight commands.
[INFO] [1790277105.261886283] [sage_mission_manager]: Validated viewpoint output: /sage/mission/validated_viewpoint
[INFO] [1790277117.227242000] [sage_mission_manager]: VIEWPOINT ACCEPTED | position=(0.33, 0.60, -2.00) | distance_from_uav=0.70 m
[INFO] [1790277117.227848259] [sage_mission_manager]: VALIDATED VIEWPOINT PUBLISHED
[INFO] [1790277117.432308856] [sage_mission_manager]: VIEWPOINT ACCEPTED | position=(0.66, 1.22, -2.00) | distance_from_uav=1.40 m
[INFO] [1790277117.434574676] [sage_mission_manager]: VALIDATED VIEWPOINT PUBLISHED
[INFO] [1790277117.633123194] [sage_mission_manager]: VIEWPOINT ACCEPTED | position=(0.99, 1.84, -2.00) | distance_from_uav=2.09 m
[INFO] [1790277117.633870400] [sage_mission_manager]: VALIDATED VIEWPOINT PUBLISHED
[INFO] [1790277117.833436777] [sage_mission_manager]: VIEWPOINT ACCEPTED | position=(1.31, 2.46, -2.00) | distance_from_uav=2.75 m
[INFO] [1790277117.834001389] [sage_mission_manager]: VALIDATED VIEWPOINT PUBLISHED
[INFO] [1790277118.032292566] [sage_mission_manager]: VIEWPOINT ACCEPTED | position=(1.64, 3.08, -2.00) | distance_from_uav=3.34 m
[INFO] [1790277118.038825888] [sage_mission_manager]: VALIDATED VIEWPOINT PUBLISHED
[INFO] [1790277118.230955651] [sage_mission_manager]: VIEWPOINT ACCEPTED | position=(1.64, 3.08, -2.00) | distance_from_uav=3.18 m
[INFO] [1790277118.231669327] [sage_mission_manager]: VALIDATED VIEWPOINT PUBLISHED
[INFO] [1790277118.434650592] [sage_mission_manager]: VIEWPOINT ACCEPTED | position=(1.96, 3.70, -2.00) | distance_from_uav=3.64 m
[INFO] [1790277118.435237222] [sage_mission_manager]: VALIDATED VIEWPOINT PUBLISHED
[INFO] [1790277118.634000808] [sage_mission_manager]: VIEWPOINT ACCEPTED | position=(1.96, 3.70, -2.00) | distance_from_uav=3.32 m
[INFO] [1790277118.640852436] [sage_mission_manager]: VALIDATED VIEWPOINT PUBLISHED
[INFO] [1790277118.838854497] [sage_mission_manager]: VIEWPOINT ACCEPTED | position=(2.29, 4.32, -2.00) | distance_from_uav=3.64 m
[INFO] [1790277118.839793987] [sage_mission_manager]: VALIDATED VIEWPOINT PUBLISHED
[INFO] [1790277119.035422151] [sage_mission_manager]: VIEWPOINT ACCEPTED | position=(2.29, 4.32, -2.00) | distance_from_uav=3.20 m
[INFO] [1790277119.036508517] [sage_mission_manager]: VALIDATED VIEWPOINT PUBLISHED
[INFO] [1790277119.224156962] [sage_mission_manager]: VIEWPOINT ACCEPTED | position=(2.39, 4.50, -2.00) | distance_from_uav=3.01 m
[INFO] [1790277119.224722372] [sage_mission_manager]: VALIDATED VIEWPOINT PUBLISHED
[INFO] [1790277119.430886354] [sage_mission_manager]: VIEWPOINT ACCEPTED | position=(2.39, 4.50, -2.00) | distance_from_uav=2.62 m
[INFO] [1790277119.434870843] [sage_mission_manager]: VALIDATED VIEWPOINT PUBLISHED
[INFO] [1790277119.626682771] [sage_mission_manager]: VIEWPOINT ACCEPTED | position=(2.39, 4.50, -2.00) | distance_from_uav=2.17 m
[INFO] [1790277119.627278772] [sage_mission_manager]: VALIDATED VIEWPOINT PUBLISHED
[INFO] [1790277119.830431524] [sage_mission_manager]: VIEWPOINT ACCEPTED | position=(2.39, 4.50, -2.00) | distance_from_uav=1.74 m
[INFO] [1790277119.831020897] [sage_mission_manager]: VALIDATED VIEWPOINT PUBLISHED
[INFO] [1790277120.025386208] [sage_mission_manager]: VIEWPOINT ACCEPTED | position=(2.39, 4.50, -2.00) | distance_from_uav=1.49 m
[INFO] [1790277120.030555781] [sage_mission_manager]: VALIDATED VIEWPOINT PUBLISHED
[INFO] [1790277120.235632583] [sage_mission_manager]: VIEWPOINT ACCEPTED | position=(2.39, 4.50, -2.00) | distance_from_uav=1.18 m
[INFO] [1790277120.236373950] [sage_mission_manager]: VALIDATED VIEWPOINT PUBLISHED
[INFO] [1790277120.424489203] [sage_mission_manager]: VIEWPOINT ACCEPTED | position=(2.39, 4.50, -2.00) | distance_from_uav=1.00 m
[INFO] [1790277120.425123599] [sage_mission_manager]: VALIDATED VIEWPOINT PUBLISHED
[INFO] [1790277120.625060275] [sage_mission_manager]: VIEWPOINT ACCEPTED | position=(2.39, 4.50, -2.00) | distance_from_uav=0.83 m
[INFO] [1790277120.626965169] [sage_mission_manager]: VALIDATED VIEWPOINT PUBLISHED
[INFO] [1790277120.824878645] [sage_mission_manager]: VIEWPOINT ACCEPTED | position=(2.39, 4.50, -2.00) | distance_from_uav=0.73 m
[INFO] [1790277120.825449473] [sage_mission_manager]: VALIDATED VIEWPOINT PUBLISHED
[INFO] [1790277121.031949786] [sage_mission_manager]: VIEWPOINT ACCEPTED | position=(2.39, 4.50, -2.00) | distance_from_uav=0.64 m
[INFO] [1790277121.032729304] [sage_mission_manager]: VALIDATED VIEWPOINT PUBLISHED
[INFO] [1790277121.223615647] [sage_mission_manager]: VIEWPOINT ACCEPTED | position=(2.39, 4.50, -2.00) | distance_from_uav=0.60 m
[INFO] [1790277121.226610785] [sage_mission_manager]: VALIDATED VIEWPOINT PUBLISHED
[INFO] [1790277121.435839309] [sage_mission_manager]: VIEWPOINT ACCEPTED | position=(2.39, 4.50, -2.00) | distance_from_uav=0.57 m
[INFO] [1790277121.436611697] [sage_mission_manager]: VALIDATED VIEWPOINT PUBLISHED
[INFO] [1790277121.629502576] [sage_mission_manager]: VIEWPOINT ACCEPTED | position=(2.39, 4.50, -2.00) | distance_from_uav=0.54 m
[INFO] [1790277121.632308414] [sage_mission_manager]: VALIDATED VIEWPOINT PUBLISHED
[INFO] [1790277121.828833533] [sage_mission_manager]: VIEWPOINT ACCEPTED | position=(2.39, 4.50, -2.00) | distance_from_uav=0.51 m
[INFO] [1790277121.833849899] [sage_mission_manager]: VALIDATED VIEWPOINT PUBLISHED
[INFO] [1790277122.031075335] [sage_mission_manager]: VIEWPOINT ACCEPTED | position=(2.39, 4.50, -2.00) | distance_from_uav=0.48 m
[INFO] [1790277122.032021713] [sage_mission_manager]: VALIDATED VIEWPOINT PUBLISHED
[INFO] [1790277122.236652348] [sage_mission_manager]: VIEWPOINT ACCEPTED | position=(2.39, 4.50, -2.00) | distance_from_uav=0.44 m
[INFO] [1790277122.237353050] [sage_mission_manager]: VALIDATED VIEWPOINT PUBLISHED
[INFO] [1790277122.425488079] [sage_mission_manager]: VIEWPOINT ACCEPTED | position=(2.39, 4.50, -2.00) | distance_from_uav=0.41 m
[INFO] [1790277122.429641538] [sage_mission_manager]: VALIDATED VIEWPOINT PUBLISHED
[INFO] [1790277122.626596962] [sage_mission_manager]: VIEWPOINT ACCEPTED | position=(2.39, 4.50, -2.00) | distance_from_uav=0.37 m
[INFO] [1790277122.630872248] [sage_mission_manager]: VALIDATED VIEWPOINT PUBLISHED
[INFO] [1790277122.831806771] [sage_mission_manager]: VIEWPOINT ACCEPTED | position=(2.39, 4.50, -2.00) | distance_from_uav=0.31 m
[INFO] [1790277122.833190525] [sage_mission_manager]: VALIDATED VIEWPOINT PUBLISHED
[INFO] [1790277122.839269747] [sage_mission_manager]: VIEWPOINT ACCEPTED | position=(2.39, 4.50, -2.00) | distance_from_uav=0.31 m
[INFO] [1790277122.840258532] [sage_mission_manager]: VALIDATED VIEWPOINT PUBLISHED
[INFO] [1790277123.028694599] [sage_mission_manager]: VIEWPOINT ACCEPTED | position=(2.39, 4.50, -2.00) | distance_from_uav=0.25 m
[INFO] [1790277123.029472999] [sage_mission_manager]: VALIDATED VIEWPOINT PUBLISHED
[INFO] [1790277123.237954605] [sage_mission_manager]: VIEWPOINT ACCEPTED | position=(2.39, 4.50, -2.00) | distance_from_uav=0.20 m
[INFO] [1790277123.238797200] [sage_mission_manager]: VALIDATED VIEWPOINT PUBLISHED
[INFO] [1790277123.425257910] [sage_mission_manager]: VIEWPOINT ACCEPTED | position=(2.39, 4.50, -2.00) | distance_from_uav=0.15 m
[INFO] [1790277123.425805485] [sage_mission_manager]: VALIDATED VIEWPOINT PUBLISHED
[INFO] [1790277123.632117827] [sage_mission_manager]: VIEWPOINT ACCEPTED | position=(2.39, 4.50, -2.00) | distance_from_uav=0.12 m
[INFO] [1790277123.636758544] [sage_mission_manager]: VALIDATED VIEWPOINT PUBLISHED
[INFO] [1790277123.830576258] [sage_mission_manager]: VIEWPOINT ACCEPTED | position=(2.39, 4.50, -2.00) | distance_from_uav=0.09 m
[INFO] [1790277123.831282136] [sage_mission_manager]: VALIDATED VIEWPOINT PUBLISHED
[INFO] [1790277124.025563172] [sage_mission_manager]: VIEWPOINT ACCEPTED | position=(1.93, 3.97, -2.00) | distance_from_uav=0.77 m
[INFO] [1790277124.027362666] [sage_mission_manager]: VALIDATED VIEWPOINT PUBLISHED
[INFO] [1790277124.234479684] [sage_mission_manager]: VIEWPOINT ACCEPTED | position=(1.48, 3.44, -2.00) | distance_from_uav=1.44 m
[INFO] [1790277124.235032871] [sage_mission_manager]: VALIDATED VIEWPOINT PUBLISHED
[INFO] [1790277124.428921134] [sage_mission_manager]: VIEWPOINT ACCEPTED | position=(1.02, 2.90, -2.00) | distance_from_uav=2.11 m
[INFO] [1790277124.432217303] [sage_mission_manager]: VALIDATED VIEWPOINT PUBLISHED
[INFO] [1790277124.624805502] [sage_mission_manager]: VIEWPOINT ACCEPTED | position=(0.57, 2.37, -2.00) | distance_from_uav=2.74 m
[INFO] [1790277124.625834003] [sage_mission_manager]: VALIDATED VIEWPOINT PUBLISHED
[INFO] [1790277124.837689026] [sage_mission_manager]: VIEWPOINT ACCEPTED | position=(0.11, 1.84, -2.00) | distance_from_uav=3.33 m
[INFO] [1790277124.838280163] [sage_mission_manager]: VALIDATED VIEWPOINT PUBLISHED
[INFO] [1790277125.024996475] [sage_mission_manager]: VIEWPOINT ACCEPTED | position=(0.11, 1.84, -2.00) | distance_from_uav=3.13 m
[INFO] [1790277125.025732979] [sage_mission_manager]: VALIDATED VIEWPOINT PUBLISHED
[INFO] [1790277125.230292371] [sage_mission_manager]: VIEWPOINT ACCEPTED | position=(-0.03, 1.67, -2.00) | distance_from_uav=3.09 m
[INFO] [1790277125.234355566] [sage_mission_manager]: VALIDATED VIEWPOINT PUBLISHED
[INFO] [1790277125.423791274] [sage_mission_manager]: VIEWPOINT ACCEPTED | position=(-0.03, 1.67, -2.00) | distance_from_uav=2.70 m
[INFO] [1790277125.424368143] [sage_mission_manager]: VALIDATED VIEWPOINT PUBLISHED
[INFO] [1790277125.624663910] [sage_mission_manager]: VIEWPOINT ACCEPTED | position=(-0.03, 1.67, -2.00) | distance_from_uav=2.30 m
[INFO] [1790277125.625250592] [sage_mission_manager]: VALIDATED VIEWPOINT PUBLISHED
[INFO] [1790277125.828524807] [sage_mission_manager]: VIEWPOINT ACCEPTED | position=(-0.03, 1.67, -2.00) | distance_from_uav=1.87 m
[INFO] [1790277125.829711980] [sage_mission_manager]: VALIDATED VIEWPOINT PUBLISHED
[INFO] [1790277126.030274638] [sage_mission_manager]: VIEWPOINT ACCEPTED | position=(-0.03, 1.67, -2.00) | distance_from_uav=1.50 m
[INFO] [1790277126.031006457] [sage_mission_manager]: VALIDATED VIEWPOINT PUBLISHED
[INFO] [1790277126.235542972] [sage_mission_manager]: VIEWPOINT ACCEPTED | position=(-0.03, 1.67, -2.00) | distance_from_uav=1.09 m
[INFO] [1790277126.236401322] [sage_mission_manager]: VALIDATED VIEWPOINT PUBLISHED
[INFO] [1790277126.424319682] [sage_mission_manager]: VIEWPOINT ACCEPTED | position=(-0.03, 1.67, -2.00) | distance_from_uav=0.79 m
[INFO] [1790277126.428082087] [sage_mission_manager]: VALIDATED VIEWPOINT PUBLISHED
[INFO] [1790277126.627396205] [sage_mission_manager]: VIEWPOINT ACCEPTED | position=(-0.03, 1.67, -2.00) | distance_from_uav=0.53 m
[INFO] [1790277126.629360613] [sage_mission_manager]: VALIDATED VIEWPOINT PUBLISHED
[INFO] [1790277126.826745779] [sage_mission_manager]: VIEWPOINT ACCEPTED | position=(-0.03, 1.67, -2.00) | distance_from_uav=0.35 m
[INFO] [1790277126.827507208] [sage_mission_manager]: VALIDATED VIEWPOINT PUBLISHED
[INFO] [1790277127.028878386] [sage_mission_manager]: VIEWPOINT ACCEPTED | position=(-0.03, 1.67, -2.00) | distance_from_uav=0.26 m
[INFO] [1790277127.029772097] [sage_mission_manager]: VALIDATED VIEWPOINT PUBLISHED
[INFO] [1790277127.226883685] [sage_mission_manager]: VIEWPOINT ACCEPTED | position=(-0.52, 2.17, -2.00) | distance_from_uav=0.48 m
[INFO] [1790277127.229898065] [sage_mission_manager]: VALIDATED VIEWPOINT PUBLISHED
[INFO] [1790277127.426393013] [sage_mission_manager]: VIEWPOINT ACCEPTED | position=(-1.01, 2.67, -2.00) | distance_from_uav=1.23 m
[INFO] [1790277127.426938783] [sage_mission_manager]: VALIDATED VIEWPOINT PUBLISHED
[INFO] [1790277127.833447980] [sage_mission_manager]: VIEWPOINT ACCEPTED | position=(-0.02, 0.96, -2.00) | distance_from_uav=0.70 m
[INFO] [1790277127.834967815] [sage_mission_manager]: VALIDATED VIEWPOINT PUBLISHED
[INFO] [1790277128.030986133] [sage_mission_manager]: VIEWPOINT ACCEPTED | position=(0.34, 0.36, -2.00) | distance_from_uav=1.43 m
[INFO] [1790277128.032005669] [sage_mission_manager]: VALIDATED VIEWPOINT PUBLISHED
[INFO] [1790277128.240158311] [sage_mission_manager]: VIEWPOINT ACCEPTED | position=(0.70, -0.24, -2.00) | distance_from_uav=2.20 m
[INFO] [1790277128.241030908] [sage_mission_manager]: VALIDATED VIEWPOINT PUBLISHED
[INFO] [1790277128.443524655] [sage_mission_manager]: VIEWPOINT ACCEPTED | position=(-0.76, 2.26, -2.00) | distance_from_uav=0.70 m
[INFO] [1790277128.448100947] [sage_mission_manager]: VALIDATED VIEWPOINT PUBLISHED
[INFO] [1790277128.631601844] [sage_mission_manager]: VIEWPOINT ACCEPTED | position=(-0.89, 2.95, -2.00) | distance_from_uav=1.43 m
[INFO] [1790277128.634053240] [sage_mission_manager]: VALIDATED VIEWPOINT PUBLISHED
[INFO] [1790277128.826344080] [sage_mission_manager]: VIEWPOINT ACCEPTED | position=(-1.01, 3.64, -2.00) | distance_from_uav=2.18 m
[INFO] [1790277128.827059192] [sage_mission_manager]: VALIDATED VIEWPOINT PUBLISHED
[INFO] [1790277129.031733420] [sage_mission_manager]: VIEWPOINT ACCEPTED | position=(-1.14, 4.32, -2.00) | distance_from_uav=2.91 m
[INFO] [1790277129.033801994] [sage_mission_manager]: VALIDATED VIEWPOINT PUBLISHED
[INFO] [1790277129.233343341] [sage_mission_manager]: VIEWPOINT ACCEPTED | position=(-1.26, 5.01, -2.00) | distance_from_uav=3.55 m
[INFO] [1790277129.233916329] [sage_mission_manager]: VALIDATED VIEWPOINT PUBLISHED
[INFO] [1790277129.426874514] [sage_mission_manager]: VIEWPOINT ACCEPTED | position=(-1.26, 5.01, -2.00) | distance_from_uav=3.39 m
[INFO] [1790277129.427771018] [sage_mission_manager]: VALIDATED VIEWPOINT PUBLISHED
[INFO] [1790277129.628577174] [sage_mission_manager]: VIEWPOINT ACCEPTED | position=(-1.26, 5.01, -2.00) | distance_from_uav=3.16 m
[INFO] [1790277129.629245565] [sage_mission_manager]: VALIDATED VIEWPOINT PUBLISHED
[INFO] [1790277129.830335580] [sage_mission_manager]: VIEWPOINT ACCEPTED | position=(-1.39, 5.70, -2.00) | distance_from_uav=3.57 m
[INFO] [1790277129.832212560] [sage_mission_manager]: VALIDATED VIEWPOINT PUBLISHED
[INFO] [1790277130.026069932] [sage_mission_manager]: VIEWPOINT ACCEPTED | position=(-1.39, 5.70, -2.00) | distance_from_uav=3.23 m
[INFO] [1790277130.026610299] [sage_mission_manager]: VALIDATED VIEWPOINT PUBLISHED
[INFO] [1790277130.228187607] [sage_mission_manager]: VIEWPOINT ACCEPTED | position=(-1.49, 6.26, -2.00) | distance_from_uav=3.41 m
[INFO] [1790277130.234465149] [sage_mission_manager]: VALIDATED VIEWPOINT PUBLISHED
[INFO] [1790277130.426113022] [sage_mission_manager]: VIEWPOINT ACCEPTED | position=(-1.49, 6.26, -2.00) | distance_from_uav=3.02 m
[INFO] [1790277130.426884389] [sage_mission_manager]: VALIDATED VIEWPOINT PUBLISHED
[INFO] [1790277130.625673442] [sage_mission_manager]: VIEWPOINT ACCEPTED | position=(-1.49, 6.26, -2.00) | distance_from_uav=2.66 m
[INFO] [1790277130.626773168] [sage_mission_manager]: VALIDATED VIEWPOINT PUBLISHED
[INFO] [1790277130.828718181] [sage_mission_manager]: VIEWPOINT ACCEPTED | position=(-1.49, 6.26, -2.00) | distance_from_uav=2.29 m
[INFO] [1790277130.830883858] [sage_mission_manager]: VALIDATED VIEWPOINT PUBLISHED
[INFO] [1790277131.025800386] [sage_mission_manager]: VIEWPOINT ACCEPTED | position=(-1.49, 6.26, -2.00) | distance_from_uav=1.92 m
[INFO] [1790277131.026435220] [sage_mission_manager]: VALIDATED VIEWPOINT PUBLISHED
[INFO] [1790277131.227281947] [sage_mission_manager]: VIEWPOINT ACCEPTED | position=(-1.49, 6.26, -2.00) | distance_from_uav=1.60 m
[INFO] [1790277131.228092985] [sage_mission_manager]: VALIDATED VIEWPOINT PUBLISHED
[INFO] [1790277131.426699257] [sage_mission_manager]: VIEWPOINT ACCEPTED | position=(-1.49, 6.26, -2.00) | distance_from_uav=1.30 m
[INFO] [1790277131.428448958] [sage_mission_manager]: VALIDATED VIEWPOINT PUBLISHED
[INFO] [1790277131.627422064] [sage_mission_manager]: VIEWPOINT ACCEPTED | position=(-1.49, 6.26, -2.00) | distance_from_uav=1.01 m
[INFO] [1790277131.628124859] [sage_mission_manager]: VALIDATED VIEWPOINT PUBLISHED
[INFO] [1790277131.831123892] [sage_mission_manager]: VIEWPOINT ACCEPTED | position=(-1.49, 6.26, -2.00) | distance_from_uav=0.80 m
[INFO] [1790277131.831871084] [sage_mission_manager]: VALIDATED VIEWPOINT PUBLISHED
[INFO] [1790277132.025001206] [sage_mission_manager]: VIEWPOINT ACCEPTED | position=(-1.49, 6.26, -2.00) | distance_from_uav=0.56 m
[INFO] [1790277132.025839651] [sage_mission_manager]: VALIDATED VIEWPOINT PUBLISHED
[INFO] [1790277132.235616837] [sage_mission_manager]: VIEWPOINT ACCEPTED | position=(-1.49, 6.26, -2.00) | distance_from_uav=0.41 m
[INFO] [1790277132.240109337] [sage_mission_manager]: VALIDATED VIEWPOINT PUBLISHED
[INFO] [1790277132.429480533] [sage_mission_manager]: VIEWPOINT ACCEPTED | position=(-1.49, 6.26, -2.00) | distance_from_uav=0.29 m
[INFO] [1790277132.430078204] [sage_mission_manager]: VALIDATED VIEWPOINT PUBLISHED
[INFO] [1790277132.627648187] [sage_mission_manager]: VIEWPOINT ACCEPTED | position=(-1.39, 6.95, -2.00) | distance_from_uav=0.82 m
[INFO] [1790277132.633978687] [sage_mission_manager]: VALIDATED VIEWPOINT PUBLISHED
[INFO] [1790277132.825110998] [sage_mission_manager]: VIEWPOINT ACCEPTED | position=(-1.28, 7.64, -2.00) | distance_from_uav=1.46 m
[INFO] [1790277132.828196106] [sage_mission_manager]: VALIDATED VIEWPOINT PUBLISHED
[INFO] [1790277133.025663556] [sage_mission_manager]: VIEWPOINT ACCEPTED | position=(-1.23, 7.99, -2.00) | distance_from_uav=1.75 m
[INFO] [1790277133.026264125] [sage_mission_manager]: VALIDATED VIEWPOINT PUBLISHED
[INFO] [1790277133.224804006] [sage_mission_manager]: VIEWPOINT ACCEPTED | position=(-1.23, 7.99, -2.00) | distance_from_uav=1.69 m
[INFO] [1790277133.225404858] [sage_mission_manager]: VALIDATED VIEWPOINT PUBLISHED
[INFO] [1790277133.427539284] [sage_mission_manager]: VIEWPOINT ACCEPTED | position=(-1.23, 7.99, -2.00) | distance_from_uav=1.59 m
[INFO] [1790277133.430458737] [sage_mission_manager]: VALIDATED VIEWPOINT PUBLISHED
[INFO] [1790277133.627432215] [sage_mission_manager]: VIEWPOINT ACCEPTED | position=(-1.23, 7.99, -2.00) | distance_from_uav=1.45 m
[INFO] [1790277133.628221043] [sage_mission_manager]: VALIDATED VIEWPOINT PUBLISHED
[INFO] [1790277133.826533303] [sage_mission_manager]: VIEWPOINT ACCEPTED | position=(-1.23, 7.99, -2.00) | distance_from_uav=1.30 m
[INFO] [1790277133.827939028] [sage_mission_manager]: VALIDATED VIEWPOINT PUBLISHED
[INFO] [1790277134.033225661] [sage_mission_manager]: VIEWPOINT ACCEPTED | position=(-1.23, 7.99, -2.00) | distance_from_uav=1.09 m
[INFO] [1790277134.034685091] [sage_mission_manager]: VALIDATED VIEWPOINT PUBLISHED
[INFO] [1790277134.224174333] [sage_mission_manager]: VIEWPOINT ACCEPTED | position=(-1.23, 7.99, -2.00) | distance_from_uav=0.92 m
[INFO] [1790277134.226095902] [sage_mission_manager]: VALIDATED VIEWPOINT PUBLISHED
[INFO] [1790277134.433661819] [sage_mission_manager]: VIEWPOINT ACCEPTED | position=(-1.23, 7.99, -2.00) | distance_from_uav=0.73 m
[INFO] [1790277134.434437900] [sage_mission_manager]: VALIDATED VIEWPOINT PUBLISHED
[INFO] [1790277134.636689240] [sage_mission_manager]: VIEWPOINT ACCEPTED | position=(-1.23, 7.99, -2.00) | distance_from_uav=0.57 m
[INFO] [1790277134.639082015] [sage_mission_manager]: VALIDATED VIEWPOINT PUBLISHED
[INFO] [1790277134.825100580] [sage_mission_manager]: VIEWPOINT ACCEPTED | position=(-1.23, 7.99, -2.00) | distance_from_uav=0.43 m
[INFO] [1790277134.826637463] [sage_mission_manager]: VALIDATED VIEWPOINT PUBLISHED
[INFO] [1790277135.025913789] [sage_mission_manager]: VIEWPOINT ACCEPTED | position=(-1.23, 7.99, -2.00) | distance_from_uav=0.30 m
[INFO] [1790277135.026522840] [sage_mission_manager]: VALIDATED VIEWPOINT PUBLISHED
[INFO] [1790277135.225073340] [sage_mission_manager]: VIEWPOINT ACCEPTED | position=(-1.72, 7.49, -2.00) | distance_from_uav=0.57 m
[INFO] [1790277135.225905486] [sage_mission_manager]: VALIDATED VIEWPOINT PUBLISHED
[INFO] [1790277135.424468811] [sage_mission_manager]: VIEWPOINT ACCEPTED | position=(-2.22, 7.00, -2.00) | distance_from_uav=1.34 m
[INFO] [1790277135.426963091] [sage_mission_manager]: VALIDATED VIEWPOINT PUBLISHED
[INFO] [1790277135.631409624] [sage_mission_manager]: VIEWPOINT ACCEPTED | position=(-2.71, 6.50, -2.00) | distance_from_uav=2.08 m
[INFO] [1790277135.632012679] [sage_mission_manager]: VALIDATED VIEWPOINT PUBLISHED
[INFO] [1790277135.827465732] [sage_mission_manager]: VIEWPOINT ACCEPTED | position=(-3.21, 6.01, -2.00) | distance_from_uav=2.80 m
[INFO] [1790277135.828200735] [sage_mission_manager]: VALIDATED VIEWPOINT PUBLISHED
[INFO] [1790277136.025175029] [sage_mission_manager]: VIEWPOINT ACCEPTED | position=(-3.70, 5.51, -2.00) | distance_from_uav=3.44 m
[INFO] [1790277136.025818040] [sage_mission_manager]: VALIDATED VIEWPOINT PUBLISHED
[INFO] [1790277136.223392176] [sage_mission_manager]: VIEWPOINT ACCEPTED | position=(-3.70, 5.51, -2.00) | distance_from_uav=3.33 m
[INFO] [1790277136.224414686] [sage_mission_manager]: VALIDATED VIEWPOINT PUBLISHED
[INFO] [1790277136.425501478] [sage_mission_manager]: VIEWPOINT ACCEPTED | position=(-3.70, 5.51, -2.00) | distance_from_uav=3.12 m
[INFO] [1790277136.428172351] [sage_mission_manager]: VALIDATED VIEWPOINT PUBLISHED
[INFO] [1790277136.626233601] [sage_mission_manager]: VIEWPOINT ACCEPTED | position=(-4.20, 5.02, -2.00) | distance_from_uav=3.52 m
[INFO] [1790277136.626841142] [sage_mission_manager]: VALIDATED VIEWPOINT PUBLISHED
[INFO] [1790277136.828007875] [sage_mission_manager]: VIEWPOINT ACCEPTED | position=(-4.20, 5.02, -2.00) | distance_from_uav=3.15 m
[INFO] [1790277136.830641741] [sage_mission_manager]: VALIDATED VIEWPOINT PUBLISHED
[INFO] [1790277137.032730382] [sage_mission_manager]: VIEWPOINT ACCEPTED | position=(-4.23, 4.99, -2.00) | distance_from_uav=2.80 m
[INFO] [1790277137.035185351] [sage_mission_manager]: VALIDATED VIEWPOINT PUBLISHED
[INFO] [1790277137.234451176] [sage_mission_manager]: VIEWPOINT ACCEPTED | position=(-4.23, 4.99, -2.00) | distance_from_uav=2.38 m
[INFO] [1790277137.235275085] [sage_mission_manager]: VALIDATED VIEWPOINT PUBLISHED
[INFO] [1790277137.424659181] [sage_mission_manager]: VIEWPOINT ACCEPTED | position=(-4.23, 4.99, -2.00) | distance_from_uav=1.99 m
[INFO] [1790277137.425613376] [sage_mission_manager]: VALIDATED VIEWPOINT PUBLISHED
[INFO] [1790277137.624864379] [sage_mission_manager]: VIEWPOINT ACCEPTED | position=(-4.23, 4.99, -2.00) | distance_from_uav=1.61 m
[INFO] [1790277137.625452050] [sage_mission_manager]: VALIDATED VIEWPOINT PUBLISHED
[INFO] [1790277137.832319990] [sage_mission_manager]: VIEWPOINT ACCEPTED | position=(-4.23, 4.99, -2.00) | distance_from_uav=1.29 m
[INFO] [1790277137.833620053] [sage_mission_manager]: VALIDATED VIEWPOINT PUBLISHED
[INFO] [1790277138.024737011] [sage_mission_manager]: VIEWPOINT ACCEPTED | position=(-4.23, 4.99, -2.00) | distance_from_uav=0.99 m
[INFO] [1790277138.025484013] [sage_mission_manager]: VALIDATED VIEWPOINT PUBLISHED
[INFO] [1790277138.238011318] [sage_mission_manager]: VIEWPOINT ACCEPTED | position=(-4.23, 4.99, -2.00) | distance_from_uav=0.73 m
[INFO] [1790277138.238877481] [sage_mission_manager]: VALIDATED VIEWPOINT PUBLISHED
[INFO] [1790277138.433410404] [sage_mission_manager]: VIEWPOINT ACCEPTED | position=(-4.23, 4.99, -2.00) | distance_from_uav=0.53 m
[INFO] [1790277138.436501013] [sage_mission_manager]: VALIDATED VIEWPOINT PUBLISHED
[INFO] [1790277138.834234431] [sage_mission_manager]: VIEWPOINT ACCEPTED | position=(-4.59, 5.94, -2.00) | distance_from_uav=0.70 m
[INFO] [1790277138.835151014] [sage_mission_manager]: VALIDATED VIEWPOINT PUBLISHED
[INFO] [1790277139.026374593] [sage_mission_manager]: VIEWPOINT ACCEPTED | position=(-4.71, 6.23, -2.00) | distance_from_uav=1.07 m
[INFO] [1790277139.026915156] [sage_mission_manager]: VALIDATED VIEWPOINT PUBLISHED
[INFO] [1790277139.224766440] [sage_mission_manager]: VIEWPOINT ACCEPTED | position=(-4.71, 6.23, -2.00) | distance_from_uav=1.13 m
[INFO] [1790277139.225427374] [sage_mission_manager]: VALIDATED VIEWPOINT PUBLISHED
[INFO] [1790277139.434573547] [sage_mission_manager]: VIEWPOINT ACCEPTED | position=(-4.71, 6.23, -2.00) | distance_from_uav=1.15 m
[INFO] [1790277139.435272265] [sage_mission_manager]: VALIDATED VIEWPOINT PUBLISHED
[INFO] [1790277139.626766889] [sage_mission_manager]: VIEWPOINT ACCEPTED | position=(-4.71, 6.23, -2.00) | distance_from_uav=1.13 m
[INFO] [1790277139.627315007] [sage_mission_manager]: VALIDATED VIEWPOINT PUBLISHED
[INFO] [1790277139.829179754] [sage_mission_manager]: VIEWPOINT ACCEPTED | position=(-4.71, 6.23, -2.00) | distance_from_uav=1.07 m
[INFO] [1790277139.830530327] [sage_mission_manager]: VALIDATED VIEWPOINT PUBLISHED
[INFO] [1790277140.031895683] [sage_mission_manager]: VIEWPOINT ACCEPTED | position=(-4.71, 6.23, -2.00) | distance_from_uav=0.98 m
[INFO] [1790277140.032465132] [sage_mission_manager]: VALIDATED VIEWPOINT PUBLISHED
[INFO] [1790277140.223369468] [sage_mission_manager]: VIEWPOINT ACCEPTED | position=(-4.71, 6.23, -2.00) | distance_from_uav=0.85 m
[INFO] [1790277140.224213190] [sage_mission_manager]: VALIDATED VIEWPOINT PUBLISHED
[INFO] [1790277140.425841192] [sage_mission_manager]: VIEWPOINT ACCEPTED | position=(-4.71, 6.23, -2.00) | distance_from_uav=0.74 m
[INFO] [1790277140.426607686] [sage_mission_manager]: VALIDATED VIEWPOINT PUBLISHED
[INFO] [1790277140.632337681] [sage_mission_manager]: VIEWPOINT ACCEPTED | position=(-4.71, 6.23, -2.00) | distance_from_uav=0.59 m
[INFO] [1790277140.633819362] [sage_mission_manager]: VALIDATED VIEWPOINT PUBLISHED
[INFO] [1790277140.825037611] [sage_mission_manager]: VIEWPOINT ACCEPTED | position=(-4.71, 6.23, -2.00) | distance_from_uav=0.48 m
[INFO] [1790277140.826741411] [sage_mission_manager]: VALIDATED VIEWPOINT PUBLISHED
[INFO] [1790277141.027042373] [sage_mission_manager]: VIEWPOINT ACCEPTED | position=(-4.71, 6.23, -2.00) | distance_from_uav=0.40 m
[INFO] [1790277141.029165979] [sage_mission_manager]: VALIDATED VIEWPOINT PUBLISHED
[INFO] [1790277141.236474732] [sage_mission_manager]: VIEWPOINT ACCEPTED | position=(-4.71, 6.23, -2.00) | distance_from_uav=0.32 m
[INFO] [1790277141.242226682] [sage_mission_manager]: VALIDATED VIEWPOINT PUBLISHED
[INFO] [1790277141.244719346] [sage_mission_manager]: VIEWPOINT ACCEPTED | position=(-4.71, 6.23, -2.00) | distance_from_uav=0.32 m
[INFO] [1790277141.248293027] [sage_mission_manager]: VALIDATED VIEWPOINT PUBLISHED
[INFO] [1790277141.428996956] [sage_mission_manager]: VIEWPOINT ACCEPTED | position=(-4.71, 6.23, -2.00) | distance_from_uav=0.27 m
[INFO] [1790277141.432323684] [sage_mission_manager]: VALIDATED VIEWPOINT PUBLISHED
[INFO] [1790277141.625480254] [sage_mission_manager]: VIEWPOINT ACCEPTED | position=(-5.21, 5.73, -2.00) | distance_from_uav=0.48 m
[INFO] [1790277141.626183324] [sage_mission_manager]: VALIDATED VIEWPOINT PUBLISHED
[INFO] [1790277141.830244602] [sage_mission_manager]: VIEWPOINT ACCEPTED | position=(-5.70, 5.24, -2.00) | distance_from_uav=1.20 m
[INFO] [1790277141.832209451] [sage_mission_manager]: VALIDATED VIEWPOINT PUBLISHED
[INFO] [1790277142.027649542] [sage_mission_manager]: VIEWPOINT ACCEPTED | position=(-6.20, 4.74, -2.00) | distance_from_uav=1.92 m
[INFO] [1790277142.028478868] [sage_mission_manager]: VALIDATED VIEWPOINT PUBLISHED
[INFO] [1790277142.228056120] [sage_mission_manager]: VIEWPOINT ACCEPTED | position=(-6.69, 4.25, -2.00) | distance_from_uav=2.62 m
[INFO] [1790277142.228769403] [sage_mission_manager]: VALIDATED VIEWPOINT PUBLISHED
[INFO] [1790277142.424894418] [sage_mission_manager]: VIEWPOINT ACCEPTED | position=(-7.19, 3.75, -2.00) | distance_from_uav=3.28 m
[INFO] [1790277142.425449301] [sage_mission_manager]: VALIDATED VIEWPOINT PUBLISHED
[INFO] [1790277142.627630519] [sage_mission_manager]: VIEWPOINT ACCEPTED | position=(-7.19, 3.75, -2.00) | distance_from_uav=3.16 m
[INFO] [1790277142.628250923] [sage_mission_manager]: VALIDATED VIEWPOINT PUBLISHED
[INFO] [1790277142.838503195] [sage_mission_manager]: VIEWPOINT ACCEPTED | position=(-7.68, 3.26, -2.00) | distance_from_uav=3.64 m
[INFO] [1790277142.842221120] [sage_mission_manager]: VALIDATED VIEWPOINT PUBLISHED
[INFO] [1790277143.027554436] [sage_mission_manager]: VIEWPOINT ACCEPTED | position=(-7.68, 3.26, -2.00) | distance_from_uav=3.40 m
[INFO] [1790277143.028560033] [sage_mission_manager]: VALIDATED VIEWPOINT PUBLISHED
[INFO] [1790277143.226158071] [sage_mission_manager]: VIEWPOINT ACCEPTED | position=(-7.68, 3.26, -2.00) | distance_from_uav=3.00 m
[INFO] [1790277143.230554229] [sage_mission_manager]: VALIDATED VIEWPOINT PUBLISHED
[INFO] [1790277143.438429861] [sage_mission_manager]: VIEWPOINT ACCEPTED | position=(-7.71, 3.23, -2.00) | distance_from_uav=2.61 m
[INFO] [1790277143.439051750] [sage_mission_manager]: VALIDATED VIEWPOINT PUBLISHED
[INFO] [1790277143.631340401] [sage_mission_manager]: VIEWPOINT ACCEPTED | position=(-7.71, 3.23, -2.00) | distance_from_uav=2.17 m
[INFO] [1790277143.635077693] [sage_mission_manager]: VALIDATED VIEWPOINT PUBLISHED
[INFO] [1790277143.829437285] [sage_mission_manager]: VIEWPOINT ACCEPTED | position=(-7.71, 3.23, -2.00) | distance_from_uav=1.74 m
[INFO] [1790277143.830292788] [sage_mission_manager]: VALIDATED VIEWPOINT PUBLISHED
[INFO] [1790277144.029280448] [sage_mission_manager]: VIEWPOINT ACCEPTED | position=(-7.71, 3.23, -2.00) | distance_from_uav=1.33 m
[INFO] [1790277144.029811695] [sage_mission_manager]: VALIDATED VIEWPOINT PUBLISHED
[INFO] [1790277144.232509253] [sage_mission_manager]: VIEWPOINT ACCEPTED | position=(-7.71, 3.23, -2.00) | distance_from_uav=1.05 m
[INFO] [1790277144.233067344] [sage_mission_manager]: VALIDATED VIEWPOINT PUBLISHED
[INFO] [1790277144.425451924] [sage_mission_manager]: VIEWPOINT ACCEPTED | position=(-7.71, 3.23, -2.00) | distance_from_uav=0.76 m
[INFO] [1790277144.425971554] [sage_mission_manager]: VALIDATED VIEWPOINT PUBLISHED
[INFO] [1790277144.625638628] [sage_mission_manager]: VIEWPOINT ACCEPTED | position=(-7.71, 3.23, -2.00) | distance_from_uav=0.47 m
[INFO] [1790277144.627527238] [sage_mission_manager]: VALIDATED VIEWPOINT PUBLISHED
[INFO] [1790277144.829372276] [sage_mission_manager]: VIEWPOINT ACCEPTED | position=(-7.71, 3.23, -2.00) | distance_from_uav=0.27 m
[INFO] [1790277144.830085822] [sage_mission_manager]: VALIDATED VIEWPOINT PUBLISHED
[INFO] [1790277144.834443292] [sage_mission_manager]: VIEWPOINT ACCEPTED | position=(-7.71, 3.23, -2.00) | distance_from_uav=0.26 m
[INFO] [1790277144.835223939] [sage_mission_manager]: VALIDATED VIEWPOINT PUBLISHED
[INFO] [1790277145.027872742] [sage_mission_manager]: VIEWPOINT ACCEPTED | position=(-7.71, 3.23, -2.00) | distance_from_uav=0.13 m
[INFO] [1790277145.028660511] [sage_mission_manager]: VALIDATED VIEWPOINT PUBLISHED
[INFO] [1790277145.439286505] [sage_mission_manager]: VIEWPOINT ACCEPTED | position=(-7.33, 3.68, -2.00) | distance_from_uav=0.70 m
[INFO] [1790277145.440389082] [sage_mission_manager]: VALIDATED VIEWPOINT PUBLISHED
[INFO] [1790277145.630889337] [sage_mission_manager]: VIEWPOINT ACCEPTED | position=(-6.86, 4.20, -2.00) | distance_from_uav=1.46 m
[INFO] [1790277145.631519511] [sage_mission_manager]: VALIDATED VIEWPOINT PUBLISHED
[INFO] [1790277145.823994459] [sage_mission_manager]: VIEWPOINT ACCEPTED | position=(-6.39, 4.72, -2.00) | distance_from_uav=2.21 m
[INFO] [1790277145.824801787] [sage_mission_manager]: VALIDATED VIEWPOINT PUBLISHED
[INFO] [1790277146.033127222] [sage_mission_manager]: VIEWPOINT ACCEPTED | position=(-5.92, 5.24, -2.00) | distance_from_uav=2.91 m
[INFO] [1790277146.033782458] [sage_mission_manager]: VALIDATED VIEWPOINT PUBLISHED
[INFO] [1790277146.224796369] [sage_mission_manager]: VIEWPOINT ACCEPTED | position=(-5.45, 5.75, -2.00) | distance_from_uav=3.54 m
[INFO] [1790277146.225359681] [sage_mission_manager]: VALIDATED VIEWPOINT PUBLISHED
[INFO] [1790277146.438657017] [sage_mission_manager]: VIEWPOINT ACCEPTED | position=(-5.45, 5.75, -2.00) | distance_from_uav=3.41 m
[INFO] [1790277146.439312490] [sage_mission_manager]: VALIDATED VIEWPOINT PUBLISHED
[INFO] [1790277146.631237704] [sage_mission_manager]: VIEWPOINT ACCEPTED | position=(-5.45, 5.75, -2.00) | distance_from_uav=3.18 m
[INFO] [1790277146.631779060] [sage_mission_manager]: VALIDATED VIEWPOINT PUBLISHED
[INFO] [1790277146.826170930] [sage_mission_manager]: VIEWPOINT ACCEPTED | position=(-4.98, 6.27, -2.00) | distance_from_uav=3.59 m
[INFO] [1790277146.827858274] [sage_mission_manager]: VALIDATED VIEWPOINT PUBLISHED
[INFO] [1790277147.024365792] [sage_mission_manager]: VIEWPOINT ACCEPTED | position=(-4.98, 6.27, -2.00) | distance_from_uav=3.25 m
[INFO] [1790277147.025577335] [sage_mission_manager]: VALIDATED VIEWPOINT PUBLISHED
[INFO] [1790277147.224796935] [sage_mission_manager]: VIEWPOINT ACCEPTED | position=(-4.51, 6.79, -2.00) | distance_from_uav=3.64 m
[INFO] [1790277147.227187518] [sage_mission_manager]: VALIDATED VIEWPOINT PUBLISHED
[INFO] [1790277147.440634286] [sage_mission_manager]: VIEWPOINT ACCEPTED | position=(-4.51, 6.79, -2.00) | distance_from_uav=3.22 m
[INFO] [1790277147.444797243] [sage_mission_manager]: VALIDATED VIEWPOINT PUBLISHED
[INFO] [1790277147.626191896] [sage_mission_manager]: VIEWPOINT ACCEPTED | position=(-4.04, 7.31, -2.00) | distance_from_uav=3.57 m
[INFO] [1790277147.626730554] [sage_mission_manager]: VALIDATED VIEWPOINT PUBLISHED
[INFO] [1790277147.824017784] [sage_mission_manager]: VIEWPOINT ACCEPTED | position=(-4.04, 7.31, -2.00) | distance_from_uav=3.13 m
[INFO] [1790277147.824621110] [sage_mission_manager]: VALIDATED VIEWPOINT PUBLISHED
[INFO] [1790277148.026238300] [sage_mission_manager]: VIEWPOINT ACCEPTED | position=(-3.57, 7.83, -2.00) | distance_from_uav=3.44 m
[INFO] [1790277148.027610171] [sage_mission_manager]: VALIDATED VIEWPOINT PUBLISHED
[INFO] [1790277148.226308968] [sage_mission_manager]: VIEWPOINT ACCEPTED | position=(-3.57, 7.83, -2.00) | distance_from_uav=3.03 m
[INFO] [1790277148.230486954] [sage_mission_manager]: VALIDATED VIEWPOINT PUBLISHED
[INFO] [1790277148.431286189] [sage_mission_manager]: VIEWPOINT ACCEPTED | position=(-3.10, 8.35, -2.00) | distance_from_uav=3.24 m
[INFO] [1790277148.433876039] [sage_mission_manager]: VALIDATED VIEWPOINT PUBLISHED
[INFO] [1790277148.627813845] [sage_mission_manager]: VIEWPOINT ACCEPTED | position=(-2.63, 8.87, -2.00) | distance_from_uav=3.52 m
[INFO] [1790277148.628480950] [sage_mission_manager]: VALIDATED VIEWPOINT PUBLISHED
[INFO] [1790277148.825546552] [sage_mission_manager]: VIEWPOINT ACCEPTED | position=(-2.63, 8.87, -2.00) | distance_from_uav=3.09 m
[INFO] [1790277148.826326518] [sage_mission_manager]: VALIDATED VIEWPOINT PUBLISHED
[INFO] [1790277149.027798508] [sage_mission_manager]: VIEWPOINT ACCEPTED | position=(-2.15, 9.38, -2.00) | distance_from_uav=3.45 m
[INFO] [1790277149.029883316] [sage_mission_manager]: VALIDATED VIEWPOINT PUBLISHED
[INFO] [1790277149.225761878] [sage_mission_manager]: VIEWPOINT ACCEPTED | position=(-2.15, 9.38, -2.00) | distance_from_uav=3.09 m
[INFO] [1790277149.226601955] [sage_mission_manager]: VALIDATED VIEWPOINT PUBLISHED
[INFO] [1790277149.431572710] [sage_mission_manager]: VIEWPOINT ACCEPTED | position=(-2.11, 9.44, -2.00) | distance_from_uav=2.70 m
[INFO] [1790277149.436458463] [sage_mission_manager]: VALIDATED VIEWPOINT PUBLISHED
[INFO] [1790277149.628695006] [sage_mission_manager]: VIEWPOINT ACCEPTED | position=(-2.11, 9.44, -2.00) | distance_from_uav=2.31 m
[INFO] [1790277149.630100878] [sage_mission_manager]: VALIDATED VIEWPOINT PUBLISHED
[INFO] [1790277149.828498338] [sage_mission_manager]: VIEWPOINT ACCEPTED | position=(-2.11, 9.44, -2.00) | distance_from_uav=1.87 m
[INFO] [1790277149.829613926] [sage_mission_manager]: VALIDATED VIEWPOINT PUBLISHED
[INFO] [1790277150.027654577] [sage_mission_manager]: VIEWPOINT ACCEPTED | position=(-2.11, 9.44, -2.00) | distance_from_uav=1.48 m
[INFO] [1790277150.028666658] [sage_mission_manager]: VALIDATED VIEWPOINT PUBLISHED
[INFO] [1790277150.230678610] [sage_mission_manager]: VIEWPOINT ACCEPTED | position=(-2.11, 9.44, -2.00) | distance_from_uav=1.13 m
[INFO] [1790277150.232750161] [sage_mission_manager]: VALIDATED VIEWPOINT PUBLISHED
[INFO] [1790277150.433167099] [sage_mission_manager]: VIEWPOINT ACCEPTED | position=(-2.11, 9.44, -2.00) | distance_from_uav=0.82 m
[INFO] [1790277150.434691372] [sage_mission_manager]: VALIDATED VIEWPOINT PUBLISHED
[INFO] [1790277150.637073920] [sage_mission_manager]: VIEWPOINT ACCEPTED | position=(-2.11, 9.44, -2.00) | distance_from_uav=0.58 m
[INFO] [1790277150.641083333] [sage_mission_manager]: VALIDATED VIEWPOINT PUBLISHED
[INFO] [1790277150.829334982] [sage_mission_manager]: VIEWPOINT ACCEPTED | position=(-2.11, 9.44, -2.00) | distance_from_uav=0.38 m
[INFO] [1790277150.832377219] [sage_mission_manager]: VALIDATED VIEWPOINT PUBLISHED
[INFO] [1790277151.026315589] [sage_mission_manager]: VIEWPOINT ACCEPTED | position=(-2.11, 9.44, -2.00) | distance_from_uav=0.15 m
[INFO] [1790277151.026971448] [sage_mission_manager]: VALIDATED VIEWPOINT PUBLISHED
[INFO] [1790277151.226138838] [sage_mission_manager]: VIEWPOINT ACCEPTED | position=(-2.77, 9.66, -2.00) | distance_from_uav=0.71 m
[INFO] [1790277151.229311106] [sage_mission_manager]: VALIDATED VIEWPOINT PUBLISHED
[INFO] [1790277151.433936332] [sage_mission_manager]: VIEWPOINT ACCEPTED | position=(-3.43, 9.89, -2.00) | distance_from_uav=1.43 m
[INFO] [1790277151.435910693] [sage_mission_manager]: VALIDATED VIEWPOINT PUBLISHED
[INFO] [1790277151.628265659] [sage_mission_manager]: VIEWPOINT ACCEPTED | position=(-4.10, 10.11, -2.00) | distance_from_uav=2.14 m
[INFO] [1790277151.629302425] [sage_mission_manager]: VALIDATED VIEWPOINT PUBLISHED
[INFO] [1790277151.830795934] [sage_mission_manager]: VIEWPOINT ACCEPTED | position=(-4.76, 10.33, -2.00) | distance_from_uav=2.79 m
[INFO] [1790277151.831546484] [sage_mission_manager]: VALIDATED VIEWPOINT PUBLISHED
[INFO] [1790277152.037125799] [sage_mission_manager]: VIEWPOINT ACCEPTED | position=(-5.42, 10.56, -2.00) | distance_from_uav=3.37 m
[INFO] [1790277152.041113153] [sage_mission_manager]: VALIDATED VIEWPOINT PUBLISHED
[INFO] [1790277152.225234467] [sage_mission_manager]: VIEWPOINT ACCEPTED | position=(-5.42, 10.56, -2.00) | distance_from_uav=3.23 m
[INFO] [1790277152.226243529] [sage_mission_manager]: VALIDATED VIEWPOINT PUBLISHED
[INFO] [1790277152.424894282] [sage_mission_manager]: VIEWPOINT ACCEPTED | position=(-6.09, 10.78, -2.00) | distance_from_uav=3.64 m
[INFO] [1790277152.425460168] [sage_mission_manager]: VALIDATED VIEWPOINT PUBLISHED
[INFO] [1790277152.632731945] [sage_mission_manager]: VIEWPOINT ACCEPTED | position=(-6.09, 10.78, -2.00) | distance_from_uav=3.28 m
[INFO] [1790277152.633304039] [sage_mission_manager]: VALIDATED VIEWPOINT PUBLISHED
[INFO] [1790277152.825603235] [sage_mission_manager]: VIEWPOINT ACCEPTED | position=(-6.20, 10.82, -2.00) | distance_from_uav=3.03 m
[INFO] [1790277152.826170567] [sage_mission_manager]: VALIDATED VIEWPOINT PUBLISHED
[INFO] [1790277153.027127862] [sage_mission_manager]: VIEWPOINT ACCEPTED | position=(-6.20, 10.82, -2.00) | distance_from_uav=2.58 m
[INFO] [1790277153.027943409] [sage_mission_manager]: VALIDATED VIEWPOINT PUBLISHED
[INFO] [1790277153.225814184] [sage_mission_manager]: VIEWPOINT ACCEPTED | position=(-6.20, 10.82, -2.00) | distance_from_uav=2.12 m
[INFO] [1790277153.226518511] [sage_mission_manager]: VALIDATED VIEWPOINT PUBLISHED
[INFO] [1790277153.424531326] [sage_mission_manager]: VIEWPOINT ACCEPTED | position=(-6.20, 10.82, -2.00) | distance_from_uav=1.73 m
[INFO] [1790277153.425325277] [sage_mission_manager]: VALIDATED VIEWPOINT PUBLISHED
[INFO] [1790277153.630795944] [sage_mission_manager]: VIEWPOINT ACCEPTED | position=(-6.20, 10.82, -2.00) | distance_from_uav=1.29 m
[INFO] [1790277153.639137294] [sage_mission_manager]: VALIDATED VIEWPOINT PUBLISHED
[INFO] [1790277153.832984817] [sage_mission_manager]: VIEWPOINT ACCEPTED | position=(-6.20, 10.82, -2.00) | distance_from_uav=0.98 m
[INFO] [1790277153.837402896] [sage_mission_manager]: VALIDATED VIEWPOINT PUBLISHED
[INFO] [1790277154.032847820] [sage_mission_manager]: VIEWPOINT ACCEPTED | position=(-6.20, 10.82, -2.00) | distance_from_uav=0.71 m
[INFO] [1790277154.039438550] [sage_mission_manager]: VALIDATED VIEWPOINT PUBLISHED
[INFO] [1790277154.225246723] [sage_mission_manager]: VIEWPOINT ACCEPTED | position=(-6.20, 10.82, -2.00) | distance_from_uav=0.49 m
[INFO] [1790277154.225701056] [sage_mission_manager]: VALIDATED VIEWPOINT PUBLISHED
[INFO] [1790277154.428598509] [sage_mission_manager]: VIEWPOINT ACCEPTED | position=(-6.20, 10.82, -2.00) | distance_from_uav=0.38 m
[INFO] [1790277154.429197799] [sage_mission_manager]: VALIDATED VIEWPOINT PUBLISHED
[INFO] [1790277154.626811813] [sage_mission_manager]: VIEWPOINT ACCEPTED | position=(-6.20, 10.82, -2.00) | distance_from_uav=0.29 m
[INFO] [1790277154.627558644] [sage_mission_manager]: VALIDATED VIEWPOINT PUBLISHED
[INFO] [1790277154.837797190] [sage_mission_manager]: VIEWPOINT ACCEPTED | position=(-6.58, 10.24, -2.00) | distance_from_uav=0.95 m
[INFO] [1790277154.838696888] [sage_mission_manager]: VALIDATED VIEWPOINT PUBLISHED
[INFO] [1790277155.027113138] [sage_mission_manager]: VIEWPOINT ACCEPTED | position=(-6.97, 9.65, -2.00) | distance_from_uav=1.61 m
[INFO] [1790277155.029316857] [sage_mission_manager]: VALIDATED VIEWPOINT PUBLISHED
[INFO] [1790277155.234187610] [sage_mission_manager]: VIEWPOINT ACCEPTED | position=(-7.35, 9.06, -2.00) | distance_from_uav=2.26 m
[INFO] [1790277155.234813846] [sage_mission_manager]: VALIDATED VIEWPOINT PUBLISHED
[INFO] [1790277155.427588828] [sage_mission_manager]: VIEWPOINT ACCEPTED | position=(-7.74, 8.48, -2.00) | distance_from_uav=2.90 m
[INFO] [1790277155.428675241] [sage_mission_manager]: VALIDATED VIEWPOINT PUBLISHED
[INFO] [1790277155.624740025] [sage_mission_manager]: VIEWPOINT ACCEPTED | position=(-8.12, 7.89, -2.00) | distance_from_uav=3.47 m
[INFO] [1790277155.626774256] [sage_mission_manager]: VALIDATED VIEWPOINT PUBLISHED
[INFO] [1790277155.828943614] [sage_mission_manager]: VIEWPOINT ACCEPTED | position=(-8.12, 7.89, -2.00) | distance_from_uav=3.28 m
[INFO] [1790277155.831423297] [sage_mission_manager]: VALIDATED VIEWPOINT PUBLISHED
[INFO] [1790277156.032300025] [sage_mission_manager]: VIEWPOINT ACCEPTED | position=(-8.12, 7.89, -2.00) | distance_from_uav=3.00 m
[INFO] [1790277156.037526260] [sage_mission_manager]: VALIDATED VIEWPOINT PUBLISHED
[INFO] [1790277156.225796052] [sage_mission_manager]: VIEWPOINT ACCEPTED | position=(-8.24, 7.71, -2.00) | distance_from_uav=2.90 m
[INFO] [1790277156.227666860] [sage_mission_manager]: VALIDATED VIEWPOINT PUBLISHED
[INFO] [1790277156.437083075] [sage_mission_manager]: VIEWPOINT ACCEPTED | position=(-8.24, 7.71, -2.00) | distance_from_uav=2.49 m
[INFO] [1790277156.438007812] [sage_mission_manager]: VALIDATED VIEWPOINT PUBLISHED
[INFO] [1790277156.626313191] [sage_mission_manager]: VIEWPOINT ACCEPTED | position=(-8.24, 7.71, -2.00) | distance_from_uav=2.09 m
[INFO] [1790277156.626879241] [sage_mission_manager]: VALIDATED VIEWPOINT PUBLISHED
[INFO] [1790277156.837823182] [sage_mission_manager]: VIEWPOINT ACCEPTED | position=(-8.24, 7.71, -2.00) | distance_from_uav=1.66 m
[INFO] [1790277156.838559440] [sage_mission_manager]: VALIDATED VIEWPOINT PUBLISHED
[INFO] [1790277157.030755562] [sage_mission_manager]: VIEWPOINT ACCEPTED | position=(-8.24, 7.71, -2.00) | distance_from_uav=1.34 m
[INFO] [1790277157.031572055] [sage_mission_manager]: VALIDATED VIEWPOINT PUBLISHED
[INFO] [1790277157.231083991] [sage_mission_manager]: VIEWPOINT ACCEPTED | position=(-8.24, 7.71, -2.00) | distance_from_uav=1.02 m
[INFO] [1790277157.235479447] [sage_mission_manager]: VALIDATED VIEWPOINT PUBLISHED
[INFO] [1790277157.427985463] [sage_mission_manager]: VIEWPOINT ACCEPTED | position=(-8.24, 7.71, -2.00) | distance_from_uav=0.78 m
[INFO] [1790277157.429257529] [sage_mission_manager]: VALIDATED VIEWPOINT PUBLISHED
[INFO] [1790277157.629860684] [sage_mission_manager]: VIEWPOINT ACCEPTED | position=(-8.24, 7.71, -2.00) | distance_from_uav=0.53 m
[INFO] [1790277157.634623447] [sage_mission_manager]: VALIDATED VIEWPOINT PUBLISHED
[INFO] [1790277157.833523030] [sage_mission_manager]: VIEWPOINT ACCEPTED | position=(-8.24, 7.71, -2.00) | distance_from_uav=0.36 m
[INFO] [1790277157.834160447] [sage_mission_manager]: VALIDATED VIEWPOINT PUBLISHED
[INFO] [1790277158.028816324] [sage_mission_manager]: VIEWPOINT ACCEPTED | position=(-8.24, 7.71, -2.00) | distance_from_uav=0.24 m
[INFO] [1790277158.029385613] [sage_mission_manager]: VALIDATED VIEWPOINT PUBLISHED
[INFO] [1790277158.032078367] [sage_mission_manager]: VIEWPOINT ACCEPTED | position=(-8.24, 7.71, -2.00) | distance_from_uav=0.24 m
[INFO] [1790277158.032675563] [sage_mission_manager]: VALIDATED VIEWPOINT PUBLISHED
[INFO] [1790277158.235913844] [sage_mission_manager]: VIEWPOINT ACCEPTED | position=(-8.24, 7.71, -2.00) | distance_from_uav=0.20 m
[INFO] [1790277158.239846090] [sage_mission_manager]: VALIDATED VIEWPOINT PUBLISHED
[INFO] [1790277158.429499771] [sage_mission_manager]: VIEWPOINT ACCEPTED | position=(-7.54, 7.63, -2.00) | distance_from_uav=0.92 m
[INFO] [1790277158.430416814] [sage_mission_manager]: VALIDATED VIEWPOINT PUBLISHED
[INFO] [1790277158.626865002] [sage_mission_manager]: VIEWPOINT ACCEPTED | position=(-6.85, 7.55, -2.00) | distance_from_uav=1.66 m
[INFO] [1790277158.627610808] [sage_mission_manager]: VALIDATED VIEWPOINT PUBLISHED
[INFO] [1790277158.828036508] [sage_mission_manager]: VIEWPOINT ACCEPTED | position=(-6.15, 7.47, -2.00) | distance_from_uav=2.37 m
[INFO] [1790277158.828846357] [sage_mission_manager]: VALIDATED VIEWPOINT PUBLISHED
[INFO] [1790277159.028883278] [sage_mission_manager]: VIEWPOINT ACCEPTED | position=(-5.46, 7.38, -2.00) | distance_from_uav=3.05 m
[INFO] [1790277159.031261863] [sage_mission_manager]: VALIDATED VIEWPOINT PUBLISHED
[INFO] [1790277159.228502306] [sage_mission_manager]: VIEWPOINT ACCEPTED | position=(-4.91, 7.32, -2.00) | distance_from_uav=3.52 m
[INFO] [1790277159.229272303] [sage_mission_manager]: VALIDATED VIEWPOINT PUBLISHED
[INFO] [1790277159.426203192] [sage_mission_manager]: VIEWPOINT ACCEPTED | position=(-4.91, 7.32, -2.00) | distance_from_uav=3.37 m
[INFO] [1790277159.430874782] [sage_mission_manager]: VALIDATED VIEWPOINT PUBLISHED
[INFO] [1790277159.641785351] [sage_mission_manager]: VIEWPOINT ACCEPTED | position=(-4.91, 7.32, -2.00) | distance_from_uav=3.09 m
[INFO] [1790277159.645519816] [sage_mission_manager]: VALIDATED VIEWPOINT PUBLISHED
[INFO] [1790277159.832790607] [sage_mission_manager]: VIEWPOINT ACCEPTED | position=(-4.91, 7.32, -2.00) | distance_from_uav=2.72 m
[INFO] [1790277159.833508797] [sage_mission_manager]: VALIDATED VIEWPOINT PUBLISHED
[INFO] [1790277160.032889719] [sage_mission_manager]: VIEWPOINT ACCEPTED | position=(-4.91, 7.32, -2.00) | distance_from_uav=2.34 m
[INFO] [1790277160.033654969] [sage_mission_manager]: VALIDATED VIEWPOINT PUBLISHED
[INFO] [1790277160.223790185] [sage_mission_manager]: VIEWPOINT ACCEPTED | position=(-4.91, 7.32, -2.00) | distance_from_uav=1.96 m
[INFO] [1790277160.224450608] [sage_mission_manager]: VALIDATED VIEWPOINT PUBLISHED
[INFO] [1790277160.428129939] [sage_mission_manager]: VIEWPOINT ACCEPTED | position=(-4.91, 7.32, -2.00) | distance_from_uav=1.58 m
[INFO] [1790277160.428842990] [sage_mission_manager]: VALIDATED VIEWPOINT PUBLISHED
[INFO] [1790277160.626829305] [sage_mission_manager]: VIEWPOINT ACCEPTED | position=(-4.91, 7.32, -2.00) | distance_from_uav=1.20 m
[INFO] [1790277160.628418022] [sage_mission_manager]: VALIDATED VIEWPOINT PUBLISHED
[INFO] [1790277160.828124966] [sage_mission_manager]: VIEWPOINT ACCEPTED | position=(-4.91, 7.32, -2.00) | distance_from_uav=0.87 m
[INFO] [1790277160.828673807] [sage_mission_manager]: VALIDATED VIEWPOINT PUBLISHED
[INFO] [1790277161.023837804] [sage_mission_manager]: VIEWPOINT ACCEPTED | position=(-4.91, 7.32, -2.00) | distance_from_uav=0.60 m
[INFO] [1790277161.025297820] [sage_mission_manager]: VALIDATED VIEWPOINT PUBLISHED
[INFO] [1790277161.229984418] [sage_mission_manager]: VIEWPOINT ACCEPTED | position=(-4.91, 7.32, -2.00) | distance_from_uav=0.41 m
[INFO] [1790277161.230630341] [sage_mission_manager]: VALIDATED VIEWPOINT PUBLISHED
[INFO] [1790277161.435411388] [sage_mission_manager]: VIEWPOINT ACCEPTED | position=(-4.91, 7.32, -2.00) | distance_from_uav=0.29 m
[INFO] [1790277161.439697195] [sage_mission_manager]: VALIDATED VIEWPOINT PUBLISHED
[INFO] [1790277161.630346965] [sage_mission_manager]: VIEWPOINT ACCEPTED | position=(-5.39, 7.82, -2.00) | distance_from_uav=0.78 m
[INFO] [1790277161.631647826] [sage_mission_manager]: VALIDATED VIEWPOINT PUBLISHED
[INFO] [1790277161.834298288] [sage_mission_manager]: VIEWPOINT ACCEPTED | position=(-5.88, 8.33, -2.00) | distance_from_uav=1.53 m
[INFO] [1790277161.835417578] [sage_mission_manager]: VALIDATED VIEWPOINT PUBLISHED
[INFO] [1790277162.025313667] [sage_mission_manager]: VIEWPOINT ACCEPTED | position=(-6.36, 8.84, -2.00) | distance_from_uav=2.27 m
[INFO] [1790277162.026448283] [sage_mission_manager]: VALIDATED VIEWPOINT PUBLISHED
[INFO] [1790277162.237389514] [sage_mission_manager]: VIEWPOINT ACCEPTED | position=(-6.85, 9.34, -2.00) | distance_from_uav=2.97 m
[INFO] [1790277162.238161597] [sage_mission_manager]: VALIDATED VIEWPOINT PUBLISHED
[INFO] [1790277162.428086626] [sage_mission_manager]: VIEWPOINT ACCEPTED | position=(-7.33, 9.85, -2.00) | distance_from_uav=3.62 m
[INFO] [1790277162.428634246] [sage_mission_manager]: VALIDATED VIEWPOINT PUBLISHED
[INFO] [1790277162.625827388] [sage_mission_manager]: VIEWPOINT ACCEPTED | position=(-7.33, 9.85, -2.00) | distance_from_uav=3.50 m
[INFO] [1790277162.626426775] [sage_mission_manager]: VALIDATED VIEWPOINT PUBLISHED
[INFO] [1790277162.837174378] [sage_mission_manager]: VIEWPOINT ACCEPTED | position=(-7.33, 9.85, -2.00) | distance_from_uav=3.27 m
[INFO] [1790277162.839285971] [sage_mission_manager]: VALIDATED VIEWPOINT PUBLISHED
[INFO] [1790277163.026547026] [sage_mission_manager]: VIEWPOINT ACCEPTED | position=(-7.81, 10.35, -2.00) | distance_from_uav=3.66 m
[INFO] [1790277163.027088633] [sage_mission_manager]: VALIDATED VIEWPOINT PUBLISHED
[INFO] [1790277163.227356932] [sage_mission_manager]: VIEWPOINT ACCEPTED | position=(-7.81, 10.35, -2.00) | distance_from_uav=3.28 m
[INFO] [1790277163.227902472] [sage_mission_manager]: VALIDATED VIEWPOINT PUBLISHED
[INFO] [1790277163.437606188] [sage_mission_manager]: VIEWPOINT ACCEPTED | position=(-8.10, 10.65, -2.00) | distance_from_uav=3.29 m
[INFO] [1790277163.438473373] [sage_mission_manager]: VALIDATED VIEWPOINT PUBLISHED
[INFO] [1790277163.623483923] [sage_mission_manager]: VIEWPOINT ACCEPTED | position=(-8.10, 10.65, -2.00) | distance_from_uav=2.89 m
[INFO] [1790277163.624304421] [sage_mission_manager]: VALIDATED VIEWPOINT PUBLISHED
[INFO] [1790277163.828549686] [sage_mission_manager]: VIEWPOINT ACCEPTED | position=(-8.10, 10.65, -2.00) | distance_from_uav=2.47 m
[INFO] [1790277163.829379388] [sage_mission_manager]: VALIDATED VIEWPOINT PUBLISHED
[INFO] [1790277164.037435095] [sage_mission_manager]: VIEWPOINT ACCEPTED | position=(-8.10, 10.65, -2.00) | distance_from_uav=2.05 m
[INFO] [1790277164.038188970] [sage_mission_manager]: VALIDATED VIEWPOINT PUBLISHED
[INFO] [1790277164.226344769] [sage_mission_manager]: VIEWPOINT ACCEPTED | position=(-8.10, 10.65, -2.00) | distance_from_uav=1.63 m
[INFO] [1790277164.226877445] [sage_mission_manager]: VALIDATED VIEWPOINT PUBLISHED
[INFO] [1790277164.427712474] [sage_mission_manager]: VIEWPOINT ACCEPTED | position=(-8.10, 10.65, -2.00) | distance_from_uav=1.26 m
[INFO] [1790277164.432151055] [sage_mission_manager]: VALIDATED VIEWPOINT PUBLISHED
[INFO] [1790277164.627341687] [sage_mission_manager]: VIEWPOINT ACCEPTED | position=(-8.10, 10.65, -2.00) | distance_from_uav=0.96 m
[INFO] [1790277164.629296043] [sage_mission_manager]: VALIDATED VIEWPOINT PUBLISHED
[INFO] [1790277164.828088348] [sage_mission_manager]: VIEWPOINT ACCEPTED | position=(-8.10, 10.65, -2.00) | distance_from_uav=0.70 m
[INFO] [1790277164.828659961] [sage_mission_manager]: VALIDATED VIEWPOINT PUBLISHED
[INFO] [1790277165.036070241] [sage_mission_manager]: VIEWPOINT ACCEPTED | position=(-8.10, 10.65, -2.00) | distance_from_uav=0.54 m
[INFO] [1790277165.036864875] [sage_mission_manager]: VALIDATED VIEWPOINT PUBLISHED
[INFO] [1790277165.227973499] [sage_mission_manager]: VIEWPOINT ACCEPTED | position=(-8.10, 10.65, -2.00) | distance_from_uav=0.39 m
[INFO] [1790277165.228881812] [sage_mission_manager]: VALIDATED VIEWPOINT PUBLISHED
[INFO] [1790277165.435294231] [sage_mission_manager]: VIEWPOINT ACCEPTED | position=(-8.10, 10.65, -2.00) | distance_from_uav=0.27 m
[INFO] [1790277165.436039108] [sage_mission_manager]: VALIDATED VIEWPOINT PUBLISHED
[INFO] [1790277165.634782075] [sage_mission_manager]: VIEWPOINT ACCEPTED | position=(-7.45, 10.91, -2.00) | distance_from_uav=0.86 m
[INFO] [1790277165.636856702] [sage_mission_manager]: VALIDATED VIEWPOINT PUBLISHED
[INFO] [1790277165.826710040] [sage_mission_manager]: VIEWPOINT ACCEPTED | position=(-6.79, 11.16, -2.00) | distance_from_uav=1.59 m
[INFO] [1790277165.827248760] [sage_mission_manager]: VALIDATED VIEWPOINT PUBLISHED
[INFO] [1790277166.025669262] [sage_mission_manager]: VIEWPOINT ACCEPTED | position=(-6.14, 11.41, -2.00) | distance_from_uav=2.32 m
[INFO] [1790277166.027553122] [sage_mission_manager]: VALIDATED VIEWPOINT PUBLISHED
[INFO] [1790277166.424265849] [sage_mission_manager]: VIEWPOINT ACCEPTED | position=(-7.58, 10.69, -2.00) | distance_from_uav=0.70 m
[INFO] [1790277166.424823234] [sage_mission_manager]: VALIDATED VIEWPOINT PUBLISHED
[INFO] [1790277166.632469330] [sage_mission_manager]: VIEWPOINT ACCEPTED | position=(-6.89, 10.78, -2.00) | distance_from_uav=1.28 m
[INFO] [1790277166.636577878] [sage_mission_manager]: VALIDATED VIEWPOINT PUBLISHED
[INFO] [1790277166.827645835] [sage_mission_manager]: VIEWPOINT ACCEPTED | position=(-6.19, 10.87, -2.00) | distance_from_uav=1.84 m
[INFO] [1790277166.828668553] [sage_mission_manager]: VALIDATED VIEWPOINT PUBLISHED
[INFO] [1790277167.041639856] [sage_mission_manager]: VIEWPOINT ACCEPTED | position=(-5.50, 10.95, -2.00) | distance_from_uav=2.37 m
[INFO] [1790277167.042995514] [sage_mission_manager]: VALIDATED VIEWPOINT PUBLISHED
[INFO] [1790277167.226449071] [sage_mission_manager]: VIEWPOINT ACCEPTED | position=(-4.80, 11.04, -2.00) | distance_from_uav=2.92 m
[INFO] [1790277167.228956661] [sage_mission_manager]: VALIDATED VIEWPOINT PUBLISHED
[INFO] [1790277167.438507642] [sage_mission_manager]: VIEWPOINT ACCEPTED | position=(-4.13, 11.13, -2.00) | distance_from_uav=3.42 m
[INFO] [1790277167.439254409] [sage_mission_manager]: VALIDATED VIEWPOINT PUBLISHED
[INFO] [1790277167.637429698] [sage_mission_manager]: VIEWPOINT ACCEPTED | position=(-4.13, 11.13, -2.00) | distance_from_uav=3.21 m
[INFO] [1790277167.638494107] [sage_mission_manager]: VALIDATED VIEWPOINT PUBLISHED
[INFO] [1790277167.829958597] [sage_mission_manager]: VIEWPOINT ACCEPTED | position=(-4.13, 11.13, -2.00) | distance_from_uav=2.94 m
[INFO] [1790277167.830785367] [sage_mission_manager]: VALIDATED VIEWPOINT PUBLISHED
[INFO] [1790277168.025968712] [sage_mission_manager]: VIEWPOINT ACCEPTED | position=(-4.13, 11.13, -2.00) | distance_from_uav=2.66 m
[INFO] [1790277168.026709934] [sage_mission_manager]: VALIDATED VIEWPOINT PUBLISHED
[INFO] [1790277168.236250974] [sage_mission_manager]: VIEWPOINT ACCEPTED | position=(-4.13, 11.13, -2.00) | distance_from_uav=2.27 m
[INFO] [1790277168.237416695] [sage_mission_manager]: VALIDATED VIEWPOINT PUBLISHED
[INFO] [1790277168.425462310] [sage_mission_manager]: VIEWPOINT ACCEPTED | position=(-4.13, 11.13, -2.00) | distance_from_uav=1.94 m
[INFO] [1790277168.427620212] [sage_mission_manager]: VALIDATED VIEWPOINT PUBLISHED
[INFO] [1790277168.628664209] [sage_mission_manager]: VIEWPOINT ACCEPTED | position=(-4.13, 11.13, -2.00) | distance_from_uav=1.57 m
[INFO] [1790277168.629398619] [sage_mission_manager]: VALIDATED VIEWPOINT PUBLISHED
[INFO] [1790277168.827127164] [sage_mission_manager]: VIEWPOINT ACCEPTED | position=(-4.13, 11.13, -2.00) | distance_from_uav=1.23 m
[INFO] [1790277168.827672917] [sage_mission_manager]: VALIDATED VIEWPOINT PUBLISHED
[INFO] [1790277169.036370854] [sage_mission_manager]: VIEWPOINT ACCEPTED | position=(-4.13, 11.13, -2.00) | distance_from_uav=0.90 m
[INFO] [1790277169.037156421] [sage_mission_manager]: VALIDATED VIEWPOINT PUBLISHED
[INFO] [1790277169.234534989] [sage_mission_manager]: VIEWPOINT ACCEPTED | position=(-4.13, 11.13, -2.00) | distance_from_uav=0.59 m
[INFO] [1790277169.237662433] [sage_mission_manager]: VALIDATED VIEWPOINT PUBLISHED
[INFO] [1790277169.427147161] [sage_mission_manager]: VIEWPOINT ACCEPTED | position=(-4.13, 11.13, -2.00) | distance_from_uav=0.38 m
[INFO] [1790277169.427843183] [sage_mission_manager]: VALIDATED VIEWPOINT PUBLISHED
[INFO] [1790277169.625395019] [sage_mission_manager]: VIEWPOINT ACCEPTED | position=(-4.13, 11.13, -2.00) | distance_from_uav=0.17 m
[INFO] [1790277169.630529767] [sage_mission_manager]: VALIDATED VIEWPOINT PUBLISHED
[INFO] [1790277169.631842693] [sage_mission_manager]: VIEWPOINT ACCEPTED | position=(-4.13, 11.13, -2.00) | distance_from_uav=0.17 m
[INFO] [1790277169.632395633] [sage_mission_manager]: VALIDATED VIEWPOINT PUBLISHED
[INFO] [1790277169.835405047] [sage_mission_manager]: VIEWPOINT ACCEPTED | position=(-4.13, 11.13, -2.00) | distance_from_uav=0.09 m
[INFO] [1790277169.840102694] [sage_mission_manager]: VALIDATED VIEWPOINT PUBLISHED
[INFO] [1790277170.028575220] [sage_mission_manager]: VIEWPOINT ACCEPTED | position=(-4.13, 11.13, -2.00) | distance_from_uav=0.18 m
[INFO] [1790277170.033944487] [sage_mission_manager]: VALIDATED VIEWPOINT PUBLISHED
[INFO] [1790277170.227517944] [sage_mission_manager]: VIEWPOINT ACCEPTED | position=(-4.13, 11.13, -2.00) | distance_from_uav=0.28 m
[INFO] [1790277170.231429105] [sage_mission_manager]: VALIDATED VIEWPOINT PUBLISHED
[INFO] [1790277170.433678574] [sage_mission_manager]: VIEWPOINT ACCEPTED | position=(-4.13, 11.13, -2.00) | distance_from_uav=0.36 m
[INFO] [1790277170.437970125] [sage_mission_manager]: VALIDATED VIEWPOINT PUBLISHED
[INFO] [1790277170.636433171] [sage_mission_manager]: VIEWPOINT ACCEPTED | position=(-4.13, 11.13, -2.00) | distance_from_uav=0.43 m
[INFO] [1790277170.637318879] [sage_mission_manager]: VALIDATED VIEWPOINT PUBLISHED
[INFO] [1790277170.823677525] [sage_mission_manager]: VIEWPOINT ACCEPTED | position=(-4.13, 11.13, -2.00) | distance_from_uav=0.48 m
[INFO] [1790277170.824246299] [sage_mission_manager]: VALIDATED VIEWPOINT PUBLISHED
[INFO] [1790277171.032938203] [sage_mission_manager]: VIEWPOINT ACCEPTED | position=(-4.13, 11.13, -2.00) | distance_from_uav=0.53 m
[INFO] [1790277171.037165247] [sage_mission_manager]: VALIDATED VIEWPOINT PUBLISHED
[INFO] [1790277171.232026569] [sage_mission_manager]: VIEWPOINT ACCEPTED | position=(-4.13, 11.13, -2.00) | distance_from_uav=0.55 m
[INFO] [1790277171.233280124] [sage_mission_manager]: VALIDATED VIEWPOINT PUBLISHED
[INFO] [1790277171.432212158] [sage_mission_manager]: VIEWPOINT ACCEPTED | position=(-4.13, 11.13, -2.00) | distance_from_uav=0.56 m
[INFO] [1790277171.433811232] [sage_mission_manager]: VALIDATED VIEWPOINT PUBLISHED
[INFO] [1790277171.635957637] [sage_mission_manager]: VIEWPOINT ACCEPTED | position=(-4.13, 11.13, -2.00) | distance_from_uav=0.56 m
[INFO] [1790277171.636811543] [sage_mission_manager]: VALIDATED VIEWPOINT PUBLISHED
[INFO] [1790277171.825813593] [sage_mission_manager]: VIEWPOINT ACCEPTED | position=(-4.13, 11.13, -2.00) | distance_from_uav=0.56 m
[INFO] [1790277171.827364418] [sage_mission_manager]: VALIDATED VIEWPOINT PUBLISHED
[INFO] [1790277172.041180297] [sage_mission_manager]: VIEWPOINT ACCEPTED | position=(-4.13, 11.13, -2.00) | distance_from_uav=0.55 m
[INFO] [1790277172.041814593] [sage_mission_manager]: VALIDATED VIEWPOINT PUBLISHED
[INFO] [1790277172.226950037] [sage_mission_manager]: VIEWPOINT ACCEPTED | position=(-4.13, 11.13, -2.00) | distance_from_uav=0.54 m
[INFO] [1790277172.228135060] [sage_mission_manager]: VALIDATED VIEWPOINT PUBLISHED
[INFO] [1790277172.430748210] [sage_mission_manager]: VIEWPOINT ACCEPTED | position=(-4.13, 11.13, -2.00) | distance_from_uav=0.52 m
[INFO] [1790277172.432283085] [sage_mission_manager]: VALIDATED VIEWPOINT PUBLISHED
[INFO] [1790277172.632001872] [sage_mission_manager]: VIEWPOINT ACCEPTED | position=(-4.13, 11.13, -2.00) | distance_from_uav=0.49 m
[INFO] [1790277172.634167188] [sage_mission_manager]: VALIDATED VIEWPOINT PUBLISHED
[INFO] [1790277172.828153558] [sage_mission_manager]: VIEWPOINT ACCEPTED | position=(-4.13, 11.13, -2.00) | distance_from_uav=0.47 m
[INFO] [1790277172.828760309] [sage_mission_manager]: VALIDATED VIEWPOINT PUBLISHED
[INFO] [1790277173.031310595] [sage_mission_manager]: VIEWPOINT ACCEPTED | position=(-4.13, 11.13, -2.00) | distance_from_uav=0.43 m
[INFO] [1790277173.034444523] [sage_mission_manager]: VALIDATED VIEWPOINT PUBLISHED
[INFO] [1790277173.234874611] [sage_mission_manager]: VIEWPOINT ACCEPTED | position=(-4.13, 11.13, -2.00) | distance_from_uav=0.41 m
[INFO] [1790277173.235746675] [sage_mission_manager]: VALIDATED VIEWPOINT PUBLISHED
[INFO] [1790277173.430677283] [sage_mission_manager]: VIEWPOINT ACCEPTED | position=(-4.13, 11.13, -2.00) | distance_from_uav=0.38 m
[INFO] [1790277173.435309909] [sage_mission_manager]: VALIDATED VIEWPOINT PUBLISHED
[INFO] [1790277173.627085844] [sage_mission_manager]: VIEWPOINT ACCEPTED | position=(-4.13, 11.13, -2.00) | distance_from_uav=0.34 m
[INFO] [1790277173.627640658] [sage_mission_manager]: VALIDATED VIEWPOINT PUBLISHED
[INFO] [1790277173.825146334] [sage_mission_manager]: VIEWPOINT ACCEPTED | position=(-4.82, 11.25, -2.00) | distance_from_uav=0.82 m
[INFO] [1790277173.825795643] [sage_mission_manager]: VALIDATED VIEWPOINT PUBLISHED
[INFO] [1790277174.033999942] [sage_mission_manager]: VIEWPOINT ACCEPTED | position=(-5.51, 11.38, -2.00) | distance_from_uav=1.47 m
[INFO] [1790277174.035332024] [sage_mission_manager]: VALIDATED VIEWPOINT PUBLISHED
[INFO] [1790277174.237888457] [sage_mission_manager]: VIEWPOINT ACCEPTED | position=(-6.19, 11.51, -2.00) | distance_from_uav=2.15 m
[INFO] [1790277174.238502174] [sage_mission_manager]: VALIDATED VIEWPOINT PUBLISHED
[INFO] [1790277174.432711844] [sage_mission_manager]: VIEWPOINT ACCEPTED | position=(-6.88, 11.63, -2.00) | distance_from_uav=2.79 m
[INFO] [1790277174.433286263] [sage_mission_manager]: VALIDATED VIEWPOINT PUBLISHED
[INFO] [1790277174.625151245] [sage_mission_manager]: VIEWPOINT ACCEPTED | position=(-7.57, 11.76, -2.00) | distance_from_uav=3.41 m
[INFO] [1790277174.628205531] [sage_mission_manager]: VALIDATED VIEWPOINT PUBLISHED
[INFO] [1790277174.828196019] [sage_mission_manager]: VIEWPOINT ACCEPTED | position=(-7.57, 11.76, -2.00) | distance_from_uav=3.26 m
[INFO] [1790277174.829578749] [sage_mission_manager]: VALIDATED VIEWPOINT PUBLISHED
[INFO] [1790277175.023639871] [sage_mission_manager]: VIEWPOINT ACCEPTED | position=(-7.57, 11.76, -2.00) | distance_from_uav=3.06 m
[INFO] [1790277175.024250208] [sage_mission_manager]: VALIDATED VIEWPOINT PUBLISHED
[INFO] [1790277175.227984917] [sage_mission_manager]: VIEWPOINT ACCEPTED | position=(-7.85, 11.81, -2.00) | distance_from_uav=3.07 m
[INFO] [1790277175.228714543] [sage_mission_manager]: VALIDATED VIEWPOINT PUBLISHED
[INFO] [1790277175.441293277] [sage_mission_manager]: VIEWPOINT ACCEPTED | position=(-7.85, 11.81, -2.00) | distance_from_uav=2.64 m
[INFO] [1790277175.443527909] [sage_mission_manager]: VALIDATED VIEWPOINT PUBLISHED
[INFO] [1790277175.637045374] [sage_mission_manager]: VIEWPOINT ACCEPTED | position=(-7.85, 11.81, -2.00) | distance_from_uav=2.28 m
[INFO] [1790277175.637768319] [sage_mission_manager]: VALIDATED VIEWPOINT PUBLISHED
[INFO] [1790277175.827510442] [sage_mission_manager]: VIEWPOINT ACCEPTED | position=(-7.85, 11.81, -2.00) | distance_from_uav=1.85 m
[INFO] [1790277175.828280443] [sage_mission_manager]: VALIDATED VIEWPOINT PUBLISHED
[INFO] [1790277176.027717968] [sage_mission_manager]: VIEWPOINT ACCEPTED | position=(-7.85, 11.81, -2.00) | distance_from_uav=1.47 m
[INFO] [1790277176.028430826] [sage_mission_manager]: VALIDATED VIEWPOINT PUBLISHED
[INFO] [1790277176.226633025] [sage_mission_manager]: VIEWPOINT ACCEPTED | position=(-7.85, 11.81, -2.00) | distance_from_uav=1.08 m
[INFO] [1790277176.227871098] [sage_mission_manager]: VALIDATED VIEWPOINT PUBLISHED
[INFO] [1790277176.426982853] [sage_mission_manager]: VIEWPOINT ACCEPTED | position=(-7.85, 11.81, -2.00) | distance_from_uav=0.82 m
[INFO] [1790277176.427513100] [sage_mission_manager]: VALIDATED VIEWPOINT PUBLISHED
[INFO] [1790277176.625712708] [sage_mission_manager]: VIEWPOINT ACCEPTED | position=(-7.85, 11.81, -2.00) | distance_from_uav=0.55 m
[INFO] [1790277176.626275473] [sage_mission_manager]: VALIDATED VIEWPOINT PUBLISHED
[INFO] [1790277176.824408809] [sage_mission_manager]: VIEWPOINT ACCEPTED | position=(-7.85, 11.81, -2.00) | distance_from_uav=0.35 m
[INFO] [1790277176.826488126] [sage_mission_manager]: VALIDATED VIEWPOINT PUBLISHED
[INFO] [1790277177.025562779] [sage_mission_manager]: VIEWPOINT ACCEPTED | position=(-7.85, 11.81, -2.00) | distance_from_uav=0.23 m
[INFO] [1790277177.026537722] [sage_mission_manager]: VALIDATED VIEWPOINT PUBLISHED
[INFO] [1790277177.224038540] [sage_mission_manager]: VIEWPOINT ACCEPTED | position=(-8.38, 11.35, -2.00) | distance_from_uav=0.85 m
[INFO] [1790277177.227390455] [sage_mission_manager]: VALIDATED VIEWPOINT PUBLISHED
[INFO] [1790277177.433333696] [sage_mission_manager]: VIEWPOINT ACCEPTED | position=(-8.91, 10.90, -2.00) | distance_from_uav=1.46 m
[INFO] [1790277177.437706076] [sage_mission_manager]: VALIDATED VIEWPOINT PUBLISHED
[INFO] [1790277177.626867404] [sage_mission_manager]: VIEWPOINT ACCEPTED | position=(-9.44, 10.44, -2.00) | distance_from_uav=2.10 m
[INFO] [1790277177.628635050] [sage_mission_manager]: VALIDATED VIEWPOINT PUBLISHED
[INFO] [1790277177.825208287] [sage_mission_manager]: VIEWPOINT ACCEPTED | position=(-9.97, 9.98, -2.00) | distance_from_uav=2.70 m
[INFO] [1790277177.825895028] [sage_mission_manager]: VALIDATED VIEWPOINT PUBLISHED
[INFO] [1790277178.025632408] [sage_mission_manager]: VIEWPOINT ACCEPTED | position=(-10.50, 9.53, -2.00) | distance_from_uav=3.28 m
[INFO] [1790277178.026223522] [sage_mission_manager]: VALIDATED VIEWPOINT PUBLISHED
[INFO] [1790277178.228472797] [sage_mission_manager]: VIEWPOINT ACCEPTED | position=(-10.50, 9.53, -2.00) | distance_from_uav=3.10 m
[INFO] [1790277178.229234969] [sage_mission_manager]: VALIDATED VIEWPOINT PUBLISHED
[INFO] [1790277178.438235092] [sage_mission_manager]: VIEWPOINT ACCEPTED | position=(-11.03, 9.07, -2.00) | distance_from_uav=3.53 m
[INFO] [1790277178.438813615] [sage_mission_manager]: VALIDATED VIEWPOINT PUBLISHED
[INFO] [1790277178.637383246] [sage_mission_manager]: VIEWPOINT ACCEPTED | position=(-11.03, 9.07, -2.00) | distance_from_uav=3.15 m
[INFO] [1790277178.641723791] [sage_mission_manager]: VALIDATED VIEWPOINT PUBLISHED
[INFO] [1790277179.031879858] [sage_mission_manager]: VIEWPOINT ACCEPTED | position=(-9.77, 10.08, -2.00) | distance_from_uav=0.70 m
[INFO] [1790277179.032612216] [sage_mission_manager]: VALIDATED VIEWPOINT PUBLISHED
[INFO] [1790277179.238726460] [sage_mission_manager]: VIEWPOINT ACCEPTED | position=(-10.21, 9.53, -2.00) | distance_from_uav=0.96 m
[INFO] [1790277179.245224670] [sage_mission_manager]: VALIDATED VIEWPOINT PUBLISHED
[INFO] [1790277179.435119608] [sage_mission_manager]: VIEWPOINT ACCEPTED | position=(-10.64, 8.98, -2.00) | distance_from_uav=1.30 m
[INFO] [1790277179.435704495] [sage_mission_manager]: VALIDATED VIEWPOINT PUBLISHED
[INFO] [1790277179.625879547] [sage_mission_manager]: VIEWPOINT ACCEPTED | position=(-11.08, 8.43, -2.00) | distance_from_uav=1.75 m
[INFO] [1790277179.629260317] [sage_mission_manager]: VALIDATED VIEWPOINT PUBLISHED
[INFO] [1790277179.836544350] [sage_mission_manager]: VIEWPOINT ACCEPTED | position=(-11.51, 7.88, -2.00) | distance_from_uav=2.20 m
[INFO] [1790277179.837339919] [sage_mission_manager]: VALIDATED VIEWPOINT PUBLISHED
[INFO] [1790277180.028099657] [sage_mission_manager]: VIEWPOINT ACCEPTED | position=(-9.76, 9.54, -2.00) | distance_from_uav=0.70 m
[INFO] [1790277180.029781542] [sage_mission_manager]: VALIDATED VIEWPOINT PUBLISHED
[INFO] [1790277180.225177274] [sage_mission_manager]: VIEWPOINT ACCEPTED | position=(-9.06, 9.48, -2.00) | distance_from_uav=1.52 m
[INFO] [1790277180.225761627] [sage_mission_manager]: VALIDATED VIEWPOINT PUBLISHED
[INFO] [1790277180.424663659] [sage_mission_manager]: VIEWPOINT ACCEPTED | position=(-8.37, 9.42, -2.00) | distance_from_uav=2.36 m
[INFO] [1790277180.425500849] [sage_mission_manager]: VALIDATED VIEWPOINT PUBLISHED
[INFO] [1790277180.630391342] [sage_mission_manager]: VIEWPOINT ACCEPTED | position=(-7.67, 9.37, -2.00) | distance_from_uav=3.13 m
[INFO] [1790277180.630937596] [sage_mission_manager]: VALIDATED VIEWPOINT PUBLISHED
[INFO] [1790277180.826532767] [sage_mission_manager]: VIEWPOINT ACCEPTED | position=(-7.67, 9.37, -2.00) | distance_from_uav=3.11 m
[INFO] [1790277180.827338909] [sage_mission_manager]: VALIDATED VIEWPOINT PUBLISHED
[INFO] [1790277181.033888602] [sage_mission_manager]: VIEWPOINT ACCEPTED | position=(-6.97, 9.31, -2.00) | distance_from_uav=3.67 m
[INFO] [1790277181.034739558] [sage_mission_manager]: VALIDATED VIEWPOINT PUBLISHED
[INFO] [1790277181.235604050] [sage_mission_manager]: VIEWPOINT ACCEPTED | position=(-6.97, 9.31, -2.00) | distance_from_uav=3.43 m
[INFO] [1790277181.239661807] [sage_mission_manager]: VALIDATED VIEWPOINT PUBLISHED
[INFO] [1790277181.434174909] [sage_mission_manager]: VIEWPOINT ACCEPTED | position=(-6.97, 9.31, -2.00) | distance_from_uav=3.15 m
[INFO] [1790277181.434804747] [sage_mission_manager]: VALIDATED VIEWPOINT PUBLISHED
[INFO] [1790277181.630961963] [sage_mission_manager]: VIEWPOINT ACCEPTED | position=(-6.27, 9.25, -2.00) | distance_from_uav=3.54 m
[INFO] [1790277181.631857859] [sage_mission_manager]: VALIDATED VIEWPOINT PUBLISHED
[INFO] [1790277181.826731464] [sage_mission_manager]: VIEWPOINT ACCEPTED | position=(-6.27, 9.25, -2.00) | distance_from_uav=3.15 m
[INFO] [1790277181.829571427] [sage_mission_manager]: VALIDATED VIEWPOINT PUBLISHED
[INFO] [1790277182.028009123] [sage_mission_manager]: VIEWPOINT ACCEPTED | position=(-5.58, 9.19, -2.00) | distance_from_uav=3.51 m
[INFO] [1790277182.029596896] [sage_mission_manager]: VALIDATED VIEWPOINT PUBLISHED
[INFO] [1790277182.226710456] [sage_mission_manager]: VIEWPOINT ACCEPTED | position=(-5.58, 9.19, -2.00) | distance_from_uav=3.10 m
[INFO] [1790277182.228876855] [sage_mission_manager]: VALIDATED VIEWPOINT PUBLISHED
[INFO] [1790277182.432178722] [sage_mission_manager]: VIEWPOINT ACCEPTED | position=(-4.88, 9.14, -2.00) | distance_from_uav=3.41 m
[INFO] [1790277182.435840678] [sage_mission_manager]: VALIDATED VIEWPOINT PUBLISHED
[INFO] [1790277182.625787820] [sage_mission_manager]: VIEWPOINT ACCEPTED | position=(-4.18, 9.08, -2.00) | distance_from_uav=3.59 m
[INFO] [1790277182.626309434] [sage_mission_manager]: VALIDATED VIEWPOINT PUBLISHED
[INFO] [1790277182.825846073] [sage_mission_manager]: VIEWPOINT ACCEPTED | position=(-4.18, 9.08, -2.00) | distance_from_uav=3.14 m
[INFO] [1790277182.826409600] [sage_mission_manager]: VALIDATED VIEWPOINT PUBLISHED
[INFO] [1790277183.033693852] [sage_mission_manager]: VIEWPOINT ACCEPTED | position=(-3.48, 9.02, -2.00) | distance_from_uav=3.42 m
[INFO] [1790277183.034551246] [sage_mission_manager]: VALIDATED VIEWPOINT PUBLISHED
[INFO] [1790277183.227920991] [sage_mission_manager]: VIEWPOINT ACCEPTED | position=(-3.48, 9.02, -2.00) | distance_from_uav=3.03 m
[INFO] [1790277183.228808147] [sage_mission_manager]: VALIDATED VIEWPOINT PUBLISHED
[INFO] [1790277183.431558952] [sage_mission_manager]: VIEWPOINT ACCEPTED | position=(-2.79, 8.97, -2.00) | distance_from_uav=3.25 m
[INFO] [1790277183.432497214] [sage_mission_manager]: VALIDATED VIEWPOINT PUBLISHED
[INFO] [1790277183.636137121] [sage_mission_manager]: VIEWPOINT ACCEPTED | position=(-2.09, 8.91, -2.00) | distance_from_uav=3.46 m
[INFO] [1790277183.636770203] [sage_mission_manager]: VALIDATED VIEWPOINT PUBLISHED
[INFO] [1790277183.825431494] [sage_mission_manager]: VIEWPOINT ACCEPTED | position=(-2.09, 8.91, -2.00) | distance_from_uav=3.09 m
[INFO] [1790277183.826001599] [sage_mission_manager]: VALIDATED VIEWPOINT PUBLISHED
[INFO] [1790277184.029438478] [sage_mission_manager]: VIEWPOINT ACCEPTED | position=(-1.39, 8.85, -2.00) | distance_from_uav=3.30 m
[INFO] [1790277184.030551190] [sage_mission_manager]: VALIDATED VIEWPOINT PUBLISHED
[INFO] [1790277184.223689825] [sage_mission_manager]: VIEWPOINT ACCEPTED | position=(-0.69, 8.79, -2.00) | distance_from_uav=3.57 m
[INFO] [1790277184.224499521] [sage_mission_manager]: VALIDATED VIEWPOINT PUBLISHED
[INFO] [1790277184.424221947] [sage_mission_manager]: VIEWPOINT ACCEPTED | position=(-0.69, 8.79, -2.00) | distance_from_uav=3.22 m
[INFO] [1790277184.424908974] [sage_mission_manager]: VALIDATED VIEWPOINT PUBLISHED
[INFO] [1790277184.624904049] [sage_mission_manager]: VIEWPOINT ACCEPTED | position=(0.01, 8.74, -2.00) | distance_from_uav=3.48 m
[INFO] [1790277184.625708367] [sage_mission_manager]: VALIDATED VIEWPOINT PUBLISHED
[INFO] [1790277184.833347765] [sage_mission_manager]: VIEWPOINT ACCEPTED | position=(0.01, 8.74, -2.00) | distance_from_uav=3.03 m
[INFO] [1790277184.835899490] [sage_mission_manager]: VALIDATED VIEWPOINT PUBLISHED
[INFO] [1790277185.028000438] [sage_mission_manager]: VIEWPOINT ACCEPTED | position=(0.70, 8.68, -2.00) | distance_from_uav=3.33 m
[INFO] [1790277185.028579164] [sage_mission_manager]: VALIDATED VIEWPOINT PUBLISHED
[INFO] [1790277185.224991011] [sage_mission_manager]: VIEWPOINT ACCEPTED | position=(1.38, 8.62, -2.00) | distance_from_uav=3.63 m
[INFO] [1790277185.230221038] [sage_mission_manager]: VALIDATED VIEWPOINT PUBLISHED
[INFO] [1790277185.426701675] [sage_mission_manager]: VIEWPOINT ACCEPTED | position=(1.38, 8.62, -2.00) | distance_from_uav=3.20 m
[INFO] [1790277185.427458427] [sage_mission_manager]: VALIDATED VIEWPOINT PUBLISHED
[INFO] [1790277185.627152968] [sage_mission_manager]: VIEWPOINT ACCEPTED | position=(1.38, 8.62, -2.00) | distance_from_uav=2.81 m
[INFO] [1790277185.627825416] [sage_mission_manager]: VALIDATED VIEWPOINT PUBLISHED
[INFO] [1790277185.835040686] [sage_mission_manager]: VIEWPOINT ACCEPTED | position=(1.38, 8.62, -2.00) | distance_from_uav=2.37 m
[INFO] [1790277185.835673637] [sage_mission_manager]: VALIDATED VIEWPOINT PUBLISHED
[INFO] [1790277186.026539605] [sage_mission_manager]: VIEWPOINT ACCEPTED | position=(1.38, 8.62, -2.00) | distance_from_uav=1.94 m
[INFO] [1790277186.027726267] [sage_mission_manager]: VALIDATED VIEWPOINT PUBLISHED
[INFO] [1790277186.228271799] [sage_mission_manager]: VIEWPOINT ACCEPTED | position=(1.38, 8.62, -2.00) | distance_from_uav=1.58 m
[INFO] [1790277186.229137618] [sage_mission_manager]: VALIDATED VIEWPOINT PUBLISHED
[INFO] [1790277186.427344468] [sage_mission_manager]: VIEWPOINT ACCEPTED | position=(1.38, 8.62, -2.00) | distance_from_uav=1.23 m
[INFO] [1790277186.430547880] [sage_mission_manager]: VALIDATED VIEWPOINT PUBLISHED
[INFO] [1790277186.630318173] [sage_mission_manager]: VIEWPOINT ACCEPTED | position=(1.38, 8.62, -2.00) | distance_from_uav=0.88 m
[INFO] [1790277186.630902145] [sage_mission_manager]: VALIDATED VIEWPOINT PUBLISHED
[INFO] [1790277186.830005433] [sage_mission_manager]: VIEWPOINT ACCEPTED | position=(1.38, 8.62, -2.00) | distance_from_uav=0.62 m
[INFO] [1790277186.830778529] [sage_mission_manager]: VALIDATED VIEWPOINT PUBLISHED
[INFO] [1790277187.027356068] [sage_mission_manager]: VIEWPOINT ACCEPTED | position=(1.38, 8.62, -2.00) | distance_from_uav=0.39 m
[INFO] [1790277187.028531855] [sage_mission_manager]: VALIDATED VIEWPOINT PUBLISHED
[INFO] [1790277187.224414405] [sage_mission_manager]: VIEWPOINT ACCEPTED | position=(1.38, 8.62, -2.00) | distance_from_uav=0.22 m
[INFO] [1790277187.224954326] [sage_mission_manager]: VALIDATED VIEWPOINT PUBLISHED
[INFO] [1790277187.427114883] [sage_mission_manager]: VIEWPOINT ACCEPTED | position=(0.73, 8.90, -2.00) | distance_from_uav=0.60 m
[INFO] [1790277187.429086167] [sage_mission_manager]: VALIDATED VIEWPOINT PUBLISHED
[INFO] [1790277187.625968321] [sage_mission_manager]: VIEWPOINT ACCEPTED | position=(0.09, 9.18, -2.00) | distance_from_uav=1.40 m
[INFO] [1790277187.626769050] [sage_mission_manager]: VALIDATED VIEWPOINT PUBLISHED
[INFO] [1790277187.831810234] [sage_mission_manager]: VIEWPOINT ACCEPTED | position=(-0.45, 9.41, -2.00) | distance_from_uav=2.05 m
[INFO] [1790277187.833792210] [sage_mission_manager]: VALIDATED VIEWPOINT PUBLISHED
[INFO] [1790277188.024553661] [sage_mission_manager]: VIEWPOINT ACCEPTED | position=(-0.45, 9.41, -2.00) | distance_from_uav=2.05 m
[INFO] [1790277188.027130737] [sage_mission_manager]: VALIDATED VIEWPOINT PUBLISHED
[INFO] [1790277188.227233186] [sage_mission_manager]: VIEWPOINT ACCEPTED | position=(-0.45, 9.41, -2.00) | distance_from_uav=1.97 m
[INFO] [1790277188.228647357] [sage_mission_manager]: VALIDATED VIEWPOINT PUBLISHED
[INFO] [1790277188.437227486] [sage_mission_manager]: VIEWPOINT ACCEPTED | position=(-0.45, 9.41, -2.00) | distance_from_uav=1.81 m
[INFO] [1790277188.438096032] [sage_mission_manager]: VALIDATED VIEWPOINT PUBLISHED
[INFO] [1790277188.629436923] [sage_mission_manager]: VIEWPOINT ACCEPTED | position=(-0.45, 9.41, -2.00) | distance_from_uav=1.63 m
[INFO] [1790277188.632914618] [sage_mission_manager]: VALIDATED VIEWPOINT PUBLISHED
[INFO] [1790277188.824672010] [sage_mission_manager]: VIEWPOINT ACCEPTED | position=(-0.45, 9.41, -2.00) | distance_from_uav=1.35 m
[INFO] [1790277188.825324350] [sage_mission_manager]: VALIDATED VIEWPOINT PUBLISHED
[INFO] [1790277189.033447864] [sage_mission_manager]: VIEWPOINT ACCEPTED | position=(-0.45, 9.41, -2.00) | distance_from_uav=1.13 m
[INFO] [1790277189.036197996] [sage_mission_manager]: VALIDATED VIEWPOINT PUBLISHED
[INFO] [1790277189.228738255] [sage_mission_manager]: VIEWPOINT ACCEPTED | position=(-0.45, 9.41, -2.00) | distance_from_uav=0.89 m
[INFO] [1790277189.233386387] [sage_mission_manager]: VALIDATED VIEWPOINT PUBLISHED
[INFO] [1790277189.425671196] [sage_mission_manager]: VIEWPOINT ACCEPTED | position=(-0.45, 9.41, -2.00) | distance_from_uav=0.71 m
[INFO] [1790277189.426276901] [sage_mission_manager]: VALIDATED VIEWPOINT PUBLISHED
[INFO] [1790277189.628527193] [sage_mission_manager]: VIEWPOINT ACCEPTED | position=(-0.45, 9.41, -2.00) | distance_from_uav=0.53 m
[INFO] [1790277189.630051602] [sage_mission_manager]: VALIDATED VIEWPOINT PUBLISHED
[INFO] [1790277189.827269837] [sage_mission_manager]: VIEWPOINT ACCEPTED | position=(-0.45, 9.41, -2.00) | distance_from_uav=0.37 m
[INFO] [1790277189.831641775] [sage_mission_manager]: VALIDATED VIEWPOINT PUBLISHED
[INFO] [1790277190.023956595] [sage_mission_manager]: VIEWPOINT ACCEPTED | position=(-0.45, 9.41, -2.00) | distance_from_uav=0.27 m
[INFO] [1790277190.025591221] [sage_mission_manager]: VALIDATED VIEWPOINT PUBLISHED
[INFO] [1790277190.028778445] [sage_mission_manager]: VIEWPOINT ACCEPTED | position=(-0.45, 9.41, -2.00) | distance_from_uav=0.27 m
[INFO] [1790277190.031097174] [sage_mission_manager]: VALIDATED VIEWPOINT PUBLISHED
[INFO] [1790277190.225573767] [sage_mission_manager]: VIEWPOINT ACCEPTED | position=(-0.45, 9.41, -2.00) | distance_from_uav=0.20 m
[INFO] [1790277190.230755664] [sage_mission_manager]: VALIDATED VIEWPOINT PUBLISHED
[INFO] [1790277190.430887559] [sage_mission_manager]: VIEWPOINT ACCEPTED | position=(-0.45, 9.41, -2.00) | distance_from_uav=0.17 m
[INFO] [1790277190.434557185] [sage_mission_manager]: VALIDATED VIEWPOINT PUBLISHED
[INFO] [1790277190.628551483] [sage_mission_manager]: VIEWPOINT ACCEPTED | position=(-0.86, 8.85, -2.00) | distance_from_uav=0.85 m
[INFO] [1790277190.629155600] [sage_mission_manager]: VALIDATED VIEWPOINT PUBLISHED
[INFO] [1790277190.828594129] [sage_mission_manager]: VIEWPOINT ACCEPTED | position=(-1.27, 8.28, -2.00) | distance_from_uav=1.52 m
[INFO] [1790277190.829432704] [sage_mission_manager]: VALIDATED VIEWPOINT PUBLISHED
[INFO] [1790277191.036605895] [sage_mission_manager]: VIEWPOINT ACCEPTED | position=(-1.68, 7.71, -2.00) | distance_from_uav=2.20 m
[INFO] [1790277191.038768262] [sage_mission_manager]: VALIDATED VIEWPOINT PUBLISHED
[INFO] [1790277191.229908067] [sage_mission_manager]: VIEWPOINT ACCEPTED | position=(-2.08, 7.14, -2.00) | distance_from_uav=2.85 m
[INFO] [1790277191.230700932] [sage_mission_manager]: VALIDATED VIEWPOINT PUBLISHED
[INFO] [1790277191.428577413] [sage_mission_manager]: VIEWPOINT ACCEPTED | position=(-2.49, 6.57, -2.00) | distance_from_uav=3.44 m
[INFO] [1790277191.429119955] [sage_mission_manager]: VALIDATED VIEWPOINT PUBLISHED
[INFO] [1790277191.627269736] [sage_mission_manager]: VIEWPOINT ACCEPTED | position=(-2.49, 6.57, -2.00) | distance_from_uav=3.27 m
[INFO] [1790277191.627916399] [sage_mission_manager]: VALIDATED VIEWPOINT PUBLISHED
[INFO] [1790277191.834163166] [sage_mission_manager]: VIEWPOINT ACCEPTED | position=(-2.49, 6.57, -2.00) | distance_from_uav=3.03 m
[INFO] [1790277191.837951417] [sage_mission_manager]: VALIDATED VIEWPOINT PUBLISHED
[INFO] [1790277192.024707958] [sage_mission_manager]: VIEWPOINT ACCEPTED | position=(-2.90, 6.00, -2.00) | distance_from_uav=3.42 m
[INFO] [1790277192.026363515] [sage_mission_manager]: VALIDATED VIEWPOINT PUBLISHED
[INFO] [1790277192.234410986] [sage_mission_manager]: VIEWPOINT ACCEPTED | position=(-2.90, 6.00, -2.00) | distance_from_uav=3.03 m
[INFO] [1790277192.235166366] [sage_mission_manager]: VALIDATED VIEWPOINT PUBLISHED
[INFO] [1790277192.425973257] [sage_mission_manager]: VIEWPOINT ACCEPTED | position=(-3.18, 5.61, -2.00) | distance_from_uav=3.08 m
[INFO] [1790277192.426660981] [sage_mission_manager]: VALIDATED VIEWPOINT PUBLISHED
[INFO] [1790277192.638036701] [sage_mission_manager]: VIEWPOINT ACCEPTED | position=(-3.18, 5.61, -2.00) | distance_from_uav=2.73 m
[INFO] [1790277192.638738245] [sage_mission_manager]: VALIDATED VIEWPOINT PUBLISHED
[INFO] [1790277192.836973590] [sage_mission_manager]: VIEWPOINT ACCEPTED | position=(-3.18, 5.61, -2.00) | distance_from_uav=2.32 m
[INFO] [1790277192.838966251] [sage_mission_manager]: VALIDATED VIEWPOINT PUBLISHED
[INFO] [1790277193.031698854] [sage_mission_manager]: VIEWPOINT ACCEPTED | position=(-3.18, 5.61, -2.00) | distance_from_uav=1.90 m
[INFO] [1790277193.032294034] [sage_mission_manager]: VALIDATED VIEWPOINT PUBLISHED
[INFO] [1790277193.229142921] [sage_mission_manager]: VIEWPOINT ACCEPTED | position=(-3.18, 5.61, -2.00) | distance_from_uav=1.50 m
[INFO] [1790277193.230531118] [sage_mission_manager]: VALIDATED VIEWPOINT PUBLISHED
[INFO] [1790277193.427889952] [sage_mission_manager]: VIEWPOINT ACCEPTED | position=(-3.18, 5.61, -2.00) | distance_from_uav=1.14 m
[INFO] [1790277193.428858124] [sage_mission_manager]: VALIDATED VIEWPOINT PUBLISHED
[INFO] [1790277193.634262370] [sage_mission_manager]: VIEWPOINT ACCEPTED | position=(-3.18, 5.61, -2.00) | distance_from_uav=0.85 m
[INFO] [1790277193.636197298] [sage_mission_manager]: VALIDATED VIEWPOINT PUBLISHED
[INFO] [1790277193.827117971] [sage_mission_manager]: VIEWPOINT ACCEPTED | position=(-3.18, 5.61, -2.00) | distance_from_uav=0.59 m
[INFO] [1790277193.829841022] [sage_mission_manager]: VALIDATED VIEWPOINT PUBLISHED
[INFO] [1790277194.033654214] [sage_mission_manager]: VIEWPOINT ACCEPTED | position=(-3.18, 5.61, -2.00) | distance_from_uav=0.35 m
[INFO] [1790277194.034400484] [sage_mission_manager]: VALIDATED VIEWPOINT PUBLISHED
[INFO] [1790277194.226135173] [sage_mission_manager]: VIEWPOINT ACCEPTED | position=(-3.18, 5.61, -2.00) | distance_from_uav=0.18 m
[INFO] [1790277194.228136279] [sage_mission_manager]: VALIDATED VIEWPOINT PUBLISHED
[INFO] [1790277194.430849016] [sage_mission_manager]: VIEWPOINT ACCEPTED | position=(-2.74, 5.07, -2.00) | distance_from_uav=0.77 m
[INFO] [1790277194.431881889] [sage_mission_manager]: VALIDATED VIEWPOINT PUBLISHED
[INFO] [1790277194.626362232] [sage_mission_manager]: VIEWPOINT ACCEPTED | position=(-2.29, 4.53, -2.00) | distance_from_uav=1.47 m
[INFO] [1790277194.628072205] [sage_mission_manager]: VALIDATED VIEWPOINT PUBLISHED
[INFO] [1790277194.832725931] [sage_mission_manager]: VIEWPOINT ACCEPTED | position=(-1.85, 3.98, -2.00) | distance_from_uav=2.15 m
[INFO] [1790277194.835440442] [sage_mission_manager]: VALIDATED VIEWPOINT PUBLISHED
[INFO] [1790277195.235683648] [sage_mission_manager]: VIEWPOINT ACCEPTED | position=(-4.04, 5.45, -2.00) | distance_from_uav=0.70 m
[INFO] [1790277195.236761065] [sage_mission_manager]: VALIDATED VIEWPOINT PUBLISHED
[INFO] [1790277195.429873108] [sage_mission_manager]: VIEWPOINT ACCEPTED | position=(-2.89, 4.68, -2.00) | distance_from_uav=0.70 m
[INFO] [1790277195.430680004] [sage_mission_manager]: VALIDATED VIEWPOINT PUBLISHED
[INFO] [1790277195.632729023] [sage_mission_manager]: VIEWPOINT ACCEPTED | position=(-2.49, 4.10, -2.00) | distance_from_uav=1.21 m
[INFO] [1790277195.633341933] [sage_mission_manager]: VALIDATED VIEWPOINT PUBLISHED
[INFO] [1790277195.828129015] [sage_mission_manager]: VIEWPOINT ACCEPTED | position=(-2.10, 3.52, -2.00) | distance_from_uav=1.74 m
[INFO] [1790277195.841154221] [sage_mission_manager]: VALIDATED VIEWPOINT PUBLISHED
[INFO] [1790277196.035834255] [sage_mission_manager]: VIEWPOINT ACCEPTED | position=(-1.71, 2.94, -2.00) | distance_from_uav=2.26 m
[INFO] [1790277196.036800419] [sage_mission_manager]: VALIDATED VIEWPOINT PUBLISHED
[INFO] [1790277196.226187191] [sage_mission_manager]: VIEWPOINT ACCEPTED | position=(-1.31, 2.36, -2.00) | distance_from_uav=2.80 m
[INFO] [1790277196.234352441] [sage_mission_manager]: VALIDATED VIEWPOINT PUBLISHED
[INFO] [1790277196.436569152] [sage_mission_manager]: VIEWPOINT ACCEPTED | position=(-0.92, 1.78, -2.00) | distance_from_uav=3.33 m
[INFO] [1790277196.439739217] [sage_mission_manager]: VALIDATED VIEWPOINT PUBLISHED
[INFO] [1790277196.630419790] [sage_mission_manager]: VIEWPOINT ACCEPTED | position=(-0.92, 1.78, -2.00) | distance_from_uav=3.12 m
[INFO] [1790277196.631966076] [sage_mission_manager]: VALIDATED VIEWPOINT PUBLISHED
[INFO] [1790277196.843588248] [sage_mission_manager]: VIEWPOINT ACCEPTED | position=(-0.53, 1.20, -2.00) | distance_from_uav=3.57 m
[INFO] [1790277196.844629393] [sage_mission_manager]: VALIDATED VIEWPOINT PUBLISHED
[INFO] [1790277197.026574972] [sage_mission_manager]: VIEWPOINT ACCEPTED | position=(-0.53, 1.20, -2.00) | distance_from_uav=3.28 m
[INFO] [1790277197.030506907] [sage_mission_manager]: VALIDATED VIEWPOINT PUBLISHED
[INFO] [1790277197.230179315] [sage_mission_manager]: VIEWPOINT ACCEPTED | position=(-0.53, 1.20, -2.00) | distance_from_uav=2.98 m
[INFO] [1790277197.231131686] [sage_mission_manager]: VALIDATED VIEWPOINT PUBLISHED
[INFO] [1790277197.444341256] [sage_mission_manager]: VIEWPOINT ACCEPTED | position=(-0.13, 0.63, -2.00) | distance_from_uav=3.29 m
[INFO] [1790277197.445133189] [sage_mission_manager]: VALIDATED VIEWPOINT PUBLISHED
[INFO] [1790277197.638938098] [sage_mission_manager]: VIEWPOINT ACCEPTED | position=(0.26, 0.05, -2.00) | distance_from_uav=3.63 m
[INFO] [1790277197.639715526] [sage_mission_manager]: VALIDATED VIEWPOINT PUBLISHED
[INFO] [1790277197.826489095] [sage_mission_manager]: VIEWPOINT ACCEPTED | position=(0.26, 0.05, -2.00) | distance_from_uav=3.24 m
[INFO] [1790277197.827184614] [sage_mission_manager]: VALIDATED VIEWPOINT PUBLISHED
[INFO] [1790277198.028665615] [sage_mission_manager]: VIEWPOINT ACCEPTED | position=(0.65, -0.53, -2.00) | distance_from_uav=3.53 m
[INFO] [1790277198.029515488] [sage_mission_manager]: VALIDATED VIEWPOINT PUBLISHED
[INFO] [1790277198.224738690] [sage_mission_manager]: VIEWPOINT ACCEPTED | position=(0.65, -0.53, -2.00) | distance_from_uav=3.16 m
[INFO] [1790277198.226168477] [sage_mission_manager]: VALIDATED VIEWPOINT PUBLISHED
[INFO] [1790277198.428245875] [sage_mission_manager]: VIEWPOINT ACCEPTED | position=(1.05, -1.11, -2.00) | distance_from_uav=3.36 m
[INFO] [1790277198.428863765] [sage_mission_manager]: VALIDATED VIEWPOINT PUBLISHED
[INFO] [1790277198.641975582] [sage_mission_manager]: VIEWPOINT ACCEPTED | position=(1.44, -1.69, -2.00) | distance_from_uav=3.62 m
[INFO] [1790277198.642733194] [sage_mission_manager]: VALIDATED VIEWPOINT PUBLISHED
[INFO] [1790277198.839379826] [sage_mission_manager]: VIEWPOINT ACCEPTED | position=(1.44, -1.69, -2.00) | distance_from_uav=3.16 m
[INFO] [1790277198.843045342] [sage_mission_manager]: VALIDATED VIEWPOINT PUBLISHED
[INFO] [1790277199.029914620] [sage_mission_manager]: VIEWPOINT ACCEPTED | position=(1.83, -2.27, -2.00) | distance_from_uav=3.49 m
[INFO] [1790277199.031845406] [sage_mission_manager]: VALIDATED VIEWPOINT PUBLISHED
[INFO] [1790277199.228440302] [sage_mission_manager]: VIEWPOINT ACCEPTED | position=(1.83, -2.27, -2.00) | distance_from_uav=3.12 m
[INFO] [1790277199.229322905] [sage_mission_manager]: VALIDATED VIEWPOINT PUBLISHED
[INFO] [1790277199.427387297] [sage_mission_manager]: VIEWPOINT ACCEPTED | position=(2.23, -2.85, -2.00) | distance_from_uav=3.41 m
[INFO] [1790277199.428101758] [sage_mission_manager]: VALIDATED VIEWPOINT PUBLISHED
[INFO] [1790277199.634908843] [sage_mission_manager]: VIEWPOINT ACCEPTED | position=(2.23, -2.85, -2.00) | distance_from_uav=3.02 m
[INFO] [1790277199.635735653] [sage_mission_manager]: VALIDATED VIEWPOINT PUBLISHED
[INFO] [1790277199.828105713] [sage_mission_manager]: VIEWPOINT ACCEPTED | position=(2.60, -3.40, -2.00) | distance_from_uav=3.28 m
[INFO] [1790277199.828781997] [sage_mission_manager]: VALIDATED VIEWPOINT PUBLISHED
[INFO] [1790277200.027594329] [sage_mission_manager]: VIEWPOINT ACCEPTED | position=(2.86, -4.05, -2.00) | distance_from_uav=3.56 m
[INFO] [1790277200.028262699] [sage_mission_manager]: VALIDATED VIEWPOINT PUBLISHED
[INFO] [1790277200.223688813] [sage_mission_manager]: VIEWPOINT ACCEPTED | position=(2.86, -4.05, -2.00) | distance_from_uav=3.25 m
[INFO] [1790277200.224465367] [sage_mission_manager]: VALIDATED VIEWPOINT PUBLISHED
[INFO] [1790277200.427221506] [sage_mission_manager]: VIEWPOINT ACCEPTED | position=(3.12, -4.70, -2.00) | distance_from_uav=3.49 m
[INFO] [1790277200.427781569] [sage_mission_manager]: VALIDATED VIEWPOINT PUBLISHED
[INFO] [1790277200.627746521] [sage_mission_manager]: VIEWPOINT ACCEPTED | position=(3.12, -4.70, -2.00) | distance_from_uav=3.08 m
[INFO] [1790277200.628389134] [sage_mission_manager]: VALIDATED VIEWPOINT PUBLISHED
[INFO] [1790277200.828417760] [sage_mission_manager]: VIEWPOINT ACCEPTED | position=(3.38, -5.35, -2.00) | distance_from_uav=3.34 m
[INFO] [1790277200.829103011] [sage_mission_manager]: VALIDATED VIEWPOINT PUBLISHED
[INFO] [1790277201.031566538] [sage_mission_manager]: VIEWPOINT ACCEPTED | position=(3.64, -6.00, -2.00) | distance_from_uav=3.66 m
[INFO] [1790277201.032141000] [sage_mission_manager]: VALIDATED VIEWPOINT PUBLISHED
[INFO] [1790277201.225330094] [sage_mission_manager]: VIEWPOINT ACCEPTED | position=(3.64, -6.00, -2.00) | distance_from_uav=3.30 m
[INFO] [1790277201.227352832] [sage_mission_manager]: VALIDATED VIEWPOINT PUBLISHED
[INFO] [1790277201.434006010] [sage_mission_manager]: VIEWPOINT ACCEPTED | position=(3.90, -6.65, -2.00) | distance_from_uav=3.54 m
[INFO] [1790277201.438624592] [sage_mission_manager]: VALIDATED VIEWPOINT PUBLISHED
[INFO] [1790277201.632456072] [sage_mission_manager]: VIEWPOINT ACCEPTED | position=(3.90, -6.65, -2.00) | distance_from_uav=3.07 m
[INFO] [1790277201.633215347] [sage_mission_manager]: VALIDATED VIEWPOINT PUBLISHED
[INFO] [1790277201.827232372] [sage_mission_manager]: VIEWPOINT ACCEPTED | position=(4.16, -7.30, -2.00) | distance_from_uav=3.32 m
[INFO] [1790277201.829758882] [sage_mission_manager]: VALIDATED VIEWPOINT PUBLISHED
[INFO] [1790277202.033425333] [sage_mission_manager]: VIEWPOINT ACCEPTED | position=(4.42, -7.95, -2.00) | distance_from_uav=3.63 m
[INFO] [1790277202.034173995] [sage_mission_manager]: VALIDATED VIEWPOINT PUBLISHED
[INFO] [1790277202.228058303] [sage_mission_manager]: VIEWPOINT ACCEPTED | position=(4.42, -7.95, -2.00) | distance_from_uav=3.22 m
[INFO] [1790277202.228619338] [sage_mission_manager]: VALIDATED VIEWPOINT PUBLISHED
[INFO] [1790277202.432804376] [sage_mission_manager]: VIEWPOINT ACCEPTED | position=(4.68, -8.60, -2.00) | distance_from_uav=3.55 m
[INFO] [1790277202.433835448] [sage_mission_manager]: VALIDATED VIEWPOINT PUBLISHED
[INFO] [1790277202.629775678] [sage_mission_manager]: VIEWPOINT ACCEPTED | position=(4.68, -8.60, -2.00) | distance_from_uav=3.18 m
[INFO] [1790277202.631813561] [sage_mission_manager]: VALIDATED VIEWPOINT PUBLISHED
[INFO] [1790277202.823537248] [sage_mission_manager]: VIEWPOINT ACCEPTED | position=(4.94, -9.25, -2.00) | distance_from_uav=3.43 m
[INFO] [1790277202.824075832] [sage_mission_manager]: VALIDATED VIEWPOINT PUBLISHED
[INFO] [1790277203.033011951] [sage_mission_manager]: VIEWPOINT ACCEPTED | position=(5.20, -9.90, -2.00) | distance_from_uav=3.66 m
[INFO] [1790277203.033808204] [sage_mission_manager]: VALIDATED VIEWPOINT PUBLISHED
[INFO] [1790277203.242216889] [sage_mission_manager]: VIEWPOINT ACCEPTED | position=(5.20, -9.90, -2.00) | distance_from_uav=3.27 m
[INFO] [1790277203.242804663] [sage_mission_manager]: VALIDATED VIEWPOINT PUBLISHED
[INFO] [1790277203.428842034] [sage_mission_manager]: VIEWPOINT ACCEPTED | position=(5.46, -10.55, -2.00) | distance_from_uav=3.52 m
[INFO] [1790277203.430781978] [sage_mission_manager]: VALIDATED VIEWPOINT PUBLISHED
[INFO] [1790277203.638583709] [sage_mission_manager]: VIEWPOINT ACCEPTED | position=(5.46, -10.55, -2.00) | distance_from_uav=3.10 m
[INFO] [1790277203.644635625] [sage_mission_manager]: VALIDATED VIEWPOINT PUBLISHED
[INFO] [1790277203.829310373] [sage_mission_manager]: VIEWPOINT ACCEPTED | position=(5.65, -11.02, -2.00) | distance_from_uav=3.21 m
[INFO] [1790277203.830070381] [sage_mission_manager]: VALIDATED VIEWPOINT PUBLISHED
[INFO] [1790277204.031024125] [sage_mission_manager]: VIEWPOINT ACCEPTED | position=(5.65, -11.02, -2.00) | distance_from_uav=2.76 m
[INFO] [1790277204.031670522] [sage_mission_manager]: VALIDATED VIEWPOINT PUBLISHED
[INFO] [1790277204.229738179] [sage_mission_manager]: VIEWPOINT ACCEPTED | position=(5.65, -11.02, -2.00) | distance_from_uav=2.37 m
[INFO] [1790277204.231456984] [sage_mission_manager]: VALIDATED VIEWPOINT PUBLISHED
[INFO] [1790277204.432554939] [sage_mission_manager]: VIEWPOINT ACCEPTED | position=(5.65, -11.02, -2.00) | distance_from_uav=1.95 m
[INFO] [1790277204.435549874] [sage_mission_manager]: VALIDATED VIEWPOINT PUBLISHED
[INFO] [1790277204.626895259] [sage_mission_manager]: VIEWPOINT ACCEPTED | position=(5.65, -11.02, -2.00) | distance_from_uav=1.60 m
[INFO] [1790277204.627786973] [sage_mission_manager]: VALIDATED VIEWPOINT PUBLISHED
[INFO] [1790277204.827054185] [sage_mission_manager]: VIEWPOINT ACCEPTED | position=(5.65, -11.02, -2.00) | distance_from_uav=1.25 m
[INFO] [1790277204.827612711] [sage_mission_manager]: VALIDATED VIEWPOINT PUBLISHED
[INFO] [1790277205.035666355] [sage_mission_manager]: VIEWPOINT ACCEPTED | position=(5.65, -11.02, -2.00) | distance_from_uav=0.94 m
[INFO] [1790277205.036707043] [sage_mission_manager]: VALIDATED VIEWPOINT PUBLISHED
[INFO] [1790277205.227495277] [sage_mission_manager]: VIEWPOINT ACCEPTED | position=(5.65, -11.02, -2.00) | distance_from_uav=0.75 m
[INFO] [1790277205.228873693] [sage_mission_manager]: VALIDATED VIEWPOINT PUBLISHED
[INFO] [1790277205.433753230] [sage_mission_manager]: VIEWPOINT ACCEPTED | position=(5.65, -11.02, -2.00) | distance_from_uav=0.58 m
[INFO] [1790277205.434265170] [sage_mission_manager]: VALIDATED VIEWPOINT PUBLISHED
[INFO] [1790277205.627303442] [sage_mission_manager]: VIEWPOINT ACCEPTED | position=(5.65, -11.02, -2.00) | distance_from_uav=0.47 m
[INFO] [1790277205.629693260] [sage_mission_manager]: VALIDATED VIEWPOINT PUBLISHED
[INFO] [1790277205.824642317] [sage_mission_manager]: VIEWPOINT ACCEPTED | position=(5.65, -11.02, -2.00) | distance_from_uav=0.42 m
[INFO] [1790277205.825355467] [sage_mission_manager]: VALIDATED VIEWPOINT PUBLISHED
[INFO] [1790277206.024268276] [sage_mission_manager]: VIEWPOINT ACCEPTED | position=(5.65, -11.02, -2.00) | distance_from_uav=0.40 m
[INFO] [1790277206.026791572] [sage_mission_manager]: VALIDATED VIEWPOINT PUBLISHED
[INFO] [1790277206.224558703] [sage_mission_manager]: VIEWPOINT ACCEPTED | position=(5.65, -11.02, -2.00) | distance_from_uav=0.39 m
[INFO] [1790277206.225510366] [sage_mission_manager]: VALIDATED VIEWPOINT PUBLISHED
[INFO] [1790277206.433781009] [sage_mission_manager]: VIEWPOINT ACCEPTED | position=(5.65, -11.02, -2.00) | distance_from_uav=0.40 m
[INFO] [1790277206.434452614] [sage_mission_manager]: VALIDATED VIEWPOINT PUBLISHED
[INFO] [1790277206.626621912] [sage_mission_manager]: VIEWPOINT ACCEPTED | position=(5.65, -11.02, -2.00) | distance_from_uav=0.40 m
[INFO] [1790277206.627212172] [sage_mission_manager]: VALIDATED VIEWPOINT PUBLISHED
[INFO] [1790277206.838132117] [sage_mission_manager]: VIEWPOINT ACCEPTED | position=(5.65, -11.02, -2.00) | distance_from_uav=0.39 m
[INFO] [1790277206.841076717] [sage_mission_manager]: VALIDATED VIEWPOINT PUBLISHED
[INFO] [1790277207.025328789] [sage_mission_manager]: VIEWPOINT ACCEPTED | position=(5.65, -11.02, -2.00) | distance_from_uav=0.39 m
[INFO] [1790277207.028100004] [sage_mission_manager]: VALIDATED VIEWPOINT PUBLISHED
[INFO] [1790277207.226385279] [sage_mission_manager]: VIEWPOINT ACCEPTED | position=(5.65, -11.02, -2.00) | distance_from_uav=0.39 m
[INFO] [1790277207.231835582] [sage_mission_manager]: VALIDATED VIEWPOINT PUBLISHED
[INFO] [1790277207.428200360] [sage_mission_manager]: VIEWPOINT ACCEPTED | position=(5.65, -11.02, -2.00) | distance_from_uav=0.37 m
[INFO] [1790277207.428762711] [sage_mission_manager]: VALIDATED VIEWPOINT PUBLISHED
[INFO] [1790277207.636853420] [sage_mission_manager]: VIEWPOINT ACCEPTED | position=(5.65, -11.02, -2.00) | distance_from_uav=0.34 m
[INFO] [1790277207.637478917] [sage_mission_manager]: VALIDATED VIEWPOINT PUBLISHED
[INFO] [1790277207.832407427] [sage_mission_manager]: VIEWPOINT ACCEPTED | position=(5.16, -11.52, -2.00) | distance_from_uav=0.39 m
[INFO] [1790277207.836378216] [sage_mission_manager]: VALIDATED VIEWPOINT PUBLISHED
[INFO] [1790277208.038134688] [sage_mission_manager]: VIEWPOINT ACCEPTED | position=(4.66, -12.01, -2.00) | distance_from_uav=1.12 m
[INFO] [1790277208.039093216] [sage_mission_manager]: VALIDATED VIEWPOINT PUBLISHED
[INFO] [1790277208.227720817] [sage_mission_manager]: VIEWPOINT ACCEPTED | position=(4.17, -12.51, -2.00) | distance_from_uav=1.83 m
[INFO] [1790277208.229921143] [sage_mission_manager]: VALIDATED VIEWPOINT PUBLISHED
[INFO] [1790277208.428903985] [sage_mission_manager]: VIEWPOINT ACCEPTED | position=(3.67, -13.00, -2.00) | distance_from_uav=2.52 m
[INFO] [1790277208.429511934] [sage_mission_manager]: VALIDATED VIEWPOINT PUBLISHED
[INFO] [1790277208.633787907] [sage_mission_manager]: VIEWPOINT ACCEPTED | position=(3.18, -13.50, -2.00) | distance_from_uav=3.16 m
[INFO] [1790277208.635620775] [sage_mission_manager]: VALIDATED VIEWPOINT PUBLISHED
[INFO] [1790277208.826853721] [sage_mission_manager]: VIEWPOINT ACCEPTED | position=(3.18, -13.50, -2.00) | distance_from_uav=3.04 m
[INFO] [1790277208.827468761] [sage_mission_manager]: VALIDATED VIEWPOINT PUBLISHED
[INFO] [1790277209.027225170] [sage_mission_manager]: VIEWPOINT ACCEPTED | position=(2.68, -13.99, -2.00) | distance_from_uav=3.52 m
[INFO] [1790277209.029158258] [sage_mission_manager]: VALIDATED VIEWPOINT PUBLISHED
[INFO] [1790277209.234578900] [sage_mission_manager]: VIEWPOINT ACCEPTED | position=(2.68, -13.99, -2.00) | distance_from_uav=3.26 m
[INFO] [1790277209.235191350] [sage_mission_manager]: VALIDATED VIEWPOINT PUBLISHED
[INFO] [1790277209.427265591] [sage_mission_manager]: VIEWPOINT ACCEPTED | position=(2.65, -14.02, -2.00) | distance_from_uav=2.94 m
[INFO] [1790277209.428454383] [sage_mission_manager]: VALIDATED VIEWPOINT PUBLISHED
[INFO] [1790277209.633762450] [sage_mission_manager]: VIEWPOINT ACCEPTED | position=(2.65, -14.02, -2.00) | distance_from_uav=2.52 m
[INFO] [1790277209.635550909] [sage_mission_manager]: VALIDATED VIEWPOINT PUBLISHED
[INFO] [1790277209.835313186] [sage_mission_manager]: VIEWPOINT ACCEPTED | position=(2.65, -14.02, -2.00) | distance_from_uav=2.15 m
[INFO] [1790277209.838162582] [sage_mission_manager]: VALIDATED VIEWPOINT PUBLISHED
[INFO] [1790277210.034685136] [sage_mission_manager]: VIEWPOINT ACCEPTED | position=(2.65, -14.02, -2.00) | distance_from_uav=1.79 m
[INFO] [1790277210.036999108] [sage_mission_manager]: VALIDATED VIEWPOINT PUBLISHED
[INFO] [1790277210.229909768] [sage_mission_manager]: VIEWPOINT ACCEPTED | position=(2.65, -14.02, -2.00) | distance_from_uav=1.42 m
[INFO] [1790277210.230720731] [sage_mission_manager]: VALIDATED VIEWPOINT PUBLISHED
[INFO] [1790277210.427203457] [sage_mission_manager]: VIEWPOINT ACCEPTED | position=(2.65, -14.02, -2.00) | distance_from_uav=1.13 m
[INFO] [1790277210.427907931] [sage_mission_manager]: VALIDATED VIEWPOINT PUBLISHED
[INFO] [1790277210.632945865] [sage_mission_manager]: VIEWPOINT ACCEPTED | position=(2.65, -14.02, -2.00) | distance_from_uav=0.85 m
[INFO] [1790277210.633910659] [sage_mission_manager]: VALIDATED VIEWPOINT PUBLISHED
[INFO] [1790277210.827853043] [sage_mission_manager]: VIEWPOINT ACCEPTED | position=(2.65, -14.02, -2.00) | distance_from_uav=0.60 m
[INFO] [1790277210.830401797] [sage_mission_manager]: VALIDATED VIEWPOINT PUBLISHED
[INFO] [1790277211.023287080] [sage_mission_manager]: VIEWPOINT ACCEPTED | position=(2.65, -14.02, -2.00) | distance_from_uav=0.45 m
[INFO] [1790277211.023970784] [sage_mission_manager]: VALIDATED VIEWPOINT PUBLISHED
[INFO] [1790277211.223961158] [sage_mission_manager]: VIEWPOINT ACCEPTED | position=(2.65, -14.02, -2.00) | distance_from_uav=0.36 m
[INFO] [1790277211.224795470] [sage_mission_manager]: VALIDATED VIEWPOINT PUBLISHED
[INFO] [1790277211.426954958] [sage_mission_manager]: VIEWPOINT ACCEPTED | position=(2.65, -14.02, -2.00) | distance_from_uav=0.32 m
[INFO] [1790277211.429320982] [sage_mission_manager]: VALIDATED VIEWPOINT PUBLISHED
[INFO] [1790277211.624858871] [sage_mission_manager]: VIEWPOINT ACCEPTED | position=(2.16, -13.53, -2.00) | distance_from_uav=1.01 m
[INFO] [1790277211.625676176] [sage_mission_manager]: VALIDATED VIEWPOINT PUBLISHED
[INFO] [1790277211.829653181] [sage_mission_manager]: VIEWPOINT ACCEPTED | position=(1.66, -13.03, -2.00) | distance_from_uav=1.69 m
[INFO] [1790277211.831132823] [sage_mission_manager]: VALIDATED VIEWPOINT PUBLISHED
[INFO] [1790277212.026097061] [sage_mission_manager]: VIEWPOINT ACCEPTED | position=(1.17, -12.54, -2.00) | distance_from_uav=2.36 m
[INFO] [1790277212.026936485] [sage_mission_manager]: VALIDATED VIEWPOINT PUBLISHED
[INFO] [1790277212.232727417] [sage_mission_manager]: VIEWPOINT ACCEPTED | position=(0.67, -12.04, -2.00) | distance_from_uav=2.99 m
[INFO] [1790277212.233529909] [sage_mission_manager]: VALIDATED VIEWPOINT PUBLISHED
[INFO] [1790277212.426433162] [sage_mission_manager]: VIEWPOINT ACCEPTED | position=(0.18, -11.55, -2.00) | distance_from_uav=3.58 m
[INFO] [1790277212.427289097] [sage_mission_manager]: VALIDATED VIEWPOINT PUBLISHED
[INFO] [1790277212.628333677] [sage_mission_manager]: VIEWPOINT ACCEPTED | position=(0.18, -11.55, -2.00) | distance_from_uav=3.40 m
[INFO] [1790277212.628995671] [sage_mission_manager]: VALIDATED VIEWPOINT PUBLISHED
[INFO] [1790277212.825241042] [sage_mission_manager]: VIEWPOINT ACCEPTED | position=(0.18, -11.55, -2.00) | distance_from_uav=3.22 m
[INFO] [1790277212.825827004] [sage_mission_manager]: VALIDATED VIEWPOINT PUBLISHED
[INFO] [1790277213.029088549] [sage_mission_manager]: VIEWPOINT ACCEPTED | position=(-0.32, -11.05, -2.00) | distance_from_uav=3.60 m
[INFO] [1790277213.030401838] [sage_mission_manager]: VALIDATED VIEWPOINT PUBLISHED
[INFO] [1790277213.234060107] [sage_mission_manager]: VIEWPOINT ACCEPTED | position=(-0.32, -11.05, -2.00) | distance_from_uav=3.23 m
[INFO] [1790277213.234596893] [sage_mission_manager]: VALIDATED VIEWPOINT PUBLISHED
[INFO] [1790277213.434813016] [sage_mission_manager]: VIEWPOINT ACCEPTED | position=(-0.35, -11.02, -2.00) | distance_from_uav=2.88 m
[INFO] [1790277213.439538570] [sage_mission_manager]: VALIDATED VIEWPOINT PUBLISHED
[INFO] [1790277213.627988366] [sage_mission_manager]: VIEWPOINT ACCEPTED | position=(-0.35, -11.02, -2.00) | distance_from_uav=2.48 m
[INFO] [1790277213.629480146] [sage_mission_manager]: VALIDATED VIEWPOINT PUBLISHED
[INFO] [1790277213.836397454] [sage_mission_manager]: VIEWPOINT ACCEPTED | position=(-0.35, -11.02, -2.00) | distance_from_uav=2.02 m
[INFO] [1790277213.837282696] [sage_mission_manager]: VALIDATED VIEWPOINT PUBLISHED
[INFO] [1790277214.024751420] [sage_mission_manager]: VIEWPOINT ACCEPTED | position=(-0.35, -11.02, -2.00) | distance_from_uav=1.63 m
[INFO] [1790277214.027555251] [sage_mission_manager]: VALIDATED VIEWPOINT PUBLISHED
[INFO] [1790277214.231226565] [sage_mission_manager]: VIEWPOINT ACCEPTED | position=(-0.35, -11.02, -2.00) | distance_from_uav=1.26 m
[INFO] [1790277214.235192796] [sage_mission_manager]: VALIDATED VIEWPOINT PUBLISHED
[INFO] [1790277214.424065130] [sage_mission_manager]: VIEWPOINT ACCEPTED | position=(-0.35, -11.02, -2.00) | distance_from_uav=0.96 m
[INFO] [1790277214.424885368] [sage_mission_manager]: VALIDATED VIEWPOINT PUBLISHED
[INFO] [1790277214.632249455] [sage_mission_manager]: VIEWPOINT ACCEPTED | position=(-0.35, -11.02, -2.00) | distance_from_uav=0.69 m
[INFO] [1790277214.634699910] [sage_mission_manager]: VALIDATED VIEWPOINT PUBLISHED
[INFO] [1790277214.824659922] [sage_mission_manager]: VIEWPOINT ACCEPTED | position=(-0.35, -11.02, -2.00) | distance_from_uav=0.50 m
[INFO] [1790277214.825645770] [sage_mission_manager]: VALIDATED VIEWPOINT PUBLISHED
[INFO] [1790277215.027522562] [sage_mission_manager]: VIEWPOINT ACCEPTED | position=(-0.35, -11.02, -2.00) | distance_from_uav=0.34 m
[INFO] [1790277215.028236882] [sage_mission_manager]: VALIDATED VIEWPOINT PUBLISHED
[INFO] [1790277215.234032661] [sage_mission_manager]: VIEWPOINT ACCEPTED | position=(0.34, -10.93, -2.00) | distance_from_uav=0.83 m
[INFO] [1790277215.235949011] [sage_mission_manager]: VALIDATED VIEWPOINT PUBLISHED
[INFO] [1790277215.427351022] [sage_mission_manager]: VIEWPOINT ACCEPTED | position=(1.04, -10.83, -2.00) | distance_from_uav=1.56 m
[INFO] [1790277215.427918252] [sage_mission_manager]: VALIDATED VIEWPOINT PUBLISHED
[INFO] [1790277215.627191427] [sage_mission_manager]: VIEWPOINT ACCEPTED | position=(1.73, -10.73, -2.00) | distance_from_uav=2.30 m
[INFO] [1790277215.629729886] [sage_mission_manager]: VALIDATED VIEWPOINT PUBLISHED
[INFO] [1790277215.833074430] [sage_mission_manager]: VIEWPOINT ACCEPTED | position=(2.42, -10.63, -2.00) | distance_from_uav=3.00 m
[INFO] [1790277215.833744576] [sage_mission_manager]: VALIDATED VIEWPOINT PUBLISHED
[INFO] [1790277216.027179477] [sage_mission_manager]: VIEWPOINT ACCEPTED | position=(2.60, -10.60, -2.00) | distance_from_uav=3.13 m
[INFO] [1790277216.027740665] [sage_mission_manager]: VALIDATED VIEWPOINT PUBLISHED
[INFO] [1790277216.223554741] [sage_mission_manager]: VIEWPOINT ACCEPTED | position=(2.61, -9.90, -2.00) | distance_from_uav=3.17 m
[INFO] [1790277216.224614040] [sage_mission_manager]: VALIDATED VIEWPOINT PUBLISHED
[INFO] [1790277216.441250737] [sage_mission_manager]: VIEWPOINT ACCEPTED | position=(2.63, -9.20, -2.00) | distance_from_uav=3.21 m
[INFO] [1790277216.441792468] [sage_mission_manager]: VALIDATED VIEWPOINT PUBLISHED
[INFO] [1790277216.633802291] [sage_mission_manager]: VIEWPOINT ACCEPTED | position=(2.64, -8.50, -2.00) | distance_from_uav=3.33 m
[INFO] [1790277216.634560008] [sage_mission_manager]: VALIDATED VIEWPOINT PUBLISHED
[INFO] [1790277216.824827030] [sage_mission_manager]: VIEWPOINT ACCEPTED | position=(2.65, -8.02, -2.00) | distance_from_uav=3.35 m
[INFO] [1790277216.825433216] [sage_mission_manager]: VALIDATED VIEWPOINT PUBLISHED
[INFO] [1790277217.027892411] [sage_mission_manager]: VIEWPOINT ACCEPTED | position=(2.65, -8.02, -2.00) | distance_from_uav=2.98 m
[INFO] [1790277217.030856546] [sage_mission_manager]: VALIDATED VIEWPOINT PUBLISHED
[INFO] [1790277217.227614337] [sage_mission_manager]: VIEWPOINT ACCEPTED | position=(2.65, -8.02, -2.00) | distance_from_uav=2.54 m
[INFO] [1790277217.228190339] [sage_mission_manager]: VALIDATED VIEWPOINT PUBLISHED
[INFO] [1790277217.428055153] [sage_mission_manager]: VIEWPOINT ACCEPTED | position=(2.65, -8.02, -2.00) | distance_from_uav=2.14 m
[INFO] [1790277217.430431079] [sage_mission_manager]: VALIDATED VIEWPOINT PUBLISHED
[INFO] [1790277217.625028230] [sage_mission_manager]: VIEWPOINT ACCEPTED | position=(2.65, -8.02, -2.00) | distance_from_uav=1.70 m
[INFO] [1790277217.625827223] [sage_mission_manager]: VALIDATED VIEWPOINT PUBLISHED
[INFO] [1790277217.827805241] [sage_mission_manager]: VIEWPOINT ACCEPTED | position=(2.65, -8.02, -2.00) | distance_from_uav=1.33 m
[INFO] [1790277217.835662572] [sage_mission_manager]: VALIDATED VIEWPOINT PUBLISHED
[INFO] [1790277218.025099566] [sage_mission_manager]: VIEWPOINT ACCEPTED | position=(2.65, -8.02, -2.00) | distance_from_uav=1.01 m
[INFO] [1790277218.027442976] [sage_mission_manager]: VALIDATED VIEWPOINT PUBLISHED
[INFO] [1790277218.230966889] [sage_mission_manager]: VIEWPOINT ACCEPTED | position=(2.65, -8.02, -2.00) | distance_from_uav=0.70 m
[INFO] [1790277218.233569348] [sage_mission_manager]: VALIDATED VIEWPOINT PUBLISHED
[INFO] [1790277218.425710740] [sage_mission_manager]: VIEWPOINT ACCEPTED | position=(2.65, -8.02, -2.00) | distance_from_uav=0.44 m
[INFO] [1790277218.426386479] [sage_mission_manager]: VALIDATED VIEWPOINT PUBLISHED
[INFO] [1790277218.624159852] [sage_mission_manager]: VIEWPOINT ACCEPTED | position=(2.65, -8.02, -2.00) | distance_from_uav=0.23 m
[INFO] [1790277218.624819424] [sage_mission_manager]: VALIDATED VIEWPOINT PUBLISHED
[INFO] [1790277218.826135206] [sage_mission_manager]: VIEWPOINT ACCEPTED | position=(2.64, -8.72, -2.00) | distance_from_uav=0.65 m
[INFO] [1790277218.830149280] [sage_mission_manager]: VALIDATED VIEWPOINT PUBLISHED
[INFO] [1790277219.028078103] [sage_mission_manager]: VIEWPOINT ACCEPTED | position=(2.62, -9.42, -2.00) | distance_from_uav=1.50 m
[INFO] [1790277219.030005369] [sage_mission_manager]: VALIDATED VIEWPOINT PUBLISHED
[INFO] [1790277219.229005156] [sage_mission_manager]: VIEWPOINT ACCEPTED | position=(2.61, -10.12, -2.00) | distance_from_uav=2.27 m
[INFO] [1790277219.230113110] [sage_mission_manager]: VALIDATED VIEWPOINT PUBLISHED
[INFO] [1790277219.426414493] [sage_mission_manager]: VIEWPOINT ACCEPTED | position=(2.60, -10.60, -2.00) | distance_from_uav=2.77 m
[INFO] [1790277219.427094371] [sage_mission_manager]: VALIDATED VIEWPOINT PUBLISHED
[INFO] [1790277219.636694072] [sage_mission_manager]: VIEWPOINT ACCEPTED | position=(1.91, -10.70, -2.00) | distance_from_uav=2.92 m
[INFO] [1790277219.637605305] [sage_mission_manager]: VALIDATED VIEWPOINT PUBLISHED
[INFO] [1790277219.828264040] [sage_mission_manager]: VIEWPOINT ACCEPTED | position=(1.21, -10.80, -2.00) | distance_from_uav=3.12 m
[INFO] [1790277219.833500318] [sage_mission_manager]: VALIDATED VIEWPOINT PUBLISHED
[INFO] [1790277220.031293617] [sage_mission_manager]: VIEWPOINT ACCEPTED | position=(0.52, -10.90, -2.00) | distance_from_uav=3.39 m
[INFO] [1790277220.032480857] [sage_mission_manager]: VALIDATED VIEWPOINT PUBLISHED
[INFO] [1790277220.228162779] [sage_mission_manager]: VIEWPOINT ACCEPTED | position=(0.52, -10.90, -2.00) | distance_from_uav=3.12 m
[INFO] [1790277220.228713557] [sage_mission_manager]: VALIDATED VIEWPOINT PUBLISHED
[INFO] [1790277220.432224854] [sage_mission_manager]: VIEWPOINT ACCEPTED | position=(2.54, -9.58, -2.00) | distance_from_uav=0.70 m
[INFO] [1790277220.437114144] [sage_mission_manager]: VALIDATED VIEWPOINT PUBLISHED
[INFO] [1790277220.625699127] [sage_mission_manager]: VIEWPOINT ACCEPTED | position=(2.58, -10.28, -2.00) | distance_from_uav=1.10 m
[INFO] [1790277220.626244803] [sage_mission_manager]: VALIDATED VIEWPOINT PUBLISHED
[INFO] [1790277220.830075900] [sage_mission_manager]: VIEWPOINT ACCEPTED | position=(2.60, -10.60, -2.00) | distance_from_uav=1.19 m
[INFO] [1790277220.831179902] [sage_mission_manager]: VALIDATED VIEWPOINT PUBLISHED
[INFO] [1790277221.025671009] [sage_mission_manager]: VIEWPOINT ACCEPTED | position=(1.90, -10.60, -2.00) | distance_from_uav=0.83 m
[INFO] [1790277221.026545522] [sage_mission_manager]: VALIDATED VIEWPOINT PUBLISHED
[INFO] [1790277221.238547050] [sage_mission_manager]: VIEWPOINT ACCEPTED | position=(1.20, -10.60, -2.00) | distance_from_uav=1.00 m
[INFO] [1790277221.242599723] [sage_mission_manager]: VALIDATED VIEWPOINT PUBLISHED
[INFO] [1790277221.437499591] [sage_mission_manager]: VIEWPOINT ACCEPTED | position=(0.50, -10.60, -2.00) | distance_from_uav=1.55 m
[INFO] [1790277221.442684291] [sage_mission_manager]: VALIDATED VIEWPOINT PUBLISHED
[INFO] [1790277221.632755903] [sage_mission_manager]: VIEWPOINT ACCEPTED | position=(2.59, -10.60, -2.00) | distance_from_uav=0.70 m
[INFO] [1790277221.633308196] [sage_mission_manager]: VALIDATED VIEWPOINT PUBLISHED
[INFO] [1790277221.835553649] [sage_mission_manager]: VIEWPOINT ACCEPTED | position=(2.59, -9.90, -2.00) | distance_from_uav=0.85 m
[INFO] [1790277221.836245097] [sage_mission_manager]: VALIDATED VIEWPOINT PUBLISHED
[INFO] [1790277222.029777882] [sage_mission_manager]: VIEWPOINT ACCEPTED | position=(2.58, -9.20, -2.00) | distance_from_uav=1.45 m
[INFO] [1790277222.030416910] [sage_mission_manager]: VALIDATED VIEWPOINT PUBLISHED
[INFO] [1790277222.242193722] [sage_mission_manager]: VIEWPOINT ACCEPTED | position=(2.57, -8.50, -2.00) | distance_from_uav=2.13 m
[INFO] [1790277222.242742404] [sage_mission_manager]: VALIDATED VIEWPOINT PUBLISHED
[INFO] [1790277222.439915639] [sage_mission_manager]: VIEWPOINT ACCEPTED | position=(2.56, -7.80, -2.00) | distance_from_uav=2.77 m
[INFO] [1790277222.440783891] [sage_mission_manager]: VALIDATED VIEWPOINT PUBLISHED
[INFO] [1790277222.636735111] [sage_mission_manager]: VIEWPOINT ACCEPTED | position=(2.56, -7.10, -2.00) | distance_from_uav=3.37 m
[INFO] [1790277222.638242628] [sage_mission_manager]: VALIDATED VIEWPOINT PUBLISHED
[INFO] [1790277222.827257556] [sage_mission_manager]: VIEWPOINT ACCEPTED | position=(2.56, -7.10, -2.00) | distance_from_uav=3.21 m
[INFO] [1790277222.827806588] [sage_mission_manager]: VALIDATED VIEWPOINT PUBLISHED
[INFO] [1790277223.033425424] [sage_mission_manager]: VIEWPOINT ACCEPTED | position=(2.55, -6.40, -2.00) | distance_from_uav=3.65 m
[INFO] [1790277223.034437948] [sage_mission_manager]: VALIDATED VIEWPOINT PUBLISHED
[INFO] [1790277223.225419325] [sage_mission_manager]: VIEWPOINT ACCEPTED | position=(2.55, -6.40, -2.00) | distance_from_uav=3.37 m
[INFO] [1790277223.226002608] [sage_mission_manager]: VALIDATED VIEWPOINT PUBLISHED
[INFO] [1790277223.425310591] [sage_mission_manager]: VIEWPOINT ACCEPTED | position=(2.55, -6.40, -2.00) | distance_from_uav=3.00 m
[INFO] [1790277223.427618295] [sage_mission_manager]: VALIDATED VIEWPOINT PUBLISHED
[INFO] [1790277223.625860966] [sage_mission_manager]: VIEWPOINT ACCEPTED | position=(2.55, -6.35, -2.00) | distance_from_uav=2.68 m
[INFO] [1790277223.626846567] [sage_mission_manager]: VALIDATED VIEWPOINT PUBLISHED
[INFO] [1790277223.824194868] [sage_mission_manager]: VIEWPOINT ACCEPTED | position=(2.55, -6.35, -2.00) | distance_from_uav=2.19 m
[INFO] [1790277223.826261656] [sage_mission_manager]: VALIDATED VIEWPOINT PUBLISHED
[INFO] [1790277224.032064173] [sage_mission_manager]: VIEWPOINT ACCEPTED | position=(2.55, -6.35, -2.00) | distance_from_uav=1.83 m
[INFO] [1790277224.034155253] [sage_mission_manager]: VALIDATED VIEWPOINT PUBLISHED
[INFO] [1790277224.231307310] [sage_mission_manager]: VIEWPOINT ACCEPTED | position=(2.55, -6.35, -2.00) | distance_from_uav=1.52 m
[INFO] [1790277224.231879239] [sage_mission_manager]: VALIDATED VIEWPOINT PUBLISHED
[INFO] [1790277224.428370780] [sage_mission_manager]: VIEWPOINT ACCEPTED | position=(2.55, -6.35, -2.00) | distance_from_uav=1.21 m
[INFO] [1790277224.434885677] [sage_mission_manager]: VALIDATED VIEWPOINT PUBLISHED
[INFO] [1790277224.627494792] [sage_mission_manager]: VIEWPOINT ACCEPTED | position=(2.55, -6.35, -2.00) | distance_from_uav=0.94 m
[INFO] [1790277224.628044936] [sage_mission_manager]: VALIDATED VIEWPOINT PUBLISHED
[INFO] [1790277224.825878000] [sage_mission_manager]: VIEWPOINT ACCEPTED | position=(2.55, -6.35, -2.00) | distance_from_uav=0.70 m
[INFO] [1790277224.826757775] [sage_mission_manager]: VALIDATED VIEWPOINT PUBLISHED
[INFO] [1790277225.030556136] [sage_mission_manager]: VIEWPOINT ACCEPTED | position=(2.55, -6.35, -2.00) | distance_from_uav=0.50 m
[INFO] [1790277225.031287871] [sage_mission_manager]: VALIDATED VIEWPOINT PUBLISHED
[INFO] [1790277225.230861639] [sage_mission_manager]: VIEWPOINT ACCEPTED | position=(2.55, -6.35, -2.00) | distance_from_uav=0.35 m
[INFO] [1790277225.231702308] [sage_mission_manager]: VALIDATED VIEWPOINT PUBLISHED
[INFO] [1790277225.428031846] [sage_mission_manager]: VIEWPOINT ACCEPTED | position=(2.55, -6.35, -2.00) | distance_from_uav=0.26 m
[INFO] [1790277225.428573341] [sage_mission_manager]: VALIDATED VIEWPOINT PUBLISHED
[INFO] [1790277225.627260638] [sage_mission_manager]: VIEWPOINT ACCEPTED | position=(2.56, -5.65, -2.00) | distance_from_uav=0.86 m
[INFO] [1790277225.629231358] [sage_mission_manager]: VALIDATED VIEWPOINT PUBLISHED
[INFO] [1790277225.836884591] [sage_mission_manager]: VIEWPOINT ACCEPTED | position=(2.57, -4.95, -2.00) | distance_from_uav=1.49 m
[INFO] [1790277225.837793152] [sage_mission_manager]: VALIDATED VIEWPOINT PUBLISHED
[INFO] [1790277226.032220650] [sage_mission_manager]: VIEWPOINT ACCEPTED | position=(2.59, -4.25, -2.00) | distance_from_uav=2.15 m
[INFO] [1790277226.032913078] [sage_mission_manager]: VALIDATED VIEWPOINT PUBLISHED
[INFO] [1790277226.232424737] [sage_mission_manager]: VIEWPOINT ACCEPTED | position=(2.60, -3.55, -2.00) | distance_from_uav=2.80 m
[INFO] [1790277226.233034383] [sage_mission_manager]: VALIDATED VIEWPOINT PUBLISHED
[INFO] [1790277226.429314707] [sage_mission_manager]: VIEWPOINT ACCEPTED | position=(2.60, -3.40, -2.00) | distance_from_uav=2.89 m
[INFO] [1790277226.429861404] [sage_mission_manager]: VALIDATED VIEWPOINT PUBLISHED
[INFO] [1790277226.629239613] [sage_mission_manager]: VIEWPOINT ACCEPTED | position=(1.90, -3.39, -2.00) | distance_from_uav=2.88 m
[INFO] [1790277226.630760002] [sage_mission_manager]: VALIDATED VIEWPOINT PUBLISHED
[INFO] [1790277226.837027581] [sage_mission_manager]: VIEWPOINT ACCEPTED | position=(1.20, -3.38, -2.00) | distance_from_uav=2.99 m
[INFO] [1790277226.839408920] [sage_mission_manager]: VALIDATED VIEWPOINT PUBLISHED
[INFO] [1790277227.032268358] [sage_mission_manager]: VIEWPOINT ACCEPTED | position=(0.50, -3.37, -2.00) | distance_from_uav=3.20 m
[INFO] [1790277227.034841220] [sage_mission_manager]: VALIDATED VIEWPOINT PUBLISHED
[INFO] [1790277227.237913727] [sage_mission_manager]: VIEWPOINT ACCEPTED | position=(-0.20, -3.36, -2.00) | distance_from_uav=3.47 m
[INFO] [1790277227.238810044] [sage_mission_manager]: VALIDATED VIEWPOINT PUBLISHED
[INFO] [1790277227.424402087] [sage_mission_manager]: VIEWPOINT ACCEPTED | position=(-0.20, -3.36, -2.00) | distance_from_uav=3.22 m
[INFO] [1790277227.424920626] [sage_mission_manager]: VALIDATED VIEWPOINT PUBLISHED
[INFO] [1790277227.629691001] [sage_mission_manager]: VIEWPOINT ACCEPTED | position=(-0.73, -3.35, -2.00) | distance_from_uav=3.34 m
[INFO] [1790277227.630412059] [sage_mission_manager]: VALIDATED VIEWPOINT PUBLISHED
[INFO] [1790277227.823536555] [sage_mission_manager]: VIEWPOINT ACCEPTED | position=(-0.73, -3.35, -2.00) | distance_from_uav=3.07 m
[INFO] [1790277227.824247527] [sage_mission_manager]: VALIDATED VIEWPOINT PUBLISHED
[INFO] [1790277228.044255350] [sage_mission_manager]: VIEWPOINT ACCEPTED | position=(-0.73, -3.35, -2.00) | distance_from_uav=2.65 m
[INFO] [1790277228.044809034] [sage_mission_manager]: VALIDATED VIEWPOINT PUBLISHED
[INFO] [1790277228.223713120] [sage_mission_manager]: VIEWPOINT ACCEPTED | position=(-0.73, -3.35, -2.00) | distance_from_uav=2.29 m
[INFO] [1790277228.224305595] [sage_mission_manager]: VALIDATED VIEWPOINT PUBLISHED
[INFO] [1790277228.427341556] [sage_mission_manager]: VIEWPOINT ACCEPTED | position=(-0.73, -3.35, -2.00) | distance_from_uav=1.90 m
[INFO] [1790277228.428570999] [sage_mission_manager]: VALIDATED VIEWPOINT PUBLISHED
[INFO] [1790277228.632349164] [sage_mission_manager]: VIEWPOINT ACCEPTED | position=(-0.73, -3.35, -2.00) | distance_from_uav=1.53 m
[INFO] [1790277228.639056215] [sage_mission_manager]: VALIDATED VIEWPOINT PUBLISHED
[INFO] [1790277228.834731894] [sage_mission_manager]: VIEWPOINT ACCEPTED | position=(-0.73, -3.35, -2.00) | distance_from_uav=1.20 m
[INFO] [1790277228.838586045] [sage_mission_manager]: VALIDATED VIEWPOINT PUBLISHED
[INFO] [1790277229.029422797] [sage_mission_manager]: VIEWPOINT ACCEPTED | position=(-0.73, -3.35, -2.00) | distance_from_uav=0.91 m
[INFO] [1790277229.030398651] [sage_mission_manager]: VALIDATED VIEWPOINT PUBLISHED
[INFO] [1790277229.242562535] [sage_mission_manager]: VIEWPOINT ACCEPTED | position=(-0.73, -3.35, -2.00) | distance_from_uav=0.66 m
[INFO] [1790277229.243344408] [sage_mission_manager]: VALIDATED VIEWPOINT PUBLISHED
[INFO] [1790277229.436012997] [sage_mission_manager]: VIEWPOINT ACCEPTED | position=(-0.73, -3.35, -2.00) | distance_from_uav=0.47 m
[INFO] [1790277229.436820063] [sage_mission_manager]: VALIDATED VIEWPOINT PUBLISHED
[INFO] [1790277229.628269421] [sage_mission_manager]: VIEWPOINT ACCEPTED | position=(-0.73, -3.35, -2.00) | distance_from_uav=0.32 m
[INFO] [1790277229.633178215] [sage_mission_manager]: VALIDATED VIEWPOINT PUBLISHED
[INFO] [1790277229.828086538] [sage_mission_manager]: VIEWPOINT ACCEPTED | position=(-0.03, -3.36, -2.00) | distance_from_uav=0.51 m
[INFO] [1790277229.828592749] [sage_mission_manager]: VALIDATED VIEWPOINT PUBLISHED
[INFO] [1790277230.030533344] [sage_mission_manager]: VIEWPOINT ACCEPTED | position=(0.67, -3.37, -2.00) | distance_from_uav=1.32 m
[INFO] [1790277230.031301701] [sage_mission_manager]: VALIDATED VIEWPOINT PUBLISHED
[INFO] [1790277230.230291593] [sage_mission_manager]: VIEWPOINT ACCEPTED | position=(1.37, -3.38, -2.00) | distance_from_uav=2.07 m
[INFO] [1790277230.230893494] [sage_mission_manager]: VALIDATED VIEWPOINT PUBLISHED
[INFO] [1790277230.438772811] [sage_mission_manager]: VIEWPOINT ACCEPTED | position=(2.07, -3.39, -2.00) | distance_from_uav=2.77 m
[INFO] [1790277230.439656935] [sage_mission_manager]: VALIDATED VIEWPOINT PUBLISHED
[INFO] [1790277230.628830623] [sage_mission_manager]: VIEWPOINT ACCEPTED | position=(2.60, -3.40, -2.00) | distance_from_uav=3.23 m
[INFO] [1790277230.629401116] [sage_mission_manager]: VALIDATED VIEWPOINT PUBLISHED
[INFO] [1790277230.840545339] [sage_mission_manager]: VIEWPOINT ACCEPTED | position=(2.60, -3.40, -2.00) | distance_from_uav=3.06 m
[INFO] [1790277230.841117684] [sage_mission_manager]: VALIDATED VIEWPOINT PUBLISHED
[INFO] [1790277231.031454195] [sage_mission_manager]: VIEWPOINT ACCEPTED | position=(2.60, -4.10, -2.00) | distance_from_uav=2.95 m
[INFO] [1790277231.036110349] [sage_mission_manager]: VALIDATED VIEWPOINT PUBLISHED
[INFO] [1790277231.235893748] [sage_mission_manager]: VIEWPOINT ACCEPTED | position=(2.60, -4.80, -2.00) | distance_from_uav=2.97 m
[INFO] [1790277231.242187065] [sage_mission_manager]: VALIDATED VIEWPOINT PUBLISHED
[INFO] [1790277231.431998758] [sage_mission_manager]: VIEWPOINT ACCEPTED | position=(2.60, -5.50, -2.00) | distance_from_uav=3.14 m
[INFO] [1790277231.434339015] [sage_mission_manager]: VALIDATED VIEWPOINT PUBLISHED
[INFO] [1790277231.630913737] [sage_mission_manager]: VIEWPOINT ACCEPTED | position=(2.60, -6.20, -2.00) | distance_from_uav=3.44 m
[INFO] [1790277231.633694464] [sage_mission_manager]: VALIDATED VIEWPOINT PUBLISHED
[INFO] [1790277231.834504394] [sage_mission_manager]: VIEWPOINT ACCEPTED | position=(2.60, -6.20, -2.00) | distance_from_uav=3.18 m
[INFO] [1790277231.835026552] [sage_mission_manager]: VALIDATED VIEWPOINT PUBLISHED
[INFO] [1790277232.040217291] [sage_mission_manager]: VIEWPOINT ACCEPTED | position=(2.60, -6.90, -2.00) | distance_from_uav=3.52 m
[INFO] [1790277232.042207803] [sage_mission_manager]: VALIDATED VIEWPOINT PUBLISHED
[INFO] [1790277232.234852861] [sage_mission_manager]: VIEWPOINT ACCEPTED | position=(2.60, -6.90, -2.00) | distance_from_uav=3.21 m
[INFO] [1790277232.235616172] [sage_mission_manager]: VALIDATED VIEWPOINT PUBLISHED
[INFO] [1790277232.435279161] [sage_mission_manager]: VIEWPOINT ACCEPTED | position=(2.60, -7.60, -2.00) | distance_from_uav=3.49 m
[INFO] [1790277232.436009729] [sage_mission_manager]: VALIDATED VIEWPOINT PUBLISHED
[INFO] [1790277232.629487120] [sage_mission_manager]: VIEWPOINT ACCEPTED | position=(2.60, -7.60, -2.00) | distance_from_uav=3.05 m
[INFO] [1790277232.631197753] [sage_mission_manager]: VALIDATED VIEWPOINT PUBLISHED
[INFO] [1790277232.827501358] [sage_mission_manager]: VIEWPOINT ACCEPTED | position=(2.60, -8.30, -2.00) | distance_from_uav=3.36 m
[INFO] [1790277232.828217763] [sage_mission_manager]: VALIDATED VIEWPOINT PUBLISHED
[INFO] [1790277233.027016015] [sage_mission_manager]: VIEWPOINT ACCEPTED | position=(2.60, -9.00, -2.00) | distance_from_uav=3.64 m
[INFO] [1790277233.027965838] [sage_mission_manager]: VALIDATED VIEWPOINT PUBLISHED
[INFO] [1790277233.231893501] [sage_mission_manager]: VIEWPOINT ACCEPTED | position=(2.60, -9.00, -2.00) | distance_from_uav=3.16 m
[INFO] [1790277233.232631222] [sage_mission_manager]: VALIDATED VIEWPOINT PUBLISHED
[INFO] [1790277233.430845429] [sage_mission_manager]: VIEWPOINT ACCEPTED | position=(2.60, -9.70, -2.00) | distance_from_uav=3.44 m
[INFO] [1790277233.431572061] [sage_mission_manager]: VALIDATED VIEWPOINT PUBLISHED
[INFO] [1790277233.623634716] [sage_mission_manager]: VIEWPOINT ACCEPTED | position=(2.60, -9.70, -2.00) | distance_from_uav=3.02 m
[INFO] [1790277233.624254033] [sage_mission_manager]: VALIDATED VIEWPOINT PUBLISHED
[INFO] [1790277233.834101934] [sage_mission_manager]: VIEWPOINT ACCEPTED | position=(2.60, -10.40, -2.00) | distance_from_uav=3.19 m
[INFO] [1790277233.842288563] [sage_mission_manager]: VALIDATED VIEWPOINT PUBLISHED
[INFO] [1790277234.030351660] [sage_mission_manager]: VIEWPOINT ACCEPTED | position=(2.60, -10.60, -2.00) | distance_from_uav=2.95 m
[INFO] [1790277234.030904234] [sage_mission_manager]: VALIDATED VIEWPOINT PUBLISHED
[INFO] [1790277234.228048611] [sage_mission_manager]: VIEWPOINT ACCEPTED | position=(1.90, -10.60, -2.00) | distance_from_uav=2.66 m
[INFO] [1790277234.229119998] [sage_mission_manager]: VALIDATED VIEWPOINT PUBLISHED
[INFO] [1790277234.425873900] [sage_mission_manager]: VIEWPOINT ACCEPTED | position=(1.20, -10.60, -2.00) | distance_from_uav=2.62 m
[INFO] [1790277234.426664887] [sage_mission_manager]: VALIDATED VIEWPOINT PUBLISHED
[INFO] [1790277234.637682433] [sage_mission_manager]: VIEWPOINT ACCEPTED | position=(0.50, -10.60, -2.00) | distance_from_uav=2.82 m
[INFO] [1790277234.638360966] [sage_mission_manager]: VALIDATED VIEWPOINT PUBLISHED
[INFO] [1790277234.832104717] [sage_mission_manager]: VIEWPOINT ACCEPTED | position=(-0.20, -10.60, -2.00) | distance_from_uav=3.24 m
[INFO] [1790277234.832655710] [sage_mission_manager]: VALIDATED VIEWPOINT PUBLISHED
[INFO] [1790277235.033598386] [sage_mission_manager]: VIEWPOINT ACCEPTED | position=(-0.90, -10.60, -2.00) | distance_from_uav=3.65 m
[INFO] [1790277235.035233073] [sage_mission_manager]: VALIDATED VIEWPOINT PUBLISHED
[INFO] [1790277235.226002539] [sage_mission_manager]: VIEWPOINT ACCEPTED | position=(-0.90, -10.60, -2.00) | distance_from_uav=3.41 m
[INFO] [1790277235.226664929] [sage_mission_manager]: VALIDATED VIEWPOINT PUBLISHED
[INFO] [1790277235.427728787] [sage_mission_manager]: VIEWPOINT ACCEPTED | position=(-0.90, -10.60, -2.00) | distance_from_uav=3.06 m
[INFO] [1790277235.429518402] [sage_mission_manager]: VALIDATED VIEWPOINT PUBLISHED
[INFO] [1790277235.628509080] [sage_mission_manager]: VIEWPOINT ACCEPTED | position=(-1.60, -10.60, -2.00) | distance_from_uav=3.42 m
[INFO] [1790277235.629534447] [sage_mission_manager]: VALIDATED VIEWPOINT PUBLISHED
[INFO] [1790277235.833348135] [sage_mission_manager]: VIEWPOINT ACCEPTED | position=(-2.30, -10.60, -2.00) | distance_from_uav=3.66 m
[INFO] [1790277235.835235978] [sage_mission_manager]: VALIDATED VIEWPOINT PUBLISHED
[INFO] [1790277236.034508498] [sage_mission_manager]: VIEWPOINT ACCEPTED | position=(-2.30, -10.60, -2.00) | distance_from_uav=3.25 m
[INFO] [1790277236.040306912] [sage_mission_manager]: VALIDATED VIEWPOINT PUBLISHED
[INFO] [1790277236.226662268] [sage_mission_manager]: VIEWPOINT ACCEPTED | position=(-2.60, -10.60, -2.00) | distance_from_uav=3.03 m
[INFO] [1790277236.227563309] [sage_mission_manager]: VALIDATED VIEWPOINT PUBLISHED
[INFO] [1790277236.433487989] [sage_mission_manager]: VIEWPOINT ACCEPTED | position=(-2.78, -9.92, -2.00) | distance_from_uav=2.90 m
[INFO] [1790277236.434238902] [sage_mission_manager]: VALIDATED VIEWPOINT PUBLISHED
[INFO] [1790277236.632376035] [sage_mission_manager]: VIEWPOINT ACCEPTED | position=(-2.96, -9.25, -2.00) | distance_from_uav=2.96 m
[INFO] [1790277236.633530754] [sage_mission_manager]: VALIDATED VIEWPOINT PUBLISHED
[INFO] [1790277236.834373568] [sage_mission_manager]: VIEWPOINT ACCEPTED | position=(-3.14, -8.57, -2.00) | distance_from_uav=3.24 m
[INFO] [1790277236.834937285] [sage_mission_manager]: VALIDATED VIEWPOINT PUBLISHED
[INFO] [1790277237.037001343] [sage_mission_manager]: VIEWPOINT ACCEPTED | position=(-3.32, -7.89, -2.00) | distance_from_uav=3.60 m
[INFO] [1790277237.037795801] [sage_mission_manager]: VALIDATED VIEWPOINT PUBLISHED
[INFO] [1790277237.228345961] [sage_mission_manager]: VIEWPOINT ACCEPTED | position=(-3.32, -7.89, -2.00) | distance_from_uav=3.29 m
[INFO] [1790277237.232023897] [sage_mission_manager]: VALIDATED VIEWPOINT PUBLISHED
[INFO] [1790277237.427260358] [sage_mission_manager]: VIEWPOINT ACCEPTED | position=(-3.50, -7.22, -2.00) | distance_from_uav=3.68 m
[INFO] [1790277237.429243250] [sage_mission_manager]: VALIDATED VIEWPOINT PUBLISHED
[INFO] [1790277237.632839425] [sage_mission_manager]: VIEWPOINT ACCEPTED | position=(-3.50, -7.22, -2.00) | distance_from_uav=3.34 m
[INFO] [1790277237.633767574] [sage_mission_manager]: VALIDATED VIEWPOINT PUBLISHED
[INFO] [1790277237.833683711] [sage_mission_manager]: VIEWPOINT ACCEPTED | position=(-3.68, -6.54, -2.00) | distance_from_uav=3.66 m
[INFO] [1790277237.840432719] [sage_mission_manager]: VALIDATED VIEWPOINT PUBLISHED
[INFO] [1790277238.029441154] [sage_mission_manager]: VIEWPOINT ACCEPTED | position=(-3.68, -6.54, -2.00) | distance_from_uav=3.25 m
[INFO] [1790277238.033754200] [sage_mission_manager]: VALIDATED VIEWPOINT PUBLISHED
[INFO] [1790277238.225763419] [sage_mission_manager]: VIEWPOINT ACCEPTED | position=(-3.73, -6.35, -2.00) | distance_from_uav=3.05 m
[INFO] [1790277238.226319677] [sage_mission_manager]: VALIDATED VIEWPOINT PUBLISHED
[INFO] [1790277238.438736876] [sage_mission_manager]: VIEWPOINT ACCEPTED | position=(-3.73, -6.35, -2.00) | distance_from_uav=2.55 m
[INFO] [1790277238.443894519] [sage_mission_manager]: VALIDATED VIEWPOINT PUBLISHED
[INFO] [1790277238.634045819] [sage_mission_manager]: VIEWPOINT ACCEPTED | position=(-3.73, -6.35, -2.00) | distance_from_uav=2.12 m
[INFO] [1790277238.634861099] [sage_mission_manager]: VALIDATED VIEWPOINT PUBLISHED
[INFO] [1790277238.829746728] [sage_mission_manager]: VIEWPOINT ACCEPTED | position=(-3.73, -6.35, -2.00) | distance_from_uav=1.75 m
[INFO] [1790277238.830334230] [sage_mission_manager]: VALIDATED VIEWPOINT PUBLISHED
[INFO] [1790277239.029363359] [sage_mission_manager]: VIEWPOINT ACCEPTED | position=(-3.73, -6.35, -2.00) | distance_from_uav=1.38 m
[INFO] [1790277239.034854076] [sage_mission_manager]: VALIDATED VIEWPOINT PUBLISHED
[INFO] [1790277239.230519940] [sage_mission_manager]: VIEWPOINT ACCEPTED | position=(-3.73, -6.35, -2.00) | distance_from_uav=1.08 m
[INFO] [1790277239.234613744] [sage_mission_manager]: VALIDATED VIEWPOINT PUBLISHED
[INFO] [1790277239.442038915] [sage_mission_manager]: VIEWPOINT ACCEPTED | position=(-3.73, -6.35, -2.00) | distance_from_uav=0.77 m
[INFO] [1790277239.445632814] [sage_mission_manager]: VALIDATED VIEWPOINT PUBLISHED
[INFO] [1790277239.627056080] [sage_mission_manager]: VIEWPOINT ACCEPTED | position=(-3.73, -6.35, -2.00) | distance_from_uav=0.58 m
[INFO] [1790277239.627787656] [sage_mission_manager]: VALIDATED VIEWPOINT PUBLISHED
[INFO] [1790277239.829609333] [sage_mission_manager]: VIEWPOINT ACCEPTED | position=(-3.73, -6.35, -2.00) | distance_from_uav=0.47 m
[INFO] [1790277239.830186642] [sage_mission_manager]: VALIDATED VIEWPOINT PUBLISHED
[INFO] [1790277240.025714378] [sage_mission_manager]: VIEWPOINT ACCEPTED | position=(-3.73, -6.35, -2.00) | distance_from_uav=0.43 m
[INFO] [1790277240.026457813] [sage_mission_manager]: VALIDATED VIEWPOINT PUBLISHED
[INFO] [1790277240.227494484] [sage_mission_manager]: VIEWPOINT ACCEPTED | position=(-3.73, -6.35, -2.00) | distance_from_uav=0.43 m
[INFO] [1790277240.228502869] [sage_mission_manager]: VALIDATED VIEWPOINT PUBLISHED
[INFO] [1790277240.430152874] [sage_mission_manager]: VIEWPOINT ACCEPTED | position=(-3.73, -6.35, -2.00) | distance_from_uav=0.46 m
[INFO] [1790277240.430933163] [sage_mission_manager]: VALIDATED VIEWPOINT PUBLISHED
[INFO] [1790277240.627766565] [sage_mission_manager]: VIEWPOINT ACCEPTED | position=(-3.73, -6.35, -2.00) | distance_from_uav=0.49 m
[INFO] [1790277240.628354173] [sage_mission_manager]: VALIDATED VIEWPOINT PUBLISHED
[INFO] [1790277240.825230237] [sage_mission_manager]: VIEWPOINT ACCEPTED | position=(-3.73, -6.35, -2.00) | distance_from_uav=0.51 m
[INFO] [1790277240.830548401] [sage_mission_manager]: VALIDATED VIEWPOINT PUBLISHED
[INFO] [1790277241.033589798] [sage_mission_manager]: VIEWPOINT ACCEPTED | position=(-3.73, -6.35, -2.00) | distance_from_uav=0.52 m
[INFO] [1790277241.034776999] [sage_mission_manager]: VALIDATED VIEWPOINT PUBLISHED
[INFO] [1790277241.232563953] [sage_mission_manager]: VIEWPOINT ACCEPTED | position=(-3.73, -6.35, -2.00) | distance_from_uav=0.52 m
[INFO] [1790277241.233282942] [sage_mission_manager]: VALIDATED VIEWPOINT PUBLISHED
[INFO] [1790277241.423424414] [sage_mission_manager]: VIEWPOINT ACCEPTED | position=(-3.73, -6.35, -2.00) | distance_from_uav=0.51 m
[INFO] [1790277241.424166130] [sage_mission_manager]: VALIDATED VIEWPOINT PUBLISHED
[INFO] [1790277241.629067862] [sage_mission_manager]: VIEWPOINT ACCEPTED | position=(-3.73, -6.35, -2.00) | distance_from_uav=0.50 m
[INFO] [1790277241.630173017] [sage_mission_manager]: VALIDATED VIEWPOINT PUBLISHED
[INFO] [1790277241.825031733] [sage_mission_manager]: VIEWPOINT ACCEPTED | position=(-3.73, -6.35, -2.00) | distance_from_uav=0.48 m
[INFO] [1790277241.832674745] [sage_mission_manager]: VALIDATED VIEWPOINT PUBLISHED
[INFO] [1790277242.025913902] [sage_mission_manager]: VIEWPOINT ACCEPTED | position=(-3.73, -6.35, -2.00) | distance_from_uav=0.46 m
[INFO] [1790277242.026496333] [sage_mission_manager]: VALIDATED VIEWPOINT PUBLISHED
[INFO] [1790277242.229531693] [sage_mission_manager]: VIEWPOINT ACCEPTED | position=(-3.73, -6.35, -2.00) | distance_from_uav=0.43 m
[INFO] [1790277242.232468904] [sage_mission_manager]: VALIDATED VIEWPOINT PUBLISHED
[INFO] [1790277242.435700903] [sage_mission_manager]: VIEWPOINT ACCEPTED | position=(-3.73, -6.35, -2.00) | distance_from_uav=0.41 m
[INFO] [1790277242.437577718] [sage_mission_manager]: VALIDATED VIEWPOINT PUBLISHED
[INFO] [1790277242.625369284] [sage_mission_manager]: VIEWPOINT ACCEPTED | position=(-3.73, -6.35, -2.00) | distance_from_uav=0.38 m
[INFO] [1790277242.626137674] [sage_mission_manager]: VALIDATED VIEWPOINT PUBLISHED
[INFO] [1790277242.827816825] [sage_mission_manager]: VIEWPOINT ACCEPTED | position=(-3.73, -6.35, -2.00) | distance_from_uav=0.36 m
[INFO] [1790277242.828620243] [sage_mission_manager]: VALIDATED VIEWPOINT PUBLISHED
[INFO] [1790277243.026203157] [sage_mission_manager]: VIEWPOINT ACCEPTED | position=(-3.73, -6.35, -2.00) | distance_from_uav=0.34 m
[INFO] [1790277243.031585135] [sage_mission_manager]: VALIDATED VIEWPOINT PUBLISHED
[INFO] [1790277243.224178360] [sage_mission_manager]: VIEWPOINT ACCEPTED | position=(-3.55, -7.03, -2.00) | distance_from_uav=0.96 m
[INFO] [1790277243.225146506] [sage_mission_manager]: VALIDATED VIEWPOINT PUBLISHED
[INFO] [1790277243.437946683] [sage_mission_manager]: VIEWPOINT ACCEPTED | position=(-3.37, -7.70, -2.00) | distance_from_uav=1.61 m
[INFO] [1790277243.438663746] [sage_mission_manager]: VALIDATED VIEWPOINT PUBLISHED
[INFO] [1790277243.624856286] [sage_mission_manager]: VIEWPOINT ACCEPTED | position=(-3.19, -8.38, -2.00) | distance_from_uav=2.27 m
[INFO] [1790277243.625408503] [sage_mission_manager]: VALIDATED VIEWPOINT PUBLISHED
[INFO] [1790277243.830360525] [sage_mission_manager]: VIEWPOINT ACCEPTED | position=(-3.01, -9.06, -2.00) | distance_from_uav=2.92 m
[INFO] [1790277243.831844781] [sage_mission_manager]: VALIDATED VIEWPOINT PUBLISHED
[INFO] [1790277244.043151810] [sage_mission_manager]: VIEWPOINT ACCEPTED | position=(-2.83, -9.73, -2.00) | distance_from_uav=3.52 m
[INFO] [1790277244.044278779] [sage_mission_manager]: VALIDATED VIEWPOINT PUBLISHED
[INFO] [1790277244.225700943] [sage_mission_manager]: VIEWPOINT ACCEPTED | position=(-2.83, -9.73, -2.00) | distance_from_uav=3.37 m
[INFO] [1790277244.228297097] [sage_mission_manager]: VALIDATED VIEWPOINT PUBLISHED
[INFO] [1790277244.433149526] [sage_mission_manager]: VIEWPOINT ACCEPTED | position=(-2.83, -9.73, -2.00) | distance_from_uav=3.12 m
[INFO] [1790277244.433896272] [sage_mission_manager]: VALIDATED VIEWPOINT PUBLISHED
[INFO] [1790277244.626610316] [sage_mission_manager]: VIEWPOINT ACCEPTED | position=(-2.65, -10.41, -2.00) | distance_from_uav=3.49 m
[INFO] [1790277244.627178375] [sage_mission_manager]: VALIDATED VIEWPOINT PUBLISHED
[INFO] [1790277244.826528808] [sage_mission_manager]: VIEWPOINT ACCEPTED | position=(-2.65, -10.41, -2.00) | distance_from_uav=3.14 m
[INFO] [1790277244.832490066] [sage_mission_manager]: VALIDATED VIEWPOINT PUBLISHED
[INFO] [1790277245.027170830] [sage_mission_manager]: VIEWPOINT ACCEPTED | position=(-2.60, -10.60, -2.00) | distance_from_uav=2.95 m
[INFO] [1790277245.027724751] [sage_mission_manager]: VALIDATED VIEWPOINT PUBLISHED
[INFO] [1790277245.227505787] [sage_mission_manager]: VIEWPOINT ACCEPTED | position=(-1.90, -10.58, -2.00) | distance_from_uav=2.70 m
[INFO] [1790277245.231003514] [sage_mission_manager]: VALIDATED VIEWPOINT PUBLISHED
[INFO] [1790277245.437153148] [sage_mission_manager]: VIEWPOINT ACCEPTED | position=(-1.20, -10.56, -2.00) | distance_from_uav=2.65 m
[INFO] [1790277245.437777355] [sage_mission_manager]: VALIDATED VIEWPOINT PUBLISHED
[INFO] [1790277245.625303568] [sage_mission_manager]: VIEWPOINT ACCEPTED | position=(-0.73, -10.55, -2.00) | distance_from_uav=2.65 m
[INFO] [1790277245.626121007] [sage_mission_manager]: VALIDATED VIEWPOINT PUBLISHED
[INFO] [1790277245.834834484] [sage_mission_manager]: VIEWPOINT ACCEPTED | position=(-0.73, -10.55, -2.00) | distance_from_uav=2.35 m
[INFO] [1790277245.835616200] [sage_mission_manager]: VALIDATED VIEWPOINT PUBLISHED
[INFO] [1790277246.028815379] [sage_mission_manager]: VIEWPOINT ACCEPTED | position=(-0.73, -10.55, -2.00) | distance_from_uav=2.03 m
[INFO] [1790277246.029730766] [sage_mission_manager]: VALIDATED VIEWPOINT PUBLISHED
[INFO] [1790277246.230709653] [sage_mission_manager]: VIEWPOINT ACCEPTED | position=(-0.73, -10.55, -2.00) | distance_from_uav=1.72 m
[INFO] [1790277246.234073512] [sage_mission_manager]: VALIDATED VIEWPOINT PUBLISHED
[INFO] [1790277246.424283987] [sage_mission_manager]: VIEWPOINT ACCEPTED | position=(-0.73, -10.55, -2.00) | distance_from_uav=1.47 m
[INFO] [1790277246.424972315] [sage_mission_manager]: VALIDATED VIEWPOINT PUBLISHED
[INFO] [1790277246.632343458] [sage_mission_manager]: VIEWPOINT ACCEPTED | position=(-2.50, -10.54, -2.00) | distance_from_uav=0.70 m
[INFO] [1790277246.634694658] [sage_mission_manager]: VALIDATED VIEWPOINT PUBLISHED
[INFO] [1790277246.830305237] [sage_mission_manager]: VIEWPOINT ACCEPTED | position=(-3.17, -10.36, -2.00) | distance_from_uav=1.48 m
[INFO] [1790277246.835581460] [sage_mission_manager]: VALIDATED VIEWPOINT PUBLISHED
[INFO] [1790277247.026243903] [sage_mission_manager]: VIEWPOINT ACCEPTED | position=(-3.85, -10.17, -2.00) | distance_from_uav=2.33 m
[INFO] [1790277247.027671871] [sage_mission_manager]: VALIDATED VIEWPOINT PUBLISHED
[INFO] [1790277247.227523604] [sage_mission_manager]: VIEWPOINT ACCEPTED | position=(-4.52, -9.98, -2.00) | distance_from_uav=3.11 m
[INFO] [1790277247.228517670] [sage_mission_manager]: VALIDATED VIEWPOINT PUBLISHED
[INFO] [1790277247.433845934] [sage_mission_manager]: VIEWPOINT ACCEPTED | position=(-4.52, -9.98, -2.00) | distance_from_uav=3.05 m
[INFO] [1790277247.437920036] [sage_mission_manager]: VALIDATED VIEWPOINT PUBLISHED
[INFO] [1790277247.625763795] [sage_mission_manager]: VIEWPOINT ACCEPTED | position=(-5.20, -9.79, -2.00) | distance_from_uav=3.61 m
[INFO] [1790277247.630302605] [sage_mission_manager]: VALIDATED VIEWPOINT PUBLISHED
[INFO] [1790277247.830752168] [sage_mission_manager]: VIEWPOINT ACCEPTED | position=(-5.20, -9.79, -2.00) | distance_from_uav=3.34 m
[INFO] [1790277247.831486504] [sage_mission_manager]: VALIDATED VIEWPOINT PUBLISHED
[INFO] [1790277248.024826972] [sage_mission_manager]: VIEWPOINT ACCEPTED | position=(-5.87, -9.61, -2.00) | distance_from_uav=3.64 m
[INFO] [1790277248.030544046] [sage_mission_manager]: VALIDATED VIEWPOINT PUBLISHED
[INFO] [1790277248.228182503] [sage_mission_manager]: VIEWPOINT ACCEPTED | position=(-5.87, -9.61, -2.00) | distance_from_uav=3.27 m
[INFO] [1790277248.228951344] [sage_mission_manager]: VALIDATED VIEWPOINT PUBLISHED
[INFO] [1790277248.433090270] [sage_mission_manager]: VIEWPOINT ACCEPTED | position=(-6.55, -9.42, -2.00) | distance_from_uav=3.50 m
[INFO] [1790277248.433865368] [sage_mission_manager]: VALIDATED VIEWPOINT PUBLISHED
[INFO] [1790277248.625378501] [sage_mission_manager]: VIEWPOINT ACCEPTED | position=(-6.55, -9.42, -2.00) | distance_from_uav=3.07 m
[INFO] [1790277248.627182476] [sage_mission_manager]: VALIDATED VIEWPOINT PUBLISHED
[INFO] [1790277248.830159572] [sage_mission_manager]: VIEWPOINT ACCEPTED | position=(-7.22, -9.23, -2.00) | distance_from_uav=3.34 m
[INFO] [1790277248.830914866] [sage_mission_manager]: VALIDATED VIEWPOINT PUBLISHED
[INFO] [1790277249.027820445] [sage_mission_manager]: VIEWPOINT ACCEPTED | position=(-7.90, -9.04, -2.00) | distance_from_uav=3.66 m
[INFO] [1790277249.028470828] [sage_mission_manager]: VALIDATED VIEWPOINT PUBLISHED
[INFO] [1790277249.235705264] [sage_mission_manager]: VIEWPOINT ACCEPTED | position=(-7.90, -9.04, -2.00) | distance_from_uav=3.24 m
[INFO] [1790277249.238429845] [sage_mission_manager]: VALIDATED VIEWPOINT PUBLISHED
[INFO] [1790277249.423894331] [sage_mission_manager]: VIEWPOINT ACCEPTED | position=(-8.05, -9.00, -2.00) | distance_from_uav=3.00 m
[INFO] [1790277249.424441274] [sage_mission_manager]: VALIDATED VIEWPOINT PUBLISHED
[INFO] [1790277249.623937752] [sage_mission_manager]: VIEWPOINT ACCEPTED | position=(-8.05, -9.00, -2.00) | distance_from_uav=2.54 m
[INFO] [1790277249.626197676] [sage_mission_manager]: VALIDATED VIEWPOINT PUBLISHED
[INFO] [1790277249.828520570] [sage_mission_manager]: VIEWPOINT ACCEPTED | position=(-8.05, -9.00, -2.00) | distance_from_uav=2.10 m
[INFO] [1790277249.829452758] [sage_mission_manager]: VALIDATED VIEWPOINT PUBLISHED
[INFO] [1790277250.037746037] [sage_mission_manager]: VIEWPOINT ACCEPTED | position=(-8.05, -9.00, -2.00) | distance_from_uav=1.70 m
[INFO] [1790277250.038818644] [sage_mission_manager]: VALIDATED VIEWPOINT PUBLISHED
[INFO] [1790277250.224367364] [sage_mission_manager]: VIEWPOINT ACCEPTED | position=(-8.05, -9.00, -2.00) | distance_from_uav=1.34 m
[INFO] [1790277250.224952764] [sage_mission_manager]: VALIDATED VIEWPOINT PUBLISHED
[INFO] [1790277250.423533684] [sage_mission_manager]: VIEWPOINT ACCEPTED | position=(-8.05, -9.00, -2.00) | distance_from_uav=0.99 m
[INFO] [1790277250.426586389] [sage_mission_manager]: VALIDATED VIEWPOINT PUBLISHED
[INFO] [1790277250.623074937] [sage_mission_manager]: VIEWPOINT ACCEPTED | position=(-8.05, -9.00, -2.00) | distance_from_uav=0.73 m
[INFO] [1790277250.628248221] [sage_mission_manager]: VALIDATED VIEWPOINT PUBLISHED
[INFO] [1790277250.835712039] [sage_mission_manager]: VIEWPOINT ACCEPTED | position=(-8.05, -9.00, -2.00) | distance_from_uav=0.50 m
[INFO] [1790277250.836612579] [sage_mission_manager]: VALIDATED VIEWPOINT PUBLISHED
[INFO] [1790277251.029274676] [sage_mission_manager]: VIEWPOINT ACCEPTED | position=(-8.05, -9.00, -2.00) | distance_from_uav=0.29 m
[INFO] [1790277251.032474659] [sage_mission_manager]: VALIDATED VIEWPOINT PUBLISHED
[INFO] [1790277251.222368895] [sage_mission_manager]: VIEWPOINT ACCEPTED | position=(-8.05, -9.00, -2.00) | distance_from_uav=0.14 m
[INFO] [1790277251.222981707] [sage_mission_manager]: VALIDATED VIEWPOINT PUBLISHED
[INFO] [1790277251.424574116] [sage_mission_manager]: VIEWPOINT ACCEPTED | position=(-8.05, -9.00, -2.00) | distance_from_uav=0.04 m
[INFO] [1790277251.425261523] [sage_mission_manager]: VALIDATED VIEWPOINT PUBLISHED
[INFO] [1790277251.625546748] [sage_mission_manager]: VIEWPOINT ACCEPTED | position=(-8.05, -9.00, -2.00) | distance_from_uav=0.10 m
[INFO] [1790277251.626353008] [sage_mission_manager]: VALIDATED VIEWPOINT PUBLISHED
[INFO] [1790277251.825556351] [sage_mission_manager]: VIEWPOINT ACCEPTED | position=(-8.05, -9.00, -2.00) | distance_from_uav=0.16 m
[INFO] [1790277251.829494384] [sage_mission_manager]: VALIDATED VIEWPOINT PUBLISHED
[INFO] [1790277252.023651500] [sage_mission_manager]: VIEWPOINT ACCEPTED | position=(-8.05, -9.00, -2.00) | distance_from_uav=0.21 m
[INFO] [1790277252.027326724] [sage_mission_manager]: VALIDATED VIEWPOINT PUBLISHED
[INFO] [1790277252.228515627] [sage_mission_manager]: VIEWPOINT ACCEPTED | position=(-8.05, -9.00, -2.00) | distance_from_uav=0.23 m
[INFO] [1790277252.229323993] [sage_mission_manager]: VALIDATED VIEWPOINT PUBLISHED
[INFO] [1790277252.425366997] [sage_mission_manager]: VIEWPOINT ACCEPTED | position=(-8.05, -9.00, -2.00) | distance_from_uav=0.25 m
[INFO] [1790277252.425997477] [sage_mission_manager]: VALIDATED VIEWPOINT PUBLISHED
[INFO] [1790277252.629521725] [sage_mission_manager]: VIEWPOINT ACCEPTED | position=(-8.05, -9.00, -2.00) | distance_from_uav=0.25 m
[INFO] [1790277252.630314920] [sage_mission_manager]: VALIDATED VIEWPOINT PUBLISHED
[INFO] [1790277252.834453204] [sage_mission_manager]: VIEWPOINT ACCEPTED | position=(-8.05, -9.00, -2.00) | distance_from_uav=0.25 m
[INFO] [1790277252.837732378] [sage_mission_manager]: VALIDATED VIEWPOINT PUBLISHED
[INFO] [1790277253.022656055] [sage_mission_manager]: VIEWPOINT ACCEPTED | position=(-8.05, -9.00, -2.00) | distance_from_uav=0.25 m
[INFO] [1790277253.023220656] [sage_mission_manager]: VALIDATED VIEWPOINT PUBLISHED
[INFO] [1790277253.225963536] [sage_mission_manager]: VIEWPOINT ACCEPTED | position=(-8.05, -9.00, -2.00) | distance_from_uav=0.24 m
[INFO] [1790277253.226561828] [sage_mission_manager]: VALIDATED VIEWPOINT PUBLISHED
[INFO] [1790277253.426433613] [sage_mission_manager]: VIEWPOINT ACCEPTED | position=(-8.05, -9.00, -2.00) | distance_from_uav=0.23 m
[INFO] [1790277253.427001299] [sage_mission_manager]: VALIDATED VIEWPOINT PUBLISHED
[INFO] [1790277253.631613829] [sage_mission_manager]: VIEWPOINT ACCEPTED | position=(-8.05, -9.00, -2.00) | distance_from_uav=0.22 m
[INFO] [1790277253.632395729] [sage_mission_manager]: VALIDATED VIEWPOINT PUBLISHED
[INFO] [1790277253.826496896] [sage_mission_manager]: VIEWPOINT ACCEPTED | position=(-8.05, -9.00, -2.00) | distance_from_uav=0.22 m
[INFO] [1790277253.829114788] [sage_mission_manager]: VALIDATED VIEWPOINT PUBLISHED
[INFO] [1790277254.022603664] [sage_mission_manager]: VIEWPOINT ACCEPTED | position=(-8.05, -9.00, -2.00) | distance_from_uav=0.22 m
[INFO] [1790277254.023154253] [sage_mission_manager]: VALIDATED VIEWPOINT PUBLISHED
[INFO] [1790277254.231834180] [sage_mission_manager]: VIEWPOINT ACCEPTED | position=(-8.05, -9.00, -2.00) | distance_from_uav=0.22 m
[INFO] [1790277254.233369530] [sage_mission_manager]: VALIDATED VIEWPOINT PUBLISHED
[INFO] [1790277254.430661038] [sage_mission_manager]: VIEWPOINT ACCEPTED | position=(-8.05, -9.00, -2.00) | distance_from_uav=0.20 m
[INFO] [1790277254.431945571] [sage_mission_manager]: VALIDATED VIEWPOINT PUBLISHED
[INFO] [1790277254.624250602] [sage_mission_manager]: VIEWPOINT ACCEPTED | position=(-8.05, -9.00, -2.00) | distance_from_uav=0.20 m
[INFO] [1790277254.624942664] [sage_mission_manager]: VALIDATED VIEWPOINT PUBLISHED
[INFO] [1790277254.831058094] [sage_mission_manager]: VIEWPOINT ACCEPTED | position=(-8.05, -9.00, -2.00) | distance_from_uav=0.19 m
[INFO] [1790277254.831730967] [sage_mission_manager]: VALIDATED VIEWPOINT PUBLISHED
[INFO] [1790277255.037331348] [sage_mission_manager]: VIEWPOINT ACCEPTED | position=(-8.05, -9.00, -2.00) | distance_from_uav=0.18 m
[INFO] [1790277255.039759487] [sage_mission_manager]: VALIDATED VIEWPOINT PUBLISHED
[INFO] [1790277255.227057111] [sage_mission_manager]: VIEWPOINT ACCEPTED | position=(-8.05, -9.00, -2.00) | distance_from_uav=0.17 m
[INFO] [1790277255.229360121] [sage_mission_manager]: VALIDATED VIEWPOINT PUBLISHED
[INFO] [1790277255.432001490] [sage_mission_manager]: VIEWPOINT ACCEPTED | position=(-8.05, -9.00, -2.00) | distance_from_uav=0.16 m
[INFO] [1790277255.436553832] [sage_mission_manager]: VALIDATED VIEWPOINT PUBLISHED
[INFO] [1790277255.634244663] [sage_mission_manager]: VIEWPOINT ACCEPTED | position=(-8.05, -9.00, -2.00) | distance_from_uav=0.16 m
[INFO] [1790277255.634905604] [sage_mission_manager]: VALIDATED VIEWPOINT PUBLISHED
[INFO] [1790277255.826602714] [sage_mission_manager]: VIEWPOINT ACCEPTED | position=(-8.05, -9.00, -2.00) | distance_from_uav=0.15 m
[INFO] [1790277255.828299941] [sage_mission_manager]: VALIDATED VIEWPOINT PUBLISHED
[INFO] [1790277256.026053816] [sage_mission_manager]: VIEWPOINT ACCEPTED | position=(-8.05, -9.00, -2.00) | distance_from_uav=0.15 m
[INFO] [1790277256.026874348] [sage_mission_manager]: VALIDATED VIEWPOINT PUBLISHED
[INFO] [1790277256.223912831] [sage_mission_manager]: VIEWPOINT ACCEPTED | position=(-8.05, -9.00, -2.00) | distance_from_uav=0.16 m
[INFO] [1790277256.224804975] [sage_mission_manager]: VALIDATED VIEWPOINT PUBLISHED
[INFO] [1790277256.435366294] [sage_mission_manager]: VIEWPOINT ACCEPTED | position=(-8.05, -9.00, -2.00) | distance_from_uav=0.16 m
[INFO] [1790277256.436790139] [sage_mission_manager]: VALIDATED VIEWPOINT PUBLISHED
[INFO] [1790277256.633122301] [sage_mission_manager]: VIEWPOINT ACCEPTED | position=(-8.05, -9.00, -2.00) | distance_from_uav=0.17 m
[INFO] [1790277256.633892889] [sage_mission_manager]: VALIDATED VIEWPOINT PUBLISHED
[INFO] [1790277256.825362079] [sage_mission_manager]: VIEWPOINT ACCEPTED | position=(-8.05, -9.00, -2.00) | distance_from_uav=0.17 m
[INFO] [1790277256.825922004] [sage_mission_manager]: VALIDATED VIEWPOINT PUBLISHED
[INFO] [1790277257.022684395] [sage_mission_manager]: VIEWPOINT ACCEPTED | position=(-8.05, -9.00, -2.00) | distance_from_uav=0.17 m
[INFO] [1790277257.029786724] [sage_mission_manager]: VALIDATED VIEWPOINT PUBLISHED
[INFO] [1790277257.232300694] [sage_mission_manager]: VIEWPOINT ACCEPTED | position=(-8.05, -9.00, -2.00) | distance_from_uav=0.18 m
[INFO] [1790277257.239734802] [sage_mission_manager]: VALIDATED VIEWPOINT PUBLISHED
[INFO] [1790277257.423691194] [sage_mission_manager]: VIEWPOINT ACCEPTED | position=(-8.05, -9.00, -2.00) | distance_from_uav=0.18 m
[INFO] [1790277257.424533535] [sage_mission_manager]: VALIDATED VIEWPOINT PUBLISHED
[INFO] [1790277257.625446987] [sage_mission_manager]: VIEWPOINT ACCEPTED | position=(-8.05, -9.00, -2.00) | distance_from_uav=0.18 m
[INFO] [1790277257.631010499] [sage_mission_manager]: VALIDATED VIEWPOINT PUBLISHED
[INFO] [1790277257.834903212] [sage_mission_manager]: VIEWPOINT ACCEPTED | position=(-7.54, -9.11, -2.00) | distance_from_uav=0.70 m
[INFO] [1790277257.835458404] [sage_mission_manager]: VALIDATED VIEWPOINT PUBLISHED
[INFO] [1790277258.031511675] [sage_mission_manager]: VIEWPOINT ACCEPTED | position=(-6.87, -9.31, -2.00) | distance_from_uav=1.40 m
[INFO] [1790277258.032125216] [sage_mission_manager]: VALIDATED VIEWPOINT PUBLISHED
[INFO] [1790277258.238920117] [sage_mission_manager]: VIEWPOINT ACCEPTED | position=(-6.20, -9.51, -2.00) | distance_from_uav=2.10 m
[INFO] [1790277258.241187216] [sage_mission_manager]: VALIDATED VIEWPOINT PUBLISHED
[INFO] [1790277258.437688898] [sage_mission_manager]: VIEWPOINT ACCEPTED | position=(-5.53, -9.72, -2.00) | distance_from_uav=2.76 m
[INFO] [1790277258.438254387] [sage_mission_manager]: VALIDATED VIEWPOINT PUBLISHED
[INFO] [1790277258.631364730] [sage_mission_manager]: VIEWPOINT ACCEPTED | position=(-4.86, -9.92, -2.00) | distance_from_uav=3.37 m
[INFO] [1790277258.639824304] [sage_mission_manager]: VALIDATED VIEWPOINT PUBLISHED
[INFO] [1790277258.834657007] [sage_mission_manager]: VIEWPOINT ACCEPTED | position=(-4.86, -9.92, -2.00) | distance_from_uav=3.19 m
[INFO] [1790277258.839287010] [sage_mission_manager]: VALIDATED VIEWPOINT PUBLISHED
[INFO] [1790277259.038249026] [sage_mission_manager]: VIEWPOINT ACCEPTED | position=(-4.19, -10.12, -2.00) | distance_from_uav=3.62 m
[INFO] [1790277259.042480069] [sage_mission_manager]: VALIDATED VIEWPOINT PUBLISHED
[INFO] [1790277259.231029991] [sage_mission_manager]: VIEWPOINT ACCEPTED | position=(-4.19, -10.12, -2.00) | distance_from_uav=3.30 m
[INFO] [1790277259.231784673] [sage_mission_manager]: VALIDATED VIEWPOINT PUBLISHED
[INFO] [1790277259.428643595] [sage_mission_manager]: VIEWPOINT ACCEPTED | position=(-4.19, -10.12, -2.00) | distance_from_uav=3.03 m
[INFO] [1790277259.429428643] [sage_mission_manager]: VALIDATED VIEWPOINT PUBLISHED
[INFO] [1790277259.640776652] [sage_mission_manager]: VIEWPOINT ACCEPTED | position=(-3.52, -10.32, -2.00) | distance_from_uav=3.32 m
[INFO] [1790277259.643224265] [sage_mission_manager]: VALIDATED VIEWPOINT PUBLISHED
[INFO] [1790277259.838101916] [sage_mission_manager]: VIEWPOINT ACCEPTED | position=(-2.85, -10.53, -2.00) | distance_from_uav=3.63 m
[INFO] [1790277259.839115300] [sage_mission_manager]: VALIDATED VIEWPOINT PUBLISHED
[INFO] [1790277260.025416180] [sage_mission_manager]: VIEWPOINT ACCEPTED | position=(-2.85, -10.53, -2.00) | distance_from_uav=3.30 m
[INFO] [1790277260.029584729] [sage_mission_manager]: VALIDATED VIEWPOINT PUBLISHED
[INFO] [1790277260.235380894] [sage_mission_manager]: VIEWPOINT ACCEPTED | position=(-2.15, -10.54, -2.00) | distance_from_uav=3.50 m
[INFO] [1790277260.237155517] [sage_mission_manager]: VALIDATED VIEWPOINT PUBLISHED
[INFO] [1790277260.437231467] [sage_mission_manager]: VIEWPOINT ACCEPTED | position=(-2.15, -10.54, -2.00) | distance_from_uav=3.12 m
[INFO] [1790277260.440025706] [sage_mission_manager]: VALIDATED VIEWPOINT PUBLISHED
[INFO] [1790277260.629961389] [sage_mission_manager]: VIEWPOINT ACCEPTED | position=(-1.45, -10.54, -2.00) | distance_from_uav=3.38 m
[INFO] [1790277260.630569719] [sage_mission_manager]: VALIDATED VIEWPOINT PUBLISHED
[INFO] [1790277260.838403540] [sage_mission_manager]: VIEWPOINT ACCEPTED | position=(-0.75, -10.55, -2.00) | distance_from_uav=3.65 m
[INFO] [1790277260.844327171] [sage_mission_manager]: VALIDATED VIEWPOINT PUBLISHED
[INFO] [1790277261.031023416] [sage_mission_manager]: VIEWPOINT ACCEPTED | position=(-0.75, -10.55, -2.00) | distance_from_uav=3.22 m
[INFO] [1790277261.031909446] [sage_mission_manager]: VALIDATED VIEWPOINT PUBLISHED
[INFO] [1790277261.224954760] [sage_mission_manager]: VIEWPOINT ACCEPTED | position=(-0.05, -10.56, -2.00) | distance_from_uav=3.50 m
[INFO] [1790277261.225667316] [sage_mission_manager]: VALIDATED VIEWPOINT PUBLISHED
[INFO] [1790277261.434104328] [sage_mission_manager]: VIEWPOINT ACCEPTED | position=(-0.05, -10.56, -2.00) | distance_from_uav=3.06 m
[INFO] [1790277261.434621452] [sage_mission_manager]: VALIDATED VIEWPOINT PUBLISHED
[INFO] [1790277261.636672884] [sage_mission_manager]: VIEWPOINT ACCEPTED | position=(0.65, -10.57, -2.00) | distance_from_uav=3.32 m
[INFO] [1790277261.637361637] [sage_mission_manager]: VALIDATED VIEWPOINT PUBLISHED
[INFO] [1790277261.829302574] [sage_mission_manager]: VIEWPOINT ACCEPTED | position=(1.35, -10.58, -2.00) | distance_from_uav=3.60 m
[INFO] [1790277261.830335114] [sage_mission_manager]: VALIDATED VIEWPOINT PUBLISHED
[INFO] [1790277262.026705960] [sage_mission_manager]: VIEWPOINT ACCEPTED | position=(1.35, -10.58, -2.00) | distance_from_uav=3.14 m
[INFO] [1790277262.027254096] [sage_mission_manager]: VALIDATED VIEWPOINT PUBLISHED
[INFO] [1790277262.224048214] [sage_mission_manager]: VIEWPOINT ACCEPTED | position=(2.05, -10.59, -2.00) | distance_from_uav=3.42 m
[INFO] [1790277262.224597119] [sage_mission_manager]: VALIDATED VIEWPOINT PUBLISHED
[INFO] [1790277262.427058294] [sage_mission_manager]: VIEWPOINT ACCEPTED | position=(2.74, -10.46, -2.00) | distance_from_uav=3.65 m
[INFO] [1790277262.428411729] [sage_mission_manager]: VALIDATED VIEWPOINT PUBLISHED
[INFO] [1790277262.640504152] [sage_mission_manager]: VIEWPOINT ACCEPTED | position=(2.74, -10.46, -2.00) | distance_from_uav=3.16 m
[INFO] [1790277262.643543937] [sage_mission_manager]: VALIDATED VIEWPOINT PUBLISHED
[INFO] [1790277262.832511498] [sage_mission_manager]: VIEWPOINT ACCEPTED | position=(3.43, -10.33, -2.00) | distance_from_uav=3.42 m
[INFO] [1790277262.833287580] [sage_mission_manager]: VALIDATED VIEWPOINT PUBLISHED
[INFO] [1790277263.028541941] [sage_mission_manager]: VIEWPOINT ACCEPTED | position=(4.12, -10.20, -2.00) | distance_from_uav=3.64 m
[INFO] [1790277263.030142739] [sage_mission_manager]: VALIDATED VIEWPOINT PUBLISHED
[INFO] [1790277263.233680849] [sage_mission_manager]: VIEWPOINT ACCEPTED | position=(4.12, -10.20, -2.00) | distance_from_uav=3.24 m
[INFO] [1790277263.238535247] [sage_mission_manager]: VALIDATED VIEWPOINT PUBLISHED
[INFO] [1790277263.426227811] [sage_mission_manager]: VIEWPOINT ACCEPTED | position=(4.80, -10.07, -2.00) | distance_from_uav=3.47 m
[INFO] [1790277263.427625739] [sage_mission_manager]: VALIDATED VIEWPOINT PUBLISHED
[INFO] [1790277263.634535000] [sage_mission_manager]: VIEWPOINT ACCEPTED | position=(5.49, -9.94, -2.00) | distance_from_uav=3.63 m
[INFO] [1790277263.635560392] [sage_mission_manager]: VALIDATED VIEWPOINT PUBLISHED
[INFO] [1790277263.832033667] [sage_mission_manager]: VIEWPOINT ACCEPTED | position=(5.49, -9.94, -2.00) | distance_from_uav=3.27 m
[INFO] [1790277263.833013852] [sage_mission_manager]: VALIDATED VIEWPOINT PUBLISHED
[INFO] [1790277264.025003413] [sage_mission_manager]: VIEWPOINT ACCEPTED | position=(6.18, -9.81, -2.00) | distance_from_uav=3.51 m
[INFO] [1790277264.026545677] [sage_mission_manager]: VALIDATED VIEWPOINT PUBLISHED
[INFO] [1790277264.226018423] [sage_mission_manager]: VIEWPOINT ACCEPTED | position=(6.18, -9.81, -2.00) | distance_from_uav=3.05 m
[INFO] [1790277264.228422899] [sage_mission_manager]: VALIDATED VIEWPOINT PUBLISHED
[INFO] [1790277264.424790469] [sage_mission_manager]: VIEWPOINT ACCEPTED | position=(6.87, -9.68, -2.00) | distance_from_uav=3.31 m
[INFO] [1790277264.425491569] [sage_mission_manager]: VALIDATED VIEWPOINT PUBLISHED
[INFO] [1790277264.625658908] [sage_mission_manager]: VIEWPOINT ACCEPTED | position=(7.30, -9.60, -2.00) | distance_from_uav=3.31 m
[INFO] [1790277264.626470026] [sage_mission_manager]: VALIDATED VIEWPOINT PUBLISHED
[INFO] [1790277264.827029014] [sage_mission_manager]: VIEWPOINT ACCEPTED | position=(7.30, -9.60, -2.00) | distance_from_uav=2.87 m
[INFO] [1790277264.827617543] [sage_mission_manager]: VALIDATED VIEWPOINT PUBLISHED
[INFO] [1790277265.029099352] [sage_mission_manager]: VIEWPOINT ACCEPTED | position=(7.30, -9.60, -2.00) | distance_from_uav=2.45 m
[INFO] [1790277265.029693684] [sage_mission_manager]: VALIDATED VIEWPOINT PUBLISHED
[INFO] [1790277265.229980602] [sage_mission_manager]: VIEWPOINT ACCEPTED | position=(7.30, -9.60, -2.00) | distance_from_uav=2.00 m
[INFO] [1790277265.230531215] [sage_mission_manager]: VALIDATED VIEWPOINT PUBLISHED
[INFO] [1790277265.425884220] [sage_mission_manager]: VIEWPOINT ACCEPTED | position=(7.30, -9.60, -2.00) | distance_from_uav=1.60 m
[INFO] [1790277265.426434796] [sage_mission_manager]: VALIDATED VIEWPOINT PUBLISHED
[INFO] [1790277265.624881550] [sage_mission_manager]: VIEWPOINT ACCEPTED | position=(7.30, -9.60, -2.00) | distance_from_uav=1.20 m
[INFO] [1790277265.625696876] [sage_mission_manager]: VALIDATED VIEWPOINT PUBLISHED
[INFO] [1790277265.827999425] [sage_mission_manager]: VIEWPOINT ACCEPTED | position=(7.30, -9.60, -2.00) | distance_from_uav=0.85 m
[INFO] [1790277265.828629978] [sage_mission_manager]: VALIDATED VIEWPOINT PUBLISHED
[INFO] [1790277266.024760441] [sage_mission_manager]: VIEWPOINT ACCEPTED | position=(7.30, -9.60, -2.00) | distance_from_uav=0.64 m
[INFO] [1790277266.028363353] [sage_mission_manager]: VALIDATED VIEWPOINT PUBLISHED
[INFO] [1790277266.224685067] [sage_mission_manager]: VIEWPOINT ACCEPTED | position=(7.30, -9.60, -2.00) | distance_from_uav=0.42 m
[INFO] [1790277266.226091732] [sage_mission_manager]: VALIDATED VIEWPOINT PUBLISHED
[INFO] [1790277266.427556532] [sage_mission_manager]: VIEWPOINT ACCEPTED | position=(7.30, -9.60, -2.00) | distance_from_uav=0.25 m
[INFO] [1790277266.429816270] [sage_mission_manager]: VALIDATED VIEWPOINT PUBLISHED
[INFO] [1790277266.636755738] [sage_mission_manager]: VIEWPOINT ACCEPTED | position=(6.80, -10.09, -2.00) | distance_from_uav=0.57 m
[INFO] [1790277266.637438043] [sage_mission_manager]: VALIDATED VIEWPOINT PUBLISHED
[INFO] [1790277266.827373807] [sage_mission_manager]: VIEWPOINT ACCEPTED | position=(6.31, -10.59, -2.00) | distance_from_uav=1.35 m
[INFO] [1790277266.827929508] [sage_mission_manager]: VALIDATED VIEWPOINT PUBLISHED
[INFO] [1790277267.031213097] [sage_mission_manager]: VIEWPOINT ACCEPTED | position=(5.81, -11.08, -2.00) | distance_from_uav=2.11 m
[INFO] [1790277267.031731909] [sage_mission_manager]: VALIDATED VIEWPOINT PUBLISHED
[INFO] [1790277267.229605080] [sage_mission_manager]: VIEWPOINT ACCEPTED | position=(5.32, -11.58, -2.00) | distance_from_uav=2.81 m
[INFO] [1790277267.230477583] [sage_mission_manager]: VALIDATED VIEWPOINT PUBLISHED
[INFO] [1790277267.435427525] [sage_mission_manager]: VIEWPOINT ACCEPTED | position=(4.82, -12.07, -2.00) | distance_from_uav=3.45 m
[INFO] [1790277267.436146644] [sage_mission_manager]: VALIDATED VIEWPOINT PUBLISHED
[INFO] [1790277267.627784837] [sage_mission_manager]: VIEWPOINT ACCEPTED | position=(4.82, -12.07, -2.00) | distance_from_uav=3.31 m
[INFO] [1790277267.628337510] [sage_mission_manager]: VALIDATED VIEWPOINT PUBLISHED
[INFO] [1790277267.828530546] [sage_mission_manager]: VIEWPOINT ACCEPTED | position=(4.82, -12.07, -2.00) | distance_from_uav=3.04 m
[INFO] [1790277267.829113831] [sage_mission_manager]: VALIDATED VIEWPOINT PUBLISHED
[INFO] [1790277268.028977392] [sage_mission_manager]: VIEWPOINT ACCEPTED | position=(4.33, -12.57, -2.00) | distance_from_uav=3.40 m
[INFO] [1790277268.029791737] [sage_mission_manager]: VALIDATED VIEWPOINT PUBLISHED
[INFO] [1790277268.227089130] [sage_mission_manager]: VIEWPOINT ACCEPTED | position=(4.33, -12.57, -2.00) | distance_from_uav=3.00 m
[INFO] [1790277268.227729614] [sage_mission_manager]: VALIDATED VIEWPOINT PUBLISHED
[INFO] [1790277268.427349791] [sage_mission_manager]: VIEWPOINT ACCEPTED | position=(4.30, -12.60, -2.00) | distance_from_uav=2.67 m
[INFO] [1790277268.428827569] [sage_mission_manager]: VALIDATED VIEWPOINT PUBLISHED
[INFO] [1790277268.627122507] [sage_mission_manager]: VIEWPOINT ACCEPTED | position=(4.30, -12.60, -2.00) | distance_from_uav=2.26 m
[INFO] [1790277268.627717135] [sage_mission_manager]: VALIDATED VIEWPOINT PUBLISHED
[INFO] [1790277268.831505745] [sage_mission_manager]: VIEWPOINT ACCEPTED | position=(4.30, -12.60, -2.00) | distance_from_uav=1.82 m
[INFO] [1790277268.833679830] [sage_mission_manager]: VALIDATED VIEWPOINT PUBLISHED
[INFO] [1790277269.025827985] [sage_mission_manager]: VIEWPOINT ACCEPTED | position=(4.30, -12.60, -2.00) | distance_from_uav=1.47 m
[INFO] [1790277269.030814608] [sage_mission_manager]: VALIDATED VIEWPOINT PUBLISHED
[INFO] [1790277269.233672172] [sage_mission_manager]: VIEWPOINT ACCEPTED | position=(4.30, -12.60, -2.00) | distance_from_uav=1.12 m
[INFO] [1790277269.234385735] [sage_mission_manager]: VALIDATED VIEWPOINT PUBLISHED
[INFO] [1790277269.424685370] [sage_mission_manager]: VIEWPOINT ACCEPTED | position=(4.30, -12.60, -2.00) | distance_from_uav=0.82 m
[INFO] [1790277269.426358584] [sage_mission_manager]: VALIDATED VIEWPOINT PUBLISHED
[INFO] [1790277269.626169789] [sage_mission_manager]: VIEWPOINT ACCEPTED | position=(4.30, -12.60, -2.00) | distance_from_uav=0.59 m
[INFO] [1790277269.626853700] [sage_mission_manager]: VALIDATED VIEWPOINT PUBLISHED
[INFO] [1790277269.825571273] [sage_mission_manager]: VIEWPOINT ACCEPTED | position=(4.30, -12.60, -2.00) | distance_from_uav=0.42 m
[INFO] [1790277269.826135374] [sage_mission_manager]: VALIDATED VIEWPOINT PUBLISHED
[INFO] [1790277270.034243572] [sage_mission_manager]: VIEWPOINT ACCEPTED | position=(4.30, -12.60, -2.00) | distance_from_uav=0.26 m
[INFO] [1790277270.034744384] [sage_mission_manager]: VALIDATED VIEWPOINT PUBLISHED
[INFO] [1790277270.040854314] [sage_mission_manager]: VIEWPOINT ACCEPTED | position=(4.30, -12.60, -2.00) | distance_from_uav=0.26 m
[INFO] [1790277270.041451195] [sage_mission_manager]: VALIDATED VIEWPOINT PUBLISHED
[INFO] [1790277270.233591351] [sage_mission_manager]: VIEWPOINT ACCEPTED | position=(4.30, -12.60, -2.00) | distance_from_uav=0.16 m
[INFO] [1790277270.242866940] [sage_mission_manager]: VALIDATED VIEWPOINT PUBLISHED
[INFO] [1790277270.432158304] [sage_mission_manager]: VIEWPOINT ACCEPTED | position=(4.30, -12.60, -2.00) | distance_from_uav=0.10 m
[INFO] [1790277270.434384243] [sage_mission_manager]: VALIDATED VIEWPOINT PUBLISHED
[INFO] [1790277270.634213033] [sage_mission_manager]: VIEWPOINT ACCEPTED | position=(4.30, -12.60, -2.00) | distance_from_uav=0.10 m
[INFO] [1790277270.641118406] [sage_mission_manager]: VALIDATED VIEWPOINT PUBLISHED
[INFO] [1790277270.833229077] [sage_mission_manager]: VIEWPOINT ACCEPTED | position=(4.30, -12.60, -2.00) | distance_from_uav=0.13 m
[INFO] [1790277270.833847568] [sage_mission_manager]: VALIDATED VIEWPOINT PUBLISHED
[INFO] [1790277271.025593067] [sage_mission_manager]: VIEWPOINT ACCEPTED | position=(4.30, -12.60, -2.00) | distance_from_uav=0.17 m
[INFO] [1790277271.033432887] [sage_mission_manager]: VALIDATED VIEWPOINT PUBLISHED
[INFO] [1790277271.226802630] [sage_mission_manager]: VIEWPOINT ACCEPTED | position=(4.30, -12.60, -2.00) | distance_from_uav=0.19 m
[INFO] [1790277271.227410707] [sage_mission_manager]: VALIDATED VIEWPOINT PUBLISHED
[INFO] [1790277271.424255736] [sage_mission_manager]: VIEWPOINT ACCEPTED | position=(4.30, -12.60, -2.00) | distance_from_uav=0.20 m
[INFO] [1790277271.424839615] [sage_mission_manager]: VALIDATED VIEWPOINT PUBLISHED
[INFO] [1790277271.628948374] [sage_mission_manager]: VIEWPOINT ACCEPTED | position=(4.30, -12.60, -2.00) | distance_from_uav=0.21 m
[INFO] [1790277271.629652499] [sage_mission_manager]: VALIDATED VIEWPOINT PUBLISHED
[INFO] [1790277271.827789175] [sage_mission_manager]: VIEWPOINT ACCEPTED | position=(4.28, -11.90, -2.00) | distance_from_uav=0.85 m
[INFO] [1790277271.828409103] [sage_mission_manager]: VALIDATED VIEWPOINT PUBLISHED
[INFO] [1790277272.036154025] [sage_mission_manager]: VIEWPOINT ACCEPTED | position=(4.27, -11.20, -2.00) | distance_from_uav=1.53 m
[INFO] [1790277272.036692812] [sage_mission_manager]: VALIDATED VIEWPOINT PUBLISHED
[INFO] [1790277272.232310911] [sage_mission_manager]: VIEWPOINT ACCEPTED | position=(4.26, -10.50, -2.00) | distance_from_uav=2.21 m
[INFO] [1790277272.235686881] [sage_mission_manager]: VALIDATED VIEWPOINT PUBLISHED
[INFO] [1790277272.430423153] [sage_mission_manager]: VIEWPOINT ACCEPTED | position=(4.25, -9.80, -2.00) | distance_from_uav=2.86 m
[INFO] [1790277272.432513570] [sage_mission_manager]: VALIDATED VIEWPOINT PUBLISHED
[INFO] [1790277272.831110234] [sage_mission_manager]: VIEWPOINT ACCEPTED | position=(4.74, -12.04, -2.00) | distance_from_uav=0.69 m
[INFO] [1790277272.831670578] [sage_mission_manager]: VALIDATED VIEWPOINT PUBLISHED
[INFO] [1790277273.030816322] [sage_mission_manager]: VIEWPOINT ACCEPTED | position=(5.35, -11.69, -2.00) | distance_from_uav=1.30 m
[INFO] [1790277273.031420380] [sage_mission_manager]: VALIDATED VIEWPOINT PUBLISHED
[INFO] [1790277273.225362902] [sage_mission_manager]: VIEWPOINT ACCEPTED | position=(5.95, -11.34, -2.00) | distance_from_uav=1.93 m
[INFO] [1790277273.229495015] [sage_mission_manager]: VALIDATED VIEWPOINT PUBLISHED
[INFO] [1790277273.428645275] [sage_mission_manager]: VIEWPOINT ACCEPTED | position=(6.56, -10.99, -2.00) | distance_from_uav=2.59 m
[INFO] [1790277273.433422486] [sage_mission_manager]: VALIDATED VIEWPOINT PUBLISHED
[INFO] [1790277273.628811854] [sage_mission_manager]: VIEWPOINT ACCEPTED | position=(7.16, -10.64, -2.00) | distance_from_uav=3.25 m
[INFO] [1790277273.629849904] [sage_mission_manager]: VALIDATED VIEWPOINT PUBLISHED
[INFO] [1790277273.836977208] [sage_mission_manager]: VIEWPOINT ACCEPTED | position=(7.16, -10.64, -2.00) | distance_from_uav=3.15 m
[INFO] [1790277273.837557080] [sage_mission_manager]: VALIDATED VIEWPOINT PUBLISHED
[INFO] [1790277274.037677494] [sage_mission_manager]: VIEWPOINT ACCEPTED | position=(7.77, -10.29, -2.00) | distance_from_uav=3.60 m
[INFO] [1790277274.039073573] [sage_mission_manager]: VALIDATED VIEWPOINT PUBLISHED
[INFO] [1790277274.234498045] [sage_mission_manager]: VIEWPOINT ACCEPTED | position=(7.77, -10.29, -2.00) | distance_from_uav=3.30 m
[INFO] [1790277274.236916448] [sage_mission_manager]: VALIDATED VIEWPOINT PUBLISHED
[INFO] [1790277274.428678806] [sage_mission_manager]: VIEWPOINT ACCEPTED | position=(7.77, -10.29, -2.00) | distance_from_uav=3.01 m
[INFO] [1790277274.430763650] [sage_mission_manager]: VALIDATED VIEWPOINT PUBLISHED
[INFO] [1790277274.627415910] [sage_mission_manager]: VIEWPOINT ACCEPTED | position=(8.38, -9.94, -2.00) | distance_from_uav=3.32 m
[INFO] [1790277274.628024696] [sage_mission_manager]: VALIDATED VIEWPOINT PUBLISHED
[INFO] [1790277274.832651460] [sage_mission_manager]: VIEWPOINT ACCEPTED | position=(8.98, -9.59, -2.00) | distance_from_uav=3.63 m
[INFO] [1790277274.833607527] [sage_mission_manager]: VALIDATED VIEWPOINT PUBLISHED
[INFO] [1790277275.026002002] [sage_mission_manager]: VIEWPOINT ACCEPTED | position=(8.98, -9.59, -2.00) | distance_from_uav=3.32 m
[INFO] [1790277275.026739018] [sage_mission_manager]: VALIDATED VIEWPOINT PUBLISHED
[INFO] [1790277275.232204125] [sage_mission_manager]: VIEWPOINT ACCEPTED | position=(9.59, -9.24, -2.00) | distance_from_uav=3.62 m
[INFO] [1790277275.233807447] [sage_mission_manager]: VALIDATED VIEWPOINT PUBLISHED
[INFO] [1790277275.426521901] [sage_mission_manager]: VIEWPOINT ACCEPTED | position=(9.59, -9.24, -2.00) | distance_from_uav=3.24 m
[INFO] [1790277275.427770547] [sage_mission_manager]: VALIDATED VIEWPOINT PUBLISHED
[INFO] [1790277275.625505167] [sage_mission_manager]: VIEWPOINT ACCEPTED | position=(9.94, -9.04, -2.00) | distance_from_uav=3.22 m
[INFO] [1790277275.626714554] [sage_mission_manager]: VALIDATED VIEWPOINT PUBLISHED
[INFO] [1790277275.835279564] [sage_mission_manager]: VIEWPOINT ACCEPTED | position=(9.94, -9.04, -2.00) | distance_from_uav=2.83 m
[INFO] [1790277275.844119945] [sage_mission_manager]: VALIDATED VIEWPOINT PUBLISHED
[INFO] [1790277276.024180333] [sage_mission_manager]: VIEWPOINT ACCEPTED | position=(9.94, -9.04, -2.00) | distance_from_uav=2.44 m
[INFO] [1790277276.025075049] [sage_mission_manager]: VALIDATED VIEWPOINT PUBLISHED
[INFO] [1790277276.242098488] [sage_mission_manager]: VIEWPOINT ACCEPTED | position=(9.94, -9.04, -2.00) | distance_from_uav=1.97 m
[INFO] [1790277276.242634619] [sage_mission_manager]: VALIDATED VIEWPOINT PUBLISHED
[INFO] [1790277276.430282198] [sage_mission_manager]: VIEWPOINT ACCEPTED | position=(9.94, -9.04, -2.00) | distance_from_uav=1.70 m
[INFO] [1790277276.431323643] [sage_mission_manager]: VALIDATED VIEWPOINT PUBLISHED
[INFO] [1790277276.627631649] [sage_mission_manager]: VIEWPOINT ACCEPTED | position=(9.94, -9.04, -2.00) | distance_from_uav=1.41 m
[INFO] [1790277276.628607599] [sage_mission_manager]: VALIDATED VIEWPOINT PUBLISHED
[INFO] [1790277276.827467188] [sage_mission_manager]: VIEWPOINT ACCEPTED | position=(9.94, -9.04, -2.00) | distance_from_uav=1.11 m
[INFO] [1790277276.828610709] [sage_mission_manager]: VALIDATED VIEWPOINT PUBLISHED
[INFO] [1790277277.030501567] [sage_mission_manager]: VIEWPOINT ACCEPTED | position=(9.94, -9.04, -2.00) | distance_from_uav=0.89 m
[INFO] [1790277277.031730263] [sage_mission_manager]: VALIDATED VIEWPOINT PUBLISHED
[INFO] [1790277277.228429846] [sage_mission_manager]: VIEWPOINT ACCEPTED | position=(9.94, -9.04, -2.00) | distance_from_uav=0.65 m
[INFO] [1790277277.229946192] [sage_mission_manager]: VALIDATED VIEWPOINT PUBLISHED
[INFO] [1790277277.627144467] [sage_mission_manager]: VIEWPOINT ACCEPTED | position=(8.93, -9.28, -2.00) | distance_from_uav=0.70 m
[INFO] [1790277277.631261253] [sage_mission_manager]: VALIDATED VIEWPOINT PUBLISHED
[INFO] [1790277277.834859609] [sage_mission_manager]: VIEWPOINT ACCEPTED | position=(8.24, -9.42, -2.00) | distance_from_uav=1.53 m
[INFO] [1790277277.835773629] [sage_mission_manager]: VALIDATED VIEWPOINT PUBLISHED
[INFO] [1790277278.030482951] [sage_mission_manager]: VIEWPOINT ACCEPTED | position=(7.56, -9.56, -2.00) | distance_from_uav=2.31 m
[INFO] [1790277278.032160472] [sage_mission_manager]: VALIDATED VIEWPOINT PUBLISHED
[INFO] [1790277278.235091078] [sage_mission_manager]: VIEWPOINT ACCEPTED | position=(6.87, -9.71, -2.00) | distance_from_uav=3.00 m
[INFO] [1790277278.235918558] [sage_mission_manager]: VALIDATED VIEWPOINT PUBLISHED
[INFO] [1790277278.431893619] [sage_mission_manager]: VIEWPOINT ACCEPTED | position=(6.19, -9.85, -2.00) | distance_from_uav=3.62 m
[INFO] [1790277278.436324371] [sage_mission_manager]: VALIDATED VIEWPOINT PUBLISHED
[WARN] [1790277278.630401476] [sage_mission_manager]: VIEWPOINT REJECTED | viewpoint jump too large: 3.48 m
[WARN] [1790277278.830012120] [sage_mission_manager]: VIEWPOINT REJECTED | viewpoint jump too large: 3.66 m
[WARN] [1790277279.024363661] [sage_mission_manager]: VIEWPOINT REJECTED | viewpoint jump too large: 3.96 m
[WARN] [1790277279.223672033] [sage_mission_manager]: VIEWPOINT REJECTED | viewpoint jump too large: 4.35 m
[WARN] [1790277279.427210414] [sage_mission_manager]: VIEWPOINT REJECTED | viewpoint jump too large: 4.35 m
[WARN] [1790277279.636336676] [sage_mission_manager]: VIEWPOINT REJECTED | viewpoint jump too large: 4.35 m
[WARN] [1790277279.824879064] [sage_mission_manager]: VIEWPOINT REJECTED | viewpoint jump too large: 4.35 m
[WARN] [1790277280.034183258] [sage_mission_manager]: VIEWPOINT REJECTED | viewpoint jump too large: 4.35 m
[WARN] [1790277280.225954678] [sage_mission_manager]: VIEWPOINT REJECTED | viewpoint jump too large: 4.35 m
[WARN] [1790277280.439971654] [sage_mission_manager]: VIEWPOINT REJECTED | viewpoint jump too large: 4.35 m
[WARN] [1790277280.625550048] [sage_mission_manager]: VIEWPOINT REJECTED | viewpoint jump too large: 4.35 m
[WARN] [1790277280.837501433] [sage_mission_manager]: VIEWPOINT REJECTED | viewpoint jump too large: 4.35 m
[WARN] [1790277281.030514628] [sage_mission_manager]: VIEWPOINT REJECTED | viewpoint jump too large: 4.35 m
[WARN] [1790277281.225893084] [sage_mission_manager]: VIEWPOINT REJECTED | viewpoint jump too large: 4.35 m
[INFO] [1790277281.432499154] [sage_mission_manager]: Previous viewpoint is stale: jump check reset.
[INFO] [1790277281.433522527] [sage_mission_manager]: VIEWPOINT ACCEPTED | position=(8.87, -6.43, -2.00) | distance_from_uav=4.38 m
[INFO] [1790277281.438465908] [sage_mission_manager]: VALIDATED VIEWPOINT PUBLISHED
[INFO] [1790277281.632947329] [sage_mission_manager]: VIEWPOINT ACCEPTED | position=(8.87, -6.43, -2.00) | distance_from_uav=4.40 m
[INFO] [1790277281.635531726] [sage_mission_manager]: VALIDATED VIEWPOINT PUBLISHED
[INFO] [1790277281.833807186] [sage_mission_manager]: VIEWPOINT ACCEPTED | position=(8.87, -6.43, -2.00) | distance_from_uav=4.35 m
[INFO] [1790277281.834663289] [sage_mission_manager]: VALIDATED VIEWPOINT PUBLISHED
[INFO] [1790277282.031597817] [sage_mission_manager]: VIEWPOINT ACCEPTED | position=(8.87, -6.43, -2.00) | distance_from_uav=4.21 m
[INFO] [1790277282.032343608] [sage_mission_manager]: VALIDATED VIEWPOINT PUBLISHED
[INFO] [1790277282.226132726] [sage_mission_manager]: VIEWPOINT ACCEPTED | position=(8.87, -6.43, -2.00) | distance_from_uav=3.97 m
[INFO] [1790277282.226838847] [sage_mission_manager]: VALIDATED VIEWPOINT PUBLISHED
[INFO] [1790277282.437140189] [sage_mission_manager]: VIEWPOINT ACCEPTED | position=(8.87, -6.43, -2.00) | distance_from_uav=3.60 m
[INFO] [1790277282.437726431] [sage_mission_manager]: VALIDATED VIEWPOINT PUBLISHED
[INFO] [1790277282.629883190] [sage_mission_manager]: VIEWPOINT ACCEPTED | position=(8.87, -6.43, -2.00) | distance_from_uav=3.19 m
[INFO] [1790277282.633143905] [sage_mission_manager]: VALIDATED VIEWPOINT PUBLISHED
[INFO] [1790277282.828247365] [sage_mission_manager]: VIEWPOINT ACCEPTED | position=(8.70, -5.75, -2.00) | distance_from_uav=3.22 m
[INFO] [1790277282.841578929] [sage_mission_manager]: VALIDATED VIEWPOINT PUBLISHED
[INFO] [1790277283.040857206] [sage_mission_manager]: VIEWPOINT ACCEPTED | position=(8.58, -5.26, -2.00) | distance_from_uav=3.19 m
[INFO] [1790277283.041969148] [sage_mission_manager]: VALIDATED VIEWPOINT PUBLISHED
[INFO] [1790277283.227717164] [sage_mission_manager]: VIEWPOINT ACCEPTED | position=(8.58, -5.26, -2.00) | distance_from_uav=2.78 m
[INFO] [1790277283.232356781] [sage_mission_manager]: VALIDATED VIEWPOINT PUBLISHED
[INFO] [1790277283.438635749] [sage_mission_manager]: VIEWPOINT ACCEPTED | position=(8.58, -5.26, -2.00) | distance_from_uav=2.31 m
[INFO] [1790277283.443874499] [sage_mission_manager]: VALIDATED VIEWPOINT PUBLISHED
[INFO] [1790277283.623097058] [sage_mission_manager]: VIEWPOINT ACCEPTED | position=(8.58, -5.26, -2.00) | distance_from_uav=1.96 m
[INFO] [1790277283.623639017] [sage_mission_manager]: VALIDATED VIEWPOINT PUBLISHED
[INFO] [1790277283.827554038] [sage_mission_manager]: VIEWPOINT ACCEPTED | position=(8.58, -5.26, -2.00) | distance_from_uav=1.56 m
[INFO] [1790277283.831371961] [sage_mission_manager]: VALIDATED VIEWPOINT PUBLISHED
[INFO] [1790277284.026090694] [sage_mission_manager]: VIEWPOINT ACCEPTED | position=(8.58, -5.26, -2.00) | distance_from_uav=1.20 m
[INFO] [1790277284.026766853] [sage_mission_manager]: VALIDATED VIEWPOINT PUBLISHED
[INFO] [1790277284.228664610] [sage_mission_manager]: VIEWPOINT ACCEPTED | position=(8.58, -5.26, -2.00) | distance_from_uav=0.88 m
[INFO] [1790277284.229429914] [sage_mission_manager]: VALIDATED VIEWPOINT PUBLISHED
[INFO] [1790277284.426253377] [sage_mission_manager]: VIEWPOINT ACCEPTED | position=(8.58, -5.26, -2.00) | distance_from_uav=0.63 m
[INFO] [1790277284.427483453] [sage_mission_manager]: VALIDATED VIEWPOINT PUBLISHED
[INFO] [1790277284.624475618] [sage_mission_manager]: VIEWPOINT ACCEPTED | position=(8.58, -5.26, -2.00) | distance_from_uav=0.43 m
[INFO] [1790277284.625852752] [sage_mission_manager]: VALIDATED VIEWPOINT PUBLISHED
[INFO] [1790277284.825479375] [sage_mission_manager]: VIEWPOINT ACCEPTED | position=(8.58, -5.26, -2.00) | distance_from_uav=0.27 m
[INFO] [1790277284.826892702] [sage_mission_manager]: VALIDATED VIEWPOINT PUBLISHED
[INFO] [1790277284.828735404] [sage_mission_manager]: VIEWPOINT ACCEPTED | position=(8.58, -5.26, -2.00) | distance_from_uav=0.27 m
[INFO] [1790277284.831083756] [sage_mission_manager]: VALIDATED VIEWPOINT PUBLISHED
[INFO] [1790277285.025237369] [sage_mission_manager]: VIEWPOINT ACCEPTED | position=(8.58, -5.26, -2.00) | distance_from_uav=0.21 m
[INFO] [1790277285.027062350] [sage_mission_manager]: VALIDATED VIEWPOINT PUBLISHED
[INFO] [1790277285.424379908] [sage_mission_manager]: VIEWPOINT ACCEPTED | position=(8.23, -5.64, -2.00) | distance_from_uav=0.70 m
[INFO] [1790277285.426157677] [sage_mission_manager]: VALIDATED VIEWPOINT PUBLISHED
[INFO] [1790277285.633127726] [sage_mission_manager]: VIEWPOINT ACCEPTED | position=(7.71, -6.10, -2.00) | distance_from_uav=1.42 m
[INFO] [1790277285.633678942] [sage_mission_manager]: VALIDATED VIEWPOINT PUBLISHED
[INFO] [1790277285.827777292] [sage_mission_manager]: VIEWPOINT ACCEPTED | position=(7.18, -6.56, -2.00) | distance_from_uav=2.12 m
[INFO] [1790277285.828516091] [sage_mission_manager]: VALIDATED VIEWPOINT PUBLISHED
[INFO] [1790277286.026060916] [sage_mission_manager]: VIEWPOINT ACCEPTED | position=(6.66, -7.02, -2.00) | distance_from_uav=2.78 m
[INFO] [1790277286.026807007] [sage_mission_manager]: VALIDATED VIEWPOINT PUBLISHED
[INFO] [1790277286.239528859] [sage_mission_manager]: VIEWPOINT ACCEPTED | position=(6.13, -7.49, -2.00) | distance_from_uav=3.38 m
[INFO] [1790277286.240730546] [sage_mission_manager]: VALIDATED VIEWPOINT PUBLISHED
[INFO] [1790277286.425514867] [sage_mission_manager]: VIEWPOINT ACCEPTED | position=(6.13, -7.49, -2.00) | distance_from_uav=3.21 m
[INFO] [1790277286.426080428] [sage_mission_manager]: VALIDATED VIEWPOINT PUBLISHED
[INFO] [1790277286.630661116] [sage_mission_manager]: VIEWPOINT ACCEPTED | position=(5.61, -7.95, -2.00) | distance_from_uav=3.64 m
[INFO] [1790277286.631483001] [sage_mission_manager]: VALIDATED VIEWPOINT PUBLISHED
[INFO] [1790277286.832236417] [sage_mission_manager]: VIEWPOINT ACCEPTED | position=(5.61, -7.95, -2.00) | distance_from_uav=3.34 m
[INFO] [1790277286.832988550] [sage_mission_manager]: VALIDATED VIEWPOINT PUBLISHED
[INFO] [1790277287.029630309] [sage_mission_manager]: VIEWPOINT ACCEPTED | position=(5.08, -8.41, -2.00) | distance_from_uav=3.62 m
[INFO] [1790277287.031840146] [sage_mission_manager]: VALIDATED VIEWPOINT PUBLISHED
[INFO] [1790277287.226340204] [sage_mission_manager]: VIEWPOINT ACCEPTED | position=(5.08, -8.41, -2.00) | distance_from_uav=3.31 m
[INFO] [1790277287.228866567] [sage_mission_manager]: VALIDATED VIEWPOINT PUBLISHED
[INFO] [1790277287.427153690] [sage_mission_manager]: VIEWPOINT ACCEPTED | position=(4.56, -8.88, -2.00) | distance_from_uav=3.66 m
[INFO] [1790277287.427824723] [sage_mission_manager]: VALIDATED VIEWPOINT PUBLISHED
[INFO] [1790277287.624542484] [sage_mission_manager]: VIEWPOINT ACCEPTED | position=(4.56, -8.88, -2.00) | distance_from_uav=3.20 m
[INFO] [1790277287.628113578] [sage_mission_manager]: VALIDATED VIEWPOINT PUBLISHED
[INFO] [1790277287.831191845] [sage_mission_manager]: VIEWPOINT ACCEPTED | position=(4.03, -9.34, -2.00) | distance_from_uav=3.42 m
[INFO] [1790277287.831847224] [sage_mission_manager]: VALIDATED VIEWPOINT PUBLISHED
[INFO] [1790277288.035365497] [sage_mission_manager]: VIEWPOINT ACCEPTED | position=(3.51, -9.80, -2.00) | distance_from_uav=3.66 m
[INFO] [1790277288.043103776] [sage_mission_manager]: VALIDATED VIEWPOINT PUBLISHED
[INFO] [1790277288.224411452] [sage_mission_manager]: VIEWPOINT ACCEPTED | position=(3.51, -9.80, -2.00) | distance_from_uav=3.20 m
[INFO] [1790277288.225050453] [sage_mission_manager]: VALIDATED VIEWPOINT PUBLISHED
[INFO] [1790277288.423743934] [sage_mission_manager]: VIEWPOINT ACCEPTED | position=(2.98, -10.26, -2.00) | distance_from_uav=3.47 m
[INFO] [1790277288.424667570] [sage_mission_manager]: VALIDATED VIEWPOINT PUBLISHED
[INFO] [1790277288.641416090] [sage_mission_manager]: VIEWPOINT ACCEPTED | position=(2.60, -10.60, -2.00) | distance_from_uav=3.47 m
[INFO] [1790277288.644600258] [sage_mission_manager]: VALIDATED VIEWPOINT PUBLISHED
[INFO] [1790277288.826893041] [sage_mission_manager]: VIEWPOINT ACCEPTED | position=(2.60, -10.60, -2.00) | distance_from_uav=3.12 m
[INFO] [1790277288.827668312] [sage_mission_manager]: VALIDATED VIEWPOINT PUBLISHED
[INFO] [1790277289.027653367] [sage_mission_manager]: VIEWPOINT ACCEPTED | position=(1.90, -10.60, -2.00) | distance_from_uav=3.21 m
[INFO] [1790277289.028453344] [sage_mission_manager]: VALIDATED VIEWPOINT PUBLISHED
[INFO] [1790277289.231519353] [sage_mission_manager]: VIEWPOINT ACCEPTED | position=(1.20, -10.60, -2.00) | distance_from_uav=3.33 m
[INFO] [1790277289.232517137] [sage_mission_manager]: VALIDATED VIEWPOINT PUBLISHED
[INFO] [1790277289.436422149] [sage_mission_manager]: VIEWPOINT ACCEPTED | position=(0.50, -10.60, -2.00) | distance_from_uav=3.50 m
[INFO] [1790277289.438720767] [sage_mission_manager]: VALIDATED VIEWPOINT PUBLISHED
[INFO] [1790277289.629945683] [sage_mission_manager]: VIEWPOINT ACCEPTED | position=(0.50, -10.60, -2.00) | distance_from_uav=3.05 m
[INFO] [1790277289.631214639] [sage_mission_manager]: VALIDATED VIEWPOINT PUBLISHED
[INFO] [1790277289.830980328] [sage_mission_manager]: VIEWPOINT ACCEPTED | position=(-0.20, -10.60, -2.00) | distance_from_uav=3.28 m
[INFO] [1790277289.831730308] [sage_mission_manager]: VALIDATED VIEWPOINT PUBLISHED
[INFO] [1790277290.031910055] [sage_mission_manager]: VIEWPOINT ACCEPTED | position=(-0.90, -10.60, -2.00) | distance_from_uav=3.53 m
[INFO] [1790277290.034952663] [sage_mission_manager]: VALIDATED VIEWPOINT PUBLISHED
[INFO] [1790277290.229391283] [sage_mission_manager]: VIEWPOINT ACCEPTED | position=(-0.90, -10.60, -2.00) | distance_from_uav=3.13 m
[INFO] [1790277290.230327622] [sage_mission_manager]: VALIDATED VIEWPOINT PUBLISHED
[INFO] [1790277290.428808541] [sage_mission_manager]: VIEWPOINT ACCEPTED | position=(-1.60, -10.60, -2.00) | distance_from_uav=3.37 m
[INFO] [1790277290.429346649] [sage_mission_manager]: VALIDATED VIEWPOINT PUBLISHED
[INFO] [1790277290.623433957] [sage_mission_manager]: VIEWPOINT ACCEPTED | position=(-1.60, -10.60, -2.00) | distance_from_uav=3.01 m
[INFO] [1790277290.624200693] [sage_mission_manager]: VALIDATED VIEWPOINT PUBLISHED
[INFO] [1790277290.830382380] [sage_mission_manager]: VIEWPOINT ACCEPTED | position=(-2.30, -10.60, -2.00) | distance_from_uav=3.15 m
[INFO] [1790277290.831155476] [sage_mission_manager]: VALIDATED VIEWPOINT PUBLISHED
[INFO] [1790277291.024049920] [sage_mission_manager]: VIEWPOINT ACCEPTED | position=(-2.97, -10.41, -2.00) | distance_from_uav=3.41 m
[INFO] [1790277291.024890573] [sage_mission_manager]: VALIDATED VIEWPOINT PUBLISHED
[INFO] [1790277291.225388715] [sage_mission_manager]: VIEWPOINT ACCEPTED | position=(-2.97, -10.41, -2.00) | distance_from_uav=3.02 m
[INFO] [1790277291.230067122] [sage_mission_manager]: VALIDATED VIEWPOINT PUBLISHED
[INFO] [1790277291.424942615] [sage_mission_manager]: VIEWPOINT ACCEPTED | position=(-3.65, -10.22, -2.00) | distance_from_uav=3.30 m
[INFO] [1790277291.425490915] [sage_mission_manager]: VALIDATED VIEWPOINT PUBLISHED
[INFO] [1790277291.624158438] [sage_mission_manager]: VIEWPOINT ACCEPTED | position=(-4.32, -10.04, -2.00) | distance_from_uav=3.64 m
[INFO] [1790277291.624709035] [sage_mission_manager]: VALIDATED VIEWPOINT PUBLISHED
[INFO] [1790277291.835143336] [sage_mission_manager]: VIEWPOINT ACCEPTED | position=(-4.32, -10.04, -2.00) | distance_from_uav=3.20 m
[INFO] [1790277291.835881182] [sage_mission_manager]: VALIDATED VIEWPOINT PUBLISHED
[INFO] [1790277292.022902653] [sage_mission_manager]: VIEWPOINT ACCEPTED | position=(-5.00, -9.85, -2.00) | distance_from_uav=3.51 m
[INFO] [1790277292.023695467] [sage_mission_manager]: VALIDATED VIEWPOINT PUBLISHED
[INFO] [1790277292.226387444] [sage_mission_manager]: VIEWPOINT ACCEPTED | position=(-5.00, -9.85, -2.00) | distance_from_uav=3.13 m
[INFO] [1790277292.227093897] [sage_mission_manager]: VALIDATED VIEWPOINT PUBLISHED
[INFO] [1790277292.425454931] [sage_mission_manager]: VIEWPOINT ACCEPTED | position=(-5.67, -9.66, -2.00) | distance_from_uav=3.39 m
[INFO] [1790277292.429453305] [sage_mission_manager]: VALIDATED VIEWPOINT PUBLISHED
[INFO] [1790277292.626444066] [sage_mission_manager]: VIEWPOINT ACCEPTED | position=(-6.35, -9.47, -2.00) | distance_from_uav=3.63 m
[INFO] [1790277292.627102353] [sage_mission_manager]: VALIDATED VIEWPOINT PUBLISHED
[INFO] [1790277292.834185112] [sage_mission_manager]: VIEWPOINT ACCEPTED | position=(-6.35, -9.47, -2.00) | distance_from_uav=3.15 m
[INFO] [1790277292.834810952] [sage_mission_manager]: VALIDATED VIEWPOINT PUBLISHED
[INFO] [1790277293.026584860] [sage_mission_manager]: VIEWPOINT ACCEPTED | position=(-7.02, -9.29, -2.00) | distance_from_uav=3.50 m
[INFO] [1790277293.027361547] [sage_mission_manager]: VALIDATED VIEWPOINT PUBLISHED
[INFO] [1790277293.226664172] [sage_mission_manager]: VIEWPOINT ACCEPTED | position=(-7.02, -9.29, -2.00) | distance_from_uav=3.11 m
[INFO] [1790277293.230553346] [sage_mission_manager]: VALIDATED VIEWPOINT PUBLISHED
[INFO] [1790277293.423921095] [sage_mission_manager]: VIEWPOINT ACCEPTED | position=(-7.70, -9.10, -2.00) | distance_from_uav=3.38 m
[INFO] [1790277293.424649582] [sage_mission_manager]: VALIDATED VIEWPOINT PUBLISHED
[INFO] [1790277293.630019444] [sage_mission_manager]: VIEWPOINT ACCEPTED | position=(-8.05, -9.00, -2.00) | distance_from_uav=3.35 m
[INFO] [1790277293.636894272] [sage_mission_manager]: VALIDATED VIEWPOINT PUBLISHED
[INFO] [1790277293.825071724] [sage_mission_manager]: VIEWPOINT ACCEPTED | position=(-8.05, -9.00, -2.00) | distance_from_uav=2.92 m
[INFO] [1790277293.825647067] [sage_mission_manager]: VALIDATED VIEWPOINT PUBLISHED
[INFO] [1790277294.023250643] [sage_mission_manager]: VIEWPOINT ACCEPTED | position=(-8.05, -9.00, -2.00) | distance_from_uav=2.55 m
[INFO] [1790277294.023962339] [sage_mission_manager]: VALIDATED VIEWPOINT PUBLISHED
[INFO] [1790277294.229473878] [sage_mission_manager]: VIEWPOINT ACCEPTED | position=(-8.05, -9.00, -2.00) | distance_from_uav=2.08 m
[INFO] [1790277294.230475085] [sage_mission_manager]: VALIDATED VIEWPOINT PUBLISHED
[INFO] [1790277294.436665029] [sage_mission_manager]: VIEWPOINT ACCEPTED | position=(-8.05, -9.00, -2.00) | distance_from_uav=1.67 m
[INFO] [1790277294.437256814] [sage_mission_manager]: VALIDATED VIEWPOINT PUBLISHED
[INFO] [1790277294.629947373] [sage_mission_manager]: VIEWPOINT ACCEPTED | position=(-8.05, -9.00, -2.00) | distance_from_uav=1.32 m
[INFO] [1790277294.630759565] [sage_mission_manager]: VALIDATED VIEWPOINT PUBLISHED
[INFO] [1790277294.822717055] [sage_mission_manager]: VIEWPOINT ACCEPTED | position=(-8.05, -9.00, -2.00) | distance_from_uav=0.97 m
[INFO] [1790277294.823268573] [sage_mission_manager]: VALIDATED VIEWPOINT PUBLISHED
[INFO] [1790277295.025107996] [sage_mission_manager]: VIEWPOINT ACCEPTED | position=(-8.05, -9.00, -2.00) | distance_from_uav=0.75 m
[INFO] [1790277295.025718467] [sage_mission_manager]: VALIDATED VIEWPOINT PUBLISHED
[INFO] [1790277295.233590503] [sage_mission_manager]: VIEWPOINT ACCEPTED | position=(-8.05, -9.00, -2.00) | distance_from_uav=0.54 m
[INFO] [1790277295.236800320] [sage_mission_manager]: VALIDATED VIEWPOINT PUBLISHED
[INFO] [1790277295.425664116] [sage_mission_manager]: VIEWPOINT ACCEPTED | position=(-8.05, -9.00, -2.00) | distance_from_uav=0.35 m
[INFO] [1790277295.426420822] [sage_mission_manager]: VALIDATED VIEWPOINT PUBLISHED
[INFO] [1790277295.631026895] [sage_mission_manager]: VIEWPOINT ACCEPTED | position=(-8.05, -9.00, -2.00) | distance_from_uav=0.20 m
[INFO] [1790277295.638281005] [sage_mission_manager]: VALIDATED VIEWPOINT PUBLISHED
[INFO] [1790277295.826077125] [sage_mission_manager]: VIEWPOINT ACCEPTED | position=(-8.05, -9.00, -2.00) | distance_from_uav=0.13 m
[INFO] [1790277295.829454276] [sage_mission_manager]: VALIDATED VIEWPOINT PUBLISHED
[INFO] [1790277296.023673626] [sage_mission_manager]: VIEWPOINT ACCEPTED | position=(-8.05, -9.00, -2.00) | distance_from_uav=0.13 m
[INFO] [1790277296.024279624] [sage_mission_manager]: VALIDATED VIEWPOINT PUBLISHED
[INFO] [1790277296.224807707] [sage_mission_manager]: VIEWPOINT ACCEPTED | position=(-8.05, -9.00, -2.00) | distance_from_uav=0.16 m
[INFO] [1790277296.225805247] [sage_mission_manager]: VALIDATED VIEWPOINT PUBLISHED
[INFO] [1790277296.424542397] [sage_mission_manager]: VIEWPOINT ACCEPTED | position=(-8.05, -9.00, -2.00) | distance_from_uav=0.19 m
[INFO] [1790277296.425203873] [sage_mission_manager]: VALIDATED VIEWPOINT PUBLISHED
[INFO] [1790277296.627833717] [sage_mission_manager]: VIEWPOINT ACCEPTED | position=(-8.05, -9.00, -2.00) | distance_from_uav=0.21 m
[INFO] [1790277296.628460126] [sage_mission_manager]: VALIDATED VIEWPOINT PUBLISHED
[INFO] [1790277296.827197543] [sage_mission_manager]: VIEWPOINT ACCEPTED | position=(-8.05, -9.00, -2.00) | distance_from_uav=0.22 m
[INFO] [1790277296.827800447] [sage_mission_manager]: VALIDATED VIEWPOINT PUBLISHED
[INFO] [1790277297.031444107] [sage_mission_manager]: VIEWPOINT ACCEPTED | position=(-8.05, -9.00, -2.00) | distance_from_uav=0.23 m
[INFO] [1790277297.036252485] [sage_mission_manager]: VALIDATED VIEWPOINT PUBLISHED
[INFO] [1790277297.227584918] [sage_mission_manager]: VIEWPOINT ACCEPTED | position=(-8.05, -9.00, -2.00) | distance_from_uav=0.23 m
[INFO] [1790277297.231759555] [sage_mission_manager]: VALIDATED VIEWPOINT PUBLISHED
[INFO] [1790277297.425245941] [sage_mission_manager]: VIEWPOINT ACCEPTED | position=(-8.05, -9.00, -2.00) | distance_from_uav=0.23 m
[INFO] [1790277297.425797237] [sage_mission_manager]: VALIDATED VIEWPOINT PUBLISHED
[INFO] [1790277297.630190193] [sage_mission_manager]: VIEWPOINT ACCEPTED | position=(-8.05, -9.00, -2.00) | distance_from_uav=0.22 m
[INFO] [1790277297.630879492] [sage_mission_manager]: VALIDATED VIEWPOINT PUBLISHED
[INFO] [1790277297.826096912] [sage_mission_manager]: VIEWPOINT ACCEPTED | position=(-8.05, -9.00, -2.00) | distance_from_uav=0.21 m
[INFO] [1790277297.826866971] [sage_mission_manager]: VALIDATED VIEWPOINT PUBLISHED
[INFO] [1790277298.030748046] [sage_mission_manager]: VIEWPOINT ACCEPTED | position=(-8.05, -9.00, -2.00) | distance_from_uav=0.19 m
[INFO] [1790277298.036341605] [sage_mission_manager]: VALIDATED VIEWPOINT PUBLISHED
[INFO] [1790277298.236552354] [sage_mission_manager]: VIEWPOINT ACCEPTED | position=(-8.05, -9.00, -2.00) | distance_from_uav=0.17 m
[INFO] [1790277298.237393294] [sage_mission_manager]: VALIDATED VIEWPOINT PUBLISHED
[INFO] [1790277298.436067099] [sage_mission_manager]: VIEWPOINT ACCEPTED | position=(-8.05, -9.00, -2.00) | distance_from_uav=0.15 m
[INFO] [1790277298.437196230] [sage_mission_manager]: VALIDATED VIEWPOINT PUBLISHED
[INFO] [1790277298.628331491] [sage_mission_manager]: VIEWPOINT ACCEPTED | position=(-8.05, -9.00, -2.00) | distance_from_uav=0.13 m
[INFO] [1790277298.629075385] [sage_mission_manager]: VALIDATED VIEWPOINT PUBLISHED
[INFO] [1790277298.825117996] [sage_mission_manager]: VIEWPOINT ACCEPTED | position=(-8.05, -9.00, -2.00) | distance_from_uav=0.11 m
[INFO] [1790277298.827494303] [sage_mission_manager]: VALIDATED VIEWPOINT PUBLISHED
[INFO] [1790277299.024936389] [sage_mission_manager]: VIEWPOINT ACCEPTED | position=(-8.05, -9.00, -2.00) | distance_from_uav=0.09 m
[INFO] [1790277299.026864674] [sage_mission_manager]: VALIDATED VIEWPOINT PUBLISHED
[INFO] [1790277299.225569206] [sage_mission_manager]: VIEWPOINT ACCEPTED | position=(-8.05, -9.00, -2.00) | distance_from_uav=0.08 m
[INFO] [1790277299.226310180] [sage_mission_manager]: VALIDATED VIEWPOINT PUBLISHED
[INFO] [1790277299.422964603] [sage_mission_manager]: VIEWPOINT ACCEPTED | position=(-8.05, -9.00, -2.00) | distance_from_uav=0.07 m
[INFO] [1790277299.423685368] [sage_mission_manager]: VALIDATED VIEWPOINT PUBLISHED
[INFO] [1790277299.624740980] [sage_mission_manager]: VIEWPOINT ACCEPTED | position=(-8.05, -9.00, -2.00) | distance_from_uav=0.07 m
[INFO] [1790277299.626344143] [sage_mission_manager]: VALIDATED VIEWPOINT PUBLISHED
[INFO] [1790277299.835026551] [sage_mission_manager]: VIEWPOINT ACCEPTED | position=(-8.05, -9.00, -2.00) | distance_from_uav=0.08 m
[INFO] [1790277299.835978196] [sage_mission_manager]: VALIDATED VIEWPOINT PUBLISHED
[INFO] [1790277300.024605242] [sage_mission_manager]: VIEWPOINT ACCEPTED | position=(-8.05, -9.00, -2.00) | distance_from_uav=0.08 m
[INFO] [1790277300.026771269] [sage_mission_manager]: VALIDATED VIEWPOINT PUBLISHED
[INFO] [1790277300.223616451] [sage_mission_manager]: VIEWPOINT ACCEPTED | position=(-8.05, -9.00, -2.00) | distance_from_uav=0.10 m
[INFO] [1790277300.225679300] [sage_mission_manager]: VALIDATED VIEWPOINT PUBLISHED
[INFO] [1790277300.427810229] [sage_mission_manager]: VIEWPOINT ACCEPTED | position=(-8.05, -9.00, -2.00) | distance_from_uav=0.11 m
[INFO] [1790277300.431421320] [sage_mission_manager]: VALIDATED VIEWPOINT PUBLISHED
[INFO] [1790277300.631204757] [sage_mission_manager]: VIEWPOINT ACCEPTED | position=(-8.05, -9.00, -2.00) | distance_from_uav=0.12 m
[INFO] [1790277300.632183018] [sage_mission_manager]: VALIDATED VIEWPOINT PUBLISHED
[INFO] [1790277300.822546388] [sage_mission_manager]: VIEWPOINT ACCEPTED | position=(-8.05, -9.00, -2.00) | distance_from_uav=0.13 m
[INFO] [1790277300.825662848] [sage_mission_manager]: VALIDATED VIEWPOINT PUBLISHED
[INFO] [1790277301.036434218] [sage_mission_manager]: VIEWPOINT ACCEPTED | position=(-8.05, -9.00, -2.00) | distance_from_uav=0.14 m
[INFO] [1790277301.039089304] [sage_mission_manager]: VALIDATED VIEWPOINT PUBLISHED
[INFO] [1790277301.222652613] [sage_mission_manager]: VIEWPOINT ACCEPTED | position=(-8.05, -9.00, -2.00) | distance_from_uav=0.15 m
[INFO] [1790277301.224521384] [sage_mission_manager]: VALIDATED VIEWPOINT PUBLISHED
[INFO] [1790277301.429351670] [sage_mission_manager]: VIEWPOINT ACCEPTED | position=(-8.05, -9.00, -2.00) | distance_from_uav=0.16 m
[INFO] [1790277301.430842356] [sage_mission_manager]: VALIDATED VIEWPOINT PUBLISHED
[INFO] [1790277301.629181912] [sage_mission_manager]: VIEWPOINT ACCEPTED | position=(-8.05, -9.00, -2.00) | distance_from_uav=0.17 m
[INFO] [1790277301.630961574] [sage_mission_manager]: VALIDATED VIEWPOINT PUBLISHED
[INFO] [1790277301.828396769] [sage_mission_manager]: VIEWPOINT ACCEPTED | position=(-8.05, -9.00, -2.00) | distance_from_uav=0.17 m
[INFO] [1790277301.828976542] [sage_mission_manager]: VALIDATED VIEWPOINT PUBLISHED
[INFO] [1790277302.033904462] [sage_mission_manager]: VIEWPOINT ACCEPTED | position=(-8.05, -9.00, -2.00) | distance_from_uav=0.18 m
[INFO] [1790277302.037906499] [sage_mission_manager]: VALIDATED VIEWPOINT PUBLISHED
[INFO] [1790277302.225332086] [sage_mission_manager]: VIEWPOINT ACCEPTED | position=(-8.05, -9.00, -2.00) | distance_from_uav=0.18 m
[INFO] [1790277302.229358307] [sage_mission_manager]: VALIDATED VIEWPOINT PUBLISHED
[INFO] [1790277302.428078430] [sage_mission_manager]: VIEWPOINT ACCEPTED | position=(-8.05, -9.00, -2.00) | distance_from_uav=0.18 m
[INFO] [1790277302.430312782] [sage_mission_manager]: VALIDATED VIEWPOINT PUBLISHED
[INFO] [1790277302.630016842] [sage_mission_manager]: VIEWPOINT ACCEPTED | position=(-8.05, -9.00, -2.00) | distance_from_uav=0.19 m
[INFO] [1790277302.632636435] [sage_mission_manager]: VALIDATED VIEWPOINT PUBLISHED
[INFO] [1790277302.825541853] [sage_mission_manager]: VIEWPOINT ACCEPTED | position=(-8.05, -9.00, -2.00) | distance_from_uav=0.19 m
[INFO] [1790277302.826143406] [sage_mission_manager]: VALIDATED VIEWPOINT PUBLISHED
[INFO] [1790277303.026219871] [sage_mission_manager]: VIEWPOINT ACCEPTED | position=(-8.05, -9.00, -2.00) | distance_from_uav=0.19 m
[INFO] [1790277303.026766972] [sage_mission_manager]: VALIDATED VIEWPOINT PUBLISHED
[INFO] [1790277303.223508551] [sage_mission_manager]: VIEWPOINT ACCEPTED | position=(-8.05, -9.00, -2.00) | distance_from_uav=0.18 m
[INFO] [1790277303.224075765] [sage_mission_manager]: VALIDATED VIEWPOINT PUBLISHED
[INFO] [1790277303.434446776] [sage_mission_manager]: VIEWPOINT ACCEPTED | position=(-8.05, -9.00, -2.00) | distance_from_uav=0.18 m
[INFO] [1790277303.438448901] [sage_mission_manager]: VALIDATED VIEWPOINT PUBLISHED
[INFO] [1790277303.623703995] [sage_mission_manager]: VIEWPOINT ACCEPTED | position=(-8.05, -9.00, -2.00) | distance_from_uav=0.17 m
[INFO] [1790277303.624304799] [sage_mission_manager]: VALIDATED VIEWPOINT PUBLISHED
[INFO] [1790277303.826056427] [sage_mission_manager]: VIEWPOINT ACCEPTED | position=(-8.04, -8.30, -2.00) | distance_from_uav=0.60 m
[INFO] [1790277303.826843962] [sage_mission_manager]: VALIDATED VIEWPOINT PUBLISHED
[INFO] [1790277304.029830636] [sage_mission_manager]: VIEWPOINT ACCEPTED | position=(-8.03, -7.60, -2.00) | distance_from_uav=1.30 m
[INFO] [1790277304.030786398] [sage_mission_manager]: VALIDATED VIEWPOINT PUBLISHED
[INFO] [1790277304.228174237] [sage_mission_manager]: VIEWPOINT ACCEPTED | position=(-8.02, -6.90, -2.00) | distance_from_uav=2.01 m
[INFO] [1790277304.230896619] [sage_mission_manager]: VALIDATED VIEWPOINT PUBLISHED
[INFO] [1790277304.425226657] [sage_mission_manager]: VIEWPOINT ACCEPTED | position=(-8.00, -6.20, -2.00) | distance_from_uav=2.70 m
[INFO] [1790277304.427507436] [sage_mission_manager]: VALIDATED VIEWPOINT PUBLISHED
[INFO] [1790277304.627634270] [sage_mission_manager]: VIEWPOINT ACCEPTED | position=(-8.00, -6.00, -2.00) | distance_from_uav=2.83 m
[INFO] [1790277304.628230103] [sage_mission_manager]: VALIDATED VIEWPOINT PUBLISHED
[INFO] [1790277304.841464526] [sage_mission_manager]: VIEWPOINT ACCEPTED | position=(-8.68, -5.83, -2.00) | distance_from_uav=2.91 m
[INFO] [1790277304.842065704] [sage_mission_manager]: VALIDATED VIEWPOINT PUBLISHED
[INFO] [1790277305.025495140] [sage_mission_manager]: VIEWPOINT ACCEPTED | position=(-9.36, -5.66, -2.00) | distance_from_uav=3.07 m
[INFO] [1790277305.030589922] [sage_mission_manager]: VALIDATED VIEWPOINT PUBLISHED
[INFO] [1790277305.224467612] [sage_mission_manager]: VIEWPOINT ACCEPTED | position=(-9.60, -5.60, -2.00) | distance_from_uav=2.99 m
[INFO] [1790277305.226302128] [sage_mission_manager]: VALIDATED VIEWPOINT PUBLISHED
[INFO] [1790277305.424281414] [sage_mission_manager]: VIEWPOINT ACCEPTED | position=(-9.59, -4.90, -2.00) | distance_from_uav=3.35 m
[INFO] [1790277305.426690409] [sage_mission_manager]: VALIDATED VIEWPOINT PUBLISHED
[INFO] [1790277305.630324920] [sage_mission_manager]: VIEWPOINT ACCEPTED | position=(-9.59, -4.90, -2.00) | distance_from_uav=3.01 m
[INFO] [1790277305.636614770] [sage_mission_manager]: VALIDATED VIEWPOINT PUBLISHED
[INFO] [1790277305.824678982] [sage_mission_manager]: VIEWPOINT ACCEPTED | position=(-9.57, -4.20, -2.00) | distance_from_uav=3.31 m
[INFO] [1790277305.825293133] [sage_mission_manager]: VALIDATED VIEWPOINT PUBLISHED
[INFO] [1790277306.024348788] [sage_mission_manager]: VIEWPOINT ACCEPTED | position=(-9.56, -3.50, -2.00) | distance_from_uav=3.55 m
[INFO] [1790277306.024909895] [sage_mission_manager]: VALIDATED VIEWPOINT PUBLISHED
[INFO] [1790277306.227319742] [sage_mission_manager]: VIEWPOINT ACCEPTED | position=(-9.56, -3.50, -2.00) | distance_from_uav=3.14 m
[INFO] [1790277306.227857726] [sage_mission_manager]: VALIDATED VIEWPOINT PUBLISHED
[INFO] [1790277306.428459753] [sage_mission_manager]: VIEWPOINT ACCEPTED | position=(-9.55, -3.00, -2.00) | distance_from_uav=3.19 m
[INFO] [1790277306.429610236] [sage_mission_manager]: VALIDATED VIEWPOINT PUBLISHED
[INFO] [1790277306.630200991] [sage_mission_manager]: VIEWPOINT ACCEPTED | position=(-9.55, -3.00, -2.00) | distance_from_uav=2.79 m
[INFO] [1790277306.630807262] [sage_mission_manager]: VALIDATED VIEWPOINT PUBLISHED
[INFO] [1790277306.828161693] [sage_mission_manager]: VIEWPOINT ACCEPTED | position=(-9.55, -3.00, -2.00) | distance_from_uav=2.37 m
[INFO] [1790277306.832852952] [sage_mission_manager]: VALIDATED VIEWPOINT PUBLISHED
[INFO] [1790277307.027033333] [sage_mission_manager]: VIEWPOINT ACCEPTED | position=(-9.55, -3.00, -2.00) | distance_from_uav=2.01 m
[INFO] [1790277307.027584798] [sage_mission_manager]: VALIDATED VIEWPOINT PUBLISHED
[INFO] [1790277307.236270823] [sage_mission_manager]: VIEWPOINT ACCEPTED | position=(-9.55, -3.00, -2.00) | distance_from_uav=1.64 m
[INFO] [1790277307.238792926] [sage_mission_manager]: VALIDATED VIEWPOINT PUBLISHED
[INFO] [1790277307.426080052] [sage_mission_manager]: VIEWPOINT ACCEPTED | position=(-9.55, -3.00, -2.00) | distance_from_uav=1.28 m
[INFO] [1790277307.426860654] [sage_mission_manager]: VALIDATED VIEWPOINT PUBLISHED
[INFO] [1790277307.627753551] [sage_mission_manager]: VIEWPOINT ACCEPTED | position=(-9.55, -3.00, -2.00) | distance_from_uav=0.98 m
[INFO] [1790277307.629623828] [sage_mission_manager]: VALIDATED VIEWPOINT PUBLISHED
[INFO] [1790277307.827873616] [sage_mission_manager]: VIEWPOINT ACCEPTED | position=(-9.55, -3.00, -2.00) | distance_from_uav=0.74 m
[INFO] [1790277307.829780364] [sage_mission_manager]: VALIDATED VIEWPOINT PUBLISHED
[INFO] [1790277308.023947439] [sage_mission_manager]: VIEWPOINT ACCEPTED | position=(-9.55, -3.00, -2.00) | distance_from_uav=0.51 m
[INFO] [1790277308.026317053] [sage_mission_manager]: VALIDATED VIEWPOINT PUBLISHED
[INFO] [1790277308.230813489] [sage_mission_manager]: VIEWPOINT ACCEPTED | position=(-9.55, -3.00, -2.00) | distance_from_uav=0.38 m
[INFO] [1790277308.233567650] [sage_mission_manager]: VALIDATED VIEWPOINT PUBLISHED
[INFO] [1790277308.439077377] [sage_mission_manager]: VIEWPOINT ACCEPTED | position=(-9.55, -3.00, -2.00) | distance_from_uav=0.26 m
[INFO] [1790277308.442639876] [sage_mission_manager]: VALIDATED VIEWPOINT PUBLISHED
[INFO] [1790277308.629404576] [sage_mission_manager]: VIEWPOINT ACCEPTED | position=(-9.55, -3.00, -2.00) | distance_from_uav=0.19 m
[INFO] [1790277308.630464587] [sage_mission_manager]: VALIDATED VIEWPOINT PUBLISHED
[INFO] [1790277308.832321262] [sage_mission_manager]: VIEWPOINT ACCEPTED | position=(-9.55, -3.00, -2.00) | distance_from_uav=0.14 m
[INFO] [1790277308.832976046] [sage_mission_manager]: VALIDATED VIEWPOINT PUBLISHED
[INFO] [1790277309.023563687] [sage_mission_manager]: VIEWPOINT ACCEPTED | position=(-9.55, -3.00, -2.00) | distance_from_uav=0.11 m
[INFO] [1790277309.024446210] [sage_mission_manager]: VALIDATED VIEWPOINT PUBLISHED
[INFO] [1790277309.230283780] [sage_mission_manager]: VIEWPOINT ACCEPTED | position=(-9.55, -3.00, -2.00) | distance_from_uav=0.10 m
[INFO] [1790277309.231294660] [sage_mission_manager]: VALIDATED VIEWPOINT PUBLISHED
[INFO] [1790277309.424910398] [sage_mission_manager]: VIEWPOINT ACCEPTED | position=(-9.55, -3.00, -2.00) | distance_from_uav=0.10 m
[INFO] [1790277309.425491106] [sage_mission_manager]: VALIDATED VIEWPOINT PUBLISHED
[INFO] [1790277309.630092445] [sage_mission_manager]: VIEWPOINT ACCEPTED | position=(-9.55, -3.00, -2.00) | distance_from_uav=0.10 m
[INFO] [1790277309.630651684] [sage_mission_manager]: VALIDATED VIEWPOINT PUBLISHED
[INFO] [1790277309.823204595] [sage_mission_manager]: VIEWPOINT ACCEPTED | position=(-9.55, -3.00, -2.00) | distance_from_uav=0.10 m
[INFO] [1790277309.824007152] [sage_mission_manager]: VALIDATED VIEWPOINT PUBLISHED
[INFO] [1790277310.032666090] [sage_mission_manager]: VIEWPOINT ACCEPTED | position=(-9.55, -3.00, -2.00) | distance_from_uav=0.10 m
[INFO] [1790277310.033331456] [sage_mission_manager]: VALIDATED VIEWPOINT PUBLISHED
[INFO] [1790277310.225240419] [sage_mission_manager]: VIEWPOINT ACCEPTED | position=(-9.55, -3.00, -2.00) | distance_from_uav=0.09 m
[INFO] [1790277310.226136813] [sage_mission_manager]: VALIDATED VIEWPOINT PUBLISHED
[INFO] [1790277310.428839163] [sage_mission_manager]: VIEWPOINT ACCEPTED | position=(-9.55, -3.00, -2.00) | distance_from_uav=0.07 m
[INFO] [1790277310.429638570] [sage_mission_manager]: VALIDATED VIEWPOINT PUBLISHED
[INFO] [1790277310.622968753] [sage_mission_manager]: VIEWPOINT ACCEPTED | position=(-9.55, -3.00, -2.00) | distance_from_uav=0.06 m
[INFO] [1790277310.623798565] [sage_mission_manager]: VALIDATED VIEWPOINT PUBLISHED
[INFO] [1790277310.824779393] [sage_mission_manager]: VIEWPOINT ACCEPTED | position=(-9.55, -3.00, -2.00) | distance_from_uav=0.05 m
[INFO] [1790277310.825318591] [sage_mission_manager]: VALIDATED VIEWPOINT PUBLISHED
[INFO] [1790277311.026300236] [sage_mission_manager]: VIEWPOINT ACCEPTED | position=(-9.55, -3.00, -2.00) | distance_from_uav=0.03 m
[INFO] [1790277311.028213890] [sage_mission_manager]: VALIDATED VIEWPOINT PUBLISHED
[INFO] [1790277311.227835783] [sage_mission_manager]: VIEWPOINT ACCEPTED | position=(-9.55, -3.00, -2.00) | distance_from_uav=0.02 m
[INFO] [1790277311.231295667] [sage_mission_manager]: VALIDATED VIEWPOINT PUBLISHED
[INFO] [1790277311.437386211] [sage_mission_manager]: VIEWPOINT ACCEPTED | position=(-9.55, -3.00, -2.00) | distance_from_uav=0.01 m
[INFO] [1790277311.437982757] [sage_mission_manager]: VALIDATED VIEWPOINT PUBLISHED
[INFO] [1790277311.623654725] [sage_mission_manager]: VIEWPOINT ACCEPTED | position=(-9.55, -3.00, -2.00) | distance_from_uav=0.01 m
[INFO] [1790277311.624271857] [sage_mission_manager]: VALIDATED VIEWPOINT PUBLISHED
[INFO] [1790277311.827480341] [sage_mission_manager]: VIEWPOINT ACCEPTED | position=(-9.55, -3.00, -2.00) | distance_from_uav=0.02 m
[INFO] [1790277311.830363261] [sage_mission_manager]: VALIDATED VIEWPOINT PUBLISHED
[INFO] [1790277312.028159792] [sage_mission_manager]: VIEWPOINT ACCEPTED | position=(-9.55, -3.00, -2.00) | distance_from_uav=0.03 m
[INFO] [1790277312.028822087] [sage_mission_manager]: VALIDATED VIEWPOINT PUBLISHED
[INFO] [1790277312.223790430] [sage_mission_manager]: VIEWPOINT ACCEPTED | position=(-9.55, -3.00, -2.00) | distance_from_uav=0.03 m
[INFO] [1790277312.224355389] [sage_mission_manager]: VALIDATED VIEWPOINT PUBLISHED
[INFO] [1790277312.426516922] [sage_mission_manager]: VIEWPOINT ACCEPTED | position=(-9.55, -3.00, -2.00) | distance_from_uav=0.04 m
[INFO] [1790277312.428946300] [sage_mission_manager]: VALIDATED VIEWPOINT PUBLISHED
[INFO] [1790277312.626834327] [sage_mission_manager]: VIEWPOINT ACCEPTED | position=(-9.55, -3.00, -2.00) | distance_from_uav=0.05 m
[INFO] [1790277312.628392978] [sage_mission_manager]: VALIDATED VIEWPOINT PUBLISHED
[INFO] [1790277312.832251689] [sage_mission_manager]: VIEWPOINT ACCEPTED | position=(-9.55, -3.00, -2.00) | distance_from_uav=0.06 m
[INFO] [1790277312.833098349] [sage_mission_manager]: VALIDATED VIEWPOINT PUBLISHED
[INFO] [1790277313.026000818] [sage_mission_manager]: VIEWPOINT ACCEPTED | position=(-9.55, -3.00, -2.00) | distance_from_uav=0.06 m
[INFO] [1790277313.029154941] [sage_mission_manager]: VALIDATED VIEWPOINT PUBLISHED
[INFO] [1790277313.228441739] [sage_mission_manager]: VIEWPOINT ACCEPTED | position=(-9.55, -3.00, -2.00) | distance_from_uav=0.06 m
[INFO] [1790277313.231110068] [sage_mission_manager]: VALIDATED VIEWPOINT PUBLISHED
[INFO] [1790277313.423022690] [sage_mission_manager]: VIEWPOINT ACCEPTED | position=(-9.55, -3.00, -2.00) | distance_from_uav=0.07 m
[INFO] [1790277313.423562996] [sage_mission_manager]: VALIDATED VIEWPOINT PUBLISHED
[INFO] [1790277313.630460431] [sage_mission_manager]: VIEWPOINT ACCEPTED | position=(-9.55, -3.00, -2.00) | distance_from_uav=0.07 m
[INFO] [1790277313.633279185] [sage_mission_manager]: VALIDATED VIEWPOINT PUBLISHED
[INFO] [1790277313.823750102] [sage_mission_manager]: VIEWPOINT ACCEPTED | position=(-9.55, -3.00, -2.00) | distance_from_uav=0.08 m
[INFO] [1790277313.825247823] [sage_mission_manager]: VALIDATED VIEWPOINT PUBLISHED
[INFO] [1790277314.031517044] [sage_mission_manager]: VIEWPOINT ACCEPTED | position=(-9.55, -3.00, -2.00) | distance_from_uav=0.08 m
[INFO] [1790277314.032364040] [sage_mission_manager]: VALIDATED VIEWPOINT PUBLISHED
[INFO] [1790277314.226126517] [sage_mission_manager]: VIEWPOINT ACCEPTED | position=(-9.55, -3.00, -2.00) | distance_from_uav=0.08 m
[INFO] [1790277314.226700318] [sage_mission_manager]: VALIDATED VIEWPOINT PUBLISHED
[INFO] [1790277314.435557316] [sage_mission_manager]: VIEWPOINT ACCEPTED | position=(-9.55, -3.00, -2.00) | distance_from_uav=0.09 m
[INFO] [1790277314.437626137] [sage_mission_manager]: VALIDATED VIEWPOINT PUBLISHED
[INFO] [1790277314.627656242] [sage_mission_manager]: VIEWPOINT ACCEPTED | position=(-9.55, -3.00, -2.00) | distance_from_uav=0.09 m
[INFO] [1790277314.628618060] [sage_mission_manager]: VALIDATED VIEWPOINT PUBLISHED
[INFO] [1790277314.837005873] [sage_mission_manager]: VIEWPOINT ACCEPTED | position=(-9.55, -3.00, -2.00) | distance_from_uav=0.10 m
[INFO] [1790277314.842866846] [sage_mission_manager]: VALIDATED VIEWPOINT PUBLISHED
[INFO] [1790277315.029252302] [sage_mission_manager]: VIEWPOINT ACCEPTED | position=(-9.55, -3.00, -2.00) | distance_from_uav=0.11 m
[INFO] [1790277315.030017113] [sage_mission_manager]: VALIDATED VIEWPOINT PUBLISHED
[INFO] [1790277315.225914186] [sage_mission_manager]: VIEWPOINT ACCEPTED | position=(-9.55, -3.00, -2.00) | distance_from_uav=0.11 m
[INFO] [1790277315.226718342] [sage_mission_manager]: VALIDATED VIEWPOINT PUBLISHED
[INFO] [1790277315.427668871] [sage_mission_manager]: VIEWPOINT ACCEPTED | position=(-9.55, -3.00, -2.00) | distance_from_uav=0.12 m
[INFO] [1790277315.428364667] [sage_mission_manager]: VALIDATED VIEWPOINT PUBLISHED
[INFO] [1790277315.627420003] [sage_mission_manager]: VIEWPOINT ACCEPTED | position=(-9.55, -3.00, -2.00) | distance_from_uav=0.12 m
[INFO] [1790277315.631253366] [sage_mission_manager]: VALIDATED VIEWPOINT PUBLISHED
[INFO] [1790277315.827520755] [sage_mission_manager]: VIEWPOINT ACCEPTED | position=(-9.55, -3.00, -2.00) | distance_from_uav=0.13 m
[INFO] [1790277315.832260526] [sage_mission_manager]: VALIDATED VIEWPOINT PUBLISHED
[INFO] [1790277316.030600831] [sage_mission_manager]: VIEWPOINT ACCEPTED | position=(-9.55, -3.00, -2.00) | distance_from_uav=0.13 m
[INFO] [1790277316.031744032] [sage_mission_manager]: VALIDATED VIEWPOINT PUBLISHED
[INFO] [1790277316.232136239] [sage_mission_manager]: VIEWPOINT ACCEPTED | position=(-9.55, -3.00, -2.00) | distance_from_uav=0.13 m
[INFO] [1790277316.233099934] [sage_mission_manager]: VALIDATED VIEWPOINT PUBLISHED
[INFO] [1790277316.426772680] [sage_mission_manager]: VIEWPOINT ACCEPTED | position=(-9.55, -3.00, -2.00) | distance_from_uav=0.13 m
[INFO] [1790277316.427629172] [sage_mission_manager]: VALIDATED VIEWPOINT PUBLISHED
[INFO] [1790277316.632887906] [sage_mission_manager]: VIEWPOINT ACCEPTED | position=(-9.55, -3.00, -2.00) | distance_from_uav=0.12 m
[INFO] [1790277316.633707539] [sage_mission_manager]: VALIDATED VIEWPOINT PUBLISHED
[INFO] [1790277316.833400484] [sage_mission_manager]: VIEWPOINT ACCEPTED | position=(-9.95, -2.42, -2.00) | distance_from_uav=0.61 m
[INFO] [1790277316.834105520] [sage_mission_manager]: VALIDATED VIEWPOINT PUBLISHED
[INFO] [1790277317.035736669] [sage_mission_manager]: VIEWPOINT ACCEPTED | position=(-10.35, -1.85, -2.00) | distance_from_uav=1.31 m
[INFO] [1790277317.037012441] [sage_mission_manager]: VALIDATED VIEWPOINT PUBLISHED
[INFO] [1790277317.229093087] [sage_mission_manager]: VIEWPOINT ACCEPTED | position=(-10.74, -1.27, -2.00) | distance_from_uav=2.00 m
[INFO] [1790277317.229660580] [sage_mission_manager]: VALIDATED VIEWPOINT PUBLISHED
[INFO] [1790277317.428162943] [sage_mission_manager]: VIEWPOINT ACCEPTED | position=(-11.14, -0.70, -2.00) | distance_from_uav=2.66 m
[INFO] [1790277317.432071546] [sage_mission_manager]: VALIDATED VIEWPOINT PUBLISHED
[INFO] [1790277317.631552649] [sage_mission_manager]: VIEWPOINT ACCEPTED | position=(-11.54, -0.12, -2.00) | distance_from_uav=3.25 m
[INFO] [1790277317.632391997] [sage_mission_manager]: VALIDATED VIEWPOINT PUBLISHED
[INFO] [1790277317.823249761] [sage_mission_manager]: VIEWPOINT ACCEPTED | position=(-11.54, -0.12, -2.00) | distance_from_uav=3.08 m
[INFO] [1790277317.826237629] [sage_mission_manager]: VALIDATED VIEWPOINT PUBLISHED
[INFO] [1790277318.023908124] [sage_mission_manager]: VIEWPOINT ACCEPTED | position=(-11.94, 0.46, -2.00) | distance_from_uav=3.52 m
[INFO] [1790277318.024712676] [sage_mission_manager]: VALIDATED VIEWPOINT PUBLISHED
[INFO] [1790277318.229541023] [sage_mission_manager]: VIEWPOINT ACCEPTED | position=(-11.94, 0.46, -2.00) | distance_from_uav=3.22 m
[INFO] [1790277318.231621116] [sage_mission_manager]: VALIDATED VIEWPOINT PUBLISHED
[INFO] [1790277318.436786870] [sage_mission_manager]: VIEWPOINT ACCEPTED | position=(-12.33, 1.03, -2.00) | distance_from_uav=3.50 m
[INFO] [1790277318.437709542] [sage_mission_manager]: VALIDATED VIEWPOINT PUBLISHED
[INFO] [1790277318.624155664] [sage_mission_manager]: VIEWPOINT ACCEPTED | position=(-12.33, 1.03, -2.00) | distance_from_uav=3.10 m
[INFO] [1790277318.624737587] [sage_mission_manager]: VALIDATED VIEWPOINT PUBLISHED
[INFO] [1790277318.830168836] [sage_mission_manager]: VIEWPOINT ACCEPTED | position=(-12.73, 1.61, -2.00) | distance_from_uav=3.39 m
[INFO] [1790277318.830901581] [sage_mission_manager]: VALIDATED VIEWPOINT PUBLISHED
[INFO] [1790277319.030720632] [sage_mission_manager]: VIEWPOINT ACCEPTED | position=(-13.00, 2.00, -2.00) | distance_from_uav=3.39 m
[INFO] [1790277319.031361297] [sage_mission_manager]: VALIDATED VIEWPOINT PUBLISHED
[INFO] [1790277319.228614686] [sage_mission_manager]: VIEWPOINT ACCEPTED | position=(-13.00, 2.70, -2.00) | distance_from_uav=3.55 m
[INFO] [1790277319.229365590] [sage_mission_manager]: VALIDATED VIEWPOINT PUBLISHED
[INFO] [1790277319.430732526] [sage_mission_manager]: VIEWPOINT ACCEPTED | position=(-13.00, 2.70, -2.00) | distance_from_uav=3.13 m
[INFO] [1790277319.433223607] [sage_mission_manager]: VALIDATED VIEWPOINT PUBLISHED
[INFO] [1790277319.635222643] [sage_mission_manager]: VIEWPOINT ACCEPTED | position=(-12.39, 0.74, -2.00) | distance_from_uav=0.70 m
[INFO] [1790277319.640076895] [sage_mission_manager]: VALIDATED VIEWPOINT PUBLISHED
[INFO] [1790277319.831865369] [sage_mission_manager]: VIEWPOINT ACCEPTED | position=(-12.69, 1.37, -2.00) | distance_from_uav=0.96 m
[INFO] [1790277319.832402690] [sage_mission_manager]: VALIDATED VIEWPOINT PUBLISHED
[INFO] [1790277320.028599983] [sage_mission_manager]: VIEWPOINT ACCEPTED | position=(-13.00, 2.00, -2.00) | distance_from_uav=1.30 m
[INFO] [1790277320.029394623] [sage_mission_manager]: VALIDATED VIEWPOINT PUBLISHED
[INFO] [1790277320.229458856] [sage_mission_manager]: VIEWPOINT ACCEPTED | position=(-13.00, 2.70, -2.00) | distance_from_uav=1.66 m
[INFO] [1790277320.230795294] [sage_mission_manager]: VALIDATED VIEWPOINT PUBLISHED
[INFO] [1790277320.426994645] [sage_mission_manager]: VIEWPOINT ACCEPTED | position=(-13.00, 3.40, -2.00) | distance_from_uav=2.18 m
[INFO] [1790277320.427597558] [sage_mission_manager]: VALIDATED VIEWPOINT PUBLISHED
[INFO] [1790277320.629202265] [sage_mission_manager]: VIEWPOINT ACCEPTED | position=(-13.00, 4.10, -2.00) | distance_from_uav=2.68 m
[INFO] [1790277320.629914128] [sage_mission_manager]: VALIDATED VIEWPOINT PUBLISHED
[INFO] [1790277320.828879863] [sage_mission_manager]: VIEWPOINT ACCEPTED | position=(-13.00, 4.80, -2.00) | distance_from_uav=3.17 m
[INFO] [1790277320.832272823] [sage_mission_manager]: VALIDATED VIEWPOINT PUBLISHED
[INFO] [1790277321.034365748] [sage_mission_manager]: VIEWPOINT ACCEPTED | position=(-13.00, 5.50, -2.00) | distance_from_uav=3.63 m
[INFO] [1790277321.035452356] [sage_mission_manager]: VALIDATED VIEWPOINT PUBLISHED
[INFO] [1790277321.239043095] [sage_mission_manager]: VIEWPOINT ACCEPTED | position=(-13.00, 5.50, -2.00) | distance_from_uav=3.33 m
[INFO] [1790277321.239872117] [sage_mission_manager]: VALIDATED VIEWPOINT PUBLISHED
[INFO] [1790277321.431345807] [sage_mission_manager]: VIEWPOINT ACCEPTED | position=(-13.00, 5.50, -2.00) | distance_from_uav=3.00 m
[INFO] [1790277321.432156143] [sage_mission_manager]: VALIDATED VIEWPOINT PUBLISHED
[INFO] [1790277321.625671708] [sage_mission_manager]: VIEWPOINT ACCEPTED | position=(-13.00, 6.00, -2.00) | distance_from_uav=3.15 m
[INFO] [1790277321.626299993] [sage_mission_manager]: VALIDATED VIEWPOINT PUBLISHED
[INFO] [1790277321.831280530] [sage_mission_manager]: VIEWPOINT ACCEPTED | position=(-12.30, 6.00, -2.00) | distance_from_uav=2.87 m
[INFO] [1790277321.831868612] [sage_mission_manager]: VALIDATED VIEWPOINT PUBLISHED
[INFO] [1790277322.026802653] [sage_mission_manager]: VIEWPOINT ACCEPTED | position=(-11.60, 6.00, -2.00) | distance_from_uav=2.75 m
[INFO] [1790277322.028756728] [sage_mission_manager]: VALIDATED VIEWPOINT PUBLISHED
[INFO] [1790277322.236135250] [sage_mission_manager]: VIEWPOINT ACCEPTED | position=(-10.90, 6.00, -2.00) | distance_from_uav=2.87 m
[INFO] [1790277322.236764288] [sage_mission_manager]: VALIDATED VIEWPOINT PUBLISHED
[INFO] [1790277322.426903572] [sage_mission_manager]: VIEWPOINT ACCEPTED | position=(-10.20, 6.00, -2.00) | distance_from_uav=3.22 m
[INFO] [1790277322.429679989] [sage_mission_manager]: VALIDATED VIEWPOINT PUBLISHED
[INFO] [1790277322.626624806] [sage_mission_manager]: VIEWPOINT ACCEPTED | position=(-9.50, 6.00, -2.00) | distance_from_uav=3.60 m
[INFO] [1790277322.634100366] [sage_mission_manager]: VALIDATED VIEWPOINT PUBLISHED
[INFO] [1790277322.832960330] [sage_mission_manager]: VIEWPOINT ACCEPTED | position=(-9.50, 6.00, -2.00) | distance_from_uav=3.32 m
[INFO] [1790277322.833847130] [sage_mission_manager]: VALIDATED VIEWPOINT PUBLISHED
[INFO] [1790277323.033315686] [sage_mission_manager]: VIEWPOINT ACCEPTED | position=(-9.50, 6.00, -2.00) | distance_from_uav=2.96 m
[INFO] [1790277323.033903232] [sage_mission_manager]: VALIDATED VIEWPOINT PUBLISHED
[INFO] [1790277323.228894554] [sage_mission_manager]: VIEWPOINT ACCEPTED | position=(-8.82, 5.84, -2.00) | distance_from_uav=3.33 m
[INFO] [1790277323.229808522] [sage_mission_manager]: VALIDATED VIEWPOINT PUBLISHED
[INFO] [1790277323.425819740] [sage_mission_manager]: VIEWPOINT ACCEPTED | position=(-8.14, 5.68, -2.00) | distance_from_uav=3.59 m
[INFO] [1790277323.426487495] [sage_mission_manager]: VALIDATED VIEWPOINT PUBLISHED
[INFO] [1790277323.635675765] [sage_mission_manager]: VIEWPOINT ACCEPTED | position=(-8.14, 5.68, -2.00) | distance_from_uav=3.15 m
[INFO] [1790277323.636235646] [sage_mission_manager]: VALIDATED VIEWPOINT PUBLISHED
[INFO] [1790277323.827696828] [sage_mission_manager]: VIEWPOINT ACCEPTED | position=(-7.46, 5.51, -2.00) | distance_from_uav=3.51 m
[INFO] [1790277323.828475179] [sage_mission_manager]: VALIDATED VIEWPOINT PUBLISHED
[INFO] [1790277324.033476689] [sage_mission_manager]: VIEWPOINT ACCEPTED | position=(-7.46, 5.51, -2.00) | distance_from_uav=3.06 m
[INFO] [1790277324.039596006] [sage_mission_manager]: VALIDATED VIEWPOINT PUBLISHED
[INFO] [1790277324.225177520] [sage_mission_manager]: VIEWPOINT ACCEPTED | position=(-6.78, 5.35, -2.00) | distance_from_uav=3.31 m
[INFO] [1790277324.226398985] [sage_mission_manager]: VALIDATED VIEWPOINT PUBLISHED
[INFO] [1790277324.426686438] [sage_mission_manager]: VIEWPOINT ACCEPTED | position=(-6.10, 5.19, -2.00) | distance_from_uav=3.56 m
[INFO] [1790277324.427527639] [sage_mission_manager]: VALIDATED VIEWPOINT PUBLISHED
[INFO] [1790277324.624177861] [sage_mission_manager]: VIEWPOINT ACCEPTED | position=(-6.10, 5.19, -2.00) | distance_from_uav=3.13 m
[INFO] [1790277324.624704118] [sage_mission_manager]: VALIDATED VIEWPOINT PUBLISHED
[INFO] [1790277324.834757450] [sage_mission_manager]: VIEWPOINT ACCEPTED | position=(-5.41, 5.03, -2.00) | distance_from_uav=3.32 m
[INFO] [1790277324.835582066] [sage_mission_manager]: VALIDATED VIEWPOINT PUBLISHED
[INFO] [1790277325.034394982] [sage_mission_manager]: VIEWPOINT ACCEPTED | position=(-4.73, 4.86, -2.00) | distance_from_uav=3.51 m
[INFO] [1790277325.039615219] [sage_mission_manager]: VALIDATED VIEWPOINT PUBLISHED
[INFO] [1790277325.233495109] [sage_mission_manager]: VIEWPOINT ACCEPTED | position=(-4.73, 4.86, -2.00) | distance_from_uav=3.01 m
[INFO] [1790277325.237552690] [sage_mission_manager]: VALIDATED VIEWPOINT PUBLISHED
[INFO] [1790277325.424147861] [sage_mission_manager]: VIEWPOINT ACCEPTED | position=(-4.05, 4.70, -2.00) | distance_from_uav=3.28 m
[INFO] [1790277325.425618191] [sage_mission_manager]: VALIDATED VIEWPOINT PUBLISHED
[INFO] [1790277325.627314205] [sage_mission_manager]: VIEWPOINT ACCEPTED | position=(-3.37, 4.54, -2.00) | distance_from_uav=3.52 m
[INFO] [1790277325.628016591] [sage_mission_manager]: VALIDATED VIEWPOINT PUBLISHED
[INFO] [1790277325.827865473] [sage_mission_manager]: VIEWPOINT ACCEPTED | position=(-3.37, 4.54, -2.00) | distance_from_uav=2.99 m
[INFO] [1790277325.830551142] [sage_mission_manager]: VALIDATED VIEWPOINT PUBLISHED
[INFO] [1790277326.026448552] [sage_mission_manager]: VIEWPOINT ACCEPTED | position=(-2.69, 4.38, -2.00) | distance_from_uav=3.15 m
[INFO] [1790277326.027565800] [sage_mission_manager]: VALIDATED VIEWPOINT PUBLISHED
[INFO] [1790277326.236686106] [sage_mission_manager]: VIEWPOINT ACCEPTED | position=(-2.01, 4.21, -2.00) | distance_from_uav=3.32 m
[INFO] [1790277326.240153906] [sage_mission_manager]: VALIDATED VIEWPOINT PUBLISHED
[INFO] [1790277326.427726989] [sage_mission_manager]: VIEWPOINT ACCEPTED | position=(-1.99, 4.21, -2.00) | distance_from_uav=2.89 m
[INFO] [1790277326.428554264] [sage_mission_manager]: VALIDATED VIEWPOINT PUBLISHED
[INFO] [1790277326.639598094] [sage_mission_manager]: VIEWPOINT ACCEPTED | position=(-1.99, 4.21, -2.00) | distance_from_uav=2.44 m
[INFO] [1790277326.640176346] [sage_mission_manager]: VALIDATED VIEWPOINT PUBLISHED
[INFO] [1790277326.823871067] [sage_mission_manager]: VIEWPOINT ACCEPTED | position=(-1.99, 4.21, -2.00) | distance_from_uav=1.96 m
[INFO] [1790277326.827615363] [sage_mission_manager]: VALIDATED VIEWPOINT PUBLISHED
[INFO] [1790277327.029828400] [sage_mission_manager]: VIEWPOINT ACCEPTED | position=(-1.99, 4.21, -2.00) | distance_from_uav=1.51 m
[INFO] [1790277327.031781276] [sage_mission_manager]: VALIDATED VIEWPOINT PUBLISHED
[INFO] [1790277327.228440360] [sage_mission_manager]: VIEWPOINT ACCEPTED | position=(-1.99, 4.21, -2.00) | distance_from_uav=1.09 m
[INFO] [1790277327.229021214] [sage_mission_manager]: VALIDATED VIEWPOINT PUBLISHED
[INFO] [1790277327.426783879] [sage_mission_manager]: VIEWPOINT ACCEPTED | position=(-1.99, 4.21, -2.00) | distance_from_uav=0.77 m
[INFO] [1790277327.427852865] [sage_mission_manager]: VALIDATED VIEWPOINT PUBLISHED
[INFO] [1790277327.631442506] [sage_mission_manager]: VIEWPOINT ACCEPTED | position=(-1.99, 4.21, -2.00) | distance_from_uav=0.51 m
[INFO] [1790277327.634132290] [sage_mission_manager]: VALIDATED VIEWPOINT PUBLISHED
[INFO] [1790277327.826809653] [sage_mission_manager]: VIEWPOINT ACCEPTED | position=(-1.99, 4.21, -2.00) | distance_from_uav=0.28 m
[INFO] [1790277327.827544718] [sage_mission_manager]: VALIDATED VIEWPOINT PUBLISHED
[INFO] [1790277328.027725260] [sage_mission_manager]: VIEWPOINT ACCEPTED | position=(-2.59, 3.85, -2.00) | distance_from_uav=0.55 m
[INFO] [1790277328.028417626] [sage_mission_manager]: VALIDATED VIEWPOINT PUBLISHED
[INFO] [1790277328.230933787] [sage_mission_manager]: VIEWPOINT ACCEPTED | position=(-3.20, 3.49, -2.00) | distance_from_uav=1.32 m
[INFO] [1790277328.231544928] [sage_mission_manager]: VALIDATED VIEWPOINT PUBLISHED
[INFO] [1790277328.425422853] [sage_mission_manager]: VIEWPOINT ACCEPTED | position=(-3.80, 3.13, -2.00) | distance_from_uav=2.05 m
[INFO] [1790277328.425979419] [sage_mission_manager]: VALIDATED VIEWPOINT PUBLISHED
[INFO] [1790277328.624621490] [sage_mission_manager]: VIEWPOINT ACCEPTED | position=(-4.40, 2.77, -2.00) | distance_from_uav=2.73 m
[INFO] [1790277328.626090464] [sage_mission_manager]: VALIDATED VIEWPOINT PUBLISHED
[INFO] [1790277328.836029144] [sage_mission_manager]: VIEWPOINT ACCEPTED | position=(-4.76, 2.55, -2.00) | distance_from_uav=3.06 m
[INFO] [1790277328.836710053] [sage_mission_manager]: VALIDATED VIEWPOINT PUBLISHED
[INFO] [1790277329.023974015] [sage_mission_manager]: VIEWPOINT ACCEPTED | position=(-4.76, 2.55, -2.00) | distance_from_uav=2.88 m
[INFO] [1790277329.024690509] [sage_mission_manager]: VALIDATED VIEWPOINT PUBLISHED
[INFO] [1790277329.226158202] [sage_mission_manager]: VIEWPOINT ACCEPTED | position=(-4.76, 2.55, -2.00) | distance_from_uav=2.61 m
[INFO] [1790277329.228516309] [sage_mission_manager]: VALIDATED VIEWPOINT PUBLISHED
[INFO] [1790277329.429265388] [sage_mission_manager]: VIEWPOINT ACCEPTED | position=(-4.76, 2.55, -2.00) | distance_from_uav=2.24 m
[INFO] [1790277329.430145036] [sage_mission_manager]: VALIDATED VIEWPOINT PUBLISHED
[INFO] [1790277329.624865907] [sage_mission_manager]: VIEWPOINT ACCEPTED | position=(-4.76, 2.55, -2.00) | distance_from_uav=1.92 m
[INFO] [1790277329.631188710] [sage_mission_manager]: VALIDATED VIEWPOINT PUBLISHED
[INFO] [1790277329.827218589] [sage_mission_manager]: VIEWPOINT ACCEPTED | position=(-4.76, 2.55, -2.00) | distance_from_uav=1.61 m
[INFO] [1790277329.828002899] [sage_mission_manager]: VALIDATED VIEWPOINT PUBLISHED
[INFO] [1790277330.036236531] [sage_mission_manager]: VIEWPOINT ACCEPTED | position=(-4.76, 2.55, -2.00) | distance_from_uav=1.23 m
[INFO] [1790277330.036942453] [sage_mission_manager]: VALIDATED VIEWPOINT PUBLISHED
[INFO] [1790277330.225073855] [sage_mission_manager]: VIEWPOINT ACCEPTED | position=(-4.76, 2.55, -2.00) | distance_from_uav=0.93 m
[INFO] [1790277330.225865879] [sage_mission_manager]: VALIDATED VIEWPOINT PUBLISHED
[INFO] [1790277330.430069007] [sage_mission_manager]: VIEWPOINT ACCEPTED | position=(-4.76, 2.55, -2.00) | distance_from_uav=0.69 m
[INFO] [1790277330.432014319] [sage_mission_manager]: VALIDATED VIEWPOINT PUBLISHED
[INFO] [1790277330.632959507] [sage_mission_manager]: VIEWPOINT ACCEPTED | position=(-4.76, 2.55, -2.00) | distance_from_uav=0.54 m
[INFO] [1790277330.633520099] [sage_mission_manager]: VALIDATED VIEWPOINT PUBLISHED
[INFO] [1790277330.837717611] [sage_mission_manager]: VIEWPOINT ACCEPTED | position=(-4.76, 2.55, -2.00) | distance_from_uav=0.44 m
[INFO] [1790277330.844630600] [sage_mission_manager]: VALIDATED VIEWPOINT PUBLISHED
[INFO] [1790277331.024448717] [sage_mission_manager]: VIEWPOINT ACCEPTED | position=(-4.76, 2.55, -2.00) | distance_from_uav=0.39 m
[INFO] [1790277331.025318427] [sage_mission_manager]: VALIDATED VIEWPOINT PUBLISHED
[INFO] [1790277331.224370050] [sage_mission_manager]: VIEWPOINT ACCEPTED | position=(-4.76, 2.55, -2.00) | distance_from_uav=0.38 m
[INFO] [1790277331.225321495] [sage_mission_manager]: VALIDATED VIEWPOINT PUBLISHED
[INFO] [1790277331.427514446] [sage_mission_manager]: VIEWPOINT ACCEPTED | position=(-4.76, 2.55, -2.00) | distance_from_uav=0.37 m
[INFO] [1790277331.428880078] [sage_mission_manager]: VALIDATED VIEWPOINT PUBLISHED
[INFO] [1790277331.633559012] [sage_mission_manager]: VIEWPOINT ACCEPTED | position=(-4.76, 2.55, -2.00) | distance_from_uav=0.36 m
[INFO] [1790277331.635608135] [sage_mission_manager]: VALIDATED VIEWPOINT PUBLISHED
[INFO] [1790277331.833992790] [sage_mission_manager]: VIEWPOINT ACCEPTED | position=(-4.76, 2.55, -2.00) | distance_from_uav=0.35 m
[INFO] [1790277331.834731403] [sage_mission_manager]: VALIDATED VIEWPOINT PUBLISHED
[INFO] [1790277332.030981685] [sage_mission_manager]: VIEWPOINT ACCEPTED | position=(-5.35, 2.93, -2.00) | distance_from_uav=0.77 m
[INFO] [1790277332.032326882] [sage_mission_manager]: VALIDATED VIEWPOINT PUBLISHED
[INFO] [1790277332.225782668] [sage_mission_manager]: VIEWPOINT ACCEPTED | position=(-5.94, 3.31, -2.00) | distance_from_uav=1.40 m
[INFO] [1790277332.226541244] [sage_mission_manager]: VALIDATED VIEWPOINT PUBLISHED
[INFO] [1790277332.426720537] [sage_mission_manager]: VIEWPOINT ACCEPTED | position=(-6.53, 3.69, -2.00) | distance_from_uav=2.05 m
[INFO] [1790277332.428664907] [sage_mission_manager]: VALIDATED VIEWPOINT PUBLISHED
[INFO] [1790277332.627341185] [sage_mission_manager]: VIEWPOINT ACCEPTED | position=(-7.11, 4.08, -2.00) | distance_from_uav=2.68 m
[INFO] [1790277332.627862028] [sage_mission_manager]: VALIDATED VIEWPOINT PUBLISHED
[INFO] [1790277332.828595958] [sage_mission_manager]: VIEWPOINT ACCEPTED | position=(-7.70, 4.46, -2.00) | distance_from_uav=3.28 m
[INFO] [1790277332.829171428] [sage_mission_manager]: VALIDATED VIEWPOINT PUBLISHED
[INFO] [1790277333.037562040] [sage_mission_manager]: VIEWPOINT ACCEPTED | position=(-7.70, 4.46, -2.00) | distance_from_uav=3.13 m
[INFO] [1790277333.038450331] [sage_mission_manager]: VALIDATED VIEWPOINT PUBLISHED
[INFO] [1790277333.240537405] [sage_mission_manager]: VIEWPOINT ACCEPTED | position=(-7.76, 4.50, -2.00) | distance_from_uav=2.98 m
[INFO] [1790277333.241531673] [sage_mission_manager]: VALIDATED VIEWPOINT PUBLISHED
[INFO] [1790277333.431357350] [sage_mission_manager]: VIEWPOINT ACCEPTED | position=(-7.76, 4.50, -2.00) | distance_from_uav=2.70 m
[INFO] [1790277333.431970301] [sage_mission_manager]: VALIDATED VIEWPOINT PUBLISHED
[INFO] [1790277333.627909554] [sage_mission_manager]: VIEWPOINT ACCEPTED | position=(-7.76, 4.50, -2.00) | distance_from_uav=2.37 m
[INFO] [1790277333.628516974] [sage_mission_manager]: VALIDATED VIEWPOINT PUBLISHED
[INFO] [1790277333.827152073] [sage_mission_manager]: VIEWPOINT ACCEPTED | position=(-7.76, 4.50, -2.00) | distance_from_uav=2.02 m
[INFO] [1790277333.827737804] [sage_mission_manager]: VALIDATED VIEWPOINT PUBLISHED
[INFO] [1790277334.039174194] [sage_mission_manager]: VIEWPOINT ACCEPTED | position=(-7.76, 4.50, -2.00) | distance_from_uav=1.67 m
[INFO] [1790277334.039932195] [sage_mission_manager]: VALIDATED VIEWPOINT PUBLISHED
[INFO] [1790277334.226138687] [sage_mission_manager]: VIEWPOINT ACCEPTED | position=(-7.76, 4.50, -2.00) | distance_from_uav=1.35 m
[INFO] [1790277334.226979780] [sage_mission_manager]: VALIDATED VIEWPOINT PUBLISHED
[INFO] [1790277334.427839116] [sage_mission_manager]: VIEWPOINT ACCEPTED | position=(-7.76, 4.50, -2.00) | distance_from_uav=1.06 m
[INFO] [1790277334.428670842] [sage_mission_manager]: VALIDATED VIEWPOINT PUBLISHED
[INFO] [1790277334.635318515] [sage_mission_manager]: VIEWPOINT ACCEPTED | position=(-7.76, 4.50, -2.00) | distance_from_uav=0.77 m
[INFO] [1790277334.642382116] [sage_mission_manager]: VALIDATED VIEWPOINT PUBLISHED
[INFO] [1790277334.840249689] [sage_mission_manager]: VIEWPOINT ACCEPTED | position=(-7.76, 4.50, -2.00) | distance_from_uav=0.56 m
[INFO] [1790277334.845760155] [sage_mission_manager]: VALIDATED VIEWPOINT PUBLISHED
[INFO] [1790277335.037305704] [sage_mission_manager]: VIEWPOINT ACCEPTED | position=(-7.76, 4.50, -2.00) | distance_from_uav=0.35 m
[INFO] [1790277335.037944355] [sage_mission_manager]: VALIDATED VIEWPOINT PUBLISHED
[INFO] [1790277335.232561203] [sage_mission_manager]: VIEWPOINT ACCEPTED | position=(-7.27, 4.99, -2.00) | distance_from_uav=0.81 m
[INFO] [1790277335.236329534] [sage_mission_manager]: VALIDATED VIEWPOINT PUBLISHED
[INFO] [1790277335.424239752] [sage_mission_manager]: VIEWPOINT ACCEPTED | position=(-6.77, 5.49, -2.00) | distance_from_uav=1.54 m
[INFO] [1790277335.425014755] [sage_mission_manager]: VALIDATED VIEWPOINT PUBLISHED
[INFO] [1790277335.626576356] [sage_mission_manager]: VIEWPOINT ACCEPTED | position=(-6.28, 5.98, -2.00) | distance_from_uav=2.26 m
[INFO] [1790277335.627170368] [sage_mission_manager]: VALIDATED VIEWPOINT PUBLISHED
[INFO] [1790277335.843674067] [sage_mission_manager]: VIEWPOINT ACCEPTED | position=(-5.78, 6.48, -2.00) | distance_from_uav=2.96 m
[INFO] [1790277335.844584781] [sage_mission_manager]: VALIDATED VIEWPOINT PUBLISHED
[INFO] [1790277336.042147166] [sage_mission_manager]: VIEWPOINT ACCEPTED | position=(-5.29, 6.97, -2.00) | distance_from_uav=3.58 m
[INFO] [1790277336.042805907] [sage_mission_manager]: VALIDATED VIEWPOINT PUBLISHED
[INFO] [1790277336.226462083] [sage_mission_manager]: VIEWPOINT ACCEPTED | position=(-5.29, 6.97, -2.00) | distance_from_uav=3.48 m
[INFO] [1790277336.227071606] [sage_mission_manager]: VALIDATED VIEWPOINT PUBLISHED
[INFO] [1790277336.426367925] [sage_mission_manager]: VIEWPOINT ACCEPTED | position=(-5.29, 6.97, -2.00) | distance_from_uav=3.25 m
[INFO] [1790277336.427081837] [sage_mission_manager]: VALIDATED VIEWPOINT PUBLISHED
[INFO] [1790277336.625572945] [sage_mission_manager]: VIEWPOINT ACCEPTED | position=(-5.29, 6.97, -2.00) | distance_from_uav=2.96 m
[INFO] [1790277336.626501670] [sage_mission_manager]: VALIDATED VIEWPOINT PUBLISHED
[INFO] [1790277336.830686433] [sage_mission_manager]: VIEWPOINT ACCEPTED | position=(-4.79, 7.47, -2.00) | distance_from_uav=3.30 m
[INFO] [1790277336.832266907] [sage_mission_manager]: VALIDATED VIEWPOINT PUBLISHED
[INFO] [1790277337.024893294] [sage_mission_manager]: VIEWPOINT ACCEPTED | position=(-4.76, 7.50, -2.00) | distance_from_uav=2.91 m
[INFO] [1790277337.025560081] [sage_mission_manager]: VALIDATED VIEWPOINT PUBLISHED
[INFO] [1790277337.224723652] [sage_mission_manager]: VIEWPOINT ACCEPTED | position=(-4.76, 7.50, -2.00) | distance_from_uav=2.55 m
[INFO] [1790277337.225280585] [sage_mission_manager]: VALIDATED VIEWPOINT PUBLISHED
[INFO] [1790277337.431452645] [sage_mission_manager]: VIEWPOINT ACCEPTED | position=(-4.76, 7.50, -2.00) | distance_from_uav=2.12 m
[INFO] [1790277337.432160974] [sage_mission_manager]: VALIDATED VIEWPOINT PUBLISHED
[INFO] [1790277337.626692060] [sage_mission_manager]: VIEWPOINT ACCEPTED | position=(-4.76, 7.50, -2.00) | distance_from_uav=1.75 m
[INFO] [1790277337.628036703] [sage_mission_manager]: VALIDATED VIEWPOINT PUBLISHED
[INFO] [1790277337.836980382] [sage_mission_manager]: VIEWPOINT ACCEPTED | position=(-4.76, 7.50, -2.00) | distance_from_uav=1.37 m
[INFO] [1790277337.839433185] [sage_mission_manager]: VALIDATED VIEWPOINT PUBLISHED
[INFO] [1790277338.025682238] [sage_mission_manager]: VIEWPOINT ACCEPTED | position=(-4.76, 7.50, -2.00) | distance_from_uav=1.11 m
[INFO] [1790277338.026907231] [sage_mission_manager]: VALIDATED VIEWPOINT PUBLISHED
[INFO] [1790277338.234341152] [sage_mission_manager]: VIEWPOINT ACCEPTED | position=(-4.76, 7.50, -2.00) | distance_from_uav=0.80 m
[INFO] [1790277338.235044113] [sage_mission_manager]: VALIDATED VIEWPOINT PUBLISHED
[INFO] [1790277338.429746404] [sage_mission_manager]: VIEWPOINT ACCEPTED | position=(-4.76, 7.50, -2.00) | distance_from_uav=0.58 m
[INFO] [1790277338.430496347] [sage_mission_manager]: VALIDATED VIEWPOINT PUBLISHED
[INFO] [1790277338.627744599] [sage_mission_manager]: VIEWPOINT ACCEPTED | position=(-4.76, 7.50, -2.00) | distance_from_uav=0.42 m
[INFO] [1790277338.629491070] [sage_mission_manager]: VALIDATED VIEWPOINT PUBLISHED
[INFO] [1790277338.835572853] [sage_mission_manager]: VIEWPOINT ACCEPTED | position=(-4.76, 7.50, -2.00) | distance_from_uav=0.27 m
[INFO] [1790277338.836847487] [sage_mission_manager]: VALIDATED VIEWPOINT PUBLISHED
[INFO] [1790277339.030700043] [sage_mission_manager]: VIEWPOINT ACCEPTED | position=(-5.26, 7.00, -2.00) | distance_from_uav=0.57 m
[INFO] [1790277339.031475460] [sage_mission_manager]: VALIDATED VIEWPOINT PUBLISHED
[INFO] [1790277339.227983832] [sage_mission_manager]: VIEWPOINT ACCEPTED | position=(-5.75, 6.51, -2.00) | distance_from_uav=1.33 m
[INFO] [1790277339.230288650] [sage_mission_manager]: VALIDATED VIEWPOINT PUBLISHED
[INFO] [1790277339.432599076] [sage_mission_manager]: VIEWPOINT ACCEPTED | position=(-6.25, 6.01, -2.00) | distance_from_uav=2.08 m
[INFO] [1790277339.434124817] [sage_mission_manager]: VALIDATED VIEWPOINT PUBLISHED
[INFO] [1790277339.632142509] [sage_mission_manager]: VIEWPOINT ACCEPTED | position=(-6.74, 5.52, -2.00) | distance_from_uav=2.78 m
[INFO] [1790277339.634325646] [sage_mission_manager]: VALIDATED VIEWPOINT PUBLISHED
[INFO] [1790277339.829694926] [sage_mission_manager]: VIEWPOINT ACCEPTED | position=(-7.24, 5.02, -2.00) | distance_from_uav=3.42 m
[INFO] [1790277339.832013970] [sage_mission_manager]: VALIDATED VIEWPOINT PUBLISHED
[INFO] [1790277340.029454230] [sage_mission_manager]: VIEWPOINT ACCEPTED | position=(-7.24, 5.02, -2.00) | distance_from_uav=3.28 m
[INFO] [1790277340.031839539] [sage_mission_manager]: VALIDATED VIEWPOINT PUBLISHED
[INFO] [1790277340.226044696] [sage_mission_manager]: VIEWPOINT ACCEPTED | position=(-7.24, 5.02, -2.00) | distance_from_uav=3.09 m
[INFO] [1790277340.226711459] [sage_mission_manager]: VALIDATED VIEWPOINT PUBLISHED
[INFO] [1790277340.426584601] [sage_mission_manager]: VIEWPOINT ACCEPTED | position=(-7.73, 4.53, -2.00) | distance_from_uav=3.47 m
[INFO] [1790277340.429650288] [sage_mission_manager]: VALIDATED VIEWPOINT PUBLISHED
[INFO] [1790277340.626737792] [sage_mission_manager]: VIEWPOINT ACCEPTED | position=(-7.73, 4.53, -2.00) | distance_from_uav=3.09 m
[INFO] [1790277340.627484268] [sage_mission_manager]: VALIDATED VIEWPOINT PUBLISHED
[INFO] [1790277340.832532601] [sage_mission_manager]: VIEWPOINT ACCEPTED | position=(-7.76, 4.50, -2.00) | distance_from_uav=2.74 m
[INFO] [1790277340.833803461] [sage_mission_manager]: VALIDATED VIEWPOINT PUBLISHED
[INFO] [1790277341.029891357] [sage_mission_manager]: VIEWPOINT ACCEPTED | position=(-7.76, 4.50, -2.00) | distance_from_uav=2.26 m
[INFO] [1790277341.030446184] [sage_mission_manager]: VALIDATED VIEWPOINT PUBLISHED
[INFO] [1790277341.234601780] [sage_mission_manager]: VIEWPOINT ACCEPTED | position=(-7.76, 4.50, -2.00) | distance_from_uav=1.88 m
[INFO] [1790277341.235267122] [sage_mission_manager]: VALIDATED VIEWPOINT PUBLISHED
[INFO] [1790277341.426249532] [sage_mission_manager]: VIEWPOINT ACCEPTED | position=(-7.76, 4.50, -2.00) | distance_from_uav=1.51 m
[INFO] [1790277341.426806698] [sage_mission_manager]: VALIDATED VIEWPOINT PUBLISHED
[INFO] [1790277341.633407507] [sage_mission_manager]: VIEWPOINT ACCEPTED | position=(-7.76, 4.50, -2.00) | distance_from_uav=1.16 m
[INFO] [1790277341.634894523] [sage_mission_manager]: VALIDATED VIEWPOINT PUBLISHED
[INFO] [1790277341.825900560] [sage_mission_manager]: VIEWPOINT ACCEPTED | position=(-7.76, 4.50, -2.00) | distance_from_uav=0.85 m
[INFO] [1790277341.826494533] [sage_mission_manager]: VALIDATED VIEWPOINT PUBLISHED
[INFO] [1790277342.031879455] [sage_mission_manager]: VIEWPOINT ACCEPTED | position=(-7.76, 4.50, -2.00) | distance_from_uav=0.64 m
[INFO] [1790277342.034903016] [sage_mission_manager]: VALIDATED VIEWPOINT PUBLISHED
[INFO] [1790277342.228594710] [sage_mission_manager]: VIEWPOINT ACCEPTED | position=(-7.76, 4.50, -2.00) | distance_from_uav=0.45 m
[INFO] [1790277342.229389307] [sage_mission_manager]: VALIDATED VIEWPOINT PUBLISHED
[INFO] [1790277342.428895643] [sage_mission_manager]: VIEWPOINT ACCEPTED | position=(-7.76, 4.50, -2.00) | distance_from_uav=0.33 m
[INFO] [1790277342.429650342] [sage_mission_manager]: VALIDATED VIEWPOINT PUBLISHED
[INFO] [1790277342.634939413] [sage_mission_manager]: VIEWPOINT ACCEPTED | position=(-7.18, 4.12, -2.00) | distance_from_uav=0.97 m
[INFO] [1790277342.635501404] [sage_mission_manager]: VALIDATED VIEWPOINT PUBLISHED
[INFO] [1790277342.834666772] [sage_mission_manager]: VIEWPOINT ACCEPTED | position=(-6.59, 3.74, -2.00) | distance_from_uav=1.66 m
[INFO] [1790277342.835571973] [sage_mission_manager]: VALIDATED VIEWPOINT PUBLISHED
[INFO] [1790277343.029012786] [sage_mission_manager]: VIEWPOINT ACCEPTED | position=(-6.00, 3.36, -2.00) | distance_from_uav=2.35 m
[INFO] [1790277343.030123789] [sage_mission_manager]: VALIDATED VIEWPOINT PUBLISHED
[INFO] [1790277343.236168176] [sage_mission_manager]: VIEWPOINT ACCEPTED | position=(-5.42, 2.97, -2.00) | distance_from_uav=3.00 m
[INFO] [1790277343.236813300] [sage_mission_manager]: VALIDATED VIEWPOINT PUBLISHED
[INFO] [1790277343.436876335] [sage_mission_manager]: VIEWPOINT ACCEPTED | position=(-4.83, 2.59, -2.00) | distance_from_uav=3.60 m
[INFO] [1790277343.437688695] [sage_mission_manager]: VALIDATED VIEWPOINT PUBLISHED
[INFO] [1790277343.631801895] [sage_mission_manager]: VIEWPOINT ACCEPTED | position=(-4.83, 2.59, -2.00) | distance_from_uav=3.44 m
[INFO] [1790277343.632450182] [sage_mission_manager]: VALIDATED VIEWPOINT PUBLISHED
[INFO] [1790277343.824020601] [sage_mission_manager]: VIEWPOINT ACCEPTED | position=(-4.83, 2.59, -2.00) | distance_from_uav=3.19 m
[INFO] [1790277343.824692983] [sage_mission_manager]: VALIDATED VIEWPOINT PUBLISHED
[INFO] [1790277344.027678692] [sage_mission_manager]: VIEWPOINT ACCEPTED | position=(-4.76, 2.55, -2.00) | distance_from_uav=2.92 m
[INFO] [1790277344.030472091] [sage_mission_manager]: VALIDATED VIEWPOINT PUBLISHED
[INFO] [1790277344.229678861] [sage_mission_manager]: VIEWPOINT ACCEPTED | position=(-4.76, 2.55, -2.00) | distance_from_uav=2.52 m
[INFO] [1790277344.230878860] [sage_mission_manager]: VALIDATED VIEWPOINT PUBLISHED
[INFO] [1790277344.424060550] [sage_mission_manager]: VIEWPOINT ACCEPTED | position=(-4.76, 2.55, -2.00) | distance_from_uav=2.11 m
[INFO] [1790277344.425768790] [sage_mission_manager]: VALIDATED VIEWPOINT PUBLISHED
[INFO] [1790277344.629593518] [sage_mission_manager]: VIEWPOINT ACCEPTED | position=(-7.05, 3.13, -2.00) | distance_from_uav=0.72 m
[INFO] [1790277344.630531053] [sage_mission_manager]: VALIDATED VIEWPOINT PUBLISHED
[INFO] [1790277344.828338636] [sage_mission_manager]: VIEWPOINT ACCEPTED | position=(-7.75, 3.08, -2.00) | distance_from_uav=1.72 m
[INFO] [1790277344.833202050] [sage_mission_manager]: VALIDATED VIEWPOINT PUBLISHED
[INFO] [1790277345.027307726] [sage_mission_manager]: VIEWPOINT ACCEPTED | position=(-8.45, 3.04, -2.00) | distance_from_uav=2.70 m
[INFO] [1790277345.031631701] [sage_mission_manager]: VALIDATED VIEWPOINT PUBLISHED
[INFO] [1790277345.224700005] [sage_mission_manager]: VIEWPOINT ACCEPTED | position=(-9.00, 3.00, -2.00) | distance_from_uav=3.42 m
[INFO] [1790277345.225679260] [sage_mission_manager]: VALIDATED VIEWPOINT PUBLISHED
[WARN] [1790277345.428534707] [sage_mission_manager]: VIEWPOINT REJECTED | viewpoint jump too large: 4.12 m
[WARN] [1790277345.632553446] [sage_mission_manager]: VIEWPOINT REJECTED | viewpoint jump too large: 4.82 m
[WARN] [1790277345.828558320] [sage_mission_manager]: VIEWPOINT REJECTED | viewpoint jump too large: 5.52 m
[WARN] [1790277346.025067192] [sage_mission_manager]: VIEWPOINT REJECTED | viewpoint jump too large: 6.22 m
[WARN] [1790277346.226519684] [sage_mission_manager]: VIEWPOINT REJECTED | viewpoint jump too large: 6.22 m
[WARN] [1790277346.433334361] [sage_mission_manager]: VIEWPOINT REJECTED | viewpoint jump too large: 6.22 m
[WARN] [1790277346.626343791] [sage_mission_manager]: VIEWPOINT REJECTED | viewpoint jump too large: 6.22 m
[WARN] [1790277346.826492806] [sage_mission_manager]: VIEWPOINT REJECTED | viewpoint jump too large: 6.22 m
[WARN] [1790277347.031340021] [sage_mission_manager]: VIEWPOINT REJECTED | viewpoint jump too large: 6.22 m
[WARN] [1790277347.227153562] [sage_mission_manager]: VIEWPOINT REJECTED | viewpoint jump too large: 6.22 m
[WARN] [1790277347.427413819] [sage_mission_manager]: VIEWPOINT REJECTED | viewpoint jump too large: 6.22 m
[WARN] [1790277347.630893428] [sage_mission_manager]: VIEWPOINT REJECTED | viewpoint jump too large: 6.22 m
[WARN] [1790277347.826469655] [sage_mission_manager]: VIEWPOINT REJECTED | viewpoint jump too large: 6.22 m
[WARN] [1790277348.033048929] [sage_mission_manager]: VIEWPOINT REJECTED | viewpoint jump too large: 6.22 m
[INFO] [1790277348.228642526] [sage_mission_manager]: Previous viewpoint is stale: jump check reset.
[INFO] [1790277348.235197099] [sage_mission_manager]: VIEWPOINT ACCEPTED | position=(-2.80, 2.63, -2.00) | distance_from_uav=6.13 m
[INFO] [1790277348.236328631] [sage_mission_manager]: VALIDATED VIEWPOINT PUBLISHED
[INFO] [1790277348.426090149] [sage_mission_manager]: VIEWPOINT ACCEPTED | position=(-2.80, 2.63, -2.00) | distance_from_uav=6.16 m
[INFO] [1790277348.426886593] [sage_mission_manager]: VALIDATED VIEWPOINT PUBLISHED
[INFO] [1790277348.625287657] [sage_mission_manager]: VIEWPOINT ACCEPTED | position=(-2.80, 2.63, -2.00) | distance_from_uav=6.15 m
[INFO] [1790277348.627162470] [sage_mission_manager]: VALIDATED VIEWPOINT PUBLISHED
[INFO] [1790277348.824974554] [sage_mission_manager]: VIEWPOINT ACCEPTED | position=(-2.80, 2.63, -2.00) | distance_from_uav=6.03 m
[INFO] [1790277348.825509592] [sage_mission_manager]: VALIDATED VIEWPOINT PUBLISHED
[INFO] [1790277349.025122957] [sage_mission_manager]: VIEWPOINT ACCEPTED | position=(-2.80, 2.63, -2.00) | distance_from_uav=5.72 m
[INFO] [1790277349.025671141] [sage_mission_manager]: VALIDATED VIEWPOINT PUBLISHED
[INFO] [1790277349.230388128] [sage_mission_manager]: VIEWPOINT ACCEPTED | position=(-2.80, 2.63, -2.00) | distance_from_uav=5.40 m
[INFO] [1790277349.231142566] [sage_mission_manager]: VALIDATED VIEWPOINT PUBLISHED
[INFO] [1790277349.426330454] [sage_mission_manager]: VIEWPOINT ACCEPTED | position=(-2.80, 2.63, -2.00) | distance_from_uav=4.93 m
[INFO] [1790277349.426901479] [sage_mission_manager]: VALIDATED VIEWPOINT PUBLISHED
[INFO] [1790277349.634854042] [sage_mission_manager]: VIEWPOINT ACCEPTED | position=(-2.80, 2.63, -2.00) | distance_from_uav=4.42 m
[INFO] [1790277349.635436303] [sage_mission_manager]: VALIDATED VIEWPOINT PUBLISHED
[INFO] [1790277349.825397403] [sage_mission_manager]: VIEWPOINT ACCEPTED | position=(-2.80, 2.63, -2.00) | distance_from_uav=3.93 m
[INFO] [1790277349.828333864] [sage_mission_manager]: VALIDATED VIEWPOINT PUBLISHED
[INFO] [1790277350.026880239] [sage_mission_manager]: VIEWPOINT ACCEPTED | position=(-2.80, 2.63, -2.00) | distance_from_uav=3.45 m
[INFO] [1790277350.029789092] [sage_mission_manager]: VALIDATED VIEWPOINT PUBLISHED
[INFO] [1790277350.231652188] [sage_mission_manager]: VIEWPOINT ACCEPTED | position=(-2.10, 2.63, -2.00) | distance_from_uav=3.55 m
[INFO] [1790277350.232505309] [sage_mission_manager]: VALIDATED VIEWPOINT PUBLISHED
[INFO] [1790277350.430795457] [sage_mission_manager]: VIEWPOINT ACCEPTED | position=(-2.10, 2.63, -2.00) | distance_from_uav=2.98 m
[INFO] [1790277350.431547879] [sage_mission_manager]: VALIDATED VIEWPOINT PUBLISHED
[INFO] [1790277350.625423698] [sage_mission_manager]: VIEWPOINT ACCEPTED | position=(-1.40, 2.64, -2.00) | distance_from_uav=3.17 m
[INFO] [1790277350.627954484] [sage_mission_manager]: VALIDATED VIEWPOINT PUBLISHED
[INFO] [1790277350.824135232] [sage_mission_manager]: VIEWPOINT ACCEPTED | position=(-0.70, 2.65, -2.00) | distance_from_uav=3.40 m
[INFO] [1790277350.829720473] [sage_mission_manager]: VALIDATED VIEWPOINT PUBLISHED
[INFO] [1790277351.029492359] [sage_mission_manager]: VIEWPOINT ACCEPTED | position=(-0.08, 2.66, -2.00) | distance_from_uav=3.53 m
[INFO] [1790277351.030778105] [sage_mission_manager]: VALIDATED VIEWPOINT PUBLISHED
[INFO] [1790277351.226564729] [sage_mission_manager]: VIEWPOINT ACCEPTED | position=(-0.08, 2.66, -2.00) | distance_from_uav=3.12 m
[INFO] [1790277351.227337023] [sage_mission_manager]: VALIDATED VIEWPOINT PUBLISHED
[INFO] [1790277351.430751470] [sage_mission_manager]: VIEWPOINT ACCEPTED | position=(-0.08, 2.66, -2.00) | distance_from_uav=2.69 m
[INFO] [1790277351.431421844] [sage_mission_manager]: VALIDATED VIEWPOINT PUBLISHED
[INFO] [1790277351.627736945] [sage_mission_manager]: VIEWPOINT ACCEPTED | position=(-0.08, 2.66, -2.00) | distance_from_uav=2.22 m
[INFO] [1790277351.630465335] [sage_mission_manager]: VALIDATED VIEWPOINT PUBLISHED
[INFO] [1790277351.829748299] [sage_mission_manager]: VIEWPOINT ACCEPTED | position=(-0.08, 2.66, -2.00) | distance_from_uav=1.76 m
[INFO] [1790277351.830344930] [sage_mission_manager]: VALIDATED VIEWPOINT PUBLISHED
[INFO] [1790277352.027695611] [sage_mission_manager]: VIEWPOINT ACCEPTED | position=(-0.08, 2.66, -2.00) | distance_from_uav=1.36 m
[INFO] [1790277352.030686759] [sage_mission_manager]: VALIDATED VIEWPOINT PUBLISHED
[INFO] [1790277352.224433894] [sage_mission_manager]: VIEWPOINT ACCEPTED | position=(-0.08, 2.66, -2.00) | distance_from_uav=1.00 m
[INFO] [1790277352.225326656] [sage_mission_manager]: VALIDATED VIEWPOINT PUBLISHED
[INFO] [1790277352.424728141] [sage_mission_manager]: VIEWPOINT ACCEPTED | position=(-0.08, 2.66, -2.00) | distance_from_uav=0.67 m
[INFO] [1790277352.425360378] [sage_mission_manager]: VALIDATED VIEWPOINT PUBLISHED
[INFO] [1790277352.629806647] [sage_mission_manager]: VIEWPOINT ACCEPTED | position=(-0.08, 2.66, -2.00) | distance_from_uav=0.38 m
[INFO] [1790277352.632758660] [sage_mission_manager]: VALIDATED VIEWPOINT PUBLISHED
[INFO] [1790277352.830358106] [sage_mission_manager]: VIEWPOINT ACCEPTED | position=(-0.08, 2.66, -2.00) | distance_from_uav=0.16 m
[INFO] [1790277352.831237321] [sage_mission_manager]: VALIDATED VIEWPOINT PUBLISHED
[INFO] [1790277353.029215157] [sage_mission_manager]: VIEWPOINT ACCEPTED | position=(-0.52, 2.11, -2.00) | distance_from_uav=0.78 m
[INFO] [1790277353.029745719] [sage_mission_manager]: VALIDATED VIEWPOINT PUBLISHED
[INFO] [1790277353.240622794] [sage_mission_manager]: VIEWPOINT ACCEPTED | position=(-0.95, 1.56, -2.00) | distance_from_uav=1.57 m
[INFO] [1790277353.243723735] [sage_mission_manager]: VALIDATED VIEWPOINT PUBLISHED
[INFO] [1790277353.432846938] [sage_mission_manager]: VIEWPOINT ACCEPTED | position=(-1.38, 1.01, -2.00) | distance_from_uav=2.32 m
[INFO] [1790277353.438197005] [sage_mission_manager]: VALIDATED VIEWPOINT PUBLISHED
[INFO] [1790277353.625622432] [sage_mission_manager]: VIEWPOINT ACCEPTED | position=(-1.82, 0.46, -2.00) | distance_from_uav=3.03 m
[INFO] [1790277353.626346612] [sage_mission_manager]: VALIDATED VIEWPOINT PUBLISHED
[INFO] [1790277353.828197385] [sage_mission_manager]: VIEWPOINT ACCEPTED | position=(-2.25, -0.09, -2.00) | distance_from_uav=3.67 m
[INFO] [1790277353.829311368] [sage_mission_manager]: VALIDATED VIEWPOINT PUBLISHED
[INFO] [1790277354.027512187] [sage_mission_manager]: VIEWPOINT ACCEPTED | position=(-2.25, -0.09, -2.00) | distance_from_uav=3.54 m
[INFO] [1790277354.029736370] [sage_mission_manager]: VALIDATED VIEWPOINT PUBLISHED
[INFO] [1790277354.235413023] [sage_mission_manager]: VIEWPOINT ACCEPTED | position=(-2.25, -0.09, -2.00) | distance_from_uav=3.28 m
[INFO] [1790277354.236970256] [sage_mission_manager]: VALIDATED VIEWPOINT PUBLISHED
[INFO] [1790277354.429077875] [sage_mission_manager]: VIEWPOINT ACCEPTED | position=(-2.45, -0.34, -2.00) | distance_from_uav=3.28 m
[INFO] [1790277354.429966165] [sage_mission_manager]: VALIDATED VIEWPOINT PUBLISHED
[INFO] [1790277354.638978540] [sage_mission_manager]: VIEWPOINT ACCEPTED | position=(-2.45, -0.34, -2.00) | distance_from_uav=2.95 m
[INFO] [1790277354.643071861] [sage_mission_manager]: VALIDATED VIEWPOINT PUBLISHED
[INFO] [1790277354.826363098] [sage_mission_manager]: VIEWPOINT ACCEPTED | position=(-2.45, -0.34, -2.00) | distance_from_uav=2.61 m
[INFO] [1790277354.827082385] [sage_mission_manager]: VALIDATED VIEWPOINT PUBLISHED
[INFO] [1790277355.030387142] [sage_mission_manager]: VIEWPOINT ACCEPTED | position=(-2.45, -0.34, -2.00) | distance_from_uav=2.17 m
[INFO] [1790277355.031093923] [sage_mission_manager]: VALIDATED VIEWPOINT PUBLISHED
[INFO] [1790277355.227332112] [sage_mission_manager]: VIEWPOINT ACCEPTED | position=(-2.45, -0.34, -2.00) | distance_from_uav=1.74 m
[INFO] [1790277355.228096698] [sage_mission_manager]: VALIDATED VIEWPOINT PUBLISHED
[INFO] [1790277355.433011825] [sage_mission_manager]: VIEWPOINT ACCEPTED | position=(-2.45, -0.34, -2.00) | distance_from_uav=1.40 m
[INFO] [1790277355.433650636] [sage_mission_manager]: VALIDATED VIEWPOINT PUBLISHED
[INFO] [1790277355.627341962] [sage_mission_manager]: VIEWPOINT ACCEPTED | position=(-2.45, -0.34, -2.00) | distance_from_uav=1.10 m
[INFO] [1790277355.628178644] [sage_mission_manager]: VALIDATED VIEWPOINT PUBLISHED
[INFO] [1790277355.828804681] [sage_mission_manager]: VIEWPOINT ACCEPTED | position=(-2.45, -0.34, -2.00) | distance_from_uav=0.83 m
[INFO] [1790277355.830182538] [sage_mission_manager]: VALIDATED VIEWPOINT PUBLISHED
[INFO] [1790277356.034440338] [sage_mission_manager]: VIEWPOINT ACCEPTED | position=(-2.45, -0.34, -2.00) | distance_from_uav=0.61 m
[INFO] [1790277356.037833979] [sage_mission_manager]: VALIDATED VIEWPOINT PUBLISHED
[INFO] [1790277356.226860999] [sage_mission_manager]: VIEWPOINT ACCEPTED | position=(-2.45, -0.34, -2.00) | distance_from_uav=0.45 m
[INFO] [1790277356.227414701] [sage_mission_manager]: VALIDATED VIEWPOINT PUBLISHED
[INFO] [1790277356.435800975] [sage_mission_manager]: VIEWPOINT ACCEPTED | position=(-2.45, -0.34, -2.00) | distance_from_uav=0.29 m
[INFO] [1790277356.437034602] [sage_mission_manager]: VALIDATED VIEWPOINT PUBLISHED
[INFO] [1790277356.442068359] [sage_mission_manager]: VIEWPOINT ACCEPTED | position=(-2.45, -0.34, -2.00) | distance_from_uav=0.29 m
[INFO] [1790277356.445839869] [sage_mission_manager]: VALIDATED VIEWPOINT PUBLISHED
[INFO] [1790277356.634154837] [sage_mission_manager]: VIEWPOINT ACCEPTED | position=(-2.45, -0.34, -2.00) | distance_from_uav=0.19 m
[INFO] [1790277356.636825802] [sage_mission_manager]: VALIDATED VIEWPOINT PUBLISHED
[INFO] [1790277356.825188708] [sage_mission_manager]: VIEWPOINT ACCEPTED | position=(-2.45, -0.34, -2.00) | distance_from_uav=0.12 m
[INFO] [1790277356.825875298] [sage_mission_manager]: VALIDATED VIEWPOINT PUBLISHED
[INFO] [1790277357.027869345] [sage_mission_manager]: VIEWPOINT ACCEPTED | position=(-2.45, -0.34, -2.00) | distance_from_uav=0.07 m
[INFO] [1790277357.030494149] [sage_mission_manager]: VALIDATED VIEWPOINT PUBLISHED
[INFO] [1790277357.232758528] [sage_mission_manager]: VIEWPOINT ACCEPTED | position=(-2.45, -0.34, -2.00) | distance_from_uav=0.06 m
[INFO] [1790277357.233687177] [sage_mission_manager]: VALIDATED VIEWPOINT PUBLISHED
[INFO] [1790277357.430772296] [sage_mission_manager]: VIEWPOINT ACCEPTED | position=(-2.44, 0.36, -2.00) | distance_from_uav=0.76 m
[INFO] [1790277357.431590019] [sage_mission_manager]: VALIDATED VIEWPOINT PUBLISHED
[INFO] [1790277357.624173205] [sage_mission_manager]: VIEWPOINT ACCEPTED | position=(-2.43, 1.06, -2.00) | distance_from_uav=1.47 m
[INFO] [1790277357.625125107] [sage_mission_manager]: VALIDATED VIEWPOINT PUBLISHED
[INFO] [1790277357.833439068] [sage_mission_manager]: VIEWPOINT ACCEPTED | position=(-2.41, 1.76, -2.00) | distance_from_uav=2.18 m
[INFO] [1790277357.834041155] [sage_mission_manager]: VALIDATED VIEWPOINT PUBLISHED
[INFO] [1790277358.026830908] [sage_mission_manager]: VIEWPOINT ACCEPTED | position=(-2.40, 2.46, -2.00) | distance_from_uav=2.84 m
[INFO] [1790277358.027512317] [sage_mission_manager]: VALIDATED VIEWPOINT PUBLISHED
[INFO] [1790277358.228280383] [sage_mission_manager]: VIEWPOINT ACCEPTED | position=(-2.75, 3.07, -2.00) | distance_from_uav=3.37 m
[INFO] [1790277358.229117684] [sage_mission_manager]: VALIDATED VIEWPOINT PUBLISHED
[INFO] [1790277358.426690578] [sage_mission_manager]: VIEWPOINT ACCEPTED | position=(-2.75, 3.07, -2.00) | distance_from_uav=3.25 m
[INFO] [1790277358.427510585] [sage_mission_manager]: VALIDATED VIEWPOINT PUBLISHED
[INFO] [1790277358.626937538] [sage_mission_manager]: VIEWPOINT ACCEPTED | position=(-2.75, 3.07, -2.00) | distance_from_uav=3.06 m
[INFO] [1790277358.627627597] [sage_mission_manager]: VALIDATED VIEWPOINT PUBLISHED
[INFO] [1790277358.828770986] [sage_mission_manager]: VIEWPOINT ACCEPTED | position=(-3.10, 3.67, -2.00) | distance_from_uav=3.40 m
[INFO] [1790277358.830501007] [sage_mission_manager]: VALIDATED VIEWPOINT PUBLISHED
[INFO] [1790277359.033367151] [sage_mission_manager]: VIEWPOINT ACCEPTED | position=(-3.10, 3.67, -2.00) | distance_from_uav=3.05 m
[INFO] [1790277359.033887356] [sage_mission_manager]: VALIDATED VIEWPOINT PUBLISHED
[INFO] [1790277359.224559525] [sage_mission_manager]: VIEWPOINT ACCEPTED | position=(-3.45, 4.28, -2.00) | distance_from_uav=3.37 m
[INFO] [1790277359.228065932] [sage_mission_manager]: VALIDATED VIEWPOINT PUBLISHED
[INFO] [1790277359.438044418] [sage_mission_manager]: VIEWPOINT ACCEPTED | position=(-3.57, 4.48, -2.00) | distance_from_uav=3.16 m
[INFO] [1790277359.438788929] [sage_mission_manager]: VALIDATED VIEWPOINT PUBLISHED
[INFO] [1790277359.831460456] [sage_mission_manager]: VIEWPOINT ACCEPTED | position=(-2.40, 2.60, -2.00) | distance_from_uav=0.39 m
[INFO] [1790277359.835591104] [sage_mission_manager]: VALIDATED VIEWPOINT PUBLISHED
[INFO] [1790277360.025445834] [sage_mission_manager]: VIEWPOINT ACCEPTED | position=(-3.10, 2.64, -2.00) | distance_from_uav=0.43 m
[INFO] [1790277360.030779985] [sage_mission_manager]: VALIDATED VIEWPOINT PUBLISHED
[INFO] [1790277360.225823037] [sage_mission_manager]: VIEWPOINT ACCEPTED | position=(-2.22, 2.60, -2.00) | distance_from_uav=0.70 m
[INFO] [1790277360.226471651] [sage_mission_manager]: VALIDATED VIEWPOINT PUBLISHED
[INFO] [1790277360.426835613] [sage_mission_manager]: VIEWPOINT ACCEPTED | position=(-1.66, 2.18, -2.00) | distance_from_uav=1.65 m
[INFO] [1790277360.427880436] [sage_mission_manager]: VALIDATED VIEWPOINT PUBLISHED
[INFO] [1790277360.624969500] [sage_mission_manager]: VIEWPOINT ACCEPTED | position=(-1.10, 1.75, -2.00) | distance_from_uav=2.50 m
[INFO] [1790277360.625887305] [sage_mission_manager]: VALIDATED VIEWPOINT PUBLISHED
[INFO] [1790277360.828145480] [sage_mission_manager]: VIEWPOINT ACCEPTED | position=(-0.54, 1.33, -2.00) | distance_from_uav=3.24 m
[INFO] [1790277360.828892349] [sage_mission_manager]: VALIDATED VIEWPOINT PUBLISHED
[INFO] [1790277361.033657026] [sage_mission_manager]: VIEWPOINT ACCEPTED | position=(-0.54, 1.33, -2.00) | distance_from_uav=3.18 m
[INFO] [1790277361.034385879] [sage_mission_manager]: VALIDATED VIEWPOINT PUBLISHED
[INFO] [1790277361.227131652] [sage_mission_manager]: VIEWPOINT ACCEPTED | position=(-0.54, 1.33, -2.00) | distance_from_uav=3.01 m
[INFO] [1790277361.227994970] [sage_mission_manager]: VALIDATED VIEWPOINT PUBLISHED
[INFO] [1790277361.442333432] [sage_mission_manager]: VIEWPOINT ACCEPTED | position=(0.01, 0.91, -2.00) | distance_from_uav=3.43 m
[INFO] [1790277361.445837791] [sage_mission_manager]: VALIDATED VIEWPOINT PUBLISHED
[INFO] [1790277361.641734628] [sage_mission_manager]: VIEWPOINT ACCEPTED | position=(0.01, 0.91, -2.00) | distance_from_uav=3.11 m
[INFO] [1790277361.642820326] [sage_mission_manager]: VALIDATED VIEWPOINT PUBLISHED
[INFO] [1790277361.826050508] [sage_mission_manager]: VIEWPOINT ACCEPTED | position=(0.57, 0.48, -2.00) | distance_from_uav=3.56 m
[INFO] [1790277361.826864914] [sage_mission_manager]: VALIDATED VIEWPOINT PUBLISHED
[INFO] [1790277362.027846749] [sage_mission_manager]: VIEWPOINT ACCEPTED | position=(0.57, 0.48, -2.00) | distance_from_uav=3.21 m
[INFO] [1790277362.028445894] [sage_mission_manager]: VALIDATED VIEWPOINT PUBLISHED
[INFO] [1790277362.226502538] [sage_mission_manager]: VIEWPOINT ACCEPTED | position=(1.13, 0.06, -2.00) | distance_from_uav=3.58 m
[INFO] [1790277362.227266650] [sage_mission_manager]: VALIDATED VIEWPOINT PUBLISHED
[INFO] [1790277362.438147978] [sage_mission_manager]: VIEWPOINT ACCEPTED | position=(1.13, 0.06, -2.00) | distance_from_uav=3.24 m
[INFO] [1790277362.439888502] [sage_mission_manager]: VALIDATED VIEWPOINT PUBLISHED
[INFO] [1790277362.637594682] [sage_mission_manager]: VIEWPOINT ACCEPTED | position=(1.69, -0.36, -2.00) | distance_from_uav=3.57 m
[INFO] [1790277362.638356640] [sage_mission_manager]: VALIDATED VIEWPOINT PUBLISHED
[INFO] [1790277362.827206329] [sage_mission_manager]: VIEWPOINT ACCEPTED | position=(1.69, -0.36, -2.00) | distance_from_uav=3.25 m
[INFO] [1790277362.829838185] [sage_mission_manager]: VALIDATED VIEWPOINT PUBLISHED
[INFO] [1790277363.037054317] [sage_mission_manager]: VIEWPOINT ACCEPTED | position=(2.25, -0.79, -2.00) | distance_from_uav=3.56 m
[INFO] [1790277363.037879737] [sage_mission_manager]: VALIDATED VIEWPOINT PUBLISHED
[INFO] [1790277363.228311480] [sage_mission_manager]: VIEWPOINT ACCEPTED | position=(2.25, -0.79, -2.00) | distance_from_uav=3.12 m
[INFO] [1790277363.229009725] [sage_mission_manager]: VALIDATED VIEWPOINT PUBLISHED
[INFO] [1790277363.426439718] [sage_mission_manager]: VIEWPOINT ACCEPTED | position=(2.80, -1.21, -2.00) | distance_from_uav=3.44 m
[INFO] [1790277363.427119104] [sage_mission_manager]: VALIDATED VIEWPOINT PUBLISHED
[INFO] [1790277363.627407637] [sage_mission_manager]: VIEWPOINT ACCEPTED | position=(2.80, -1.21, -2.00) | distance_from_uav=3.04 m
[INFO] [1790277363.628140327] [sage_mission_manager]: VALIDATED VIEWPOINT PUBLISHED
[INFO] [1790277363.826033593] [sage_mission_manager]: VIEWPOINT ACCEPTED | position=(3.36, -1.63, -2.00) | distance_from_uav=3.33 m
[INFO] [1790277363.828617737] [sage_mission_manager]: VALIDATED VIEWPOINT PUBLISHED
[INFO] [1790277364.036777766] [sage_mission_manager]: VIEWPOINT ACCEPTED | position=(3.92, -2.05, -2.00) | distance_from_uav=3.62 m
[INFO] [1790277364.037776055] [sage_mission_manager]: VALIDATED VIEWPOINT PUBLISHED
[INFO] [1790277364.226103383] [sage_mission_manager]: VIEWPOINT ACCEPTED | position=(3.92, -2.05, -2.00) | distance_from_uav=3.22 m
[INFO] [1790277364.226785534] [sage_mission_manager]: VALIDATED VIEWPOINT PUBLISHED
[INFO] [1790277364.432350893] [sage_mission_manager]: VIEWPOINT ACCEPTED | position=(4.48, -2.48, -2.00) | distance_from_uav=3.54 m
[INFO] [1790277364.438289763] [sage_mission_manager]: VALIDATED VIEWPOINT PUBLISHED
[INFO] [1790277364.627099963] [sage_mission_manager]: VIEWPOINT ACCEPTED | position=(4.48, -2.48, -2.00) | distance_from_uav=3.06 m
[INFO] [1790277364.627964947] [sage_mission_manager]: VALIDATED VIEWPOINT PUBLISHED
[INFO] [1790277364.835308083] [sage_mission_manager]: VIEWPOINT ACCEPTED | position=(5.03, -2.90, -2.00) | distance_from_uav=3.29 m
[INFO] [1790277364.840101353] [sage_mission_manager]: VALIDATED VIEWPOINT PUBLISHED
[INFO] [1790277365.028820746] [sage_mission_manager]: VIEWPOINT ACCEPTED | position=(5.59, -3.32, -2.00) | distance_from_uav=3.60 m
[INFO] [1790277365.029435377] [sage_mission_manager]: VALIDATED VIEWPOINT PUBLISHED
[INFO] [1790277365.226218089] [sage_mission_manager]: VIEWPOINT ACCEPTED | position=(5.59, -3.32, -2.00) | distance_from_uav=3.11 m
[INFO] [1790277365.227987943] [sage_mission_manager]: VALIDATED VIEWPOINT PUBLISHED
[INFO] [1790277365.424231766] [sage_mission_manager]: VIEWPOINT ACCEPTED | position=(5.64, -3.36, -2.00) | distance_from_uav=2.76 m
[INFO] [1790277365.429199973] [sage_mission_manager]: VALIDATED VIEWPOINT PUBLISHED
[INFO] [1790277365.627625483] [sage_mission_manager]: VIEWPOINT ACCEPTED | position=(5.64, -3.36, -2.00) | distance_from_uav=2.32 m
[INFO] [1790277365.628402042] [sage_mission_manager]: VALIDATED VIEWPOINT PUBLISHED
[INFO] [1790277365.828298387] [sage_mission_manager]: VIEWPOINT ACCEPTED | position=(5.64, -3.36, -2.00) | distance_from_uav=1.92 m
[INFO] [1790277365.829269486] [sage_mission_manager]: VALIDATED VIEWPOINT PUBLISHED
[INFO] [1790277366.029752901] [sage_mission_manager]: VIEWPOINT ACCEPTED | position=(5.64, -3.36, -2.00) | distance_from_uav=1.52 m
[INFO] [1790277366.030970570] [sage_mission_manager]: VALIDATED VIEWPOINT PUBLISHED
[INFO] [1790277366.228253364] [sage_mission_manager]: VIEWPOINT ACCEPTED | position=(5.64, -3.36, -2.00) | distance_from_uav=1.20 m
[INFO] [1790277366.229179370] [sage_mission_manager]: VALIDATED VIEWPOINT PUBLISHED
[INFO] [1790277366.430003703] [sage_mission_manager]: VIEWPOINT ACCEPTED | position=(5.64, -3.36, -2.00) | distance_from_uav=0.88 m
[INFO] [1790277366.434199599] [sage_mission_manager]: VALIDATED VIEWPOINT PUBLISHED
[INFO] [1790277366.624424593] [sage_mission_manager]: VIEWPOINT ACCEPTED | position=(5.64, -3.36, -2.00) | distance_from_uav=0.64 m
[INFO] [1790277366.624977152] [sage_mission_manager]: VALIDATED VIEWPOINT PUBLISHED
[INFO] [1790277366.829358498] [sage_mission_manager]: VIEWPOINT ACCEPTED | position=(5.64, -3.36, -2.00) | distance_from_uav=0.44 m
[INFO] [1790277366.830075156] [sage_mission_manager]: VALIDATED VIEWPOINT PUBLISHED
[INFO] [1790277367.031702164] [sage_mission_manager]: VIEWPOINT ACCEPTED | position=(5.64, -3.36, -2.00) | distance_from_uav=0.26 m
[INFO] [1790277367.037121954] [sage_mission_manager]: VALIDATED VIEWPOINT PUBLISHED
[INFO] [1790277367.227592546] [sage_mission_manager]: VIEWPOINT ACCEPTED | position=(5.03, -3.02, -2.00) | distance_from_uav=0.59 m
[INFO] [1790277367.230967663] [sage_mission_manager]: VALIDATED VIEWPOINT PUBLISHED
[INFO] [1790277367.426088686] [sage_mission_manager]: VIEWPOINT ACCEPTED | position=(4.42, -2.68, -2.00) | distance_from_uav=1.39 m
[INFO] [1790277367.426595589] [sage_mission_manager]: VALIDATED VIEWPOINT PUBLISHED
[INFO] [1790277367.637322527] [sage_mission_manager]: VIEWPOINT ACCEPTED | position=(4.32, -2.63, -2.00) | distance_from_uav=1.59 m
[INFO] [1790277367.638264716] [sage_mission_manager]: VALIDATED VIEWPOINT PUBLISHED
[INFO] [1790277367.826322464] [sage_mission_manager]: VIEWPOINT ACCEPTED | position=(4.32, -2.63, -2.00) | distance_from_uav=1.60 m
[INFO] [1790277367.827099581] [sage_mission_manager]: VALIDATED VIEWPOINT PUBLISHED
[INFO] [1790277368.028237790] [sage_mission_manager]: VIEWPOINT ACCEPTED | position=(4.32, -2.63, -2.00) | distance_from_uav=1.53 m
[INFO] [1790277368.031806120] [sage_mission_manager]: VALIDATED VIEWPOINT PUBLISHED
[INFO] [1790277368.237398362] [sage_mission_manager]: VIEWPOINT ACCEPTED | position=(4.32, -2.63, -2.00) | distance_from_uav=1.37 m
[INFO] [1790277368.240611384] [sage_mission_manager]: VALIDATED VIEWPOINT PUBLISHED
[INFO] [1790277368.425816410] [sage_mission_manager]: VIEWPOINT ACCEPTED | position=(4.32, -2.63, -2.00) | distance_from_uav=1.22 m
[INFO] [1790277368.426435498] [sage_mission_manager]: VALIDATED VIEWPOINT PUBLISHED
[INFO] [1790277368.625668766] [sage_mission_manager]: VIEWPOINT ACCEPTED | position=(4.32, -2.63, -2.00) | distance_from_uav=1.09 m
[INFO] [1790277368.626244708] [sage_mission_manager]: VALIDATED VIEWPOINT PUBLISHED
[INFO] [1790277368.841948708] [sage_mission_manager]: VIEWPOINT ACCEPTED | position=(4.32, -2.63, -2.00) | distance_from_uav=0.86 m
[INFO] [1790277368.843224715] [sage_mission_manager]: VALIDATED VIEWPOINT PUBLISHED
[INFO] [1790277369.029359810] [sage_mission_manager]: VIEWPOINT ACCEPTED | position=(4.32, -2.63, -2.00) | distance_from_uav=0.68 m
[INFO] [1790277369.030133175] [sage_mission_manager]: VALIDATED VIEWPOINT PUBLISHED
[INFO] [1790277369.227038284] [sage_mission_manager]: VIEWPOINT ACCEPTED | position=(4.32, -2.63, -2.00) | distance_from_uav=0.53 m
[INFO] [1790277369.227846119] [sage_mission_manager]: VALIDATED VIEWPOINT PUBLISHED
[INFO] [1790277369.424135982] [sage_mission_manager]: VIEWPOINT ACCEPTED | position=(4.32, -2.63, -2.00) | distance_from_uav=0.39 m
[INFO] [1790277369.424881661] [sage_mission_manager]: VALIDATED VIEWPOINT PUBLISHED
[INFO] [1790277369.634522008] [sage_mission_manager]: VIEWPOINT ACCEPTED | position=(4.32, -2.63, -2.00) | distance_from_uav=0.28 m
[INFO] [1790277369.635464311] [sage_mission_manager]: VALIDATED VIEWPOINT PUBLISHED
[INFO] [1790277369.823883258] [sage_mission_manager]: VIEWPOINT ACCEPTED | position=(3.96, -3.23, -2.00) | distance_from_uav=0.86 m
[INFO] [1790277369.826379651] [sage_mission_manager]: VALIDATED VIEWPOINT PUBLISHED
[INFO] [1790277370.029307996] [sage_mission_manager]: VIEWPOINT ACCEPTED | position=(3.61, -3.83, -2.00) | distance_from_uav=1.54 m
[INFO] [1790277370.030394844] [sage_mission_manager]: VALIDATED VIEWPOINT PUBLISHED
[INFO] [1790277370.227532150] [sage_mission_manager]: VIEWPOINT ACCEPTED | position=(3.25, -4.44, -2.00) | distance_from_uav=2.22 m
[INFO] [1790277370.228440832] [sage_mission_manager]: VALIDATED VIEWPOINT PUBLISHED
[INFO] [1790277370.424420772] [sage_mission_manager]: VIEWPOINT ACCEPTED | position=(2.90, -5.04, -2.00) | distance_from_uav=2.87 m
[INFO] [1790277370.425821651] [sage_mission_manager]: VALIDATED VIEWPOINT PUBLISHED
[INFO] [1790277370.634995759] [sage_mission_manager]: VIEWPOINT ACCEPTED | position=(2.55, -5.63, -2.00) | distance_from_uav=3.44 m
[INFO] [1790277370.635585798] [sage_mission_manager]: VALIDATED VIEWPOINT PUBLISHED
[INFO] [1790277370.825663091] [sage_mission_manager]: VIEWPOINT ACCEPTED | position=(2.55, -5.63, -2.00) | distance_from_uav=3.30 m
[INFO] [1790277370.826366482] [sage_mission_manager]: VALIDATED VIEWPOINT PUBLISHED
[INFO] [1790277371.029689052] [sage_mission_manager]: VIEWPOINT ACCEPTED | position=(2.55, -5.63, -2.00) | distance_from_uav=3.06 m
[INFO] [1790277371.031678068] [sage_mission_manager]: VALIDATED VIEWPOINT PUBLISHED
[INFO] [1790277371.233458347] [sage_mission_manager]: VIEWPOINT ACCEPTED | position=(2.55, -5.63, -2.00) | distance_from_uav=2.70 m
[INFO] [1790277371.236587112] [sage_mission_manager]: VALIDATED VIEWPOINT PUBLISHED
[INFO] [1790277371.424351454] [sage_mission_manager]: VIEWPOINT ACCEPTED | position=(2.55, -5.63, -2.00) | distance_from_uav=2.35 m
[INFO] [1790277371.425381048] [sage_mission_manager]: VALIDATED VIEWPOINT PUBLISHED
[INFO] [1790277371.627549244] [sage_mission_manager]: VIEWPOINT ACCEPTED | position=(2.55, -5.63, -2.00) | distance_from_uav=1.98 m
[INFO] [1790277371.628309925] [sage_mission_manager]: VALIDATED VIEWPOINT PUBLISHED
[INFO] [1790277371.832545485] [sage_mission_manager]: VIEWPOINT ACCEPTED | position=(2.55, -5.63, -2.00) | distance_from_uav=1.59 m
[INFO] [1790277371.836601331] [sage_mission_manager]: VALIDATED VIEWPOINT PUBLISHED
[INFO] [1790277372.238410479] [sage_mission_manager]: VIEWPOINT ACCEPTED | position=(2.70, -4.03, -2.00) | distance_from_uav=0.70 m
[INFO] [1790277372.243654431] [sage_mission_manager]: VALIDATED VIEWPOINT PUBLISHED
[INFO] [1790277372.426559720] [sage_mission_manager]: VIEWPOINT ACCEPTED | position=(2.60, -3.40, -2.00) | distance_from_uav=1.53 m
[INFO] [1790277372.427433322] [sage_mission_manager]: VALIDATED VIEWPOINT PUBLISHED
[INFO] [1790277372.639521974] [sage_mission_manager]: VIEWPOINT ACCEPTED | position=(2.57, -4.42, -2.00) | distance_from_uav=0.71 m
[INFO] [1790277372.644713779] [sage_mission_manager]: VALIDATED VIEWPOINT PUBLISHED
[INFO] [1790277372.838310193] [sage_mission_manager]: VIEWPOINT ACCEPTED | position=(2.59, -3.72, -2.00) | distance_from_uav=1.53 m
[INFO] [1790277372.838876308] [sage_mission_manager]: VALIDATED VIEWPOINT PUBLISHED
[INFO] [1790277373.036784162] [sage_mission_manager]: VIEWPOINT ACCEPTED | position=(2.60, -3.40, -2.00) | distance_from_uav=1.87 m
[INFO] [1790277373.038289833] [sage_mission_manager]: VALIDATED VIEWPOINT PUBLISHED
[INFO] [1790277373.230511744] [sage_mission_manager]: VIEWPOINT ACCEPTED | position=(2.15, -2.86, -2.00) | distance_from_uav=2.37 m
[INFO] [1790277373.231112054] [sage_mission_manager]: VALIDATED VIEWPOINT PUBLISHED
[INFO] [1790277373.430131631] [sage_mission_manager]: VIEWPOINT ACCEPTED | position=(1.70, -2.32, -2.00) | distance_from_uav=2.85 m
[INFO] [1790277373.430850597] [sage_mission_manager]: VALIDATED VIEWPOINT PUBLISHED
[INFO] [1790277373.636643174] [sage_mission_manager]: VIEWPOINT ACCEPTED | position=(1.26, -1.79, -2.00) | distance_from_uav=3.31 m
[INFO] [1790277373.637500702] [sage_mission_manager]: VALIDATED VIEWPOINT PUBLISHED
[INFO] [1790277373.827530397] [sage_mission_manager]: VIEWPOINT ACCEPTED | position=(1.26, -1.79, -2.00) | distance_from_uav=3.09 m
[INFO] [1790277373.828126628] [sage_mission_manager]: VALIDATED VIEWPOINT PUBLISHED
[INFO] [1790277374.038185862] [sage_mission_manager]: VIEWPOINT ACCEPTED | position=(0.81, -1.25, -2.00) | distance_from_uav=3.45 m
[INFO] [1790277374.038731061] [sage_mission_manager]: VALIDATED VIEWPOINT PUBLISHED
[INFO] [1790277374.227356401] [sage_mission_manager]: VIEWPOINT ACCEPTED | position=(0.81, -1.25, -2.00) | distance_from_uav=3.17 m
[INFO] [1790277374.229962156] [sage_mission_manager]: VALIDATED VIEWPOINT PUBLISHED
[INFO] [1790277374.431783507] [sage_mission_manager]: VIEWPOINT ACCEPTED | position=(0.36, -0.71, -2.00) | distance_from_uav=3.49 m
[INFO] [1790277374.432346879] [sage_mission_manager]: VALIDATED VIEWPOINT PUBLISHED
[INFO] [1790277374.629874673] [sage_mission_manager]: VIEWPOINT ACCEPTED | position=(0.36, -0.71, -2.00) | distance_from_uav=3.09 m
[INFO] [1790277374.630458511] [sage_mission_manager]: VALIDATED VIEWPOINT PUBLISHED
[INFO] [1790277374.829031889] [sage_mission_manager]: VIEWPOINT ACCEPTED | position=(-0.11, -0.19, -2.00) | distance_from_uav=3.41 m
[INFO] [1790277374.829789325] [sage_mission_manager]: VALIDATED VIEWPOINT PUBLISHED
[INFO] [1790277375.033657703] [sage_mission_manager]: VIEWPOINT ACCEPTED | position=(-0.57, 0.34, -2.00) | distance_from_uav=3.62 m
[INFO] [1790277375.035347643] [sage_mission_manager]: VALIDATED VIEWPOINT PUBLISHED
[INFO] [1790277375.234203182] [sage_mission_manager]: VIEWPOINT ACCEPTED | position=(-0.57, 0.34, -2.00) | distance_from_uav=3.20 m
[INFO] [1790277375.239165720] [sage_mission_manager]: VALIDATED VIEWPOINT PUBLISHED
[INFO] [1790277375.432442879] [sage_mission_manager]: VIEWPOINT ACCEPTED | position=(-1.03, 0.86, -2.00) | distance_from_uav=3.48 m
[INFO] [1790277375.433240857] [sage_mission_manager]: VALIDATED VIEWPOINT PUBLISHED
[INFO] [1790277375.632919036] [sage_mission_manager]: VIEWPOINT ACCEPTED | position=(-1.03, 0.86, -2.00) | distance_from_uav=3.13 m
[INFO] [1790277375.637573098] [sage_mission_manager]: VALIDATED VIEWPOINT PUBLISHED
[INFO] [1790277375.828292831] [sage_mission_manager]: VIEWPOINT ACCEPTED | position=(-1.50, 1.38, -2.00) | distance_from_uav=3.38 m
[INFO] [1790277375.834227135] [sage_mission_manager]: VALIDATED VIEWPOINT PUBLISHED
[INFO] [1790277376.035406313] [sage_mission_manager]: VIEWPOINT ACCEPTED | position=(-1.96, 1.91, -2.00) | distance_from_uav=3.70 m
[INFO] [1790277376.036035202] [sage_mission_manager]: VALIDATED VIEWPOINT PUBLISHED
[INFO] [1790277376.229624040] [sage_mission_manager]: VIEWPOINT ACCEPTED | position=(-1.96, 1.91, -2.00) | distance_from_uav=3.33 m
[INFO] [1790277376.230206906] [sage_mission_manager]: VALIDATED VIEWPOINT PUBLISHED
[INFO] [1790277376.438069678] [sage_mission_manager]: VIEWPOINT ACCEPTED | position=(-2.43, 2.43, -2.00) | distance_from_uav=3.62 m
[INFO] [1790277376.438850105] [sage_mission_manager]: VALIDATED VIEWPOINT PUBLISHED
[INFO] [1790277376.629189386] [sage_mission_manager]: VIEWPOINT ACCEPTED | position=(-2.43, 2.43, -2.00) | distance_from_uav=3.28 m
[INFO] [1790277376.629755448] [sage_mission_manager]: VALIDATED VIEWPOINT PUBLISHED
[INFO] [1790277376.827569265] [sage_mission_manager]: VIEWPOINT ACCEPTED | position=(-2.89, 2.95, -2.00) | distance_from_uav=3.63 m
[INFO] [1790277376.830041013] [sage_mission_manager]: VALIDATED VIEWPOINT PUBLISHED
[INFO] [1790277377.031658052] [sage_mission_manager]: VIEWPOINT ACCEPTED | position=(-2.89, 2.95, -2.00) | distance_from_uav=3.24 m
[INFO] [1790277377.033632799] [sage_mission_manager]: VALIDATED VIEWPOINT PUBLISHED
[INFO] [1790277377.235324260] [sage_mission_manager]: VIEWPOINT ACCEPTED | position=(-3.36, 3.48, -2.00) | distance_from_uav=3.60 m
[INFO] [1790277377.241558442] [sage_mission_manager]: VALIDATED VIEWPOINT PUBLISHED
[INFO] [1790277377.428511191] [sage_mission_manager]: VIEWPOINT ACCEPTED | position=(-3.36, 3.48, -2.00) | distance_from_uav=3.19 m
[INFO] [1790277377.430433125] [sage_mission_manager]: VALIDATED VIEWPOINT PUBLISHED
[INFO] [1790277377.626255521] [sage_mission_manager]: VIEWPOINT ACCEPTED | position=(-3.82, 4.00, -2.00) | distance_from_uav=3.52 m
[INFO] [1790277377.630128660] [sage_mission_manager]: VALIDATED VIEWPOINT PUBLISHED
[INFO] [1790277377.831143061] [sage_mission_manager]: VIEWPOINT ACCEPTED | position=(-3.82, 4.00, -2.00) | distance_from_uav=3.18 m
[INFO] [1790277377.831910680] [sage_mission_manager]: VALIDATED VIEWPOINT PUBLISHED
[INFO] [1790277378.030635619] [sage_mission_manager]: VIEWPOINT ACCEPTED | position=(-4.29, 4.52, -2.00) | distance_from_uav=3.44 m
[INFO] [1790277378.032734703] [sage_mission_manager]: VALIDATED VIEWPOINT PUBLISHED
[INFO] [1790277378.224201550] [sage_mission_manager]: VIEWPOINT ACCEPTED | position=(-4.29, 4.52, -2.00) | distance_from_uav=3.04 m
[INFO] [1790277378.225076480] [sage_mission_manager]: VALIDATED VIEWPOINT PUBLISHED
[INFO] [1790277378.424795983] [sage_mission_manager]: VIEWPOINT ACCEPTED | position=(-4.75, 5.05, -2.00) | distance_from_uav=3.39 m
[INFO] [1790277378.425594861] [sage_mission_manager]: VALIDATED VIEWPOINT PUBLISHED
[INFO] [1790277378.628148808] [sage_mission_manager]: VIEWPOINT ACCEPTED | position=(-4.75, 5.05, -2.00) | distance_from_uav=2.98 m
[INFO] [1790277378.628906243] [sage_mission_manager]: VALIDATED VIEWPOINT PUBLISHED
[INFO] [1790277378.829190461] [sage_mission_manager]: VIEWPOINT ACCEPTED | position=(-5.22, 5.57, -2.00) | distance_from_uav=3.32 m
[INFO] [1790277378.830117143] [sage_mission_manager]: VALIDATED VIEWPOINT PUBLISHED
[INFO] [1790277379.026269473] [sage_mission_manager]: VIEWPOINT ACCEPTED | position=(-5.68, 6.10, -2.00) | distance_from_uav=3.66 m
[INFO] [1790277379.027029113] [sage_mission_manager]: VALIDATED VIEWPOINT PUBLISHED
[INFO] [1790277379.232516875] [sage_mission_manager]: VIEWPOINT ACCEPTED | position=(-5.68, 6.10, -2.00) | distance_from_uav=3.31 m
[INFO] [1790277379.234732709] [sage_mission_manager]: VALIDATED VIEWPOINT PUBLISHED
[INFO] [1790277379.430447941] [sage_mission_manager]: VIEWPOINT ACCEPTED | position=(-6.15, 6.62, -2.00) | distance_from_uav=3.61 m
[INFO] [1790277379.431046138] [sage_mission_manager]: VALIDATED VIEWPOINT PUBLISHED
[INFO] [1790277379.625198345] [sage_mission_manager]: VIEWPOINT ACCEPTED | position=(-6.15, 6.62, -2.00) | distance_from_uav=3.28 m
[INFO] [1790277379.625778147] [sage_mission_manager]: VALIDATED VIEWPOINT PUBLISHED
[INFO] [1790277379.827840898] [sage_mission_manager]: VIEWPOINT ACCEPTED | position=(-6.61, 7.14, -2.00) | distance_from_uav=3.59 m
[INFO] [1790277379.829193215] [sage_mission_manager]: VALIDATED VIEWPOINT PUBLISHED
[INFO] [1790277380.033878999] [sage_mission_manager]: VIEWPOINT ACCEPTED | position=(-6.61, 7.14, -2.00) | distance_from_uav=3.19 m
[INFO] [1790277380.037127534] [sage_mission_manager]: VALIDATED VIEWPOINT PUBLISHED
[INFO] [1790277380.223231919] [sage_mission_manager]: VIEWPOINT ACCEPTED | position=(-7.07, 7.67, -2.00) | distance_from_uav=3.43 m
[INFO] [1790277380.225198595] [sage_mission_manager]: VALIDATED VIEWPOINT PUBLISHED
[INFO] [1790277380.426210907] [sage_mission_manager]: VIEWPOINT ACCEPTED | position=(-7.07, 7.67, -2.00) | distance_from_uav=3.01 m
[INFO] [1790277380.426747854] [sage_mission_manager]: VALIDATED VIEWPOINT PUBLISHED
[INFO] [1790277380.627243576] [sage_mission_manager]: VIEWPOINT ACCEPTED | position=(-7.54, 8.19, -2.00) | distance_from_uav=3.30 m
[INFO] [1790277380.630319812] [sage_mission_manager]: VALIDATED VIEWPOINT PUBLISHED
[INFO] [1790277380.833726812] [sage_mission_manager]: VIEWPOINT ACCEPTED | position=(-8.00, 8.71, -2.00) | distance_from_uav=3.61 m
[INFO] [1790277380.837912420] [sage_mission_manager]: VALIDATED VIEWPOINT PUBLISHED
[INFO] [1790277381.031923275] [sage_mission_manager]: VIEWPOINT ACCEPTED | position=(-8.00, 8.71, -2.00) | distance_from_uav=3.19 m
[INFO] [1790277381.036395847] [sage_mission_manager]: VALIDATED VIEWPOINT PUBLISHED
[INFO] [1790277381.230200715] [sage_mission_manager]: VIEWPOINT ACCEPTED | position=(-8.47, 9.24, -2.00) | distance_from_uav=3.45 m
[INFO] [1790277381.230743342] [sage_mission_manager]: VALIDATED VIEWPOINT PUBLISHED
[INFO] [1790277381.427660379] [sage_mission_manager]: VIEWPOINT ACCEPTED | position=(-8.47, 9.24, -2.00) | distance_from_uav=3.05 m
[INFO] [1790277381.428216239] [sage_mission_manager]: VALIDATED VIEWPOINT PUBLISHED
[INFO] [1790277381.625530806] [sage_mission_manager]: VIEWPOINT ACCEPTED | position=(-8.93, 9.76, -2.00) | distance_from_uav=3.35 m
[INFO] [1790277381.626068221] [sage_mission_manager]: VALIDATED VIEWPOINT PUBLISHED
[INFO] [1790277381.826767795] [sage_mission_manager]: VIEWPOINT ACCEPTED | position=(-9.40, 10.28, -2.00) | distance_from_uav=3.63 m
[INFO] [1790277381.827307066] [sage_mission_manager]: VALIDATED VIEWPOINT PUBLISHED
[INFO] [1790277382.024356022] [sage_mission_manager]: VIEWPOINT ACCEPTED | position=(-9.40, 10.28, -2.00) | distance_from_uav=3.20 m
[INFO] [1790277382.024986178] [sage_mission_manager]: VALIDATED VIEWPOINT PUBLISHED
[INFO] [1790277382.226875642] [sage_mission_manager]: VIEWPOINT ACCEPTED | position=(-9.77, 10.70, -2.00) | distance_from_uav=3.30 m
[INFO] [1790277382.227620630] [sage_mission_manager]: VALIDATED VIEWPOINT PUBLISHED
[INFO] [1790277382.430333265] [sage_mission_manager]: VIEWPOINT ACCEPTED | position=(-9.77, 10.70, -2.00) | distance_from_uav=2.86 m
[INFO] [1790277382.431064975] [sage_mission_manager]: VALIDATED VIEWPOINT PUBLISHED
[INFO] [1790277382.626263109] [sage_mission_manager]: VIEWPOINT ACCEPTED | position=(-9.77, 10.70, -2.00) | distance_from_uav=2.42 m
[INFO] [1790277382.628511461] [sage_mission_manager]: VALIDATED VIEWPOINT PUBLISHED
[INFO] [1790277382.829016885] [sage_mission_manager]: VIEWPOINT ACCEPTED | position=(-9.77, 10.70, -2.00) | distance_from_uav=1.94 m
[INFO] [1790277382.832766420] [sage_mission_manager]: VALIDATED VIEWPOINT PUBLISHED
[INFO] [1790277383.028777666] [sage_mission_manager]: VIEWPOINT ACCEPTED | position=(-9.77, 10.70, -2.00) | distance_from_uav=1.57 m
[INFO] [1790277383.029465374] [sage_mission_manager]: VALIDATED VIEWPOINT PUBLISHED
[INFO] [1790277383.233463004] [sage_mission_manager]: VIEWPOINT ACCEPTED | position=(-9.77, 10.70, -2.00) | distance_from_uav=1.23 m
[INFO] [1790277383.237066408] [sage_mission_manager]: VALIDATED VIEWPOINT PUBLISHED
[INFO] [1790277383.425417175] [sage_mission_manager]: VIEWPOINT ACCEPTED | position=(-9.77, 10.70, -2.00) | distance_from_uav=0.94 m
[INFO] [1790277383.425951786] [sage_mission_manager]: VALIDATED VIEWPOINT PUBLISHED
[INFO] [1790277383.627327780] [sage_mission_manager]: VIEWPOINT ACCEPTED | position=(-9.77, 10.70, -2.00) | distance_from_uav=0.68 m
[INFO] [1790277383.628325022] [sage_mission_manager]: VALIDATED VIEWPOINT PUBLISHED
[INFO] [1790277383.825830571] [sage_mission_manager]: VIEWPOINT ACCEPTED | position=(-9.77, 10.70, -2.00) | distance_from_uav=0.43 m
[INFO] [1790277383.826618662] [sage_mission_manager]: VALIDATED VIEWPOINT PUBLISHED
[INFO] [1790277384.027853823] [sage_mission_manager]: VIEWPOINT ACCEPTED | position=(-9.77, 10.70, -2.00) | distance_from_uav=0.23 m
[INFO] [1790277384.028723354] [sage_mission_manager]: VALIDATED VIEWPOINT PUBLISHED
[INFO] [1790277384.225768966] [sage_mission_manager]: VIEWPOINT ACCEPTED | position=(-10.20, 11.26, -2.00) | distance_from_uav=0.75 m
[INFO] [1790277384.228149871] [sage_mission_manager]: VALIDATED VIEWPOINT PUBLISHED
[INFO] [1790277384.427492965] [sage_mission_manager]: VIEWPOINT ACCEPTED | position=(-10.62, 11.81, -2.00) | distance_from_uav=1.32 m
[INFO] [1790277384.429321603] [sage_mission_manager]: VALIDATED VIEWPOINT PUBLISHED
[INFO] [1790277384.634641729] [sage_mission_manager]: VIEWPOINT ACCEPTED | position=(-11.05, 12.37, -2.00) | distance_from_uav=1.93 m
[INFO] [1790277384.638556719] [sage_mission_manager]: VALIDATED VIEWPOINT PUBLISHED
[INFO] [1790277384.825507795] [sage_mission_manager]: VIEWPOINT ACCEPTED | position=(-11.48, 12.92, -2.00) | distance_from_uav=2.55 m
[INFO] [1790277384.826103554] [sage_mission_manager]: VALIDATED VIEWPOINT PUBLISHED
[INFO] [1790277385.036358590] [sage_mission_manager]: VIEWPOINT ACCEPTED | position=(-11.76, 13.29, -2.00) | distance_from_uav=2.89 m
[INFO] [1790277385.037114025] [sage_mission_manager]: VALIDATED VIEWPOINT PUBLISHED
[INFO] [1790277385.226845621] [sage_mission_manager]: VIEWPOINT ACCEPTED | position=(-11.76, 13.29, -2.00) | distance_from_uav=2.72 m
[INFO] [1790277385.228960232] [sage_mission_manager]: VALIDATED VIEWPOINT PUBLISHED
[INFO] [1790277385.427143568] [sage_mission_manager]: VIEWPOINT ACCEPTED | position=(-11.76, 13.29, -2.00) | distance_from_uav=2.48 m
[INFO] [1790277385.428473294] [sage_mission_manager]: VALIDATED VIEWPOINT PUBLISHED
[INFO] [1790277385.625586225] [sage_mission_manager]: VIEWPOINT ACCEPTED | position=(-11.76, 13.29, -2.00) | distance_from_uav=2.14 m
[INFO] [1790277385.630368333] [sage_mission_manager]: VALIDATED VIEWPOINT PUBLISHED
[INFO] [1790277385.832225089] [sage_mission_manager]: VIEWPOINT ACCEPTED | position=(-11.76, 13.29, -2.00) | distance_from_uav=1.83 m
[INFO] [1790277385.832907232] [sage_mission_manager]: VALIDATED VIEWPOINT PUBLISHED
[INFO] [1790277386.038319881] [sage_mission_manager]: VIEWPOINT ACCEPTED | position=(-11.76, 13.29, -2.00) | distance_from_uav=1.46 m
[INFO] [1790277386.039116153] [sage_mission_manager]: VALIDATED VIEWPOINT PUBLISHED
[INFO] [1790277386.226350625] [sage_mission_manager]: VIEWPOINT ACCEPTED | position=(-11.76, 13.29, -2.00) | distance_from_uav=1.15 m
[INFO] [1790277386.227111362] [sage_mission_manager]: VALIDATED VIEWPOINT PUBLISHED
[INFO] [1790277386.427557834] [sage_mission_manager]: VIEWPOINT ACCEPTED | position=(-11.76, 13.29, -2.00) | distance_from_uav=0.88 m
[INFO] [1790277386.428392729] [sage_mission_manager]: VALIDATED VIEWPOINT PUBLISHED
[INFO] [1790277386.634869372] [sage_mission_manager]: VIEWPOINT ACCEPTED | position=(-11.76, 13.29, -2.00) | distance_from_uav=0.62 m
[INFO] [1790277386.637628487] [sage_mission_manager]: VALIDATED VIEWPOINT PUBLISHED
[INFO] [1790277386.827792631] [sage_mission_manager]: VIEWPOINT ACCEPTED | position=(-11.76, 13.29, -2.00) | distance_from_uav=0.40 m
[INFO] [1790277386.828684084] [sage_mission_manager]: VALIDATED VIEWPOINT PUBLISHED
[INFO] [1790277387.036100514] [sage_mission_manager]: VIEWPOINT ACCEPTED | position=(-11.76, 13.29, -2.00) | distance_from_uav=0.25 m
[INFO] [1790277387.036691458] [sage_mission_manager]: VALIDATED VIEWPOINT PUBLISHED
[INFO] [1790277387.038129020] [sage_mission_manager]: VIEWPOINT ACCEPTED | position=(-11.76, 13.29, -2.00) | distance_from_uav=0.25 m
[INFO] [1790277387.038733287] [sage_mission_manager]: VALIDATED VIEWPOINT PUBLISHED
[INFO] [1790277387.231414374] [sage_mission_manager]: VIEWPOINT ACCEPTED | position=(-11.76, 13.29, -2.00) | distance_from_uav=0.15 m
[INFO] [1790277387.232140416] [sage_mission_manager]: VALIDATED VIEWPOINT PUBLISHED
[INFO] [1790277387.432095800] [sage_mission_manager]: VIEWPOINT ACCEPTED | position=(-11.76, 13.29, -2.00) | distance_from_uav=0.12 m
[INFO] [1790277387.435173751] [sage_mission_manager]: VALIDATED VIEWPOINT PUBLISHED
[INFO] [1790277387.627357115] [sage_mission_manager]: VIEWPOINT ACCEPTED | position=(-11.76, 13.29, -2.00) | distance_from_uav=0.14 m
[INFO] [1790277387.628012871] [sage_mission_manager]: VALIDATED VIEWPOINT PUBLISHED
[INFO] [1790277387.825891247] [sage_mission_manager]: VIEWPOINT ACCEPTED | position=(-11.76, 13.29, -2.00) | distance_from_uav=0.17 m
[INFO] [1790277387.826653013] [sage_mission_manager]: VALIDATED VIEWPOINT PUBLISHED
[INFO] [1790277388.030030079] [sage_mission_manager]: VIEWPOINT ACCEPTED | position=(-11.85, 12.60, -2.00) | distance_from_uav=0.80 m
[INFO] [1790277388.030801846] [sage_mission_manager]: VALIDATED VIEWPOINT PUBLISHED
[INFO] [1790277388.231650416] [sage_mission_manager]: VIEWPOINT ACCEPTED | position=(-11.93, 11.90, -2.00) | distance_from_uav=1.52 m
[INFO] [1790277388.236379895] [sage_mission_manager]: VALIDATED VIEWPOINT PUBLISHED
[INFO] [1790277388.423607011] [sage_mission_manager]: VIEWPOINT ACCEPTED | position=(-12.02, 11.21, -2.00) | distance_from_uav=2.22 m
[INFO] [1790277388.426403415] [sage_mission_manager]: VALIDATED VIEWPOINT PUBLISHED
[INFO] [1790277388.629404664] [sage_mission_manager]: VIEWPOINT ACCEPTED | position=(-12.11, 10.51, -2.00) | distance_from_uav=2.87 m
[INFO] [1790277388.633804113] [sage_mission_manager]: VALIDATED VIEWPOINT PUBLISHED
[INFO] [1790277388.840324311] [sage_mission_manager]: VIEWPOINT ACCEPTED | position=(-12.19, 9.82, -2.00) | distance_from_uav=3.49 m
[INFO] [1790277388.840877062] [sage_mission_manager]: VALIDATED VIEWPOINT PUBLISHED
[INFO] [1790277389.033343684] [sage_mission_manager]: VIEWPOINT ACCEPTED | position=(-12.19, 9.82, -2.00) | distance_from_uav=3.34 m
[INFO] [1790277389.034179390] [sage_mission_manager]: VALIDATED VIEWPOINT PUBLISHED
[INFO] [1790277389.237949808] [sage_mission_manager]: VIEWPOINT ACCEPTED | position=(-12.19, 9.82, -2.00) | distance_from_uav=3.09 m
[INFO] [1790277389.239685641] [sage_mission_manager]: VALIDATED VIEWPOINT PUBLISHED
[INFO] [1790277389.631245804] [sage_mission_manager]: VIEWPOINT ACCEPTED | position=(-11.67, 11.57, -2.00) | distance_from_uav=0.70 m
[INFO] [1790277389.635444813] [sage_mission_manager]: VALIDATED VIEWPOINT PUBLISHED
[INFO] [1790277389.826863892] [sage_mission_manager]: VIEWPOINT ACCEPTED | position=(-11.36, 10.94, -2.00) | distance_from_uav=1.13 m
[INFO] [1790277389.828580367] [sage_mission_manager]: VALIDATED VIEWPOINT PUBLISHED
[INFO] [1790277390.037448952] [sage_mission_manager]: VIEWPOINT ACCEPTED | position=(-11.06, 10.30, -2.00) | distance_from_uav=1.52 m
[INFO] [1790277390.038246339] [sage_mission_manager]: VALIDATED VIEWPOINT PUBLISHED
[INFO] [1790277390.227468052] [sage_mission_manager]: VIEWPOINT ACCEPTED | position=(-10.76, 9.67, -2.00) | distance_from_uav=1.99 m
[INFO] [1790277390.229356728] [sage_mission_manager]: VALIDATED VIEWPOINT PUBLISHED
[INFO] [1790277390.425637202] [sage_mission_manager]: VIEWPOINT ACCEPTED | position=(-10.46, 9.04, -2.00) | distance_from_uav=2.49 m
[INFO] [1790277390.426205958] [sage_mission_manager]: VALIDATED VIEWPOINT PUBLISHED
[INFO] [1790277390.628641432] [sage_mission_manager]: VIEWPOINT ACCEPTED | position=(-10.15, 8.41, -2.00) | distance_from_uav=2.99 m
[INFO] [1790277390.630976337] [sage_mission_manager]: VALIDATED VIEWPOINT PUBLISHED
[INFO] [1790277390.832550730] [sage_mission_manager]: VIEWPOINT ACCEPTED | position=(-9.85, 7.78, -2.00) | distance_from_uav=3.48 m
[INFO] [1790277390.837279156] [sage_mission_manager]: VALIDATED VIEWPOINT PUBLISHED
[INFO] [1790277391.027822204] [sage_mission_manager]: VIEWPOINT ACCEPTED | position=(-9.85, 7.78, -2.00) | distance_from_uav=3.22 m
[INFO] [1790277391.028692095] [sage_mission_manager]: VALIDATED VIEWPOINT PUBLISHED
[INFO] [1790277391.228690458] [sage_mission_manager]: VIEWPOINT ACCEPTED | position=(-9.55, 7.15, -2.00) | distance_from_uav=3.60 m
[INFO] [1790277391.234755218] [sage_mission_manager]: VALIDATED VIEWPOINT PUBLISHED
[INFO] [1790277391.432873830] [sage_mission_manager]: VIEWPOINT ACCEPTED | position=(-9.55, 7.15, -2.00) | distance_from_uav=3.18 m
[INFO] [1790277391.437539252] [sage_mission_manager]: VALIDATED VIEWPOINT PUBLISHED
[INFO] [1790277391.633238186] [sage_mission_manager]: VIEWPOINT ACCEPTED | position=(-9.25, 6.52, -2.00) | distance_from_uav=3.45 m
[INFO] [1790277391.633782570] [sage_mission_manager]: VALIDATED VIEWPOINT PUBLISHED
[INFO] [1790277391.836452770] [sage_mission_manager]: VIEWPOINT ACCEPTED | position=(-9.25, 6.52, -2.00) | distance_from_uav=3.08 m
[INFO] [1790277391.838462079] [sage_mission_manager]: VALIDATED VIEWPOINT PUBLISHED
[INFO] [1790277392.026578027] [sage_mission_manager]: VIEWPOINT ACCEPTED | position=(-9.00, 6.00, -2.00) | distance_from_uav=3.24 m
[INFO] [1790277392.027151754] [sage_mission_manager]: VALIDATED VIEWPOINT PUBLISHED
[INFO] [1790277392.225435293] [sage_mission_manager]: VIEWPOINT ACCEPTED | position=(-9.00, 5.30, -2.00) | distance_from_uav=3.40 m
[INFO] [1790277392.226214024] [sage_mission_manager]: VALIDATED VIEWPOINT PUBLISHED
[INFO] [1790277392.431494391] [sage_mission_manager]: VIEWPOINT ACCEPTED | position=(-9.00, 4.60, -2.00) | distance_from_uav=3.65 m
[INFO] [1790277392.432558389] [sage_mission_manager]: VALIDATED VIEWPOINT PUBLISHED
[INFO] [1790277392.624515414] [sage_mission_manager]: VIEWPOINT ACCEPTED | position=(-9.00, 4.60, -2.00) | distance_from_uav=3.24 m
[INFO] [1790277392.626011230] [sage_mission_manager]: VALIDATED VIEWPOINT PUBLISHED
[INFO] [1790277392.826419103] [sage_mission_manager]: VIEWPOINT ACCEPTED | position=(-9.00, 3.90, -2.00) | distance_from_uav=3.53 m
[INFO] [1790277392.827127874] [sage_mission_manager]: VALIDATED VIEWPOINT PUBLISHED
[INFO] [1790277393.022985206] [sage_mission_manager]: VIEWPOINT ACCEPTED | position=(-9.00, 3.90, -2.00) | distance_from_uav=3.12 m
[INFO] [1790277393.028131986] [sage_mission_manager]: VALIDATED VIEWPOINT PUBLISHED
[INFO] [1790277393.227177196] [sage_mission_manager]: VIEWPOINT ACCEPTED | position=(-9.00, 3.20, -2.00) | distance_from_uav=3.32 m
[INFO] [1790277393.228102685] [sage_mission_manager]: VALIDATED VIEWPOINT PUBLISHED
[INFO] [1790277393.428074916] [sage_mission_manager]: VIEWPOINT ACCEPTED | position=(-9.00, 3.00, -2.00) | distance_from_uav=3.11 m
[INFO] [1790277393.429788649] [sage_mission_manager]: VALIDATED VIEWPOINT PUBLISHED
[INFO] [1790277393.634832486] [sage_mission_manager]: VIEWPOINT ACCEPTED | position=(-9.00, 3.00, -2.00) | distance_from_uav=2.67 m
[INFO] [1790277393.635401382] [sage_mission_manager]: VALIDATED VIEWPOINT PUBLISHED
[INFO] [1790277393.828215561] [sage_mission_manager]: VIEWPOINT ACCEPTED | position=(-9.00, 3.00, -2.00) | distance_from_uav=2.27 m
[INFO] [1790277393.831312270] [sage_mission_manager]: VALIDATED VIEWPOINT PUBLISHED
[INFO] [1790277394.025239317] [sage_mission_manager]: VIEWPOINT ACCEPTED | position=(-9.00, 3.00, -2.00) | distance_from_uav=1.84 m
[INFO] [1790277394.026064882] [sage_mission_manager]: VALIDATED VIEWPOINT PUBLISHED
[INFO] [1790277394.223041089] [sage_mission_manager]: VIEWPOINT ACCEPTED | position=(-9.00, 3.00, -2.00) | distance_from_uav=1.49 m
[INFO] [1790277394.229604975] [sage_mission_manager]: VALIDATED VIEWPOINT PUBLISHED
[INFO] [1790277394.430822898] [sage_mission_manager]: VIEWPOINT ACCEPTED | position=(-9.00, 3.00, -2.00) | distance_from_uav=1.12 m
[INFO] [1790277394.431411038] [sage_mission_manager]: VALIDATED VIEWPOINT PUBLISHED
[INFO] [1790277394.629818398] [sage_mission_manager]: VIEWPOINT ACCEPTED | position=(-9.00, 3.00, -2.00) | distance_from_uav=0.86 m
[INFO] [1790277394.636827851] [sage_mission_manager]: VALIDATED VIEWPOINT PUBLISHED
[INFO] [1790277394.825074213] [sage_mission_manager]: VIEWPOINT ACCEPTED | position=(-9.00, 3.00, -2.00) | distance_from_uav=0.57 m
[INFO] [1790277394.826882882] [sage_mission_manager]: VALIDATED VIEWPOINT PUBLISHED
[INFO] [1790277395.030795013] [sage_mission_manager]: VIEWPOINT ACCEPTED | position=(-9.00, 3.00, -2.00) | distance_from_uav=0.33 m
[INFO] [1790277395.032746563] [sage_mission_manager]: VALIDATED VIEWPOINT PUBLISHED
[INFO] [1790277395.226187663] [sage_mission_manager]: VIEWPOINT ACCEPTED | position=(-9.00, 3.00, -2.00) | distance_from_uav=0.18 m
[INFO] [1790277395.239350087] [sage_mission_manager]: VALIDATED VIEWPOINT PUBLISHED
[INFO] [1790277395.423685222] [sage_mission_manager]: VIEWPOINT ACCEPTED | position=(-9.00, 3.00, -2.00) | distance_from_uav=0.05 m
[INFO] [1790277395.424383688] [sage_mission_manager]: VALIDATED VIEWPOINT PUBLISHED
[INFO] [1790277395.625013067] [sage_mission_manager]: VIEWPOINT ACCEPTED | position=(-9.00, 3.00, -2.00) | distance_from_uav=0.09 m
[INFO] [1790277395.625791163] [sage_mission_manager]: VALIDATED VIEWPOINT PUBLISHED
[INFO] [1790277395.825826770] [sage_mission_manager]: VIEWPOINT ACCEPTED | position=(-9.00, 3.00, -2.00) | distance_from_uav=0.18 m
[INFO] [1790277395.828580334] [sage_mission_manager]: VALIDATED VIEWPOINT PUBLISHED
[INFO] [1790277396.028575757] [sage_mission_manager]: VIEWPOINT ACCEPTED | position=(-9.00, 3.00, -2.00) | distance_from_uav=0.22 m
[INFO] [1790277396.029384019] [sage_mission_manager]: VALIDATED VIEWPOINT PUBLISHED
[INFO] [1790277396.223528421] [sage_mission_manager]: VIEWPOINT ACCEPTED | position=(-9.00, 3.00, -2.00) | distance_from_uav=0.25 m
[INFO] [1790277396.224558848] [sage_mission_manager]: VALIDATED VIEWPOINT PUBLISHED
[INFO] [1790277396.433470722] [sage_mission_manager]: VIEWPOINT ACCEPTED | position=(-9.00, 3.00, -2.00) | distance_from_uav=0.26 m
[INFO] [1790277396.434717439] [sage_mission_manager]: VALIDATED VIEWPOINT PUBLISHED
[INFO] [1790277396.627603045] [sage_mission_manager]: VIEWPOINT ACCEPTED | position=(-9.00, 3.00, -2.00) | distance_from_uav=0.27 m
[INFO] [1790277396.628379655] [sage_mission_manager]: VALIDATED VIEWPOINT PUBLISHED
[INFO] [1790277396.824127729] [sage_mission_manager]: VIEWPOINT ACCEPTED | position=(-9.00, 3.00, -2.00) | distance_from_uav=0.26 m
[INFO] [1790277396.824776367] [sage_mission_manager]: VALIDATED VIEWPOINT PUBLISHED
[INFO] [1790277397.024703361] [sage_mission_manager]: VIEWPOINT ACCEPTED | position=(-9.00, 3.00, -2.00) | distance_from_uav=0.26 m
[INFO] [1790277397.025633354] [sage_mission_manager]: VALIDATED VIEWPOINT PUBLISHED
[INFO] [1790277397.224576651] [sage_mission_manager]: VIEWPOINT ACCEPTED | position=(-9.00, 3.00, -2.00) | distance_from_uav=0.26 m
[INFO] [1790277397.228962007] [sage_mission_manager]: VALIDATED VIEWPOINT PUBLISHED
[INFO] [1790277397.425009502] [sage_mission_manager]: VIEWPOINT ACCEPTED | position=(-9.00, 3.00, -2.00) | distance_from_uav=0.25 m
[INFO] [1790277397.425543941] [sage_mission_manager]: VALIDATED VIEWPOINT PUBLISHED
[INFO] [1790277397.629782163] [sage_mission_manager]: VIEWPOINT ACCEPTED | position=(-9.00, 3.00, -2.00) | distance_from_uav=0.25 m
[INFO] [1790277397.630686461] [sage_mission_manager]: VALIDATED VIEWPOINT PUBLISHED
[INFO] [1790277397.826541926] [sage_mission_manager]: VIEWPOINT ACCEPTED | position=(-9.00, 3.00, -2.00) | distance_from_uav=0.23 m
[INFO] [1790277397.830137738] [sage_mission_manager]: VALIDATED VIEWPOINT PUBLISHED
[INFO] [1790277398.023647703] [sage_mission_manager]: VIEWPOINT ACCEPTED | position=(-9.00, 3.00, -2.00) | distance_from_uav=0.23 m
[INFO] [1790277398.024456144] [sage_mission_manager]: VALIDATED VIEWPOINT PUBLISHED
[INFO] [1790277398.225802968] [sage_mission_manager]: VIEWPOINT ACCEPTED | position=(-9.00, 3.00, -2.00) | distance_from_uav=0.21 m
[INFO] [1790277398.226604987] [sage_mission_manager]: VALIDATED VIEWPOINT PUBLISHED
[INFO] [1790277398.422847946] [sage_mission_manager]: VIEWPOINT ACCEPTED | position=(-9.00, 3.00, -2.00) | distance_from_uav=0.20 m
[INFO] [1790277398.423422793] [sage_mission_manager]: VALIDATED VIEWPOINT PUBLISHED
[INFO] [1790277398.637408955] [sage_mission_manager]: VIEWPOINT ACCEPTED | position=(-9.00, 3.00, -2.00) | distance_from_uav=0.19 m
[INFO] [1790277398.640257018] [sage_mission_manager]: VALIDATED VIEWPOINT PUBLISHED
[INFO] [1790277398.830720531] [sage_mission_manager]: VIEWPOINT ACCEPTED | position=(-9.00, 3.00, -2.00) | distance_from_uav=0.18 m
[INFO] [1790277398.834182736] [sage_mission_manager]: VALIDATED VIEWPOINT PUBLISHED
[INFO] [1790277399.023260956] [sage_mission_manager]: VIEWPOINT ACCEPTED | position=(-9.00, 3.00, -2.00) | distance_from_uav=0.17 m
[INFO] [1790277399.024018636] [sage_mission_manager]: VALIDATED VIEWPOINT PUBLISHED
[INFO] [1790277399.228779584] [sage_mission_manager]: VIEWPOINT ACCEPTED | position=(-9.00, 3.00, -2.00) | distance_from_uav=0.17 m
[INFO] [1790277399.229364534] [sage_mission_manager]: VALIDATED VIEWPOINT PUBLISHED
[INFO] [1790277399.422504742] [sage_mission_manager]: VIEWPOINT ACCEPTED | position=(-9.00, 3.00, -2.00) | distance_from_uav=0.16 m
[INFO] [1790277399.423208395] [sage_mission_manager]: VALIDATED VIEWPOINT PUBLISHED
[INFO] [1790277399.628058465] [sage_mission_manager]: VIEWPOINT ACCEPTED | position=(-9.00, 3.00, -2.00) | distance_from_uav=0.16 m
[INFO] [1790277399.629081130] [sage_mission_manager]: VALIDATED VIEWPOINT PUBLISHED
[INFO] [1790277399.829842126] [sage_mission_manager]: VIEWPOINT ACCEPTED | position=(-9.00, 3.00, -2.00) | distance_from_uav=0.15 m
[INFO] [1790277399.834783226] [sage_mission_manager]: VALIDATED VIEWPOINT PUBLISHED
[INFO] [1790277400.025093084] [sage_mission_manager]: VIEWPOINT ACCEPTED | position=(-9.00, 3.00, -2.00) | distance_from_uav=0.14 m
[INFO] [1790277400.025806135] [sage_mission_manager]: VALIDATED VIEWPOINT PUBLISHED
[INFO] [1790277400.226610987] [sage_mission_manager]: VIEWPOINT ACCEPTED | position=(-9.00, 3.00, -2.00) | distance_from_uav=0.13 m
[INFO] [1790277400.227298918] [sage_mission_manager]: VALIDATED VIEWPOINT PUBLISHED
[INFO] [1790277400.430890609] [sage_mission_manager]: VIEWPOINT ACCEPTED | position=(-9.00, 3.00, -2.00) | distance_from_uav=0.13 m
[INFO] [1790277400.431455737] [sage_mission_manager]: VALIDATED VIEWPOINT PUBLISHED
[INFO] [1790277400.626183747] [sage_mission_manager]: VIEWPOINT ACCEPTED | position=(-9.00, 3.00, -2.00) | distance_from_uav=0.12 m
[INFO] [1790277400.629394895] [sage_mission_manager]: VALIDATED VIEWPOINT PUBLISHED
[INFO] [1790277400.825727625] [sage_mission_manager]: VIEWPOINT ACCEPTED | position=(-9.00, 3.00, -2.00) | distance_from_uav=0.12 m
[INFO] [1790277400.826637069] [sage_mission_manager]: VALIDATED VIEWPOINT PUBLISHED
[INFO] [1790277401.037207708] [sage_mission_manager]: VIEWPOINT ACCEPTED | position=(-9.00, 3.00, -2.00) | distance_from_uav=0.12 m
[INFO] [1790277401.037996139] [sage_mission_manager]: VALIDATED VIEWPOINT PUBLISHED
[INFO] [1790277401.229338001] [sage_mission_manager]: VIEWPOINT ACCEPTED | position=(-9.00, 3.00, -2.00) | distance_from_uav=0.12 m
[INFO] [1790277401.230194854] [sage_mission_manager]: VALIDATED VIEWPOINT PUBLISHED
[INFO] [1790277401.425512194] [sage_mission_manager]: VIEWPOINT ACCEPTED | position=(-9.00, 3.00, -2.00) | distance_from_uav=0.12 m
[INFO] [1790277401.426126331] [sage_mission_manager]: VALIDATED VIEWPOINT PUBLISHED
[INFO] [1790277401.625174306] [sage_mission_manager]: VIEWPOINT ACCEPTED | position=(-9.00, 3.00, -2.00) | distance_from_uav=0.12 m
[INFO] [1790277401.626712165] [sage_mission_manager]: VALIDATED VIEWPOINT PUBLISHED
[INFO] [1790277401.826954312] [sage_mission_manager]: VIEWPOINT ACCEPTED | position=(-9.00, 3.00, -2.00) | distance_from_uav=0.12 m
[INFO] [1790277401.827556081] [sage_mission_manager]: VALIDATED VIEWPOINT PUBLISHED
[INFO] [1790277402.028768831] [sage_mission_manager]: VIEWPOINT ACCEPTED | position=(-9.00, 3.00, -2.00) | distance_from_uav=0.12 m
[INFO] [1790277402.039143986] [sage_mission_manager]: VALIDATED VIEWPOINT PUBLISHED
[INFO] [1790277402.226542321] [sage_mission_manager]: VIEWPOINT ACCEPTED | position=(-9.00, 3.00, -2.00) | distance_from_uav=0.12 m
[INFO] [1790277402.227714180] [sage_mission_manager]: VALIDATED VIEWPOINT PUBLISHED
[INFO] [1790277402.435491185] [sage_mission_manager]: VIEWPOINT ACCEPTED | position=(-9.00, 3.00, -2.00) | distance_from_uav=0.11 m
[INFO] [1790277402.438790025] [sage_mission_manager]: VALIDATED VIEWPOINT PUBLISHED
[INFO] [1790277402.623050402] [sage_mission_manager]: VIEWPOINT ACCEPTED | position=(-9.00, 3.00, -2.00) | distance_from_uav=0.11 m
[INFO] [1790277402.624274026] [sage_mission_manager]: VALIDATED VIEWPOINT PUBLISHED
[INFO] [1790277402.827465913] [sage_mission_manager]: VIEWPOINT ACCEPTED | position=(-9.00, 3.00, -2.00) | distance_from_uav=0.10 m
[INFO] [1790277402.828139940] [sage_mission_manager]: VALIDATED VIEWPOINT PUBLISHED
[INFO] [1790277403.025251701] [sage_mission_manager]: VIEWPOINT ACCEPTED | position=(-9.00, 3.00, -2.00) | distance_from_uav=0.09 m
[INFO] [1790277403.025868627] [sage_mission_manager]: VALIDATED VIEWPOINT PUBLISHED
[INFO] [1790277403.225839911] [sage_mission_manager]: VIEWPOINT ACCEPTED | position=(-9.00, 3.00, -2.00) | distance_from_uav=0.09 m
[INFO] [1790277403.227183989] [sage_mission_manager]: VALIDATED VIEWPOINT PUBLISHED
[INFO] [1790277403.431061614] [sage_mission_manager]: VIEWPOINT ACCEPTED | position=(-9.00, 3.70, -2.00) | distance_from_uav=0.74 m
[INFO] [1790277403.431862418] [sage_mission_manager]: VALIDATED VIEWPOINT PUBLISHED
[INFO] [1790277403.629686629] [sage_mission_manager]: VIEWPOINT ACCEPTED | position=(-9.00, 4.40, -2.00) | distance_from_uav=1.43 m
[INFO] [1790277403.630625285] [sage_mission_manager]: VALIDATED VIEWPOINT PUBLISHED
[INFO] [1790277403.830199535] [sage_mission_manager]: VIEWPOINT ACCEPTED | position=(-9.00, 5.10, -2.00) | distance_from_uav=2.11 m
[INFO] [1790277403.834020917] [sage_mission_manager]: VALIDATED VIEWPOINT PUBLISHED
[INFO] [1790277404.027875087] [sage_mission_manager]: VIEWPOINT ACCEPTED | position=(-9.00, 5.80, -2.00) | distance_from_uav=2.75 m
[INFO] [1790277404.028824945] [sage_mission_manager]: VALIDATED VIEWPOINT PUBLISHED
[INFO] [1790277404.229457912] [sage_mission_manager]: VIEWPOINT ACCEPTED | position=(-9.00, 6.50, -2.00) | distance_from_uav=3.33 m
[INFO] [1790277404.232914049] [sage_mission_manager]: VALIDATED VIEWPOINT PUBLISHED
[INFO] [1790277404.427898465] [sage_mission_manager]: VIEWPOINT ACCEPTED | position=(-9.00, 6.50, -2.00) | distance_from_uav=3.12 m
[INFO] [1790277404.428621529] [sage_mission_manager]: VALIDATED VIEWPOINT PUBLISHED
[INFO] [1790277404.631566806] [sage_mission_manager]: VIEWPOINT ACCEPTED | position=(-9.00, 7.20, -2.00) | distance_from_uav=3.53 m
[INFO] [1790277404.633117467] [sage_mission_manager]: VALIDATED VIEWPOINT PUBLISHED
[INFO] [1790277404.826718380] [sage_mission_manager]: VIEWPOINT ACCEPTED | position=(-9.00, 7.20, -2.00) | distance_from_uav=3.21 m
[INFO] [1790277404.827903934] [sage_mission_manager]: VALIDATED VIEWPOINT PUBLISHED
[INFO] [1790277405.024781327] [sage_mission_manager]: VIEWPOINT ACCEPTED | position=(-9.00, 7.90, -2.00) | distance_from_uav=3.52 m
[INFO] [1790277405.036491457] [sage_mission_manager]: VALIDATED VIEWPOINT PUBLISHED
[INFO] [1790277405.223400707] [sage_mission_manager]: VIEWPOINT ACCEPTED | position=(-9.00, 7.90, -2.00) | distance_from_uav=3.10 m
[INFO] [1790277405.224003786] [sage_mission_manager]: VALIDATED VIEWPOINT PUBLISHED
[INFO] [1790277405.425395241] [sage_mission_manager]: VIEWPOINT ACCEPTED | position=(-9.00, 8.60, -2.00) | distance_from_uav=3.40 m
[INFO] [1790277405.426134176] [sage_mission_manager]: VALIDATED VIEWPOINT PUBLISHED
[INFO] [1790277405.626223438] [sage_mission_manager]: VIEWPOINT ACCEPTED | position=(-9.00, 9.00, -2.00) | distance_from_uav=3.35 m
[INFO] [1790277405.626797056] [sage_mission_manager]: VALIDATED VIEWPOINT PUBLISHED
[INFO] [1790277405.830486009] [sage_mission_manager]: VIEWPOINT ACCEPTED | position=(-9.00, 9.00, -2.00) | distance_from_uav=2.98 m
[INFO] [1790277405.831336649] [sage_mission_manager]: VALIDATED VIEWPOINT PUBLISHED
[INFO] [1790277406.033527842] [sage_mission_manager]: VIEWPOINT ACCEPTED | position=(-9.00, 9.00, -2.00) | distance_from_uav=2.47 m
[INFO] [1790277406.038584608] [sage_mission_manager]: VALIDATED VIEWPOINT PUBLISHED
[INFO] [1790277406.228689628] [sage_mission_manager]: VIEWPOINT ACCEPTED | position=(-9.00, 9.00, -2.00) | distance_from_uav=2.02 m
[INFO] [1790277406.229244243] [sage_mission_manager]: VALIDATED VIEWPOINT PUBLISHED
[INFO] [1790277406.423979580] [sage_mission_manager]: VIEWPOINT ACCEPTED | position=(-9.00, 9.00, -2.00) | distance_from_uav=1.68 m
[INFO] [1790277406.424619186] [sage_mission_manager]: VALIDATED VIEWPOINT PUBLISHED
[INFO] [1790277406.631017574] [sage_mission_manager]: VIEWPOINT ACCEPTED | position=(-9.00, 9.00, -2.00) | distance_from_uav=1.33 m
[INFO] [1790277406.634567504] [sage_mission_manager]: VALIDATED VIEWPOINT PUBLISHED
[INFO] [1790277406.823029051] [sage_mission_manager]: VIEWPOINT ACCEPTED | position=(-9.00, 9.00, -2.00) | distance_from_uav=0.94 m
[INFO] [1790277406.824000090] [sage_mission_manager]: VALIDATED VIEWPOINT PUBLISHED
[INFO] [1790277407.026031549] [sage_mission_manager]: VIEWPOINT ACCEPTED | position=(-9.00, 9.00, -2.00) | distance_from_uav=0.69 m
[INFO] [1790277407.026595436] [sage_mission_manager]: VALIDATED VIEWPOINT PUBLISHED
[INFO] [1790277407.225013448] [sage_mission_manager]: VIEWPOINT ACCEPTED | position=(-9.00, 9.00, -2.00) | distance_from_uav=0.49 m
[INFO] [1790277407.225800372] [sage_mission_manager]: VALIDATED VIEWPOINT PUBLISHED
[INFO] [1790277407.423100940] [sage_mission_manager]: VIEWPOINT ACCEPTED | position=(-9.00, 9.00, -2.00) | distance_from_uav=0.32 m
[INFO] [1790277407.423719389] [sage_mission_manager]: VALIDATED VIEWPOINT PUBLISHED
[INFO] [1790277407.629840021] [sage_mission_manager]: VIEWPOINT ACCEPTED | position=(-9.00, 9.00, -2.00) | distance_from_uav=0.21 m
[INFO] [1790277407.630780191] [sage_mission_manager]: VALIDATED VIEWPOINT PUBLISHED
[INFO] [1790277407.824033079] [sage_mission_manager]: VIEWPOINT ACCEPTED | position=(-9.00, 9.00, -2.00) | distance_from_uav=0.16 m
[INFO] [1790277407.824611092] [sage_mission_manager]: VALIDATED VIEWPOINT PUBLISHED
[INFO] [1790277408.026237489] [sage_mission_manager]: VIEWPOINT ACCEPTED | position=(-9.00, 9.00, -2.00) | distance_from_uav=0.18 m
[INFO] [1790277408.027445214] [sage_mission_manager]: VALIDATED VIEWPOINT PUBLISHED
[INFO] [1790277408.229988196] [sage_mission_manager]: VIEWPOINT ACCEPTED | position=(-9.00, 9.00, -2.00) | distance_from_uav=0.21 m
[INFO] [1790277408.230840630] [sage_mission_manager]: VALIDATED VIEWPOINT PUBLISHED
[INFO] [1790277408.424318956] [sage_mission_manager]: VIEWPOINT ACCEPTED | position=(-9.00, 9.00, -2.00) | distance_from_uav=0.24 m
[INFO] [1790277408.425776127] [sage_mission_manager]: VALIDATED VIEWPOINT PUBLISHED
[INFO] [1790277408.629196954] [sage_mission_manager]: VIEWPOINT ACCEPTED | position=(-9.00, 9.00, -2.00) | distance_from_uav=0.27 m
[INFO] [1790277408.629826816] [sage_mission_manager]: VALIDATED VIEWPOINT PUBLISHED
[INFO] [1790277408.826345782] [sage_mission_manager]: VIEWPOINT ACCEPTED | position=(-9.00, 9.00, -2.00) | distance_from_uav=0.29 m
[INFO] [1790277408.828254915] [sage_mission_manager]: VALIDATED VIEWPOINT PUBLISHED
[INFO] [1790277409.026617137] [sage_mission_manager]: VIEWPOINT ACCEPTED | position=(-9.00, 9.00, -2.00) | distance_from_uav=0.30 m
[INFO] [1790277409.027405098] [sage_mission_manager]: VALIDATED VIEWPOINT PUBLISHED
[INFO] [1790277409.225069311] [sage_mission_manager]: VIEWPOINT ACCEPTED | position=(-9.00, 9.00, -2.00) | distance_from_uav=0.30 m
[INFO] [1790277409.228754568] [sage_mission_manager]: VALIDATED VIEWPOINT PUBLISHED
[INFO] [1790277409.424445876] [sage_mission_manager]: VIEWPOINT ACCEPTED | position=(-9.00, 9.00, -2.00) | distance_from_uav=0.29 m
[INFO] [1790277409.424969283] [sage_mission_manager]: VALIDATED VIEWPOINT PUBLISHED
[INFO] [1790277409.630301079] [sage_mission_manager]: VIEWPOINT ACCEPTED | position=(-9.00, 9.00, -2.00) | distance_from_uav=0.28 m
[INFO] [1790277409.634371120] [sage_mission_manager]: VALIDATED VIEWPOINT PUBLISHED
[INFO] [1790277409.827895758] [sage_mission_manager]: VIEWPOINT ACCEPTED | position=(-9.00, 9.00, -2.00) | distance_from_uav=0.27 m
[INFO] [1790277409.828625569] [sage_mission_manager]: VALIDATED VIEWPOINT PUBLISHED
[INFO] [1790277410.024402889] [sage_mission_manager]: VIEWPOINT ACCEPTED | position=(-9.00, 9.00, -2.00) | distance_from_uav=0.26 m
[INFO] [1790277410.029059201] [sage_mission_manager]: VALIDATED VIEWPOINT PUBLISHED
[INFO] [1790277410.223764378] [sage_mission_manager]: VIEWPOINT ACCEPTED | position=(-9.00, 9.00, -2.00) | distance_from_uav=0.25 m
[INFO] [1790277410.224780955] [sage_mission_manager]: VALIDATED VIEWPOINT PUBLISHED
[INFO] [1790277410.435997176] [sage_mission_manager]: VIEWPOINT ACCEPTED | position=(-9.00, 9.00, -2.00) | distance_from_uav=0.24 m
[INFO] [1790277410.436893986] [sage_mission_manager]: VALIDATED VIEWPOINT PUBLISHED
[INFO] [1790277410.634405176] [sage_mission_manager]: VIEWPOINT ACCEPTED | position=(-9.00, 9.00, -2.00) | distance_from_uav=0.22 m
[INFO] [1790277410.635711746] [sage_mission_manager]: VALIDATED VIEWPOINT PUBLISHED
[INFO] [1790277410.822964169] [sage_mission_manager]: VIEWPOINT ACCEPTED | position=(-9.00, 9.00, -2.00) | distance_from_uav=0.21 m
[INFO] [1790277410.823535938] [sage_mission_manager]: VALIDATED VIEWPOINT PUBLISHED
[INFO] [1790277411.030694231] [sage_mission_manager]: VIEWPOINT ACCEPTED | position=(-9.00, 9.00, -2.00) | distance_from_uav=0.20 m
[INFO] [1790277411.032547637] [sage_mission_manager]: VALIDATED VIEWPOINT PUBLISHED
[INFO] [1790277411.233835482] [sage_mission_manager]: VIEWPOINT ACCEPTED | position=(-9.00, 9.00, -2.00) | distance_from_uav=0.18 m
[INFO] [1790277411.234954291] [sage_mission_manager]: VALIDATED VIEWPOINT PUBLISHED
[INFO] [1790277411.424384428] [sage_mission_manager]: VIEWPOINT ACCEPTED | position=(-9.00, 9.00, -2.00) | distance_from_uav=0.17 m
[INFO] [1790277411.425049621] [sage_mission_manager]: VALIDATED VIEWPOINT PUBLISHED
[INFO] [1790277411.632869837] [sage_mission_manager]: VIEWPOINT ACCEPTED | position=(-9.00, 9.00, -2.00) | distance_from_uav=0.16 m
[INFO] [1790277411.633521799] [sage_mission_manager]: VALIDATED VIEWPOINT PUBLISHED
[INFO] [1790277411.823513495] [sage_mission_manager]: VIEWPOINT ACCEPTED | position=(-9.00, 9.00, -2.00) | distance_from_uav=0.15 m
[INFO] [1790277411.824527094] [sage_mission_manager]: VALIDATED VIEWPOINT PUBLISHED
[INFO] [1790277412.022726549] [sage_mission_manager]: VIEWPOINT ACCEPTED | position=(-9.00, 9.00, -2.00) | distance_from_uav=0.13 m
[INFO] [1790277412.023505828] [sage_mission_manager]: VALIDATED VIEWPOINT PUBLISHED
[INFO] [1790277412.227312825] [sage_mission_manager]: VIEWPOINT ACCEPTED | position=(-9.00, 9.00, -2.00) | distance_from_uav=0.13 m
[INFO] [1790277412.230741544] [sage_mission_manager]: VALIDATED VIEWPOINT PUBLISHED
[INFO] [1790277412.434423416] [sage_mission_manager]: VIEWPOINT ACCEPTED | position=(-9.00, 9.00, -2.00) | distance_from_uav=0.13 m
[INFO] [1790277412.435285294] [sage_mission_manager]: VALIDATED VIEWPOINT PUBLISHED
[INFO] [1790277412.625062263] [sage_mission_manager]: VIEWPOINT ACCEPTED | position=(-9.00, 9.00, -2.00) | distance_from_uav=0.13 m
[INFO] [1790277412.628358912] [sage_mission_manager]: VALIDATED VIEWPOINT PUBLISHED
[INFO] [1790277412.826561640] [sage_mission_manager]: VIEWPOINT ACCEPTED | position=(-9.00, 9.00, -2.00) | distance_from_uav=0.13 m
[INFO] [1790277412.829211197] [sage_mission_manager]: VALIDATED VIEWPOINT PUBLISHED
[INFO] [1790277413.027775491] [sage_mission_manager]: VIEWPOINT ACCEPTED | position=(-9.00, 9.00, -2.00) | distance_from_uav=0.13 m
[INFO] [1790277413.028637951] [sage_mission_manager]: VALIDATED VIEWPOINT PUBLISHED
[INFO] [1790277413.225789796] [sage_mission_manager]: VIEWPOINT ACCEPTED | position=(-9.00, 9.00, -2.00) | distance_from_uav=0.13 m
[INFO] [1790277413.226858056] [sage_mission_manager]: VALIDATED VIEWPOINT PUBLISHED
[INFO] [1790277413.429964679] [sage_mission_manager]: VIEWPOINT ACCEPTED | position=(-9.00, 9.00, -2.00) | distance_from_uav=0.13 m
[INFO] [1790277413.431120726] [sage_mission_manager]: VALIDATED VIEWPOINT PUBLISHED
[INFO] [1790277413.628482061] [sage_mission_manager]: VIEWPOINT ACCEPTED | position=(-9.00, 9.00, -2.00) | distance_from_uav=0.13 m
[INFO] [1790277413.630628936] [sage_mission_manager]: VALIDATED VIEWPOINT PUBLISHED
[INFO] [1790277413.832024691] [sage_mission_manager]: VIEWPOINT ACCEPTED | position=(-9.00, 9.00, -2.00) | distance_from_uav=0.13 m
[INFO] [1790277413.840417871] [sage_mission_manager]: VALIDATED VIEWPOINT PUBLISHED
[INFO] [1790277414.023814025] [sage_mission_manager]: VIEWPOINT ACCEPTED | position=(-9.00, 9.00, -2.00) | distance_from_uav=0.13 m
[INFO] [1790277414.024362578] [sage_mission_manager]: VALIDATED VIEWPOINT PUBLISHED
[INFO] [1790277414.229488001] [sage_mission_manager]: VIEWPOINT ACCEPTED | position=(-9.00, 9.00, -2.00) | distance_from_uav=0.12 m
[INFO] [1790277414.234881795] [sage_mission_manager]: VALIDATED VIEWPOINT PUBLISHED
[INFO] [1790277414.427608130] [sage_mission_manager]: VIEWPOINT ACCEPTED | position=(-9.00, 9.00, -2.00) | distance_from_uav=0.12 m
[INFO] [1790277414.428568601] [sage_mission_manager]: VALIDATED VIEWPOINT PUBLISHED
[INFO] [1790277414.626896239] [sage_mission_manager]: VIEWPOINT ACCEPTED | position=(-9.00, 9.00, -2.00) | distance_from_uav=0.12 m
[INFO] [1790277414.627533968] [sage_mission_manager]: VALIDATED VIEWPOINT PUBLISHED
[INFO] [1790277414.826141765] [sage_mission_manager]: VIEWPOINT ACCEPTED | position=(-9.00, 9.00, -2.00) | distance_from_uav=0.12 m
[INFO] [1790277414.827071393] [sage_mission_manager]: VALIDATED VIEWPOINT PUBLISHED
[INFO] [1790277415.028466022] [sage_mission_manager]: VIEWPOINT ACCEPTED | position=(-9.00, 9.00, -2.00) | distance_from_uav=0.12 m
[INFO] [1790277415.031805627] [sage_mission_manager]: VALIDATED VIEWPOINT PUBLISHED
[INFO] [1790277415.229840139] [sage_mission_manager]: VIEWPOINT ACCEPTED | position=(-9.00, 9.00, -2.00) | distance_from_uav=0.11 m
[INFO] [1790277415.230391861] [sage_mission_manager]: VALIDATED VIEWPOINT PUBLISHED
[INFO] [1790277415.427417071] [sage_mission_manager]: VIEWPOINT ACCEPTED | position=(-9.00, 9.00, -2.00) | distance_from_uav=0.11 m
[INFO] [1790277415.429270751] [sage_mission_manager]: VALIDATED VIEWPOINT PUBLISHED
[INFO] [1790277415.622817440] [sage_mission_manager]: VIEWPOINT ACCEPTED | position=(-8.30, 9.00, -2.00) | distance_from_uav=0.73 m
[INFO] [1790277415.623616274] [sage_mission_manager]: VALIDATED VIEWPOINT PUBLISHED
[INFO] [1790277415.828263173] [sage_mission_manager]: VIEWPOINT ACCEPTED | position=(-7.60, 9.00, -2.00) | distance_from_uav=1.43 m
[INFO] [1790277415.829521678] [sage_mission_manager]: VALIDATED VIEWPOINT PUBLISHED
[INFO] [1790277416.025441830] [sage_mission_manager]: VIEWPOINT ACCEPTED | position=(-6.90, 9.00, -2.00) | distance_from_uav=2.12 m
[INFO] [1790277416.030353716] [sage_mission_manager]: VALIDATED VIEWPOINT PUBLISHED
[INFO] [1790277416.222800798] [sage_mission_manager]: VIEWPOINT ACCEPTED | position=(-6.20, 9.00, -2.00) | distance_from_uav=2.79 m
[INFO] [1790277416.223623501] [sage_mission_manager]: VALIDATED VIEWPOINT PUBLISHED
[INFO] [1790277416.426004515] [sage_mission_manager]: VIEWPOINT ACCEPTED | position=(-5.50, 9.00, -2.00) | distance_from_uav=3.39 m
[INFO] [1790277416.428494759] [sage_mission_manager]: VALIDATED VIEWPOINT PUBLISHED
[INFO] [1790277416.630136912] [sage_mission_manager]: VIEWPOINT ACCEPTED | position=(-5.50, 9.00, -2.00) | distance_from_uav=3.23 m
[INFO] [1790277416.630969488] [sage_mission_manager]: VALIDATED VIEWPOINT PUBLISHED
[INFO] [1790277416.823324634] [sage_mission_manager]: VIEWPOINT ACCEPTED | position=(-4.80, 9.00, -2.00) | distance_from_uav=3.69 m
[INFO] [1790277416.823873955] [sage_mission_manager]: VALIDATED VIEWPOINT PUBLISHED
[INFO] [1790277417.028067922] [sage_mission_manager]: VIEWPOINT ACCEPTED | position=(-4.80, 9.00, -2.00) | distance_from_uav=3.35 m
[INFO] [1790277417.028819410] [sage_mission_manager]: VALIDATED VIEWPOINT PUBLISHED
[INFO] [1790277417.225649512] [sage_mission_manager]: VIEWPOINT ACCEPTED | position=(-4.10, 9.00, -2.00) | distance_from_uav=3.67 m
[INFO] [1790277417.226620125] [sage_mission_manager]: VALIDATED VIEWPOINT PUBLISHED
[INFO] [1790277417.423302702] [sage_mission_manager]: VIEWPOINT ACCEPTED | position=(-4.10, 9.00, -2.00) | distance_from_uav=3.35 m
[INFO] [1790277417.423852274] [sage_mission_manager]: VALIDATED VIEWPOINT PUBLISHED
[INFO] [1790277417.624480716] [sage_mission_manager]: VIEWPOINT ACCEPTED | position=(-3.40, 9.00, -2.00) | distance_from_uav=3.66 m
[INFO] [1790277417.625190083] [sage_mission_manager]: VALIDATED VIEWPOINT PUBLISHED
[INFO] [1790277417.828450376] [sage_mission_manager]: VIEWPOINT ACCEPTED | position=(-3.40, 9.00, -2.00) | distance_from_uav=3.14 m
[INFO] [1790277417.833315964] [sage_mission_manager]: VALIDATED VIEWPOINT PUBLISHED
[INFO] [1790277418.029567989] [sage_mission_manager]: VIEWPOINT ACCEPTED | position=(-3.00, 9.00, -2.00) | distance_from_uav=3.16 m
[INFO] [1790277418.030362356] [sage_mission_manager]: VALIDATED VIEWPOINT PUBLISHED
[INFO] [1790277418.227203586] [sage_mission_manager]: VIEWPOINT ACCEPTED | position=(-3.00, 9.00, -2.00) | distance_from_uav=2.69 m
[INFO] [1790277418.228247632] [sage_mission_manager]: VALIDATED VIEWPOINT PUBLISHED
[INFO] [1790277418.436253055] [sage_mission_manager]: VIEWPOINT ACCEPTED | position=(-3.00, 9.00, -2.00) | distance_from_uav=2.26 m
[INFO] [1790277418.437550880] [sage_mission_manager]: VALIDATED VIEWPOINT PUBLISHED
[INFO] [1790277418.624664770] [sage_mission_manager]: VIEWPOINT ACCEPTED | position=(-3.00, 9.00, -2.00) | distance_from_uav=1.86 m
[INFO] [1790277418.626203283] [sage_mission_manager]: VALIDATED VIEWPOINT PUBLISHED
[INFO] [1790277418.827554509] [sage_mission_manager]: VIEWPOINT ACCEPTED | position=(-3.00, 9.00, -2.00) | distance_from_uav=1.48 m
[INFO] [1790277418.829084007] [sage_mission_manager]: VALIDATED VIEWPOINT PUBLISHED
[INFO] [1790277419.023407177] [sage_mission_manager]: VIEWPOINT ACCEPTED | position=(-3.00, 9.00, -2.00) | distance_from_uav=1.09 m
[INFO] [1790277419.024192695] [sage_mission_manager]: VALIDATED VIEWPOINT PUBLISHED
[INFO] [1790277419.229258566] [sage_mission_manager]: VIEWPOINT ACCEPTED | position=(-3.00, 9.00, -2.00) | distance_from_uav=0.79 m
[INFO] [1790277419.232864512] [sage_mission_manager]: VALIDATED VIEWPOINT PUBLISHED
[INFO] [1790277419.430159700] [sage_mission_manager]: VIEWPOINT ACCEPTED | position=(-3.00, 9.00, -2.00) | distance_from_uav=0.55 m
[INFO] [1790277419.430903788] [sage_mission_manager]: VALIDATED VIEWPOINT PUBLISHED
[INFO] [1790277419.626603570] [sage_mission_manager]: VIEWPOINT ACCEPTED | position=(-3.00, 9.00, -2.00) | distance_from_uav=0.34 m
[INFO] [1790277419.627279607] [sage_mission_manager]: VALIDATED VIEWPOINT PUBLISHED
[INFO] [1790277419.826029424] [sage_mission_manager]: VIEWPOINT ACCEPTED | position=(-3.00, 9.00, -2.00) | distance_from_uav=0.19 m
[INFO] [1790277419.826659463] [sage_mission_manager]: VALIDATED VIEWPOINT PUBLISHED
[INFO] [1790277420.022549943] [sage_mission_manager]: VIEWPOINT ACCEPTED | position=(-3.00, 9.00, -2.00) | distance_from_uav=0.11 m
[INFO] [1790277420.023131872] [sage_mission_manager]: VALIDATED VIEWPOINT PUBLISHED
[INFO] [1790277420.224300965] [sage_mission_manager]: VIEWPOINT ACCEPTED | position=(-3.00, 9.00, -2.00) | distance_from_uav=0.11 m
[INFO] [1790277420.230245831] [sage_mission_manager]: VALIDATED VIEWPOINT PUBLISHED
[INFO] [1790277420.425168420] [sage_mission_manager]: VIEWPOINT ACCEPTED | position=(-3.00, 9.00, -2.00) | distance_from_uav=0.14 m
[INFO] [1790277420.430647801] [sage_mission_manager]: VALIDATED VIEWPOINT PUBLISHED
[INFO] [1790277420.627548074] [sage_mission_manager]: VIEWPOINT ACCEPTED | position=(-3.00, 9.00, -2.00) | distance_from_uav=0.16 m
[INFO] [1790277420.628370597] [sage_mission_manager]: VALIDATED VIEWPOINT PUBLISHED
[INFO] [1790277420.827692826] [sage_mission_manager]: VIEWPOINT ACCEPTED | position=(-3.00, 9.00, -2.00) | distance_from_uav=0.18 m
[INFO] [1790277420.828519499] [sage_mission_manager]: VALIDATED VIEWPOINT PUBLISHED
[INFO] [1790277421.034491919] [sage_mission_manager]: VIEWPOINT ACCEPTED | position=(-3.00, 9.00, -2.00) | distance_from_uav=0.19 m
[INFO] [1790277421.035827211] [sage_mission_manager]: VALIDATED VIEWPOINT PUBLISHED
[INFO] [1790277421.222389724] [sage_mission_manager]: VIEWPOINT ACCEPTED | position=(-3.00, 9.00, -2.00) | distance_from_uav=0.19 m
[INFO] [1790277421.222995139] [sage_mission_manager]: VALIDATED VIEWPOINT PUBLISHED
[INFO] [1790277421.432911436] [sage_mission_manager]: VIEWPOINT ACCEPTED | position=(-3.00, 9.00, -2.00) | distance_from_uav=0.18 m
[INFO] [1790277421.433617911] [sage_mission_manager]: VALIDATED VIEWPOINT PUBLISHED
[INFO] [1790277421.627571979] [sage_mission_manager]: VIEWPOINT ACCEPTED | position=(-3.00, 9.00, -2.00) | distance_from_uav=0.17 m
[INFO] [1790277421.628225318] [sage_mission_manager]: VALIDATED VIEWPOINT PUBLISHED
[INFO] [1790277421.826143966] [sage_mission_manager]: VIEWPOINT ACCEPTED | position=(-3.00, 9.00, -2.00) | distance_from_uav=0.15 m
[INFO] [1790277421.826687707] [sage_mission_manager]: VALIDATED VIEWPOINT PUBLISHED
[INFO] [1790277422.026174832] [sage_mission_manager]: VIEWPOINT ACCEPTED | position=(-3.00, 9.00, -2.00) | distance_from_uav=0.13 m
[INFO] [1790277422.026727928] [sage_mission_manager]: VALIDATED VIEWPOINT PUBLISHED
[INFO] [1790277422.224110586] [sage_mission_manager]: VIEWPOINT ACCEPTED | position=(-3.00, 9.00, -2.00) | distance_from_uav=0.11 m
[INFO] [1790277422.224723179] [sage_mission_manager]: VALIDATED VIEWPOINT PUBLISHED
[INFO] [1790277422.435419198] [sage_mission_manager]: VIEWPOINT ACCEPTED | position=(-3.00, 9.00, -2.00) | distance_from_uav=0.10 m
[INFO] [1790277422.436229696] [sage_mission_manager]: VALIDATED VIEWPOINT PUBLISHED
[INFO] [1790277422.623233181] [sage_mission_manager]: VIEWPOINT ACCEPTED | position=(-3.00, 9.00, -2.00) | distance_from_uav=0.08 m
[INFO] [1790277422.624033136] [sage_mission_manager]: VALIDATED VIEWPOINT PUBLISHED
[INFO] [1790277422.827472229] [sage_mission_manager]: VIEWPOINT ACCEPTED | position=(-3.00, 9.00, -2.00) | distance_from_uav=0.07 m
[INFO] [1790277422.828027390] [sage_mission_manager]: VALIDATED VIEWPOINT PUBLISHED
[INFO] [1790277423.025402914] [sage_mission_manager]: VIEWPOINT ACCEPTED | position=(-3.00, 9.00, -2.00) | distance_from_uav=0.06 m
[INFO] [1790277423.028319387] [sage_mission_manager]: VALIDATED VIEWPOINT PUBLISHED
[INFO] [1790277423.240066687] [sage_mission_manager]: VIEWPOINT ACCEPTED | position=(-3.00, 9.00, -2.00) | distance_from_uav=0.05 m
[INFO] [1790277423.240817336] [sage_mission_manager]: VALIDATED VIEWPOINT PUBLISHED
[INFO] [1790277423.425186338] [sage_mission_manager]: VIEWPOINT ACCEPTED | position=(-3.00, 9.00, -2.00) | distance_from_uav=0.04 m
[INFO] [1790277423.425726504] [sage_mission_manager]: VALIDATED VIEWPOINT PUBLISHED
[INFO] [1790277423.628457392] [sage_mission_manager]: VIEWPOINT ACCEPTED | position=(-3.00, 9.00, -2.00) | distance_from_uav=0.03 m
[INFO] [1790277423.629035210] [sage_mission_manager]: VALIDATED VIEWPOINT PUBLISHED
[INFO] [1790277423.822741115] [sage_mission_manager]: VIEWPOINT ACCEPTED | position=(-3.00, 9.00, -2.00) | distance_from_uav=0.02 m
[INFO] [1790277423.823649341] [sage_mission_manager]: VALIDATED VIEWPOINT PUBLISHED
[INFO] [1790277424.024553992] [sage_mission_manager]: VIEWPOINT ACCEPTED | position=(-3.00, 9.00, -2.00) | distance_from_uav=0.02 m
[INFO] [1790277424.025106987] [sage_mission_manager]: VALIDATED VIEWPOINT PUBLISHED
[INFO] [1790277424.223615486] [sage_mission_manager]: VIEWPOINT ACCEPTED | position=(-3.00, 9.00, -2.00) | distance_from_uav=0.01 m
[INFO] [1790277424.224178106] [sage_mission_manager]: VALIDATED VIEWPOINT PUBLISHED
[INFO] [1790277424.429037393] [sage_mission_manager]: VIEWPOINT ACCEPTED | position=(-3.00, 9.00, -2.00) | distance_from_uav=0.01 m
[INFO] [1790277424.434473778] [sage_mission_manager]: VALIDATED VIEWPOINT PUBLISHED
[INFO] [1790277424.623552605] [sage_mission_manager]: VIEWPOINT ACCEPTED | position=(-3.00, 9.00, -2.00) | distance_from_uav=0.01 m
[INFO] [1790277424.628448136] [sage_mission_manager]: VALIDATED VIEWPOINT PUBLISHED
[INFO] [1790277424.836000030] [sage_mission_manager]: VIEWPOINT ACCEPTED | position=(-3.00, 9.00, -2.00) | distance_from_uav=0.01 m
[INFO] [1790277424.837074726] [sage_mission_manager]: VALIDATED VIEWPOINT PUBLISHED
[INFO] [1790277425.025980367] [sage_mission_manager]: VIEWPOINT ACCEPTED | position=(-3.00, 9.00, -2.00) | distance_from_uav=0.01 m
[INFO] [1790277425.026826665] [sage_mission_manager]: VALIDATED VIEWPOINT PUBLISHED
[INFO] [1790277425.224904620] [sage_mission_manager]: VIEWPOINT ACCEPTED | position=(-3.00, 9.00, -2.00) | distance_from_uav=0.01 m
[INFO] [1790277425.227779225] [sage_mission_manager]: VALIDATED VIEWPOINT PUBLISHED
[INFO] [1790277425.426285114] [sage_mission_manager]: VIEWPOINT ACCEPTED | position=(-3.00, 9.00, -2.00) | distance_from_uav=0.01 m
[INFO] [1790277425.428152864] [sage_mission_manager]: VALIDATED VIEWPOINT PUBLISHED
[INFO] [1790277425.624092374] [sage_mission_manager]: VIEWPOINT ACCEPTED | position=(-3.00, 9.00, -2.00) | distance_from_uav=0.01 m
[INFO] [1790277425.626340587] [sage_mission_manager]: VALIDATED VIEWPOINT PUBLISHED
[INFO] [1790277425.832875942] [sage_mission_manager]: VIEWPOINT ACCEPTED | position=(-3.00, 9.00, -2.00) | distance_from_uav=0.01 m
[INFO] [1790277425.833501074] [sage_mission_manager]: VALIDATED VIEWPOINT PUBLISHED
[INFO] [1790277426.032242295] [sage_mission_manager]: VIEWPOINT ACCEPTED | position=(-3.00, 9.00, -2.00) | distance_from_uav=0.01 m
[INFO] [1790277426.039226589] [sage_mission_manager]: VALIDATED VIEWPOINT PUBLISHED
[INFO] [1790277426.226299511] [sage_mission_manager]: VIEWPOINT ACCEPTED | position=(-3.00, 9.00, -2.00) | distance_from_uav=0.02 m
[INFO] [1790277426.227486379] [sage_mission_manager]: VALIDATED VIEWPOINT PUBLISHED
[INFO] [1790277426.427488093] [sage_mission_manager]: VIEWPOINT ACCEPTED | position=(-3.00, 9.00, -2.00) | distance_from_uav=0.02 m
[INFO] [1790277426.428053888] [sage_mission_manager]: VALIDATED VIEWPOINT PUBLISHED
[INFO] [1790277426.625741878] [sage_mission_manager]: VIEWPOINT ACCEPTED | position=(-3.00, 9.00, -2.00) | distance_from_uav=0.03 m
[INFO] [1790277426.627472274] [sage_mission_manager]: VALIDATED VIEWPOINT PUBLISHED
[INFO] [1790277426.824674689] [sage_mission_manager]: VIEWPOINT ACCEPTED | position=(-3.00, 9.00, -2.00) | distance_from_uav=0.04 m
[INFO] [1790277426.825622881] [sage_mission_manager]: VALIDATED VIEWPOINT PUBLISHED
[INFO] [1790277427.027536633] [sage_mission_manager]: VIEWPOINT ACCEPTED | position=(-2.64, 8.39, -2.00) | distance_from_uav=0.70 m
[INFO] [1790277427.028553992] [sage_mission_manager]: VALIDATED VIEWPOINT PUBLISHED
[INFO] [1790277427.228036829] [sage_mission_manager]: VIEWPOINT ACCEPTED | position=(-2.32, 7.77, -2.00) | distance_from_uav=1.40 m
[INFO] [1790277427.228901054] [sage_mission_manager]: VALIDATED VIEWPOINT PUBLISHED
[INFO] [1790277427.426379884] [sage_mission_manager]: VIEWPOINT ACCEPTED | position=(-2.01, 7.15, -2.00) | distance_from_uav=2.09 m
[INFO] [1790277427.427063834] [sage_mission_manager]: VALIDATED VIEWPOINT PUBLISHED
[INFO] [1790277427.629043876] [sage_mission_manager]: VIEWPOINT ACCEPTED | position=(-1.69, 6.52, -2.00) | distance_from_uav=2.75 m
[INFO] [1790277427.629586798] [sage_mission_manager]: VALIDATED VIEWPOINT PUBLISHED
[INFO] [1790277427.827729401] [sage_mission_manager]: VIEWPOINT ACCEPTED | position=(-1.37, 5.90, -2.00) | distance_from_uav=3.38 m
[INFO] [1790277427.828845268] [sage_mission_manager]: VALIDATED VIEWPOINT PUBLISHED
[INFO] [1790277428.029754090] [sage_mission_manager]: VIEWPOINT ACCEPTED | position=(-1.37, 5.90, -2.00) | distance_from_uav=3.26 m
[INFO] [1790277428.030289485] [sage_mission_manager]: VALIDATED VIEWPOINT PUBLISHED
[INFO] [1790277428.227257207] [sage_mission_manager]: VIEWPOINT ACCEPTED | position=(-1.37, 5.90, -2.00) | distance_from_uav=3.04 m
[INFO] [1790277428.228109529] [sage_mission_manager]: VALIDATED VIEWPOINT PUBLISHED
[INFO] [1790277428.427554178] [sage_mission_manager]: VIEWPOINT ACCEPTED | position=(-1.06, 5.27, -2.00) | distance_from_uav=3.40 m
[INFO] [1790277428.428129875] [sage_mission_manager]: VALIDATED VIEWPOINT PUBLISHED
[INFO] [1790277428.624095159] [sage_mission_manager]: VIEWPOINT ACCEPTED | position=(-1.06, 5.27, -2.00) | distance_from_uav=3.07 m
[INFO] [1790277428.624878558] [sage_mission_manager]: VALIDATED VIEWPOINT PUBLISHED
[INFO] [1790277428.829426651] [sage_mission_manager]: VIEWPOINT ACCEPTED | position=(-0.74, 4.65, -2.00) | distance_from_uav=3.45 m
[INFO] [1790277428.830208534] [sage_mission_manager]: VALIDATED VIEWPOINT PUBLISHED
[INFO] [1790277429.025914890] [sage_mission_manager]: VIEWPOINT ACCEPTED | position=(-0.74, 4.65, -2.00) | distance_from_uav=3.00 m
[INFO] [1790277429.026725374] [sage_mission_manager]: VALIDATED VIEWPOINT PUBLISHED
[INFO] [1790277429.233475286] [sage_mission_manager]: VIEWPOINT ACCEPTED | position=(-0.42, 4.02, -2.00) | distance_from_uav=3.27 m
[INFO] [1790277429.234423441] [sage_mission_manager]: VALIDATED VIEWPOINT PUBLISHED
[INFO] [1790277429.428086819] [sage_mission_manager]: VIEWPOINT ACCEPTED | position=(-0.11, 3.40, -2.00) | distance_from_uav=3.56 m
[INFO] [1790277429.428875260] [sage_mission_manager]: VALIDATED VIEWPOINT PUBLISHED
[INFO] [1790277429.639600916] [sage_mission_manager]: VIEWPOINT ACCEPTED | position=(-0.11, 3.40, -2.00) | distance_from_uav=3.15 m
[INFO] [1790277429.642526532] [sage_mission_manager]: VALIDATED VIEWPOINT PUBLISHED
[INFO] [1790277429.830357358] [sage_mission_manager]: VIEWPOINT ACCEPTED | position=(0.21, 2.78, -2.00) | distance_from_uav=3.47 m
[INFO] [1790277429.838016503] [sage_mission_manager]: VALIDATED VIEWPOINT PUBLISHED
[INFO] [1790277430.031197382] [sage_mission_manager]: VIEWPOINT ACCEPTED | position=(0.21, 2.78, -2.00) | distance_from_uav=3.02 m
[INFO] [1790277430.032625912] [sage_mission_manager]: VALIDATED VIEWPOINT PUBLISHED
[INFO] [1790277430.225340199] [sage_mission_manager]: VIEWPOINT ACCEPTED | position=(0.53, 2.15, -2.00) | distance_from_uav=3.30 m
[INFO] [1790277430.226174354] [sage_mission_manager]: VALIDATED VIEWPOINT PUBLISHED
[INFO] [1790277430.436063389] [sage_mission_manager]: VIEWPOINT ACCEPTED | position=(0.84, 1.53, -2.00) | distance_from_uav=3.56 m
[INFO] [1790277430.438346616] [sage_mission_manager]: VALIDATED VIEWPOINT PUBLISHED
[INFO] [1790277430.631861018] [sage_mission_manager]: VIEWPOINT ACCEPTED | position=(0.84, 1.53, -2.00) | distance_from_uav=3.14 m
[INFO] [1790277430.632732416] [sage_mission_manager]: VALIDATED VIEWPOINT PUBLISHED
[INFO] [1790277430.829311665] [sage_mission_manager]: VIEWPOINT ACCEPTED | position=(1.16, 0.90, -2.00) | distance_from_uav=3.41 m
[INFO] [1790277430.831574476] [sage_mission_manager]: VALIDATED VIEWPOINT PUBLISHED
[INFO] [1790277431.024852238] [sage_mission_manager]: VIEWPOINT ACCEPTED | position=(1.16, 0.90, -2.00) | distance_from_uav=3.01 m
[INFO] [1790277431.029521100] [sage_mission_manager]: VALIDATED VIEWPOINT PUBLISHED
[INFO] [1790277431.234250122] [sage_mission_manager]: VIEWPOINT ACCEPTED | position=(1.48, 0.28, -2.00) | distance_from_uav=3.27 m
[INFO] [1790277431.235411129] [sage_mission_manager]: VALIDATED VIEWPOINT PUBLISHED
[INFO] [1790277431.429005250] [sage_mission_manager]: VIEWPOINT ACCEPTED | position=(1.79, -0.34, -2.00) | distance_from_uav=3.56 m
[INFO] [1790277431.431126845] [sage_mission_manager]: VALIDATED VIEWPOINT PUBLISHED
[INFO] [1790277431.635424848] [sage_mission_manager]: VIEWPOINT ACCEPTED | position=(1.79, -0.34, -2.00) | distance_from_uav=3.14 m
[INFO] [1790277431.636070238] [sage_mission_manager]: VALIDATED VIEWPOINT PUBLISHED
[INFO] [1790277431.828420120] [sage_mission_manager]: VIEWPOINT ACCEPTED | position=(2.11, -0.97, -2.00) | distance_from_uav=3.49 m
[INFO] [1790277431.830758233] [sage_mission_manager]: VALIDATED VIEWPOINT PUBLISHED
[INFO] [1790277432.028092730] [sage_mission_manager]: VIEWPOINT ACCEPTED | position=(2.11, -0.97, -2.00) | distance_from_uav=3.01 m
[INFO] [1790277432.031747263] [sage_mission_manager]: VALIDATED VIEWPOINT PUBLISHED
[INFO] [1790277432.227113181] [sage_mission_manager]: VIEWPOINT ACCEPTED | position=(2.43, -1.59, -2.00) | distance_from_uav=3.37 m
[INFO] [1790277432.227652346] [sage_mission_manager]: VALIDATED VIEWPOINT PUBLISHED
[INFO] [1790277432.428209206] [sage_mission_manager]: VIEWPOINT ACCEPTED | position=(2.75, -2.22, -2.00) | distance_from_uav=3.57 m
[INFO] [1790277432.429842322] [sage_mission_manager]: VALIDATED VIEWPOINT PUBLISHED
[INFO] [1790277432.627759917] [sage_mission_manager]: VIEWPOINT ACCEPTED | position=(2.75, -2.22, -2.00) | distance_from_uav=3.15 m
[INFO] [1790277432.631104550] [sage_mission_manager]: VALIDATED VIEWPOINT PUBLISHED
[INFO] [1790277432.828266556] [sage_mission_manager]: VIEWPOINT ACCEPTED | position=(3.06, -2.84, -2.00) | distance_from_uav=3.48 m
[INFO] [1790277432.829048657] [sage_mission_manager]: VALIDATED VIEWPOINT PUBLISHED
[INFO] [1790277433.035695559] [sage_mission_manager]: VIEWPOINT ACCEPTED | position=(3.06, -2.84, -2.00) | distance_from_uav=3.03 m
[INFO] [1790277433.036276817] [sage_mission_manager]: VALIDATED VIEWPOINT PUBLISHED
[INFO] [1790277433.225294907] [sage_mission_manager]: VIEWPOINT ACCEPTED | position=(3.38, -3.47, -2.00) | distance_from_uav=3.30 m
[INFO] [1790277433.226211875] [sage_mission_manager]: VALIDATED VIEWPOINT PUBLISHED
[INFO] [1790277433.431201445] [sage_mission_manager]: VIEWPOINT ACCEPTED | position=(3.70, -4.09, -2.00) | distance_from_uav=3.57 m
[INFO] [1790277433.434690316] [sage_mission_manager]: VALIDATED VIEWPOINT PUBLISHED
[INFO] [1790277433.625931056] [sage_mission_manager]: VIEWPOINT ACCEPTED | position=(3.70, -4.09, -2.00) | distance_from_uav=3.10 m
[INFO] [1790277433.627397304] [sage_mission_manager]: VALIDATED VIEWPOINT PUBLISHED
[INFO] [1790277433.829611450] [sage_mission_manager]: VIEWPOINT ACCEPTED | position=(4.01, -4.71, -2.00) | distance_from_uav=3.37 m
[INFO] [1790277433.830153736] [sage_mission_manager]: VALIDATED VIEWPOINT PUBLISHED
[INFO] [1790277434.026782458] [sage_mission_manager]: VIEWPOINT ACCEPTED | position=(4.04, -4.76, -2.00) | distance_from_uav=3.03 m
[INFO] [1790277434.029729266] [sage_mission_manager]: VALIDATED VIEWPOINT PUBLISHED
[INFO] [1790277434.226623037] [sage_mission_manager]: VIEWPOINT ACCEPTED | position=(4.04, -4.76, -2.00) | distance_from_uav=2.62 m
[INFO] [1790277434.228005494] [sage_mission_manager]: VALIDATED VIEWPOINT PUBLISHED
[INFO] [1790277434.427431777] [sage_mission_manager]: VIEWPOINT ACCEPTED | position=(4.04, -4.76, -2.00) | distance_from_uav=2.22 m
[INFO] [1790277434.430133402] [sage_mission_manager]: VALIDATED VIEWPOINT PUBLISHED
[INFO] [1790277434.627058302] [sage_mission_manager]: VIEWPOINT ACCEPTED | position=(4.04, -4.76, -2.00) | distance_from_uav=1.78 m
[INFO] [1790277434.627915409] [sage_mission_manager]: VALIDATED VIEWPOINT PUBLISHED
[INFO] [1790277434.826757578] [sage_mission_manager]: VIEWPOINT ACCEPTED | position=(4.04, -4.76, -2.00) | distance_from_uav=1.42 m
[INFO] [1790277434.827322285] [sage_mission_manager]: VALIDATED VIEWPOINT PUBLISHED
[INFO] [1790277435.030439667] [sage_mission_manager]: VIEWPOINT ACCEPTED | position=(4.04, -4.76, -2.00) | distance_from_uav=1.03 m
[INFO] [1790277435.031437063] [sage_mission_manager]: VALIDATED VIEWPOINT PUBLISHED
[INFO] [1790277435.232565247] [sage_mission_manager]: VIEWPOINT ACCEPTED | position=(4.04, -4.76, -2.00) | distance_from_uav=0.71 m
[INFO] [1790277435.233190228] [sage_mission_manager]: VALIDATED VIEWPOINT PUBLISHED
[INFO] [1790277435.428766215] [sage_mission_manager]: VIEWPOINT ACCEPTED | position=(4.04, -4.76, -2.00) | distance_from_uav=0.50 m
[INFO] [1790277435.429437572] [sage_mission_manager]: VALIDATED VIEWPOINT PUBLISHED
[INFO] [1790277435.625719615] [sage_mission_manager]: VIEWPOINT ACCEPTED | position=(4.04, -4.76, -2.00) | distance_from_uav=0.29 m
[INFO] [1790277435.626781861] [sage_mission_manager]: VALIDATED VIEWPOINT PUBLISHED
[INFO] [1790277435.827832544] [sage_mission_manager]: VIEWPOINT ACCEPTED | position=(3.73, -5.39, -2.00) | distance_from_uav=0.80 m
[INFO] [1790277435.829271565] [sage_mission_manager]: VALIDATED VIEWPOINT PUBLISHED
[INFO] [1790277436.026040800] [sage_mission_manager]: VIEWPOINT ACCEPTED | position=(3.42, -6.02, -2.00) | distance_from_uav=1.42 m
[INFO] [1790277436.028303496] [sage_mission_manager]: VALIDATED VIEWPOINT PUBLISHED
[INFO] [1790277436.225443546] [sage_mission_manager]: VIEWPOINT ACCEPTED | position=(3.10, -6.64, -2.00) | distance_from_uav=2.05 m
[INFO] [1790277436.226270182] [sage_mission_manager]: VALIDATED VIEWPOINT PUBLISHED
[INFO] [1790277436.427358153] [sage_mission_manager]: VIEWPOINT ACCEPTED | position=(2.79, -7.27, -2.00) | distance_from_uav=2.67 m
[INFO] [1790277436.428057868] [sage_mission_manager]: VALIDATED VIEWPOINT PUBLISHED
[INFO] [1790277436.625394200] [sage_mission_manager]: VIEWPOINT ACCEPTED | position=(2.55, -7.76, -2.00) | distance_from_uav=3.11 m
[INFO] [1790277436.628824685] [sage_mission_manager]: VALIDATED VIEWPOINT PUBLISHED
[INFO] [1790277436.840456432] [sage_mission_manager]: VIEWPOINT ACCEPTED | position=(2.55, -7.76, -2.00) | distance_from_uav=2.93 m
[INFO] [1790277436.843890652] [sage_mission_manager]: VALIDATED VIEWPOINT PUBLISHED
[INFO] [1790277437.030216763] [sage_mission_manager]: VIEWPOINT ACCEPTED | position=(2.55, -7.76, -2.00) | distance_from_uav=2.66 m
[INFO] [1790277437.031342436] [sage_mission_manager]: VALIDATED VIEWPOINT PUBLISHED
[INFO] [1790277437.230403464] [sage_mission_manager]: VIEWPOINT ACCEPTED | position=(2.55, -7.76, -2.00) | distance_from_uav=2.31 m
[INFO] [1790277437.231172298] [sage_mission_manager]: VALIDATED VIEWPOINT PUBLISHED
[INFO] [1790277437.432220030] [sage_mission_manager]: VIEWPOINT ACCEPTED | position=(2.55, -7.76, -2.00) | distance_from_uav=1.93 m
[INFO] [1790277437.434160370] [sage_mission_manager]: VALIDATED VIEWPOINT PUBLISHED
[INFO] [1790277437.636156889] [sage_mission_manager]: VIEWPOINT ACCEPTED | position=(2.55, -7.76, -2.00) | distance_from_uav=1.57 m
[INFO] [1790277437.636762872] [sage_mission_manager]: VALIDATED VIEWPOINT PUBLISHED
[INFO] [1790277437.839961227] [sage_mission_manager]: VIEWPOINT ACCEPTED | position=(2.55, -7.76, -2.00) | distance_from_uav=1.17 m
[INFO] [1790277437.841935476] [sage_mission_manager]: VALIDATED VIEWPOINT PUBLISHED
[INFO] [1790277438.038056426] [sage_mission_manager]: VIEWPOINT ACCEPTED | position=(2.55, -7.76, -2.00) | distance_from_uav=0.86 m
[INFO] [1790277438.039866686] [sage_mission_manager]: VALIDATED VIEWPOINT PUBLISHED
[INFO] [1790277438.227036424] [sage_mission_manager]: VIEWPOINT ACCEPTED | position=(2.55, -7.76, -2.00) | distance_from_uav=0.59 m
[INFO] [1790277438.227884633] [sage_mission_manager]: VALIDATED VIEWPOINT PUBLISHED
[INFO] [1790277438.432792278] [sage_mission_manager]: VIEWPOINT ACCEPTED | position=(2.55, -7.76, -2.00) | distance_from_uav=0.36 m
[INFO] [1790277438.433552443] [sage_mission_manager]: VALIDATED VIEWPOINT PUBLISHED
[INFO] [1790277438.631133163] [sage_mission_manager]: VIEWPOINT ACCEPTED | position=(2.55, -7.76, -2.00) | distance_from_uav=0.22 m
[INFO] [1790277438.631850137] [sage_mission_manager]: VALIDATED VIEWPOINT PUBLISHED
[INFO] [1790277438.829020732] [sage_mission_manager]: VIEWPOINT ACCEPTED | position=(2.55, -7.76, -2.00) | distance_from_uav=0.10 m
[INFO] [1790277438.829665581] [sage_mission_manager]: VALIDATED VIEWPOINT PUBLISHED
[INFO] [1790277439.030027034] [sage_mission_manager]: VIEWPOINT ACCEPTED | position=(2.55, -7.76, -2.00) | distance_from_uav=0.05 m
[INFO] [1790277439.030777037] [sage_mission_manager]: VALIDATED VIEWPOINT PUBLISHED
[INFO] [1790277439.234722179] [sage_mission_manager]: VIEWPOINT ACCEPTED | position=(2.55, -7.76, -2.00) | distance_from_uav=0.10 m
[INFO] [1790277439.237640092] [sage_mission_manager]: VALIDATED VIEWPOINT PUBLISHED
[INFO] [1790277439.431364396] [sage_mission_manager]: VIEWPOINT ACCEPTED | position=(2.55, -7.76, -2.00) | distance_from_uav=0.15 m
[INFO] [1790277439.432148230] [sage_mission_manager]: VALIDATED VIEWPOINT PUBLISHED
[INFO] [1790277439.635446788] [sage_mission_manager]: VIEWPOINT ACCEPTED | position=(2.55, -7.76, -2.00) | distance_from_uav=0.19 m
[INFO] [1790277439.636454072] [sage_mission_manager]: VALIDATED VIEWPOINT PUBLISHED
[INFO] [1790277439.839019401] [sage_mission_manager]: VIEWPOINT ACCEPTED | position=(2.55, -7.76, -2.00) | distance_from_uav=0.22 m
[INFO] [1790277439.840793747] [sage_mission_manager]: VALIDATED VIEWPOINT PUBLISHED
[INFO] [1790277440.025679202] [sage_mission_manager]: VIEWPOINT ACCEPTED | position=(2.55, -7.76, -2.00) | distance_from_uav=0.23 m
[INFO] [1790277440.027519773] [sage_mission_manager]: VALIDATED VIEWPOINT PUBLISHED
[INFO] [1790277440.228043604] [sage_mission_manager]: VIEWPOINT ACCEPTED | position=(2.55, -7.76, -2.00) | distance_from_uav=0.23 m
[INFO] [1790277440.228783636] [sage_mission_manager]: VALIDATED VIEWPOINT PUBLISHED
[INFO] [1790277440.427572094] [sage_mission_manager]: VIEWPOINT ACCEPTED | position=(2.55, -7.76, -2.00) | distance_from_uav=0.23 m
[INFO] [1790277440.428448287] [sage_mission_manager]: VALIDATED VIEWPOINT PUBLISHED
[INFO] [1790277440.634690748] [sage_mission_manager]: VIEWPOINT ACCEPTED | position=(2.55, -7.76, -2.00) | distance_from_uav=0.23 m
[INFO] [1790277440.635716013] [sage_mission_manager]: VALIDATED VIEWPOINT PUBLISHED
[INFO] [1790277440.828694011] [sage_mission_manager]: VIEWPOINT ACCEPTED | position=(2.55, -7.76, -2.00) | distance_from_uav=0.22 m
[INFO] [1790277440.829434591] [sage_mission_manager]: VALIDATED VIEWPOINT PUBLISHED
[INFO] [1790277441.041751229] [sage_mission_manager]: VIEWPOINT ACCEPTED | position=(2.55, -7.76, -2.00) | distance_from_uav=0.21 m
[INFO] [1790277441.042425933] [sage_mission_manager]: VALIDATED VIEWPOINT PUBLISHED
[INFO] [1790277441.231255060] [sage_mission_manager]: VIEWPOINT ACCEPTED | position=(2.55, -7.76, -2.00) | distance_from_uav=0.20 m
[INFO] [1790277441.232115376] [sage_mission_manager]: VALIDATED VIEWPOINT PUBLISHED
[INFO] [1790277441.431271096] [sage_mission_manager]: VIEWPOINT ACCEPTED | position=(2.55, -7.76, -2.00) | distance_from_uav=0.19 m
[INFO] [1790277441.434986728] [sage_mission_manager]: VALIDATED VIEWPOINT PUBLISHED
[INFO] [1790277441.635118723] [sage_mission_manager]: VIEWPOINT ACCEPTED | position=(2.55, -7.76, -2.00) | distance_from_uav=0.18 m
[INFO] [1790277441.639083834] [sage_mission_manager]: VALIDATED VIEWPOINT PUBLISHED
[INFO] [1790277441.832304948] [sage_mission_manager]: VIEWPOINT ACCEPTED | position=(2.55, -7.76, -2.00) | distance_from_uav=0.17 m
[INFO] [1790277441.832865773] [sage_mission_manager]: VALIDATED VIEWPOINT PUBLISHED
[INFO] [1790277442.033633178] [sage_mission_manager]: VIEWPOINT ACCEPTED | position=(2.55, -7.76, -2.00) | distance_from_uav=0.16 m
[INFO] [1790277442.034396028] [sage_mission_manager]: VALIDATED VIEWPOINT PUBLISHED
[INFO] [1790277442.230305374] [sage_mission_manager]: VIEWPOINT ACCEPTED | position=(2.55, -7.76, -2.00) | distance_from_uav=0.15 m
[INFO] [1790277442.230886167] [sage_mission_manager]: VALIDATED VIEWPOINT PUBLISHED
[INFO] [1790277442.434628472] [sage_mission_manager]: VIEWPOINT ACCEPTED | position=(2.55, -7.76, -2.00) | distance_from_uav=0.14 m
[INFO] [1790277442.435701140] [sage_mission_manager]: VALIDATED VIEWPOINT PUBLISHED
[INFO] [1790277442.632738329] [sage_mission_manager]: VIEWPOINT ACCEPTED | position=(2.55, -7.76, -2.00) | distance_from_uav=0.13 m
[INFO] [1790277442.637271558] [sage_mission_manager]: VALIDATED VIEWPOINT PUBLISHED
[INFO] [1790277442.838726543] [sage_mission_manager]: VIEWPOINT ACCEPTED | position=(2.55, -7.76, -2.00) | distance_from_uav=0.13 m
[INFO] [1790277442.839513666] [sage_mission_manager]: VALIDATED VIEWPOINT PUBLISHED
[INFO] [1790277443.038592681] [sage_mission_manager]: VIEWPOINT ACCEPTED | position=(2.55, -7.76, -2.00) | distance_from_uav=0.13 m
[INFO] [1790277443.039370129] [sage_mission_manager]: VALIDATED VIEWPOINT PUBLISHED
[INFO] [1790277443.226389358] [sage_mission_manager]: VIEWPOINT ACCEPTED | position=(2.55, -7.76, -2.00) | distance_from_uav=0.13 m
[INFO] [1790277443.227071125] [sage_mission_manager]: VALIDATED VIEWPOINT PUBLISHED
[INFO] [1790277443.441757358] [sage_mission_manager]: VIEWPOINT ACCEPTED | position=(2.55, -7.76, -2.00) | distance_from_uav=0.12 m
[INFO] [1790277443.442450422] [sage_mission_manager]: VALIDATED VIEWPOINT PUBLISHED
[INFO] [1790277443.627639221] [sage_mission_manager]: VIEWPOINT ACCEPTED | position=(2.55, -7.76, -2.00) | distance_from_uav=0.12 m
[INFO] [1790277443.628433959] [sage_mission_manager]: VALIDATED VIEWPOINT PUBLISHED
[INFO] [1790277443.835336317] [sage_mission_manager]: VIEWPOINT ACCEPTED | position=(2.55, -7.76, -2.00) | distance_from_uav=0.13 m
[INFO] [1790277443.837394090] [sage_mission_manager]: VALIDATED VIEWPOINT PUBLISHED
[INFO] [1790277444.031938829] [sage_mission_manager]: VIEWPOINT ACCEPTED | position=(2.55, -7.76, -2.00) | distance_from_uav=0.13 m
[INFO] [1790277444.033587743] [sage_mission_manager]: VALIDATED VIEWPOINT PUBLISHED
[INFO] [1790277444.230156108] [sage_mission_manager]: VIEWPOINT ACCEPTED | position=(2.55, -7.76, -2.00) | distance_from_uav=0.14 m
[INFO] [1790277444.230751892] [sage_mission_manager]: VALIDATED VIEWPOINT PUBLISHED
[INFO] [1790277444.435802879] [sage_mission_manager]: VIEWPOINT ACCEPTED | position=(2.55, -7.76, -2.00) | distance_from_uav=0.15 m
[INFO] [1790277444.436383714] [sage_mission_manager]: VALIDATED VIEWPOINT PUBLISHED
[INFO] [1790277444.628720774] [sage_mission_manager]: VIEWPOINT ACCEPTED | position=(2.55, -7.76, -2.00) | distance_from_uav=0.16 m
[INFO] [1790277444.629447538] [sage_mission_manager]: VALIDATED VIEWPOINT PUBLISHED
[INFO] [1790277444.831723290] [sage_mission_manager]: VIEWPOINT ACCEPTED | position=(2.55, -7.76, -2.00) | distance_from_uav=0.17 m
[INFO] [1790277444.832292294] [sage_mission_manager]: VALIDATED VIEWPOINT PUBLISHED
[INFO] [1790277445.033304980] [sage_mission_manager]: VIEWPOINT ACCEPTED | position=(2.55, -7.76, -2.00) | distance_from_uav=0.18 m
[INFO] [1790277445.037279498] [sage_mission_manager]: VALIDATED VIEWPOINT PUBLISHED
[INFO] [1790277445.228007800] [sage_mission_manager]: VIEWPOINT ACCEPTED | position=(2.55, -7.76, -2.00) | distance_from_uav=0.18 m
[INFO] [1790277445.228671429] [sage_mission_manager]: VALIDATED VIEWPOINT PUBLISHED
[INFO] [1790277445.430094637] [sage_mission_manager]: VIEWPOINT ACCEPTED | position=(2.55, -7.76, -2.00) | distance_from_uav=0.18 m
[INFO] [1790277445.430948515] [sage_mission_manager]: VALIDATED VIEWPOINT PUBLISHED
[INFO] [1790277445.640014112] [sage_mission_manager]: VIEWPOINT ACCEPTED | position=(2.55, -7.76, -2.00) | distance_from_uav=0.18 m
[INFO] [1790277445.640799177] [sage_mission_manager]: VALIDATED VIEWPOINT PUBLISHED
[INFO] [1790277445.840354528] [sage_mission_manager]: VIEWPOINT ACCEPTED | position=(2.55, -7.76, -2.00) | distance_from_uav=0.18 m
[INFO] [1790277445.840904269] [sage_mission_manager]: VALIDATED VIEWPOINT PUBLISHED
[INFO] [1790277446.032719420] [sage_mission_manager]: VIEWPOINT ACCEPTED | position=(2.55, -7.76, -2.00) | distance_from_uav=0.17 m
[INFO] [1790277446.033644566] [sage_mission_manager]: VALIDATED VIEWPOINT PUBLISHED
[INFO] [1790277446.229269133] [sage_mission_manager]: VIEWPOINT ACCEPTED | position=(2.55, -7.76, -2.00) | distance_from_uav=0.16 m
[INFO] [1790277446.230424686] [sage_mission_manager]: VALIDATED VIEWPOINT PUBLISHED
[INFO] [1790277446.439374571] [sage_mission_manager]: VIEWPOINT ACCEPTED | position=(2.55, -7.76, -2.00) | distance_from_uav=0.16 m
[INFO] [1790277446.440828746] [sage_mission_manager]: VALIDATED VIEWPOINT PUBLISHED
[INFO] [1790277446.629605767] [sage_mission_manager]: VIEWPOINT ACCEPTED | position=(2.55, -7.76, -2.00) | distance_from_uav=0.16 m
[INFO] [1790277446.630191304] [sage_mission_manager]: VALIDATED VIEWPOINT PUBLISHED
[INFO] [1790277446.840842885] [sage_mission_manager]: VIEWPOINT ACCEPTED | position=(2.55, -7.76, -2.00) | distance_from_uav=0.15 m
[INFO] [1790277446.841593001] [sage_mission_manager]: VALIDATED VIEWPOINT PUBLISHED
[INFO] [1790277447.029690714] [sage_mission_manager]: VIEWPOINT ACCEPTED | position=(2.55, -7.76, -2.00) | distance_from_uav=0.15 m
[INFO] [1790277447.035153080] [sage_mission_manager]: VALIDATED VIEWPOINT PUBLISHED
[INFO] [1790277447.233602670] [sage_mission_manager]: VIEWPOINT ACCEPTED | position=(2.55, -7.76, -2.00) | distance_from_uav=0.15 m
[INFO] [1790277447.235522764] [sage_mission_manager]: VALIDATED VIEWPOINT PUBLISHED
[INFO] [1790277447.428567586] [sage_mission_manager]: VIEWPOINT ACCEPTED | position=(2.55, -7.76, -2.00) | distance_from_uav=0.15 m
[INFO] [1790277447.429571574] [sage_mission_manager]: VALIDATED VIEWPOINT PUBLISHED
[INFO] [1790277447.631621200] [sage_mission_manager]: VIEWPOINT ACCEPTED | position=(2.55, -7.76, -2.00) | distance_from_uav=0.15 m
[INFO] [1790277447.632596138] [sage_mission_manager]: VALIDATED VIEWPOINT PUBLISHED
[INFO] [1790277447.840191160] [sage_mission_manager]: VIEWPOINT ACCEPTED | position=(2.55, -7.76, -2.00) | distance_from_uav=0.15 m
[INFO] [1790277447.840749324] [sage_mission_manager]: VALIDATED VIEWPOINT PUBLISHED
[INFO] [1790277448.034040679] [sage_mission_manager]: VIEWPOINT ACCEPTED | position=(2.55, -7.76, -2.00) | distance_from_uav=0.15 m
[INFO] [1790277448.034702696] [sage_mission_manager]: VALIDATED VIEWPOINT PUBLISHED
[INFO] [1790277448.230374941] [sage_mission_manager]: VIEWPOINT ACCEPTED | position=(2.55, -7.76, -2.00) | distance_from_uav=0.15 m
[INFO] [1790277448.233228712] [sage_mission_manager]: VALIDATED VIEWPOINT PUBLISHED
[INFO] [1790277448.432600578] [sage_mission_manager]: VIEWPOINT ACCEPTED | position=(2.55, -7.76, -2.00) | distance_from_uav=0.15 m
[INFO] [1790277448.435489128] [sage_mission_manager]: VALIDATED VIEWPOINT PUBLISHED
[INFO] [1790277448.629886264] [sage_mission_manager]: VIEWPOINT ACCEPTED | position=(2.55, -7.76, -2.00) | distance_from_uav=0.15 m
[INFO] [1790277448.632101698] [sage_mission_manager]: VALIDATED VIEWPOINT PUBLISHED
[INFO] [1790277448.836899581] [sage_mission_manager]: VIEWPOINT ACCEPTED | position=(2.55, -7.76, -2.00) | distance_from_uav=0.15 m
[INFO] [1790277448.838764003] [sage_mission_manager]: VALIDATED VIEWPOINT PUBLISHED
[INFO] [1790277449.032486588] [sage_mission_manager]: VIEWPOINT ACCEPTED | position=(2.55, -7.76, -2.00) | distance_from_uav=0.14 m
[INFO] [1790277449.041963199] [sage_mission_manager]: VALIDATED VIEWPOINT PUBLISHED
[INFO] [1790277449.229859338] [sage_mission_manager]: VIEWPOINT ACCEPTED | position=(2.55, -7.76, -2.00) | distance_from_uav=0.15 m
[INFO] [1790277449.230690997] [sage_mission_manager]: VALIDATED VIEWPOINT PUBLISHED
[INFO] [1790277449.437328157] [sage_mission_manager]: VIEWPOINT ACCEPTED | position=(2.55, -7.76, -2.00) | distance_from_uav=0.15 m
[INFO] [1790277449.438285018] [sage_mission_manager]: VALIDATED VIEWPOINT PUBLISHED
[INFO] [1790277449.627015581] [sage_mission_manager]: VIEWPOINT ACCEPTED | position=(2.55, -7.76, -2.00) | distance_from_uav=0.15 m
[INFO] [1790277449.627833585] [sage_mission_manager]: VALIDATED VIEWPOINT PUBLISHED
[INFO] [1790277449.832769599] [sage_mission_manager]: VIEWPOINT ACCEPTED | position=(2.55, -7.76, -2.00) | distance_from_uav=0.14 m
[INFO] [1790277449.833333874] [sage_mission_manager]: VALIDATED VIEWPOINT PUBLISHED
[INFO] [1790277450.034615936] [sage_mission_manager]: VIEWPOINT ACCEPTED | position=(2.55, -7.76, -2.00) | distance_from_uav=0.14 m
[INFO] [1790277450.040948902] [sage_mission_manager]: VALIDATED VIEWPOINT PUBLISHED
[INFO] [1790277450.236569260] [sage_mission_manager]: VIEWPOINT ACCEPTED | position=(2.55, -7.76, -2.00) | distance_from_uav=0.14 m
[INFO] [1790277450.237316557] [sage_mission_manager]: VALIDATED VIEWPOINT PUBLISHED
[INFO] [1790277450.440897941] [sage_mission_manager]: VIEWPOINT ACCEPTED | position=(2.55, -7.76, -2.00) | distance_from_uav=0.14 m
[INFO] [1790277450.441515012] [sage_mission_manager]: VALIDATED VIEWPOINT PUBLISHED
[INFO] [1790277450.628458855] [sage_mission_manager]: VIEWPOINT ACCEPTED | position=(2.55, -7.76, -2.00) | distance_from_uav=0.14 m
[INFO] [1790277450.630175569] [sage_mission_manager]: VALIDATED VIEWPOINT PUBLISHED
[INFO] [1790277450.837695798] [sage_mission_manager]: VIEWPOINT ACCEPTED | position=(2.55, -7.76, -2.00) | distance_from_uav=0.14 m
[INFO] [1790277450.838628611] [sage_mission_manager]: VALIDATED VIEWPOINT PUBLISHED
[INFO] [1790277451.035460921] [sage_mission_manager]: VIEWPOINT ACCEPTED | position=(2.55, -7.76, -2.00) | distance_from_uav=0.14 m
[INFO] [1790277451.036664377] [sage_mission_manager]: VALIDATED VIEWPOINT PUBLISHED
[INFO] [1790277451.231468515] [sage_mission_manager]: VIEWPOINT ACCEPTED | position=(2.55, -7.76, -2.00) | distance_from_uav=0.14 m
[INFO] [1790277451.232294844] [sage_mission_manager]: VALIDATED VIEWPOINT PUBLISHED
[INFO] [1790277451.439602400] [sage_mission_manager]: VIEWPOINT ACCEPTED | position=(2.55, -7.76, -2.00) | distance_from_uav=0.14 m
[INFO] [1790277451.440264614] [sage_mission_manager]: VALIDATED VIEWPOINT PUBLISHED
[INFO] [1790277451.635805902] [sage_mission_manager]: VIEWPOINT ACCEPTED | position=(2.55, -7.76, -2.00) | distance_from_uav=0.13 m
[INFO] [1790277451.636364490] [sage_mission_manager]: VALIDATED VIEWPOINT PUBLISHED
[INFO] [1790277451.839429521] [sage_mission_manager]: VIEWPOINT ACCEPTED | position=(2.55, -7.76, -2.00) | distance_from_uav=0.12 m
[INFO] [1790277451.841843953] [sage_mission_manager]: VALIDATED VIEWPOINT PUBLISHED
[INFO] [1790277452.029462565] [sage_mission_manager]: VIEWPOINT ACCEPTED | position=(2.55, -6.95, -2.00) | distance_from_uav=0.70 m
[INFO] [1790277452.030127031] [sage_mission_manager]: VALIDATED VIEWPOINT PUBLISHED
[INFO] [1790277452.228203899] [sage_mission_manager]: VIEWPOINT ACCEPTED | position=(2.56, -6.25, -2.00) | distance_from_uav=1.41 m
[INFO] [1790277452.229044049] [sage_mission_manager]: VALIDATED VIEWPOINT PUBLISHED
[INFO] [1790277452.428914699] [sage_mission_manager]: VIEWPOINT ACCEPTED | position=(2.57, -5.55, -2.00) | distance_from_uav=2.11 m
[INFO] [1790277452.429525377] [sage_mission_manager]: VALIDATED VIEWPOINT PUBLISHED
[INFO] [1790277452.626368073] [sage_mission_manager]: VIEWPOINT ACCEPTED | position=(2.58, -4.85, -2.00) | distance_from_uav=2.77 m
[INFO] [1790277452.627322109] [sage_mission_manager]: VALIDATED VIEWPOINT PUBLISHED
[INFO] [1790277452.836381252] [sage_mission_manager]: VIEWPOINT ACCEPTED | position=(2.59, -4.15, -2.00) | distance_from_uav=3.37 m
[INFO] [1790277452.840659435] [sage_mission_manager]: VALIDATED VIEWPOINT PUBLISHED
[INFO] [1790277453.033962931] [sage_mission_manager]: VIEWPOINT ACCEPTED | position=(2.59, -4.15, -2.00) | distance_from_uav=3.20 m
[INFO] [1790277453.038202930] [sage_mission_manager]: VALIDATED VIEWPOINT PUBLISHED
[INFO] [1790277453.233626219] [sage_mission_manager]: VIEWPOINT ACCEPTED | position=(2.60, -3.45, -2.00) | distance_from_uav=3.64 m
[INFO] [1790277453.234369452] [sage_mission_manager]: VALIDATED VIEWPOINT PUBLISHED
[INFO] [1790277453.423472945] [sage_mission_manager]: VIEWPOINT ACCEPTED | position=(2.60, -3.45, -2.00) | distance_from_uav=3.33 m
[INFO] [1790277453.424142798] [sage_mission_manager]: VALIDATED VIEWPOINT PUBLISHED
[INFO] [1790277453.624703781] [sage_mission_manager]: VIEWPOINT ACCEPTED | position=(2.31, -2.81, -2.00) | distance_from_uav=3.58 m
[INFO] [1790277453.625405789] [sage_mission_manager]: VALIDATED VIEWPOINT PUBLISHED
[INFO] [1790277453.827446316] [sage_mission_manager]: VIEWPOINT ACCEPTED | position=(2.31, -2.81, -2.00) | distance_from_uav=3.14 m
[INFO] [1790277453.828187929] [sage_mission_manager]: VALIDATED VIEWPOINT PUBLISHED
[INFO] [1790277454.023185952] [sage_mission_manager]: VIEWPOINT ACCEPTED | position=(2.03, -2.18, -2.00) | distance_from_uav=3.42 m
[INFO] [1790277454.023993298] [sage_mission_manager]: VALIDATED VIEWPOINT PUBLISHED
[INFO] [1790277454.225266313] [sage_mission_manager]: VIEWPOINT ACCEPTED | position=(1.74, -1.54, -2.00) | distance_from_uav=3.61 m
[INFO] [1790277454.225945150] [sage_mission_manager]: VALIDATED VIEWPOINT PUBLISHED
[INFO] [1790277454.434218885] [sage_mission_manager]: VIEWPOINT ACCEPTED | position=(1.74, -1.54, -2.00) | distance_from_uav=3.19 m
[INFO] [1790277454.435203037] [sage_mission_manager]: VALIDATED VIEWPOINT PUBLISHED
[INFO] [1790277454.624816895] [sage_mission_manager]: VIEWPOINT ACCEPTED | position=(1.45, -0.90, -2.00) | distance_from_uav=3.46 m
[INFO] [1790277454.625368400] [sage_mission_manager]: VALIDATED VIEWPOINT PUBLISHED
[INFO] [1790277454.828045960] [sage_mission_manager]: VIEWPOINT ACCEPTED | position=(1.45, -0.90, -2.00) | distance_from_uav=3.00 m
[INFO] [1790277454.828609867] [sage_mission_manager]: VALIDATED VIEWPOINT PUBLISHED
[INFO] [1790277455.025207666] [sage_mission_manager]: VIEWPOINT ACCEPTED | position=(1.16, -0.26, -2.00) | distance_from_uav=3.26 m
[INFO] [1790277455.025754213] [sage_mission_manager]: VALIDATED VIEWPOINT PUBLISHED
[INFO] [1790277455.230252524] [sage_mission_manager]: VIEWPOINT ACCEPTED | position=(0.88, 0.38, -2.00) | distance_from_uav=3.55 m
[INFO] [1790277455.231112227] [sage_mission_manager]: VALIDATED VIEWPOINT PUBLISHED
[INFO] [1790277455.424537439] [sage_mission_manager]: VIEWPOINT ACCEPTED | position=(0.88, 0.38, -2.00) | distance_from_uav=3.12 m
[INFO] [1790277455.425294522] [sage_mission_manager]: VALIDATED VIEWPOINT PUBLISHED
[INFO] [1790277455.628055951] [sage_mission_manager]: VIEWPOINT ACCEPTED | position=(0.59, 1.02, -2.00) | distance_from_uav=3.43 m
[INFO] [1790277455.628628945] [sage_mission_manager]: VALIDATED VIEWPOINT PUBLISHED
[INFO] [1790277455.826752209] [sage_mission_manager]: VIEWPOINT ACCEPTED | position=(0.30, 1.65, -2.00) | distance_from_uav=3.63 m
[INFO] [1790277455.827615452] [sage_mission_manager]: VALIDATED VIEWPOINT PUBLISHED
[INFO] [1790277456.032183662] [sage_mission_manager]: VIEWPOINT ACCEPTED | position=(0.30, 1.65, -2.00) | distance_from_uav=3.13 m
[INFO] [1790277456.032918385] [sage_mission_manager]: VALIDATED VIEWPOINT PUBLISHED
[INFO] [1790277456.226034134] [sage_mission_manager]: VIEWPOINT ACCEPTED | position=(0.02, 2.29, -2.00) | distance_from_uav=3.38 m
[INFO] [1790277456.227142967] [sage_mission_manager]: VALIDATED VIEWPOINT PUBLISHED
[INFO] [1790277456.423156944] [sage_mission_manager]: VIEWPOINT ACCEPTED | position=(-0.27, 2.93, -2.00) | distance_from_uav=3.63 m
[INFO] [1790277456.426180747] [sage_mission_manager]: VALIDATED VIEWPOINT PUBLISHED
[INFO] [1790277456.630650207] [sage_mission_manager]: VIEWPOINT ACCEPTED | position=(-0.27, 2.93, -2.00) | distance_from_uav=3.13 m
[INFO] [1790277456.631612046] [sage_mission_manager]: VALIDATED VIEWPOINT PUBLISHED
[INFO] [1790277456.824479127] [sage_mission_manager]: VIEWPOINT ACCEPTED | position=(-0.56, 3.57, -2.00) | distance_from_uav=3.39 m
[INFO] [1790277456.826571878] [sage_mission_manager]: VALIDATED VIEWPOINT PUBLISHED
[INFO] [1790277457.023574903] [sage_mission_manager]: VIEWPOINT ACCEPTED | position=(-0.85, 4.21, -2.00) | distance_from_uav=3.64 m
[INFO] [1790277457.026006832] [sage_mission_manager]: VALIDATED VIEWPOINT PUBLISHED
[INFO] [1790277457.230011658] [sage_mission_manager]: VIEWPOINT ACCEPTED | position=(-0.85, 4.21, -2.00) | distance_from_uav=3.16 m
[INFO] [1790277457.231642484] [sage_mission_manager]: VALIDATED VIEWPOINT PUBLISHED
[WARN] [1790277457.438315543] [sage_mission_manager]: VIEWPOINT REJECTED | viewpoint jump too large: 3.15 m
[WARN] [1790277457.630321331] [sage_mission_manager]: VIEWPOINT REJECTED | viewpoint jump too large: 3.71 m
[WARN] [1790277457.829479107] [sage_mission_manager]: VIEWPOINT REJECTED | viewpoint jump too large: 4.29 m
[WARN] [1790277458.031671077] [sage_mission_manager]: VIEWPOINT REJECTED | viewpoint jump too large: 4.29 m
[WARN] [1790277458.229711119] [sage_mission_manager]: VIEWPOINT REJECTED | viewpoint jump too large: 4.29 m
[WARN] [1790277458.431603038] [sage_mission_manager]: VIEWPOINT REJECTED | viewpoint jump too large: 4.29 m
[WARN] [1790277458.626397607] [sage_mission_manager]: VIEWPOINT REJECTED | viewpoint jump too large: 4.29 m
[WARN] [1790277458.829859300] [sage_mission_manager]: VIEWPOINT REJECTED | viewpoint jump too large: 4.29 m
[WARN] [1790277459.038500902] [sage_mission_manager]: VIEWPOINT REJECTED | viewpoint jump too large: 4.29 m
[WARN] [1790277459.224738527] [sage_mission_manager]: VIEWPOINT REJECTED | viewpoint jump too large: 4.29 m
[WARN] [1790277459.425950653] [sage_mission_manager]: VIEWPOINT REJECTED | viewpoint jump too large: 4.29 m
[WARN] [1790277459.624636785] [sage_mission_manager]: VIEWPOINT REJECTED | viewpoint jump too large: 4.29 m
[WARN] [1790277459.827321866] [sage_mission_manager]: VIEWPOINT REJECTED | viewpoint jump too large: 4.29 m
[WARN] [1790277460.036682307] [sage_mission_manager]: VIEWPOINT REJECTED | viewpoint jump too large: 4.29 m
[WARN] [1790277460.224045706] [sage_mission_manager]: VIEWPOINT REJECTED | viewpoint jump too large: 4.29 m
[INFO] [1790277460.428300055] [sage_mission_manager]: Previous viewpoint is stale: jump check reset.
[INFO] [1790277460.428989485] [sage_mission_manager]: VIEWPOINT ACCEPTED | position=(2.40, 1.40, -2.00) | distance_from_uav=4.63 m
[INFO] [1790277460.432595697] [sage_mission_manager]: VALIDATED VIEWPOINT PUBLISHED
[INFO] [1790277460.631415064] [sage_mission_manager]: VIEWPOINT ACCEPTED | position=(2.40, 1.40, -2.00) | distance_from_uav=4.61 m
[INFO] [1790277460.636432422] [sage_mission_manager]: VALIDATED VIEWPOINT PUBLISHED
[INFO] [1790277460.840203428] [sage_mission_manager]: VIEWPOINT ACCEPTED | position=(2.40, 1.40, -2.00) | distance_from_uav=4.55 m
[INFO] [1790277460.842791096] [sage_mission_manager]: VALIDATED VIEWPOINT PUBLISHED
[INFO] [1790277461.027007268] [sage_mission_manager]: VIEWPOINT ACCEPTED | position=(2.40, 1.40, -2.00) | distance_from_uav=4.43 m
[INFO] [1790277461.027763406] [sage_mission_manager]: VALIDATED VIEWPOINT PUBLISHED
[INFO] [1790277461.225461538] [sage_mission_manager]: VIEWPOINT ACCEPTED | position=(2.40, 1.40, -2.00) | distance_from_uav=4.16 m
[INFO] [1790277461.226371382] [sage_mission_manager]: VALIDATED VIEWPOINT PUBLISHED
[INFO] [1790277461.428214413] [sage_mission_manager]: VIEWPOINT ACCEPTED | position=(2.40, 1.40, -2.00) | distance_from_uav=3.85 m
[INFO] [1790277461.428751809] [sage_mission_manager]: VALIDATED VIEWPOINT PUBLISHED
[INFO] [1790277461.634917186] [sage_mission_manager]: VIEWPOINT ACCEPTED | position=(2.40, 1.40, -2.00) | distance_from_uav=3.52 m
[INFO] [1790277461.638427360] [sage_mission_manager]: VALIDATED VIEWPOINT PUBLISHED
[INFO] [1790277461.829477055] [sage_mission_manager]: VIEWPOINT ACCEPTED | position=(2.40, 1.40, -2.00) | distance_from_uav=3.02 m
[INFO] [1790277461.830661694] [sage_mission_manager]: VALIDATED VIEWPOINT PUBLISHED
[INFO] [1790277462.024972714] [sage_mission_manager]: VIEWPOINT ACCEPTED | position=(3.10, 1.43, -2.00) | distance_from_uav=3.15 m
[INFO] [1790277462.025696856] [sage_mission_manager]: VALIDATED VIEWPOINT PUBLISHED
[INFO] [1790277462.236570080] [sage_mission_manager]: VIEWPOINT ACCEPTED | position=(3.61, 1.45, -2.00) | distance_from_uav=3.20 m
[INFO] [1790277462.237153734] [sage_mission_manager]: VALIDATED VIEWPOINT PUBLISHED
[INFO] [1790277462.433405946] [sage_mission_manager]: VIEWPOINT ACCEPTED | position=(3.61, 1.45, -2.00) | distance_from_uav=2.74 m
[INFO] [1790277462.434532441] [sage_mission_manager]: VALIDATED VIEWPOINT PUBLISHED
[INFO] [1790277462.638389388] [sage_mission_manager]: VIEWPOINT ACCEPTED | position=(3.61, 1.45, -2.00) | distance_from_uav=2.39 m
[INFO] [1790277462.639822383] [sage_mission_manager]: VALIDATED VIEWPOINT PUBLISHED
[INFO] [1790277462.825912362] [sage_mission_manager]: VIEWPOINT ACCEPTED | position=(3.61, 1.45, -2.00) | distance_from_uav=2.03 m
[INFO] [1790277462.826585546] [sage_mission_manager]: VALIDATED VIEWPOINT PUBLISHED
[INFO] [1790277463.037269706] [sage_mission_manager]: VIEWPOINT ACCEPTED | position=(3.61, 1.45, -2.00) | distance_from_uav=1.64 m
[INFO] [1790277463.037900172] [sage_mission_manager]: VALIDATED VIEWPOINT PUBLISHED
[INFO] [1790277463.235310509] [sage_mission_manager]: VIEWPOINT ACCEPTED | position=(3.61, 1.45, -2.00) | distance_from_uav=1.36 m
[INFO] [1790277463.236461523] [sage_mission_manager]: VALIDATED VIEWPOINT PUBLISHED
[INFO] [1790277463.433015720] [sage_mission_manager]: VIEWPOINT ACCEPTED | position=(3.61, 1.45, -2.00) | distance_from_uav=1.06 m
[INFO] [1790277463.434627943] [sage_mission_manager]: VALIDATED VIEWPOINT PUBLISHED
[INFO] [1790277463.623527597] [sage_mission_manager]: VIEWPOINT ACCEPTED | position=(3.61, 1.45, -2.00) | distance_from_uav=0.80 m
[INFO] [1790277463.625698184] [sage_mission_manager]: VALIDATED VIEWPOINT PUBLISHED
[INFO] [1790277463.825489136] [sage_mission_manager]: VIEWPOINT ACCEPTED | position=(3.61, 1.45, -2.00) | distance_from_uav=0.60 m
[INFO] [1790277463.826240507] [sage_mission_manager]: VALIDATED VIEWPOINT PUBLISHED
[INFO] [1790277464.027751418] [sage_mission_manager]: VIEWPOINT ACCEPTED | position=(3.61, 1.45, -2.00) | distance_from_uav=0.41 m
[INFO] [1790277464.028490194] [sage_mission_manager]: VALIDATED VIEWPOINT PUBLISHED
[INFO] [1790277464.232067721] [sage_mission_manager]: VIEWPOINT ACCEPTED | position=(3.61, 1.45, -2.00) | distance_from_uav=0.25 m
[INFO] [1790277464.232614565] [sage_mission_manager]: VALIDATED VIEWPOINT PUBLISHED
[INFO] [1790277464.236945522] [sage_mission_manager]: VIEWPOINT ACCEPTED | position=(3.61, 1.45, -2.00) | distance_from_uav=0.25 m
[INFO] [1790277464.237809553] [sage_mission_manager]: VALIDATED VIEWPOINT PUBLISHED
[INFO] [1790277464.432588388] [sage_mission_manager]: VIEWPOINT ACCEPTED | position=(3.61, 1.45, -2.00) | distance_from_uav=0.14 m
[INFO] [1790277464.434743573] [sage_mission_manager]: VALIDATED VIEWPOINT PUBLISHED
[INFO] [1790277464.627215534] [sage_mission_manager]: VIEWPOINT ACCEPTED | position=(3.61, 1.45, -2.00) | distance_from_uav=0.07 m
[INFO] [1790277464.627820312] [sage_mission_manager]: VALIDATED VIEWPOINT PUBLISHED
[INFO] [1790277464.827577205] [sage_mission_manager]: VIEWPOINT ACCEPTED | position=(3.61, 1.45, -2.00) | distance_from_uav=0.03 m
[INFO] [1790277464.828116110] [sage_mission_manager]: VALIDATED VIEWPOINT PUBLISHED
[INFO] [1790277465.025250083] [sage_mission_manager]: VIEWPOINT ACCEPTED | position=(3.61, 1.45, -2.00) | distance_from_uav=0.05 m
[INFO] [1790277465.026264585] [sage_mission_manager]: VALIDATED VIEWPOINT PUBLISHED
[INFO] [1790277465.235866842] [sage_mission_manager]: VIEWPOINT ACCEPTED | position=(3.61, 1.45, -2.00) | distance_from_uav=0.07 m
[INFO] [1790277465.241610047] [sage_mission_manager]: VALIDATED VIEWPOINT PUBLISHED
[INFO] [1790277465.430060751] [sage_mission_manager]: VIEWPOINT ACCEPTED | position=(3.61, 1.45, -2.00) | distance_from_uav=0.10 m
[INFO] [1790277465.430656145] [sage_mission_manager]: VALIDATED VIEWPOINT PUBLISHED
[INFO] [1790277465.630754440] [sage_mission_manager]: VIEWPOINT ACCEPTED | position=(3.61, 1.45, -2.00) | distance_from_uav=0.12 m
[INFO] [1790277465.631337150] [sage_mission_manager]: VALIDATED VIEWPOINT PUBLISHED
[INFO] [1790277465.833354781] [sage_mission_manager]: VIEWPOINT ACCEPTED | position=(3.61, 1.45, -2.00) | distance_from_uav=0.13 m
[INFO] [1790277465.834112807] [sage_mission_manager]: VALIDATED VIEWPOINT PUBLISHED
[INFO] [1790277466.024344571] [sage_mission_manager]: VIEWPOINT ACCEPTED | position=(3.61, 1.45, -2.00) | distance_from_uav=0.14 m
[INFO] [1790277466.024893693] [sage_mission_manager]: VALIDATED VIEWPOINT PUBLISHED
[INFO] [1790277466.430485997] [sage_mission_manager]: VIEWPOINT ACCEPTED | position=(3.00, 1.48, -2.00) | distance_from_uav=0.70 m
[INFO] [1790277466.431094539] [sage_mission_manager]: VALIDATED VIEWPOINT PUBLISHED
[INFO] [1790277466.629011804] [sage_mission_manager]: VIEWPOINT ACCEPTED | position=(2.40, 1.40, -2.00) | distance_from_uav=1.29 m
[INFO] [1790277466.630851565] [sage_mission_manager]: VALIDATED VIEWPOINT PUBLISHED
[INFO] [1790277466.824824134] [sage_mission_manager]: VIEWPOINT ACCEPTED | position=(1.99, 1.97, -2.00) | distance_from_uav=1.71 m
[INFO] [1790277466.825755190] [sage_mission_manager]: VALIDATED VIEWPOINT PUBLISHED
[INFO] [1790277467.031339125] [sage_mission_manager]: VIEWPOINT ACCEPTED | position=(1.59, 2.54, -2.00) | distance_from_uav=2.25 m
[INFO] [1790277467.031955378] [sage_mission_manager]: VALIDATED VIEWPOINT PUBLISHED
[INFO] [1790277467.228686098] [sage_mission_manager]: VIEWPOINT ACCEPTED | position=(1.18, 3.11, -2.00) | distance_from_uav=2.80 m
[INFO] [1790277467.230266518] [sage_mission_manager]: VALIDATED VIEWPOINT PUBLISHED
[INFO] [1790277467.428684853] [sage_mission_manager]: VIEWPOINT ACCEPTED | position=(0.78, 3.68, -2.00) | distance_from_uav=3.34 m
[INFO] [1790277467.431440907] [sage_mission_manager]: VALIDATED VIEWPOINT PUBLISHED
[INFO] [1790277467.625621818] [sage_mission_manager]: VIEWPOINT ACCEPTED | position=(0.78, 3.68, -2.00) | distance_from_uav=3.19 m
[INFO] [1790277467.626265885] [sage_mission_manager]: VALIDATED VIEWPOINT PUBLISHED
[INFO] [1790277467.831949489] [sage_mission_manager]: VIEWPOINT ACCEPTED | position=(0.37, 4.25, -2.00) | distance_from_uav=3.64 m
[INFO] [1790277467.833640636] [sage_mission_manager]: VALIDATED VIEWPOINT PUBLISHED
[INFO] [1790277468.024208683] [sage_mission_manager]: VIEWPOINT ACCEPTED | position=(0.37, 4.25, -2.00) | distance_from_uav=3.33 m
[INFO] [1790277468.025877724] [sage_mission_manager]: VALIDATED VIEWPOINT PUBLISHED
[INFO] [1790277468.227201609] [sage_mission_manager]: VIEWPOINT ACCEPTED | position=(0.37, 4.25, -2.00) | distance_from_uav=3.00 m
[INFO] [1790277468.227755337] [sage_mission_manager]: VALIDATED VIEWPOINT PUBLISHED
[INFO] [1790277468.424258738] [sage_mission_manager]: VIEWPOINT ACCEPTED | position=(-0.03, 4.82, -2.00) | distance_from_uav=3.24 m
[INFO] [1790277468.424811016] [sage_mission_manager]: VALIDATED VIEWPOINT PUBLISHED
[INFO] [1790277468.626420590] [sage_mission_manager]: VIEWPOINT ACCEPTED | position=(-0.44, 5.39, -2.00) | distance_from_uav=3.52 m
[INFO] [1790277468.627125573] [sage_mission_manager]: VALIDATED VIEWPOINT PUBLISHED
[INFO] [1790277468.837714223] [sage_mission_manager]: VIEWPOINT ACCEPTED | position=(-0.44, 5.39, -2.00) | distance_from_uav=3.08 m
[INFO] [1790277468.838526021] [sage_mission_manager]: VALIDATED VIEWPOINT PUBLISHED
[INFO] [1790277469.023951946] [sage_mission_manager]: VIEWPOINT ACCEPTED | position=(-0.84, 5.97, -2.00) | distance_from_uav=3.40 m
[INFO] [1790277469.024563302] [sage_mission_manager]: VALIDATED VIEWPOINT PUBLISHED
[INFO] [1790277469.233650492] [sage_mission_manager]: VIEWPOINT ACCEPTED | position=(-0.84, 5.97, -2.00) | distance_from_uav=3.03 m
[INFO] [1790277469.234515241] [sage_mission_manager]: VALIDATED VIEWPOINT PUBLISHED
[INFO] [1790277469.425054235] [sage_mission_manager]: VIEWPOINT ACCEPTED | position=(-1.25, 6.54, -2.00) | distance_from_uav=3.30 m
[INFO] [1790277469.428134044] [sage_mission_manager]: VALIDATED VIEWPOINT PUBLISHED
[INFO] [1790277469.628663138] [sage_mission_manager]: VIEWPOINT ACCEPTED | position=(-1.65, 7.11, -2.00) | distance_from_uav=3.54 m
[INFO] [1790277469.629643593] [sage_mission_manager]: VALIDATED VIEWPOINT PUBLISHED
[INFO] [1790277469.826169958] [sage_mission_manager]: VIEWPOINT ACCEPTED | position=(-1.65, 7.11, -2.00) | distance_from_uav=3.22 m
[INFO] [1790277469.828711978] [sage_mission_manager]: VALIDATED VIEWPOINT PUBLISHED
[INFO] [1790277470.026758313] [sage_mission_manager]: VIEWPOINT ACCEPTED | position=(-2.06, 7.68, -2.00) | distance_from_uav=3.53 m
[INFO] [1790277470.031431767] [sage_mission_manager]: VALIDATED VIEWPOINT PUBLISHED
[INFO] [1790277470.225480896] [sage_mission_manager]: VIEWPOINT ACCEPTED | position=(-2.06, 7.68, -2.00) | distance_from_uav=3.13 m
[INFO] [1790277470.226239487] [sage_mission_manager]: VALIDATED VIEWPOINT PUBLISHED
[INFO] [1790277470.433614940] [sage_mission_manager]: VIEWPOINT ACCEPTED | position=(-2.47, 8.25, -2.00) | distance_from_uav=3.35 m
[INFO] [1790277470.434586466] [sage_mission_manager]: VALIDATED VIEWPOINT PUBLISHED
[INFO] [1790277470.630811206] [sage_mission_manager]: VIEWPOINT ACCEPTED | position=(-2.47, 8.25, -2.00) | distance_from_uav=2.99 m
[INFO] [1790277470.632209269] [sage_mission_manager]: VALIDATED VIEWPOINT PUBLISHED
[INFO] [1790277470.824151475] [sage_mission_manager]: VIEWPOINT ACCEPTED | position=(-2.87, 8.82, -2.00) | distance_from_uav=3.24 m
[INFO] [1790277470.824883397] [sage_mission_manager]: VALIDATED VIEWPOINT PUBLISHED
[INFO] [1790277471.022748621] [sage_mission_manager]: VIEWPOINT ACCEPTED | position=(-3.00, 9.00, -2.00) | distance_from_uav=3.07 m
[INFO] [1790277471.023512276] [sage_mission_manager]: VALIDATED VIEWPOINT PUBLISHED
[INFO] [1790277471.245625157] [sage_mission_manager]: VIEWPOINT ACCEPTED | position=(-3.00, 9.00, -2.00) | distance_from_uav=2.59 m
[INFO] [1790277471.246479075] [sage_mission_manager]: VALIDATED VIEWPOINT PUBLISHED
[INFO] [1790277471.427498911] [sage_mission_manager]: VIEWPOINT ACCEPTED | position=(-3.00, 9.00, -2.00) | distance_from_uav=2.26 m
[INFO] [1790277471.430210816] [sage_mission_manager]: VALIDATED VIEWPOINT PUBLISHED
[INFO] [1790277471.628905964] [sage_mission_manager]: VIEWPOINT ACCEPTED | position=(-3.00, 9.00, -2.00) | distance_from_uav=1.87 m
[INFO] [1790277471.631895912] [sage_mission_manager]: VALIDATED VIEWPOINT PUBLISHED
[INFO] [1790277471.828368937] [sage_mission_manager]: VIEWPOINT ACCEPTED | position=(-3.00, 9.00, -2.00) | distance_from_uav=1.51 m
[INFO] [1790277471.829092360] [sage_mission_manager]: VALIDATED VIEWPOINT PUBLISHED
[INFO] [1790277472.033921448] [sage_mission_manager]: VIEWPOINT ACCEPTED | position=(-3.00, 9.00, -2.00) | distance_from_uav=1.20 m
[INFO] [1790277472.038236861] [sage_mission_manager]: VALIDATED VIEWPOINT PUBLISHED
[INFO] [1790277472.223403913] [sage_mission_manager]: VIEWPOINT ACCEPTED | position=(-3.00, 9.00, -2.00) | distance_from_uav=0.89 m
[INFO] [1790277472.224028189] [sage_mission_manager]: VALIDATED VIEWPOINT PUBLISHED
[INFO] [1790277472.425885650] [sage_mission_manager]: VIEWPOINT ACCEPTED | position=(-3.00, 9.00, -2.00) | distance_from_uav=0.66 m
[INFO] [1790277472.426404177] [sage_mission_manager]: VALIDATED VIEWPOINT PUBLISHED
[INFO] [1790277472.625717788] [sage_mission_manager]: VIEWPOINT ACCEPTED | position=(-3.00, 9.00, -2.00) | distance_from_uav=0.46 m
[INFO] [1790277472.626327460] [sage_mission_manager]: VALIDATED VIEWPOINT PUBLISHED
[INFO] [1790277472.832579396] [sage_mission_manager]: VIEWPOINT ACCEPTED | position=(-3.00, 9.00, -2.00) | distance_from_uav=0.30 m
[INFO] [1790277472.834551419] [sage_mission_manager]: VALIDATED VIEWPOINT PUBLISHED
[INFO] [1790277473.033744725] [sage_mission_manager]: VIEWPOINT ACCEPTED | position=(-3.00, 9.00, -2.00) | distance_from_uav=0.19 m
[INFO] [1790277473.034565248] [sage_mission_manager]: VALIDATED VIEWPOINT PUBLISHED
[INFO] [1790277473.223164035] [sage_mission_manager]: VIEWPOINT ACCEPTED | position=(-3.00, 9.00, -2.00) | distance_from_uav=0.15 m
[INFO] [1790277473.223866181] [sage_mission_manager]: VALIDATED VIEWPOINT PUBLISHED
[INFO] [1790277473.433170475] [sage_mission_manager]: VIEWPOINT ACCEPTED | position=(-3.00, 9.00, -2.00) | distance_from_uav=0.17 m
[INFO] [1790277473.433770890] [sage_mission_manager]: VALIDATED VIEWPOINT PUBLISHED
[INFO] [1790277473.635234316] [sage_mission_manager]: VIEWPOINT ACCEPTED | position=(-3.00, 9.00, -2.00) | distance_from_uav=0.19 m
[INFO] [1790277473.636037477] [sage_mission_manager]: VALIDATED VIEWPOINT PUBLISHED
[INFO] [1790277473.827369180] [sage_mission_manager]: VIEWPOINT ACCEPTED | position=(-3.00, 9.00, -2.00) | distance_from_uav=0.22 m
[INFO] [1790277473.828067430] [sage_mission_manager]: VALIDATED VIEWPOINT PUBLISHED
[INFO] [1790277474.026160514] [sage_mission_manager]: VIEWPOINT ACCEPTED | position=(-3.00, 9.00, -2.00) | distance_from_uav=0.23 m
[INFO] [1790277474.026852976] [sage_mission_manager]: VALIDATED VIEWPOINT PUBLISHED
[INFO] [1790277474.228885551] [sage_mission_manager]: VIEWPOINT ACCEPTED | position=(-3.00, 9.00, -2.00) | distance_from_uav=0.25 m
[INFO] [1790277474.229721732] [sage_mission_manager]: VALIDATED VIEWPOINT PUBLISHED
[INFO] [1790277474.443717231] [sage_mission_manager]: VIEWPOINT ACCEPTED | position=(-3.00, 9.00, -2.00) | distance_from_uav=0.25 m
[INFO] [1790277474.445013177] [sage_mission_manager]: VALIDATED VIEWPOINT PUBLISHED
[INFO] [1790277474.628920745] [sage_mission_manager]: VIEWPOINT ACCEPTED | position=(-3.00, 9.00, -2.00) | distance_from_uav=0.25 m
[INFO] [1790277474.629543391] [sage_mission_manager]: VALIDATED VIEWPOINT PUBLISHED
[INFO] [1790277474.829580554] [sage_mission_manager]: VIEWPOINT ACCEPTED | position=(-3.00, 9.00, -2.00) | distance_from_uav=0.23 m
[INFO] [1790277474.835280067] [sage_mission_manager]: VALIDATED VIEWPOINT PUBLISHED
[INFO] [1790277475.027126864] [sage_mission_manager]: VIEWPOINT ACCEPTED | position=(-3.00, 9.00, -2.00) | distance_from_uav=0.22 m
[INFO] [1790277475.028405830] [sage_mission_manager]: VALIDATED VIEWPOINT PUBLISHED
[INFO] [1790277475.230177023] [sage_mission_manager]: VIEWPOINT ACCEPTED | position=(-3.00, 9.00, -2.00) | distance_from_uav=0.20 m
[INFO] [1790277475.232382330] [sage_mission_manager]: VALIDATED VIEWPOINT PUBLISHED
[INFO] [1790277475.424427828] [sage_mission_manager]: VIEWPOINT ACCEPTED | position=(-3.00, 9.00, -2.00) | distance_from_uav=0.18 m
[INFO] [1790277475.425220975] [sage_mission_manager]: VALIDATED VIEWPOINT PUBLISHED
[INFO] [1790277475.622690883] [sage_mission_manager]: VIEWPOINT ACCEPTED | position=(-3.00, 9.00, -2.00) | distance_from_uav=0.16 m
[INFO] [1790277475.623403299] [sage_mission_manager]: VALIDATED VIEWPOINT PUBLISHED
[INFO] [1790277475.833967133] [sage_mission_manager]: VIEWPOINT ACCEPTED | position=(-3.00, 9.00, -2.00) | distance_from_uav=0.13 m
[INFO] [1790277475.834906532] [sage_mission_manager]: VALIDATED VIEWPOINT PUBLISHED
[INFO] [1790277476.022912555] [sage_mission_manager]: VIEWPOINT ACCEPTED | position=(-3.00, 9.00, -2.00) | distance_from_uav=0.11 m
[INFO] [1790277476.023455540] [sage_mission_manager]: VALIDATED VIEWPOINT PUBLISHED
[INFO] [1790277476.227342621] [sage_mission_manager]: VIEWPOINT ACCEPTED | position=(-3.00, 9.00, -2.00) | distance_from_uav=0.08 m
[INFO] [1790277476.228128665] [sage_mission_manager]: VALIDATED VIEWPOINT PUBLISHED
[INFO] [1790277476.424442907] [sage_mission_manager]: VIEWPOINT ACCEPTED | position=(-3.00, 9.00, -2.00) | distance_from_uav=0.07 m
[INFO] [1790277476.425252511] [sage_mission_manager]: VALIDATED VIEWPOINT PUBLISHED
[INFO] [1790277476.631168151] [sage_mission_manager]: VIEWPOINT ACCEPTED | position=(-3.00, 9.00, -2.00) | distance_from_uav=0.05 m
[INFO] [1790277476.633746358] [sage_mission_manager]: VALIDATED VIEWPOINT PUBLISHED
[INFO] [1790277476.827452042] [sage_mission_manager]: VIEWPOINT ACCEPTED | position=(-3.00, 9.00, -2.00) | distance_from_uav=0.03 m
[INFO] [1790277476.832336339] [sage_mission_manager]: VALIDATED VIEWPOINT PUBLISHED
[INFO] [1790277477.025573125] [sage_mission_manager]: VIEWPOINT ACCEPTED | position=(-3.00, 9.00, -2.00) | distance_from_uav=0.02 m
[INFO] [1790277477.026154628] [sage_mission_manager]: VALIDATED VIEWPOINT PUBLISHED
[INFO] [1790277477.225480685] [sage_mission_manager]: VIEWPOINT ACCEPTED | position=(-3.00, 9.00, -2.00) | distance_from_uav=0.00 m
[INFO] [1790277477.226222764] [sage_mission_manager]: VALIDATED VIEWPOINT PUBLISHED
[INFO] [1790277477.431987813] [sage_mission_manager]: VIEWPOINT ACCEPTED | position=(-3.00, 9.00, -2.00) | distance_from_uav=0.01 m
[INFO] [1790277477.432772780] [sage_mission_manager]: VALIDATED VIEWPOINT PUBLISHED
[INFO] [1790277477.626856549] [sage_mission_manager]: VIEWPOINT ACCEPTED | position=(-3.00, 9.00, -2.00) | distance_from_uav=0.03 m
[INFO] [1790277477.628039653] [sage_mission_manager]: VALIDATED VIEWPOINT PUBLISHED
[INFO] [1790277477.823640639] [sage_mission_manager]: VIEWPOINT ACCEPTED | position=(-3.00, 9.00, -2.00) | distance_from_uav=0.04 m
[INFO] [1790277477.824367033] [sage_mission_manager]: VALIDATED VIEWPOINT PUBLISHED
[INFO] [1790277478.023090833] [sage_mission_manager]: VIEWPOINT ACCEPTED | position=(-3.00, 9.00, -2.00) | distance_from_uav=0.05 m
[INFO] [1790277478.024699663] [sage_mission_manager]: VALIDATED VIEWPOINT PUBLISHED
[INFO] [1790277478.229462533] [sage_mission_manager]: VIEWPOINT ACCEPTED | position=(-3.00, 9.00, -2.00) | distance_from_uav=0.06 m
[INFO] [1790277478.230845977] [sage_mission_manager]: VALIDATED VIEWPOINT PUBLISHED
[INFO] [1790277478.434585772] [sage_mission_manager]: VIEWPOINT ACCEPTED | position=(-3.00, 9.00, -2.00) | distance_from_uav=0.07 m
[INFO] [1790277478.435456494] [sage_mission_manager]: VALIDATED VIEWPOINT PUBLISHED
[INFO] [1790277478.634757275] [sage_mission_manager]: VIEWPOINT ACCEPTED | position=(-3.00, 9.00, -2.00) | distance_from_uav=0.08 m
[INFO] [1790277478.635817753] [sage_mission_manager]: VALIDATED VIEWPOINT PUBLISHED
[INFO] [1790277478.824702938] [sage_mission_manager]: VIEWPOINT ACCEPTED | position=(-3.00, 9.00, -2.00) | distance_from_uav=0.09 m
[INFO] [1790277478.825429988] [sage_mission_manager]: VALIDATED VIEWPOINT PUBLISHED
[INFO] [1790277479.025665333] [sage_mission_manager]: VIEWPOINT ACCEPTED | position=(-3.00, 9.00, -2.00) | distance_from_uav=0.10 m
[INFO] [1790277479.026229051] [sage_mission_manager]: VALIDATED VIEWPOINT PUBLISHED
[INFO] [1790277479.230099402] [sage_mission_manager]: VIEWPOINT ACCEPTED | position=(-3.00, 9.00, -2.00) | distance_from_uav=0.11 m
[INFO] [1790277479.230770117] [sage_mission_manager]: VALIDATED VIEWPOINT PUBLISHED
[INFO] [1790277479.424719223] [sage_mission_manager]: VIEWPOINT ACCEPTED | position=(-3.00, 9.00, -2.00) | distance_from_uav=0.11 m
[INFO] [1790277479.425363011] [sage_mission_manager]: VALIDATED VIEWPOINT PUBLISHED
[INFO] [1790277479.630975680] [sage_mission_manager]: VIEWPOINT ACCEPTED | position=(-3.00, 9.00, -2.00) | distance_from_uav=0.12 m
[INFO] [1790277479.632443232] [sage_mission_manager]: VALIDATED VIEWPOINT PUBLISHED
[INFO] [1790277479.825725533] [sage_mission_manager]: VIEWPOINT ACCEPTED | position=(-3.00, 9.00, -2.00) | distance_from_uav=0.12 m
[INFO] [1790277479.826485738] [sage_mission_manager]: VALIDATED VIEWPOINT PUBLISHED
[INFO] [1790277480.023182106] [sage_mission_manager]: VIEWPOINT ACCEPTED | position=(-3.00, 9.00, -2.00) | distance_from_uav=0.11 m
[INFO] [1790277480.023832283] [sage_mission_manager]: VALIDATED VIEWPOINT PUBLISHED
[INFO] [1790277480.225195671] [sage_mission_manager]: VIEWPOINT ACCEPTED | position=(-3.00, 9.00, -2.00) | distance_from_uav=0.11 m
[INFO] [1790277480.226768901] [sage_mission_manager]: VALIDATED VIEWPOINT PUBLISHED
[INFO] [1790277480.426415879] [sage_mission_manager]: VIEWPOINT ACCEPTED | position=(-3.00, 9.00, -2.00) | distance_from_uav=0.11 m
[INFO] [1790277480.427325490] [sage_mission_manager]: VALIDATED VIEWPOINT PUBLISHED
[INFO] [1790277480.625664219] [sage_mission_manager]: VIEWPOINT ACCEPTED | position=(-3.00, 9.00, -2.00) | distance_from_uav=0.10 m
[INFO] [1790277480.626339168] [sage_mission_manager]: VALIDATED VIEWPOINT PUBLISHED
[INFO] [1790277480.823067026] [sage_mission_manager]: VIEWPOINT ACCEPTED | position=(-3.00, 9.00, -2.00) | distance_from_uav=0.09 m
[INFO] [1790277480.825377547] [sage_mission_manager]: VALIDATED VIEWPOINT PUBLISHED
[INFO] [1790277481.036034405] [sage_mission_manager]: VIEWPOINT ACCEPTED | position=(-3.00, 9.00, -2.00) | distance_from_uav=0.08 m
[INFO] [1790277481.036973670] [sage_mission_manager]: VALIDATED VIEWPOINT PUBLISHED
[INFO] [1790277481.226266706] [sage_mission_manager]: VIEWPOINT ACCEPTED | position=(-3.00, 8.30, -2.00) | distance_from_uav=0.78 m
[INFO] [1790277481.226875612] [sage_mission_manager]: VALIDATED VIEWPOINT PUBLISHED
[INFO] [1790277481.427050623] [sage_mission_manager]: VIEWPOINT ACCEPTED | position=(-3.00, 7.60, -2.00) | distance_from_uav=1.47 m
[INFO] [1790277481.427599869] [sage_mission_manager]: VALIDATED VIEWPOINT PUBLISHED
[INFO] [1790277481.625100235] [sage_mission_manager]: VIEWPOINT ACCEPTED | position=(-3.00, 6.90, -2.00) | distance_from_uav=2.15 m
[INFO] [1790277481.625591658] [sage_mission_manager]: VALIDATED VIEWPOINT PUBLISHED
[INFO] [1790277481.824385194] [sage_mission_manager]: VIEWPOINT ACCEPTED | position=(-3.00, 6.20, -2.00) | distance_from_uav=2.80 m
[INFO] [1790277481.829503805] [sage_mission_manager]: VALIDATED VIEWPOINT PUBLISHED
[INFO] [1790277482.037825793] [sage_mission_manager]: VIEWPOINT ACCEPTED | position=(-3.00, 5.50, -2.00) | distance_from_uav=3.39 m
[INFO] [1790277482.039844579] [sage_mission_manager]: VALIDATED VIEWPOINT PUBLISHED
[INFO] [1790277482.225625701] [sage_mission_manager]: VIEWPOINT ACCEPTED | position=(-3.00, 5.50, -2.00) | distance_from_uav=3.18 m
[INFO] [1790277482.226288908] [sage_mission_manager]: VALIDATED VIEWPOINT PUBLISHED
[INFO] [1790277482.435687512] [sage_mission_manager]: VIEWPOINT ACCEPTED | position=(-3.00, 4.80, -2.00) | distance_from_uav=3.57 m
[INFO] [1790277482.436311416] [sage_mission_manager]: VALIDATED VIEWPOINT PUBLISHED
[INFO] [1790277482.624003406] [sage_mission_manager]: VIEWPOINT ACCEPTED | position=(-3.00, 4.80, -2.00) | distance_from_uav=3.25 m
[INFO] [1790277482.625157511] [sage_mission_manager]: VALIDATED VIEWPOINT PUBLISHED
[INFO] [1790277482.827734649] [sage_mission_manager]: VIEWPOINT ACCEPTED | position=(-3.00, 4.10, -2.00) | distance_from_uav=3.59 m
[INFO] [1790277482.828553369] [sage_mission_manager]: VALIDATED VIEWPOINT PUBLISHED
[INFO] [1790277483.025139026] [sage_mission_manager]: VIEWPOINT ACCEPTED | position=(-3.00, 4.10, -2.00) | distance_from_uav=3.16 m
[INFO] [1790277483.025690920] [sage_mission_manager]: VALIDATED VIEWPOINT PUBLISHED
[INFO] [1790277483.229539900] [sage_mission_manager]: VIEWPOINT ACCEPTED | position=(-3.00, 3.40, -2.00) | distance_from_uav=3.40 m
[INFO] [1790277483.230424988] [sage_mission_manager]: VALIDATED VIEWPOINT PUBLISHED
[INFO] [1790277483.434677882] [sage_mission_manager]: VIEWPOINT ACCEPTED | position=(-3.00, 3.00, -2.00) | distance_from_uav=3.38 m
[INFO] [1790277483.442522145] [sage_mission_manager]: VALIDATED VIEWPOINT PUBLISHED
[INFO] [1790277483.624625290] [sage_mission_manager]: VIEWPOINT ACCEPTED | position=(-3.00, 3.00, -2.00) | distance_from_uav=2.97 m
[INFO] [1790277483.625440572] [sage_mission_manager]: VALIDATED VIEWPOINT PUBLISHED
[INFO] [1790277483.826549041] [sage_mission_manager]: VIEWPOINT ACCEPTED | position=(-3.00, 3.00, -2.00) | distance_from_uav=2.56 m
[INFO] [1790277483.828562711] [sage_mission_manager]: VALIDATED VIEWPOINT PUBLISHED
[INFO] [1790277484.029426477] [sage_mission_manager]: VIEWPOINT ACCEPTED | position=(-3.00, 3.00, -2.00) | distance_from_uav=2.03 m
[INFO] [1790277484.031421483] [sage_mission_manager]: VALIDATED VIEWPOINT PUBLISHED
[INFO] [1790277484.225024485] [sage_mission_manager]: VIEWPOINT ACCEPTED | position=(-3.00, 3.00, -2.00) | distance_from_uav=1.66 m
[INFO] [1790277484.226212164] [sage_mission_manager]: VALIDATED VIEWPOINT PUBLISHED
[INFO] [1790277484.426045157] [sage_mission_manager]: VIEWPOINT ACCEPTED | position=(-3.00, 3.00, -2.00) | distance_from_uav=1.23 m
[INFO] [1790277484.427046380] [sage_mission_manager]: VALIDATED VIEWPOINT PUBLISHED
[INFO] [1790277484.628281256] [sage_mission_manager]: VIEWPOINT ACCEPTED | position=(-3.00, 3.00, -2.00) | distance_from_uav=0.88 m
[INFO] [1790277484.628798087] [sage_mission_manager]: VALIDATED VIEWPOINT PUBLISHED
[INFO] [1790277484.823716837] [sage_mission_manager]: VIEWPOINT ACCEPTED | position=(-3.00, 3.00, -2.00) | distance_from_uav=0.59 m
[INFO] [1790277484.824467650] [sage_mission_manager]: VALIDATED VIEWPOINT PUBLISHED
[INFO] [1790277485.025094951] [sage_mission_manager]: VIEWPOINT ACCEPTED | position=(-3.00, 3.00, -2.00) | distance_from_uav=0.35 m
[INFO] [1790277485.026814640] [sage_mission_manager]: VALIDATED VIEWPOINT PUBLISHED
[INFO] [1790277485.231267280] [sage_mission_manager]: VIEWPOINT ACCEPTED | position=(-3.00, 3.00, -2.00) | distance_from_uav=0.13 m
[INFO] [1790277485.231880071] [sage_mission_manager]: VALIDATED VIEWPOINT PUBLISHED
[INFO] [1790277485.438451657] [sage_mission_manager]: VIEWPOINT ACCEPTED | position=(-3.00, 3.00, -2.00) | distance_from_uav=0.04 m
[INFO] [1790277485.439507108] [sage_mission_manager]: VALIDATED VIEWPOINT PUBLISHED
[INFO] [1790277485.624367168] [sage_mission_manager]: VIEWPOINT ACCEPTED | position=(-3.00, 3.00, -2.00) | distance_from_uav=0.14 m
[INFO] [1790277485.625121274] [sage_mission_manager]: VALIDATED VIEWPOINT PUBLISHED
[INFO] [1790277485.831241860] [sage_mission_manager]: VIEWPOINT ACCEPTED | position=(-3.00, 3.00, -2.00) | distance_from_uav=0.22 m
[INFO] [1790277485.831775707] [sage_mission_manager]: VALIDATED VIEWPOINT PUBLISHED
[INFO] [1790277486.024500787] [sage_mission_manager]: VIEWPOINT ACCEPTED | position=(-3.00, 3.00, -2.00) | distance_from_uav=0.29 m
[INFO] [1790277486.025063311] [sage_mission_manager]: VALIDATED VIEWPOINT PUBLISHED
[INFO] [1790277486.231458749] [sage_mission_manager]: VIEWPOINT ACCEPTED | position=(-3.00, 3.00, -2.00) | distance_from_uav=0.32 m
[INFO] [1790277486.232062304] [sage_mission_manager]: VALIDATED VIEWPOINT PUBLISHED
[INFO] [1790277486.425915093] [sage_mission_manager]: VIEWPOINT ACCEPTED | position=(-3.00, 3.00, -2.00) | distance_from_uav=0.34 m
[INFO] [1790277486.426770811] [sage_mission_manager]: VALIDATED VIEWPOINT PUBLISHED
[INFO] [1790277486.637185248] [sage_mission_manager]: VIEWPOINT ACCEPTED | position=(-3.00, 3.00, -2.00) | distance_from_uav=0.35 m
[INFO] [1790277486.637829343] [sage_mission_manager]: VALIDATED VIEWPOINT PUBLISHED
[INFO] [1790277486.824408510] [sage_mission_manager]: VIEWPOINT ACCEPTED | position=(-3.00, 3.00, -2.00) | distance_from_uav=0.35 m
[INFO] [1790277486.825046752] [sage_mission_manager]: VALIDATED VIEWPOINT PUBLISHED
[INFO] [1790277487.023490205] [sage_mission_manager]: VIEWPOINT ACCEPTED | position=(-3.00, 3.00, -2.00) | distance_from_uav=0.35 m
[INFO] [1790277487.024051639] [sage_mission_manager]: VALIDATED VIEWPOINT PUBLISHED
[INFO] [1790277487.222523615] [sage_mission_manager]: VIEWPOINT ACCEPTED | position=(-3.00, 3.00, -2.00) | distance_from_uav=0.35 m
[INFO] [1790277487.223601253] [sage_mission_manager]: VALIDATED VIEWPOINT PUBLISHED
[INFO] [1790277487.431296044] [sage_mission_manager]: VIEWPOINT ACCEPTED | position=(-3.00, 3.00, -2.00) | distance_from_uav=0.34 m
[INFO] [1790277487.434380635] [sage_mission_manager]: VALIDATED VIEWPOINT PUBLISHED
[INFO] [1790277487.624409437] [sage_mission_manager]: VIEWPOINT ACCEPTED | position=(-3.00, 3.00, -2.00) | distance_from_uav=0.33 m
[INFO] [1790277487.624867163] [sage_mission_manager]: VALIDATED VIEWPOINT PUBLISHED
[INFO] [1790277487.828551652] [sage_mission_manager]: VIEWPOINT ACCEPTED | position=(-3.00, 3.00, -2.00) | distance_from_uav=0.32 m
[INFO] [1790277487.835641754] [sage_mission_manager]: VALIDATED VIEWPOINT PUBLISHED
[INFO] [1790277488.025898893] [sage_mission_manager]: VIEWPOINT ACCEPTED | position=(-3.00, 3.00, -2.00) | distance_from_uav=0.31 m
[INFO] [1790277488.026477434] [sage_mission_manager]: VALIDATED VIEWPOINT PUBLISHED
[INFO] [1790277488.229720176] [sage_mission_manager]: VIEWPOINT ACCEPTED | position=(-3.00, 3.00, -2.00) | distance_from_uav=0.30 m
[INFO] [1790277488.232360920] [sage_mission_manager]: VALIDATED VIEWPOINT PUBLISHED
[INFO] [1790277488.427356706] [sage_mission_manager]: VIEWPOINT ACCEPTED | position=(-3.00, 3.00, -2.00) | distance_from_uav=0.28 m
[INFO] [1790277488.428209510] [sage_mission_manager]: VALIDATED VIEWPOINT PUBLISHED
[INFO] [1790277488.625399006] [sage_mission_manager]: VIEWPOINT ACCEPTED | position=(-3.00, 3.00, -2.00) | distance_from_uav=0.26 m
[INFO] [1790277488.626592896] [sage_mission_manager]: VALIDATED VIEWPOINT PUBLISHED
[INFO] [1790277488.841346025] [sage_mission_manager]: VIEWPOINT ACCEPTED | position=(-3.00, 3.00, -2.00) | distance_from_uav=0.24 m
[INFO] [1790277488.842549378] [sage_mission_manager]: VALIDATED VIEWPOINT PUBLISHED
[INFO] [1790277489.037889380] [sage_mission_manager]: VIEWPOINT ACCEPTED | position=(-3.00, 3.00, -2.00) | distance_from_uav=0.22 m
[INFO] [1790277489.038706895] [sage_mission_manager]: VALIDATED VIEWPOINT PUBLISHED
[INFO] [1790277489.230340681] [sage_mission_manager]: VIEWPOINT ACCEPTED | position=(-3.00, 3.00, -2.00) | distance_from_uav=0.21 m
[INFO] [1790277489.233202966] [sage_mission_manager]: VALIDATED VIEWPOINT PUBLISHED
[INFO] [1790277489.424604339] [sage_mission_manager]: VIEWPOINT ACCEPTED | position=(-3.00, 3.00, -2.00) | distance_from_uav=0.20 m
[INFO] [1790277489.425859198] [sage_mission_manager]: VALIDATED VIEWPOINT PUBLISHED
[INFO] [1790277489.628845377] [sage_mission_manager]: VIEWPOINT ACCEPTED | position=(-3.00, 3.00, -2.00) | distance_from_uav=0.18 m
[INFO] [1790277489.638712276] [sage_mission_manager]: VALIDATED VIEWPOINT PUBLISHED
[INFO] [1790277489.828100399] [sage_mission_manager]: VIEWPOINT ACCEPTED | position=(-3.00, 3.00, -2.00) | distance_from_uav=0.17 m
[INFO] [1790277489.832556816] [sage_mission_manager]: VALIDATED VIEWPOINT PUBLISHED
[INFO] [1790277490.024952702] [sage_mission_manager]: VIEWPOINT ACCEPTED | position=(-3.00, 3.00, -2.00) | distance_from_uav=0.17 m
[INFO] [1790277490.026323867] [sage_mission_manager]: VALIDATED VIEWPOINT PUBLISHED
[INFO] [1790277490.225346034] [sage_mission_manager]: VIEWPOINT ACCEPTED | position=(-3.00, 3.00, -2.00) | distance_from_uav=0.16 m
[INFO] [1790277490.232960872] [sage_mission_manager]: VALIDATED VIEWPOINT PUBLISHED
[INFO] [1790277490.432343580] [sage_mission_manager]: VIEWPOINT ACCEPTED | position=(-3.00, 3.00, -2.00) | distance_from_uav=0.15 m
[INFO] [1790277490.433556983] [sage_mission_manager]: VALIDATED VIEWPOINT PUBLISHED
[INFO] [1790277490.636121730] [sage_mission_manager]: VIEWPOINT ACCEPTED | position=(-3.00, 3.00, -2.00) | distance_from_uav=0.14 m
[INFO] [1790277490.639668858] [sage_mission_manager]: VALIDATED VIEWPOINT PUBLISHED
[INFO] [1790277490.834188611] [sage_mission_manager]: VIEWPOINT ACCEPTED | position=(-3.00, 3.00, -2.00) | distance_from_uav=0.12 m
[INFO] [1790277490.837899187] [sage_mission_manager]: VALIDATED VIEWPOINT PUBLISHED
[INFO] [1790277491.030070450] [sage_mission_manager]: VIEWPOINT ACCEPTED | position=(-3.00, 3.00, -2.00) | distance_from_uav=0.11 m
[INFO] [1790277491.033920307] [sage_mission_manager]: VALIDATED VIEWPOINT PUBLISHED
[INFO] [1790277491.225169156] [sage_mission_manager]: VIEWPOINT ACCEPTED | position=(-3.00, 3.00, -2.00) | distance_from_uav=0.09 m
[INFO] [1790277491.227292866] [sage_mission_manager]: VALIDATED VIEWPOINT PUBLISHED
[INFO] [1790277491.428718039] [sage_mission_manager]: VIEWPOINT ACCEPTED | position=(-3.00, 3.00, -2.00) | distance_from_uav=0.08 m
[INFO] [1790277491.429445636] [sage_mission_manager]: VALIDATED VIEWPOINT PUBLISHED
[INFO] [1790277491.628333491] [sage_mission_manager]: VIEWPOINT ACCEPTED | position=(-3.00, 3.00, -2.00) | distance_from_uav=0.07 m
[INFO] [1790277491.630165740] [sage_mission_manager]: VALIDATED VIEWPOINT PUBLISHED
[INFO] [1790277491.824453591] [sage_mission_manager]: VIEWPOINT ACCEPTED | position=(-3.00, 3.00, -2.00) | distance_from_uav=0.06 m
[INFO] [1790277491.832324947] [sage_mission_manager]: VALIDATED VIEWPOINT PUBLISHED
[INFO] [1790277492.023252740] [sage_mission_manager]: VIEWPOINT ACCEPTED | position=(-3.00, 3.00, -2.00) | distance_from_uav=0.05 m
[INFO] [1790277492.023811336] [sage_mission_manager]: VALIDATED VIEWPOINT PUBLISHED
[INFO] [1790277492.225115867] [sage_mission_manager]: VIEWPOINT ACCEPTED | position=(-3.00, 3.00, -2.00) | distance_from_uav=0.05 m
[INFO] [1790277492.225814801] [sage_mission_manager]: VALIDATED VIEWPOINT PUBLISHED
[INFO] [1790277492.425225256] [sage_mission_manager]: VIEWPOINT ACCEPTED | position=(-3.00, 3.00, -2.00) | distance_from_uav=0.04 m
[INFO] [1790277492.425777725] [sage_mission_manager]: VALIDATED VIEWPOINT PUBLISHED
[INFO] [1790277492.637084022] [sage_mission_manager]: VIEWPOINT ACCEPTED | position=(-3.00, 3.00, -2.00) | distance_from_uav=0.03 m
[INFO] [1790277492.637736835] [sage_mission_manager]: VALIDATED VIEWPOINT PUBLISHED
[INFO] [1790277492.826647182] [sage_mission_manager]: VIEWPOINT ACCEPTED | position=(-3.00, 3.00, -2.00) | distance_from_uav=0.03 m
[INFO] [1790277492.827360888] [sage_mission_manager]: VALIDATED VIEWPOINT PUBLISHED
[INFO] [1790277493.031454437] [sage_mission_manager]: VIEWPOINT ACCEPTED | position=(-3.00, 3.00, -2.00) | distance_from_uav=0.03 m
[INFO] [1790277493.032487606] [sage_mission_manager]: VALIDATED VIEWPOINT PUBLISHED
[INFO] [1790277493.232978415] [sage_mission_manager]: VIEWPOINT ACCEPTED | position=(-3.00, 3.00, -2.00) | distance_from_uav=0.03 m
[INFO] [1790277493.233668880] [sage_mission_manager]: VALIDATED VIEWPOINT PUBLISHED
[INFO] [1790277493.429990247] [sage_mission_manager]: VIEWPOINT ACCEPTED | position=(-3.00, 3.00, -2.00) | distance_from_uav=0.04 m
[INFO] [1790277493.430538224] [sage_mission_manager]: VALIDATED VIEWPOINT PUBLISHED
[INFO] [1790277493.629323057] [sage_mission_manager]: VIEWPOINT ACCEPTED | position=(-2.42, 2.61, -2.00) | distance_from_uav=0.67 m
[INFO] [1790277493.629921099] [sage_mission_manager]: VALIDATED VIEWPOINT PUBLISHED
[INFO] [1790277493.832532761] [sage_mission_manager]: VIEWPOINT ACCEPTED | position=(-2.42, 1.91, -2.00) | distance_from_uav=1.19 m
[INFO] [1790277493.833134625] [sage_mission_manager]: VALIDATED VIEWPOINT PUBLISHED
[INFO] [1790277494.024935911] [sage_mission_manager]: VIEWPOINT ACCEPTED | position=(-2.43, 1.21, -2.00) | distance_from_uav=1.83 m
[INFO] [1790277494.025487970] [sage_mission_manager]: VALIDATED VIEWPOINT PUBLISHED
[INFO] [1790277494.232939553] [sage_mission_manager]: VIEWPOINT ACCEPTED | position=(-2.43, 0.51, -2.00) | distance_from_uav=2.48 m
[INFO] [1790277494.233702005] [sage_mission_manager]: VALIDATED VIEWPOINT PUBLISHED
[INFO] [1790277494.429958672] [sage_mission_manager]: VIEWPOINT ACCEPTED | position=(-2.43, -0.19, -2.00) | distance_from_uav=3.09 m
[INFO] [1790277494.433797735] [sage_mission_manager]: VALIDATED VIEWPOINT PUBLISHED
[INFO] [1790277494.634937598] [sage_mission_manager]: VIEWPOINT ACCEPTED | position=(-2.44, -0.89, -2.00) | distance_from_uav=3.66 m
[INFO] [1790277494.635686002] [sage_mission_manager]: VALIDATED VIEWPOINT PUBLISHED
[INFO] [1790277494.826003938] [sage_mission_manager]: VIEWPOINT ACCEPTED | position=(-2.44, -0.89, -2.00) | distance_from_uav=3.47 m
[INFO] [1790277494.826633228] [sage_mission_manager]: VALIDATED VIEWPOINT PUBLISHED
[INFO] [1790277495.029675392] [sage_mission_manager]: VIEWPOINT ACCEPTED | position=(-2.44, -0.89, -2.00) | distance_from_uav=3.20 m
[INFO] [1790277495.033731961] [sage_mission_manager]: VALIDATED VIEWPOINT PUBLISHED
[INFO] [1790277495.229920942] [sage_mission_manager]: VIEWPOINT ACCEPTED | position=(-2.44, -1.59, -2.00) | distance_from_uav=3.52 m
[INFO] [1790277495.236855285] [sage_mission_manager]: VALIDATED VIEWPOINT PUBLISHED
[INFO] [1790277495.430756868] [sage_mission_manager]: VIEWPOINT ACCEPTED | position=(-2.44, -1.59, -2.00) | distance_from_uav=3.16 m
[INFO] [1790277495.433057981] [sage_mission_manager]: VALIDATED VIEWPOINT PUBLISHED
[INFO] [1790277495.630190298] [sage_mission_manager]: VIEWPOINT ACCEPTED | position=(-2.45, -2.29, -2.00) | distance_from_uav=3.41 m
[INFO] [1790277495.637313719] [sage_mission_manager]: VALIDATED VIEWPOINT PUBLISHED
[INFO] [1790277495.827556372] [sage_mission_manager]: VIEWPOINT ACCEPTED | position=(-2.45, -2.29, -2.00) | distance_from_uav=3.01 m
[INFO] [1790277495.828378428] [sage_mission_manager]: VALIDATED VIEWPOINT PUBLISHED
[INFO] [1790277496.025699582] [sage_mission_manager]: VIEWPOINT ACCEPTED | position=(-2.45, -2.99, -2.00) | distance_from_uav=3.25 m
[INFO] [1790277496.026340437] [sage_mission_manager]: VALIDATED VIEWPOINT PUBLISHED
[INFO] [1790277496.226229887] [sage_mission_manager]: VIEWPOINT ACCEPTED | position=(-2.45, -3.00, -2.00) | distance_from_uav=2.81 m
[INFO] [1790277496.226809674] [sage_mission_manager]: VALIDATED VIEWPOINT PUBLISHED
[INFO] [1790277496.426443397] [sage_mission_manager]: VIEWPOINT ACCEPTED | position=(-2.45, -3.00, -2.00) | distance_from_uav=2.34 m
[INFO] [1790277496.428645084] [sage_mission_manager]: VALIDATED VIEWPOINT PUBLISHED
[INFO] [1790277496.632072195] [sage_mission_manager]: VIEWPOINT ACCEPTED | position=(-2.45, -3.00, -2.00) | distance_from_uav=1.91 m
[INFO] [1790277496.632788423] [sage_mission_manager]: VALIDATED VIEWPOINT PUBLISHED
[INFO] [1790277496.834907707] [sage_mission_manager]: VIEWPOINT ACCEPTED | position=(-2.45, -3.00, -2.00) | distance_from_uav=1.54 m
[INFO] [1790277496.835735613] [sage_mission_manager]: VALIDATED VIEWPOINT PUBLISHED
[INFO] [1790277497.024204729] [sage_mission_manager]: VIEWPOINT ACCEPTED | position=(-2.45, -3.00, -2.00) | distance_from_uav=1.18 m
[INFO] [1790277497.028837689] [sage_mission_manager]: VALIDATED VIEWPOINT PUBLISHED
[INFO] [1790277497.230876229] [sage_mission_manager]: VIEWPOINT ACCEPTED | position=(-2.45, -3.00, -2.00) | distance_from_uav=0.87 m
[INFO] [1790277497.232018817] [sage_mission_manager]: VALIDATED VIEWPOINT PUBLISHED
[INFO] [1790277497.426801498] [sage_mission_manager]: VIEWPOINT ACCEPTED | position=(-2.45, -3.00, -2.00) | distance_from_uav=0.60 m
[INFO] [1790277497.428516967] [sage_mission_manager]: VALIDATED VIEWPOINT PUBLISHED
[INFO] [1790277497.625852934] [sage_mission_manager]: VIEWPOINT ACCEPTED | position=(-2.45, -3.00, -2.00) | distance_from_uav=0.37 m
[INFO] [1790277497.633466138] [sage_mission_manager]: VALIDATED VIEWPOINT PUBLISHED
[INFO] [1790277497.843912838] [sage_mission_manager]: VIEWPOINT ACCEPTED | position=(-2.45, -3.00, -2.00) | distance_from_uav=0.21 m
[INFO] [1790277497.844540578] [sage_mission_manager]: VALIDATED VIEWPOINT PUBLISHED
[INFO] [1790277498.027793466] [sage_mission_manager]: VIEWPOINT ACCEPTED | position=(-2.45, -3.00, -2.00) | distance_from_uav=0.13 m
[INFO] [1790277498.039985539] [sage_mission_manager]: VALIDATED VIEWPOINT PUBLISHED
[INFO] [1790277498.225565781] [sage_mission_manager]: VIEWPOINT ACCEPTED | position=(-2.45, -3.00, -2.00) | distance_from_uav=0.16 m
[INFO] [1790277498.226652039] [sage_mission_manager]: VALIDATED VIEWPOINT PUBLISHED
[INFO] [1790277498.431587550] [sage_mission_manager]: VIEWPOINT ACCEPTED | position=(-2.45, -3.00, -2.00) | distance_from_uav=0.22 m
[INFO] [1790277498.432402935] [sage_mission_manager]: VALIDATED VIEWPOINT PUBLISHED
[INFO] [1790277498.626413214] [sage_mission_manager]: VIEWPOINT ACCEPTED | position=(-2.45, -3.00, -2.00) | distance_from_uav=0.26 m
[INFO] [1790277498.627413519] [sage_mission_manager]: VALIDATED VIEWPOINT PUBLISHED
[INFO] [1790277498.823630065] [sage_mission_manager]: VIEWPOINT ACCEPTED | position=(-2.45, -3.00, -2.00) | distance_from_uav=0.30 m
[INFO] [1790277498.824215107] [sage_mission_manager]: VALIDATED VIEWPOINT PUBLISHED
[INFO] [1790277499.027058780] [sage_mission_manager]: VIEWPOINT ACCEPTED | position=(-2.45, -3.00, -2.00) | distance_from_uav=0.34 m
[INFO] [1790277499.029746066] [sage_mission_manager]: VALIDATED VIEWPOINT PUBLISHED
[INFO] [1790277499.231508497] [sage_mission_manager]: VIEWPOINT ACCEPTED | position=(-2.45, -3.00, -2.00) | distance_from_uav=0.37 m
[INFO] [1790277499.232501041] [sage_mission_manager]: VALIDATED VIEWPOINT PUBLISHED
[INFO] [1790277499.426412330] [sage_mission_manager]: VIEWPOINT ACCEPTED | position=(-2.45, -3.00, -2.00) | distance_from_uav=0.39 m
[INFO] [1790277499.428109296] [sage_mission_manager]: VALIDATED VIEWPOINT PUBLISHED
[INFO] [1790277499.627243832] [sage_mission_manager]: VIEWPOINT ACCEPTED | position=(-2.45, -3.00, -2.00) | distance_from_uav=0.40 m
[INFO] [1790277499.633882179] [sage_mission_manager]: VALIDATED VIEWPOINT PUBLISHED
[INFO] [1790277499.824628882] [sage_mission_manager]: VIEWPOINT ACCEPTED | position=(-2.45, -3.00, -2.00) | distance_from_uav=0.40 m
[INFO] [1790277499.827170904] [sage_mission_manager]: VALIDATED VIEWPOINT PUBLISHED
[INFO] [1790277500.027650040] [sage_mission_manager]: VIEWPOINT ACCEPTED | position=(-2.45, -3.00, -2.00) | distance_from_uav=0.40 m
[INFO] [1790277500.028241100] [sage_mission_manager]: VALIDATED VIEWPOINT PUBLISHED
[INFO] [1790277500.227800577] [sage_mission_manager]: VIEWPOINT ACCEPTED | position=(-2.45, -3.00, -2.00) | distance_from_uav=0.39 m
[INFO] [1790277500.236557825] [sage_mission_manager]: VALIDATED VIEWPOINT PUBLISHED
[INFO] [1790277500.423712229] [sage_mission_manager]: VIEWPOINT ACCEPTED | position=(-2.45, -3.00, -2.00) | distance_from_uav=0.37 m
[INFO] [1790277500.424568143] [sage_mission_manager]: VALIDATED VIEWPOINT PUBLISHED
[INFO] [1790277500.625467700] [sage_mission_manager]: VIEWPOINT ACCEPTED | position=(-2.45, -3.00, -2.00) | distance_from_uav=0.36 m
[INFO] [1790277500.626230969] [sage_mission_manager]: VALIDATED VIEWPOINT PUBLISHED
[INFO] [1790277500.828402732] [sage_mission_manager]: VIEWPOINT ACCEPTED | position=(-2.45, -3.00, -2.00) | distance_from_uav=0.34 m
[INFO] [1790277500.829043257] [sage_mission_manager]: VALIDATED VIEWPOINT PUBLISHED
[INFO] [1790277501.023204388] [sage_mission_manager]: VIEWPOINT ACCEPTED | position=(-2.45, -3.00, -2.00) | distance_from_uav=0.32 m
[INFO] [1790277501.026204304] [sage_mission_manager]: VALIDATED VIEWPOINT PUBLISHED
[INFO] [1790277501.225084745] [sage_mission_manager]: VIEWPOINT ACCEPTED | position=(-2.45, -3.00, -2.00) | distance_from_uav=0.31 m
[INFO] [1790277501.226089950] [sage_mission_manager]: VALIDATED VIEWPOINT PUBLISHED
[INFO] [1790277501.427436878] [sage_mission_manager]: VIEWPOINT ACCEPTED | position=(-2.45, -3.00, -2.00) | distance_from_uav=0.28 m
[INFO] [1790277501.428033241] [sage_mission_manager]: VALIDATED VIEWPOINT PUBLISHED
[INFO] [1790277501.630670996] [sage_mission_manager]: VIEWPOINT ACCEPTED | position=(-2.45, -3.00, -2.00) | distance_from_uav=0.26 m
[INFO] [1790277501.635735633] [sage_mission_manager]: VALIDATED VIEWPOINT PUBLISHED
[INFO] [1790277501.824096927] [sage_mission_manager]: VIEWPOINT ACCEPTED | position=(-2.45, -3.00, -2.00) | distance_from_uav=0.23 m
[INFO] [1790277501.826976594] [sage_mission_manager]: VALIDATED VIEWPOINT PUBLISHED
[INFO] [1790277502.031057224] [sage_mission_manager]: VIEWPOINT ACCEPTED | position=(-2.45, -3.00, -2.00) | distance_from_uav=0.20 m
[INFO] [1790277502.031738026] [sage_mission_manager]: VALIDATED VIEWPOINT PUBLISHED
[INFO] [1790277502.228201300] [sage_mission_manager]: VIEWPOINT ACCEPTED | position=(-2.45, -3.00, -2.00) | distance_from_uav=0.18 m
[INFO] [1790277502.228894499] [sage_mission_manager]: VALIDATED VIEWPOINT PUBLISHED
[INFO] [1790277502.427805965] [sage_mission_manager]: VIEWPOINT ACCEPTED | position=(-2.45, -3.00, -2.00) | distance_from_uav=0.16 m
[INFO] [1790277502.429765870] [sage_mission_manager]: VALIDATED VIEWPOINT PUBLISHED
[INFO] [1790277502.629329449] [sage_mission_manager]: VIEWPOINT ACCEPTED | position=(-2.45, -3.00, -2.00) | distance_from_uav=0.14 m
[INFO] [1790277502.635384491] [sage_mission_manager]: VALIDATED VIEWPOINT PUBLISHED
[INFO] [1790277502.823749274] [sage_mission_manager]: VIEWPOINT ACCEPTED | position=(-2.45, -3.00, -2.00) | distance_from_uav=0.12 m
[INFO] [1790277502.824316233] [sage_mission_manager]: VALIDATED VIEWPOINT PUBLISHED
[INFO] [1790277503.029673108] [sage_mission_manager]: VIEWPOINT ACCEPTED | position=(-2.45, -3.00, -2.00) | distance_from_uav=0.11 m
[INFO] [1790277503.030358716] [sage_mission_manager]: VALIDATED VIEWPOINT PUBLISHED
[INFO] [1790277503.231558957] [sage_mission_manager]: VIEWPOINT ACCEPTED | position=(-2.45, -3.00, -2.00) | distance_from_uav=0.09 m
[INFO] [1790277503.234365788] [sage_mission_manager]: VALIDATED VIEWPOINT PUBLISHED
[INFO] [1790277503.425022190] [sage_mission_manager]: VIEWPOINT ACCEPTED | position=(-2.45, -3.00, -2.00) | distance_from_uav=0.08 m
[INFO] [1790277503.425570987] [sage_mission_manager]: VALIDATED VIEWPOINT PUBLISHED
[INFO] [1790277503.639045194] [sage_mission_manager]: VIEWPOINT ACCEPTED | position=(-2.45, -3.00, -2.00) | distance_from_uav=0.06 m
[INFO] [1790277503.640216611] [sage_mission_manager]: VALIDATED VIEWPOINT PUBLISHED
[INFO] [1790277503.834801125] [sage_mission_manager]: VIEWPOINT ACCEPTED | position=(-2.45, -3.00, -2.00) | distance_from_uav=0.05 m
[INFO] [1790277503.839552326] [sage_mission_manager]: VALIDATED VIEWPOINT PUBLISHED
[INFO] [1790277504.024668004] [sage_mission_manager]: VIEWPOINT ACCEPTED | position=(-2.45, -3.00, -2.00) | distance_from_uav=0.04 m
[INFO] [1790277504.025814143] [sage_mission_manager]: VALIDATED VIEWPOINT PUBLISHED
[INFO] [1790277504.225404748] [sage_mission_manager]: VIEWPOINT ACCEPTED | position=(-2.45, -3.00, -2.00) | distance_from_uav=0.03 m
[INFO] [1790277504.226177917] [sage_mission_manager]: VALIDATED VIEWPOINT PUBLISHED
[INFO] [1790277504.424492416] [sage_mission_manager]: VIEWPOINT ACCEPTED | position=(-2.45, -3.00, -2.00) | distance_from_uav=0.03 m
[INFO] [1790277504.425080317] [sage_mission_manager]: VALIDATED VIEWPOINT PUBLISHED
[INFO] [1790277504.628475408] [sage_mission_manager]: VIEWPOINT ACCEPTED | position=(-2.45, -3.00, -2.00) | distance_from_uav=0.03 m
[INFO] [1790277504.629263417] [sage_mission_manager]: VALIDATED VIEWPOINT PUBLISHED
[INFO] [1790277504.825841846] [sage_mission_manager]: VIEWPOINT ACCEPTED | position=(-2.45, -3.00, -2.00) | distance_from_uav=0.03 m
[INFO] [1790277504.826513799] [sage_mission_manager]: VALIDATED VIEWPOINT PUBLISHED
[INFO] [1790277505.024233378] [sage_mission_manager]: VIEWPOINT ACCEPTED | position=(-2.45, -3.00, -2.00) | distance_from_uav=0.03 m
[INFO] [1790277505.029464905] [sage_mission_manager]: VALIDATED VIEWPOINT PUBLISHED
[INFO] [1790277505.230524515] [sage_mission_manager]: VIEWPOINT ACCEPTED | position=(-2.45, -3.00, -2.00) | distance_from_uav=0.04 m
[INFO] [1790277505.232415158] [sage_mission_manager]: VALIDATED VIEWPOINT PUBLISHED
[INFO] [1790277505.432691881] [sage_mission_manager]: VIEWPOINT ACCEPTED | position=(-2.45, -3.00, -2.00) | distance_from_uav=0.05 m
[INFO] [1790277505.433493439] [sage_mission_manager]: VALIDATED VIEWPOINT PUBLISHED
[INFO] [1790277505.627018829] [sage_mission_manager]: VIEWPOINT ACCEPTED | position=(-2.45, -3.00, -2.00) | distance_from_uav=0.06 m
[INFO] [1790277505.627634527] [sage_mission_manager]: VALIDATED VIEWPOINT PUBLISHED
[INFO] [1790277505.824407719] [sage_mission_manager]: VIEWPOINT ACCEPTED | position=(-2.45, -3.00, -2.00) | distance_from_uav=0.07 m
[INFO] [1790277505.825034406] [sage_mission_manager]: VALIDATED VIEWPOINT PUBLISHED
[INFO] [1790277506.023561917] [sage_mission_manager]: VIEWPOINT ACCEPTED | position=(-2.45, -3.00, -2.00) | distance_from_uav=0.07 m
[INFO] [1790277506.025410699] [sage_mission_manager]: VALIDATED VIEWPOINT PUBLISHED
[INFO] [1790277506.232166865] [sage_mission_manager]: VIEWPOINT ACCEPTED | position=(-1.75, -3.06, -2.00) | distance_from_uav=0.71 m
[INFO] [1790277506.232776824] [sage_mission_manager]: VALIDATED VIEWPOINT PUBLISHED
[INFO] [1790277506.436708436] [sage_mission_manager]: VIEWPOINT ACCEPTED | position=(-1.05, -3.11, -2.00) | distance_from_uav=1.41 m
[INFO] [1790277506.438702227] [sage_mission_manager]: VALIDATED VIEWPOINT PUBLISHED
[INFO] [1790277506.630998750] [sage_mission_manager]: VIEWPOINT ACCEPTED | position=(-0.36, -3.17, -2.00) | distance_from_uav=2.10 m
[INFO] [1790277506.631592177] [sage_mission_manager]: VALIDATED VIEWPOINT PUBLISHED
[INFO] [1790277506.827310218] [sage_mission_manager]: VIEWPOINT ACCEPTED | position=(0.34, -3.22, -2.00) | distance_from_uav=2.74 m
[INFO] [1790277506.827911047] [sage_mission_manager]: VALIDATED VIEWPOINT PUBLISHED
[INFO] [1790277507.029198750] [sage_mission_manager]: VIEWPOINT ACCEPTED | position=(1.04, -3.28, -2.00) | distance_from_uav=3.34 m
[INFO] [1790277507.029765407] [sage_mission_manager]: VALIDATED VIEWPOINT PUBLISHED
[INFO] [1790277507.225462589] [sage_mission_manager]: VIEWPOINT ACCEPTED | position=(1.04, -3.28, -2.00) | distance_from_uav=3.16 m
[INFO] [1790277507.228737735] [sage_mission_manager]: VALIDATED VIEWPOINT PUBLISHED
[INFO] [1790277507.432062771] [sage_mission_manager]: VIEWPOINT ACCEPTED | position=(1.74, -3.33, -2.00) | distance_from_uav=3.54 m
[INFO] [1790277507.432676076] [sage_mission_manager]: VALIDATED VIEWPOINT PUBLISHED
[INFO] [1790277507.623327604] [sage_mission_manager]: VIEWPOINT ACCEPTED | position=(1.74, -3.33, -2.00) | distance_from_uav=3.24 m
[INFO] [1790277507.624310664] [sage_mission_manager]: VALIDATED VIEWPOINT PUBLISHED
[INFO] [1790277507.842704436] [sage_mission_manager]: VIEWPOINT ACCEPTED | position=(2.43, -3.39, -2.00) | distance_from_uav=3.54 m
[INFO] [1790277507.843312873] [sage_mission_manager]: VALIDATED VIEWPOINT PUBLISHED
[INFO] [1790277508.033292324] [sage_mission_manager]: VIEWPOINT ACCEPTED | position=(2.43, -3.39, -2.00) | distance_from_uav=3.15 m
[INFO] [1790277508.038995417] [sage_mission_manager]: VALIDATED VIEWPOINT PUBLISHED
[INFO] [1790277508.227677148] [sage_mission_manager]: VIEWPOINT ACCEPTED | position=(2.60, -3.40, -2.00) | distance_from_uav=2.88 m
[INFO] [1790277508.228537402] [sage_mission_manager]: VALIDATED VIEWPOINT PUBLISHED
[INFO] [1790277508.428059915] [sage_mission_manager]: VIEWPOINT ACCEPTED | position=(2.60, -4.10, -2.00) | distance_from_uav=2.59 m
[INFO] [1790277508.428852347] [sage_mission_manager]: VALIDATED VIEWPOINT PUBLISHED
[INFO] [1790277508.627228533] [sage_mission_manager]: VIEWPOINT ACCEPTED | position=(2.60, -4.80, -2.00) | distance_from_uav=2.62 m
[INFO] [1790277508.630103788] [sage_mission_manager]: VALIDATED VIEWPOINT PUBLISHED
[INFO] [1790277508.827419360] [sage_mission_manager]: VIEWPOINT ACCEPTED | position=(2.60, -5.50, -2.00) | distance_from_uav=2.84 m
[INFO] [1790277508.831025551] [sage_mission_manager]: VALIDATED VIEWPOINT PUBLISHED
[INFO] [1790277509.028217126] [sage_mission_manager]: VIEWPOINT ACCEPTED | position=(2.60, -6.20, -2.00) | distance_from_uav=3.27 m
[INFO] [1790277509.029915940] [sage_mission_manager]: VALIDATED VIEWPOINT PUBLISHED
[INFO] [1790277509.227656916] [sage_mission_manager]: VIEWPOINT ACCEPTED | position=(2.60, -6.20, -2.00) | distance_from_uav=3.07 m
[INFO] [1790277509.228225832] [sage_mission_manager]: VALIDATED VIEWPOINT PUBLISHED
[INFO] [1790277509.435293678] [sage_mission_manager]: VIEWPOINT ACCEPTED | position=(2.60, -6.90, -2.00) | distance_from_uav=3.55 m
[INFO] [1790277509.441009061] [sage_mission_manager]: VALIDATED VIEWPOINT PUBLISHED
[INFO] [1790277509.636144085] [sage_mission_manager]: VIEWPOINT ACCEPTED | position=(2.60, -6.90, -2.00) | distance_from_uav=3.24 m
[INFO] [1790277509.639228890] [sage_mission_manager]: VALIDATED VIEWPOINT PUBLISHED
[INFO] [1790277509.837548137] [sage_mission_manager]: VIEWPOINT ACCEPTED | position=(2.60, -7.60, -2.00) | distance_from_uav=3.63 m
[INFO] [1790277509.851734184] [sage_mission_manager]: VALIDATED VIEWPOINT PUBLISHED
[INFO] [1790277510.029963567] [sage_mission_manager]: VIEWPOINT ACCEPTED | position=(2.60, -7.60, -2.00) | distance_from_uav=3.28 m
[INFO] [1790277510.030698122] [sage_mission_manager]: VALIDATED VIEWPOINT PUBLISHED
[INFO] [1790277510.235891102] [sage_mission_manager]: VIEWPOINT ACCEPTED | position=(2.60, -8.30, -2.00) | distance_from_uav=3.58 m
[INFO] [1790277510.236626679] [sage_mission_manager]: VALIDATED VIEWPOINT PUBLISHED
[INFO] [1790277510.430618311] [sage_mission_manager]: VIEWPOINT ACCEPTED | position=(2.60, -8.30, -2.00) | distance_from_uav=3.26 m
[INFO] [1790277510.431659681] [sage_mission_manager]: VALIDATED VIEWPOINT PUBLISHED
[INFO] [1790277510.640791770] [sage_mission_manager]: VIEWPOINT ACCEPTED | position=(2.60, -9.00, -2.00) | distance_from_uav=3.58 m
[INFO] [1790277510.641811526] [sage_mission_manager]: VALIDATED VIEWPOINT PUBLISHED
[INFO] [1790277510.826635961] [sage_mission_manager]: VIEWPOINT ACCEPTED | position=(2.60, -9.00, -2.00) | distance_from_uav=3.16 m
[INFO] [1790277510.827454573] [sage_mission_manager]: VALIDATED VIEWPOINT PUBLISHED
[INFO] [1790277511.035020601] [sage_mission_manager]: VIEWPOINT ACCEPTED | position=(2.60, -9.70, -2.00) | distance_from_uav=3.36 m
[INFO] [1790277511.036829991] [sage_mission_manager]: VALIDATED VIEWPOINT PUBLISHED
[INFO] [1790277511.227309310] [sage_mission_manager]: VIEWPOINT ACCEPTED | position=(2.60, -10.40, -2.00) | distance_from_uav=3.66 m
[INFO] [1790277511.229177396] [sage_mission_manager]: VALIDATED VIEWPOINT PUBLISHED
[INFO] [1790277511.429523633] [sage_mission_manager]: VIEWPOINT ACCEPTED | position=(2.60, -10.40, -2.00) | distance_from_uav=3.20 m
[INFO] [1790277511.430080856] [sage_mission_manager]: VALIDATED VIEWPOINT PUBLISHED
[INFO] [1790277511.635964785] [sage_mission_manager]: VIEWPOINT ACCEPTED | position=(2.60, -10.60, -2.00) | distance_from_uav=2.93 m
[INFO] [1790277511.636780918] [sage_mission_manager]: VALIDATED VIEWPOINT PUBLISHED
[INFO] [1790277511.828134406] [sage_mission_manager]: VIEWPOINT ACCEPTED | position=(1.90, -10.60, -2.00) | distance_from_uav=2.76 m
[INFO] [1790277511.829088502] [sage_mission_manager]: VALIDATED VIEWPOINT PUBLISHED
[INFO] [1790277512.031248347] [sage_mission_manager]: VIEWPOINT ACCEPTED | position=(1.20, -10.60, -2.00) | distance_from_uav=2.80 m
[INFO] [1790277512.032178548] [sage_mission_manager]: VALIDATED VIEWPOINT PUBLISHED
[INFO] [1790277512.235604182] [sage_mission_manager]: VIEWPOINT ACCEPTED | position=(0.50, -10.60, -2.00) | distance_from_uav=3.03 m
[INFO] [1790277512.241136298] [sage_mission_manager]: VALIDATED VIEWPOINT PUBLISHED
[INFO] [1790277512.434575670] [sage_mission_manager]: VIEWPOINT ACCEPTED | position=(-0.20, -10.60, -2.00) | distance_from_uav=3.42 m
[INFO] [1790277512.435154879] [sage_mission_manager]: VALIDATED VIEWPOINT PUBLISHED
[INFO] [1790277512.625138027] [sage_mission_manager]: VIEWPOINT ACCEPTED | position=(-0.20, -10.60, -2.00) | distance_from_uav=3.21 m
[INFO] [1790277512.625733677] [sage_mission_manager]: VALIDATED VIEWPOINT PUBLISHED
[INFO] [1790277512.825970159] [sage_mission_manager]: VIEWPOINT ACCEPTED | position=(-0.90, -10.60, -2.00) | distance_from_uav=3.60 m
[INFO] [1790277512.828837510] [sage_mission_manager]: VALIDATED VIEWPOINT PUBLISHED
[INFO] [1790277513.035526676] [sage_mission_manager]: VIEWPOINT ACCEPTED | position=(-0.90, -10.60, -2.00) | distance_from_uav=3.30 m
[INFO] [1790277513.036194860] [sage_mission_manager]: VALIDATED VIEWPOINT PUBLISHED
[INFO] [1790277513.224596850] [sage_mission_manager]: VIEWPOINT ACCEPTED | position=(-1.60, -10.60, -2.00) | distance_from_uav=3.64 m
[INFO] [1790277513.225817904] [sage_mission_manager]: VALIDATED VIEWPOINT PUBLISHED
[INFO] [1790277513.429073829] [sage_mission_manager]: VIEWPOINT ACCEPTED | position=(-1.60, -10.60, -2.00) | distance_from_uav=3.27 m
[INFO] [1790277513.429851775] [sage_mission_manager]: VALIDATED VIEWPOINT PUBLISHED
[INFO] [1790277513.624978917] [sage_mission_manager]: VIEWPOINT ACCEPTED | position=(-2.30, -10.60, -2.00) | distance_from_uav=3.58 m
[INFO] [1790277513.625656159] [sage_mission_manager]: VALIDATED VIEWPOINT PUBLISHED
[INFO] [1790277513.827728278] [sage_mission_manager]: VIEWPOINT ACCEPTED | position=(-2.30, -10.60, -2.00) | distance_from_uav=3.16 m
[INFO] [1790277513.828477579] [sage_mission_manager]: VALIDATED VIEWPOINT PUBLISHED
[INFO] [1790277514.036639063] [sage_mission_manager]: VIEWPOINT ACCEPTED | position=(-2.60, -10.60, -2.00) | distance_from_uav=2.99 m
[INFO] [1790277514.040659949] [sage_mission_manager]: VALIDATED VIEWPOINT PUBLISHED
[INFO] [1790277514.230097635] [sage_mission_manager]: VIEWPOINT ACCEPTED | position=(-2.77, -9.92, -2.00) | distance_from_uav=2.96 m
[INFO] [1790277514.233941665] [sage_mission_manager]: VALIDATED VIEWPOINT PUBLISHED
[INFO] [1790277514.424124818] [sage_mission_manager]: VIEWPOINT ACCEPTED | position=(-2.94, -9.24, -2.00) | distance_from_uav=3.10 m
[INFO] [1790277514.426226959] [sage_mission_manager]: VALIDATED VIEWPOINT PUBLISHED
[INFO] [1790277514.631964457] [sage_mission_manager]: VIEWPOINT ACCEPTED | position=(-3.00, -9.00, -2.00) | distance_from_uav=2.99 m
[INFO] [1790277514.639917116] [sage_mission_manager]: VALIDATED VIEWPOINT PUBLISHED
[INFO] [1790277514.825551164] [sage_mission_manager]: VIEWPOINT ACCEPTED | position=(-3.00, -9.00, -2.00) | distance_from_uav=2.68 m
[INFO] [1790277514.827135644] [sage_mission_manager]: VALIDATED VIEWPOINT PUBLISHED
[INFO] [1790277515.024773685] [sage_mission_manager]: VIEWPOINT ACCEPTED | position=(-3.00, -9.00, -2.00) | distance_from_uav=2.36 m
[INFO] [1790277515.025325939] [sage_mission_manager]: VALIDATED VIEWPOINT PUBLISHED
[INFO] [1790277515.225017732] [sage_mission_manager]: VIEWPOINT ACCEPTED | position=(-3.00, -9.00, -2.00) | distance_from_uav=2.07 m
[INFO] [1790277515.233752159] [sage_mission_manager]: VALIDATED VIEWPOINT PUBLISHED
[INFO] [1790277515.423233898] [sage_mission_manager]: VIEWPOINT ACCEPTED | position=(-3.00, -9.00, -2.00) | distance_from_uav=1.76 m
[INFO] [1790277515.424071705] [sage_mission_manager]: VALIDATED VIEWPOINT PUBLISHED
[INFO] [1790277515.633199862] [sage_mission_manager]: VIEWPOINT ACCEPTED | position=(-3.00, -9.00, -2.00) | distance_from_uav=1.51 m
[INFO] [1790277515.634494703] [sage_mission_manager]: VALIDATED VIEWPOINT PUBLISHED
[INFO] [1790277515.829288917] [sage_mission_manager]: VIEWPOINT ACCEPTED | position=(-3.00, -9.00, -2.00) | distance_from_uav=1.26 m
[INFO] [1790277515.829855253] [sage_mission_manager]: VALIDATED VIEWPOINT PUBLISHED
[INFO] [1790277516.032754306] [sage_mission_manager]: VIEWPOINT ACCEPTED | position=(-3.00, -9.00, -2.00) | distance_from_uav=1.03 m
[INFO] [1790277516.033741849] [sage_mission_manager]: VALIDATED VIEWPOINT PUBLISHED
[INFO] [1790277516.225446755] [sage_mission_manager]: VIEWPOINT ACCEPTED | position=(-3.00, -9.00, -2.00) | distance_from_uav=0.82 m
[INFO] [1790277516.226747579] [sage_mission_manager]: VALIDATED VIEWPOINT PUBLISHED
[INFO] [1790277516.429828894] [sage_mission_manager]: VIEWPOINT ACCEPTED | position=(-3.00, -9.00, -2.00) | distance_from_uav=0.65 m
[INFO] [1790277516.434166442] [sage_mission_manager]: VALIDATED VIEWPOINT PUBLISHED
[INFO] [1790277516.627796785] [sage_mission_manager]: VIEWPOINT ACCEPTED | position=(-3.00, -9.00, -2.00) | distance_from_uav=0.51 m
[INFO] [1790277516.628503944] [sage_mission_manager]: VALIDATED VIEWPOINT PUBLISHED
[INFO] [1790277516.829498592] [sage_mission_manager]: VIEWPOINT ACCEPTED | position=(-3.00, -9.00, -2.00) | distance_from_uav=0.44 m
[INFO] [1790277516.830906437] [sage_mission_manager]: VALIDATED VIEWPOINT PUBLISHED
[INFO] [1790277517.027015157] [sage_mission_manager]: VIEWPOINT ACCEPTED | position=(-3.00, -9.00, -2.00) | distance_from_uav=0.37 m
[INFO] [1790277517.029183106] [sage_mission_manager]: VALIDATED VIEWPOINT PUBLISHED
[INFO] [1790277517.222332149] [sage_mission_manager]: VIEWPOINT ACCEPTED | position=(-3.00, -9.00, -2.00) | distance_from_uav=0.33 m
[INFO] [1790277517.222955846] [sage_mission_manager]: VALIDATED VIEWPOINT PUBLISHED
[INFO] [1790277517.424418104] [sage_mission_manager]: VIEWPOINT ACCEPTED | position=(-3.00, -9.00, -2.00) | distance_from_uav=0.31 m
[INFO] [1790277517.427189484] [sage_mission_manager]: VALIDATED VIEWPOINT PUBLISHED
[INFO] [1790277517.624070425] [sage_mission_manager]: VIEWPOINT ACCEPTED | position=(-3.00, -9.00, -2.00) | distance_from_uav=0.30 m
[INFO] [1790277517.624709141] [sage_mission_manager]: VALIDATED VIEWPOINT PUBLISHED
[INFO] [1790277517.837146672] [sage_mission_manager]: VIEWPOINT ACCEPTED | position=(-3.00, -9.00, -2.00) | distance_from_uav=0.29 m
[INFO] [1790277517.838969526] [sage_mission_manager]: VALIDATED VIEWPOINT PUBLISHED
[INFO] [1790277518.027249796] [sage_mission_manager]: VIEWPOINT ACCEPTED | position=(-3.00, -9.00, -2.00) | distance_from_uav=0.28 m
[INFO] [1790277518.027825992] [sage_mission_manager]: VALIDATED VIEWPOINT PUBLISHED
[INFO] [1790277518.225599099] [sage_mission_manager]: VIEWPOINT ACCEPTED | position=(-3.00, -9.00, -2.00) | distance_from_uav=0.27 m
[INFO] [1790277518.226312980] [sage_mission_manager]: VALIDATED VIEWPOINT PUBLISHED
[INFO] [1790277518.438993745] [sage_mission_manager]: VIEWPOINT ACCEPTED | position=(-3.00, -9.00, -2.00) | distance_from_uav=0.27 m
[INFO] [1790277518.442954768] [sage_mission_manager]: VALIDATED VIEWPOINT PUBLISHED
[INFO] [1790277518.628605981] [sage_mission_manager]: VIEWPOINT ACCEPTED | position=(-3.00, -9.00, -2.00) | distance_from_uav=0.27 m
[INFO] [1790277518.629525125] [sage_mission_manager]: VALIDATED VIEWPOINT PUBLISHED
[INFO] [1790277518.832052776] [sage_mission_manager]: VIEWPOINT ACCEPTED | position=(-3.00, -9.00, -2.00) | distance_from_uav=0.26 m
[INFO] [1790277518.832615939] [sage_mission_manager]: VALIDATED VIEWPOINT PUBLISHED
[INFO] [1790277519.025212612] [sage_mission_manager]: VIEWPOINT ACCEPTED | position=(-3.00, -9.00, -2.00) | distance_from_uav=0.26 m
[INFO] [1790277519.025785540] [sage_mission_manager]: VALIDATED VIEWPOINT PUBLISHED
[INFO] [1790277519.234130811] [sage_mission_manager]: VIEWPOINT ACCEPTED | position=(-3.00, -9.00, -2.00) | distance_from_uav=0.26 m
[INFO] [1790277519.234951117] [sage_mission_manager]: VALIDATED VIEWPOINT PUBLISHED
[INFO] [1790277519.427266263] [sage_mission_manager]: VIEWPOINT ACCEPTED | position=(-3.00, -9.00, -2.00) | distance_from_uav=0.25 m
[INFO] [1790277519.427975827] [sage_mission_manager]: VALIDATED VIEWPOINT PUBLISHED
[INFO] [1790277519.629696799] [sage_mission_manager]: VIEWPOINT ACCEPTED | position=(-3.00, -9.00, -2.00) | distance_from_uav=0.24 m
[INFO] [1790277519.632408674] [sage_mission_manager]: VALIDATED VIEWPOINT PUBLISHED
[INFO] [1790277519.833004820] [sage_mission_manager]: VIEWPOINT ACCEPTED | position=(-3.00, -9.00, -2.00) | distance_from_uav=0.23 m
[INFO] [1790277519.833616166] [sage_mission_manager]: VALIDATED VIEWPOINT PUBLISHED
[INFO] [1790277520.025693761] [sage_mission_manager]: VIEWPOINT ACCEPTED | position=(-3.00, -9.00, -2.00) | distance_from_uav=0.22 m
[INFO] [1790277520.028698575] [sage_mission_manager]: VALIDATED VIEWPOINT PUBLISHED
[INFO] [1790277520.225302516] [sage_mission_manager]: VIEWPOINT ACCEPTED | position=(-3.00, -9.00, -2.00) | distance_from_uav=0.21 m
[INFO] [1790277520.226135862] [sage_mission_manager]: VALIDATED VIEWPOINT PUBLISHED
[INFO] [1790277520.425780497] [sage_mission_manager]: VIEWPOINT ACCEPTED | position=(-3.00, -9.00, -2.00) | distance_from_uav=0.21 m
[INFO] [1790277520.427616754] [sage_mission_manager]: VALIDATED VIEWPOINT PUBLISHED
[INFO] [1790277520.630652633] [sage_mission_manager]: VIEWPOINT ACCEPTED | position=(-3.00, -9.00, -2.00) | distance_from_uav=0.20 m
[INFO] [1790277520.631983849] [sage_mission_manager]: VALIDATED VIEWPOINT PUBLISHED
[INFO] [1790277520.825079162] [sage_mission_manager]: VIEWPOINT ACCEPTED | position=(-3.00, -9.00, -2.00) | distance_from_uav=0.20 m
[INFO] [1790277520.825651496] [sage_mission_manager]: VALIDATED VIEWPOINT PUBLISHED
[INFO] [1790277521.027015245] [sage_mission_manager]: VIEWPOINT ACCEPTED | position=(-3.00, -9.00, -2.00) | distance_from_uav=0.19 m
[INFO] [1790277521.028246181] [sage_mission_manager]: VALIDATED VIEWPOINT PUBLISHED
[INFO] [1790277521.234570700] [sage_mission_manager]: VIEWPOINT ACCEPTED | position=(-3.00, -9.00, -2.00) | distance_from_uav=0.18 m
[INFO] [1790277521.236129307] [sage_mission_manager]: VALIDATED VIEWPOINT PUBLISHED
[INFO] [1790277521.426529406] [sage_mission_manager]: VIEWPOINT ACCEPTED | position=(-3.00, -9.00, -2.00) | distance_from_uav=0.18 m
[INFO] [1790277521.428465504] [sage_mission_manager]: VALIDATED VIEWPOINT PUBLISHED
[INFO] [1790277521.628803477] [sage_mission_manager]: VIEWPOINT ACCEPTED | position=(-3.00, -9.00, -2.00) | distance_from_uav=0.17 m
[INFO] [1790277521.629418790] [sage_mission_manager]: VALIDATED VIEWPOINT PUBLISHED
[INFO] [1790277521.824159775] [sage_mission_manager]: VIEWPOINT ACCEPTED | position=(-3.00, -9.00, -2.00) | distance_from_uav=0.15 m
[INFO] [1790277521.824716000] [sage_mission_manager]: VALIDATED VIEWPOINT PUBLISHED
[INFO] [1790277522.024717459] [sage_mission_manager]: VIEWPOINT ACCEPTED | position=(-3.00, -9.00, -2.00) | distance_from_uav=0.14 m
[INFO] [1790277522.026370161] [sage_mission_manager]: VALIDATED VIEWPOINT PUBLISHED
[INFO] [1790277522.230566319] [sage_mission_manager]: VIEWPOINT ACCEPTED | position=(-3.00, -9.00, -2.00) | distance_from_uav=0.13 m
[INFO] [1790277522.231426073] [sage_mission_manager]: VALIDATED VIEWPOINT PUBLISHED
[INFO] [1790277522.424315748] [sage_mission_manager]: VIEWPOINT ACCEPTED | position=(-3.00, -9.00, -2.00) | distance_from_uav=0.13 m
[INFO] [1790277522.424907981] [sage_mission_manager]: VALIDATED VIEWPOINT PUBLISHED
[INFO] [1790277522.622848283] [sage_mission_manager]: VIEWPOINT ACCEPTED | position=(-3.00, -9.00, -2.00) | distance_from_uav=0.12 m
[INFO] [1790277522.625708367] [sage_mission_manager]: VALIDATED VIEWPOINT PUBLISHED
[INFO] [1790277522.828352206] [sage_mission_manager]: VIEWPOINT ACCEPTED | position=(-3.00, -9.00, -2.00) | distance_from_uav=0.11 m
[INFO] [1790277522.828897935] [sage_mission_manager]: VALIDATED VIEWPOINT PUBLISHED
[INFO] [1790277523.025448333] [sage_mission_manager]: VIEWPOINT ACCEPTED | position=(-3.00, -9.00, -2.00) | distance_from_uav=0.11 m
[INFO] [1790277523.026290702] [sage_mission_manager]: VALIDATED VIEWPOINT PUBLISHED
[INFO] [1790277523.225174875] [sage_mission_manager]: VIEWPOINT ACCEPTED | position=(-3.00, -9.00, -2.00) | distance_from_uav=0.10 m
[INFO] [1790277523.226106977] [sage_mission_manager]: VALIDATED VIEWPOINT PUBLISHED
[INFO] [1790277523.432077651] [sage_mission_manager]: VIEWPOINT ACCEPTED | position=(-3.00, -9.00, -2.00) | distance_from_uav=0.10 m
[INFO] [1790277523.432897602] [sage_mission_manager]: VALIDATED VIEWPOINT PUBLISHED
[INFO] [1790277523.629177226] [sage_mission_manager]: VIEWPOINT ACCEPTED | position=(-3.00, -9.00, -2.00) | distance_from_uav=0.10 m
[INFO] [1790277523.629783021] [sage_mission_manager]: VALIDATED VIEWPOINT PUBLISHED
[INFO] [1790277523.832740937] [sage_mission_manager]: VIEWPOINT ACCEPTED | position=(-3.00, -9.00, -2.00) | distance_from_uav=0.10 m
[INFO] [1790277523.833518218] [sage_mission_manager]: VALIDATED VIEWPOINT PUBLISHED
[INFO] [1790277524.023990435] [sage_mission_manager]: VIEWPOINT ACCEPTED | position=(-3.00, -9.00, -2.00) | distance_from_uav=0.10 m
[INFO] [1790277524.024682581] [sage_mission_manager]: VALIDATED VIEWPOINT PUBLISHED
[INFO] [1790277524.225314752] [sage_mission_manager]: VIEWPOINT ACCEPTED | position=(-3.00, -9.00, -2.00) | distance_from_uav=0.10 m
[INFO] [1790277524.225829964] [sage_mission_manager]: VALIDATED VIEWPOINT PUBLISHED
[INFO] [1790277524.431676997] [sage_mission_manager]: VIEWPOINT ACCEPTED | position=(-3.00, -9.00, -2.00) | distance_from_uav=0.10 m
[INFO] [1790277524.432234202] [sage_mission_manager]: VALIDATED VIEWPOINT PUBLISHED
[INFO] [1790277524.627439235] [sage_mission_manager]: VIEWPOINT ACCEPTED | position=(-3.00, -9.00, -2.00) | distance_from_uav=0.11 m
[INFO] [1790277524.628006730] [sage_mission_manager]: VALIDATED VIEWPOINT PUBLISHED
[INFO] [1790277524.832915111] [sage_mission_manager]: VIEWPOINT ACCEPTED | position=(-3.00, -9.00, -2.00) | distance_from_uav=0.11 m
[INFO] [1790277524.833516581] [sage_mission_manager]: VALIDATED VIEWPOINT PUBLISHED
[INFO] [1790277525.027679270] [sage_mission_manager]: VIEWPOINT ACCEPTED | position=(-3.00, -9.00, -2.00) | distance_from_uav=0.11 m
[INFO] [1790277525.028243551] [sage_mission_manager]: VALIDATED VIEWPOINT PUBLISHED
[INFO] [1790277525.231372285] [sage_mission_manager]: VIEWPOINT ACCEPTED | position=(-3.00, -9.00, -2.00) | distance_from_uav=0.12 m
[INFO] [1790277525.233829485] [sage_mission_manager]: VALIDATED VIEWPOINT PUBLISHED
[INFO] [1790277525.426719504] [sage_mission_manager]: VIEWPOINT ACCEPTED | position=(-2.83, -9.68, -2.00) | distance_from_uav=0.76 m
[INFO] [1790277525.427492006] [sage_mission_manager]: VALIDATED VIEWPOINT PUBLISHED
[INFO] [1790277525.634275499] [sage_mission_manager]: VIEWPOINT ACCEPTED | position=(-2.66, -10.36, -2.00) | distance_from_uav=1.45 m
[INFO] [1790277525.635019538] [sage_mission_manager]: VALIDATED VIEWPOINT PUBLISHED
[INFO] [1790277525.828352422] [sage_mission_manager]: VIEWPOINT ACCEPTED | position=(-2.60, -10.60, -2.00) | distance_from_uav=1.69 m
[INFO] [1790277525.829255912] [sage_mission_manager]: VALIDATED VIEWPOINT PUBLISHED
[INFO] [1790277526.036522306] [sage_mission_manager]: VIEWPOINT ACCEPTED | position=(-1.90, -10.60, -2.00) | distance_from_uav=1.91 m
[INFO] [1790277526.037286174] [sage_mission_manager]: VALIDATED VIEWPOINT PUBLISHED
[INFO] [1790277526.229514808] [sage_mission_manager]: VIEWPOINT ACCEPTED | position=(-1.20, -10.60, -2.00) | distance_from_uav=2.27 m
[INFO] [1790277526.234832276] [sage_mission_manager]: VALIDATED VIEWPOINT PUBLISHED
[INFO] [1790277526.436550597] [sage_mission_manager]: VIEWPOINT ACCEPTED | position=(-0.50, -10.60, -2.00) | distance_from_uav=2.73 m
[INFO] [1790277526.437455104] [sage_mission_manager]: VALIDATED VIEWPOINT PUBLISHED
[INFO] [1790277526.630866099] [sage_mission_manager]: VIEWPOINT ACCEPTED | position=(0.20, -10.60, -2.00) | distance_from_uav=3.22 m
[INFO] [1790277526.631829666] [sage_mission_manager]: VALIDATED VIEWPOINT PUBLISHED
[INFO] [1790277526.834409279] [sage_mission_manager]: VIEWPOINT ACCEPTED | position=(0.20, -10.60, -2.00) | distance_from_uav=3.07 m
[INFO] [1790277526.837411963] [sage_mission_manager]: VALIDATED VIEWPOINT PUBLISHED
[INFO] [1790277527.025059637] [sage_mission_manager]: VIEWPOINT ACCEPTED | position=(0.90, -10.60, -2.00) | distance_from_uav=3.50 m
[INFO] [1790277527.025899693] [sage_mission_manager]: VALIDATED VIEWPOINT PUBLISHED
[INFO] [1790277527.237515271] [sage_mission_manager]: VIEWPOINT ACCEPTED | position=(0.90, -10.60, -2.00) | distance_from_uav=3.22 m
[INFO] [1790277527.238319933] [sage_mission_manager]: VALIDATED VIEWPOINT PUBLISHED
[INFO] [1790277527.432796385] [sage_mission_manager]: VIEWPOINT ACCEPTED | position=(1.60, -10.60, -2.00) | distance_from_uav=3.59 m
[INFO] [1790277527.434722675] [sage_mission_manager]: VALIDATED VIEWPOINT PUBLISHED
[INFO] [1790277527.623361780] [sage_mission_manager]: VIEWPOINT ACCEPTED | position=(1.60, -10.60, -2.00) | distance_from_uav=3.27 m
[INFO] [1790277527.624379204] [sage_mission_manager]: VALIDATED VIEWPOINT PUBLISHED
[INFO] [1790277527.825788650] [sage_mission_manager]: VIEWPOINT ACCEPTED | position=(2.30, -10.60, -2.00) | distance_from_uav=3.59 m
[INFO] [1790277527.826552059] [sage_mission_manager]: VALIDATED VIEWPOINT PUBLISHED
[INFO] [1790277528.026279149] [sage_mission_manager]: VIEWPOINT ACCEPTED | position=(2.30, -10.60, -2.00) | distance_from_uav=3.21 m
[INFO] [1790277528.027739715] [sage_mission_manager]: VALIDATED VIEWPOINT PUBLISHED
[INFO] [1790277528.227773436] [sage_mission_manager]: VIEWPOINT ACCEPTED | position=(2.60, -10.60, -2.00) | distance_from_uav=3.10 m
[INFO] [1790277528.228314081] [sage_mission_manager]: VALIDATED VIEWPOINT PUBLISHED
[INFO] [1790277528.425379193] [sage_mission_manager]: VIEWPOINT ACCEPTED | position=(2.77, -9.92, -2.00) | distance_from_uav=2.87 m
[INFO] [1790277528.426053203] [sage_mission_manager]: VALIDATED VIEWPOINT PUBLISHED
[INFO] [1790277528.632492316] [sage_mission_manager]: VIEWPOINT ACCEPTED | position=(2.94, -9.24, -2.00) | distance_from_uav=2.91 m
[INFO] [1790277528.637020911] [sage_mission_manager]: VALIDATED VIEWPOINT PUBLISHED
[INFO] [1790277528.834118545] [sage_mission_manager]: VIEWPOINT ACCEPTED | position=(3.00, -9.00, -2.00) | distance_from_uav=2.75 m
[INFO] [1790277528.840411507] [sage_mission_manager]: VALIDATED VIEWPOINT PUBLISHED
[INFO] [1790277529.033851678] [sage_mission_manager]: VIEWPOINT ACCEPTED | position=(3.00, -9.00, -2.00) | distance_from_uav=2.41 m
[INFO] [1790277529.034455991] [sage_mission_manager]: VALIDATED VIEWPOINT PUBLISHED
[INFO] [1790277529.227552512] [sage_mission_manager]: VIEWPOINT ACCEPTED | position=(3.00, -9.00, -2.00) | distance_from_uav=2.10 m
[INFO] [1790277529.228253719] [sage_mission_manager]: VALIDATED VIEWPOINT PUBLISHED
[INFO] [1790277529.428015778] [sage_mission_manager]: VIEWPOINT ACCEPTED | position=(3.00, -9.00, -2.00) | distance_from_uav=1.78 m
[INFO] [1790277529.428786499] [sage_mission_manager]: VALIDATED VIEWPOINT PUBLISHED
[INFO] [1790277529.623905945] [sage_mission_manager]: VIEWPOINT ACCEPTED | position=(3.00, -9.00, -2.00) | distance_from_uav=1.49 m
[INFO] [1790277529.624626439] [sage_mission_manager]: VALIDATED VIEWPOINT PUBLISHED
[INFO] [1790277529.832649322] [sage_mission_manager]: VIEWPOINT ACCEPTED | position=(3.00, -9.00, -2.00) | distance_from_uav=1.22 m
[INFO] [1790277529.836613627] [sage_mission_manager]: VALIDATED VIEWPOINT PUBLISHED
[INFO] [1790277530.026546963] [sage_mission_manager]: VIEWPOINT ACCEPTED | position=(3.00, -9.00, -2.00) | distance_from_uav=1.00 m
[INFO] [1790277530.029574065] [sage_mission_manager]: VALIDATED VIEWPOINT PUBLISHED
[INFO] [1790277530.227337308] [sage_mission_manager]: VIEWPOINT ACCEPTED | position=(3.00, -9.00, -2.00) | distance_from_uav=0.78 m
[INFO] [1790277530.227895685] [sage_mission_manager]: VALIDATED VIEWPOINT PUBLISHED
[INFO] [1790277530.426172155] [sage_mission_manager]: VIEWPOINT ACCEPTED | position=(3.00, -9.00, -2.00) | distance_from_uav=0.57 m
[INFO] [1790277530.426809930] [sage_mission_manager]: VALIDATED VIEWPOINT PUBLISHED
[INFO] [1790277530.631389354] [sage_mission_manager]: VIEWPOINT ACCEPTED | position=(3.00, -9.00, -2.00) | distance_from_uav=0.42 m
[INFO] [1790277530.636102936] [sage_mission_manager]: VALIDATED VIEWPOINT PUBLISHED
[INFO] [1790277530.823629352] [sage_mission_manager]: VIEWPOINT ACCEPTED | position=(3.00, -9.00, -2.00) | distance_from_uav=0.29 m
[INFO] [1790277530.824172319] [sage_mission_manager]: VALIDATED VIEWPOINT PUBLISHED
[INFO] [1790277531.026027040] [sage_mission_manager]: VIEWPOINT ACCEPTED | position=(3.00, -9.00, -2.00) | distance_from_uav=0.17 m
[INFO] [1790277531.026906356] [sage_mission_manager]: VALIDATED VIEWPOINT PUBLISHED
[INFO] [1790277531.226132230] [sage_mission_manager]: VIEWPOINT ACCEPTED | position=(3.00, -9.00, -2.00) | distance_from_uav=0.08 m
[INFO] [1790277531.227028427] [sage_mission_manager]: VALIDATED VIEWPOINT PUBLISHED
[INFO] [1790277531.423856600] [sage_mission_manager]: VIEWPOINT ACCEPTED | position=(3.00, -9.00, -2.00) | distance_from_uav=0.04 m
[INFO] [1790277531.424595263] [sage_mission_manager]: VALIDATED VIEWPOINT PUBLISHED
[INFO] [1790277531.624433094] [sage_mission_manager]: VIEWPOINT ACCEPTED | position=(3.00, -9.00, -2.00) | distance_from_uav=0.07 m
[INFO] [1790277531.625205779] [sage_mission_manager]: VALIDATED VIEWPOINT PUBLISHED
[INFO] [1790277531.826798283] [sage_mission_manager]: VIEWPOINT ACCEPTED | position=(3.00, -9.00, -2.00) | distance_from_uav=0.10 m
[INFO] [1790277531.827396863] [sage_mission_manager]: VALIDATED VIEWPOINT PUBLISHED
[INFO] [1790277532.025242467] [sage_mission_manager]: VIEWPOINT ACCEPTED | position=(3.00, -9.00, -2.00) | distance_from_uav=0.12 m
[INFO] [1790277532.025772478] [sage_mission_manager]: VALIDATED VIEWPOINT PUBLISHED
[INFO] [1790277532.224445151] [sage_mission_manager]: VIEWPOINT ACCEPTED | position=(3.00, -9.00, -2.00) | distance_from_uav=0.14 m
[INFO] [1790277532.225017124] [sage_mission_manager]: VALIDATED VIEWPOINT PUBLISHED
[INFO] [1790277532.432110334] [sage_mission_manager]: VIEWPOINT ACCEPTED | position=(3.00, -9.00, -2.00) | distance_from_uav=0.15 m
[INFO] [1790277532.433033183] [sage_mission_manager]: VALIDATED VIEWPOINT PUBLISHED
[INFO] [1790277532.626394276] [sage_mission_manager]: VIEWPOINT ACCEPTED | position=(3.00, -9.00, -2.00) | distance_from_uav=0.15 m
[INFO] [1790277532.627149251] [sage_mission_manager]: VALIDATED VIEWPOINT PUBLISHED
[INFO] [1790277532.832759922] [sage_mission_manager]: VIEWPOINT ACCEPTED | position=(3.00, -9.00, -2.00) | distance_from_uav=0.16 m
[INFO] [1790277532.833591120] [sage_mission_manager]: VALIDATED VIEWPOINT PUBLISHED
[INFO] [1790277533.026484732] [sage_mission_manager]: VIEWPOINT ACCEPTED | position=(3.00, -9.00, -2.00) | distance_from_uav=0.16 m
[INFO] [1790277533.027098907] [sage_mission_manager]: VALIDATED VIEWPOINT PUBLISHED
[INFO] [1790277533.224382370] [sage_mission_manager]: VIEWPOINT ACCEPTED | position=(3.00, -9.00, -2.00) | distance_from_uav=0.15 m
[INFO] [1790277533.229116471] [sage_mission_manager]: VALIDATED VIEWPOINT PUBLISHED
[INFO] [1790277533.429162482] [sage_mission_manager]: VIEWPOINT ACCEPTED | position=(3.00, -9.00, -2.00) | distance_from_uav=0.15 m
[INFO] [1790277533.429792254] [sage_mission_manager]: VALIDATED VIEWPOINT PUBLISHED
[INFO] [1790277533.622346836] [sage_mission_manager]: VIEWPOINT ACCEPTED | position=(3.00, -9.00, -2.00) | distance_from_uav=0.14 m
[INFO] [1790277533.622892644] [sage_mission_manager]: VALIDATED VIEWPOINT PUBLISHED
[INFO] [1790277533.827973882] [sage_mission_manager]: VIEWPOINT ACCEPTED | position=(3.00, -9.00, -2.00) | distance_from_uav=0.13 m
[INFO] [1790277533.828721143] [sage_mission_manager]: VALIDATED VIEWPOINT PUBLISHED
[INFO] [1790277534.023551727] [sage_mission_manager]: VIEWPOINT ACCEPTED | position=(3.00, -9.00, -2.00) | distance_from_uav=0.12 m
[INFO] [1790277534.024952715] [sage_mission_manager]: VALIDATED VIEWPOINT PUBLISHED
[INFO] [1790277534.223057044] [sage_mission_manager]: VIEWPOINT ACCEPTED | position=(3.00, -9.00, -2.00) | distance_from_uav=0.11 m
[INFO] [1790277534.223749883] [sage_mission_manager]: VALIDATED VIEWPOINT PUBLISHED
[INFO] [1790277534.423280751] [sage_mission_manager]: VIEWPOINT ACCEPTED | position=(3.00, -9.00, -2.00) | distance_from_uav=0.10 m
[INFO] [1790277534.425216052] [sage_mission_manager]: VALIDATED VIEWPOINT PUBLISHED
[INFO] [1790277534.633082674] [sage_mission_manager]: VIEWPOINT ACCEPTED | position=(3.00, -9.00, -2.00) | distance_from_uav=0.08 m
[INFO] [1790277534.635026836] [sage_mission_manager]: VALIDATED VIEWPOINT PUBLISHED
[INFO] [1790277534.822635793] [sage_mission_manager]: VIEWPOINT ACCEPTED | position=(3.00, -9.00, -2.00) | distance_from_uav=0.07 m
[INFO] [1790277534.823278954] [sage_mission_manager]: VALIDATED VIEWPOINT PUBLISHED
[INFO] [1790277535.030134557] [sage_mission_manager]: VIEWPOINT ACCEPTED | position=(3.00, -9.00, -2.00) | distance_from_uav=0.07 m
[INFO] [1790277535.030871412] [sage_mission_manager]: VALIDATED VIEWPOINT PUBLISHED
[INFO] [1790277535.227945194] [sage_mission_manager]: VIEWPOINT ACCEPTED | position=(3.00, -9.00, -2.00) | distance_from_uav=0.06 m
[INFO] [1790277535.228525497] [sage_mission_manager]: VALIDATED VIEWPOINT PUBLISHED
[INFO] [1790277535.434228733] [sage_mission_manager]: VIEWPOINT ACCEPTED | position=(3.00, -9.00, -2.00) | distance_from_uav=0.06 m
[INFO] [1790277535.435054138] [sage_mission_manager]: VALIDATED VIEWPOINT PUBLISHED
[INFO] [1790277535.625782600] [sage_mission_manager]: VIEWPOINT ACCEPTED | position=(3.00, -9.00, -2.00) | distance_from_uav=0.05 m
[INFO] [1790277535.629332470] [sage_mission_manager]: VALIDATED VIEWPOINT PUBLISHED
[INFO] [1790277535.836871906] [sage_mission_manager]: VIEWPOINT ACCEPTED | position=(3.00, -9.00, -2.00) | distance_from_uav=0.05 m
[INFO] [1790277535.837613448] [sage_mission_manager]: VALIDATED VIEWPOINT PUBLISHED
[INFO] [1790277536.024776923] [sage_mission_manager]: VIEWPOINT ACCEPTED | position=(3.00, -9.00, -2.00) | distance_from_uav=0.05 m
[INFO] [1790277536.027209982] [sage_mission_manager]: VALIDATED VIEWPOINT PUBLISHED
[INFO] [1790277536.224904056] [sage_mission_manager]: VIEWPOINT ACCEPTED | position=(3.00, -9.00, -2.00) | distance_from_uav=0.05 m
[INFO] [1790277536.225609774] [sage_mission_manager]: VALIDATED VIEWPOINT PUBLISHED
[INFO] [1790277536.430922413] [sage_mission_manager]: VIEWPOINT ACCEPTED | position=(3.00, -9.00, -2.00) | distance_from_uav=0.05 m
[INFO] [1790277536.431747156] [sage_mission_manager]: VALIDATED VIEWPOINT PUBLISHED
[INFO] [1790277536.634669930] [sage_mission_manager]: VIEWPOINT ACCEPTED | position=(3.00, -9.00, -2.00) | distance_from_uav=0.04 m
[INFO] [1790277536.635520086] [sage_mission_manager]: VALIDATED VIEWPOINT PUBLISHED
[INFO] [1790277536.828567953] [sage_mission_manager]: VIEWPOINT ACCEPTED | position=(3.00, -9.00, -2.00) | distance_from_uav=0.04 m
[INFO] [1790277536.830027309] [sage_mission_manager]: VALIDATED VIEWPOINT PUBLISHED
[INFO] [1790277537.023943565] [sage_mission_manager]: VIEWPOINT ACCEPTED | position=(3.00, -9.00, -2.00) | distance_from_uav=0.04 m
[INFO] [1790277537.024587740] [sage_mission_manager]: VALIDATED VIEWPOINT PUBLISHED
[INFO] [1790277537.223796656] [sage_mission_manager]: VIEWPOINT ACCEPTED | position=(3.00, -9.00, -2.00) | distance_from_uav=0.04 m
[INFO] [1790277537.224669760] [sage_mission_manager]: VALIDATED VIEWPOINT PUBLISHED
[INFO] [1790277537.423583513] [sage_mission_manager]: VIEWPOINT ACCEPTED | position=(3.00, -9.00, -2.00) | distance_from_uav=0.04 m
[INFO] [1790277537.424382652] [sage_mission_manager]: VALIDATED VIEWPOINT PUBLISHED
[INFO] [1790277537.626585083] [sage_mission_manager]: VIEWPOINT ACCEPTED | position=(3.00, -9.00, -2.00) | distance_from_uav=0.04 m
[INFO] [1790277537.627310318] [sage_mission_manager]: VALIDATED VIEWPOINT PUBLISHED
[INFO] [1790277537.827405870] [sage_mission_manager]: VIEWPOINT ACCEPTED | position=(3.00, -9.00, -2.00) | distance_from_uav=0.04 m
[INFO] [1790277537.828292214] [sage_mission_manager]: VALIDATED VIEWPOINT PUBLISHED
[INFO] [1790277538.035685495] [sage_mission_manager]: VIEWPOINT ACCEPTED | position=(3.00, -9.00, -2.00) | distance_from_uav=0.05 m
[INFO] [1790277538.036597363] [sage_mission_manager]: VALIDATED VIEWPOINT PUBLISHED
[INFO] [1790277538.230360345] [sage_mission_manager]: VIEWPOINT ACCEPTED | position=(3.00, -9.00, -2.00) | distance_from_uav=0.05 m
[INFO] [1790277538.232454508] [sage_mission_manager]: VALIDATED VIEWPOINT PUBLISHED
[INFO] [1790277538.427802108] [sage_mission_manager]: VIEWPOINT ACCEPTED | position=(3.00, -9.00, -2.00) | distance_from_uav=0.04 m
[INFO] [1790277538.436532757] [sage_mission_manager]: VALIDATED VIEWPOINT PUBLISHED
[INFO] [1790277538.625097810] [sage_mission_manager]: VIEWPOINT ACCEPTED | position=(3.00, -9.00, -2.00) | distance_from_uav=0.04 m
[INFO] [1790277538.626106812] [sage_mission_manager]: VALIDATED VIEWPOINT PUBLISHED
[INFO] [1790277538.835742734] [sage_mission_manager]: VIEWPOINT ACCEPTED | position=(3.00, -9.00, -2.00) | distance_from_uav=0.04 m
[INFO] [1790277538.837996242] [sage_mission_manager]: VALIDATED VIEWPOINT PUBLISHED
[INFO] [1790277539.028965154] [sage_mission_manager]: VIEWPOINT ACCEPTED | position=(3.00, -8.30, -2.00) | distance_from_uav=0.66 m
[INFO] [1790277539.029729459] [sage_mission_manager]: VALIDATED VIEWPOINT PUBLISHED
[INFO] [1790277539.229607886] [sage_mission_manager]: VIEWPOINT ACCEPTED | position=(3.00, -7.60, -2.00) | distance_from_uav=1.36 m
[INFO] [1790277539.230230219] [sage_mission_manager]: VALIDATED VIEWPOINT PUBLISHED
[INFO] [1790277539.427732404] [sage_mission_manager]: VIEWPOINT ACCEPTED | position=(3.00, -6.90, -2.00) | distance_from_uav=2.05 m
[INFO] [1790277539.429145452] [sage_mission_manager]: VALIDATED VIEWPOINT PUBLISHED
[INFO] [1790277539.633792197] [sage_mission_manager]: VIEWPOINT ACCEPTED | position=(3.00, -6.20, -2.00) | distance_from_uav=2.71 m
[INFO] [1790277539.634636728] [sage_mission_manager]: VALIDATED VIEWPOINT PUBLISHED
[INFO] [1790277539.826811582] [sage_mission_manager]: VIEWPOINT ACCEPTED | position=(3.00, -5.50, -2.00) | distance_from_uav=3.30 m
[INFO] [1790277539.827458248] [sage_mission_manager]: VALIDATED VIEWPOINT PUBLISHED
[INFO] [1790277540.025561205] [sage_mission_manager]: VIEWPOINT ACCEPTED | position=(3.00, -5.50, -2.00) | distance_from_uav=3.11 m
[INFO] [1790277540.026234761] [sage_mission_manager]: VALIDATED VIEWPOINT PUBLISHED
[INFO] [1790277540.233563936] [sage_mission_manager]: VIEWPOINT ACCEPTED | position=(3.00, -4.80, -2.00) | distance_from_uav=3.58 m
[INFO] [1790277540.235008030] [sage_mission_manager]: VALIDATED VIEWPOINT PUBLISHED
[INFO] [1790277540.424615378] [sage_mission_manager]: VIEWPOINT ACCEPTED | position=(3.00, -4.80, -2.00) | distance_from_uav=3.29 m
[INFO] [1790277540.426385538] [sage_mission_manager]: VALIDATED VIEWPOINT PUBLISHED
[INFO] [1790277540.628713891] [sage_mission_manager]: VIEWPOINT ACCEPTED | position=(3.00, -4.10, -2.00) | distance_from_uav=3.60 m
[INFO] [1790277540.630307122] [sage_mission_manager]: VALIDATED VIEWPOINT PUBLISHED
[INFO] [1790277540.825942040] [sage_mission_manager]: VIEWPOINT ACCEPTED | position=(3.00, -4.10, -2.00) | distance_from_uav=3.19 m
[INFO] [1790277540.826766565] [sage_mission_manager]: VALIDATED VIEWPOINT PUBLISHED
[INFO] [1790277541.031683327] [sage_mission_manager]: VIEWPOINT ACCEPTED | position=(3.00, -3.40, -2.00) | distance_from_uav=3.45 m
[INFO] [1790277541.033557190] [sage_mission_manager]: VALIDATED VIEWPOINT PUBLISHED
[INFO] [1790277541.234346070] [sage_mission_manager]: VIEWPOINT ACCEPTED | position=(3.00, -3.40, -2.00) | distance_from_uav=3.01 m
[INFO] [1790277541.235021265] [sage_mission_manager]: VALIDATED VIEWPOINT PUBLISHED
[INFO] [1790277541.434175187] [sage_mission_manager]: VIEWPOINT ACCEPTED | position=(3.00, -3.00, -2.00) | distance_from_uav=2.96 m
[INFO] [1790277541.434717577] [sage_mission_manager]: VALIDATED VIEWPOINT PUBLISHED
[INFO] [1790277541.627224317] [sage_mission_manager]: VIEWPOINT ACCEPTED | position=(3.00, -3.00, -2.00) | distance_from_uav=2.53 m
[INFO] [1790277541.628009894] [sage_mission_manager]: VALIDATED VIEWPOINT PUBLISHED
[INFO] [1790277541.827145964] [sage_mission_manager]: VIEWPOINT ACCEPTED | position=(3.00, -3.00, -2.00) | distance_from_uav=2.06 m
[INFO] [1790277541.827755143] [sage_mission_manager]: VALIDATED VIEWPOINT PUBLISHED
[INFO] [1790277542.024653891] [sage_mission_manager]: VIEWPOINT ACCEPTED | position=(3.00, -3.00, -2.00) | distance_from_uav=1.74 m
[INFO] [1790277542.025776293] [sage_mission_manager]: VALIDATED VIEWPOINT PUBLISHED
[INFO] [1790277542.236612576] [sage_mission_manager]: VIEWPOINT ACCEPTED | position=(3.00, -3.00, -2.00) | distance_from_uav=1.36 m
[INFO] [1790277542.237256149] [sage_mission_manager]: VALIDATED VIEWPOINT PUBLISHED
[INFO] [1790277542.428396027] [sage_mission_manager]: VIEWPOINT ACCEPTED | position=(3.00, -3.00, -2.00) | distance_from_uav=1.06 m
[INFO] [1790277542.430071641] [sage_mission_manager]: VALIDATED VIEWPOINT PUBLISHED
[INFO] [1790277542.624454528] [sage_mission_manager]: VIEWPOINT ACCEPTED | position=(3.00, -3.00, -2.00) | distance_from_uav=0.79 m
[INFO] [1790277542.633259246] [sage_mission_manager]: VALIDATED VIEWPOINT PUBLISHED
[INFO] [1790277542.829290707] [sage_mission_manager]: VIEWPOINT ACCEPTED | position=(3.00, -3.00, -2.00) | distance_from_uav=0.53 m
[INFO] [1790277542.831630747] [sage_mission_manager]: VALIDATED VIEWPOINT PUBLISHED
[INFO] [1790277543.027643708] [sage_mission_manager]: VIEWPOINT ACCEPTED | position=(3.00, -3.00, -2.00) | distance_from_uav=0.32 m
[INFO] [1790277543.032319582] [sage_mission_manager]: VALIDATED VIEWPOINT PUBLISHED
[INFO] [1790277543.230108338] [sage_mission_manager]: VIEWPOINT ACCEPTED | position=(3.00, -3.00, -2.00) | distance_from_uav=0.17 m
[INFO] [1790277543.235592621] [sage_mission_manager]: VALIDATED VIEWPOINT PUBLISHED
[INFO] [1790277543.431716130] [sage_mission_manager]: VIEWPOINT ACCEPTED | position=(3.00, -3.00, -2.00) | distance_from_uav=0.07 m
[INFO] [1790277543.432305877] [sage_mission_manager]: VALIDATED VIEWPOINT PUBLISHED
[INFO] [1790277543.630844918] [sage_mission_manager]: VIEWPOINT ACCEPTED | position=(3.00, -3.00, -2.00) | distance_from_uav=0.05 m
[INFO] [1790277543.631573657] [sage_mission_manager]: VALIDATED VIEWPOINT PUBLISHED
[INFO] [1790277543.832666074] [sage_mission_manager]: VIEWPOINT ACCEPTED | position=(3.00, -3.00, -2.00) | distance_from_uav=0.12 m
[INFO] [1790277543.833335809] [sage_mission_manager]: VALIDATED VIEWPOINT PUBLISHED
[INFO] [1790277544.027314485] [sage_mission_manager]: VIEWPOINT ACCEPTED | position=(3.00, -3.00, -2.00) | distance_from_uav=0.16 m
[INFO] [1790277544.028388209] [sage_mission_manager]: VALIDATED VIEWPOINT PUBLISHED
[INFO] [1790277544.234678161] [sage_mission_manager]: VIEWPOINT ACCEPTED | position=(3.00, -3.00, -2.00) | distance_from_uav=0.19 m
[INFO] [1790277544.236908458] [sage_mission_manager]: VALIDATED VIEWPOINT PUBLISHED
[INFO] [1790277544.428056493] [sage_mission_manager]: VIEWPOINT ACCEPTED | position=(3.00, -3.00, -2.00) | distance_from_uav=0.20 m
[INFO] [1790277544.430244120] [sage_mission_manager]: VALIDATED VIEWPOINT PUBLISHED
[INFO] [1790277544.627726249] [sage_mission_manager]: VIEWPOINT ACCEPTED | position=(3.00, -3.00, -2.00) | distance_from_uav=0.20 m
[INFO] [1790277544.628492166] [sage_mission_manager]: VALIDATED VIEWPOINT PUBLISHED
[INFO] [1790277544.825315758] [sage_mission_manager]: VIEWPOINT ACCEPTED | position=(3.00, -3.00, -2.00) | distance_from_uav=0.20 m
[INFO] [1790277544.828501203] [sage_mission_manager]: VALIDATED VIEWPOINT PUBLISHED
[INFO] [1790277545.024613621] [sage_mission_manager]: VIEWPOINT ACCEPTED | position=(3.00, -3.00, -2.00) | distance_from_uav=0.19 m
[INFO] [1790277545.025761186] [sage_mission_manager]: VALIDATED VIEWPOINT PUBLISHED
[INFO] [1790277545.238402542] [sage_mission_manager]: VIEWPOINT ACCEPTED | position=(3.00, -3.00, -2.00) | distance_from_uav=0.18 m
[INFO] [1790277545.239443646] [sage_mission_manager]: VALIDATED VIEWPOINT PUBLISHED
[INFO] [1790277545.431649724] [sage_mission_manager]: VIEWPOINT ACCEPTED | position=(3.00, -3.00, -2.00) | distance_from_uav=0.18 m
[INFO] [1790277545.432267549] [sage_mission_manager]: VALIDATED VIEWPOINT PUBLISHED
[INFO] [1790277545.627870754] [sage_mission_manager]: VIEWPOINT ACCEPTED | position=(3.00, -3.00, -2.00) | distance_from_uav=0.18 m
[INFO] [1790277545.629983776] [sage_mission_manager]: VALIDATED VIEWPOINT PUBLISHED
[INFO] [1790277545.830622589] [sage_mission_manager]: VIEWPOINT ACCEPTED | position=(3.00, -3.00, -2.00) | distance_from_uav=0.17 m
[INFO] [1790277545.831560794] [sage_mission_manager]: VALIDATED VIEWPOINT PUBLISHED
[INFO] [1790277546.028144409] [sage_mission_manager]: VIEWPOINT ACCEPTED | position=(3.00, -3.00, -2.00) | distance_from_uav=0.16 m
[INFO] [1790277546.028874635] [sage_mission_manager]: VALIDATED VIEWPOINT PUBLISHED
[INFO] [1790277546.230557278] [sage_mission_manager]: VIEWPOINT ACCEPTED | position=(3.00, -3.00, -2.00) | distance_from_uav=0.15 m
[INFO] [1790277546.234255043] [sage_mission_manager]: VALIDATED VIEWPOINT PUBLISHED
[INFO] [1790277546.428347242] [sage_mission_manager]: VIEWPOINT ACCEPTED | position=(3.00, -3.00, -2.00) | distance_from_uav=0.14 m
[INFO] [1790277546.429646366] [sage_mission_manager]: VALIDATED VIEWPOINT PUBLISHED
[INFO] [1790277546.623569779] [sage_mission_manager]: VIEWPOINT ACCEPTED | position=(3.00, -3.00, -2.00) | distance_from_uav=0.13 m
[INFO] [1790277546.624115636] [sage_mission_manager]: VALIDATED VIEWPOINT PUBLISHED
[INFO] [1790277546.824807770] [sage_mission_manager]: VIEWPOINT ACCEPTED | position=(3.00, -3.00, -2.00) | distance_from_uav=0.12 m
[INFO] [1790277546.825786669] [sage_mission_manager]: VALIDATED VIEWPOINT PUBLISHED
[INFO] [1790277547.039843560] [sage_mission_manager]: VIEWPOINT ACCEPTED | position=(3.00, -3.00, -2.00) | distance_from_uav=0.12 m
[INFO] [1790277547.041645723] [sage_mission_manager]: VALIDATED VIEWPOINT PUBLISHED
[INFO] [1790277547.226161411] [sage_mission_manager]: VIEWPOINT ACCEPTED | position=(3.00, -3.00, -2.00) | distance_from_uav=0.11 m
[INFO] [1790277547.230175332] [sage_mission_manager]: VALIDATED VIEWPOINT PUBLISHED
[INFO] [1790277547.424200027] [sage_mission_manager]: VIEWPOINT ACCEPTED | position=(3.00, -3.00, -2.00) | distance_from_uav=0.10 m
[INFO] [1790277547.424816193] [sage_mission_manager]: VALIDATED VIEWPOINT PUBLISHED
[INFO] [1790277547.624742715] [sage_mission_manager]: VIEWPOINT ACCEPTED | position=(3.00, -3.00, -2.00) | distance_from_uav=0.10 m
[INFO] [1790277547.625483860] [sage_mission_manager]: VALIDATED VIEWPOINT PUBLISHED
[INFO] [1790277547.839255086] [sage_mission_manager]: VIEWPOINT ACCEPTED | position=(3.00, -3.00, -2.00) | distance_from_uav=0.09 m
[INFO] [1790277547.840086401] [sage_mission_manager]: VALIDATED VIEWPOINT PUBLISHED
[INFO] [1790277548.028078112] [sage_mission_manager]: VIEWPOINT ACCEPTED | position=(3.00, -3.00, -2.00) | distance_from_uav=0.09 m
[INFO] [1790277548.028995599] [sage_mission_manager]: VALIDATED VIEWPOINT PUBLISHED
[INFO] [1790277548.226232858] [sage_mission_manager]: VIEWPOINT ACCEPTED | position=(3.00, -3.00, -2.00) | distance_from_uav=0.09 m
[INFO] [1790277548.227470087] [sage_mission_manager]: VALIDATED VIEWPOINT PUBLISHED
[INFO] [1790277548.433715658] [sage_mission_manager]: VIEWPOINT ACCEPTED | position=(3.00, -3.00, -2.00) | distance_from_uav=0.08 m
[INFO] [1790277548.434373857] [sage_mission_manager]: VALIDATED VIEWPOINT PUBLISHED
[INFO] [1790277548.625704451] [sage_mission_manager]: VIEWPOINT ACCEPTED | position=(3.00, -3.00, -2.00) | distance_from_uav=0.08 m
[INFO] [1790277548.626290355] [sage_mission_manager]: VALIDATED VIEWPOINT PUBLISHED
[INFO] [1790277548.829376688] [sage_mission_manager]: VIEWPOINT ACCEPTED | position=(3.00, -3.00, -2.00) | distance_from_uav=0.07 m
[INFO] [1790277548.830425740] [sage_mission_manager]: VALIDATED VIEWPOINT PUBLISHED
[INFO] [1790277549.024682320] [sage_mission_manager]: VIEWPOINT ACCEPTED | position=(3.00, -3.00, -2.00) | distance_from_uav=0.06 m
[INFO] [1790277549.025591552] [sage_mission_manager]: VALIDATED VIEWPOINT PUBLISHED
[INFO] [1790277549.225003493] [sage_mission_manager]: VIEWPOINT ACCEPTED | position=(3.00, -3.00, -2.00) | distance_from_uav=0.06 m
[INFO] [1790277549.225579216] [sage_mission_manager]: VALIDATED VIEWPOINT PUBLISHED
[INFO] [1790277549.428624568] [sage_mission_manager]: VIEWPOINT ACCEPTED | position=(3.00, -3.00, -2.00) | distance_from_uav=0.05 m
[INFO] [1790277549.429768500] [sage_mission_manager]: VALIDATED VIEWPOINT PUBLISHED
[INFO] [1790277549.624685253] [sage_mission_manager]: VIEWPOINT ACCEPTED | position=(3.00, -3.00, -2.00) | distance_from_uav=0.05 m
[INFO] [1790277549.625660903] [sage_mission_manager]: VALIDATED VIEWPOINT PUBLISHED
[INFO] [1790277549.824944205] [sage_mission_manager]: VIEWPOINT ACCEPTED | position=(3.00, -3.00, -2.00) | distance_from_uav=0.04 m
[INFO] [1790277549.825588586] [sage_mission_manager]: VALIDATED VIEWPOINT PUBLISHED
[INFO] [1790277550.029187187] [sage_mission_manager]: VIEWPOINT ACCEPTED | position=(3.00, -3.00, -2.00) | distance_from_uav=0.04 m
[INFO] [1790277550.029983925] [sage_mission_manager]: VALIDATED VIEWPOINT PUBLISHED
[INFO] [1790277550.227734702] [sage_mission_manager]: VIEWPOINT ACCEPTED | position=(3.00, -3.00, -2.00) | distance_from_uav=0.04 m
[INFO] [1790277550.231265948] [sage_mission_manager]: VALIDATED VIEWPOINT PUBLISHED
[INFO] [1790277550.427702770] [sage_mission_manager]: VIEWPOINT ACCEPTED | position=(3.00, -3.00, -2.00) | distance_from_uav=0.03 m
[INFO] [1790277550.428286591] [sage_mission_manager]: VALIDATED VIEWPOINT PUBLISHED
[INFO] [1790277550.627786979] [sage_mission_manager]: VIEWPOINT ACCEPTED | position=(3.00, -3.00, -2.00) | distance_from_uav=0.03 m
[INFO] [1790277550.633078423] [sage_mission_manager]: VALIDATED VIEWPOINT PUBLISHED
[INFO] [1790277550.823818272] [sage_mission_manager]: VIEWPOINT ACCEPTED | position=(3.00, -3.00, -2.00) | distance_from_uav=0.03 m
[INFO] [1790277550.824423497] [sage_mission_manager]: VALIDATED VIEWPOINT PUBLISHED
[INFO] [1790277551.029658070] [sage_mission_manager]: VIEWPOINT ACCEPTED | position=(3.00, -3.00, -2.00) | distance_from_uav=0.03 m
[INFO] [1790277551.030246067] [sage_mission_manager]: VALIDATED VIEWPOINT PUBLISHED
[INFO] [1790277551.226678694] [sage_mission_manager]: VIEWPOINT ACCEPTED | position=(3.00, -3.00, -2.00) | distance_from_uav=0.02 m
[INFO] [1790277551.228774834] [sage_mission_manager]: VALIDATED VIEWPOINT PUBLISHED
[INFO] [1790277551.426366905] [sage_mission_manager]: VIEWPOINT ACCEPTED | position=(2.91, -2.31, -2.00) | distance_from_uav=0.68 m
[INFO] [1790277551.428776648] [sage_mission_manager]: VALIDATED VIEWPOINT PUBLISHED
[INFO] [1790277551.630341151] [sage_mission_manager]: VIEWPOINT ACCEPTED | position=(2.81, -1.61, -2.00) | distance_from_uav=1.38 m
[INFO] [1790277551.631176491] [sage_mission_manager]: VALIDATED VIEWPOINT PUBLISHED
[INFO] [1790277551.823260501] [sage_mission_manager]: VIEWPOINT ACCEPTED | position=(2.72, -0.92, -2.00) | distance_from_uav=2.07 m
[INFO] [1790277551.823934874] [sage_mission_manager]: VALIDATED VIEWPOINT PUBLISHED
[INFO] [1790277552.026615148] [sage_mission_manager]: VIEWPOINT ACCEPTED | position=(2.62, -0.23, -2.00) | distance_from_uav=2.73 m
[INFO] [1790277552.027575871] [sage_mission_manager]: VALIDATED VIEWPOINT PUBLISHED
[INFO] [1790277552.237834427] [sage_mission_manager]: VIEWPOINT ACCEPTED | position=(2.53, 0.47, -2.00) | distance_from_uav=3.29 m
[INFO] [1790277552.238677088] [sage_mission_manager]: VALIDATED VIEWPOINT PUBLISHED
[INFO] [1790277552.430521253] [sage_mission_manager]: VIEWPOINT ACCEPTED | position=(2.53, 0.47, -2.00) | distance_from_uav=3.10 m
[INFO] [1790277552.432389887] [sage_mission_manager]: VALIDATED VIEWPOINT PUBLISHED
[INFO] [1790277552.623776410] [sage_mission_manager]: VIEWPOINT ACCEPTED | position=(2.51, 1.17, -2.00) | distance_from_uav=3.57 m
[INFO] [1790277552.624398995] [sage_mission_manager]: VALIDATED VIEWPOINT PUBLISHED
[INFO] [1790277552.829629968] [sage_mission_manager]: VIEWPOINT ACCEPTED | position=(2.51, 1.17, -2.00) | distance_from_uav=3.25 m
[INFO] [1790277552.830313419] [sage_mission_manager]: VALIDATED VIEWPOINT PUBLISHED
[INFO] [1790277553.023954566] [sage_mission_manager]: VIEWPOINT ACCEPTED | position=(2.48, 1.87, -2.00) | distance_from_uav=3.64 m
[INFO] [1790277553.027769202] [sage_mission_manager]: VALIDATED VIEWPOINT PUBLISHED
[INFO] [1790277553.236895671] [sage_mission_manager]: VIEWPOINT ACCEPTED | position=(2.48, 1.87, -2.00) | distance_from_uav=3.19 m
[INFO] [1790277553.237830625] [sage_mission_manager]: VALIDATED VIEWPOINT PUBLISHED
[INFO] [1790277553.430278782] [sage_mission_manager]: VIEWPOINT ACCEPTED | position=(2.46, 2.57, -2.00) | distance_from_uav=3.51 m
[INFO] [1790277553.433971122] [sage_mission_manager]: VALIDATED VIEWPOINT PUBLISHED
[INFO] [1790277553.624162238] [sage_mission_manager]: VIEWPOINT ACCEPTED | position=(2.46, 2.57, -2.00) | distance_from_uav=3.11 m
[INFO] [1790277553.625166206] [sage_mission_manager]: VALIDATED VIEWPOINT PUBLISHED
[INFO] [1790277553.825053963] [sage_mission_manager]: VIEWPOINT ACCEPTED | position=(2.45, 3.00, -2.00) | distance_from_uav=3.10 m
[INFO] [1790277553.828850881] [sage_mission_manager]: VALIDATED VIEWPOINT PUBLISHED
[INFO] [1790277554.024125313] [sage_mission_manager]: VIEWPOINT ACCEPTED | position=(2.45, 3.00, -2.00) | distance_from_uav=2.60 m
[INFO] [1790277554.024904533] [sage_mission_manager]: VALIDATED VIEWPOINT PUBLISHED
[INFO] [1790277554.226140133] [sage_mission_manager]: VIEWPOINT ACCEPTED | position=(2.45, 3.00, -2.00) | distance_from_uav=2.15 m
[INFO] [1790277554.226709385] [sage_mission_manager]: VALIDATED VIEWPOINT PUBLISHED
[INFO] [1790277554.430436207] [sage_mission_manager]: VIEWPOINT ACCEPTED | position=(2.45, 3.00, -2.00) | distance_from_uav=1.76 m
[INFO] [1790277554.438214035] [sage_mission_manager]: VALIDATED VIEWPOINT PUBLISHED
[INFO] [1790277554.624838647] [sage_mission_manager]: VIEWPOINT ACCEPTED | position=(2.45, 3.00, -2.00) | distance_from_uav=1.40 m
[INFO] [1790277554.625654125] [sage_mission_manager]: VALIDATED VIEWPOINT PUBLISHED
[INFO] [1790277554.825174134] [sage_mission_manager]: VIEWPOINT ACCEPTED | position=(2.45, 3.00, -2.00) | distance_from_uav=1.08 m
[INFO] [1790277554.826481107] [sage_mission_manager]: VALIDATED VIEWPOINT PUBLISHED
[INFO] [1790277555.036134394] [sage_mission_manager]: VIEWPOINT ACCEPTED | position=(2.45, 3.00, -2.00) | distance_from_uav=0.82 m
[INFO] [1790277555.037557158] [sage_mission_manager]: VALIDATED VIEWPOINT PUBLISHED
[INFO] [1790277555.228700483] [sage_mission_manager]: VIEWPOINT ACCEPTED | position=(2.45, 3.00, -2.00) | distance_from_uav=0.58 m
[INFO] [1790277555.229827338] [sage_mission_manager]: VALIDATED VIEWPOINT PUBLISHED
[INFO] [1790277555.423198209] [sage_mission_manager]: VIEWPOINT ACCEPTED | position=(2.45, 3.00, -2.00) | distance_from_uav=0.38 m
[INFO] [1790277555.423986720] [sage_mission_manager]: VALIDATED VIEWPOINT PUBLISHED
[INFO] [1790277555.623997803] [sage_mission_manager]: VIEWPOINT ACCEPTED | position=(2.45, 3.00, -2.00) | distance_from_uav=0.23 m
[INFO] [1790277555.624567704] [sage_mission_manager]: VALIDATED VIEWPOINT PUBLISHED
[INFO] [1790277555.823528594] [sage_mission_manager]: VIEWPOINT ACCEPTED | position=(2.45, 3.00, -2.00) | distance_from_uav=0.11 m
[INFO] [1790277555.824192836] [sage_mission_manager]: VALIDATED VIEWPOINT PUBLISHED
[INFO] [1790277556.025152259] [sage_mission_manager]: VIEWPOINT ACCEPTED | position=(2.45, 3.00, -2.00) | distance_from_uav=0.04 m
[INFO] [1790277556.025717369] [sage_mission_manager]: VALIDATED VIEWPOINT PUBLISHED
[INFO] [1790277556.222855698] [sage_mission_manager]: VIEWPOINT ACCEPTED | position=(2.45, 3.00, -2.00) | distance_from_uav=0.06 m
[INFO] [1790277556.225274875] [sage_mission_manager]: VALIDATED VIEWPOINT PUBLISHED
[INFO] [1790277556.425913574] [sage_mission_manager]: VIEWPOINT ACCEPTED | position=(2.45, 3.00, -2.00) | distance_from_uav=0.10 m
[INFO] [1790277556.428807548] [sage_mission_manager]: VALIDATED VIEWPOINT PUBLISHED
[INFO] [1790277556.633675273] [sage_mission_manager]: VIEWPOINT ACCEPTED | position=(2.45, 3.00, -2.00) | distance_from_uav=0.12 m
[INFO] [1790277556.634256711] [sage_mission_manager]: VALIDATED VIEWPOINT PUBLISHED
[INFO] [1790277556.823685233] [sage_mission_manager]: VIEWPOINT ACCEPTED | position=(2.45, 3.00, -2.00) | distance_from_uav=0.13 m
[INFO] [1790277556.824314663] [sage_mission_manager]: VALIDATED VIEWPOINT PUBLISHED
[INFO] [1790277557.032848909] [sage_mission_manager]: VIEWPOINT ACCEPTED | position=(2.45, 3.00, -2.00) | distance_from_uav=0.13 m
[INFO] [1790277557.033641942] [sage_mission_manager]: VALIDATED VIEWPOINT PUBLISHED
[INFO] [1790277557.223040206] [sage_mission_manager]: VIEWPOINT ACCEPTED | position=(2.45, 3.00, -2.00) | distance_from_uav=0.13 m
[INFO] [1790277557.225498290] [sage_mission_manager]: VALIDATED VIEWPOINT PUBLISHED
[INFO] [1790277557.432807811] [sage_mission_manager]: VIEWPOINT ACCEPTED | position=(2.45, 3.00, -2.00) | distance_from_uav=0.12 m
[INFO] [1790277557.433483003] [sage_mission_manager]: VALIDATED VIEWPOINT PUBLISHED
[INFO] [1790277557.626247543] [sage_mission_manager]: VIEWPOINT ACCEPTED | position=(2.45, 3.00, -2.00) | distance_from_uav=0.11 m
[INFO] [1790277557.626985214] [sage_mission_manager]: VALIDATED VIEWPOINT PUBLISHED
[INFO] [1790277557.828334460] [sage_mission_manager]: VIEWPOINT ACCEPTED | position=(2.45, 3.00, -2.00) | distance_from_uav=0.10 m
[INFO] [1790277557.829089487] [sage_mission_manager]: VALIDATED VIEWPOINT PUBLISHED
[INFO] [1790277558.029094565] [sage_mission_manager]: VIEWPOINT ACCEPTED | position=(2.45, 3.00, -2.00) | distance_from_uav=0.09 m
[INFO] [1790277558.031613272] [sage_mission_manager]: VALIDATED VIEWPOINT PUBLISHED
[INFO] [1790277558.226256982] [sage_mission_manager]: VIEWPOINT ACCEPTED | position=(2.45, 3.00, -2.00) | distance_from_uav=0.08 m
[INFO] [1790277558.230364409] [sage_mission_manager]: VALIDATED VIEWPOINT PUBLISHED
[INFO] [1790277558.432229072] [sage_mission_manager]: VIEWPOINT ACCEPTED | position=(2.45, 3.00, -2.00) | distance_from_uav=0.07 m
[INFO] [1790277558.433236772] [sage_mission_manager]: VALIDATED VIEWPOINT PUBLISHED
[INFO] [1790277558.625197340] [sage_mission_manager]: VIEWPOINT ACCEPTED | position=(2.45, 3.00, -2.00) | distance_from_uav=0.06 m
[INFO] [1790277558.626114608] [sage_mission_manager]: VALIDATED VIEWPOINT PUBLISHED
[INFO] [1790277558.832685045] [sage_mission_manager]: VIEWPOINT ACCEPTED | position=(2.45, 3.00, -2.00) | distance_from_uav=0.05 m
[INFO] [1790277558.833413201] [sage_mission_manager]: VALIDATED VIEWPOINT PUBLISHED
[INFO] [1790277559.025315107] [sage_mission_manager]: VIEWPOINT ACCEPTED | position=(2.45, 3.00, -2.00) | distance_from_uav=0.05 m
[INFO] [1790277559.030132709] [sage_mission_manager]: VALIDATED VIEWPOINT PUBLISHED
[INFO] [1790277559.233823043] [sage_mission_manager]: VIEWPOINT ACCEPTED | position=(2.45, 3.00, -2.00) | distance_from_uav=0.04 m
[INFO] [1790277559.234518905] [sage_mission_manager]: VALIDATED VIEWPOINT PUBLISHED
[INFO] [1790277559.427815250] [sage_mission_manager]: VIEWPOINT ACCEPTED | position=(2.45, 3.00, -2.00) | distance_from_uav=0.03 m
[INFO] [1790277559.431708725] [sage_mission_manager]: VALIDATED VIEWPOINT PUBLISHED
[INFO] [1790277559.633990260] [sage_mission_manager]: VIEWPOINT ACCEPTED | position=(2.45, 3.00, -2.00) | distance_from_uav=0.03 m
[INFO] [1790277559.635601986] [sage_mission_manager]: VALIDATED VIEWPOINT PUBLISHED
[INFO] [1790277559.824498567] [sage_mission_manager]: VIEWPOINT ACCEPTED | position=(2.45, 3.00, -2.00) | distance_from_uav=0.03 m
[INFO] [1790277559.827706228] [sage_mission_manager]: VALIDATED VIEWPOINT PUBLISHED
[INFO] [1790277560.026248376] [sage_mission_manager]: VIEWPOINT ACCEPTED | position=(2.45, 3.00, -2.00) | distance_from_uav=0.03 m
[INFO] [1790277560.030524648] [sage_mission_manager]: VALIDATED VIEWPOINT PUBLISHED
[INFO] [1790277560.227363042] [sage_mission_manager]: VIEWPOINT ACCEPTED | position=(2.45, 3.00, -2.00) | distance_from_uav=0.04 m
[INFO] [1790277560.228125578] [sage_mission_manager]: VALIDATED VIEWPOINT PUBLISHED
[INFO] [1790277560.424671539] [sage_mission_manager]: VIEWPOINT ACCEPTED | position=(2.45, 3.00, -2.00) | distance_from_uav=0.04 m
[INFO] [1790277560.425293233] [sage_mission_manager]: VALIDATED VIEWPOINT PUBLISHED
[INFO] [1790277560.626219695] [sage_mission_manager]: VIEWPOINT ACCEPTED | position=(2.45, 3.00, -2.00) | distance_from_uav=0.04 m
[INFO] [1790277560.627822687] [sage_mission_manager]: VALIDATED VIEWPOINT PUBLISHED
[INFO] [1790277560.824465796] [sage_mission_manager]: VIEWPOINT ACCEPTED | position=(2.45, 3.00, -2.00) | distance_from_uav=0.04 m
[INFO] [1790277560.825214979] [sage_mission_manager]: VALIDATED VIEWPOINT PUBLISHED
[INFO] [1790277561.027695593] [sage_mission_manager]: VIEWPOINT ACCEPTED | position=(2.45, 3.00, -2.00) | distance_from_uav=0.04 m
[INFO] [1790277561.028306928] [sage_mission_manager]: VALIDATED VIEWPOINT PUBLISHED
[INFO] [1790277561.235517636] [sage_mission_manager]: VIEWPOINT ACCEPTED | position=(2.45, 3.00, -2.00) | distance_from_uav=0.04 m
[INFO] [1790277561.236093815] [sage_mission_manager]: VALIDATED VIEWPOINT PUBLISHED
[INFO] [1790277561.435489950] [sage_mission_manager]: VIEWPOINT ACCEPTED | position=(2.45, 3.00, -2.00) | distance_from_uav=0.05 m
[INFO] [1790277561.436765059] [sage_mission_manager]: VALIDATED VIEWPOINT PUBLISHED
[INFO] [1790277561.632595710] [sage_mission_manager]: VIEWPOINT ACCEPTED | position=(2.45, 3.00, -2.00) | distance_from_uav=0.05 m
[INFO] [1790277561.633246799] [sage_mission_manager]: VALIDATED VIEWPOINT PUBLISHED
[INFO] [1790277561.823982320] [sage_mission_manager]: VIEWPOINT ACCEPTED | position=(2.45, 3.00, -2.00) | distance_from_uav=0.05 m
[INFO] [1790277561.824619914] [sage_mission_manager]: VALIDATED VIEWPOINT PUBLISHED
[INFO] [1790277562.023598226] [sage_mission_manager]: VIEWPOINT ACCEPTED | position=(2.45, 3.00, -2.00) | distance_from_uav=0.05 m
[INFO] [1790277562.024363811] [sage_mission_manager]: VALIDATED VIEWPOINT PUBLISHED
[INFO] [1790277562.227154596] [sage_mission_manager]: VIEWPOINT ACCEPTED | position=(2.45, 3.00, -2.00) | distance_from_uav=0.05 m
[INFO] [1790277562.229458638] [sage_mission_manager]: VALIDATED VIEWPOINT PUBLISHED
[INFO] [1790277562.428434329] [sage_mission_manager]: VIEWPOINT ACCEPTED | position=(2.45, 3.00, -2.00) | distance_from_uav=0.04 m
[INFO] [1790277562.429539160] [sage_mission_manager]: VALIDATED VIEWPOINT PUBLISHED
[INFO] [1790277562.623236785] [sage_mission_manager]: VIEWPOINT ACCEPTED | position=(2.45, 3.00, -2.00) | distance_from_uav=0.04 m
[INFO] [1790277562.623828998] [sage_mission_manager]: VALIDATED VIEWPOINT PUBLISHED
[INFO] [1790277562.825687511] [sage_mission_manager]: VIEWPOINT ACCEPTED | position=(2.45, 3.00, -2.00) | distance_from_uav=0.04 m
[INFO] [1790277562.826451395] [sage_mission_manager]: VALIDATED VIEWPOINT PUBLISHED
[INFO] [1790277563.037587056] [sage_mission_manager]: VIEWPOINT ACCEPTED | position=(2.45, 3.00, -2.00) | distance_from_uav=0.04 m
[INFO] [1790277563.038253053] [sage_mission_manager]: VALIDATED VIEWPOINT PUBLISHED
[INFO] [1790277563.231441344] [sage_mission_manager]: VIEWPOINT ACCEPTED | position=(2.45, 3.00, -2.00) | distance_from_uav=0.03 m
[INFO] [1790277563.233140007] [sage_mission_manager]: VALIDATED VIEWPOINT PUBLISHED
[INFO] [1790277563.427367323] [sage_mission_manager]: VIEWPOINT ACCEPTED | position=(2.45, 3.00, -2.00) | distance_from_uav=0.03 m
[INFO] [1790277563.428066649] [sage_mission_manager]: VALIDATED VIEWPOINT PUBLISHED
[INFO] [1790277563.625688608] [sage_mission_manager]: VIEWPOINT ACCEPTED | position=(2.45, 3.00, -2.00) | distance_from_uav=0.03 m
[INFO] [1790277563.626467402] [sage_mission_manager]: VALIDATED VIEWPOINT PUBLISHED
[INFO] [1790277563.826370030] [sage_mission_manager]: VIEWPOINT ACCEPTED | position=(2.45, 3.70, -2.00) | distance_from_uav=0.68 m
[INFO] [1790277563.827970701] [sage_mission_manager]: VALIDATED VIEWPOINT PUBLISHED
[INFO] [1790277564.029964105] [sage_mission_manager]: VIEWPOINT ACCEPTED | position=(2.45, 4.40, -2.00) | distance_from_uav=1.38 m
[INFO] [1790277564.030737675] [sage_mission_manager]: VALIDATED VIEWPOINT PUBLISHED
[INFO] [1790277564.225612406] [sage_mission_manager]: VIEWPOINT ACCEPTED | position=(2.45, 5.10, -2.00) | distance_from_uav=2.07 m
[INFO] [1790277564.226528038] [sage_mission_manager]: VALIDATED VIEWPOINT PUBLISHED
[INFO] [1790277564.429696359] [sage_mission_manager]: VIEWPOINT ACCEPTED | position=(2.45, 5.80, -2.00) | distance_from_uav=2.73 m
[INFO] [1790277564.432201582] [sage_mission_manager]: VALIDATED VIEWPOINT PUBLISHED
[INFO] [1790277564.633831737] [sage_mission_manager]: VIEWPOINT ACCEPTED | position=(2.45, 6.50, -2.00) | distance_from_uav=3.33 m
[INFO] [1790277564.636577665] [sage_mission_manager]: VALIDATED VIEWPOINT PUBLISHED
[INFO] [1790277564.826118501] [sage_mission_manager]: VIEWPOINT ACCEPTED | position=(2.45, 6.50, -2.00) | distance_from_uav=3.13 m
[INFO] [1790277564.828632149] [sage_mission_manager]: VALIDATED VIEWPOINT PUBLISHED
[INFO] [1790277565.024223855] [sage_mission_manager]: VIEWPOINT ACCEPTED | position=(2.45, 7.20, -2.00) | distance_from_uav=3.59 m
[INFO] [1790277565.026457069] [sage_mission_manager]: VALIDATED VIEWPOINT PUBLISHED
[INFO] [1790277565.227755038] [sage_mission_manager]: VIEWPOINT ACCEPTED | position=(2.45, 7.20, -2.00) | distance_from_uav=3.26 m
[INFO] [1790277565.228739493] [sage_mission_manager]: VALIDATED VIEWPOINT PUBLISHED
[INFO] [1790277565.423341945] [sage_mission_manager]: VIEWPOINT ACCEPTED | position=(2.45, 7.90, -2.00) | distance_from_uav=3.57 m
[INFO] [1790277565.424258765] [sage_mission_manager]: VALIDATED VIEWPOINT PUBLISHED
[INFO] [1790277565.626138275] [sage_mission_manager]: VIEWPOINT ACCEPTED | position=(2.45, 7.90, -2.00) | distance_from_uav=3.19 m
[INFO] [1790277565.630728904] [sage_mission_manager]: VALIDATED VIEWPOINT PUBLISHED
[INFO] [1790277565.828756892] [sage_mission_manager]: VIEWPOINT ACCEPTED | position=(2.45, 8.60, -2.00) | distance_from_uav=3.49 m
[INFO] [1790277565.829817126] [sage_mission_manager]: VALIDATED VIEWPOINT PUBLISHED
[INFO] [1790277566.024052512] [sage_mission_manager]: VIEWPOINT ACCEPTED | position=(2.45, 8.60, -2.00) | distance_from_uav=3.01 m
[INFO] [1790277566.027274322] [sage_mission_manager]: VALIDATED VIEWPOINT PUBLISHED
[INFO] [1790277566.225152383] [sage_mission_manager]: VIEWPOINT ACCEPTED | position=(2.45, 9.00, -2.00) | distance_from_uav=2.96 m
[INFO] [1790277566.226058744] [sage_mission_manager]: VALIDATED VIEWPOINT PUBLISHED
[INFO] [1790277566.423586513] [sage_mission_manager]: VIEWPOINT ACCEPTED | position=(2.45, 9.00, -2.00) | distance_from_uav=2.57 m
[INFO] [1790277566.424458879] [sage_mission_manager]: VALIDATED VIEWPOINT PUBLISHED
[INFO] [1790277566.630583862] [sage_mission_manager]: VIEWPOINT ACCEPTED | position=(2.45, 9.00, -2.00) | distance_from_uav=2.20 m
[INFO] [1790277566.631670097] [sage_mission_manager]: VALIDATED VIEWPOINT PUBLISHED
[INFO] [1790277566.824809138] [sage_mission_manager]: VIEWPOINT ACCEPTED | position=(2.45, 9.00, -2.00) | distance_from_uav=1.77 m
[INFO] [1790277566.825614589] [sage_mission_manager]: VALIDATED VIEWPOINT PUBLISHED
[INFO] [1790277567.023758638] [sage_mission_manager]: VIEWPOINT ACCEPTED | position=(2.45, 9.00, -2.00) | distance_from_uav=1.37 m
[INFO] [1790277567.024389652] [sage_mission_manager]: VALIDATED VIEWPOINT PUBLISHED
[INFO] [1790277567.232874044] [sage_mission_manager]: VIEWPOINT ACCEPTED | position=(2.45, 9.00, -2.00) | distance_from_uav=1.09 m
[INFO] [1790277567.233847318] [sage_mission_manager]: VALIDATED VIEWPOINT PUBLISHED
[INFO] [1790277567.435708350] [sage_mission_manager]: VIEWPOINT ACCEPTED | position=(2.45, 9.00, -2.00) | distance_from_uav=0.81 m
[INFO] [1790277567.436564257] [sage_mission_manager]: VALIDATED VIEWPOINT PUBLISHED
[INFO] [1790277567.627579828] [sage_mission_manager]: VIEWPOINT ACCEPTED | position=(2.45, 9.00, -2.00) | distance_from_uav=0.54 m
[INFO] [1790277567.628425132] [sage_mission_manager]: VALIDATED VIEWPOINT PUBLISHED
[INFO] [1790277567.832786204] [sage_mission_manager]: VIEWPOINT ACCEPTED | position=(2.45, 9.00, -2.00) | distance_from_uav=0.38 m
[INFO] [1790277567.833515196] [sage_mission_manager]: VALIDATED VIEWPOINT PUBLISHED
[INFO] [1790277568.026435359] [sage_mission_manager]: VIEWPOINT ACCEPTED | position=(2.45, 9.00, -2.00) | distance_from_uav=0.22 m
[INFO] [1790277568.027113178] [sage_mission_manager]: VALIDATED VIEWPOINT PUBLISHED
[INFO] [1790277568.230859063] [sage_mission_manager]: VIEWPOINT ACCEPTED | position=(2.45, 9.00, -2.00) | distance_from_uav=0.14 m
[INFO] [1790277568.231498488] [sage_mission_manager]: VALIDATED VIEWPOINT PUBLISHED
[INFO] [1790277568.429717414] [sage_mission_manager]: VIEWPOINT ACCEPTED | position=(2.45, 9.00, -2.00) | distance_from_uav=0.06 m
[INFO] [1790277568.430282039] [sage_mission_manager]: VALIDATED VIEWPOINT PUBLISHED
[INFO] [1790277568.627600754] [sage_mission_manager]: VIEWPOINT ACCEPTED | position=(2.45, 9.00, -2.00) | distance_from_uav=0.03 m
[INFO] [1790277568.628363773] [sage_mission_manager]: VALIDATED VIEWPOINT PUBLISHED
[INFO] [1790277568.824804457] [sage_mission_manager]: VIEWPOINT ACCEPTED | position=(2.45, 9.00, -2.00) | distance_from_uav=0.02 m
[INFO] [1790277568.825768998] [sage_mission_manager]: VALIDATED VIEWPOINT PUBLISHED
[INFO] [1790277569.033554149] [sage_mission_manager]: VIEWPOINT ACCEPTED | position=(2.45, 9.00, -2.00) | distance_from_uav=0.03 m
[INFO] [1790277569.038005666] [sage_mission_manager]: VALIDATED VIEWPOINT PUBLISHED
[INFO] [1790277569.226168606] [sage_mission_manager]: VIEWPOINT ACCEPTED | position=(2.45, 9.00, -2.00) | distance_from_uav=0.04 m
[INFO] [1790277569.227828752] [sage_mission_manager]: VALIDATED VIEWPOINT PUBLISHED
[INFO] [1790277569.427244745] [sage_mission_manager]: VIEWPOINT ACCEPTED | position=(2.45, 9.00, -2.00) | distance_from_uav=0.04 m
[INFO] [1790277569.429149904] [sage_mission_manager]: VALIDATED VIEWPOINT PUBLISHED
[INFO] [1790277569.625315867] [sage_mission_manager]: VIEWPOINT ACCEPTED | position=(2.45, 9.00, -2.00) | distance_from_uav=0.04 m
[INFO] [1790277569.625860358] [sage_mission_manager]: VALIDATED VIEWPOINT PUBLISHED
[INFO] [1790277569.826406249] [sage_mission_manager]: VIEWPOINT ACCEPTED | position=(2.45, 9.00, -2.00) | distance_from_uav=0.04 m
[INFO] [1790277569.827168814] [sage_mission_manager]: VALIDATED VIEWPOINT PUBLISHED
[INFO] [1790277570.027252091] [sage_mission_manager]: VIEWPOINT ACCEPTED | position=(2.45, 9.00, -2.00) | distance_from_uav=0.04 m
[INFO] [1790277570.029936802] [sage_mission_manager]: VALIDATED VIEWPOINT PUBLISHED
[INFO] [1790277570.228575801] [sage_mission_manager]: VIEWPOINT ACCEPTED | position=(2.45, 9.00, -2.00) | distance_from_uav=0.04 m
[INFO] [1790277570.229133175] [sage_mission_manager]: VALIDATED VIEWPOINT PUBLISHED
[INFO] [1790277570.425272298] [sage_mission_manager]: VIEWPOINT ACCEPTED | position=(2.45, 9.00, -2.00) | distance_from_uav=0.04 m
[INFO] [1790277570.425930646] [sage_mission_manager]: VALIDATED VIEWPOINT PUBLISHED
[INFO] [1790277570.629256379] [sage_mission_manager]: VIEWPOINT ACCEPTED | position=(2.45, 9.00, -2.00) | distance_from_uav=0.03 m
[INFO] [1790277570.629817598] [sage_mission_manager]: VALIDATED VIEWPOINT PUBLISHED
[INFO] [1790277570.822274338] [sage_mission_manager]: VIEWPOINT ACCEPTED | position=(2.45, 9.00, -2.00) | distance_from_uav=0.03 m
[INFO] [1790277570.822799442] [sage_mission_manager]: VALIDATED VIEWPOINT PUBLISHED
[INFO] [1790277571.027214665] [sage_mission_manager]: VIEWPOINT ACCEPTED | position=(2.45, 9.00, -2.00) | distance_from_uav=0.03 m
[INFO] [1790277571.027769337] [sage_mission_manager]: VALIDATED VIEWPOINT PUBLISHED
[INFO] [1790277571.224823006] [sage_mission_manager]: VIEWPOINT ACCEPTED | position=(2.45, 9.00, -2.00) | distance_from_uav=0.03 m
[INFO] [1790277571.225646530] [sage_mission_manager]: VALIDATED VIEWPOINT PUBLISHED
[INFO] [1790277571.424257241] [sage_mission_manager]: VIEWPOINT ACCEPTED | position=(2.45, 9.00, -2.00) | distance_from_uav=0.03 m
[INFO] [1790277571.428315576] [sage_mission_manager]: VALIDATED VIEWPOINT PUBLISHED
[INFO] [1790277571.623815022] [sage_mission_manager]: VIEWPOINT ACCEPTED | position=(2.45, 9.00, -2.00) | distance_from_uav=0.03 m
[INFO] [1790277571.624408666] [sage_mission_manager]: VALIDATED VIEWPOINT PUBLISHED
[INFO] [1790277571.837290505] [sage_mission_manager]: VIEWPOINT ACCEPTED | position=(2.45, 9.00, -2.00) | distance_from_uav=0.03 m
[INFO] [1790277571.838133918] [sage_mission_manager]: VALIDATED VIEWPOINT PUBLISHED
[INFO] [1790277572.037285964] [sage_mission_manager]: VIEWPOINT ACCEPTED | position=(2.45, 9.00, -2.00) | distance_from_uav=0.03 m
[INFO] [1790277572.037909825] [sage_mission_manager]: VALIDATED VIEWPOINT PUBLISHED
[INFO] [1790277572.227518096] [sage_mission_manager]: VIEWPOINT ACCEPTED | position=(2.45, 9.00, -2.00) | distance_from_uav=0.03 m
[INFO] [1790277572.228089346] [sage_mission_manager]: VALIDATED VIEWPOINT PUBLISHED
[INFO] [1790277572.422150394] [sage_mission_manager]: VIEWPOINT ACCEPTED | position=(2.45, 9.00, -2.00) | distance_from_uav=0.04 m
[INFO] [1790277572.422902367] [sage_mission_manager]: VALIDATED VIEWPOINT PUBLISHED
[INFO] [1790277572.623982478] [sage_mission_manager]: VIEWPOINT ACCEPTED | position=(2.45, 9.00, -2.00) | distance_from_uav=0.03 m
[INFO] [1790277572.625968943] [sage_mission_manager]: VALIDATED VIEWPOINT PUBLISHED
[INFO] [1790277572.822582585] [sage_mission_manager]: VIEWPOINT ACCEPTED | position=(2.45, 9.00, -2.00) | distance_from_uav=0.03 m
[INFO] [1790277572.823437558] [sage_mission_manager]: VALIDATED VIEWPOINT PUBLISHED
[INFO] [1790277573.025386882] [sage_mission_manager]: VIEWPOINT ACCEPTED | position=(2.45, 9.00, -2.00) | distance_from_uav=0.03 m
[INFO] [1790277573.026023944] [sage_mission_manager]: VALIDATED VIEWPOINT PUBLISHED
[INFO] [1790277573.224933304] [sage_mission_manager]: VIEWPOINT ACCEPTED | position=(2.45, 9.00, -2.00) | distance_from_uav=0.03 m
[INFO] [1790277573.228888992] [sage_mission_manager]: VALIDATED VIEWPOINT PUBLISHED
[INFO] [1790277573.427387245] [sage_mission_manager]: VIEWPOINT ACCEPTED | position=(2.45, 9.00, -2.00) | distance_from_uav=0.03 m
[INFO] [1790277573.428172724] [sage_mission_manager]: VALIDATED VIEWPOINT PUBLISHED
[INFO] [1790277573.627637123] [sage_mission_manager]: VIEWPOINT ACCEPTED | position=(2.45, 9.00, -2.00) | distance_from_uav=0.02 m
[INFO] [1790277573.628375420] [sage_mission_manager]: VALIDATED VIEWPOINT PUBLISHED
[INFO] [1790277573.827065598] [sage_mission_manager]: VIEWPOINT ACCEPTED | position=(2.45, 9.00, -2.00) | distance_from_uav=0.02 m
[INFO] [1790277573.830144365] [sage_mission_manager]: VALIDATED VIEWPOINT PUBLISHED
[INFO] [1790277574.025378578] [sage_mission_manager]: VIEWPOINT ACCEPTED | position=(2.45, 9.00, -2.00) | distance_from_uav=0.02 m
[INFO] [1790277574.027418808] [sage_mission_manager]: VALIDATED VIEWPOINT PUBLISHED
[INFO] [1790277574.225951045] [sage_mission_manager]: VIEWPOINT ACCEPTED | position=(2.45, 9.00, -2.00) | distance_from_uav=0.02 m
[INFO] [1790277574.226534945] [sage_mission_manager]: VALIDATED VIEWPOINT PUBLISHED
[INFO] [1790277574.427342323] [sage_mission_manager]: VIEWPOINT ACCEPTED | position=(2.45, 9.00, -2.00) | distance_from_uav=0.02 m
[INFO] [1790277574.427978142] [sage_mission_manager]: VALIDATED VIEWPOINT PUBLISHED
[INFO] [1790277574.631829569] [sage_mission_manager]: VIEWPOINT ACCEPTED | position=(2.45, 9.00, -2.00) | distance_from_uav=0.02 m
[INFO] [1790277574.635649878] [sage_mission_manager]: VALIDATED VIEWPOINT PUBLISHED
[INFO] [1790277574.835303351] [sage_mission_manager]: VIEWPOINT ACCEPTED | position=(2.45, 9.00, -2.00) | distance_from_uav=0.02 m
[INFO] [1790277574.836194622] [sage_mission_manager]: VALIDATED VIEWPOINT PUBLISHED
[INFO] [1790277575.029399703] [sage_mission_manager]: VIEWPOINT ACCEPTED | position=(2.43, 9.67, -2.00) | distance_from_uav=0.70 m
[INFO] [1790277575.030357619] [sage_mission_manager]: VALIDATED VIEWPOINT PUBLISHED
[INFO] [1790277575.228621922] [sage_mission_manager]: VIEWPOINT ACCEPTED | position=(2.41, 10.37, -2.00) | distance_from_uav=1.40 m
[INFO] [1790277575.229672441] [sage_mission_manager]: VALIDATED VIEWPOINT PUBLISHED
[INFO] [1790277575.433765113] [sage_mission_manager]: VIEWPOINT ACCEPTED | position=(2.40, 10.60, -2.00) | distance_from_uav=1.62 m
[INFO] [1790277575.437177251] [sage_mission_manager]: VALIDATED VIEWPOINT PUBLISHED
[INFO] [1790277575.630105702] [sage_mission_manager]: VIEWPOINT ACCEPTED | position=(3.10, 10.60, -2.00) | distance_from_uav=1.70 m
[INFO] [1790277575.630754535] [sage_mission_manager]: VALIDATED VIEWPOINT PUBLISHED
[INFO] [1790277575.832234183] [sage_mission_manager]: VIEWPOINT ACCEPTED | position=(3.80, 10.60, -2.00) | distance_from_uav=2.00 m
[INFO] [1790277575.836048121] [sage_mission_manager]: VALIDATED VIEWPOINT PUBLISHED
[INFO] [1790277576.032309914] [sage_mission_manager]: VIEWPOINT ACCEPTED | position=(4.50, 10.60, -2.00) | distance_from_uav=2.41 m
[INFO] [1790277576.033106893] [sage_mission_manager]: VALIDATED VIEWPOINT PUBLISHED
[INFO] [1790277576.232090671] [sage_mission_manager]: VIEWPOINT ACCEPTED | position=(5.20, 10.60, -2.00) | distance_from_uav=2.93 m
[INFO] [1790277576.235109260] [sage_mission_manager]: VALIDATED VIEWPOINT PUBLISHED
[INFO] [1790277576.428788185] [sage_mission_manager]: VIEWPOINT ACCEPTED | position=(5.90, 10.60, -2.00) | distance_from_uav=3.46 m
[INFO] [1790277576.434785697] [sage_mission_manager]: VALIDATED VIEWPOINT PUBLISHED
[INFO] [1790277576.627033850] [sage_mission_manager]: VIEWPOINT ACCEPTED | position=(5.90, 10.60, -2.00) | distance_from_uav=3.23 m
[INFO] [1790277576.627776561] [sage_mission_manager]: VALIDATED VIEWPOINT PUBLISHED
[INFO] [1790277576.838914586] [sage_mission_manager]: VIEWPOINT ACCEPTED | position=(6.60, 10.60, -2.00) | distance_from_uav=3.60 m
[INFO] [1790277576.839494039] [sage_mission_manager]: VALIDATED VIEWPOINT PUBLISHED
[INFO] [1790277577.025081740] [sage_mission_manager]: VIEWPOINT ACCEPTED | position=(6.60, 10.60, -2.00) | distance_from_uav=3.29 m
[INFO] [1790277577.025643672] [sage_mission_manager]: VALIDATED VIEWPOINT PUBLISHED
[INFO] [1790277577.228562197] [sage_mission_manager]: VIEWPOINT ACCEPTED | position=(6.60, 10.60, -2.00) | distance_from_uav=3.00 m
[INFO] [1790277577.231070463] [sage_mission_manager]: VALIDATED VIEWPOINT PUBLISHED
[INFO] [1790277577.435496383] [sage_mission_manager]: VIEWPOINT ACCEPTED | position=(7.30, 10.60, -2.00) | distance_from_uav=3.31 m
[INFO] [1790277577.436570334] [sage_mission_manager]: VALIDATED VIEWPOINT PUBLISHED
[INFO] [1790277577.627249930] [sage_mission_manager]: VIEWPOINT ACCEPTED | position=(8.00, 10.60, -2.00) | distance_from_uav=3.64 m
[INFO] [1790277577.631435024] [sage_mission_manager]: VALIDATED VIEWPOINT PUBLISHED
[INFO] [1790277577.834201802] [sage_mission_manager]: VIEWPOINT ACCEPTED | position=(8.00, 10.60, -2.00) | distance_from_uav=3.24 m
[INFO] [1790277577.838444461] [sage_mission_manager]: VALIDATED VIEWPOINT PUBLISHED
[INFO] [1790277578.027545219] [sage_mission_manager]: VIEWPOINT ACCEPTED | position=(8.70, 10.60, -2.00) | distance_from_uav=3.50 m
[INFO] [1790277578.028110644] [sage_mission_manager]: VALIDATED VIEWPOINT PUBLISHED
[INFO] [1790277578.235519156] [sage_mission_manager]: VIEWPOINT ACCEPTED | position=(8.70, 10.60, -2.00) | distance_from_uav=3.04 m
[INFO] [1790277578.236179208] [sage_mission_manager]: VALIDATED VIEWPOINT PUBLISHED
[INFO] [1790277578.430621870] [sage_mission_manager]: VIEWPOINT ACCEPTED | position=(9.40, 10.60, -2.00) | distance_from_uav=3.36 m
[INFO] [1790277578.431339833] [sage_mission_manager]: VALIDATED VIEWPOINT PUBLISHED
[INFO] [1790277578.628497477] [sage_mission_manager]: VIEWPOINT ACCEPTED | position=(9.60, 10.60, -2.00) | distance_from_uav=3.14 m
[INFO] [1790277578.629533377] [sage_mission_manager]: VALIDATED VIEWPOINT PUBLISHED
[INFO] [1790277578.826448626] [sage_mission_manager]: VIEWPOINT ACCEPTED | position=(9.59, 9.90, -2.00) | distance_from_uav=2.81 m
[INFO] [1790277578.827500503] [sage_mission_manager]: VALIDATED VIEWPOINT PUBLISHED
[INFO] [1790277579.027296557] [sage_mission_manager]: VIEWPOINT ACCEPTED | position=(9.58, 9.20, -2.00) | distance_from_uav=2.74 m
[INFO] [1790277579.028352275] [sage_mission_manager]: VALIDATED VIEWPOINT PUBLISHED
[INFO] [1790277579.225019210] [sage_mission_manager]: VIEWPOINT ACCEPTED | position=(9.57, 8.50, -2.00) | distance_from_uav=2.88 m
[INFO] [1790277579.225741482] [sage_mission_manager]: VALIDATED VIEWPOINT PUBLISHED
[INFO] [1790277579.429912720] [sage_mission_manager]: VIEWPOINT ACCEPTED | position=(9.56, 7.80, -2.00) | distance_from_uav=3.20 m
[INFO] [1790277579.430464413] [sage_mission_manager]: VALIDATED VIEWPOINT PUBLISHED
[INFO] [1790277579.627352151] [sage_mission_manager]: VIEWPOINT ACCEPTED | position=(9.56, 7.10, -2.00) | distance_from_uav=3.66 m
[INFO] [1790277579.627956961] [sage_mission_manager]: VALIDATED VIEWPOINT PUBLISHED
[INFO] [1790277579.837260492] [sage_mission_manager]: VIEWPOINT ACCEPTED | position=(9.56, 7.10, -2.00) | distance_from_uav=3.39 m
[INFO] [1790277579.841563687] [sage_mission_manager]: VALIDATED VIEWPOINT PUBLISHED
[INFO] [1790277580.033054241] [sage_mission_manager]: VIEWPOINT ACCEPTED | position=(9.56, 7.10, -2.00) | distance_from_uav=3.13 m
[INFO] [1790277580.033737748] [sage_mission_manager]: VALIDATED VIEWPOINT PUBLISHED
[INFO] [1790277580.227404135] [sage_mission_manager]: VIEWPOINT ACCEPTED | position=(9.55, 6.64, -2.00) | distance_from_uav=3.27 m
[INFO] [1790277580.227947259] [sage_mission_manager]: VALIDATED VIEWPOINT PUBLISHED
[INFO] [1790277580.424135237] [sage_mission_manager]: VIEWPOINT ACCEPTED | position=(9.55, 6.64, -2.00) | distance_from_uav=2.92 m
[INFO] [1790277580.425363663] [sage_mission_manager]: VALIDATED VIEWPOINT PUBLISHED
[INFO] [1790277580.638630088] [sage_mission_manager]: VIEWPOINT ACCEPTED | position=(9.55, 6.64, -2.00) | distance_from_uav=2.49 m
[INFO] [1790277580.639234559] [sage_mission_manager]: VALIDATED VIEWPOINT PUBLISHED
[INFO] [1790277580.824518048] [sage_mission_manager]: VIEWPOINT ACCEPTED | position=(9.55, 6.64, -2.00) | distance_from_uav=2.11 m
[INFO] [1790277580.825371271] [sage_mission_manager]: VALIDATED VIEWPOINT PUBLISHED
[INFO] [1790277581.036955952] [sage_mission_manager]: VIEWPOINT ACCEPTED | position=(9.55, 6.64, -2.00) | distance_from_uav=1.69 m
[INFO] [1790277581.039429715] [sage_mission_manager]: VALIDATED VIEWPOINT PUBLISHED
[INFO] [1790277581.223539735] [sage_mission_manager]: VIEWPOINT ACCEPTED | position=(9.55, 6.64, -2.00) | distance_from_uav=1.36 m
[INFO] [1790277581.228512524] [sage_mission_manager]: VALIDATED VIEWPOINT PUBLISHED
[INFO] [1790277581.437743222] [sage_mission_manager]: VIEWPOINT ACCEPTED | position=(9.55, 6.64, -2.00) | distance_from_uav=1.03 m
[INFO] [1790277581.438513657] [sage_mission_manager]: VALIDATED VIEWPOINT PUBLISHED
[INFO] [1790277581.632622040] [sage_mission_manager]: VIEWPOINT ACCEPTED | position=(9.55, 6.64, -2.00) | distance_from_uav=0.78 m
[INFO] [1790277581.633388895] [sage_mission_manager]: VALIDATED VIEWPOINT PUBLISHED
[INFO] [1790277581.827559161] [sage_mission_manager]: VIEWPOINT ACCEPTED | position=(9.55, 6.64, -2.00) | distance_from_uav=0.61 m
[INFO] [1790277581.828352907] [sage_mission_manager]: VALIDATED VIEWPOINT PUBLISHED
[INFO] [1790277582.037329854] [sage_mission_manager]: VIEWPOINT ACCEPTED | position=(9.55, 6.64, -2.00) | distance_from_uav=0.46 m
[INFO] [1790277582.038734819] [sage_mission_manager]: VALIDATED VIEWPOINT PUBLISHED
[INFO] [1790277582.230536100] [sage_mission_manager]: VIEWPOINT ACCEPTED | position=(9.55, 6.64, -2.00) | distance_from_uav=0.39 m
[INFO] [1790277582.231480125] [sage_mission_manager]: VALIDATED VIEWPOINT PUBLISHED
[INFO] [1790277582.428459576] [sage_mission_manager]: VIEWPOINT ACCEPTED | position=(9.55, 6.64, -2.00) | distance_from_uav=0.33 m
[INFO] [1790277582.433156339] [sage_mission_manager]: VALIDATED VIEWPOINT PUBLISHED
[INFO] [1790277582.624514294] [sage_mission_manager]: VIEWPOINT ACCEPTED | position=(9.56, 7.34, -2.00) | distance_from_uav=0.88 m
[INFO] [1790277582.625082838] [sage_mission_manager]: VALIDATED VIEWPOINT PUBLISHED
[INFO] [1790277582.842390374] [sage_mission_manager]: VIEWPOINT ACCEPTED | position=(9.57, 8.04, -2.00) | distance_from_uav=1.61 m
[INFO] [1790277582.843061800] [sage_mission_manager]: VALIDATED VIEWPOINT PUBLISHED
[INFO] [1790277583.036803919] [sage_mission_manager]: VIEWPOINT ACCEPTED | position=(9.58, 8.74, -2.00) | distance_from_uav=2.33 m
[INFO] [1790277583.043759887] [sage_mission_manager]: VALIDATED VIEWPOINT PUBLISHED
[INFO] [1790277583.230799346] [sage_mission_manager]: VIEWPOINT ACCEPTED | position=(9.59, 9.44, -2.00) | distance_from_uav=3.03 m
[INFO] [1790277583.232854522] [sage_mission_manager]: VALIDATED VIEWPOINT PUBLISHED
[INFO] [1790277583.425855565] [sage_mission_manager]: VIEWPOINT ACCEPTED | position=(9.59, 10.14, -2.00) | distance_from_uav=3.68 m
[INFO] [1790277583.426574842] [sage_mission_manager]: VALIDATED VIEWPOINT PUBLISHED
[INFO] [1790277583.626802176] [sage_mission_manager]: VIEWPOINT ACCEPTED | position=(9.59, 10.14, -2.00) | distance_from_uav=3.56 m
[INFO] [1790277583.628199972] [sage_mission_manager]: VALIDATED VIEWPOINT PUBLISHED
[INFO] [1790277583.826104962] [sage_mission_manager]: VIEWPOINT ACCEPTED | position=(9.59, 10.14, -2.00) | distance_from_uav=3.34 m
[INFO] [1790277583.828856952] [sage_mission_manager]: VALIDATED VIEWPOINT PUBLISHED
[INFO] [1790277584.028547597] [sage_mission_manager]: VIEWPOINT ACCEPTED | position=(9.60, 10.60, -2.00) | distance_from_uav=3.43 m
[INFO] [1790277584.029179278] [sage_mission_manager]: VALIDATED VIEWPOINT PUBLISHED
[INFO] [1790277584.227705878] [sage_mission_manager]: VIEWPOINT ACCEPTED | position=(9.60, 10.60, -2.00) | distance_from_uav=3.09 m
[INFO] [1790277584.228264971] [sage_mission_manager]: VALIDATED VIEWPOINT PUBLISHED
[INFO] [1790277584.434475726] [sage_mission_manager]: VIEWPOINT ACCEPTED | position=(8.90, 10.59, -2.00) | distance_from_uav=2.79 m
[INFO] [1790277584.440203885] [sage_mission_manager]: VALIDATED VIEWPOINT PUBLISHED
[INFO] [1790277584.632251166] [sage_mission_manager]: VIEWPOINT ACCEPTED | position=(8.20, 10.59, -2.00) | distance_from_uav=2.79 m
[INFO] [1790277584.638536036] [sage_mission_manager]: VALIDATED VIEWPOINT PUBLISHED
[INFO] [1790277584.825865869] [sage_mission_manager]: VIEWPOINT ACCEPTED | position=(7.50, 10.58, -2.00) | distance_from_uav=2.89 m
[INFO] [1790277584.826431163] [sage_mission_manager]: VALIDATED VIEWPOINT PUBLISHED
[INFO] [1790277585.024191763] [sage_mission_manager]: VIEWPOINT ACCEPTED | position=(6.80, 10.57, -2.00) | distance_from_uav=3.20 m
[INFO] [1790277585.031467049] [sage_mission_manager]: VALIDATED VIEWPOINT PUBLISHED
[INFO] [1790277585.226563653] [sage_mission_manager]: VIEWPOINT ACCEPTED | position=(6.10, 10.56, -2.00) | distance_from_uav=3.60 m
[INFO] [1790277585.227666799] [sage_mission_manager]: VALIDATED VIEWPOINT PUBLISHED
[INFO] [1790277585.429089313] [sage_mission_manager]: VIEWPOINT ACCEPTED | position=(6.10, 10.56, -2.00) | distance_from_uav=3.34 m
[INFO] [1790277585.429723560] [sage_mission_manager]: VALIDATED VIEWPOINT PUBLISHED
[INFO] [1790277585.627275443] [sage_mission_manager]: VIEWPOINT ACCEPTED | position=(6.10, 10.56, -2.00) | distance_from_uav=3.07 m
[INFO] [1790277585.627836516] [sage_mission_manager]: VALIDATED VIEWPOINT PUBLISHED
[INFO] [1790277585.826918214] [sage_mission_manager]: VIEWPOINT ACCEPTED | position=(5.40, 10.56, -2.00) | distance_from_uav=3.40 m
[INFO] [1790277585.827458181] [sage_mission_manager]: VALIDATED VIEWPOINT PUBLISHED
[INFO] [1790277586.029030692] [sage_mission_manager]: VIEWPOINT ACCEPTED | position=(5.40, 10.56, -2.00) | distance_from_uav=3.04 m
[INFO] [1790277586.029574755] [sage_mission_manager]: VALIDATED VIEWPOINT PUBLISHED
[INFO] [1790277586.224831297] [sage_mission_manager]: VIEWPOINT ACCEPTED | position=(4.85, 10.55, -2.00) | distance_from_uav=3.23 m
[INFO] [1790277586.225405873] [sage_mission_manager]: VALIDATED VIEWPOINT PUBLISHED
[INFO] [1790277586.433166756] [sage_mission_manager]: VIEWPOINT ACCEPTED | position=(4.85, 10.55, -2.00) | distance_from_uav=2.85 m
[INFO] [1790277586.433784892] [sage_mission_manager]: VALIDATED VIEWPOINT PUBLISHED
[INFO] [1790277586.632607865] [sage_mission_manager]: VIEWPOINT ACCEPTED | position=(4.85, 10.55, -2.00) | distance_from_uav=2.43 m
[INFO] [1790277586.633242594] [sage_mission_manager]: VALIDATED VIEWPOINT PUBLISHED
[INFO] [1790277586.828836246] [sage_mission_manager]: VIEWPOINT ACCEPTED | position=(4.85, 10.55, -2.00) | distance_from_uav=2.09 m
[INFO] [1790277586.829575308] [sage_mission_manager]: VALIDATED VIEWPOINT PUBLISHED
[INFO] [1790277587.027243599] [sage_mission_manager]: VIEWPOINT ACCEPTED | position=(4.85, 10.55, -2.00) | distance_from_uav=1.71 m
[INFO] [1790277587.029870982] [sage_mission_manager]: VALIDATED VIEWPOINT PUBLISHED
[INFO] [1790277587.225373714] [sage_mission_manager]: VIEWPOINT ACCEPTED | position=(4.85, 10.55, -2.00) | distance_from_uav=1.44 m
[INFO] [1790277587.226248358] [sage_mission_manager]: VALIDATED VIEWPOINT PUBLISHED
[INFO] [1790277587.425089606] [sage_mission_manager]: VIEWPOINT ACCEPTED | position=(4.85, 10.55, -2.00) | distance_from_uav=1.12 m
[INFO] [1790277587.425657503] [sage_mission_manager]: VALIDATED VIEWPOINT PUBLISHED
[INFO] [1790277587.628822590] [sage_mission_manager]: VIEWPOINT ACCEPTED | position=(4.85, 10.55, -2.00) | distance_from_uav=0.86 m
[INFO] [1790277587.629482560] [sage_mission_manager]: VALIDATED VIEWPOINT PUBLISHED
[INFO] [1790277587.825458984] [sage_mission_manager]: VIEWPOINT ACCEPTED | position=(4.85, 10.55, -2.00) | distance_from_uav=0.58 m
[INFO] [1790277587.827462653] [sage_mission_manager]: VALIDATED VIEWPOINT PUBLISHED
[INFO] [1790277588.028353145] [sage_mission_manager]: VIEWPOINT ACCEPTED | position=(4.85, 10.55, -2.00) | distance_from_uav=0.35 m
[INFO] [1790277588.028903053] [sage_mission_manager]: VALIDATED VIEWPOINT PUBLISHED
[INFO] [1790277588.229000868] [sage_mission_manager]: VIEWPOINT ACCEPTED | position=(4.85, 10.55, -2.00) | distance_from_uav=0.22 m
[INFO] [1790277588.229614703] [sage_mission_manager]: VALIDATED VIEWPOINT PUBLISHED
[INFO] [1790277588.423794040] [sage_mission_manager]: VIEWPOINT ACCEPTED | position=(4.15, 10.56, -2.00) | distance_from_uav=0.78 m
[INFO] [1790277588.424417421] [sage_mission_manager]: VALIDATED VIEWPOINT PUBLISHED
[INFO] [1790277588.627095121] [sage_mission_manager]: VIEWPOINT ACCEPTED | position=(3.45, 10.58, -2.00) | distance_from_uav=1.38 m
[INFO] [1790277588.627637741] [sage_mission_manager]: VALIDATED VIEWPOINT PUBLISHED
[INFO] [1790277588.831572634] [sage_mission_manager]: VIEWPOINT ACCEPTED | position=(2.75, 10.59, -2.00) | distance_from_uav=1.99 m
[INFO] [1790277588.832141510] [sage_mission_manager]: VALIDATED VIEWPOINT PUBLISHED
[INFO] [1790277589.025268214] [sage_mission_manager]: VIEWPOINT ACCEPTED | position=(2.40, 10.60, -2.00) | distance_from_uav=2.27 m
[INFO] [1790277589.031128282] [sage_mission_manager]: VALIDATED VIEWPOINT PUBLISHED
[INFO] [1790277589.238485727] [sage_mission_manager]: VIEWPOINT ACCEPTED | position=(2.30, 9.91, -2.00) | distance_from_uav=2.35 m
[INFO] [1790277589.239256567] [sage_mission_manager]: VALIDATED VIEWPOINT PUBLISHED
[INFO] [1790277589.429581535] [sage_mission_manager]: VIEWPOINT ACCEPTED | position=(2.21, 9.21, -2.00) | distance_from_uav=2.56 m
[INFO] [1790277589.431401139] [sage_mission_manager]: VALIDATED VIEWPOINT PUBLISHED
[INFO] [1790277589.626737590] [sage_mission_manager]: VIEWPOINT ACCEPTED | position=(2.11, 8.52, -2.00) | distance_from_uav=2.91 m
[INFO] [1790277589.627757815] [sage_mission_manager]: VALIDATED VIEWPOINT PUBLISHED
[INFO] [1790277589.825436688] [sage_mission_manager]: VIEWPOINT ACCEPTED | position=(2.02, 7.83, -2.00) | distance_from_uav=3.34 m
[INFO] [1790277589.829061121] [sage_mission_manager]: VALIDATED VIEWPOINT PUBLISHED
[INFO] [1790277590.027660457] [sage_mission_manager]: VIEWPOINT ACCEPTED | position=(2.02, 7.83, -2.00) | distance_from_uav=3.12 m
[INFO] [1790277590.029705876] [sage_mission_manager]: VALIDATED VIEWPOINT PUBLISHED
[INFO] [1790277590.227224359] [sage_mission_manager]: VIEWPOINT ACCEPTED | position=(1.92, 7.13, -2.00) | distance_from_uav=3.44 m
[INFO] [1790277590.227849367] [sage_mission_manager]: VALIDATED VIEWPOINT PUBLISHED
[INFO] [1790277590.434498814] [sage_mission_manager]: VIEWPOINT ACCEPTED | position=(1.92, 7.13, -2.00) | distance_from_uav=3.07 m
[INFO] [1790277590.435858834] [sage_mission_manager]: VALIDATED VIEWPOINT PUBLISHED
[INFO] [1790277590.628000717] [sage_mission_manager]: VIEWPOINT ACCEPTED | position=(1.85, 6.64, -2.00) | distance_from_uav=3.24 m
[INFO] [1790277590.628823786] [sage_mission_manager]: VALIDATED VIEWPOINT PUBLISHED
[INFO] [1790277590.823888762] [sage_mission_manager]: VIEWPOINT ACCEPTED | position=(1.85, 6.64, -2.00) | distance_from_uav=2.88 m
[INFO] [1790277590.825604645] [sage_mission_manager]: VALIDATED VIEWPOINT PUBLISHED
[INFO] [1790277591.032537721] [sage_mission_manager]: VIEWPOINT ACCEPTED | position=(1.85, 6.64, -2.00) | distance_from_uav=2.47 m
[INFO] [1790277591.035305901] [sage_mission_manager]: VALIDATED VIEWPOINT PUBLISHED
[INFO] [1790277591.230826023] [sage_mission_manager]: VIEWPOINT ACCEPTED | position=(1.85, 6.64, -2.00) | distance_from_uav=2.08 m
[INFO] [1790277591.231726211] [sage_mission_manager]: VALIDATED VIEWPOINT PUBLISHED
[INFO] [1790277591.429241512] [sage_mission_manager]: VIEWPOINT ACCEPTED | position=(1.85, 6.64, -2.00) | distance_from_uav=1.74 m
[INFO] [1790277591.434403899] [sage_mission_manager]: VALIDATED VIEWPOINT PUBLISHED
[INFO] [1790277591.628451668] [sage_mission_manager]: VIEWPOINT ACCEPTED | position=(1.85, 6.64, -2.00) | distance_from_uav=1.39 m
[INFO] [1790277591.629052425] [sage_mission_manager]: VALIDATED VIEWPOINT PUBLISHED
[INFO] [1790277591.826805097] [sage_mission_manager]: VIEWPOINT ACCEPTED | position=(1.85, 6.64, -2.00) | distance_from_uav=1.05 m
[INFO] [1790277591.827511084] [sage_mission_manager]: VALIDATED VIEWPOINT PUBLISHED
[INFO] [1790277592.029478582] [sage_mission_manager]: VIEWPOINT ACCEPTED | position=(1.85, 6.64, -2.00) | distance_from_uav=0.82 m
[INFO] [1790277592.034028515] [sage_mission_manager]: VALIDATED VIEWPOINT PUBLISHED
[INFO] [1790277592.224556878] [sage_mission_manager]: VIEWPOINT ACCEPTED | position=(1.85, 6.64, -2.00) | distance_from_uav=0.60 m
[INFO] [1790277592.225604869] [sage_mission_manager]: VALIDATED VIEWPOINT PUBLISHED
[INFO] [1790277592.429641121] [sage_mission_manager]: VIEWPOINT ACCEPTED | position=(1.85, 6.64, -2.00) | distance_from_uav=0.43 m
[INFO] [1790277592.430317874] [sage_mission_manager]: VALIDATED VIEWPOINT PUBLISHED
[INFO] [1790277592.635139050] [sage_mission_manager]: VIEWPOINT ACCEPTED | position=(1.85, 6.64, -2.00) | distance_from_uav=0.31 m
[INFO] [1790277592.635914873] [sage_mission_manager]: VALIDATED VIEWPOINT PUBLISHED
[INFO] [1790277592.828890456] [sage_mission_manager]: VIEWPOINT ACCEPTED | position=(1.92, 5.94, -2.00) | distance_from_uav=0.87 m
[INFO] [1790277592.829899406] [sage_mission_manager]: VALIDATED VIEWPOINT PUBLISHED
[INFO] [1790277593.036183538] [sage_mission_manager]: VIEWPOINT ACCEPTED | position=(2.00, 5.25, -2.00) | distance_from_uav=1.47 m
[INFO] [1790277593.036733425] [sage_mission_manager]: VALIDATED VIEWPOINT PUBLISHED
[INFO] [1790277593.231903275] [sage_mission_manager]: VIEWPOINT ACCEPTED | position=(2.07, 4.55, -2.00) | distance_from_uav=2.09 m
[INFO] [1790277593.233693548] [sage_mission_manager]: VALIDATED VIEWPOINT PUBLISHED
[INFO] [1790277593.434602072] [sage_mission_manager]: VIEWPOINT ACCEPTED | position=(2.14, 3.85, -2.00) | distance_from_uav=2.68 m
[INFO] [1790277593.435179583] [sage_mission_manager]: VALIDATED VIEWPOINT PUBLISHED
[INFO] [1790277593.628421926] [sage_mission_manager]: VIEWPOINT ACCEPTED | position=(2.22, 3.16, -2.00) | distance_from_uav=3.26 m
[INFO] [1790277593.628999888] [sage_mission_manager]: VALIDATED VIEWPOINT PUBLISHED
[INFO] [1790277593.839905638] [sage_mission_manager]: VIEWPOINT ACCEPTED | position=(2.22, 3.16, -2.00) | distance_from_uav=3.04 m
[INFO] [1790277593.842770325] [sage_mission_manager]: VALIDATED VIEWPOINT PUBLISHED
[INFO] [1790277594.038141922] [sage_mission_manager]: VIEWPOINT ACCEPTED | position=(2.29, 2.46, -2.00) | distance_from_uav=3.46 m
[INFO] [1790277594.038748436] [sage_mission_manager]: VALIDATED VIEWPOINT PUBLISHED
[INFO] [1790277594.233789963] [sage_mission_manager]: VIEWPOINT ACCEPTED | position=(2.29, 2.46, -2.00) | distance_from_uav=3.16 m
[INFO] [1790277594.235374429] [sage_mission_manager]: VALIDATED VIEWPOINT PUBLISHED
[INFO] [1790277594.425328225] [sage_mission_manager]: VIEWPOINT ACCEPTED | position=(2.36, 1.76, -2.00) | distance_from_uav=3.46 m
[INFO] [1790277594.427073452] [sage_mission_manager]: VALIDATED VIEWPOINT PUBLISHED
[INFO] [1790277594.635846426] [sage_mission_manager]: VIEWPOINT ACCEPTED | position=(2.36, 1.76, -2.00) | distance_from_uav=3.06 m
[INFO] [1790277594.636485038] [sage_mission_manager]: VALIDATED VIEWPOINT PUBLISHED
[INFO] [1790277594.827568083] [sage_mission_manager]: VIEWPOINT ACCEPTED | position=(2.40, 1.40, -2.00) | distance_from_uav=3.01 m
[INFO] [1790277594.828131072] [sage_mission_manager]: VALIDATED VIEWPOINT PUBLISHED
[INFO] [1790277595.035638765] [sage_mission_manager]: VIEWPOINT ACCEPTED | position=(3.10, 1.41, -2.00) | distance_from_uav=2.75 m
[INFO] [1790277595.037047604] [sage_mission_manager]: VALIDATED VIEWPOINT PUBLISHED
[INFO] [1790277595.224804557] [sage_mission_manager]: VIEWPOINT ACCEPTED | position=(3.80, 1.43, -2.00) | distance_from_uav=2.67 m
[INFO] [1790277595.225543860] [sage_mission_manager]: VALIDATED VIEWPOINT PUBLISHED
[INFO] [1790277595.430295457] [sage_mission_manager]: VIEWPOINT ACCEPTED | position=(4.50, 1.44, -2.00) | distance_from_uav=2.85 m
[INFO] [1790277595.430900757] [sage_mission_manager]: VALIDATED VIEWPOINT PUBLISHED
[INFO] [1790277595.625783665] [sage_mission_manager]: VIEWPOINT ACCEPTED | position=(4.85, 1.45, -2.00) | distance_from_uav=2.89 m
[INFO] [1790277595.626317059] [sage_mission_manager]: VALIDATED VIEWPOINT PUBLISHED
[INFO] [1790277595.827173619] [sage_mission_manager]: VIEWPOINT ACCEPTED | position=(4.85, 1.45, -2.00) | distance_from_uav=2.63 m
[INFO] [1790277595.827706179] [sage_mission_manager]: VALIDATED VIEWPOINT PUBLISHED
[INFO] [1790277596.025799788] [sage_mission_manager]: VIEWPOINT ACCEPTED | position=(4.85, 1.45, -2.00) | distance_from_uav=2.33 m
[INFO] [1790277596.027592288] [sage_mission_manager]: VALIDATED VIEWPOINT PUBLISHED
[INFO] [1790277596.223579277] [sage_mission_manager]: VIEWPOINT ACCEPTED | position=(4.85, 1.45, -2.00) | distance_from_uav=2.05 m
[INFO] [1790277596.224314951] [sage_mission_manager]: VALIDATED VIEWPOINT PUBLISHED
[INFO] [1790277596.429348312] [sage_mission_manager]: VIEWPOINT ACCEPTED | position=(4.85, 1.45, -2.00) | distance_from_uav=1.78 m
[INFO] [1790277596.430362062] [sage_mission_manager]: VALIDATED VIEWPOINT PUBLISHED
[INFO] [1790277596.626042794] [sage_mission_manager]: VIEWPOINT ACCEPTED | position=(4.85, 1.45, -2.00) | distance_from_uav=1.51 m
[INFO] [1790277596.626596538] [sage_mission_manager]: VALIDATED VIEWPOINT PUBLISHED
[INFO] [1790277596.825267225] [sage_mission_manager]: VIEWPOINT ACCEPTED | position=(4.85, 1.45, -2.00) | distance_from_uav=1.25 m
[INFO] [1790277596.825886423] [sage_mission_manager]: VALIDATED VIEWPOINT PUBLISHED
[INFO] [1790277597.028332353] [sage_mission_manager]: VIEWPOINT ACCEPTED | position=(4.85, 1.45, -2.00) | distance_from_uav=1.02 m
[INFO] [1790277597.028893573] [sage_mission_manager]: VALIDATED VIEWPOINT PUBLISHED
[INFO] [1790277597.233236881] [sage_mission_manager]: VIEWPOINT ACCEPTED | position=(4.85, 1.45, -2.00) | distance_from_uav=0.85 m
[INFO] [1790277597.233861434] [sage_mission_manager]: VALIDATED VIEWPOINT PUBLISHED
[INFO] [1790277597.427206130] [sage_mission_manager]: VIEWPOINT ACCEPTED | position=(4.85, 1.45, -2.00) | distance_from_uav=0.69 m
[INFO] [1790277597.429396474] [sage_mission_manager]: VALIDATED VIEWPOINT PUBLISHED
[INFO] [1790277597.625218931] [sage_mission_manager]: VIEWPOINT ACCEPTED | position=(4.85, 1.45, -2.00) | distance_from_uav=0.58 m
[INFO] [1790277597.625759376] [sage_mission_manager]: VALIDATED VIEWPOINT PUBLISHED
[INFO] [1790277597.833770048] [sage_mission_manager]: VIEWPOINT ACCEPTED | position=(4.85, 1.45, -2.00) | distance_from_uav=0.47 m
[INFO] [1790277597.839595710] [sage_mission_manager]: VALIDATED VIEWPOINT PUBLISHED
[INFO] [1790277598.029212925] [sage_mission_manager]: VIEWPOINT ACCEPTED | position=(4.85, 1.45, -2.00) | distance_from_uav=0.40 m
[INFO] [1790277598.030059295] [sage_mission_manager]: VALIDATED VIEWPOINT PUBLISHED
[INFO] [1790277598.234123569] [sage_mission_manager]: VIEWPOINT ACCEPTED | position=(4.85, 1.45, -2.00) | distance_from_uav=0.35 m
[INFO] [1790277598.234704458] [sage_mission_manager]: VALIDATED VIEWPOINT PUBLISHED
[INFO] [1790277598.427126528] [sage_mission_manager]: VIEWPOINT ACCEPTED | position=(4.85, 1.45, -2.00) | distance_from_uav=0.31 m
[INFO] [1790277598.429852554] [sage_mission_manager]: VALIDATED VIEWPOINT PUBLISHED
[INFO] [1790277598.633713761] [sage_mission_manager]: VIEWPOINT ACCEPTED | position=(4.15, 1.44, -2.00) | distance_from_uav=0.61 m
[INFO] [1790277598.634493923] [sage_mission_manager]: VALIDATED VIEWPOINT PUBLISHED
[INFO] [1790277598.835830431] [sage_mission_manager]: VIEWPOINT ACCEPTED | position=(3.45, 1.42, -2.00) | distance_from_uav=1.31 m
[INFO] [1790277598.836623758] [sage_mission_manager]: VALIDATED VIEWPOINT PUBLISHED
[INFO] [1790277599.041339864] [sage_mission_manager]: VIEWPOINT ACCEPTED | position=(2.75, 1.41, -2.00) | distance_from_uav=2.02 m
[INFO] [1790277599.042181360] [sage_mission_manager]: VALIDATED VIEWPOINT PUBLISHED
[INFO] [1790277599.228386909] [sage_mission_manager]: VIEWPOINT ACCEPTED | position=(2.40, 1.40, -2.00) | distance_from_uav=2.35 m
[INFO] [1790277599.229396936] [sage_mission_manager]: VALIDATED VIEWPOINT PUBLISHED
[INFO] [1790277599.432198440] [sage_mission_manager]: VIEWPOINT ACCEPTED | position=(2.33, 2.10, -2.00) | distance_from_uav=2.47 m
[INFO] [1790277599.433343665] [sage_mission_manager]: VALIDATED VIEWPOINT PUBLISHED
[INFO] [1790277599.626129567] [sage_mission_manager]: VIEWPOINT ACCEPTED | position=(2.25, 2.79, -2.00) | distance_from_uav=2.73 m
[INFO] [1790277599.634531564] [sage_mission_manager]: VALIDATED VIEWPOINT PUBLISHED
[INFO] [1790277599.835777042] [sage_mission_manager]: VIEWPOINT ACCEPTED | position=(2.18, 3.49, -2.00) | distance_from_uav=3.07 m
[INFO] [1790277599.836569974] [sage_mission_manager]: VALIDATED VIEWPOINT PUBLISHED
[INFO] [1790277600.027101192] [sage_mission_manager]: VIEWPOINT ACCEPTED | position=(3.33, 1.35, -2.00) | distance_from_uav=0.70 m
[INFO] [1790277600.027861787] [sage_mission_manager]: VALIDATED VIEWPOINT PUBLISHED
[INFO] [1790277600.229003696] [sage_mission_manager]: VIEWPOINT ACCEPTED | position=(2.63, 1.39, -2.00) | distance_from_uav=1.11 m
[INFO] [1790277600.229966894] [sage_mission_manager]: VALIDATED VIEWPOINT PUBLISHED
[INFO] [1790277600.427595230] [sage_mission_manager]: VIEWPOINT ACCEPTED | position=(2.40, 1.40, -2.00) | distance_from_uav=1.12 m
[INFO] [1790277600.428315133] [sage_mission_manager]: VALIDATED VIEWPOINT PUBLISHED
[INFO] [1790277600.629307222] [sage_mission_manager]: VIEWPOINT ACCEPTED | position=(2.40, 2.10, -2.00) | distance_from_uav=0.96 m
[INFO] [1790277600.632832607] [sage_mission_manager]: VALIDATED VIEWPOINT PUBLISHED
[INFO] [1790277600.825604594] [sage_mission_manager]: VIEWPOINT ACCEPTED | position=(2.41, 2.80, -2.00) | distance_from_uav=1.21 m
[INFO] [1790277600.826540007] [sage_mission_manager]: VALIDATED VIEWPOINT PUBLISHED
[INFO] [1790277601.035318531] [sage_mission_manager]: VIEWPOINT ACCEPTED | position=(2.41, 3.50, -2.00) | distance_from_uav=1.77 m
[INFO] [1790277601.036109944] [sage_mission_manager]: VALIDATED VIEWPOINT PUBLISHED
[INFO] [1790277601.225850370] [sage_mission_manager]: VIEWPOINT ACCEPTED | position=(2.42, 4.20, -2.00) | distance_from_uav=2.42 m
[INFO] [1790277601.226644190] [sage_mission_manager]: VALIDATED VIEWPOINT PUBLISHED
[INFO] [1790277601.425862409] [sage_mission_manager]: VIEWPOINT ACCEPTED | position=(2.42, 4.90, -2.00) | distance_from_uav=3.02 m
[INFO] [1790277601.426422039] [sage_mission_manager]: VALIDATED VIEWPOINT PUBLISHED
[INFO] [1790277601.625812192] [sage_mission_manager]: VIEWPOINT ACCEPTED | position=(2.43, 5.60, -2.00) | distance_from_uav=3.53 m
[INFO] [1790277601.630567585] [sage_mission_manager]: VALIDATED VIEWPOINT PUBLISHED
[INFO] [1790277601.827629035] [sage_mission_manager]: VIEWPOINT ACCEPTED | position=(2.43, 5.60, -2.00) | distance_from_uav=3.34 m
[INFO] [1790277601.829682530] [sage_mission_manager]: VALIDATED VIEWPOINT PUBLISHED
[INFO] [1790277602.026019256] [sage_mission_manager]: VIEWPOINT ACCEPTED | position=(2.43, 5.60, -2.00) | distance_from_uav=3.10 m
[INFO] [1790277602.026777352] [sage_mission_manager]: VALIDATED VIEWPOINT PUBLISHED
[INFO] [1790277602.227499912] [sage_mission_manager]: VIEWPOINT ACCEPTED | position=(2.43, 6.30, -2.00) | distance_from_uav=3.45 m
[INFO] [1790277602.230515920] [sage_mission_manager]: VALIDATED VIEWPOINT PUBLISHED
[INFO] [1790277602.426621605] [sage_mission_manager]: VIEWPOINT ACCEPTED | position=(2.43, 6.30, -2.00) | distance_from_uav=3.08 m
[INFO] [1790277602.427489742] [sage_mission_manager]: VALIDATED VIEWPOINT PUBLISHED
[INFO] [1790277602.627166162] [sage_mission_manager]: VIEWPOINT ACCEPTED | position=(2.44, 7.00, -2.00) | distance_from_uav=3.45 m
[INFO] [1790277602.627741800] [sage_mission_manager]: VALIDATED VIEWPOINT PUBLISHED
[INFO] [1790277602.828663087] [sage_mission_manager]: VIEWPOINT ACCEPTED | position=(2.44, 7.00, -2.00) | distance_from_uav=3.03 m
[INFO] [1790277602.830146465] [sage_mission_manager]: VALIDATED VIEWPOINT PUBLISHED
[INFO] [1790277603.024392777] [sage_mission_manager]: VIEWPOINT ACCEPTED | position=(2.44, 7.70, -2.00) | distance_from_uav=3.40 m
[INFO] [1790277603.025061828] [sage_mission_manager]: VALIDATED VIEWPOINT PUBLISHED
[INFO] [1790277603.238351318] [sage_mission_manager]: VIEWPOINT ACCEPTED | position=(2.45, 8.40, -2.00) | distance_from_uav=3.60 m
[INFO] [1790277603.240378632] [sage_mission_manager]: VALIDATED VIEWPOINT PUBLISHED
[INFO] [1790277603.423290415] [sage_mission_manager]: VIEWPOINT ACCEPTED | position=(2.45, 8.40, -2.00) | distance_from_uav=3.25 m
[INFO] [1790277603.423910317] [sage_mission_manager]: VALIDATED VIEWPOINT PUBLISHED
[INFO] [1790277603.631129743] [sage_mission_manager]: VIEWPOINT ACCEPTED | position=(2.45, 9.00, -2.00) | distance_from_uav=3.39 m
[INFO] [1790277603.631691441] [sage_mission_manager]: VALIDATED VIEWPOINT PUBLISHED
[INFO] [1790277603.822676154] [sage_mission_manager]: VIEWPOINT ACCEPTED | position=(2.45, 9.00, -2.00) | distance_from_uav=3.02 m
[INFO] [1790277603.823473372] [sage_mission_manager]: VALIDATED VIEWPOINT PUBLISHED
[INFO] [1790277604.030817252] [sage_mission_manager]: VIEWPOINT ACCEPTED | position=(2.45, 9.00, -2.00) | distance_from_uav=2.63 m
[INFO] [1790277604.032022888] [sage_mission_manager]: VALIDATED VIEWPOINT PUBLISHED
[INFO] [1790277604.225137432] [sage_mission_manager]: VIEWPOINT ACCEPTED | position=(2.45, 9.00, -2.00) | distance_from_uav=2.24 m
[INFO] [1790277604.226818701] [sage_mission_manager]: VALIDATED VIEWPOINT PUBLISHED
[INFO] [1790277604.425058460] [sage_mission_manager]: VIEWPOINT ACCEPTED | position=(2.45, 9.00, -2.00) | distance_from_uav=1.83 m
[INFO] [1790277604.430967219] [sage_mission_manager]: VALIDATED VIEWPOINT PUBLISHED
[INFO] [1790277604.626691961] [sage_mission_manager]: VIEWPOINT ACCEPTED | position=(2.45, 9.00, -2.00) | distance_from_uav=1.47 m
[INFO] [1790277604.627458254] [sage_mission_manager]: VALIDATED VIEWPOINT PUBLISHED
[INFO] [1790277604.830808847] [sage_mission_manager]: VIEWPOINT ACCEPTED | position=(2.45, 9.00, -2.00) | distance_from_uav=1.13 m
[INFO] [1790277604.831492786] [sage_mission_manager]: VALIDATED VIEWPOINT PUBLISHED
[INFO] [1790277605.032982366] [sage_mission_manager]: VIEWPOINT ACCEPTED | position=(2.45, 9.00, -2.00) | distance_from_uav=0.87 m
[INFO] [1790277605.033719488] [sage_mission_manager]: VALIDATED VIEWPOINT PUBLISHED
[INFO] [1790277605.233356153] [sage_mission_manager]: VIEWPOINT ACCEPTED | position=(2.45, 9.00, -2.00) | distance_from_uav=0.63 m
[INFO] [1790277605.234151591] [sage_mission_manager]: VALIDATED VIEWPOINT PUBLISHED
[INFO] [1790277605.428961890] [sage_mission_manager]: VIEWPOINT ACCEPTED | position=(2.45, 9.00, -2.00) | distance_from_uav=0.41 m
[INFO] [1790277605.429697916] [sage_mission_manager]: VALIDATED VIEWPOINT PUBLISHED
[INFO] [1790277605.624373790] [sage_mission_manager]: VIEWPOINT ACCEPTED | position=(2.45, 9.00, -2.00) | distance_from_uav=0.28 m
[INFO] [1790277605.625050403] [sage_mission_manager]: VALIDATED VIEWPOINT PUBLISHED
[INFO] [1790277605.828059052] [sage_mission_manager]: VIEWPOINT ACCEPTED | position=(2.45, 9.00, -2.00) | distance_from_uav=0.16 m
[INFO] [1790277605.828623446] [sage_mission_manager]: VALIDATED VIEWPOINT PUBLISHED
[INFO] [1790277606.028059510] [sage_mission_manager]: VIEWPOINT ACCEPTED | position=(2.45, 9.00, -2.00) | distance_from_uav=0.08 m
[INFO] [1790277606.028704270] [sage_mission_manager]: VALIDATED VIEWPOINT PUBLISHED
[INFO] [1790277606.224278699] [sage_mission_manager]: VIEWPOINT ACCEPTED | position=(2.45, 9.00, -2.00) | distance_from_uav=0.04 m
[INFO] [1790277606.224848884] [sage_mission_manager]: VALIDATED VIEWPOINT PUBLISHED
[INFO] [1790277606.427571569] [sage_mission_manager]: VIEWPOINT ACCEPTED | position=(2.45, 9.00, -2.00) | distance_from_uav=0.05 m
[INFO] [1790277606.428097044] [sage_mission_manager]: VALIDATED VIEWPOINT PUBLISHED
[INFO] [1790277606.625025041] [sage_mission_manager]: VIEWPOINT ACCEPTED | position=(2.45, 9.00, -2.00) | distance_from_uav=0.07 m
[INFO] [1790277606.625572421] [sage_mission_manager]: VALIDATED VIEWPOINT PUBLISHED
[INFO] [1790277606.828652515] [sage_mission_manager]: VIEWPOINT ACCEPTED | position=(2.45, 9.00, -2.00) | distance_from_uav=0.09 m
[INFO] [1790277606.829203403] [sage_mission_manager]: VALIDATED VIEWPOINT PUBLISHED
[INFO] [1790277607.025578624] [sage_mission_manager]: VIEWPOINT ACCEPTED | position=(2.45, 9.00, -2.00) | distance_from_uav=0.09 m
[INFO] [1790277607.031314551] [sage_mission_manager]: VALIDATED VIEWPOINT PUBLISHED
[INFO] [1790277607.226825065] [sage_mission_manager]: VIEWPOINT ACCEPTED | position=(2.45, 9.00, -2.00) | distance_from_uav=0.09 m
[INFO] [1790277607.227683853] [sage_mission_manager]: VALIDATED VIEWPOINT PUBLISHED
[INFO] [1790277607.423157427] [sage_mission_manager]: VIEWPOINT ACCEPTED | position=(2.45, 9.00, -2.00) | distance_from_uav=0.10 m
[INFO] [1790277607.423697178] [sage_mission_manager]: VALIDATED VIEWPOINT PUBLISHED
[INFO] [1790277607.624800282] [sage_mission_manager]: VIEWPOINT ACCEPTED | position=(2.45, 9.00, -2.00) | distance_from_uav=0.11 m
[INFO] [1790277607.625459768] [sage_mission_manager]: VALIDATED VIEWPOINT PUBLISHED
[INFO] [1790277607.835472432] [sage_mission_manager]: VIEWPOINT ACCEPTED | position=(2.45, 9.00, -2.00) | distance_from_uav=0.11 m
[INFO] [1790277607.836438200] [sage_mission_manager]: VALIDATED VIEWPOINT PUBLISHED
[INFO] [1790277608.027764637] [sage_mission_manager]: VIEWPOINT ACCEPTED | position=(2.45, 9.00, -2.00) | distance_from_uav=0.11 m
[INFO] [1790277608.031587316] [sage_mission_manager]: VALIDATED VIEWPOINT PUBLISHED
[INFO] [1790277608.229431008] [sage_mission_manager]: VIEWPOINT ACCEPTED | position=(2.45, 9.00, -2.00) | distance_from_uav=0.11 m
[INFO] [1790277608.230412470] [sage_mission_manager]: VALIDATED VIEWPOINT PUBLISHED
[INFO] [1790277608.425885961] [sage_mission_manager]: VIEWPOINT ACCEPTED | position=(2.45, 9.00, -2.00) | distance_from_uav=0.10 m
[INFO] [1790277608.426695663] [sage_mission_manager]: VALIDATED VIEWPOINT PUBLISHED
[INFO] [1790277608.627487921] [sage_mission_manager]: VIEWPOINT ACCEPTED | position=(2.45, 9.00, -2.00) | distance_from_uav=0.10 m
[INFO] [1790277608.628463987] [sage_mission_manager]: VALIDATED VIEWPOINT PUBLISHED
[INFO] [1790277608.832331609] [sage_mission_manager]: VIEWPOINT ACCEPTED | position=(2.45, 9.00, -2.00) | distance_from_uav=0.11 m
[INFO] [1790277608.835871057] [sage_mission_manager]: VALIDATED VIEWPOINT PUBLISHED
[INFO] [1790277609.027867089] [sage_mission_manager]: VIEWPOINT ACCEPTED | position=(2.45, 9.00, -2.00) | distance_from_uav=0.11 m
[INFO] [1790277609.030347905] [sage_mission_manager]: VALIDATED VIEWPOINT PUBLISHED
[INFO] [1790277609.234901609] [sage_mission_manager]: VIEWPOINT ACCEPTED | position=(2.45, 9.00, -2.00) | distance_from_uav=0.11 m
[INFO] [1790277609.235661280] [sage_mission_manager]: VALIDATED VIEWPOINT PUBLISHED
[INFO] [1790277609.430546565] [sage_mission_manager]: VIEWPOINT ACCEPTED | position=(2.45, 9.00, -2.00) | distance_from_uav=0.12 m
[INFO] [1790277609.434873848] [sage_mission_manager]: VALIDATED VIEWPOINT PUBLISHED
[INFO] [1790277609.628937589] [sage_mission_manager]: VIEWPOINT ACCEPTED | position=(2.45, 9.00, -2.00) | distance_from_uav=0.12 m
[INFO] [1790277609.629688646] [sage_mission_manager]: VALIDATED VIEWPOINT PUBLISHED
[INFO] [1790277609.822778760] [sage_mission_manager]: VIEWPOINT ACCEPTED | position=(2.45, 9.00, -2.00) | distance_from_uav=0.12 m
[INFO] [1790277609.823393996] [sage_mission_manager]: VALIDATED VIEWPOINT PUBLISHED
[INFO] [1790277610.028611785] [sage_mission_manager]: VIEWPOINT ACCEPTED | position=(2.45, 9.00, -2.00) | distance_from_uav=0.13 m
[INFO] [1790277610.029556081] [sage_mission_manager]: VALIDATED VIEWPOINT PUBLISHED
[INFO] [1790277610.234013314] [sage_mission_manager]: VIEWPOINT ACCEPTED | position=(2.45, 9.00, -2.00) | distance_from_uav=0.13 m
[INFO] [1790277610.240360833] [sage_mission_manager]: VALIDATED VIEWPOINT PUBLISHED
[INFO] [1790277610.425057572] [sage_mission_manager]: VIEWPOINT ACCEPTED | position=(2.45, 9.00, -2.00) | distance_from_uav=0.13 m
[INFO] [1790277610.425663914] [sage_mission_manager]: VALIDATED VIEWPOINT PUBLISHED
[INFO] [1790277610.622549955] [sage_mission_manager]: VIEWPOINT ACCEPTED | position=(2.45, 9.00, -2.00) | distance_from_uav=0.13 m
[INFO] [1790277610.623292085] [sage_mission_manager]: VALIDATED VIEWPOINT PUBLISHED
[INFO] [1790277610.826732728] [sage_mission_manager]: VIEWPOINT ACCEPTED | position=(2.45, 9.00, -2.00) | distance_from_uav=0.12 m
[INFO] [1790277610.827448093] [sage_mission_manager]: VALIDATED VIEWPOINT PUBLISHED
[INFO] [1790277611.023822209] [sage_mission_manager]: VIEWPOINT ACCEPTED | position=(2.45, 9.00, -2.00) | distance_from_uav=0.12 m
[INFO] [1790277611.024508297] [sage_mission_manager]: VALIDATED VIEWPOINT PUBLISHED
[INFO] [1790277611.232438655] [sage_mission_manager]: VIEWPOINT ACCEPTED | position=(2.45, 9.00, -2.00) | distance_from_uav=0.12 m
[INFO] [1790277611.237435841] [sage_mission_manager]: VALIDATED VIEWPOINT PUBLISHED
[INFO] [1790277611.423772492] [sage_mission_manager]: VIEWPOINT ACCEPTED | position=(2.45, 9.00, -2.00) | distance_from_uav=0.11 m
[INFO] [1790277611.424500461] [sage_mission_manager]: VALIDATED VIEWPOINT PUBLISHED
[INFO] [1790277611.623412400] [sage_mission_manager]: VIEWPOINT ACCEPTED | position=(2.45, 9.00, -2.00) | distance_from_uav=0.11 m
[INFO] [1790277611.624284599] [sage_mission_manager]: VALIDATED VIEWPOINT PUBLISHED
[INFO] [1790277611.824620480] [sage_mission_manager]: VIEWPOINT ACCEPTED | position=(2.45, 9.00, -2.00) | distance_from_uav=0.10 m
[INFO] [1790277611.825292412] [sage_mission_manager]: VALIDATED VIEWPOINT PUBLISHED
[INFO] [1790277612.024439290] [sage_mission_manager]: VIEWPOINT ACCEPTED | position=(2.45, 9.00, -2.00) | distance_from_uav=0.10 m
[INFO] [1790277612.025972093] [sage_mission_manager]: VALIDATED VIEWPOINT PUBLISHED
[INFO] [1790277612.224878314] [sage_mission_manager]: VIEWPOINT ACCEPTED | position=(2.45, 9.00, -2.00) | distance_from_uav=0.10 m
[INFO] [1790277612.225623821] [sage_mission_manager]: VALIDATED VIEWPOINT PUBLISHED
[INFO] [1790277612.431583051] [sage_mission_manager]: VIEWPOINT ACCEPTED | position=(2.45, 9.00, -2.00) | distance_from_uav=0.10 m
[INFO] [1790277612.432261290] [sage_mission_manager]: VALIDATED VIEWPOINT PUBLISHED
[INFO] [1790277612.626006961] [sage_mission_manager]: VIEWPOINT ACCEPTED | position=(2.45, 9.00, -2.00) | distance_from_uav=0.09 m
[INFO] [1790277612.627339914] [sage_mission_manager]: VALIDATED VIEWPOINT PUBLISHED
[INFO] [1790277612.825194155] [sage_mission_manager]: VIEWPOINT ACCEPTED | position=(2.45, 9.00, -2.00) | distance_from_uav=0.09 m
[INFO] [1790277612.825855179] [sage_mission_manager]: VALIDATED VIEWPOINT PUBLISHED
[INFO] [1790277613.024666476] [sage_mission_manager]: VIEWPOINT ACCEPTED | position=(2.45, 9.00, -2.00) | distance_from_uav=0.09 m
[INFO] [1790277613.025332581] [sage_mission_manager]: VALIDATED VIEWPOINT PUBLISHED
[INFO] [1790277613.226393183] [sage_mission_manager]: VIEWPOINT ACCEPTED | position=(2.45, 9.00, -2.00) | distance_from_uav=0.08 m
[INFO] [1790277613.226971189] [sage_mission_manager]: VALIDATED VIEWPOINT PUBLISHED
[INFO] [1790277613.429837786] [sage_mission_manager]: VIEWPOINT ACCEPTED | position=(2.45, 9.00, -2.00) | distance_from_uav=0.07 m
[INFO] [1790277613.430686163] [sage_mission_manager]: VALIDATED VIEWPOINT PUBLISHED
[INFO] [1790277613.625094367] [sage_mission_manager]: VIEWPOINT ACCEPTED | position=(2.45, 9.00, -2.00) | distance_from_uav=0.06 m
[INFO] [1790277613.625870035] [sage_mission_manager]: VALIDATED VIEWPOINT PUBLISHED
[INFO] [1790277613.826058395] [sage_mission_manager]: VIEWPOINT ACCEPTED | position=(2.45, 9.00, -2.00) | distance_from_uav=0.06 m
[INFO] [1790277613.826683868] [sage_mission_manager]: VALIDATED VIEWPOINT PUBLISHED
[INFO] [1790277614.024871591] [sage_mission_manager]: VIEWPOINT ACCEPTED | position=(2.43, 9.70, -2.00) | distance_from_uav=0.66 m
[INFO] [1790277614.025459045] [sage_mission_manager]: VALIDATED VIEWPOINT PUBLISHED
[INFO] [1790277614.233210991] [sage_mission_manager]: VIEWPOINT ACCEPTED | position=(2.41, 10.40, -2.00) | distance_from_uav=1.36 m
[INFO] [1790277614.234091788] [sage_mission_manager]: VALIDATED VIEWPOINT PUBLISHED
[INFO] [1790277614.424432431] [sage_mission_manager]: VIEWPOINT ACCEPTED | position=(2.40, 10.60, -2.00) | distance_from_uav=1.55 m
[INFO] [1790277614.428778430] [sage_mission_manager]: VALIDATED VIEWPOINT PUBLISHED
[INFO] [1790277614.637211630] [sage_mission_manager]: VIEWPOINT ACCEPTED | position=(3.10, 10.60, -2.00) | distance_from_uav=1.62 m
[INFO] [1790277614.637762932] [sage_mission_manager]: VALIDATED VIEWPOINT PUBLISHED
[INFO] [1790277614.830292104] [sage_mission_manager]: VIEWPOINT ACCEPTED | position=(3.80, 10.60, -2.00) | distance_from_uav=1.93 m
[INFO] [1790277614.831346099] [sage_mission_manager]: VALIDATED VIEWPOINT PUBLISHED
[INFO] [1790277615.034052497] [sage_mission_manager]: VIEWPOINT ACCEPTED | position=(4.50, 10.60, -2.00) | distance_from_uav=2.38 m
[INFO] [1790277615.035157390] [sage_mission_manager]: VALIDATED VIEWPOINT PUBLISHED
[INFO] [1790277615.230912141] [sage_mission_manager]: VIEWPOINT ACCEPTED | position=(5.20, 10.60, -2.00) | distance_from_uav=2.91 m
[INFO] [1790277615.231689212] [sage_mission_manager]: VALIDATED VIEWPOINT PUBLISHED
[INFO] [1790277615.427361130] [sage_mission_manager]: VIEWPOINT ACCEPTED | position=(5.90, 10.60, -2.00) | distance_from_uav=3.41 m
[INFO] [1790277615.431270180] [sage_mission_manager]: VALIDATED VIEWPOINT PUBLISHED
[INFO] [1790277615.630843115] [sage_mission_manager]: VIEWPOINT ACCEPTED | position=(5.90, 10.60, -2.00) | distance_from_uav=3.20 m
[INFO] [1790277615.635586318] [sage_mission_manager]: VALIDATED VIEWPOINT PUBLISHED
[INFO] [1790277615.827256572] [sage_mission_manager]: VIEWPOINT ACCEPTED | position=(6.60, 10.60, -2.00) | distance_from_uav=3.59 m
[INFO] [1790277615.830181370] [sage_mission_manager]: VALIDATED VIEWPOINT PUBLISHED
[INFO] [1790277616.026611023] [sage_mission_manager]: VIEWPOINT ACCEPTED | position=(6.60, 10.60, -2.00) | distance_from_uav=3.24 m
[INFO] [1790277616.029158268] [sage_mission_manager]: VALIDATED VIEWPOINT PUBLISHED
[INFO] [1790277616.227092562] [sage_mission_manager]: VIEWPOINT ACCEPTED | position=(7.30, 10.60, -2.00) | distance_from_uav=3.56 m
[INFO] [1790277616.229447781] [sage_mission_manager]: VALIDATED VIEWPOINT PUBLISHED
[INFO] [1790277616.435379371] [sage_mission_manager]: VIEWPOINT ACCEPTED | position=(7.30, 10.60, -2.00) | distance_from_uav=3.14 m
[INFO] [1790277616.435971148] [sage_mission_manager]: VALIDATED VIEWPOINT PUBLISHED
[INFO] [1790277616.627717846] [sage_mission_manager]: VIEWPOINT ACCEPTED | position=(8.00, 10.60, -2.00) | distance_from_uav=3.43 m
[INFO] [1790277616.637760279] [sage_mission_manager]: VALIDATED VIEWPOINT PUBLISHED
[INFO] [1790277616.828315387] [sage_mission_manager]: VIEWPOINT ACCEPTED | position=(8.70, 10.60, -2.00) | distance_from_uav=3.70 m
[INFO] [1790277616.831023291] [sage_mission_manager]: VALIDATED VIEWPOINT PUBLISHED
[INFO] [1790277617.025395630] [sage_mission_manager]: VIEWPOINT ACCEPTED | position=(8.70, 10.60, -2.00) | distance_from_uav=3.34 m
[INFO] [1790277617.026009426] [sage_mission_manager]: VALIDATED VIEWPOINT PUBLISHED
[INFO] [1790277617.227730753] [sage_mission_manager]: VIEWPOINT ACCEPTED | position=(9.40, 10.60, -2.00) | distance_from_uav=3.54 m
[INFO] [1790277617.230427720] [sage_mission_manager]: VALIDATED VIEWPOINT PUBLISHED
[INFO] [1790277617.435941788] [sage_mission_manager]: VIEWPOINT ACCEPTED | position=(9.40, 10.60, -2.00) | distance_from_uav=3.20 m
[INFO] [1790277617.436677348] [sage_mission_manager]: VALIDATED VIEWPOINT PUBLISHED
[INFO] [1790277617.625288153] [sage_mission_manager]: VIEWPOINT ACCEPTED | position=(9.60, 10.60, -2.00) | distance_from_uav=2.96 m
[INFO] [1790277617.626033524] [sage_mission_manager]: VALIDATED VIEWPOINT PUBLISHED
[INFO] [1790277617.825584635] [sage_mission_manager]: VIEWPOINT ACCEPTED | position=(9.58, 9.90, -2.00) | distance_from_uav=2.64 m
[INFO] [1790277617.826276278] [sage_mission_manager]: VALIDATED VIEWPOINT PUBLISHED
[INFO] [1790277618.037344827] [sage_mission_manager]: VIEWPOINT ACCEPTED | position=(9.56, 9.20, -2.00) | distance_from_uav=2.52 m
[INFO] [1790277618.040485738] [sage_mission_manager]: VALIDATED VIEWPOINT PUBLISHED
[INFO] [1790277618.230627282] [sage_mission_manager]: VIEWPOINT ACCEPTED | position=(9.55, 9.00, -2.00) | distance_from_uav=2.36 m
[INFO] [1790277618.234812036] [sage_mission_manager]: VALIDATED VIEWPOINT PUBLISHED
[INFO] [1790277618.425304229] [sage_mission_manager]: VIEWPOINT ACCEPTED | position=(9.55, 9.00, -2.00) | distance_from_uav=2.09 m
[INFO] [1790277618.427580834] [sage_mission_manager]: VALIDATED VIEWPOINT PUBLISHED
[INFO] [1790277618.625301364] [sage_mission_manager]: VIEWPOINT ACCEPTED | position=(9.55, 9.00, -2.00) | distance_from_uav=1.83 m
[INFO] [1790277618.625897999] [sage_mission_manager]: VALIDATED VIEWPOINT PUBLISHED
[INFO] [1790277618.824144300] [sage_mission_manager]: VIEWPOINT ACCEPTED | position=(9.55, 9.00, -2.00) | distance_from_uav=1.57 m
[INFO] [1790277618.824696577] [sage_mission_manager]: VALIDATED VIEWPOINT PUBLISHED
[INFO] [1790277619.030328122] [sage_mission_manager]: VIEWPOINT ACCEPTED | position=(9.55, 9.00, -2.00) | distance_from_uav=1.33 m
[INFO] [1790277619.030975023] [sage_mission_manager]: VALIDATED VIEWPOINT PUBLISHED
[INFO] [1790277619.236529053] [sage_mission_manager]: VIEWPOINT ACCEPTED | position=(9.55, 9.00, -2.00) | distance_from_uav=1.15 m
[INFO] [1790277619.245525033] [sage_mission_manager]: VALIDATED VIEWPOINT PUBLISHED
[INFO] [1790277619.427143754] [sage_mission_manager]: VIEWPOINT ACCEPTED | position=(9.55, 9.00, -2.00) | distance_from_uav=1.00 m
[INFO] [1790277619.428591244] [sage_mission_manager]: VALIDATED VIEWPOINT PUBLISHED
[INFO] [1790277619.630960413] [sage_mission_manager]: VIEWPOINT ACCEPTED | position=(9.55, 9.00, -2.00) | distance_from_uav=0.80 m
[INFO] [1790277619.637179959] [sage_mission_manager]: VALIDATED VIEWPOINT PUBLISHED
[INFO] [1790277619.823896242] [sage_mission_manager]: VIEWPOINT ACCEPTED | position=(9.55, 9.00, -2.00) | distance_from_uav=0.67 m
[INFO] [1790277619.824838093] [sage_mission_manager]: VALIDATED VIEWPOINT PUBLISHED
[INFO] [1790277620.025202111] [sage_mission_manager]: VIEWPOINT ACCEPTED | position=(9.55, 9.00, -2.00) | distance_from_uav=0.55 m
[INFO] [1790277620.030716832] [sage_mission_manager]: VALIDATED VIEWPOINT PUBLISHED
[INFO] [1790277620.228579951] [sage_mission_manager]: VIEWPOINT ACCEPTED | position=(9.55, 9.00, -2.00) | distance_from_uav=0.46 m
[INFO] [1790277620.229245929] [sage_mission_manager]: VALIDATED VIEWPOINT PUBLISHED
[INFO] [1790277620.430227347] [sage_mission_manager]: VIEWPOINT ACCEPTED | position=(9.55, 9.00, -2.00) | distance_from_uav=0.40 m
[INFO] [1790277620.434199896] [sage_mission_manager]: VALIDATED VIEWPOINT PUBLISHED
[INFO] [1790277620.624638143] [sage_mission_manager]: VIEWPOINT ACCEPTED | position=(9.55, 9.00, -2.00) | distance_from_uav=0.35 m
[INFO] [1790277620.625386563] [sage_mission_manager]: VALIDATED VIEWPOINT PUBLISHED
[INFO] [1790277620.822727089] [sage_mission_manager]: VIEWPOINT ACCEPTED | position=(9.55, 9.00, -2.00) | distance_from_uav=0.31 m
[INFO] [1790277620.823441240] [sage_mission_manager]: VALIDATED VIEWPOINT PUBLISHED
[INFO] [1790277621.036968577] [sage_mission_manager]: VIEWPOINT ACCEPTED | position=(9.55, 9.00, -2.00) | distance_from_uav=0.28 m
[INFO] [1790277621.038273979] [sage_mission_manager]: VALIDATED VIEWPOINT PUBLISHED
[INFO] [1790277621.225621576] [sage_mission_manager]: VIEWPOINT ACCEPTED | position=(9.55, 9.00, -2.00) | distance_from_uav=0.26 m
[INFO] [1790277621.226238977] [sage_mission_manager]: VALIDATED VIEWPOINT PUBLISHED
[INFO] [1790277621.425440781] [sage_mission_manager]: VIEWPOINT ACCEPTED | position=(9.55, 9.00, -2.00) | distance_from_uav=0.24 m
[INFO] [1790277621.426016353] [sage_mission_manager]: VALIDATED VIEWPOINT PUBLISHED
[INFO] [1790277621.624255401] [sage_mission_manager]: VIEWPOINT ACCEPTED | position=(9.55, 9.00, -2.00) | distance_from_uav=0.23 m
[INFO] [1790277621.624866472] [sage_mission_manager]: VALIDATED VIEWPOINT PUBLISHED
[INFO] [1790277621.829240410] [sage_mission_manager]: VIEWPOINT ACCEPTED | position=(9.55, 9.00, -2.00) | distance_from_uav=0.22 m
[INFO] [1790277621.830301565] [sage_mission_manager]: VALIDATED VIEWPOINT PUBLISHED
[INFO] [1790277622.026424108] [sage_mission_manager]: VIEWPOINT ACCEPTED | position=(9.55, 9.00, -2.00) | distance_from_uav=0.21 m
[INFO] [1790277622.030785948] [sage_mission_manager]: VALIDATED VIEWPOINT PUBLISHED
[INFO] [1790277622.231796652] [sage_mission_manager]: VIEWPOINT ACCEPTED | position=(9.55, 9.00, -2.00) | distance_from_uav=0.21 m
[INFO] [1790277622.232511942] [sage_mission_manager]: VALIDATED VIEWPOINT PUBLISHED
[INFO] [1790277622.424477643] [sage_mission_manager]: VIEWPOINT ACCEPTED | position=(9.55, 9.00, -2.00) | distance_from_uav=0.20 m
[INFO] [1790277622.426915002] [sage_mission_manager]: VALIDATED VIEWPOINT PUBLISHED
[INFO] [1790277622.637316442] [sage_mission_manager]: VIEWPOINT ACCEPTED | position=(9.55, 9.00, -2.00) | distance_from_uav=0.19 m
[INFO] [1790277622.638003150] [sage_mission_manager]: VALIDATED VIEWPOINT PUBLISHED
[INFO] [1790277622.827324465] [sage_mission_manager]: VIEWPOINT ACCEPTED | position=(9.55, 9.00, -2.00) | distance_from_uav=0.18 m
[INFO] [1790277622.830732933] [sage_mission_manager]: VALIDATED VIEWPOINT PUBLISHED
[INFO] [1790277623.031954406] [sage_mission_manager]: VIEWPOINT ACCEPTED | position=(9.55, 9.00, -2.00) | distance_from_uav=0.17 m
[INFO] [1790277623.032633692] [sage_mission_manager]: VALIDATED VIEWPOINT PUBLISHED
[INFO] [1790277623.223484333] [sage_mission_manager]: VIEWPOINT ACCEPTED | position=(9.55, 9.00, -2.00) | distance_from_uav=0.17 m
[INFO] [1790277623.224670338] [sage_mission_manager]: VALIDATED VIEWPOINT PUBLISHED
[INFO] [1790277623.435683741] [sage_mission_manager]: VIEWPOINT ACCEPTED | position=(9.55, 9.00, -2.00) | distance_from_uav=0.16 m
[INFO] [1790277623.437314725] [sage_mission_manager]: VALIDATED VIEWPOINT PUBLISHED
[INFO] [1790277623.625551909] [sage_mission_manager]: VIEWPOINT ACCEPTED | position=(9.55, 9.00, -2.00) | distance_from_uav=0.16 m
[INFO] [1790277623.626163828] [sage_mission_manager]: VALIDATED VIEWPOINT PUBLISHED
[INFO] [1790277623.825304002] [sage_mission_manager]: VIEWPOINT ACCEPTED | position=(9.55, 9.00, -2.00) | distance_from_uav=0.15 m
[INFO] [1790277623.826230491] [sage_mission_manager]: VALIDATED VIEWPOINT PUBLISHED
[INFO] [1790277624.031535434] [sage_mission_manager]: VIEWPOINT ACCEPTED | position=(9.55, 9.00, -2.00) | distance_from_uav=0.15 m
[INFO] [1790277624.032412193] [sage_mission_manager]: VALIDATED VIEWPOINT PUBLISHED
[INFO] [1790277624.236868276] [sage_mission_manager]: VIEWPOINT ACCEPTED | position=(9.55, 9.00, -2.00) | distance_from_uav=0.15 m
[INFO] [1790277624.237639986] [sage_mission_manager]: VALIDATED VIEWPOINT PUBLISHED
[INFO] [1790277624.438216023] [sage_mission_manager]: VIEWPOINT ACCEPTED | position=(9.55, 9.00, -2.00) | distance_from_uav=0.16 m
[INFO] [1790277624.443345850] [sage_mission_manager]: VALIDATED VIEWPOINT PUBLISHED
[INFO] [1790277624.625263737] [sage_mission_manager]: VIEWPOINT ACCEPTED | position=(9.55, 9.00, -2.00) | distance_from_uav=0.16 m
[INFO] [1790277624.626162419] [sage_mission_manager]: VALIDATED VIEWPOINT PUBLISHED
[INFO] [1790277624.837453556] [sage_mission_manager]: VIEWPOINT ACCEPTED | position=(9.55, 9.00, -2.00) | distance_from_uav=0.16 m
[INFO] [1790277624.843013287] [sage_mission_manager]: VALIDATED VIEWPOINT PUBLISHED
[INFO] [1790277625.024987928] [sage_mission_manager]: VIEWPOINT ACCEPTED | position=(9.55, 9.00, -2.00) | distance_from_uav=0.15 m
[INFO] [1790277625.025864486] [sage_mission_manager]: VALIDATED VIEWPOINT PUBLISHED
[INFO] [1790277625.228075970] [sage_mission_manager]: VIEWPOINT ACCEPTED | position=(9.55, 9.00, -2.00) | distance_from_uav=0.15 m
[INFO] [1790277625.228865431] [sage_mission_manager]: VALIDATED VIEWPOINT PUBLISHED
[INFO] [1790277625.426566722] [sage_mission_manager]: VIEWPOINT ACCEPTED | position=(9.55, 9.00, -2.00) | distance_from_uav=0.14 m
[INFO] [1790277625.427478129] [sage_mission_manager]: VALIDATED VIEWPOINT PUBLISHED
[INFO] [1790277625.622807157] [sage_mission_manager]: VIEWPOINT ACCEPTED | position=(9.55, 9.00, -2.00) | distance_from_uav=0.13 m
[INFO] [1790277625.623424267] [sage_mission_manager]: VALIDATED VIEWPOINT PUBLISHED
[INFO] [1790277625.823289808] [sage_mission_manager]: VIEWPOINT ACCEPTED | position=(9.55, 9.00, -2.00) | distance_from_uav=0.13 m
[INFO] [1790277625.823944803] [sage_mission_manager]: VALIDATED VIEWPOINT PUBLISHED
[INFO] [1790277626.023588522] [sage_mission_manager]: VIEWPOINT ACCEPTED | position=(9.55, 9.00, -2.00) | distance_from_uav=0.12 m
[INFO] [1790277626.024729442] [sage_mission_manager]: VALIDATED VIEWPOINT PUBLISHED
[INFO] [1790277626.225726602] [sage_mission_manager]: VIEWPOINT ACCEPTED | position=(9.55, 9.00, -2.00) | distance_from_uav=0.12 m
[INFO] [1790277626.226297341] [sage_mission_manager]: VALIDATED VIEWPOINT PUBLISHED
[INFO] [1790277626.428838703] [sage_mission_manager]: VIEWPOINT ACCEPTED | position=(9.55, 9.00, -2.00) | distance_from_uav=0.12 m
[INFO] [1790277626.429815857] [sage_mission_manager]: VALIDATED VIEWPOINT PUBLISHED
[INFO] [1790277626.625503631] [sage_mission_manager]: VIEWPOINT ACCEPTED | position=(9.55, 9.00, -2.00) | distance_from_uav=0.12 m
[INFO] [1790277626.628613346] [sage_mission_manager]: VALIDATED VIEWPOINT PUBLISHED
[INFO] [1790277626.822785127] [sage_mission_manager]: VIEWPOINT ACCEPTED | position=(9.55, 9.00, -2.00) | distance_from_uav=0.12 m
[INFO] [1790277626.823333500] [sage_mission_manager]: VALIDATED VIEWPOINT PUBLISHED
[INFO] [1790277627.024571030] [sage_mission_manager]: VIEWPOINT ACCEPTED | position=(9.55, 9.00, -2.00) | distance_from_uav=0.12 m
[INFO] [1790277627.025132452] [sage_mission_manager]: VALIDATED VIEWPOINT PUBLISHED
[INFO] [1790277627.234042609] [sage_mission_manager]: VIEWPOINT ACCEPTED | position=(9.55, 9.00, -2.00) | distance_from_uav=0.13 m
[INFO] [1790277627.234776837] [sage_mission_manager]: VALIDATED VIEWPOINT PUBLISHED
[INFO] [1790277627.431767734] [sage_mission_manager]: VIEWPOINT ACCEPTED | position=(9.55, 9.00, -2.00) | distance_from_uav=0.13 m
[INFO] [1790277627.437086963] [sage_mission_manager]: VALIDATED VIEWPOINT PUBLISHED
[INFO] [1790277627.632633637] [sage_mission_manager]: VIEWPOINT ACCEPTED | position=(9.55, 9.00, -2.00) | distance_from_uav=0.13 m
[INFO] [1790277627.633489426] [sage_mission_manager]: VALIDATED VIEWPOINT PUBLISHED
[INFO] [1790277627.827716788] [sage_mission_manager]: VIEWPOINT ACCEPTED | position=(9.55, 9.00, -2.00) | distance_from_uav=0.13 m
[INFO] [1790277627.830222131] [sage_mission_manager]: VALIDATED VIEWPOINT PUBLISHED
[INFO] [1790277628.027277849] [sage_mission_manager]: VIEWPOINT ACCEPTED | position=(9.55, 9.00, -2.00) | distance_from_uav=0.13 m
[INFO] [1790277628.031192826] [sage_mission_manager]: VALIDATED VIEWPOINT PUBLISHED
[INFO] [1790277628.222475102] [sage_mission_manager]: VIEWPOINT ACCEPTED | position=(9.55, 9.00, -2.00) | distance_from_uav=0.13 m
[INFO] [1790277628.223070013] [sage_mission_manager]: VALIDATED VIEWPOINT PUBLISHED
[INFO] [1790277628.422545552] [sage_mission_manager]: VIEWPOINT ACCEPTED | position=(9.55, 9.00, -2.00) | distance_from_uav=0.13 m
[INFO] [1790277628.423087960] [sage_mission_manager]: VALIDATED VIEWPOINT PUBLISHED
[INFO] [1790277628.629543696] [sage_mission_manager]: VIEWPOINT ACCEPTED | position=(9.55, 9.00, -2.00) | distance_from_uav=0.12 m
[INFO] [1790277628.630234289] [sage_mission_manager]: VALIDATED VIEWPOINT PUBLISHED
[INFO] [1790277628.823513103] [sage_mission_manager]: VIEWPOINT ACCEPTED | position=(9.55, 8.30, -2.00) | distance_from_uav=0.58 m
[INFO] [1790277628.826883277] [sage_mission_manager]: VALIDATED VIEWPOINT PUBLISHED
[INFO] [1790277629.036250486] [sage_mission_manager]: VIEWPOINT ACCEPTED | position=(9.55, 7.60, -2.00) | distance_from_uav=1.29 m
[INFO] [1790277629.039005031] [sage_mission_manager]: VALIDATED VIEWPOINT PUBLISHED
[INFO] [1790277629.226242037] [sage_mission_manager]: VIEWPOINT ACCEPTED | position=(9.55, 6.90, -2.00) | distance_from_uav=1.99 m
[INFO] [1790277629.227042124] [sage_mission_manager]: VALIDATED VIEWPOINT PUBLISHED
[INFO] [1790277629.429987983] [sage_mission_manager]: VIEWPOINT ACCEPTED | position=(9.55, 6.20, -2.00) | distance_from_uav=2.66 m
[INFO] [1790277629.435727722] [sage_mission_manager]: VALIDATED VIEWPOINT PUBLISHED
[INFO] [1790277629.625036420] [sage_mission_manager]: VIEWPOINT ACCEPTED | position=(9.55, 5.50, -2.00) | distance_from_uav=3.27 m
[INFO] [1790277629.627652328] [sage_mission_manager]: VALIDATED VIEWPOINT PUBLISHED
[INFO] [1790277629.826150307] [sage_mission_manager]: VIEWPOINT ACCEPTED | position=(9.55, 5.50, -2.00) | distance_from_uav=3.12 m
[INFO] [1790277629.826849380] [sage_mission_manager]: VALIDATED VIEWPOINT PUBLISHED
[INFO] [1790277630.026357471] [sage_mission_manager]: VIEWPOINT ACCEPTED | position=(9.55, 4.80, -2.00) | distance_from_uav=3.54 m
[INFO] [1790277630.030341141] [sage_mission_manager]: VALIDATED VIEWPOINT PUBLISHED
[INFO] [1790277630.223076142] [sage_mission_manager]: VIEWPOINT ACCEPTED | position=(9.55, 4.80, -2.00) | distance_from_uav=3.24 m
[INFO] [1790277630.223663179] [sage_mission_manager]: VALIDATED VIEWPOINT PUBLISHED
[INFO] [1790277630.425710607] [sage_mission_manager]: VIEWPOINT ACCEPTED | position=(9.55, 4.10, -2.00) | distance_from_uav=3.63 m
[INFO] [1790277630.426454173] [sage_mission_manager]: VALIDATED VIEWPOINT PUBLISHED
[INFO] [1790277630.632478648] [sage_mission_manager]: VIEWPOINT ACCEPTED | position=(9.55, 4.10, -2.00) | distance_from_uav=3.19 m
[INFO] [1790277630.639529944] [sage_mission_manager]: VALIDATED VIEWPOINT PUBLISHED
[INFO] [1790277630.824575512] [sage_mission_manager]: VIEWPOINT ACCEPTED | position=(9.55, 3.40, -2.00) | distance_from_uav=3.47 m
[INFO] [1790277630.825146908] [sage_mission_manager]: VALIDATED VIEWPOINT PUBLISHED
[INFO] [1790277631.023921757] [sage_mission_manager]: VIEWPOINT ACCEPTED | position=(9.55, 3.40, -2.00) | distance_from_uav=3.09 m
[INFO] [1790277631.024673809] [sage_mission_manager]: VALIDATED VIEWPOINT PUBLISHED
[INFO] [1790277631.225188502] [sage_mission_manager]: VIEWPOINT ACCEPTED | position=(9.55, 3.00, -2.00) | distance_from_uav=3.10 m
[INFO] [1790277631.227401649] [sage_mission_manager]: VALIDATED VIEWPOINT PUBLISHED
[INFO] [1790277631.425337938] [sage_mission_manager]: VIEWPOINT ACCEPTED | position=(9.55, 3.00, -2.00) | distance_from_uav=2.65 m
[INFO] [1790277631.426544689] [sage_mission_manager]: VALIDATED VIEWPOINT PUBLISHED
[INFO] [1790277631.630102856] [sage_mission_manager]: VIEWPOINT ACCEPTED | position=(9.55, 3.00, -2.00) | distance_from_uav=2.25 m
[INFO] [1790277631.630751227] [sage_mission_manager]: VALIDATED VIEWPOINT PUBLISHED
[INFO] [1790277631.835620909] [sage_mission_manager]: VIEWPOINT ACCEPTED | position=(9.55, 3.00, -2.00) | distance_from_uav=1.83 m
[INFO] [1790277631.836435234] [sage_mission_manager]: VALIDATED VIEWPOINT PUBLISHED
[INFO] [1790277632.026246098] [sage_mission_manager]: VIEWPOINT ACCEPTED | position=(9.55, 3.00, -2.00) | distance_from_uav=1.46 m
[INFO] [1790277632.026827420] [sage_mission_manager]: VALIDATED VIEWPOINT PUBLISHED
[INFO] [1790277632.234688752] [sage_mission_manager]: VIEWPOINT ACCEPTED | position=(9.55, 3.00, -2.00) | distance_from_uav=1.16 m
[INFO] [1790277632.235449706] [sage_mission_manager]: VALIDATED VIEWPOINT PUBLISHED
[INFO] [1790277632.430839737] [sage_mission_manager]: VIEWPOINT ACCEPTED | position=(9.55, 3.00, -2.00) | distance_from_uav=0.87 m
[INFO] [1790277632.431379648] [sage_mission_manager]: VALIDATED VIEWPOINT PUBLISHED
[INFO] [1790277632.623676461] [sage_mission_manager]: VIEWPOINT ACCEPTED | position=(9.55, 3.00, -2.00) | distance_from_uav=0.64 m
[INFO] [1790277632.624445315] [sage_mission_manager]: VALIDATED VIEWPOINT PUBLISHED
[INFO] [1790277632.824763624] [sage_mission_manager]: VIEWPOINT ACCEPTED | position=(9.55, 3.00, -2.00) | distance_from_uav=0.42 m
[INFO] [1790277632.826044342] [sage_mission_manager]: VALIDATED VIEWPOINT PUBLISHED
[INFO] [1790277633.029570001] [sage_mission_manager]: VIEWPOINT ACCEPTED | position=(9.55, 3.00, -2.00) | distance_from_uav=0.25 m
[INFO] [1790277633.030884713] [sage_mission_manager]: VALIDATED VIEWPOINT PUBLISHED
[INFO] [1790277633.227246839] [sage_mission_manager]: VIEWPOINT ACCEPTED | position=(9.55, 3.00, -2.00) | distance_from_uav=0.13 m
[INFO] [1790277633.230291731] [sage_mission_manager]: VALIDATED VIEWPOINT PUBLISHED
[INFO] [1790277633.433406141] [sage_mission_manager]: VIEWPOINT ACCEPTED | position=(9.55, 3.00, -2.00) | distance_from_uav=0.02 m
[INFO] [1790277633.433954608] [sage_mission_manager]: VALIDATED VIEWPOINT PUBLISHED
[INFO] [1790277633.624671264] [sage_mission_manager]: VIEWPOINT ACCEPTED | position=(9.55, 3.00, -2.00) | distance_from_uav=0.05 m
[INFO] [1790277633.625515064] [sage_mission_manager]: VALIDATED VIEWPOINT PUBLISHED
[INFO] [1790277633.827705638] [sage_mission_manager]: VIEWPOINT ACCEPTED | position=(9.55, 3.00, -2.00) | distance_from_uav=0.10 m
[INFO] [1790277633.828396773] [sage_mission_manager]: VALIDATED VIEWPOINT PUBLISHED
[INFO] [1790277634.026374468] [sage_mission_manager]: VIEWPOINT ACCEPTED | position=(9.55, 3.00, -2.00) | distance_from_uav=0.12 m
[INFO] [1790277634.026997809] [sage_mission_manager]: VALIDATED VIEWPOINT PUBLISHED
[INFO] [1790277634.225375065] [sage_mission_manager]: VIEWPOINT ACCEPTED | position=(9.55, 3.00, -2.00) | distance_from_uav=0.13 m
[INFO] [1790277634.225968672] [sage_mission_manager]: VALIDATED VIEWPOINT PUBLISHED
[INFO] [1790277634.440227875] [sage_mission_manager]: VIEWPOINT ACCEPTED | position=(9.55, 3.00, -2.00) | distance_from_uav=0.14 m
[INFO] [1790277634.440828714] [sage_mission_manager]: VALIDATED VIEWPOINT PUBLISHED
[INFO] [1790277634.633569748] [sage_mission_manager]: VIEWPOINT ACCEPTED | position=(9.55, 3.00, -2.00) | distance_from_uav=0.14 m
[INFO] [1790277634.634330993] [sage_mission_manager]: VALIDATED VIEWPOINT PUBLISHED
[INFO] [1790277634.826746964] [sage_mission_manager]: VIEWPOINT ACCEPTED | position=(9.55, 3.00, -2.00) | distance_from_uav=0.13 m
[INFO] [1790277634.828457847] [sage_mission_manager]: VALIDATED VIEWPOINT PUBLISHED
[INFO] [1790277635.026882249] [sage_mission_manager]: VIEWPOINT ACCEPTED | position=(9.55, 3.00, -2.00) | distance_from_uav=0.12 m
[INFO] [1790277635.027642470] [sage_mission_manager]: VALIDATED VIEWPOINT PUBLISHED
[INFO] [1790277635.232516016] [sage_mission_manager]: VIEWPOINT ACCEPTED | position=(9.55, 3.00, -2.00) | distance_from_uav=0.12 m
[INFO] [1790277635.233294108] [sage_mission_manager]: VALIDATED VIEWPOINT PUBLISHED
[INFO] [1790277635.427381644] [sage_mission_manager]: VIEWPOINT ACCEPTED | position=(9.55, 3.00, -2.00) | distance_from_uav=0.11 m
[INFO] [1790277635.427961347] [sage_mission_manager]: VALIDATED VIEWPOINT PUBLISHED
[INFO] [1790277635.626426026] [sage_mission_manager]: VIEWPOINT ACCEPTED | position=(9.55, 3.00, -2.00) | distance_from_uav=0.11 m
[INFO] [1790277635.629012905] [sage_mission_manager]: VALIDATED VIEWPOINT PUBLISHED
[INFO] [1790277635.829507815] [sage_mission_manager]: VIEWPOINT ACCEPTED | position=(9.55, 3.00, -2.00) | distance_from_uav=0.10 m
[INFO] [1790277635.830121714] [sage_mission_manager]: VALIDATED VIEWPOINT PUBLISHED
[INFO] [1790277636.024987023] [sage_mission_manager]: VIEWPOINT ACCEPTED | position=(9.55, 3.00, -2.00) | distance_from_uav=0.10 m
[INFO] [1790277636.025791376] [sage_mission_manager]: VALIDATED VIEWPOINT PUBLISHED
[INFO] [1790277636.232157387] [sage_mission_manager]: VIEWPOINT ACCEPTED | position=(9.55, 3.00, -2.00) | distance_from_uav=0.09 m
[INFO] [1790277636.232977052] [sage_mission_manager]: VALIDATED VIEWPOINT PUBLISHED
[INFO] [1790277636.432025534] [sage_mission_manager]: VIEWPOINT ACCEPTED | position=(9.55, 3.00, -2.00) | distance_from_uav=0.09 m
[INFO] [1790277636.432847112] [sage_mission_manager]: VALIDATED VIEWPOINT PUBLISHED
[INFO] [1790277636.623955433] [sage_mission_manager]: VIEWPOINT ACCEPTED | position=(9.55, 3.00, -2.00) | distance_from_uav=0.08 m
[INFO] [1790277636.624681106] [sage_mission_manager]: VALIDATED VIEWPOINT PUBLISHED
[INFO] [1790277636.835536350] [sage_mission_manager]: VIEWPOINT ACCEPTED | position=(9.55, 3.00, -2.00) | distance_from_uav=0.07 m
[INFO] [1790277636.836181357] [sage_mission_manager]: VALIDATED VIEWPOINT PUBLISHED
[INFO] [1790277637.023692558] [sage_mission_manager]: VIEWPOINT ACCEPTED | position=(9.55, 3.00, -2.00) | distance_from_uav=0.07 m
[INFO] [1790277637.024740131] [sage_mission_manager]: VALIDATED VIEWPOINT PUBLISHED
[INFO] [1790277637.229168454] [sage_mission_manager]: VIEWPOINT ACCEPTED | position=(9.55, 3.00, -2.00) | distance_from_uav=0.05 m
[INFO] [1790277637.229772373] [sage_mission_manager]: VALIDATED VIEWPOINT PUBLISHED
[INFO] [1790277637.429479881] [sage_mission_manager]: VIEWPOINT ACCEPTED | position=(9.55, 3.00, -2.00) | distance_from_uav=0.04 m
[INFO] [1790277637.431525289] [sage_mission_manager]: VALIDATED VIEWPOINT PUBLISHED
[INFO] [1790277637.623316840] [sage_mission_manager]: VIEWPOINT ACCEPTED | position=(9.55, 3.00, -2.00) | distance_from_uav=0.03 m
[INFO] [1790277637.631733061] [sage_mission_manager]: VALIDATED VIEWPOINT PUBLISHED
[INFO] [1790277637.826871439] [sage_mission_manager]: VIEWPOINT ACCEPTED | position=(9.55, 3.00, -2.00) | distance_from_uav=0.03 m
[INFO] [1790277637.828490251] [sage_mission_manager]: VALIDATED VIEWPOINT PUBLISHED
[INFO] [1790277638.029555868] [sage_mission_manager]: VIEWPOINT ACCEPTED | position=(9.55, 3.00, -2.00) | distance_from_uav=0.02 m
[INFO] [1790277638.035700420] [sage_mission_manager]: VALIDATED VIEWPOINT PUBLISHED
[INFO] [1790277638.224147806] [sage_mission_manager]: VIEWPOINT ACCEPTED | position=(9.55, 3.00, -2.00) | distance_from_uav=0.02 m
[INFO] [1790277638.224672789] [sage_mission_manager]: VALIDATED VIEWPOINT PUBLISHED
[INFO] [1790277638.429194737] [sage_mission_manager]: VIEWPOINT ACCEPTED | position=(9.55, 3.00, -2.00) | distance_from_uav=0.03 m
[INFO] [1790277638.433580996] [sage_mission_manager]: VALIDATED VIEWPOINT PUBLISHED
[INFO] [1790277638.623606054] [sage_mission_manager]: VIEWPOINT ACCEPTED | position=(9.55, 3.00, -2.00) | distance_from_uav=0.03 m
[INFO] [1790277638.624213845] [sage_mission_manager]: VALIDATED VIEWPOINT PUBLISHED
[INFO] [1790277638.824784588] [sage_mission_manager]: VIEWPOINT ACCEPTED | position=(9.55, 3.00, -2.00) | distance_from_uav=0.03 m
[INFO] [1790277638.825364847] [sage_mission_manager]: VALIDATED VIEWPOINT PUBLISHED
[INFO] [1790277639.036920457] [sage_mission_manager]: VIEWPOINT ACCEPTED | position=(9.55, 3.00, -2.00) | distance_from_uav=0.03 m
[INFO] [1790277639.037693744] [sage_mission_manager]: VALIDATED VIEWPOINT PUBLISHED
[INFO] [1790277639.225123314] [sage_mission_manager]: VIEWPOINT ACCEPTED | position=(9.55, 3.00, -2.00) | distance_from_uav=0.03 m
[INFO] [1790277639.225670314] [sage_mission_manager]: VALIDATED VIEWPOINT PUBLISHED
[INFO] [1790277639.424161734] [sage_mission_manager]: VIEWPOINT ACCEPTED | position=(9.55, 3.00, -2.00) | distance_from_uav=0.04 m
[INFO] [1790277639.425604898] [sage_mission_manager]: VALIDATED VIEWPOINT PUBLISHED
[INFO] [1790277639.636595368] [sage_mission_manager]: VIEWPOINT ACCEPTED | position=(9.55, 3.00, -2.00) | distance_from_uav=0.04 m
[INFO] [1790277639.638898791] [sage_mission_manager]: VALIDATED VIEWPOINT PUBLISHED
[INFO] [1790277639.833422385] [sage_mission_manager]: VIEWPOINT ACCEPTED | position=(9.55, 3.00, -2.00) | distance_from_uav=0.04 m
[INFO] [1790277639.834263793] [sage_mission_manager]: VALIDATED VIEWPOINT PUBLISHED
[INFO] [1790277640.024336439] [sage_mission_manager]: VIEWPOINT ACCEPTED | position=(9.55, 3.00, -2.00) | distance_from_uav=0.04 m
[INFO] [1790277640.024901132] [sage_mission_manager]: VALIDATED VIEWPOINT PUBLISHED
[INFO] [1790277640.228094349] [sage_mission_manager]: VIEWPOINT ACCEPTED | position=(9.55, 3.00, -2.00) | distance_from_uav=0.04 m
[INFO] [1790277640.228991459] [sage_mission_manager]: VALIDATED VIEWPOINT PUBLISHED
[INFO] [1790277640.426572217] [sage_mission_manager]: VIEWPOINT ACCEPTED | position=(9.55, 3.00, -2.00) | distance_from_uav=0.04 m
[INFO] [1790277640.428882359] [sage_mission_manager]: VALIDATED VIEWPOINT PUBLISHED
[INFO] [1790277640.626717030] [sage_mission_manager]: VIEWPOINT ACCEPTED | position=(9.55, 3.00, -2.00) | distance_from_uav=0.03 m
[INFO] [1790277640.627495061] [sage_mission_manager]: VALIDATED VIEWPOINT PUBLISHED
[INFO] [1790277640.827549985] [sage_mission_manager]: VIEWPOINT ACCEPTED | position=(9.55, 3.00, -2.00) | distance_from_uav=0.03 m
[INFO] [1790277640.831117382] [sage_mission_manager]: VALIDATED VIEWPOINT PUBLISHED
[INFO] [1790277641.024840386] [sage_mission_manager]: VIEWPOINT ACCEPTED | position=(9.55, 3.00, -2.00) | distance_from_uav=0.03 m
[INFO] [1790277641.025882156] [sage_mission_manager]: VALIDATED VIEWPOINT PUBLISHED
[INFO] [1790277641.232127829] [sage_mission_manager]: VIEWPOINT ACCEPTED | position=(9.55, 3.00, -2.00) | distance_from_uav=0.03 m
[INFO] [1790277641.232820168] [sage_mission_manager]: VALIDATED VIEWPOINT PUBLISHED
[INFO] [1790277641.424679110] [sage_mission_manager]: VIEWPOINT ACCEPTED | position=(9.63, 2.30, -2.00) | distance_from_uav=0.68 m
[INFO] [1790277641.426472306] [sage_mission_manager]: VALIDATED VIEWPOINT PUBLISHED
[INFO] [1790277641.628990870] [sage_mission_manager]: VIEWPOINT ACCEPTED | position=(9.71, 1.61, -2.00) | distance_from_uav=1.38 m
[INFO] [1790277641.629624454] [sage_mission_manager]: VALIDATED VIEWPOINT PUBLISHED
[INFO] [1790277641.826286511] [sage_mission_manager]: VIEWPOINT ACCEPTED | position=(9.78, 0.91, -2.00) | distance_from_uav=2.07 m
[INFO] [1790277641.826829862] [sage_mission_manager]: VALIDATED VIEWPOINT PUBLISHED
[INFO] [1790277642.031415024] [sage_mission_manager]: VIEWPOINT ACCEPTED | position=(9.86, 0.22, -2.00) | distance_from_uav=2.72 m
[INFO] [1790277642.032687750] [sage_mission_manager]: VALIDATED VIEWPOINT PUBLISHED
[INFO] [1790277642.223315850] [sage_mission_manager]: VIEWPOINT ACCEPTED | position=(9.94, -0.48, -2.00) | distance_from_uav=3.34 m
[INFO] [1790277642.224064529] [sage_mission_manager]: VALIDATED VIEWPOINT PUBLISHED
[INFO] [1790277642.427253961] [sage_mission_manager]: VIEWPOINT ACCEPTED | position=(9.94, -0.48, -2.00) | distance_from_uav=3.17 m
[INFO] [1790277642.427960861] [sage_mission_manager]: VALIDATED VIEWPOINT PUBLISHED
[INFO] [1790277642.624131970] [sage_mission_manager]: VIEWPOINT ACCEPTED | position=(9.94, -1.18, -2.00) | distance_from_uav=3.63 m
[INFO] [1790277642.624889108] [sage_mission_manager]: VALIDATED VIEWPOINT PUBLISHED
[INFO] [1790277642.824318063] [sage_mission_manager]: VIEWPOINT ACCEPTED | position=(9.94, -1.18, -2.00) | distance_from_uav=3.34 m
[INFO] [1790277642.827614620] [sage_mission_manager]: VALIDATED VIEWPOINT PUBLISHED
[INFO] [1790277643.026284414] [sage_mission_manager]: VIEWPOINT ACCEPTED | position=(9.95, -1.88, -2.00) | distance_from_uav=3.69 m
[INFO] [1790277643.030429520] [sage_mission_manager]: VALIDATED VIEWPOINT PUBLISHED
[INFO] [1790277643.229875662] [sage_mission_manager]: VIEWPOINT ACCEPTED | position=(9.95, -1.88, -2.00) | distance_from_uav=3.27 m
[INFO] [1790277643.233723175] [sage_mission_manager]: VALIDATED VIEWPOINT PUBLISHED
[INFO] [1790277643.429794550] [sage_mission_manager]: VIEWPOINT ACCEPTED | position=(9.95, -2.58, -2.00) | distance_from_uav=3.53 m
[INFO] [1790277643.430348532] [sage_mission_manager]: VALIDATED VIEWPOINT PUBLISHED
[INFO] [1790277643.622846232] [sage_mission_manager]: VIEWPOINT ACCEPTED | position=(9.95, -2.58, -2.00) | distance_from_uav=3.08 m
[INFO] [1790277643.623720999] [sage_mission_manager]: VALIDATED VIEWPOINT PUBLISHED
[INFO] [1790277643.826276121] [sage_mission_manager]: VIEWPOINT ACCEPTED | position=(9.95, -3.00, -2.00) | distance_from_uav=3.01 m
[INFO] [1790277643.831020996] [sage_mission_manager]: VALIDATED VIEWPOINT PUBLISHED
[INFO] [1790277644.027846541] [sage_mission_manager]: VIEWPOINT ACCEPTED | position=(9.95, -3.00, -2.00) | distance_from_uav=2.56 m
[INFO] [1790277644.028783431] [sage_mission_manager]: VALIDATED VIEWPOINT PUBLISHED
[INFO] [1790277644.224547870] [sage_mission_manager]: VIEWPOINT ACCEPTED | position=(9.95, -3.00, -2.00) | distance_from_uav=2.06 m
[INFO] [1790277644.226621516] [sage_mission_manager]: VALIDATED VIEWPOINT PUBLISHED
[INFO] [1790277644.427213746] [sage_mission_manager]: VIEWPOINT ACCEPTED | position=(9.95, -3.00, -2.00) | distance_from_uav=1.69 m
[INFO] [1790277644.434228203] [sage_mission_manager]: VALIDATED VIEWPOINT PUBLISHED
[INFO] [1790277644.623916110] [sage_mission_manager]: VIEWPOINT ACCEPTED | position=(9.95, -3.00, -2.00) | distance_from_uav=1.25 m
[INFO] [1790277644.629787222] [sage_mission_manager]: VALIDATED VIEWPOINT PUBLISHED
[INFO] [1790277644.834144122] [sage_mission_manager]: VIEWPOINT ACCEPTED | position=(9.95, -3.00, -2.00) | distance_from_uav=0.95 m
[INFO] [1790277644.835919413] [sage_mission_manager]: VALIDATED VIEWPOINT PUBLISHED
[INFO] [1790277645.027085123] [sage_mission_manager]: VIEWPOINT ACCEPTED | position=(9.95, -3.00, -2.00) | distance_from_uav=0.73 m
[INFO] [1790277645.038719459] [sage_mission_manager]: VALIDATED VIEWPOINT PUBLISHED
[INFO] [1790277645.225853188] [sage_mission_manager]: VIEWPOINT ACCEPTED | position=(9.95, -3.00, -2.00) | distance_from_uav=0.49 m
[INFO] [1790277645.226680786] [sage_mission_manager]: VALIDATED VIEWPOINT PUBLISHED
[INFO] [1790277645.425685315] [sage_mission_manager]: VIEWPOINT ACCEPTED | position=(9.95, -3.00, -2.00) | distance_from_uav=0.28 m
[INFO] [1790277645.426318932] [sage_mission_manager]: VALIDATED VIEWPOINT PUBLISHED
[INFO] [1790277645.626431703] [sage_mission_manager]: VIEWPOINT ACCEPTED | position=(9.95, -3.00, -2.00) | distance_from_uav=0.13 m
[INFO] [1790277645.627239311] [sage_mission_manager]: VALIDATED VIEWPOINT PUBLISHED
[INFO] [1790277645.825093738] [sage_mission_manager]: VIEWPOINT ACCEPTED | position=(9.95, -3.00, -2.00) | distance_from_uav=0.02 m
[INFO] [1790277645.825766784] [sage_mission_manager]: VALIDATED VIEWPOINT PUBLISHED
[INFO] [1790277646.029799396] [sage_mission_manager]: VIEWPOINT ACCEPTED | position=(9.95, -3.00, -2.00) | distance_from_uav=0.10 m
[INFO] [1790277646.030580248] [sage_mission_manager]: VALIDATED VIEWPOINT PUBLISHED
[INFO] [1790277646.236862016] [sage_mission_manager]: VIEWPOINT ACCEPTED | position=(9.95, -3.00, -2.00) | distance_from_uav=0.16 m
[INFO] [1790277646.237815077] [sage_mission_manager]: VALIDATED VIEWPOINT PUBLISHED
[INFO] [1790277646.428050338] [sage_mission_manager]: VIEWPOINT ACCEPTED | position=(9.95, -3.00, -2.00) | distance_from_uav=0.20 m
[INFO] [1790277646.429499964] [sage_mission_manager]: VALIDATED VIEWPOINT PUBLISHED
[INFO] [1790277646.629801040] [sage_mission_manager]: VIEWPOINT ACCEPTED | position=(9.95, -3.00, -2.00) | distance_from_uav=0.23 m
[INFO] [1790277646.630760560] [sage_mission_manager]: VALIDATED VIEWPOINT PUBLISHED
[INFO] [1790277646.823356757] [sage_mission_manager]: VIEWPOINT ACCEPTED | position=(9.95, -3.00, -2.00) | distance_from_uav=0.23 m
[INFO] [1790277646.826071920] [sage_mission_manager]: VALIDATED VIEWPOINT PUBLISHED
[INFO] [1790277647.022669334] [sage_mission_manager]: VIEWPOINT ACCEPTED | position=(9.95, -3.00, -2.00) | distance_from_uav=0.23 m
[INFO] [1790277647.023342904] [sage_mission_manager]: VALIDATED VIEWPOINT PUBLISHED
[INFO] [1790277647.226457089] [sage_mission_manager]: VIEWPOINT ACCEPTED | position=(9.95, -3.00, -2.00) | distance_from_uav=0.22 m
[INFO] [1790277647.227288171] [sage_mission_manager]: VALIDATED VIEWPOINT PUBLISHED
[INFO] [1790277647.429558994] [sage_mission_manager]: VIEWPOINT ACCEPTED | position=(9.95, -3.00, -2.00) | distance_from_uav=0.21 m
[INFO] [1790277647.430166826] [sage_mission_manager]: VALIDATED VIEWPOINT PUBLISHED
[INFO] [1790277647.627394385] [sage_mission_manager]: VIEWPOINT ACCEPTED | position=(9.95, -3.00, -2.00) | distance_from_uav=0.20 m
[INFO] [1790277647.627968707] [sage_mission_manager]: VALIDATED VIEWPOINT PUBLISHED
[INFO] [1790277647.833080742] [sage_mission_manager]: VIEWPOINT ACCEPTED | position=(9.95, -3.00, -2.00) | distance_from_uav=0.19 m
[INFO] [1790277647.834813680] [sage_mission_manager]: VALIDATED VIEWPOINT PUBLISHED
[INFO] [1790277648.029709311] [sage_mission_manager]: VIEWPOINT ACCEPTED | position=(9.95, -3.00, -2.00) | distance_from_uav=0.18 m
[INFO] [1790277648.032409557] [sage_mission_manager]: VALIDATED VIEWPOINT PUBLISHED
[INFO] [1790277648.226090856] [sage_mission_manager]: VIEWPOINT ACCEPTED | position=(9.95, -3.00, -2.00) | distance_from_uav=0.18 m
[INFO] [1790277648.229331025] [sage_mission_manager]: VALIDATED VIEWPOINT PUBLISHED
[INFO] [1790277648.423794432] [sage_mission_manager]: VIEWPOINT ACCEPTED | position=(9.95, -3.00, -2.00) | distance_from_uav=0.17 m
[INFO] [1790277648.424339516] [sage_mission_manager]: VALIDATED VIEWPOINT PUBLISHED
[INFO] [1790277648.627303337] [sage_mission_manager]: VIEWPOINT ACCEPTED | position=(9.95, -3.00, -2.00) | distance_from_uav=0.16 m
[INFO] [1790277648.628180161] [sage_mission_manager]: VALIDATED VIEWPOINT PUBLISHED
[INFO] [1790277648.831213680] [sage_mission_manager]: VIEWPOINT ACCEPTED | position=(9.95, -3.00, -2.00) | distance_from_uav=0.16 m
[INFO] [1790277648.831969239] [sage_mission_manager]: VALIDATED VIEWPOINT PUBLISHED
[INFO] [1790277649.028571690] [sage_mission_manager]: VIEWPOINT ACCEPTED | position=(9.95, -3.00, -2.00) | distance_from_uav=0.15 m
[INFO] [1790277649.030963978] [sage_mission_manager]: VALIDATED VIEWPOINT PUBLISHED
[INFO] [1790277649.223054592] [sage_mission_manager]: VIEWPOINT ACCEPTED | position=(9.95, -3.00, -2.00) | distance_from_uav=0.14 m
[INFO] [1790277649.223696805] [sage_mission_manager]: VALIDATED VIEWPOINT PUBLISHED
[INFO] [1790277649.428699515] [sage_mission_manager]: VIEWPOINT ACCEPTED | position=(9.95, -3.00, -2.00) | distance_from_uav=0.14 m
[INFO] [1790277649.431240981] [sage_mission_manager]: VALIDATED VIEWPOINT PUBLISHED
[INFO] [1790277649.631746699] [sage_mission_manager]: VIEWPOINT ACCEPTED | position=(9.95, -3.00, -2.00) | distance_from_uav=0.12 m
[INFO] [1790277649.634493713] [sage_mission_manager]: VALIDATED VIEWPOINT PUBLISHED
[INFO] [1790277649.832345252] [sage_mission_manager]: VIEWPOINT ACCEPTED | position=(9.95, -3.00, -2.00) | distance_from_uav=0.10 m
[INFO] [1790277649.836075230] [sage_mission_manager]: VALIDATED VIEWPOINT PUBLISHED
[INFO] [1790277650.023758734] [sage_mission_manager]: VIEWPOINT ACCEPTED | position=(9.95, -3.00, -2.00) | distance_from_uav=0.09 m
[INFO] [1790277650.028767441] [sage_mission_manager]: VALIDATED VIEWPOINT PUBLISHED
[INFO] [1790277650.225780061] [sage_mission_manager]: VIEWPOINT ACCEPTED | position=(9.95, -3.00, -2.00) | distance_from_uav=0.08 m
[INFO] [1790277650.226602853] [sage_mission_manager]: VALIDATED VIEWPOINT PUBLISHED
[INFO] [1790277650.429166833] [sage_mission_manager]: VIEWPOINT ACCEPTED | position=(9.95, -3.00, -2.00) | distance_from_uav=0.06 m
[INFO] [1790277650.429938640] [sage_mission_manager]: VALIDATED VIEWPOINT PUBLISHED
[INFO] [1790277650.629507427] [sage_mission_manager]: VIEWPOINT ACCEPTED | position=(9.95, -3.00, -2.00) | distance_from_uav=0.06 m
[INFO] [1790277650.630267240] [sage_mission_manager]: VALIDATED VIEWPOINT PUBLISHED
[INFO] [1790277650.829638449] [sage_mission_manager]: VIEWPOINT ACCEPTED | position=(9.95, -3.00, -2.00) | distance_from_uav=0.05 m
[INFO] [1790277650.830386617] [sage_mission_manager]: VALIDATED VIEWPOINT PUBLISHED
[INFO] [1790277651.034660161] [sage_mission_manager]: VIEWPOINT ACCEPTED | position=(9.95, -3.00, -2.00) | distance_from_uav=0.04 m
[INFO] [1790277651.036592776] [sage_mission_manager]: VALIDATED VIEWPOINT PUBLISHED
[INFO] [1790277651.233713738] [sage_mission_manager]: VIEWPOINT ACCEPTED | position=(9.96, -2.34, -2.00) | distance_from_uav=0.70 m
[INFO] [1790277651.234516263] [sage_mission_manager]: VALIDATED VIEWPOINT PUBLISHED
[INFO] [1790277651.430699968] [sage_mission_manager]: VIEWPOINT ACCEPTED | position=(9.98, -1.64, -2.00) | distance_from_uav=1.40 m
[INFO] [1790277651.431375672] [sage_mission_manager]: VALIDATED VIEWPOINT PUBLISHED
[INFO] [1790277651.632323102] [sage_mission_manager]: VIEWPOINT ACCEPTED | position=(10.00, -1.00, -2.00) | distance_from_uav=2.03 m
[INFO] [1790277651.632879896] [sage_mission_manager]: VALIDATED VIEWPOINT PUBLISHED
[INFO] [1790277651.827326387] [sage_mission_manager]: VIEWPOINT ACCEPTED | position=(9.33, -0.79, -2.00) | distance_from_uav=2.29 m
[INFO] [1790277651.828129976] [sage_mission_manager]: VALIDATED VIEWPOINT PUBLISHED
[INFO] [1790277652.024415620] [sage_mission_manager]: VIEWPOINT ACCEPTED | position=(9.95, -3.00, -2.00) | distance_from_uav=0.09 m
[INFO] [1790277652.024990907] [sage_mission_manager]: VALIDATED VIEWPOINT PUBLISHED
[INFO] [1790277652.224318998] [sage_mission_manager]: VIEWPOINT ACCEPTED | position=(9.95, -3.00, -2.00) | distance_from_uav=0.22 m
[INFO] [1790277652.227792288] [sage_mission_manager]: VALIDATED VIEWPOINT PUBLISHED
[INFO] [1790277652.431207481] [sage_mission_manager]: VIEWPOINT ACCEPTED | position=(9.95, -3.00, -2.00) | distance_from_uav=0.40 m
[INFO] [1790277652.432143741] [sage_mission_manager]: VALIDATED VIEWPOINT PUBLISHED
[INFO] [1790277652.630571726] [sage_mission_manager]: VIEWPOINT ACCEPTED | position=(9.95, -3.00, -2.00) | distance_from_uav=0.51 m
[INFO] [1790277652.633041031] [sage_mission_manager]: VALIDATED VIEWPOINT PUBLISHED
[INFO] [1790277652.826424651] [sage_mission_manager]: VIEWPOINT ACCEPTED | position=(9.95, -3.00, -2.00) | distance_from_uav=0.62 m
[INFO] [1790277652.826995373] [sage_mission_manager]: VALIDATED VIEWPOINT PUBLISHED
[INFO] [1790277653.028437130] [sage_mission_manager]: VIEWPOINT ACCEPTED | position=(9.95, -3.00, -2.00) | distance_from_uav=0.69 m
[INFO] [1790277653.029353468] [sage_mission_manager]: VALIDATED VIEWPOINT PUBLISHED
[INFO] [1790277653.223776830] [sage_mission_manager]: VIEWPOINT ACCEPTED | position=(9.95, -3.00, -2.00) | distance_from_uav=0.71 m
[INFO] [1790277653.224349110] [sage_mission_manager]: VALIDATED VIEWPOINT PUBLISHED
[INFO] [1790277653.426690179] [sage_mission_manager]: VIEWPOINT ACCEPTED | position=(9.95, -3.00, -2.00) | distance_from_uav=0.67 m
[INFO] [1790277653.427255211] [sage_mission_manager]: VALIDATED VIEWPOINT PUBLISHED
[INFO] [1790277653.638149660] [sage_mission_manager]: VIEWPOINT ACCEPTED | position=(9.95, -3.00, -2.00) | distance_from_uav=0.61 m
[INFO] [1790277653.641831731] [sage_mission_manager]: VALIDATED VIEWPOINT PUBLISHED
[INFO] [1790277653.824410114] [sage_mission_manager]: VIEWPOINT ACCEPTED | position=(9.95, -3.00, -2.00) | distance_from_uav=0.53 m
[INFO] [1790277653.826649185] [sage_mission_manager]: VALIDATED VIEWPOINT PUBLISHED
[INFO] [1790277654.028943869] [sage_mission_manager]: VIEWPOINT ACCEPTED | position=(9.95, -3.00, -2.00) | distance_from_uav=0.45 m
[INFO] [1790277654.029506267] [sage_mission_manager]: VALIDATED VIEWPOINT PUBLISHED
[INFO] [1790277654.225699718] [sage_mission_manager]: VIEWPOINT ACCEPTED | position=(9.95, -3.00, -2.00) | distance_from_uav=0.37 m
[INFO] [1790277654.230975247] [sage_mission_manager]: VALIDATED VIEWPOINT PUBLISHED
[INFO] [1790277654.430840068] [sage_mission_manager]: VIEWPOINT ACCEPTED | position=(9.95, -3.00, -2.00) | distance_from_uav=0.31 m
[INFO] [1790277654.431700115] [sage_mission_manager]: VALIDATED VIEWPOINT PUBLISHED
[INFO] [1790277654.629527123] [sage_mission_manager]: VIEWPOINT ACCEPTED | position=(9.95, -3.00, -2.00) | distance_from_uav=0.25 m
[INFO] [1790277654.630365620] [sage_mission_manager]: VALIDATED VIEWPOINT PUBLISHED
[INFO] [1790277654.825242865] [sage_mission_manager]: VIEWPOINT ACCEPTED | position=(9.95, -3.00, -2.00) | distance_from_uav=0.20 m
[INFO] [1790277654.825908001] [sage_mission_manager]: VALIDATED VIEWPOINT PUBLISHED
[INFO] [1790277655.027294687] [sage_mission_manager]: VIEWPOINT ACCEPTED | position=(9.95, -3.00, -2.00) | distance_from_uav=0.15 m
[INFO] [1790277655.028192900] [sage_mission_manager]: VALIDATED VIEWPOINT PUBLISHED
[INFO] [1790277655.226970800] [sage_mission_manager]: VIEWPOINT ACCEPTED | position=(9.95, -3.00, -2.00) | distance_from_uav=0.12 m
[INFO] [1790277655.227533953] [sage_mission_manager]: VALIDATED VIEWPOINT PUBLISHED
[INFO] [1790277655.427226520] [sage_mission_manager]: VIEWPOINT ACCEPTED | position=(9.95, -3.00, -2.00) | distance_from_uav=0.09 m
[INFO] [1790277655.428209992] [sage_mission_manager]: VALIDATED VIEWPOINT PUBLISHED
[INFO] [1790277655.624386728] [sage_mission_manager]: VIEWPOINT ACCEPTED | position=(9.95, -3.00, -2.00) | distance_from_uav=0.05 m
[INFO] [1790277655.625589572] [sage_mission_manager]: VALIDATED VIEWPOINT PUBLISHED
[INFO] [1790277655.831785498] [sage_mission_manager]: VIEWPOINT ACCEPTED | position=(9.95, -3.00, -2.00) | distance_from_uav=0.03 m
[INFO] [1790277655.832343352] [sage_mission_manager]: VALIDATED VIEWPOINT PUBLISHED
[INFO] [1790277656.026268515] [sage_mission_manager]: VIEWPOINT ACCEPTED | position=(9.95, -3.00, -2.00) | distance_from_uav=0.03 m
[INFO] [1790277656.026845457] [sage_mission_manager]: VALIDATED VIEWPOINT PUBLISHED
[INFO] [1790277656.231404063] [sage_mission_manager]: VIEWPOINT ACCEPTED | position=(9.95, -3.00, -2.00) | distance_from_uav=0.04 m
[INFO] [1790277656.232220580] [sage_mission_manager]: VALIDATED VIEWPOINT PUBLISHED
[INFO] [1790277656.425126627] [sage_mission_manager]: VIEWPOINT ACCEPTED | position=(9.95, -3.00, -2.00) | distance_from_uav=0.05 m
[INFO] [1790277656.426907123] [sage_mission_manager]: VALIDATED VIEWPOINT PUBLISHED
[INFO] [1790277656.627124735] [sage_mission_manager]: VIEWPOINT ACCEPTED | position=(9.95, -3.00, -2.00) | distance_from_uav=0.06 m
[INFO] [1790277656.627674379] [sage_mission_manager]: VALIDATED VIEWPOINT PUBLISHED
[INFO] [1790277656.826868804] [sage_mission_manager]: VIEWPOINT ACCEPTED | position=(9.95, -3.00, -2.00) | distance_from_uav=0.07 m
[INFO] [1790277656.833760043] [sage_mission_manager]: VALIDATED VIEWPOINT PUBLISHED
[INFO] [1790277657.024083262] [sage_mission_manager]: VIEWPOINT ACCEPTED | position=(9.95, -3.00, -2.00) | distance_from_uav=0.08 m
[INFO] [1790277657.024828544] [sage_mission_manager]: VALIDATED VIEWPOINT PUBLISHED
[INFO] [1790277657.230049854] [sage_mission_manager]: VIEWPOINT ACCEPTED | position=(9.95, -3.00, -2.00) | distance_from_uav=0.08 m
[INFO] [1790277657.230592588] [sage_mission_manager]: VALIDATED VIEWPOINT PUBLISHED
[INFO] [1790277657.425485772] [sage_mission_manager]: VIEWPOINT ACCEPTED | position=(9.95, -3.00, -2.00) | distance_from_uav=0.09 m
[INFO] [1790277657.428496273] [sage_mission_manager]: VALIDATED VIEWPOINT PUBLISHED
[INFO] [1790277657.633495671] [sage_mission_manager]: VIEWPOINT ACCEPTED | position=(9.95, -3.00, -2.00) | distance_from_uav=0.09 m
[INFO] [1790277657.634200544] [sage_mission_manager]: VALIDATED VIEWPOINT PUBLISHED
[INFO] [1790277657.832343768] [sage_mission_manager]: VIEWPOINT ACCEPTED | position=(9.95, -3.00, -2.00) | distance_from_uav=0.09 m
[INFO] [1790277657.832898856] [sage_mission_manager]: VALIDATED VIEWPOINT PUBLISHED
[INFO] [1790277658.030337213] [sage_mission_manager]: VIEWPOINT ACCEPTED | position=(9.95, -3.00, -2.00) | distance_from_uav=0.09 m
[INFO] [1790277658.030998487] [sage_mission_manager]: VALIDATED VIEWPOINT PUBLISHED
[INFO] [1790277658.223875898] [sage_mission_manager]: VIEWPOINT ACCEPTED | position=(9.95, -3.00, -2.00) | distance_from_uav=0.08 m
[INFO] [1790277658.225781264] [sage_mission_manager]: VALIDATED VIEWPOINT PUBLISHED
[INFO] [1790277658.428637606] [sage_mission_manager]: VIEWPOINT ACCEPTED | position=(9.95, -3.00, -2.00) | distance_from_uav=0.07 m
[INFO] [1790277658.433859924] [sage_mission_manager]: VALIDATED VIEWPOINT PUBLISHED
[INFO] [1790277658.623975773] [sage_mission_manager]: VIEWPOINT ACCEPTED | position=(9.95, -3.00, -2.00) | distance_from_uav=0.07 m
[INFO] [1790277658.624527303] [sage_mission_manager]: VALIDATED VIEWPOINT PUBLISHED
[INFO] [1790277658.839392135] [sage_mission_manager]: VIEWPOINT ACCEPTED | position=(9.95, -3.00, -2.00) | distance_from_uav=0.06 m
[INFO] [1790277658.841856256] [sage_mission_manager]: VALIDATED VIEWPOINT PUBLISHED
[INFO] [1790277659.030209762] [sage_mission_manager]: VIEWPOINT ACCEPTED | position=(9.95, -3.00, -2.00) | distance_from_uav=0.05 m
[INFO] [1790277659.034211518] [sage_mission_manager]: VALIDATED VIEWPOINT PUBLISHED
[INFO] [1790277659.226112724] [sage_mission_manager]: VIEWPOINT ACCEPTED | position=(9.95, -3.00, -2.00) | distance_from_uav=0.05 m
[INFO] [1790277659.228831236] [sage_mission_manager]: VALIDATED VIEWPOINT PUBLISHED
[INFO] [1790277659.424377992] [sage_mission_manager]: VIEWPOINT ACCEPTED | position=(9.95, -3.00, -2.00) | distance_from_uav=0.04 m
[INFO] [1790277659.425477854] [sage_mission_manager]: VALIDATED VIEWPOINT PUBLISHED
[INFO] [1790277659.627899124] [sage_mission_manager]: VIEWPOINT ACCEPTED | position=(9.95, -3.00, -2.00) | distance_from_uav=0.03 m
[INFO] [1790277659.630219576] [sage_mission_manager]: VALIDATED VIEWPOINT PUBLISHED
[INFO] [1790277659.823953808] [sage_mission_manager]: VIEWPOINT ACCEPTED | position=(9.95, -3.00, -2.00) | distance_from_uav=0.03 m
[INFO] [1790277659.824537771] [sage_mission_manager]: VALIDATED VIEWPOINT PUBLISHED
[INFO] [1790277660.026467871] [sage_mission_manager]: VIEWPOINT ACCEPTED | position=(9.95, -3.00, -2.00) | distance_from_uav=0.02 m
[INFO] [1790277660.028286051] [sage_mission_manager]: VALIDATED VIEWPOINT PUBLISHED
[INFO] [1790277660.227429720] [sage_mission_manager]: VIEWPOINT ACCEPTED | position=(9.97, -3.70, -2.00) | distance_from_uav=0.70 m
[INFO] [1790277660.229181207] [sage_mission_manager]: VALIDATED VIEWPOINT PUBLISHED
[INFO] [1790277660.427499039] [sage_mission_manager]: VIEWPOINT ACCEPTED | position=(9.98, -4.40, -2.00) | distance_from_uav=1.40 m
[INFO] [1790277660.429580170] [sage_mission_manager]: VALIDATED VIEWPOINT PUBLISHED
[INFO] [1790277660.635053105] [sage_mission_manager]: VIEWPOINT ACCEPTED | position=(10.00, -5.00, -2.00) | distance_from_uav=2.00 m
[INFO] [1790277660.637376854] [sage_mission_manager]: VALIDATED VIEWPOINT PUBLISHED
[INFO] [1790277660.827262474] [sage_mission_manager]: VIEWPOINT ACCEPTED | position=(9.83, -5.68, -2.00) | distance_from_uav=2.64 m
[INFO] [1790277660.827817234] [sage_mission_manager]: VALIDATED VIEWPOINT PUBLISHED
[INFO] [1790277661.033873100] [sage_mission_manager]: VIEWPOINT ACCEPTED | position=(9.66, -6.36, -2.00) | distance_from_uav=3.24 m
[INFO] [1790277661.034550786] [sage_mission_manager]: VALIDATED VIEWPOINT PUBLISHED
[INFO] [1790277661.227472965] [sage_mission_manager]: VIEWPOINT ACCEPTED | position=(9.66, -6.36, -2.00) | distance_from_uav=3.08 m
[INFO] [1790277661.228198388] [sage_mission_manager]: VALIDATED VIEWPOINT PUBLISHED
[INFO] [1790277661.423081771] [sage_mission_manager]: VIEWPOINT ACCEPTED | position=(9.49, -7.04, -2.00) | distance_from_uav=3.56 m
[INFO] [1790277661.423616355] [sage_mission_manager]: VALIDATED VIEWPOINT PUBLISHED
[INFO] [1790277661.626265858] [sage_mission_manager]: VIEWPOINT ACCEPTED | position=(9.49, -7.04, -2.00) | distance_from_uav=3.34 m
[INFO] [1790277661.632469776] [sage_mission_manager]: VALIDATED VIEWPOINT PUBLISHED
[INFO] [1790277661.824793295] [sage_mission_manager]: VIEWPOINT ACCEPTED | position=(9.32, -7.72, -2.00) | distance_from_uav=3.69 m
[INFO] [1790277661.825829520] [sage_mission_manager]: VALIDATED VIEWPOINT PUBLISHED
[INFO] [1790277662.026778719] [sage_mission_manager]: VIEWPOINT ACCEPTED | position=(9.32, -7.72, -2.00) | distance_from_uav=3.30 m
[INFO] [1790277662.027540535] [sage_mission_manager]: VALIDATED VIEWPOINT PUBLISHED
[INFO] [1790277662.231643247] [sage_mission_manager]: VIEWPOINT ACCEPTED | position=(9.15, -8.40, -2.00) | distance_from_uav=3.59 m
[INFO] [1790277662.232739471] [sage_mission_manager]: VALIDATED VIEWPOINT PUBLISHED
[INFO] [1790277662.429760422] [sage_mission_manager]: VIEWPOINT ACCEPTED | position=(9.15, -8.40, -2.00) | distance_from_uav=3.14 m
[INFO] [1790277662.431083624] [sage_mission_manager]: VALIDATED VIEWPOINT PUBLISHED
[INFO] [1790277662.629233558] [sage_mission_manager]: VIEWPOINT ACCEPTED | position=(9.00, -9.00, -2.00) | distance_from_uav=3.37 m
[INFO] [1790277662.629788097] [sage_mission_manager]: VALIDATED VIEWPOINT PUBLISHED
[INFO] [1790277662.833826198] [sage_mission_manager]: VIEWPOINT ACCEPTED | position=(9.00, -9.00, -2.00) | distance_from_uav=2.92 m
[INFO] [1790277662.837152220] [sage_mission_manager]: VALIDATED VIEWPOINT PUBLISHED
[INFO] [1790277663.026556510] [sage_mission_manager]: VIEWPOINT ACCEPTED | position=(9.00, -9.00, -2.00) | distance_from_uav=2.55 m
[INFO] [1790277663.027592986] [sage_mission_manager]: VALIDATED VIEWPOINT PUBLISHED
[INFO] [1790277663.228370731] [sage_mission_manager]: VIEWPOINT ACCEPTED | position=(9.00, -9.00, -2.00) | distance_from_uav=2.12 m
[INFO] [1790277663.229250363] [sage_mission_manager]: VALIDATED VIEWPOINT PUBLISHED
[INFO] [1790277663.426301070] [sage_mission_manager]: VIEWPOINT ACCEPTED | position=(9.00, -9.00, -2.00) | distance_from_uav=1.70 m
[INFO] [1790277663.426842735] [sage_mission_manager]: VALIDATED VIEWPOINT PUBLISHED
[INFO] [1790277663.627053828] [sage_mission_manager]: VIEWPOINT ACCEPTED | position=(9.00, -9.00, -2.00) | distance_from_uav=1.35 m
[INFO] [1790277663.627609390] [sage_mission_manager]: VALIDATED VIEWPOINT PUBLISHED
[INFO] [1790277663.822485165] [sage_mission_manager]: VIEWPOINT ACCEPTED | position=(9.00, -9.00, -2.00) | distance_from_uav=1.05 m
[INFO] [1790277663.825817673] [sage_mission_manager]: VALIDATED VIEWPOINT PUBLISHED
[INFO] [1790277664.030088469] [sage_mission_manager]: VIEWPOINT ACCEPTED | position=(9.00, -9.00, -2.00) | distance_from_uav=0.78 m
[INFO] [1790277664.036798835] [sage_mission_manager]: VALIDATED VIEWPOINT PUBLISHED
[INFO] [1790277664.224640397] [sage_mission_manager]: VIEWPOINT ACCEPTED | position=(9.00, -9.00, -2.00) | distance_from_uav=0.52 m
[INFO] [1790277664.225174884] [sage_mission_manager]: VALIDATED VIEWPOINT PUBLISHED
[INFO] [1790277664.427814474] [sage_mission_manager]: VIEWPOINT ACCEPTED | position=(9.00, -9.00, -2.00) | distance_from_uav=0.34 m
[INFO] [1790277664.428910252] [sage_mission_manager]: VALIDATED VIEWPOINT PUBLISHED
[INFO] [1790277664.633402236] [sage_mission_manager]: VIEWPOINT ACCEPTED | position=(9.00, -9.00, -2.00) | distance_from_uav=0.22 m
[INFO] [1790277664.636064003] [sage_mission_manager]: VALIDATED VIEWPOINT PUBLISHED
[INFO] [1790277664.823890574] [sage_mission_manager]: VIEWPOINT ACCEPTED | position=(9.00, -9.00, -2.00) | distance_from_uav=0.11 m
[INFO] [1790277664.829481948] [sage_mission_manager]: VALIDATED VIEWPOINT PUBLISHED
[INFO] [1790277665.022883824] [sage_mission_manager]: VIEWPOINT ACCEPTED | position=(9.00, -9.00, -2.00) | distance_from_uav=0.06 m
[INFO] [1790277665.023785398] [sage_mission_manager]: VALIDATED VIEWPOINT PUBLISHED
[INFO] [1790277665.224343533] [sage_mission_manager]: VIEWPOINT ACCEPTED | position=(9.00, -9.00, -2.00) | distance_from_uav=0.08 m
[INFO] [1790277665.227582093] [sage_mission_manager]: VALIDATED VIEWPOINT PUBLISHED
[INFO] [1790277665.425919476] [sage_mission_manager]: VIEWPOINT ACCEPTED | position=(9.00, -9.00, -2.00) | distance_from_uav=0.10 m
[INFO] [1790277665.426709078] [sage_mission_manager]: VALIDATED VIEWPOINT PUBLISHED
[INFO] [1790277665.623903782] [sage_mission_manager]: VIEWPOINT ACCEPTED | position=(9.00, -9.00, -2.00) | distance_from_uav=0.12 m
[INFO] [1790277665.627452302] [sage_mission_manager]: VALIDATED VIEWPOINT PUBLISHED
[INFO] [1790277665.827202452] [sage_mission_manager]: VIEWPOINT ACCEPTED | position=(9.00, -9.00, -2.00) | distance_from_uav=0.12 m
[INFO] [1790277665.832589163] [sage_mission_manager]: VALIDATED VIEWPOINT PUBLISHED
[INFO] [1790277666.027051335] [sage_mission_manager]: VIEWPOINT ACCEPTED | position=(9.00, -9.00, -2.00) | distance_from_uav=0.12 m
[INFO] [1790277666.027705081] [sage_mission_manager]: VALIDATED VIEWPOINT PUBLISHED
[INFO] [1790277666.230364402] [sage_mission_manager]: VIEWPOINT ACCEPTED | position=(9.00, -9.00, -2.00) | distance_from_uav=0.11 m
[INFO] [1790277666.233801053] [sage_mission_manager]: VALIDATED VIEWPOINT PUBLISHED
[INFO] [1790277666.430397173] [sage_mission_manager]: VIEWPOINT ACCEPTED | position=(9.00, -9.00, -2.00) | distance_from_uav=0.11 m
[INFO] [1790277666.433559420] [sage_mission_manager]: VALIDATED VIEWPOINT PUBLISHED
[INFO] [1790277666.628410989] [sage_mission_manager]: VIEWPOINT ACCEPTED | position=(9.00, -9.00, -2.00) | distance_from_uav=0.10 m
[INFO] [1790277666.629183481] [sage_mission_manager]: VALIDATED VIEWPOINT PUBLISHED
[INFO] [1790277666.830384398] [sage_mission_manager]: VIEWPOINT ACCEPTED | position=(9.00, -9.00, -2.00) | distance_from_uav=0.09 m
[INFO] [1790277666.832794404] [sage_mission_manager]: VALIDATED VIEWPOINT PUBLISHED
[INFO] [1790277667.036379201] [sage_mission_manager]: VIEWPOINT ACCEPTED | position=(9.00, -9.00, -2.00) | distance_from_uav=0.08 m
[INFO] [1790277667.040323369] [sage_mission_manager]: VALIDATED VIEWPOINT PUBLISHED
[INFO] [1790277667.233749706] [sage_mission_manager]: VIEWPOINT ACCEPTED | position=(9.00, -9.00, -2.00) | distance_from_uav=0.07 m
[INFO] [1790277667.234296645] [sage_mission_manager]: VALIDATED VIEWPOINT PUBLISHED
[INFO] [1790277667.426592726] [sage_mission_manager]: VIEWPOINT ACCEPTED | position=(9.00, -9.00, -2.00) | distance_from_uav=0.07 m
[INFO] [1790277667.427652319] [sage_mission_manager]: VALIDATED VIEWPOINT PUBLISHED
[INFO] [1790277667.622485569] [sage_mission_manager]: VIEWPOINT ACCEPTED | position=(9.00, -9.00, -2.00) | distance_from_uav=0.06 m
[INFO] [1790277667.623744590] [sage_mission_manager]: VALIDATED VIEWPOINT PUBLISHED
[INFO] [1790277667.826466799] [sage_mission_manager]: VIEWPOINT ACCEPTED | position=(9.00, -9.00, -2.00) | distance_from_uav=0.06 m
[INFO] [1790277667.828981725] [sage_mission_manager]: VALIDATED VIEWPOINT PUBLISHED
[INFO] [1790277668.026894101] [sage_mission_manager]: VIEWPOINT ACCEPTED | position=(9.00, -9.00, -2.00) | distance_from_uav=0.05 m
[INFO] [1790277668.028330296] [sage_mission_manager]: VALIDATED VIEWPOINT PUBLISHED
[INFO] [1790277668.235526055] [sage_mission_manager]: VIEWPOINT ACCEPTED | position=(9.00, -9.00, -2.00) | distance_from_uav=0.04 m
[INFO] [1790277668.236801365] [sage_mission_manager]: VALIDATED VIEWPOINT PUBLISHED
[INFO] [1790277668.428524456] [sage_mission_manager]: VIEWPOINT ACCEPTED | position=(9.00, -9.00, -2.00) | distance_from_uav=0.04 m
[INFO] [1790277668.429338310] [sage_mission_manager]: VALIDATED VIEWPOINT PUBLISHED
[INFO] [1790277668.625475746] [sage_mission_manager]: VIEWPOINT ACCEPTED | position=(9.00, -9.00, -2.00) | distance_from_uav=0.03 m
[INFO] [1790277668.626695116] [sage_mission_manager]: VALIDATED VIEWPOINT PUBLISHED
[INFO] [1790277668.834207242] [sage_mission_manager]: VIEWPOINT ACCEPTED | position=(9.00, -9.00, -2.00) | distance_from_uav=0.03 m
[INFO] [1790277668.834793699] [sage_mission_manager]: VALIDATED VIEWPOINT PUBLISHED
[INFO] [1790277669.023475034] [sage_mission_manager]: VIEWPOINT ACCEPTED | position=(9.00, -9.00, -2.00) | distance_from_uav=0.02 m
[INFO] [1790277669.024180126] [sage_mission_manager]: VALIDATED VIEWPOINT PUBLISHED
[INFO] [1790277669.231091337] [sage_mission_manager]: VIEWPOINT ACCEPTED | position=(9.00, -9.00, -2.00) | distance_from_uav=0.02 m
[INFO] [1790277669.233187403] [sage_mission_manager]: VALIDATED VIEWPOINT PUBLISHED
[INFO] [1790277669.431575729] [sage_mission_manager]: VIEWPOINT ACCEPTED | position=(9.00, -9.00, -2.00) | distance_from_uav=0.01 m
[INFO] [1790277669.436399712] [sage_mission_manager]: VALIDATED VIEWPOINT PUBLISHED
[INFO] [1790277669.625393404] [sage_mission_manager]: VIEWPOINT ACCEPTED | position=(9.00, -9.00, -2.00) | distance_from_uav=0.02 m
[INFO] [1790277669.625997649] [sage_mission_manager]: VALIDATED VIEWPOINT PUBLISHED
[INFO] [1790277669.828990820] [sage_mission_manager]: VIEWPOINT ACCEPTED | position=(9.00, -9.00, -2.00) | distance_from_uav=0.02 m
[INFO] [1790277669.829690502] [sage_mission_manager]: VALIDATED VIEWPOINT PUBLISHED
[INFO] [1790277670.024436207] [sage_mission_manager]: VIEWPOINT ACCEPTED | position=(9.00, -9.00, -2.00) | distance_from_uav=0.02 m
[INFO] [1790277670.025259353] [sage_mission_manager]: VALIDATED VIEWPOINT PUBLISHED
[INFO] [1790277670.223785628] [sage_mission_manager]: VIEWPOINT ACCEPTED | position=(9.00, -9.00, -2.00) | distance_from_uav=0.02 m
[INFO] [1790277670.224540879] [sage_mission_manager]: VALIDATED VIEWPOINT PUBLISHED
[INFO] [1790277670.427524610] [sage_mission_manager]: VIEWPOINT ACCEPTED | position=(9.00, -9.00, -2.00) | distance_from_uav=0.02 m
[INFO] [1790277670.428107329] [sage_mission_manager]: VALIDATED VIEWPOINT PUBLISHED
[INFO] [1790277670.624184335] [sage_mission_manager]: VIEWPOINT ACCEPTED | position=(9.00, -9.00, -2.00) | distance_from_uav=0.02 m
[INFO] [1790277670.628020195] [sage_mission_manager]: VALIDATED VIEWPOINT PUBLISHED
[INFO] [1790277670.834152820] [sage_mission_manager]: VIEWPOINT ACCEPTED | position=(9.00, -9.00, -2.00) | distance_from_uav=0.02 m
[INFO] [1790277670.839413715] [sage_mission_manager]: VALIDATED VIEWPOINT PUBLISHED
[INFO] [1790277671.026712789] [sage_mission_manager]: VIEWPOINT ACCEPTED | position=(9.00, -9.00, -2.00) | distance_from_uav=0.02 m
[INFO] [1790277671.027292248] [sage_mission_manager]: VALIDATED VIEWPOINT PUBLISHED
[INFO] [1790277671.225510247] [sage_mission_manager]: VIEWPOINT ACCEPTED | position=(9.00, -9.00, -2.00) | distance_from_uav=0.02 m
[INFO] [1790277671.227803273] [sage_mission_manager]: VALIDATED VIEWPOINT PUBLISHED
[INFO] [1790277671.427271832] [sage_mission_manager]: VIEWPOINT ACCEPTED | position=(9.00, -9.00, -2.00) | distance_from_uav=0.02 m
[INFO] [1790277671.427846643] [sage_mission_manager]: VALIDATED VIEWPOINT PUBLISHED
[INFO] [1790277671.636527225] [sage_mission_manager]: VIEWPOINT ACCEPTED | position=(9.00, -9.00, -2.00) | distance_from_uav=0.02 m
[INFO] [1790277671.638724536] [sage_mission_manager]: VALIDATED VIEWPOINT PUBLISHED
[INFO] [1790277671.833804322] [sage_mission_manager]: VIEWPOINT ACCEPTED | position=(9.00, -9.00, -2.00) | distance_from_uav=0.02 m
[INFO] [1790277671.838198154] [sage_mission_manager]: VALIDATED VIEWPOINT PUBLISHED
[INFO] [1790277672.040137984] [sage_mission_manager]: VIEWPOINT ACCEPTED | position=(9.00, -9.00, -2.00) | distance_from_uav=0.02 m
[INFO] [1790277672.043714887] [sage_mission_manager]: VALIDATED VIEWPOINT PUBLISHED
[INFO] [1790277672.228348227] [sage_mission_manager]: VIEWPOINT ACCEPTED | position=(9.00, -9.00, -2.00) | distance_from_uav=0.02 m
[INFO] [1790277672.229406988] [sage_mission_manager]: VALIDATED VIEWPOINT PUBLISHED
[INFO] [1790277672.427341313] [sage_mission_manager]: VIEWPOINT ACCEPTED | position=(9.00, -9.00, -2.00) | distance_from_uav=0.02 m
[INFO] [1790277672.428173593] [sage_mission_manager]: VALIDATED VIEWPOINT PUBLISHED
[INFO] [1790277672.625235757] [sage_mission_manager]: VIEWPOINT ACCEPTED | position=(9.00, -9.00, -2.00) | distance_from_uav=0.01 m
[INFO] [1790277672.625838850] [sage_mission_manager]: VALIDATED VIEWPOINT PUBLISHED
[WARN] [1790277673.826120496] [sage_mission_manager]: RETURN HOME ACTIVE | planner viewpoints ignored.
[WARN] [1790277688.729962763] [sage_mission_manager]: HOME REACHED | requesting LAND.
