[INFO] [1790290173.446838835] [sage_viewpoint_planner]: OBSTACLE MAP | 6 known obstacles, margin 1.5 m
[INFO] [1790290173.449038126] [sage_viewpoint_planner]: SAGE active-vision viewpoint planner started.
[INFO] [1790290173.449513989] [sage_viewpoint_planner]: Standoff distance: 3.0 m
[INFO] [1790290173.449965715] [sage_viewpoint_planner]: Viewpoint altitude: -2.0 m
[INFO] [1790290173.450410333] [sage_viewpoint_planner]: Search viewpoints: 4
[INFO] [1790290173.450851171] [sage_viewpoint_planner]: Arrival tolerance: 0.35 m
[INFO] [1790290173.451300906] [sage_viewpoint_planner]: Maximum planner step: 0.7 m
[INFO] [1790290173.451750425] [sage_viewpoint_planner]: Observation confidence threshold: 0.60
[INFO] [1790290173.452286513] [sage_viewpoint_planner]: Observation bbox-area threshold: 0.0100 (1% of image)
[INFO] [1790290173.452742929] [sage_viewpoint_planner]: Camera resolution for bbox measurement: 1280x960
[INFO] [1790290173.453345300] [sage_viewpoint_planner]: Image-border margin threshold: 0.02
[INFO] [1790290175.693263422] [sage_viewpoint_planner]: PERSON OBSERVATION | confidence=0.706 | bbox_area_fraction=0.0116 | bbox_center_px=(1212.8, 617.4) | image_position=(0.948, 0.643) | bbox_margin=0.020
[INFO] [1790290175.850929454] [sage_viewpoint_planner]: New target acquired | target_id=1
[INFO] [1790290176.751945232] [sage_viewpoint_planner]: PERSON OBSERVATION | confidence=0.529 | bbox_area_fraction=0.0075 | bbox_center_px=(726.7, 632.6) | image_position=(0.568, 0.659) | bbox_margin=0.243
[INFO] [1790290177.948042736] [sage_viewpoint_planner]: PERSON OBSERVATION | confidence=0.590 | bbox_area_fraction=0.0088 | bbox_center_px=(734.1, 627.6) | image_position=(0.574, 0.654) | bbox_margin=0.249
[INFO] [1790290179.034148112] [sage_viewpoint_planner]: PERSON OBSERVATION | confidence=0.738 | bbox_area_fraction=0.0117 | bbox_center_px=(744.1, 618.6) | image_position=(0.581, 0.644) | bbox_margin=0.262
[INFO] [1790290180.249285755] [sage_viewpoint_planner]: PERSON OBSERVATION | confidence=0.724 | bbox_area_fraction=0.0114 | bbox_center_px=(742.7, 614.0) | image_position=(0.580, 0.640) | bbox_margin=0.263
[INFO] [1790290181.488947886] [sage_viewpoint_planner]: PERSON OBSERVATION | confidence=0.688 | bbox_area_fraction=0.0118 | bbox_center_px=(742.8, 622.0) | image_position=(0.580, 0.648) | bbox_margin=0.254
[INFO] [1790290182.521162912] [sage_viewpoint_planner]: PERSON OBSERVATION | confidence=0.666 | bbox_area_fraction=0.0118 | bbox_center_px=(741.8, 626.0) | image_position=(0.580, 0.652) | bbox_margin=0.250
[INFO] [1790290183.467142651] [sage_viewpoint_planner]: MISSION ACCEPTED | target=person | attribute=None | quantity=all | output=locations | text='Find all people in this area and report their locations'
[INFO] [1790290183.564552997] [sage_viewpoint_planner]: New target acquired | target_id=2
[INFO] [1790290183.653970855] [sage_viewpoint_planner]: CANDIDATE STATUS | id=2 | track=(-0.8,4.2) | uav=(-0.0,0.0) | range=4.2 m | sufficient=True | matches_track=True | evidence=0.0/2.0 s
[INFO] [1790290183.881651334] [sage_viewpoint_planner]: PERSON OBSERVATION | confidence=0.715 | bbox_area_fraction=0.0122 | bbox_center_px=(738.9, 635.5) | image_position=(0.577, 0.662) | bbox_margin=0.239
[INFO] [1790290184.925224228] [sage_viewpoint_planner]: PERSON OBSERVATION | confidence=0.703 | bbox_area_fraction=0.0066 | bbox_center_px=(945.1, 550.0) | image_position=(0.738, 0.573) | bbox_margin=0.236
[INFO] [1790290186.074644562] [sage_viewpoint_planner]: PERSON OBSERVATION | confidence=0.400 | bbox_area_fraction=0.0038 | bbox_center_px=(184.0, 578.3) | image_position=(0.144, 0.602) | bbox_margin=0.124
[INFO] [1790290187.328406133] [sage_viewpoint_planner]: PERSON OBSERVATION | confidence=0.859 | bbox_area_fraction=0.0563 | bbox_center_px=(277.6, 772.2) | image_position=(0.217, 0.804) | bbox_margin=0.000
[INFO] [1790290187.650745619] [sage_viewpoint_planner]: OBSERVATION INSUFFICIENT | viewpoint=1/4 | person_confidence=0.856 | bbox_area_fraction=0.0586 | fresh=True | confidence_ok=True | bbox_size_ok=True | position_ok=False | bbox_margin=0.000 | confidence_threshold=0.60 | bbox_threshold=0.0100
[INFO] [1790290187.652348892] [sage_viewpoint_planner]: ENERGY-AWARE SELECTION | chosen=4/4 | distance=7.5 m | est_cost_incl_return=0.7 % | unaffordable_skipped=0
[INFO] [1790290187.851939098] [sage_viewpoint_planner]: CANDIDATE STATUS | id=2 | track=(-5.3,5.5) | uav=(2.0,4.0) | range=7.5 m | sufficient=False | matches_track=False | evidence=1.2/2.0 s
[INFO] [1790290188.331570466] [sage_viewpoint_planner]: PERSON OBSERVATION | confidence=0.840 | bbox_area_fraction=0.0513 | bbox_center_px=(420.4, 792.9) | image_position=(0.328, 0.826) | bbox_margin=0.000
[INFO] [1790290189.615160523] [sage_viewpoint_planner]: PERSON OBSERVATION | confidence=0.692 | bbox_area_fraction=0.0078 | bbox_center_px=(928.8, 448.1) | image_position=(0.726, 0.467) | bbox_margin=0.244
[INFO] [1790290190.974059192] [sage_viewpoint_planner]: PERSON OBSERVATION | confidence=0.705 | bbox_area_fraction=0.0146 | bbox_center_px=(1201.0, 652.4) | image_position=(0.938, 0.680) | bbox_margin=0.027
[INFO] [1790290192.009599054] [sage_viewpoint_planner]: PERSON OBSERVATION | confidence=0.708 | bbox_area_fraction=0.0249 | bbox_center_px=(1180.2, 611.4) | image_position=(0.922, 0.637) | bbox_margin=0.005
[INFO] [1790290192.051229171] [sage_viewpoint_planner]: CANDIDATE STATUS | id=2 | track=(-5.3,7.6) | uav=(-4.4,3.0) | range=4.7 m | sufficient=False | matches_track=False | evidence=0.0/2.0 s
[INFO] [1790290192.653185017] [sage_viewpoint_planner]: OBSERVATION INSUFFICIENT | viewpoint=4/4 | person_confidence=0.533 | bbox_area_fraction=0.0243 | fresh=True | confidence_ok=False | bbox_size_ok=True | position_ok=True | bbox_margin=0.022 | confidence_threshold=0.60 | bbox_threshold=0.0100
[INFO] [1790290192.653800687] [sage_viewpoint_planner]: ENERGY-AWARE SELECTION | chosen=3/4 | distance=7.0 m | est_cost_incl_return=0.9 % | unaffordable_skipped=0
[INFO] [1790290193.080837709] [sage_viewpoint_planner]: PERSON OBSERVATION | confidence=0.710 | bbox_area_fraction=0.0185 | bbox_center_px=(1099.1, 648.8) | image_position=(0.859, 0.676) | bbox_margin=0.085
[INFO] [1790290194.231150668] [sage_viewpoint_planner]: PERSON OBSERVATION | confidence=0.749 | bbox_area_fraction=0.0169 | bbox_center_px=(228.7, 577.7) | image_position=(0.179, 0.602) | bbox_margin=0.136
[INFO] [1790290195.380505456] [sage_viewpoint_planner]: PERSON OBSERVATION | confidence=0.739 | bbox_area_fraction=0.0137 | bbox_center_px=(991.5, 622.9) | image_position=(0.775, 0.649) | bbox_margin=0.188
[INFO] [1790290196.254921860] [sage_viewpoint_planner]: CANDIDATE STATUS | id=2 | track=(-8.8,8.4) | uav=(-7.7,6.4) | range=2.3 m | sufficient=False | matches_track=False | evidence=1.0/2.0 s
[INFO] [1790290196.426670815] [sage_viewpoint_planner]: PERSON OBSERVATION | confidence=0.713 | bbox_area_fraction=0.0060 | bbox_center_px=(601.1, 627.6) | image_position=(0.470, 0.654) | bbox_margin=0.283
[INFO] [1790290197.450211401] [sage_viewpoint_planner]: PERSON OBSERVATION | confidence=0.633 | bbox_area_fraction=0.0046 | bbox_center_px=(492.9, 533.7) | image_position=(0.385, 0.556) | bbox_margin=0.364
[INFO] [1790290197.661670236] [sage_viewpoint_planner]: OBSERVATION INSUFFICIENT | viewpoint=3/4 | person_confidence=0.633 | bbox_area_fraction=0.0046 | fresh=True | confidence_ok=True | bbox_size_ok=False | position_ok=True | bbox_margin=0.364 | confidence_threshold=0.60 | bbox_threshold=0.0100
[INFO] [1790290197.662358625] [sage_viewpoint_planner]: ENERGY-AWARE SELECTION | chosen=2/4 | distance=3.2 m | est_cost_incl_return=0.9 % | unaffordable_skipped=0
[INFO] [1790290198.751020940] [sage_viewpoint_planner]: PERSON OBSERVATION | confidence=0.734 | bbox_area_fraction=0.0183 | bbox_center_px=(920.6, 629.5) | image_position=(0.719, 0.656) | bbox_margin=0.227
[INFO] [1790290200.450752477] [sage_viewpoint_planner]: CANDIDATE STATUS | id=2 | track=(-8.8,8.4) | uav=(-8.9,11.0) | range=2.6 m | sufficient=False | matches_track=False | evidence=0.0/2.0 s
[INFO] [1790290200.651441491] [sage_viewpoint_planner]: OBSERVATION INSUFFICIENT | viewpoint=2/4 | person_confidence=0.597 | bbox_area_fraction=0.0219 | fresh=False | confidence_ok=False | bbox_size_ok=True | position_ok=False | bbox_margin=0.001 | confidence_threshold=0.60 | bbox_threshold=0.0100
[INFO] [1790290200.652120896] [sage_viewpoint_planner]: SEARCH CYCLE COMPLETE | starting next cycle.
[INFO] [1790290200.652964311] [sage_viewpoint_planner]: ENERGY-AWARE SELECTION | chosen=3/4 | distance=4.0 m | est_cost_incl_return=0.9 % | unaffordable_skipped=0
[INFO] [1790290200.917304570] [sage_viewpoint_planner]: PERSON OBSERVATION | confidence=0.548 | bbox_area_fraction=0.0721 | bbox_center_px=(763.1, 759.7) | image_position=(0.596, 0.791) | bbox_margin=0.010
[INFO] [1790290202.122672300] [sage_viewpoint_planner]: PERSON OBSERVATION | confidence=0.651 | bbox_area_fraction=0.0378 | bbox_center_px=(411.5, 657.9) | image_position=(0.321, 0.685) | bbox_margin=0.123
[INFO] [1790290203.776738185] [sage_viewpoint_planner]: PERSON OBSERVATION | confidence=0.856 | bbox_area_fraction=0.0817 | bbox_center_px=(165.1, 808.0) | image_position=(0.129, 0.842) | bbox_margin=0.000
[INFO] [1790290204.457611744] [sage_viewpoint_planner]: CANDIDATE STATUS | id=2 | track=(-8.7,8.8) | uav=(-11.9,8.7) | range=3.2 m | sufficient=True | matches_track=True | evidence=1.0/2.0 s
[INFO] [1790290204.652674489] [sage_viewpoint_planner]: OBSERVATION SUFFICIENT | viewpoint=3/4 | person_confidence=0.785 | bbox_area_fraction=0.0558 | fresh=True | confidence_ok=True | bbox_size_ok=True | position_ok=True | bbox_margin=0.037 | confidence_threshold=0.60 | bbox_threshold=0.0100 | HOLDING VIEWPOINT.
[INFO] [1790290204.889942551] [sage_viewpoint_planner]: PERSON OBSERVATION | confidence=0.849 | bbox_area_fraction=0.0465 | bbox_center_px=(679.3, 704.2) | image_position=(0.531, 0.734) | bbox_margin=0.081
[INFO] [1790290205.455213051] [sage_viewpoint_planner]: TARGET VERIFIED | id=2 | position=(-8.91, 9.01) | confidence=0.787 | evidence_points=11 | speed=0.12 m/s | verified_total=1
[INFO] [1790290205.482338152] [sage_viewpoint_planner]: New target acquired | target_id=3
[INFO] [1790290205.972258855] [sage_viewpoint_planner]: PERSON OBSERVATION | confidence=0.802 | bbox_area_fraction=0.0387 | bbox_center_px=(773.3, 677.0) | image_position=(0.604, 0.705) | bbox_margin=0.135
[INFO] [1790290207.179584227] [sage_viewpoint_planner]: PERSON OBSERVATION | confidence=0.801 | bbox_area_fraction=0.0349 | bbox_center_px=(643.7, 611.4) | image_position=(0.503, 0.637) | bbox_margin=0.209
[INFO] [1790290208.463990446] [sage_viewpoint_planner]: CANDIDATE STATUS | id=3 | track=(-5.6,5.7) | uav=(-8.3,7.2) | range=3.1 m | sufficient=False | matches_track=False | evidence=0.0/2.0 s
[INFO] [1790290210.032040109] [sage_viewpoint_planner]: PERSON OBSERVATION | confidence=0.854 | bbox_area_fraction=0.0588 | bbox_center_px=(214.4, 792.5) | image_position=(0.167, 0.826) | bbox_margin=0.000
[INFO] [1790290211.141651366] [sage_viewpoint_planner]: PERSON OBSERVATION | confidence=0.766 | bbox_area_fraction=0.0193 | bbox_center_px=(291.9, 562.7) | image_position=(0.228, 0.586) | bbox_margin=0.182
[INFO] [1790290211.255683016] [sage_viewpoint_planner]: OBSERVATION SUFFICIENT | viewpoint=1/4 | person_confidence=0.766 | bbox_area_fraction=0.0193 | fresh=True | confidence_ok=True | bbox_size_ok=True | position_ok=True | bbox_margin=0.182 | confidence_threshold=0.60 | bbox_threshold=0.0100 | HOLDING VIEWPOINT.
[INFO] [1790290211.452060188] [sage_viewpoint_planner]: OBSERVATION QUALITY LOST | fresh=True | confidence_ok=False | bbox_size_ok=True | position_ok=False | resuming active search.
[INFO] [1790290211.454108396] [sage_viewpoint_planner]: OBSERVATION INSUFFICIENT | viewpoint=1/4 | person_confidence=0.474 | bbox_area_fraction=0.0718 | fresh=True | confidence_ok=False | bbox_size_ok=True | position_ok=False | bbox_margin=0.000 | confidence_threshold=0.60 | bbox_threshold=0.0100
[INFO] [1790290211.456602939] [sage_viewpoint_planner]: ENERGY-AWARE SELECTION | chosen=4/4 | distance=4.2 m | est_cost_incl_return=0.6 % | unaffordable_skipped=0
[INFO] [1790290212.208816501] [sage_viewpoint_planner]: PERSON OBSERVATION | confidence=0.795 | bbox_area_fraction=0.0384 | bbox_center_px=(700.6, 707.1) | image_position=(0.547, 0.737) | bbox_margin=0.069
[INFO] [1790290212.651989623] [sage_viewpoint_planner]: CANDIDATE STATUS | id=3 | track=(-5.6,5.7) | uav=(-2.3,5.3) | range=3.3 m | sufficient=True | matches_track=False | evidence=0.0/2.0 s
[INFO] [1790290213.376427953] [sage_viewpoint_planner]: PERSON OBSERVATION | confidence=0.722 | bbox_area_fraction=0.0142 | bbox_center_px=(1064.5, 483.8) | image_position=(0.832, 0.504) | bbox_margin=0.122
[INFO] [1790290214.503692084] [sage_viewpoint_planner]: PERSON OBSERVATION | confidence=0.851 | bbox_area_fraction=0.0536 | bbox_center_px=(1082.8, 801.5) | image_position=(0.846, 0.835) | bbox_margin=0.001
[INFO] [1790290215.054140325] [sage_viewpoint_planner]: OBSERVATION INSUFFICIENT | viewpoint=4/4 | person_confidence=0.852 | bbox_area_fraction=0.0396 | fresh=True | confidence_ok=True | bbox_size_ok=True | position_ok=False | bbox_margin=0.005 | confidence_threshold=0.60 | bbox_threshold=0.0100
[INFO] [1790290215.056045007] [sage_viewpoint_planner]: ENERGY-AWARE SELECTION | chosen=3/4 | distance=4.8 m | est_cost_incl_return=0.8 % | unaffordable_skipped=0
[INFO] [1790290215.617422681] [sage_viewpoint_planner]: PERSON OBSERVATION | confidence=0.721 | bbox_area_fraction=0.0180 | bbox_center_px=(564.9, 633.4) | image_position=(0.441, 0.660) | bbox_margin=0.220
[INFO] [1790290216.844591028] [sage_viewpoint_planner]: PERSON OBSERVATION | confidence=0.801 | bbox_area_fraction=0.0209 | bbox_center_px=(1122.3, 477.0) | image_position=(0.877, 0.497) | bbox_margin=0.079
[INFO] [1790290216.852438150] [sage_viewpoint_planner]: CANDIDATE STATUS | id=3 | track=(-5.5,7.2) | uav=(-6.3,3.5) | range=3.8 m | sufficient=True | matches_track=True | evidence=1.0/2.0 s
[INFO] [1790290218.115275329] [sage_viewpoint_planner]: PERSON OBSERVATION | confidence=0.690 | bbox_area_fraction=0.0083 | bbox_center_px=(831.7, 618.0) | image_position=(0.650, 0.644) | bbox_margin=0.283
[INFO] [1790290218.854173418] [sage_viewpoint_planner]: OBSERVATION INSUFFICIENT | viewpoint=3/4 | person_confidence=0.636 | bbox_area_fraction=0.0060 | fresh=True | confidence_ok=True | bbox_size_ok=False | position_ok=True | bbox_margin=0.349 | confidence_threshold=0.60 | bbox_threshold=0.0100
[INFO] [1790290218.855345062] [sage_viewpoint_planner]: ENERGY-AWARE SELECTION | chosen=2/4 | distance=4.9 m | est_cost_incl_return=0.9 % | unaffordable_skipped=0
[INFO] [1790290219.169538406] [sage_viewpoint_planner]: PERSON OBSERVATION | confidence=0.774 | bbox_area_fraction=0.0436 | bbox_center_px=(1070.1, 774.1) | image_position=(0.836, 0.806) | bbox_margin=0.038
[INFO] [1790290220.229696968] [sage_viewpoint_planner]: PERSON OBSERVATION | confidence=0.606 | bbox_area_fraction=0.0028 | bbox_center_px=(648.4, 502.4) | image_position=(0.507, 0.523) | bbox_margin=0.426
[INFO] [1790290221.050805687] [sage_viewpoint_planner]: CANDIDATE STATUS | id=3 | track=(-5.3,8.4) | uav=(-7.4,8.3) | range=2.1 m | sufficient=False | matches_track=False | evidence=2.0/2.0 s
[INFO] [1790290222.312752498] [sage_viewpoint_planner]: PERSON OBSERVATION | confidence=0.394 | bbox_area_fraction=0.0013 | bbox_center_px=(1079.1, 538.4) | image_position=(0.843, 0.561) | bbox_margin=0.147
[INFO] [1790290222.653807721] [sage_viewpoint_planner]: OBSERVATION INSUFFICIENT | viewpoint=2/4 | person_confidence=0.394 | bbox_area_fraction=0.0013 | fresh=True | confidence_ok=False | bbox_size_ok=False | position_ok=True | bbox_margin=0.147 | confidence_threshold=0.60 | bbox_threshold=0.0100
[INFO] [1790290222.656311475] [sage_viewpoint_planner]: SEARCH CYCLE COMPLETE | starting next cycle.
[INFO] [1790290222.658810967] [sage_viewpoint_planner]: ENERGY-AWARE SELECTION | chosen=3/4 | distance=3.1 m | est_cost_incl_return=0.8 % | unaffordable_skipped=0
[INFO] [1790290223.379680909] [sage_viewpoint_planner]: PERSON OBSERVATION | confidence=0.705 | bbox_area_fraction=0.0146 | bbox_center_px=(1230.3, 617.0) | image_position=(0.961, 0.643) | bbox_margin=0.001
[INFO] [1790290224.642668764] [sage_viewpoint_planner]: PERSON OBSERVATION | confidence=0.325 | bbox_area_fraction=0.0020 | bbox_center_px=(405.9, 514.2) | image_position=(0.317, 0.536) | bbox_margin=0.299
[INFO] [1790290225.259779495] [sage_viewpoint_planner]: CANDIDATE STATUS | id=3 | track=(-5.3,8.4) | uav=(-7.8,9.4) | range=2.7 m | sufficient=False | matches_track=False | evidence=0.0/2.0 s
[INFO] [1790290225.703873580] [sage_viewpoint_planner]: PERSON OBSERVATION | confidence=0.609 | bbox_area_fraction=0.0095 | bbox_center_px=(58.2, 585.5) | image_position=(0.045, 0.610) | bbox_margin=0.012
[INFO] [1790290226.793362204] [sage_viewpoint_planner]: PERSON OBSERVATION | confidence=0.801 | bbox_area_fraction=0.0328 | bbox_center_px=(1020.8, 636.0) | image_position=(0.798, 0.663) | bbox_margin=0.142
[INFO] [1790290227.803215687] [sage_viewpoint_planner]: PERSON OBSERVATION | confidence=0.751 | bbox_area_fraction=0.0165 | bbox_center_px=(915.0, 653.8) | image_position=(0.715, 0.681) | bbox_margin=0.194
[INFO] [1790290227.851772183] [sage_viewpoint_planner]: OBSERVATION SUFFICIENT | viewpoint=3/4 | person_confidence=0.751 | bbox_area_fraction=0.0165 | fresh=True | confidence_ok=True | bbox_size_ok=True | position_ok=True | bbox_margin=0.194 | confidence_threshold=0.60 | bbox_threshold=0.0100 | HOLDING VIEWPOINT.
[INFO] [1790290228.254930472] [sage_viewpoint_planner]: TARGET VERIFIED | id=3 | position=(-4.94, 10.79) | confidence=0.751 | evidence_points=11 | speed=0.74 m/s MOVING | verified_total=2
[INFO] [1790290228.273726110] [sage_viewpoint_planner]: New target acquired | target_id=4
[INFO] [1790290228.958092255] [sage_viewpoint_planner]: PERSON OBSERVATION | confidence=0.730 | bbox_area_fraction=0.0206 | bbox_center_px=(857.1, 701.8) | image_position=(0.670, 0.731) | bbox_margin=0.138
[INFO] [1790290229.451824173] [sage_viewpoint_planner]: CANDIDATE STATUS | id=4 | track=(-5.1,9.8) | uav=(-8.2,8.5) | range=3.4 m | sufficient=True | matches_track=True | evidence=1.0/2.0 s
[INFO] [1790290230.108726550] [sage_viewpoint_planner]: PERSON OBSERVATION | confidence=0.410 | bbox_area_fraction=0.0054 | bbox_center_px=(1051.4, 399.6) | image_position=(0.821, 0.416) | bbox_margin=0.156
[INFO] [1790290231.525312409] [sage_viewpoint_planner]: PERSON OBSERVATION | confidence=0.620 | bbox_area_fraction=0.0780 | bbox_center_px=(841.3, 797.8) | image_position=(0.657, 0.831) | bbox_margin=0.000
[INFO] [1790290232.650882788] [sage_viewpoint_planner]: DUPLICATE TRACK MERGED | id=4 | position=(-5.97, 9.68) | same as verified id=3
[INFO] [1790290232.849623992] [sage_viewpoint_planner]: COVERAGE START | area x[-12,12] y[-12,12] | 16 waypoints | continuous 45 deg/s yaw sweep each
[INFO] [1790290232.944812921] [sage_viewpoint_planner]: PERSON OBSERVATION | confidence=0.815 | bbox_area_fraction=0.0586 | bbox_center_px=(1091.3, 744.9) | image_position=(0.853, 0.776) | bbox_margin=0.018
[INFO] [1790290233.970694535] [sage_viewpoint_planner]: PERSON OBSERVATION | confidence=0.795 | bbox_area_fraction=0.0422 | bbox_center_px=(1146.0, 671.5) | image_position=(0.895, 0.699) | bbox_margin=0.043
[INFO] [1790290234.992149933] [sage_viewpoint_planner]: PERSON OBSERVATION | confidence=0.755 | bbox_area_fraction=0.0184 | bbox_center_px=(454.9, 585.9) | image_position=(0.355, 0.610) | bbox_margin=0.259
[INFO] [1790290235.571671375] [sage_viewpoint_planner]: New target acquired | target_id=6
[INFO] [1790290235.650787755] [sage_viewpoint_planner]: CANDIDATE FOUND | leaving sweep to verify target_id=6
[INFO] [1790290235.651750530] [sage_viewpoint_planner]: CANDIDATE STATUS | id=6 | track=(2.9,-3.0) | uav=(-5.6,8.9) | range=14.7 m | sufficient=True | matches_track=False | evidence=0.0/2.0 s
[INFO] [1790290236.040134069] [sage_viewpoint_planner]: PERSON OBSERVATION | confidence=0.769 | bbox_area_fraction=0.0235 | bbox_center_px=(770.1, 722.3) | image_position=(0.602, 0.752) | bbox_margin=0.099
[INFO] [1790290237.179326558] [sage_viewpoint_planner]: PERSON OBSERVATION | confidence=0.733 | bbox_area_fraction=0.0345 | bbox_center_px=(1216.3, 784.8) | image_position=(0.950, 0.818) | bbox_margin=0.001
[INFO] [1790290239.849898160] [sage_viewpoint_planner]: CANDIDATE STATUS | id=6 | track=(2.9,-3.0) | uav=(-6.9,7.5) | range=14.3 m | sufficient=False | matches_track=False | evidence=0.0/2.0 s
[INFO] [1790290240.582806254] [sage_viewpoint_planner]: PERSON OBSERVATION | confidence=0.848 | bbox_area_fraction=0.0609 | bbox_center_px=(293.7, 828.6) | image_position=(0.229, 0.863) | bbox_margin=0.001
[INFO] [1790290241.709271761] [sage_viewpoint_planner]: PERSON OBSERVATION | confidence=0.799 | bbox_area_fraction=0.0229 | bbox_center_px=(410.2, 703.5) | image_position=(0.320, 0.733) | bbox_margin=0.143
[INFO] [1790290242.819322529] [sage_viewpoint_planner]: PERSON OBSERVATION | confidence=0.806 | bbox_area_fraction=0.0286 | bbox_center_px=(587.9, 803.4) | image_position=(0.459, 0.837) | bbox_margin=0.002
[INFO] [1790290243.850861055] [sage_viewpoint_planner]: CANDIDATE STATUS | id=6 | track=(2.9,-3.0) | uav=(-0.2,3.2) | range=6.9 m | sufficient=False | matches_track=False | evidence=0.0/2.0 s
[INFO] [1790290243.944120284] [sage_viewpoint_planner]: PERSON OBSERVATION | confidence=0.402 | bbox_area_fraction=0.0220 | bbox_center_px=(348.0, 742.2) | image_position=(0.272, 0.773) | bbox_margin=0.094
[INFO] [1790290245.145862697] [sage_viewpoint_planner]: PERSON OBSERVATION | confidence=0.747 | bbox_area_fraction=0.0119 | bbox_center_px=(198.1, 679.2) | image_position=(0.155, 0.707) | bbox_margin=0.124
[INFO] [1790290246.513165878] [sage_viewpoint_planner]: PERSON OBSERVATION | confidence=0.716 | bbox_area_fraction=0.0049 | bbox_center_px=(127.2, 611.0) | image_position=(0.099, 0.636) | bbox_margin=0.080
[INFO] [1790290247.602522351] [sage_viewpoint_planner]: PERSON OBSERVATION | confidence=0.612 | bbox_area_fraction=0.0031 | bbox_center_px=(83.1, 525.3) | image_position=(0.065, 0.547) | bbox_margin=0.049
[INFO] [1790290248.053162365] [sage_viewpoint_planner]: CANDIDATE STATUS | id=6 | track=(2.9,-3.0) | uav=(5.5,-2.6) | range=2.6 m | sufficient=False | matches_track=False | evidence=0.0/2.0 s
[INFO] [1790290248.256480463] [sage_viewpoint_planner]: OBSERVATION INSUFFICIENT | viewpoint=1/4 | person_confidence=0.709 | bbox_area_fraction=0.0031 | fresh=True | confidence_ok=True | bbox_size_ok=False | position_ok=True | bbox_margin=0.042 | confidence_threshold=0.60 | bbox_threshold=0.0100
[INFO] [1790290248.257092339] [sage_viewpoint_planner]: ENERGY-AWARE SELECTION | chosen=2/4 | distance=3.9 m | est_cost_incl_return=0.5 % | unaffordable_skipped=0
[INFO] [1790290248.674820286] [sage_viewpoint_planner]: PERSON OBSERVATION | confidence=0.552 | bbox_area_fraction=0.0026 | bbox_center_px=(66.4, 414.1) | image_position=(0.052, 0.431) | bbox_margin=0.038
[INFO] [1790290249.764235726] [sage_viewpoint_planner]: PERSON OBSERVATION | confidence=0.824 | bbox_area_fraction=0.0433 | bbox_center_px=(1175.8, 828.9) | image_position=(0.919, 0.863) | bbox_margin=0.001
[INFO] [1790290250.795866923] [sage_viewpoint_planner]: PERSON OBSERVATION | confidence=0.789 | bbox_area_fraction=0.0360 | bbox_center_px=(367.0, 788.2) | image_position=(0.287, 0.821) | bbox_margin=0.011
[INFO] [1790290251.656342527] [sage_viewpoint_planner]: OBSERVATION SUFFICIENT | viewpoint=2/4 | person_confidence=0.710 | bbox_area_fraction=0.0138 | fresh=True | confidence_ok=True | bbox_size_ok=True | position_ok=True | bbox_margin=0.207 | confidence_threshold=0.60 | bbox_threshold=0.0100 | HOLDING VIEWPOINT.
[INFO] [1790290251.938634459] [sage_viewpoint_planner]: PERSON OBSERVATION | confidence=0.746 | bbox_area_fraction=0.0114 | bbox_center_px=(822.3, 564.2) | image_position=(0.642, 0.588) | bbox_margin=0.313
[INFO] [1790290252.055486679] [sage_viewpoint_planner]: CANDIDATE STATUS | id=6 | track=(4.8,-5.0) | uav=(3.0,0.1) | range=5.4 m | sufficient=True | matches_track=True | evidence=0.0/2.0 s
[INFO] [1790290252.851613782] [sage_viewpoint_planner]: OBSERVATION QUALITY LOST | fresh=True | confidence_ok=True | bbox_size_ok=False | position_ok=True | resuming active search.
[INFO] [1790290252.860890677] [sage_viewpoint_planner]: OBSERVATION INSUFFICIENT | viewpoint=2/4 | person_confidence=0.714 | bbox_area_fraction=0.0092 | fresh=True | confidence_ok=True | bbox_size_ok=False | position_ok=True | bbox_margin=0.308 | confidence_threshold=0.60 | bbox_threshold=0.0100
[INFO] [1790290252.864438411] [sage_viewpoint_planner]: ENERGY-AWARE SELECTION | chosen=3/4 | distance=5.9 m | est_cost_incl_return=0.7 % | unaffordable_skipped=0
[INFO] [1790290252.946875995] [sage_viewpoint_planner]: PERSON OBSERVATION | confidence=0.774 | bbox_area_fraction=0.0091 | bbox_center_px=(836.3, 569.6) | image_position=(0.653, 0.593) | bbox_margin=0.317
[INFO] [1790290254.123379889] [sage_viewpoint_planner]: PERSON OBSERVATION | confidence=0.741 | bbox_area_fraction=0.0105 | bbox_center_px=(794.8, 560.3) | image_position=(0.621, 0.584) | bbox_margin=0.317
[INFO] [1790290256.249530360] [sage_viewpoint_planner]: CANDIDATE STATUS | id=6 | track=(4.4,-4.7) | uav=(2.6,-4.2) | range=1.9 m | sufficient=False | matches_track=False | evidence=1.8/2.0 s
[INFO] [1790290256.357423544] [sage_viewpoint_planner]: PERSON OBSERVATION | confidence=0.762 | bbox_area_fraction=0.0115 | bbox_center_px=(132.7, 611.8) | image_position=(0.104, 0.637) | bbox_margin=0.070
[INFO] [1790290257.254219521] [sage_viewpoint_planner]: OBSERVATION INSUFFICIENT | viewpoint=3/4 | person_confidence=0.660 | bbox_area_fraction=0.0299 | fresh=True | confidence_ok=True | bbox_size_ok=True | position_ok=False | bbox_margin=0.000 | confidence_threshold=0.60 | bbox_threshold=0.0100
[INFO] [1790290257.254998584] [sage_viewpoint_planner]: ENERGY-AWARE SELECTION | chosen=4/4 | distance=3.7 m | est_cost_incl_return=0.7 % | unaffordable_skipped=0
[INFO] [1790290257.618741715] [sage_viewpoint_planner]: PERSON OBSERVATION | confidence=0.611 | bbox_area_fraction=0.0249 | bbox_center_px=(424.2, 798.5) | image_position=(0.331, 0.832) | bbox_margin=0.000
[INFO] [1790290258.651132284] [sage_viewpoint_planner]: PERSON OBSERVATION | confidence=0.824 | bbox_area_fraction=0.0848 | bbox_center_px=(364.2, 736.2) | image_position=(0.285, 0.767) | bbox_margin=0.008
[INFO] [1790290259.838697344] [sage_viewpoint_planner]: PERSON OBSERVATION | confidence=0.577 | bbox_area_fraction=0.0011 | bbox_center_px=(778.8, 535.9) | image_position=(0.608, 0.558) | bbox_margin=0.381
[INFO] [1790290260.250457674] [sage_viewpoint_planner]: CANDIDATE STATUS | id=6 | track=(4.9,-6.6) | uav=(4.4,-8.1) | range=1.6 m | sufficient=False | matches_track=False | evidence=0.0/2.0 s
[INFO] [1790290260.458355787] [sage_viewpoint_planner]: OBSERVATION INSUFFICIENT | viewpoint=4/4 | person_confidence=0.577 | bbox_area_fraction=0.0011 | fresh=True | confidence_ok=False | bbox_size_ok=False | position_ok=True | bbox_margin=0.381 | confidence_threshold=0.60 | bbox_threshold=0.0100
[INFO] [1790290260.458896024] [sage_viewpoint_planner]: SEARCH CYCLE COMPLETE | starting next cycle.
[INFO] [1790290260.459511824] [sage_viewpoint_planner]: ENERGY-AWARE SELECTION | chosen=3/4 | distance=2.6 m | est_cost_incl_return=0.6 % | unaffordable_skipped=0
[WARN] [1790290260.652471059] [sage_viewpoint_planner]: CANDIDATE REJECTED | id=6 | not confirmed in 25 s | resuming coverage.
[INFO] [1790290260.689767837] [sage_viewpoint_planner]: New target acquired | target_id=10
[INFO] [1790290260.849677853] [sage_viewpoint_planner]: CANDIDATE FOUND | leaving sweep to verify target_id=10
[INFO] [1790290260.906456118] [sage_viewpoint_planner]: PERSON OBSERVATION | confidence=0.606 | bbox_area_fraction=0.0010 | bbox_center_px=(986.5, 429.2) | image_position=(0.771, 0.447) | bbox_margin=0.221
[INFO] [1790290261.941418348] [sage_viewpoint_planner]: PERSON OBSERVATION | confidence=0.868 | bbox_area_fraction=0.2063 | bbox_center_px=(575.2, 733.8) | image_position=(0.449, 0.764) | bbox_margin=0.000
[INFO] [1790290263.279248041] [sage_viewpoint_planner]: PERSON OBSERVATION | confidence=0.880 | bbox_area_fraction=0.0812 | bbox_center_px=(756.1, 771.0) | image_position=(0.591, 0.803) | bbox_margin=0.002
[INFO] [1790290264.056750033] [sage_viewpoint_planner]: OBSERVATION SUFFICIENT | viewpoint=1/4 | person_confidence=0.839 | bbox_area_fraction=0.0634 | fresh=True | confidence_ok=True | bbox_size_ok=True | position_ok=True | bbox_margin=0.039 | confidence_threshold=0.60 | bbox_threshold=0.0100 | HOLDING VIEWPOINT.
[INFO] [1790290264.250756354] [sage_viewpoint_planner]: CANDIDATE STATUS | id=10 | track=(4.2,-8.7) | uav=(7.8,-6.7) | range=4.0 m | sufficient=True | matches_track=True | evidence=0.4/2.0 s
[INFO] [1790290264.319634554] [sage_viewpoint_planner]: PERSON OBSERVATION | confidence=0.835 | bbox_area_fraction=0.0457 | bbox_center_px=(1206.0, 572.4) | image_position=(0.942, 0.596) | bbox_margin=0.000
[INFO] [1790290264.450495356] [sage_viewpoint_planner]: OBSERVATION QUALITY LOST | fresh=True | confidence_ok=True | bbox_size_ok=True | position_ok=False | resuming active search.
[INFO] [1790290264.455165146] [sage_viewpoint_planner]: OBSERVATION INSUFFICIENT | viewpoint=1/4 | person_confidence=0.835 | bbox_area_fraction=0.0457 | fresh=True | confidence_ok=True | bbox_size_ok=True | position_ok=False | bbox_margin=0.000 | confidence_threshold=0.60 | bbox_threshold=0.0100
[INFO] [1790290264.455793579] [sage_viewpoint_planner]: ENERGY-AWARE SELECTION | chosen=2/4 | distance=3.7 m | est_cost_incl_return=0.6 % | unaffordable_skipped=0
[INFO] [1790290265.420606568] [sage_viewpoint_planner]: PERSON OBSERVATION | confidence=0.784 | bbox_area_fraction=0.0292 | bbox_center_px=(1174.8, 555.6) | image_position=(0.918, 0.579) | bbox_margin=0.033
[INFO] [1790290266.719291822] [sage_viewpoint_planner]: PERSON OBSERVATION | confidence=0.890 | bbox_area_fraction=0.0765 | bbox_center_px=(875.7, 818.7) | image_position=(0.684, 0.853) | bbox_margin=0.000
[INFO] [1790290267.851881345] [sage_viewpoint_planner]: OBSERVATION INSUFFICIENT | viewpoint=2/4 | person_confidence=0.868 | bbox_area_fraction=0.0625 | fresh=True | confidence_ok=True | bbox_size_ok=True | position_ok=False | bbox_margin=0.001 | confidence_threshold=0.60 | bbox_threshold=0.0100
[INFO] [1790290267.854384986] [sage_viewpoint_planner]: ENERGY-AWARE SELECTION | chosen=3/4 | distance=6.1 m | est_cost_incl_return=0.9 % | unaffordable_skipped=0
[INFO] [1790290267.899448914] [sage_viewpoint_planner]: PERSON OBSERVATION | confidence=0.751 | bbox_area_fraction=0.0112 | bbox_center_px=(583.5, 625.6) | image_position=(0.456, 0.652) | bbox_margin=0.246
[INFO] [1790290268.259650590] [sage_viewpoint_planner]: CANDIDATE STATUS | id=10 | track=(4.3,-10.4) | uav=(4.3,-5.7) | range=4.7 m | sufficient=True | matches_track=True | evidence=1.8/2.0 s
[INFO] [1790290268.454643383] [sage_viewpoint_planner]: TARGET VERIFIED | id=10 | position=(4.16, -10.01) | confidence=0.728 | evidence_points=11 | speed=0.39 m/s MOVING | verified_total=3
[INFO] [1790290268.676342501] [sage_viewpoint_planner]: New target acquired | target_id=7
[INFO] [1790290268.852787014] [sage_viewpoint_planner]: CANDIDATE FOUND | leaving sweep to verify target_id=7
[INFO] [1790290269.445010043] [sage_viewpoint_planner]: PERSON OBSERVATION | confidence=0.826 | bbox_area_fraction=0.0296 | bbox_center_px=(1058.1, 539.1) | image_position=(0.827, 0.562) | bbox_margin=0.113
[INFO] [1790290270.540789577] [sage_viewpoint_planner]: PERSON OBSERVATION | confidence=0.798 | bbox_area_fraction=0.0228 | bbox_center_px=(261.4, 794.6) | image_position=(0.204, 0.828) | bbox_margin=0.050
[INFO] [1790290272.245574955] [sage_viewpoint_planner]: PERSON OBSERVATION | confidence=0.632 | bbox_area_fraction=0.0047 | bbox_center_px=(40.1, 675.6) | image_position=(0.031, 0.704) | bbox_margin=0.011
[INFO] [1790290272.452783647] [sage_viewpoint_planner]: CANDIDATE STATUS | id=7 | track=(4.8,-2.2) | uav=(6.5,-1.6) | range=1.8 m | sufficient=False | matches_track=False | evidence=0.0/2.0 s
[INFO] [1790290273.252034794] [sage_viewpoint_planner]: OBSERVATION INSUFFICIENT | viewpoint=1/4 | person_confidence=0.632 | bbox_area_fraction=0.0047 | fresh=False | confidence_ok=True | bbox_size_ok=False | position_ok=False | bbox_margin=0.011 | confidence_threshold=0.60 | bbox_threshold=0.0100
[INFO] [1790290273.252938355] [sage_viewpoint_planner]: ENERGY-AWARE SELECTION | chosen=2/4 | distance=3.3 m | est_cost_incl_return=0.5 % | unaffordable_skipped=0
[INFO] [1790290273.289118803] [sage_viewpoint_planner]: PERSON OBSERVATION | confidence=0.664 | bbox_area_fraction=0.0108 | bbox_center_px=(1233.4, 481.4) | image_position=(0.964, 0.501) | bbox_margin=0.005
[INFO] [1790290274.390369182] [sage_viewpoint_planner]: PERSON OBSERVATION | confidence=0.711 | bbox_area_fraction=0.0074 | bbox_center_px=(1055.0, 482.1) | image_position=(0.824, 0.502) | bbox_margin=0.148
[INFO] [1790290275.547933741] [sage_viewpoint_planner]: PERSON OBSERVATION | confidence=0.543 | bbox_area_fraction=0.0046 | bbox_center_px=(585.5, 518.2) | image_position=(0.457, 0.540) | bbox_margin=0.408
[INFO] [1790290276.660730227] [sage_viewpoint_planner]: CANDIDATE STATUS | id=7 | track=(4.8,-2.2) | uav=(5.2,0.6) | range=2.8 m | sufficient=False | matches_track=False | evidence=0.0/2.0 s
[INFO] [1790290276.712350265] [sage_viewpoint_planner]: PERSON OBSERVATION | confidence=0.615 | bbox_area_fraction=0.0047 | bbox_center_px=(743.0, 512.0) | image_position=(0.580, 0.533) | bbox_margin=0.399
[INFO] [1790290276.850741645] [sage_viewpoint_planner]: OBSERVATION INSUFFICIENT | viewpoint=2/4 | person_confidence=0.615 | bbox_area_fraction=0.0047 | fresh=True | confidence_ok=True | bbox_size_ok=False | position_ok=True | bbox_margin=0.399 | confidence_threshold=0.60 | bbox_threshold=0.0100
[INFO] [1790290276.854362463] [sage_viewpoint_planner]: ENERGY-AWARE SELECTION | chosen=3/4 | distance=4.3 m | est_cost_incl_return=0.5 % | unaffordable_skipped=0
[INFO] [1790290277.896231046] [sage_viewpoint_planner]: PERSON OBSERVATION | confidence=0.658 | bbox_area_fraction=0.0036 | bbox_center_px=(602.7, 534.7) | image_position=(0.471, 0.557) | bbox_margin=0.389
[INFO] [1790290278.962240423] [sage_viewpoint_planner]: PERSON OBSERVATION | confidence=0.533 | bbox_area_fraction=0.0056 | bbox_center_px=(353.1, 433.0) | image_position=(0.276, 0.451) | bbox_margin=0.251
[INFO] [1790290280.452624457] [sage_viewpoint_planner]: OBSERVATION INSUFFICIENT | viewpoint=3/4 | person_confidence=0.533 | bbox_area_fraction=0.0056 | fresh=False | confidence_ok=False | bbox_size_ok=False | position_ok=True | bbox_margin=0.251 | confidence_threshold=0.60 | bbox_threshold=0.0100
[INFO] [1790290280.456618447] [sage_viewpoint_planner]: ENERGY-AWARE SELECTION | chosen=4/4 | distance=4.2 m | est_cost_incl_return=0.6 % | unaffordable_skipped=0
[INFO] [1790290280.724025147] [sage_viewpoint_planner]: PERSON OBSERVATION | confidence=0.379 | bbox_area_fraction=0.0172 | bbox_center_px=(82.3, 623.9) | image_position=(0.064, 0.650) | bbox_margin=0.010
[INFO] [1790290280.855062507] [sage_viewpoint_planner]: CANDIDATE STATUS | id=7 | track=(4.8,-2.2) | uav=(1.8,-2.2) | range=3.0 m | sufficient=False | matches_track=False | evidence=0.0/2.0 s
[INFO] [1790290283.208386009] [sage_viewpoint_planner]: PERSON OBSERVATION | confidence=0.623 | bbox_area_fraction=0.0033 | bbox_center_px=(632.7, 584.6) | image_position=(0.494, 0.609) | bbox_margin=0.338
[INFO] [1790290283.853068895] [sage_viewpoint_planner]: OBSERVATION INSUFFICIENT | viewpoint=4/4 | person_confidence=0.502 | bbox_area_fraction=0.0023 | fresh=True | confidence_ok=False | bbox_size_ok=False | position_ok=True | bbox_margin=0.403 | confidence_threshold=0.60 | bbox_threshold=0.0100
[INFO] [1790290283.853615355] [sage_viewpoint_planner]: SEARCH CYCLE COMPLETE | starting next cycle.
[INFO] [1790290283.854156189] [sage_viewpoint_planner]: ENERGY-AWARE SELECTION | chosen=3/4 | distance=4.0 m | est_cost_incl_return=0.4 % | unaffordable_skipped=0
[INFO] [1790290284.291493695] [sage_viewpoint_planner]: PERSON OBSERVATION | confidence=0.645 | bbox_area_fraction=0.0030 | bbox_center_px=(947.4, 477.7) | image_position=(0.740, 0.498) | bbox_margin=0.245
[INFO] [1790290285.050006352] [sage_viewpoint_planner]: CANDIDATE STATUS | id=7 | track=(4.8,-2.2) | uav=(4.6,-5.2) | range=3.1 m | sufficient=False | matches_track=False | evidence=0.0/2.0 s
[INFO] [1790290285.448580700] [sage_viewpoint_planner]: PERSON OBSERVATION | confidence=0.700 | bbox_area_fraction=0.0030 | bbox_center_px=(983.5, 416.8) | image_position=(0.768, 0.434) | bbox_margin=0.217
[INFO] [1790290286.644625865] [sage_viewpoint_planner]: PERSON OBSERVATION | confidence=0.748 | bbox_area_fraction=0.0159 | bbox_center_px=(407.7, 720.9) | image_position=(0.319, 0.751) | bbox_margin=0.144
[INFO] [1790290287.651409419] [sage_viewpoint_planner]: PERSON OBSERVATION | confidence=0.795 | bbox_area_fraction=0.0150 | bbox_center_px=(87.2, 504.7) | image_position=(0.068, 0.526) | bbox_margin=0.026
[INFO] [1790290287.661416091] [sage_viewpoint_planner]: OBSERVATION SUFFICIENT | viewpoint=3/4 | person_confidence=0.795 | bbox_area_fraction=0.0150 | fresh=True | confidence_ok=True | bbox_size_ok=True | position_ok=True | bbox_margin=0.026 | confidence_threshold=0.60 | bbox_threshold=0.0100 | HOLDING VIEWPOINT.
[INFO] [1790290288.452389850] [sage_viewpoint_planner]: OBSERVATION QUALITY LOST | fresh=True | confidence_ok=False | bbox_size_ok=True | position_ok=False | resuming active search.
[INFO] [1790290288.458163511] [sage_viewpoint_planner]: OBSERVATION INSUFFICIENT | viewpoint=3/4 | person_confidence=0.463 | bbox_area_fraction=0.0121 | fresh=True | confidence_ok=False | bbox_size_ok=True | position_ok=False | bbox_margin=0.000 | confidence_threshold=0.60 | bbox_threshold=0.0100
[INFO] [1790290288.458930434] [sage_viewpoint_planner]: ENERGY-AWARE SELECTION | chosen=2/4 | distance=4.4 m | est_cost_incl_return=0.5 % | unaffordable_skipped=0
[INFO] [1790290289.021544999] [sage_viewpoint_planner]: PERSON OBSERVATION | confidence=0.660 | bbox_area_fraction=0.0114 | bbox_center_px=(130.0, 524.8) | image_position=(0.102, 0.547) | bbox_margin=0.065
[INFO] [1790290289.050664480] [sage_viewpoint_planner]: CANDIDATE STATUS | id=7 | track=(4.8,-2.2) | uav=(1.7,-2.2) | range=3.0 m | sufficient=True | matches_track=False | evidence=0.0/2.0 s
[INFO] [1790290290.214612089] [sage_viewpoint_planner]: PERSON OBSERVATION | confidence=0.574 | bbox_area_fraction=0.0170 | bbox_center_px=(326.6, 672.7) | image_position=(0.255, 0.701) | bbox_margin=0.206
[INFO] [1790290291.529638229] [sage_viewpoint_planner]: PERSON OBSERVATION | confidence=0.579 | bbox_area_fraction=0.0065 | bbox_center_px=(1253.9, 620.7) | image_position=(0.980, 0.647) | bbox_margin=0.001
[INFO] [1790290291.853936645] [sage_viewpoint_planner]: OBSERVATION INSUFFICIENT | viewpoint=2/4 | person_confidence=0.665 | bbox_area_fraction=0.0044 | fresh=True | confidence_ok=True | bbox_size_ok=False | position_ok=True | bbox_margin=0.357 | confidence_threshold=0.60 | bbox_threshold=0.0100
[INFO] [1790290291.854920061] [sage_viewpoint_planner]: ENERGY-AWARE SELECTION | chosen=1/4 | distance=3.6 m | est_cost_incl_return=0.6 % | unaffordable_skipped=0
[INFO] [1790290292.804882449] [sage_viewpoint_planner]: PERSON OBSERVATION | confidence=0.697 | bbox_area_fraction=0.0025 | bbox_center_px=(560.6, 496.9) | image_position=(0.438, 0.518) | bbox_margin=0.425
[INFO] [1790290293.061899629] [sage_viewpoint_planner]: CANDIDATE STATUS | id=7 | track=(4.8,-2.2) | uav=(5.1,1.0) | range=3.2 m | sufficient=False | matches_track=False | evidence=0.0/2.0 s
[WARN] [1790290293.854045737] [sage_viewpoint_planner]: CANDIDATE REJECTED | id=7 | not confirmed in 25 s | resuming coverage.
[INFO] [1790290294.200185562] [sage_viewpoint_planner]: PERSON OBSERVATION | confidence=0.539 | bbox_area_fraction=0.0116 | bbox_center_px=(119.4, 750.6) | image_position=(0.093, 0.782) | bbox_margin=0.058
[INFO] [1790290294.481568452] [sage_viewpoint_planner]: New target acquired | target_id=11
[INFO] [1790290294.653487018] [sage_viewpoint_planner]: CANDIDATE FOUND | leaving sweep to verify target_id=11
[INFO] [1790290295.620368430] [sage_viewpoint_planner]: PERSON OBSERVATION | confidence=0.323 | bbox_area_fraction=0.0051 | bbox_center_px=(1072.8, 521.8) | image_position=(0.838, 0.543) | bbox_margin=0.139
[INFO] [1790290296.772948194] [sage_viewpoint_planner]: PERSON OBSERVATION | confidence=0.565 | bbox_area_fraction=0.0059 | bbox_center_px=(258.8, 744.2) | image_position=(0.202, 0.775) | bbox_margin=0.151
[INFO] [1790290297.251067305] [sage_viewpoint_planner]: CANDIDATE STATUS | id=11 | track=(7.8,-7.7) | uav=(9.6,-2.1) | range=5.9 m | sufficient=False | matches_track=False | evidence=0.0/2.0 s
[INFO] [1790290297.776746870] [sage_viewpoint_planner]: PERSON OBSERVATION | confidence=0.459 | bbox_area_fraction=0.0032 | bbox_center_px=(277.3, 566.7) | image_position=(0.217, 0.590) | bbox_margin=0.200
[INFO] [1790290298.947147096] [sage_viewpoint_planner]: PERSON OBSERVATION | confidence=0.570 | bbox_area_fraction=0.0037 | bbox_center_px=(153.9, 533.0) | image_position=(0.120, 0.555) | bbox_margin=0.100
[INFO] [1790290300.032055079] [sage_viewpoint_planner]: PERSON OBSERVATION | confidence=0.574 | bbox_area_fraction=0.0515 | bbox_center_px=(1028.9, 783.4) | image_position=(0.804, 0.816) | bbox_margin=0.002
[INFO] [1790290300.454753717] [sage_viewpoint_planner]: OBSERVATION INSUFFICIENT | viewpoint=1/4 | person_confidence=0.783 | bbox_area_fraction=0.0422 | fresh=True | confidence_ok=True | bbox_size_ok=True | position_ok=False | bbox_margin=0.000 | confidence_threshold=0.60 | bbox_threshold=0.0100
[INFO] [1790290300.458544219] [sage_viewpoint_planner]: ENERGY-AWARE SELECTION | chosen=2/4 | distance=4.1 m | est_cost_incl_return=0.7 % | unaffordable_skipped=0
[INFO] [1790290301.230074396] [sage_viewpoint_planner]: PERSON OBSERVATION | confidence=0.754 | bbox_area_fraction=0.0339 | bbox_center_px=(723.3, 765.7) | image_position=(0.565, 0.798) | bbox_margin=0.022
[INFO] [1790290301.449972413] [sage_viewpoint_planner]: CANDIDATE STATUS | id=11 | track=(5.6,-10.3) | uav=(10.7,-7.8) | range=5.7 m | sufficient=True | matches_track=False | evidence=0.2/2.0 s
[INFO] [1790290303.656159681] [sage_viewpoint_planner]: PERSON OBSERVATION | confidence=0.762 | bbox_area_fraction=0.0446 | bbox_center_px=(128.8, 847.9) | image_position=(0.101, 0.883) | bbox_margin=0.000
[INFO] [1790290303.851076970] [sage_viewpoint_planner]: OBSERVATION INSUFFICIENT | viewpoint=2/4 | person_confidence=0.762 | bbox_area_fraction=0.0446 | fresh=True | confidence_ok=True | bbox_size_ok=True | position_ok=False | bbox_margin=0.000 | confidence_threshold=0.60 | bbox_threshold=0.0100
[INFO] [1790290303.852252892] [sage_viewpoint_planner]: ENERGY-AWARE SELECTION | chosen=3/4 | distance=4.3 m | est_cost_incl_return=0.7 % | unaffordable_skipped=0
[INFO] [1790290304.726724050] [sage_viewpoint_planner]: PERSON OBSERVATION | confidence=0.854 | bbox_area_fraction=0.0370 | bbox_center_px=(773.9, 690.2) | image_position=(0.605, 0.719) | bbox_margin=0.116
[INFO] [1790290304.853515191] [sage_viewpoint_planner]: DUPLICATE TRACK MERGED | id=11 | position=(7.83, -8.43) | same as verified id=10
[INFO] [1790290305.819167037] [sage_viewpoint_planner]: PERSON OBSERVATION | confidence=0.851 | bbox_area_fraction=0.0591 | bbox_center_px=(95.7, 613.9) | image_position=(0.075, 0.639) | bbox_margin=0.000
[INFO] [1790290307.236158555] [sage_viewpoint_planner]: PERSON OBSERVATION | confidence=0.874 | bbox_area_fraction=0.0649 | bbox_center_px=(424.9, 775.3) | image_position=(0.332, 0.808) | bbox_margin=0.000
[INFO] [1790290307.783896567] [sage_viewpoint_planner]: New target acquired | target_id=12
[INFO] [1790290307.856744253] [sage_viewpoint_planner]: CANDIDATE FOUND | leaving sweep to verify target_id=12
[INFO] [1790290307.857615444] [sage_viewpoint_planner]: CANDIDATE STATUS | id=12 | track=(4.1,-8.4) | uav=(4.2,-8.3) | range=0.2 m | sufficient=False | matches_track=False | evidence=0.0/2.0 s
[INFO] [1790290311.053771611] [sage_viewpoint_planner]: OBSERVATION INSUFFICIENT | viewpoint=1/4 | person_confidence=0.833 | bbox_area_fraction=0.0480 | fresh=False | confidence_ok=True | bbox_size_ok=True | position_ok=False | bbox_margin=0.000 | confidence_threshold=0.60 | bbox_threshold=0.0100
[INFO] [1790290311.054348165] [sage_viewpoint_planner]: ENERGY-AWARE SELECTION | chosen=4/4 | distance=4.0 m | est_cost_incl_return=0.8 % | unaffordable_skipped=0
[INFO] [1790290311.677655096] [sage_viewpoint_planner]: PERSON OBSERVATION | confidence=0.496 | bbox_area_fraction=0.0156 | bbox_center_px=(31.0, 749.0) | image_position=(0.024, 0.780) | bbox_margin=0.001
[INFO] [1790290312.050293315] [sage_viewpoint_planner]: CANDIDATE STATUS | id=12 | track=(4.1,-8.4) | uav=(7.2,-8.5) | range=3.2 m | sufficient=False | matches_track=False | evidence=0.0/2.0 s
[INFO] [1790290312.715615855] [sage_viewpoint_planner]: PERSON OBSERVATION | confidence=0.786 | bbox_area_fraction=0.0224 | bbox_center_px=(495.3, 638.2) | image_position=(0.387, 0.665) | bbox_margin=0.220
[INFO] [1790290313.838341226] [sage_viewpoint_planner]: PERSON OBSERVATION | confidence=0.785 | bbox_area_fraction=0.0317 | bbox_center_px=(296.8, 816.5) | image_position=(0.232, 0.851) | bbox_margin=0.005
[INFO] [1790290314.658574605] [sage_viewpoint_planner]: OBSERVATION INSUFFICIENT | viewpoint=4/4 | person_confidence=0.806 | bbox_area_fraction=0.0384 | fresh=True | confidence_ok=True | bbox_size_ok=True | position_ok=False | bbox_margin=0.000 | confidence_threshold=0.60 | bbox_threshold=0.0100
[INFO] [1790290314.659744034] [sage_viewpoint_planner]: ENERGY-AWARE SELECTION | chosen=3/4 | distance=4.5 m | est_cost_incl_return=0.7 % | unaffordable_skipped=0
[INFO] [1790290315.792177516] [sage_viewpoint_planner]: PERSON OBSERVATION | confidence=0.814 | bbox_area_fraction=0.0240 | bbox_center_px=(67.1, 544.0) | image_position=(0.052, 0.567) | bbox_margin=0.009
[INFO] [1790290316.058523309] [sage_viewpoint_planner]: CANDIDATE STATUS | id=12 | track=(7.6,-7.5) | uav=(4.0,-11.1) | range=5.2 m | sufficient=False | matches_track=False | evidence=1.0/2.0 s
[INFO] [1790290316.879329032] [sage_viewpoint_planner]: PERSON OBSERVATION | confidence=0.731 | bbox_area_fraction=0.0156 | bbox_center_px=(1010.6, 481.7) | image_position=(0.790, 0.502) | bbox_margin=0.173
[INFO] [1790290318.039736537] [sage_viewpoint_planner]: PERSON OBSERVATION | confidence=0.767 | bbox_area_fraction=0.0180 | bbox_center_px=(789.4, 671.5) | image_position=(0.617, 0.699) | bbox_margin=0.175
[INFO] [1790290318.454696270] [sage_viewpoint_planner]: DUPLICATE TRACK MERGED | id=12 | position=(6.67, -6.85) | same as verified id=10
[INFO] [1790290318.473754297] [sage_viewpoint_planner]: New target acquired | target_id=17
[INFO] [1790290319.082597926] [sage_viewpoint_planner]: PERSON OBSERVATION | confidence=0.782 | bbox_area_fraction=0.0140 | bbox_center_px=(517.5, 617.1) | image_position=(0.404, 0.643) | bbox_margin=0.250
[INFO] [1790290320.250857418] [sage_viewpoint_planner]: CANDIDATE STATUS | id=17 | track=(6.3,-6.6) | uav=(4.4,-6.4) | range=1.9 m | sufficient=True | matches_track=True | evidence=1.0/2.0 s
[INFO] [1790290320.264219087] [sage_viewpoint_planner]: PERSON OBSERVATION | confidence=0.646 | bbox_area_fraction=0.0247 | bbox_center_px=(103.3, 359.7) | image_position=(0.081, 0.375) | bbox_margin=0.037
[INFO] [1790290321.293595347] [sage_viewpoint_planner]: PERSON OBSERVATION | confidence=0.503 | bbox_area_fraction=0.0050 | bbox_center_px=(141.3, 568.2) | image_position=(0.110, 0.592) | bbox_margin=0.088
[INFO] [1790290322.252809570] [sage_viewpoint_planner]: OBSERVATION INSUFFICIENT | viewpoint=1/4 | person_confidence=0.880 | bbox_area_fraction=0.0655 | fresh=True | confidence_ok=True | bbox_size_ok=True | position_ok=False | bbox_margin=0.000 | confidence_threshold=0.60 | bbox_threshold=0.0100
[INFO] [1790290322.267245605] [sage_viewpoint_planner]: ENERGY-AWARE SELECTION | chosen=2/4 | distance=2.7 m | est_cost_incl_return=0.6 % | unaffordable_skipped=0
[INFO] [1790290322.339924778] [sage_viewpoint_planner]: PERSON OBSERVATION | confidence=0.856 | bbox_area_fraction=0.0487 | bbox_center_px=(1070.0, 688.0) | image_position=(0.836, 0.717) | bbox_margin=0.087
[INFO] [1790290323.438238079] [sage_viewpoint_planner]: PERSON OBSERVATION | confidence=0.715 | bbox_area_fraction=0.0041 | bbox_center_px=(151.1, 461.8) | image_position=(0.118, 0.481) | bbox_margin=0.097
[INFO] [1790290324.452233547] [sage_viewpoint_planner]: CANDIDATE STATUS | id=17 | track=(5.2,-8.3) | uav=(6.8,-4.4) | range=4.2 m | sufficient=True | matches_track=False | evidence=1.8/2.0 s
[INFO] [1790290324.465049714] [sage_viewpoint_planner]: PERSON OBSERVATION | confidence=0.790 | bbox_area_fraction=0.0549 | bbox_center_px=(1057.1, 849.4) | image_position=(0.826, 0.885) | bbox_margin=0.000
[INFO] [1790290325.251103319] [sage_viewpoint_planner]: OBSERVATION SUFFICIENT | viewpoint=2/4 | person_confidence=0.824 | bbox_area_fraction=0.0314 | fresh=True | confidence_ok=True | bbox_size_ok=True | position_ok=True | bbox_margin=0.136 | confidence_threshold=0.60 | bbox_threshold=0.0100 | HOLDING VIEWPOINT.
[INFO] [1790290325.452845605] [sage_viewpoint_planner]: TARGET VERIFIED | id=17 | position=(6.94, -7.35) | confidence=0.806 | evidence_points=11 | speed=0.22 m/s | verified_total=4
[INFO] [1790290325.468712682] [sage_viewpoint_planner]: New target acquired | target_id=14
[INFO] [1790290325.703081191] [sage_viewpoint_planner]: PERSON OBSERVATION | confidence=0.802 | bbox_area_fraction=0.0197 | bbox_center_px=(796.0, 607.5) | image_position=(0.622, 0.633) | bbox_margin=0.254
[INFO] [1790290327.000801225] [sage_viewpoint_planner]: PERSON OBSERVATION | confidence=0.813 | bbox_area_fraction=0.0271 | bbox_center_px=(1150.7, 507.3) | image_position=(0.899, 0.528) | bbox_margin=0.045
[INFO] [1790290328.003203129] [sage_viewpoint_planner]: PERSON OBSERVATION | confidence=0.672 | bbox_area_fraction=0.0062 | bbox_center_px=(162.2, 763.4) | image_position=(0.127, 0.795) | bbox_margin=0.104
[INFO] [1790290328.654129009] [sage_viewpoint_planner]: CANDIDATE STATUS | id=14 | track=(8.1,-8.2) | uav=(7.5,-6.6) | range=1.7 m | sufficient=False | matches_track=False | evidence=1.6/2.0 s
[INFO] [1790290329.287480883] [sage_viewpoint_planner]: PERSON OBSERVATION | confidence=0.515 | bbox_area_fraction=0.0013 | bbox_center_px=(167.3, 595.0) | image_position=(0.131, 0.620) | bbox_margin=0.119
[INFO] [1790290330.346143451] [sage_viewpoint_planner]: PERSON OBSERVATION | confidence=0.709 | bbox_area_fraction=0.0156 | bbox_center_px=(1022.2, 698.8) | image_position=(0.799, 0.728) | bbox_margin=0.150
[INFO] [1790290331.252080513] [sage_viewpoint_planner]: OBSERVATION SUFFICIENT | viewpoint=1/4 | person_confidence=0.724 | bbox_area_fraction=0.0139 | fresh=True | confidence_ok=True | bbox_size_ok=True | position_ok=True | bbox_margin=0.178 | confidence_threshold=0.60 | bbox_threshold=0.0100 | HOLDING VIEWPOINT.
[INFO] [1790290331.404008527] [sage_viewpoint_planner]: PERSON OBSERVATION | confidence=0.465 | bbox_area_fraction=0.0586 | bbox_center_px=(173.1, 757.1) | image_position=(0.135, 0.789) | bbox_margin=0.001
[INFO] [1790290331.451252709] [sage_viewpoint_planner]: OBSERVATION QUALITY LOST | fresh=True | confidence_ok=False | bbox_size_ok=True | position_ok=False | resuming active search.
[INFO] [1790290331.455269301] [sage_viewpoint_planner]: OBSERVATION INSUFFICIENT | viewpoint=1/4 | person_confidence=0.465 | bbox_area_fraction=0.0586 | fresh=True | confidence_ok=False | bbox_size_ok=True | position_ok=False | bbox_margin=0.001 | confidence_threshold=0.60 | bbox_threshold=0.0100
[INFO] [1790290331.456083946] [sage_viewpoint_planner]: ENERGY-AWARE SELECTION | chosen=4/4 | distance=2.6 m | est_cost_incl_return=0.8 % | unaffordable_skipped=0
[INFO] [1790290332.428528100] [sage_viewpoint_planner]: PERSON OBSERVATION | confidence=0.669 | bbox_area_fraction=0.0473 | bbox_center_px=(111.7, 660.5) | image_position=(0.087, 0.688) | bbox_margin=0.019
[INFO] [1790290332.656348773] [sage_viewpoint_planner]: CANDIDATE STATUS | id=14 | track=(7.9,-8.1) | uav=(10.6,-10.8) | range=3.8 m | sufficient=False | matches_track=False | evidence=0.0/2.0 s
[INFO] [1790290333.431452898] [sage_viewpoint_planner]: PERSON OBSERVATION | confidence=0.681 | bbox_area_fraction=0.0326 | bbox_center_px=(396.6, 541.5) | image_position=(0.310, 0.564) | bbox_margin=0.244
[INFO] [1790290334.253370468] [sage_viewpoint_planner]: OBSERVATION INSUFFICIENT | viewpoint=4/4 | person_confidence=0.759 | bbox_area_fraction=0.0611 | fresh=True | confidence_ok=True | bbox_size_ok=True | position_ok=False | bbox_margin=0.000 | confidence_threshold=0.60 | bbox_threshold=0.0100
[INFO] [1790290334.254166244] [sage_viewpoint_planner]: ENERGY-AWARE SELECTION | chosen=3/4 | distance=4.6 m | est_cost_incl_return=0.7 % | unaffordable_skipped=0
[INFO] [1790290334.622880160] [sage_viewpoint_planner]: PERSON OBSERVATION | confidence=0.751 | bbox_area_fraction=0.0508 | bbox_center_px=(995.5, 785.1) | image_position=(0.778, 0.818) | bbox_margin=0.004
[INFO] [1790290335.694439224] [sage_viewpoint_planner]: PERSON OBSERVATION | confidence=0.785 | bbox_area_fraction=0.0180 | bbox_center_px=(690.8, 613.2) | image_position=(0.540, 0.639) | bbox_margin=0.227
[INFO] [1790290336.856570263] [sage_viewpoint_planner]: CANDIDATE STATUS | id=14 | track=(7.3,-7.6) | uav=(6.0,-9.6) | range=2.4 m | sufficient=True | matches_track=True | evidence=1.0/2.0 s
[INFO] [1790290337.668484318] [sage_viewpoint_planner]: PERSON OBSERVATION | confidence=0.798 | bbox_area_fraction=0.0414 | bbox_center_px=(1187.9, 789.9) | image_position=(0.928, 0.823) | bbox_margin=0.000
[INFO] [1790290338.061726687] [sage_viewpoint_planner]: OBSERVATION INSUFFICIENT | viewpoint=3/4 | person_confidence=0.513 | bbox_area_fraction=0.0648 | fresh=True | confidence_ok=False | bbox_size_ok=True | position_ok=False | bbox_margin=0.002 | confidence_threshold=0.60 | bbox_threshold=0.0100
[INFO] [1790290338.066540177] [sage_viewpoint_planner]: ENERGY-AWARE SELECTION | chosen=2/4 | distance=4.5 m | est_cost_incl_return=0.7 % | unaffordable_skipped=0
[INFO] [1790290338.724174179] [sage_viewpoint_planner]: PERSON OBSERVATION | confidence=0.780 | bbox_area_fraction=0.0275 | bbox_center_px=(716.3, 659.5) | image_position=(0.560, 0.687) | bbox_margin=0.165
[INFO] [1790290339.651496689] [sage_viewpoint_planner]: DUPLICATE TRACK MERGED | id=14 | position=(7.62, -7.42) | same as verified id=10
[INFO] [1790290339.724985305] [sage_viewpoint_planner]: PERSON OBSERVATION | confidence=0.870 | bbox_area_fraction=0.0430 | bbox_center_px=(1199.7, 459.2) | image_position=(0.937, 0.478) | bbox_margin=0.002
[INFO] [1790290341.741545725] [sage_viewpoint_planner]: PERSON OBSERVATION | confidence=0.874 | bbox_area_fraction=0.0679 | bbox_center_px=(1117.3, 795.7) | image_position=(0.873, 0.829) | bbox_margin=0.000
[INFO] [1790290341.789801943] [sage_viewpoint_planner]: New target acquired | target_id=16
[INFO] [1790290341.853746973] [sage_viewpoint_planner]: CANDIDATE FOUND | leaving sweep to verify target_id=16
[INFO] [1790290341.854765905] [sage_viewpoint_planner]: CANDIDATE STATUS | id=16 | track=(4.8,-10.8) | uav=(7.1,-5.5) | range=5.8 m | sufficient=False | matches_track=False | evidence=0.0/2.0 s
[INFO] [1790290342.809886101] [sage_viewpoint_planner]: PERSON OBSERVATION | confidence=0.859 | bbox_area_fraction=0.0403 | bbox_center_px=(902.9, 640.3) | image_position=(0.705, 0.667) | bbox_margin=0.155
[INFO] [1790290343.917229359] [sage_viewpoint_planner]: PERSON OBSERVATION | confidence=0.589 | bbox_area_fraction=0.0610 | bbox_center_px=(427.5, 781.2) | image_position=(0.334, 0.814) | bbox_margin=0.001
[INFO] [1790290344.936346348] [sage_viewpoint_planner]: PERSON OBSERVATION | confidence=0.818 | bbox_area_fraction=0.0488 | bbox_center_px=(295.4, 783.9) | image_position=(0.231, 0.817) | bbox_margin=0.000
[INFO] [1790290346.052163285] [sage_viewpoint_planner]: CANDIDATE STATUS | id=16 | track=(4.8,-10.8) | uav=(7.6,-10.3) | range=2.8 m | sufficient=False | matches_track=False | evidence=0.0/2.0 s
[INFO] [1790290346.253107822] [sage_viewpoint_planner]: OBSERVATION INSUFFICIENT | viewpoint=1/4 | person_confidence=0.701 | bbox_area_fraction=0.0260 | fresh=True | confidence_ok=True | bbox_size_ok=True | position_ok=False | bbox_margin=0.000 | confidence_threshold=0.60 | bbox_threshold=0.0100
[INFO] [1790290346.253750409] [sage_viewpoint_planner]: ENERGY-AWARE SELECTION | chosen=2/4 | distance=3.9 m | est_cost_incl_return=0.7 % | unaffordable_skipped=0
[INFO] [1790290350.055896962] [sage_viewpoint_planner]: CANDIDATE STATUS | id=16 | track=(4.8,-10.8) | uav=(5.1,-7.7) | range=3.1 m | sufficient=False | matches_track=False | evidence=0.0/2.0 s
[INFO] [1790290350.057241649] [sage_viewpoint_planner]: OBSERVATION INSUFFICIENT | viewpoint=2/4 | person_confidence=0.701 | bbox_area_fraction=0.0260 | fresh=False | confidence_ok=True | bbox_size_ok=True | position_ok=False | bbox_margin=0.000 | confidence_threshold=0.60 | bbox_threshold=0.0100
[INFO] [1790290350.058265757] [sage_viewpoint_planner]: ENERGY-AWARE SELECTION | chosen=3/4 | distance=4.5 m | est_cost_incl_return=0.8 % | unaffordable_skipped=0
[INFO] [1790290351.525403925] [sage_viewpoint_planner]: PERSON OBSERVATION | confidence=0.370 | bbox_area_fraction=0.0262 | bbox_center_px=(88.8, 867.5) | image_position=(0.069, 0.904) | bbox_margin=0.001
[INFO] [1790290352.614456133] [sage_viewpoint_planner]: PERSON OBSERVATION | confidence=0.739 | bbox_area_fraction=0.0252 | bbox_center_px=(629.5, 725.2) | image_position=(0.492, 0.755) | bbox_margin=0.119
[INFO] [1790290353.459580515] [sage_viewpoint_planner]: OBSERVATION INSUFFICIENT | viewpoint=3/4 | person_confidence=0.771 | bbox_area_fraction=0.0615 | fresh=True | confidence_ok=True | bbox_size_ok=True | position_ok=False | bbox_margin=0.000 | confidence_threshold=0.60 | bbox_threshold=0.0100
[INFO] [1790290353.461284321] [sage_viewpoint_planner]: ENERGY-AWARE SELECTION | chosen=4/4 | distance=4.3 m | est_cost_incl_return=0.9 % | unaffordable_skipped=0
[INFO] [1790290353.746544512] [sage_viewpoint_planner]: PERSON OBSERVATION | confidence=0.832 | bbox_area_fraction=0.0649 | bbox_center_px=(928.2, 741.0) | image_position=(0.725, 0.772) | bbox_margin=0.002
[INFO] [1790290354.061046382] [sage_viewpoint_planner]: CANDIDATE STATUS | id=16 | track=(4.9,-9.4) | uav=(1.6,-10.8) | range=3.6 m | sufficient=True | matches_track=True | evidence=0.0/2.0 s
[INFO] [1790290354.753209999] [sage_viewpoint_planner]: PERSON OBSERVATION | confidence=0.652 | bbox_area_fraction=0.0262 | bbox_center_px=(869.7, 622.4) | image_position=(0.679, 0.648) | bbox_margin=0.195
[INFO] [1790290355.892236747] [sage_viewpoint_planner]: PERSON OBSERVATION | confidence=0.780 | bbox_area_fraction=0.0961 | bbox_center_px=(157.0, 594.2) | image_position=(0.123, 0.619) | bbox_margin=0.000
[INFO] [1790290356.850731313] [sage_viewpoint_planner]: OBSERVATION INSUFFICIENT | viewpoint=4/4 | person_confidence=0.838 | bbox_area_fraction=0.0518 | fresh=True | confidence_ok=True | bbox_size_ok=True | position_ok=False | bbox_margin=0.001 | confidence_threshold=0.60 | bbox_threshold=0.0100
[INFO] [1790290356.855413050] [sage_viewpoint_planner]: SEARCH CYCLE COMPLETE | starting next cycle.
[INFO] [1790290356.860530421] [sage_viewpoint_planner]: ENERGY-AWARE SELECTION | chosen=3/4 | distance=4.8 m | est_cost_incl_return=0.8 % | unaffordable_skipped=0
[INFO] [1790290356.920845918] [sage_viewpoint_planner]: PERSON OBSERVATION | confidence=0.833 | bbox_area_fraction=0.0463 | bbox_center_px=(390.0, 783.5) | image_position=(0.305, 0.816) | bbox_margin=0.000
[INFO] [1790290358.130983236] [sage_viewpoint_planner]: PERSON OBSERVATION | confidence=0.823 | bbox_area_fraction=0.0349 | bbox_center_px=(827.0, 626.8) | image_position=(0.646, 0.653) | bbox_margin=0.179
[INFO] [1790290358.250070782] [sage_viewpoint_planner]: CANDIDATE STATUS | id=16 | track=(4.5,-10.4) | uav=(4.7,-13.6) | range=3.2 m | sufficient=True | matches_track=True | evidence=1.4/2.0 s
[INFO] [1790290360.635146094] [sage_viewpoint_planner]: PERSON OBSERVATION | confidence=0.625 | bbox_area_fraction=0.0271 | bbox_center_px=(675.2, 850.4) | image_position=(0.528, 0.886) | bbox_margin=0.001
[INFO] [1790290360.855381972] [sage_viewpoint_planner]: OBSERVATION INSUFFICIENT | viewpoint=3/4 | person_confidence=0.776 | bbox_area_fraction=0.0370 | fresh=True | confidence_ok=True | bbox_size_ok=True | position_ok=False | bbox_margin=0.000 | confidence_threshold=0.60 | bbox_threshold=0.0100
[INFO] [1790290360.858411338] [sage_viewpoint_planner]: ENERGY-AWARE SELECTION | chosen=2/4 | distance=2.8 m | est_cost_incl_return=0.6 % | unaffordable_skipped=0
[INFO] [1790290361.813060004] [sage_viewpoint_planner]: PERSON OBSERVATION | confidence=0.853 | bbox_area_fraction=0.0501 | bbox_center_px=(423.0, 775.2) | image_position=(0.330, 0.807) | bbox_margin=0.000
[INFO] [1790290362.250179115] [sage_viewpoint_planner]: CANDIDATE STATUS | id=16 | track=(5.1,-10.0) | uav=(2.9,-8.6) | range=2.6 m | sufficient=False | matches_track=False | evidence=1.8/2.0 s
[INFO] [1790290362.652167523] [sage_viewpoint_planner]: DUPLICATE TRACK MERGED | id=16 | position=(4.67, -9.84) | same as verified id=10
[INFO] [1790290363.829453455] [sage_viewpoint_planner]: PERSON OBSERVATION | confidence=0.896 | bbox_area_fraction=0.0993 | bbox_center_px=(1095.8, 790.3) | image_position=(0.856, 0.823) | bbox_margin=0.000
[INFO] [1790290363.886305480] [sage_viewpoint_planner]: New target acquired | target_id=15
[INFO] [1790290364.053810082] [sage_viewpoint_planner]: CANDIDATE FOUND | leaving sweep to verify target_id=15
[INFO] [1790290366.256717928] [sage_viewpoint_planner]: CANDIDATE STATUS | id=15 | track=(10.2,-12.3) | uav=(2.6,-10.5) | range=7.8 m | sufficient=False | matches_track=False | evidence=0.0/2.0 s
[INFO] [1790290370.450157722] [sage_viewpoint_planner]: CANDIDATE STATUS | id=15 | track=(10.2,-12.3) | uav=(8.3,-10.2) | range=2.8 m | sufficient=False | matches_track=False | evidence=0.0/2.0 s
[INFO] [1790290372.718106615] [sage_viewpoint_planner]: PERSON OBSERVATION | confidence=0.686 | bbox_area_fraction=0.0071 | bbox_center_px=(24.8, 533.5) | image_position=(0.019, 0.556) | bbox_margin=0.000
[INFO] [1790290373.652592816] [sage_viewpoint_planner]: OBSERVATION INSUFFICIENT | viewpoint=1/4 | person_confidence=0.686 | bbox_area_fraction=0.0071 | fresh=True | confidence_ok=True | bbox_size_ok=False | position_ok=False | bbox_margin=0.000 | confidence_threshold=0.60 | bbox_threshold=0.0100
[INFO] [1790290373.653336401] [sage_viewpoint_planner]: ENERGY-AWARE SELECTION | chosen=4/4 | distance=3.9 m | est_cost_incl_return=1.1 % | unaffordable_skipped=0
[INFO] [1790290374.016352263] [sage_viewpoint_planner]: PERSON OBSERVATION | confidence=0.636 | bbox_area_fraction=0.0209 | bbox_center_px=(54.8, 512.8) | image_position=(0.043, 0.534) | bbox_margin=0.003
[INFO] [1790290374.455086170] [sage_viewpoint_planner]: CANDIDATE STATUS | id=15 | track=(10.2,-12.3) | uav=(13.1,-12.6) | range=2.9 m | sufficient=False | matches_track=False | evidence=0.0/2.0 s
[INFO] [1790290375.236718663] [sage_viewpoint_planner]: PERSON OBSERVATION | confidence=0.387 | bbox_area_fraction=0.0018 | bbox_center_px=(211.2, 510.8) | image_position=(0.165, 0.532) | bbox_margin=0.150
[INFO] [1790290376.656780885] [sage_viewpoint_planner]: PERSON OBSERVATION | confidence=0.732 | bbox_area_fraction=0.0146 | bbox_center_px=(1151.6, 594.7) | image_position=(0.900, 0.620) | bbox_margin=0.064
[INFO] [1790290376.855079848] [sage_viewpoint_planner]: OBSERVATION INSUFFICIENT | viewpoint=4/4 | person_confidence=0.596 | bbox_area_fraction=0.0049 | fresh=True | confidence_ok=False | bbox_size_ok=False | position_ok=True | bbox_margin=0.045 | confidence_threshold=0.60 | bbox_threshold=0.0100
[INFO] [1790290376.856546614] [sage_viewpoint_planner]: ENERGY-AWARE SELECTION | chosen=3/4 | distance=4.3 m | est_cost_incl_return=0.9 % | unaffordable_skipped=0
[INFO] [1790290377.849336626] [sage_viewpoint_planner]: PERSON OBSERVATION | confidence=0.434 | bbox_area_fraction=0.0029 | bbox_center_px=(908.0, 526.3) | image_position=(0.709, 0.548) | bbox_margin=0.277
[INFO] [1790290378.457405355] [sage_viewpoint_planner]: CANDIDATE STATUS | id=15 | track=(10.2,-12.3) | uav=(9.4,-14.9) | range=2.8 m | sufficient=False | matches_track=False | evidence=0.0/2.0 s
[INFO] [1790290380.462726153] [sage_viewpoint_planner]: OBSERVATION INSUFFICIENT | viewpoint=3/4 | person_confidence=0.746 | bbox_area_fraction=0.0074 | fresh=False | confidence_ok=True | bbox_size_ok=False | position_ok=True | bbox_margin=0.187 | confidence_threshold=0.60 | bbox_threshold=0.0100
[INFO] [1790290380.471665089] [sage_viewpoint_planner]: ENERGY-AWARE SELECTION | chosen=2/4 | distance=4.3 m | est_cost_incl_return=0.9 % | unaffordable_skipped=0
[INFO] [1790290382.652815435] [sage_viewpoint_planner]: CANDIDATE STATUS | id=15 | track=(10.2,-12.3) | uav=(8.4,-10.8) | range=2.3 m | sufficient=False | matches_track=False | evidence=0.0/2.0 s
[INFO] [1790290384.053168676] [sage_viewpoint_planner]: OBSERVATION INSUFFICIENT | viewpoint=2/4 | person_confidence=0.746 | bbox_area_fraction=0.0074 | fresh=False | confidence_ok=True | bbox_size_ok=False | position_ok=True | bbox_margin=0.187 | confidence_threshold=0.60 | bbox_threshold=0.0100
[INFO] [1790290384.054946962] [sage_viewpoint_planner]: SEARCH CYCLE COMPLETE | starting next cycle.
[INFO] [1790290384.056077935] [sage_viewpoint_planner]: ENERGY-AWARE SELECTION | chosen=3/4 | distance=4.1 m | est_cost_incl_return=0.9 % | unaffordable_skipped=0
[INFO] [1790290386.655447647] [sage_viewpoint_planner]: CANDIDATE STATUS | id=15 | track=(10.2,-12.3) | uav=(8.2,-11.0) | range=2.4 m | sufficient=False | matches_track=False | evidence=0.0/2.0 s
[INFO] [1790290387.660584561] [sage_viewpoint_planner]: OBSERVATION INSUFFICIENT | viewpoint=3/4 | person_confidence=0.746 | bbox_area_fraction=0.0074 | fresh=False | confidence_ok=True | bbox_size_ok=False | position_ok=True | bbox_margin=0.187 | confidence_threshold=0.60 | bbox_threshold=0.0100
[INFO] [1790290387.661255171] [sage_viewpoint_planner]: ENERGY-AWARE SELECTION | chosen=4/4 | distance=4.5 m | est_cost_incl_return=1.1 % | unaffordable_skipped=0
[WARN] [1790290388.452134397] [sage_viewpoint_planner]: CANDIDATE REJECTED | id=15 | no person visible (phantom) | resuming coverage.
[INFO] [1790290389.813938684] [sage_viewpoint_planner]: PERSON OBSERVATION | confidence=0.410 | bbox_area_fraction=0.0012 | bbox_center_px=(793.0, 369.3) | image_position=(0.620, 0.385) | bbox_margin=0.356
[INFO] [1790290390.990710250] [sage_viewpoint_planner]: PERSON OBSERVATION | confidence=0.833 | bbox_area_fraction=0.0655 | bbox_center_px=(88.5, 715.2) | image_position=(0.069, 0.745) | bbox_margin=0.000
[INFO] [1790290397.451053894] [sage_viewpoint_planner]: COVERAGE WAYPOINT | 1/16 at (-8.0, -9.0) | scanning
[INFO] [1790290410.256886861] [sage_viewpoint_planner]: COVERAGE WAYPOINT | 2/16 at (-9.6, -3.0) | scanning
[INFO] [1790290411.050449168] [sage_viewpoint_planner]: PERSON OBSERVATION | confidence=0.347 | bbox_area_fraction=0.0015 | bbox_center_px=(537.5, 615.7) | image_position=(0.420, 0.641) | bbox_margin=0.320
[INFO] [1790290411.582935800] [sage_viewpoint_planner]: New target acquired | target_id=13
[INFO] [1790290411.650145567] [sage_viewpoint_planner]: CANDIDATE FOUND | leaving sweep to verify target_id=13
[INFO] [1790290411.651098642] [sage_viewpoint_planner]: CANDIDATE STATUS | id=13 | track=(-0.1,4.1) | uav=(-9.4,-2.9) | range=11.7 m | sufficient=False | matches_track=False | evidence=0.0/2.0 s
[INFO] [1790290412.486529441] [sage_viewpoint_planner]: PERSON OBSERVATION | confidence=0.552 | bbox_area_fraction=0.0043 | bbox_center_px=(128.0, 597.0) | image_position=(0.100, 0.622) | bbox_margin=0.082
[INFO] [1790290415.653948905] [sage_viewpoint_planner]: CANDIDATE STATUS | id=13 | track=(-0.1,4.1) | uav=(-12.8,2.4) | range=12.8 m | sufficient=False | matches_track=False | evidence=0.0/2.0 s
[INFO] [1790290419.852768948] [sage_viewpoint_planner]: CANDIDATE STATUS | id=13 | track=(-0.1,4.1) | uav=(-7.0,6.3) | range=7.3 m | sufficient=False | matches_track=False | evidence=0.0/2.0 s
[INFO] [1790290421.205603556] [sage_viewpoint_planner]: PERSON OBSERVATION | confidence=0.360 | bbox_area_fraction=0.0255 | bbox_center_px=(52.5, 800.6) | image_position=(0.041, 0.834) | bbox_margin=0.001
[INFO] [1790290422.479156189] [sage_viewpoint_planner]: PERSON OBSERVATION | confidence=0.783 | bbox_area_fraction=0.0123 | bbox_center_px=(159.4, 645.2) | image_position=(0.125, 0.672) | bbox_margin=0.093
[INFO] [1790290423.507818437] [sage_viewpoint_planner]: PERSON OBSERVATION | confidence=0.739 | bbox_area_fraction=0.0295 | bbox_center_px=(136.3, 724.0) | image_position=(0.107, 0.754) | bbox_margin=0.058
[INFO] [1790290424.052984594] [sage_viewpoint_planner]: CANDIDATE STATUS | id=13 | track=(-0.1,4.1) | uav=(1.5,4.0) | range=1.5 m | sufficient=True | matches_track=False | evidence=0.0/2.0 s
[INFO] [1790290424.526565966] [sage_viewpoint_planner]: PERSON OBSERVATION | confidence=0.763 | bbox_area_fraction=0.0085 | bbox_center_px=(202.6, 527.4) | image_position=(0.158, 0.549) | bbox_margin=0.134
[INFO] [1790290425.667540231] [sage_viewpoint_planner]: PERSON OBSERVATION | confidence=0.824 | bbox_area_fraction=0.0743 | bbox_center_px=(247.4, 751.7) | image_position=(0.193, 0.783) | bbox_margin=0.000
[INFO] [1790290426.840779757] [sage_viewpoint_planner]: PERSON OBSERVATION | confidence=0.845 | bbox_area_fraction=0.0549 | bbox_center_px=(260.1, 771.6) | image_position=(0.203, 0.804) | bbox_margin=0.000
[INFO] [1790290427.652095368] [sage_viewpoint_planner]: OBSERVATION INSUFFICIENT | viewpoint=1/4 | person_confidence=0.831 | bbox_area_fraction=0.0510 | fresh=True | confidence_ok=True | bbox_size_ok=True | position_ok=False | bbox_margin=0.000 | confidence_threshold=0.60 | bbox_threshold=0.0100
[INFO] [1790290427.652822894] [sage_viewpoint_planner]: ENERGY-AWARE SELECTION | chosen=4/4 | distance=2.7 m | est_cost_incl_return=0.4 % | unaffordable_skipped=0
[INFO] [1790290428.170014599] [sage_viewpoint_planner]: PERSON OBSERVATION | confidence=0.800 | bbox_area_fraction=0.0477 | bbox_center_px=(260.5, 788.5) | image_position=(0.203, 0.821) | bbox_margin=0.000
[INFO] [1790290428.249833057] [sage_viewpoint_planner]: CANDIDATE STATUS | id=13 | track=(0.1,5.2) | uav=(2.4,3.8) | range=2.6 m | sufficient=False | matches_track=False | evidence=0.0/2.0 s
[INFO] [1790290429.397471121] [sage_viewpoint_planner]: PERSON OBSERVATION | confidence=0.796 | bbox_area_fraction=0.0509 | bbox_center_px=(694.0, 730.0) | image_position=(0.542, 0.760) | bbox_margin=0.070
[INFO] [1790290430.651740453] [sage_viewpoint_planner]: OBSERVATION INSUFFICIENT | viewpoint=4/4 | person_confidence=0.701 | bbox_area_fraction=0.0091 | fresh=True | confidence_ok=True | bbox_size_ok=False | position_ok=True | bbox_margin=0.037 | confidence_threshold=0.60 | bbox_threshold=0.0100
[INFO] [1790290430.652760318] [sage_viewpoint_planner]: ENERGY-AWARE SELECTION | chosen=3/4 | distance=4.5 m | est_cost_incl_return=0.6 % | unaffordable_skipped=0
[INFO] [1790290430.731637029] [sage_viewpoint_planner]: PERSON OBSERVATION | confidence=0.770 | bbox_area_fraction=0.0550 | bbox_center_px=(1104.7, 799.4) | image_position=(0.863, 0.833) | bbox_margin=0.001
[INFO] [1790290431.954497318] [sage_viewpoint_planner]: PERSON OBSERVATION | confidence=0.780 | bbox_area_fraction=0.0270 | bbox_center_px=(700.1, 671.0) | image_position=(0.547, 0.699) | bbox_margin=0.144
[INFO] [1790290432.253854797] [sage_viewpoint_planner]: CANDIDATE STATUS | id=13 | track=(-0.3,4.8) | uav=(-0.4,2.4) | range=2.4 m | sufficient=True | matches_track=True | evidence=0.8/2.0 s
[INFO] [1790290433.388587689] [sage_viewpoint_planner]: PERSON OBSERVATION | confidence=0.607 | bbox_area_fraction=0.0083 | bbox_center_px=(92.6, 708.0) | image_position=(0.072, 0.737) | bbox_margin=0.044
[INFO] [1790290434.463390433] [sage_viewpoint_planner]: OBSERVATION INSUFFICIENT | viewpoint=3/4 | person_confidence=0.319 | bbox_area_fraction=0.1377 | fresh=True | confidence_ok=False | bbox_size_ok=True | position_ok=False | bbox_margin=0.001 | confidence_threshold=0.60 | bbox_threshold=0.0100
[INFO] [1790290434.466815590] [sage_viewpoint_planner]: ENERGY-AWARE SELECTION | chosen=2/4 | distance=3.7 m | est_cost_incl_return=0.6 % | unaffordable_skipped=0
[INFO] [1790290434.599724676] [sage_viewpoint_planner]: PERSON OBSERVATION | confidence=0.482 | bbox_area_fraction=0.1224 | bbox_center_px=(794.0, 798.1) | image_position=(0.620, 0.831) | bbox_margin=0.002
[INFO] [1790290435.457155390] [sage_viewpoint_planner]: TARGET VERIFIED | id=13 | position=(-0.21, 4.87) | confidence=0.622 | evidence_points=11 | speed=0.10 m/s | verified_total=5
[INFO] [1790290435.828162313] [sage_viewpoint_planner]: PERSON OBSERVATION | confidence=0.832 | bbox_area_fraction=0.0451 | bbox_center_px=(683.3, 682.1) | image_position=(0.534, 0.711) | bbox_margin=0.147
[INFO] [1790290435.871848640] [sage_viewpoint_planner]: New target acquired | target_id=18
[INFO] [1790290436.050007604] [sage_viewpoint_planner]: CANDIDATE FOUND | leaving sweep to verify target_id=18
[INFO] [1790290436.257211269] [sage_viewpoint_planner]: CANDIDATE STATUS | id=18 | track=(0.7,4.1) | uav=(-2.3,6.1) | range=3.6 m | sufficient=False | matches_track=False | evidence=0.0/2.0 s
[INFO] [1790290436.867040317] [sage_viewpoint_planner]: PERSON OBSERVATION | confidence=0.531 | bbox_area_fraction=0.0028 | bbox_center_px=(1097.4, 484.2) | image_position=(0.857, 0.504) | bbox_margin=0.126
[INFO] [1790290438.006649631] [sage_viewpoint_planner]: PERSON OBSERVATION | confidence=0.785 | bbox_area_fraction=0.0170 | bbox_center_px=(481.7, 858.4) | image_position=(0.376, 0.894) | bbox_margin=0.000
[INFO] [1790290439.219013667] [sage_viewpoint_planner]: PERSON OBSERVATION | confidence=0.439 | bbox_area_fraction=0.0041 | bbox_center_px=(647.9, 629.3) | image_position=(0.506, 0.656) | bbox_margin=0.292
[INFO] [1790290440.309492338] [sage_viewpoint_planner]: PERSON OBSERVATION | confidence=0.556 | bbox_area_fraction=0.0382 | bbox_center_px=(106.2, 848.3) | image_position=(0.083, 0.884) | bbox_margin=0.000
[INFO] [1790290440.452144716] [sage_viewpoint_planner]: CANDIDATE STATUS | id=18 | track=(-0.1,5.1) | uav=(2.6,1.9) | range=4.3 m | sufficient=False | matches_track=False | evidence=0.0/2.0 s
[INFO] [1790290441.322871327] [sage_viewpoint_planner]: PERSON OBSERVATION | confidence=0.713 | bbox_area_fraction=0.0250 | bbox_center_px=(405.9, 642.7) | image_position=(0.317, 0.670) | bbox_margin=0.203
[INFO] [1790290441.650373021] [sage_viewpoint_planner]: OBSERVATION SUFFICIENT | viewpoint=1/4 | person_confidence=0.683 | bbox_area_fraction=0.0140 | fresh=True | confidence_ok=True | bbox_size_ok=True | position_ok=True | bbox_margin=0.270 | confidence_threshold=0.60 | bbox_threshold=0.0100 | HOLDING VIEWPOINT.
[INFO] [1790290441.851990442] [sage_viewpoint_planner]: OBSERVATION QUALITY LOST | fresh=True | confidence_ok=False | bbox_size_ok=True | position_ok=True | resuming active search.
[INFO] [1790290441.853744653] [sage_viewpoint_planner]: OBSERVATION INSUFFICIENT | viewpoint=1/4 | person_confidence=0.553 | bbox_area_fraction=0.0165 | fresh=True | confidence_ok=False | bbox_size_ok=True | position_ok=True | bbox_margin=0.305 | confidence_threshold=0.60 | bbox_threshold=0.0100
[INFO] [1790290441.857763193] [sage_viewpoint_planner]: ENERGY-AWARE SELECTION | chosen=4/4 | distance=5.0 m | est_cost_incl_return=0.4 % | unaffordable_skipped=0
[INFO] [1790290442.521118565] [sage_viewpoint_planner]: PERSON OBSERVATION | confidence=0.636 | bbox_area_fraction=0.0080 | bbox_center_px=(481.6, 541.8) | image_position=(0.376, 0.564) | bbox_margin=0.350
[INFO] [1790290443.692621047] [sage_viewpoint_planner]: PERSON OBSERVATION | confidence=0.651 | bbox_area_fraction=0.0108 | bbox_center_px=(914.2, 426.5) | image_position=(0.714, 0.444) | bbox_margin=0.254
[INFO] [1790290444.651334330] [sage_viewpoint_planner]: CANDIDATE STATUS | id=18 | track=(-0.9,4.9) | uav=(1.8,1.7) | range=4.2 m | sufficient=True | matches_track=False | evidence=1.0/2.0 s
[INFO] [1790290445.012970614] [sage_viewpoint_planner]: PERSON OBSERVATION | confidence=0.842 | bbox_area_fraction=0.0452 | bbox_center_px=(1193.1, 754.7) | image_position=(0.932, 0.786) | bbox_margin=0.002
[INFO] [1790290446.043424538] [sage_viewpoint_planner]: PERSON OBSERVATION | confidence=0.786 | bbox_area_fraction=0.0360 | bbox_center_px=(759.5, 799.3) | image_position=(0.593, 0.833) | bbox_margin=0.004
[INFO] [1790290446.055881650] [sage_viewpoint_planner]: OBSERVATION INSUFFICIENT | viewpoint=4/4 | person_confidence=0.786 | bbox_area_fraction=0.0360 | fresh=True | confidence_ok=True | bbox_size_ok=True | position_ok=False | bbox_margin=0.004 | confidence_threshold=0.60 | bbox_threshold=0.0100
[INFO] [1790290446.059149559] [sage_viewpoint_planner]: ENERGY-AWARE SELECTION | chosen=3/4 | distance=3.9 m | est_cost_incl_return=0.5 % | unaffordable_skipped=0
[INFO] [1790290447.056457296] [sage_viewpoint_planner]: DUPLICATE TRACK MERGED | id=18 | position=(-0.33, 4.60) | same as verified id=13
[INFO] [1790290447.123596025] [sage_viewpoint_planner]: PERSON OBSERVATION | confidence=0.787 | bbox_area_fraction=0.0297 | bbox_center_px=(591.6, 750.8) | image_position=(0.462, 0.782) | bbox_margin=0.057
[INFO] [1790290448.531100691] [sage_viewpoint_planner]: PERSON OBSERVATION | confidence=0.439 | bbox_area_fraction=0.0022 | bbox_center_px=(324.0, 469.8) | image_position=(0.253, 0.489) | bbox_margin=0.238
[INFO] [1790290448.582214807] [sage_viewpoint_planner]: New target acquired | target_id=20
[INFO] [1790290448.656849518] [sage_viewpoint_planner]: CANDIDATE FOUND | leaving sweep to verify target_id=20
[INFO] [1790290448.659045684] [sage_viewpoint_planner]: CANDIDATE STATUS | id=20 | track=(9.6,-5.1) | uav=(-2.1,2.8) | range=14.1 m | sufficient=False | matches_track=False | evidence=0.0/2.0 s
[INFO] [1790290452.857244851] [sage_viewpoint_planner]: CANDIDATE STATUS | id=20 | track=(9.6,-5.1) | uav=(-4.0,3.3) | range=16.0 m | sufficient=False | matches_track=False | evidence=0.0/2.0 s
[INFO] [1790290453.503055278] [sage_viewpoint_planner]: PERSON OBSERVATION | confidence=0.710 | bbox_area_fraction=0.0151 | bbox_center_px=(194.3, 773.6) | image_position=(0.152, 0.806) | bbox_margin=0.091
[INFO] [1790290454.578746592] [sage_viewpoint_planner]: PERSON OBSERVATION | confidence=0.686 | bbox_area_fraction=0.0073 | bbox_center_px=(178.6, 558.6) | image_position=(0.140, 0.582) | bbox_margin=0.113
[INFO] [1790290455.801286848] [sage_viewpoint_planner]: PERSON OBSERVATION | confidence=0.723 | bbox_area_fraction=0.0091 | bbox_center_px=(41.1, 613.6) | image_position=(0.032, 0.639) | bbox_margin=0.004
[INFO] [1790290456.895492756] [sage_viewpoint_planner]: PERSON OBSERVATION | confidence=0.711 | bbox_area_fraction=0.0039 | bbox_center_px=(174.5, 575.9) | image_position=(0.136, 0.600) | bbox_margin=0.119
[INFO] [1790290457.050259937] [sage_viewpoint_planner]: CANDIDATE STATUS | id=20 | track=(9.6,-5.1) | uav=(4.7,0.6) | range=7.5 m | sufficient=False | matches_track=False | evidence=0.0/2.0 s
[INFO] [1790290458.040806968] [sage_viewpoint_planner]: PERSON OBSERVATION | confidence=0.761 | bbox_area_fraction=0.0114 | bbox_center_px=(208.3, 640.4) | image_position=(0.163, 0.667) | bbox_margin=0.137
[INFO] [1790290459.111023600] [sage_viewpoint_planner]: PERSON OBSERVATION | confidence=0.563 | bbox_area_fraction=0.0045 | bbox_center_px=(307.2, 607.6) | image_position=(0.240, 0.633) | bbox_margin=0.223
[INFO] [1790290460.283602242] [sage_viewpoint_planner]: PERSON OBSERVATION | confidence=0.404 | bbox_area_fraction=0.0033 | bbox_center_px=(356.6, 580.4) | image_position=(0.279, 0.605) | bbox_margin=0.262
[INFO] [1790290461.250031135] [sage_viewpoint_planner]: CANDIDATE STATUS | id=20 | track=(9.6,-5.1) | uav=(11.8,-3.6) | range=2.7 m | sufficient=False | matches_track=False | evidence=0.0/2.0 s
[INFO] [1790290461.315975511] [sage_viewpoint_planner]: PERSON OBSERVATION | confidence=0.527 | bbox_area_fraction=0.0025 | bbox_center_px=(327.7, 567.6) | image_position=(0.256, 0.591) | bbox_margin=0.241
[INFO] [1790290462.337746892] [sage_viewpoint_planner]: PERSON OBSERVATION | confidence=0.762 | bbox_area_fraction=0.0272 | bbox_center_px=(1205.6, 708.1) | image_position=(0.942, 0.738) | bbox_margin=0.005
[INFO] [1790290462.459066307] [sage_viewpoint_planner]: OBSERVATION INSUFFICIENT | viewpoint=1/4 | person_confidence=0.762 | bbox_area_fraction=0.0272 | fresh=True | confidence_ok=True | bbox_size_ok=True | position_ok=False | bbox_margin=0.005 | confidence_threshold=0.60 | bbox_threshold=0.0100
[INFO] [1790290462.459853664] [sage_viewpoint_planner]: ENERGY-AWARE SELECTION | chosen=2/4 | distance=3.8 m | est_cost_incl_return=0.7 % | unaffordable_skipped=0
[INFO] [1790290463.398965234] [sage_viewpoint_planner]: PERSON OBSERVATION | confidence=0.650 | bbox_area_fraction=0.0163 | bbox_center_px=(1028.9, 665.6) | image_position=(0.804, 0.693) | bbox_margin=0.159
[INFO] [1790290464.688299470] [sage_viewpoint_planner]: PERSON OBSERVATION | confidence=0.617 | bbox_area_fraction=0.0251 | bbox_center_px=(59.2, 686.6) | image_position=(0.046, 0.715) | bbox_margin=0.000
[INFO] [1790290465.253349166] [sage_viewpoint_planner]: CANDIDATE STATUS | id=20 | track=(8.6,-7.9) | uav=(10.6,-2.6) | range=5.7 m | sufficient=False | matches_track=False | evidence=1.2/2.0 s
[INFO] [1790290465.793936541] [sage_viewpoint_planner]: PERSON OBSERVATION | confidence=0.678 | bbox_area_fraction=0.0110 | bbox_center_px=(407.1, 584.8) | image_position=(0.318, 0.609) | bbox_margin=0.286
[INFO] [1790290465.850887202] [sage_viewpoint_planner]: OBSERVATION SUFFICIENT | viewpoint=2/4 | person_confidence=0.678 | bbox_area_fraction=0.0110 | fresh=True | confidence_ok=True | bbox_size_ok=True | position_ok=True | bbox_margin=0.286 | confidence_threshold=0.60 | bbox_threshold=0.0100 | HOLDING VIEWPOINT.
[INFO] [1790290466.253807627] [sage_viewpoint_planner]: DUPLICATE TRACK MERGED | id=20 | position=(8.46, -8.13) | same as verified id=10
[INFO] [1790290467.001860793] [sage_viewpoint_planner]: PERSON OBSERVATION | confidence=0.691 | bbox_area_fraction=0.0068 | bbox_center_px=(590.3, 548.7) | image_position=(0.461, 0.572) | bbox_margin=0.358
[INFO] [1790290467.087012730] [sage_viewpoint_planner]: New target acquired | target_id=21
[INFO] [1790290467.250808279] [sage_viewpoint_planner]: CANDIDATE FOUND | leaving sweep to verify target_id=21
[INFO] [1790290468.217243747] [sage_viewpoint_planner]: PERSON OBSERVATION | confidence=0.745 | bbox_area_fraction=0.0079 | bbox_center_px=(765.3, 449.7) | image_position=(0.598, 0.468) | bbox_margin=0.376
[INFO] [1790290469.288630805] [sage_viewpoint_planner]: PERSON OBSERVATION | confidence=0.643 | bbox_area_fraction=0.0022 | bbox_center_px=(404.9, 562.2) | image_position=(0.316, 0.586) | bbox_margin=0.304
[INFO] [1790290469.458526304] [sage_viewpoint_planner]: CANDIDATE STATUS | id=21 | track=(8.1,-3.0) | uav=(10.7,-3.0) | range=2.6 m | sufficient=False | matches_track=False | evidence=0.0/2.0 s
[INFO] [1790290469.650523912] [sage_viewpoint_planner]: OBSERVATION INSUFFICIENT | viewpoint=1/4 | person_confidence=0.578 | bbox_area_fraction=0.0093 | fresh=True | confidence_ok=False | bbox_size_ok=False | position_ok=False | bbox_margin=0.000 | confidence_threshold=0.60 | bbox_threshold=0.0100
[INFO] [1790290469.652241519] [sage_viewpoint_planner]: ENERGY-AWARE SELECTION | chosen=2/4 | distance=4.0 m | est_cost_incl_return=0.7 % | unaffordable_skipped=0
[INFO] [1790290470.434905697] [sage_viewpoint_planner]: PERSON OBSERVATION | confidence=0.720 | bbox_area_fraction=0.0086 | bbox_center_px=(1126.1, 635.4) | image_position=(0.880, 0.662) | bbox_margin=0.095
[INFO] [1790290471.907160531] [sage_viewpoint_planner]: PERSON OBSERVATION | confidence=0.652 | bbox_area_fraction=0.0090 | bbox_center_px=(572.1, 648.4) | image_position=(0.447, 0.675) | bbox_margin=0.250
[INFO] [1790290473.127757400] [sage_viewpoint_planner]: PERSON OBSERVATION | confidence=0.733 | bbox_area_fraction=0.0056 | bbox_center_px=(541.0, 539.8) | image_position=(0.423, 0.562) | bbox_margin=0.372
[INFO] [1790290473.460045930] [sage_viewpoint_planner]: CANDIDATE STATUS | id=21 | track=(8.1,-3.0) | uav=(8.4,0.0) | range=3.0 m | sufficient=False | matches_track=False | evidence=0.0/2.0 s
[INFO] [1790290473.462591369] [sage_viewpoint_planner]: OBSERVATION INSUFFICIENT | viewpoint=2/4 | person_confidence=0.626 | bbox_area_fraction=0.0046 | fresh=True | confidence_ok=True | bbox_size_ok=False | position_ok=True | bbox_margin=0.394 | confidence_threshold=0.60 | bbox_threshold=0.0100
[INFO] [1790290473.463530873] [sage_viewpoint_planner]: ENERGY-AWARE SELECTION | chosen=3/4 | distance=4.5 m | est_cost_incl_return=0.6 % | unaffordable_skipped=0
[INFO] [1790290475.002876846] [sage_viewpoint_planner]: PERSON OBSERVATION | confidence=0.420 | bbox_area_fraction=0.0049 | bbox_center_px=(133.1, 419.4) | image_position=(0.104, 0.437) | bbox_margin=0.082
[INFO] [1790290477.050763825] [sage_viewpoint_planner]: OBSERVATION INSUFFICIENT | viewpoint=3/4 | person_confidence=0.420 | bbox_area_fraction=0.0049 | fresh=False | confidence_ok=False | bbox_size_ok=False | position_ok=True | bbox_margin=0.082 | confidence_threshold=0.60 | bbox_threshold=0.0100
[INFO] [1790290477.052031393] [sage_viewpoint_planner]: ENERGY-AWARE SELECTION | chosen=4/4 | distance=4.4 m | est_cost_incl_return=0.7 % | unaffordable_skipped=0
[INFO] [1790290477.649597562] [sage_viewpoint_planner]: CANDIDATE STATUS | id=21 | track=(8.1,-3.0) | uav=(4.9,-2.9) | range=3.2 m | sufficient=False | matches_track=False | evidence=0.0/2.0 s
[INFO] [1790290479.252709294] [sage_viewpoint_planner]: PERSON OBSERVATION | confidence=0.654 | bbox_area_fraction=0.0061 | bbox_center_px=(964.6, 727.0) | image_position=(0.754, 0.757) | bbox_margin=0.182
[INFO] [1790290480.339830762] [sage_viewpoint_planner]: PERSON OBSERVATION | confidence=0.674 | bbox_area_fraction=0.0028 | bbox_center_px=(972.2, 508.7) | image_position=(0.759, 0.530) | bbox_margin=0.225
[INFO] [1790290480.853521927] [sage_viewpoint_planner]: OBSERVATION INSUFFICIENT | viewpoint=4/4 | person_confidence=0.694 | bbox_area_fraction=0.0033 | fresh=True | confidence_ok=True | bbox_size_ok=False | position_ok=True | bbox_margin=0.103 | confidence_threshold=0.60 | bbox_threshold=0.0100
[INFO] [1790290480.854369809] [sage_viewpoint_planner]: SEARCH CYCLE COMPLETE | starting next cycle.
[INFO] [1790290480.856421049] [sage_viewpoint_planner]: ENERGY-AWARE SELECTION | chosen=3/4 | distance=4.1 m | est_cost_incl_return=0.6 % | unaffordable_skipped=0
[INFO] [1790290481.372259177] [sage_viewpoint_planner]: PERSON OBSERVATION | confidence=0.685 | bbox_area_fraction=0.0030 | bbox_center_px=(1134.7, 466.3) | image_position=(0.886, 0.486) | bbox_margin=0.098
[INFO] [1790290481.651396922] [sage_viewpoint_planner]: CANDIDATE STATUS | id=21 | track=(8.1,-3.0) | uav=(8.0,-6.1) | range=3.2 m | sufficient=False | matches_track=False | evidence=0.0/2.0 s
[INFO] [1790290482.389166878] [sage_viewpoint_planner]: PERSON OBSERVATION | confidence=0.711 | bbox_area_fraction=0.0045 | bbox_center_px=(1214.4, 392.5) | image_position=(0.949, 0.409) | bbox_margin=0.030
[INFO] [1790290483.925246956] [sage_viewpoint_planner]: PERSON OBSERVATION | confidence=0.820 | bbox_area_fraction=0.0413 | bbox_center_px=(85.3, 811.1) | image_position=(0.067, 0.845) | bbox_margin=0.000
[INFO] [1790290484.659306308] [sage_viewpoint_planner]: OBSERVATION INSUFFICIENT | viewpoint=3/4 | person_confidence=0.820 | bbox_area_fraction=0.0413 | fresh=True | confidence_ok=True | bbox_size_ok=True | position_ok=False | bbox_margin=0.000 | confidence_threshold=0.60 | bbox_threshold=0.0100
[INFO] [1790290484.660171152] [sage_viewpoint_planner]: ENERGY-AWARE SELECTION | chosen=2/4 | distance=4.4 m | est_cost_incl_return=0.7 % | unaffordable_skipped=0
[INFO] [1790290485.850491285] [sage_viewpoint_planner]: CANDIDATE STATUS | id=21 | track=(8.1,-3.0) | uav=(4.9,-2.7) | range=3.2 m | sufficient=False | matches_track=False | evidence=0.0/2.0 s
[INFO] [1790290485.978474346] [sage_viewpoint_planner]: PERSON OBSERVATION | confidence=0.831 | bbox_area_fraction=0.0289 | bbox_center_px=(114.9, 643.4) | image_position=(0.090, 0.670) | bbox_margin=0.023
[INFO] [1790290487.249066963] [sage_viewpoint_planner]: PERSON OBSERVATION | confidence=0.803 | bbox_area_fraction=0.0218 | bbox_center_px=(1132.2, 622.8) | image_position=(0.885, 0.649) | bbox_margin=0.060
[INFO] [1790290488.250717444] [sage_viewpoint_planner]: OBSERVATION INSUFFICIENT | viewpoint=2/4 | person_confidence=0.742 | bbox_area_fraction=0.0097 | fresh=True | confidence_ok=True | bbox_size_ok=False | position_ok=True | bbox_margin=0.241 | confidence_threshold=0.60 | bbox_threshold=0.0100
[INFO] [1790290488.252567095] [sage_viewpoint_planner]: ENERGY-AWARE SELECTION | chosen=1/4 | distance=7.9 m | est_cost_incl_return=1.0 % | unaffordable_skipped=0
[INFO] [1790290488.350501594] [sage_viewpoint_planner]: PERSON OBSERVATION | confidence=0.698 | bbox_area_fraction=0.0051 | bbox_center_px=(655.9, 544.1) | image_position=(0.512, 0.567) | bbox_margin=0.371
[INFO] [1790290489.491942568] [sage_viewpoint_planner]: PERSON OBSERVATION | confidence=0.641 | bbox_area_fraction=0.0086 | bbox_center_px=(327.7, 539.6) | image_position=(0.256, 0.562) | bbox_margin=0.230
[INFO] [1790290490.057830793] [sage_viewpoint_planner]: CANDIDATE STATUS | id=21 | track=(6.2,-5.9) | uav=(8.8,-0.3) | range=6.3 m | sufficient=False | matches_track=False | evidence=1.4/2.0 s
[INFO] [1790290490.515809976] [sage_viewpoint_planner]: PERSON OBSERVATION | confidence=0.619 | bbox_area_fraction=0.0054 | bbox_center_px=(316.8, 720.1) | image_position=(0.248, 0.750) | bbox_margin=0.192
[INFO] [1790290491.661400078] [sage_viewpoint_planner]: PERSON OBSERVATION | confidence=0.575 | bbox_area_fraction=0.0023 | bbox_center_px=(439.7, 574.6) | image_position=(0.343, 0.598) | bbox_margin=0.332
[WARN] [1790290492.255541271] [sage_viewpoint_planner]: CANDIDATE REJECTED | id=21 | not confirmed in 25 s | resuming coverage.
[INFO] [1790290492.292354476] [sage_viewpoint_planner]: New target acquired | target_id=22
[INFO] [1790290492.451190894] [sage_viewpoint_planner]: CANDIDATE FOUND | leaving sweep to verify target_id=22
[INFO] [1790290492.813511827] [sage_viewpoint_planner]: PERSON OBSERVATION | confidence=0.651 | bbox_area_fraction=0.0034 | bbox_center_px=(144.8, 592.2) | image_position=(0.113, 0.617) | bbox_margin=0.096
[INFO] [1790290494.058045223] [sage_viewpoint_planner]: CANDIDATE STATUS | id=22 | track=(-2.8,5.7) | uav=(10.7,-4.4) | range=16.8 m | sufficient=False | matches_track=False | evidence=0.0/2.0 s
[INFO] [1790290495.170330739] [sage_viewpoint_planner]: PERSON OBSERVATION | confidence=0.465 | bbox_area_fraction=0.0011 | bbox_center_px=(178.6, 425.3) | image_position=(0.140, 0.443) | bbox_margin=0.129
[INFO] [1790290496.488355795] [sage_viewpoint_planner]: PERSON OBSERVATION | confidence=0.521 | bbox_area_fraction=0.0028 | bbox_center_px=(312.4, 468.7) | image_position=(0.244, 0.488) | bbox_margin=0.229
[INFO] [1790290497.734278799] [sage_viewpoint_planner]: PERSON OBSERVATION | confidence=0.562 | bbox_area_fraction=0.0047 | bbox_center_px=(301.2, 569.0) | image_position=(0.235, 0.593) | bbox_margin=0.217
[INFO] [1790290498.250710057] [sage_viewpoint_planner]: CANDIDATE STATUS | id=22 | track=(-0.1,4.5) | uav=(4.5,0.9) | range=5.8 m | sufficient=False | matches_track=False | evidence=0.0/2.0 s
[INFO] [1790290498.914534731] [sage_viewpoint_planner]: PERSON OBSERVATION | confidence=0.670 | bbox_area_fraction=0.0113 | bbox_center_px=(200.6, 660.7) | image_position=(0.157, 0.688) | bbox_margin=0.128
[INFO] [1790290500.754821628] [sage_viewpoint_planner]: PERSON OBSERVATION | confidence=0.714 | bbox_area_fraction=0.0085 | bbox_center_px=(238.9, 617.4) | image_position=(0.187, 0.643) | bbox_margin=0.159
[INFO] [1790290501.821348292] [sage_viewpoint_planner]: PERSON OBSERVATION | confidence=0.734 | bbox_area_fraction=0.0177 | bbox_center_px=(413.3, 708.9) | image_position=(0.323, 0.738) | bbox_margin=0.147
[INFO] [1790290502.056820933] [sage_viewpoint_planner]: OBSERVATION SUFFICIENT | viewpoint=1/4 | person_confidence=0.734 | bbox_area_fraction=0.0177 | fresh=True | confidence_ok=True | bbox_size_ok=True | position_ok=True | bbox_margin=0.147 | confidence_threshold=0.60 | bbox_threshold=0.0100 | HOLDING VIEWPOINT.
[INFO] [1790290502.250239203] [sage_viewpoint_planner]: OBSERVATION QUALITY LOST | fresh=True | confidence_ok=False | bbox_size_ok=False | position_ok=True | resuming active search.
[INFO] [1790290502.251516238] [sage_viewpoint_planner]: OBSERVATION INSUFFICIENT | viewpoint=1/4 | person_confidence=0.326 | bbox_area_fraction=0.0064 | fresh=True | confidence_ok=False | bbox_size_ok=False | position_ok=True | bbox_margin=0.253 | confidence_threshold=0.60 | bbox_threshold=0.0100
[INFO] [1790290502.252178303] [sage_viewpoint_planner]: ENERGY-AWARE SELECTION | chosen=2/4 | distance=2.0 m | est_cost_incl_return=0.6 % | unaffordable_skipped=0
[INFO] [1790290502.451844023] [sage_viewpoint_planner]: CANDIDATE STATUS | id=22 | track=(0.1,4.6) | uav=(-0.0,5.6) | range=1.0 m | sufficient=True | matches_track=False | evidence=1.0/2.0 s
[INFO] [1790290503.024005880] [sage_viewpoint_planner]: PERSON OBSERVATION | confidence=0.504 | bbox_area_fraction=0.0047 | bbox_center_px=(439.5, 620.9) | image_position=(0.343, 0.647) | bbox_margin=0.298
[INFO] [1790290504.234415043] [sage_viewpoint_planner]: PERSON OBSERVATION | confidence=0.441 | bbox_area_fraction=0.0020 | bbox_center_px=(1179.2, 627.1) | image_position=(0.921, 0.653) | bbox_margin=0.066
[INFO] [1790290504.857081518] [sage_viewpoint_planner]: OBSERVATION INSUFFICIENT | viewpoint=2/4 | person_confidence=0.848 | bbox_area_fraction=0.0569 | fresh=True | confidence_ok=True | bbox_size_ok=True | position_ok=False | bbox_margin=0.000 | confidence_threshold=0.60 | bbox_threshold=0.0100
[INFO] [1790290504.859371675] [sage_viewpoint_planner]: ENERGY-AWARE SELECTION | chosen=3/4 | distance=4.2 m | est_cost_incl_return=0.6 % | unaffordable_skipped=0
[INFO] [1790290505.392052142] [sage_viewpoint_planner]: PERSON OBSERVATION | confidence=0.837 | bbox_area_fraction=0.0532 | bbox_center_px=(561.8, 773.9) | image_position=(0.439, 0.806) | bbox_margin=0.000
[INFO] [1790290506.406112224] [sage_viewpoint_planner]: PERSON OBSERVATION | confidence=0.804 | bbox_area_fraction=0.0383 | bbox_center_px=(626.2, 656.3) | image_position=(0.489, 0.684) | bbox_margin=0.136
[INFO] [1790290506.653226396] [sage_viewpoint_planner]: CANDIDATE STATUS | id=22 | track=(-0.1,4.9) | uav=(-0.8,6.8) | range=2.0 m | sufficient=False | matches_track=False | evidence=0.6/2.0 s
[INFO] [1790290507.969510218] [sage_viewpoint_planner]: PERSON OBSERVATION | confidence=0.843 | bbox_area_fraction=0.0884 | bbox_center_px=(211.5, 806.9) | image_position=(0.165, 0.841) | bbox_margin=0.000
[INFO] [1790290508.451582042] [sage_viewpoint_planner]: OBSERVATION INSUFFICIENT | viewpoint=3/4 | person_confidence=0.840 | bbox_area_fraction=0.0712 | fresh=True | confidence_ok=True | bbox_size_ok=True | position_ok=False | bbox_margin=0.000 | confidence_threshold=0.60 | bbox_threshold=0.0100
[INFO] [1790290508.452349491] [sage_viewpoint_planner]: ENERGY-AWARE SELECTION | chosen=4/4 | distance=4.1 m | est_cost_incl_return=0.4 % | unaffordable_skipped=0
[INFO] [1790290509.022754765] [sage_viewpoint_planner]: PERSON OBSERVATION | confidence=0.839 | bbox_area_fraction=0.0346 | bbox_center_px=(824.5, 668.3) | image_position=(0.644, 0.696) | bbox_margin=0.127
[INFO] [1790290510.173786483] [sage_viewpoint_planner]: PERSON OBSERVATION | confidence=0.844 | bbox_area_fraction=0.0295 | bbox_center_px=(486.4, 514.4) | image_position=(0.380, 0.536) | bbox_margin=0.325
[INFO] [1790290510.849664468] [sage_viewpoint_planner]: CANDIDATE STATUS | id=22 | track=(0.1,4.8) | uav=(-1.2,2.7) | range=2.5 m | sufficient=False | matches_track=False | evidence=1.6/2.0 s
[INFO] [1790290511.279378457] [sage_viewpoint_planner]: PERSON OBSERVATION | confidence=0.753 | bbox_area_fraction=0.0276 | bbox_center_px=(902.4, 756.5) | image_position=(0.705, 0.788) | bbox_margin=0.061
[INFO] [1790290511.854363871] [sage_viewpoint_planner]: OBSERVATION INSUFFICIENT | viewpoint=4/4 | person_confidence=0.858 | bbox_area_fraction=0.0387 | fresh=True | confidence_ok=True | bbox_size_ok=True | position_ok=False | bbox_margin=0.000 | confidence_threshold=0.60 | bbox_threshold=0.0100
[INFO] [1790290511.855190068] [sage_viewpoint_planner]: SEARCH CYCLE COMPLETE | starting next cycle.
[INFO] [1790290511.857073155] [sage_viewpoint_planner]: ENERGY-AWARE SELECTION | chosen=1/4 | distance=4.0 m | est_cost_incl_return=0.6 % | unaffordable_skipped=0
[INFO] [1790290512.480394488] [sage_viewpoint_planner]: PERSON OBSERVATION | confidence=0.840 | bbox_area_fraction=0.0286 | bbox_center_px=(673.9, 738.2) | image_position=(0.527, 0.769) | bbox_margin=0.052
[INFO] [1790290513.051173877] [sage_viewpoint_planner]: DUPLICATE TRACK MERGED | id=22 | position=(0.04, 4.81) | same as verified id=13
[INFO] [1790290513.621449402] [sage_viewpoint_planner]: PERSON OBSERVATION | confidence=0.779 | bbox_area_fraction=0.0229 | bbox_center_px=(462.7, 569.1) | image_position=(0.361, 0.593) | bbox_margin=0.266
[INFO] [1790290515.233951825] [sage_viewpoint_planner]: PERSON OBSERVATION | confidence=0.759 | bbox_area_fraction=0.0073 | bbox_center_px=(214.6, 640.4) | image_position=(0.168, 0.667) | bbox_margin=0.144
[INFO] [1790290516.417121944] [sage_viewpoint_planner]: PERSON OBSERVATION | confidence=0.818 | bbox_area_fraction=0.0904 | bbox_center_px=(513.5, 782.2) | image_position=(0.401, 0.815) | bbox_margin=0.000
[INFO] [1790290517.433803181] [sage_viewpoint_planner]: PERSON OBSERVATION | confidence=0.884 | bbox_area_fraction=0.1141 | bbox_center_px=(169.2, 743.8) | image_position=(0.132, 0.775) | bbox_margin=0.000
[INFO] [1790290529.250554074] [sage_viewpoint_planner]: COVERAGE WAYPOINT | 2/16 at (-9.6, -3.0) | scanning
[INFO] [1790290531.761301143] [sage_viewpoint_planner]: PERSON OBSERVATION | confidence=0.684 | bbox_area_fraction=0.0022 | bbox_center_px=(1014.9, 523.0) | image_position=(0.793, 0.545) | bbox_margin=0.194
[INFO] [1790290533.520579603] [sage_viewpoint_planner]: PERSON OBSERVATION | confidence=0.456 | bbox_area_fraction=0.0022 | bbox_center_px=(309.2, 539.9) | image_position=(0.242, 0.562) | bbox_margin=0.229
[INFO] [1790290540.699278336] [sage_viewpoint_planner]: PERSON OBSERVATION | confidence=0.730 | bbox_area_fraction=0.0076 | bbox_center_px=(136.6, 563.5) | image_position=(0.107, 0.587) | bbox_margin=0.079
[INFO] [1790290541.742864540] [sage_viewpoint_planner]: PERSON OBSERVATION | confidence=0.555 | bbox_area_fraction=0.0042 | bbox_center_px=(405.8, 477.4) | image_position=(0.317, 0.497) | bbox_margin=0.298
[INFO] [1790290543.158907063] [sage_viewpoint_planner]: PERSON OBSERVATION | confidence=0.441 | bbox_area_fraction=0.0182 | bbox_center_px=(919.7, 530.2) | image_position=(0.719, 0.552) | bbox_margin=0.220
[INFO] [1790290544.211389427] [sage_viewpoint_planner]: PERSON OBSERVATION | confidence=0.598 | bbox_area_fraction=0.0071 | bbox_center_px=(941.5, 463.1) | image_position=(0.736, 0.482) | bbox_margin=0.238
[INFO] [1790290545.574733274] [sage_viewpoint_planner]: PERSON OBSERVATION | confidence=0.547 | bbox_area_fraction=0.0077 | bbox_center_px=(1083.7, 626.0) | image_position=(0.847, 0.652) | bbox_margin=0.119
[INFO] [1790290546.715544505] [sage_viewpoint_planner]: PERSON OBSERVATION | confidence=0.330 | bbox_area_fraction=0.0012 | bbox_center_px=(1079.7, 621.5) | image_position=(0.844, 0.647) | bbox_margin=0.145
[INFO] [1790290548.253893746] [sage_viewpoint_planner]: COVERAGE WAYPOINT | 3/16 at (-9.0, 3.0) | scanning
[INFO] [1790290549.605224965] [sage_viewpoint_planner]: PERSON OBSERVATION | confidence=0.751 | bbox_area_fraction=0.0118 | bbox_center_px=(250.6, 622.1) | image_position=(0.196, 0.648) | bbox_margin=0.164
[INFO] [1790290550.605897481] [sage_viewpoint_planner]: PERSON OBSERVATION | confidence=0.605 | bbox_area_fraction=0.0133 | bbox_center_px=(36.7, 672.4) | image_position=(0.029, 0.700) | bbox_margin=0.000
[INFO] [1790290555.326776316] [sage_viewpoint_planner]: PERSON OBSERVATION | confidence=0.725 | bbox_area_fraction=0.0066 | bbox_center_px=(1065.4, 613.2) | image_position=(0.832, 0.639) | bbox_margin=0.145
[INFO] [1790290556.396442879] [sage_viewpoint_planner]: PERSON OBSERVATION | confidence=0.561 | bbox_area_fraction=0.0105 | bbox_center_px=(853.9, 627.2) | image_position=(0.667, 0.653) | bbox_margin=0.261
[INFO] [1790290557.440358179] [sage_viewpoint_planner]: PERSON OBSERVATION | confidence=0.693 | bbox_area_fraction=0.0116 | bbox_center_px=(355.5, 630.9) | image_position=(0.278, 0.657) | bbox_margin=0.246
[INFO] [1790290558.493640539] [sage_viewpoint_planner]: PERSON OBSERVATION | confidence=0.828 | bbox_area_fraction=0.0172 | bbox_center_px=(77.2, 500.2) | image_position=(0.060, 0.521) | bbox_margin=0.015
[INFO] [1790290559.520020060] [sage_viewpoint_planner]: PERSON OBSERVATION | confidence=0.723 | bbox_area_fraction=0.0161 | bbox_center_px=(641.4, 629.6) | image_position=(0.501, 0.656) | bbox_margin=0.223
[INFO] [1790290560.709165307] [sage_viewpoint_planner]: PERSON OBSERVATION | confidence=0.770 | bbox_area_fraction=0.0433 | bbox_center_px=(551.7, 854.0) | image_position=(0.431, 0.890) | bbox_margin=0.000
[INFO] [1790290560.857631246] [sage_viewpoint_planner]: COVERAGE WAYPOINT | 4/16 at (-9.0, 9.0) | scanning
[INFO] [1790290567.167676983] [sage_viewpoint_planner]: PERSON OBSERVATION | confidence=0.613 | bbox_area_fraction=0.0133 | bbox_center_px=(888.6, 611.5) | image_position=(0.694, 0.637) | bbox_margin=0.245
[INFO] [1790290567.275609354] [sage_viewpoint_planner]: New target acquired | target_id=23
[INFO] [1790290567.449864660] [sage_viewpoint_planner]: CANDIDATE FOUND | leaving sweep to verify target_id=23
[INFO] [1790290567.455293594] [sage_viewpoint_planner]: CANDIDATE STATUS | id=23 | track=(-6.0,4.7) | uav=(-9.0,9.1) | range=5.4 m | sufficient=True | matches_track=True | evidence=0.0/2.0 s
[INFO] [1790290568.335425795] [sage_viewpoint_planner]: PERSON OBSERVATION | confidence=0.671 | bbox_area_fraction=0.0080 | bbox_center_px=(417.8, 613.5) | image_position=(0.326, 0.639) | bbox_margin=0.270
[INFO] [1790290569.439285626] [sage_viewpoint_planner]: PERSON OBSERVATION | confidence=0.715 | bbox_area_fraction=0.0114 | bbox_center_px=(901.5, 470.3) | image_position=(0.704, 0.490) | bbox_margin=0.267
[INFO] [1790290570.746473569] [sage_viewpoint_planner]: PERSON OBSERVATION | confidence=0.840 | bbox_area_fraction=0.0381 | bbox_center_px=(477.8, 822.0) | image_position=(0.373, 0.856) | bbox_margin=0.000
[INFO] [1790290571.650114887] [sage_viewpoint_planner]: CANDIDATE STATUS | id=23 | track=(-5.2,4.6) | uav=(-3.8,5.5) | range=1.7 m | sufficient=True | matches_track=False | evidence=1.0/2.0 s
[INFO] [1790290572.058556868] [sage_viewpoint_planner]: PERSON OBSERVATION | confidence=0.642 | bbox_area_fraction=0.0291 | bbox_center_px=(71.9, 660.5) | image_position=(0.056, 0.688) | bbox_margin=0.001
[INFO] [1790290572.452964197] [sage_viewpoint_planner]: OBSERVATION INSUFFICIENT | viewpoint=1/4 | person_confidence=0.766 | bbox_area_fraction=0.0213 | fresh=True | confidence_ok=True | bbox_size_ok=True | position_ok=False | bbox_margin=0.013 | confidence_threshold=0.60 | bbox_threshold=0.0100
[INFO] [1790290572.453705233] [sage_viewpoint_planner]: ENERGY-AWARE SELECTION | chosen=4/4 | distance=3.2 m | est_cost_incl_return=0.5 % | unaffordable_skipped=0
[INFO] [1790290573.157409527] [sage_viewpoint_planner]: PERSON OBSERVATION | confidence=0.723 | bbox_area_fraction=0.0139 | bbox_center_px=(191.5, 523.5) | image_position=(0.150, 0.545) | bbox_margin=0.108
[INFO] [1790290574.315089439] [sage_viewpoint_planner]: PERSON OBSERVATION | confidence=0.708 | bbox_area_fraction=0.0161 | bbox_center_px=(545.5, 655.1) | image_position=(0.426, 0.682) | bbox_margin=0.207
[INFO] [1790290575.256668075] [sage_viewpoint_planner]: OBSERVATION INSUFFICIENT | viewpoint=4/4 | person_confidence=0.720 | bbox_area_fraction=0.0379 | fresh=True | confidence_ok=True | bbox_size_ok=True | position_ok=False | bbox_margin=0.001 | confidence_threshold=0.60 | bbox_threshold=0.0100
[INFO] [1790290575.259743733] [sage_viewpoint_planner]: ENERGY-AWARE SELECTION | chosen=3/4 | distance=3.9 m | est_cost_incl_return=0.7 % | unaffordable_skipped=0
[INFO] [1790290575.409331572] [sage_viewpoint_planner]: PERSON OBSERVATION | confidence=0.677 | bbox_area_fraction=0.0086 | bbox_center_px=(817.7, 594.1) | image_position=(0.639, 0.619) | bbox_margin=0.293
[INFO] [1790290575.650217743] [sage_viewpoint_planner]: CANDIDATE STATUS | id=23 | track=(-5.2,5.7) | uav=(-5.1,2.3) | range=3.4 m | sufficient=False | matches_track=False | evidence=0.0/2.0 s
[INFO] [1790290576.456792193] [sage_viewpoint_planner]: PERSON OBSERVATION | confidence=0.753 | bbox_area_fraction=0.0068 | bbox_center_px=(956.5, 510.7) | image_position=(0.747, 0.532) | bbox_margin=0.227
[INFO] [1790290578.135368737] [sage_viewpoint_planner]: PERSON OBSERVATION | confidence=0.612 | bbox_area_fraction=0.0095 | bbox_center_px=(1022.9, 608.5) | image_position=(0.799, 0.634) | bbox_margin=0.171
[INFO] [1790290579.137432634] [sage_viewpoint_planner]: PERSON OBSERVATION | confidence=0.604 | bbox_area_fraction=0.0044 | bbox_center_px=(702.5, 546.2) | image_position=(0.549, 0.569) | bbox_margin=0.371
[INFO] [1790290579.260285170] [sage_viewpoint_planner]: OBSERVATION INSUFFICIENT | viewpoint=3/4 | person_confidence=0.604 | bbox_area_fraction=0.0044 | fresh=True | confidence_ok=True | bbox_size_ok=False | position_ok=True | bbox_margin=0.371 | confidence_threshold=0.60 | bbox_threshold=0.0100
[INFO] [1790290579.261030098] [sage_viewpoint_planner]: ENERGY-AWARE SELECTION | chosen=2/4 | distance=7.1 m | est_cost_incl_return=1.0 % | unaffordable_skipped=0
[INFO] [1790290579.653191547] [sage_viewpoint_planner]: CANDIDATE STATUS | id=23 | track=(-5.0,7.7) | uav=(-8.4,4.3) | range=4.7 m | sufficient=False | matches_track=False | evidence=0.0/2.0 s
[INFO] [1790290580.247310106] [sage_viewpoint_planner]: PERSON OBSERVATION | confidence=0.512 | bbox_area_fraction=0.0035 | bbox_center_px=(684.4, 536.8) | image_position=(0.535, 0.559) | bbox_margin=0.387
[INFO] [1790290582.760239824] [sage_viewpoint_planner]: PERSON OBSERVATION | confidence=0.336 | bbox_area_fraction=0.0021 | bbox_center_px=(1131.0, 576.6) | image_position=(0.884, 0.601) | bbox_margin=0.103
[INFO] [1790290583.850712406] [sage_viewpoint_planner]: CANDIDATE STATUS | id=23 | track=(-5.0,7.7) | uav=(-5.3,10.2) | range=2.5 m | sufficient=False | matches_track=False | evidence=0.0/2.0 s
[INFO] [1790290584.004288551] [sage_viewpoint_planner]: PERSON OBSERVATION | confidence=0.385 | bbox_area_fraction=0.0015 | bbox_center_px=(1024.1, 506.8) | image_position=(0.800, 0.528) | bbox_margin=0.189
[INFO] [1790290584.055600618] [sage_viewpoint_planner]: OBSERVATION INSUFFICIENT | viewpoint=2/4 | person_confidence=0.385 | bbox_area_fraction=0.0015 | fresh=True | confidence_ok=False | bbox_size_ok=False | position_ok=True | bbox_margin=0.189 | confidence_threshold=0.60 | bbox_threshold=0.0100
[INFO] [1790290584.057355368] [sage_viewpoint_planner]: SEARCH CYCLE COMPLETE | starting next cycle.
[INFO] [1790290584.058594990] [sage_viewpoint_planner]: ENERGY-AWARE SELECTION | chosen=3/4 | distance=3.9 m | est_cost_incl_return=0.8 % | unaffordable_skipped=0
[INFO] [1790290585.217383098] [sage_viewpoint_planner]: PERSON OBSERVATION | confidence=0.846 | bbox_area_fraction=0.0510 | bbox_center_px=(689.0, 850.8) | image_position=(0.538, 0.886) | bbox_margin=0.001
[INFO] [1790290587.027396706] [sage_viewpoint_planner]: PERSON OBSERVATION | confidence=0.824 | bbox_area_fraction=0.0310 | bbox_center_px=(126.8, 842.2) | image_position=(0.099, 0.877) | bbox_margin=0.000
[INFO] [1790290588.050992652] [sage_viewpoint_planner]: CANDIDATE STATUS | id=23 | track=(-4.8,8.4) | uav=(-8.2,7.9) | range=3.5 m | sufficient=True | matches_track=True | evidence=0.0/2.0 s
[INFO] [1790290588.058255281] [sage_viewpoint_planner]: OBSERVATION SUFFICIENT | viewpoint=3/4 | person_confidence=0.661 | bbox_area_fraction=0.0145 | fresh=True | confidence_ok=True | bbox_size_ok=True | position_ok=True | bbox_margin=0.174 | confidence_threshold=0.60 | bbox_threshold=0.0100 | HOLDING VIEWPOINT.
[INFO] [1790290588.138476326] [sage_viewpoint_planner]: PERSON OBSERVATION | confidence=0.589 | bbox_area_fraction=0.0254 | bbox_center_px=(743.9, 684.6) | image_position=(0.581, 0.713) | bbox_margin=0.132
[INFO] [1790290588.255090825] [sage_viewpoint_planner]: OBSERVATION QUALITY LOST | fresh=True | confidence_ok=False | bbox_size_ok=True | position_ok=True | resuming active search.
[INFO] [1790290588.262050238] [sage_viewpoint_planner]: OBSERVATION INSUFFICIENT | viewpoint=3/4 | person_confidence=0.589 | bbox_area_fraction=0.0254 | fresh=True | confidence_ok=False | bbox_size_ok=True | position_ok=True | bbox_margin=0.132 | confidence_threshold=0.60 | bbox_threshold=0.0100
[INFO] [1790290588.263071450] [sage_viewpoint_planner]: ENERGY-AWARE SELECTION | chosen=4/4 | distance=4.2 m | est_cost_incl_return=0.6 % | unaffordable_skipped=0
[INFO] [1790290589.299596866] [sage_viewpoint_planner]: PERSON OBSERVATION | confidence=0.734 | bbox_area_fraction=0.0194 | bbox_center_px=(663.7, 688.6) | image_position=(0.518, 0.717) | bbox_margin=0.130
[INFO] [1790290590.450934663] [sage_viewpoint_planner]: DUPLICATE TRACK MERGED | id=23 | position=(-5.02, 8.04) | same as verified id=3
[INFO] [1790290590.657948966] [sage_viewpoint_planner]: PERSON OBSERVATION | confidence=0.859 | bbox_area_fraction=0.0405 | bbox_center_px=(1034.0, 834.5) | image_position=(0.808, 0.869) | bbox_margin=0.002
[INFO] [1790290591.701137282] [sage_viewpoint_planner]: PERSON OBSERVATION | confidence=0.820 | bbox_area_fraction=0.0348 | bbox_center_px=(1180.2, 467.3) | image_position=(0.922, 0.487) | bbox_margin=0.016
[INFO] [1790290592.931526427] [sage_viewpoint_planner]: PERSON OBSERVATION | confidence=0.779 | bbox_area_fraction=0.0147 | bbox_center_px=(651.2, 526.1) | image_position=(0.509, 0.548) | bbox_margin=0.346
[INFO] [1790290594.004111185] [sage_viewpoint_planner]: PERSON OBSERVATION | confidence=0.889 | bbox_area_fraction=0.0471 | bbox_center_px=(663.7, 792.5) | image_position=(0.519, 0.826) | bbox_margin=0.000
[INFO] [1790290594.651303082] [sage_viewpoint_planner]: COVERAGE WAYPOINT | 4/16 at (-9.0, 9.0) | scanning
[INFO] [1790290599.633794625] [sage_viewpoint_planner]: PERSON OBSERVATION | confidence=0.690 | bbox_area_fraction=0.0222 | bbox_center_px=(1233.7, 722.6) | image_position=(0.964, 0.753) | bbox_margin=0.001
[INFO] [1790290600.637424442] [sage_viewpoint_planner]: PERSON OBSERVATION | confidence=0.320 | bbox_area_fraction=0.0097 | bbox_center_px=(761.8, 654.8) | image_position=(0.595, 0.682) | bbox_margin=0.224
[INFO] [1790290601.728744957] [sage_viewpoint_planner]: PERSON OBSERVATION | confidence=0.373 | bbox_area_fraction=0.0238 | bbox_center_px=(267.0, 678.6) | image_position=(0.209, 0.707) | bbox_margin=0.159
[INFO] [1790290605.183286383] [sage_viewpoint_planner]: PERSON OBSERVATION | confidence=0.829 | bbox_area_fraction=0.0458 | bbox_center_px=(343.8, 635.7) | image_position=(0.269, 0.662) | bbox_margin=0.167
[INFO] [1790290606.243902549] [sage_viewpoint_planner]: PERSON OBSERVATION | confidence=0.662 | bbox_area_fraction=0.0081 | bbox_center_px=(189.3, 603.2) | image_position=(0.148, 0.628) | bbox_margin=0.121
[INFO] [1790290607.049756727] [sage_viewpoint_planner]: COVERAGE WAYPOINT | 5/16 at (-3.0, 9.0) | scanning
[INFO] [1790290607.640443915] [sage_viewpoint_planner]: PERSON OBSERVATION | confidence=0.716 | bbox_area_fraction=0.0147 | bbox_center_px=(34.3, 770.5) | image_position=(0.027, 0.803) | bbox_margin=0.000
[INFO] [1790290608.771539245] [sage_viewpoint_planner]: PERSON OBSERVATION | confidence=0.658 | bbox_area_fraction=0.0162 | bbox_center_px=(374.4, 705.1) | image_position=(0.293, 0.734) | bbox_margin=0.157
[INFO] [1790290610.905434175] [sage_viewpoint_planner]: PERSON OBSERVATION | confidence=0.806 | bbox_area_fraction=0.0372 | bbox_center_px=(1146.4, 786.6) | image_position=(0.896, 0.819) | bbox_margin=0.000
[INFO] [1790290612.176555594] [sage_viewpoint_planner]: PERSON OBSERVATION | confidence=0.793 | bbox_area_fraction=0.0337 | bbox_center_px=(695.0, 788.5) | image_position=(0.543, 0.821) | bbox_margin=0.000
[INFO] [1790290613.212965499] [sage_viewpoint_planner]: PERSON OBSERVATION | confidence=0.861 | bbox_area_fraction=0.0390 | bbox_center_px=(229.5, 816.3) | image_position=(0.179, 0.850) | bbox_margin=0.000
[INFO] [1790290614.333556320] [sage_viewpoint_planner]: PERSON OBSERVATION | confidence=0.665 | bbox_area_fraction=0.0160 | bbox_center_px=(41.3, 696.4) | image_position=(0.032, 0.725) | bbox_margin=0.000
[INFO] [1790290614.899161728] [sage_viewpoint_planner]: New target acquired | target_id=26
[INFO] [1790290615.054669639] [sage_viewpoint_planner]: CANDIDATE FOUND | leaving sweep to verify target_id=26
[INFO] [1790290615.057324968] [sage_viewpoint_planner]: CANDIDATE STATUS | id=26 | track=(0.0,-5.6) | uav=(-2.9,9.0) | range=15.0 m | sufficient=True | matches_track=True | evidence=0.0/2.0 s
[INFO] [1790290615.633769475] [sage_viewpoint_planner]: PERSON OBSERVATION | confidence=0.707 | bbox_area_fraction=0.0140 | bbox_center_px=(815.0, 650.8) | image_position=(0.637, 0.678) | bbox_margin=0.216
[INFO] [1790290616.657547722] [sage_viewpoint_planner]: PERSON OBSERVATION | confidence=0.663 | bbox_area_fraction=0.0104 | bbox_center_px=(761.3, 468.2) | image_position=(0.595, 0.488) | bbox_margin=0.377
[INFO] [1790290617.804087009] [sage_viewpoint_planner]: PERSON OBSERVATION | confidence=0.554 | bbox_area_fraction=0.0353 | bbox_center_px=(405.8, 780.4) | image_position=(0.317, 0.813) | bbox_margin=0.000
[INFO] [1790290618.987479276] [sage_viewpoint_planner]: PERSON OBSERVATION | confidence=0.699 | bbox_area_fraction=0.0196 | bbox_center_px=(281.6, 759.1) | image_position=(0.220, 0.791) | bbox_margin=0.075
[INFO] [1790290619.250437868] [sage_viewpoint_planner]: CANDIDATE STATUS | id=26 | track=(0.0,-5.6) | uav=(-0.1,3.5) | range=9.1 m | sufficient=True | matches_track=False | evidence=0.2/2.0 s
[INFO] [1790290620.108239109] [sage_viewpoint_planner]: PERSON OBSERVATION | confidence=0.721 | bbox_area_fraction=0.0081 | bbox_center_px=(51.0, 618.3) | image_position=(0.040, 0.644) | bbox_margin=0.014
[INFO] [1790290621.151967246] [sage_viewpoint_planner]: PERSON OBSERVATION | confidence=0.551 | bbox_area_fraction=0.0056 | bbox_center_px=(96.3, 593.4) | image_position=(0.075, 0.618) | bbox_margin=0.052
[INFO] [1790290623.256334092] [sage_viewpoint_planner]: CANDIDATE STATUS | id=26 | track=(0.0,-5.6) | uav=(2.7,-4.5) | range=2.9 m | sufficient=False | matches_track=False | evidence=0.0/2.0 s
[INFO] [1790290624.063662408] [sage_viewpoint_planner]: OBSERVATION INSUFFICIENT | viewpoint=1/4 | person_confidence=0.551 | bbox_area_fraction=0.0056 | fresh=False | confidence_ok=False | bbox_size_ok=False | position_ok=True | bbox_margin=0.052 | confidence_threshold=0.60 | bbox_threshold=0.0100
[INFO] [1790290624.064572937] [sage_viewpoint_planner]: ENERGY-AWARE SELECTION | chosen=2/4 | distance=4.0 m | est_cost_incl_return=0.4 % | unaffordable_skipped=0
[INFO] [1790290626.538039502] [sage_viewpoint_planner]: PERSON OBSERVATION | confidence=0.701 | bbox_area_fraction=0.0112 | bbox_center_px=(1237.0, 877.2) | image_position=(0.966, 0.914) | bbox_margin=0.001
[INFO] [1790290627.452454189] [sage_viewpoint_planner]: CANDIDATE STATUS | id=26 | track=(0.0,-5.6) | uav=(0.3,-3.0) | range=2.7 m | sufficient=False | matches_track=False | evidence=0.0/2.0 s
[INFO] [1790290627.644221458] [sage_viewpoint_planner]: PERSON OBSERVATION | confidence=0.448 | bbox_area_fraction=0.0053 | bbox_center_px=(951.1, 513.0) | image_position=(0.743, 0.534) | bbox_margin=0.235
[INFO] [1790290627.656139796] [sage_viewpoint_planner]: OBSERVATION INSUFFICIENT | viewpoint=2/4 | person_confidence=0.448 | bbox_area_fraction=0.0053 | fresh=True | confidence_ok=False | bbox_size_ok=False | position_ok=True | bbox_margin=0.235 | confidence_threshold=0.60 | bbox_threshold=0.0100
[INFO] [1790290627.656834101] [sage_viewpoint_planner]: ENERGY-AWARE SELECTION | chosen=3/4 | distance=4.2 m | est_cost_incl_return=0.6 % | unaffordable_skipped=0
[INFO] [1790290629.162666998] [sage_viewpoint_planner]: PERSON OBSERVATION | confidence=0.659 | bbox_area_fraction=0.0043 | bbox_center_px=(977.6, 349.4) | image_position=(0.764, 0.364) | bbox_margin=0.217
[INFO] [1790290630.225377116] [sage_viewpoint_planner]: PERSON OBSERVATION | confidence=0.765 | bbox_area_fraction=0.0102 | bbox_center_px=(118.8, 425.9) | image_position=(0.093, 0.444) | bbox_margin=0.055
[INFO] [1790290631.316166730] [sage_viewpoint_planner]: PERSON OBSERVATION | confidence=0.710 | bbox_area_fraction=0.0118 | bbox_center_px=(292.5, 655.8) | image_position=(0.228, 0.683) | bbox_margin=0.194
[INFO] [1790290631.455757453] [sage_viewpoint_planner]: CANDIDATE STATUS | id=26 | track=(0.0,-5.6) | uav=(2.7,-6.3) | range=2.8 m | sufficient=True | matches_track=False | evidence=0.0/2.0 s
[INFO] [1790290632.407064449] [sage_viewpoint_planner]: PERSON OBSERVATION | confidence=0.657 | bbox_area_fraction=0.0083 | bbox_center_px=(488.9, 649.8) | image_position=(0.382, 0.677) | bbox_margin=0.234
[INFO] [1790290633.548792112] [sage_viewpoint_planner]: PERSON OBSERVATION | confidence=0.843 | bbox_area_fraction=0.0218 | bbox_center_px=(934.9, 843.4) | image_position=(0.730, 0.879) | bbox_margin=0.003
[INFO] [1790290634.779966203] [sage_viewpoint_planner]: PERSON OBSERVATION | confidence=0.612 | bbox_area_fraction=0.0348 | bbox_center_px=(1202.6, 709.6) | image_position=(0.940, 0.739) | bbox_margin=0.001
[INFO] [1790290635.649570804] [sage_viewpoint_planner]: CANDIDATE STATUS | id=26 | track=(0.0,-5.6) | uav=(-2.3,-10.3) | range=5.2 m | sufficient=False | matches_track=False | evidence=0.0/2.0 s
[INFO] [1790290636.025955374] [sage_viewpoint_planner]: PERSON OBSERVATION | confidence=0.691 | bbox_area_fraction=0.0029 | bbox_center_px=(764.9, 428.3) | image_position=(0.598, 0.446) | bbox_margin=0.386
[INFO] [1790290638.260893771] [sage_viewpoint_planner]: OBSERVATION INSUFFICIENT | viewpoint=3/4 | person_confidence=0.691 | bbox_area_fraction=0.0029 | fresh=False | confidence_ok=True | bbox_size_ok=False | position_ok=True | bbox_margin=0.386 | confidence_threshold=0.60 | bbox_threshold=0.0100
[INFO] [1790290638.261747639] [sage_viewpoint_planner]: ENERGY-AWARE SELECTION | chosen=4/4 | distance=5.8 m | est_cost_incl_return=0.8 % | unaffordable_skipped=0
[INFO] [1790290639.651345081] [sage_viewpoint_planner]: CANDIDATE STATUS | id=26 | track=(0.0,-5.6) | uav=(-2.9,-5.7) | range=2.9 m | sufficient=False | matches_track=False | evidence=0.0/2.0 s
[INFO] [1790290639.753613254] [sage_viewpoint_planner]: PERSON OBSERVATION | confidence=0.308 | bbox_area_fraction=0.0060 | bbox_center_px=(1249.7, 838.8) | image_position=(0.976, 0.874) | bbox_margin=0.001
[WARN] [1790290640.053510455] [sage_viewpoint_planner]: CANDIDATE REJECTED | id=26 | not confirmed in 25 s | resuming coverage.
[INFO] [1790290640.780238404] [sage_viewpoint_planner]: PERSON OBSERVATION | confidence=0.542 | bbox_area_fraction=0.0024 | bbox_center_px=(330.5, 624.0) | image_position=(0.258, 0.650) | bbox_margin=0.246
[INFO] [1790290643.791611575] [sage_viewpoint_planner]: PERSON OBSERVATION | confidence=0.595 | bbox_area_fraction=0.2898 | bbox_center_px=(634.3, 529.9) | image_position=(0.496, 0.552) | bbox_margin=0.097
[INFO] [1790290643.884323819] [sage_viewpoint_planner]: New target acquired | target_id=28
[INFO] [1790290644.050369179] [sage_viewpoint_planner]: CANDIDATE FOUND | leaving sweep to verify target_id=28
[INFO] [1790290644.057696647] [sage_viewpoint_planner]: CANDIDATE STATUS | id=28 | track=(-5.8,-2.9) | uav=(-8.5,-5.8) | range=4.0 m | sufficient=False | matches_track=False | evidence=0.0/2.0 s
[INFO] [1790290648.251686313] [sage_viewpoint_planner]: CANDIDATE STATUS | id=28 | track=(-5.8,-2.9) | uav=(-9.8,-4.3) | range=4.2 m | sufficient=False | matches_track=False | evidence=0.0/2.0 s
[INFO] [1790290652.255344396] [sage_viewpoint_planner]: CANDIDATE STATUS | id=28 | track=(-5.8,-2.9) | uav=(-3.5,-9.6) | range=7.1 m | sufficient=False | matches_track=False | evidence=0.0/2.0 s
[INFO] [1790290656.454658682] [sage_viewpoint_planner]: CANDIDATE STATUS | id=28 | track=(-5.8,-2.9) | uav=(2.6,-7.9) | range=9.7 m | sufficient=False | matches_track=False | evidence=0.0/2.0 s
[WARN] [1790290659.050104144] [sage_viewpoint_planner]: CANDIDATE REJECTED | id=28 | no person visible (phantom) | resuming coverage.
[INFO] [1790290660.760622929] [sage_viewpoint_planner]: PERSON OBSERVATION | confidence=0.575 | bbox_area_fraction=0.0072 | bbox_center_px=(156.9, 464.5) | image_position=(0.123, 0.484) | bbox_margin=0.098
[INFO] [1790290661.676237097] [sage_viewpoint_planner]: New target acquired | target_id=27
[INFO] [1790290661.794796861] [sage_viewpoint_planner]: PERSON OBSERVATION | confidence=0.568 | bbox_area_fraction=0.0039 | bbox_center_px=(592.5, 540.5) | image_position=(0.463, 0.563) | bbox_margin=0.364
[INFO] [1790290661.853129304] [sage_viewpoint_planner]: CANDIDATE FOUND | leaving sweep to verify target_id=27
[INFO] [1790290661.855741454] [sage_viewpoint_planner]: CANDIDATE STATUS | id=27 | track=(10.4,-7.8) | uav=(-0.3,0.3) | range=13.4 m | sufficient=False | matches_track=False | evidence=0.0/2.0 s
[INFO] [1790290662.866138988] [sage_viewpoint_planner]: PERSON OBSERVATION | confidence=0.806 | bbox_area_fraction=0.0154 | bbox_center_px=(347.7, 681.4) | image_position=(0.272, 0.710) | bbox_margin=0.165
[INFO] [1790290663.885518721] [sage_viewpoint_planner]: PERSON OBSERVATION | confidence=0.833 | bbox_area_fraction=0.0482 | bbox_center_px=(270.0, 823.1) | image_position=(0.211, 0.857) | bbox_margin=0.008
[INFO] [1790290664.890683874] [sage_viewpoint_planner]: PERSON OBSERVATION | confidence=0.858 | bbox_area_fraction=0.0634 | bbox_center_px=(141.6, 818.5) | image_position=(0.111, 0.853) | bbox_margin=0.001
[INFO] [1790290665.857618818] [sage_viewpoint_planner]: CANDIDATE STATUS | id=27 | track=(10.4,-7.8) | uav=(-0.8,2.4) | range=15.2 m | sufficient=False | matches_track=False | evidence=0.0/2.0 s
[INFO] [1790290666.031200470] [sage_viewpoint_planner]: PERSON OBSERVATION | confidence=0.356 | bbox_area_fraction=0.0104 | bbox_center_px=(1036.5, 869.5) | image_position=(0.810, 0.906) | bbox_margin=0.014
[INFO] [1790290667.856942031] [sage_viewpoint_planner]: PERSON OBSERVATION | confidence=0.349 | bbox_area_fraction=0.0029 | bbox_center_px=(17.6, 615.9) | image_position=(0.014, 0.642) | bbox_margin=0.000
[INFO] [1790290668.925558021] [sage_viewpoint_planner]: PERSON OBSERVATION | confidence=0.745 | bbox_area_fraction=0.0026 | bbox_center_px=(236.1, 560.5) | image_position=(0.184, 0.584) | bbox_margin=0.168
[INFO] [1790290669.859578689] [sage_viewpoint_planner]: CANDIDATE STATUS | id=27 | track=(10.4,-7.8) | uav=(4.7,-3.9) | range=6.9 m | sufficient=False | matches_track=False | evidence=0.0/2.0 s
[INFO] [1790290670.112828196] [sage_viewpoint_planner]: PERSON OBSERVATION | confidence=0.573 | bbox_area_fraction=0.0022 | bbox_center_px=(139.7, 540.6) | image_position=(0.109, 0.563) | bbox_margin=0.093
[INFO] [1790290671.347503812] [sage_viewpoint_planner]: PERSON OBSERVATION | confidence=0.741 | bbox_area_fraction=0.0369 | bbox_center_px=(731.6, 789.8) | image_position=(0.572, 0.823) | bbox_margin=0.001
[INFO] [1790290672.842995631] [sage_viewpoint_planner]: PERSON OBSERVATION | confidence=0.683 | bbox_area_fraction=0.0183 | bbox_center_px=(578.5, 687.6) | image_position=(0.452, 0.716) | bbox_margin=0.146
[INFO] [1790290674.050120760] [sage_viewpoint_planner]: CANDIDATE STATUS | id=27 | track=(8.4,-8.0) | uav=(12.4,-7.4) | range=4.0 m | sufficient=False | matches_track=False | evidence=0.0/2.0 s
[INFO] [1790290674.103687622] [sage_viewpoint_planner]: PERSON OBSERVATION | confidence=0.822 | bbox_area_fraction=0.0425 | bbox_center_px=(921.1, 775.2) | image_position=(0.720, 0.808) | bbox_margin=0.002
[INFO] [1790290674.853181332] [sage_viewpoint_planner]: OBSERVATION INSUFFICIENT | viewpoint=1/4 | person_confidence=0.822 | bbox_area_fraction=0.0425 | fresh=True | confidence_ok=True | bbox_size_ok=True | position_ok=False | bbox_margin=0.002 | confidence_threshold=0.60 | bbox_threshold=0.0100
[INFO] [1790290674.853799905] [sage_viewpoint_planner]: ENERGY-AWARE SELECTION | chosen=2/4 | distance=6.0 m | est_cost_incl_return=0.8 % | unaffordable_skipped=0
[INFO] [1790290675.130870736] [sage_viewpoint_planner]: PERSON OBSERVATION | confidence=0.329 | bbox_area_fraction=0.0173 | bbox_center_px=(679.1, 537.7) | image_position=(0.531, 0.560) | bbox_margin=0.302
[INFO] [1790290676.531773558] [sage_viewpoint_planner]: PERSON OBSERVATION | confidence=0.513 | bbox_area_fraction=0.0064 | bbox_center_px=(373.4, 360.3) | image_position=(0.292, 0.375) | bbox_margin=0.269
[INFO] [1790290678.059315407] [sage_viewpoint_planner]: CANDIDATE STATUS | id=27 | track=(7.9,-7.9) | uav=(9.5,-5.7) | range=2.7 m | sufficient=False | matches_track=False | evidence=0.0/2.0 s
[INFO] [1790290678.543225059] [sage_viewpoint_planner]: PERSON OBSERVATION | confidence=0.833 | bbox_area_fraction=0.0555 | bbox_center_px=(221.1, 727.4) | image_position=(0.173, 0.758) | bbox_margin=0.026
[INFO] [1790290679.054423781] [sage_viewpoint_planner]: OBSERVATION SUFFICIENT | viewpoint=2/4 | person_confidence=0.820 | bbox_area_fraction=0.0542 | fresh=True | confidence_ok=True | bbox_size_ok=True | position_ok=True | bbox_margin=0.085 | confidence_threshold=0.60 | bbox_threshold=0.0100 | HOLDING VIEWPOINT.
[INFO] [1790290679.638506325] [sage_viewpoint_planner]: PERSON OBSERVATION | confidence=0.820 | bbox_area_fraction=0.0337 | bbox_center_px=(635.9, 601.0) | image_position=(0.497, 0.626) | bbox_margin=0.223
[INFO] [1790290680.827630873] [sage_viewpoint_planner]: PERSON OBSERVATION | confidence=0.821 | bbox_area_fraction=0.0262 | bbox_center_px=(704.6, 586.8) | image_position=(0.550, 0.611) | bbox_margin=0.251
[INFO] [1790290681.053790745] [sage_viewpoint_planner]: DUPLICATE TRACK MERGED | id=27 | position=(7.98, -8.34) | same as verified id=17
[INFO] [1790290681.085434419] [sage_viewpoint_planner]: New target acquired | target_id=31
[INFO] [1790290681.894423470] [sage_viewpoint_planner]: PERSON OBSERVATION | confidence=0.796 | bbox_area_fraction=0.0285 | bbox_center_px=(699.2, 605.5) | image_position=(0.546, 0.631) | bbox_margin=0.228
[INFO] [1790290682.249677657] [sage_viewpoint_planner]: CANDIDATE STATUS | id=31 | track=(-11.8,11.3) | uav=(7.5,-4.8) | range=25.2 m | sufficient=True | matches_track=False | evidence=0.0/2.0 s
[INFO] [1790290683.009716379] [sage_viewpoint_planner]: PERSON OBSERVATION | confidence=0.699 | bbox_area_fraction=0.0107 | bbox_center_px=(1039.1, 556.3) | image_position=(0.812, 0.579) | bbox_margin=0.156
[INFO] [1790290684.051347573] [sage_viewpoint_planner]: PERSON OBSERVATION | confidence=0.519 | bbox_area_fraction=0.0054 | bbox_center_px=(195.7, 446.8) | image_position=(0.153, 0.465) | bbox_margin=0.130
[INFO] [1790290685.165976965] [sage_viewpoint_planner]: PERSON OBSERVATION | confidence=0.600 | bbox_area_fraction=0.0039 | bbox_center_px=(123.4, 525.6) | image_position=(0.096, 0.547) | bbox_margin=0.078
[INFO] [1790290686.234685487] [sage_viewpoint_planner]: PERSON OBSERVATION | confidence=0.659 | bbox_area_fraction=0.0071 | bbox_center_px=(189.3, 551.4) | image_position=(0.148, 0.574) | bbox_margin=0.121
[INFO] [1790290686.253345320] [sage_viewpoint_planner]: CANDIDATE STATUS | id=31 | track=(-11.8,11.3) | uav=(1.7,-0.3) | range=17.9 m | sufficient=False | matches_track=False | evidence=0.0/2.0 s
[INFO] [1790290687.366726088] [sage_viewpoint_planner]: PERSON OBSERVATION | confidence=0.712 | bbox_area_fraction=0.0069 | bbox_center_px=(202.2, 557.2) | image_position=(0.158, 0.580) | bbox_margin=0.136
[INFO] [1790290688.399641334] [sage_viewpoint_planner]: PERSON OBSERVATION | confidence=0.731 | bbox_area_fraction=0.0155 | bbox_center_px=(183.1, 544.5) | image_position=(0.143, 0.567) | bbox_margin=0.102
[INFO] [1790290689.504430882] [sage_viewpoint_planner]: PERSON OBSERVATION | confidence=0.790 | bbox_area_fraction=0.0327 | bbox_center_px=(138.9, 663.2) | image_position=(0.109, 0.691) | bbox_margin=0.053
[INFO] [1790290690.256687498] [sage_viewpoint_planner]: CANDIDATE STATUS | id=31 | track=(-11.8,11.3) | uav=(-3.8,5.7) | range=9.8 m | sufficient=False | matches_track=False | evidence=0.0/2.0 s
[INFO] [1790290690.561532687] [sage_viewpoint_planner]: PERSON OBSERVATION | confidence=0.829 | bbox_area_fraction=0.0504 | bbox_center_px=(87.8, 781.9) | image_position=(0.069, 0.814) | bbox_margin=0.000
[INFO] [1790290691.797248679] [sage_viewpoint_planner]: PERSON OBSERVATION | confidence=0.739 | bbox_area_fraction=0.0189 | bbox_center_px=(362.1, 633.4) | image_position=(0.283, 0.660) | bbox_margin=0.225
[INFO] [1790290693.175695951] [sage_viewpoint_planner]: PERSON OBSERVATION | confidence=0.861 | bbox_area_fraction=0.0458 | bbox_center_px=(614.4, 793.4) | image_position=(0.480, 0.826) | bbox_margin=0.000
[INFO] [1790290694.261622029] [sage_viewpoint_planner]: OBSERVATION INSUFFICIENT | viewpoint=1/4 | person_confidence=0.591 | bbox_area_fraction=0.0472 | fresh=True | confidence_ok=False | bbox_size_ok=True | position_ok=False | bbox_margin=0.002 | confidence_threshold=0.60 | bbox_threshold=0.0100
[INFO] [1790290694.263497281] [sage_viewpoint_planner]: ENERGY-AWARE SELECTION | chosen=2/4 | distance=1.0 m | est_cost_incl_return=0.8 % | unaffordable_skipped=0
[INFO] [1790290694.449965766] [sage_viewpoint_planner]: CANDIDATE STATUS | id=31 | track=(-9.8,8.4) | uav=(-8.8,11.2) | range=3.0 m | sufficient=False | matches_track=False | evidence=1.0/2.0 s
[INFO] [1790290695.654619970] [sage_viewpoint_planner]: OBSERVATION INSUFFICIENT | viewpoint=2/4 | person_confidence=0.591 | bbox_area_fraction=0.0472 | fresh=False | confidence_ok=False | bbox_size_ok=True | position_ok=False | bbox_margin=0.002 | confidence_threshold=0.60 | bbox_threshold=0.0100
[INFO] [1790290695.655286627] [sage_viewpoint_planner]: ENERGY-AWARE SELECTION | chosen=3/4 | distance=5.0 m | est_cost_incl_return=1.0 % | unaffordable_skipped=0
[INFO] [1790290696.183639186] [sage_viewpoint_planner]: PERSON OBSERVATION | confidence=0.778 | bbox_area_fraction=0.0856 | bbox_center_px=(1104.4, 766.7) | image_position=(0.863, 0.799) | bbox_margin=0.001
[INFO] [1790290697.196649025] [sage_viewpoint_planner]: PERSON OBSERVATION | confidence=0.849 | bbox_area_fraction=0.0655 | bbox_center_px=(295.4, 726.6) | image_position=(0.231, 0.757) | bbox_margin=0.037
[INFO] [1790290698.216583534] [sage_viewpoint_planner]: PERSON OBSERVATION | confidence=0.677 | bbox_area_fraction=0.0139 | bbox_center_px=(432.9, 702.3) | image_position=(0.338, 0.732) | bbox_margin=0.168
[INFO] [1790290698.450721522] [sage_viewpoint_planner]: CANDIDATE STATUS | id=31 | track=(-9.1,9.0) | uav=(-11.9,9.5) | range=2.8 m | sufficient=False | matches_track=False | evidence=2.0/2.0 s
[INFO] [1790290699.053567644] [sage_viewpoint_planner]: DUPLICATE TRACK MERGED | id=31 | position=(-8.75, 9.01) | same as verified id=2
[INFO] [1790290699.091669052] [sage_viewpoint_planner]: New target acquired | target_id=30
[INFO] [1790290699.323200500] [sage_viewpoint_planner]: PERSON OBSERVATION | confidence=0.807 | bbox_area_fraction=0.0392 | bbox_center_px=(634.3, 725.8) | image_position=(0.496, 0.756) | bbox_margin=0.082
[INFO] [1790290700.495706376] [sage_viewpoint_planner]: PERSON OBSERVATION | confidence=0.795 | bbox_area_fraction=0.0229 | bbox_center_px=(884.8, 531.6) | image_position=(0.691, 0.554) | bbox_margin=0.258
[INFO] [1790290702.450992948] [sage_viewpoint_planner]: CANDIDATE STATUS | id=30 | track=(-13.2,12.7) | uav=(-10.7,11.9) | range=2.6 m | sufficient=False | matches_track=False | evidence=0.0/2.0 s
[INFO] [1790290703.053760945] [sage_viewpoint_planner]: OBSERVATION INSUFFICIENT | viewpoint=1/4 | person_confidence=0.304 | bbox_area_fraction=0.0130 | fresh=False | confidence_ok=False | bbox_size_ok=True | position_ok=False | bbox_margin=0.001 | confidence_threshold=0.60 | bbox_threshold=0.0100
[INFO] [1790290703.055854182] [sage_viewpoint_planner]: ENERGY-AWARE SELECTION | chosen=4/4 | distance=3.9 m | est_cost_incl_return=1.0 % | unaffordable_skipped=0
[INFO] [1790290706.649573010] [sage_viewpoint_planner]: CANDIDATE STATUS | id=30 | track=(-13.2,12.7) | uav=(-13.4,9.9) | range=2.7 m | sufficient=False | matches_track=False | evidence=0.0/2.0 s
[INFO] [1790290706.650452480] [sage_viewpoint_planner]: OBSERVATION INSUFFICIENT | viewpoint=4/4 | person_confidence=0.304 | bbox_area_fraction=0.0130 | fresh=False | confidence_ok=False | bbox_size_ok=True | position_ok=False | bbox_margin=0.001 | confidence_threshold=0.60 | bbox_threshold=0.0100
[INFO] [1790290706.656291419] [sage_viewpoint_planner]: ENERGY-AWARE SELECTION | chosen=3/4 | distance=3.9 m | est_cost_incl_return=1.2 % | unaffordable_skipped=0
[INFO] [1790290708.423763535] [sage_viewpoint_planner]: PERSON OBSERVATION | confidence=0.424 | bbox_area_fraction=0.0338 | bbox_center_px=(87.6, 840.7) | image_position=(0.068, 0.876) | bbox_margin=0.000
[INFO] [1790290709.630993560] [sage_viewpoint_planner]: PERSON OBSERVATION | confidence=0.480 | bbox_area_fraction=0.0070 | bbox_center_px=(657.3, 648.8) | image_position=(0.513, 0.676) | bbox_margin=0.245
[INFO] [1790290710.255624460] [sage_viewpoint_planner]: OBSERVATION INSUFFICIENT | viewpoint=3/4 | person_confidence=0.600 | bbox_area_fraction=0.0096 | fresh=True | confidence_ok=True | bbox_size_ok=False | position_ok=True | bbox_margin=0.293 | confidence_threshold=0.60 | bbox_threshold=0.0100
[INFO] [1790290710.256598030] [sage_viewpoint_planner]: ENERGY-AWARE SELECTION | chosen=2/4 | distance=4.3 m | est_cost_incl_return=1.2 % | unaffordable_skipped=0
[INFO] [1790290710.652362427] [sage_viewpoint_planner]: CANDIDATE STATUS | id=30 | track=(-13.2,12.7) | uav=(-16.3,12.6) | range=3.1 m | sufficient=False | matches_track=False | evidence=0.0/2.0 s
[INFO] [1790290710.978141941] [sage_viewpoint_planner]: PERSON OBSERVATION | confidence=0.403 | bbox_area_fraction=0.0062 | bbox_center_px=(405.0, 518.9) | image_position=(0.316, 0.541) | bbox_margin=0.291
[INFO] [1790290714.316478748] [sage_viewpoint_planner]: PERSON OBSERVATION | confidence=0.757 | bbox_area_fraction=0.0188 | bbox_center_px=(1171.8, 664.4) | image_position=(0.915, 0.692) | bbox_margin=0.043
[INFO] [1790290714.656586829] [sage_viewpoint_planner]: CANDIDATE STATUS | id=30 | track=(-13.2,12.7) | uav=(-13.3,15.5) | range=2.8 m | sufficient=True | matches_track=False | evidence=0.0/2.0 s
[INFO] [1790290714.658145017] [sage_viewpoint_planner]: OBSERVATION SUFFICIENT | viewpoint=2/4 | person_confidence=0.742 | bbox_area_fraction=0.0137 | fresh=True | confidence_ok=True | bbox_size_ok=True | position_ok=True | bbox_margin=0.104 | confidence_threshold=0.60 | bbox_threshold=0.0100 | HOLDING VIEWPOINT.
[INFO] [1790290715.058703448] [sage_viewpoint_planner]: OBSERVATION QUALITY LOST | fresh=True | confidence_ok=False | bbox_size_ok=True | position_ok=True | resuming active search.
[INFO] [1790290715.062954042] [sage_viewpoint_planner]: OBSERVATION INSUFFICIENT | viewpoint=2/4 | person_confidence=0.546 | bbox_area_fraction=0.0137 | fresh=True | confidence_ok=False | bbox_size_ok=True | position_ok=True | bbox_margin=0.098 | confidence_threshold=0.60 | bbox_threshold=0.0100
[INFO] [1790290715.063676014] [sage_viewpoint_planner]: SEARCH CYCLE COMPLETE | starting next cycle.
[INFO] [1790290715.064430133] [sage_viewpoint_planner]: ENERGY-AWARE SELECTION | chosen=3/4 | distance=4.2 m | est_cost_incl_return=1.2 % | unaffordable_skipped=0
[INFO] [1790290715.362222923] [sage_viewpoint_planner]: PERSON OBSERVATION | confidence=0.319 | bbox_area_fraction=0.0065 | bbox_center_px=(1111.9, 644.3) | image_position=(0.869, 0.671) | bbox_margin=0.106
[INFO] [1790290718.211128336] [sage_viewpoint_planner]: PERSON OBSERVATION | confidence=0.376 | bbox_area_fraction=0.0093 | bbox_center_px=(143.1, 557.6) | image_position=(0.112, 0.581) | bbox_margin=0.083
[INFO] [1790290718.660411225] [sage_viewpoint_planner]: CANDIDATE STATUS | id=30 | track=(-13.2,12.7) | uav=(-16.3,13.2) | range=3.2 m | sufficient=False | matches_track=False | evidence=0.0/2.0 s
[INFO] [1790290719.463380078] [sage_viewpoint_planner]: OBSERVATION INSUFFICIENT | viewpoint=3/4 | person_confidence=0.376 | bbox_area_fraction=0.0093 | fresh=False | confidence_ok=False | bbox_size_ok=False | position_ok=True | bbox_margin=0.083 | confidence_threshold=0.60 | bbox_threshold=0.0100
[INFO] [1790290719.470063644] [sage_viewpoint_planner]: ENERGY-AWARE SELECTION | chosen=4/4 | distance=4.6 m | est_cost_incl_return=1.0 % | unaffordable_skipped=0
[INFO] [1790290720.896521704] [sage_viewpoint_planner]: PERSON OBSERVATION | confidence=0.311 | bbox_area_fraction=0.0074 | bbox_center_px=(313.4, 491.5) | image_position=(0.245, 0.512) | bbox_margin=0.221
[INFO] [1790290722.653520997] [sage_viewpoint_planner]: OBSERVATION INSUFFICIENT | viewpoint=4/4 | person_confidence=0.311 | bbox_area_fraction=0.0074 | fresh=False | confidence_ok=False | bbox_size_ok=False | position_ok=True | bbox_margin=0.221 | confidence_threshold=0.60 | bbox_threshold=0.0100
[INFO] [1790290722.655443966] [sage_viewpoint_planner]: ENERGY-AWARE SELECTION | chosen=1/4 | distance=4.4 m | est_cost_incl_return=1.0 % | unaffordable_skipped=0
[INFO] [1790290722.853654405] [sage_viewpoint_planner]: CANDIDATE STATUS | id=30 | track=(-13.2,12.7) | uav=(-13.3,9.7) | range=3.0 m | sufficient=False | matches_track=False | evidence=0.0/2.0 s
[WARN] [1790290724.255770026] [sage_viewpoint_planner]: CANDIDATE REJECTED | id=30 | not confirmed in 25 s | resuming coverage.
[INFO] [1790290726.423086041] [sage_viewpoint_planner]: PERSON OBSERVATION | confidence=0.839 | bbox_area_fraction=0.0979 | bbox_center_px=(317.3, 683.0) | image_position=(0.248, 0.711) | bbox_margin=0.078
[INFO] [1790290726.985552167] [sage_viewpoint_planner]: New target acquired | target_id=29
[INFO] [1790290727.049503929] [sage_viewpoint_planner]: CANDIDATE FOUND | leaving sweep to verify target_id=29
[INFO] [1790290727.050235407] [sage_viewpoint_planner]: CANDIDATE STATUS | id=29 | track=(-7.7,6.4) | uav=(-8.0,9.7) | range=3.4 m | sufficient=True | matches_track=False | evidence=0.0/2.0 s
[INFO] [1790290727.552654722] [sage_viewpoint_planner]: PERSON OBSERVATION | confidence=0.743 | bbox_area_fraction=0.0300 | bbox_center_px=(813.0, 626.9) | image_position=(0.635, 0.653) | bbox_margin=0.209
[INFO] [1790290728.818315489] [sage_viewpoint_planner]: PERSON OBSERVATION | confidence=0.316 | bbox_area_fraction=0.0017 | bbox_center_px=(1138.5, 458.3) | image_position=(0.889, 0.477) | bbox_margin=0.097
[INFO] [1790290730.009737049] [sage_viewpoint_planner]: PERSON OBSERVATION | confidence=0.809 | bbox_area_fraction=0.0267 | bbox_center_px=(700.8, 661.3) | image_position=(0.547, 0.689) | bbox_margin=0.173
[INFO] [1790290730.460181920] [sage_viewpoint_planner]: OBSERVATION SUFFICIENT | viewpoint=1/4 | person_confidence=0.798 | bbox_area_fraction=0.0210 | fresh=True | confidence_ok=True | bbox_size_ok=True | position_ok=True | bbox_margin=0.219 | confidence_threshold=0.60 | bbox_threshold=0.0100 | HOLDING VIEWPOINT.
[INFO] [1790290731.053320725] [sage_viewpoint_planner]: CANDIDATE STATUS | id=29 | track=(-8.7,8.5) | uav=(-4.9,6.2) | range=4.5 m | sufficient=True | matches_track=True | evidence=1.0/2.0 s
[INFO] [1790290731.196201428] [sage_viewpoint_planner]: PERSON OBSERVATION | confidence=0.788 | bbox_area_fraction=0.0338 | bbox_center_px=(137.6, 634.9) | image_position=(0.107, 0.661) | bbox_margin=0.049
[INFO] [1790290732.053479493] [sage_viewpoint_planner]: DUPLICATE TRACK MERGED | id=29 | position=(-8.84, 8.66) | same as verified id=2
[INFO] [1790290732.087094472] [sage_viewpoint_planner]: New target acquired | target_id=33
[INFO] [1790290732.353312106] [sage_viewpoint_planner]: PERSON OBSERVATION | confidence=0.775 | bbox_area_fraction=0.0217 | bbox_center_px=(251.3, 643.9) | image_position=(0.196, 0.671) | bbox_margin=0.152
[INFO] [1790290733.437333256] [sage_viewpoint_planner]: PERSON OBSERVATION | confidence=0.779 | bbox_area_fraction=0.0230 | bbox_center_px=(290.2, 795.5) | image_position=(0.227, 0.829) | bbox_margin=0.040
[INFO] [1790290734.484945434] [sage_viewpoint_planner]: PERSON OBSERVATION | confidence=0.758 | bbox_area_fraction=0.0177 | bbox_center_px=(248.8, 780.6) | image_position=(0.194, 0.813) | bbox_margin=0.075
[INFO] [1790290735.252664715] [sage_viewpoint_planner]: CANDIDATE STATUS | id=33 | track=(-3.9,2.9) | uav=(-2.0,3.5) | range=1.9 m | sufficient=True | matches_track=False | evidence=0.0/2.0 s
[INFO] [1790290735.727484598] [sage_viewpoint_planner]: PERSON OBSERVATION | confidence=0.826 | bbox_area_fraction=0.0106 | bbox_center_px=(199.1, 550.6) | image_position=(0.156, 0.574) | bbox_margin=0.120
[INFO] [1790290736.250554351] [sage_viewpoint_planner]: OBSERVATION INSUFFICIENT | viewpoint=1/4 | person_confidence=0.761 | bbox_area_fraction=0.0100 | fresh=True | confidence_ok=True | bbox_size_ok=False | position_ok=True | bbox_margin=0.116 | confidence_threshold=0.60 | bbox_threshold=0.0100
[INFO] [1790290736.254484823] [sage_viewpoint_planner]: ENERGY-AWARE SELECTION | chosen=4/4 | distance=3.2 m | est_cost_incl_return=0.4 % | unaffordable_skipped=0
[INFO] [1790290736.879225038] [sage_viewpoint_planner]: PERSON OBSERVATION | confidence=0.629 | bbox_area_fraction=0.0061 | bbox_center_px=(212.5, 479.0) | image_position=(0.166, 0.499) | bbox_margin=0.142
[INFO] [1790290737.983769471] [sage_viewpoint_planner]: PERSON OBSERVATION | confidence=0.669 | bbox_area_fraction=0.0089 | bbox_center_px=(498.8, 624.1) | image_position=(0.390, 0.650) | bbox_margin=0.271
[INFO] [1790290739.150177403] [sage_viewpoint_planner]: PERSON OBSERVATION | confidence=0.839 | bbox_area_fraction=0.0293 | bbox_center_px=(222.2, 710.9) | image_position=(0.174, 0.741) | bbox_margin=0.107
[INFO] [1790290739.252814929] [sage_viewpoint_planner]: CANDIDATE STATUS | id=33 | track=(-3.9,2.9) | uav=(-2.3,0.2) | range=3.0 m | sufficient=True | matches_track=False | evidence=0.0/2.0 s
[INFO] [1790290739.452721562] [sage_viewpoint_planner]: OBSERVATION SUFFICIENT | viewpoint=4/4 | person_confidence=0.839 | bbox_area_fraction=0.0293 | fresh=True | confidence_ok=True | bbox_size_ok=True | position_ok=True | bbox_margin=0.107 | confidence_threshold=0.60 | bbox_threshold=0.0100 | HOLDING VIEWPOINT.
[INFO] [1790290739.652829996] [sage_viewpoint_planner]: OBSERVATION QUALITY LOST | fresh=True | confidence_ok=True | bbox_size_ok=True | position_ok=False | resuming active search.
[INFO] [1790290739.655815256] [sage_viewpoint_planner]: OBSERVATION INSUFFICIENT | viewpoint=4/4 | person_confidence=0.848 | bbox_area_fraction=0.0356 | fresh=True | confidence_ok=True | bbox_size_ok=True | position_ok=False | bbox_margin=0.001 | confidence_threshold=0.60 | bbox_threshold=0.0100
[INFO] [1790290739.656434400] [sage_viewpoint_planner]: ENERGY-AWARE SELECTION | chosen=3/4 | distance=5.2 m | est_cost_incl_return=0.7 % | unaffordable_skipped=0
[INFO] [1790290740.150564032] [sage_viewpoint_planner]: PERSON OBSERVATION | confidence=0.626 | bbox_area_fraction=0.0059 | bbox_center_px=(573.5, 572.0) | image_position=(0.448, 0.596) | bbox_margin=0.334
[INFO] [1790290741.368929488] [sage_viewpoint_planner]: PERSON OBSERVATION | confidence=0.732 | bbox_area_fraction=0.0064 | bbox_center_px=(547.1, 428.6) | image_position=(0.427, 0.446) | bbox_margin=0.367
[INFO] [1790290742.472776137] [sage_viewpoint_planner]: PERSON OBSERVATION | confidence=0.514 | bbox_area_fraction=0.0022 | bbox_center_px=(392.3, 665.1) | image_position=(0.306, 0.693) | bbox_margin=0.267
[INFO] [1790290743.255770618] [sage_viewpoint_planner]: CANDIDATE STATUS | id=33 | track=(-5.2,5.5) | uav=(-5.5,3.0) | range=2.4 m | sufficient=False | matches_track=False | evidence=0.2/2.0 s
[INFO] [1790290743.481696281] [sage_viewpoint_planner]: PERSON OBSERVATION | confidence=0.635 | bbox_area_fraction=0.0165 | bbox_center_px=(886.2, 739.7) | image_position=(0.692, 0.770) | bbox_margin=0.119
[INFO] [1790290744.676095151] [sage_viewpoint_planner]: PERSON OBSERVATION | confidence=0.865 | bbox_area_fraction=0.0423 | bbox_center_px=(1078.4, 832.5) | image_position=(0.843, 0.867) | bbox_margin=0.000
[INFO] [1790290745.783517855] [sage_viewpoint_planner]: PERSON OBSERVATION | confidence=0.733 | bbox_area_fraction=0.0811 | bbox_center_px=(1150.0, 767.0) | image_position=(0.898, 0.799) | bbox_margin=0.000
[INFO] [1790290746.924074418] [sage_viewpoint_planner]: PERSON OBSERVATION | confidence=0.674 | bbox_area_fraction=0.0046 | bbox_center_px=(829.0, 557.7) | image_position=(0.648, 0.581) | bbox_margin=0.333
[INFO] [1790290747.461644985] [sage_viewpoint_planner]: CANDIDATE STATUS | id=33 | track=(-5.2,5.4) | uav=(-7.2,2.8) | range=3.3 m | sufficient=False | matches_track=False | evidence=0.0/2.0 s
[INFO] [1790290747.462893660] [sage_viewpoint_planner]: OBSERVATION INSUFFICIENT | viewpoint=3/4 | person_confidence=0.612 | bbox_area_fraction=0.0047 | fresh=True | confidence_ok=True | bbox_size_ok=False | position_ok=True | bbox_margin=0.330 | confidence_threshold=0.60 | bbox_threshold=0.0100
[INFO] [1790290747.464075601] [sage_viewpoint_planner]: ENERGY-AWARE SELECTION | chosen=2/4 | distance=5.9 m | est_cost_incl_return=0.8 % | unaffordable_skipped=0
[INFO] [1790290748.136822788] [sage_viewpoint_planner]: PERSON OBSERVATION | confidence=0.612 | bbox_area_fraction=0.0047 | bbox_center_px=(831.8, 563.8) | image_position=(0.650, 0.587) | bbox_margin=0.330
[INFO] [1790290750.964926557] [sage_viewpoint_planner]: PERSON OBSERVATION | confidence=0.419 | bbox_area_fraction=0.0014 | bbox_center_px=(1078.1, 579.1) | image_position=(0.842, 0.603) | bbox_margin=0.147
[INFO] [1790290751.649614280] [sage_viewpoint_planner]: CANDIDATE STATUS | id=33 | track=(-5.2,5.4) | uav=(-5.2,8.1) | range=2.8 m | sufficient=False | matches_track=False | evidence=0.0/2.0 s
[INFO] [1790290751.650640357] [sage_viewpoint_planner]: OBSERVATION INSUFFICIENT | viewpoint=2/4 | person_confidence=0.419 | bbox_area_fraction=0.0014 | fresh=True | confidence_ok=False | bbox_size_ok=False | position_ok=True | bbox_margin=0.147 | confidence_threshold=0.60 | bbox_threshold=0.0100
[INFO] [1790290751.653808473] [sage_viewpoint_planner]: SEARCH CYCLE COMPLETE | starting next cycle.
[INFO] [1790290751.654720427] [sage_viewpoint_planner]: ENERGY-AWARE SELECTION | chosen=1/4 | distance=4.0 m | est_cost_incl_return=0.6 % | unaffordable_skipped=0
[INFO] [1790290753.580802491] [sage_viewpoint_planner]: PERSON OBSERVATION | confidence=0.746 | bbox_area_fraction=0.0373 | bbox_center_px=(354.0, 842.4) | image_position=(0.277, 0.877) | bbox_margin=0.000
[INFO] [1790290754.796141563] [sage_viewpoint_planner]: PERSON OBSERVATION | confidence=0.760 | bbox_area_fraction=0.0094 | bbox_center_px=(544.3, 618.7) | image_position=(0.425, 0.644) | bbox_margin=0.269
[INFO] [1790290755.461954288] [sage_viewpoint_planner]: OBSERVATION INSUFFICIENT | viewpoint=1/4 | person_confidence=0.750 | bbox_area_fraction=0.0095 | fresh=True | confidence_ok=True | bbox_size_ok=False | position_ok=True | bbox_margin=0.300 | confidence_threshold=0.60 | bbox_threshold=0.0100
[INFO] [1790290755.462596992] [sage_viewpoint_planner]: ENERGY-AWARE SELECTION | chosen=4/4 | distance=4.1 m | est_cost_incl_return=0.6 % | unaffordable_skipped=0
[INFO] [1790290755.651977642] [sage_viewpoint_planner]: CANDIDATE STATUS | id=33 | track=(-5.2,5.4) | uav=(-2.3,5.5) | range=2.9 m | sufficient=True | matches_track=False | evidence=0.0/2.0 s
[INFO] [1790290755.836267360] [sage_viewpoint_planner]: PERSON OBSERVATION | confidence=0.819 | bbox_area_fraction=0.0100 | bbox_center_px=(325.4, 537.3) | image_position=(0.254, 0.560) | bbox_margin=0.225
[INFO] [1790290756.836400956] [sage_viewpoint_planner]: PERSON OBSERVATION | confidence=0.782 | bbox_area_fraction=0.0197 | bbox_center_px=(142.5, 594.1) | image_position=(0.111, 0.619) | bbox_margin=0.066
[WARN] [1790290757.250983305] [sage_viewpoint_planner]: CANDIDATE REJECTED | id=33 | not confirmed in 25 s | resuming coverage.
[INFO] [1790290757.871134472] [sage_viewpoint_planner]: PERSON OBSERVATION | confidence=0.773 | bbox_area_fraction=0.0143 | bbox_center_px=(1073.3, 641.7) | image_position=(0.839, 0.668) | bbox_margin=0.127
[INFO] [1790290758.898257587] [sage_viewpoint_planner]: PERSON OBSERVATION | confidence=0.595 | bbox_area_fraction=0.0295 | bbox_center_px=(1178.0, 676.6) | image_position=(0.920, 0.705) | bbox_margin=0.005
[INFO] [1790290760.017133712] [sage_viewpoint_planner]: PERSON OBSERVATION | confidence=0.466 | bbox_area_fraction=0.0036 | bbox_center_px=(633.1, 552.5) | image_position=(0.495, 0.576) | bbox_margin=0.370
[INFO] [1790290761.148697106] [sage_viewpoint_planner]: PERSON OBSERVATION | confidence=0.813 | bbox_area_fraction=0.0131 | bbox_center_px=(1041.4, 599.8) | image_position=(0.814, 0.625) | bbox_margin=0.145
[INFO] [1790290762.328636178] [sage_viewpoint_planner]: PERSON OBSERVATION | confidence=0.724 | bbox_area_fraction=0.0056 | bbox_center_px=(831.9, 515.2) | image_position=(0.650, 0.537) | bbox_margin=0.330
[INFO] [1790290763.539613642] [sage_viewpoint_planner]: PERSON OBSERVATION | confidence=0.835 | bbox_area_fraction=0.0197 | bbox_center_px=(1046.6, 633.2) | image_position=(0.818, 0.660) | bbox_margin=0.143
[INFO] [1790290764.651735194] [sage_viewpoint_planner]: COVERAGE WAYPOINT | 5/16 at (-3.0, 9.0) | scanning
[INFO] [1790290766.824550014] [sage_viewpoint_planner]: PERSON OBSERVATION | confidence=0.734 | bbox_area_fraction=0.0207 | bbox_center_px=(1072.2, 660.4) | image_position=(0.838, 0.688) | bbox_margin=0.118
[INFO] [1790290768.038955970] [sage_viewpoint_planner]: PERSON OBSERVATION | confidence=0.837 | bbox_area_fraction=0.0386 | bbox_center_px=(711.1, 790.8) | image_position=(0.556, 0.824) | bbox_margin=0.001
[INFO] [1790290769.166600819] [sage_viewpoint_planner]: PERSON OBSERVATION | confidence=0.853 | bbox_area_fraction=0.0629 | bbox_center_px=(134.0, 791.8) | image_position=(0.105, 0.825) | bbox_margin=0.000
[INFO] [1790290770.205699136] [sage_viewpoint_planner]: PERSON OBSERVATION | confidence=0.583 | bbox_area_fraction=0.0123 | bbox_center_px=(549.9, 598.7) | image_position=(0.430, 0.624) | bbox_margin=0.274
[INFO] [1790290774.063748841] [sage_viewpoint_planner]: PERSON OBSERVATION | confidence=0.803 | bbox_area_fraction=0.0255 | bbox_center_px=(1166.2, 633.8) | image_position=(0.911, 0.660) | bbox_margin=0.037
[INFO] [1790290775.204665464] [sage_viewpoint_planner]: PERSON OBSERVATION | confidence=0.686 | bbox_area_fraction=0.0180 | bbox_center_px=(758.8, 486.4) | image_position=(0.593, 0.507) | bbox_margin=0.368
[INFO] [1790290776.351090631] [sage_viewpoint_planner]: PERSON OBSERVATION | confidence=0.762 | bbox_area_fraction=0.0305 | bbox_center_px=(928.1, 643.0) | image_position=(0.725, 0.670) | bbox_margin=0.178
[INFO] [1790290777.454540544] [sage_viewpoint_planner]: PERSON OBSERVATION | confidence=0.561 | bbox_area_fraction=0.0022 | bbox_center_px=(1105.5, 625.9) | image_position=(0.864, 0.652) | bbox_margin=0.122
[INFO] [1790290777.851380569] [sage_viewpoint_planner]: COVERAGE WAYPOINT | 6/16 at (-3.0, 3.0) | scanning
[INFO] [1790290778.978517990] [sage_viewpoint_planner]: PERSON OBSERVATION | confidence=0.491 | bbox_area_fraction=0.0030 | bbox_center_px=(1066.7, 599.8) | image_position=(0.833, 0.625) | bbox_margin=0.148
[INFO] [1790290780.486991703] [sage_viewpoint_planner]: PERSON OBSERVATION | confidence=0.793 | bbox_area_fraction=0.0374 | bbox_center_px=(1206.2, 673.4) | image_position=(0.942, 0.702) | bbox_margin=0.001
[INFO] [1790290781.494548080] [sage_viewpoint_planner]: PERSON OBSERVATION | confidence=0.720 | bbox_area_fraction=0.0216 | bbox_center_px=(746.9, 620.0) | image_position=(0.584, 0.646) | bbox_margin=0.241
[INFO] [1790290782.522158530] [sage_viewpoint_planner]: PERSON OBSERVATION | confidence=0.828 | bbox_area_fraction=0.0275 | bbox_center_px=(974.8, 713.2) | image_position=(0.762, 0.743) | bbox_margin=0.097
[INFO] [1790290783.712532680] [sage_viewpoint_planner]: PERSON OBSERVATION | confidence=0.774 | bbox_area_fraction=0.0135 | bbox_center_px=(437.0, 634.5) | image_position=(0.341, 0.661) | bbox_margin=0.226
[INFO] [1790290785.220020339] [sage_viewpoint_planner]: PERSON OBSERVATION | confidence=0.762 | bbox_area_fraction=0.0094 | bbox_center_px=(124.7, 581.3) | image_position=(0.097, 0.606) | bbox_margin=0.068
[INFO] [1790290786.510832847] [sage_viewpoint_planner]: PERSON OBSERVATION | confidence=0.507 | bbox_area_fraction=0.0026 | bbox_center_px=(1058.9, 560.0) | image_position=(0.827, 0.583) | bbox_margin=0.158
[INFO] [1790290786.593320190] [sage_viewpoint_planner]: New target acquired | target_id=34
[INFO] [1790290786.653135569] [sage_viewpoint_planner]: CANDIDATE FOUND | leaving sweep to verify target_id=34
[INFO] [1790290786.653948605] [sage_viewpoint_planner]: CANDIDATE STATUS | id=34 | track=(0.1,-9.1) | uav=(-2.9,2.9) | range=12.4 m | sufficient=False | matches_track=False | evidence=0.0/2.0 s
[INFO] [1790290787.760863257] [sage_viewpoint_planner]: PERSON OBSERVATION | confidence=0.488 | bbox_area_fraction=0.0018 | bbox_center_px=(792.8, 560.7) | image_position=(0.619, 0.584) | bbox_margin=0.370
[INFO] [1790290789.205185369] [sage_viewpoint_planner]: PERSON OBSERVATION | confidence=0.706 | bbox_area_fraction=0.0072 | bbox_center_px=(193.0, 661.9) | image_position=(0.151, 0.689) | bbox_margin=0.123
[INFO] [1790290790.580437015] [sage_viewpoint_planner]: PERSON OBSERVATION | confidence=0.525 | bbox_area_fraction=0.0052 | bbox_center_px=(119.7, 639.8) | image_position=(0.094, 0.666) | bbox_margin=0.071
[INFO] [1790290790.854325723] [sage_viewpoint_planner]: CANDIDATE STATUS | id=34 | track=(0.1,-9.1) | uav=(1.8,-1.5) | range=7.8 m | sufficient=False | matches_track=False | evidence=0.0/2.0 s
[INFO] [1790290794.467283147] [sage_viewpoint_planner]: OBSERVATION INSUFFICIENT | viewpoint=1/4 | person_confidence=0.525 | bbox_area_fraction=0.0052 | fresh=False | confidence_ok=False | bbox_size_ok=False | position_ok=True | bbox_margin=0.071 | confidence_threshold=0.60 | bbox_threshold=0.0100
[INFO] [1790290794.467998819] [sage_viewpoint_planner]: ENERGY-AWARE SELECTION | chosen=2/4 | distance=2.7 m | est_cost_incl_return=0.5 % | unaffordable_skipped=0
[INFO] [1790290795.053891797] [sage_viewpoint_planner]: CANDIDATE STATUS | id=34 | track=(0.1,-9.1) | uav=(3.0,-9.2) | range=2.8 m | sufficient=False | matches_track=False | evidence=0.0/2.0 s
[INFO] [1790290799.250357445] [sage_viewpoint_planner]: CANDIDATE STATUS | id=34 | track=(0.1,-9.1) | uav=(2.7,-5.7) | range=4.3 m | sufficient=False | matches_track=False | evidence=0.0/2.0 s
[WARN] [1790290801.659106927] [sage_viewpoint_planner]: CANDIDATE REJECTED | id=34 | no person visible (phantom) | resuming coverage.
[INFO] [1790290803.764714178] [sage_viewpoint_planner]: PERSON OBSERVATION | confidence=0.620 | bbox_area_fraction=0.0055 | bbox_center_px=(76.7, 495.7) | image_position=(0.060, 0.516) | bbox_margin=0.039
[INFO] [1790290804.779033391] [sage_viewpoint_planner]: PERSON OBSERVATION | confidence=0.647 | bbox_area_fraction=0.0044 | bbox_center_px=(208.8, 564.4) | image_position=(0.163, 0.588) | bbox_margin=0.142
[INFO] [1790290804.888863214] [sage_viewpoint_planner]: New target acquired | target_id=36
[INFO] [1790290805.055135791] [sage_viewpoint_planner]: CANDIDATE FOUND | leaving sweep to verify target_id=36
[INFO] [1790290805.056821071] [sage_viewpoint_planner]: CANDIDATE STATUS | id=36 | track=(1.0,-4.0) | uav=(-0.5,-3.4) | range=1.6 m | sufficient=False | matches_track=False | evidence=0.0/2.0 s
[INFO] [1790290809.057829018] [sage_viewpoint_planner]: CANDIDATE STATUS | id=36 | track=(1.0,-4.0) | uav=(3.4,-3.7) | range=2.4 m | sufficient=False | matches_track=False | evidence=0.0/2.0 s
[INFO] [1790290809.852529318] [sage_viewpoint_planner]: OBSERVATION INSUFFICIENT | viewpoint=1/4 | person_confidence=0.655 | bbox_area_fraction=0.0064 | fresh=False | confidence_ok=True | bbox_size_ok=False | position_ok=True | bbox_margin=0.042 | confidence_threshold=0.60 | bbox_threshold=0.0100
[INFO] [1790290809.855301360] [sage_viewpoint_planner]: ENERGY-AWARE SELECTION | chosen=4/4 | distance=3.4 m | est_cost_incl_return=0.6 % | unaffordable_skipped=0
[INFO] [1790290811.328389221] [sage_viewpoint_planner]: PERSON OBSERVATION | confidence=0.628 | bbox_area_fraction=0.0079 | bbox_center_px=(53.8, 692.9) | image_position=(0.042, 0.722) | bbox_margin=0.016
[INFO] [1790290812.344468671] [sage_viewpoint_planner]: PERSON OBSERVATION | confidence=0.578 | bbox_area_fraction=0.0022 | bbox_center_px=(668.9, 624.3) | image_position=(0.523, 0.650) | bbox_margin=0.300
[INFO] [1790290812.851191370] [sage_viewpoint_planner]: OBSERVATION INSUFFICIENT | viewpoint=4/4 | person_confidence=0.558 | bbox_area_fraction=0.0020 | fresh=True | confidence_ok=False | bbox_size_ok=False | position_ok=True | bbox_margin=0.403 | confidence_threshold=0.60 | bbox_threshold=0.0100
[INFO] [1790290812.851789796] [sage_viewpoint_planner]: ENERGY-AWARE SELECTION | chosen=3/4 | distance=5.8 m | est_cost_incl_return=0.6 % | unaffordable_skipped=0
[INFO] [1790290813.250793457] [sage_viewpoint_planner]: CANDIDATE STATUS | id=36 | track=(1.0,-4.0) | uav=(2.5,-7.0) | range=3.4 m | sufficient=False | matches_track=False | evidence=0.0/2.0 s
[INFO] [1790290813.645690169] [sage_viewpoint_planner]: PERSON OBSERVATION | confidence=0.457 | bbox_area_fraction=0.0009 | bbox_center_px=(608.1, 483.9) | image_position=(0.475, 0.504) | bbox_margin=0.467
[INFO] [1790290815.522788990] [sage_viewpoint_planner]: PERSON OBSERVATION | confidence=0.477 | bbox_area_fraction=0.0005 | bbox_center_px=(623.9, 509.4) | image_position=(0.487, 0.531) | bbox_margin=0.447
[INFO] [1790290816.731114594] [sage_viewpoint_planner]: PERSON OBSERVATION | confidence=0.449 | bbox_area_fraction=0.0014 | bbox_center_px=(484.2, 538.8) | image_position=(0.378, 0.561) | bbox_margin=0.369
[INFO] [1790290817.260692971] [sage_viewpoint_planner]: CANDIDATE STATUS | id=36 | track=(1.0,-4.0) | uav=(2.5,-7.1) | range=3.4 m | sufficient=False | matches_track=False | evidence=0.0/2.0 s
[INFO] [1790290818.463886111] [sage_viewpoint_planner]: PERSON OBSERVATION | confidence=0.322 | bbox_area_fraction=0.0015 | bbox_center_px=(497.5, 540.2) | image_position=(0.389, 0.563) | bbox_margin=0.379
[INFO] [1790290819.732596663] [sage_viewpoint_planner]: PERSON OBSERVATION | confidence=0.458 | bbox_area_fraction=0.0015 | bbox_center_px=(501.7, 532.9) | image_position=(0.392, 0.555) | bbox_margin=0.381
[INFO] [1790290821.449878874] [sage_viewpoint_planner]: CANDIDATE STATUS | id=36 | track=(1.0,-4.0) | uav=(2.5,-7.0) | range=3.3 m | sufficient=False | matches_track=False | evidence=0.0/2.0 s
[INFO] [1790290821.784227786] [sage_viewpoint_planner]: PERSON OBSERVATION | confidence=0.306 | bbox_area_fraction=0.0013 | bbox_center_px=(507.7, 527.0) | image_position=(0.397, 0.549) | bbox_margin=0.388
[INFO] [1790290822.914397035] [sage_viewpoint_planner]: PERSON OBSERVATION | confidence=0.356 | bbox_area_fraction=0.0014 | bbox_center_px=(511.6, 530.7) | image_position=(0.400, 0.553) | bbox_margin=0.391
[INFO] [1790290825.454726823] [sage_viewpoint_planner]: CANDIDATE STATUS | id=36 | track=(1.0,-4.0) | uav=(2.5,-7.0) | range=3.3 m | sufficient=False | matches_track=False | evidence=0.0/2.0 s
[INFO] [1790290828.207189509] [sage_viewpoint_planner]: PERSON OBSERVATION | confidence=0.316 | bbox_area_fraction=0.0012 | bbox_center_px=(522.5, 540.3) | image_position=(0.408, 0.563) | bbox_margin=0.398
[INFO] [1790290829.459463839] [sage_viewpoint_planner]: CANDIDATE STATUS | id=36 | track=(1.0,-4.0) | uav=(2.6,-7.0) | range=3.3 m | sufficient=False | matches_track=False | evidence=0.0/2.0 s
[WARN] [1790290830.050197382] [sage_viewpoint_planner]: CANDIDATE REJECTED | id=36 | not confirmed in 25 s | resuming coverage.
[INFO] [1790290830.443681709] [sage_viewpoint_planner]: PERSON OBSERVATION | confidence=0.454 | bbox_area_fraction=0.0010 | bbox_center_px=(672.9, 525.4) | image_position=(0.526, 0.547) | bbox_margin=0.425
[INFO] [1790290830.499121928] [sage_viewpoint_planner]: New target acquired | target_id=37
[INFO] [1790290830.654321151] [sage_viewpoint_planner]: CANDIDATE FOUND | leaving sweep to verify target_id=37
[INFO] [1790290831.560360765] [sage_viewpoint_planner]: PERSON OBSERVATION | confidence=0.542 | bbox_area_fraction=0.0022 | bbox_center_px=(375.3, 411.0) | image_position=(0.293, 0.428) | bbox_margin=0.280
[INFO] [1790290833.654413332] [sage_viewpoint_planner]: CANDIDATE STATUS | id=37 | track=(-4.6,6.2) | uav=(2.4,-2.6) | range=11.2 m | sufficient=False | matches_track=False | evidence=0.0/2.0 s
[INFO] [1790290833.969638368] [sage_viewpoint_planner]: PERSON OBSERVATION | confidence=0.631 | bbox_area_fraction=0.0048 | bbox_center_px=(56.4, 515.3) | image_position=(0.044, 0.537) | bbox_margin=0.024
[INFO] [1790290835.141433762] [sage_viewpoint_planner]: PERSON OBSERVATION | confidence=0.705 | bbox_area_fraction=0.0063 | bbox_center_px=(178.5, 511.3) | image_position=(0.139, 0.533) | bbox_margin=0.115
[INFO] [1790290836.165372641] [sage_viewpoint_planner]: PERSON OBSERVATION | confidence=0.635 | bbox_area_fraction=0.0067 | bbox_center_px=(314.7, 555.3) | image_position=(0.246, 0.578) | bbox_margin=0.224
[INFO] [1790290837.417589985] [sage_viewpoint_planner]: PERSON OBSERVATION | confidence=0.368 | bbox_area_fraction=0.0075 | bbox_center_px=(581.6, 608.4) | image_position=(0.454, 0.634) | bbox_margin=0.280
[INFO] [1790290837.653154751] [sage_viewpoint_planner]: OBSERVATION INSUFFICIENT | viewpoint=1/4 | person_confidence=0.517 | bbox_area_fraction=0.0083 | fresh=True | confidence_ok=False | bbox_size_ok=False | position_ok=True | bbox_margin=0.251 | confidence_threshold=0.60 | bbox_threshold=0.0100
[INFO] [1790290837.654532041] [sage_viewpoint_planner]: ENERGY-AWARE SELECTION | chosen=4/4 | distance=6.3 m | est_cost_incl_return=0.7 % | unaffordable_skipped=0
[INFO] [1790290837.849893106] [sage_viewpoint_planner]: CANDIDATE STATUS | id=37 | track=(-5.5,4.8) | uav=(0.0,5.1) | range=5.6 m | sufficient=False | matches_track=False | evidence=0.0/2.0 s
[INFO] [1790290838.510425468] [sage_viewpoint_planner]: PERSON OBSERVATION | confidence=0.388 | bbox_area_fraction=0.0048 | bbox_center_px=(422.2, 624.7) | image_position=(0.330, 0.651) | bbox_margin=0.295
[INFO] [1790290841.516765433] [sage_viewpoint_planner]: PERSON OBSERVATION | confidence=0.827 | bbox_area_fraction=0.0395 | bbox_center_px=(815.6, 763.0) | image_position=(0.637, 0.795) | bbox_margin=0.007
[INFO] [1790290841.850321800] [sage_viewpoint_planner]: CANDIDATE STATUS | id=37 | track=(-5.3,5.5) | uav=(-5.4,2.7) | range=2.8 m | sufficient=True | matches_track=True | evidence=0.0/2.0 s
[INFO] [1790290841.853314684] [sage_viewpoint_planner]: OBSERVATION SUFFICIENT | viewpoint=4/4 | person_confidence=0.791 | bbox_area_fraction=0.0291 | fresh=True | confidence_ok=True | bbox_size_ok=True | position_ok=True | bbox_margin=0.081 | confidence_threshold=0.60 | bbox_threshold=0.0100 | HOLDING VIEWPOINT.
[INFO] [1790290842.620604929] [sage_viewpoint_planner]: PERSON OBSERVATION | confidence=0.763 | bbox_area_fraction=0.0149 | bbox_center_px=(582.4, 581.5) | image_position=(0.455, 0.606) | bbox_margin=0.286
[INFO] [1790290843.453589933] [sage_viewpoint_planner]: OBSERVATION QUALITY LOST | fresh=True | confidence_ok=True | bbox_size_ok=False | position_ok=True | resuming active search.
[INFO] [1790290843.722721310] [sage_viewpoint_planner]: PERSON OBSERVATION | confidence=0.680 | bbox_area_fraction=0.0074 | bbox_center_px=(574.4, 553.7) | image_position=(0.449, 0.577) | bbox_margin=0.336
[INFO] [1790290844.736032246] [sage_viewpoint_planner]: PERSON OBSERVATION | confidence=0.686 | bbox_area_fraction=0.0080 | bbox_center_px=(916.8, 552.5) | image_position=(0.716, 0.576) | bbox_margin=0.255
[INFO] [1790290844.860032648] [sage_viewpoint_planner]: OBSERVATION INSUFFICIENT | viewpoint=4/4 | person_confidence=0.686 | bbox_area_fraction=0.0080 | fresh=True | confidence_ok=True | bbox_size_ok=False | position_ok=True | bbox_margin=0.255 | confidence_threshold=0.60 | bbox_threshold=0.0100
[INFO] [1790290844.861206321] [sage_viewpoint_planner]: ENERGY-AWARE SELECTION | chosen=3/4 | distance=6.0 m | est_cost_incl_return=0.9 % | unaffordable_skipped=0
[INFO] [1790290845.851946082] [sage_viewpoint_planner]: CANDIDATE STATUS | id=37 | track=(-5.3,7.7) | uav=(-5.7,2.5) | range=5.2 m | sufficient=False | matches_track=False | evidence=1.4/2.0 s
[INFO] [1790290846.024689412] [sage_viewpoint_planner]: PERSON OBSERVATION | confidence=0.755 | bbox_area_fraction=0.0069 | bbox_center_px=(966.0, 533.1) | image_position=(0.755, 0.555) | bbox_margin=0.221
[INFO] [1790290847.152519696] [sage_viewpoint_planner]: PERSON OBSERVATION | confidence=0.761 | bbox_area_fraction=0.0133 | bbox_center_px=(926.9, 620.2) | image_position=(0.724, 0.646) | bbox_margin=0.238
[INFO] [1790290848.437295959] [sage_viewpoint_planner]: PERSON OBSERVATION | confidence=0.729 | bbox_area_fraction=0.0065 | bbox_center_px=(723.2, 631.3) | image_position=(0.565, 0.658) | bbox_margin=0.274
[INFO] [1790290849.051761495] [sage_viewpoint_planner]: OBSERVATION INSUFFICIENT | viewpoint=3/4 | person_confidence=0.372 | bbox_area_fraction=0.0053 | fresh=True | confidence_ok=False | bbox_size_ok=False | position_ok=True | bbox_margin=0.347 | confidence_threshold=0.60 | bbox_threshold=0.0100
[INFO] [1790290849.055290594] [sage_viewpoint_planner]: ENERGY-AWARE SELECTION | chosen=2/4 | distance=4.3 m | est_cost_incl_return=0.8 % | unaffordable_skipped=0
[INFO] [1790290849.535687299] [sage_viewpoint_planner]: PERSON OBSERVATION | confidence=0.482 | bbox_area_fraction=0.0046 | bbox_center_px=(519.4, 535.4) | image_position=(0.406, 0.558) | bbox_margin=0.385
[INFO] [1790290849.853378311] [sage_viewpoint_planner]: CANDIDATE STATUS | id=37 | track=(-5.3,7.7) | uav=(-8.6,7.8) | range=3.3 m | sufficient=False | matches_track=False | evidence=0.0/2.0 s
[INFO] [1790290850.636602910] [sage_viewpoint_planner]: PERSON OBSERVATION | confidence=0.497 | bbox_area_fraction=0.0031 | bbox_center_px=(801.3, 428.8) | image_position=(0.626, 0.447) | bbox_margin=0.358
[INFO] [1790290852.683346588] [sage_viewpoint_planner]: PERSON OBSERVATION | confidence=0.516 | bbox_area_fraction=0.0011 | bbox_center_px=(1085.5, 589.6) | image_position=(0.848, 0.614) | bbox_margin=0.143
[INFO] [1790290852.862635697] [sage_viewpoint_planner]: OBSERVATION INSUFFICIENT | viewpoint=2/4 | person_confidence=0.516 | bbox_area_fraction=0.0011 | fresh=True | confidence_ok=False | bbox_size_ok=False | position_ok=True | bbox_margin=0.143 | confidence_threshold=0.60 | bbox_threshold=0.0100
[INFO] [1790290852.863410254] [sage_viewpoint_planner]: SEARCH CYCLE COMPLETE | starting next cycle.
[INFO] [1790290852.864564382] [sage_viewpoint_planner]: ENERGY-AWARE SELECTION | chosen=3/4 | distance=4.0 m | est_cost_incl_return=0.8 % | unaffordable_skipped=0
[INFO] [1790290853.861284300] [sage_viewpoint_planner]: PERSON OBSERVATION | confidence=0.332 | bbox_area_fraction=0.0011 | bbox_center_px=(1066.4, 541.9) | image_position=(0.833, 0.565) | bbox_margin=0.157
[INFO] [1790290854.049918174] [sage_viewpoint_planner]: CANDIDATE STATUS | id=37 | track=(-5.3,7.7) | uav=(-5.5,10.9) | range=3.2 m | sufficient=False | matches_track=False | evidence=0.0/2.0 s
[INFO] [1790290855.053783701] [sage_viewpoint_planner]: PERSON OBSERVATION | confidence=0.406 | bbox_area_fraction=0.0015 | bbox_center_px=(119.9, 506.4) | image_position=(0.094, 0.528) | bbox_margin=0.079
[WARN] [1790290855.652001007] [sage_viewpoint_planner]: CANDIDATE REJECTED | id=37 | not confirmed in 25 s | resuming coverage.
[INFO] [1790290855.680179670] [sage_viewpoint_planner]: New target acquired | target_id=38
[INFO] [1790290855.851079425] [sage_viewpoint_planner]: CANDIDATE FOUND | leaving sweep to verify target_id=38
[INFO] [1790290856.144111586] [sage_viewpoint_planner]: PERSON OBSERVATION | confidence=0.786 | bbox_area_fraction=0.0354 | bbox_center_px=(599.0, 741.7) | image_position=(0.468, 0.773) | bbox_margin=0.061
[INFO] [1790290857.269552111] [sage_viewpoint_planner]: PERSON OBSERVATION | confidence=0.823 | bbox_area_fraction=0.0299 | bbox_center_px=(949.2, 540.5) | image_position=(0.742, 0.563) | bbox_margin=0.205
[INFO] [1790290858.052346842] [sage_viewpoint_planner]: CANDIDATE STATUS | id=38 | track=(3.4,-0.3) | uav=(-6.5,7.5) | range=12.6 m | sufficient=True | matches_track=False | evidence=0.0/2.0 s
[INFO] [1790290858.730892609] [sage_viewpoint_planner]: PERSON OBSERVATION | confidence=0.879 | bbox_area_fraction=0.0405 | bbox_center_px=(659.4, 791.6) | image_position=(0.515, 0.825) | bbox_margin=0.000
[INFO] [1790290859.757689471] [sage_viewpoint_planner]: PERSON OBSERVATION | confidence=0.785 | bbox_area_fraction=0.0190 | bbox_center_px=(526.8, 661.0) | image_position=(0.412, 0.689) | bbox_margin=0.190
[INFO] [1790290860.912465459] [sage_viewpoint_planner]: PERSON OBSERVATION | confidence=0.828 | bbox_area_fraction=0.0408 | bbox_center_px=(364.9, 794.7) | image_position=(0.285, 0.828) | bbox_margin=0.000
[INFO] [1790290862.127191002] [sage_viewpoint_planner]: PERSON OBSERVATION | confidence=0.573 | bbox_area_fraction=0.0287 | bbox_center_px=(487.7, 643.7) | image_position=(0.381, 0.670) | bbox_margin=0.193
[INFO] [1790290862.252235934] [sage_viewpoint_planner]: CANDIDATE STATUS | id=38 | track=(3.4,-0.3) | uav=(0.5,3.2) | range=4.5 m | sufficient=False | matches_track=False | evidence=0.0/2.0 s
[INFO] [1790290863.155431314] [sage_viewpoint_planner]: PERSON OBSERVATION | confidence=0.306 | bbox_area_fraction=0.0171 | bbox_center_px=(479.7, 677.6) | image_position=(0.375, 0.706) | bbox_margin=0.184
[INFO] [1790290864.166076368] [sage_viewpoint_planner]: PERSON OBSERVATION | confidence=0.851 | bbox_area_fraction=0.0433 | bbox_center_px=(210.3, 794.0) | image_position=(0.164, 0.827) | bbox_margin=0.000
[INFO] [1790290865.257846279] [sage_viewpoint_planner]: PERSON OBSERVATION | confidence=0.821 | bbox_area_fraction=0.0349 | bbox_center_px=(245.5, 763.5) | image_position=(0.192, 0.795) | bbox_margin=0.042
[INFO] [1790290866.320135410] [sage_viewpoint_planner]: PERSON OBSERVATION | confidence=0.715 | bbox_area_fraction=0.0056 | bbox_center_px=(373.4, 506.4) | image_position=(0.292, 0.527) | bbox_margin=0.273
[INFO] [1790290866.450286639] [sage_viewpoint_planner]: CANDIDATE STATUS | id=38 | track=(3.4,-0.3) | uav=(6.4,0.1) | range=3.0 m | sufficient=False | matches_track=False | evidence=0.0/2.0 s
[INFO] [1790290867.502698404] [sage_viewpoint_planner]: PERSON OBSERVATION | confidence=0.688 | bbox_area_fraction=0.0044 | bbox_center_px=(403.8, 518.1) | image_position=(0.315, 0.540) | bbox_margin=0.299
[INFO] [1790290868.561398605] [sage_viewpoint_planner]: PERSON OBSERVATION | confidence=0.624 | bbox_area_fraction=0.0013 | bbox_center_px=(473.3, 503.6) | image_position=(0.370, 0.525) | bbox_margin=0.359
[INFO] [1790290869.643023841] [sage_viewpoint_planner]: PERSON OBSERVATION | confidence=0.606 | bbox_area_fraction=0.0056 | bbox_center_px=(392.8, 594.9) | image_position=(0.307, 0.620) | bbox_margin=0.286
[INFO] [1790290870.062138029] [sage_viewpoint_planner]: OBSERVATION INSUFFICIENT | viewpoint=1/4 | person_confidence=0.653 | bbox_area_fraction=0.0061 | fresh=True | confidence_ok=True | bbox_size_ok=False | position_ok=True | bbox_margin=0.281 | confidence_threshold=0.60 | bbox_threshold=0.0100
[INFO] [1790290870.067064518] [sage_viewpoint_planner]: ENERGY-AWARE SELECTION | chosen=4/4 | distance=4.3 m | est_cost_incl_return=0.5 % | unaffordable_skipped=0
[INFO] [1790290870.655651535] [sage_viewpoint_planner]: CANDIDATE STATUS | id=38 | track=(3.4,-0.3) | uav=(6.2,-0.1) | range=2.8 m | sufficient=False | matches_track=False | evidence=0.0/2.0 s
[INFO] [1790290870.729027181] [sage_viewpoint_planner]: PERSON OBSERVATION | confidence=0.643 | bbox_area_fraction=0.0062 | bbox_center_px=(360.1, 598.8) | image_position=(0.281, 0.624) | bbox_margin=0.259
[INFO] [1790290871.814039335] [sage_viewpoint_planner]: PERSON OBSERVATION | confidence=0.673 | bbox_area_fraction=0.0045 | bbox_center_px=(570.8, 542.8) | image_position=(0.446, 0.565) | bbox_margin=0.375
[INFO] [1790290873.456007055] [sage_viewpoint_planner]: OBSERVATION INSUFFICIENT | viewpoint=4/4 | person_confidence=0.764 | bbox_area_fraction=0.0113 | fresh=False | confidence_ok=True | bbox_size_ok=True | position_ok=True | bbox_margin=0.065 | confidence_threshold=0.60 | bbox_threshold=0.0100
[INFO] [1790290873.456958705] [sage_viewpoint_planner]: ENERGY-AWARE SELECTION | chosen=3/4 | distance=4.0 m | est_cost_incl_return=0.3 % | unaffordable_skipped=0
[INFO] [1790290873.590796556] [sage_viewpoint_planner]: PERSON OBSERVATION | confidence=0.482 | bbox_area_fraction=0.0108 | bbox_center_px=(1065.7, 617.1) | image_position=(0.833, 0.643) | bbox_margin=0.129
[INFO] [1790290874.660640429] [sage_viewpoint_planner]: CANDIDATE STATUS | id=38 | track=(3.4,-0.3) | uav=(3.0,-3.6) | range=3.4 m | sufficient=False | matches_track=False | evidence=0.0/2.0 s
[INFO] [1790290874.717412091] [sage_viewpoint_planner]: PERSON OBSERVATION | confidence=0.583 | bbox_area_fraction=0.0048 | bbox_center_px=(917.4, 514.6) | image_position=(0.717, 0.536) | bbox_margin=0.262
[INFO] [1790290875.823857773] [sage_viewpoint_planner]: PERSON OBSERVATION | confidence=0.805 | bbox_area_fraction=0.0151 | bbox_center_px=(213.0, 844.3) | image_position=(0.166, 0.880) | bbox_margin=0.011
[INFO] [1790290876.968783037] [sage_viewpoint_planner]: PERSON OBSERVATION | confidence=0.663 | bbox_area_fraction=0.0075 | bbox_center_px=(250.0, 586.0) | image_position=(0.195, 0.610) | bbox_margin=0.167
[INFO] [1790290877.856976903] [sage_viewpoint_planner]: OBSERVATION INSUFFICIENT | viewpoint=3/4 | person_confidence=0.614 | bbox_area_fraction=0.0094 | fresh=True | confidence_ok=True | bbox_size_ok=False | position_ok=False | bbox_margin=0.010 | confidence_threshold=0.60 | bbox_threshold=0.0100
[INFO] [1790290877.857735072] [sage_viewpoint_planner]: ENERGY-AWARE SELECTION | chosen=2/4 | distance=3.5 m | est_cost_incl_return=0.4 % | unaffordable_skipped=0
[INFO] [1790290878.112281193] [sage_viewpoint_planner]: PERSON OBSERVATION | confidence=0.617 | bbox_area_fraction=0.0072 | bbox_center_px=(109.9, 511.1) | image_position=(0.086, 0.532) | bbox_margin=0.056
[INFO] [1790290878.852864853] [sage_viewpoint_planner]: CANDIDATE STATUS | id=38 | track=(3.4,-0.3) | uav=(0.3,-0.2) | range=3.1 m | sufficient=False | matches_track=False | evidence=0.0/2.0 s
[INFO] [1790290879.248809504] [sage_viewpoint_planner]: PERSON OBSERVATION | confidence=0.699 | bbox_area_fraction=0.0102 | bbox_center_px=(249.4, 578.1) | image_position=(0.195, 0.602) | bbox_margin=0.163
[INFO] [1790290880.425230630] [sage_viewpoint_planner]: PERSON OBSERVATION | confidence=0.759 | bbox_area_fraction=0.0115 | bbox_center_px=(1068.0, 627.3) | image_position=(0.834, 0.653) | bbox_margin=0.132
[WARN] [1790290880.849965475] [sage_viewpoint_planner]: CANDIDATE REJECTED | id=38 | not confirmed in 25 s | resuming coverage.
[INFO] [1790290880.915118140] [sage_viewpoint_planner]: New target acquired | target_id=39
[INFO] [1790290881.055330993] [sage_viewpoint_planner]: CANDIDATE FOUND | leaving sweep to verify target_id=39
[INFO] [1790290881.459696606] [sage_viewpoint_planner]: PERSON OBSERVATION | confidence=0.680 | bbox_area_fraction=0.0050 | bbox_center_px=(829.7, 606.8) | image_position=(0.648, 0.632) | bbox_margin=0.299
[INFO] [1790290882.484190646] [sage_viewpoint_planner]: PERSON OBSERVATION | confidence=0.656 | bbox_area_fraction=0.0148 | bbox_center_px=(1090.8, 725.8) | image_position=(0.852, 0.756) | bbox_margin=0.105
[INFO] [1790290883.049768210] [sage_viewpoint_planner]: CANDIDATE STATUS | id=39 | track=(-10.5,5.4) | uav=(0.0,3.1) | range=10.8 m | sufficient=True | matches_track=False | evidence=0.0/2.0 s
[INFO] [1790290883.625793498] [sage_viewpoint_planner]: PERSON OBSERVATION | confidence=0.654 | bbox_area_fraction=0.0053 | bbox_center_px=(284.2, 536.6) | image_position=(0.222, 0.559) | bbox_margin=0.200
[INFO] [1790290885.038533892] [sage_viewpoint_planner]: PERSON OBSERVATION | confidence=0.745 | bbox_area_fraction=0.0215 | bbox_center_px=(174.2, 590.0) | image_position=(0.136, 0.615) | bbox_margin=0.073
[INFO] [1790290886.089931490] [sage_viewpoint_planner]: PERSON OBSERVATION | confidence=0.795 | bbox_area_fraction=0.0270 | bbox_center_px=(136.2, 614.0) | image_position=(0.106, 0.640) | bbox_margin=0.043
[INFO] [1790290887.251845091] [sage_viewpoint_planner]: CANDIDATE STATUS | id=39 | track=(-9.7,8.0) | uav=(-7.7,4.9) | range=3.7 m | sufficient=False | matches_track=False | evidence=1.6/2.0 s
[INFO] [1790290891.254577195] [sage_viewpoint_planner]: CANDIDATE STATUS | id=39 | track=(-9.7,8.0) | uav=(-7.5,5.1) | range=3.7 m | sufficient=False | matches_track=False | evidence=1.6/2.0 s
[INFO] [1790290891.452618272] [sage_viewpoint_planner]: OBSERVATION INSUFFICIENT | viewpoint=1/4 | person_confidence=0.592 | bbox_area_fraction=0.0139 | fresh=False | confidence_ok=False | bbox_size_ok=True | position_ok=False | bbox_margin=0.001 | confidence_threshold=0.60 | bbox_threshold=0.0100
[INFO] [1790290891.455029994] [sage_viewpoint_planner]: ENERGY-AWARE SELECTION | chosen=4/4 | distance=1.5 m | est_cost_incl_return=0.6 % | unaffordable_skipped=0
[INFO] [1790290893.184886353] [sage_viewpoint_planner]: PERSON OBSERVATION | confidence=0.844 | bbox_area_fraction=0.0355 | bbox_center_px=(292.2, 666.0) | image_position=(0.228, 0.694) | bbox_margin=0.158
[INFO] [1790290894.054889473] [sage_viewpoint_planner]: OBSERVATION SUFFICIENT | viewpoint=4/4 | person_confidence=0.779 | bbox_area_fraction=0.0284 | fresh=True | confidence_ok=True | bbox_size_ok=True | position_ok=True | bbox_margin=0.110 | confidence_threshold=0.60 | bbox_threshold=0.0100 | HOLDING VIEWPOINT.
[INFO] [1790290894.223850223] [sage_viewpoint_planner]: PERSON OBSERVATION | confidence=0.787 | bbox_area_fraction=0.0287 | bbox_center_px=(817.0, 717.1) | image_position=(0.638, 0.747) | bbox_margin=0.111
[INFO] [1790290895.256745682] [sage_viewpoint_planner]: CANDIDATE STATUS | id=39 | track=(-9.1,8.4) | uav=(-9.2,5.1) | range=3.3 m | sufficient=True | matches_track=True | evidence=1.4/2.0 s
[INFO] [1790290895.416585962] [sage_viewpoint_planner]: PERSON OBSERVATION | confidence=0.807 | bbox_area_fraction=0.0265 | bbox_center_px=(489.8, 709.5) | image_position=(0.383, 0.739) | bbox_margin=0.125
[INFO] [1790290895.858348939] [sage_viewpoint_planner]: DUPLICATE TRACK MERGED | id=39 | position=(-9.28, 8.47) | same as verified id=2
[INFO] [1790290896.634137909] [sage_viewpoint_planner]: PERSON OBSERVATION | confidence=0.815 | bbox_area_fraction=0.0201 | bbox_center_px=(534.2, 688.6) | image_position=(0.417, 0.717) | bbox_margin=0.156
[INFO] [1790290897.637236210] [sage_viewpoint_planner]: PERSON OBSERVATION | confidence=0.835 | bbox_area_fraction=0.0376 | bbox_center_px=(881.8, 778.3) | image_position=(0.689, 0.811) | bbox_margin=0.053
[INFO] [1790290899.384006594] [sage_viewpoint_planner]: PERSON OBSERVATION | confidence=0.486 | bbox_area_fraction=0.0019 | bbox_center_px=(1071.8, 499.3) | image_position=(0.837, 0.520) | bbox_margin=0.147
[INFO] [1790290900.637234033] [sage_viewpoint_planner]: PERSON OBSERVATION | confidence=0.456 | bbox_area_fraction=0.0015 | bbox_center_px=(873.1, 543.9) | image_position=(0.682, 0.567) | bbox_margin=0.305
[INFO] [1790290902.520621427] [sage_viewpoint_planner]: PERSON OBSERVATION | confidence=0.357 | bbox_area_fraction=0.0042 | bbox_center_px=(1152.6, 573.1) | image_position=(0.901, 0.597) | bbox_margin=0.080
[INFO] [1790290904.453034934] [sage_viewpoint_planner]: COVERAGE WAYPOINT | 7/16 at (-2.5, -3.0) | scanning
[INFO] [1790290906.795166390] [sage_viewpoint_planner]: PERSON OBSERVATION | confidence=0.538 | bbox_area_fraction=0.0034 | bbox_center_px=(1047.5, 641.5) | image_position=(0.818, 0.668) | bbox_margin=0.168
[INFO] [1790290907.997516800] [sage_viewpoint_planner]: PERSON OBSERVATION | confidence=0.636 | bbox_area_fraction=0.0073 | bbox_center_px=(401.3, 606.7) | image_position=(0.314, 0.632) | bbox_margin=0.289
[INFO] [1790290910.538040324] [sage_viewpoint_planner]: PERSON OBSERVATION | confidence=0.768 | bbox_area_fraction=0.0081 | bbox_center_px=(151.0, 611.3) | image_position=(0.118, 0.637) | bbox_margin=0.091
[INFO] [1790290923.258113839] [sage_viewpoint_planner]: COVERAGE WAYPOINT | 8/16 at (-3.0, -9.0) | scanning
[INFO] [1790290929.806999422] [sage_viewpoint_planner]: PERSON OBSERVATION | confidence=0.659 | bbox_area_fraction=0.0133 | bbox_center_px=(1120.8, 629.3) | image_position=(0.876, 0.656) | bbox_margin=0.086
[INFO] [1790290929.897620936] [sage_viewpoint_planner]: New target acquired | target_id=40
[INFO] [1790290930.057145411] [sage_viewpoint_planner]: CANDIDATE FOUND | leaving sweep to verify target_id=40
[INFO] [1790290930.058281317] [sage_viewpoint_planner]: CANDIDATE STATUS | id=40 | track=(3.2,-11.7) | uav=(-3.0,-8.9) | range=6.8 m | sufficient=True | matches_track=True | evidence=0.0/2.0 s
[INFO] [1790290930.965598346] [sage_viewpoint_planner]: PERSON OBSERVATION | confidence=0.574 | bbox_area_fraction=0.0035 | bbox_center_px=(626.2, 583.5) | image_position=(0.489, 0.608) | bbox_margin=0.332
[INFO] [1790290932.105597882] [sage_viewpoint_planner]: PERSON OBSERVATION | confidence=0.617 | bbox_area_fraction=0.0076 | bbox_center_px=(1072.5, 406.6) | image_position=(0.838, 0.424) | bbox_margin=0.138
[INFO] [1790290934.254152649] [sage_viewpoint_planner]: CANDIDATE STATUS | id=40 | track=(4.2,-11.6) | uav=(2.4,-11.1) | range=1.8 m | sufficient=False | matches_track=False | evidence=0.2/2.0 s
[INFO] [1790290936.461659168] [sage_viewpoint_planner]: OBSERVATION INSUFFICIENT | viewpoint=1/4 | person_confidence=0.617 | bbox_area_fraction=0.0076 | fresh=False | confidence_ok=True | bbox_size_ok=False | position_ok=True | bbox_margin=0.138 | confidence_threshold=0.60 | bbox_threshold=0.0100
[INFO] [1790290936.462494375] [sage_viewpoint_planner]: ENERGY-AWARE SELECTION | chosen=4/4 | distance=3.2 m | est_cost_incl_return=0.9 % | unaffordable_skipped=0
[INFO] [1790290938.256209751] [sage_viewpoint_planner]: PERSON OBSERVATION | confidence=0.731 | bbox_area_fraction=0.0156 | bbox_center_px=(215.0, 758.1) | image_position=(0.168, 0.790) | bbox_margin=0.114
[INFO] [1790290938.450189425] [sage_viewpoint_planner]: CANDIDATE STATUS | id=40 | track=(4.2,-11.6) | uav=(5.4,-13.7) | range=2.4 m | sufficient=True | matches_track=False | evidence=0.0/2.0 s
[INFO] [1790290939.456687620] [sage_viewpoint_planner]: PERSON OBSERVATION | confidence=0.455 | bbox_area_fraction=0.0056 | bbox_center_px=(436.0, 527.1) | image_position=(0.341, 0.549) | bbox_margin=0.321
[INFO] [1790290940.566208296] [sage_viewpoint_planner]: PERSON OBSERVATION | confidence=0.691 | bbox_area_fraction=0.0085 | bbox_center_px=(137.4, 501.4) | image_position=(0.107, 0.522) | bbox_margin=0.080
[INFO] [1790290941.463531594] [sage_viewpoint_planner]: OBSERVATION INSUFFICIENT | viewpoint=4/4 | person_confidence=0.677 | bbox_area_fraction=0.0065 | fresh=True | confidence_ok=True | bbox_size_ok=False | position_ok=True | bbox_margin=0.134 | confidence_threshold=0.60 | bbox_threshold=0.0100
[INFO] [1790290941.464134223] [sage_viewpoint_planner]: ENERGY-AWARE SELECTION | chosen=3/4 | distance=4.2 m | est_cost_incl_return=0.8 % | unaffordable_skipped=0
[INFO] [1790290941.616306335] [sage_viewpoint_planner]: PERSON OBSERVATION | confidence=0.600 | bbox_area_fraction=0.0062 | bbox_center_px=(221.5, 552.3) | image_position=(0.173, 0.575) | bbox_margin=0.152
[INFO] [1790290942.453067326] [sage_viewpoint_planner]: CANDIDATE STATUS | id=40 | track=(4.2,-11.6) | uav=(3.9,-14.5) | range=2.9 m | sufficient=False | matches_track=False | evidence=0.0/2.0 s
[INFO] [1790290944.855671071] [sage_viewpoint_planner]: OBSERVATION INSUFFICIENT | viewpoint=3/4 | person_confidence=0.717 | bbox_area_fraction=0.0069 | fresh=False | confidence_ok=True | bbox_size_ok=False | position_ok=True | bbox_margin=0.142 | confidence_threshold=0.60 | bbox_threshold=0.0100
[INFO] [1790290944.864700336] [sage_viewpoint_planner]: ENERGY-AWARE SELECTION | chosen=2/4 | distance=4.4 m | est_cost_incl_return=0.7 % | unaffordable_skipped=0
[INFO] [1790290945.017231534] [sage_viewpoint_planner]: PERSON OBSERVATION | confidence=0.542 | bbox_area_fraction=0.0113 | bbox_center_px=(891.8, 564.8) | image_position=(0.697, 0.588) | bbox_margin=0.265
[INFO] [1790290946.065841372] [sage_viewpoint_planner]: PERSON OBSERVATION | confidence=0.625 | bbox_area_fraction=0.0066 | bbox_center_px=(823.1, 511.1) | image_position=(0.643, 0.532) | bbox_margin=0.330
[INFO] [1790290946.455643183] [sage_viewpoint_planner]: CANDIDATE STATUS | id=40 | track=(4.2,-11.6) | uav=(1.7,-10.9) | range=2.6 m | sufficient=True | matches_track=False | evidence=0.0/2.0 s
[INFO] [1790290948.053201585] [sage_viewpoint_planner]: OBSERVATION INSUFFICIENT | viewpoint=2/4 | person_confidence=0.616 | bbox_area_fraction=0.0102 | fresh=False | confidence_ok=True | bbox_size_ok=True | position_ok=True | bbox_margin=0.198 | confidence_threshold=0.60 | bbox_threshold=0.0100
[INFO] [1790290948.053964047] [sage_viewpoint_planner]: SEARCH CYCLE COMPLETE | starting next cycle.
[INFO] [1790290948.054677061] [sage_viewpoint_planner]: ENERGY-AWARE SELECTION | chosen=3/4 | distance=4.1 m | est_cost_incl_return=0.8 % | unaffordable_skipped=0
[INFO] [1790290949.835718504] [sage_viewpoint_planner]: PERSON OBSERVATION | confidence=0.844 | bbox_area_fraction=0.0185 | bbox_center_px=(998.7, 866.0) | image_position=(0.780, 0.902) | bbox_margin=0.005
[INFO] [1790290950.652069018] [sage_viewpoint_planner]: CANDIDATE STATUS | id=40 | track=(4.2,-11.6) | uav=(2.6,-10.4) | range=2.0 m | sufficient=False | matches_track=False | evidence=0.0/2.0 s
[INFO] [1790290950.978303921] [sage_viewpoint_planner]: PERSON OBSERVATION | confidence=0.864 | bbox_area_fraction=0.0412 | bbox_center_px=(948.0, 844.3) | image_position=(0.741, 0.880) | bbox_margin=0.001
[INFO] [1790290951.850489751] [sage_viewpoint_planner]: OBSERVATION INSUFFICIENT | viewpoint=3/4 | person_confidence=0.825 | bbox_area_fraction=0.0663 | fresh=True | confidence_ok=True | bbox_size_ok=True | position_ok=False | bbox_margin=0.001 | confidence_threshold=0.60 | bbox_threshold=0.0100
[INFO] [1790290951.852115887] [sage_viewpoint_planner]: ENERGY-AWARE SELECTION | chosen=4/4 | distance=3.7 m | est_cost_incl_return=0.9 % | unaffordable_skipped=0
[INFO] [1790290952.002636883] [sage_viewpoint_planner]: PERSON OBSERVATION | confidence=0.781 | bbox_area_fraction=0.0481 | bbox_center_px=(1107.4, 684.5) | image_position=(0.865, 0.713) | bbox_margin=0.073
[INFO] [1790290953.048432020] [sage_viewpoint_planner]: PERSON OBSERVATION | confidence=0.636 | bbox_area_fraction=0.0234 | bbox_center_px=(849.8, 555.9) | image_position=(0.664, 0.579) | bbox_margin=0.281
[INFO] [1790290954.850102933] [sage_viewpoint_planner]: CANDIDATE STATUS | id=40 | track=(4.6,-9.9) | uav=(4.1,-12.3) | range=2.4 m | sufficient=False | matches_track=False | evidence=2.0/2.0 s
[WARN] [1790290955.052490239] [sage_viewpoint_planner]: CANDIDATE REJECTED | id=40 | not confirmed in 25 s | resuming coverage.
[INFO] [1790290955.291213898] [sage_viewpoint_planner]: PERSON OBSERVATION | confidence=0.703 | bbox_area_fraction=0.0448 | bbox_center_px=(158.3, 867.3) | image_position=(0.124, 0.903) | bbox_margin=0.000
[INFO] [1790290956.500784755] [sage_viewpoint_planner]: PERSON OBSERVATION | confidence=0.842 | bbox_area_fraction=0.0900 | bbox_center_px=(529.4, 763.9) | image_position=(0.414, 0.796) | bbox_margin=0.000
[INFO] [1790290960.457245060] [sage_viewpoint_planner]: COVERAGE WAYPOINT | 8/16 at (-3.0, -9.0) | scanning
[INFO] [1790290968.466433499] [sage_viewpoint_planner]: PERSON OBSERVATION | confidence=0.338 | bbox_area_fraction=0.0021 | bbox_center_px=(1165.0, 548.8) | image_position=(0.910, 0.572) | bbox_margin=0.078
[INFO] [1790290968.593371537] [sage_viewpoint_planner]: New target acquired | target_id=41
[INFO] [1790290968.654396527] [sage_viewpoint_planner]: CANDIDATE FOUND | leaving sweep to verify target_id=41
[INFO] [1790290968.659882315] [sage_viewpoint_planner]: CANDIDATE STATUS | id=41 | track=(2.9,4.1) | uav=(-3.0,-8.9) | range=14.3 m | sufficient=False | matches_track=False | evidence=0.0/2.0 s
[INFO] [1790290972.853365700] [sage_viewpoint_planner]: CANDIDATE STATUS | id=41 | track=(2.9,4.1) | uav=(2.1,-9.9) | range=14.0 m | sufficient=False | matches_track=False | evidence=0.0/2.0 s
[INFO] [1790290974.964866762] [sage_viewpoint_planner]: PERSON OBSERVATION | confidence=0.510 | bbox_area_fraction=0.0033 | bbox_center_px=(83.1, 498.0) | image_position=(0.065, 0.519) | bbox_margin=0.048
[INFO] [1790290975.982239905] [sage_viewpoint_planner]: PERSON OBSERVATION | confidence=0.607 | bbox_area_fraction=0.0040 | bbox_center_px=(152.0, 523.3) | image_position=(0.119, 0.545) | bbox_margin=0.100
[INFO] [1790290977.029904854] [sage_viewpoint_planner]: PERSON OBSERVATION | confidence=0.612 | bbox_area_fraction=0.0048 | bbox_center_px=(238.4, 522.1) | image_position=(0.186, 0.544) | bbox_margin=0.165
[INFO] [1790290977.060528899] [sage_viewpoint_planner]: CANDIDATE STATUS | id=41 | track=(2.2,4.6) | uav=(4.6,-3.1) | range=8.0 m | sufficient=False | matches_track=False | evidence=0.0/2.0 s
[INFO] [1790290978.124685934] [sage_viewpoint_planner]: PERSON OBSERVATION | confidence=0.622 | bbox_area_fraction=0.0048 | bbox_center_px=(367.5, 548.7) | image_position=(0.287, 0.572) | bbox_margin=0.266
[INFO] [1790290979.241637921] [sage_viewpoint_planner]: PERSON OBSERVATION | confidence=0.624 | bbox_area_fraction=0.0038 | bbox_center_px=(502.6, 598.1) | image_position=(0.393, 0.623) | bbox_margin=0.315
[INFO] [1790290979.850903542] [sage_viewpoint_planner]: OBSERVATION INSUFFICIENT | viewpoint=1/4 | person_confidence=0.565 | bbox_area_fraction=0.0066 | fresh=True | confidence_ok=False | bbox_size_ok=False | position_ok=True | bbox_margin=0.283 | confidence_threshold=0.60 | bbox_threshold=0.0100
[INFO] [1790290979.852256796] [sage_viewpoint_planner]: ENERGY-AWARE SELECTION | chosen=4/4 | distance=5.1 m | est_cost_incl_return=0.5 % | unaffordable_skipped=0
[INFO] [1790290980.317408068] [sage_viewpoint_planner]: PERSON OBSERVATION | confidence=0.599 | bbox_area_fraction=0.0058 | bbox_center_px=(632.8, 610.4) | image_position=(0.494, 0.636) | bbox_margin=0.293
[INFO] [1790290981.250724176] [sage_viewpoint_planner]: CANDIDATE STATUS | id=41 | track=(1.2,5.6) | uav=(5.9,1.6) | range=6.2 m | sufficient=False | matches_track=False | evidence=0.0/2.0 s
[INFO] [1790290981.426128932] [sage_viewpoint_planner]: PERSON OBSERVATION | confidence=0.684 | bbox_area_fraction=0.0102 | bbox_center_px=(949.9, 448.6) | image_position=(0.742, 0.467) | bbox_margin=0.229
[INFO] [1790290982.967229455] [sage_viewpoint_planner]: PERSON OBSERVATION | confidence=0.802 | bbox_area_fraction=0.0220 | bbox_center_px=(1220.5, 561.4) | image_position=(0.954, 0.585) | bbox_margin=0.001
[INFO] [1790290984.102811755] [sage_viewpoint_planner]: PERSON OBSERVATION | confidence=0.825 | bbox_area_fraction=0.0275 | bbox_center_px=(926.8, 733.4) | image_position=(0.724, 0.764) | bbox_margin=0.084
[INFO] [1790290984.251986624] [sage_viewpoint_planner]: OBSERVATION SUFFICIENT | viewpoint=4/4 | person_confidence=0.825 | bbox_area_fraction=0.0275 | fresh=True | confidence_ok=True | bbox_size_ok=True | position_ok=True | bbox_margin=0.084 | confidence_threshold=0.60 | bbox_threshold=0.0100 | HOLDING VIEWPOINT.
[INFO] [1790290984.853800848] [sage_viewpoint_planner]: OBSERVATION QUALITY LOST | fresh=True | confidence_ok=True | bbox_size_ok=True | position_ok=False | resuming active search.
[INFO] [1790290984.854870840] [sage_viewpoint_planner]: OBSERVATION INSUFFICIENT | viewpoint=4/4 | person_confidence=0.814 | bbox_area_fraction=0.0423 | fresh=True | confidence_ok=True | bbox_size_ok=True | position_ok=False | bbox_margin=0.000 | confidence_threshold=0.60 | bbox_threshold=0.0100
[INFO] [1790290984.859159508] [sage_viewpoint_planner]: ENERGY-AWARE SELECTION | chosen=3/4 | distance=4.3 m | est_cost_incl_return=0.6 % | unaffordable_skipped=0
[INFO] [1790290985.141792414] [sage_viewpoint_planner]: PERSON OBSERVATION | confidence=0.726 | bbox_area_fraction=0.0437 | bbox_center_px=(879.3, 787.5) | image_position=(0.687, 0.820) | bbox_margin=0.000
[INFO] [1790290985.258023248] [sage_viewpoint_planner]: CANDIDATE STATUS | id=41 | track=(0.3,4.9) | uav=(1.0,2.9) | range=2.1 m | sufficient=False | matches_track=False | evidence=1.4/2.0 s
[INFO] [1790290986.332625831] [sage_viewpoint_planner]: PERSON OBSERVATION | confidence=0.615 | bbox_area_fraction=0.0651 | bbox_center_px=(1063.8, 763.9) | image_position=(0.831, 0.796) | bbox_margin=0.002
[INFO] [1790290987.694071914] [sage_viewpoint_planner]: PERSON OBSERVATION | confidence=0.541 | bbox_area_fraction=0.0035 | bbox_center_px=(138.8, 578.8) | image_position=(0.108, 0.603) | bbox_margin=0.089
[INFO] [1790290988.250991724] [sage_viewpoint_planner]: OBSERVATION INSUFFICIENT | viewpoint=3/4 | person_confidence=0.430 | bbox_area_fraction=0.0031 | fresh=True | confidence_ok=False | bbox_size_ok=False | position_ok=True | bbox_margin=0.076 | confidence_threshold=0.60 | bbox_threshold=0.0100
[INFO] [1790290988.251732121] [sage_viewpoint_planner]: ENERGY-AWARE SELECTION | chosen=2/4 | distance=4.4 m | est_cost_incl_return=0.7 % | unaffordable_skipped=0
[INFO] [1790290988.865518807] [sage_viewpoint_planner]: PERSON OBSERVATION | confidence=0.825 | bbox_area_fraction=0.0498 | bbox_center_px=(607.1, 729.5) | image_position=(0.474, 0.760) | bbox_margin=0.040
[INFO] [1790290989.452507145] [sage_viewpoint_planner]: CANDIDATE STATUS | id=41 | track=(-0.4,5.8) | uav=(-2.8,5.2) | range=2.5 m | sufficient=True | matches_track=False | evidence=1.4/2.0 s
[INFO] [1790290990.082989615] [sage_viewpoint_planner]: PERSON OBSERVATION | confidence=0.866 | bbox_area_fraction=0.0587 | bbox_center_px=(1037.2, 590.9) | image_position=(0.810, 0.616) | bbox_margin=0.107
[INFO] [1790290991.423590714] [sage_viewpoint_planner]: PERSON OBSERVATION | confidence=0.577 | bbox_area_fraction=0.0019 | bbox_center_px=(1138.5, 529.8) | image_position=(0.889, 0.552) | bbox_margin=0.097
[INFO] [1790290992.054358638] [sage_viewpoint_planner]: OBSERVATION SUFFICIENT | viewpoint=2/4 | person_confidence=0.792 | bbox_area_fraction=0.0202 | fresh=True | confidence_ok=True | bbox_size_ok=True | position_ok=True | bbox_margin=0.076 | confidence_threshold=0.60 | bbox_threshold=0.0100 | HOLDING VIEWPOINT.
[INFO] [1790290992.631479514] [sage_viewpoint_planner]: PERSON OBSERVATION | confidence=0.713 | bbox_area_fraction=0.0155 | bbox_center_px=(700.9, 680.1) | image_position=(0.548, 0.708) | bbox_margin=0.148
[WARN] [1790290993.649961291] [sage_viewpoint_planner]: CANDIDATE REJECTED | id=41 | not confirmed in 25 s | resuming coverage.
[INFO] [1790290993.732719062] [sage_viewpoint_planner]: PERSON OBSERVATION | confidence=0.766 | bbox_area_fraction=0.0165 | bbox_center_px=(720.8, 667.9) | image_position=(0.563, 0.696) | bbox_margin=0.173
[INFO] [1790290994.734694669] [sage_viewpoint_planner]: PERSON OBSERVATION | confidence=0.741 | bbox_area_fraction=0.0178 | bbox_center_px=(717.5, 629.6) | image_position=(0.561, 0.656) | bbox_margin=0.222
[INFO] [1790290995.796286197] [sage_viewpoint_planner]: PERSON OBSERVATION | confidence=0.797 | bbox_area_fraction=0.0292 | bbox_center_px=(813.1, 659.9) | image_position=(0.635, 0.687) | bbox_margin=0.157
[INFO] [1790290997.022794924] [sage_viewpoint_planner]: PERSON OBSERVATION | confidence=0.360 | bbox_area_fraction=0.0022 | bbox_center_px=(1096.2, 473.3) | image_position=(0.856, 0.493) | bbox_margin=0.129
[INFO] [1790290998.133937124] [sage_viewpoint_planner]: PERSON OBSERVATION | confidence=0.422 | bbox_area_fraction=0.0031 | bbox_center_px=(1169.6, 537.8) | image_position=(0.914, 0.560) | bbox_margin=0.068
[INFO] [1790290999.157728054] [sage_viewpoint_planner]: PERSON OBSERVATION | confidence=0.701 | bbox_area_fraction=0.0106 | bbox_center_px=(1163.3, 599.9) | image_position=(0.909, 0.625) | bbox_margin=0.059
[INFO] [1790291007.651419379] [sage_viewpoint_planner]: COVERAGE WAYPOINT | 8/16 at (-3.0, -9.0) | scanning
