[INFO] [1790303388.308331772] [sage_target_localizer]: SAGE 3D target localizer started.
[INFO] [1790303388.309824282] [sage_target_localizer]: BBox anchor fraction = 0.90
[INFO] [1790303388.310958495] [sage_target_localizer]: Minimum camera height = 0.30 m
[INFO] [1790303388.314572633] [sage_target_localizer]: Minimum downward ray component = 0.050
[INFO] [1790303388.315685617] [sage_target_localizer]: Waiting for camera/PX4 data...
[INFO] [1790303395.387024422] [sage_target_localizer]: Person 3D | pixel=(1066.9,597.1) | position=(-5.36,6.92,0.00) | range=8.68 m
[INFO] [1790303395.488851861] [sage_target_localizer]: Person 3D | pixel=(1066.9,597.1) | position=(-5.36,6.92,0.00) | range=8.68 m
[INFO] [1790303395.588478200] [sage_target_localizer]: Person 3D | pixel=(1066.9,597.1) | position=(-5.36,6.92,0.00) | range=8.68 m
[INFO] [1790303395.688866635] [sage_target_localizer]: Person 3D | pixel=(1066.9,597.1) | position=(-5.36,6.92,0.00) | range=8.68 m
[INFO] [1790303395.789065826] [sage_target_localizer]: Person 3D | pixel=(1066.9,597.1) | position=(-5.36,6.92,0.00) | range=8.68 m
[INFO] [1790303395.887120177] [sage_target_localizer]: Person 3D | pixel=(1066.9,597.1) | position=(-5.36,6.92,0.00) | range=8.68 m
[INFO] [1790303395.986748114] [sage_target_localizer]: Person 3D | pixel=(1066.9,597.1) | position=(-5.36,6.92,0.00) | range=8.68 m
[INFO] [1790303396.089151793] [sage_target_localizer]: Person 3D | pixel=(1066.9,597.1) | position=(-5.36,6.92,0.00) | range=8.68 m
[INFO] [1790303396.186534715] [sage_target_localizer]: Person 3D | pixel=(1066.9,597.1) | position=(-5.36,6.92,0.00) | range=8.68 m
[INFO] [1790303396.292675371] [sage_target_localizer]: Person 3D | pixel=(1066.9,597.1) | position=(-5.36,6.92,0.00) | range=8.68 m
[INFO] [1790303396.391514892] [sage_target_localizer]: Person 3D | pixel=(1066.9,597.1) | position=(-5.36,6.92,0.00) | range=8.68 m
[INFO] [1790303396.488208893] [sage_target_localizer]: Person 3D | pixel=(1066.9,597.1) | position=(-5.36,6.92,0.00) | range=8.68 m
[INFO] [1790303396.586906867] [sage_target_localizer]: Person 3D | pixel=(689.7,624.4) | position=(-0.54,6.18,0.00) | range=6.10 m
[INFO] [1790303396.695696332] [sage_target_localizer]: Person 3D | pixel=(689.7,624.4) | position=(-0.54,6.18,0.00) | range=6.10 m
[INFO] [1790303396.787596639] [sage_target_localizer]: Person 3D | pixel=(689.7,624.4) | position=(-0.54,6.18,0.00) | range=6.10 m
[INFO] [1790303396.894007122] [sage_target_localizer]: Person 3D | pixel=(688.7,622.9) | position=(-0.52,6.16,0.00) | range=6.08 m
[INFO] [1790303396.989109695] [sage_target_localizer]: Person 3D | pixel=(680.8,615.9) | position=(-0.45,6.40,0.00) | range=6.32 m
[INFO] [1790303397.097063176] [sage_target_localizer]: Person 3D | pixel=(680.8,615.9) | position=(-0.45,6.40,0.00) | range=6.32 m
[INFO] [1790303397.186704456] [sage_target_localizer]: Person 3D | pixel=(680.8,615.9) | position=(-0.45,6.40,0.00) | range=6.32 m
[INFO] [1790303397.299589676] [sage_target_localizer]: Person 3D | pixel=(680.5,616.3) | position=(-0.44,6.35,0.00) | range=6.26 m
[INFO] [1790303397.388811586] [sage_target_localizer]: Person 3D | pixel=(680.5,616.3) | position=(-0.44,6.35,0.00) | range=6.26 m
[INFO] [1790303397.491434401] [sage_target_localizer]: Person 3D | pixel=(680.5,616.3) | position=(-0.44,6.35,0.00) | range=6.26 m
[INFO] [1790303397.588528534] [sage_target_localizer]: Person 3D | pixel=(680.4,616.1) | position=(-0.42,6.22,0.00) | range=6.13 m
[INFO] [1790303397.692711218] [sage_target_localizer]: Person 3D | pixel=(680.4,616.1) | position=(-0.42,6.22,0.00) | range=6.13 m
[INFO] [1790303397.788548874] [sage_target_localizer]: Person 3D | pixel=(944.2,543.9) | position=(-6.19,11.14,0.00) | range=12.64 m
[INFO] [1790303397.891159140] [sage_target_localizer]: Person 3D | pixel=(944.2,543.9) | position=(-6.19,11.14,0.00) | range=12.64 m
[INFO] [1790303397.987108735] [sage_target_localizer]: Person 3D | pixel=(679.5,617.8) | position=(-0.41,6.20,0.00) | range=6.11 m
[INFO] [1790303398.098051851] [sage_target_localizer]: Person 3D | pixel=(679.5,617.8) | position=(-0.41,6.20,0.00) | range=6.11 m
[INFO] [1790303398.192826336] [sage_target_localizer]: Person 3D | pixel=(679.5,617.8) | position=(-0.41,6.20,0.00) | range=6.11 m
[INFO] [1790303398.289486431] [sage_target_localizer]: Person 3D | pixel=(940.7,544.8) | position=(-6.21,11.31,0.00) | range=12.79 m
[INFO] [1790303398.389521275] [sage_target_localizer]: Person 3D | pixel=(940.7,544.8) | position=(-6.21,11.31,0.00) | range=12.79 m
[INFO] [1790303398.489867995] [sage_target_localizer]: Person 3D | pixel=(940.7,544.8) | position=(-6.21,11.31,0.00) | range=12.79 m
[INFO] [1790303398.586657654] [sage_target_localizer]: Person 3D | pixel=(678.0,622.8) | position=(-0.39,6.12,0.00) | range=6.02 m
[INFO] [1790303398.688856121] [sage_target_localizer]: Person 3D | pixel=(678.0,622.8) | position=(-0.39,6.12,0.00) | range=6.02 m
[INFO] [1790303398.791644320] [sage_target_localizer]: Person 3D | pixel=(677.1,625.0) | position=(-0.38,6.06,0.00) | range=5.96 m
[INFO] [1790303398.889199916] [sage_target_localizer]: Person 3D | pixel=(677.1,625.0) | position=(-0.38,6.06,0.00) | range=5.96 m
[INFO] [1790303398.990577427] [sage_target_localizer]: Person 3D | pixel=(676.8,624.2) | position=(-0.38,6.12,0.00) | range=6.01 m
[INFO] [1790303399.086023980] [sage_target_localizer]: Person 3D | pixel=(676.8,624.2) | position=(-0.38,6.12,0.00) | range=6.01 m
[INFO] [1790303399.188030892] [sage_target_localizer]: Person 3D | pixel=(676.9,628.2) | position=(-0.38,6.00,0.00) | range=5.88 m
[INFO] [1790303399.290164167] [sage_target_localizer]: Person 3D | pixel=(676.9,628.2) | position=(-0.38,6.00,0.00) | range=5.88 m
[INFO] [1790303399.394733649] [sage_target_localizer]: Person 3D | pixel=(676.9,628.2) | position=(-0.38,6.00,0.00) | range=5.88 m
[INFO] [1790303399.487099579] [sage_target_localizer]: Person 3D | pixel=(676.4,631.6) | position=(-0.37,5.91,0.00) | range=5.79 m
[INFO] [1790303399.593247570] [sage_target_localizer]: Person 3D | pixel=(676.4,631.6) | position=(-0.37,5.91,0.00) | range=5.79 m
[INFO] [1790303399.686416768] [sage_target_localizer]: Person 3D | pixel=(675.3,632.6) | position=(-0.36,5.90,0.00) | range=5.78 m
[INFO] [1790303399.786747969] [sage_target_localizer]: Person 3D | pixel=(675.3,632.6) | position=(-0.36,5.90,0.00) | range=5.78 m
[INFO] [1790303399.891441640] [sage_target_localizer]: Person 3D | pixel=(675.1,636.7) | position=(-0.30,5.01,0.00) | range=4.90 m
[INFO] [1790303399.995249342] [sage_target_localizer]: Person 3D | pixel=(675.1,636.7) | position=(-0.30,5.01,0.00) | range=4.90 m
[INFO] [1790303400.086934506] [sage_target_localizer]: Person 3D | pixel=(675.1,636.7) | position=(-0.30,5.01,0.00) | range=4.90 m
[INFO] [1790303400.187714019] [sage_target_localizer]: Person 3D | pixel=(675.1,637.3) | position=(-0.35,5.71,0.00) | range=5.61 m
[INFO] [1790303400.288735514] [sage_target_localizer]: Person 3D | pixel=(675.1,637.3) | position=(-0.35,5.71,0.00) | range=5.61 m
[INFO] [1790303400.388526950] [sage_target_localizer]: Person 3D | pixel=(675.8,640.1) | position=(-0.36,5.67,0.00) | range=5.56 m
[INFO] [1790303400.491088263] [sage_target_localizer]: Person 3D | pixel=(675.8,640.1) | position=(-0.36,5.67,0.00) | range=5.56 m
[INFO] [1790303400.586648458] [sage_target_localizer]: Person 3D | pixel=(676.7,641.0) | position=(-0.37,5.66,0.00) | range=5.57 m
[INFO] [1790303400.686705353] [sage_target_localizer]: Person 3D | pixel=(676.7,641.0) | position=(-0.37,5.66,0.00) | range=5.57 m
[INFO] [1790303400.789640153] [sage_target_localizer]: Person 3D | pixel=(931.8,557.2) | position=(-5.51,10.30,0.00) | range=11.57 m
[INFO] [1790303400.886764560] [sage_target_localizer]: Person 3D | pixel=(931.8,557.2) | position=(-5.51,10.30,0.00) | range=11.57 m
[INFO] [1790303400.988570085] [sage_target_localizer]: Person 3D | pixel=(931.8,557.2) | position=(-5.51,10.30,0.00) | range=11.57 m
[INFO] [1790303401.088227137] [sage_target_localizer]: Person 3D | pixel=(683.0,642.0) | position=(-0.44,5.71,0.00) | range=5.62 m
[INFO] [1790303401.188147741] [sage_target_localizer]: Person 3D | pixel=(683.0,642.0) | position=(-0.44,5.71,0.00) | range=5.62 m
[INFO] [1790303401.291959930] [sage_target_localizer]: Person 3D | pixel=(935.1,557.7) | position=(-5.51,10.19,0.00) | range=11.48 m
[INFO] [1790303401.392704714] [sage_target_localizer]: Person 3D | pixel=(935.1,557.7) | position=(-5.51,10.19,0.00) | range=11.48 m
[INFO] [1790303401.488166392] [sage_target_localizer]: Person 3D | pixel=(935.1,557.7) | position=(-5.51,10.19,0.00) | range=11.48 m
[INFO] [1790303401.587143937] [sage_target_localizer]: Person 3D | pixel=(689.9,644.7) | position=(-0.47,5.61,0.00) | range=5.54 m
[INFO] [1790303401.692751186] [sage_target_localizer]: Person 3D | pixel=(937.2,559.4) | position=(-5.41,9.99,0.00) | range=11.27 m
[INFO] [1790303401.788659959] [sage_target_localizer]: Person 3D | pixel=(937.2,559.4) | position=(-5.41,9.99,0.00) | range=11.27 m
[INFO] [1790303401.887147711] [sage_target_localizer]: Person 3D | pixel=(938.9,559.7) | position=(-5.44,10.00,0.00) | range=11.29 m
[INFO] [1790303401.988328150] [sage_target_localizer]: Person 3D | pixel=(938.9,559.7) | position=(-5.44,10.00,0.00) | range=11.29 m
[INFO] [1790303402.094695381] [sage_target_localizer]: Person 3D | pixel=(940.9,562.5) | position=(-5.39,9.84,0.00) | range=11.13 m
[INFO] [1790303402.186467835] [sage_target_localizer]: Person 3D | pixel=(940.9,562.5) | position=(-5.39,9.84,0.00) | range=11.13 m
[INFO] [1790303402.293767046] [sage_target_localizer]: Person 3D | pixel=(943.9,562.3) | position=(-5.52,9.95,0.00) | range=11.28 m
[INFO] [1790303402.386999848] [sage_target_localizer]: Person 3D | pixel=(943.9,562.3) | position=(-5.52,9.95,0.00) | range=11.28 m
[INFO] [1790303402.486800859] [sage_target_localizer]: Person 3D | pixel=(943.9,562.3) | position=(-5.52,9.95,0.00) | range=11.28 m
[INFO] [1790303402.593218084] [sage_target_localizer]: Person 3D | pixel=(947.0,566.4) | position=(-5.39,9.62,0.00) | range=10.93 m
[INFO] [1790303402.693162417] [sage_target_localizer]: Person 3D | pixel=(947.0,566.4) | position=(-5.39,9.62,0.00) | range=10.93 m
[INFO] [1790303402.787423432] [sage_target_localizer]: Person 3D | pixel=(949.6,567.5) | position=(-5.41,9.58,0.00) | range=10.90 m
[INFO] [1790303402.887508253] [sage_target_localizer]: Person 3D | pixel=(949.6,567.5) | position=(-5.41,9.58,0.00) | range=10.90 m
[INFO] [1790303402.992622695] [sage_target_localizer]: Person 3D | pixel=(694.7,659.5) | position=(-0.50,5.35,0.00) | range=5.26 m
[INFO] [1790303403.089929396] [sage_target_localizer]: Person 3D | pixel=(694.7,659.5) | position=(-0.50,5.35,0.00) | range=5.26 m
[INFO] [1790303403.189488265] [sage_target_localizer]: Person 3D | pixel=(694.7,659.5) | position=(-0.50,5.35,0.00) | range=5.26 m
[INFO] [1790303403.286643769] [sage_target_localizer]: Person 3D | pixel=(692.6,661.7) | position=(-0.47,5.32,0.00) | range=5.22 m
[INFO] [1790303403.392131684] [sage_target_localizer]: Person 3D | pixel=(692.6,661.7) | position=(-0.47,5.32,0.00) | range=5.22 m
[INFO] [1790303403.487522622] [sage_target_localizer]: Person 3D | pixel=(964.7,573.5) | position=(-5.38,9.15,0.00) | range=10.50 m
[INFO] [1790303403.586597226] [sage_target_localizer]: Person 3D | pixel=(964.7,573.5) | position=(-5.38,9.15,0.00) | range=10.50 m
[INFO] [1790303403.688688810] [sage_target_localizer]: Person 3D | pixel=(694.5,670.8) | position=(-0.45,5.13,0.00) | range=5.02 m
[INFO] [1790303403.791942477] [sage_target_localizer]: Person 3D | pixel=(694.5,670.8) | position=(-0.45,5.13,0.00) | range=5.02 m
[INFO] [1790303403.886502924] [sage_target_localizer]: Person 3D | pixel=(692.8,671.9) | position=(-0.37,4.23,0.00) | range=4.14 m
[INFO] [1790303403.987672903] [sage_target_localizer]: Person 3D | pixel=(692.8,671.9) | position=(-0.37,4.23,0.00) | range=4.14 m
[INFO] [1790303404.090208928] [sage_target_localizer]: Person 3D | pixel=(692.8,671.9) | position=(-0.37,4.23,0.00) | range=4.14 m
[INFO] [1790303404.186442610] [sage_target_localizer]: Person 3D | pixel=(975.8,584.4) | position=(-5.12,8.46,0.00) | range=9.76 m
[INFO] [1790303404.293003165] [sage_target_localizer]: Person 3D | pixel=(975.8,584.4) | position=(-5.12,8.46,0.00) | range=9.76 m
[INFO] [1790303404.389674465] [sage_target_localizer]: Person 3D | pixel=(692.5,678.0) | position=(-0.43,5.04,0.00) | range=4.92 m
[INFO] [1790303404.486715457] [sage_target_localizer]: Person 3D | pixel=(692.5,678.0) | position=(-0.43,5.04,0.00) | range=4.92 m
[INFO] [1790303404.588598044] [sage_target_localizer]: Person 3D | pixel=(691.7,678.4) | position=(-0.41,4.86,0.00) | range=4.73 m
[INFO] [1790303404.687749314] [sage_target_localizer]: Person 3D | pixel=(691.7,678.4) | position=(-0.41,4.86,0.00) | range=4.73 m
[INFO] [1790303404.787103520] [sage_target_localizer]: Person 3D | pixel=(690.9,678.4) | position=(-0.42,5.07,0.00) | range=4.95 m
[INFO] [1790303404.889057776] [sage_target_localizer]: Person 3D | pixel=(690.9,678.4) | position=(-0.42,5.07,0.00) | range=4.95 m
[INFO] [1790303404.988253293] [sage_target_localizer]: Person 3D | pixel=(688.5,678.7) | position=(-0.41,5.04,0.00) | range=4.93 m
[INFO] [1790303405.093919496] [sage_target_localizer]: Person 3D | pixel=(688.5,678.7) | position=(-0.41,5.04,0.00) | range=4.93 m
[INFO] [1790303405.188129969] [sage_target_localizer]: Person 3D | pixel=(688.5,678.7) | position=(-0.41,5.04,0.00) | range=4.93 m
[INFO] [1790303405.291186702] [sage_target_localizer]: Person 3D | pixel=(688.5,678.7) | position=(-0.41,5.04,0.00) | range=4.93 m
[INFO] [1790303405.387623728] [sage_target_localizer]: Person 3D | pixel=(688.5,678.7) | position=(-0.41,5.04,0.00) | range=4.93 m
[INFO] [1790303405.487235011] [sage_target_localizer]: Person 3D | pixel=(686.9,679.3) | position=(-0.41,5.05,0.00) | range=4.94 m
[INFO] [1790303405.588487638] [sage_target_localizer]: Person 3D | pixel=(686.5,680.8) | position=(-0.41,5.03,0.00) | range=4.92 m
[INFO] [1790303405.691566261] [sage_target_localizer]: Person 3D | pixel=(686.5,680.8) | position=(-0.41,5.03,0.00) | range=4.92 m
[INFO] [1790303405.787786132] [sage_target_localizer]: Person 3D | pixel=(686.5,680.8) | position=(-0.41,5.03,0.00) | range=4.92 m
[INFO] [1790303405.888580924] [sage_target_localizer]: Person 3D | pixel=(685.1,681.4) | position=(-0.39,5.01,0.00) | range=4.91 m
[INFO] [1790303405.992623621] [sage_target_localizer]: Person 3D | pixel=(685.1,681.4) | position=(-0.39,5.01,0.00) | range=4.91 m
[INFO] [1790303406.087126358] [sage_target_localizer]: Person 3D | pixel=(1012.4,603.5) | position=(-4.93,7.27,0.00) | range=8.67 m
[INFO] [1790303406.186329930] [sage_target_localizer]: Person 3D | pixel=(1012.4,603.5) | position=(-4.93,7.27,0.00) | range=8.67 m
[INFO] [1790303406.287954314] [sage_target_localizer]: Person 3D | pixel=(1012.4,603.5) | position=(-4.93,7.27,0.00) | range=8.67 m
[INFO] [1790303406.386371960] [sage_target_localizer]: Person 3D | pixel=(1012.4,603.5) | position=(-4.93,7.27,0.00) | range=8.67 m
[INFO] [1790303406.486686914] [sage_target_localizer]: Person 3D | pixel=(689.0,682.2) | position=(-0.38,4.48,0.00) | range=4.38 m
[INFO] [1790303406.586595036] [sage_target_localizer]: Person 3D | pixel=(689.0,682.2) | position=(-0.38,4.48,0.00) | range=4.38 m
[INFO] [1790303406.687753974] [sage_target_localizer]: Person 3D | pixel=(689.0,682.2) | position=(-0.38,4.48,0.00) | range=4.38 m
[INFO] [1790303406.787813614] [sage_target_localizer]: Person 3D | pixel=(689.0,682.2) | position=(-0.38,4.48,0.00) | range=4.38 m
[INFO] [1790303406.888105994] [sage_target_localizer]: Person 3D | pixel=(689.0,682.2) | position=(-0.38,4.48,0.00) | range=4.38 m
[INFO] [1790303406.990774797] [sage_target_localizer]: Person 3D | pixel=(689.0,682.2) | position=(-0.38,4.48,0.00) | range=4.38 m
[INFO] [1790303407.089775715] [sage_target_localizer]: Person 3D | pixel=(689.0,682.2) | position=(-0.38,4.48,0.00) | range=4.38 m
[INFO] [1790303407.186585806] [sage_target_localizer]: Person 3D | pixel=(689.0,682.2) | position=(-0.38,4.48,0.00) | range=4.38 m
[INFO] [1790303407.294677374] [sage_target_localizer]: Person 3D | pixel=(689.0,682.2) | position=(-0.38,4.48,0.00) | range=4.38 m
[INFO] [1790303407.387635167] [sage_target_localizer]: Person 3D | pixel=(689.0,682.2) | position=(-0.38,4.48,0.00) | range=4.38 m
[INFO] [1790303407.493130827] [sage_target_localizer]: Person 3D | pixel=(689.0,682.2) | position=(-0.38,4.48,0.00) | range=4.38 m
[INFO] [1790303407.590840610] [sage_target_localizer]: Person 3D | pixel=(689.0,682.2) | position=(-0.38,4.48,0.00) | range=4.38 m
[INFO] [1790303407.692283932] [sage_target_localizer]: Person 3D | pixel=(687.9,686.1) | position=(-0.40,4.81,0.00) | range=4.74 m
[INFO] [1790303407.792643041] [sage_target_localizer]: Person 3D | pixel=(689.4,691.4) | position=(-0.40,4.69,0.00) | range=4.62 m
[INFO] [1790303407.887456264] [sage_target_localizer]: Person 3D | pixel=(689.4,691.4) | position=(-0.40,4.69,0.00) | range=4.62 m
[INFO] [1790303407.988155170] [sage_target_localizer]: Person 3D | pixel=(1077.2,631.4) | position=(-4.75,5.96,0.00) | range=7.53 m
[INFO] [1790303408.087518034] [sage_target_localizer]: Person 3D | pixel=(1077.2,631.4) | position=(-4.75,5.96,0.00) | range=7.53 m
[INFO] [1790303408.187791096] [sage_target_localizer]: Person 3D | pixel=(1077.2,631.4) | position=(-4.75,5.96,0.00) | range=7.53 m
[INFO] [1790303408.286968702] [sage_target_localizer]: Person 3D | pixel=(1083.0,636.2) | position=(-4.69,5.82,0.00) | range=7.38 m
[INFO] [1790303408.394854104] [sage_target_localizer]: Person 3D | pixel=(1089.3,641.0) | position=(-4.63,5.68,0.00) | range=7.23 m
[INFO] [1790303408.487400480] [sage_target_localizer]: Person 3D | pixel=(1089.3,641.0) | position=(-4.63,5.68,0.00) | range=7.23 m
[INFO] [1790303408.594651085] [sage_target_localizer]: Person 3D | pixel=(1089.3,641.0) | position=(-4.63,5.68,0.00) | range=7.23 m
[INFO] [1790303408.693027888] [sage_target_localizer]: Person 3D | pixel=(1091.7,641.3) | position=(-4.11,5.02,0.00) | range=6.39 m
[INFO] [1790303408.790540167] [sage_target_localizer]: Person 3D | pixel=(1091.7,641.3) | position=(-4.11,5.02,0.00) | range=6.39 m
[INFO] [1790303408.886207154] [sage_target_localizer]: Person 3D | pixel=(1091.7,641.3) | position=(-4.11,5.02,0.00) | range=6.39 m
[INFO] [1790303408.986759448] [sage_target_localizer]: Person 3D | pixel=(697.3,702.8) | position=(-0.43,4.63,0.00) | range=4.54 m
[INFO] [1790303409.090111634] [sage_target_localizer]: Person 3D | pixel=(697.3,702.8) | position=(-0.43,4.63,0.00) | range=4.54 m
[INFO] [1790303409.189387113] [sage_target_localizer]: Person 3D | pixel=(697.3,702.8) | position=(-0.43,4.63,0.00) | range=4.54 m
[INFO] [1790303409.288335278] [sage_target_localizer]: Person 3D | pixel=(693.8,702.2) | position=(-0.40,4.67,0.00) | range=4.57 m
[INFO] [1790303409.391180232] [sage_target_localizer]: Person 3D | pixel=(693.8,702.2) | position=(-0.40,4.67,0.00) | range=4.57 m
[INFO] [1790303409.493290209] [sage_target_localizer]: Person 3D | pixel=(694.9,705.1) | position=(-0.41,4.64,0.00) | range=4.54 m
[INFO] [1790303409.588364090] [sage_target_localizer]: Person 3D | pixel=(694.9,705.1) | position=(-0.41,4.64,0.00) | range=4.54 m
[INFO] [1790303409.688310360] [sage_target_localizer]: Person 3D | pixel=(695.2,704.6) | position=(-0.41,4.66,0.00) | range=4.55 m
[INFO] [1790303409.786643045] [sage_target_localizer]: Person 3D | pixel=(695.2,704.6) | position=(-0.41,4.66,0.00) | range=4.55 m
[INFO] [1790303409.895825848] [sage_target_localizer]: Person 3D | pixel=(1147.4,664.6) | position=(-4.17,4.58,0.00) | range=6.10 m
[INFO] [1790303409.988223226] [sage_target_localizer]: Person 3D | pixel=(1147.4,664.6) | position=(-4.17,4.58,0.00) | range=6.10 m
[INFO] [1790303410.096641967] [sage_target_localizer]: Person 3D | pixel=(1156.5,667.8) | position=(-4.71,5.09,0.00) | range=6.82 m
[INFO] [1790303410.190058843] [sage_target_localizer]: Person 3D | pixel=(1156.5,667.8) | position=(-4.71,5.09,0.00) | range=6.82 m
[INFO] [1790303410.287037408] [sage_target_localizer]: Person 3D | pixel=(691.2,706.4) | position=(-0.38,4.67,0.00) | range=4.54 m
[INFO] [1790303410.393565785] [sage_target_localizer]: Person 3D | pixel=(691.2,706.4) | position=(-0.38,4.67,0.00) | range=4.54 m
[INFO] [1790303410.487623859] [sage_target_localizer]: Person 3D | pixel=(1175.1,678.2) | position=(-4.68,4.91,0.00) | range=6.66 m
[INFO] [1790303410.592768645] [sage_target_localizer]: Person 3D | pixel=(1175.1,678.2) | position=(-4.68,4.91,0.00) | range=6.66 m
[INFO] [1790303410.692766621] [sage_target_localizer]: Person 3D | pixel=(1183.8,684.8) | position=(-4.62,4.78,0.00) | range=6.52 m
[INFO] [1790303410.787112290] [sage_target_localizer]: Person 3D | pixel=(1183.8,684.8) | position=(-4.62,4.78,0.00) | range=6.52 m
[INFO] [1790303410.887868071] [sage_target_localizer]: Person 3D | pixel=(687.6,705.8) | position=(-0.36,4.71,0.00) | range=4.57 m
[INFO] [1790303410.992131530] [sage_target_localizer]: Person 3D | pixel=(687.6,705.8) | position=(-0.36,4.71,0.00) | range=4.57 m
[INFO] [1790303411.087017061] [sage_target_localizer]: Person 3D | pixel=(687.6,705.8) | position=(-0.36,4.71,0.00) | range=4.57 m
[INFO] [1790303411.192885610] [sage_target_localizer]: Person 3D | pixel=(687.6,705.8) | position=(-0.36,4.71,0.00) | range=4.57 m
[INFO] [1790303411.286537199] [sage_target_localizer]: Person 3D | pixel=(687.6,705.8) | position=(-0.36,4.71,0.00) | range=4.57 m
[INFO] [1790303411.389745338] [sage_target_localizer]: Person 3D | pixel=(687.6,705.8) | position=(-0.36,4.71,0.00) | range=4.57 m
[INFO] [1790303411.491209066] [sage_target_localizer]: Person 3D | pixel=(687.6,705.8) | position=(-0.36,4.71,0.00) | range=4.57 m
[INFO] [1790303411.588076961] [sage_target_localizer]: Person 3D | pixel=(685.1,703.5) | position=(-0.35,4.73,0.00) | range=4.59 m
[INFO] [1790303411.690477025] [sage_target_localizer]: Person 3D | pixel=(685.1,703.5) | position=(-0.35,4.73,0.00) | range=4.59 m
[INFO] [1790303411.787312527] [sage_target_localizer]: Person 3D | pixel=(685.1,703.5) | position=(-0.35,4.73,0.00) | range=4.59 m
[INFO] [1790303411.886479150] [sage_target_localizer]: Person 3D | pixel=(685.1,703.5) | position=(-0.35,4.73,0.00) | range=4.59 m
[INFO] [1790303411.990741525] [sage_target_localizer]: Person 3D | pixel=(685.1,703.5) | position=(-0.35,4.73,0.00) | range=4.59 m
[INFO] [1790303412.088421200] [sage_target_localizer]: Person 3D | pixel=(685.1,703.5) | position=(-0.35,4.73,0.00) | range=4.59 m
[INFO] [1790303412.197569260] [sage_target_localizer]: Person 3D | pixel=(685.1,703.5) | position=(-0.35,4.73,0.00) | range=4.59 m
[INFO] [1790303412.289901778] [sage_target_localizer]: Person 3D | pixel=(681.1,698.1) | position=(-0.32,4.74,0.00) | range=4.62 m
[INFO] [1790303412.386375929] [sage_target_localizer]: Person 3D | pixel=(681.1,698.1) | position=(-0.32,4.74,0.00) | range=4.62 m
[INFO] [1790303412.486810725] [sage_target_localizer]: Person 3D | pixel=(681.5,698.3) | position=(-0.32,4.71,0.00) | range=4.59 m
[INFO] [1790303412.592676169] [sage_target_localizer]: Person 3D | pixel=(681.5,698.3) | position=(-0.32,4.71,0.00) | range=4.59 m
[INFO] [1790303412.686930785] [sage_target_localizer]: Person 3D | pixel=(681.5,698.3) | position=(-0.32,4.71,0.00) | range=4.59 m
[INFO] [1790303412.786992748] [sage_target_localizer]: Person 3D | pixel=(680.6,699.3) | position=(-0.32,4.69,0.00) | range=4.57 m
[INFO] [1790303412.887217662] [sage_target_localizer]: Person 3D | pixel=(680.6,699.3) | position=(-0.32,4.69,0.00) | range=4.57 m
[INFO] [1790303412.987967791] [sage_target_localizer]: Person 3D | pixel=(680.6,699.3) | position=(-0.32,4.69,0.00) | range=4.57 m
[INFO] [1790303413.095281459] [sage_target_localizer]: Person 3D | pixel=(678.5,698.3) | position=(-0.29,4.49,0.00) | range=4.38 m
[INFO] [1790303413.191596086] [sage_target_localizer]: Person 3D | pixel=(677.8,694.0) | position=(-0.31,4.86,0.00) | range=4.75 m
[INFO] [1790303413.287011788] [sage_target_localizer]: Person 3D | pixel=(677.8,694.0) | position=(-0.31,4.86,0.00) | range=4.75 m
[INFO] [1790303413.390812974] [sage_target_localizer]: Person 3D | pixel=(677.8,694.0) | position=(-0.31,4.86,0.00) | range=4.75 m
[INFO] [1790303413.486114835] [sage_target_localizer]: Person 3D | pixel=(677.8,694.0) | position=(-0.31,4.86,0.00) | range=4.75 m
[INFO] [1790303413.589531003] [sage_target_localizer]: Person 3D | pixel=(676.5,692.6) | position=(-0.29,4.87,0.00) | range=4.77 m
[INFO] [1790303413.686330065] [sage_target_localizer]: Person 3D | pixel=(676.5,692.6) | position=(-0.29,4.87,0.00) | range=4.77 m
[INFO] [1790303413.787955068] [sage_target_localizer]: Person 3D | pixel=(676.5,692.6) | position=(-0.29,4.87,0.00) | range=4.77 m
[INFO] [1790303413.886075840] [sage_target_localizer]: Person 3D | pixel=(674.4,687.6) | position=(-0.27,4.89,0.00) | range=4.80 m
[INFO] [1790303413.989073920] [sage_target_localizer]: Person 3D | pixel=(674.4,687.6) | position=(-0.27,4.89,0.00) | range=4.80 m
[INFO] [1790303414.086577915] [sage_target_localizer]: Person 3D | pixel=(674.3,683.5) | position=(-0.27,4.91,0.00) | range=4.83 m
[INFO] [1790303414.187540443] [sage_target_localizer]: Person 3D | pixel=(674.3,683.5) | position=(-0.27,4.91,0.00) | range=4.83 m
[INFO] [1790303414.297597819] [sage_target_localizer]: Person 3D | pixel=(674.1,680.9) | position=(-0.27,4.91,0.00) | range=4.83 m
[INFO] [1790303414.389750670] [sage_target_localizer]: Person 3D | pixel=(674.1,680.9) | position=(-0.27,4.91,0.00) | range=4.83 m
[INFO] [1790303414.494315799] [sage_target_localizer]: Person 3D | pixel=(674.0,680.9) | position=(-0.27,4.89,0.00) | range=4.81 m
[INFO] [1790303414.588279966] [sage_target_localizer]: Person 3D | pixel=(674.0,680.9) | position=(-0.27,4.89,0.00) | range=4.81 m
[INFO] [1790303414.692975255] [sage_target_localizer]: Person 3D | pixel=(1233.8,690.9) | position=(-4.62,4.28,0.00) | range=6.22 m
[INFO] [1790303414.787110444] [sage_target_localizer]: Person 3D | pixel=(1233.8,690.9) | position=(-4.62,4.28,0.00) | range=6.22 m
[INFO] [1790303414.886854052] [sage_target_localizer]: Person 3D | pixel=(676.1,681.7) | position=(-0.31,4.87,0.00) | range=4.79 m
[INFO] [1790303414.989641071] [sage_target_localizer]: Person 3D | pixel=(676.1,681.7) | position=(-0.31,4.87,0.00) | range=4.79 m
[INFO] [1790303415.087517739] [sage_target_localizer]: Person 3D | pixel=(676.1,681.7) | position=(-0.31,4.87,0.00) | range=4.79 m
[INFO] [1790303415.187243829] [sage_target_localizer]: Person 3D | pixel=(676.1,681.7) | position=(-0.31,4.87,0.00) | range=4.79 m
[INFO] [1790303415.286350873] [sage_target_localizer]: Person 3D | pixel=(676.1,681.7) | position=(-0.31,4.87,0.00) | range=4.79 m
[INFO] [1790303415.388903348] [sage_target_localizer]: Person 3D | pixel=(679.3,683.5) | position=(-0.35,4.86,0.00) | range=4.77 m
[INFO] [1790303415.490281132] [sage_target_localizer]: Person 3D | pixel=(679.3,683.5) | position=(-0.35,4.86,0.00) | range=4.77 m
[INFO] [1790303415.589280839] [sage_target_localizer]: Person 3D | pixel=(1195.4,674.8) | position=(-4.74,4.70,0.00) | range=6.57 m
[INFO] [1790303415.687404082] [sage_target_localizer]: Person 3D | pixel=(1195.4,674.8) | position=(-4.74,4.70,0.00) | range=6.57 m
[INFO] [1790303415.790347385] [sage_target_localizer]: Person 3D | pixel=(1195.4,674.8) | position=(-4.74,4.70,0.00) | range=6.57 m
[INFO] [1790303415.887202907] [sage_target_localizer]: Person 3D | pixel=(1190.2,671.9) | position=(-4.77,4.78,0.00) | range=6.64 m
[INFO] [1790303415.986591373] [sage_target_localizer]: Person 3D | pixel=(1190.2,671.9) | position=(-4.77,4.78,0.00) | range=6.64 m
[INFO] [1790303416.089501006] [sage_target_localizer]: Person 3D | pixel=(1181.3,670.7) | position=(-4.67,4.77,0.00) | range=6.56 m
[INFO] [1790303416.189760603] [sage_target_localizer]: Person 3D | pixel=(1181.3,670.7) | position=(-4.67,4.77,0.00) | range=6.56 m
[INFO] [1790303416.287598845] [sage_target_localizer]: Person 3D | pixel=(1172.3,667.6) | position=(-4.39,4.57,0.00) | range=6.23 m
[INFO] [1790303416.389008298] [sage_target_localizer]: Person 3D | pixel=(1172.3,667.6) | position=(-4.39,4.57,0.00) | range=6.23 m
[INFO] [1790303416.491532779] [sage_target_localizer]: Person 3D | pixel=(1163.1,667.3) | position=(-4.26,4.51,0.00) | range=6.09 m
[INFO] [1790303416.586169459] [sage_target_localizer]: Person 3D | pixel=(1163.1,667.3) | position=(-4.26,4.51,0.00) | range=6.09 m
[INFO] [1790303416.688769759] [sage_target_localizer]: Person 3D | pixel=(1163.1,667.3) | position=(-4.26,4.51,0.00) | range=6.09 m
[INFO] [1790303416.793634713] [sage_target_localizer]: Person 3D | pixel=(1153.4,666.0) | position=(-4.57,4.93,0.00) | range=6.61 m
[INFO] [1790303416.889950600] [sage_target_localizer]: Person 3D | pixel=(1153.4,666.0) | position=(-4.57,4.93,0.00) | range=6.61 m
[INFO] [1790303416.991757395] [sage_target_localizer]: Person 3D | pixel=(1153.4,666.0) | position=(-4.57,4.93,0.00) | range=6.61 m
[INFO] [1790303417.086728529] [sage_target_localizer]: Person 3D | pixel=(1144.5,662.6) | position=(-4.58,5.03,0.00) | range=6.68 m
[INFO] [1790303417.193628649] [sage_target_localizer]: Person 3D | pixel=(1144.5,662.6) | position=(-4.58,5.03,0.00) | range=6.68 m
[INFO] [1790303417.290006041] [sage_target_localizer]: Person 3D | pixel=(1126.9,661.1) | position=(-4.47,5.10,0.00) | range=6.67 m
[INFO] [1790303417.388860355] [sage_target_localizer]: Person 3D | pixel=(1126.9,661.1) | position=(-4.47,5.10,0.00) | range=6.67 m
[INFO] [1790303417.493155052] [sage_target_localizer]: Person 3D | pixel=(1126.9,661.1) | position=(-4.47,5.10,0.00) | range=6.67 m
[INFO] [1790303417.587613098] [sage_target_localizer]: Person 3D | pixel=(1119.8,663.5) | position=(-4.36,5.07,0.00) | range=6.58 m
[INFO] [1790303417.690266052] [sage_target_localizer]: Person 3D | pixel=(1119.8,663.5) | position=(-4.36,5.07,0.00) | range=6.58 m
[INFO] [1790303417.789299995] [sage_target_localizer]: Person 3D | pixel=(689.9,704.3) | position=(-0.35,4.53,0.00) | range=4.42 m
[INFO] [1790303417.890299490] [sage_target_localizer]: Person 3D | pixel=(689.9,704.3) | position=(-0.35,4.53,0.00) | range=4.42 m
[INFO] [1790303417.987674977] [sage_target_localizer]: Person 3D | pixel=(1104.3,651.9) | position=(-4.49,5.41,0.00) | range=6.93 m
[INFO] [1790303418.092011438] [sage_target_localizer]: Person 3D | pixel=(1104.3,651.9) | position=(-4.49,5.41,0.00) | range=6.93 m
[INFO] [1790303418.192216696] [sage_target_localizer]: Person 3D | pixel=(1104.3,651.9) | position=(-4.49,5.41,0.00) | range=6.93 m
[INFO] [1790303418.291714635] [sage_target_localizer]: Person 3D | pixel=(1093.6,647.1) | position=(-4.50,5.56,0.00) | range=7.06 m
[INFO] [1790303418.389490385] [sage_target_localizer]: Person 3D | pixel=(1093.6,647.1) | position=(-4.50,5.56,0.00) | range=7.06 m
[INFO] [1790303418.486724474] [sage_target_localizer]: Person 3D | pixel=(1086.6,646.6) | position=(-4.47,5.61,0.00) | range=7.08 m
[INFO] [1790303418.590260464] [sage_target_localizer]: Person 3D | pixel=(1086.6,646.6) | position=(-4.47,5.61,0.00) | range=7.08 m
[INFO] [1790303418.690157088] [sage_target_localizer]: Person 3D | pixel=(1077.8,644.3) | position=(-4.48,5.72,0.00) | range=7.17 m
[INFO] [1790303418.789034539] [sage_target_localizer]: Person 3D | pixel=(1077.8,644.3) | position=(-4.48,5.72,0.00) | range=7.17 m
[INFO] [1790303418.887178187] [sage_target_localizer]: Person 3D | pixel=(1077.8,644.3) | position=(-4.48,5.72,0.00) | range=7.17 m
[INFO] [1790303418.988887025] [sage_target_localizer]: Person 3D | pixel=(686.1,711.8) | position=(-0.31,4.49,0.00) | range=4.39 m
[INFO] [1790303419.089553976] [sage_target_localizer]: Person 3D | pixel=(686.1,711.8) | position=(-0.31,4.49,0.00) | range=4.39 m
[INFO] [1790303419.190082407] [sage_target_localizer]: Person 3D | pixel=(686.1,711.8) | position=(-0.31,4.49,0.00) | range=4.39 m
[INFO] [1790303419.287341760] [sage_target_localizer]: Person 3D | pixel=(1057.2,636.8) | position=(-4.56,6.07,0.00) | range=7.49 m
[INFO] [1790303419.389398165] [sage_target_localizer]: Person 3D | pixel=(1057.2,636.8) | position=(-4.56,6.07,0.00) | range=7.49 m
[INFO] [1790303419.486733268] [sage_target_localizer]: Person 3D | pixel=(1047.5,634.7) | position=(-4.56,6.20,0.00) | range=7.60 m
[INFO] [1790303419.590354503] [sage_target_localizer]: Person 3D | pixel=(1047.5,634.7) | position=(-4.56,6.20,0.00) | range=7.60 m
[INFO] [1790303419.697661773] [sage_target_localizer]: Person 3D | pixel=(1039.9,629.6) | position=(-4.67,6.46,0.00) | range=7.86 m
[INFO] [1790303419.786924394] [sage_target_localizer]: Person 3D | pixel=(1039.9,629.6) | position=(-4.67,6.46,0.00) | range=7.86 m
[INFO] [1790303419.887774874] [sage_target_localizer]: Person 3D | pixel=(1032.8,629.0) | position=(-4.64,6.52,0.00) | range=7.89 m
[INFO] [1790303419.992460609] [sage_target_localizer]: Person 3D | pixel=(1032.8,629.0) | position=(-4.64,6.52,0.00) | range=7.89 m
[INFO] [1790303420.094068816] [sage_target_localizer]: Person 3D | pixel=(1027.3,624.9) | position=(-4.70,6.68,0.00) | range=8.06 m
[INFO] [1790303420.186967716] [sage_target_localizer]: Person 3D | pixel=(1027.3,624.9) | position=(-4.70,6.68,0.00) | range=8.06 m
[INFO] [1790303420.288711998] [sage_target_localizer]: Person 3D | pixel=(1021.8,624.7) | position=(-4.65,6.69,0.00) | range=8.04 m
[INFO] [1790303420.390033073] [sage_target_localizer]: Person 3D | pixel=(1021.8,624.7) | position=(-4.65,6.69,0.00) | range=8.04 m
[INFO] [1790303420.486992117] [sage_target_localizer]: Person 3D | pixel=(1016.5,623.4) | position=(-4.62,6.73,0.00) | range=8.05 m
[INFO] [1790303420.589368664] [sage_target_localizer]: Person 3D | pixel=(1016.5,623.4) | position=(-4.62,6.73,0.00) | range=8.05 m
[INFO] [1790303420.686506462] [sage_target_localizer]: Person 3D | pixel=(1016.5,623.4) | position=(-4.62,6.73,0.00) | range=8.05 m
[INFO] [1790303420.793696280] [sage_target_localizer]: Person 3D | pixel=(1010.2,618.2) | position=(-4.69,6.94,0.00) | range=8.27 m
[INFO] [1790303420.889032386] [sage_target_localizer]: Person 3D | pixel=(1010.2,618.2) | position=(-4.69,6.94,0.00) | range=8.27 m
[INFO] [1790303420.986109702] [sage_target_localizer]: Person 3D | pixel=(1005.3,617.8) | position=(-4.65,6.96,0.00) | range=8.26 m
[INFO] [1790303421.093741251] [sage_target_localizer]: Person 3D | pixel=(1005.3,617.8) | position=(-4.65,6.96,0.00) | range=8.26 m
[INFO] [1790303421.189236836] [sage_target_localizer]: Person 3D | pixel=(1000.6,616.3) | position=(-4.65,7.06,0.00) | range=8.34 m
[INFO] [1790303421.288718604] [sage_target_localizer]: Person 3D | pixel=(1000.6,616.3) | position=(-4.65,7.06,0.00) | range=8.34 m
[INFO] [1790303421.393114174] [sage_target_localizer]: Person 3D | pixel=(996.2,617.7) | position=(-4.56,7.03,0.00) | range=8.26 m
[INFO] [1790303421.486630684] [sage_target_localizer]: Person 3D | pixel=(996.2,617.7) | position=(-4.56,7.03,0.00) | range=8.26 m
[INFO] [1790303421.589521336] [sage_target_localizer]: Person 3D | pixel=(689.1,711.5) | position=(-0.39,4.58,0.00) | range=4.48 m
[INFO] [1790303421.689668716] [sage_target_localizer]: Person 3D | pixel=(689.1,711.5) | position=(-0.39,4.58,0.00) | range=4.48 m
[INFO] [1790303421.786616523] [sage_target_localizer]: Person 3D | pixel=(689.1,711.5) | position=(-0.39,4.58,0.00) | range=4.48 m
[INFO] [1790303421.894051366] [sage_target_localizer]: Person 3D | pixel=(990.2,609.5) | position=(-4.49,7.06,0.00) | range=8.26 m
[INFO] [1790303421.993302264] [sage_target_localizer]: Person 3D | pixel=(990.2,609.5) | position=(-4.49,7.06,0.00) | range=8.26 m
[INFO] [1790303422.096074905] [sage_target_localizer]: Person 3D | pixel=(689.5,712.0) | position=(-0.37,4.54,0.00) | range=4.44 m
[INFO] [1790303422.189664979] [sage_target_localizer]: Person 3D | pixel=(689.5,712.0) | position=(-0.37,4.54,0.00) | range=4.44 m
[INFO] [1790303422.287931255] [sage_target_localizer]: Person 3D | pixel=(688.5,714.6) | position=(-0.35,4.49,0.00) | range=4.39 m
[INFO] [1790303422.386990158] [sage_target_localizer]: Person 3D | pixel=(688.5,714.6) | position=(-0.35,4.49,0.00) | range=4.39 m
[INFO] [1790303422.490745202] [sage_target_localizer]: Person 3D | pixel=(687.4,718.3) | position=(-0.33,4.43,0.00) | range=4.32 m
[INFO] [1790303422.588106696] [sage_target_localizer]: Person 3D | pixel=(687.4,718.3) | position=(-0.33,4.43,0.00) | range=4.32 m
[INFO] [1790303422.687792107] [sage_target_localizer]: Person 3D | pixel=(972.5,600.1) | position=(-4.72,7.85,0.00) | range=9.04 m
[INFO] [1790303422.791378140] [sage_target_localizer]: Person 3D | pixel=(972.5,600.1) | position=(-4.72,7.85,0.00) | range=9.04 m
[INFO] [1790303422.891072603] [sage_target_localizer]: Person 3D | pixel=(686.7,719.2) | position=(-0.32,4.41,0.00) | range=4.31 m
[INFO] [1790303422.986327446] [sage_target_localizer]: Person 3D | pixel=(686.7,719.2) | position=(-0.32,4.41,0.00) | range=4.31 m
[INFO] [1790303423.094710894] [sage_target_localizer]: Person 3D | pixel=(964.8,598.6) | position=(-4.67,7.96,0.00) | range=9.12 m
[INFO] [1790303423.189653211] [sage_target_localizer]: Person 3D | pixel=(964.8,598.6) | position=(-4.67,7.96,0.00) | range=9.12 m
[INFO] [1790303423.290213977] [sage_target_localizer]: Person 3D | pixel=(686.4,720.1) | position=(-0.32,4.39,0.00) | range=4.29 m
[INFO] [1790303423.389639118] [sage_target_localizer]: Person 3D | pixel=(686.4,720.1) | position=(-0.32,4.39,0.00) | range=4.29 m
[INFO] [1790303423.497688050] [sage_target_localizer]: Person 3D | pixel=(686.4,720.1) | position=(-0.32,4.39,0.00) | range=4.29 m
[INFO] [1790303423.589123206] [sage_target_localizer]: Person 3D | pixel=(958.5,594.7) | position=(-4.73,8.20,0.00) | range=9.36 m
[INFO] [1790303423.689943691] [sage_target_localizer]: Person 3D | pixel=(952.7,595.9) | position=(-4.62,8.15,0.00) | range=9.26 m
[INFO] [1790303423.787344522] [sage_target_localizer]: Person 3D | pixel=(952.7,595.9) | position=(-4.62,8.15,0.00) | range=9.26 m
[INFO] [1790303423.887491804] [sage_target_localizer]: Person 3D | pixel=(952.7,595.9) | position=(-4.62,8.15,0.00) | range=9.26 m
[INFO] [1790303423.986542537] [sage_target_localizer]: Person 3D | pixel=(948.3,597.1) | position=(-4.53,8.11,0.00) | range=9.18 m
[INFO] [1790303424.099138640] [sage_target_localizer]: Person 3D | pixel=(948.3,597.1) | position=(-4.53,8.11,0.00) | range=9.18 m
[INFO] [1790303424.188022074] [sage_target_localizer]: Person 3D | pixel=(948.3,597.1) | position=(-4.53,8.11,0.00) | range=9.18 m
[INFO] [1790303424.287516654] [sage_target_localizer]: Person 3D | pixel=(944.8,597.7) | position=(-4.49,8.16,0.00) | range=9.20 m
[INFO] [1790303424.391112062] [sage_target_localizer]: Person 3D | pixel=(944.8,597.7) | position=(-4.49,8.16,0.00) | range=9.20 m
[INFO] [1790303424.490972179] [sage_target_localizer]: Person 3D | pixel=(944.8,597.7) | position=(-4.49,8.16,0.00) | range=9.20 m
[INFO] [1790303424.593557444] [sage_target_localizer]: Person 3D | pixel=(943.2,597.8) | position=(-4.52,8.26,0.00) | range=9.29 m
[INFO] [1790303424.694361686] [sage_target_localizer]: Person 3D | pixel=(943.2,597.8) | position=(-4.52,8.26,0.00) | range=9.29 m
[INFO] [1790303424.786133180] [sage_target_localizer]: Person 3D | pixel=(939.5,596.5) | position=(-4.55,8.42,0.00) | range=9.44 m
[INFO] [1790303424.887067045] [sage_target_localizer]: Person 3D | pixel=(939.5,596.5) | position=(-4.55,8.42,0.00) | range=9.44 m
[INFO] [1790303424.986701990] [sage_target_localizer]: Person 3D | pixel=(937.8,596.7) | position=(-4.54,8.44,0.00) | range=9.45 m
[INFO] [1790303425.088137461] [sage_target_localizer]: Person 3D | pixel=(936.2,597.7) | position=(-4.50,8.41,0.00) | range=9.41 m
[INFO] [1790303425.188989522] [sage_target_localizer]: Person 3D | pixel=(936.2,597.7) | position=(-4.50,8.41,0.00) | range=9.41 m
[INFO] [1790303425.287309380] [sage_target_localizer]: Person 3D | pixel=(936.2,597.7) | position=(-4.50,8.41,0.00) | range=9.41 m
[INFO] [1790303425.393769733] [sage_target_localizer]: Person 3D | pixel=(933.3,595.5) | position=(-4.53,8.55,0.00) | range=9.55 m
[INFO] [1790303425.490447190] [sage_target_localizer]: Person 3D | pixel=(933.3,595.5) | position=(-4.53,8.55,0.00) | range=9.55 m
[INFO] [1790303425.591390194] [sage_target_localizer]: Person 3D | pixel=(933.3,595.5) | position=(-4.53,8.55,0.00) | range=9.55 m
[INFO] [1790303425.686612702] [sage_target_localizer]: Person 3D | pixel=(933.3,595.5) | position=(-4.53,8.55,0.00) | range=9.55 m
[INFO] [1790303425.789119868] [sage_target_localizer]: Person 3D | pixel=(932.2,594.7) | position=(-4.52,8.54,0.00) | range=9.54 m
[INFO] [1790303425.888621676] [sage_target_localizer]: Person 3D | pixel=(932.2,594.7) | position=(-4.52,8.54,0.00) | range=9.54 m
[INFO] [1790303425.988062344] [sage_target_localizer]: Person 3D | pixel=(932.2,594.7) | position=(-4.52,8.54,0.00) | range=9.54 m
[INFO] [1790303426.088239238] [sage_target_localizer]: Person 3D | pixel=(932.2,594.7) | position=(-4.52,8.54,0.00) | range=9.54 m
[INFO] [1790303426.194278807] [sage_target_localizer]: Person 3D | pixel=(685.3,722.6) | position=(-0.30,4.04,0.00) | range=3.92 m
[INFO] [1790303426.288940410] [sage_target_localizer]: Person 3D | pixel=(685.3,722.6) | position=(-0.30,4.04,0.00) | range=3.92 m
[INFO] [1790303426.390193370] [sage_target_localizer]: Person 3D | pixel=(685.3,722.6) | position=(-0.30,4.04,0.00) | range=3.92 m
[INFO] [1790303426.488830285] [sage_target_localizer]: Person 3D | pixel=(685.3,722.6) | position=(-0.30,4.04,0.00) | range=3.92 m
[INFO] [1790303426.595761738] [sage_target_localizer]: Person 3D | pixel=(685.3,722.6) | position=(-0.30,4.04,0.00) | range=3.92 m
[INFO] [1790303426.686936983] [sage_target_localizer]: Person 3D | pixel=(685.3,722.6) | position=(-0.30,4.04,0.00) | range=3.92 m
[INFO] [1790303426.789908208] [sage_target_localizer]: Person 3D | pixel=(685.3,722.6) | position=(-0.30,4.04,0.00) | range=3.92 m
[INFO] [1790303426.887312777] [sage_target_localizer]: Person 3D | pixel=(924.0,584.7) | position=(-4.45,8.61,0.00) | range=9.57 m
[INFO] [1790303426.990107896] [sage_target_localizer]: Person 3D | pixel=(924.0,584.7) | position=(-4.45,8.61,0.00) | range=9.57 m
[INFO] [1790303427.086848079] [sage_target_localizer]: Person 3D | pixel=(686.0,722.0) | position=(-0.30,4.10,0.00) | range=4.01 m
[INFO] [1790303427.189101863] [sage_target_localizer]: Person 3D | pixel=(686.0,722.0) | position=(-0.30,4.10,0.00) | range=4.01 m
[INFO] [1790303427.292523330] [sage_target_localizer]: Person 3D | pixel=(686.0,722.0) | position=(-0.30,4.10,0.00) | range=4.01 m
[INFO] [1790303427.394866965] [sage_target_localizer]: Person 3D | pixel=(686.5,721.7) | position=(-0.30,4.13,0.00) | range=4.03 m
[INFO] [1790303427.487401398] [sage_target_localizer]: Person 3D | pixel=(686.5,721.7) | position=(-0.30,4.13,0.00) | range=4.03 m
[INFO] [1790303427.588270375] [sage_target_localizer]: Person 3D | pixel=(686.5,721.7) | position=(-0.30,4.13,0.00) | range=4.03 m
[INFO] [1790303427.693084829] [sage_target_localizer]: Person 3D | pixel=(914.3,581.7) | position=(-4.68,9.38,0.00) | range=10.38 m
[INFO] [1790303427.787197228] [sage_target_localizer]: Person 3D | pixel=(914.3,581.7) | position=(-4.68,9.38,0.00) | range=10.38 m
[INFO] [1790303427.889125766] [sage_target_localizer]: Person 3D | pixel=(914.3,581.7) | position=(-4.68,9.38,0.00) | range=10.38 m
[INFO] [1790303427.987732574] [sage_target_localizer]: Person 3D | pixel=(914.3,581.7) | position=(-4.68,9.38,0.00) | range=10.38 m
[INFO] [1790303428.092237532] [sage_target_localizer]: Person 3D | pixel=(684.1,718.1) | position=(-0.27,3.76,0.00) | range=3.66 m
[INFO] [1790303428.193454494] [sage_target_localizer]: Person 3D | pixel=(684.1,718.1) | position=(-0.27,3.76,0.00) | range=3.66 m
[INFO] [1790303428.289042782] [sage_target_localizer]: Person 3D | pixel=(684.1,718.1) | position=(-0.27,3.76,0.00) | range=3.66 m
[INFO] [1790303428.389743748] [sage_target_localizer]: Person 3D | pixel=(683.7,712.0) | position=(-0.32,4.64,0.00) | range=4.54 m
[INFO] [1790303428.486583694] [sage_target_localizer]: Person 3D | pixel=(683.7,712.0) | position=(-0.32,4.64,0.00) | range=4.54 m
[INFO] [1790303428.587856905] [sage_target_localizer]: Person 3D | pixel=(683.3,707.2) | position=(-0.33,4.72,0.00) | range=4.61 m
[INFO] [1790303428.686367803] [sage_target_localizer]: Person 3D | pixel=(683.3,707.2) | position=(-0.33,4.72,0.00) | range=4.61 m
[INFO] [1790303428.789097424] [sage_target_localizer]: Person 3D | pixel=(682.8,703.6) | position=(-0.33,4.76,0.00) | range=4.66 m
[INFO] [1790303428.892714994] [sage_target_localizer]: Person 3D | pixel=(682.8,703.6) | position=(-0.33,4.76,0.00) | range=4.66 m
[INFO] [1790303428.988550242] [sage_target_localizer]: Person 3D | pixel=(682.1,701.6) | position=(-0.33,4.77,0.00) | range=4.66 m
[INFO] [1790303429.086692969] [sage_target_localizer]: Person 3D | pixel=(682.1,701.6) | position=(-0.33,4.77,0.00) | range=4.66 m
[INFO] [1790303429.188099644] [sage_target_localizer]: Person 3D | pixel=(682.1,701.6) | position=(-0.33,4.77,0.00) | range=4.66 m
[INFO] [1790303429.294535141] [sage_target_localizer]: Person 3D | pixel=(681.8,701.0) | position=(-0.32,4.75,0.00) | range=4.64 m
[INFO] [1790303429.391545661] [sage_target_localizer]: Person 3D | pixel=(681.8,701.0) | position=(-0.32,4.75,0.00) | range=4.64 m
[INFO] [1790303429.486111486] [sage_target_localizer]: Person 3D | pixel=(681.8,701.0) | position=(-0.32,4.75,0.00) | range=4.64 m
[INFO] [1790303429.588725903] [sage_target_localizer]: Person 3D | pixel=(682.0,701.3) | position=(-0.32,4.72,0.00) | range=4.61 m
[INFO] [1790303429.686210706] [sage_target_localizer]: Person 3D | pixel=(682.0,701.3) | position=(-0.32,4.72,0.00) | range=4.61 m
[INFO] [1790303429.786650809] [sage_target_localizer]: Person 3D | pixel=(682.0,701.3) | position=(-0.32,4.72,0.00) | range=4.61 m
[INFO] [1790303429.887672999] [sage_target_localizer]: Person 3D | pixel=(682.0,701.3) | position=(-0.32,4.72,0.00) | range=4.61 m
[INFO] [1790303429.988895178] [sage_target_localizer]: Person 3D | pixel=(682.0,701.3) | position=(-0.32,4.72,0.00) | range=4.61 m
[INFO] [1790303430.088942034] [sage_target_localizer]: Person 3D | pixel=(682.0,701.3) | position=(-0.32,4.72,0.00) | range=4.61 m
[INFO] [1790303430.190312435] [sage_target_localizer]: Person 3D | pixel=(682.0,701.3) | position=(-0.32,4.72,0.00) | range=4.61 m
[INFO] [1790303430.289151274] [sage_target_localizer]: Person 3D | pixel=(682.0,701.3) | position=(-0.32,4.72,0.00) | range=4.61 m
[INFO] [1790303430.393161367] [sage_target_localizer]: Person 3D | pixel=(948.9,589.7) | position=(-4.73,8.44,0.00) | range=9.54 m
[INFO] [1790303430.489694040] [sage_target_localizer]: Person 3D | pixel=(948.9,589.7) | position=(-4.73,8.44,0.00) | range=9.54 m
[INFO] [1790303430.589584609] [sage_target_localizer]: Person 3D | pixel=(948.9,589.7) | position=(-4.73,8.44,0.00) | range=9.54 m
[INFO] [1790303430.690508722] [sage_target_localizer]: Person 3D | pixel=(948.9,589.7) | position=(-4.73,8.44,0.00) | range=9.54 m
[INFO] [1790303430.790318009] [sage_target_localizer]: Person 3D | pixel=(948.9,589.7) | position=(-4.73,8.44,0.00) | range=9.54 m
[INFO] [1790303430.895685356] [sage_target_localizer]: Person 3D | pixel=(948.9,589.7) | position=(-4.73,8.44,0.00) | range=9.54 m
[INFO] [1790303430.988643803] [sage_target_localizer]: Person 3D | pixel=(948.9,589.7) | position=(-4.73,8.44,0.00) | range=9.54 m
[INFO] [1790303431.089872356] [sage_target_localizer]: Person 3D | pixel=(948.9,589.7) | position=(-4.73,8.44,0.00) | range=9.54 m
[INFO] [1790303431.186825995] [sage_target_localizer]: Person 3D | pixel=(948.9,589.7) | position=(-4.73,8.44,0.00) | range=9.54 m
[INFO] [1790303431.289770511] [sage_target_localizer]: Person 3D | pixel=(948.9,589.7) | position=(-4.73,8.44,0.00) | range=9.54 m
[INFO] [1790303431.396997880] [sage_target_localizer]: Person 3D | pixel=(948.9,589.7) | position=(-4.73,8.44,0.00) | range=9.54 m
[INFO] [1790303431.488858947] [sage_target_localizer]: Person 3D | pixel=(948.9,589.7) | position=(-4.73,8.44,0.00) | range=9.54 m
[INFO] [1790303431.586500905] [sage_target_localizer]: Person 3D | pixel=(953.0,589.1) | position=(-4.89,8.60,0.00) | range=9.76 m
[INFO] [1790303431.689059205] [sage_target_localizer]: Person 3D | pixel=(953.0,589.1) | position=(-4.89,8.60,0.00) | range=9.76 m
[INFO] [1790303431.786416224] [sage_target_localizer]: Person 3D | pixel=(953.0,589.1) | position=(-4.89,8.60,0.00) | range=9.76 m
[INFO] [1790303431.886896186] [sage_target_localizer]: Person 3D | pixel=(953.0,589.1) | position=(-4.89,8.60,0.00) | range=9.76 m
[INFO] [1790303431.992989697] [sage_target_localizer]: Person 3D | pixel=(953.0,589.1) | position=(-4.89,8.60,0.00) | range=9.76 m
[INFO] [1790303432.087441272] [sage_target_localizer]: Person 3D | pixel=(953.0,589.1) | position=(-4.89,8.60,0.00) | range=9.76 m
[INFO] [1790303432.192294840] [sage_target_localizer]: Person 3D | pixel=(953.0,589.1) | position=(-4.89,8.60,0.00) | range=9.76 m
[INFO] [1790303432.289836497] [sage_target_localizer]: Person 3D | pixel=(953.0,589.1) | position=(-4.89,8.60,0.00) | range=9.76 m
[INFO] [1790303432.393084502] [sage_target_localizer]: Person 3D | pixel=(953.0,589.1) | position=(-4.89,8.60,0.00) | range=9.76 m
[INFO] [1790303432.487379969] [sage_target_localizer]: Person 3D | pixel=(953.0,589.1) | position=(-4.89,8.60,0.00) | range=9.76 m
[INFO] [1790303432.589292280] [sage_target_localizer]: Person 3D | pixel=(680.3,707.4) | position=(-0.32,4.63,0.00) | range=4.50 m
[INFO] [1790303432.688382192] [sage_target_localizer]: Person 3D | pixel=(680.3,707.4) | position=(-0.32,4.63,0.00) | range=4.50 m
[INFO] [1790303432.788809846] [sage_target_localizer]: Person 3D | pixel=(680.3,707.4) | position=(-0.32,4.63,0.00) | range=4.50 m
[INFO] [1790303432.886732737] [sage_target_localizer]: Person 3D | pixel=(680.3,707.4) | position=(-0.32,4.63,0.00) | range=4.50 m
[INFO] [1790303432.986682007] [sage_target_localizer]: Person 3D | pixel=(680.3,707.4) | position=(-0.32,4.63,0.00) | range=4.50 m
[INFO] [1790303433.096679589] [sage_target_localizer]: Person 3D | pixel=(680.3,707.4) | position=(-0.32,4.63,0.00) | range=4.50 m
[INFO] [1790303433.188282188] [sage_target_localizer]: Person 3D | pixel=(680.3,707.4) | position=(-0.32,4.63,0.00) | range=4.50 m
[INFO] [1790303433.287595677] [sage_target_localizer]: Person 3D | pixel=(680.3,707.4) | position=(-0.32,4.63,0.00) | range=4.50 m
[INFO] [1790303433.386209067] [sage_target_localizer]: Person 3D | pixel=(680.3,707.4) | position=(-0.32,4.63,0.00) | range=4.50 m
[INFO] [1790303433.491034634] [sage_target_localizer]: Person 3D | pixel=(680.3,707.4) | position=(-0.32,4.63,0.00) | range=4.50 m
[INFO] [1790303433.590158851] [sage_target_localizer]: Person 3D | pixel=(680.3,707.4) | position=(-0.32,4.63,0.00) | range=4.50 m
[INFO] [1790303433.687723957] [sage_target_localizer]: Person 3D | pixel=(680.3,707.4) | position=(-0.32,4.63,0.00) | range=4.50 m
[INFO] [1790303433.787111262] [sage_target_localizer]: Person 3D | pixel=(680.3,707.4) | position=(-0.32,4.63,0.00) | range=4.50 m
[INFO] [1790303433.889582737] [sage_target_localizer]: Person 3D | pixel=(680.3,707.4) | position=(-0.32,4.63,0.00) | range=4.50 m
[INFO] [1790303433.988796813] [sage_target_localizer]: Person 3D | pixel=(680.3,707.4) | position=(-0.32,4.63,0.00) | range=4.50 m
[INFO] [1790303434.087731690] [sage_target_localizer]: Person 3D | pixel=(680.3,707.4) | position=(-0.32,4.63,0.00) | range=4.50 m
[INFO] [1790303434.188671934] [sage_target_localizer]: Person 3D | pixel=(680.3,707.4) | position=(-0.32,4.63,0.00) | range=4.50 m
[INFO] [1790303434.295147186] [sage_target_localizer]: Person 3D | pixel=(985.2,608.7) | position=(-4.64,7.42,0.00) | range=8.61 m
[INFO] [1790303434.386928175] [sage_target_localizer]: Person 3D | pixel=(985.2,608.7) | position=(-4.64,7.42,0.00) | range=8.61 m
[INFO] [1790303434.494691005] [sage_target_localizer]: Person 3D | pixel=(985.2,608.7) | position=(-4.64,7.42,0.00) | range=8.61 m
[INFO] [1790303434.587901393] [sage_target_localizer]: Person 3D | pixel=(985.2,608.7) | position=(-4.64,7.42,0.00) | range=8.61 m
[INFO] [1790303434.686189477] [sage_target_localizer]: Person 3D | pixel=(985.2,608.7) | position=(-4.64,7.42,0.00) | range=8.61 m
[INFO] [1790303434.786606833] [sage_target_localizer]: Person 3D | pixel=(985.2,608.7) | position=(-4.64,7.42,0.00) | range=8.61 m
[INFO] [1790303434.886443567] [sage_target_localizer]: Person 3D | pixel=(985.2,608.7) | position=(-4.64,7.42,0.00) | range=8.61 m
[INFO] [1790303434.987955031] [sage_target_localizer]: Person 3D | pixel=(985.2,608.7) | position=(-4.64,7.42,0.00) | range=8.61 m
[INFO] [1790303435.090088153] [sage_target_localizer]: Person 3D | pixel=(985.2,608.7) | position=(-4.64,7.42,0.00) | range=8.61 m
[INFO] [1790303435.196369818] [sage_target_localizer]: Person 3D | pixel=(985.2,608.7) | position=(-4.64,7.42,0.00) | range=8.61 m
[INFO] [1790303435.289105105] [sage_target_localizer]: Person 3D | pixel=(688.9,706.3) | position=(-0.35,4.58,0.00) | range=4.46 m
[INFO] [1790303435.386346110] [sage_target_localizer]: Person 3D | pixel=(688.9,706.3) | position=(-0.35,4.58,0.00) | range=4.46 m
[INFO] [1790303435.488599569] [sage_target_localizer]: Person 3D | pixel=(688.6,707.0) | position=(-0.35,4.56,0.00) | range=4.45 m
[INFO] [1790303435.587438553] [sage_target_localizer]: Person 3D | pixel=(688.6,707.0) | position=(-0.35,4.56,0.00) | range=4.45 m
[INFO] [1790303435.688980803] [sage_target_localizer]: Person 3D | pixel=(1044.5,622.9) | position=(-4.23,5.80,0.00) | range=7.04 m
[INFO] [1790303435.788991556] [sage_target_localizer]: Person 3D | pixel=(1044.5,622.9) | position=(-4.23,5.80,0.00) | range=7.04 m
[INFO] [1790303435.888821550] [sage_target_localizer]: Person 3D | pixel=(1044.5,622.9) | position=(-4.23,5.80,0.00) | range=7.04 m
[INFO] [1790303435.987860607] [sage_target_localizer]: Person 3D | pixel=(1050.9,628.2) | position=(-4.69,6.32,0.00) | range=7.76 m
[INFO] [1790303436.086817997] [sage_target_localizer]: Person 3D | pixel=(1050.9,628.2) | position=(-4.69,6.32,0.00) | range=7.76 m
[INFO] [1790303436.189844988] [sage_target_localizer]: Person 3D | pixel=(1059.9,630.7) | position=(-4.70,6.20,0.00) | range=7.68 m
[INFO] [1790303436.288968022] [sage_target_localizer]: Person 3D | pixel=(1059.9,630.7) | position=(-4.70,6.20,0.00) | range=7.68 m
[INFO] [1790303436.390486913] [sage_target_localizer]: Person 3D | pixel=(1059.9,630.7) | position=(-4.70,6.20,0.00) | range=7.68 m
[INFO] [1790303436.768271622] [sage_target_localizer]: Person 3D | pixel=(680.3,701.7) | position=(-0.29,4.69,0.00) | range=4.59 m
[INFO] [1790303436.769667698] [sage_target_localizer]: Person 3D | pixel=(680.3,701.7) | position=(-0.29,4.69,0.00) | range=4.59 m
[INFO] [1790303436.804155501] [sage_target_localizer]: Person 3D | pixel=(1070.8,639.0) | position=(-4.60,5.93,0.00) | range=7.41 m
[INFO] [1790303436.888421751] [sage_target_localizer]: Person 3D | pixel=(1070.8,639.0) | position=(-4.60,5.93,0.00) | range=7.41 m
[INFO] [1790303436.992256042] [sage_target_localizer]: Person 3D | pixel=(1079.3,645.6) | position=(-4.54,5.74,0.00) | range=7.22 m
[INFO] [1790303437.087626703] [sage_target_localizer]: Person 3D | pixel=(1079.3,645.6) | position=(-4.54,5.74,0.00) | range=7.22 m
[INFO] [1790303437.189419021] [sage_target_localizer]: Person 3D | pixel=(1086.7,652.1) | position=(-4.50,5.59,0.00) | range=7.08 m
[INFO] [1790303437.289455179] [sage_target_localizer]: Person 3D | pixel=(1086.7,652.1) | position=(-4.50,5.59,0.00) | range=7.08 m
[INFO] [1790303437.390794394] [sage_target_localizer]: Person 3D | pixel=(1086.7,652.1) | position=(-4.50,5.59,0.00) | range=7.08 m
[INFO] [1790303437.486541720] [sage_target_localizer]: Person 3D | pixel=(679.5,703.4) | position=(-0.29,4.72,0.00) | range=4.61 m
[INFO] [1790303437.588749173] [sage_target_localizer]: Person 3D | pixel=(679.5,703.4) | position=(-0.29,4.72,0.00) | range=4.61 m
[INFO] [1790303437.689418803] [sage_target_localizer]: Person 3D | pixel=(679.5,703.4) | position=(-0.29,4.72,0.00) | range=4.61 m
[INFO] [1790303437.786943922] [sage_target_localizer]: Person 3D | pixel=(679.5,703.4) | position=(-0.29,4.72,0.00) | range=4.61 m
[INFO] [1790303437.890235889] [sage_target_localizer]: Person 3D | pixel=(679.5,703.4) | position=(-0.29,4.72,0.00) | range=4.61 m
[INFO] [1790303437.987661491] [sage_target_localizer]: Person 3D | pixel=(679.5,703.4) | position=(-0.29,4.72,0.00) | range=4.61 m
[INFO] [1790303438.098110673] [sage_target_localizer]: Person 3D | pixel=(679.5,703.4) | position=(-0.29,4.72,0.00) | range=4.61 m
[INFO] [1790303438.186669737] [sage_target_localizer]: Person 3D | pixel=(679.5,703.4) | position=(-0.29,4.72,0.00) | range=4.61 m
[INFO] [1790303438.287638815] [sage_target_localizer]: Person 3D | pixel=(679.5,703.4) | position=(-0.29,4.72,0.00) | range=4.61 m
[INFO] [1790303438.400774744] [sage_target_localizer]: Person 3D | pixel=(679.5,703.4) | position=(-0.29,4.72,0.00) | range=4.61 m
[INFO] [1790303438.492746927] [sage_target_localizer]: Person 3D | pixel=(679.5,703.4) | position=(-0.29,4.72,0.00) | range=4.61 m
[INFO] [1790303438.589944293] [sage_target_localizer]: Person 3D | pixel=(679.5,703.4) | position=(-0.29,4.72,0.00) | range=4.61 m
[INFO] [1790303438.688193400] [sage_target_localizer]: Person 3D | pixel=(679.5,703.4) | position=(-0.29,4.72,0.00) | range=4.61 m
[INFO] [1790303438.790033314] [sage_target_localizer]: Person 3D | pixel=(1145.8,670.9) | position=(-4.59,5.05,0.00) | range=6.72 m
[INFO] [1790303438.893800249] [sage_target_localizer]: Person 3D | pixel=(1145.8,670.9) | position=(-4.59,5.05,0.00) | range=6.72 m
[INFO] [1790303438.989738886] [sage_target_localizer]: Person 3D | pixel=(1145.8,670.9) | position=(-4.59,5.05,0.00) | range=6.72 m
[INFO] [1790303439.100630411] [sage_target_localizer]: Person 3D | pixel=(1155.1,670.3) | position=(-4.68,5.06,0.00) | range=6.79 m
[INFO] [1790303439.195346120] [sage_target_localizer]: Person 3D | pixel=(1155.1,670.3) | position=(-4.68,5.06,0.00) | range=6.79 m
[INFO] [1790303439.289007483] [sage_target_localizer]: Person 3D | pixel=(680.1,702.4) | position=(-0.29,4.72,0.00) | range=4.62 m
[INFO] [1790303439.386210120] [sage_target_localizer]: Person 3D | pixel=(680.1,702.4) | position=(-0.29,4.72,0.00) | range=4.62 m
[INFO] [1790303439.491615725] [sage_target_localizer]: Person 3D | pixel=(680.1,702.4) | position=(-0.29,4.72,0.00) | range=4.62 m
[INFO] [1790303439.592526118] [sage_target_localizer]: Person 3D | pixel=(680.1,702.4) | position=(-0.29,4.72,0.00) | range=4.62 m
[INFO] [1790303439.691198798] [sage_target_localizer]: Person 3D | pixel=(1175.4,682.5) | position=(-4.54,4.73,0.00) | range=6.46 m
[INFO] [1790303439.788590626] [sage_target_localizer]: Person 3D | pixel=(1175.4,682.5) | position=(-4.54,4.73,0.00) | range=6.46 m
[INFO] [1790303439.894680882] [sage_target_localizer]: Person 3D | pixel=(1175.4,682.5) | position=(-4.54,4.73,0.00) | range=6.46 m
[INFO] [1790303439.990561450] [sage_target_localizer]: Person 3D | pixel=(1188.1,691.8) | position=(-4.44,4.53,0.00) | range=6.26 m
[INFO] [1790303440.087140540] [sage_target_localizer]: Person 3D | pixel=(1188.1,691.8) | position=(-4.44,4.53,0.00) | range=6.26 m
[INFO] [1790303440.187248434] [sage_target_localizer]: Person 3D | pixel=(1188.1,691.8) | position=(-4.44,4.53,0.00) | range=6.26 m
[INFO] [1790303440.287501671] [sage_target_localizer]: Person 3D | pixel=(1196.3,700.4) | position=(-4.34,4.36,0.00) | range=6.07 m
[INFO] [1790303440.388018509] [sage_target_localizer]: Person 3D | pixel=(1196.3,700.4) | position=(-4.34,4.36,0.00) | range=6.07 m
[INFO] [1790303440.495064348] [sage_target_localizer]: Person 3D | pixel=(690.3,710.2) | position=(-0.35,4.55,0.00) | range=4.45 m
[INFO] [1790303440.587163274] [sage_target_localizer]: Person 3D | pixel=(690.3,710.2) | position=(-0.35,4.55,0.00) | range=4.45 m
[INFO] [1790303440.694192580] [sage_target_localizer]: Person 3D | pixel=(690.3,710.2) | position=(-0.35,4.55,0.00) | range=4.45 m
[INFO] [1790303440.786853921] [sage_target_localizer]: Person 3D | pixel=(690.3,710.2) | position=(-0.35,4.55,0.00) | range=4.45 m
[INFO] [1790303440.886266576] [sage_target_localizer]: Person 3D | pixel=(1227.8,716.4) | position=(-4.31,4.12,0.00) | range=5.87 m
[INFO] [1790303440.998755439] [sage_target_localizer]: Person 3D | pixel=(1227.8,716.4) | position=(-4.31,4.12,0.00) | range=5.87 m
[INFO] [1790303441.092051303] [sage_target_localizer]: Person 3D | pixel=(1231.9,721.5) | position=(-4.30,4.07,0.00) | range=5.83 m
[INFO] [1790303441.195657791] [sage_target_localizer]: Person 3D | pixel=(1231.9,721.5) | position=(-4.30,4.07,0.00) | range=5.83 m
[INFO] [1790303441.294189178] [sage_target_localizer]: Person 3D | pixel=(1233.3,725.7) | position=(-4.27,4.02,0.00) | range=5.77 m
[INFO] [1790303441.386812430] [sage_target_localizer]: Person 3D | pixel=(1233.3,725.7) | position=(-4.27,4.02,0.00) | range=5.77 m
[INFO] [1790303441.487255039] [sage_target_localizer]: Person 3D | pixel=(1233.1,728.6) | position=(-4.24,3.99,0.00) | range=5.73 m
[INFO] [1790303441.588582753] [sage_target_localizer]: Person 3D | pixel=(1233.1,728.6) | position=(-4.24,3.99,0.00) | range=5.73 m
[INFO] [1790303441.692010565] [sage_target_localizer]: Person 3D | pixel=(1239.2,729.5) | position=(-4.27,3.97,0.00) | range=5.73 m
[INFO] [1790303441.787535318] [sage_target_localizer]: Person 3D | pixel=(1239.2,729.5) | position=(-4.27,3.97,0.00) | range=5.73 m
[INFO] [1790303441.894192597] [sage_target_localizer]: Person 3D | pixel=(1239.2,729.5) | position=(-4.27,3.97,0.00) | range=5.73 m
[INFO] [1790303441.994314859] [sage_target_localizer]: Person 3D | pixel=(689.3,709.9) | position=(-0.37,4.46,0.00) | range=4.37 m
[INFO] [1790303442.086782261] [sage_target_localizer]: Person 3D | pixel=(689.3,709.9) | position=(-0.37,4.46,0.00) | range=4.37 m
[INFO] [1790303442.189653370] [sage_target_localizer]: Person 3D | pixel=(689.3,709.9) | position=(-0.37,4.46,0.00) | range=4.37 m
[INFO] [1790303442.296044444] [sage_target_localizer]: Person 3D | pixel=(686.7,711.6) | position=(-0.36,4.54,0.00) | range=4.45 m
[INFO] [1790303442.388181626] [sage_target_localizer]: Person 3D | pixel=(686.7,711.6) | position=(-0.36,4.54,0.00) | range=4.45 m
[INFO] [1790303442.488352202] [sage_target_localizer]: Person 3D | pixel=(686.7,711.6) | position=(-0.36,4.54,0.00) | range=4.45 m
[INFO] [1790303442.587429983] [sage_target_localizer]: Person 3D | pixel=(685.9,713.5) | position=(-0.35,4.50,0.00) | range=4.42 m
[INFO] [1790303442.686778645] [sage_target_localizer]: Person 3D | pixel=(685.9,713.5) | position=(-0.35,4.50,0.00) | range=4.42 m
[INFO] [1790303442.790956453] [sage_target_localizer]: Person 3D | pixel=(686.5,715.1) | position=(-0.35,4.49,0.00) | range=4.40 m
[INFO] [1790303442.887638080] [sage_target_localizer]: Person 3D | pixel=(686.5,715.1) | position=(-0.35,4.49,0.00) | range=4.40 m
[INFO] [1790303442.988362148] [sage_target_localizer]: Person 3D | pixel=(686.5,715.1) | position=(-0.35,4.49,0.00) | range=4.40 m
[INFO] [1790303443.086573309] [sage_target_localizer]: Person 3D | pixel=(686.5,715.1) | position=(-0.35,4.49,0.00) | range=4.40 m
[INFO] [1790303443.187714923] [sage_target_localizer]: Person 3D | pixel=(688.7,714.8) | position=(-0.38,4.50,0.00) | range=4.41 m
[INFO] [1790303443.288310171] [sage_target_localizer]: Person 3D | pixel=(688.7,714.8) | position=(-0.38,4.50,0.00) | range=4.41 m
[INFO] [1790303443.391517451] [sage_target_localizer]: Person 3D | pixel=(688.7,714.8) | position=(-0.38,4.50,0.00) | range=4.41 m
[INFO] [1790303443.489367105] [sage_target_localizer]: Person 3D | pixel=(687.1,719.0) | position=(-0.38,4.46,0.00) | range=4.36 m
[INFO] [1790303443.591469620] [sage_target_localizer]: Person 3D | pixel=(687.1,719.0) | position=(-0.38,4.46,0.00) | range=4.36 m
[INFO] [1790303443.697754122] [sage_target_localizer]: Person 3D | pixel=(1249.1,730.3) | position=(-4.42,4.00,0.00) | range=5.84 m
[INFO] [1790303443.787819254] [sage_target_localizer]: Person 3D | pixel=(1249.1,730.3) | position=(-4.42,4.00,0.00) | range=5.84 m
[INFO] [1790303443.889803647] [sage_target_localizer]: Person 3D | pixel=(1249.1,730.3) | position=(-4.42,4.00,0.00) | range=5.84 m
[INFO] [1790303443.994612718] [sage_target_localizer]: Person 3D | pixel=(1249.1,730.3) | position=(-4.42,4.00,0.00) | range=5.84 m
[INFO] [1790303444.091338797] [sage_target_localizer]: Person 3D | pixel=(684.4,722.5) | position=(-0.32,4.00,0.00) | range=3.90 m
[INFO] [1790303444.188413073] [sage_target_localizer]: Person 3D | pixel=(684.4,722.5) | position=(-0.32,4.00,0.00) | range=3.90 m
[INFO] [1790303444.287567067] [sage_target_localizer]: Person 3D | pixel=(684.4,722.5) | position=(-0.32,4.00,0.00) | range=3.90 m
[INFO] [1790303444.387683291] [sage_target_localizer]: Person 3D | pixel=(687.6,726.0) | position=(-0.39,4.42,0.00) | range=4.31 m
[INFO] [1790303444.490165960] [sage_target_localizer]: Person 3D | pixel=(687.6,726.0) | position=(-0.39,4.42,0.00) | range=4.31 m
[INFO] [1790303444.587116524] [sage_target_localizer]: Person 3D | pixel=(687.6,726.0) | position=(-0.39,4.42,0.00) | range=4.31 m
[INFO] [1790303444.694882913] [sage_target_localizer]: Person 3D | pixel=(687.6,726.0) | position=(-0.39,4.42,0.00) | range=4.31 m
[INFO] [1790303444.786587218] [sage_target_localizer]: Person 3D | pixel=(689.0,727.3) | position=(-0.40,4.42,0.00) | range=4.30 m
[INFO] [1790303444.887151478] [sage_target_localizer]: Person 3D | pixel=(689.0,727.3) | position=(-0.40,4.42,0.00) | range=4.30 m
[INFO] [1790303444.988160457] [sage_target_localizer]: Person 3D | pixel=(1234.2,731.4) | position=(-4.35,4.08,0.00) | range=5.82 m
[INFO] [1790303445.091661639] [sage_target_localizer]: Person 3D | pixel=(1234.2,731.4) | position=(-4.35,4.08,0.00) | range=5.82 m
[INFO] [1790303445.193135734] [sage_target_localizer]: Person 3D | pixel=(691.8,728.9) | position=(-0.40,4.40,0.00) | range=4.28 m
[INFO] [1790303445.287380778] [sage_target_localizer]: Person 3D | pixel=(691.8,728.9) | position=(-0.40,4.40,0.00) | range=4.28 m
[INFO] [1790303445.386799777] [sage_target_localizer]: Person 3D | pixel=(691.8,728.9) | position=(-0.40,4.40,0.00) | range=4.28 m
[INFO] [1790303445.486688983] [sage_target_localizer]: Person 3D | pixel=(692.8,729.7) | position=(-0.40,4.38,0.00) | range=4.26 m
[INFO] [1790303445.595552760] [sage_target_localizer]: Person 3D | pixel=(692.8,729.7) | position=(-0.40,4.38,0.00) | range=4.26 m
[INFO] [1790303445.694972857] [sage_target_localizer]: Person 3D | pixel=(692.8,729.7) | position=(-0.40,4.38,0.00) | range=4.26 m
[INFO] [1790303445.786565940] [sage_target_localizer]: Person 3D | pixel=(672.7,696.9) | position=(-0.33,4.43,0.00) | range=4.30 m
[INFO] [1790303445.887230198] [sage_target_localizer]: Person 3D | pixel=(672.7,696.9) | position=(-0.33,4.43,0.00) | range=4.30 m
[INFO] [1790303445.997209243] [sage_target_localizer]: Person 3D | pixel=(672.7,696.9) | position=(-0.33,4.43,0.00) | range=4.30 m
[INFO] [1790303446.089536861] [sage_target_localizer]: Person 3D | pixel=(672.7,696.9) | position=(-0.33,4.43,0.00) | range=4.30 m
[WARN] [1790303446.192034934] [sage_target_localizer]: 3D localization skipped: UAV tilt 9.9 deg > 8.0
[INFO] [1790303447.590046319] [sage_target_localizer]: Person 3D | pixel=(129.8,694.2) | position=(-4.74,5.23,0.00) | range=6.68 m
[INFO] [1790303447.689446120] [sage_target_localizer]: Person 3D | pixel=(129.8,694.2) | position=(-4.74,5.23,0.00) | range=6.68 m
[INFO] [1790303447.788019035] [sage_target_localizer]: Person 3D | pixel=(275.3,644.8) | position=(-4.35,5.63,0.00) | range=6.62 m
[INFO] [1790303447.894918238] [sage_target_localizer]: Person 3D | pixel=(275.3,644.8) | position=(-4.35,5.63,0.00) | range=6.62 m
[INFO] [1790303447.993740613] [sage_target_localizer]: Person 3D | pixel=(275.3,644.8) | position=(-4.35,5.63,0.00) | range=6.62 m
[INFO] [1790303448.095906355] [sage_target_localizer]: Person 3D | pixel=(275.3,644.8) | position=(-4.35,5.63,0.00) | range=6.62 m
[INFO] [1790303448.196591720] [sage_target_localizer]: Person 3D | pixel=(379.2,623.5) | position=(-3.97,5.62,0.00) | range=6.33 m
[INFO] [1790303448.287666892] [sage_target_localizer]: Person 3D | pixel=(379.2,623.5) | position=(-3.97,5.62,0.00) | range=6.33 m
[INFO] [1790303449.490335083] [sage_target_localizer]: Person 3D | pixel=(408.3,852.2) | position=(0.07,4.98,0.00) | range=2.73 m
[INFO] [1790303449.590768146] [sage_target_localizer]: Person 3D | pixel=(408.3,852.2) | position=(0.07,4.98,0.00) | range=2.73 m
[INFO] [1790303449.695255053] [sage_target_localizer]: Person 3D | pixel=(408.3,852.2) | position=(0.07,4.98,0.00) | range=2.73 m
[INFO] [1790303449.792543738] [sage_target_localizer]: Person 3D | pixel=(430.3,848.8) | position=(0.05,4.90,0.00) | range=2.71 m
[INFO] [1790303449.887315239] [sage_target_localizer]: Person 3D | pixel=(430.3,848.8) | position=(0.05,4.90,0.00) | range=2.71 m
[INFO] [1790303449.990581056] [sage_target_localizer]: Person 3D | pixel=(430.3,848.8) | position=(0.05,4.90,0.00) | range=2.71 m
[INFO] [1790303450.090386207] [sage_target_localizer]: Person 3D | pixel=(463.7,850.1) | position=(0.04,4.85,0.00) | range=2.68 m
[INFO] [1790303450.187079682] [sage_target_localizer]: Person 3D | pixel=(463.7,850.1) | position=(0.04,4.85,0.00) | range=2.68 m
[INFO] [1790303450.288532531] [sage_target_localizer]: Person 3D | pixel=(463.7,850.1) | position=(0.04,4.85,0.00) | range=2.68 m
[INFO] [1790303450.889661154] [sage_target_localizer]: Person 3D | pixel=(239.8,845.7) | position=(-0.24,4.93,0.00) | range=2.87 m
[INFO] [1790303450.990488822] [sage_target_localizer]: Person 3D | pixel=(239.8,845.7) | position=(-0.24,4.93,0.00) | range=2.87 m
[INFO] [1790303451.092676110] [sage_target_localizer]: Person 3D | pixel=(239.8,845.7) | position=(-0.24,4.93,0.00) | range=2.87 m
[INFO] [1790303451.187297539] [sage_target_localizer]: Person 3D | pixel=(239.8,845.7) | position=(-0.24,4.93,0.00) | range=2.87 m
[WARN] [1790303451.289662319] [sage_target_localizer]: 3D localization skipped: UAV tilt 15.7 deg > 8.0
[INFO] [1790303452.300940491] [sage_target_localizer]: Person 3D | pixel=(762.3,926.2) | position=(-0.89,4.64,0.00) | range=1.90 m
[INFO] [1790303452.391972284] [sage_target_localizer]: Person 3D | pixel=(762.3,926.2) | position=(-0.89,4.64,0.00) | range=1.90 m
[INFO] [1790303452.488147667] [sage_target_localizer]: Person 3D | pixel=(458.7,671.5) | position=(-4.71,8.03,0.00) | range=6.13 m
[INFO] [1790303452.587801593] [sage_target_localizer]: Person 3D | pixel=(458.7,671.5) | position=(-4.71,8.03,0.00) | range=6.13 m
[INFO] [1790303452.688840519] [sage_target_localizer]: Person 3D | pixel=(458.7,671.5) | position=(-4.71,8.03,0.00) | range=6.13 m
[INFO] [1790303452.790835565] [sage_target_localizer]: Person 3D | pixel=(426.0,717.1) | position=(-4.95,8.35,0.00) | range=6.11 m
[INFO] [1790303452.892446985] [sage_target_localizer]: Person 3D | pixel=(426.0,717.1) | position=(-4.95,8.35,0.00) | range=6.11 m
[INFO] [1790303454.289986562] [sage_target_localizer]: Person 3D | pixel=(149.4,840.5) | position=(-5.71,9.48,0.00) | range=5.73 m
[INFO] [1790303454.386470471] [sage_target_localizer]: Person 3D | pixel=(149.4,840.5) | position=(-5.71,9.48,0.00) | range=5.73 m
[INFO] [1790303454.499573320] [sage_target_localizer]: Person 3D | pixel=(149.4,840.5) | position=(-5.71,9.48,0.00) | range=5.73 m
[INFO] [1790303454.589788521] [sage_target_localizer]: Person 3D | pixel=(308.0,754.1) | position=(-5.83,9.49,0.00) | range=5.72 m
[INFO] [1790303454.691104818] [sage_target_localizer]: Person 3D | pixel=(308.0,754.1) | position=(-5.83,9.49,0.00) | range=5.72 m
[INFO] [1790303455.597258164] [sage_target_localizer]: Person 3D | pixel=(1113.4,743.0) | position=(-5.45,9.83,0.00) | range=5.49 m
[INFO] [1790303455.686329862] [sage_target_localizer]: Person 3D | pixel=(1113.4,743.0) | position=(-5.45,9.83,0.00) | range=5.49 m
[INFO] [1790303455.787335516] [sage_target_localizer]: Person 3D | pixel=(1113.4,743.0) | position=(-5.45,9.83,0.00) | range=5.49 m
[INFO] [1790303455.887181498] [sage_target_localizer]: Person 3D | pixel=(1111.4,725.1) | position=(-5.13,10.33,0.00) | range=5.77 m
[INFO] [1790303455.986576209] [sage_target_localizer]: Person 3D | pixel=(1111.4,725.1) | position=(-5.13,10.33,0.00) | range=5.77 m
[INFO] [1790303456.087355303] [sage_target_localizer]: Person 3D | pixel=(1029.0,694.5) | position=(-5.29,10.36,0.00) | range=5.98 m
[INFO] [1790303456.189599973] [sage_target_localizer]: Person 3D | pixel=(1029.0,694.5) | position=(-5.29,10.36,0.00) | range=5.98 m
[INFO] [1790303456.288270715] [sage_target_localizer]: Person 3D | pixel=(1029.0,694.5) | position=(-5.29,10.36,0.00) | range=5.98 m
[INFO] [1790303456.388616276] [sage_target_localizer]: Person 3D | pixel=(1029.0,694.5) | position=(-5.29,10.36,0.00) | range=5.98 m
[INFO] [1790303456.492332293] [sage_target_localizer]: Person 3D | pixel=(910.7,661.8) | position=(-5.43,10.39,0.00) | range=6.15 m
[INFO] [1790303456.590645931] [sage_target_localizer]: Person 3D | pixel=(910.7,661.8) | position=(-5.43,10.39,0.00) | range=6.15 m
[INFO] [1790303456.690721743] [sage_target_localizer]: Person 3D | pixel=(910.7,661.8) | position=(-5.43,10.39,0.00) | range=6.15 m
[INFO] [1790303456.788246929] [sage_target_localizer]: Person 3D | pixel=(910.7,661.8) | position=(-5.43,10.39,0.00) | range=6.15 m
[INFO] [1790303456.888645110] [sage_target_localizer]: Person 3D | pixel=(910.7,661.8) | position=(-5.43,10.39,0.00) | range=6.15 m
[WARN] [1790303456.993261797] [sage_target_localizer]: 3D localization skipped: UAV tilt 8.3 deg > 8.0
[INFO] [1790303459.289444142] [sage_target_localizer]: Person 3D | pixel=(156.7,749.9) | position=(-8.67,8.54,0.00) | range=5.46 m
[INFO] [1790303459.391879898] [sage_target_localizer]: Person 3D | pixel=(156.7,749.9) | position=(-8.67,8.54,0.00) | range=5.46 m
[INFO] [1790303459.494248219] [sage_target_localizer]: Person 3D | pixel=(303.0,708.7) | position=(-8.90,8.52,0.00) | range=5.63 m
[INFO] [1790303459.587640728] [sage_target_localizer]: Person 3D | pixel=(303.0,708.7) | position=(-8.90,8.52,0.00) | range=5.63 m
[INFO] [1790303459.689537969] [sage_target_localizer]: Person 3D | pixel=(405.3,690.3) | position=(-8.81,8.56,0.00) | range=5.55 m
[INFO] [1790303459.790055970] [sage_target_localizer]: Person 3D | pixel=(405.3,690.3) | position=(-8.81,8.56,0.00) | range=5.55 m
[INFO] [1790303459.886722933] [sage_target_localizer]: Person 3D | pixel=(405.3,690.3) | position=(-8.81,8.56,0.00) | range=5.55 m
[INFO] [1790303459.992851338] [sage_target_localizer]: Person 3D | pixel=(405.3,690.3) | position=(-8.81,8.56,0.00) | range=5.55 m
[INFO] [1790303460.087424339] [sage_target_localizer]: Person 3D | pixel=(405.3,690.3) | position=(-8.81,8.56,0.00) | range=5.55 m
[INFO] [1790303460.186953461] [sage_target_localizer]: Person 3D | pixel=(405.3,690.3) | position=(-8.81,8.56,0.00) | range=5.55 m
[INFO] [1790303460.287153030] [sage_target_localizer]: Person 3D | pixel=(405.3,690.3) | position=(-8.81,8.56,0.00) | range=5.55 m
[INFO] [1790303460.396880056] [sage_target_localizer]: Person 3D | pixel=(405.3,690.3) | position=(-8.81,8.56,0.00) | range=5.55 m
[INFO] [1790303460.487498670] [sage_target_localizer]: Person 3D | pixel=(405.3,690.3) | position=(-8.81,8.56,0.00) | range=5.55 m
[INFO] [1790303460.587687594] [sage_target_localizer]: Person 3D | pixel=(96.2,928.5) | position=(-5.10,10.84,0.00) | range=3.45 m
[INFO] [1790303460.691316989] [sage_target_localizer]: Person 3D | pixel=(96.2,928.5) | position=(-5.10,10.84,0.00) | range=3.45 m
[INFO] [1790303460.794602788] [sage_target_localizer]: Person 3D | pixel=(96.2,928.5) | position=(-5.10,10.84,0.00) | range=3.45 m
[INFO] [1790303460.891252841] [sage_target_localizer]: Person 3D | pixel=(96.2,928.5) | position=(-5.10,10.84,0.00) | range=3.45 m
[INFO] [1790303460.997147557] [sage_target_localizer]: Person 3D | pixel=(96.2,928.5) | position=(-5.10,10.84,0.00) | range=3.45 m
[INFO] [1790303461.089451480] [sage_target_localizer]: Person 3D | pixel=(96.2,928.5) | position=(-5.10,10.84,0.00) | range=3.45 m
[INFO] [1790303461.187314802] [sage_target_localizer]: Person 3D | pixel=(96.2,928.5) | position=(-5.10,10.84,0.00) | range=3.45 m
[INFO] [1790303461.292378652] [sage_target_localizer]: Person 3D | pixel=(392.6,927.0) | position=(-4.93,10.55,0.00) | range=2.70 m
[INFO] [1790303461.391735439] [sage_target_localizer]: Person 3D | pixel=(392.6,927.0) | position=(-4.93,10.55,0.00) | range=2.70 m
[INFO] [1790303461.489392456] [sage_target_localizer]: Person 3D | pixel=(392.6,927.0) | position=(-4.93,10.55,0.00) | range=2.70 m
[WARN] [1790303462.089580925] [sage_target_localizer]: 3D localization skipped: UAV tilt 21.7 deg > 8.0
[INFO] [1790303462.989210759] [sage_target_localizer]: Person 3D | pixel=(431.3,935.8) | position=(-5.90,10.14,0.00) | range=2.28 m
[INFO] [1790303463.086260725] [sage_target_localizer]: Person 3D | pixel=(431.3,935.8) | position=(-5.90,10.14,0.00) | range=2.28 m
[INFO] [1790303463.188422697] [sage_target_localizer]: Person 3D | pixel=(431.3,935.8) | position=(-5.90,10.14,0.00) | range=2.28 m
[INFO] [1790303463.290690743] [sage_target_localizer]: Person 3D | pixel=(669.7,748.8) | position=(-8.06,8.90,0.00) | range=3.96 m
[INFO] [1790303463.392785718] [sage_target_localizer]: Person 3D | pixel=(669.7,748.8) | position=(-8.06,8.90,0.00) | range=3.96 m
[INFO] [1790303463.491273107] [sage_target_localizer]: Person 3D | pixel=(669.7,748.8) | position=(-8.06,8.90,0.00) | range=3.96 m
[INFO] [1790303463.588569394] [sage_target_localizer]: Person 3D | pixel=(669.7,748.8) | position=(-8.06,8.90,0.00) | range=3.96 m
[INFO] [1790303463.688722577] [sage_target_localizer]: Person 3D | pixel=(663.8,795.4) | position=(-8.60,8.79,0.00) | range=4.04 m
[INFO] [1790303463.787944349] [sage_target_localizer]: Person 3D | pixel=(663.8,795.4) | position=(-8.60,8.79,0.00) | range=4.04 m
[INFO] [1790303463.890059520] [sage_target_localizer]: Person 3D | pixel=(663.8,795.4) | position=(-8.60,8.79,0.00) | range=4.04 m
[INFO] [1790303463.989311346] [sage_target_localizer]: Person 3D | pixel=(663.8,795.4) | position=(-8.60,8.79,0.00) | range=4.04 m
[INFO] [1790303464.090190179] [sage_target_localizer]: Person 3D | pixel=(663.8,795.4) | position=(-8.60,8.79,0.00) | range=4.04 m
[INFO] [1790303464.190934500] [sage_target_localizer]: Person 3D | pixel=(663.8,795.4) | position=(-8.60,8.79,0.00) | range=4.04 m
[INFO] [1790303464.287227997] [sage_target_localizer]: Person 3D | pixel=(633.5,915.3) | position=(-8.55,8.72,0.00) | range=3.24 m
[INFO] [1790303464.388747887] [sage_target_localizer]: Person 3D | pixel=(633.5,915.3) | position=(-8.55,8.72,0.00) | range=3.24 m
[INFO] [1790303464.489782116] [sage_target_localizer]: Person 3D | pixel=(616.4,922.9) | position=(-8.77,8.69,0.00) | range=3.15 m
[INFO] [1790303464.593934349] [sage_target_localizer]: Person 3D | pixel=(616.4,922.9) | position=(-8.77,8.69,0.00) | range=3.15 m
[INFO] [1790303464.693019167] [sage_target_localizer]: Person 3D | pixel=(616.4,922.9) | position=(-8.77,8.69,0.00) | range=3.15 m
[INFO] [1790303464.790695567] [sage_target_localizer]: Person 3D | pixel=(609.4,926.0) | position=(-8.82,8.66,0.00) | range=3.04 m
[INFO] [1790303464.890736954] [sage_target_localizer]: Person 3D | pixel=(609.4,926.0) | position=(-8.82,8.66,0.00) | range=3.04 m
[INFO] [1790303464.990765939] [sage_target_localizer]: Person 3D | pixel=(688.7,893.4) | position=(-8.77,8.63,0.00) | range=2.86 m
[INFO] [1790303465.086819834] [sage_target_localizer]: Person 3D | pixel=(688.7,893.4) | position=(-8.77,8.63,0.00) | range=2.86 m
[INFO] [1790303465.188907593] [sage_target_localizer]: Person 3D | pixel=(799.7,840.3) | position=(-8.88,8.60,0.00) | range=2.89 m
[INFO] [1790303465.286616798] [sage_target_localizer]: Person 3D | pixel=(799.7,840.3) | position=(-8.88,8.60,0.00) | range=2.89 m
[INFO] [1790303467.390612789] [sage_target_localizer]: Person 3D | pixel=(1121.4,924.2) | position=(-9.58,9.01,0.00) | range=3.15 m
[INFO] [1790303467.488731380] [sage_target_localizer]: Person 3D | pixel=(1121.4,924.2) | position=(-9.58,9.01,0.00) | range=3.15 m
[INFO] [1790303467.593994858] [sage_target_localizer]: Person 3D | pixel=(1121.4,924.2) | position=(-9.58,9.01,0.00) | range=3.15 m
[INFO] [1790303467.687885626] [sage_target_localizer]: Person 3D | pixel=(971.7,917.6) | position=(-9.35,8.65,0.00) | range=2.76 m
[INFO] [1790303467.787180186] [sage_target_localizer]: Person 3D | pixel=(971.7,917.6) | position=(-9.35,8.65,0.00) | range=2.76 m
[INFO] [1790303467.889289070] [sage_target_localizer]: Person 3D | pixel=(971.7,917.6) | position=(-9.35,8.65,0.00) | range=2.76 m
[INFO] [1790303467.988481161] [sage_target_localizer]: Person 3D | pixel=(892.2,882.9) | position=(-9.33,8.64,0.00) | range=2.77 m
[INFO] [1790303468.088567653] [sage_target_localizer]: Person 3D | pixel=(892.2,882.9) | position=(-9.33,8.64,0.00) | range=2.77 m
[INFO] [1790303468.188604987] [sage_target_localizer]: Person 3D | pixel=(939.8,821.2) | position=(-9.59,8.77,0.00) | range=3.06 m
[INFO] [1790303468.293473550] [sage_target_localizer]: Person 3D | pixel=(939.8,821.2) | position=(-9.59,8.77,0.00) | range=3.06 m
[WARN] [1790303468.388578311] [sage_target_localizer]: 3D localization skipped: UAV tilt 9.6 deg > 8.0
[INFO] [1790303470.090566449] [sage_target_localizer]: Person 3D | pixel=(697.4,796.6) | position=(-5.11,6.54,0.00) | range=4.32 m
[INFO] [1790303470.189199780] [sage_target_localizer]: Person 3D | pixel=(697.4,796.6) | position=(-5.11,6.54,0.00) | range=4.32 m
[INFO] [1790303470.287107163] [sage_target_localizer]: Person 3D | pixel=(697.4,796.6) | position=(-5.11,6.54,0.00) | range=4.32 m
[INFO] [1790303470.390303505] [sage_target_localizer]: Person 3D | pixel=(596.7,713.6) | position=(-5.13,6.52,0.00) | range=4.84 m
[INFO] [1790303470.495658558] [sage_target_localizer]: Person 3D | pixel=(1227.7,943.7) | position=(-7.88,10.29,0.00) | range=3.50 m
[INFO] [1790303470.589879245] [sage_target_localizer]: Person 3D | pixel=(1227.7,943.7) | position=(-7.88,10.29,0.00) | range=3.50 m
[INFO] [1790303470.690616924] [sage_target_localizer]: Person 3D | pixel=(1227.7,943.7) | position=(-7.88,10.29,0.00) | range=3.50 m
[INFO] [1790303470.791643277] [sage_target_localizer]: Person 3D | pixel=(1129.3,934.2) | position=(-8.37,10.34,0.00) | range=3.25 m
[INFO] [1790303470.888795546] [sage_target_localizer]: Person 3D | pixel=(1129.3,934.2) | position=(-8.37,10.34,0.00) | range=3.25 m
[INFO] [1790303470.993495826] [sage_target_localizer]: Person 3D | pixel=(886.8,928.2) | position=(-8.87,9.68,0.00) | range=2.50 m
[INFO] [1790303471.087871505] [sage_target_localizer]: Person 3D | pixel=(886.8,928.2) | position=(-8.87,9.68,0.00) | range=2.50 m
[INFO] [1790303471.186379654] [sage_target_localizer]: Person 3D | pixel=(886.8,928.2) | position=(-8.87,9.68,0.00) | range=2.50 m
[INFO] [1790303471.288332942] [sage_target_localizer]: Person 3D | pixel=(886.8,928.2) | position=(-8.87,9.68,0.00) | range=2.50 m
[INFO] [1790303472.189424338] [sage_target_localizer]: Person 3D | pixel=(713.6,850.0) | position=(-9.34,9.28,0.00) | range=2.42 m
[INFO] [1790303472.287059975] [sage_target_localizer]: Person 3D | pixel=(713.6,850.0) | position=(-9.34,9.28,0.00) | range=2.42 m
[INFO] [1790303472.392657381] [sage_target_localizer]: Person 3D | pixel=(713.6,850.0) | position=(-9.34,9.28,0.00) | range=2.42 m
[INFO] [1790303474.489590334] [sage_target_localizer]: Person 3D | pixel=(1174.1,936.9) | position=(-8.21,8.20,0.00) | range=3.24 m
[INFO] [1790303474.587115865] [sage_target_localizer]: Person 3D | pixel=(1174.1,936.9) | position=(-8.21,8.20,0.00) | range=3.24 m
[INFO] [1790303474.688804757] [sage_target_localizer]: Person 3D | pixel=(1174.1,936.9) | position=(-8.21,8.20,0.00) | range=3.24 m
[WARN] [1790303474.796692371] [sage_target_localizer]: 3D localization skipped: UAV tilt 8.3 deg > 8.0
[INFO] [1790303475.492720507] [sage_target_localizer]: Person 3D | pixel=(772.7,907.7) | position=(-8.59,9.33,0.00) | range=2.35 m
[INFO] [1790303475.601483489] [sage_target_localizer]: Person 3D | pixel=(772.7,907.7) | position=(-8.59,9.33,0.00) | range=2.35 m
[INFO] [1790303475.700102110] [sage_target_localizer]: Person 3D | pixel=(776.4,901.3) | position=(-8.60,9.35,0.00) | range=2.37 m
[INFO] [1790303475.799862506] [sage_target_localizer]: Person 3D | pixel=(776.4,901.3) | position=(-8.60,9.35,0.00) | range=2.37 m
[INFO] [1790303475.887589437] [sage_target_localizer]: Person 3D | pixel=(776.4,901.3) | position=(-8.60,9.35,0.00) | range=2.37 m
[INFO] [1790303475.990468229] [sage_target_localizer]: Person 3D | pixel=(790.8,887.8) | position=(-8.60,9.33,0.00) | range=2.45 m
[INFO] [1790303476.086491123] [sage_target_localizer]: Person 3D | pixel=(790.8,887.8) | position=(-8.60,9.33,0.00) | range=2.45 m
[INFO] [1790303476.189971625] [sage_target_localizer]: Person 3D | pixel=(794.1,764.9) | position=(-8.41,8.51,0.00) | range=3.34 m
[INFO] [1790303476.296221706] [sage_target_localizer]: Person 3D | pixel=(794.1,764.9) | position=(-8.41,8.51,0.00) | range=3.34 m
[INFO] [1790303476.387572118] [sage_target_localizer]: Person 3D | pixel=(794.1,764.9) | position=(-8.41,8.51,0.00) | range=3.34 m
[INFO] [1790303477.686882029] [sage_target_localizer]: Person 3D | pixel=(430.7,944.9) | position=(-8.21,8.12,0.00) | range=2.32 m
[INFO] [1790303477.786524020] [sage_target_localizer]: Person 3D | pixel=(430.7,944.9) | position=(-8.21,8.12,0.00) | range=2.32 m
[INFO] [1790303477.887056496] [sage_target_localizer]: Person 3D | pixel=(430.7,944.9) | position=(-8.21,8.12,0.00) | range=2.32 m
[INFO] [1790303477.989675906] [sage_target_localizer]: Person 3D | pixel=(594.6,640.0) | position=(-5.26,6.22,0.00) | range=5.53 m
[INFO] [1790303478.086705470] [sage_target_localizer]: Person 3D | pixel=(594.6,640.0) | position=(-5.26,6.22,0.00) | range=5.53 m
[INFO] [1790303479.793149687] [sage_target_localizer]: Person 3D | pixel=(1049.4,873.0) | position=(-5.65,6.56,0.00) | range=2.85 m
[INFO] [1790303479.896429340] [sage_target_localizer]: Person 3D | pixel=(1049.4,873.0) | position=(-5.65,6.56,0.00) | range=2.85 m
[INFO] [1790303479.993280680] [sage_target_localizer]: Person 3D | pixel=(1049.4,873.0) | position=(-5.65,6.56,0.00) | range=2.85 m
[INFO] [1790303480.096825114] [sage_target_localizer]: Person 3D | pixel=(1153.8,923.4) | position=(-5.07,6.60,0.00) | range=2.94 m
[INFO] [1790303480.195074898] [sage_target_localizer]: Person 3D | pixel=(1153.8,923.4) | position=(-5.07,6.60,0.00) | range=2.94 m
[INFO] [1790303480.287776293] [sage_target_localizer]: Person 3D | pixel=(1153.8,923.4) | position=(-5.07,6.60,0.00) | range=2.94 m
[INFO] [1790303480.386971287] [sage_target_localizer]: Person 3D | pixel=(1002.4,635.7) | position=(-1.27,5.36,0.00) | range=6.40 m
[INFO] [1790303480.488767746] [sage_target_localizer]: Person 3D | pixel=(1002.4,635.7) | position=(-1.27,5.36,0.00) | range=6.40 m
[INFO] [1790303480.597392564] [sage_target_localizer]: Person 3D | pixel=(1002.4,635.7) | position=(-1.27,5.36,0.00) | range=6.40 m
[INFO] [1790303480.690944048] [sage_target_localizer]: Person 3D | pixel=(1002.4,635.7) | position=(-1.27,5.36,0.00) | range=6.40 m
[INFO] [1790303480.786413113] [sage_target_localizer]: Person 3D | pixel=(1002.4,635.7) | position=(-1.27,5.36,0.00) | range=6.40 m
[INFO] [1790303480.894515292] [sage_target_localizer]: Person 3D | pixel=(1002.4,635.7) | position=(-1.27,5.36,0.00) | range=6.40 m
[INFO] [1790303480.992085683] [sage_target_localizer]: Person 3D | pixel=(1061.0,685.1) | position=(-0.62,5.20,0.00) | range=6.07 m
[INFO] [1790303481.091361818] [sage_target_localizer]: Person 3D | pixel=(1061.0,685.1) | position=(-0.62,5.20,0.00) | range=6.07 m
[INFO] [1790303481.188695846] [sage_target_localizer]: Person 3D | pixel=(1061.0,685.1) | position=(-0.62,5.20,0.00) | range=6.07 m
[INFO] [1790303481.286316362] [sage_target_localizer]: Person 3D | pixel=(1122.2,696.0) | position=(-0.84,5.19,0.00) | range=5.27 m
[INFO] [1790303481.388769350] [sage_target_localizer]: Person 3D | pixel=(1122.2,696.0) | position=(-0.84,5.19,0.00) | range=5.27 m
[INFO] [1790303481.488675234] [sage_target_localizer]: Person 3D | pixel=(1188.2,746.0) | position=(-0.64,5.17,0.00) | range=5.09 m
[INFO] [1790303481.588294857] [sage_target_localizer]: Person 3D | pixel=(1188.2,746.0) | position=(-0.64,5.17,0.00) | range=5.09 m
[INFO] [1790303481.688180072] [sage_target_localizer]: Person 3D | pixel=(1188.2,746.0) | position=(-0.64,5.17,0.00) | range=5.09 m
[INFO] [1790303481.789373617] [sage_target_localizer]: Person 3D | pixel=(1237.1,803.2) | position=(-0.59,4.98,0.00) | range=4.67 m
[INFO] [1790303481.887332115] [sage_target_localizer]: Person 3D | pixel=(1237.1,803.2) | position=(-0.59,4.98,0.00) | range=4.67 m
[INFO] [1790303483.587881647] [sage_target_localizer]: Person 3D | pixel=(569.8,558.9) | position=(5.01,-6.86,0.00) | range=11.86 m
[INFO] [1790303483.692736365] [sage_target_localizer]: Person 3D | pixel=(569.8,558.9) | position=(5.01,-6.86,0.00) | range=11.86 m
[INFO] [1790303483.787909303] [sage_target_localizer]: Person 3D | pixel=(569.8,558.9) | position=(5.01,-6.86,0.00) | range=11.86 m
[INFO] [1790303483.887631031] [sage_target_localizer]: Person 3D | pixel=(569.8,558.9) | position=(5.01,-6.86,0.00) | range=11.86 m
[INFO] [1790303483.994869222] [sage_target_localizer]: Person 3D | pixel=(569.8,558.9) | position=(5.01,-6.86,0.00) | range=11.86 m
[INFO] [1790303484.093306252] [sage_target_localizer]: Person 3D | pixel=(569.8,558.9) | position=(5.01,-6.86,0.00) | range=11.86 m
[INFO] [1790303484.189746057] [sage_target_localizer]: Person 3D | pixel=(569.8,558.9) | position=(5.01,-6.86,0.00) | range=11.86 m
[INFO] [1790303484.287261021] [sage_target_localizer]: Person 3D | pixel=(569.8,558.9) | position=(5.01,-6.86,0.00) | range=11.86 m
[INFO] [1790303484.388725954] [sage_target_localizer]: Person 3D | pixel=(569.8,558.9) | position=(5.01,-6.86,0.00) | range=11.86 m
[INFO] [1790303484.487884194] [sage_target_localizer]: Person 3D | pixel=(569.3,562.1) | position=(4.69,-6.29,0.00) | range=9.62 m
[INFO] [1790303484.595021209] [sage_target_localizer]: Person 3D | pixel=(569.3,562.1) | position=(4.69,-6.29,0.00) | range=9.62 m
[WARN] [1790303484.686054497] [sage_target_localizer]: 3D localization skipped: UAV tilt 9.3 deg > 8.0
[INFO] [1790303486.689544140] [sage_target_localizer]: Person 3D | pixel=(211.5,656.2) | position=(-5.28,8.19,0.00) | range=11.07 m
[INFO] [1790303486.788623985] [sage_target_localizer]: Person 3D | pixel=(211.5,656.2) | position=(-5.28,8.19,0.00) | range=11.07 m
[INFO] [1790303486.888817067] [sage_target_localizer]: Person 3D | pixel=(211.5,656.2) | position=(-5.28,8.19,0.00) | range=11.07 m
[INFO] [1790303486.987406785] [sage_target_localizer]: Person 3D | pixel=(211.5,656.2) | position=(-5.28,8.19,0.00) | range=11.07 m
[INFO] [1790303487.103545121] [sage_target_localizer]: Person 3D | pixel=(211.5,656.2) | position=(-5.28,8.19,0.00) | range=11.07 m
[INFO] [1790303487.191619543] [sage_target_localizer]: Person 3D | pixel=(211.5,656.2) | position=(-5.28,8.19,0.00) | range=11.07 m
[INFO] [1790303487.304442636] [sage_target_localizer]: Person 3D | pixel=(211.5,656.2) | position=(-5.28,8.19,0.00) | range=11.07 m
[INFO] [1790303487.392574280] [sage_target_localizer]: Person 3D | pixel=(272.6,657.9) | position=(-6.85,6.29,0.00) | range=12.01 m
[INFO] [1790303487.500363932] [sage_target_localizer]: Person 3D | pixel=(272.6,657.9) | position=(-6.85,6.29,0.00) | range=12.01 m
[INFO] [1790303487.588908789] [sage_target_localizer]: Person 3D | pixel=(272.6,657.9) | position=(-6.85,6.29,0.00) | range=12.01 m
[INFO] [1790303487.689997017] [sage_target_localizer]: Person 3D | pixel=(122.8,645.6) | position=(-6.91,6.46,0.00) | range=12.78 m
[INFO] [1790303487.795463016] [sage_target_localizer]: Person 3D | pixel=(122.8,645.6) | position=(-6.91,6.46,0.00) | range=12.78 m
[INFO] [1790303488.688936120] [sage_target_localizer]: Person 3D | pixel=(46.5,624.8) | position=(-7.22,5.55,0.00) | range=14.64 m
[INFO] [1790303488.788219600] [sage_target_localizer]: Person 3D | pixel=(46.5,624.8) | position=(-7.22,5.55,0.00) | range=14.64 m
[INFO] [1790303488.886731358] [sage_target_localizer]: Person 3D | pixel=(46.5,624.8) | position=(-7.22,5.55,0.00) | range=14.64 m
[INFO] [1790303488.987371592] [sage_target_localizer]: Person 3D | pixel=(112.4,578.4) | position=(-7.48,6.00,0.00) | range=15.89 m
[INFO] [1790303489.090418025] [sage_target_localizer]: Person 3D | pixel=(112.4,578.4) | position=(-7.48,6.00,0.00) | range=15.89 m
[INFO] [1790303489.194441181] [sage_target_localizer]: Person 3D | pixel=(112.4,578.4) | position=(-7.48,6.00,0.00) | range=15.89 m
[INFO] [1790303489.387403044] [sage_target_localizer]: Person 3D | pixel=(177.4,589.8) | position=(-10.34,8.37,0.00) | range=20.60 m
[INFO] [1790303489.491461702] [sage_target_localizer]: Person 3D | pixel=(177.4,589.8) | position=(-10.34,8.37,0.00) | range=20.60 m
[INFO] [1790303489.589497352] [sage_target_localizer]: Person 3D | pixel=(177.4,589.8) | position=(-10.34,8.37,0.00) | range=20.60 m
[INFO] [1790303489.691203916] [sage_target_localizer]: Person 3D | pixel=(179.7,572.9) | position=(-8.72,7.14,0.00) | range=18.88 m
[INFO] [1790303489.787109552] [sage_target_localizer]: Person 3D | pixel=(179.7,572.9) | position=(-8.72,7.14,0.00) | range=18.88 m
[INFO] [1790303489.888365955] [sage_target_localizer]: Person 3D | pixel=(499.7,930.7) | position=(3.76,-4.85,0.00) | range=2.43 m
[INFO] [1790303489.990250187] [sage_target_localizer]: Person 3D | pixel=(499.7,930.7) | position=(3.76,-4.85,0.00) | range=2.43 m
[INFO] [1790303490.095541690] [sage_target_localizer]: Person 3D | pixel=(499.7,930.7) | position=(3.76,-4.85,0.00) | range=2.43 m
[INFO] [1790303490.188852496] [sage_target_localizer]: Person 3D | pixel=(301.7,924.9) | position=(4.39,-4.52,0.00) | range=2.42 m
[INFO] [1790303490.286815045] [sage_target_localizer]: Person 3D | pixel=(301.7,924.9) | position=(4.39,-4.52,0.00) | range=2.42 m
[WARN] [1790303490.386792400] [sage_target_localizer]: 3D localization skipped: UAV tilt 8.4 deg > 8.0
[INFO] [1790303493.088963635] [sage_target_localizer]: Person 3D | pixel=(1238.3,581.9) | position=(0.38,1.95,0.00) | range=11.58 m
[INFO] [1790303493.191101414] [sage_target_localizer]: Person 3D | pixel=(1238.3,581.9) | position=(0.38,1.95,0.00) | range=11.58 m
[INFO] [1790303493.289373789] [sage_target_localizer]: Person 3D | pixel=(1238.3,581.9) | position=(0.38,1.95,0.00) | range=11.58 m
[INFO] [1790303493.387287357] [sage_target_localizer]: Person 3D | pixel=(1133.8,598.0) | position=(0.62,2.27,0.00) | range=11.65 m
[INFO] [1790303493.486130217] [sage_target_localizer]: Person 3D | pixel=(1133.8,598.0) | position=(0.62,2.27,0.00) | range=11.65 m
[INFO] [1790303493.595335972] [sage_target_localizer]: Person 3D | pixel=(1018.6,933.1) | position=(4.27,-5.41,0.00) | range=3.10 m
[INFO] [1790303493.694886622] [sage_target_localizer]: Person 3D | pixel=(1018.6,933.1) | position=(4.27,-5.41,0.00) | range=3.10 m
[INFO] [1790303493.786849848] [sage_target_localizer]: Person 3D | pixel=(1018.6,933.1) | position=(4.27,-5.41,0.00) | range=3.10 m
[INFO] [1790303493.889476632] [sage_target_localizer]: Person 3D | pixel=(880.1,931.8) | position=(4.16,-5.75,0.00) | range=2.81 m
[INFO] [1790303493.987018788] [sage_target_localizer]: Person 3D | pixel=(880.1,931.8) | position=(4.16,-5.75,0.00) | range=2.81 m
[INFO] [1790303494.986687253] [sage_target_localizer]: Person 3D | pixel=(647.2,924.6) | position=(3.99,-6.45,0.00) | range=2.32 m
[INFO] [1790303495.088379778] [sage_target_localizer]: Person 3D | pixel=(647.2,924.6) | position=(3.99,-6.45,0.00) | range=2.32 m
[INFO] [1790303495.186648022] [sage_target_localizer]: Person 3D | pixel=(647.2,924.6) | position=(3.99,-6.45,0.00) | range=2.32 m
[INFO] [1790303495.287440506] [sage_target_localizer]: Person 3D | pixel=(727.9,882.5) | position=(3.90,-6.65,0.00) | range=2.18 m
[INFO] [1790303495.391762501] [sage_target_localizer]: Person 3D | pixel=(727.9,882.5) | position=(3.90,-6.65,0.00) | range=2.18 m
[INFO] [1790303495.486560034] [sage_target_localizer]: Person 3D | pixel=(727.9,882.5) | position=(3.90,-6.65,0.00) | range=2.18 m
[WARN] [1790303495.589413872] [sage_target_localizer]: 3D localization skipped: UAV tilt 15.1 deg > 8.0
[INFO] [1790303497.387127987] [sage_target_localizer]: Person 3D | pixel=(250.8,938.7) | position=(5.48,-8.04,0.00) | range=2.65 m
[INFO] [1790303497.488453646] [sage_target_localizer]: Person 3D | pixel=(250.8,938.7) | position=(5.48,-8.04,0.00) | range=2.65 m
[INFO] [1790303497.588609568] [sage_target_localizer]: Person 3D | pixel=(81.1,926.6) | position=(5.36,-8.05,0.00) | range=2.84 m
[INFO] [1790303497.690800759] [sage_target_localizer]: Person 3D | pixel=(81.1,926.6) | position=(5.36,-8.05,0.00) | range=2.84 m
[INFO] [1790303497.789849175] [sage_target_localizer]: Person 3D | pixel=(81.1,926.6) | position=(5.36,-8.05,0.00) | range=2.84 m
[INFO] [1790303499.087862884] [sage_target_localizer]: Person 3D | pixel=(855.8,924.8) | position=(6.01,-8.18,0.00) | range=3.14 m
[INFO] [1790303499.187102710] [sage_target_localizer]: Person 3D | pixel=(855.8,924.8) | position=(6.01,-8.18,0.00) | range=3.14 m
[INFO] [1790303499.286977296] [sage_target_localizer]: Person 3D | pixel=(855.8,924.8) | position=(6.01,-8.18,0.00) | range=3.14 m
[WARN] [1790303500.687312393] [sage_target_localizer]: 3D localization skipped: UAV tilt 8.8 deg > 8.0
[INFO] [1790303500.794713221] [sage_target_localizer]: Person 3D | pixel=(146.6,649.8) | position=(-0.61,4.35,0.00) | range=12.88 m
[INFO] [1790303500.888549866] [sage_target_localizer]: Person 3D | pixel=(146.6,649.8) | position=(-0.61,4.35,0.00) | range=12.88 m
[INFO] [1790303500.998937275] [sage_target_localizer]: Person 3D | pixel=(146.6,649.8) | position=(-0.61,4.35,0.00) | range=12.88 m
[INFO] [1790303501.089163487] [sage_target_localizer]: Person 3D | pixel=(46.6,605.0) | position=(0.33,3.40,0.00) | range=12.05 m
[INFO] [1790303501.193510639] [sage_target_localizer]: Person 3D | pixel=(46.6,605.0) | position=(0.33,3.40,0.00) | range=12.05 m
[INFO] [1790303501.294687127] [sage_target_localizer]: Person 3D | pixel=(142.5,549.1) | position=(-4.70,5.49,0.00) | range=16.96 m
[INFO] [1790303501.389571703] [sage_target_localizer]: Person 3D | pixel=(142.5,549.1) | position=(-4.70,5.49,0.00) | range=16.96 m
[INFO] [1790303501.490665288] [sage_target_localizer]: Person 3D | pixel=(142.5,549.1) | position=(-4.70,5.49,0.00) | range=16.96 m
[INFO] [1790303501.587987499] [sage_target_localizer]: Person 3D | pixel=(1156.9,927.3) | position=(4.39,-10.19,0.00) | range=3.33 m
[INFO] [1790303501.690180595] [sage_target_localizer]: Person 3D | pixel=(1156.9,927.3) | position=(4.39,-10.19,0.00) | range=3.33 m
[INFO] [1790303501.794192721] [sage_target_localizer]: Person 3D | pixel=(1156.9,927.3) | position=(4.39,-10.19,0.00) | range=3.33 m
[INFO] [1790303501.890633833] [sage_target_localizer]: Person 3D | pixel=(933.1,873.2) | position=(4.85,-9.72,0.00) | range=2.85 m
[INFO] [1790303501.994958324] [sage_target_localizer]: Person 3D | pixel=(933.1,873.2) | position=(4.85,-9.72,0.00) | range=2.85 m
[INFO] [1790303503.492123872] [sage_target_localizer]: Person 3D | pixel=(984.2,696.3) | position=(4.72,-10.43,0.00) | range=4.11 m
[INFO] [1790303503.585996484] [sage_target_localizer]: Person 3D | pixel=(984.2,696.3) | position=(4.72,-10.43,0.00) | range=4.11 m
[INFO] [1790303503.697977513] [sage_target_localizer]: Person 3D | pixel=(984.2,696.3) | position=(4.72,-10.43,0.00) | range=4.11 m
[INFO] [1790303503.790568498] [sage_target_localizer]: Person 3D | pixel=(984.2,696.3) | position=(4.72,-10.43,0.00) | range=4.11 m
[INFO] [1790303503.886950802] [sage_target_localizer]: Person 3D | pixel=(998.9,702.0) | position=(5.00,-10.52,0.00) | range=4.10 m
[INFO] [1790303503.986756929] [sage_target_localizer]: Person 3D | pixel=(998.9,702.0) | position=(5.00,-10.52,0.00) | range=4.10 m
[INFO] [1790303504.088326925] [sage_target_localizer]: Person 3D | pixel=(999.1,708.1) | position=(4.94,-10.87,0.00) | range=4.65 m
[INFO] [1790303504.190338344] [sage_target_localizer]: Person 3D | pixel=(999.1,708.1) | position=(4.94,-10.87,0.00) | range=4.65 m
[INFO] [1790303504.289074806] [sage_target_localizer]: Person 3D | pixel=(999.1,708.1) | position=(4.94,-10.87,0.00) | range=4.65 m
[INFO] [1790303504.388283129] [sage_target_localizer]: Person 3D | pixel=(998.3,708.5) | position=(4.88,-10.95,0.00) | range=4.77 m
[INFO] [1790303504.487572267] [sage_target_localizer]: Person 3D | pixel=(998.3,708.5) | position=(4.88,-10.95,0.00) | range=4.77 m
[INFO] [1790303504.589714164] [sage_target_localizer]: Person 3D | pixel=(998.3,708.5) | position=(4.88,-10.95,0.00) | range=4.77 m
[INFO] [1790303504.689116420] [sage_target_localizer]: Person 3D | pixel=(998.3,708.5) | position=(4.88,-10.95,0.00) | range=4.77 m
[INFO] [1790303504.786575148] [sage_target_localizer]: Person 3D | pixel=(998.3,708.5) | position=(4.88,-10.95,0.00) | range=4.77 m
[INFO] [1790303504.887388659] [sage_target_localizer]: Person 3D | pixel=(1017.0,725.9) | position=(4.96,-10.97,0.00) | range=4.74 m
[INFO] [1790303504.993449781] [sage_target_localizer]: Person 3D | pixel=(1017.0,725.9) | position=(4.96,-10.97,0.00) | range=4.74 m
[INFO] [1790303505.094765076] [sage_target_localizer]: Person 3D | pixel=(1017.0,725.9) | position=(4.96,-10.97,0.00) | range=4.74 m
[INFO] [1790303505.189220386] [sage_target_localizer]: Person 3D | pixel=(1017.0,725.9) | position=(4.96,-10.97,0.00) | range=4.74 m
[INFO] [1790303505.292223932] [sage_target_localizer]: Person 3D | pixel=(1030.4,733.4) | position=(4.95,-10.99,0.00) | range=4.76 m
[INFO] [1790303505.390686147] [sage_target_localizer]: Person 3D | pixel=(1030.4,733.4) | position=(4.95,-10.99,0.00) | range=4.76 m
[INFO] [1790303505.488582656] [sage_target_localizer]: Person 3D | pixel=(1030.4,733.4) | position=(4.95,-10.99,0.00) | range=4.76 m
[INFO] [1790303505.588030697] [sage_target_localizer]: Person 3D | pixel=(1030.4,733.4) | position=(4.95,-10.99,0.00) | range=4.76 m
[INFO] [1790303505.686377501] [sage_target_localizer]: Person 3D | pixel=(1030.4,733.4) | position=(4.95,-10.99,0.00) | range=4.76 m
[INFO] [1790303505.800728627] [sage_target_localizer]: Person 3D | pixel=(1030.4,733.4) | position=(4.95,-10.99,0.00) | range=4.76 m
[INFO] [1790303505.889147359] [sage_target_localizer]: Person 3D | pixel=(1030.4,733.4) | position=(4.95,-10.99,0.00) | range=4.76 m
[INFO] [1790303505.986656822] [sage_target_localizer]: Person 3D | pixel=(1030.4,733.4) | position=(4.95,-10.99,0.00) | range=4.76 m
[INFO] [1790303506.088857651] [sage_target_localizer]: Person 3D | pixel=(1030.4,733.4) | position=(4.95,-10.99,0.00) | range=4.76 m
[INFO] [1790303506.186948513] [sage_target_localizer]: Person 3D | pixel=(1030.4,733.4) | position=(4.95,-10.99,0.00) | range=4.76 m
[INFO] [1790303506.286284368] [sage_target_localizer]: Person 3D | pixel=(1030.4,733.4) | position=(4.95,-10.99,0.00) | range=4.76 m
[INFO] [1790303506.394564970] [sage_target_localizer]: Person 3D | pixel=(1030.4,733.4) | position=(4.95,-10.99,0.00) | range=4.76 m
[INFO] [1790303506.487436379] [sage_target_localizer]: Person 3D | pixel=(1030.4,733.4) | position=(4.95,-10.99,0.00) | range=4.76 m
[WARN] [1790303506.586781824] [sage_target_localizer]: 3D localization skipped: UAV tilt 11.9 deg > 8.0
[INFO] [1790303506.687984751] [sage_target_localizer]: Person 3D | pixel=(992.2,734.9) | position=(5.08,-10.94,0.00) | range=3.96 m
[INFO] [1790303506.787022194] [sage_target_localizer]: Person 3D | pixel=(992.2,734.9) | position=(5.08,-10.94,0.00) | range=3.96 m
[INFO] [1790303506.889739383] [sage_target_localizer]: Person 3D | pixel=(992.2,734.9) | position=(5.08,-10.94,0.00) | range=3.96 m
[INFO] [1790303506.989969368] [sage_target_localizer]: Person 3D | pixel=(960.2,764.9) | position=(4.99,-11.03,0.00) | range=3.92 m
[INFO] [1790303507.090689199] [sage_target_localizer]: Person 3D | pixel=(960.2,764.9) | position=(4.99,-11.03,0.00) | range=3.92 m
[INFO] [1790303507.195547421] [sage_target_localizer]: Person 3D | pixel=(901.2,815.3) | position=(4.99,-11.03,0.00) | range=3.64 m
[INFO] [1790303507.290306654] [sage_target_localizer]: Person 3D | pixel=(901.2,815.3) | position=(4.99,-11.03,0.00) | range=3.64 m
[INFO] [1790303507.387154791] [sage_target_localizer]: Person 3D | pixel=(868.6,835.7) | position=(5.19,-10.69,0.00) | range=3.39 m
[INFO] [1790303507.493795319] [sage_target_localizer]: Person 3D | pixel=(868.6,835.7) | position=(5.19,-10.69,0.00) | range=3.39 m
[INFO] [1790303507.594563898] [sage_target_localizer]: Person 3D | pixel=(868.6,835.7) | position=(5.19,-10.69,0.00) | range=3.39 m
[INFO] [1790303507.691014606] [sage_target_localizer]: Person 3D | pixel=(811.0,855.5) | position=(4.88,-11.01,0.00) | range=3.43 m
[INFO] [1790303507.788616762] [sage_target_localizer]: Person 3D | pixel=(811.0,855.5) | position=(4.88,-11.01,0.00) | range=3.43 m
[INFO] [1790303507.886636599] [sage_target_localizer]: Person 3D | pixel=(811.0,855.5) | position=(4.88,-11.01,0.00) | range=3.43 m
[INFO] [1790303509.592001540] [sage_target_localizer]: Person 3D | pixel=(964.3,897.2) | position=(4.68,-10.21,0.00) | range=3.12 m
[INFO] [1790303509.691740200] [sage_target_localizer]: Person 3D | pixel=(964.3,897.2) | position=(4.68,-10.21,0.00) | range=3.12 m
[INFO] [1790303509.787470599] [sage_target_localizer]: Person 3D | pixel=(1022.3,920.9) | position=(4.76,-9.91,0.00) | range=3.01 m
[INFO] [1790303509.891193152] [sage_target_localizer]: Person 3D | pixel=(1022.3,920.9) | position=(4.76,-9.91,0.00) | range=3.01 m
[INFO] [1790303509.987526382] [sage_target_localizer]: Person 3D | pixel=(1022.3,920.9) | position=(4.76,-9.91,0.00) | range=3.01 m
[INFO] [1790303510.086802658] [sage_target_localizer]: Person 3D | pixel=(1022.3,920.9) | position=(4.76,-9.91,0.00) | range=3.01 m
[INFO] [1790303510.192188408] [sage_target_localizer]: Person 3D | pixel=(1022.3,920.9) | position=(4.76,-9.91,0.00) | range=3.01 m
[INFO] [1790303510.293678509] [sage_target_localizer]: Person 3D | pixel=(1022.3,920.9) | position=(4.76,-9.91,0.00) | range=3.01 m
[INFO] [1790303510.388289135] [sage_target_localizer]: Person 3D | pixel=(108.3,534.9) | position=(-3.24,1.99,0.00) | range=14.73 m
[INFO] [1790303510.489751179] [sage_target_localizer]: Person 3D | pixel=(108.3,534.9) | position=(-3.24,1.99,0.00) | range=14.73 m
[INFO] [1790303510.591750789] [sage_target_localizer]: Person 3D | pixel=(108.3,534.9) | position=(-3.24,1.99,0.00) | range=14.73 m
[INFO] [1790303510.695214393] [sage_target_localizer]: Person 3D | pixel=(109.1,546.4) | position=(-3.68,3.61,0.00) | range=14.26 m
[INFO] [1790303510.789330922] [sage_target_localizer]: Person 3D | pixel=(109.1,546.4) | position=(-3.68,3.61,0.00) | range=14.26 m
[INFO] [1790303510.895386280] [sage_target_localizer]: Person 3D | pixel=(110.9,548.8) | position=(-5.98,6.05,0.00) | range=17.16 m
[INFO] [1790303510.992794438] [sage_target_localizer]: Person 3D | pixel=(110.9,548.8) | position=(-5.98,6.05,0.00) | range=17.16 m
[INFO] [1790303511.089012730] [sage_target_localizer]: Person 3D | pixel=(112.6,511.3) | position=(-5.69,5.89,0.00) | range=16.43 m
[INFO] [1790303511.187007705] [sage_target_localizer]: Person 3D | pixel=(112.6,511.3) | position=(-5.69,5.89,0.00) | range=16.43 m
[INFO] [1790303511.286607699] [sage_target_localizer]: Person 3D | pixel=(112.6,511.3) | position=(-5.69,5.89,0.00) | range=16.43 m
[INFO] [1790303511.387367706] [sage_target_localizer]: Person 3D | pixel=(112.6,511.3) | position=(-5.69,5.89,0.00) | range=16.43 m
[INFO] [1790303511.488986565] [sage_target_localizer]: Person 3D | pixel=(118.6,541.0) | position=(-4.79,5.24,0.00) | range=14.61 m
[INFO] [1790303511.589560970] [sage_target_localizer]: Person 3D | pixel=(118.6,541.0) | position=(-4.79,5.24,0.00) | range=14.61 m
[INFO] [1790303511.689969191] [sage_target_localizer]: Person 3D | pixel=(121.2,559.6) | position=(-4.03,4.63,0.00) | range=13.24 m
[INFO] [1790303511.786540252] [sage_target_localizer]: Person 3D | pixel=(121.2,559.6) | position=(-4.03,4.63,0.00) | range=13.24 m
[INFO] [1790303511.886900559] [sage_target_localizer]: Person 3D | pixel=(123.3,559.4) | position=(-4.87,5.55,0.00) | range=14.11 m
[INFO] [1790303511.988003167] [sage_target_localizer]: Person 3D | pixel=(123.3,559.4) | position=(-4.87,5.55,0.00) | range=14.11 m
[INFO] [1790303512.097560948] [sage_target_localizer]: Person 3D | pixel=(123.3,559.4) | position=(-4.87,5.55,0.00) | range=14.11 m
[INFO] [1790303512.186515466] [sage_target_localizer]: Person 3D | pixel=(125.1,575.4) | position=(-4.68,5.52,0.00) | range=13.49 m
[INFO] [1790303512.287802588] [sage_target_localizer]: Person 3D | pixel=(125.1,575.4) | position=(-4.68,5.52,0.00) | range=13.49 m
[INFO] [1790303512.386240830] [sage_target_localizer]: Person 3D | pixel=(125.1,575.4) | position=(-4.68,5.52,0.00) | range=13.49 m
[INFO] [1790303512.496579506] [sage_target_localizer]: Person 3D | pixel=(125.9,583.5) | position=(-3.72,4.77,0.00) | range=11.75 m
[INFO] [1790303512.586864460] [sage_target_localizer]: Person 3D | pixel=(125.9,583.5) | position=(-3.72,4.77,0.00) | range=11.75 m
[INFO] [1790303512.694611874] [sage_target_localizer]: Person 3D | pixel=(125.9,583.5) | position=(-3.72,4.77,0.00) | range=11.75 m
[INFO] [1790303512.788032915] [sage_target_localizer]: Person 3D | pixel=(125.9,583.5) | position=(-3.72,4.77,0.00) | range=11.75 m
[INFO] [1790303512.886783578] [sage_target_localizer]: Person 3D | pixel=(125.9,583.5) | position=(-3.72,4.77,0.00) | range=11.75 m
[INFO] [1790303512.988082493] [sage_target_localizer]: Person 3D | pixel=(125.9,583.5) | position=(-3.72,4.77,0.00) | range=11.75 m
[INFO] [1790303513.095160713] [sage_target_localizer]: Person 3D | pixel=(126.0,544.4) | position=(-5.81,7.24,0.00) | range=13.74 m
[INFO] [1790303513.189894303] [sage_target_localizer]: Person 3D | pixel=(126.0,544.4) | position=(-5.81,7.24,0.00) | range=13.74 m
[INFO] [1790303513.292097801] [sage_target_localizer]: Person 3D | pixel=(126.0,544.4) | position=(-5.81,7.24,0.00) | range=13.74 m
[INFO] [1790303513.387985757] [sage_target_localizer]: Person 3D | pixel=(131.4,563.7) | position=(-6.36,7.83,0.00) | range=14.20 m
[INFO] [1790303513.495662361] [sage_target_localizer]: Person 3D | pixel=(131.4,563.7) | position=(-6.36,7.83,0.00) | range=14.20 m
[INFO] [1790303513.596603126] [sage_target_localizer]: Person 3D | pixel=(131.4,563.7) | position=(-6.36,7.83,0.00) | range=14.20 m
[INFO] [1790303513.693748961] [sage_target_localizer]: Person 3D | pixel=(132.0,570.3) | position=(-5.97,7.63,0.00) | range=13.33 m
[INFO] [1790303513.792129738] [sage_target_localizer]: Person 3D | pixel=(132.0,570.3) | position=(-5.97,7.63,0.00) | range=13.33 m
[INFO] [1790303513.892823924] [sage_target_localizer]: Person 3D | pixel=(134.1,599.5) | position=(-3.76,5.47,0.00) | range=10.36 m
[INFO] [1790303513.991763091] [sage_target_localizer]: Person 3D | pixel=(134.1,599.5) | position=(-3.76,5.47,0.00) | range=10.36 m
[INFO] [1790303514.098183222] [sage_target_localizer]: Person 3D | pixel=(134.1,599.5) | position=(-3.76,5.47,0.00) | range=10.36 m
[INFO] [1790303514.199597681] [sage_target_localizer]: Person 3D | pixel=(132.1,610.4) | position=(-5.50,7.55,0.00) | range=12.00 m
[INFO] [1790303514.289450132] [sage_target_localizer]: Person 3D | pixel=(132.1,610.4) | position=(-5.50,7.55,0.00) | range=12.00 m
[INFO] [1790303514.390773236] [sage_target_localizer]: Person 3D | pixel=(125.0,607.2) | position=(-5.56,7.73,0.00) | range=11.60 m
[INFO] [1790303514.492446907] [sage_target_localizer]: Person 3D | pixel=(125.0,607.2) | position=(-5.56,7.73,0.00) | range=11.60 m
[INFO] [1790303514.597012531] [sage_target_localizer]: Person 3D | pixel=(125.0,607.2) | position=(-5.56,7.73,0.00) | range=11.60 m
[INFO] [1790303514.689823386] [sage_target_localizer]: Person 3D | pixel=(125.0,607.2) | position=(-5.56,7.73,0.00) | range=11.60 m
[INFO] [1790303514.789480370] [sage_target_localizer]: Person 3D | pixel=(147.0,698.6) | position=(-4.55,7.04,0.00) | range=9.70 m
[INFO] [1790303514.892646753] [sage_target_localizer]: Person 3D | pixel=(147.0,698.6) | position=(-4.55,7.04,0.00) | range=9.70 m
[INFO] [1790303514.990135388] [sage_target_localizer]: Person 3D | pixel=(147.0,698.6) | position=(-4.55,7.04,0.00) | range=9.70 m
[INFO] [1790303515.092778023] [sage_target_localizer]: Person 3D | pixel=(147.0,698.6) | position=(-4.55,7.04,0.00) | range=9.70 m
[INFO] [1790303515.190631095] [sage_target_localizer]: Person 3D | pixel=(147.0,698.6) | position=(-4.55,7.04,0.00) | range=9.70 m
[INFO] [1790303515.289213450] [sage_target_localizer]: Person 3D | pixel=(147.0,698.6) | position=(-4.55,7.04,0.00) | range=9.70 m
[INFO] [1790303515.389159625] [sage_target_localizer]: Person 3D | pixel=(147.0,698.6) | position=(-4.55,7.04,0.00) | range=9.70 m
[INFO] [1790303515.490679167] [sage_target_localizer]: Person 3D | pixel=(147.0,698.6) | position=(-4.55,7.04,0.00) | range=9.70 m
[INFO] [1790303515.588218053] [sage_target_localizer]: Person 3D | pixel=(147.0,698.6) | position=(-4.55,7.04,0.00) | range=9.70 m
[INFO] [1790303515.693161579] [sage_target_localizer]: Person 3D | pixel=(147.0,698.6) | position=(-4.55,7.04,0.00) | range=9.70 m
[INFO] [1790303515.790030302] [sage_target_localizer]: Person 3D | pixel=(147.0,698.6) | position=(-4.55,7.04,0.00) | range=9.70 m
[INFO] [1790303515.890443314] [sage_target_localizer]: Person 3D | pixel=(147.0,698.6) | position=(-4.55,7.04,0.00) | range=9.70 m
[INFO] [1790303515.988714116] [sage_target_localizer]: Person 3D | pixel=(147.0,698.6) | position=(-4.55,7.04,0.00) | range=9.70 m
[INFO] [1790303516.088790902] [sage_target_localizer]: Person 3D | pixel=(147.0,698.6) | position=(-4.55,7.04,0.00) | range=9.70 m
[INFO] [1790303516.191085453] [sage_target_localizer]: Person 3D | pixel=(147.0,698.6) | position=(-4.55,7.04,0.00) | range=9.70 m
[INFO] [1790303516.287486069] [sage_target_localizer]: Person 3D | pixel=(147.0,698.6) | position=(-4.55,7.04,0.00) | range=9.70 m
[INFO] [1790303516.391454561] [sage_target_localizer]: Person 3D | pixel=(147.0,698.6) | position=(-4.55,7.04,0.00) | range=9.70 m
[INFO] [1790303516.487216078] [sage_target_localizer]: Person 3D | pixel=(147.0,698.6) | position=(-4.55,7.04,0.00) | range=9.70 m
[INFO] [1790303516.592735788] [sage_target_localizer]: Person 3D | pixel=(147.0,698.6) | position=(-4.55,7.04,0.00) | range=9.70 m
[INFO] [1790303516.687408521] [sage_target_localizer]: Person 3D | pixel=(147.0,698.6) | position=(-4.55,7.04,0.00) | range=9.70 m
[INFO] [1790303516.794369897] [sage_target_localizer]: Person 3D | pixel=(147.0,698.6) | position=(-4.55,7.04,0.00) | range=9.70 m
[INFO] [1790303516.888262659] [sage_target_localizer]: Person 3D | pixel=(147.0,698.6) | position=(-4.55,7.04,0.00) | range=9.70 m
[WARN] [1790303516.986780775] [sage_target_localizer]: 3D localization skipped: UAV tilt 13.2 deg > 8.0
[INFO] [1790303518.391539455] [sage_target_localizer]: Person 3D | pixel=(1074.3,923.7) | position=(-0.20,5.13,0.00) | range=3.64 m
[INFO] [1790303518.489076666] [sage_target_localizer]: Person 3D | pixel=(1074.3,923.7) | position=(-0.20,5.13,0.00) | range=3.64 m
[INFO] [1790303518.587637908] [sage_target_localizer]: Person 3D | pixel=(1074.3,923.7) | position=(-0.20,5.13,0.00) | range=3.64 m
[INFO] [1790303518.686467554] [sage_target_localizer]: Person 3D | pixel=(1207.9,637.4) | position=(-5.02,10.46,0.00) | range=10.93 m
[INFO] [1790303518.788376457] [sage_target_localizer]: Person 3D | pixel=(1207.9,637.4) | position=(-5.02,10.46,0.00) | range=10.93 m
[INFO] [1790303518.886471535] [sage_target_localizer]: Person 3D | pixel=(756.8,732.4) | position=(0.30,4.87,0.00) | range=3.90 m
[INFO] [1790303518.991662604] [sage_target_localizer]: Person 3D | pixel=(756.8,732.4) | position=(0.30,4.87,0.00) | range=3.90 m
[INFO] [1790303519.089527418] [sage_target_localizer]: Person 3D | pixel=(756.8,732.4) | position=(0.30,4.87,0.00) | range=3.90 m
[INFO] [1790303519.186859491] [sage_target_localizer]: Person 3D | pixel=(687.4,701.8) | position=(0.10,4.71,0.00) | range=4.03 m
[INFO] [1790303519.287572205] [sage_target_localizer]: Person 3D | pixel=(687.4,701.8) | position=(0.10,4.71,0.00) | range=4.03 m
[INFO] [1790303521.890775652] [sage_target_localizer]: Person 3D | pixel=(65.5,705.1) | position=(-8.36,8.38,0.00) | range=10.31 m
[INFO] [1790303521.986871782] [sage_target_localizer]: Person 3D | pixel=(65.5,705.1) | position=(-8.36,8.38,0.00) | range=10.31 m
[INFO] [1790303522.598989204] [sage_target_localizer]: Person 3D | pixel=(307.9,656.3) | position=(-8.84,9.04,0.00) | range=10.68 m
[INFO] [1790303522.687432735] [sage_target_localizer]: Person 3D | pixel=(307.9,656.3) | position=(-8.84,9.04,0.00) | range=10.68 m
[INFO] [1790303522.796429979] [sage_target_localizer]: Person 3D | pixel=(326.4,642.7) | position=(-8.84,9.15,0.00) | range=10.66 m
[INFO] [1790303522.890579747] [sage_target_localizer]: Person 3D | pixel=(326.4,642.7) | position=(-8.84,9.15,0.00) | range=10.66 m
[INFO] [1790303522.990964773] [sage_target_localizer]: Person 3D | pixel=(326.4,642.7) | position=(-8.84,9.15,0.00) | range=10.66 m
[INFO] [1790303523.091525105] [sage_target_localizer]: Person 3D | pixel=(326.4,642.7) | position=(-8.84,9.15,0.00) | range=10.66 m
[WARN] [1790303523.186810728] [sage_target_localizer]: 3D localization skipped: UAV tilt 9.3 deg > 8.0
[INFO] [1790303524.490495114] [sage_target_localizer]: Person 3D | pixel=(420.3,867.1) | position=(0.02,5.03,0.00) | range=3.42 m
[INFO] [1790303524.586661631] [sage_target_localizer]: Person 3D | pixel=(420.3,867.1) | position=(0.02,5.03,0.00) | range=3.42 m
[INFO] [1790303524.689836272] [sage_target_localizer]: Person 3D | pixel=(377.7,813.0) | position=(0.05,4.86,0.00) | range=3.63 m
[INFO] [1790303524.789130077] [sage_target_localizer]: Person 3D | pixel=(377.7,813.0) | position=(0.05,4.86,0.00) | range=3.63 m
[INFO] [1790303524.888897688] [sage_target_localizer]: Person 3D | pixel=(377.7,813.0) | position=(0.05,4.86,0.00) | range=3.63 m
[INFO] [1790303524.990713287] [sage_target_localizer]: Person 3D | pixel=(294.1,754.5) | position=(-0.00,4.77,0.00) | range=3.97 m
[INFO] [1790303525.088985857] [sage_target_localizer]: Person 3D | pixel=(294.1,754.5) | position=(-0.00,4.77,0.00) | range=3.97 m
[INFO] [1790303525.186691536] [sage_target_localizer]: Person 3D | pixel=(294.1,754.5) | position=(-0.00,4.77,0.00) | range=3.97 m
[INFO] [1790303525.299304772] [sage_target_localizer]: Person 3D | pixel=(142.3,704.9) | position=(0.10,4.79,0.00) | range=4.50 m
[INFO] [1790303525.387316254] [sage_target_localizer]: Person 3D | pixel=(142.3,704.9) | position=(0.10,4.79,0.00) | range=4.50 m
[INFO] [1790303525.493239551] [sage_target_localizer]: Person 3D | pixel=(142.3,704.9) | position=(0.10,4.79,0.00) | range=4.50 m
[INFO] [1790303525.588688346] [sage_target_localizer]: Person 3D | pixel=(64.0,684.2) | position=(-0.16,4.71,0.00) | range=4.74 m
[INFO] [1790303525.686536791] [sage_target_localizer]: Person 3D | pixel=(64.0,684.2) | position=(-0.16,4.71,0.00) | range=4.74 m
[INFO] [1790303525.787971364] [sage_target_localizer]: Person 3D | pixel=(555.8,534.8) | position=(-5.15,10.14,0.00) | range=10.41 m
[INFO] [1790303525.889033152] [sage_target_localizer]: Person 3D | pixel=(555.8,534.8) | position=(-5.15,10.14,0.00) | range=10.41 m
[INFO] [1790303525.986506659] [sage_target_localizer]: Person 3D | pixel=(554.8,535.0) | position=(-5.21,10.14,0.00) | range=10.50 m
[INFO] [1790303526.090643474] [sage_target_localizer]: Person 3D | pixel=(554.8,535.0) | position=(-5.21,10.14,0.00) | range=10.50 m
[INFO] [1790303526.195306333] [sage_target_localizer]: Person 3D | pixel=(554.8,535.0) | position=(-5.21,10.14,0.00) | range=10.50 m
[INFO] [1790303526.288559528] [sage_target_localizer]: Person 3D | pixel=(554.8,535.0) | position=(-5.21,10.14,0.00) | range=10.50 m
[INFO] [1790303526.389531972] [sage_target_localizer]: Person 3D | pixel=(70.3,671.8) | position=(-0.30,4.76,0.00) | range=5.22 m
[INFO] [1790303526.487704287] [sage_target_localizer]: Person 3D | pixel=(70.3,671.8) | position=(-0.30,4.76,0.00) | range=5.22 m
[INFO] [1790303526.587543276] [sage_target_localizer]: Person 3D | pixel=(104.0,672.8) | position=(-0.26,4.76,0.00) | range=5.37 m
[INFO] [1790303526.686917793] [sage_target_localizer]: Person 3D | pixel=(104.0,672.8) | position=(-0.26,4.76,0.00) | range=5.37 m
[INFO] [1790303526.786962304] [sage_target_localizer]: Person 3D | pixel=(104.0,672.8) | position=(-0.26,4.76,0.00) | range=5.37 m
[INFO] [1790303526.892812578] [sage_target_localizer]: Person 3D | pixel=(157.3,630.1) | position=(-0.12,5.44,0.00) | range=6.11 m
[INFO] [1790303526.992270425] [sage_target_localizer]: Person 3D | pixel=(157.3,630.1) | position=(-0.12,5.44,0.00) | range=6.11 m
[INFO] [1790303527.788254585] [sage_target_localizer]: Person 3D | pixel=(828.9,665.1) | position=(-1.46,3.72,0.00) | range=3.82 m
[INFO] [1790303527.890554636] [sage_target_localizer]: Person 3D | pixel=(828.9,665.1) | position=(-1.46,3.72,0.00) | range=3.82 m
[INFO] [1790303527.995687732] [sage_target_localizer]: Person 3D | pixel=(971.2,791.8) | position=(-0.87,4.19,0.00) | range=4.67 m
[INFO] [1790303528.089416280] [sage_target_localizer]: Person 3D | pixel=(971.2,791.8) | position=(-0.87,4.19,0.00) | range=4.67 m
[INFO] [1790303528.194609971] [sage_target_localizer]: Person 3D | pixel=(971.2,791.8) | position=(-0.87,4.19,0.00) | range=4.67 m
[INFO] [1790303528.298356707] [sage_target_localizer]: Person 3D | pixel=(970.0,696.9) | position=(-0.23,6.15,0.00) | range=6.24 m
[INFO] [1790303528.387736976] [sage_target_localizer]: Person 3D | pixel=(970.0,696.9) | position=(-0.23,6.15,0.00) | range=6.24 m
[INFO] [1790303528.494208198] [sage_target_localizer]: Person 3D | pixel=(970.0,696.9) | position=(-0.23,6.15,0.00) | range=6.24 m
[INFO] [1790303528.590228238] [sage_target_localizer]: Person 3D | pixel=(970.0,696.9) | position=(-0.23,6.15,0.00) | range=6.24 m
[WARN] [1790303528.698363483] [sage_target_localizer]: 3D localization skipped: UAV tilt 11.9 deg > 8.0
[INFO] [1790303529.893863416] [sage_target_localizer]: Person 3D | pixel=(414.3,586.6) | position=(-4.17,7.30,0.00) | range=5.50 m
[INFO] [1790303529.987421358] [sage_target_localizer]: Person 3D | pixel=(414.3,586.6) | position=(-4.17,7.30,0.00) | range=5.50 m
[INFO] [1790303530.090110133] [sage_target_localizer]: Person 3D | pixel=(414.3,586.6) | position=(-4.17,7.30,0.00) | range=5.50 m
[INFO] [1790303530.188632033] [sage_target_localizer]: Person 3D | pixel=(314.2,572.7) | position=(-7.78,8.60,0.00) | range=7.90 m
[INFO] [1790303530.287875031] [sage_target_localizer]: Person 3D | pixel=(314.2,572.7) | position=(-7.78,8.60,0.00) | range=7.90 m
[INFO] [1790303533.587752461] [sage_target_localizer]: Person 3D | pixel=(948.1,480.2) | position=(5.27,-6.78,0.00) | range=13.70 m
[INFO] [1790303533.689778874] [sage_target_localizer]: Person 3D | pixel=(948.1,480.2) | position=(5.27,-6.78,0.00) | range=13.70 m
[INFO] [1790303533.791682480] [sage_target_localizer]: Person 3D | pixel=(948.1,480.2) | position=(5.27,-6.78,0.00) | range=13.70 m
[INFO] [1790303534.286300992] [sage_target_localizer]: Person 3D | pixel=(507.2,518.7) | position=(6.23,-6.89,0.00) | range=12.96 m
[INFO] [1790303534.386656758] [sage_target_localizer]: Person 3D | pixel=(507.2,518.7) | position=(6.23,-6.89,0.00) | range=12.96 m
[INFO] [1790303534.490767184] [sage_target_localizer]: Person 3D | pixel=(507.2,518.7) | position=(6.23,-6.89,0.00) | range=12.96 m
[INFO] [1790303534.592633532] [sage_target_localizer]: Person 3D | pixel=(507.2,518.7) | position=(6.23,-6.89,0.00) | range=12.96 m
[INFO] [1790303534.686952497] [sage_target_localizer]: Person 3D | pixel=(508.8,518.9) | position=(7.65,-8.03,0.00) | range=14.30 m
[INFO] [1790303534.789794275] [sage_target_localizer]: Person 3D | pixel=(508.8,518.9) | position=(7.65,-8.03,0.00) | range=14.30 m
[INFO] [1790303536.193292935] [sage_target_localizer]: Person 3D | pixel=(718.2,580.7) | position=(6.13,-6.56,0.00) | range=9.12 m
[INFO] [1790303536.295868300] [sage_target_localizer]: Person 3D | pixel=(718.2,580.7) | position=(6.13,-6.56,0.00) | range=9.12 m
[INFO] [1790303536.390849832] [sage_target_localizer]: Person 3D | pixel=(695.7,569.5) | position=(8.08,-8.80,0.00) | range=11.46 m
[INFO] [1790303536.491763446] [sage_target_localizer]: Person 3D | pixel=(695.7,569.5) | position=(8.08,-8.80,0.00) | range=11.46 m
[INFO] [1790303536.589570606] [sage_target_localizer]: Person 3D | pixel=(695.7,569.5) | position=(8.08,-8.80,0.00) | range=11.46 m
[INFO] [1790303536.689315966] [sage_target_localizer]: Person 3D | pixel=(434.8,549.8) | position=(4.03,-10.97,0.00) | range=11.12 m
[INFO] [1790303536.787338655] [sage_target_localizer]: Person 3D | pixel=(434.8,549.8) | position=(4.03,-10.97,0.00) | range=11.12 m
[INFO] [1790303536.887767126] [sage_target_localizer]: Person 3D | pixel=(647.1,562.6) | position=(7.81,-8.30,0.00) | range=9.86 m
[INFO] [1790303536.990902272] [sage_target_localizer]: Person 3D | pixel=(647.1,562.6) | position=(7.81,-8.30,0.00) | range=9.86 m
[INFO] [1790303537.086629660] [sage_target_localizer]: Person 3D | pixel=(647.1,562.6) | position=(7.81,-8.30,0.00) | range=9.86 m
[INFO] [1790303537.188680336] [sage_target_localizer]: Person 3D | pixel=(370.8,591.7) | position=(4.10,-10.69,0.00) | range=10.00 m
[INFO] [1790303537.295660613] [sage_target_localizer]: Person 3D | pixel=(370.8,591.7) | position=(4.10,-10.69,0.00) | range=10.00 m
[INFO] [1790303537.387568921] [sage_target_localizer]: Person 3D | pixel=(341.9,644.6) | position=(3.83,-9.37,0.00) | range=8.15 m
[INFO] [1790303537.488359136] [sage_target_localizer]: Person 3D | pixel=(341.9,644.6) | position=(3.83,-9.37,0.00) | range=8.15 m
[INFO] [1790303537.589898992] [sage_target_localizer]: Person 3D | pixel=(341.9,644.6) | position=(3.83,-9.37,0.00) | range=8.15 m
[WARN] [1790303537.690177767] [sage_target_localizer]: 3D localization skipped: UAV tilt 14.4 deg > 8.0
[INFO] [1790303539.598596314] [sage_target_localizer]: Person 3D | pixel=(159.8,733.0) | position=(-1.17,3.84,0.00) | range=9.09 m
[INFO] [1790303539.694172727] [sage_target_localizer]: Person 3D | pixel=(159.8,733.0) | position=(-1.17,3.84,0.00) | range=9.09 m
[INFO] [1790303539.788716291] [sage_target_localizer]: Person 3D | pixel=(159.8,733.0) | position=(-1.17,3.84,0.00) | range=9.09 m
[INFO] [1790303539.892105999] [sage_target_localizer]: Person 3D | pixel=(159.8,733.0) | position=(-1.17,3.84,0.00) | range=9.09 m
[INFO] [1790303539.993371155] [sage_target_localizer]: Person 3D | pixel=(159.8,733.0) | position=(-1.17,3.84,0.00) | range=9.09 m
[INFO] [1790303540.094745220] [sage_target_localizer]: Person 3D | pixel=(159.8,733.0) | position=(-1.17,3.84,0.00) | range=9.09 m
[INFO] [1790303540.186868098] [sage_target_localizer]: Person 3D | pixel=(159.8,733.0) | position=(-1.17,3.84,0.00) | range=9.09 m
[INFO] [1790303540.291225352] [sage_target_localizer]: Person 3D | pixel=(159.8,733.0) | position=(-1.17,3.84,0.00) | range=9.09 m
[INFO] [1790303540.395547902] [sage_target_localizer]: Person 3D | pixel=(284.8,597.8) | position=(-4.19,2.60,0.00) | range=11.91 m
[INFO] [1790303540.487430805] [sage_target_localizer]: Person 3D | pixel=(284.8,597.8) | position=(-4.19,2.60,0.00) | range=11.91 m
[INFO] [1790303540.589554117] [sage_target_localizer]: Person 3D | pixel=(284.8,597.8) | position=(-4.19,2.60,0.00) | range=11.91 m
[INFO] [1790303540.687668445] [sage_target_localizer]: Person 3D | pixel=(163.9,625.2) | position=(-4.58,3.11,0.00) | range=13.23 m
[INFO] [1790303540.794349956] [sage_target_localizer]: Person 3D | pixel=(163.9,625.2) | position=(-4.58,3.11,0.00) | range=13.23 m
[INFO] [1790303541.692144131] [sage_target_localizer]: Person 3D | pixel=(1214.4,852.9) | position=(5.10,-9.76,0.00) | range=4.30 m
[INFO] [1790303541.786845488] [sage_target_localizer]: Person 3D | pixel=(1214.4,852.9) | position=(5.10,-9.76,0.00) | range=4.30 m
[INFO] [1790303541.889976542] [sage_target_localizer]: Person 3D | pixel=(1131.5,814.8) | position=(5.15,-9.70,0.00) | range=4.29 m
[INFO] [1790303541.991396139] [sage_target_localizer]: Person 3D | pixel=(1131.5,814.8) | position=(5.15,-9.70,0.00) | range=4.29 m
[INFO] [1790303542.091685379] [sage_target_localizer]: Person 3D | pixel=(1131.5,814.8) | position=(5.15,-9.70,0.00) | range=4.29 m
[INFO] [1790303542.187485280] [sage_target_localizer]: Person 3D | pixel=(1131.5,814.8) | position=(5.15,-9.70,0.00) | range=4.29 m
[INFO] [1790303542.286614180] [sage_target_localizer]: Person 3D | pixel=(1019.3,755.2) | position=(5.38,-9.86,0.00) | range=4.52 m
[INFO] [1790303542.394967888] [sage_target_localizer]: Person 3D | pixel=(1019.3,755.2) | position=(5.38,-9.86,0.00) | range=4.52 m
[INFO] [1790303542.486750587] [sage_target_localizer]: Person 3D | pixel=(1019.3,755.2) | position=(5.38,-9.86,0.00) | range=4.52 m
[INFO] [1790303542.592640890] [sage_target_localizer]: Person 3D | pixel=(1019.3,755.2) | position=(5.38,-9.86,0.00) | range=4.52 m
[INFO] [1790303542.687889983] [sage_target_localizer]: Person 3D | pixel=(1019.3,755.2) | position=(5.38,-9.86,0.00) | range=4.52 m
[INFO] [1790303542.786391067] [sage_target_localizer]: Person 3D | pixel=(1019.3,755.2) | position=(5.38,-9.86,0.00) | range=4.52 m
[INFO] [1790303542.886993146] [sage_target_localizer]: Person 3D | pixel=(1019.3,755.2) | position=(5.38,-9.86,0.00) | range=4.52 m
[WARN] [1790303542.986517035] [sage_target_localizer]: 3D localization skipped: UAV tilt 10.0 deg > 8.0
[INFO] [1790303545.393100408] [sage_target_localizer]: Person 3D | pixel=(518.8,924.6) | position=(8.24,-8.52,0.00) | range=2.28 m
[INFO] [1790303545.486993515] [sage_target_localizer]: Person 3D | pixel=(518.8,924.6) | position=(8.24,-8.52,0.00) | range=2.28 m
[INFO] [1790303545.590901093] [sage_target_localizer]: Person 3D | pixel=(518.8,924.6) | position=(8.24,-8.52,0.00) | range=2.28 m
[INFO] [1790303545.693508113] [sage_target_localizer]: Person 3D | pixel=(511.5,928.3) | position=(7.76,-8.41,0.00) | range=2.50 m
[INFO] [1790303545.787245676] [sage_target_localizer]: Person 3D | pixel=(511.5,928.3) | position=(7.76,-8.41,0.00) | range=2.50 m
[INFO] [1790303545.889291864] [sage_target_localizer]: Person 3D | pixel=(511.5,928.3) | position=(7.76,-8.41,0.00) | range=2.50 m
[INFO] [1790303545.987496759] [sage_target_localizer]: Person 3D | pixel=(490.6,932.6) | position=(7.35,-8.31,0.00) | range=2.68 m
[INFO] [1790303546.089392684] [sage_target_localizer]: Person 3D | pixel=(490.6,932.6) | position=(7.35,-8.31,0.00) | range=2.68 m
[INFO] [1790303546.191119160] [sage_target_localizer]: Person 3D | pixel=(490.6,932.6) | position=(7.35,-8.31,0.00) | range=2.68 m
[INFO] [1790303546.296395633] [sage_target_localizer]: Person 3D | pixel=(436.5,935.2) | position=(7.00,-8.12,0.00) | range=2.87 m
[INFO] [1790303546.389978027] [sage_target_localizer]: Person 3D | pixel=(436.5,935.2) | position=(7.00,-8.12,0.00) | range=2.87 m
[INFO] [1790303546.488298566] [sage_target_localizer]: Person 3D | pixel=(436.5,935.2) | position=(7.00,-8.12,0.00) | range=2.87 m
[INFO] [1790303546.589798598] [sage_target_localizer]: Person 3D | pixel=(339.9,939.9) | position=(6.51,-7.94,0.00) | range=3.15 m
[INFO] [1790303546.695222291] [sage_target_localizer]: Person 3D | pixel=(339.9,939.9) | position=(6.51,-7.94,0.00) | range=3.15 m
[INFO] [1790303546.787625614] [sage_target_localizer]: Person 3D | pixel=(353.0,805.3) | position=(5.43,-8.13,0.00) | range=4.27 m
[INFO] [1790303546.886528730] [sage_target_localizer]: Person 3D | pixel=(353.0,805.3) | position=(5.43,-8.13,0.00) | range=4.27 m
[INFO] [1790303546.992821760] [sage_target_localizer]: Person 3D | pixel=(237.3,838.6) | position=(4.88,-7.87,0.00) | range=4.51 m
[INFO] [1790303547.089006078] [sage_target_localizer]: Person 3D | pixel=(237.3,838.6) | position=(4.88,-7.87,0.00) | range=4.51 m
[INFO] [1790303547.192410164] [sage_target_localizer]: Person 3D | pixel=(237.3,838.6) | position=(4.88,-7.87,0.00) | range=4.51 m
[INFO] [1790303547.289693745] [sage_target_localizer]: Person 3D | pixel=(164.1,863.4) | position=(4.85,-7.90,0.00) | range=4.46 m
[INFO] [1790303547.387510586] [sage_target_localizer]: Person 3D | pixel=(164.1,863.4) | position=(4.85,-7.90,0.00) | range=4.46 m
[INFO] [1790303547.488962003] [sage_target_localizer]: Person 3D | pixel=(164.1,863.4) | position=(4.85,-7.90,0.00) | range=4.46 m
[INFO] [1790303547.587236958] [sage_target_localizer]: Person 3D | pixel=(164.1,863.4) | position=(4.85,-7.90,0.00) | range=4.46 m
[INFO] [1790303552.688795612] [sage_target_localizer]: Person 3D | pixel=(1118.5,935.0) | position=(7.39,-6.26,0.00) | range=2.97 m
[INFO] [1790303552.788703472] [sage_target_localizer]: Person 3D | pixel=(1118.5,935.0) | position=(7.39,-6.26,0.00) | range=2.97 m
[INFO] [1790303552.900797491] [sage_target_localizer]: Person 3D | pixel=(1032.4,931.5) | position=(7.25,-6.58,0.00) | range=2.77 m
[INFO] [1790303552.996380360] [sage_target_localizer]: Person 3D | pixel=(1032.4,931.5) | position=(7.25,-6.58,0.00) | range=2.77 m
[INFO] [1790303553.086541856] [sage_target_localizer]: Person 3D | pixel=(1032.4,931.5) | position=(7.25,-6.58,0.00) | range=2.77 m
[INFO] [1790303553.188822140] [sage_target_localizer]: Person 3D | pixel=(1032.4,931.5) | position=(7.25,-6.58,0.00) | range=2.77 m
[INFO] [1790303553.287543651] [sage_target_localizer]: Person 3D | pixel=(1032.4,931.5) | position=(7.25,-6.58,0.00) | range=2.77 m
[INFO] [1790303553.389067641] [sage_target_localizer]: Person 3D | pixel=(1032.4,931.5) | position=(7.25,-6.58,0.00) | range=2.77 m
[INFO] [1790303553.493976621] [sage_target_localizer]: Person 3D | pixel=(1035.4,708.7) | position=(5.05,-4.84,0.00) | range=5.49 m
[INFO] [1790303553.587229333] [sage_target_localizer]: Person 3D | pixel=(1035.4,708.7) | position=(5.05,-4.84,0.00) | range=5.49 m
[INFO] [1790303553.686445333] [sage_target_localizer]: Person 3D | pixel=(1035.4,708.7) | position=(5.05,-4.84,0.00) | range=5.49 m
[INFO] [1790303553.787943707] [sage_target_localizer]: Person 3D | pixel=(701.1,930.2) | position=(7.36,-7.17,0.00) | range=2.25 m
[INFO] [1790303553.892420879] [sage_target_localizer]: Person 3D | pixel=(701.1,930.2) | position=(7.36,-7.17,0.00) | range=2.25 m
[INFO] [1790303553.997539921] [sage_target_localizer]: Person 3D | pixel=(561.5,929.3) | position=(7.44,-7.11,0.00) | range=2.26 m
[INFO] [1790303554.092123480] [sage_target_localizer]: Person 3D | pixel=(561.5,929.3) | position=(7.44,-7.11,0.00) | range=2.26 m
[INFO] [1790303554.199092253] [sage_target_localizer]: Person 3D | pixel=(561.5,929.3) | position=(7.44,-7.11,0.00) | range=2.26 m
[INFO] [1790303554.292265284] [sage_target_localizer]: Person 3D | pixel=(526.1,650.8) | position=(4.97,-4.26,0.00) | range=6.04 m
[INFO] [1790303554.387836826] [sage_target_localizer]: Person 3D | pixel=(526.1,650.8) | position=(4.97,-4.26,0.00) | range=6.04 m
[INFO] [1790303554.490172601] [sage_target_localizer]: Person 3D | pixel=(273.1,933.6) | position=(7.39,-6.70,0.00) | range=2.69 m
[INFO] [1790303554.587730091] [sage_target_localizer]: Person 3D | pixel=(273.1,933.6) | position=(7.39,-6.70,0.00) | range=2.69 m
[INFO] [1790303554.686385036] [sage_target_localizer]: Person 3D | pixel=(273.1,933.6) | position=(7.39,-6.70,0.00) | range=2.69 m
[INFO] [1790303554.787507765] [sage_target_localizer]: Person 3D | pixel=(292.6,698.6) | position=(5.18,-4.84,0.00) | range=5.51 m
[INFO] [1790303554.889353467] [sage_target_localizer]: Person 3D | pixel=(292.6,698.6) | position=(5.18,-4.84,0.00) | range=5.51 m
[INFO] [1790303554.991835472] [sage_target_localizer]: Person 3D | pixel=(292.6,698.6) | position=(5.18,-4.84,0.00) | range=5.51 m
[INFO] [1790303555.086405126] [sage_target_localizer]: Person 3D | pixel=(292.6,698.6) | position=(5.18,-4.84,0.00) | range=5.51 m
[INFO] [1790303555.192764752] [sage_target_localizer]: Person 3D | pixel=(70.0,750.2) | position=(5.59,-5.36,0.00) | range=4.86 m
[INFO] [1790303555.297162464] [sage_target_localizer]: Person 3D | pixel=(70.0,750.2) | position=(5.59,-5.36,0.00) | range=4.86 m
[INFO] [1790303555.387381890] [sage_target_localizer]: Person 3D | pixel=(70.0,750.2) | position=(5.59,-5.36,0.00) | range=4.86 m
[INFO] [1790303557.787546730] [sage_target_localizer]: Person 3D | pixel=(398.9,513.0) | position=(-1.79,5.85,0.00) | range=17.35 m
[INFO] [1790303557.894076169] [sage_target_localizer]: Person 3D | pixel=(398.9,513.0) | position=(-1.79,5.85,0.00) | range=17.35 m
[INFO] [1790303557.989743514] [sage_target_localizer]: Person 3D | pixel=(752.1,494.0) | position=(-3.64,5.58,0.00) | range=18.11 m
[INFO] [1790303558.090059851] [sage_target_localizer]: Person 3D | pixel=(752.1,494.0) | position=(-3.64,5.58,0.00) | range=18.11 m
[INFO] [1790303558.196785696] [sage_target_localizer]: Person 3D | pixel=(752.1,494.0) | position=(-3.64,5.58,0.00) | range=18.11 m
[INFO] [1790303558.289808784] [sage_target_localizer]: Person 3D | pixel=(1039.7,499.9) | position=(-0.29,5.45,0.00) | range=15.45 m
[INFO] [1790303558.387812953] [sage_target_localizer]: Person 3D | pixel=(1039.7,499.9) | position=(-0.29,5.45,0.00) | range=15.45 m
[WARN] [1790303560.091919155] [sage_target_localizer]: 3D localization skipped: UAV tilt 9.6 deg > 8.0
[INFO] [1790303562.197039933] [sage_target_localizer]: Person 3D | pixel=(845.8,586.3) | position=(0.96,6.40,0.00) | range=12.82 m
[INFO] [1790303562.293737984] [sage_target_localizer]: Person 3D | pixel=(845.8,586.3) | position=(0.96,6.40,0.00) | range=12.82 m
[INFO] [1790303562.402661773] [sage_target_localizer]: Person 3D | pixel=(845.8,586.3) | position=(0.96,6.40,0.00) | range=12.82 m
[INFO] [1790303562.497560317] [sage_target_localizer]: Person 3D | pixel=(845.8,586.3) | position=(0.96,6.40,0.00) | range=12.82 m
[INFO] [1790303562.595441179] [sage_target_localizer]: Person 3D | pixel=(618.5,574.9) | position=(1.34,7.12,0.00) | range=13.10 m
[INFO] [1790303562.699683644] [sage_target_localizer]: Person 3D | pixel=(618.5,574.9) | position=(1.34,7.12,0.00) | range=13.10 m
[INFO] [1790303562.791673543] [sage_target_localizer]: Person 3D | pixel=(618.5,574.9) | position=(1.34,7.12,0.00) | range=13.10 m
[INFO] [1790303562.889598216] [sage_target_localizer]: Person 3D | pixel=(618.5,574.9) | position=(1.34,7.12,0.00) | range=13.10 m
[INFO] [1790303562.991029626] [sage_target_localizer]: Person 3D | pixel=(618.5,574.9) | position=(1.34,7.12,0.00) | range=13.10 m
[INFO] [1790303563.091454823] [sage_target_localizer]: Person 3D | pixel=(618.5,574.9) | position=(1.34,7.12,0.00) | range=13.10 m
[INFO] [1790303563.192716601] [sage_target_localizer]: Person 3D | pixel=(1244.0,720.1) | position=(4.75,-7.24,0.00) | range=6.66 m
[INFO] [1790303563.287159718] [sage_target_localizer]: Person 3D | pixel=(1244.0,720.1) | position=(4.75,-7.24,0.00) | range=6.66 m
[INFO] [1790303563.386314288] [sage_target_localizer]: Person 3D | pixel=(1244.0,720.1) | position=(4.75,-7.24,0.00) | range=6.66 m
[INFO] [1790303563.489464268] [sage_target_localizer]: Person 3D | pixel=(1115.6,755.4) | position=(4.96,-7.33,0.00) | range=6.57 m
[INFO] [1790303563.587682677] [sage_target_localizer]: Person 3D | pixel=(1115.6,755.4) | position=(4.96,-7.33,0.00) | range=6.57 m
[INFO] [1790303563.686533944] [sage_target_localizer]: Person 3D | pixel=(1115.6,755.4) | position=(4.96,-7.33,0.00) | range=6.57 m
[WARN] [1790303565.187427846] [sage_target_localizer]: 3D localization skipped: UAV tilt 12.6 deg > 8.0
[INFO] [1790303565.486741344] [sage_target_localizer]: Person 3D | pixel=(215.1,579.7) | position=(2.04,4.64,0.00) | range=8.44 m
[INFO] [1790303565.589764326] [sage_target_localizer]: Person 3D | pixel=(215.1,579.7) | position=(2.04,4.64,0.00) | range=8.44 m
[INFO] [1790303565.690163761] [sage_target_localizer]: Person 3D | pixel=(203.4,589.8) | position=(1.02,5.41,0.00) | range=9.18 m
[INFO] [1790303565.787619089] [sage_target_localizer]: Person 3D | pixel=(203.4,589.8) | position=(1.02,5.41,0.00) | range=9.18 m
[INFO] [1790303565.889363055] [sage_target_localizer]: Person 3D | pixel=(189.7,620.6) | position=(1.25,5.12,0.00) | range=8.46 m
[INFO] [1790303565.986905878] [sage_target_localizer]: Person 3D | pixel=(189.7,620.6) | position=(1.25,5.12,0.00) | range=8.46 m
[INFO] [1790303566.093245345] [sage_target_localizer]: Person 3D | pixel=(189.7,620.6) | position=(1.25,5.12,0.00) | range=8.46 m
[INFO] [1790303566.187735585] [sage_target_localizer]: Person 3D | pixel=(166.9,609.5) | position=(0.11,6.02,0.00) | range=9.41 m
[INFO] [1790303566.289885798] [sage_target_localizer]: Person 3D | pixel=(166.9,609.5) | position=(0.11,6.02,0.00) | range=9.41 m
[INFO] [1790303566.387452885] [sage_target_localizer]: Person 3D | pixel=(166.9,609.5) | position=(0.11,6.02,0.00) | range=9.41 m
[INFO] [1790303566.486286673] [sage_target_localizer]: Person 3D | pixel=(166.9,609.5) | position=(0.11,6.02,0.00) | range=9.41 m
[INFO] [1790303566.590788465] [sage_target_localizer]: Person 3D | pixel=(148.1,609.4) | position=(1.72,4.70,0.00) | range=7.53 m
[INFO] [1790303566.690544289] [sage_target_localizer]: Person 3D | pixel=(148.1,609.4) | position=(1.72,4.70,0.00) | range=7.53 m
[INFO] [1790303566.789347849] [sage_target_localizer]: Person 3D | pixel=(148.1,609.4) | position=(1.72,4.70,0.00) | range=7.53 m
[INFO] [1790303566.891244471] [sage_target_localizer]: Person 3D | pixel=(148.1,609.4) | position=(1.72,4.70,0.00) | range=7.53 m
[INFO] [1790303566.992989990] [sage_target_localizer]: Person 3D | pixel=(148.1,609.4) | position=(1.72,4.70,0.00) | range=7.53 m
[INFO] [1790303567.089515280] [sage_target_localizer]: Person 3D | pixel=(148.1,609.4) | position=(1.72,4.70,0.00) | range=7.53 m
[INFO] [1790303567.190778671] [sage_target_localizer]: Person 3D | pixel=(148.1,609.4) | position=(1.72,4.70,0.00) | range=7.53 m
[INFO] [1790303567.295201217] [sage_target_localizer]: Person 3D | pixel=(148.1,609.4) | position=(1.72,4.70,0.00) | range=7.53 m
[INFO] [1790303567.388712956] [sage_target_localizer]: Person 3D | pixel=(148.1,609.4) | position=(1.72,4.70,0.00) | range=7.53 m
[INFO] [1790303567.490546565] [sage_target_localizer]: Person 3D | pixel=(71.1,768.6) | position=(2.67,3.74,0.00) | range=5.03 m
[INFO] [1790303567.591130775] [sage_target_localizer]: Person 3D | pixel=(71.1,768.6) | position=(2.67,3.74,0.00) | range=5.03 m
[INFO] [1790303568.392556217] [sage_target_localizer]: Person 3D | pixel=(42.4,842.1) | position=(-0.01,5.22,0.00) | range=5.34 m
[INFO] [1790303568.488212186] [sage_target_localizer]: Person 3D | pixel=(42.4,842.1) | position=(-0.01,5.22,0.00) | range=5.34 m
[INFO] [1790303568.592926828] [sage_target_localizer]: Person 3D | pixel=(241.2,553.4) | position=(-12.48,13.24,0.00) | range=19.83 m
[INFO] [1790303568.693787023] [sage_target_localizer]: Person 3D | pixel=(241.2,553.4) | position=(-12.48,13.24,0.00) | range=19.83 m
[INFO] [1790303568.787550191] [sage_target_localizer]: Person 3D | pixel=(241.2,553.4) | position=(-12.48,13.24,0.00) | range=19.83 m
[INFO] [1790303569.992441447] [sage_target_localizer]: Person 3D | pixel=(125.2,927.3) | position=(-0.25,5.06,0.00) | range=3.53 m
[INFO] [1790303570.086314027] [sage_target_localizer]: Person 3D | pixel=(125.2,927.3) | position=(-0.25,5.06,0.00) | range=3.53 m
[INFO] [1790303570.188765629] [sage_target_localizer]: Person 3D | pixel=(246.8,929.0) | position=(-0.61,5.33,0.00) | range=3.60 m
[INFO] [1790303570.287521780] [sage_target_localizer]: Person 3D | pixel=(246.8,929.0) | position=(-0.61,5.33,0.00) | range=3.60 m
[INFO] [1790303570.387230700] [sage_target_localizer]: Person 3D | pixel=(246.8,929.0) | position=(-0.61,5.33,0.00) | range=3.60 m
[INFO] [1790303570.487367137] [sage_target_localizer]: Person 3D | pixel=(338.7,931.5) | position=(-0.74,5.38,0.00) | range=3.48 m
[INFO] [1790303570.589352403] [sage_target_localizer]: Person 3D | pixel=(338.7,931.5) | position=(-0.74,5.38,0.00) | range=3.48 m
[INFO] [1790303570.686498098] [sage_target_localizer]: Person 3D | pixel=(338.7,931.5) | position=(-0.74,5.38,0.00) | range=3.48 m
[INFO] [1790303570.786186057] [sage_target_localizer]: Person 3D | pixel=(338.7,931.5) | position=(-0.74,5.38,0.00) | range=3.48 m
[WARN] [1790303570.888922832] [sage_target_localizer]: 3D localization skipped: UAV tilt 10.1 deg > 8.0
[INFO] [1790303572.693109464] [sage_target_localizer]: Person 3D | pixel=(422.9,541.3) | position=(-6.98,9.01,0.00) | range=8.54 m
[INFO] [1790303572.788829100] [sage_target_localizer]: Person 3D | pixel=(422.9,541.3) | position=(-6.98,9.01,0.00) | range=8.54 m
[INFO] [1790303572.903403950] [sage_target_localizer]: Person 3D | pixel=(422.9,541.3) | position=(-6.98,9.01,0.00) | range=8.54 m
[INFO] [1790303572.990605326] [sage_target_localizer]: Person 3D | pixel=(426.7,534.3) | position=(-9.06,9.81,0.00) | range=10.32 m
[INFO] [1790303573.095061831] [sage_target_localizer]: Person 3D | pixel=(426.7,534.3) | position=(-9.06,9.81,0.00) | range=10.32 m
[INFO] [1790303573.186727853] [sage_target_localizer]: Person 3D | pixel=(426.7,534.3) | position=(-9.06,9.81,0.00) | range=10.32 m
[INFO] [1790303573.301243208] [sage_target_localizer]: Person 3D | pixel=(436.7,564.4) | position=(-7.08,8.97,0.00) | range=7.55 m
[INFO] [1790303573.386852218] [sage_target_localizer]: Person 3D | pixel=(436.7,564.4) | position=(-7.08,8.97,0.00) | range=7.55 m
[INFO] [1790303573.491532960] [sage_target_localizer]: Person 3D | pixel=(443.9,575.6) | position=(-8.45,9.49,0.00) | range=8.52 m
[INFO] [1790303573.588552888] [sage_target_localizer]: Person 3D | pixel=(443.9,575.6) | position=(-8.45,9.49,0.00) | range=8.52 m
[INFO] [1790303573.687403213] [sage_target_localizer]: Person 3D | pixel=(443.9,575.6) | position=(-8.45,9.49,0.00) | range=8.52 m
[INFO] [1790303573.786346354] [sage_target_localizer]: Person 3D | pixel=(669.9,735.3) | position=(-4.71,6.52,0.00) | range=3.92 m
[INFO] [1790303573.894900060] [sage_target_localizer]: Person 3D | pixel=(669.9,735.3) | position=(-4.71,6.52,0.00) | range=3.92 m
[INFO] [1790303574.000483398] [sage_target_localizer]: Person 3D | pixel=(702.4,759.7) | position=(-5.01,6.59,0.00) | range=3.74 m
[INFO] [1790303574.089829327] [sage_target_localizer]: Person 3D | pixel=(702.4,759.7) | position=(-5.01,6.59,0.00) | range=3.74 m
[INFO] [1790303574.189764763] [sage_target_localizer]: Person 3D | pixel=(702.4,759.7) | position=(-5.01,6.59,0.00) | range=3.74 m
[INFO] [1790303574.293160859] [sage_target_localizer]: Person 3D | pixel=(467.9,600.8) | position=(-5.91,8.25,0.00) | range=5.84 m
[INFO] [1790303574.390571714] [sage_target_localizer]: Person 3D | pixel=(467.9,600.8) | position=(-5.91,8.25,0.00) | range=5.84 m
[INFO] [1790303574.489085256] [sage_target_localizer]: Person 3D | pixel=(467.9,600.8) | position=(-5.91,8.25,0.00) | range=5.84 m
[INFO] [1790303574.588101603] [sage_target_localizer]: Person 3D | pixel=(779.3,853.3) | position=(-4.88,6.77,0.00) | range=2.85 m
[INFO] [1790303574.689520131] [sage_target_localizer]: Person 3D | pixel=(779.3,853.3) | position=(-4.88,6.77,0.00) | range=2.85 m
[INFO] [1790303574.791736777] [sage_target_localizer]: Person 3D | pixel=(779.3,853.3) | position=(-4.88,6.77,0.00) | range=2.85 m
[INFO] [1790303574.896512900] [sage_target_localizer]: Person 3D | pixel=(873.9,925.1) | position=(-5.01,6.74,0.00) | range=2.68 m
[INFO] [1790303574.986589285] [sage_target_localizer]: Person 3D | pixel=(873.9,925.1) | position=(-5.01,6.74,0.00) | range=2.68 m
[INFO] [1790303575.087435434] [sage_target_localizer]: Person 3D | pixel=(873.9,925.1) | position=(-5.01,6.74,0.00) | range=2.68 m
[INFO] [1790303575.186033795] [sage_target_localizer]: Person 3D | pixel=(873.9,925.1) | position=(-5.01,6.74,0.00) | range=2.68 m
[INFO] [1790303575.296942207] [sage_target_localizer]: Person 3D | pixel=(1044.3,929.5) | position=(-3.17,5.55,0.00) | range=2.50 m
[INFO] [1790303575.392258942] [sage_target_localizer]: Person 3D | pixel=(1044.3,929.5) | position=(-3.17,5.55,0.00) | range=2.50 m
[INFO] [1790303575.487238451] [sage_target_localizer]: Person 3D | pixel=(1044.3,929.5) | position=(-3.17,5.55,0.00) | range=2.50 m
[INFO] [1790303575.598214839] [sage_target_localizer]: Person 3D | pixel=(568.2,717.0) | position=(-8.07,9.16,0.00) | range=4.44 m
[INFO] [1790303575.689246853] [sage_target_localizer]: Person 3D | pixel=(568.2,717.0) | position=(-8.07,9.16,0.00) | range=4.44 m
[INFO] [1790303575.791323094] [sage_target_localizer]: Person 3D | pixel=(568.2,717.0) | position=(-8.07,9.16,0.00) | range=4.44 m
[INFO] [1790303575.888865650] [sage_target_localizer]: Person 3D | pixel=(612.6,710.7) | position=(-8.58,9.30,0.00) | range=4.22 m
[INFO] [1790303575.988571531] [sage_target_localizer]: Person 3D | pixel=(612.6,710.7) | position=(-8.58,9.30,0.00) | range=4.22 m
[INFO] [1790303576.089379393] [sage_target_localizer]: Person 3D | pixel=(612.6,710.7) | position=(-8.58,9.30,0.00) | range=4.22 m
[INFO] [1790303576.187206560] [sage_target_localizer]: Person 3D | pixel=(662.0,749.6) | position=(-8.36,9.20,0.00) | range=3.63 m
[INFO] [1790303576.291587209] [sage_target_localizer]: Person 3D | pixel=(662.0,749.6) | position=(-8.36,9.20,0.00) | range=3.63 m
[INFO] [1790303576.386716440] [sage_target_localizer]: Person 3D | pixel=(662.0,749.6) | position=(-8.36,9.20,0.00) | range=3.63 m
[INFO] [1790303576.486606580] [sage_target_localizer]: Person 3D | pixel=(729.2,782.7) | position=(-8.66,9.27,0.00) | range=3.40 m
[INFO] [1790303576.597124613] [sage_target_localizer]: Person 3D | pixel=(729.2,782.7) | position=(-8.66,9.27,0.00) | range=3.40 m
[INFO] [1790303576.695673546] [sage_target_localizer]: Person 3D | pixel=(729.2,782.7) | position=(-8.66,9.27,0.00) | range=3.40 m
[INFO] [1790303576.787682349] [sage_target_localizer]: Person 3D | pixel=(803.7,823.4) | position=(-8.81,9.25,0.00) | range=3.23 m
[INFO] [1790303576.886987403] [sage_target_localizer]: Person 3D | pixel=(803.7,823.4) | position=(-8.81,9.25,0.00) | range=3.23 m
[INFO] [1790303576.992206187] [sage_target_localizer]: Person 3D | pixel=(901.6,870.8) | position=(-8.84,9.30,0.00) | range=2.87 m
[INFO] [1790303577.091432404] [sage_target_localizer]: Person 3D | pixel=(901.6,870.8) | position=(-8.84,9.30,0.00) | range=2.87 m
[INFO] [1790303577.200591490] [sage_target_localizer]: Person 3D | pixel=(901.6,870.8) | position=(-8.84,9.30,0.00) | range=2.87 m
[INFO] [1790303577.298824027] [sage_target_localizer]: Person 3D | pixel=(901.6,870.8) | position=(-8.84,9.30,0.00) | range=2.87 m
[INFO] [1790303577.395281600] [sage_target_localizer]: Person 3D | pixel=(1007.1,924.2) | position=(-8.97,9.26,0.00) | range=2.85 m
[INFO] [1790303577.498181034] [sage_target_localizer]: Person 3D | pixel=(1007.1,924.2) | position=(-8.97,9.26,0.00) | range=2.85 m
[INFO] [1790303577.586536117] [sage_target_localizer]: Person 3D | pixel=(1195.7,928.6) | position=(-9.62,8.92,0.00) | range=3.43 m
[INFO] [1790303577.687750853] [sage_target_localizer]: Person 3D | pixel=(1195.7,928.6) | position=(-9.62,8.92,0.00) | range=3.43 m
[WARN] [1790303584.097631208] [sage_target_localizer]: 3D localization skipped: UAV tilt 17.1 deg > 8.0
[INFO] [1790303585.193632918] [sage_target_localizer]: Person 3D | pixel=(790.9,600.8) | position=(-4.44,11.63,0.00) | range=9.38 m
[INFO] [1790303585.290703188] [sage_target_localizer]: Person 3D | pixel=(790.9,600.8) | position=(-4.44,11.63,0.00) | range=9.38 m
[INFO] [1790303585.389792965] [sage_target_localizer]: Person 3D | pixel=(790.9,600.8) | position=(-4.44,11.63,0.00) | range=9.38 m
[INFO] [1790303585.490765045] [sage_target_localizer]: Person 3D | pixel=(710.0,574.9) | position=(-5.10,11.55,0.00) | range=9.07 m
[INFO] [1790303585.588123110] [sage_target_localizer]: Person 3D | pixel=(710.0,574.9) | position=(-5.10,11.55,0.00) | range=9.07 m
[INFO] [1790303585.687131543] [sage_target_localizer]: Person 3D | pixel=(710.0,574.9) | position=(-5.10,11.55,0.00) | range=9.07 m
[INFO] [1790303585.791860582] [sage_target_localizer]: Person 3D | pixel=(710.0,574.9) | position=(-5.10,11.55,0.00) | range=9.07 m
[INFO] [1790303589.993291547] [sage_target_localizer]: Person 3D | pixel=(1226.1,697.4) | position=(-5.76,11.10,0.00) | range=8.67 m
[INFO] [1790303590.093791875] [sage_target_localizer]: Person 3D | pixel=(1226.1,697.4) | position=(-5.76,11.10,0.00) | range=8.67 m
[INFO] [1790303590.186851656] [sage_target_localizer]: Person 3D | pixel=(1190.0,677.2) | position=(-5.42,10.94,0.00) | range=8.99 m
[INFO] [1790303590.294573375] [sage_target_localizer]: Person 3D | pixel=(1190.0,677.2) | position=(-5.42,10.94,0.00) | range=8.99 m
[INFO] [1790303590.391439804] [sage_target_localizer]: Person 3D | pixel=(1189.9,664.4) | position=(-5.23,10.83,0.00) | range=9.17 m
[INFO] [1790303590.488572941] [sage_target_localizer]: Person 3D | pixel=(1189.9,664.4) | position=(-5.23,10.83,0.00) | range=9.17 m
[INFO] [1790303593.692118263] [sage_target_localizer]: Person 3D | pixel=(244.8,613.4) | position=(-8.77,9.64,0.00) | range=7.74 m
[INFO] [1790303593.793598706] [sage_target_localizer]: Person 3D | pixel=(244.8,613.4) | position=(-8.77,9.64,0.00) | range=7.74 m
[INFO] [1790303593.895374193] [sage_target_localizer]: Person 3D | pixel=(244.8,613.4) | position=(-8.77,9.64,0.00) | range=7.74 m
[WARN] [1790303593.990045308] [sage_target_localizer]: 3D localization skipped: UAV tilt 9.5 deg > 8.0
[INFO] [1790303598.388715449] [sage_target_localizer]: Person 3D | pixel=(773.8,635.8) | position=(-9.02,9.14,0.00) | range=5.02 m
[INFO] [1790303598.491344599] [sage_target_localizer]: Person 3D | pixel=(773.8,635.8) | position=(-9.02,9.14,0.00) | range=5.02 m
[INFO] [1790303598.591216217] [sage_target_localizer]: Person 3D | pixel=(748.9,683.3) | position=(-8.81,8.86,0.00) | range=4.77 m
[INFO] [1790303598.686781094] [sage_target_localizer]: Person 3D | pixel=(748.9,683.3) | position=(-8.81,8.86,0.00) | range=4.77 m
[INFO] [1790303598.789059629] [sage_target_localizer]: Person 3D | pixel=(748.9,683.3) | position=(-8.81,8.86,0.00) | range=4.77 m
[INFO] [1790303598.888559261] [sage_target_localizer]: Person 3D | pixel=(748.9,683.3) | position=(-8.81,8.86,0.00) | range=4.77 m
[INFO] [1790303598.987537389] [sage_target_localizer]: Person 3D | pixel=(704.6,681.7) | position=(-8.83,8.85,0.00) | range=4.19 m
[INFO] [1790303599.097299647] [sage_target_localizer]: Person 3D | pixel=(704.6,681.7) | position=(-8.83,8.85,0.00) | range=4.19 m
[INFO] [1790303599.188455173] [sage_target_localizer]: Person 3D | pixel=(704.6,681.7) | position=(-8.83,8.85,0.00) | range=4.19 m
[INFO] [1790303599.288548123] [sage_target_localizer]: Person 3D | pixel=(704.6,681.7) | position=(-8.83,8.85,0.00) | range=4.19 m
[INFO] [1790303599.388519340] [sage_target_localizer]: Person 3D | pixel=(664.6,755.8) | position=(-8.82,8.96,0.00) | range=3.47 m
[INFO] [1790303599.487302421] [sage_target_localizer]: Person 3D | pixel=(664.6,755.8) | position=(-8.82,8.96,0.00) | range=3.47 m
[INFO] [1790303599.587255564] [sage_target_localizer]: Person 3D | pixel=(664.6,755.8) | position=(-8.82,8.96,0.00) | range=3.47 m
[INFO] [1790303599.691639890] [sage_target_localizer]: Person 3D | pixel=(654.7,882.1) | position=(-8.88,9.06,0.00) | range=2.59 m
[INFO] [1790303599.787129227] [sage_target_localizer]: Person 3D | pixel=(654.7,882.1) | position=(-8.88,9.06,0.00) | range=2.59 m
[INFO] [1790303599.889024050] [sage_target_localizer]: Person 3D | pixel=(654.7,882.1) | position=(-8.88,9.06,0.00) | range=2.59 m
[INFO] [1790303599.989978405] [sage_target_localizer]: Person 3D | pixel=(679.9,921.8) | position=(-8.68,9.01,0.00) | range=2.14 m
[INFO] [1790303600.088793614] [sage_target_localizer]: Person 3D | pixel=(679.9,921.8) | position=(-8.68,9.01,0.00) | range=2.14 m
[INFO] [1790303600.197536782] [sage_target_localizer]: Person 3D | pixel=(753.9,930.8) | position=(-7.92,8.83,0.00) | range=2.27 m
[INFO] [1790303600.295158598] [sage_target_localizer]: Person 3D | pixel=(753.9,930.8) | position=(-7.92,8.83,0.00) | range=2.27 m
[INFO] [1790303600.390458202] [sage_target_localizer]: Person 3D | pixel=(753.9,930.8) | position=(-7.92,8.83,0.00) | range=2.27 m
[INFO] [1790303600.889676230] [sage_target_localizer]: Person 3D | pixel=(487.6,637.2) | position=(-4.66,4.08,0.00) | range=6.57 m
[INFO] [1790303601.393602018] [sage_target_localizer]: Person 3D | pixel=(491.3,718.3) | position=(-4.97,4.87,0.00) | range=4.30 m
[INFO] [1790303601.487206759] [sage_target_localizer]: Person 3D | pixel=(491.3,718.3) | position=(-4.97,4.87,0.00) | range=4.30 m
[INFO] [1790303601.589211344] [sage_target_localizer]: Person 3D | pixel=(491.3,718.3) | position=(-4.97,4.87,0.00) | range=4.30 m
[INFO] [1790303601.686779687] [sage_target_localizer]: Person 3D | pixel=(496.1,764.9) | position=(-4.90,5.03,0.00) | range=3.84 m
[INFO] [1790303601.786634804] [sage_target_localizer]: Person 3D | pixel=(496.1,764.9) | position=(-4.90,5.03,0.00) | range=3.84 m
[INFO] [1790303601.893184942] [sage_target_localizer]: Person 3D | pixel=(483.1,770.3) | position=(-4.85,5.01,0.00) | range=3.46 m
[INFO] [1790303602.001227025] [sage_target_localizer]: Person 3D | pixel=(483.1,770.3) | position=(-4.85,5.01,0.00) | range=3.46 m
[INFO] [1790303602.090273273] [sage_target_localizer]: Person 3D | pixel=(483.1,770.3) | position=(-4.85,5.01,0.00) | range=3.46 m
[INFO] [1790303602.192822823] [sage_target_localizer]: Person 3D | pixel=(483.1,770.3) | position=(-4.85,5.01,0.00) | range=3.46 m
[INFO] [1790303602.291743517] [sage_target_localizer]: Person 3D | pixel=(451.2,887.3) | position=(-5.03,5.26,0.00) | range=2.59 m
[INFO] [1790303602.397300981] [sage_target_localizer]: Person 3D | pixel=(451.2,887.3) | position=(-5.03,5.26,0.00) | range=2.59 m
[INFO] [1790303602.492485763] [sage_target_localizer]: Person 3D | pixel=(451.2,887.3) | position=(-5.03,5.26,0.00) | range=2.59 m
[INFO] [1790303602.592104447] [sage_target_localizer]: Person 3D | pixel=(394.9,927.8) | position=(-4.80,4.90,0.00) | range=2.49 m
[INFO] [1790303602.688564886] [sage_target_localizer]: Person 3D | pixel=(394.9,927.8) | position=(-4.80,4.90,0.00) | range=2.49 m
[INFO] [1790303602.787796710] [sage_target_localizer]: Person 3D | pixel=(283.7,935.1) | position=(-5.55,5.01,0.00) | range=2.42 m
[INFO] [1790303602.894115283] [sage_target_localizer]: Person 3D | pixel=(283.7,935.1) | position=(-5.55,5.01,0.00) | range=2.42 m
[INFO] [1790303602.989689466] [sage_target_localizer]: Person 3D | pixel=(813.5,678.2) | position=(-0.31,5.17,0.00) | range=4.87 m
[INFO] [1790303603.090023222] [sage_target_localizer]: Person 3D | pixel=(813.5,678.2) | position=(-0.31,5.17,0.00) | range=4.87 m
[INFO] [1790303603.190531237] [sage_target_localizer]: Person 3D | pixel=(813.5,678.2) | position=(-0.31,5.17,0.00) | range=4.87 m
[INFO] [1790303603.286314926] [sage_target_localizer]: Person 3D | pixel=(833.3,707.0) | position=(0.06,5.06,0.00) | range=4.85 m
[INFO] [1790303603.389341092] [sage_target_localizer]: Person 3D | pixel=(833.3,707.0) | position=(0.06,5.06,0.00) | range=4.85 m
[INFO] [1790303603.490556306] [sage_target_localizer]: Person 3D | pixel=(841.8,757.2) | position=(0.05,4.85,0.00) | range=4.25 m
[INFO] [1790303603.589345151] [sage_target_localizer]: Person 3D | pixel=(841.8,757.2) | position=(0.05,4.85,0.00) | range=4.25 m
[INFO] [1790303603.690124183] [sage_target_localizer]: Person 3D | pixel=(841.8,757.2) | position=(0.05,4.85,0.00) | range=4.25 m
[INFO] [1790303603.788892439] [sage_target_localizer]: Person 3D | pixel=(889.7,789.4) | position=(-0.02,5.04,0.00) | range=3.86 m
[INFO] [1790303603.886457273] [sage_target_localizer]: Person 3D | pixel=(889.7,789.4) | position=(-0.02,5.04,0.00) | range=3.86 m
[INFO] [1790303603.990768272] [sage_target_localizer]: Person 3D | pixel=(889.7,789.4) | position=(-0.02,5.04,0.00) | range=3.86 m
[INFO] [1790303604.090447109] [sage_target_localizer]: Person 3D | pixel=(944.2,808.3) | position=(0.01,5.09,0.00) | range=3.34 m
[INFO] [1790303604.190639503] [sage_target_localizer]: Person 3D | pixel=(944.2,808.3) | position=(0.01,5.09,0.00) | range=3.34 m
[INFO] [1790303604.288450636] [sage_target_localizer]: Person 3D | pixel=(944.2,808.3) | position=(0.01,5.09,0.00) | range=3.34 m
[INFO] [1790303604.393127559] [sage_target_localizer]: Person 3D | pixel=(1052.5,924.4) | position=(-0.51,5.41,0.00) | range=2.74 m
[INFO] [1790303604.489474022] [sage_target_localizer]: Person 3D | pixel=(1052.5,924.4) | position=(-0.51,5.41,0.00) | range=2.74 m
[INFO] [1790303604.591223040] [sage_target_localizer]: Person 3D | pixel=(1129.2,931.2) | position=(0.80,5.19,0.00) | range=3.27 m
[INFO] [1790303604.687312183] [sage_target_localizer]: Person 3D | pixel=(1129.2,931.2) | position=(0.80,5.19,0.00) | range=3.27 m
[INFO] [1790303604.787696530] [sage_target_localizer]: Person 3D | pixel=(1129.2,931.2) | position=(0.80,5.19,0.00) | range=3.27 m
[INFO] [1790303605.089661257] [sage_target_localizer]: Person 3D | pixel=(245.5,561.1) | position=(5.07,-11.49,0.00) | range=16.78 m
[INFO] [1790303605.186776395] [sage_target_localizer]: Person 3D | pixel=(245.5,561.1) | position=(5.07,-11.49,0.00) | range=16.78 m
[INFO] [1790303605.286773043] [sage_target_localizer]: Person 3D | pixel=(245.5,561.1) | position=(5.07,-11.49,0.00) | range=16.78 m
[INFO] [1790303606.187493175] [sage_target_localizer]: Person 3D | pixel=(190.2,588.8) | position=(4.40,-9.44,0.00) | range=13.18 m
[INFO] [1790303606.287729158] [sage_target_localizer]: Person 3D | pixel=(190.2,588.8) | position=(4.40,-9.44,0.00) | range=13.18 m
[INFO] [1790303606.397193760] [sage_target_localizer]: Person 3D | pixel=(190.2,588.8) | position=(4.40,-9.44,0.00) | range=13.18 m
[INFO] [1790303606.489129119] [sage_target_localizer]: Person 3D | pixel=(166.8,580.7) | position=(4.19,-8.73,0.00) | range=11.92 m
[INFO] [1790303606.595509937] [sage_target_localizer]: Person 3D | pixel=(166.8,580.7) | position=(4.19,-8.73,0.00) | range=11.92 m
[INFO] [1790303606.690164550] [sage_target_localizer]: Person 3D | pixel=(166.8,580.7) | position=(4.19,-8.73,0.00) | range=11.92 m
[INFO] [1790303606.803017370] [sage_target_localizer]: Person 3D | pixel=(138.6,613.5) | position=(4.36,-8.67,0.00) | range=11.33 m
[INFO] [1790303606.889618766] [sage_target_localizer]: Person 3D | pixel=(138.6,613.5) | position=(4.36,-8.67,0.00) | range=11.33 m
[INFO] [1790303606.992716945] [sage_target_localizer]: Person 3D | pixel=(138.6,613.5) | position=(4.36,-8.67,0.00) | range=11.33 m
[INFO] [1790303607.094297308] [sage_target_localizer]: Person 3D | pixel=(107.7,612.3) | position=(4.36,-8.72,0.00) | range=10.98 m
[INFO] [1790303607.200459722] [sage_target_localizer]: Person 3D | pixel=(107.7,612.3) | position=(4.36,-8.72,0.00) | range=10.98 m
[INFO] [1790303607.295434710] [sage_target_localizer]: Person 3D | pixel=(107.7,612.3) | position=(4.36,-8.72,0.00) | range=10.98 m
[INFO] [1790303607.386501218] [sage_target_localizer]: Person 3D | pixel=(52.4,651.1) | position=(4.21,-8.13,0.00) | range=9.98 m
[INFO] [1790303607.486555634] [sage_target_localizer]: Person 3D | pixel=(52.4,651.1) | position=(4.21,-8.13,0.00) | range=9.98 m
[INFO] [1790303607.586485381] [sage_target_localizer]: Person 3D | pixel=(52.4,651.1) | position=(4.21,-8.13,0.00) | range=9.98 m
[INFO] [1790303607.687378609] [sage_target_localizer]: Person 3D | pixel=(324.6,606.8) | position=(7.72,-7.77,0.00) | range=10.51 m
[INFO] [1790303607.789723526] [sage_target_localizer]: Person 3D | pixel=(324.6,606.8) | position=(7.72,-7.77,0.00) | range=10.51 m
[INFO] [1790303607.894235971] [sage_target_localizer]: Person 3D | pixel=(324.6,606.8) | position=(7.72,-7.77,0.00) | range=10.51 m
[INFO] [1790303607.996269622] [sage_target_localizer]: Person 3D | pixel=(301.7,622.1) | position=(7.53,-7.35,0.00) | range=9.59 m
[INFO] [1790303608.089066399] [sage_target_localizer]: Person 3D | pixel=(301.7,622.1) | position=(7.53,-7.35,0.00) | range=9.59 m
[INFO] [1790303608.188642067] [sage_target_localizer]: Person 3D | pixel=(267.7,640.3) | position=(7.49,-7.27,0.00) | range=9.05 m
[INFO] [1790303608.286522496] [sage_target_localizer]: Person 3D | pixel=(267.7,640.3) | position=(7.49,-7.27,0.00) | range=9.05 m
[INFO] [1790303608.386958571] [sage_target_localizer]: Person 3D | pixel=(243.9,653.9) | position=(7.66,-7.54,0.00) | range=9.06 m
[INFO] [1790303608.488112773] [sage_target_localizer]: Person 3D | pixel=(243.9,653.9) | position=(7.66,-7.54,0.00) | range=9.06 m
[INFO] [1790303608.586834791] [sage_target_localizer]: Person 3D | pixel=(243.9,653.9) | position=(7.66,-7.54,0.00) | range=9.06 m
[INFO] [1790303608.688005908] [sage_target_localizer]: Person 3D | pixel=(243.9,653.9) | position=(7.66,-7.54,0.00) | range=9.06 m
[INFO] [1790303608.790210966] [sage_target_localizer]: Person 3D | pixel=(215.8,664.7) | position=(7.52,-7.14,0.00) | range=8.30 m
[INFO] [1790303608.887970315] [sage_target_localizer]: Person 3D | pixel=(215.8,664.7) | position=(7.52,-7.14,0.00) | range=8.30 m
[INFO] [1790303608.990476402] [sage_target_localizer]: Person 3D | pixel=(180.2,672.4) | position=(7.71,-7.43,0.00) | range=8.25 m
[INFO] [1790303609.088308212] [sage_target_localizer]: Person 3D | pixel=(180.2,672.4) | position=(7.71,-7.43,0.00) | range=8.25 m
[INFO] [1790303609.190764979] [sage_target_localizer]: Person 3D | pixel=(180.2,672.4) | position=(7.71,-7.43,0.00) | range=8.25 m
[INFO] [1790303609.298329760] [sage_target_localizer]: Person 3D | pixel=(180.2,672.4) | position=(7.71,-7.43,0.00) | range=8.25 m
[INFO] [1790303609.397459414] [sage_target_localizer]: Person 3D | pixel=(150.2,669.5) | position=(7.61,-7.09,0.00) | range=7.58 m
[INFO] [1790303609.499633945] [sage_target_localizer]: Person 3D | pixel=(150.2,669.5) | position=(7.61,-7.09,0.00) | range=7.58 m
[INFO] [1790303609.601043933] [sage_target_localizer]: Person 3D | pixel=(150.2,669.5) | position=(7.61,-7.09,0.00) | range=7.58 m
[INFO] [1790303609.688705052] [sage_target_localizer]: Person 3D | pixel=(150.2,669.5) | position=(7.61,-7.09,0.00) | range=7.58 m
[INFO] [1790303609.792762449] [sage_target_localizer]: Person 3D | pixel=(102.3,690.6) | position=(7.67,-7.10,0.00) | range=7.28 m
[INFO] [1790303609.887808363] [sage_target_localizer]: Person 3D | pixel=(102.3,690.6) | position=(7.67,-7.10,0.00) | range=7.28 m
[INFO] [1790303609.987360979] [sage_target_localizer]: Person 3D | pixel=(42.0,717.0) | position=(7.78,-7.15,0.00) | range=6.98 m
[INFO] [1790303610.088278354] [sage_target_localizer]: Person 3D | pixel=(42.0,717.0) | position=(7.78,-7.15,0.00) | range=6.98 m
[INFO] [1790303610.189257222] [sage_target_localizer]: Person 3D | pixel=(42.0,717.0) | position=(7.78,-7.15,0.00) | range=6.98 m
[WARN] [1790303611.186448074] [sage_target_localizer]: 3D localization skipped: UAV tilt 13.8 deg > 8.0
[INFO] [1790303613.290722591] [sage_target_localizer]: Person 3D | pixel=(93.3,734.2) | position=(5.19,-6.03,0.00) | range=5.90 m
[INFO] [1790303613.386741650] [sage_target_localizer]: Person 3D | pixel=(93.3,734.2) | position=(5.19,-6.03,0.00) | range=5.90 m
[INFO] [1790303613.486602783] [sage_target_localizer]: Person 3D | pixel=(93.3,734.2) | position=(5.19,-6.03,0.00) | range=5.90 m
[INFO] [1790303613.590166527] [sage_target_localizer]: Person 3D | pixel=(863.3,763.3) | position=(8.34,-7.76,0.00) | range=4.97 m
[INFO] [1790303613.686798013] [sage_target_localizer]: Person 3D | pixel=(863.3,763.3) | position=(8.34,-7.76,0.00) | range=4.97 m
[INFO] [1790303613.791763815] [sage_target_localizer]: Person 3D | pixel=(985.6,783.8) | position=(8.16,-7.61,0.00) | range=4.86 m
[INFO] [1790303613.899018132] [sage_target_localizer]: Person 3D | pixel=(985.6,783.8) | position=(8.16,-7.61,0.00) | range=4.86 m
[INFO] [1790303613.994023111] [sage_target_localizer]: Person 3D | pixel=(1060.6,802.4) | position=(8.06,-7.45,0.00) | range=4.72 m
[INFO] [1790303614.090865647] [sage_target_localizer]: Person 3D | pixel=(1060.6,802.4) | position=(8.06,-7.45,0.00) | range=4.72 m
[INFO] [1790303614.189730224] [sage_target_localizer]: Person 3D | pixel=(1060.6,802.4) | position=(8.06,-7.45,0.00) | range=4.72 m
[INFO] [1790303614.287717406] [sage_target_localizer]: Person 3D | pixel=(1081.0,806.4) | position=(8.08,-7.48,0.00) | range=4.71 m
[INFO] [1790303614.397872636] [sage_target_localizer]: Person 3D | pixel=(1003.0,773.0) | position=(7.95,-7.65,0.00) | range=4.90 m
[INFO] [1790303614.486228280] [sage_target_localizer]: Person 3D | pixel=(1003.0,773.0) | position=(7.95,-7.65,0.00) | range=4.90 m
[INFO] [1790303614.593511160] [sage_target_localizer]: Person 3D | pixel=(1003.0,773.0) | position=(7.95,-7.65,0.00) | range=4.90 m
[INFO] [1790303614.689315799] [sage_target_localizer]: Person 3D | pixel=(1003.0,773.0) | position=(7.95,-7.65,0.00) | range=4.90 m
[INFO] [1790303614.786574011] [sage_target_localizer]: Person 3D | pixel=(1003.0,773.0) | position=(7.95,-7.65,0.00) | range=4.90 m
[INFO] [1790303614.886933804] [sage_target_localizer]: Person 3D | pixel=(879.6,746.5) | position=(7.84,-7.58,0.00) | range=4.85 m
[INFO] [1790303614.989547504] [sage_target_localizer]: Person 3D | pixel=(879.6,746.5) | position=(7.84,-7.58,0.00) | range=4.85 m
[INFO] [1790303615.089966567] [sage_target_localizer]: Person 3D | pixel=(879.6,746.5) | position=(7.84,-7.58,0.00) | range=4.85 m
[INFO] [1790303615.189262032] [sage_target_localizer]: Person 3D | pixel=(879.6,746.5) | position=(7.84,-7.58,0.00) | range=4.85 m
[INFO] [1790303615.291866577] [sage_target_localizer]: Person 3D | pixel=(319.2,738.0) | position=(7.23,-7.59,0.00) | range=5.17 m
[INFO] [1790303615.391012017] [sage_target_localizer]: Person 3D | pixel=(319.2,738.0) | position=(7.23,-7.59,0.00) | range=5.17 m
[INFO] [1790303615.489321385] [sage_target_localizer]: Person 3D | pixel=(319.2,738.0) | position=(7.23,-7.59,0.00) | range=5.17 m
[INFO] [1790303615.586138852] [sage_target_localizer]: Person 3D | pixel=(319.2,738.0) | position=(7.23,-7.59,0.00) | range=5.17 m
[INFO] [1790303615.689621865] [sage_target_localizer]: Person 3D | pixel=(319.2,738.0) | position=(7.23,-7.59,0.00) | range=5.17 m
[INFO] [1790303615.787113738] [sage_target_localizer]: Person 3D | pixel=(319.2,738.0) | position=(7.23,-7.59,0.00) | range=5.17 m
[INFO] [1790303615.886800806] [sage_target_localizer]: Person 3D | pixel=(319.2,738.0) | position=(7.23,-7.59,0.00) | range=5.17 m
[INFO] [1790303619.098156226] [sage_target_localizer]: Person 3D | pixel=(1257.0,604.2) | position=(1.30,5.87,0.00) | range=12.31 m
[INFO] [1790303619.189662780] [sage_target_localizer]: Person 3D | pixel=(1257.0,604.2) | position=(1.30,5.87,0.00) | range=12.31 m
[INFO] [1790303619.289753898] [sage_target_localizer]: Person 3D | pixel=(1257.0,604.2) | position=(1.30,5.87,0.00) | range=12.31 m
[INFO] [1790303619.389491143] [sage_target_localizer]: Person 3D | pixel=(1042.0,582.0) | position=(1.52,6.13,0.00) | range=12.33 m
[INFO] [1790303619.489766722] [sage_target_localizer]: Person 3D | pixel=(1042.0,582.0) | position=(1.52,6.13,0.00) | range=12.33 m
[INFO] [1790303619.587107755] [sage_target_localizer]: Person 3D | pixel=(1011.8,536.1) | position=(-7.06,10.84,0.00) | range=21.81 m
[INFO] [1790303619.691195689] [sage_target_localizer]: Person 3D | pixel=(1011.8,536.1) | position=(-7.06,10.84,0.00) | range=21.81 m
[INFO] [1790303619.795141475] [sage_target_localizer]: Person 3D | pixel=(908.4,531.4) | position=(-7.88,10.13,0.00) | range=22.00 m
[INFO] [1790303619.888099688] [sage_target_localizer]: Person 3D | pixel=(908.4,531.4) | position=(-7.88,10.13,0.00) | range=22.00 m
[INFO] [1790303620.002192104] [sage_target_localizer]: Person 3D | pixel=(755.4,560.9) | position=(1.38,4.62,0.00) | range=11.36 m
[INFO] [1790303620.091388154] [sage_target_localizer]: Person 3D | pixel=(755.4,560.9) | position=(1.38,4.62,0.00) | range=11.36 m
[INFO] [1790303620.192651258] [sage_target_localizer]: Person 3D | pixel=(755.4,560.9) | position=(1.38,4.62,0.00) | range=11.36 m
[INFO] [1790303620.292301166] [sage_target_localizer]: Person 3D | pixel=(654.6,560.2) | position=(1.67,4.74,0.00) | range=11.21 m
[INFO] [1790303620.393885203] [sage_target_localizer]: Person 3D | pixel=(654.6,560.2) | position=(1.67,4.74,0.00) | range=11.21 m
[INFO] [1790303620.494390706] [sage_target_localizer]: Person 3D | pixel=(637.1,528.0) | position=(-7.89,10.20,0.00) | range=22.04 m
[INFO] [1790303620.595759324] [sage_target_localizer]: Person 3D | pixel=(637.1,528.0) | position=(-7.89,10.20,0.00) | range=22.04 m
[INFO] [1790303620.702811723] [sage_target_localizer]: Person 3D | pixel=(1244.7,745.3) | position=(4.45,-5.30,0.00) | range=5.79 m
[INFO] [1790303620.791515770] [sage_target_localizer]: Person 3D | pixel=(1244.7,745.3) | position=(4.45,-5.30,0.00) | range=5.79 m
[INFO] [1790303620.895020544] [sage_target_localizer]: Person 3D | pixel=(1244.7,745.3) | position=(4.45,-5.30,0.00) | range=5.79 m
[INFO] [1790303620.987612125] [sage_target_localizer]: Person 3D | pixel=(1110.5,709.4) | position=(4.34,-5.47,0.00) | range=5.94 m
[INFO] [1790303621.086818455] [sage_target_localizer]: Person 3D | pixel=(1110.5,709.4) | position=(4.34,-5.47,0.00) | range=5.94 m
[INFO] [1790303621.189120686] [sage_target_localizer]: Person 3D | pixel=(1110.5,709.4) | position=(4.34,-5.47,0.00) | range=5.94 m
[INFO] [1790303621.296357744] [sage_target_localizer]: Person 3D | pixel=(927.1,678.2) | position=(4.32,-5.38,0.00) | range=5.91 m
[INFO] [1790303621.388205625] [sage_target_localizer]: Person 3D | pixel=(927.1,678.2) | position=(4.32,-5.38,0.00) | range=5.91 m
[INFO] [1790303621.486890289] [sage_target_localizer]: Person 3D | pixel=(927.1,678.2) | position=(4.32,-5.38,0.00) | range=5.91 m
[INFO] [1790303621.589271005] [sage_target_localizer]: Person 3D | pixel=(44.8,551.5) | position=(-7.42,10.62,0.00) | range=21.97 m
[INFO] [1790303621.686684734] [sage_target_localizer]: Person 3D | pixel=(44.8,551.5) | position=(-7.42,10.62,0.00) | range=21.97 m
[INFO] [1790303621.795597746] [sage_target_localizer]: Person 3D | pixel=(44.8,551.5) | position=(-7.42,10.62,0.00) | range=21.97 m
[WARN] [1790303621.889408845] [sage_target_localizer]: 3D localization skipped: UAV tilt 8.3 deg > 8.0
[INFO] [1790303623.387300637] [sage_target_localizer]: Person 3D | pixel=(1016.4,543.0) | position=(1.74,1.96,0.00) | range=9.19 m
[INFO] [1790303623.486795068] [sage_target_localizer]: Person 3D | pixel=(1016.4,543.0) | position=(1.74,1.96,0.00) | range=9.19 m
[INFO] [1790303629.595344686] [sage_target_localizer]: Person 3D | pixel=(1152.5,631.4) | position=(7.46,-6.58,0.00) | range=9.76 m
[INFO] [1790303629.695598929] [sage_target_localizer]: Person 3D | pixel=(1152.5,631.4) | position=(7.46,-6.58,0.00) | range=9.76 m
[INFO] [1790303629.792504752] [sage_target_localizer]: Person 3D | pixel=(1152.5,631.4) | position=(7.46,-6.58,0.00) | range=9.76 m
[INFO] [1790303631.492006670] [sage_target_localizer]: Person 3D | pixel=(22.5,647.5) | position=(7.07,-6.75,0.00) | range=10.02 m
[INFO] [1790303631.586568916] [sage_target_localizer]: Person 3D | pixel=(22.5,647.5) | position=(7.07,-6.75,0.00) | range=10.02 m
[INFO] [1790303631.690869322] [sage_target_localizer]: Person 3D | pixel=(22.5,647.5) | position=(7.07,-6.75,0.00) | range=10.02 m
[WARN] [1790303648.390487346] [sage_target_localizer]: 3D localization skipped: UAV tilt 10.7 deg > 8.0
[INFO] [1790303649.787718930] [sage_target_localizer]: Person 3D | pixel=(454.9,531.7) | position=(-3.95,10.63,0.00) | range=11.71 m
[INFO] [1790303649.887564208] [sage_target_localizer]: Person 3D | pixel=(454.9,531.7) | position=(-3.95,10.63,0.00) | range=11.71 m
[INFO] [1790303649.993843555] [sage_target_localizer]: Person 3D | pixel=(454.9,531.7) | position=(-3.95,10.63,0.00) | range=11.71 m
[INFO] [1790303650.095685006] [sage_target_localizer]: Person 3D | pixel=(530.1,533.6) | position=(-4.79,10.58,0.00) | range=12.00 m
[INFO] [1790303650.194904830] [sage_target_localizer]: Person 3D | pixel=(554.5,538.5) | position=(-6.57,10.84,0.00) | range=13.37 m
[INFO] [1790303650.298815558] [sage_target_localizer]: Person 3D | pixel=(554.5,538.5) | position=(-6.57,10.84,0.00) | range=13.37 m
[INFO] [1790303650.386752946] [sage_target_localizer]: Person 3D | pixel=(554.5,538.5) | position=(-6.57,10.84,0.00) | range=13.37 m
[INFO] [1790303650.691357375] [sage_target_localizer]: Person 3D | pixel=(537.6,526.8) | position=(-5.81,10.80,0.00) | range=11.79 m
[INFO] [1790303650.795463571] [sage_target_localizer]: Person 3D | pixel=(537.6,526.8) | position=(-5.81,10.80,0.00) | range=11.79 m
[INFO] [1790303650.887500377] [sage_target_localizer]: Person 3D | pixel=(537.6,526.8) | position=(-5.81,10.80,0.00) | range=11.79 m
[INFO] [1790303650.992611338] [sage_target_localizer]: Person 3D | pixel=(537.6,526.8) | position=(-5.81,10.80,0.00) | range=11.79 m
[INFO] [1790303651.088162970] [sage_target_localizer]: Person 3D | pixel=(513.4,662.2) | position=(-3.07,10.65,0.00) | range=8.74 m
[INFO] [1790303651.188652077] [sage_target_localizer]: Person 3D | pixel=(513.4,662.2) | position=(-3.07,10.65,0.00) | range=8.74 m
[INFO] [1790303651.287198984] [sage_target_localizer]: Person 3D | pixel=(513.4,662.2) | position=(-3.07,10.65,0.00) | range=8.74 m
[INFO] [1790303651.689220201] [sage_target_localizer]: Person 3D | pixel=(976.5,715.7) | position=(-0.15,6.14,0.00) | range=6.48 m
[INFO] [1790303651.788247609] [sage_target_localizer]: Person 3D | pixel=(1075.6,652.2) | position=(-0.43,5.40,0.00) | range=6.99 m
[INFO] [1790303651.889381104] [sage_target_localizer]: Person 3D | pixel=(1075.6,652.2) | position=(-0.43,5.40,0.00) | range=6.99 m
[INFO] [1790303651.986523910] [sage_target_localizer]: Person 3D | pixel=(1075.6,652.2) | position=(-0.43,5.40,0.00) | range=6.99 m
[INFO] [1790303652.088337271] [sage_target_localizer]: Person 3D | pixel=(1075.6,652.2) | position=(-0.43,5.40,0.00) | range=6.99 m
[INFO] [1790303652.187812368] [sage_target_localizer]: Person 3D | pixel=(1075.6,652.2) | position=(-0.43,5.40,0.00) | range=6.99 m
[INFO] [1790303652.793373041] [sage_target_localizer]: Person 3D | pixel=(657.4,593.4) | position=(-3.23,10.52,0.00) | range=6.38 m
[INFO] [1790303652.891466561] [sage_target_localizer]: Person 3D | pixel=(657.4,593.4) | position=(-3.23,10.52,0.00) | range=6.38 m
[INFO] [1790303652.987654100] [sage_target_localizer]: Person 3D | pixel=(657.4,593.4) | position=(-3.23,10.52,0.00) | range=6.38 m
[INFO] [1790303653.096251876] [sage_target_localizer]: Person 3D | pixel=(658.2,616.9) | position=(-2.65,10.43,0.00) | range=5.41 m
[INFO] [1790303653.188713265] [sage_target_localizer]: Person 3D | pixel=(658.2,616.9) | position=(-2.65,10.43,0.00) | range=5.41 m
[INFO] [1790303653.288600443] [sage_target_localizer]: Person 3D | pixel=(658.2,616.9) | position=(-2.65,10.43,0.00) | range=5.41 m
[INFO] [1790303653.690839644] [sage_target_localizer]: Person 3D | pixel=(665.9,717.8) | position=(-2.79,10.16,0.00) | range=4.37 m
[INFO] [1790303653.791375522] [sage_target_localizer]: Person 3D | pixel=(665.9,717.8) | position=(-2.79,10.16,0.00) | range=4.37 m
[INFO] [1790303653.900167682] [sage_target_localizer]: Person 3D | pixel=(665.9,717.8) | position=(-2.79,10.16,0.00) | range=4.37 m
[INFO] [1790303653.987958782] [sage_target_localizer]: Person 3D | pixel=(665.9,717.8) | position=(-2.79,10.16,0.00) | range=4.37 m
[INFO] [1790303654.087107111] [sage_target_localizer]: Person 3D | pixel=(681.5,770.5) | position=(-3.04,10.06,0.00) | range=4.13 m
[INFO] [1790303654.195022517] [sage_target_localizer]: Person 3D | pixel=(681.5,770.5) | position=(-3.04,10.06,0.00) | range=4.13 m
[INFO] [1790303654.294478129] [sage_target_localizer]: Person 3D | pixel=(681.5,770.5) | position=(-3.04,10.06,0.00) | range=4.13 m
[INFO] [1790303654.390744725] [sage_target_localizer]: Person 3D | pixel=(671.1,714.5) | position=(-6.41,9.98,0.00) | range=6.82 m
[INFO] [1790303654.487278159] [sage_target_localizer]: Person 3D | pixel=(671.1,714.5) | position=(-6.41,9.98,0.00) | range=6.82 m
[WARN] [1790303654.588185832] [sage_target_localizer]: 3D localization skipped: UAV tilt 8.8 deg > 8.0
[INFO] [1790303655.589128789] [sage_target_localizer]: Person 3D | pixel=(814.0,839.5) | position=(-4.94,9.26,0.00) | range=4.16 m
[INFO] [1790303655.687198056] [sage_target_localizer]: Person 3D | pixel=(814.0,839.5) | position=(-4.94,9.26,0.00) | range=4.16 m
[INFO] [1790303655.786597117] [sage_target_localizer]: Person 3D | pixel=(716.2,791.3) | position=(-4.98,9.19,0.00) | range=4.15 m
[INFO] [1790303655.888583028] [sage_target_localizer]: Person 3D | pixel=(716.2,791.3) | position=(-4.98,9.19,0.00) | range=4.15 m
[INFO] [1790303657.286986652] [sage_target_localizer]: Person 3D | pixel=(138.2,772.5) | position=(-4.85,8.08,0.00) | range=4.94 m
[INFO] [1790303657.396206709] [sage_target_localizer]: Person 3D | pixel=(138.2,772.5) | position=(-4.85,8.08,0.00) | range=4.94 m
[INFO] [1790303657.487753339] [sage_target_localizer]: Person 3D | pixel=(138.2,772.5) | position=(-4.85,8.08,0.00) | range=4.94 m
[INFO] [1790303658.487752520] [sage_target_localizer]: Person 3D | pixel=(816.2,531.2) | position=(-1.57,4.47,0.00) | range=9.00 m
[INFO] [1790303658.588005080] [sage_target_localizer]: Person 3D | pixel=(816.2,531.2) | position=(-1.57,4.47,0.00) | range=9.00 m
[INFO] [1790303658.689633476] [sage_target_localizer]: Person 3D | pixel=(816.2,531.2) | position=(-1.57,4.47,0.00) | range=9.00 m
[WARN] [1790303660.693379089] [sage_target_localizer]: 3D localization skipped: UAV tilt 9.3 deg > 8.0
[INFO] [1790303661.287444092] [sage_target_localizer]: Person 3D | pixel=(186.2,630.8) | position=(-0.56,5.59,0.00) | range=6.67 m
[INFO] [1790303661.394849704] [sage_target_localizer]: Person 3D | pixel=(186.2,630.8) | position=(-0.56,5.59,0.00) | range=6.67 m
[INFO] [1790303661.487748898] [sage_target_localizer]: Person 3D | pixel=(186.2,630.8) | position=(-0.56,5.59,0.00) | range=6.67 m
[INFO] [1790303661.592020924] [sage_target_localizer]: Person 3D | pixel=(132.2,650.3) | position=(-0.74,5.10,0.00) | range=6.77 m
[INFO] [1790303661.686745730] [sage_target_localizer]: Person 3D | pixel=(132.2,650.3) | position=(-0.74,5.10,0.00) | range=6.77 m
[INFO] [1790303661.790972262] [sage_target_localizer]: Person 3D | pixel=(38.7,666.6) | position=(-0.68,5.45,0.00) | range=6.06 m
[INFO] [1790303661.886494913] [sage_target_localizer]: Person 3D | pixel=(38.7,666.6) | position=(-0.68,5.45,0.00) | range=6.06 m
[INFO] [1790303661.988610315] [sage_target_localizer]: Person 3D | pixel=(38.7,666.6) | position=(-0.68,5.45,0.00) | range=6.06 m
[INFO] [1790303663.287701455] [sage_target_localizer]: Person 3D | pixel=(88.0,636.8) | position=(3.23,-8.01,0.00) | range=17.95 m
[INFO] [1790303663.387313474] [sage_target_localizer]: Person 3D | pixel=(88.0,636.8) | position=(3.23,-8.01,0.00) | range=17.95 m
[INFO] [1790303668.088978636] [sage_target_localizer]: Person 3D | pixel=(1203.0,636.9) | position=(-7.74,10.18,0.00) | range=10.02 m
[INFO] [1790303668.186333444] [sage_target_localizer]: Person 3D | pixel=(1203.0,636.9) | position=(-7.74,10.18,0.00) | range=10.02 m
[INFO] [1790303668.494719068] [sage_target_localizer]: Person 3D | pixel=(1132.2,682.1) | position=(-4.87,7.48,0.00) | range=7.18 m
[INFO] [1790303668.590674413] [sage_target_localizer]: Person 3D | pixel=(1132.2,682.1) | position=(-4.87,7.48,0.00) | range=7.18 m
[INFO] [1790303670.097343170] [sage_target_localizer]: Person 3D | pixel=(45.7,640.7) | position=(-7.47,10.99,0.00) | range=9.95 m
[INFO] [1790303670.189452726] [sage_target_localizer]: Person 3D | pixel=(45.7,640.7) | position=(-7.47,10.99,0.00) | range=9.95 m
[INFO] [1790303670.287208803] [sage_target_localizer]: Person 3D | pixel=(45.7,640.7) | position=(-7.47,10.99,0.00) | range=9.95 m
[INFO] [1790303671.286606015] [sage_target_localizer]: Person 3D | pixel=(34.5,832.2) | position=(-0.58,5.73,0.00) | range=4.39 m
[INFO] [1790303671.391379252] [sage_target_localizer]: Person 3D | pixel=(34.5,832.2) | position=(-0.58,5.73,0.00) | range=4.39 m
[INFO] [1790303671.499367766] [sage_target_localizer]: Person 3D | pixel=(34.5,832.2) | position=(-0.58,5.73,0.00) | range=4.39 m
[INFO] [1790303672.191053732] [sage_target_localizer]: Person 3D | pixel=(60.8,565.3) | position=(0.60,-9.16,0.00) | range=18.22 m
[INFO] [1790303672.291469561] [sage_target_localizer]: Person 3D | pixel=(60.8,565.3) | position=(0.60,-9.16,0.00) | range=18.22 m
[INFO] [1790303672.394561138] [sage_target_localizer]: Person 3D | pixel=(60.8,565.3) | position=(0.60,-9.16,0.00) | range=18.22 m
[INFO] [1790303672.490732054] [sage_target_localizer]: Person 3D | pixel=(60.8,565.3) | position=(0.60,-9.16,0.00) | range=18.22 m
[WARN] [1790303672.797580138] [sage_target_localizer]: 3D localization skipped: UAV tilt 16.4 deg > 8.0
[INFO] [1790303674.992233073] [sage_target_localizer]: Person 3D | pixel=(1104.1,926.8) | position=(-0.42,5.28,0.00) | range=2.95 m
[INFO] [1790303675.088445233] [sage_target_localizer]: Person 3D | pixel=(1104.1,926.8) | position=(-0.42,5.28,0.00) | range=2.95 m
[INFO] [1790303675.186693939] [sage_target_localizer]: Person 3D | pixel=(1104.1,926.8) | position=(-0.42,5.28,0.00) | range=2.95 m
[INFO] [1790303675.287030019] [sage_target_localizer]: Person 3D | pixel=(880.9,926.8) | position=(-0.07,5.42,0.00) | range=2.51 m
[INFO] [1790303675.386566726] [sage_target_localizer]: Person 3D | pixel=(880.9,926.8) | position=(-0.07,5.42,0.00) | range=2.51 m
[INFO] [1790303675.488488303] [sage_target_localizer]: Person 3D | pixel=(671.1,927.7) | position=(0.33,6.93,0.00) | range=2.03 m
[INFO] [1790303675.586498337] [sage_target_localizer]: Person 3D | pixel=(671.1,927.7) | position=(0.33,6.93,0.00) | range=2.03 m
[INFO] [1790303675.687199397] [sage_target_localizer]: Person 3D | pixel=(521.1,928.8) | position=(0.01,5.35,0.00) | range=2.50 m
[INFO] [1790303675.786803093] [sage_target_localizer]: Person 3D | pixel=(521.1,928.8) | position=(0.01,5.35,0.00) | range=2.50 m
[INFO] [1790303675.891510547] [sage_target_localizer]: Person 3D | pixel=(424.0,929.1) | position=(-0.05,5.14,0.00) | range=2.62 m
[INFO] [1790303675.986725341] [sage_target_localizer]: Person 3D | pixel=(424.0,929.1) | position=(-0.05,5.14,0.00) | range=2.62 m
[INFO] [1790303676.087384504] [sage_target_localizer]: Person 3D | pixel=(424.0,929.1) | position=(-0.05,5.14,0.00) | range=2.62 m
[INFO] [1790303676.188124921] [sage_target_localizer]: Person 3D | pixel=(424.0,929.1) | position=(-0.05,5.14,0.00) | range=2.62 m
[INFO] [1790303676.288380351] [sage_target_localizer]: Person 3D | pixel=(424.0,929.1) | position=(-0.05,5.14,0.00) | range=2.62 m
[INFO] [1790303676.390947346] [sage_target_localizer]: Person 3D | pixel=(424.0,929.1) | position=(-0.05,5.14,0.00) | range=2.62 m
[INFO] [1790303676.490906994] [sage_target_localizer]: Person 3D | pixel=(424.0,929.1) | position=(-0.05,5.14,0.00) | range=2.62 m
[INFO] [1790303676.586987659] [sage_target_localizer]: Person 3D | pixel=(424.0,929.1) | position=(-0.05,5.14,0.00) | range=2.62 m
[INFO] [1790303676.691938764] [sage_target_localizer]: Person 3D | pixel=(106.8,930.3) | position=(-0.42,5.41,0.00) | range=3.73 m
[INFO] [1790303676.788746947] [sage_target_localizer]: Person 3D | pixel=(106.8,930.3) | position=(-0.42,5.41,0.00) | range=3.73 m
[INFO] [1790303676.887143498] [sage_target_localizer]: Person 3D | pixel=(77.1,931.2) | position=(-0.29,5.17,0.00) | range=3.75 m
[INFO] [1790303676.986376886] [sage_target_localizer]: Person 3D | pixel=(77.1,931.2) | position=(-0.29,5.17,0.00) | range=3.75 m
[INFO] [1790303677.091996713] [sage_target_localizer]: Person 3D | pixel=(77.1,931.2) | position=(-0.29,5.17,0.00) | range=3.75 m
[INFO] [1790303677.188962998] [sage_target_localizer]: Person 3D | pixel=(77.1,931.2) | position=(-0.29,5.17,0.00) | range=3.75 m
[INFO] [1790303677.294956473] [sage_target_localizer]: Person 3D | pixel=(77.1,931.2) | position=(-0.29,5.17,0.00) | range=3.75 m
[INFO] [1790303678.601321018] [sage_target_localizer]: Person 3D | pixel=(46.9,646.9) | position=(-7.78,10.16,0.00) | range=15.18 m
[INFO] [1790303678.690030717] [sage_target_localizer]: Person 3D | pixel=(32.7,638.2) | position=(-6.89,8.93,0.00) | range=13.96 m
[INFO] [1790303678.787672552] [sage_target_localizer]: Person 3D | pixel=(32.7,638.2) | position=(-6.89,8.93,0.00) | range=13.96 m
[INFO] [1790303678.894836446] [sage_target_localizer]: Person 3D | pixel=(32.7,638.2) | position=(-6.89,8.93,0.00) | range=13.96 m
[WARN] [1790303687.090822441] [sage_target_localizer]: 3D localization skipped: UAV tilt 18.2 deg > 8.0
[INFO] [1790303688.589355028] [sage_target_localizer]: Person 3D | pixel=(458.6,752.1) | position=(7.19,-8.16,0.00) | range=4.29 m
[INFO] [1790303688.696455180] [sage_target_localizer]: Person 3D | pixel=(458.6,752.1) | position=(7.19,-8.16,0.00) | range=4.29 m
[INFO] [1790303688.791897938] [sage_target_localizer]: Person 3D | pixel=(458.6,752.1) | position=(7.19,-8.16,0.00) | range=4.29 m
[INFO] [1790303690.887449648] [sage_target_localizer]: Person 3D | pixel=(700.9,686.0) | position=(5.04,-10.50,0.00) | range=5.06 m
[INFO] [1790303690.986729561] [sage_target_localizer]: Person 3D | pixel=(700.9,686.0) | position=(5.04,-10.50,0.00) | range=5.06 m
[INFO] [1790303691.087098195] [sage_target_localizer]: Person 3D | pixel=(700.9,686.0) | position=(5.04,-10.50,0.00) | range=5.06 m
[INFO] [1790303691.190882451] [sage_target_localizer]: Person 3D | pixel=(700.9,686.0) | position=(5.04,-10.50,0.00) | range=5.06 m
[WARN] [1790303692.087100591] [sage_target_localizer]: 3D localization skipped: UAV tilt 12.2 deg > 8.0
[INFO] [1790303693.086834366] [sage_target_localizer]: Person 3D | pixel=(532.9,555.7) | position=(3.54,-11.38,0.00) | range=6.10 m
[INFO] [1790303693.190087842] [sage_target_localizer]: Person 3D | pixel=(532.9,555.7) | position=(3.54,-11.38,0.00) | range=6.10 m
[INFO] [1790303693.293473072] [sage_target_localizer]: Person 3D | pixel=(532.9,555.7) | position=(3.54,-11.38,0.00) | range=6.10 m
[INFO] [1790303693.388860610] [sage_target_localizer]: Person 3D | pixel=(504.0,565.5) | position=(3.30,-11.55,0.00) | range=5.99 m
[INFO] [1790303693.488072271] [sage_target_localizer]: Person 3D | pixel=(504.0,565.5) | position=(3.30,-11.55,0.00) | range=5.99 m
[INFO] [1790303693.593338889] [sage_target_localizer]: Person 3D | pixel=(504.0,565.5) | position=(3.30,-11.55,0.00) | range=5.99 m
[INFO] [1790303693.687512469] [sage_target_localizer]: Person 3D | pixel=(464.9,575.4) | position=(3.93,-11.60,0.00) | range=7.12 m
[INFO] [1790303693.786413460] [sage_target_localizer]: Person 3D | pixel=(464.9,575.4) | position=(3.93,-11.60,0.00) | range=7.12 m
[INFO] [1790303693.886376161] [sage_target_localizer]: Person 3D | pixel=(464.9,575.4) | position=(3.93,-11.60,0.00) | range=7.12 m
[INFO] [1790303693.988063538] [sage_target_localizer]: Person 3D | pixel=(428.6,590.7) | position=(3.89,-11.85,0.00) | range=7.21 m
[INFO] [1790303694.086334877] [sage_target_localizer]: Person 3D | pixel=(428.6,590.7) | position=(3.89,-11.85,0.00) | range=7.21 m
[INFO] [1790303694.186902630] [sage_target_localizer]: Person 3D | pixel=(421.7,597.4) | position=(4.05,-11.90,0.00) | range=7.39 m
[INFO] [1790303694.296846377] [sage_target_localizer]: Person 3D | pixel=(421.7,597.4) | position=(4.05,-11.90,0.00) | range=7.39 m
[INFO] [1790303694.397639151] [sage_target_localizer]: Person 3D | pixel=(425.1,603.9) | position=(4.14,-11.83,0.00) | range=7.43 m
[INFO] [1790303694.490534367] [sage_target_localizer]: Person 3D | pixel=(425.1,603.9) | position=(4.14,-11.83,0.00) | range=7.43 m
[INFO] [1790303694.591317353] [sage_target_localizer]: Person 3D | pixel=(448.1,619.0) | position=(3.95,-11.39,0.00) | range=7.08 m
[INFO] [1790303694.687641379] [sage_target_localizer]: Person 3D | pixel=(448.1,619.0) | position=(3.95,-11.39,0.00) | range=7.08 m
[INFO] [1790303694.798800591] [sage_target_localizer]: Person 3D | pixel=(439.8,627.2) | position=(3.90,-11.43,0.00) | range=7.03 m
[INFO] [1790303694.895510773] [sage_target_localizer]: Person 3D | pixel=(439.8,627.2) | position=(3.90,-11.43,0.00) | range=7.03 m
[INFO] [1790303694.993309676] [sage_target_localizer]: Person 3D | pixel=(369.6,629.4) | position=(4.07,-11.67,0.00) | range=7.25 m
[INFO] [1790303695.087476360] [sage_target_localizer]: Person 3D | pixel=(369.6,629.4) | position=(4.07,-11.67,0.00) | range=7.25 m
[INFO] [1790303695.186403738] [sage_target_localizer]: Person 3D | pixel=(369.6,629.4) | position=(4.07,-11.67,0.00) | range=7.25 m
[INFO] [1790303695.286565486] [sage_target_localizer]: Person 3D | pixel=(196.4,643.5) | position=(3.86,-11.65,0.00) | range=7.03 m
[INFO] [1790303695.388789476] [sage_target_localizer]: Person 3D | pixel=(196.4,643.5) | position=(3.86,-11.65,0.00) | range=7.03 m
[INFO] [1790303700.991903336] [sage_target_localizer]: Person 3D | pixel=(906.9,496.9) | position=(-6.77,12.51,0.00) | range=20.90 m
[INFO] [1790303701.089503535] [sage_target_localizer]: Person 3D | pixel=(906.9,496.9) | position=(-6.77,12.51,0.00) | range=20.90 m
[INFO] [1790303701.201853511] [sage_target_localizer]: Person 3D | pixel=(906.9,496.9) | position=(-6.77,12.51,0.00) | range=20.90 m
[INFO] [1790303701.287026340] [sage_target_localizer]: Person 3D | pixel=(906.9,496.9) | position=(-6.77,12.51,0.00) | range=20.90 m
[INFO] [1790303701.389112706] [sage_target_localizer]: Person 3D | pixel=(906.9,496.9) | position=(-6.77,12.51,0.00) | range=20.90 m
[INFO] [1790303701.489140031] [sage_target_localizer]: Person 3D | pixel=(906.9,496.9) | position=(-6.77,12.51,0.00) | range=20.90 m
[INFO] [1790303701.592265167] [sage_target_localizer]: Person 3D | pixel=(906.9,496.9) | position=(-6.77,12.51,0.00) | range=20.90 m
[INFO] [1790303701.687552031] [sage_target_localizer]: Person 3D | pixel=(906.9,496.9) | position=(-6.77,12.51,0.00) | range=20.90 m
[INFO] [1790303701.787338597] [sage_target_localizer]: Person 3D | pixel=(763.5,582.5) | position=(0.16,5.10,0.00) | range=9.89 m
[INFO] [1790303701.891809803] [sage_target_localizer]: Person 3D | pixel=(763.5,582.5) | position=(0.16,5.10,0.00) | range=9.89 m
[INFO] [1790303701.986997108] [sage_target_localizer]: Person 3D | pixel=(763.5,582.5) | position=(0.16,5.10,0.00) | range=9.89 m
[INFO] [1790303702.092790392] [sage_target_localizer]: Person 3D | pixel=(932.2,672.4) | position=(-0.97,2.33,0.00) | range=7.25 m
[INFO] [1790303702.188983552] [sage_target_localizer]: Person 3D | pixel=(932.2,672.4) | position=(-0.97,2.33,0.00) | range=7.25 m
[WARN] [1790303702.286578292] [sage_target_localizer]: 3D localization skipped: UAV tilt 19.8 deg > 8.0
[INFO] [1790303702.892697626] [sage_target_localizer]: Person 3D | pixel=(227.2,623.1) | position=(0.83,7.44,0.00) | range=10.47 m
[INFO] [1790303702.992842084] [sage_target_localizer]: Person 3D | pixel=(227.2,623.1) | position=(0.83,7.44,0.00) | range=10.47 m
[INFO] [1790303703.092096459] [sage_target_localizer]: Person 3D | pixel=(227.2,623.1) | position=(0.83,7.44,0.00) | range=10.47 m
[WARN] [1790303703.189070250] [sage_target_localizer]: 3D localization skipped: ray too close to horizontal/upward | bbox_center_y=410.0 | bbox_height=63.5 | anchor_v=435.4 | cy=480.0 | ray_y=-0.0665 | ned_z=0.0470
[WARN] [1790303703.286441282] [sage_target_localizer]: 3D localization skipped: ray too close to horizontal/upward | bbox_center_y=410.0 | bbox_height=63.5 | anchor_v=435.4 | cy=480.0 | ray_y=-0.0665 | ned_z=0.0470
[INFO] [1790303704.489174298] [sage_target_localizer]: Person 3D | pixel=(65.0,549.1) | position=(-9.97,10.48,0.00) | range=16.00 m
[INFO] [1790303704.587454965] [sage_target_localizer]: Person 3D | pixel=(65.0,549.1) | position=(-9.97,10.48,0.00) | range=16.00 m
[INFO] [1790303704.690192947] [sage_target_localizer]: Person 3D | pixel=(199.3,525.5) | position=(-10.83,11.42,0.00) | range=16.59 m
[INFO] [1790303704.787638812] [sage_target_localizer]: Person 3D | pixel=(199.3,525.5) | position=(-10.83,11.42,0.00) | range=16.59 m
[INFO] [1790303704.886164249] [sage_target_localizer]: Person 3D | pixel=(245.6,561.1) | position=(-7.49,8.46,0.00) | range=11.68 m
[INFO] [1790303704.989292836] [sage_target_localizer]: Person 3D | pixel=(245.6,561.1) | position=(-7.49,8.46,0.00) | range=11.68 m
[INFO] [1790303705.090541744] [sage_target_localizer]: Person 3D | pixel=(245.6,561.1) | position=(-7.49,8.46,0.00) | range=11.68 m
[INFO] [1790303705.190277687] [sage_target_localizer]: Person 3D | pixel=(260.6,561.9) | position=(-9.25,10.47,0.00) | range=13.95 m
[INFO] [1790303705.287710715] [sage_target_localizer]: Person 3D | pixel=(260.6,561.9) | position=(-9.25,10.47,0.00) | range=13.95 m
[INFO] [1790303705.386450123] [sage_target_localizer]: Person 3D | pixel=(262.1,560.2) | position=(-8.17,9.55,0.00) | range=11.85 m
[INFO] [1790303705.491944622] [sage_target_localizer]: Person 3D | pixel=(262.1,560.2) | position=(-8.17,9.55,0.00) | range=11.85 m
[INFO] [1790303705.587167119] [sage_target_localizer]: Person 3D | pixel=(262.1,560.2) | position=(-8.17,9.55,0.00) | range=11.85 m
[INFO] [1790303705.696425734] [sage_target_localizer]: Person 3D | pixel=(262.1,560.2) | position=(-8.17,9.55,0.00) | range=11.85 m
[INFO] [1790303705.786992254] [sage_target_localizer]: Person 3D | pixel=(262.1,560.2) | position=(-8.17,9.55,0.00) | range=11.85 m
[INFO] [1790303705.887845315] [sage_target_localizer]: Person 3D | pixel=(262.1,560.2) | position=(-8.17,9.55,0.00) | range=11.85 m
[INFO] [1790303705.992963052] [sage_target_localizer]: Person 3D | pixel=(262.1,560.2) | position=(-8.17,9.55,0.00) | range=11.85 m
[INFO] [1790303706.093429435] [sage_target_localizer]: Person 3D | pixel=(262.1,560.2) | position=(-8.17,9.55,0.00) | range=11.85 m
[INFO] [1790303706.192720974] [sage_target_localizer]: Person 3D | pixel=(262.1,560.2) | position=(-8.17,9.55,0.00) | range=11.85 m
[INFO] [1790303706.287692039] [sage_target_localizer]: Person 3D | pixel=(262.1,560.2) | position=(-8.17,9.55,0.00) | range=11.85 m
[INFO] [1790303706.386801094] [sage_target_localizer]: Person 3D | pixel=(267.1,608.1) | position=(-8.08,8.63,0.00) | range=9.94 m
[INFO] [1790303706.497451430] [sage_target_localizer]: Person 3D | pixel=(267.1,608.1) | position=(-8.08,8.63,0.00) | range=9.94 m
[INFO] [1790303706.592426012] [sage_target_localizer]: Person 3D | pixel=(267.1,608.1) | position=(-8.08,8.63,0.00) | range=9.94 m
[INFO] [1790303706.692113874] [sage_target_localizer]: Person 3D | pixel=(302.5,621.7) | position=(-7.90,9.01,0.00) | range=8.59 m
[INFO] [1790303706.787522493] [sage_target_localizer]: Person 3D | pixel=(302.5,621.7) | position=(-7.90,9.01,0.00) | range=8.59 m
[INFO] [1790303706.887773976] [sage_target_localizer]: Person 3D | pixel=(302.5,621.7) | position=(-7.90,9.01,0.00) | range=8.59 m
[INFO] [1790303706.986612904] [sage_target_localizer]: Person 3D | pixel=(369.0,696.0) | position=(-7.33,8.51,0.00) | range=7.36 m
[INFO] [1790303707.086451906] [sage_target_localizer]: Person 3D | pixel=(369.0,696.0) | position=(-7.33,8.51,0.00) | range=7.36 m
[INFO] [1790303707.190834891] [sage_target_localizer]: Person 3D | pixel=(369.0,696.0) | position=(-7.33,8.51,0.00) | range=7.36 m
[WARN] [1790303708.188290816] [sage_target_localizer]: 3D localization skipped: UAV tilt 22.9 deg > 8.0
[INFO] [1790303709.390967897] [sage_target_localizer]: Person 3D | pixel=(57.0,613.8) | position=(2.07,-1.20,0.00) | range=6.87 m
[INFO] [1790303709.491607177] [sage_target_localizer]: Person 3D | pixel=(57.0,613.8) | position=(2.07,-1.20,0.00) | range=6.87 m
[INFO] [1790303709.589409097] [sage_target_localizer]: Person 3D | pixel=(176.4,671.1) | position=(3.65,-2.92,0.00) | range=7.79 m
[INFO] [1790303709.689507695] [sage_target_localizer]: Person 3D | pixel=(176.4,671.1) | position=(3.65,-2.92,0.00) | range=7.79 m
[INFO] [1790303709.794560190] [sage_target_localizer]: Person 3D | pixel=(176.4,671.1) | position=(3.65,-2.92,0.00) | range=7.79 m
[INFO] [1790303709.886480173] [sage_target_localizer]: Person 3D | pixel=(324.6,691.0) | position=(3.95,-3.35,0.00) | range=7.86 m
[INFO] [1790303709.988415278] [sage_target_localizer]: Person 3D | pixel=(324.6,691.0) | position=(3.95,-3.35,0.00) | range=7.86 m
[INFO] [1790303710.087750698] [sage_target_localizer]: Person 3D | pixel=(324.6,691.0) | position=(3.95,-3.35,0.00) | range=7.86 m
[INFO] [1790303710.189962931] [sage_target_localizer]: Person 3D | pixel=(428.3,686.6) | position=(4.06,-4.13,0.00) | range=8.31 m
[INFO] [1790303710.286516346] [sage_target_localizer]: Person 3D | pixel=(428.3,686.6) | position=(4.06,-4.13,0.00) | range=8.31 m
[INFO] [1790303710.388632415] [sage_target_localizer]: Person 3D | pixel=(485.3,681.6) | position=(4.02,-4.31,0.00) | range=8.19 m
[INFO] [1790303710.487649482] [sage_target_localizer]: Person 3D | pixel=(485.3,681.6) | position=(4.02,-4.31,0.00) | range=8.19 m
[INFO] [1790303710.587309181] [sage_target_localizer]: Person 3D | pixel=(485.3,681.6) | position=(4.02,-4.31,0.00) | range=8.19 m
[INFO] [1790303712.293161646] [sage_target_localizer]: Person 3D | pixel=(289.4,799.8) | position=(0.16,5.86,0.00) | range=3.61 m
[INFO] [1790303712.390187120] [sage_target_localizer]: Person 3D | pixel=(289.4,799.8) | position=(0.16,5.86,0.00) | range=3.61 m
[INFO] [1790303712.487722840] [sage_target_localizer]: Person 3D | pixel=(289.4,799.8) | position=(0.16,5.86,0.00) | range=3.61 m
[INFO] [1790303712.586709150] [sage_target_localizer]: Person 3D | pixel=(439.8,537.6) | position=(-9.56,11.90,0.00) | range=16.16 m
[INFO] [1790303712.686748792] [sage_target_localizer]: Person 3D | pixel=(439.8,537.6) | position=(-9.56,11.90,0.00) | range=16.16 m
[INFO] [1790303712.791320640] [sage_target_localizer]: Person 3D | pixel=(439.8,537.6) | position=(-9.56,11.90,0.00) | range=16.16 m
[INFO] [1790303712.889313124] [sage_target_localizer]: Person 3D | pixel=(439.8,537.6) | position=(-9.56,11.90,0.00) | range=16.16 m
[INFO] [1790303712.989357938] [sage_target_localizer]: Person 3D | pixel=(305.0,516.1) | position=(-8.76,10.94,0.00) | range=15.44 m
[INFO] [1790303713.086758991] [sage_target_localizer]: Person 3D | pixel=(305.0,516.1) | position=(-8.76,10.94,0.00) | range=15.44 m
[INFO] [1790303713.192784649] [sage_target_localizer]: Person 3D | pixel=(305.0,516.1) | position=(-8.76,10.94,0.00) | range=15.44 m
[WARN] [1790303713.286783085] [sage_target_localizer]: 3D localization skipped: UAV tilt 8.2 deg > 8.0
[INFO] [1790303715.588263720] [sage_target_localizer]: Person 3D | pixel=(947.8,741.9) | position=(0.52,4.11,0.00) | range=3.82 m
[INFO] [1790303715.687447890] [sage_target_localizer]: Person 3D | pixel=(947.8,741.9) | position=(0.52,4.11,0.00) | range=3.82 m
[INFO] [1790303715.795873771] [sage_target_localizer]: Person 3D | pixel=(917.8,806.3) | position=(0.39,4.44,0.00) | range=3.77 m
[INFO] [1790303715.889572235] [sage_target_localizer]: Person 3D | pixel=(917.8,806.3) | position=(0.39,4.44,0.00) | range=3.77 m
[INFO] [1790303715.989994811] [sage_target_localizer]: Person 3D | pixel=(917.8,806.3) | position=(0.39,4.44,0.00) | range=3.77 m
[INFO] [1790303716.089854857] [sage_target_localizer]: Person 3D | pixel=(907.8,872.1) | position=(0.30,4.49,0.00) | range=3.55 m
[INFO] [1790303716.188818296] [sage_target_localizer]: Person 3D | pixel=(907.8,872.1) | position=(0.30,4.49,0.00) | range=3.55 m
[INFO] [1790303716.287603999] [sage_target_localizer]: Person 3D | pixel=(925.0,926.1) | position=(0.20,4.57,0.00) | range=3.40 m
[INFO] [1790303716.389629957] [sage_target_localizer]: Person 3D | pixel=(925.0,926.1) | position=(0.20,4.57,0.00) | range=3.40 m
[INFO] [1790303716.489581362] [sage_target_localizer]: Person 3D | pixel=(925.0,926.1) | position=(0.20,4.57,0.00) | range=3.40 m
[INFO] [1790303716.586205701] [sage_target_localizer]: Person 3D | pixel=(989.5,930.1) | position=(-0.19,5.02,0.00) | range=3.68 m
[INFO] [1790303716.687361749] [sage_target_localizer]: Person 3D | pixel=(989.5,930.1) | position=(-0.19,5.02,0.00) | range=3.68 m
[INFO] [1790303716.790359598] [sage_target_localizer]: Person 3D | pixel=(1097.2,931.6) | position=(-0.58,5.39,0.00) | range=4.04 m
[INFO] [1790303716.889459476] [sage_target_localizer]: Person 3D | pixel=(1097.2,931.6) | position=(-0.58,5.39,0.00) | range=4.04 m
[INFO] [1790303719.487633842] [sage_target_localizer]: Person 3D | pixel=(1108.4,921.7) | position=(0.06,5.32,0.00) | range=3.23 m
[INFO] [1790303719.587995367] [sage_target_localizer]: Person 3D | pixel=(1108.4,921.7) | position=(0.06,5.32,0.00) | range=3.23 m
[INFO] [1790303719.689191495] [sage_target_localizer]: Person 3D | pixel=(937.3,897.9) | position=(0.24,5.04,0.00) | range=2.91 m
[INFO] [1790303719.787273607] [sage_target_localizer]: Person 3D | pixel=(937.3,897.9) | position=(0.24,5.04,0.00) | range=2.91 m
[INFO] [1790303719.888293585] [sage_target_localizer]: Person 3D | pixel=(798.7,844.6) | position=(0.12,5.02,0.00) | range=2.99 m
[INFO] [1790303719.988684348] [sage_target_localizer]: Person 3D | pixel=(798.7,844.6) | position=(0.12,5.02,0.00) | range=2.99 m
[INFO] [1790303720.094393454] [sage_target_localizer]: Person 3D | pixel=(798.7,844.6) | position=(0.12,5.02,0.00) | range=2.99 m
[INFO] [1790303720.190763773] [sage_target_localizer]: Person 3D | pixel=(730.8,839.8) | position=(0.11,4.88,0.00) | range=2.91 m
[INFO] [1790303720.295360448] [sage_target_localizer]: Person 3D | pixel=(730.8,839.8) | position=(0.11,4.88,0.00) | range=2.91 m
[INFO] [1790303720.397974817] [sage_target_localizer]: Person 3D | pixel=(730.8,839.8) | position=(0.11,4.88,0.00) | range=2.91 m
[INFO] [1790303720.487250455] [sage_target_localizer]: Person 3D | pixel=(730.8,839.8) | position=(0.11,4.88,0.00) | range=2.91 m
[INFO] [1790303720.593008264] [sage_target_localizer]: Person 3D | pixel=(730.8,839.8) | position=(0.11,4.88,0.00) | range=2.91 m
[INFO] [1790303720.686547673] [sage_target_localizer]: Person 3D | pixel=(527.9,832.4) | position=(0.14,4.90,0.00) | range=2.93 m
[INFO] [1790303720.793715416] [sage_target_localizer]: Person 3D | pixel=(527.9,832.4) | position=(0.14,4.90,0.00) | range=2.93 m
[INFO] [1790303720.893120460] [sage_target_localizer]: Person 3D | pixel=(527.9,832.4) | position=(0.14,4.90,0.00) | range=2.93 m
[INFO] [1790303720.988666288] [sage_target_localizer]: Person 3D | pixel=(527.9,832.4) | position=(0.14,4.90,0.00) | range=2.93 m
[INFO] [1790303721.086487536] [sage_target_localizer]: Person 3D | pixel=(396.7,863.0) | position=(0.24,4.91,0.00) | range=2.89 m
[INFO] [1790303721.188549180] [sage_target_localizer]: Person 3D | pixel=(396.7,863.0) | position=(0.24,4.91,0.00) | range=2.89 m
[INFO] [1790303721.286984378] [sage_target_localizer]: Person 3D | pixel=(396.7,863.0) | position=(0.24,4.91,0.00) | range=2.89 m
[INFO] [1790303721.388128683] [sage_target_localizer]: Person 3D | pixel=(396.7,863.0) | position=(0.24,4.91,0.00) | range=2.89 m
[INFO] [1790303721.496425822] [sage_target_localizer]: Person 3D | pixel=(396.7,863.0) | position=(0.24,4.91,0.00) | range=2.89 m
[INFO] [1790303721.591282055] [sage_target_localizer]: Person 3D | pixel=(99.0,919.4) | position=(-0.10,4.99,0.00) | range=3.25 m
[INFO] [1790303721.693673605] [sage_target_localizer]: Person 3D | pixel=(99.0,919.4) | position=(-0.10,4.99,0.00) | range=3.25 m
[INFO] [1790303721.786477394] [sage_target_localizer]: Person 3D | pixel=(99.0,919.4) | position=(-0.10,4.99,0.00) | range=3.25 m
[INFO] [1790303721.888705853] [sage_target_localizer]: Person 3D | pixel=(99.0,919.4) | position=(-0.10,4.99,0.00) | range=3.25 m
[INFO] [1790303721.992972770] [sage_target_localizer]: Person 3D | pixel=(99.0,919.4) | position=(-0.10,4.99,0.00) | range=3.25 m
[INFO] [1790303722.086841920] [sage_target_localizer]: Person 3D | pixel=(43.1,679.7) | position=(-4.63,5.71,0.00) | range=7.57 m
[INFO] [1790303722.188733021] [sage_target_localizer]: Person 3D | pixel=(43.1,679.7) | position=(-4.63,5.71,0.00) | range=7.57 m
[INFO] [1790303722.290216359] [sage_target_localizer]: Person 3D | pixel=(43.1,679.7) | position=(-4.63,5.71,0.00) | range=7.57 m
[INFO] [1790303722.389141890] [sage_target_localizer]: Person 3D | pixel=(43.1,679.7) | position=(-4.63,5.71,0.00) | range=7.57 m
[INFO] [1790303722.491476091] [sage_target_localizer]: Person 3D | pixel=(1098.0,579.5) | position=(2.98,-11.09,0.00) | range=13.91 m
[INFO] [1790303722.588834856] [sage_target_localizer]: Person 3D | pixel=(1098.0,579.5) | position=(2.98,-11.09,0.00) | range=13.91 m
[INFO] [1790303722.696172109] [sage_target_localizer]: Person 3D | pixel=(1098.0,579.5) | position=(2.98,-11.09,0.00) | range=13.91 m
[INFO] [1790303722.796392656] [sage_target_localizer]: Person 3D | pixel=(947.0,565.5) | position=(2.97,-11.38,0.00) | range=14.19 m
[INFO] [1790303722.888240552] [sage_target_localizer]: Person 3D | pixel=(947.0,565.5) | position=(2.97,-11.38,0.00) | range=14.19 m
[INFO] [1790303722.995324769] [sage_target_localizer]: Person 3D | pixel=(947.0,565.5) | position=(2.97,-11.38,0.00) | range=14.19 m
[INFO] [1790303723.089855365] [sage_target_localizer]: Person 3D | pixel=(1006.4,584.8) | position=(6.70,-8.60,0.00) | range=12.16 m
[INFO] [1790303723.191095371] [sage_target_localizer]: Person 3D | pixel=(1006.4,584.8) | position=(6.70,-8.60,0.00) | range=12.16 m
[INFO] [1790303723.295126666] [sage_target_localizer]: Person 3D | pixel=(690.8,555.1) | position=(3.11,-11.58,0.00) | range=14.39 m
[INFO] [1790303723.395595457] [sage_target_localizer]: Person 3D | pixel=(690.8,555.1) | position=(3.11,-11.58,0.00) | range=14.39 m
[INFO] [1790303723.488811549] [sage_target_localizer]: Person 3D | pixel=(690.8,555.1) | position=(3.11,-11.58,0.00) | range=14.39 m
[INFO] [1790303723.586569706] [sage_target_localizer]: Person 3D | pixel=(690.8,555.1) | position=(3.11,-11.58,0.00) | range=14.39 m
[INFO] [1790303723.687603798] [sage_target_localizer]: Person 3D | pixel=(690.8,555.1) | position=(3.11,-11.58,0.00) | range=14.39 m
[INFO] [1790303723.791561361] [sage_target_localizer]: Person 3D | pixel=(690.8,555.1) | position=(3.11,-11.58,0.00) | range=14.39 m
[INFO] [1790303723.891757997] [sage_target_localizer]: Person 3D | pixel=(644.1,569.1) | position=(6.68,-8.51,0.00) | range=12.06 m
[INFO] [1790303723.997191868] [sage_target_localizer]: Person 3D | pixel=(644.1,569.1) | position=(6.68,-8.51,0.00) | range=12.06 m
[INFO] [1790303724.089657552] [sage_target_localizer]: Person 3D | pixel=(644.1,569.1) | position=(6.68,-8.51,0.00) | range=12.06 m
[INFO] [1790303724.186585968] [sage_target_localizer]: Person 3D | pixel=(516.0,573.1) | position=(6.98,-8.25,0.00) | range=11.93 m
[INFO] [1790303724.290852839] [sage_target_localizer]: Person 3D | pixel=(516.0,573.1) | position=(6.98,-8.25,0.00) | range=11.93 m
[INFO] [1790303724.387010460] [sage_target_localizer]: Person 3D | pixel=(127.4,587.5) | position=(3.11,-11.07,0.00) | range=13.95 m
[INFO] [1790303724.489338134] [sage_target_localizer]: Person 3D | pixel=(127.4,587.5) | position=(3.11,-11.07,0.00) | range=13.95 m
[INFO] [1790303724.588169274] [sage_target_localizer]: Person 3D | pixel=(269.7,590.8) | position=(7.35,-7.95,0.00) | range=11.84 m
[INFO] [1790303724.698058744] [sage_target_localizer]: Person 3D | pixel=(269.7,590.8) | position=(7.35,-7.95,0.00) | range=11.84 m
[INFO] [1790303724.788140316] [sage_target_localizer]: Person 3D | pixel=(269.7,590.8) | position=(7.35,-7.95,0.00) | range=11.84 m
[INFO] [1790303724.890630616] [sage_target_localizer]: Person 3D | pixel=(65.2,614.8) | position=(6.36,-8.15,0.00) | range=11.68 m
[INFO] [1790303724.990145926] [sage_target_localizer]: Person 3D | pixel=(65.2,614.8) | position=(6.36,-8.15,0.00) | range=11.68 m
[INFO] [1790303725.096487631] [sage_target_localizer]: Person 3D | pixel=(65.2,614.8) | position=(6.36,-8.15,0.00) | range=11.68 m
[INFO] [1790303725.191635929] [sage_target_localizer]: Person 3D | pixel=(65.2,614.8) | position=(6.36,-8.15,0.00) | range=11.68 m
[INFO] [1790303725.291510620] [sage_target_localizer]: Person 3D | pixel=(65.2,614.8) | position=(6.36,-8.15,0.00) | range=11.68 m
[INFO] [1790303725.386580245] [sage_target_localizer]: Person 3D | pixel=(65.2,614.8) | position=(6.36,-8.15,0.00) | range=11.68 m
[WARN] [1790303727.290183422] [sage_target_localizer]: 3D localization skipped: UAV tilt 12.6 deg > 8.0
[INFO] [1790303727.691292075] [sage_target_localizer]: Person 3D | pixel=(582.6,552.3) | position=(5.84,-5.76,0.00) | range=7.77 m
[INFO] [1790303727.787671602] [sage_target_localizer]: Person 3D | pixel=(582.6,552.3) | position=(5.84,-5.76,0.00) | range=7.77 m
[INFO] [1790303727.887633634] [sage_target_localizer]: Person 3D | pixel=(582.6,552.3) | position=(5.84,-5.76,0.00) | range=7.77 m
[INFO] [1790303727.993496044] [sage_target_localizer]: Person 3D | pixel=(582.6,552.3) | position=(5.84,-5.76,0.00) | range=7.77 m
[INFO] [1790303728.088617685] [sage_target_localizer]: Person 3D | pixel=(582.6,552.3) | position=(5.84,-5.76,0.00) | range=7.77 m
[INFO] [1790303728.187635675] [sage_target_localizer]: Person 3D | pixel=(819.7,584.9) | position=(4.95,-7.45,0.00) | range=8.21 m
[INFO] [1790303728.288751658] [sage_target_localizer]: Person 3D | pixel=(819.7,584.9) | position=(4.95,-7.45,0.00) | range=8.21 m
[INFO] [1790303728.387158228] [sage_target_localizer]: Person 3D | pixel=(819.7,584.9) | position=(4.95,-7.45,0.00) | range=8.21 m
[INFO] [1790303728.487951789] [sage_target_localizer]: Person 3D | pixel=(1153.0,612.8) | position=(7.75,-7.17,0.00) | range=8.50 m
[INFO] [1790303728.596958173] [sage_target_localizer]: Person 3D | pixel=(1153.0,612.8) | position=(7.75,-7.17,0.00) | range=8.50 m
[INFO] [1790303728.693840045] [sage_target_localizer]: Person 3D | pixel=(1153.0,612.8) | position=(7.75,-7.17,0.00) | range=8.50 m
[INFO] [1790303728.788038974] [sage_target_localizer]: Person 3D | pixel=(1083.3,655.5) | position=(6.98,-6.51,0.00) | range=7.16 m
[INFO] [1790303728.886819670] [sage_target_localizer]: Person 3D | pixel=(1083.3,655.5) | position=(6.98,-6.51,0.00) | range=7.16 m
[INFO] [1790303728.992168135] [sage_target_localizer]: Person 3D | pixel=(1083.3,655.5) | position=(6.98,-6.51,0.00) | range=7.16 m
[INFO] [1790303729.088736943] [sage_target_localizer]: Person 3D | pixel=(683.4,690.9) | position=(3.78,-5.19,0.00) | range=5.46 m
[INFO] [1790303729.189599209] [sage_target_localizer]: Person 3D | pixel=(683.4,690.9) | position=(3.78,-5.19,0.00) | range=5.46 m
[INFO] [1790303729.296895598] [sage_target_localizer]: Person 3D | pixel=(683.4,690.9) | position=(3.78,-5.19,0.00) | range=5.46 m
[INFO] [1790303729.388500684] [sage_target_localizer]: Person 3D | pixel=(933.4,724.9) | position=(7.60,-7.26,0.00) | range=7.20 m
[INFO] [1790303729.487470615] [sage_target_localizer]: Person 3D | pixel=(933.4,724.9) | position=(7.60,-7.26,0.00) | range=7.20 m
[INFO] [1790303729.587316936] [sage_target_localizer]: Person 3D | pixel=(933.4,724.9) | position=(7.60,-7.26,0.00) | range=7.20 m
[INFO] [1790303729.689790399] [sage_target_localizer]: Person 3D | pixel=(948.8,739.6) | position=(7.89,-7.31,0.00) | range=7.07 m
[INFO] [1790303729.786284628] [sage_target_localizer]: Person 3D | pixel=(948.8,739.6) | position=(7.89,-7.31,0.00) | range=7.07 m
[INFO] [1790303730.590872557] [sage_target_localizer]: Person 3D | pixel=(1226.6,811.3) | position=(7.48,-6.51,0.00) | range=5.92 m
[INFO] [1790303730.687749811] [sage_target_localizer]: Person 3D | pixel=(1226.6,811.3) | position=(7.48,-6.51,0.00) | range=5.92 m
[INFO] [1790303730.788980764] [sage_target_localizer]: Person 3D | pixel=(860.2,777.9) | position=(4.69,-7.74,0.00) | range=4.98 m
[INFO] [1790303730.891367270] [sage_target_localizer]: Person 3D | pixel=(860.2,777.9) | position=(4.69,-7.74,0.00) | range=4.98 m
[INFO] [1790303730.989377775] [sage_target_localizer]: Person 3D | pixel=(854.6,769.3) | position=(4.29,-7.04,0.00) | range=4.48 m
[INFO] [1790303731.086713230] [sage_target_localizer]: Person 3D | pixel=(854.6,769.3) | position=(4.29,-7.04,0.00) | range=4.48 m
[INFO] [1790303731.188726850] [sage_target_localizer]: Person 3D | pixel=(854.6,769.3) | position=(4.29,-7.04,0.00) | range=4.48 m
[INFO] [1790303731.298050345] [sage_target_localizer]: Person 3D | pixel=(1193.7,762.7) | position=(7.57,-7.83,0.00) | range=6.47 m
[INFO] [1790303731.392903467] [sage_target_localizer]: Person 3D | pixel=(1193.7,762.7) | position=(7.57,-7.83,0.00) | range=6.47 m
[INFO] [1790303731.491218263] [sage_target_localizer]: Person 3D | pixel=(1193.7,762.7) | position=(7.57,-7.83,0.00) | range=6.47 m
[INFO] [1790303731.586812181] [sage_target_localizer]: Person 3D | pixel=(1193.7,762.7) | position=(7.57,-7.83,0.00) | range=6.47 m
[INFO] [1790303731.686542426] [sage_target_localizer]: Person 3D | pixel=(1193.7,762.7) | position=(7.57,-7.83,0.00) | range=6.47 m
[INFO] [1790303731.788861189] [sage_target_localizer]: Person 3D | pixel=(1193.7,762.7) | position=(7.57,-7.83,0.00) | range=6.47 m
[INFO] [1790303731.887410702] [sage_target_localizer]: Person 3D | pixel=(1193.7,762.7) | position=(7.57,-7.83,0.00) | range=6.47 m
[INFO] [1790303732.001458173] [sage_target_localizer]: Person 3D | pixel=(391.7,769.6) | position=(4.12,-7.28,0.00) | range=4.34 m
[INFO] [1790303732.088321716] [sage_target_localizer]: Person 3D | pixel=(391.7,769.6) | position=(4.12,-7.28,0.00) | range=4.34 m
[INFO] [1790303732.195311259] [sage_target_localizer]: Person 3D | pixel=(259.4,820.0) | position=(4.24,-6.88,0.00) | range=4.00 m
[INFO] [1790303732.288089941] [sage_target_localizer]: Person 3D | pixel=(259.4,820.0) | position=(4.24,-6.88,0.00) | range=4.00 m
[INFO] [1790303732.388599552] [sage_target_localizer]: Person 3D | pixel=(259.4,820.0) | position=(4.24,-6.88,0.00) | range=4.00 m
[INFO] [1790303732.486397011] [sage_target_localizer]: Person 3D | pixel=(259.4,820.0) | position=(4.24,-6.88,0.00) | range=4.00 m
[INFO] [1790303732.592690435] [sage_target_localizer]: Person 3D | pixel=(59.1,894.0) | position=(4.15,-6.72,0.00) | range=3.85 m
[INFO] [1790303732.696748169] [sage_target_localizer]: Person 3D | pixel=(59.1,894.0) | position=(4.15,-6.72,0.00) | range=3.85 m
[INFO] [1790303732.794161858] [sage_target_localizer]: Person 3D | pixel=(59.1,894.0) | position=(4.15,-6.72,0.00) | range=3.85 m
[INFO] [1790303732.889127586] [sage_target_localizer]: Person 3D | pixel=(59.1,894.0) | position=(4.15,-6.72,0.00) | range=3.85 m
[INFO] [1790303732.987534484] [sage_target_localizer]: Person 3D | pixel=(59.1,894.0) | position=(4.15,-6.72,0.00) | range=3.85 m
[INFO] [1790303733.087539979] [sage_target_localizer]: Person 3D | pixel=(74.7,728.7) | position=(7.21,-7.85,0.00) | range=6.29 m
[INFO] [1790303733.188349914] [sage_target_localizer]: Person 3D | pixel=(74.7,728.7) | position=(7.21,-7.85,0.00) | range=6.29 m
[INFO] [1790303733.286585152] [sage_target_localizer]: Person 3D | pixel=(74.7,728.7) | position=(7.21,-7.85,0.00) | range=6.29 m
[INFO] [1790303734.991034320] [sage_target_localizer]: Person 3D | pixel=(1048.6,578.8) | position=(-3.36,9.60,0.00) | range=13.96 m
[INFO] [1790303735.093490482] [sage_target_localizer]: Person 3D | pixel=(1048.6,578.8) | position=(-3.36,9.60,0.00) | range=13.96 m
[INFO] [1790303735.189823251] [sage_target_localizer]: Person 3D | pixel=(914.9,566.3) | position=(-3.60,9.97,0.00) | range=14.38 m
[INFO] [1790303735.286472683] [sage_target_localizer]: Person 3D | pixel=(914.9,566.3) | position=(-3.60,9.97,0.00) | range=14.38 m
[INFO] [1790303735.389355049] [sage_target_localizer]: Person 3D | pixel=(824.1,562.8) | position=(-3.93,9.41,0.00) | range=14.04 m
[INFO] [1790303735.486400350] [sage_target_localizer]: Person 3D | pixel=(824.1,562.8) | position=(-3.93,9.41,0.00) | range=14.04 m
[INFO] [1790303735.586761758] [sage_target_localizer]: Person 3D | pixel=(824.1,562.8) | position=(-3.93,9.41,0.00) | range=14.04 m
[INFO] [1790303735.689998515] [sage_target_localizer]: Person 3D | pixel=(612.5,620.5) | position=(0.50,4.53,0.00) | range=7.75 m
[INFO] [1790303735.787091272] [sage_target_localizer]: Person 3D | pixel=(612.5,620.5) | position=(0.50,4.53,0.00) | range=7.75 m
[INFO] [1790303735.891893088] [sage_target_localizer]: Person 3D | pixel=(612.5,620.5) | position=(0.50,4.53,0.00) | range=7.75 m
[INFO] [1790303735.988415359] [sage_target_localizer]: Person 3D | pixel=(536.5,625.7) | position=(0.30,4.31,0.00) | range=7.60 m
[INFO] [1790303736.086554473] [sage_target_localizer]: Person 3D | pixel=(536.5,625.7) | position=(0.30,4.31,0.00) | range=7.60 m
[INFO] [1790303736.190234392] [sage_target_localizer]: Person 3D | pixel=(536.5,625.7) | position=(0.30,4.31,0.00) | range=7.60 m
[INFO] [1790303736.295195499] [sage_target_localizer]: Person 3D | pixel=(372.2,640.5) | position=(0.34,4.30,0.00) | range=7.60 m
[INFO] [1790303736.386728022] [sage_target_localizer]: Person 3D | pixel=(372.2,640.5) | position=(0.34,4.30,0.00) | range=7.60 m
[INFO] [1790303736.487459315] [sage_target_localizer]: Person 3D | pixel=(205.6,671.6) | position=(1.04,3.07,0.00) | range=6.23 m
[INFO] [1790303736.599152238] [sage_target_localizer]: Person 3D | pixel=(205.6,671.6) | position=(1.04,3.07,0.00) | range=6.23 m
[INFO] [1790303736.686313273] [sage_target_localizer]: Person 3D | pixel=(195.2,582.0) | position=(-3.75,9.87,0.00) | range=14.38 m
[INFO] [1790303736.793987430] [sage_target_localizer]: Person 3D | pixel=(195.2,582.0) | position=(-3.75,9.87,0.00) | range=14.38 m
[INFO] [1790303736.895390328] [sage_target_localizer]: Person 3D | pixel=(195.2,582.0) | position=(-3.75,9.87,0.00) | range=14.38 m
[INFO] [1790303736.996647341] [sage_target_localizer]: Person 3D | pixel=(77.3,595.2) | position=(-3.66,9.66,0.00) | range=14.17 m
[INFO] [1790303737.093122335] [sage_target_localizer]: Person 3D | pixel=(77.3,595.2) | position=(-3.66,9.66,0.00) | range=14.17 m
[INFO] [1790303737.189706600] [sage_target_localizer]: Person 3D | pixel=(106.8,583.8) | position=(-7.42,8.49,0.00) | range=15.37 m
[INFO] [1790303737.292416104] [sage_target_localizer]: Person 3D | pixel=(106.8,583.8) | position=(-7.42,8.49,0.00) | range=15.37 m
[INFO] [1790303737.388595769] [sage_target_localizer]: Person 3D | pixel=(106.8,583.8) | position=(-7.42,8.49,0.00) | range=15.37 m
[WARN] [1790303739.188531707] [sage_target_localizer]: 3D localization skipped: UAV tilt 10.1 deg > 8.0
[INFO] [1790303744.686416028] [sage_target_localizer]: Person 3D | pixel=(1126.0,798.2) | position=(7.59,-8.37,0.00) | range=4.49 m
[INFO] [1790303744.792882238] [sage_target_localizer]: Person 3D | pixel=(1126.0,798.2) | position=(7.59,-8.37,0.00) | range=4.49 m
[INFO] [1790303744.889502602] [sage_target_localizer]: Person 3D | pixel=(1126.0,798.2) | position=(7.59,-8.37,0.00) | range=4.49 m
[INFO] [1790303744.990240130] [sage_target_localizer]: Person 3D | pixel=(961.6,761.2) | position=(7.49,-8.34,0.00) | range=4.39 m
[INFO] [1790303745.089615692] [sage_target_localizer]: Person 3D | pixel=(961.6,761.2) | position=(7.49,-8.34,0.00) | range=4.39 m
[INFO] [1790303745.188223282] [sage_target_localizer]: Person 3D | pixel=(961.6,761.2) | position=(7.49,-8.34,0.00) | range=4.39 m
[INFO] [1790303745.289990857] [sage_target_localizer]: Person 3D | pixel=(776.9,722.2) | position=(7.57,-8.17,0.00) | range=4.49 m
[INFO] [1790303745.390014040] [sage_target_localizer]: Person 3D | pixel=(776.9,722.2) | position=(7.57,-8.17,0.00) | range=4.49 m
[INFO] [1790303745.490372165] [sage_target_localizer]: Person 3D | pixel=(1130.7,933.1) | position=(5.15,-6.67,0.00) | range=3.10 m
[INFO] [1790303745.588783461] [sage_target_localizer]: Person 3D | pixel=(1130.7,933.1) | position=(5.15,-6.67,0.00) | range=3.10 m
[INFO] [1790303745.688081966] [sage_target_localizer]: Person 3D | pixel=(985.1,931.0) | position=(4.90,-6.91,0.00) | range=2.74 m
[INFO] [1790303745.787917593] [sage_target_localizer]: Person 3D | pixel=(985.1,931.0) | position=(4.90,-6.91,0.00) | range=2.74 m
[INFO] [1790303745.887109644] [sage_target_localizer]: Person 3D | pixel=(985.1,931.0) | position=(4.90,-6.91,0.00) | range=2.74 m
[INFO] [1790303745.988958015] [sage_target_localizer]: Person 3D | pixel=(842.2,930.2) | position=(4.86,-7.19,0.00) | range=2.49 m
[INFO] [1790303746.088980249] [sage_target_localizer]: Person 3D | pixel=(842.2,930.2) | position=(4.86,-7.19,0.00) | range=2.49 m
[INFO] [1790303746.187664811] [sage_target_localizer]: Person 3D | pixel=(842.2,930.2) | position=(4.86,-7.19,0.00) | range=2.49 m
[INFO] [1790303746.300083334] [sage_target_localizer]: Person 3D | pixel=(684.0,929.9) | position=(4.93,-7.46,0.00) | range=2.36 m
[INFO] [1790303746.386893558] [sage_target_localizer]: Person 3D | pixel=(684.0,929.9) | position=(4.93,-7.46,0.00) | range=2.36 m
[INFO] [1790303746.489207202] [sage_target_localizer]: Person 3D | pixel=(684.0,929.9) | position=(4.93,-7.46,0.00) | range=2.36 m
[INFO] [1790303746.591264739] [sage_target_localizer]: Person 3D | pixel=(448.7,932.9) | position=(5.27,-7.72,0.00) | range=2.50 m
[INFO] [1790303746.687102457] [sage_target_localizer]: Person 3D | pixel=(448.7,932.9) | position=(5.27,-7.72,0.00) | range=2.50 m
[INFO] [1790303746.787542622] [sage_target_localizer]: Person 3D | pixel=(448.7,932.9) | position=(5.27,-7.72,0.00) | range=2.50 m
[INFO] [1790303746.889787748] [sage_target_localizer]: Person 3D | pixel=(190.3,937.2) | position=(5.86,-7.79,0.00) | range=3.03 m
[INFO] [1790303746.994754483] [sage_target_localizer]: Person 3D | pixel=(190.3,937.2) | position=(5.86,-7.79,0.00) | range=3.03 m
[INFO] [1790303747.086700651] [sage_target_localizer]: Person 3D | pixel=(190.3,937.2) | position=(5.86,-7.79,0.00) | range=3.03 m
[INFO] [1790303747.187714706] [sage_target_localizer]: Person 3D | pixel=(827.8,559.6) | position=(1.76,4.99,0.00) | range=13.97 m
[INFO] [1790303747.290958017] [sage_target_localizer]: Person 3D | pixel=(827.8,559.6) | position=(1.76,4.99,0.00) | range=13.97 m
[INFO] [1790303747.790591046] [sage_target_localizer]: Person 3D | pixel=(531.8,558.5) | position=(0.67,4.91,0.00) | range=13.99 m
[INFO] [1790303747.886918660] [sage_target_localizer]: Person 3D | pixel=(531.8,558.5) | position=(0.67,4.91,0.00) | range=13.99 m
[INFO] [1790303747.989642752] [sage_target_localizer]: Person 3D | pixel=(531.8,558.5) | position=(0.67,4.91,0.00) | range=13.99 m
[INFO] [1790303748.088123502] [sage_target_localizer]: Person 3D | pixel=(531.8,558.5) | position=(0.67,4.91,0.00) | range=13.99 m
[INFO] [1790303748.197840141] [sage_target_localizer]: Person 3D | pixel=(412.7,565.8) | position=(0.71,4.58,0.00) | range=13.66 m
[INFO] [1790303748.293677409] [sage_target_localizer]: Person 3D | pixel=(412.7,565.8) | position=(0.71,4.58,0.00) | range=13.66 m
[INFO] [1790303748.388904821] [sage_target_localizer]: Person 3D | pixel=(412.7,565.8) | position=(0.71,4.58,0.00) | range=13.66 m
[INFO] [1790303748.489094299] [sage_target_localizer]: Person 3D | pixel=(412.7,565.8) | position=(0.71,4.58,0.00) | range=13.66 m
[INFO] [1790303748.589554492] [sage_target_localizer]: Person 3D | pixel=(214.1,579.7) | position=(1.22,4.81,0.00) | range=13.83 m
[INFO] [1790303748.687951213] [sage_target_localizer]: Person 3D | pixel=(214.1,579.7) | position=(1.22,4.81,0.00) | range=13.83 m
[INFO] [1790303751.386492982] [sage_target_localizer]: Person 3D | pixel=(1113.3,929.5) | position=(5.02,-11.43,0.00) | range=3.08 m
[INFO] [1790303751.486592047] [sage_target_localizer]: Person 3D | pixel=(1113.3,929.5) | position=(5.02,-11.43,0.00) | range=3.08 m
[INFO] [1790303751.586724006] [sage_target_localizer]: Person 3D | pixel=(1113.3,929.5) | position=(5.02,-11.43,0.00) | range=3.08 m
[INFO] [1790303751.693323348] [sage_target_localizer]: Person 3D | pixel=(1000.6,918.8) | position=(4.72,-10.88,0.00) | range=2.45 m
[INFO] [1790303751.787720311] [sage_target_localizer]: Person 3D | pixel=(1000.6,918.8) | position=(4.72,-10.88,0.00) | range=2.45 m
[INFO] [1790303751.886529684] [sage_target_localizer]: Person 3D | pixel=(1000.6,918.8) | position=(4.72,-10.88,0.00) | range=2.45 m
[WARN] [1790303751.987475103] [sage_target_localizer]: 3D localization skipped: UAV tilt 12.4 deg > 8.0
[INFO] [1790303764.391814217] [sage_target_localizer]: Person 3D | pixel=(1115.3,567.9) | position=(2.61,5.69,0.00) | range=15.54 m
[INFO] [1790303764.493695839] [sage_target_localizer]: Person 3D | pixel=(1115.3,567.9) | position=(2.61,5.69,0.00) | range=15.54 m
[INFO] [1790303764.588084293] [sage_target_localizer]: Person 3D | pixel=(1115.3,567.9) | position=(2.61,5.69,0.00) | range=15.54 m
[INFO] [1790303764.692067520] [sage_target_localizer]: Person 3D | pixel=(1115.3,567.9) | position=(2.61,5.69,0.00) | range=15.54 m
[INFO] [1790303764.790421503] [sage_target_localizer]: Person 3D | pixel=(964.9,555.2) | position=(2.81,5.91,0.00) | range=15.82 m
[INFO] [1790303764.888869386] [sage_target_localizer]: Person 3D | pixel=(964.9,555.2) | position=(2.81,5.91,0.00) | range=15.82 m
[WARN] [1790303769.986511190] [sage_target_localizer]: 3D localization skipped: UAV tilt 9.8 deg > 8.0
[INFO] [1790303770.390550180] [sage_target_localizer]: Person 3D | pixel=(343.0,512.5) | position=(1.04,6.31,0.00) | range=14.32 m
[INFO] [1790303770.488496153] [sage_target_localizer]: Person 3D | pixel=(343.0,512.5) | position=(1.04,6.31,0.00) | range=14.32 m
[INFO] [1790303770.587448356] [sage_target_localizer]: Person 3D | pixel=(343.0,512.5) | position=(1.04,6.31,0.00) | range=14.32 m
[INFO] [1790303771.391354819] [sage_target_localizer]: Person 3D | pixel=(188.4,599.5) | position=(1.13,3.39,0.00) | range=9.41 m
[INFO] [1790303771.487837114] [sage_target_localizer]: Person 3D | pixel=(188.4,599.5) | position=(1.13,3.39,0.00) | range=9.41 m
[INFO] [1790303771.586514098] [sage_target_localizer]: Person 3D | pixel=(188.4,599.5) | position=(1.13,3.39,0.00) | range=9.41 m
[INFO] [1790303771.689665565] [sage_target_localizer]: Person 3D | pixel=(151.1,631.0) | position=(0.73,4.91,0.00) | range=10.41 m
[INFO] [1790303771.786786208] [sage_target_localizer]: Person 3D | pixel=(151.1,631.0) | position=(0.73,4.91,0.00) | range=10.41 m
[INFO] [1790303773.792590753] [sage_target_localizer]: Person 3D | pixel=(31.7,638.5) | position=(-7.31,7.92,0.00) | range=13.20 m
[INFO] [1790303773.890181554] [sage_target_localizer]: Person 3D | pixel=(31.7,638.5) | position=(-7.31,7.92,0.00) | range=13.20 m
[INFO] [1790303777.289057846] [sage_target_localizer]: Person 3D | pixel=(1232.9,614.5) | position=(5.84,-9.95,0.00) | range=10.78 m
[INFO] [1790303777.396637400] [sage_target_localizer]: Person 3D | pixel=(1232.9,614.5) | position=(5.84,-9.95,0.00) | range=10.78 m
[INFO] [1790303777.489096729] [sage_target_localizer]: Person 3D | pixel=(1232.9,614.5) | position=(5.84,-9.95,0.00) | range=10.78 m
[INFO] [1790303777.600132569] [sage_target_localizer]: Person 3D | pixel=(1062.4,597.3) | position=(6.36,-9.48,0.00) | range=10.86 m
[INFO] [1790303777.687685676] [sage_target_localizer]: Person 3D | pixel=(1062.4,597.3) | position=(6.36,-9.48,0.00) | range=10.86 m
[INFO] [1790303777.798523747] [sage_target_localizer]: Person 3D | pixel=(1062.4,597.3) | position=(6.36,-9.48,0.00) | range=10.86 m
[INFO] [1790303777.895324417] [sage_target_localizer]: Person 3D | pixel=(906.7,582.2) | position=(6.72,-9.55,0.00) | range=11.16 m
[INFO] [1790303777.989841661] [sage_target_localizer]: Person 3D | pixel=(906.7,582.2) | position=(6.72,-9.55,0.00) | range=11.16 m
[INFO] [1790303778.095501214] [sage_target_localizer]: Person 3D | pixel=(906.7,582.2) | position=(6.72,-9.55,0.00) | range=11.16 m
[INFO] [1790303778.188311919] [sage_target_localizer]: Person 3D | pixel=(906.7,582.2) | position=(6.72,-9.55,0.00) | range=11.16 m
[INFO] [1790303778.289852603] [sage_target_localizer]: Person 3D | pixel=(906.7,582.2) | position=(6.72,-9.55,0.00) | range=11.16 m
[INFO] [1790303778.386614241] [sage_target_localizer]: Person 3D | pixel=(906.7,582.2) | position=(6.72,-9.55,0.00) | range=11.16 m
[INFO] [1790303778.787025918] [sage_target_localizer]: Person 3D | pixel=(564.4,575.1) | position=(6.85,-9.70,0.00) | range=11.32 m
[INFO] [1790303778.891706569] [sage_target_localizer]: Person 3D | pixel=(564.4,575.1) | position=(6.85,-9.70,0.00) | range=11.32 m
[INFO] [1790303778.987610059] [sage_target_localizer]: Person 3D | pixel=(564.4,575.1) | position=(6.85,-9.70,0.00) | range=11.32 m
[INFO] [1790303779.089326849] [sage_target_localizer]: Person 3D | pixel=(437.8,582.4) | position=(6.57,-9.78,0.00) | range=11.15 m
[INFO] [1790303779.192217224] [sage_target_localizer]: Person 3D | pixel=(437.8,582.4) | position=(6.57,-9.78,0.00) | range=11.15 m
[INFO] [1790303779.286739572] [sage_target_localizer]: Person 3D | pixel=(437.8,582.4) | position=(6.57,-9.78,0.00) | range=11.15 m
[INFO] [1790303779.387184526] [sage_target_localizer]: Person 3D | pixel=(437.8,582.4) | position=(6.57,-9.78,0.00) | range=11.15 m
[INFO] [1790303779.487261395] [sage_target_localizer]: Person 3D | pixel=(218.8,600.3) | position=(6.55,-9.81,0.00) | range=11.18 m
[INFO] [1790303779.588721449] [sage_target_localizer]: Person 3D | pixel=(218.8,600.3) | position=(6.55,-9.81,0.00) | range=11.18 m
[INFO] [1790303779.688972264] [sage_target_localizer]: Person 3D | pixel=(1156.4,653.6) | position=(1.68,4.29,0.00) | range=8.16 m
[INFO] [1790303779.787894405] [sage_target_localizer]: Person 3D | pixel=(1156.4,653.6) | position=(1.68,4.29,0.00) | range=8.16 m
[INFO] [1790303779.886647331] [sage_target_localizer]: Person 3D | pixel=(1156.4,653.6) | position=(1.68,4.29,0.00) | range=8.16 m
[INFO] [1790303779.988674386] [sage_target_localizer]: Person 3D | pixel=(983.7,629.3) | position=(1.45,4.35,0.00) | range=8.12 m
[INFO] [1790303780.087829079] [sage_target_localizer]: Person 3D | pixel=(983.7,629.3) | position=(1.45,4.35,0.00) | range=8.12 m
[INFO] [1790303780.194456913] [sage_target_localizer]: Person 3D | pixel=(983.7,629.3) | position=(1.45,4.35,0.00) | range=8.12 m
[INFO] [1790303780.289345745] [sage_target_localizer]: Person 3D | pixel=(983.7,629.3) | position=(1.45,4.35,0.00) | range=8.12 m
[INFO] [1790303780.386585778] [sage_target_localizer]: Person 3D | pixel=(1148.9,648.6) | position=(-3.03,5.46,0.00) | range=8.33 m
[INFO] [1790303780.487814008] [sage_target_localizer]: Person 3D | pixel=(1148.9,648.6) | position=(-3.03,5.46,0.00) | range=8.33 m
[INFO] [1790303780.589051716] [sage_target_localizer]: Person 3D | pixel=(1148.9,648.6) | position=(-3.03,5.46,0.00) | range=8.33 m
[INFO] [1790303780.691740698] [sage_target_localizer]: Person 3D | pixel=(1031.6,631.7) | position=(-3.35,5.44,0.00) | range=8.35 m
[INFO] [1790303780.787927082] [sage_target_localizer]: Person 3D | pixel=(1031.6,631.7) | position=(-3.35,5.44,0.00) | range=8.35 m
[INFO] [1790303780.893737553] [sage_target_localizer]: Person 3D | pixel=(1031.6,631.7) | position=(-3.35,5.44,0.00) | range=8.35 m
[INFO] [1790303780.994557633] [sage_target_localizer]: Person 3D | pixel=(1031.6,631.7) | position=(-3.35,5.44,0.00) | range=8.35 m
[INFO] [1790303781.087019626] [sage_target_localizer]: Person 3D | pixel=(1031.6,631.7) | position=(-3.35,5.44,0.00) | range=8.35 m
[INFO] [1790303781.189054317] [sage_target_localizer]: Person 3D | pixel=(444.3,618.3) | position=(1.46,4.02,0.00) | range=7.90 m
[INFO] [1790303781.289195103] [sage_target_localizer]: Person 3D | pixel=(444.3,618.3) | position=(1.46,4.02,0.00) | range=7.90 m
[INFO] [1790303781.386863720] [sage_target_localizer]: Person 3D | pixel=(306.6,633.6) | position=(1.16,4.11,0.00) | range=7.87 m
[INFO] [1790303781.495402693] [sage_target_localizer]: Person 3D | pixel=(306.6,633.6) | position=(1.16,4.11,0.00) | range=7.87 m
[INFO] [1790303781.599189787] [sage_target_localizer]: Person 3D | pixel=(306.6,633.6) | position=(1.16,4.11,0.00) | range=7.87 m
[INFO] [1790303781.689128564] [sage_target_localizer]: Person 3D | pixel=(115.0,665.6) | position=(1.17,3.97,0.00) | range=7.77 m
[INFO] [1790303781.798606154] [sage_target_localizer]: Person 3D | pixel=(115.0,665.6) | position=(1.17,3.97,0.00) | range=7.77 m
[INFO] [1790303782.486325119] [sage_target_localizer]: Person 3D | pixel=(101.5,668.7) | position=(-3.58,4.86,0.00) | range=7.87 m
[INFO] [1790303782.588417124] [sage_target_localizer]: Person 3D | pixel=(101.5,668.7) | position=(-3.58,4.86,0.00) | range=7.87 m
[WARN] [1790303785.587373301] [sage_target_localizer]: 3D localization skipped: UAV tilt 9.1 deg > 8.0
[INFO] [1790303785.893403680] [sage_target_localizer]: Person 3D | pixel=(90.1,629.6) | position=(-1.36,4.26,0.00) | range=5.71 m
[INFO] [1790303785.986984952] [sage_target_localizer]: Person 3D | pixel=(90.1,629.6) | position=(-1.36,4.26,0.00) | range=5.71 m
[INFO] [1790303786.087048205] [sage_target_localizer]: Person 3D | pixel=(90.1,629.6) | position=(-1.36,4.26,0.00) | range=5.71 m
[INFO] [1790303786.186833790] [sage_target_localizer]: Person 3D | pixel=(319.5,659.6) | position=(-0.92,3.72,0.00) | range=4.82 m
[INFO] [1790303786.290491328] [sage_target_localizer]: Person 3D | pixel=(319.5,659.6) | position=(-0.92,3.72,0.00) | range=4.82 m
[INFO] [1790303786.386782377] [sage_target_localizer]: Person 3D | pixel=(883.1,653.3) | position=(-4.64,5.02,0.00) | range=5.53 m
[INFO] [1790303786.490858452] [sage_target_localizer]: Person 3D | pixel=(883.1,653.3) | position=(-4.64,5.02,0.00) | range=5.53 m
[INFO] [1790303786.592505619] [sage_target_localizer]: Person 3D | pixel=(898.5,691.4) | position=(-4.54,5.25,0.00) | range=5.35 m
[INFO] [1790303786.686806946] [sage_target_localizer]: Person 3D | pixel=(898.5,691.4) | position=(-4.54,5.25,0.00) | range=5.35 m
[INFO] [1790303786.790255464] [sage_target_localizer]: Person 3D | pixel=(898.5,691.4) | position=(-4.54,5.25,0.00) | range=5.35 m
[INFO] [1790303786.887154860] [sage_target_localizer]: Person 3D | pixel=(267.4,827.3) | position=(-0.33,3.84,0.00) | range=3.97 m
[INFO] [1790303786.986554970] [sage_target_localizer]: Person 3D | pixel=(267.4,827.3) | position=(-0.33,3.84,0.00) | range=3.97 m
[INFO] [1790303787.092672375] [sage_target_localizer]: Person 3D | pixel=(267.4,827.3) | position=(-0.33,3.84,0.00) | range=3.97 m
[INFO] [1790303787.191825311] [sage_target_localizer]: Person 3D | pixel=(61.3,928.8) | position=(-0.02,4.23,0.00) | range=4.19 m
[INFO] [1790303787.286581457] [sage_target_localizer]: Person 3D | pixel=(61.3,928.8) | position=(-0.02,4.23,0.00) | range=4.19 m
[INFO] [1790303787.389524857] [sage_target_localizer]: Person 3D | pixel=(61.3,928.8) | position=(-0.02,4.23,0.00) | range=4.19 m
[INFO] [1790303787.487764403] [sage_target_localizer]: Person 3D | pixel=(61.3,928.8) | position=(-0.02,4.23,0.00) | range=4.19 m
[INFO] [1790303788.489452297] [sage_target_localizer]: Person 3D | pixel=(878.9,899.3) | position=(-4.83,6.21,0.00) | range=3.67 m
[INFO] [1790303788.587470070] [sage_target_localizer]: Person 3D | pixel=(878.9,899.3) | position=(-4.83,6.21,0.00) | range=3.67 m
[INFO] [1790303788.689512554] [sage_target_localizer]: Person 3D | pixel=(922.5,889.5) | position=(-4.85,6.39,0.00) | range=3.76 m
[INFO] [1790303788.787800121] [sage_target_localizer]: Person 3D | pixel=(922.5,889.5) | position=(-4.85,6.39,0.00) | range=3.76 m
[INFO] [1790303788.886569401] [sage_target_localizer]: Person 3D | pixel=(922.5,889.5) | position=(-4.85,6.39,0.00) | range=3.76 m
[INFO] [1790303788.988346715] [sage_target_localizer]: Person 3D | pixel=(922.5,889.5) | position=(-4.85,6.39,0.00) | range=3.76 m
[INFO] [1790303789.091628395] [sage_target_localizer]: Person 3D | pixel=(922.5,889.5) | position=(-4.85,6.39,0.00) | range=3.76 m
[INFO] [1790303789.189640952] [sage_target_localizer]: Person 3D | pixel=(922.5,889.5) | position=(-4.85,6.39,0.00) | range=3.76 m
[INFO] [1790303789.291835700] [sage_target_localizer]: Person 3D | pixel=(866.9,816.6) | position=(-4.51,6.81,0.00) | range=3.90 m
[INFO] [1790303789.387892911] [sage_target_localizer]: Person 3D | pixel=(866.9,816.6) | position=(-4.51,6.81,0.00) | range=3.90 m
[INFO] [1790303789.489023876] [sage_target_localizer]: Person 3D | pixel=(866.9,816.6) | position=(-4.51,6.81,0.00) | range=3.90 m
[INFO] [1790303789.590374629] [sage_target_localizer]: Person 3D | pixel=(765.0,777.2) | position=(-4.48,7.02,0.00) | range=4.07 m
[INFO] [1790303789.686608502] [sage_target_localizer]: Person 3D | pixel=(765.0,777.2) | position=(-4.48,7.02,0.00) | range=4.07 m
[INFO] [1790303789.789374677] [sage_target_localizer]: Person 3D | pixel=(611.0,745.3) | position=(-4.41,7.30,0.00) | range=4.33 m
[INFO] [1790303789.887218435] [sage_target_localizer]: Person 3D | pixel=(611.0,745.3) | position=(-4.41,7.30,0.00) | range=4.33 m
[INFO] [1790303789.986900513] [sage_target_localizer]: Person 3D | pixel=(611.0,745.3) | position=(-4.41,7.30,0.00) | range=4.33 m
[INFO] [1790303790.092016353] [sage_target_localizer]: Person 3D | pixel=(459.2,747.5) | position=(-4.34,7.35,0.00) | range=4.39 m
[INFO] [1790303790.187463954] [sage_target_localizer]: Person 3D | pixel=(459.2,747.5) | position=(-4.34,7.35,0.00) | range=4.39 m
[INFO] [1790303790.300740908] [sage_target_localizer]: Person 3D | pixel=(459.2,747.5) | position=(-4.34,7.35,0.00) | range=4.39 m
[INFO] [1790303790.389943245] [sage_target_localizer]: Person 3D | pixel=(195.5,777.9) | position=(-4.28,7.55,0.00) | range=4.62 m
[INFO] [1790303790.501115719] [sage_target_localizer]: Person 3D | pixel=(195.5,777.9) | position=(-4.28,7.55,0.00) | range=4.62 m
[INFO] [1790303790.591103239] [sage_target_localizer]: Person 3D | pixel=(264.1,637.6) | position=(-7.39,9.30,0.00) | range=7.55 m
[INFO] [1790303790.697269022] [sage_target_localizer]: Person 3D | pixel=(264.1,637.6) | position=(-7.39,9.30,0.00) | range=7.55 m
[INFO] [1790303790.794819867] [sage_target_localizer]: Person 3D | pixel=(120.1,660.8) | position=(-7.52,9.07,0.00) | range=7.48 m
[INFO] [1790303790.899004959] [sage_target_localizer]: Person 3D | pixel=(120.1,660.8) | position=(-7.52,9.07,0.00) | range=7.48 m
[INFO] [1790303791.000255357] [sage_target_localizer]: Person 3D | pixel=(120.1,660.8) | position=(-7.52,9.07,0.00) | range=7.48 m
[INFO] [1790303792.788896533] [sage_target_localizer]: Person 3D | pixel=(1213.0,615.6) | position=(2.44,-7.74,0.00) | range=11.83 m
[INFO] [1790303792.892473760] [sage_target_localizer]: Person 3D | pixel=(1010.0,592.0) | position=(2.57,-7.72,0.00) | range=11.87 m
[INFO] [1790303792.986505567] [sage_target_localizer]: Person 3D | pixel=(1010.0,592.0) | position=(2.57,-7.72,0.00) | range=11.87 m
[INFO] [1790303793.090748958] [sage_target_localizer]: Person 3D | pixel=(1010.0,592.0) | position=(2.57,-7.72,0.00) | range=11.87 m
[INFO] [1790303793.187358306] [sage_target_localizer]: Person 3D | pixel=(1010.0,592.0) | position=(2.57,-7.72,0.00) | range=11.87 m
[INFO] [1790303793.495880039] [sage_target_localizer]: Person 3D | pixel=(775.3,576.7) | position=(3.01,-6.91,0.00) | range=11.38 m
[INFO] [1790303793.587782569] [sage_target_localizer]: Person 3D | pixel=(775.3,576.7) | position=(3.01,-6.91,0.00) | range=11.38 m
[INFO] [1790303794.190004384] [sage_target_localizer]: Person 3D | pixel=(564.2,558.3) | position=(5.72,-7.95,0.00) | range=13.82 m
[INFO] [1790303794.287172936] [sage_target_localizer]: Person 3D | pixel=(564.2,558.3) | position=(5.72,-7.95,0.00) | range=13.82 m
[INFO] [1790303794.397935870] [sage_target_localizer]: Person 3D | pixel=(564.2,558.3) | position=(5.72,-7.95,0.00) | range=13.82 m
[INFO] [1790303794.493623883] [sage_target_localizer]: Person 3D | pixel=(437.4,561.8) | position=(5.48,-8.54,0.00) | range=14.15 m
[INFO] [1790303794.590578186] [sage_target_localizer]: Person 3D | pixel=(437.4,561.8) | position=(5.48,-8.54,0.00) | range=14.15 m
[INFO] [1790303794.686275362] [sage_target_localizer]: Person 3D | pixel=(437.4,561.8) | position=(5.48,-8.54,0.00) | range=14.15 m
[INFO] [1790303794.788126971] [sage_target_localizer]: Person 3D | pixel=(437.4,561.8) | position=(5.48,-8.54,0.00) | range=14.15 m
[INFO] [1790303794.887390643] [sage_target_localizer]: Person 3D | pixel=(1193.8,926.3) | position=(0.23,4.39,0.00) | range=3.44 m
[INFO] [1790303794.992065138] [sage_target_localizer]: Person 3D | pixel=(1193.8,926.3) | position=(0.23,4.39,0.00) | range=3.44 m
[INFO] [1790303795.087250080] [sage_target_localizer]: Person 3D | pixel=(941.0,856.6) | position=(0.05,4.39,0.00) | range=3.25 m
[INFO] [1790303795.187523508] [sage_target_localizer]: Person 3D | pixel=(941.0,856.6) | position=(0.05,4.39,0.00) | range=3.25 m
[INFO] [1790303795.288725813] [sage_target_localizer]: Person 3D | pixel=(840.6,830.8) | position=(0.03,4.45,0.00) | range=3.25 m
[INFO] [1790303795.386711009] [sage_target_localizer]: Person 3D | pixel=(840.6,830.8) | position=(0.03,4.45,0.00) | range=3.25 m
[INFO] [1790303795.490705636] [sage_target_localizer]: Person 3D | pixel=(752.7,823.3) | position=(-0.05,4.43,0.00) | range=3.18 m
[INFO] [1790303795.593068947] [sage_target_localizer]: Person 3D | pixel=(752.7,823.3) | position=(-0.05,4.43,0.00) | range=3.18 m
[INFO] [1790303795.687467354] [sage_target_localizer]: Person 3D | pixel=(752.7,823.3) | position=(-0.05,4.43,0.00) | range=3.18 m
[INFO] [1790303795.790746220] [sage_target_localizer]: Person 3D | pixel=(669.6,814.0) | position=(-0.11,4.58,0.00) | range=3.19 m
[INFO] [1790303795.890928643] [sage_target_localizer]: Person 3D | pixel=(669.6,814.0) | position=(-0.11,4.58,0.00) | range=3.19 m
[INFO] [1790303795.987134828] [sage_target_localizer]: Person 3D | pixel=(545.3,821.0) | position=(-0.05,4.43,0.00) | range=3.18 m
[INFO] [1790303796.091224592] [sage_target_localizer]: Person 3D | pixel=(545.3,821.0) | position=(-0.05,4.43,0.00) | range=3.18 m
[INFO] [1790303796.187458252] [sage_target_localizer]: Person 3D | pixel=(545.3,821.0) | position=(-0.05,4.43,0.00) | range=3.18 m
[INFO] [1790303796.288866295] [sage_target_localizer]: Person 3D | pixel=(429.1,848.5) | position=(-0.46,4.22,0.00) | range=2.74 m
[INFO] [1790303796.395576501] [sage_target_localizer]: Person 3D | pixel=(429.1,848.5) | position=(-0.46,4.22,0.00) | range=2.74 m
[INFO] [1790303796.487002265] [sage_target_localizer]: Person 3D | pixel=(429.1,848.5) | position=(-0.46,4.22,0.00) | range=2.74 m
[INFO] [1790303796.591063287] [sage_target_localizer]: Person 3D | pixel=(234.2,905.4) | position=(-0.02,4.29,0.00) | range=3.16 m
[INFO] [1790303796.688951465] [sage_target_localizer]: Person 3D | pixel=(234.2,905.4) | position=(-0.02,4.29,0.00) | range=3.16 m
[INFO] [1790303796.787653150] [sage_target_localizer]: Person 3D | pixel=(67.9,913.8) | position=(0.09,4.43,0.00) | range=3.33 m
[INFO] [1790303796.894400089] [sage_target_localizer]: Person 3D | pixel=(67.9,913.8) | position=(0.09,4.43,0.00) | range=3.33 m
[INFO] [1790303796.991338920] [sage_target_localizer]: Person 3D | pixel=(67.9,913.8) | position=(0.09,4.43,0.00) | range=3.33 m
[WARN] [1790303797.087727098] [sage_target_localizer]: 3D localization skipped: UAV tilt 10.8 deg > 8.0
[INFO] [1790303799.197543725] [sage_target_localizer]: Person 3D | pixel=(864.3,755.6) | position=(-4.27,8.39,0.00) | range=3.54 m
[INFO] [1790303799.290410344] [sage_target_localizer]: Person 3D | pixel=(864.3,755.6) | position=(-4.27,8.39,0.00) | range=3.54 m
[INFO] [1790303799.386463029] [sage_target_localizer]: Person 3D | pixel=(864.3,755.6) | position=(-4.27,8.39,0.00) | range=3.54 m
[INFO] [1790303799.494837272] [sage_target_localizer]: Person 3D | pixel=(920.0,894.7) | position=(-4.46,9.97,0.00) | range=3.22 m
[INFO] [1790303799.591542689] [sage_target_localizer]: Person 3D | pixel=(920.0,894.7) | position=(-4.46,9.97,0.00) | range=3.22 m
[INFO] [1790303799.687154179] [sage_target_localizer]: Person 3D | pixel=(920.0,894.7) | position=(-4.46,9.97,0.00) | range=3.22 m
[INFO] [1790303799.788636567] [sage_target_localizer]: Person 3D | pixel=(1012.2,934.0) | position=(-5.04,10.94,0.00) | range=3.74 m
[INFO] [1790303799.889411767] [sage_target_localizer]: Person 3D | pixel=(1012.2,934.0) | position=(-5.04,10.94,0.00) | range=3.74 m
[INFO] [1790303799.991200026] [sage_target_localizer]: Person 3D | pixel=(1012.2,934.0) | position=(-5.04,10.94,0.00) | range=3.74 m
[INFO] [1790303800.089800924] [sage_target_localizer]: Person 3D | pixel=(1012.2,934.0) | position=(-5.04,10.94,0.00) | range=3.74 m
[INFO] [1790303802.286338659] [sage_target_localizer]: Person 3D | pixel=(1131.8,933.6) | position=(-5.86,10.52,0.00) | range=3.16 m
[INFO] [1790303802.389608272] [sage_target_localizer]: Person 3D | pixel=(1131.8,933.6) | position=(-5.86,10.52,0.00) | range=3.16 m
[INFO] [1790303802.497840841] [sage_target_localizer]: Person 3D | pixel=(894.3,930.0) | position=(-5.44,10.00,0.00) | range=2.57 m
[INFO] [1790303802.590737588] [sage_target_localizer]: Person 3D | pixel=(894.3,930.0) | position=(-5.44,10.00,0.00) | range=2.57 m
[INFO] [1790303802.686515884] [sage_target_localizer]: Person 3D | pixel=(894.3,930.0) | position=(-5.44,10.00,0.00) | range=2.57 m
[INFO] [1790303802.790327847] [sage_target_localizer]: Person 3D | pixel=(803.7,929.6) | position=(-5.35,9.77,0.00) | range=2.43 m
[INFO] [1790303802.887763827] [sage_target_localizer]: Person 3D | pixel=(803.7,929.6) | position=(-5.35,9.77,0.00) | range=2.43 m
[INFO] [1790303802.986905178] [sage_target_localizer]: Person 3D | pixel=(740.2,929.1) | position=(-5.33,9.52,0.00) | range=2.36 m
[INFO] [1790303803.086767763] [sage_target_localizer]: Person 3D | pixel=(740.2,929.1) | position=(-5.33,9.52,0.00) | range=2.36 m
[INFO] [1790303803.199538831] [sage_target_localizer]: Person 3D | pixel=(740.2,929.1) | position=(-5.33,9.52,0.00) | range=2.36 m
[INFO] [1790303803.293454432] [sage_target_localizer]: Person 3D | pixel=(735.7,684.6) | position=(-8.12,9.15,0.00) | range=5.10 m
[INFO] [1790303803.387137692] [sage_target_localizer]: Person 3D | pixel=(735.7,684.6) | position=(-8.12,9.15,0.00) | range=5.10 m
[INFO] [1790303803.488343606] [sage_target_localizer]: Person 3D | pixel=(735.7,684.6) | position=(-8.12,9.15,0.00) | range=5.10 m
[INFO] [1790303803.596033777] [sage_target_localizer]: Person 3D | pixel=(578.8,928.3) | position=(-5.34,9.23,0.00) | range=2.33 m
[INFO] [1790303803.689369229] [sage_target_localizer]: Person 3D | pixel=(578.8,928.3) | position=(-5.34,9.23,0.00) | range=2.33 m
[INFO] [1790303803.788207154] [sage_target_localizer]: Person 3D | pixel=(510.7,918.4) | position=(-5.44,9.22,0.00) | range=2.44 m
[INFO] [1790303803.889010877] [sage_target_localizer]: Person 3D | pixel=(510.7,918.4) | position=(-5.44,9.22,0.00) | range=2.44 m
[INFO] [1790303803.988179004] [sage_target_localizer]: Person 3D | pixel=(448.5,929.3) | position=(-5.47,9.06,0.00) | range=2.46 m
[INFO] [1790303804.096100397] [sage_target_localizer]: Person 3D | pixel=(448.5,929.3) | position=(-5.47,9.06,0.00) | range=2.46 m
[INFO] [1790303804.190937579] [sage_target_localizer]: Person 3D | pixel=(448.5,929.3) | position=(-5.47,9.06,0.00) | range=2.46 m
[INFO] [1790303804.289039482] [sage_target_localizer]: Person 3D | pixel=(350.8,929.9) | position=(-5.63,8.92,0.00) | range=2.64 m
[INFO] [1790303804.388883917] [sage_target_localizer]: Person 3D | pixel=(350.8,929.9) | position=(-5.63,8.92,0.00) | range=2.64 m
[INFO] [1790303804.497454260] [sage_target_localizer]: Person 3D | pixel=(91.1,771.4) | position=(-8.07,9.47,0.00) | range=5.12 m
[INFO] [1790303804.587740485] [sage_target_localizer]: Person 3D | pixel=(91.1,771.4) | position=(-8.07,9.47,0.00) | range=5.12 m
[INFO] [1790303804.690148316] [sage_target_localizer]: Person 3D | pixel=(91.1,771.4) | position=(-8.07,9.47,0.00) | range=5.12 m
[INFO] [1790303804.787403909] [sage_target_localizer]: Person 3D | pixel=(91.1,771.4) | position=(-8.07,9.47,0.00) | range=5.12 m
[INFO] [1790303804.887234150] [sage_target_localizer]: Person 3D | pixel=(91.1,771.4) | position=(-8.07,9.47,0.00) | range=5.12 m
[INFO] [1790303804.988810951] [sage_target_localizer]: Person 3D | pixel=(91.1,771.4) | position=(-8.07,9.47,0.00) | range=5.12 m
[INFO] [1790303805.089785954] [sage_target_localizer]: Person 3D | pixel=(91.1,771.4) | position=(-8.07,9.47,0.00) | range=5.12 m
[INFO] [1790303805.190780444] [sage_target_localizer]: Person 3D | pixel=(1211.1,831.1) | position=(-0.99,4.91,0.00) | range=4.42 m
[INFO] [1790303805.287748398] [sage_target_localizer]: Person 3D | pixel=(1211.1,831.1) | position=(-0.99,4.91,0.00) | range=4.42 m
[INFO] [1790303805.386516005] [sage_target_localizer]: Person 3D | pixel=(1003.4,773.5) | position=(-0.88,4.98,0.00) | range=4.40 m
[INFO] [1790303805.486471040] [sage_target_localizer]: Person 3D | pixel=(1003.4,773.5) | position=(-0.88,4.98,0.00) | range=4.40 m
[INFO] [1790303805.586679981] [sage_target_localizer]: Person 3D | pixel=(1003.4,773.5) | position=(-0.88,4.98,0.00) | range=4.40 m
[INFO] [1790303805.688560516] [sage_target_localizer]: Person 3D | pixel=(1003.4,773.5) | position=(-0.88,4.98,0.00) | range=4.40 m
[INFO] [1790303805.788905753] [sage_target_localizer]: Person 3D | pixel=(808.0,732.6) | position=(-0.80,4.99,0.00) | range=4.42 m
[INFO] [1790303805.888753901] [sage_target_localizer]: Person 3D | pixel=(808.0,732.6) | position=(-0.80,4.99,0.00) | range=4.42 m
[INFO] [1790303805.986479346] [sage_target_localizer]: Person 3D | pixel=(808.0,732.6) | position=(-0.80,4.99,0.00) | range=4.42 m
[INFO] [1790303806.088229992] [sage_target_localizer]: Person 3D | pixel=(808.0,732.6) | position=(-0.80,4.99,0.00) | range=4.42 m
[INFO] [1790303806.188635120] [sage_target_localizer]: Person 3D | pixel=(808.0,732.6) | position=(-0.80,4.99,0.00) | range=4.42 m
[INFO] [1790303806.287978747] [sage_target_localizer]: Person 3D | pixel=(808.0,732.6) | position=(-0.80,4.99,0.00) | range=4.42 m
[INFO] [1790303806.389725844] [sage_target_localizer]: Person 3D | pixel=(808.0,732.6) | position=(-0.80,4.99,0.00) | range=4.42 m
[INFO] [1790303806.489746875] [sage_target_localizer]: Person 3D | pixel=(574.8,719.4) | position=(-0.55,5.02,0.00) | range=4.52 m
[INFO] [1790303806.592663739] [sage_target_localizer]: Person 3D | pixel=(574.8,719.4) | position=(-0.55,5.02,0.00) | range=4.52 m
[INFO] [1790303806.688184686] [sage_target_localizer]: Person 3D | pixel=(441.3,732.9) | position=(-0.72,4.91,0.00) | range=4.54 m
[INFO] [1790303806.792618787] [sage_target_localizer]: Person 3D | pixel=(441.3,732.9) | position=(-0.72,4.91,0.00) | range=4.54 m
[INFO] [1790303806.889179669] [sage_target_localizer]: Person 3D | pixel=(305.9,754.8) | position=(-0.75,4.83,0.00) | range=4.61 m
[INFO] [1790303806.992040184] [sage_target_localizer]: Person 3D | pixel=(305.9,754.8) | position=(-0.75,4.83,0.00) | range=4.61 m
[INFO] [1790303807.095476576] [sage_target_localizer]: Person 3D | pixel=(305.9,754.8) | position=(-0.75,4.83,0.00) | range=4.61 m
[INFO] [1790303807.189811904] [sage_target_localizer]: Person 3D | pixel=(173.4,786.3) | position=(-0.67,4.86,0.00) | range=4.64 m
[INFO] [1790303807.288663990] [sage_target_localizer]: Person 3D | pixel=(173.4,786.3) | position=(-0.67,4.86,0.00) | range=4.64 m
[WARN] [1790303810.188193661] [sage_target_localizer]: 3D localization skipped: UAV tilt 12.5 deg > 8.0
[INFO] [1790303810.988978875] [sage_target_localizer]: Person 3D | pixel=(427.8,762.9) | position=(-8.39,9.05,0.00) | range=3.09 m
[INFO] [1790303811.090858928] [sage_target_localizer]: Person 3D | pixel=(427.8,762.9) | position=(-8.39,9.05,0.00) | range=3.09 m
[INFO] [1790303811.194632458] [sage_target_localizer]: Person 3D | pixel=(548.9,848.3) | position=(-8.35,8.95,0.00) | range=2.44 m
[INFO] [1790303811.287266728] [sage_target_localizer]: Person 3D | pixel=(548.9,848.3) | position=(-8.35,8.95,0.00) | range=2.44 m
[INFO] [1790303811.386417065] [sage_target_localizer]: Person 3D | pixel=(548.9,848.3) | position=(-8.35,8.95,0.00) | range=2.44 m
[INFO] [1790303811.488152757] [sage_target_localizer]: Person 3D | pixel=(602.9,921.3) | position=(-8.63,9.02,0.00) | range=2.28 m
[INFO] [1790303811.587110102] [sage_target_localizer]: Person 3D | pixel=(602.9,921.3) | position=(-8.63,9.02,0.00) | range=2.28 m
[INFO] [1790303811.698264947] [sage_target_localizer]: Person 3D | pixel=(602.9,921.3) | position=(-8.63,9.02,0.00) | range=2.28 m
[INFO] [1790303811.786385698] [sage_target_localizer]: Person 3D | pixel=(602.9,921.3) | position=(-8.63,9.02,0.00) | range=2.28 m
[INFO] [1790303811.895523375] [sage_target_localizer]: Person 3D | pixel=(602.9,921.3) | position=(-8.63,9.02,0.00) | range=2.28 m
[INFO] [1790303811.994688731] [sage_target_localizer]: Person 3D | pixel=(602.9,921.3) | position=(-8.63,9.02,0.00) | range=2.28 m
[INFO] [1790303812.094143026] [sage_target_localizer]: Person 3D | pixel=(682.7,947.6) | position=(-10.85,8.99,0.00) | range=3.03 m
[INFO] [1790303812.191787564] [sage_target_localizer]: Person 3D | pixel=(682.7,947.6) | position=(-10.85,8.99,0.00) | range=3.03 m
[INFO] [1790303816.290933252] [sage_target_localizer]: Person 3D | pixel=(1098.4,751.1) | position=(-5.72,5.31,0.00) | range=5.00 m
[INFO] [1790303816.387373311] [sage_target_localizer]: Person 3D | pixel=(1098.4,751.1) | position=(-5.72,5.31,0.00) | range=5.00 m
[INFO] [1790303816.490203896] [sage_target_localizer]: Person 3D | pixel=(986.8,730.6) | position=(-5.66,5.51,0.00) | range=4.88 m
[INFO] [1790303816.587238259] [sage_target_localizer]: Person 3D | pixel=(986.8,730.6) | position=(-5.66,5.51,0.00) | range=4.88 m
[INFO] [1790303816.688264592] [sage_target_localizer]: Person 3D | pixel=(986.8,730.6) | position=(-5.66,5.51,0.00) | range=4.88 m
[INFO] [1790303816.791920419] [sage_target_localizer]: Person 3D | pixel=(887.9,725.2) | position=(-5.69,5.85,0.00) | range=4.63 m
[INFO] [1790303816.888044604] [sage_target_localizer]: Person 3D | pixel=(887.9,725.2) | position=(-5.69,5.85,0.00) | range=4.63 m
[INFO] [1790303816.993518340] [sage_target_localizer]: Person 3D | pixel=(887.9,725.2) | position=(-5.69,5.85,0.00) | range=4.63 m
[INFO] [1790303817.289803265] [sage_target_localizer]: Person 3D | pixel=(677.8,723.8) | position=(-5.81,6.17,0.00) | range=4.29 m
[INFO] [1790303817.394482449] [sage_target_localizer]: Person 3D | pixel=(677.8,723.8) | position=(-5.81,6.17,0.00) | range=4.29 m
[INFO] [1790303817.493077919] [sage_target_localizer]: Person 3D | pixel=(677.8,723.8) | position=(-5.81,6.17,0.00) | range=4.29 m
[INFO] [1790303817.587893504] [sage_target_localizer]: Person 3D | pixel=(570.6,719.3) | position=(-5.68,6.07,0.00) | range=4.45 m
[INFO] [1790303817.688900893] [sage_target_localizer]: Person 3D | pixel=(570.6,719.3) | position=(-5.68,6.07,0.00) | range=4.45 m
[INFO] [1790303817.789434731] [sage_target_localizer]: Person 3D | pixel=(477.1,743.6) | position=(-5.79,6.30,0.00) | range=4.21 m
[INFO] [1790303817.887584100] [sage_target_localizer]: Person 3D | pixel=(477.1,743.6) | position=(-5.79,6.30,0.00) | range=4.21 m
[INFO] [1790303817.987922653] [sage_target_localizer]: Person 3D | pixel=(477.1,743.6) | position=(-5.79,6.30,0.00) | range=4.21 m
[INFO] [1790303818.095143212] [sage_target_localizer]: Person 3D | pixel=(355.1,765.2) | position=(-5.74,6.33,0.00) | range=4.22 m
[INFO] [1790303818.191128241] [sage_target_localizer]: Person 3D | pixel=(355.1,765.2) | position=(-5.74,6.33,0.00) | range=4.22 m
[INFO] [1790303818.290627710] [sage_target_localizer]: Person 3D | pixel=(355.1,765.2) | position=(-5.74,6.33,0.00) | range=4.22 m
[INFO] [1790303818.392056988] [sage_target_localizer]: Person 3D | pixel=(160.8,816.9) | position=(-5.67,6.42,0.00) | range=4.23 m
[INFO] [1790303818.493734176] [sage_target_localizer]: Person 3D | pixel=(160.8,816.9) | position=(-5.67,6.42,0.00) | range=4.23 m
[INFO] [1790303818.587235954] [sage_target_localizer]: Person 3D | pixel=(57.8,653.7) | position=(-1.30,4.34,0.00) | range=9.00 m
[INFO] [1790303818.690839541] [sage_target_localizer]: Person 3D | pixel=(57.8,653.7) | position=(-1.30,4.34,0.00) | range=9.00 m
[INFO] [1790303823.086685043] [sage_target_localizer]: Person 3D | pixel=(1129.5,673.7) | position=(-3.43,4.44,0.00) | range=6.23 m
[INFO] [1790303823.187179337] [sage_target_localizer]: Person 3D | pixel=(1129.5,673.7) | position=(-3.43,4.44,0.00) | range=6.23 m
[INFO] [1790303826.490625885] [sage_target_localizer]: Person 3D | pixel=(1100.8,570.7) | position=(0.01,1.60,0.00) | range=9.57 m
[INFO] [1790303826.588389504] [sage_target_localizer]: Person 3D | pixel=(1100.8,570.7) | position=(0.01,1.60,0.00) | range=9.57 m
[INFO] [1790303826.688641287] [sage_target_localizer]: Person 3D | pixel=(1100.8,570.7) | position=(0.01,1.60,0.00) | range=9.57 m
[INFO] [1790303826.792416289] [sage_target_localizer]: Person 3D | pixel=(913.3,549.6) | position=(-0.20,2.03,0.00) | range=9.42 m
[INFO] [1790303826.893562151] [sage_target_localizer]: Person 3D | pixel=(913.3,549.6) | position=(-0.20,2.03,0.00) | range=9.42 m
[INFO] [1790303826.988897880] [sage_target_localizer]: Person 3D | pixel=(913.3,549.6) | position=(-0.20,2.03,0.00) | range=9.42 m
[INFO] [1790303827.391221181] [sage_target_localizer]: Person 3D | pixel=(1152.7,593.9) | position=(-3.55,9.21,0.00) | range=8.70 m
[INFO] [1790303827.490956487] [sage_target_localizer]: Person 3D | pixel=(1152.7,593.9) | position=(-3.55,9.21,0.00) | range=8.70 m
[INFO] [1790303827.589306488] [sage_target_localizer]: Person 3D | pixel=(1152.7,593.9) | position=(-3.55,9.21,0.00) | range=8.70 m
[INFO] [1790303827.701446610] [sage_target_localizer]: Person 3D | pixel=(460.9,552.5) | position=(-1.00,2.45,0.00) | range=8.79 m
[INFO] [1790303827.795095770] [sage_target_localizer]: Person 3D | pixel=(460.9,552.5) | position=(-1.00,2.45,0.00) | range=8.79 m
[INFO] [1790303827.889749486] [sage_target_localizer]: Person 3D | pixel=(1022.3,690.9) | position=(-7.25,7.89,0.00) | range=5.30 m
[INFO] [1790303827.986844116] [sage_target_localizer]: Person 3D | pixel=(1022.3,690.9) | position=(-7.25,7.89,0.00) | range=5.30 m
[WARN] [1790303828.091190613] [sage_target_localizer]: 3D localization skipped: UAV tilt 11.7 deg > 8.0
[INFO] [1790303832.991186640] [sage_target_localizer]: Person 3D | pixel=(54.8,658.4) | position=(-7.37,9.49,0.00) | range=9.79 m
[INFO] [1790303833.087547863] [sage_target_localizer]: Person 3D | pixel=(54.8,658.4) | position=(-7.37,9.49,0.00) | range=9.79 m
[INFO] [1790303833.187972370] [sage_target_localizer]: Person 3D | pixel=(54.8,658.4) | position=(-7.37,9.49,0.00) | range=9.79 m
[INFO] [1790303833.294121579] [sage_target_localizer]: Person 3D | pixel=(54.8,658.4) | position=(-7.37,9.49,0.00) | range=9.79 m
[INFO] [1790303833.387139027] [sage_target_localizer]: Person 3D | pixel=(54.8,658.4) | position=(-7.37,9.49,0.00) | range=9.79 m
[INFO] [1790303833.486860960] [sage_target_localizer]: Person 3D | pixel=(54.8,658.4) | position=(-7.37,9.49,0.00) | range=9.79 m
[INFO] [1790303833.592527609] [sage_target_localizer]: Person 3D | pixel=(54.8,658.4) | position=(-7.37,9.49,0.00) | range=9.79 m
[INFO] [1790303833.690647012] [sage_target_localizer]: Person 3D | pixel=(54.8,658.4) | position=(-7.37,9.49,0.00) | range=9.79 m
[INFO] [1790303833.787064404] [sage_target_localizer]: Person 3D | pixel=(130.4,546.7) | position=(-9.19,12.28,0.00) | range=14.55 m
[INFO] [1790303833.886618103] [sage_target_localizer]: Person 3D | pixel=(130.4,546.7) | position=(-9.19,12.28,0.00) | range=14.55 m
[INFO] [1790303833.988880066] [sage_target_localizer]: Person 3D | pixel=(149.1,507.3) | position=(-8.28,11.33,0.00) | range=13.69 m
[INFO] [1790303834.086305562] [sage_target_localizer]: Person 3D | pixel=(149.1,507.3) | position=(-8.28,11.33,0.00) | range=13.69 m
[INFO] [1790303834.189050345] [sage_target_localizer]: Person 3D | pixel=(149.1,507.3) | position=(-8.28,11.33,0.00) | range=13.69 m
[WARN] [1790303834.287645983] [sage_target_localizer]: 3D localization skipped: UAV tilt 8.5 deg > 8.0
[INFO] [1790303835.687901196] [sage_target_localizer]: Person 3D | pixel=(84.7,536.8) | position=(-3.32,8.14,0.00) | range=9.51 m
[INFO] [1790303835.794667041] [sage_target_localizer]: Person 3D | pixel=(84.7,536.8) | position=(-3.32,8.14,0.00) | range=9.51 m
[INFO] [1790303835.886859746] [sage_target_localizer]: Person 3D | pixel=(84.7,536.8) | position=(-3.32,8.14,0.00) | range=9.51 m
[INFO] [1790303835.989094455] [sage_target_localizer]: Person 3D | pixel=(100.0,547.3) | position=(-3.50,8.15,0.00) | range=9.69 m
[INFO] [1790303836.092490980] [sage_target_localizer]: Person 3D | pixel=(100.0,547.3) | position=(-3.50,8.15,0.00) | range=9.69 m
[INFO] [1790303836.186763496] [sage_target_localizer]: Person 3D | pixel=(120.8,561.5) | position=(-3.72,8.01,0.00) | range=9.78 m
[INFO] [1790303836.287349076] [sage_target_localizer]: Person 3D | pixel=(120.8,561.5) | position=(-3.72,8.01,0.00) | range=9.78 m
[INFO] [1790303836.386665232] [sage_target_localizer]: Person 3D | pixel=(120.8,561.5) | position=(-3.72,8.01,0.00) | range=9.78 m
[INFO] [1790303836.496561679] [sage_target_localizer]: Person 3D | pixel=(134.2,574.2) | position=(-3.84,7.89,0.00) | range=9.77 m
[INFO] [1790303836.586759670] [sage_target_localizer]: Person 3D | pixel=(134.2,574.2) | position=(-3.84,7.89,0.00) | range=9.77 m
[INFO] [1790303836.688710505] [sage_target_localizer]: Person 3D | pixel=(134.2,574.2) | position=(-3.84,7.89,0.00) | range=9.77 m
[INFO] [1790303836.793023385] [sage_target_localizer]: Person 3D | pixel=(148.4,590.4) | position=(-3.80,7.62,0.00) | range=9.52 m
[INFO] [1790303836.886485105] [sage_target_localizer]: Person 3D | pixel=(148.4,590.4) | position=(-3.80,7.62,0.00) | range=9.52 m
[INFO] [1790303836.986712389] [sage_target_localizer]: Person 3D | pixel=(148.4,590.4) | position=(-3.80,7.62,0.00) | range=9.52 m
[INFO] [1790303837.086740402] [sage_target_localizer]: Person 3D | pixel=(166.5,609.6) | position=(-3.24,6.81,0.00) | range=8.54 m
[INFO] [1790303837.194364740] [sage_target_localizer]: Person 3D | pixel=(166.5,609.6) | position=(-3.24,6.81,0.00) | range=8.54 m
[INFO] [1790303837.289726081] [sage_target_localizer]: Person 3D | pixel=(181.3,613.6) | position=(-3.88,7.21,0.00) | range=9.21 m
[INFO] [1790303837.395726387] [sage_target_localizer]: Person 3D | pixel=(181.3,613.6) | position=(-3.88,7.21,0.00) | range=9.21 m
[INFO] [1790303837.495386493] [sage_target_localizer]: Person 3D | pixel=(181.3,613.6) | position=(-3.88,7.21,0.00) | range=9.21 m
[INFO] [1790303837.586148570] [sage_target_localizer]: Person 3D | pixel=(194.2,618.6) | position=(-3.95,7.13,0.00) | range=9.17 m
[INFO] [1790303837.688117824] [sage_target_localizer]: Person 3D | pixel=(194.2,618.6) | position=(-3.95,7.13,0.00) | range=9.17 m
[INFO] [1790303837.800055939] [sage_target_localizer]: Person 3D | pixel=(260.1,568.1) | position=(-8.41,9.77,0.00) | range=14.24 m
[INFO] [1790303837.888636529] [sage_target_localizer]: Person 3D | pixel=(260.1,568.1) | position=(-8.41,9.77,0.00) | range=14.24 m
[INFO] [1790303837.994931844] [sage_target_localizer]: Person 3D | pixel=(260.1,568.1) | position=(-8.41,9.77,0.00) | range=14.24 m
[INFO] [1790303838.094609655] [sage_target_localizer]: Person 3D | pixel=(244.6,613.9) | position=(-4.72,7.18,0.00) | range=9.70 m
[INFO] [1790303838.189537079] [sage_target_localizer]: Person 3D | pixel=(244.6,613.9) | position=(-4.72,7.18,0.00) | range=9.70 m
[INFO] [1790303838.288220953] [sage_target_localizer]: Person 3D | pixel=(244.6,613.9) | position=(-4.72,7.18,0.00) | range=9.70 m
[WARN] [1790303839.289691238] [sage_target_localizer]: 3D localization skipped: UAV tilt 9.0 deg > 8.0
[INFO] [1790303840.190818899] [sage_target_localizer]: Person 3D | pixel=(1050.3,768.5) | position=(0.03,5.11,0.00) | range=4.77 m
[INFO] [1790303840.295267889] [sage_target_localizer]: Person 3D | pixel=(1050.3,768.5) | position=(0.03,5.11,0.00) | range=4.77 m
[INFO] [1790303840.394515732] [sage_target_localizer]: Person 3D | pixel=(949.4,724.3) | position=(0.13,5.34,0.00) | range=5.05 m
[INFO] [1790303840.488327329] [sage_target_localizer]: Person 3D | pixel=(949.4,724.3) | position=(0.13,5.34,0.00) | range=5.05 m
[INFO] [1790303840.587818031] [sage_target_localizer]: Person 3D | pixel=(949.4,724.3) | position=(0.13,5.34,0.00) | range=5.05 m
[INFO] [1790303840.693093071] [sage_target_localizer]: Person 3D | pixel=(949.4,724.3) | position=(0.13,5.34,0.00) | range=5.05 m
[INFO] [1790303840.786324146] [sage_target_localizer]: Person 3D | pixel=(949.4,724.3) | position=(0.13,5.34,0.00) | range=5.05 m
[INFO] [1790303840.889642168] [sage_target_localizer]: Person 3D | pixel=(1144.4,693.2) | position=(-4.59,4.96,0.00) | range=7.23 m
[INFO] [1790303840.995432799] [sage_target_localizer]: Person 3D | pixel=(1144.4,693.2) | position=(-4.59,4.96,0.00) | range=7.23 m
[INFO] [1790303841.088809930] [sage_target_localizer]: Person 3D | pixel=(1144.4,693.2) | position=(-4.59,4.96,0.00) | range=7.23 m
[INFO] [1790303841.186618325] [sage_target_localizer]: Person 3D | pixel=(1144.4,693.2) | position=(-4.59,4.96,0.00) | range=7.23 m
[INFO] [1790303841.287544794] [sage_target_localizer]: Person 3D | pixel=(1144.4,693.2) | position=(-4.59,4.96,0.00) | range=7.23 m
[INFO] [1790303841.387983793] [sage_target_localizer]: Person 3D | pixel=(1144.4,693.2) | position=(-4.59,4.96,0.00) | range=7.23 m
[INFO] [1790303841.494207239] [sage_target_localizer]: Person 3D | pixel=(1144.4,693.2) | position=(-4.59,4.96,0.00) | range=7.23 m
[INFO] [1790303841.591399162] [sage_target_localizer]: Person 3D | pixel=(1144.4,693.2) | position=(-4.59,4.96,0.00) | range=7.23 m
[INFO] [1790303841.694898426] [sage_target_localizer]: Person 3D | pixel=(1144.4,693.2) | position=(-4.59,4.96,0.00) | range=7.23 m
[INFO] [1790303841.788552320] [sage_target_localizer]: Person 3D | pixel=(1144.4,693.2) | position=(-4.59,4.96,0.00) | range=7.23 m
[INFO] [1790303841.888843746] [sage_target_localizer]: Person 3D | pixel=(1144.4,693.2) | position=(-4.59,4.96,0.00) | range=7.23 m
[INFO] [1790303841.989601585] [sage_target_localizer]: Person 3D | pixel=(1144.4,693.2) | position=(-4.59,4.96,0.00) | range=7.23 m
[INFO] [1790303842.086880739] [sage_target_localizer]: Person 3D | pixel=(1144.4,693.2) | position=(-4.59,4.96,0.00) | range=7.23 m
[INFO] [1790303842.189319890] [sage_target_localizer]: Person 3D | pixel=(1144.4,693.2) | position=(-4.59,4.96,0.00) | range=7.23 m
[INFO] [1790303843.588194688] [sage_target_localizer]: Person 3D | pixel=(142.4,723.5) | position=(-5.28,4.49,0.00) | range=4.88 m
[INFO] [1790303843.686729620] [sage_target_localizer]: Person 3D | pixel=(142.4,723.5) | position=(-5.28,4.49,0.00) | range=4.88 m
[INFO] [1790303843.789417691] [sage_target_localizer]: Person 3D | pixel=(142.4,723.5) | position=(-5.28,4.49,0.00) | range=4.88 m
[INFO] [1790303843.893212868] [sage_target_localizer]: Person 3D | pixel=(240.5,695.8) | position=(-5.32,4.80,0.00) | range=4.70 m
[INFO] [1790303843.986420428] [sage_target_localizer]: Person 3D | pixel=(240.5,695.8) | position=(-5.32,4.80,0.00) | range=4.70 m
[INFO] [1790303844.089467190] [sage_target_localizer]: Person 3D | pixel=(240.5,695.8) | position=(-5.32,4.80,0.00) | range=4.70 m
[INFO] [1790303844.188834929] [sage_target_localizer]: Person 3D | pixel=(324.2,729.9) | position=(-4.94,4.90,0.00) | range=3.94 m
[INFO] [1790303844.286562768] [sage_target_localizer]: Person 3D | pixel=(324.2,729.9) | position=(-4.94,4.90,0.00) | range=3.94 m
[INFO] [1790303844.388136977] [sage_target_localizer]: Person 3D | pixel=(409.7,741.1) | position=(-5.01,5.15,0.00) | range=3.47 m
[INFO] [1790303844.489420739] [sage_target_localizer]: Person 3D | pixel=(409.7,741.1) | position=(-5.01,5.15,0.00) | range=3.47 m
[INFO] [1790303844.587565926] [sage_target_localizer]: Person 3D | pixel=(409.7,741.1) | position=(-5.01,5.15,0.00) | range=3.47 m
[INFO] [1790303844.687336493] [sage_target_localizer]: Person 3D | pixel=(443.0,780.2) | position=(-4.81,5.05,0.00) | range=2.94 m
[INFO] [1790303844.786273274] [sage_target_localizer]: Person 3D | pixel=(443.0,780.2) | position=(-4.81,5.05,0.00) | range=2.94 m
[INFO] [1790303844.888238015] [sage_target_localizer]: Person 3D | pixel=(484.6,823.4) | position=(-5.03,5.28,0.00) | range=2.76 m
[INFO] [1790303845.001345221] [sage_target_localizer]: Person 3D | pixel=(484.6,823.4) | position=(-5.03,5.28,0.00) | range=2.76 m
[INFO] [1790303845.086446084] [sage_target_localizer]: Person 3D | pixel=(484.6,823.4) | position=(-5.03,5.28,0.00) | range=2.76 m
[INFO] [1790303845.187438763] [sage_target_localizer]: Person 3D | pixel=(526.8,869.0) | position=(-4.91,5.27,0.00) | range=2.27 m
[INFO] [1790303845.288216528] [sage_target_localizer]: Person 3D | pixel=(526.8,869.0) | position=(-4.91,5.27,0.00) | range=2.27 m
[INFO] [1790303845.391923381] [sage_target_localizer]: Person 3D | pixel=(605.6,913.9) | position=(-5.09,5.35,0.00) | range=2.14 m
[INFO] [1790303845.488653189] [sage_target_localizer]: Person 3D | pixel=(605.6,913.9) | position=(-5.09,5.35,0.00) | range=2.14 m
[INFO] [1790303845.587940945] [sage_target_localizer]: Person 3D | pixel=(716.5,919.1) | position=(-5.35,5.37,0.00) | range=2.14 m
[INFO] [1790303845.693445975] [sage_target_localizer]: Person 3D | pixel=(716.5,919.1) | position=(-5.35,5.37,0.00) | range=2.14 m
[INFO] [1790303845.786573155] [sage_target_localizer]: Person 3D | pixel=(716.5,919.1) | position=(-5.35,5.37,0.00) | range=2.14 m
[INFO] [1790303845.886585302] [sage_target_localizer]: Person 3D | pixel=(716.5,919.1) | position=(-5.35,5.37,0.00) | range=2.14 m
[INFO] [1790303845.993574880] [sage_target_localizer]: Person 3D | pixel=(875.0,921.5) | position=(-5.61,5.19,0.00) | range=2.35 m
[INFO] [1790303846.086372144] [sage_target_localizer]: Person 3D | pixel=(875.0,921.5) | position=(-5.61,5.19,0.00) | range=2.35 m
[INFO] [1790303846.187781982] [sage_target_localizer]: Person 3D | pixel=(413.5,645.9) | position=(-8.84,8.80,0.00) | range=5.39 m
[INFO] [1790303846.289368861] [sage_target_localizer]: Person 3D | pixel=(413.5,645.9) | position=(-8.84,8.80,0.00) | range=5.39 m
[INFO] [1790303846.389066630] [sage_target_localizer]: Person 3D | pixel=(467.2,670.5) | position=(-9.16,8.95,0.00) | range=5.28 m
[INFO] [1790303846.486202877] [sage_target_localizer]: Person 3D | pixel=(467.2,670.5) | position=(-9.16,8.95,0.00) | range=5.28 m
[INFO] [1790303846.587961524] [sage_target_localizer]: Person 3D | pixel=(467.2,670.5) | position=(-9.16,8.95,0.00) | range=5.28 m
[INFO] [1790303846.687318490] [sage_target_localizer]: Person 3D | pixel=(506.8,675.4) | position=(-8.93,8.89,0.00) | range=4.68 m
[INFO] [1790303846.786610588] [sage_target_localizer]: Person 3D | pixel=(506.8,675.4) | position=(-8.93,8.89,0.00) | range=4.68 m
[INFO] [1790303846.888454826] [sage_target_localizer]: Person 3D | pixel=(564.4,726.6) | position=(-8.47,8.83,0.00) | range=3.81 m
[INFO] [1790303846.988484234] [sage_target_localizer]: Person 3D | pixel=(564.4,726.6) | position=(-8.47,8.83,0.00) | range=3.81 m
[INFO] [1790303847.089420740] [sage_target_localizer]: Person 3D | pixel=(601.2,730.3) | position=(-8.73,8.98,0.00) | range=3.82 m
[INFO] [1790303847.192526938] [sage_target_localizer]: Person 3D | pixel=(601.2,730.3) | position=(-8.73,8.98,0.00) | range=3.82 m
[INFO] [1790303847.286294214] [sage_target_localizer]: Person 3D | pixel=(601.2,730.3) | position=(-8.73,8.98,0.00) | range=3.82 m
[INFO] [1790303847.387454397] [sage_target_localizer]: Person 3D | pixel=(648.9,763.6) | position=(-8.66,9.06,0.00) | range=3.51 m
[INFO] [1790303847.487552254] [sage_target_localizer]: Person 3D | pixel=(648.9,763.6) | position=(-8.66,9.06,0.00) | range=3.51 m
[INFO] [1790303847.587523080] [sage_target_localizer]: Person 3D | pixel=(648.9,763.6) | position=(-8.66,9.06,0.00) | range=3.51 m
[WARN] [1790303848.089503501] [sage_target_localizer]: 3D localization skipped: UAV tilt 30.8 deg > 8.0
[INFO] [1790303856.187407855] [sage_target_localizer]: Person 3D | pixel=(1221.6,656.5) | position=(-4.75,9.99,0.00) | range=8.23 m
[INFO] [1790303856.289457588] [sage_target_localizer]: Person 3D | pixel=(1221.6,656.5) | position=(-4.75,9.99,0.00) | range=8.23 m
[INFO] [1790303856.391289393] [sage_target_localizer]: Person 3D | pixel=(1035.5,630.8) | position=(-4.67,9.97,0.00) | range=8.23 m
[INFO] [1790303856.487533921] [sage_target_localizer]: Person 3D | pixel=(1035.5,630.8) | position=(-4.67,9.97,0.00) | range=8.23 m
[INFO] [1790303856.596892046] [sage_target_localizer]: Person 3D | pixel=(1035.5,630.8) | position=(-4.67,9.97,0.00) | range=8.23 m
[INFO] [1790303856.689608449] [sage_target_localizer]: Person 3D | pixel=(1035.5,630.8) | position=(-4.67,9.97,0.00) | range=8.23 m
[INFO] [1790303856.790441011] [sage_target_localizer]: Person 3D | pixel=(366.0,613.6) | position=(-0.47,4.17,0.00) | range=8.54 m
[INFO] [1790303856.889921197] [sage_target_localizer]: Person 3D | pixel=(366.0,613.6) | position=(-0.47,4.17,0.00) | range=8.54 m
[INFO] [1790303856.994225983] [sage_target_localizer]: Person 3D | pixel=(80.7,648.1) | position=(-0.28,3.81,0.00) | range=8.71 m
[INFO] [1790303857.089655998] [sage_target_localizer]: Person 3D | pixel=(80.7,648.1) | position=(-0.28,3.81,0.00) | range=8.71 m
[INFO] [1790303857.189570908] [sage_target_localizer]: Person 3D | pixel=(80.7,648.1) | position=(-0.28,3.81,0.00) | range=8.71 m
[INFO] [1790303857.296310792] [sage_target_localizer]: Person 3D | pixel=(80.7,648.1) | position=(-0.28,3.81,0.00) | range=8.71 m
[INFO] [1790303857.589636058] [sage_target_localizer]: Person 3D | pixel=(698.0,668.7) | position=(-8.36,8.49,0.00) | range=5.52 m
[INFO] [1790303857.691479611] [sage_target_localizer]: Person 3D | pixel=(698.0,668.7) | position=(-8.36,8.49,0.00) | range=5.52 m
[INFO] [1790303857.790616896] [sage_target_localizer]: Person 3D | pixel=(315.8,617.5) | position=(-4.48,10.45,0.00) | range=8.72 m
[INFO] [1790303857.887193207] [sage_target_localizer]: Person 3D | pixel=(315.8,617.5) | position=(-4.48,10.45,0.00) | range=8.72 m
[INFO] [1790303857.987815394] [sage_target_localizer]: Person 3D | pixel=(315.8,617.5) | position=(-4.48,10.45,0.00) | range=8.72 m
[INFO] [1790303858.089383064] [sage_target_localizer]: Person 3D | pixel=(504.8,680.6) | position=(-8.50,8.13,0.00) | range=5.15 m
[INFO] [1790303858.192383831] [sage_target_localizer]: Person 3D | pixel=(504.8,680.6) | position=(-8.50,8.13,0.00) | range=5.15 m
[INFO] [1790303858.294147910] [sage_target_localizer]: Person 3D | pixel=(504.8,680.6) | position=(-8.50,8.13,0.00) | range=5.15 m
[INFO] [1790303858.387232784] [sage_target_localizer]: Person 3D | pixel=(504.8,680.6) | position=(-8.50,8.13,0.00) | range=5.15 m
[INFO] [1790303858.491204708] [sage_target_localizer]: Person 3D | pixel=(373.0,692.9) | position=(-8.61,8.51,0.00) | range=5.50 m
[INFO] [1790303858.594599796] [sage_target_localizer]: Person 3D | pixel=(373.0,692.9) | position=(-8.61,8.51,0.00) | range=5.50 m
[INFO] [1790303858.687425162] [sage_target_localizer]: Person 3D | pixel=(179.6,736.9) | position=(-8.68,8.44,0.00) | range=5.44 m
[INFO] [1790303858.788214902] [sage_target_localizer]: Person 3D | pixel=(179.6,736.9) | position=(-8.68,8.44,0.00) | range=5.44 m
[INFO] [1790303858.888243120] [sage_target_localizer]: Person 3D | pixel=(179.6,736.9) | position=(-8.68,8.44,0.00) | range=5.44 m
[INFO] [1790303871.996566206] [sage_target_localizer]: Person 3D | pixel=(1086.7,610.4) | position=(-8.75,7.48,0.00) | range=10.49 m
[INFO] [1790303872.087778282] [sage_target_localizer]: Person 3D | pixel=(1086.7,610.4) | position=(-8.75,7.48,0.00) | range=10.49 m
[INFO] [1790303872.190956426] [sage_target_localizer]: Person 3D | pixel=(948.4,593.0) | position=(-8.75,7.76,0.00) | range=10.75 m
[INFO] [1790303872.290861735] [sage_target_localizer]: Person 3D | pixel=(948.4,593.0) | position=(-8.75,7.76,0.00) | range=10.75 m
[INFO] [1790303872.386533315] [sage_target_localizer]: Person 3D | pixel=(948.4,593.0) | position=(-8.75,7.76,0.00) | range=10.75 m
[INFO] [1790303873.698420779] [sage_target_localizer]: Person 3D | pixel=(277.8,592.5) | position=(-8.46,8.31,0.00) | range=11.32 m
[INFO] [1790303873.795159976] [sage_target_localizer]: Person 3D | pixel=(277.8,592.5) | position=(-8.46,8.31,0.00) | range=11.32 m
[INFO] [1790303900.089657171] [sage_target_localizer]: Person 3D | pixel=(406.6,584.2) | position=(7.89,-7.67,0.00) | range=11.29 m
[INFO] [1790303900.191235976] [sage_target_localizer]: Person 3D | pixel=(406.6,584.2) | position=(7.89,-7.67,0.00) | range=11.29 m
[INFO] [1790303900.287311269] [sage_target_localizer]: Person 3D | pixel=(406.6,584.2) | position=(7.89,-7.67,0.00) | range=11.29 m
[INFO] [1790303900.386769919] [sage_target_localizer]: Person 3D | pixel=(394.4,586.1) | position=(7.89,-7.61,0.00) | range=11.18 m
[INFO] [1790303900.495131881] [sage_target_localizer]: Person 3D | pixel=(394.4,586.1) | position=(7.89,-7.61,0.00) | range=11.18 m
[INFO] [1790303900.594505682] [sage_target_localizer]: Person 3D | pixel=(380.2,587.5) | position=(7.85,-7.56,0.00) | range=11.05 m
[INFO] [1790303900.687981967] [sage_target_localizer]: Person 3D | pixel=(380.2,587.5) | position=(7.85,-7.56,0.00) | range=11.05 m
[INFO] [1790303900.790824207] [sage_target_localizer]: Person 3D | pixel=(380.2,587.5) | position=(7.85,-7.56,0.00) | range=11.05 m
[INFO] [1790303900.886566013] [sage_target_localizer]: Person 3D | pixel=(380.2,587.5) | position=(7.85,-7.56,0.00) | range=11.05 m
[INFO] [1790303900.988800335] [sage_target_localizer]: Person 3D | pixel=(370.6,587.7) | position=(8.03,-7.57,0.00) | range=11.15 m
[INFO] [1790303901.096034396] [sage_target_localizer]: Person 3D | pixel=(370.6,587.7) | position=(8.03,-7.57,0.00) | range=11.15 m
[INFO] [1790303901.187078653] [sage_target_localizer]: Person 3D | pixel=(370.6,587.7) | position=(8.03,-7.57,0.00) | range=11.15 m
[INFO] [1790303901.299182888] [sage_target_localizer]: Person 3D | pixel=(353.3,591.2) | position=(7.97,-7.49,0.00) | range=10.97 m
[INFO] [1790303901.391831479] [sage_target_localizer]: Person 3D | pixel=(353.3,591.2) | position=(7.97,-7.49,0.00) | range=10.97 m
[INFO] [1790303901.490609030] [sage_target_localizer]: Person 3D | pixel=(353.3,591.2) | position=(7.97,-7.49,0.00) | range=10.97 m
[INFO] [1790303901.600184726] [sage_target_localizer]: Person 3D | pixel=(353.3,591.2) | position=(7.97,-7.49,0.00) | range=10.97 m
[INFO] [1790303901.696832340] [sage_target_localizer]: Person 3D | pixel=(337.0,591.3) | position=(8.09,-7.45,0.00) | range=10.98 m
[INFO] [1790303901.792317965] [sage_target_localizer]: Person 3D | pixel=(312.3,592.0) | position=(8.24,-7.60,0.00) | range=11.13 m
[INFO] [1790303901.889874132] [sage_target_localizer]: Person 3D | pixel=(312.3,592.0) | position=(8.24,-7.60,0.00) | range=11.13 m
[INFO] [1790303901.987233843] [sage_target_localizer]: Person 3D | pixel=(312.3,592.0) | position=(8.24,-7.60,0.00) | range=11.13 m
[INFO] [1790303902.089212209] [sage_target_localizer]: Person 3D | pixel=(306.7,592.5) | position=(8.34,-7.55,0.00) | range=11.15 m
[INFO] [1790303902.186314905] [sage_target_localizer]: Person 3D | pixel=(306.7,592.5) | position=(8.34,-7.55,0.00) | range=11.15 m
[INFO] [1790303902.287554381] [sage_target_localizer]: Person 3D | pixel=(290.0,595.2) | position=(8.25,-7.44,0.00) | range=10.99 m
[INFO] [1790303902.393350651] [sage_target_localizer]: Person 3D | pixel=(290.0,595.2) | position=(8.25,-7.44,0.00) | range=10.99 m
[INFO] [1790303902.494151079] [sage_target_localizer]: Person 3D | pixel=(282.7,595.3) | position=(8.30,-7.42,0.00) | range=11.01 m
[INFO] [1790303902.587696030] [sage_target_localizer]: Person 3D | pixel=(282.7,595.3) | position=(8.30,-7.42,0.00) | range=11.01 m
[INFO] [1790303902.701468553] [sage_target_localizer]: Person 3D | pixel=(282.7,595.3) | position=(8.30,-7.42,0.00) | range=11.01 m
[INFO] [1790303902.792321673] [sage_target_localizer]: Person 3D | pixel=(282.7,595.3) | position=(8.30,-7.42,0.00) | range=11.01 m
[INFO] [1790303902.891710473] [sage_target_localizer]: Person 3D | pixel=(263.7,593.8) | position=(8.52,-7.58,0.00) | range=11.26 m
[INFO] [1790303902.992431792] [sage_target_localizer]: Person 3D | pixel=(263.7,593.8) | position=(8.52,-7.58,0.00) | range=11.26 m
[INFO] [1790303903.088627322] [sage_target_localizer]: Person 3D | pixel=(263.7,593.8) | position=(8.52,-7.58,0.00) | range=11.26 m
[INFO] [1790303903.187843118] [sage_target_localizer]: Person 3D | pixel=(237.5,592.8) | position=(8.84,-7.80,0.00) | range=11.65 m
[INFO] [1790303903.287451255] [sage_target_localizer]: Person 3D | pixel=(237.5,592.8) | position=(8.84,-7.80,0.00) | range=11.65 m
[INFO] [1790303903.387585168] [sage_target_localizer]: Person 3D | pixel=(237.5,592.8) | position=(8.84,-7.80,0.00) | range=11.65 m
[INFO] [1790303903.502298075] [sage_target_localizer]: Person 3D | pixel=(221.3,594.9) | position=(8.61,-7.54,0.00) | range=11.32 m
[INFO] [1790303903.599936674] [sage_target_localizer]: Person 3D | pixel=(221.3,594.9) | position=(8.61,-7.54,0.00) | range=11.32 m
[INFO] [1790303903.689810123] [sage_target_localizer]: Person 3D | pixel=(204.6,592.3) | position=(8.79,-7.65,0.00) | range=11.53 m
[INFO] [1790303903.786844015] [sage_target_localizer]: Person 3D | pixel=(204.6,592.3) | position=(8.79,-7.65,0.00) | range=11.53 m
[INFO] [1790303903.886105119] [sage_target_localizer]: Person 3D | pixel=(204.6,592.3) | position=(8.79,-7.65,0.00) | range=11.53 m
[INFO] [1790303903.997035794] [sage_target_localizer]: Person 3D | pixel=(192.3,593.7) | position=(8.67,-7.47,0.00) | range=11.33 m
[INFO] [1790303904.089154554] [sage_target_localizer]: Person 3D | pixel=(192.3,593.7) | position=(8.67,-7.47,0.00) | range=11.33 m
[INFO] [1790303904.190533945] [sage_target_localizer]: Person 3D | pixel=(192.3,593.7) | position=(8.67,-7.47,0.00) | range=11.33 m
[INFO] [1790303904.287408883] [sage_target_localizer]: Person 3D | pixel=(184.5,595.9) | position=(8.42,-7.18,0.00) | range=10.97 m
[INFO] [1790303904.387508649] [sage_target_localizer]: Person 3D | pixel=(184.5,595.9) | position=(8.42,-7.18,0.00) | range=10.97 m
[INFO] [1790303904.487449188] [sage_target_localizer]: Person 3D | pixel=(184.5,595.9) | position=(8.42,-7.18,0.00) | range=10.97 m
[INFO] [1790303904.586702068] [sage_target_localizer]: Person 3D | pixel=(177.2,593.3) | position=(8.54,-7.48,0.00) | range=11.26 m
[INFO] [1790303904.695766406] [sage_target_localizer]: Person 3D | pixel=(177.2,593.3) | position=(8.54,-7.48,0.00) | range=11.26 m
[INFO] [1790303904.786657095] [sage_target_localizer]: Person 3D | pixel=(177.2,593.3) | position=(8.54,-7.48,0.00) | range=11.26 m
[INFO] [1790303904.886732576] [sage_target_localizer]: Person 3D | pixel=(167.1,578.7) | position=(8.95,-7.74,0.00) | range=11.75 m
[INFO] [1790303904.993704382] [sage_target_localizer]: Person 3D | pixel=(167.1,578.7) | position=(8.95,-7.74,0.00) | range=11.75 m
[INFO] [1790303905.088932643] [sage_target_localizer]: Person 3D | pixel=(167.1,578.7) | position=(8.95,-7.74,0.00) | range=11.75 m
[INFO] [1790303905.188272218] [sage_target_localizer]: Person 3D | pixel=(164.2,571.9) | position=(8.97,-7.53,0.00) | range=11.65 m
[INFO] [1790303905.292962283] [sage_target_localizer]: Person 3D | pixel=(164.2,571.9) | position=(8.97,-7.53,0.00) | range=11.65 m
[INFO] [1790303905.390065267] [sage_target_localizer]: Person 3D | pixel=(164.2,571.9) | position=(8.97,-7.53,0.00) | range=11.65 m
[INFO] [1790303905.489353587] [sage_target_localizer]: Person 3D | pixel=(171.4,576.3) | position=(9.09,-7.55,0.00) | range=11.76 m
[INFO] [1790303905.587670134] [sage_target_localizer]: Person 3D | pixel=(171.4,576.3) | position=(9.09,-7.55,0.00) | range=11.76 m
[INFO] [1790303905.689641678] [sage_target_localizer]: Person 3D | pixel=(176.7,569.8) | position=(9.39,-7.82,0.00) | range=12.17 m
[INFO] [1790303905.792899736] [sage_target_localizer]: Person 3D | pixel=(176.7,569.8) | position=(9.39,-7.82,0.00) | range=12.17 m
[INFO] [1790303905.887206322] [sage_target_localizer]: Person 3D | pixel=(176.7,569.8) | position=(9.39,-7.82,0.00) | range=12.17 m
[INFO] [1790303905.992048661] [sage_target_localizer]: Person 3D | pixel=(180.6,560.8) | position=(9.54,-7.91,0.00) | range=12.35 m
[INFO] [1790303906.091332673] [sage_target_localizer]: Person 3D | pixel=(180.6,560.8) | position=(9.54,-7.91,0.00) | range=12.35 m
[INFO] [1790303906.188986789] [sage_target_localizer]: Person 3D | pixel=(180.6,560.8) | position=(9.54,-7.91,0.00) | range=12.35 m
[INFO] [1790303906.286288763] [sage_target_localizer]: Person 3D | pixel=(180.6,560.8) | position=(9.54,-7.91,0.00) | range=12.35 m
[INFO] [1790303906.386515446] [sage_target_localizer]: Person 3D | pixel=(182.7,555.6) | position=(9.26,-7.61,0.00) | range=11.95 m
[INFO] [1790303906.490799262] [sage_target_localizer]: Person 3D | pixel=(182.7,555.6) | position=(9.26,-7.61,0.00) | range=11.95 m
[INFO] [1790303906.593406467] [sage_target_localizer]: Person 3D | pixel=(185.5,549.2) | position=(9.38,-7.64,0.00) | range=12.06 m
[INFO] [1790303906.688086502] [sage_target_localizer]: Person 3D | pixel=(185.5,549.2) | position=(9.38,-7.64,0.00) | range=12.06 m
[INFO] [1790303906.789859392] [sage_target_localizer]: Person 3D | pixel=(185.5,549.2) | position=(9.38,-7.64,0.00) | range=12.06 m
[INFO] [1790303906.893847577] [sage_target_localizer]: Person 3D | pixel=(187.3,543.6) | position=(9.49,-7.69,0.00) | range=12.18 m
[INFO] [1790303906.987338908] [sage_target_localizer]: Person 3D | pixel=(187.3,543.6) | position=(9.49,-7.69,0.00) | range=12.18 m
[INFO] [1790303907.090587851] [sage_target_localizer]: Person 3D | pixel=(187.3,543.6) | position=(9.49,-7.69,0.00) | range=12.18 m
[INFO] [1790303907.186718735] [sage_target_localizer]: Person 3D | pixel=(186.9,531.0) | position=(9.39,-7.56,0.00) | range=12.02 m
[INFO] [1790303907.290500779] [sage_target_localizer]: Person 3D | pixel=(186.9,531.0) | position=(9.39,-7.56,0.00) | range=12.02 m
[INFO] [1790303907.387825628] [sage_target_localizer]: Person 3D | pixel=(186.9,531.0) | position=(9.39,-7.56,0.00) | range=12.02 m
[INFO] [1790303907.488265499] [sage_target_localizer]: Person 3D | pixel=(186.9,531.0) | position=(9.39,-7.56,0.00) | range=12.02 m
[INFO] [1790303907.589542429] [sage_target_localizer]: Person 3D | pixel=(186.0,518.8) | position=(9.65,-7.77,0.00) | range=12.35 m
[INFO] [1790303907.688650647] [sage_target_localizer]: Person 3D | pixel=(186.0,518.8) | position=(9.65,-7.77,0.00) | range=12.35 m
[WARN] [1790303907.786480289] [sage_target_localizer]: 3D localization skipped: ray too close to horizontal/upward | bbox_center_y=470.0 | bbox_height=99.9 | anchor_v=509.9 | cy=480.0 | ray_y=0.0424 | ned_z=0.0454
[WARN] [1790303907.890461234] [sage_target_localizer]: 3D localization skipped: ray too close to horizontal/upward | bbox_center_y=470.0 | bbox_height=99.9 | anchor_v=509.9 | cy=480.0 | ray_y=0.0424 | ned_z=0.0454
[WARN] [1790303907.986351597] [sage_target_localizer]: 3D localization skipped: ray too close to horizontal/upward | bbox_center_y=470.0 | bbox_height=99.9 | anchor_v=509.9 | cy=480.0 | ray_y=0.0424 | ned_z=0.0454
[WARN] [1790303908.095948779] [sage_target_localizer]: 3D localization skipped: ray too close to horizontal/upward | bbox_center_y=464.0 | bbox_height=99.6 | anchor_v=503.9 | cy=480.0 | ray_y=0.0339 | ned_z=0.0279
[WARN] [1790303908.188409703] [sage_target_localizer]: 3D localization skipped: ray too close to horizontal/upward | bbox_center_y=464.0 | bbox_height=99.6 | anchor_v=503.9 | cy=480.0 | ray_y=0.0339 | ned_z=0.0279
[WARN] [1790303908.287412981] [sage_target_localizer]: 3D localization skipped: ray too close to horizontal/upward | bbox_center_y=464.0 | bbox_height=99.6 | anchor_v=503.9 | cy=480.0 | ray_y=0.0339 | ned_z=0.0279
[WARN] [1790303908.393661100] [sage_target_localizer]: 3D localization skipped: camera too close to ground | vehicle_z=0.016 | camera_height=0.226
[WARN] [1790303908.487259717] [sage_target_localizer]: 3D localization skipped: camera too close to ground | vehicle_z=0.016 | camera_height=0.226
[WARN] [1790303908.586409543] [sage_target_localizer]: 3D localization skipped: camera too close to ground | vehicle_z=0.016 | camera_height=0.226
[WARN] [1790303908.686229188] [sage_target_localizer]: 3D localization skipped: camera too close to ground | vehicle_z=0.127 | camera_height=0.115
[WARN] [1790303908.791618475] [sage_target_localizer]: 3D localization skipped: camera too close to ground | vehicle_z=0.127 | camera_height=0.115
[WARN] [1790303908.887676694] [sage_target_localizer]: 3D localization skipped: camera too close to ground | vehicle_z=0.259 | camera_height=-0.017
[WARN] [1790303908.985905000] [sage_target_localizer]: 3D localization skipped: camera too close to ground | vehicle_z=0.259 | camera_height=-0.017
[WARN] [1790303909.086870511] [sage_target_localizer]: 3D localization skipped: camera too close to ground | vehicle_z=0.283 | camera_height=-0.041
[WARN] [1790303909.196358374] [sage_target_localizer]: 3D localization skipped: camera too close to ground | vehicle_z=0.283 | camera_height=-0.041
[WARN] [1790303909.292800482] [sage_target_localizer]: 3D localization skipped: camera too close to ground | vehicle_z=0.270 | camera_height=-0.028
[WARN] [1790303909.386878184] [sage_target_localizer]: 3D localization skipped: camera too close to ground | vehicle_z=0.270 | camera_height=-0.028
[WARN] [1790303909.489321509] [sage_target_localizer]: 3D localization skipped: camera too close to ground | vehicle_z=0.260 | camera_height=-0.018
[WARN] [1790303909.586857419] [sage_target_localizer]: 3D localization skipped: camera too close to ground | vehicle_z=0.260 | camera_height=-0.018
[WARN] [1790303909.686571314] [sage_target_localizer]: 3D localization skipped: camera too close to ground | vehicle_z=0.253 | camera_height=-0.011
[WARN] [1790303909.786731010] [sage_target_localizer]: 3D localization skipped: camera too close to ground | vehicle_z=0.253 | camera_height=-0.011
[WARN] [1790303909.888696249] [sage_target_localizer]: 3D localization skipped: camera too close to ground | vehicle_z=0.252 | camera_height=-0.010
[WARN] [1790303909.988426588] [sage_target_localizer]: 3D localization skipped: camera too close to ground | vehicle_z=0.252 | camera_height=-0.010
[WARN] [1790303910.089712373] [sage_target_localizer]: 3D localization skipped: camera too close to ground | vehicle_z=0.252 | camera_height=-0.010
[WARN] [1790303910.186563029] [sage_target_localizer]: 3D localization skipped: camera too close to ground | vehicle_z=0.252 | camera_height=-0.010
[WARN] [1790303910.288857973] [sage_target_localizer]: 3D localization skipped: camera too close to ground | vehicle_z=0.252 | camera_height=-0.010
[WARN] [1790303910.386465541] [sage_target_localizer]: 3D localization skipped: camera too close to ground | vehicle_z=0.252 | camera_height=-0.010
[WARN] [1790303910.490582772] [sage_target_localizer]: 3D localization skipped: camera too close to ground | vehicle_z=0.252 | camera_height=-0.010
[WARN] [1790303910.586896947] [sage_target_localizer]: 3D localization skipped: camera too close to ground | vehicle_z=0.252 | camera_height=-0.010
[WARN] [1790303910.688254835] [sage_target_localizer]: 3D localization skipped: camera too close to ground | vehicle_z=0.266 | camera_height=-0.024
[WARN] [1790303910.787286742] [sage_target_localizer]: 3D localization skipped: camera too close to ground | vehicle_z=0.266 | camera_height=-0.024
[WARN] [1790303910.891597027] [sage_target_localizer]: 3D localization skipped: camera too close to ground | vehicle_z=0.266 | camera_height=-0.024
[WARN] [1790303910.987447918] [sage_target_localizer]: 3D localization skipped: camera too close to ground | vehicle_z=0.552 | camera_height=-0.310
[WARN] [1790303911.086198064] [sage_target_localizer]: 3D localization skipped: camera too close to ground | vehicle_z=0.552 | camera_height=-0.310
[WARN] [1790303912.792569962] [sage_target_localizer]: 3D localization skipped: camera too close to ground | vehicle_z=0.262 | camera_height=-0.020
[WARN] [1790303912.901618390] [sage_target_localizer]: 3D localization skipped: camera too close to ground | vehicle_z=0.262 | camera_height=-0.020
[WARN] [1790303912.986182748] [sage_target_localizer]: 3D localization skipped: camera too close to ground | vehicle_z=0.267 | camera_height=-0.025
[WARN] [1790303913.091746381] [sage_target_localizer]: 3D localization skipped: camera too close to ground | vehicle_z=0.267 | camera_height=-0.025
[WARN] [1790303913.186276746] [sage_target_localizer]: 3D localization skipped: camera too close to ground | vehicle_z=0.270 | camera_height=-0.028
[WARN] [1790303913.290472232] [sage_target_localizer]: 3D localization skipped: camera too close to ground | vehicle_z=0.270 | camera_height=-0.028
[WARN] [1790303913.391649650] [sage_target_localizer]: 3D localization skipped: camera too close to ground | vehicle_z=0.274 | camera_height=-0.032
[WARN] [1790303913.496097480] [sage_target_localizer]: 3D localization skipped: camera too close to ground | vehicle_z=0.274 | camera_height=-0.032
[WARN] [1790303913.593523422] [sage_target_localizer]: 3D localization skipped: camera too close to ground | vehicle_z=0.278 | camera_height=-0.036
[WARN] [1790303913.691869134] [sage_target_localizer]: 3D localization skipped: camera too close to ground | vehicle_z=0.278 | camera_height=-0.036
[WARN] [1790303913.786608193] [sage_target_localizer]: 3D localization skipped: camera too close to ground | vehicle_z=0.278 | camera_height=-0.036
[WARN] [1790303913.891110028] [sage_target_localizer]: 3D localization skipped: camera too close to ground | vehicle_z=0.280 | camera_height=-0.038
[WARN] [1790303913.986567777] [sage_target_localizer]: 3D localization skipped: camera too close to ground | vehicle_z=0.280 | camera_height=-0.038
[WARN] [1790303914.087304650] [sage_target_localizer]: 3D localization skipped: camera too close to ground | vehicle_z=0.281 | camera_height=-0.039
[WARN] [1790303914.194271801] [sage_target_localizer]: 3D localization skipped: camera too close to ground | vehicle_z=0.281 | camera_height=-0.039
[WARN] [1790303914.286742187] [sage_target_localizer]: 3D localization skipped: camera too close to ground | vehicle_z=0.281 | camera_height=-0.039
[WARN] [1790303914.388019131] [sage_target_localizer]: 3D localization skipped: camera too close to ground | vehicle_z=0.286 | camera_height=-0.044
[WARN] [1790303914.488737112] [sage_target_localizer]: 3D localization skipped: camera too close to ground | vehicle_z=0.286 | camera_height=-0.044
[WARN] [1790303914.593260275] [sage_target_localizer]: 3D localization skipped: camera too close to ground | vehicle_z=0.286 | camera_height=-0.044
[WARN] [1790303914.692178316] [sage_target_localizer]: 3D localization skipped: camera too close to ground | vehicle_z=0.292 | camera_height=-0.050
[WARN] [1790303914.786990738] [sage_target_localizer]: 3D localization skipped: camera too close to ground | vehicle_z=0.292 | camera_height=-0.050
[WARN] [1790303914.886847883] [sage_target_localizer]: 3D localization skipped: camera too close to ground | vehicle_z=0.292 | camera_height=-0.050
[WARN] [1790303914.988493928] [sage_target_localizer]: 3D localization skipped: camera too close to ground | vehicle_z=0.301 | camera_height=-0.059
[WARN] [1790303915.086290347] [sage_target_localizer]: 3D localization skipped: camera too close to ground | vehicle_z=0.301 | camera_height=-0.059
