[INFO] [1790333696.349365991] [sage_energy_monitor]: SAGE energy monitor started.
[INFO] [1790333696.350575889] [sage_energy_monitor]: Cruise speed 1.0 m/s | reserve 0.20
[INFO] [1790333697.220690904] [sage_energy_monitor]: ENERGY | remaining=99.3 % | voltage=16.19 V | drain_rate=n/a | home_distance=0.0 m | return_time=4 s | return_cost=n/a | margin_after_return=n/a
[INFO] [1790333698.217814030] [sage_energy_monitor]: ENERGY | remaining=99.2 % | voltage=16.18 V | drain_rate=n/a | home_distance=0.0 m | return_time=4 s | return_cost=n/a | margin_after_return=n/a
[INFO] [1790333699.218419331] [sage_energy_monitor]: ENERGY | remaining=99.2 % | voltage=16.18 V | drain_rate=n/a | home_distance=0.0 m | return_time=3 s | return_cost=n/a | margin_after_return=n/a
[INFO] [1790333700.217816648] [sage_energy_monitor]: ENERGY | remaining=99.1 % | voltage=16.18 V | drain_rate=n/a | home_distance=0.0 m | return_time=3 s | return_cost=n/a | margin_after_return=n/a
[INFO] [1790333701.218183099] [sage_energy_monitor]: ENERGY | remaining=99.1 % | voltage=16.18 V | drain_rate=n/a | home_distance=0.0 m | return_time=3 s | return_cost=n/a | margin_after_return=n/a
[INFO] [1790333702.217903678] [sage_energy_monitor]: ENERGY | remaining=99.0 % | voltage=16.18 V | drain_rate=0.050 %/s | home_distance=0.0 m | return_time=3 s | return_cost=0.2 % | margin_after_return=78.8 %
[INFO] [1790333703.218220272] [sage_energy_monitor]: ENERGY | remaining=99.0 % | voltage=16.18 V | drain_rate=0.050 %/s | home_distance=0.0 m | return_time=4 s | return_cost=0.2 % | margin_after_return=78.8 %
[INFO] [1790333704.220687376] [sage_energy_monitor]: ENERGY | remaining=98.9 % | voltage=16.18 V | drain_rate=0.051 %/s | home_distance=0.0 m | return_time=4 s | return_cost=0.2 % | margin_after_return=78.7 %
[INFO] [1790333705.218436174] [sage_energy_monitor]: ENERGY | remaining=98.9 % | voltage=16.18 V | drain_rate=0.051 %/s | home_distance=0.0 m | return_time=4 s | return_cost=0.2 % | margin_after_return=78.7 %
[INFO] [1790333706.217464250] [sage_energy_monitor]: ENERGY | remaining=98.8 % | voltage=16.18 V | drain_rate=0.051 %/s | home_distance=0.0 m | return_time=4 s | return_cost=0.2 % | margin_after_return=78.6 %
[INFO] [1790333707.217856939] [sage_energy_monitor]: ENERGY | remaining=98.8 % | voltage=16.18 V | drain_rate=0.051 %/s | home_distance=0.0 m | return_time=4 s | return_cost=0.2 % | margin_after_return=78.5 %
[INFO] [1790333708.218353937] [sage_energy_monitor]: ENERGY | remaining=98.7 % | voltage=16.18 V | drain_rate=0.051 %/s | home_distance=0.0 m | return_time=4 s | return_cost=0.2 % | margin_after_return=78.5 %
[INFO] [1790333709.218951365] [sage_energy_monitor]: ENERGY | remaining=98.6 % | voltage=16.17 V | drain_rate=0.051 %/s | home_distance=0.0 m | return_time=4 s | return_cost=0.2 % | margin_after_return=78.4 %
[INFO] [1790333710.217542319] [sage_energy_monitor]: ENERGY | remaining=98.6 % | voltage=16.17 V | drain_rate=0.052 %/s | home_distance=0.0 m | return_time=4 s | return_cost=0.2 % | margin_after_return=78.4 %
[INFO] [1790333711.220289488] [sage_energy_monitor]: ENERGY | remaining=98.5 % | voltage=16.17 V | drain_rate=0.052 %/s | home_distance=0.0 m | return_time=4 s | return_cost=0.2 % | margin_after_return=78.3 %
[INFO] [1790333712.217810595] [sage_energy_monitor]: ENERGY | remaining=98.5 % | voltage=16.17 V | drain_rate=0.052 %/s | home_distance=0.0 m | return_time=4 s | return_cost=0.2 % | margin_after_return=78.3 %
[INFO] [1790333713.220197040] [sage_energy_monitor]: ENERGY | remaining=98.4 % | voltage=16.17 V | drain_rate=0.052 %/s | home_distance=0.0 m | return_time=4 s | return_cost=0.2 % | margin_after_return=78.2 %
[INFO] [1790333714.220508969] [sage_energy_monitor]: ENERGY | remaining=98.4 % | voltage=16.17 V | drain_rate=0.052 %/s | home_distance=0.0 m | return_time=4 s | return_cost=0.2 % | margin_after_return=78.2 %
[INFO] [1790333715.220087549] [sage_energy_monitor]: ENERGY | remaining=98.3 % | voltage=16.17 V | drain_rate=0.052 %/s | home_distance=0.0 m | return_time=4 s | return_cost=0.2 % | margin_after_return=78.1 %
[INFO] [1790333716.222129003] [sage_energy_monitor]: ENERGY | remaining=98.3 % | voltage=16.17 V | drain_rate=0.052 %/s | home_distance=0.0 m | return_time=4 s | return_cost=0.2 % | margin_after_return=78.1 %
[INFO] [1790333717.219065629] [sage_energy_monitor]: ENERGY | remaining=98.2 % | voltage=16.17 V | drain_rate=0.052 %/s | home_distance=0.0 m | return_time=4 s | return_cost=0.2 % | margin_after_return=78.0 %
[INFO] [1790333718.220209092] [sage_energy_monitor]: ENERGY | remaining=98.2 % | voltage=16.17 V | drain_rate=0.052 %/s | home_distance=0.0 m | return_time=4 s | return_cost=0.2 % | margin_after_return=78.0 %
[INFO] [1790333719.218476159] [sage_energy_monitor]: ENERGY | remaining=98.1 % | voltage=16.17 V | drain_rate=0.052 %/s | home_distance=0.0 m | return_time=4 s | return_cost=0.2 % | margin_after_return=77.9 %
[INFO] [1790333720.219047711] [sage_energy_monitor]: ENERGY | remaining=98.1 % | voltage=16.16 V | drain_rate=0.052 %/s | home_distance=0.0 m | return_time=4 s | return_cost=0.2 % | margin_after_return=77.9 %
[INFO] [1790333721.218221686] [sage_energy_monitor]: ENERGY | remaining=98.0 % | voltage=16.16 V | drain_rate=0.052 %/s | home_distance=0.0 m | return_time=4 s | return_cost=0.2 % | margin_after_return=77.8 %
[INFO] [1790333722.217610107] [sage_energy_monitor]: ENERGY | remaining=98.0 % | voltage=16.16 V | drain_rate=0.052 %/s | home_distance=0.0 m | return_time=4 s | return_cost=0.2 % | margin_after_return=77.7 %
[INFO] [1790333723.220348838] [sage_energy_monitor]: ENERGY | remaining=97.9 % | voltage=16.16 V | drain_rate=0.052 %/s | home_distance=0.0 m | return_time=4 s | return_cost=0.2 % | margin_after_return=77.7 %
[INFO] [1790333724.217786905] [sage_energy_monitor]: ENERGY | remaining=97.9 % | voltage=16.16 V | drain_rate=0.052 %/s | home_distance=0.0 m | return_time=4 s | return_cost=0.2 % | margin_after_return=77.6 %
[INFO] [1790333725.217757797] [sage_energy_monitor]: ENERGY | remaining=97.8 % | voltage=16.16 V | drain_rate=0.052 %/s | home_distance=0.0 m | return_time=4 s | return_cost=0.2 % | margin_after_return=77.6 %
[INFO] [1790333726.220001501] [sage_energy_monitor]: ENERGY | remaining=97.8 % | voltage=16.16 V | drain_rate=0.052 %/s | home_distance=0.0 m | return_time=4 s | return_cost=0.2 % | margin_after_return=77.5 %
[INFO] [1790333727.221807204] [sage_energy_monitor]: ENERGY | remaining=97.7 % | voltage=16.16 V | drain_rate=0.052 %/s | home_distance=0.0 m | return_time=4 s | return_cost=0.2 % | margin_after_return=77.5 %
[INFO] [1790333728.217740960] [sage_energy_monitor]: ENERGY | remaining=97.6 % | voltage=16.16 V | drain_rate=0.052 %/s | home_distance=0.0 m | return_time=4 s | return_cost=0.2 % | margin_after_return=77.4 %
[INFO] [1790333729.218110960] [sage_energy_monitor]: ENERGY | remaining=97.6 % | voltage=16.16 V | drain_rate=0.053 %/s | home_distance=0.0 m | return_time=4 s | return_cost=0.2 % | margin_after_return=77.4 %
[INFO] [1790333730.219994279] [sage_energy_monitor]: ENERGY | remaining=97.5 % | voltage=16.15 V | drain_rate=0.053 %/s | home_distance=0.0 m | return_time=4 s | return_cost=0.2 % | margin_after_return=77.3 %
[INFO] [1790333731.219222077] [sage_energy_monitor]: ENERGY | remaining=97.5 % | voltage=16.15 V | drain_rate=0.053 %/s | home_distance=0.0 m | return_time=4 s | return_cost=0.2 % | margin_after_return=77.3 %
[INFO] [1790333732.218869210] [sage_energy_monitor]: ENERGY | remaining=97.4 % | voltage=16.15 V | drain_rate=0.053 %/s | home_distance=0.0 m | return_time=4 s | return_cost=0.2 % | margin_after_return=77.2 %
[INFO] [1790333733.219613899] [sage_energy_monitor]: ENERGY | remaining=97.4 % | voltage=16.15 V | drain_rate=0.053 %/s | home_distance=0.0 m | return_time=4 s | return_cost=0.2 % | margin_after_return=77.2 %
[INFO] [1790333734.218308175] [sage_energy_monitor]: ENERGY | remaining=97.3 % | voltage=16.15 V | drain_rate=0.052 %/s | home_distance=0.0 m | return_time=4 s | return_cost=0.2 % | margin_after_return=77.1 %
[INFO] [1790333735.217490540] [sage_energy_monitor]: ENERGY | remaining=97.3 % | voltage=16.15 V | drain_rate=0.052 %/s | home_distance=0.0 m | return_time=4 s | return_cost=0.2 % | margin_after_return=77.1 %
[INFO] [1790333736.223528314] [sage_energy_monitor]: ENERGY | remaining=97.2 % | voltage=16.15 V | drain_rate=0.052 %/s | home_distance=0.0 m | return_time=4 s | return_cost=0.2 % | margin_after_return=77.0 %
[INFO] [1790333737.217476486] [sage_energy_monitor]: ENERGY | remaining=97.2 % | voltage=16.15 V | drain_rate=0.052 %/s | home_distance=0.0 m | return_time=4 s | return_cost=0.2 % | margin_after_return=77.0 %
[INFO] [1790333738.218822027] [sage_energy_monitor]: ENERGY | remaining=97.1 % | voltage=16.15 V | drain_rate=0.052 %/s | home_distance=0.0 m | return_time=4 s | return_cost=0.2 % | margin_after_return=76.9 %
[INFO] [1790333739.222565020] [sage_energy_monitor]: ENERGY | remaining=97.1 % | voltage=16.15 V | drain_rate=0.052 %/s | home_distance=0.0 m | return_time=4 s | return_cost=0.2 % | margin_after_return=76.9 %
[INFO] [1790333740.223287861] [sage_energy_monitor]: ENERGY | remaining=97.1 % | voltage=16.15 V | drain_rate=0.051 %/s | home_distance=0.0 m | return_time=4 s | return_cost=0.2 % | margin_after_return=76.9 %
[INFO] [1790333741.218763157] [sage_energy_monitor]: ENERGY | remaining=97.0 % | voltage=16.15 V | drain_rate=0.050 %/s | home_distance=0.0 m | return_time=4 s | return_cost=0.2 % | margin_after_return=76.8 %
[INFO] [1790333742.220446094] [sage_energy_monitor]: ENERGY | remaining=97.0 % | voltage=16.14 V | drain_rate=0.050 %/s | home_distance=0.0 m | return_time=4 s | return_cost=0.2 % | margin_after_return=76.8 %
[INFO] [1790333743.217897291] [sage_energy_monitor]: ENERGY | remaining=97.0 % | voltage=16.14 V | drain_rate=0.049 %/s | home_distance=0.0 m | return_time=4 s | return_cost=0.2 % | margin_after_return=76.8 %
[INFO] [1790333744.217929998] [sage_energy_monitor]: ENERGY | remaining=96.9 % | voltage=16.14 V | drain_rate=0.048 %/s | home_distance=0.0 m | return_time=4 s | return_cost=0.2 % | margin_after_return=76.7 %
[INFO] [1790333745.218797046] [sage_energy_monitor]: ENERGY | remaining=96.9 % | voltage=16.14 V | drain_rate=0.048 %/s | home_distance=0.0 m | return_time=4 s | return_cost=0.2 % | margin_after_return=76.7 %
[INFO] [1790333746.222528801] [sage_energy_monitor]: ENERGY | remaining=96.9 % | voltage=16.14 V | drain_rate=0.048 %/s | home_distance=0.0 m | return_time=4 s | return_cost=0.2 % | margin_after_return=76.7 %
[INFO] [1790333747.218028435] [sage_energy_monitor]: ENERGY | remaining=96.8 % | voltage=16.14 V | drain_rate=0.047 %/s | home_distance=0.0 m | return_time=4 s | return_cost=0.2 % | margin_after_return=76.6 %
[INFO] [1790333748.222321731] [sage_energy_monitor]: ENERGY | remaining=96.8 % | voltage=16.14 V | drain_rate=0.047 %/s | home_distance=0.0 m | return_time=4 s | return_cost=0.2 % | margin_after_return=76.6 %
[INFO] [1790333749.221511240] [sage_energy_monitor]: ENERGY | remaining=96.7 % | voltage=16.14 V | drain_rate=0.046 %/s | home_distance=0.0 m | return_time=4 s | return_cost=0.2 % | margin_after_return=76.6 %
[INFO] [1790333750.218007267] [sage_energy_monitor]: ENERGY | remaining=96.7 % | voltage=16.14 V | drain_rate=0.045 %/s | home_distance=0.0 m | return_time=4 s | return_cost=0.2 % | margin_after_return=76.5 %
[INFO] [1790333751.225125101] [sage_energy_monitor]: ENERGY | remaining=96.7 % | voltage=16.14 V | drain_rate=0.045 %/s | home_distance=0.0 m | return_time=4 s | return_cost=0.2 % | margin_after_return=76.5 %
[INFO] [1790333752.218034784] [sage_energy_monitor]: ENERGY | remaining=96.6 % | voltage=16.14 V | drain_rate=0.044 %/s | home_distance=0.0 m | return_time=4 s | return_cost=0.2 % | margin_after_return=76.5 %
[INFO] [1790333753.222747892] [sage_energy_monitor]: ENERGY | remaining=96.6 % | voltage=16.14 V | drain_rate=0.043 %/s | home_distance=0.0 m | return_time=4 s | return_cost=0.2 % | margin_after_return=76.4 %
[INFO] [1790333754.219305349] [sage_energy_monitor]: ENERGY | remaining=96.6 % | voltage=16.14 V | drain_rate=0.042 %/s | home_distance=0.0 m | return_time=4 s | return_cost=0.2 % | margin_after_return=76.4 %
[INFO] [1790333755.227170965] [sage_energy_monitor]: ENERGY | remaining=96.6 % | voltage=16.14 V | drain_rate=0.042 %/s | home_distance=0.0 m | return_time=4 s | return_cost=0.2 % | margin_after_return=76.4 %
[INFO] [1790333756.217866809] [sage_energy_monitor]: ENERGY | remaining=96.5 % | voltage=16.14 V | drain_rate=0.041 %/s | home_distance=0.1 m | return_time=4 s | return_cost=0.2 % | margin_after_return=76.4 %
[INFO] [1790333757.219196713] [sage_energy_monitor]: ENERGY | remaining=96.5 % | voltage=16.14 V | drain_rate=0.040 %/s | home_distance=0.6 m | return_time=4 s | return_cost=0.2 % | margin_after_return=76.3 %
[INFO] [1790333758.219449877] [sage_energy_monitor]: ENERGY | remaining=96.5 % | voltage=16.14 V | drain_rate=0.040 %/s | home_distance=1.9 m | return_time=6 s | return_cost=0.2 % | margin_after_return=76.2 %
[INFO] [1790333759.220535468] [sage_energy_monitor]: ENERGY | remaining=96.4 % | voltage=16.13 V | drain_rate=0.039 %/s | home_distance=3.6 m | return_time=8 s | return_cost=0.3 % | margin_after_return=76.1 %
[INFO] [1790333760.219215938] [sage_energy_monitor]: ENERGY | remaining=96.4 % | voltage=16.13 V | drain_rate=0.038 %/s | home_distance=4.8 m | return_time=9 s | return_cost=0.3 % | margin_after_return=76.1 %
[INFO] [1790333761.219649785] [sage_energy_monitor]: ENERGY | remaining=96.4 % | voltage=16.13 V | drain_rate=0.037 %/s | home_distance=5.5 m | return_time=9 s | return_cost=0.4 % | margin_after_return=76.0 %
[INFO] [1790333762.219033752] [sage_energy_monitor]: ENERGY | remaining=96.3 % | voltage=16.13 V | drain_rate=0.037 %/s | home_distance=5.7 m | return_time=10 s | return_cost=0.4 % | margin_after_return=76.0 %
[INFO] [1790333763.226832906] [sage_energy_monitor]: ENERGY | remaining=96.3 % | voltage=16.13 V | drain_rate=0.036 %/s | home_distance=5.7 m | return_time=10 s | return_cost=0.3 % | margin_after_return=76.0 %
[INFO] [1790333764.219874590] [sage_energy_monitor]: ENERGY | remaining=96.3 % | voltage=16.13 V | drain_rate=0.036 %/s | home_distance=5.6 m | return_time=10 s | return_cost=0.3 % | margin_after_return=75.9 %
[INFO] [1790333765.218640699] [sage_energy_monitor]: ENERGY | remaining=96.2 % | voltage=16.13 V | drain_rate=0.035 %/s | home_distance=5.5 m | return_time=9 s | return_cost=0.3 % | margin_after_return=75.9 %
[INFO] [1790333766.222600695] [sage_energy_monitor]: ENERGY | remaining=96.2 % | voltage=16.13 V | drain_rate=0.034 %/s | home_distance=5.6 m | return_time=9 s | return_cost=0.3 % | margin_after_return=75.9 %
[INFO] [1790333767.221662054] [sage_energy_monitor]: ENERGY | remaining=96.2 % | voltage=16.13 V | drain_rate=0.034 %/s | home_distance=6.5 m | return_time=11 s | return_cost=0.4 % | margin_after_return=75.8 %
[INFO] [1790333768.219217112] [sage_energy_monitor]: ENERGY | remaining=96.1 % | voltage=16.13 V | drain_rate=0.033 %/s | home_distance=7.3 m | return_time=11 s | return_cost=0.4 % | margin_after_return=75.8 %
[INFO] [1790333769.222953393] [sage_energy_monitor]: ENERGY | remaining=96.1 % | voltage=16.13 V | drain_rate=0.033 %/s | home_distance=7.7 m | return_time=12 s | return_cost=0.4 % | margin_after_return=75.7 %
[INFO] [1790333770.218074003] [sage_energy_monitor]: ENERGY | remaining=96.1 % | voltage=16.13 V | drain_rate=0.033 %/s | home_distance=7.6 m | return_time=11 s | return_cost=0.4 % | margin_after_return=75.7 %
[INFO] [1790333771.219990975] [sage_energy_monitor]: ENERGY | remaining=96.1 % | voltage=16.13 V | drain_rate=0.032 %/s | home_distance=6.8 m | return_time=11 s | return_cost=0.3 % | margin_after_return=75.7 %
[INFO] [1790333772.224691968] [sage_energy_monitor]: ENERGY | remaining=96.0 % | voltage=16.13 V | drain_rate=0.032 %/s | home_distance=6.1 m | return_time=10 s | return_cost=0.3 % | margin_after_return=75.7 %
[INFO] [1790333773.222587901] [sage_energy_monitor]: ENERGY | remaining=96.0 % | voltage=16.13 V | drain_rate=0.032 %/s | home_distance=5.7 m | return_time=10 s | return_cost=0.3 % | margin_after_return=75.7 %
[INFO] [1790333774.221682033] [sage_energy_monitor]: ENERGY | remaining=96.0 % | voltage=16.13 V | drain_rate=0.032 %/s | home_distance=5.6 m | return_time=10 s | return_cost=0.3 % | margin_after_return=75.7 %
[INFO] [1790333775.226361601] [sage_energy_monitor]: ENERGY | remaining=95.9 % | voltage=16.13 V | drain_rate=0.032 %/s | home_distance=5.2 m | return_time=9 s | return_cost=0.3 % | margin_after_return=75.7 %
[INFO] [1790333776.219977205] [sage_energy_monitor]: ENERGY | remaining=95.9 % | voltage=16.13 V | drain_rate=0.031 %/s | home_distance=3.9 m | return_time=8 s | return_cost=0.2 % | margin_after_return=75.7 %
[INFO] [1790333777.220948027] [sage_energy_monitor]: ENERGY | remaining=95.9 % | voltage=16.12 V | drain_rate=0.031 %/s | home_distance=2.7 m | return_time=7 s | return_cost=0.2 % | margin_after_return=75.7 %
[INFO] [1790333778.221633072] [sage_energy_monitor]: ENERGY | remaining=95.9 % | voltage=16.12 V | drain_rate=0.031 %/s | home_distance=2.4 m | return_time=6 s | return_cost=0.2 % | margin_after_return=75.7 %
[INFO] [1790333779.223151511] [sage_energy_monitor]: ENERGY | remaining=95.8 % | voltage=16.12 V | drain_rate=0.031 %/s | home_distance=3.3 m | return_time=7 s | return_cost=0.2 % | margin_after_return=75.6 %
[INFO] [1790333780.224236973] [sage_energy_monitor]: ENERGY | remaining=95.8 % | voltage=16.12 V | drain_rate=0.030 %/s | home_distance=4.7 m | return_time=9 s | return_cost=0.3 % | margin_after_return=75.5 %
[INFO] [1790333781.218483087] [sage_energy_monitor]: ENERGY | remaining=95.8 % | voltage=16.12 V | drain_rate=0.030 %/s | home_distance=6.2 m | return_time=10 s | return_cost=0.3 % | margin_after_return=75.5 %
[INFO] [1790333782.224147708] [sage_energy_monitor]: ENERGY | remaining=95.7 % | voltage=16.12 V | drain_rate=0.030 %/s | home_distance=7.6 m | return_time=12 s | return_cost=0.4 % | margin_after_return=75.4 %
[INFO] [1790333783.220506816] [sage_energy_monitor]: ENERGY | remaining=95.7 % | voltage=16.12 V | drain_rate=0.030 %/s | home_distance=8.5 m | return_time=13 s | return_cost=0.4 % | margin_after_return=75.3 %
[INFO] [1790333784.221033373] [sage_energy_monitor]: ENERGY | remaining=95.7 % | voltage=16.12 V | drain_rate=0.030 %/s | home_distance=9.0 m | return_time=13 s | return_cost=0.4 % | margin_after_return=75.3 %
[INFO] [1790333785.223067064] [sage_energy_monitor]: ENERGY | remaining=95.7 % | voltage=16.12 V | drain_rate=0.030 %/s | home_distance=9.3 m | return_time=13 s | return_cost=0.4 % | margin_after_return=75.3 %
[INFO] [1790333786.221719175] [sage_energy_monitor]: ENERGY | remaining=95.6 % | voltage=16.12 V | drain_rate=0.030 %/s | home_distance=9.7 m | return_time=14 s | return_cost=0.4 % | margin_after_return=75.2 %
[INFO] [1790333787.218761649] [sage_energy_monitor]: ENERGY | remaining=95.6 % | voltage=16.12 V | drain_rate=0.030 %/s | home_distance=10.4 m | return_time=14 s | return_cost=0.4 % | margin_after_return=75.2 %
[INFO] [1790333788.220357420] [sage_energy_monitor]: ENERGY | remaining=95.6 % | voltage=16.12 V | drain_rate=0.030 %/s | home_distance=11.3 m | return_time=15 s | return_cost=0.5 % | margin_after_return=75.1 %
[INFO] [1790333789.224295765] [sage_energy_monitor]: ENERGY | remaining=95.5 % | voltage=16.12 V | drain_rate=0.030 %/s | home_distance=12.5 m | return_time=16 s | return_cost=0.5 % | margin_after_return=75.0 %
[INFO] [1790333790.221632581] [sage_energy_monitor]: ENERGY | remaining=95.5 % | voltage=16.12 V | drain_rate=0.030 %/s | home_distance=13.5 m | return_time=17 s | return_cost=0.5 % | margin_after_return=75.0 %
[INFO] [1790333791.219779117] [sage_energy_monitor]: ENERGY | remaining=95.5 % | voltage=16.12 V | drain_rate=0.030 %/s | home_distance=13.8 m | return_time=18 s | return_cost=0.5 % | margin_after_return=74.9 %
[INFO] [1790333792.220848218] [sage_energy_monitor]: ENERGY | remaining=95.4 % | voltage=16.12 V | drain_rate=0.030 %/s | home_distance=13.6 m | return_time=18 s | return_cost=0.5 % | margin_after_return=74.9 %
[INFO] [1790333793.220205894] [sage_energy_monitor]: ENERGY | remaining=95.4 % | voltage=16.12 V | drain_rate=0.030 %/s | home_distance=13.2 m | return_time=17 s | return_cost=0.5 % | margin_after_return=74.9 %
[INFO] [1790333794.218437162] [sage_energy_monitor]: ENERGY | remaining=95.4 % | voltage=16.12 V | drain_rate=0.029 %/s | home_distance=12.6 m | return_time=17 s | return_cost=0.5 % | margin_after_return=74.9 %
[INFO] [1790333795.218289037] [sage_energy_monitor]: ENERGY | remaining=95.4 % | voltage=16.12 V | drain_rate=0.029 %/s | home_distance=12.1 m | return_time=16 s | return_cost=0.5 % | margin_after_return=74.9 %
[INFO] [1790333796.219871693] [sage_energy_monitor]: ENERGY | remaining=95.3 % | voltage=16.11 V | drain_rate=0.029 %/s | home_distance=11.5 m | return_time=16 s | return_cost=0.5 % | margin_after_return=74.9 %
[INFO] [1790333797.219344263] [sage_energy_monitor]: ENERGY | remaining=95.3 % | voltage=16.11 V | drain_rate=0.029 %/s | home_distance=11.2 m | return_time=15 s | return_cost=0.4 % | margin_after_return=74.9 %
[INFO] [1790333798.221408079] [sage_energy_monitor]: ENERGY | remaining=95.3 % | voltage=16.11 V | drain_rate=0.029 %/s | home_distance=11.0 m | return_time=15 s | return_cost=0.4 % | margin_after_return=74.8 %
[INFO] [1790333799.220543315] [sage_energy_monitor]: ENERGY | remaining=95.2 % | voltage=16.11 V | drain_rate=0.029 %/s | home_distance=10.8 m | return_time=15 s | return_cost=0.4 % | margin_after_return=74.8 %
[INFO] [1790333800.219281097] [sage_energy_monitor]: ENERGY | remaining=95.2 % | voltage=16.11 V | drain_rate=0.029 %/s | home_distance=11.2 m | return_time=15 s | return_cost=0.4 % | margin_after_return=74.8 %
[INFO] [1790333801.223615356] [sage_energy_monitor]: ENERGY | remaining=95.2 % | voltage=16.11 V | drain_rate=0.029 %/s | home_distance=11.7 m | return_time=16 s | return_cost=0.5 % | margin_after_return=74.7 %
[INFO] [1790333802.219874992] [sage_energy_monitor]: ENERGY | remaining=95.1 % | voltage=16.11 V | drain_rate=0.029 %/s | home_distance=12.1 m | return_time=16 s | return_cost=0.5 % | margin_after_return=74.7 %
[INFO] [1790333803.221562494] [sage_energy_monitor]: ENERGY | remaining=95.1 % | voltage=16.11 V | drain_rate=0.030 %/s | home_distance=12.2 m | return_time=16 s | return_cost=0.5 % | margin_after_return=74.6 %
[INFO] [1790333804.218379339] [sage_energy_monitor]: ENERGY | remaining=95.1 % | voltage=16.11 V | drain_rate=0.029 %/s | home_distance=12.2 m | return_time=16 s | return_cost=0.5 % | margin_after_return=74.6 %
[INFO] [1790333805.217829842] [sage_energy_monitor]: ENERGY | remaining=95.1 % | voltage=16.11 V | drain_rate=0.030 %/s | home_distance=12.2 m | return_time=16 s | return_cost=0.5 % | margin_after_return=74.6 %
[INFO] [1790333806.218338702] [sage_energy_monitor]: ENERGY | remaining=95.0 % | voltage=16.11 V | drain_rate=0.029 %/s | home_distance=12.2 m | return_time=16 s | return_cost=0.5 % | margin_after_return=74.5 %
[INFO] [1790333807.222382135] [sage_energy_monitor]: ENERGY | remaining=95.0 % | voltage=16.11 V | drain_rate=0.029 %/s | home_distance=12.1 m | return_time=16 s | return_cost=0.5 % | margin_after_return=74.5 %
[INFO] [1790333808.220206895] [sage_energy_monitor]: ENERGY | remaining=95.0 % | voltage=16.11 V | drain_rate=0.029 %/s | home_distance=12.1 m | return_time=16 s | return_cost=0.5 % | margin_after_return=74.5 %
[INFO] [1790333809.219758487] [sage_energy_monitor]: ENERGY | remaining=94.9 % | voltage=16.11 V | drain_rate=0.029 %/s | home_distance=12.0 m | return_time=16 s | return_cost=0.5 % | margin_after_return=74.5 %
[INFO] [1790333810.218001824] [sage_energy_monitor]: ENERGY | remaining=94.9 % | voltage=16.11 V | drain_rate=0.029 %/s | home_distance=12.0 m | return_time=16 s | return_cost=0.5 % | margin_after_return=74.4 %
[INFO] [1790333811.218628450] [sage_energy_monitor]: ENERGY | remaining=94.9 % | voltage=16.11 V | drain_rate=0.029 %/s | home_distance=11.8 m | return_time=16 s | return_cost=0.5 % | margin_after_return=74.4 %
[INFO] [1790333812.233799411] [sage_energy_monitor]: ENERGY | remaining=94.9 % | voltage=16.11 V | drain_rate=0.029 %/s | home_distance=11.2 m | return_time=15 s | return_cost=0.4 % | margin_after_return=74.4 %
[INFO] [1790333813.218518186] [sage_energy_monitor]: ENERGY | remaining=94.8 % | voltage=16.11 V | drain_rate=0.029 %/s | home_distance=10.9 m | return_time=15 s | return_cost=0.4 % | margin_after_return=74.4 %
[INFO] [1790333814.217828560] [sage_energy_monitor]: ENERGY | remaining=94.8 % | voltage=16.11 V | drain_rate=0.029 %/s | home_distance=10.7 m | return_time=15 s | return_cost=0.4 % | margin_after_return=74.4 %
[INFO] [1790333815.230039606] [sage_energy_monitor]: ENERGY | remaining=94.8 % | voltage=16.10 V | drain_rate=0.029 %/s | home_distance=10.4 m | return_time=15 s | return_cost=0.4 % | margin_after_return=74.3 %
[INFO] [1790333816.224950781] [sage_energy_monitor]: ENERGY | remaining=94.7 % | voltage=16.10 V | drain_rate=0.029 %/s | home_distance=10.2 m | return_time=14 s | return_cost=0.4 % | margin_after_return=74.3 %
[INFO] [1790333817.219308846] [sage_energy_monitor]: ENERGY | remaining=94.7 % | voltage=16.10 V | drain_rate=0.029 %/s | home_distance=10.0 m | return_time=14 s | return_cost=0.4 % | margin_after_return=74.3 %
[INFO] [1790333818.220053390] [sage_energy_monitor]: ENERGY | remaining=94.7 % | voltage=16.10 V | drain_rate=0.030 %/s | home_distance=9.9 m | return_time=14 s | return_cost=0.4 % | margin_after_return=74.3 %
[INFO] [1790333819.228767100] [sage_energy_monitor]: ENERGY | remaining=94.7 % | voltage=16.10 V | drain_rate=0.029 %/s | home_distance=9.9 m | return_time=14 s | return_cost=0.4 % | margin_after_return=74.2 %
[INFO] [1790333820.219492074] [sage_energy_monitor]: ENERGY | remaining=94.6 % | voltage=16.10 V | drain_rate=0.029 %/s | home_distance=9.9 m | return_time=14 s | return_cost=0.4 % | margin_after_return=74.2 %
[INFO] [1790333821.218986076] [sage_energy_monitor]: ENERGY | remaining=94.6 % | voltage=16.10 V | drain_rate=0.029 %/s | home_distance=9.9 m | return_time=14 s | return_cost=0.4 % | margin_after_return=74.2 %
[INFO] [1790333822.221686610] [sage_energy_monitor]: ENERGY | remaining=94.6 % | voltage=16.10 V | drain_rate=0.029 %/s | home_distance=10.0 m | return_time=14 s | return_cost=0.4 % | margin_after_return=74.2 %
[INFO] [1790333823.217752640] [sage_energy_monitor]: ENERGY | remaining=94.5 % | voltage=16.10 V | drain_rate=0.029 %/s | home_distance=10.0 m | return_time=14 s | return_cost=0.4 % | margin_after_return=74.1 %
[INFO] [1790333824.219713618] [sage_energy_monitor]: ENERGY | remaining=94.5 % | voltage=16.10 V | drain_rate=0.029 %/s | home_distance=10.1 m | return_time=14 s | return_cost=0.4 % | margin_after_return=74.1 %
[INFO] [1790333825.222507951] [sage_energy_monitor]: ENERGY | remaining=94.5 % | voltage=16.10 V | drain_rate=0.029 %/s | home_distance=10.1 m | return_time=14 s | return_cost=0.4 % | margin_after_return=74.1 %
[INFO] [1790333826.222377356] [sage_energy_monitor]: ENERGY | remaining=94.4 % | voltage=16.10 V | drain_rate=0.029 %/s | home_distance=10.4 m | return_time=14 s | return_cost=0.4 % | margin_after_return=74.0 %
[INFO] [1790333827.218185087] [sage_energy_monitor]: ENERGY | remaining=94.4 % | voltage=16.10 V | drain_rate=0.029 %/s | home_distance=10.9 m | return_time=15 s | return_cost=0.4 % | margin_after_return=74.0 %
[INFO] [1790333828.218167647] [sage_energy_monitor]: ENERGY | remaining=94.4 % | voltage=16.10 V | drain_rate=0.029 %/s | home_distance=11.7 m | return_time=15 s | return_cost=0.5 % | margin_after_return=73.9 %
[INFO] [1790333829.227308229] [sage_energy_monitor]: ENERGY | remaining=94.4 % | voltage=16.10 V | drain_rate=0.029 %/s | home_distance=12.6 m | return_time=17 s | return_cost=0.5 % | margin_after_return=73.9 %
[INFO] [1790333830.219936549] [sage_energy_monitor]: ENERGY | remaining=94.3 % | voltage=16.10 V | drain_rate=0.029 %/s | home_distance=13.2 m | return_time=17 s | return_cost=0.5 % | margin_after_return=73.8 %
[INFO] [1790333831.228183465] [sage_energy_monitor]: ENERGY | remaining=94.3 % | voltage=16.10 V | drain_rate=0.029 %/s | home_distance=13.7 m | return_time=18 s | return_cost=0.5 % | margin_after_return=73.8 %
[INFO] [1790333832.220595297] [sage_energy_monitor]: ENERGY | remaining=94.3 % | voltage=16.10 V | drain_rate=0.029 %/s | home_distance=13.6 m | return_time=18 s | return_cost=0.5 % | margin_after_return=73.8 %
[INFO] [1790333833.217903555] [sage_energy_monitor]: ENERGY | remaining=94.2 % | voltage=16.10 V | drain_rate=0.029 %/s | home_distance=12.8 m | return_time=17 s | return_cost=0.5 % | margin_after_return=73.8 %
[INFO] [1790333834.218693337] [sage_energy_monitor]: ENERGY | remaining=94.2 % | voltage=16.09 V | drain_rate=0.029 %/s | home_distance=11.4 m | return_time=15 s | return_cost=0.4 % | margin_after_return=73.8 %
[INFO] [1790333835.225603186] [sage_energy_monitor]: ENERGY | remaining=94.2 % | voltage=16.09 V | drain_rate=0.029 %/s | home_distance=9.8 m | return_time=14 s | return_cost=0.4 % | margin_after_return=73.8 %
[INFO] [1790333836.222826306] [sage_energy_monitor]: ENERGY | remaining=94.2 % | voltage=16.09 V | drain_rate=0.029 %/s | home_distance=8.0 m | return_time=12 s | return_cost=0.3 % | margin_after_return=73.8 %
[INFO] [1790333837.229456064] [sage_energy_monitor]: ENERGY | remaining=94.1 % | voltage=16.09 V | drain_rate=0.029 %/s | home_distance=6.3 m | return_time=10 s | return_cost=0.3 % | margin_after_return=73.8 %
[INFO] [1790333838.219297848] [sage_energy_monitor]: ENERGY | remaining=94.1 % | voltage=16.09 V | drain_rate=0.029 %/s | home_distance=4.9 m | return_time=9 s | return_cost=0.3 % | margin_after_return=73.8 %
[INFO] [1790333839.220809423] [sage_energy_monitor]: ENERGY | remaining=94.1 % | voltage=16.09 V | drain_rate=0.029 %/s | home_distance=3.4 m | return_time=7 s | return_cost=0.2 % | margin_after_return=73.9 %
[INFO] [1790333840.220186090] [sage_energy_monitor]: ENERGY | remaining=94.0 % | voltage=16.09 V | drain_rate=0.029 %/s | home_distance=2.3 m | return_time=6 s | return_cost=0.2 % | margin_after_return=73.9 %
[INFO] [1790333841.219103289] [sage_energy_monitor]: ENERGY | remaining=94.0 % | voltage=16.09 V | drain_rate=0.029 %/s | home_distance=2.5 m | return_time=6 s | return_cost=0.2 % | margin_after_return=73.8 %
[INFO] [1790333842.221811390] [sage_energy_monitor]: ENERGY | remaining=94.0 % | voltage=16.09 V | drain_rate=0.029 %/s | home_distance=3.3 m | return_time=7 s | return_cost=0.2 % | margin_after_return=73.8 %
[INFO] [1790333843.219359840] [sage_energy_monitor]: ENERGY | remaining=94.0 % | voltage=16.09 V | drain_rate=0.029 %/s | home_distance=3.8 m | return_time=8 s | return_cost=0.2 % | margin_after_return=73.7 %
[INFO] [1790333844.219655362] [sage_energy_monitor]: ENERGY | remaining=93.9 % | voltage=16.09 V | drain_rate=0.029 %/s | home_distance=3.8 m | return_time=7 s | return_cost=0.2 % | margin_after_return=73.7 %
[INFO] [1790333845.222585444] [sage_energy_monitor]: ENERGY | remaining=93.9 % | voltage=16.09 V | drain_rate=0.029 %/s | home_distance=3.3 m | return_time=7 s | return_cost=0.2 % | margin_after_return=73.7 %
[INFO] [1790333846.224910986] [sage_energy_monitor]: ENERGY | remaining=93.9 % | voltage=16.09 V | drain_rate=0.029 %/s | home_distance=3.3 m | return_time=7 s | return_cost=0.2 % | margin_after_return=73.7 %
[INFO] [1790333847.225020000] [sage_energy_monitor]: ENERGY | remaining=93.8 % | voltage=16.09 V | drain_rate=0.029 %/s | home_distance=4.2 m | return_time=8 s | return_cost=0.2 % | margin_after_return=73.6 %
[INFO] [1790333848.220297099] [sage_energy_monitor]: ENERGY | remaining=93.8 % | voltage=16.09 V | drain_rate=0.029 %/s | home_distance=5.5 m | return_time=9 s | return_cost=0.3 % | margin_after_return=73.5 %
[INFO] [1790333849.221543898] [sage_energy_monitor]: ENERGY | remaining=93.8 % | voltage=16.09 V | drain_rate=0.029 %/s | home_distance=7.0 m | return_time=11 s | return_cost=0.3 % | margin_after_return=73.5 %
[INFO] [1790333850.223962169] [sage_energy_monitor]: ENERGY | remaining=93.7 % | voltage=16.09 V | drain_rate=0.029 %/s | home_distance=8.5 m | return_time=12 s | return_cost=0.4 % | margin_after_return=73.4 %
[INFO] [1790333851.218865090] [sage_energy_monitor]: ENERGY | remaining=93.7 % | voltage=16.09 V | drain_rate=0.029 %/s | home_distance=9.7 m | return_time=14 s | return_cost=0.4 % | margin_after_return=73.3 %
[INFO] [1790333852.224497418] [sage_energy_monitor]: ENERGY | remaining=93.7 % | voltage=16.09 V | drain_rate=0.029 %/s | home_distance=10.4 m | return_time=14 s | return_cost=0.4 % | margin_after_return=73.3 %
[INFO] [1790333853.219043639] [sage_energy_monitor]: ENERGY | remaining=93.7 % | voltage=16.08 V | drain_rate=0.029 %/s | home_distance=10.7 m | return_time=15 s | return_cost=0.4 % | margin_after_return=73.2 %
[INFO] [1790333854.220763187] [sage_energy_monitor]: ENERGY | remaining=93.6 % | voltage=16.08 V | drain_rate=0.029 %/s | home_distance=9.6 m | return_time=13 s | return_cost=0.4 % | margin_after_return=73.2 %
[INFO] [1790333855.219752372] [sage_energy_monitor]: ENERGY | remaining=93.6 % | voltage=16.08 V | drain_rate=0.030 %/s | home_distance=7.7 m | return_time=12 s | return_cost=0.3 % | margin_after_return=73.2 %
[INFO] [1790333856.220142147] [sage_energy_monitor]: ENERGY | remaining=93.6 % | voltage=16.08 V | drain_rate=0.030 %/s | home_distance=6.0 m | return_time=10 s | return_cost=0.3 % | margin_after_return=73.3 %
[INFO] [1790333857.219444086] [sage_energy_monitor]: ENERGY | remaining=93.5 % | voltage=16.08 V | drain_rate=0.030 %/s | home_distance=4.2 m | return_time=8 s | return_cost=0.2 % | margin_after_return=73.3 %
[INFO] [1790333858.233515551] [sage_energy_monitor]: ENERGY | remaining=93.5 % | voltage=16.08 V | drain_rate=0.030 %/s | home_distance=2.5 m | return_time=6 s | return_cost=0.2 % | margin_after_return=73.3 %
[INFO] [1790333859.224240858] [sage_energy_monitor]: ENERGY | remaining=93.5 % | voltage=16.08 V | drain_rate=0.030 %/s | home_distance=0.8 m | return_time=5 s | return_cost=0.1 % | margin_after_return=73.3 %
[INFO] [1790333860.219838782] [sage_energy_monitor]: ENERGY | remaining=93.4 % | voltage=16.08 V | drain_rate=0.030 %/s | home_distance=0.9 m | return_time=5 s | return_cost=0.1 % | margin_after_return=73.3 %
[INFO] [1790333861.221780793] [sage_energy_monitor]: ENERGY | remaining=93.4 % | voltage=16.08 V | drain_rate=0.030 %/s | home_distance=2.7 m | return_time=7 s | return_cost=0.2 % | margin_after_return=73.2 %
[INFO] [1790333862.217896876] [sage_energy_monitor]: ENERGY | remaining=93.4 % | voltage=16.08 V | drain_rate=0.031 %/s | home_distance=4.5 m | return_time=9 s | return_cost=0.3 % | margin_after_return=73.1 %
[INFO] [1790333863.223511469] [sage_energy_monitor]: ENERGY | remaining=93.3 % | voltage=16.08 V | drain_rate=0.031 %/s | home_distance=6.2 m | return_time=10 s | return_cost=0.3 % | margin_after_return=73.0 %
[INFO] [1790333864.224729074] [sage_energy_monitor]: ENERGY | remaining=93.3 % | voltage=16.08 V | drain_rate=0.031 %/s | home_distance=8.0 m | return_time=12 s | return_cost=0.4 % | margin_after_return=72.9 %
[INFO] [1790333865.218247064] [sage_energy_monitor]: ENERGY | remaining=93.2 % | voltage=16.08 V | drain_rate=0.031 %/s | home_distance=9.3 m | return_time=13 s | return_cost=0.4 % | margin_after_return=72.8 %
[INFO] [1790333866.219906644] [sage_energy_monitor]: ENERGY | remaining=93.2 % | voltage=16.08 V | drain_rate=0.031 %/s | home_distance=9.7 m | return_time=14 s | return_cost=0.4 % | margin_after_return=72.8 %
[INFO] [1790333867.220390866] [sage_energy_monitor]: ENERGY | remaining=93.2 % | voltage=16.08 V | drain_rate=0.031 %/s | home_distance=9.8 m | return_time=14 s | return_cost=0.4 % | margin_after_return=72.7 %
[INFO] [1790333868.218744694] [sage_energy_monitor]: ENERGY | remaining=93.1 % | voltage=16.08 V | drain_rate=0.032 %/s | home_distance=9.7 m | return_time=14 s | return_cost=0.4 % | margin_after_return=72.7 %
[INFO] [1790333869.221346884] [sage_energy_monitor]: ENERGY | remaining=93.1 % | voltage=16.08 V | drain_rate=0.032 %/s | home_distance=9.7 m | return_time=14 s | return_cost=0.4 % | margin_after_return=72.7 %
[INFO] [1790333870.223698861] [sage_energy_monitor]: ENERGY | remaining=93.1 % | voltage=16.07 V | drain_rate=0.032 %/s | home_distance=9.6 m | return_time=14 s | return_cost=0.4 % | margin_after_return=72.7 %
[INFO] [1790333871.221841686] [sage_energy_monitor]: ENERGY | remaining=93.1 % | voltage=16.07 V | drain_rate=0.032 %/s | home_distance=9.5 m | return_time=14 s | return_cost=0.4 % | margin_after_return=72.6 %
[INFO] [1790333872.220682932] [sage_energy_monitor]: ENERGY | remaining=93.0 % | voltage=16.07 V | drain_rate=0.032 %/s | home_distance=9.5 m | return_time=14 s | return_cost=0.4 % | margin_after_return=72.6 %
[INFO] [1790333873.226058198] [sage_energy_monitor]: ENERGY | remaining=93.0 % | voltage=16.07 V | drain_rate=0.032 %/s | home_distance=9.4 m | return_time=13 s | return_cost=0.4 % | margin_after_return=72.6 %
[INFO] [1790333874.222185089] [sage_energy_monitor]: ENERGY | remaining=93.0 % | voltage=16.07 V | drain_rate=0.032 %/s | home_distance=9.4 m | return_time=13 s | return_cost=0.4 % | margin_after_return=72.5 %
[INFO] [1790333875.220086879] [sage_energy_monitor]: ENERGY | remaining=92.9 % | voltage=16.07 V | drain_rate=0.032 %/s | home_distance=9.8 m | return_time=14 s | return_cost=0.4 % | margin_after_return=72.5 %
[INFO] [1790333876.217612209] [sage_energy_monitor]: ENERGY | remaining=92.9 % | voltage=16.07 V | drain_rate=0.033 %/s | home_distance=10.6 m | return_time=15 s | return_cost=0.5 % | margin_after_return=72.4 %
[INFO] [1790333877.220127545] [sage_energy_monitor]: ENERGY | remaining=92.9 % | voltage=16.07 V | drain_rate=0.033 %/s | home_distance=11.7 m | return_time=16 s | return_cost=0.5 % | margin_after_return=72.3 %
[INFO] [1790333878.221715315] [sage_energy_monitor]: ENERGY | remaining=92.8 % | voltage=16.07 V | drain_rate=0.033 %/s | home_distance=12.5 m | return_time=17 s | return_cost=0.6 % | margin_after_return=72.3 %
[INFO] [1790333879.219845958] [sage_energy_monitor]: ENERGY | remaining=92.8 % | voltage=16.07 V | drain_rate=0.033 %/s | home_distance=12.8 m | return_time=17 s | return_cost=0.6 % | margin_after_return=72.2 %
[INFO] [1790333880.217574337] [sage_energy_monitor]: ENERGY | remaining=92.7 % | voltage=16.07 V | drain_rate=0.034 %/s | home_distance=12.8 m | return_time=17 s | return_cost=0.6 % | margin_after_return=72.2 %
[INFO] [1790333881.219528625] [sage_energy_monitor]: ENERGY | remaining=92.7 % | voltage=16.07 V | drain_rate=0.034 %/s | home_distance=12.7 m | return_time=17 s | return_cost=0.6 % | margin_after_return=72.1 %
[INFO] [1790333882.223052915] [sage_energy_monitor]: ENERGY | remaining=92.7 % | voltage=16.07 V | drain_rate=0.034 %/s | home_distance=12.6 m | return_time=17 s | return_cost=0.6 % | margin_after_return=72.1 %
[INFO] [1790333883.218281715] [sage_energy_monitor]: ENERGY | remaining=92.6 % | voltage=16.07 V | drain_rate=0.034 %/s | home_distance=12.6 m | return_time=17 s | return_cost=0.6 % | margin_after_return=72.1 %
[INFO] [1790333884.222328008] [sage_energy_monitor]: ENERGY | remaining=92.6 % | voltage=16.07 V | drain_rate=0.034 %/s | home_distance=12.7 m | return_time=17 s | return_cost=0.6 % | margin_after_return=72.0 %
[INFO] [1790333885.219694115] [sage_energy_monitor]: ENERGY | remaining=92.6 % | voltage=16.07 V | drain_rate=0.034 %/s | home_distance=12.7 m | return_time=17 s | return_cost=0.6 % | margin_after_return=72.0 %
[INFO] [1790333886.219510110] [sage_energy_monitor]: ENERGY | remaining=92.5 % | voltage=16.06 V | drain_rate=0.034 %/s | home_distance=12.7 m | return_time=17 s | return_cost=0.6 % | margin_after_return=72.0 %
[INFO] [1790333887.221177946] [sage_energy_monitor]: ENERGY | remaining=92.5 % | voltage=16.06 V | drain_rate=0.033 %/s | home_distance=12.7 m | return_time=17 s | return_cost=0.6 % | margin_after_return=72.0 %
[INFO] [1790333888.218938772] [sage_energy_monitor]: ENERGY | remaining=92.5 % | voltage=16.06 V | drain_rate=0.033 %/s | home_distance=12.4 m | return_time=16 s | return_cost=0.5 % | margin_after_return=71.9 %
[INFO] [1790333889.226913113] [sage_energy_monitor]: ENERGY | remaining=92.5 % | voltage=16.06 V | drain_rate=0.033 %/s | home_distance=11.6 m | return_time=15 s | return_cost=0.5 % | margin_after_return=71.9 %
[INFO] [1790333890.218191278] [sage_energy_monitor]: ENERGY | remaining=92.4 % | voltage=16.06 V | drain_rate=0.033 %/s | home_distance=10.8 m | return_time=15 s | return_cost=0.5 % | margin_after_return=71.9 %
[INFO] [1790333891.218470291] [sage_energy_monitor]: ENERGY | remaining=92.4 % | voltage=16.06 V | drain_rate=0.033 %/s | home_distance=10.2 m | return_time=14 s | return_cost=0.5 % | margin_after_return=71.9 %
[INFO] [1790333892.219812211] [sage_energy_monitor]: ENERGY | remaining=92.4 % | voltage=16.06 V | drain_rate=0.033 %/s | home_distance=9.8 m | return_time=14 s | return_cost=0.5 % | margin_after_return=71.9 %
[INFO] [1790333893.221587447] [sage_energy_monitor]: ENERGY | remaining=92.3 % | voltage=16.06 V | drain_rate=0.033 %/s | home_distance=9.6 m | return_time=14 s | return_cost=0.4 % | margin_after_return=71.9 %
[INFO] [1790333894.219106904] [sage_energy_monitor]: ENERGY | remaining=92.3 % | voltage=16.06 V | drain_rate=0.032 %/s | home_distance=9.5 m | return_time=14 s | return_cost=0.4 % | margin_after_return=71.9 %
[INFO] [1790333895.220985260] [sage_energy_monitor]: ENERGY | remaining=92.3 % | voltage=16.06 V | drain_rate=0.032 %/s | home_distance=9.5 m | return_time=14 s | return_cost=0.4 % | margin_after_return=71.8 %
[INFO] [1790333896.218599787] [sage_energy_monitor]: ENERGY | remaining=92.3 % | voltage=16.06 V | drain_rate=0.032 %/s | home_distance=9.5 m | return_time=13 s | return_cost=0.4 % | margin_after_return=71.8 %
[INFO] [1790333897.225454339] [sage_energy_monitor]: ENERGY | remaining=92.2 % | voltage=16.06 V | drain_rate=0.032 %/s | home_distance=9.5 m | return_time=13 s | return_cost=0.4 % | margin_after_return=71.8 %
[INFO] [1790333898.222201435] [sage_energy_monitor]: ENERGY | remaining=92.2 % | voltage=16.06 V | drain_rate=0.032 %/s | home_distance=9.5 m | return_time=14 s | return_cost=0.4 % | margin_after_return=71.8 %
[INFO] [1790333899.226073018] [sage_energy_monitor]: ENERGY | remaining=92.2 % | voltage=16.06 V | drain_rate=0.032 %/s | home_distance=9.6 m | return_time=14 s | return_cost=0.4 % | margin_after_return=71.7 %
[INFO] [1790333900.217514962] [sage_energy_monitor]: ENERGY | remaining=92.1 % | voltage=16.06 V | drain_rate=0.032 %/s | home_distance=9.6 m | return_time=14 s | return_cost=0.4 % | margin_after_return=71.7 %
[INFO] [1790333901.222286530] [sage_energy_monitor]: ENERGY | remaining=92.1 % | voltage=16.06 V | drain_rate=0.031 %/s | home_distance=9.6 m | return_time=14 s | return_cost=0.4 % | margin_after_return=71.7 %
[INFO] [1790333902.220613916] [sage_energy_monitor]: ENERGY | remaining=92.1 % | voltage=16.06 V | drain_rate=0.031 %/s | home_distance=8.9 m | return_time=13 s | return_cost=0.4 % | margin_after_return=71.7 %
[INFO] [1790333903.218983755] [sage_energy_monitor]: ENERGY | remaining=92.1 % | voltage=16.06 V | drain_rate=0.031 %/s | home_distance=7.5 m | return_time=11 s | return_cost=0.4 % | margin_after_return=71.7 %
[INFO] [1790333904.225050070] [sage_energy_monitor]: ENERGY | remaining=92.0 % | voltage=16.06 V | drain_rate=0.031 %/s | home_distance=5.9 m | return_time=10 s | return_cost=0.3 % | margin_after_return=71.7 %
[INFO] [1790333905.222625019] [sage_energy_monitor]: ENERGY | remaining=92.0 % | voltage=16.05 V | drain_rate=0.031 %/s | home_distance=5.0 m | return_time=9 s | return_cost=0.3 % | margin_after_return=71.7 %
[INFO] [1790333906.218858593] [sage_energy_monitor]: ENERGY | remaining=92.0 % | voltage=16.05 V | drain_rate=0.031 %/s | home_distance=4.1 m | return_time=8 s | return_cost=0.2 % | margin_after_return=71.7 %
[INFO] [1790333907.221514730] [sage_energy_monitor]: ENERGY | remaining=91.9 % | voltage=16.05 V | drain_rate=0.030 %/s | home_distance=2.8 m | return_time=7 s | return_cost=0.2 % | margin_after_return=71.7 %
[INFO] [1790333908.219029358] [sage_energy_monitor]: ENERGY | remaining=91.9 % | voltage=16.05 V | drain_rate=0.030 %/s | home_distance=1.9 m | return_time=6 s | return_cost=0.2 % | margin_after_return=71.7 %
[INFO] [1790333909.222587927] [sage_energy_monitor]: ENERGY | remaining=91.9 % | voltage=16.05 V | drain_rate=0.030 %/s | home_distance=1.8 m | return_time=6 s | return_cost=0.2 % | margin_after_return=71.7 %
[INFO] [1790333910.223391335] [sage_energy_monitor]: ENERGY | remaining=91.9 % | voltage=16.05 V | drain_rate=0.030 %/s | home_distance=2.5 m | return_time=6 s | return_cost=0.2 % | margin_after_return=71.7 %
[INFO] [1790333911.221483545] [sage_energy_monitor]: ENERGY | remaining=91.8 % | voltage=16.05 V | drain_rate=0.030 %/s | home_distance=3.8 m | return_time=8 s | return_cost=0.2 % | margin_after_return=71.6 %
[INFO] [1790333912.217603687] [sage_energy_monitor]: ENERGY | remaining=91.8 % | voltage=16.05 V | drain_rate=0.029 %/s | home_distance=5.0 m | return_time=9 s | return_cost=0.3 % | margin_after_return=71.5 %
[INFO] [1790333913.221276715] [sage_energy_monitor]: ENERGY | remaining=91.8 % | voltage=16.05 V | drain_rate=0.029 %/s | home_distance=5.9 m | return_time=10 s | return_cost=0.3 % | margin_after_return=71.5 %
[INFO] [1790333914.219234968] [sage_energy_monitor]: ENERGY | remaining=91.7 % | voltage=16.05 V | drain_rate=0.029 %/s | home_distance=6.4 m | return_time=10 s | return_cost=0.3 % | margin_after_return=71.4 %
[INFO] [1790333915.219674371] [sage_energy_monitor]: ENERGY | remaining=91.7 % | voltage=16.05 V | drain_rate=0.029 %/s | home_distance=6.6 m | return_time=10 s | return_cost=0.3 % | margin_after_return=71.4 %
[INFO] [1790333916.218981755] [sage_energy_monitor]: ENERGY | remaining=91.7 % | voltage=16.05 V | drain_rate=0.029 %/s | home_distance=5.9 m | return_time=10 s | return_cost=0.3 % | margin_after_return=71.4 %
[INFO] [1790333917.224352762] [sage_energy_monitor]: ENERGY | remaining=91.6 % | voltage=16.05 V | drain_rate=0.029 %/s | home_distance=5.1 m | return_time=9 s | return_cost=0.3 % | margin_after_return=71.4 %
[INFO] [1790333918.219856017] [sage_energy_monitor]: ENERGY | remaining=91.6 % | voltage=16.05 V | drain_rate=0.029 %/s | home_distance=4.7 m | return_time=9 s | return_cost=0.3 % | margin_after_return=71.4 %
[INFO] [1790333919.224597482] [sage_energy_monitor]: ENERGY | remaining=91.6 % | voltage=16.05 V | drain_rate=0.029 %/s | home_distance=4.5 m | return_time=9 s | return_cost=0.2 % | margin_after_return=71.3 %
[INFO] [1790333920.219021202] [sage_energy_monitor]: ENERGY | remaining=91.6 % | voltage=16.05 V | drain_rate=0.029 %/s | home_distance=4.3 m | return_time=8 s | return_cost=0.2 % | margin_after_return=71.3 %
[INFO] [1790333921.220011161] [sage_energy_monitor]: ENERGY | remaining=91.5 % | voltage=16.05 V | drain_rate=0.029 %/s | home_distance=4.3 m | return_time=8 s | return_cost=0.2 % | margin_after_return=71.3 %
[INFO] [1790333922.218725626] [sage_energy_monitor]: ENERGY | remaining=91.5 % | voltage=16.05 V | drain_rate=0.029 %/s | home_distance=4.9 m | return_time=9 s | return_cost=0.3 % | margin_after_return=71.2 %
[INFO] [1790333923.231081786] [sage_energy_monitor]: ENERGY | remaining=91.5 % | voltage=16.05 V | drain_rate=0.029 %/s | home_distance=5.7 m | return_time=10 s | return_cost=0.3 % | margin_after_return=71.2 %
[INFO] [1790333924.217817568] [sage_energy_monitor]: ENERGY | remaining=91.4 % | voltage=16.04 V | drain_rate=0.029 %/s | home_distance=6.4 m | return_time=10 s | return_cost=0.3 % | margin_after_return=71.1 %
[INFO] [1790333925.221058449] [sage_energy_monitor]: ENERGY | remaining=91.4 % | voltage=16.04 V | drain_rate=0.029 %/s | home_distance=6.8 m | return_time=11 s | return_cost=0.3 % | margin_after_return=71.1 %
[INFO] [1790333926.220629232] [sage_energy_monitor]: ENERGY | remaining=91.4 % | voltage=16.04 V | drain_rate=0.029 %/s | home_distance=7.5 m | return_time=11 s | return_cost=0.3 % | margin_after_return=71.1 %
[INFO] [1790333927.218267879] [sage_energy_monitor]: ENERGY | remaining=91.4 % | voltage=16.04 V | drain_rate=0.029 %/s | home_distance=8.9 m | return_time=13 s | return_cost=0.4 % | margin_after_return=71.0 %
[INFO] [1790333928.219763454] [sage_energy_monitor]: ENERGY | remaining=91.3 % | voltage=16.04 V | drain_rate=0.029 %/s | home_distance=9.9 m | return_time=14 s | return_cost=0.4 % | margin_after_return=70.9 %
[INFO] [1790333929.220036991] [sage_energy_monitor]: ENERGY | remaining=91.3 % | voltage=16.04 V | drain_rate=0.029 %/s | home_distance=10.5 m | return_time=15 s | return_cost=0.4 % | margin_after_return=70.9 %
[INFO] [1790333930.217995927] [sage_energy_monitor]: ENERGY | remaining=91.3 % | voltage=16.04 V | drain_rate=0.029 %/s | home_distance=10.0 m | return_time=14 s | return_cost=0.4 % | margin_after_return=70.9 %
[INFO] [1790333931.221780511] [sage_energy_monitor]: ENERGY | remaining=91.2 % | voltage=16.04 V | drain_rate=0.029 %/s | home_distance=8.8 m | return_time=13 s | return_cost=0.4 % | margin_after_return=70.9 %
[INFO] [1790333932.219720411] [sage_energy_monitor]: ENERGY | remaining=91.2 % | voltage=16.04 V | drain_rate=0.029 %/s | home_distance=7.3 m | return_time=11 s | return_cost=0.3 % | margin_after_return=70.9 %
[INFO] [1790333933.222333160] [sage_energy_monitor]: ENERGY | remaining=91.2 % | voltage=16.04 V | drain_rate=0.029 %/s | home_distance=5.8 m | return_time=10 s | return_cost=0.3 % | margin_after_return=70.9 %
[INFO] [1790333934.224500598] [sage_energy_monitor]: ENERGY | remaining=91.2 % | voltage=16.04 V | drain_rate=0.029 %/s | home_distance=4.5 m | return_time=9 s | return_cost=0.2 % | margin_after_return=70.9 %
[INFO] [1790333935.219932228] [sage_energy_monitor]: ENERGY | remaining=91.1 % | voltage=16.04 V | drain_rate=0.029 %/s | home_distance=3.1 m | return_time=7 s | return_cost=0.2 % | margin_after_return=70.9 %
[INFO] [1790333936.218291505] [sage_energy_monitor]: ENERGY | remaining=91.1 % | voltage=16.04 V | drain_rate=0.029 %/s | home_distance=1.9 m | return_time=6 s | return_cost=0.2 % | margin_after_return=70.9 %
[INFO] [1790333937.218928919] [sage_energy_monitor]: ENERGY | remaining=91.1 % | voltage=16.04 V | drain_rate=0.029 %/s | home_distance=1.2 m | return_time=5 s | return_cost=0.2 % | margin_after_return=70.9 %
[INFO] [1790333938.223595228] [sage_energy_monitor]: ENERGY | remaining=91.0 % | voltage=16.04 V | drain_rate=0.029 %/s | home_distance=1.0 m | return_time=5 s | return_cost=0.1 % | margin_after_return=70.9 %
[INFO] [1790333939.217824263] [sage_energy_monitor]: ENERGY | remaining=91.0 % | voltage=16.04 V | drain_rate=0.029 %/s | home_distance=1.7 m | return_time=6 s | return_cost=0.2 % | margin_after_return=70.8 %
[INFO] [1790333940.218999621] [sage_energy_monitor]: ENERGY | remaining=91.0 % | voltage=16.04 V | drain_rate=0.029 %/s | home_distance=3.3 m | return_time=7 s | return_cost=0.2 % | margin_after_return=70.8 %
[INFO] [1790333941.218770569] [sage_energy_monitor]: ENERGY | remaining=91.0 % | voltage=16.04 V | drain_rate=0.029 %/s | home_distance=4.9 m | return_time=9 s | return_cost=0.3 % | margin_after_return=70.7 %
[INFO] [1790333942.219883103] [sage_energy_monitor]: ENERGY | remaining=90.9 % | voltage=16.04 V | drain_rate=0.029 %/s | home_distance=6.3 m | return_time=10 s | return_cost=0.3 % | margin_after_return=70.6 %
[INFO] [1790333943.218320663] [sage_energy_monitor]: ENERGY | remaining=90.9 % | voltage=16.04 V | drain_rate=0.029 %/s | home_distance=7.7 m | return_time=12 s | return_cost=0.3 % | margin_after_return=70.6 %
[INFO] [1790333944.224975429] [sage_energy_monitor]: ENERGY | remaining=90.9 % | voltage=16.03 V | drain_rate=0.029 %/s | home_distance=9.0 m | return_time=13 s | return_cost=0.4 % | margin_after_return=70.5 %
[INFO] [1790333945.219502152] [sage_energy_monitor]: ENERGY | remaining=90.8 % | voltage=16.03 V | drain_rate=0.029 %/s | home_distance=9.8 m | return_time=14 s | return_cost=0.4 % | margin_after_return=70.4 %
[INFO] [1790333946.228871627] [sage_energy_monitor]: ENERGY | remaining=90.8 % | voltage=16.03 V | drain_rate=0.029 %/s | home_distance=10.0 m | return_time=14 s | return_cost=0.4 % | margin_after_return=70.4 %
[INFO] [1790333947.219208226] [sage_energy_monitor]: ENERGY | remaining=90.8 % | voltage=16.03 V | drain_rate=0.029 %/s | home_distance=9.3 m | return_time=13 s | return_cost=0.4 % | margin_after_return=70.4 %
[INFO] [1790333948.219758812] [sage_energy_monitor]: ENERGY | remaining=90.8 % | voltage=16.03 V | drain_rate=0.029 %/s | home_distance=7.8 m | return_time=12 s | return_cost=0.3 % | margin_after_return=70.4 %
[INFO] [1790333949.219765818] [sage_energy_monitor]: ENERGY | remaining=90.7 % | voltage=16.03 V | drain_rate=0.029 %/s | home_distance=6.5 m | return_time=11 s | return_cost=0.3 % | margin_after_return=70.4 %
[INFO] [1790333950.222363552] [sage_energy_monitor]: ENERGY | remaining=90.7 % | voltage=16.03 V | drain_rate=0.029 %/s | home_distance=5.8 m | return_time=10 s | return_cost=0.3 % | margin_after_return=70.4 %
[INFO] [1790333951.220373106] [sage_energy_monitor]: ENERGY | remaining=90.7 % | voltage=16.03 V | drain_rate=0.029 %/s | home_distance=5.6 m | return_time=9 s | return_cost=0.3 % | margin_after_return=70.4 %
[INFO] [1790333952.227745622] [sage_energy_monitor]: ENERGY | remaining=90.6 % | voltage=16.03 V | drain_rate=0.029 %/s | home_distance=5.8 m | return_time=9 s | return_cost=0.3 % | margin_after_return=70.4 %
[INFO] [1790333953.220115036] [sage_energy_monitor]: ENERGY | remaining=90.6 % | voltage=16.03 V | drain_rate=0.029 %/s | home_distance=6.4 m | return_time=10 s | return_cost=0.3 % | margin_after_return=70.3 %
[INFO] [1790333954.221351052] [sage_energy_monitor]: ENERGY | remaining=90.6 % | voltage=16.03 V | drain_rate=0.029 %/s | home_distance=7.0 m | return_time=11 s | return_cost=0.3 % | margin_after_return=70.3 %
[INFO] [1790333955.219427629] [sage_energy_monitor]: ENERGY | remaining=90.5 % | voltage=16.03 V | drain_rate=0.029 %/s | home_distance=7.2 m | return_time=11 s | return_cost=0.3 % | margin_after_return=70.2 %
[INFO] [1790333956.221476603] [sage_energy_monitor]: ENERGY | remaining=90.5 % | voltage=16.03 V | drain_rate=0.029 %/s | home_distance=7.6 m | return_time=11 s | return_cost=0.3 % | margin_after_return=70.2 %
[INFO] [1790333957.217932123] [sage_energy_monitor]: ENERGY | remaining=90.5 % | voltage=16.03 V | drain_rate=0.029 %/s | home_distance=8.7 m | return_time=13 s | return_cost=0.4 % | margin_after_return=70.1 %
[INFO] [1790333958.219900127] [sage_energy_monitor]: ENERGY | remaining=90.5 % | voltage=16.03 V | drain_rate=0.029 %/s | home_distance=9.6 m | return_time=14 s | return_cost=0.4 % | margin_after_return=70.1 %
[INFO] [1790333959.220498836] [sage_energy_monitor]: ENERGY | remaining=90.4 % | voltage=16.03 V | drain_rate=0.029 %/s | home_distance=10.2 m | return_time=14 s | return_cost=0.4 % | margin_after_return=70.0 %
[INFO] [1790333960.220617862] [sage_energy_monitor]: ENERGY | remaining=90.4 % | voltage=16.03 V | drain_rate=0.029 %/s | home_distance=10.3 m | return_time=14 s | return_cost=0.4 % | margin_after_return=70.0 %
[INFO] [1790333961.221846868] [sage_energy_monitor]: ENERGY | remaining=90.4 % | voltage=16.03 V | drain_rate=0.029 %/s | home_distance=9.9 m | return_time=14 s | return_cost=0.4 % | margin_after_return=70.0 %
[INFO] [1790333962.218300656] [sage_energy_monitor]: ENERGY | remaining=90.3 % | voltage=16.03 V | drain_rate=0.029 %/s | home_distance=8.9 m | return_time=13 s | return_cost=0.4 % | margin_after_return=70.0 %
[INFO] [1790333963.218907357] [sage_energy_monitor]: ENERGY | remaining=90.3 % | voltage=16.02 V | drain_rate=0.029 %/s | home_distance=7.6 m | return_time=12 s | return_cost=0.3 % | margin_after_return=70.0 %
[INFO] [1790333964.217993226] [sage_energy_monitor]: ENERGY | remaining=90.3 % | voltage=16.02 V | drain_rate=0.029 %/s | home_distance=6.1 m | return_time=10 s | return_cost=0.3 % | margin_after_return=70.0 %
[INFO] [1790333965.218727849] [sage_energy_monitor]: ENERGY | remaining=90.3 % | voltage=16.02 V | drain_rate=0.029 %/s | home_distance=4.6 m | return_time=9 s | return_cost=0.2 % | margin_after_return=70.0 %
[INFO] [1790333966.222806953] [sage_energy_monitor]: ENERGY | remaining=90.2 % | voltage=16.02 V | drain_rate=0.029 %/s | home_distance=3.4 m | return_time=7 s | return_cost=0.2 % | margin_after_return=70.0 %
[INFO] [1790333967.220638965] [sage_energy_monitor]: ENERGY | remaining=90.2 % | voltage=16.02 V | drain_rate=0.029 %/s | home_distance=2.8 m | return_time=7 s | return_cost=0.2 % | margin_after_return=70.0 %
[INFO] [1790333968.218930877] [sage_energy_monitor]: ENERGY | remaining=90.2 % | voltage=16.02 V | drain_rate=0.029 %/s | home_distance=2.6 m | return_time=7 s | return_cost=0.2 % | margin_after_return=70.0 %
[INFO] [1790333969.219454877] [sage_energy_monitor]: ENERGY | remaining=90.1 % | voltage=16.02 V | drain_rate=0.029 %/s | home_distance=3.6 m | return_time=8 s | return_cost=0.2 % | margin_after_return=69.9 %
[INFO] [1790333970.218683307] [sage_energy_monitor]: ENERGY | remaining=90.1 % | voltage=16.02 V | drain_rate=0.029 %/s | home_distance=5.0 m | return_time=9 s | return_cost=0.3 % | margin_after_return=69.9 %
[INFO] [1790333971.220238846] [sage_energy_monitor]: ENERGY | remaining=90.1 % | voltage=16.02 V | drain_rate=0.029 %/s | home_distance=6.4 m | return_time=10 s | return_cost=0.3 % | margin_after_return=69.8 %
[INFO] [1790333972.222790283] [sage_energy_monitor]: ENERGY | remaining=90.1 % | voltage=16.02 V | drain_rate=0.029 %/s | home_distance=7.8 m | return_time=12 s | return_cost=0.3 % | margin_after_return=69.7 %
[INFO] [1790333973.219513466] [sage_energy_monitor]: ENERGY | remaining=90.0 % | voltage=16.02 V | drain_rate=0.029 %/s | home_distance=9.0 m | return_time=13 s | return_cost=0.4 % | margin_after_return=69.6 %
[INFO] [1790333974.219305217] [sage_energy_monitor]: ENERGY | remaining=90.0 % | voltage=16.02 V | drain_rate=0.029 %/s | home_distance=9.8 m | return_time=14 s | return_cost=0.4 % | margin_after_return=69.6 %
[INFO] [1790333975.218546608] [sage_energy_monitor]: ENERGY | remaining=90.0 % | voltage=16.02 V | drain_rate=0.029 %/s | home_distance=10.1 m | return_time=14 s | return_cost=0.4 % | margin_after_return=69.6 %
[INFO] [1790333976.218619777] [sage_energy_monitor]: ENERGY | remaining=89.9 % | voltage=16.02 V | drain_rate=0.029 %/s | home_distance=9.9 m | return_time=14 s | return_cost=0.4 % | margin_after_return=69.5 %
[INFO] [1790333977.221320821] [sage_energy_monitor]: ENERGY | remaining=89.9 % | voltage=16.02 V | drain_rate=0.029 %/s | home_distance=8.7 m | return_time=13 s | return_cost=0.4 % | margin_after_return=69.5 %
[INFO] [1790333978.228681344] [sage_energy_monitor]: ENERGY | remaining=89.9 % | voltage=16.02 V | drain_rate=0.029 %/s | home_distance=7.1 m | return_time=11 s | return_cost=0.3 % | margin_after_return=69.5 %
[INFO] [1790333979.220910353] [sage_energy_monitor]: ENERGY | remaining=89.9 % | voltage=16.02 V | drain_rate=0.029 %/s | home_distance=6.4 m | return_time=11 s | return_cost=0.3 % | margin_after_return=69.5 %
[INFO] [1790333980.220987365] [sage_energy_monitor]: ENERGY | remaining=89.8 % | voltage=16.02 V | drain_rate=0.029 %/s | home_distance=6.1 m | return_time=10 s | return_cost=0.3 % | margin_after_return=69.5 %
[INFO] [1790333981.224563689] [sage_energy_monitor]: ENERGY | remaining=89.8 % | voltage=16.02 V | drain_rate=0.029 %/s | home_distance=6.1 m | return_time=10 s | return_cost=0.3 % | margin_after_return=69.5 %
[INFO] [1790333982.228249664] [sage_energy_monitor]: ENERGY | remaining=89.8 % | voltage=16.01 V | drain_rate=0.029 %/s | home_distance=5.9 m | return_time=10 s | return_cost=0.3 % | margin_after_return=69.5 %
[INFO] [1790333983.218181264] [sage_energy_monitor]: ENERGY | remaining=89.7 % | voltage=16.01 V | drain_rate=0.029 %/s | home_distance=5.6 m | return_time=10 s | return_cost=0.3 % | margin_after_return=69.5 %
[INFO] [1790333984.218408291] [sage_energy_monitor]: ENERGY | remaining=89.7 % | voltage=16.01 V | drain_rate=0.029 %/s | home_distance=5.6 m | return_time=10 s | return_cost=0.3 % | margin_after_return=69.4 %
[INFO] [1790333985.219293979] [sage_energy_monitor]: ENERGY | remaining=89.7 % | voltage=16.01 V | drain_rate=0.029 %/s | home_distance=5.7 m | return_time=10 s | return_cost=0.3 % | margin_after_return=69.4 %
[INFO] [1790333986.218465314] [sage_energy_monitor]: ENERGY | remaining=89.7 % | voltage=16.01 V | drain_rate=0.029 %/s | home_distance=5.8 m | return_time=10 s | return_cost=0.3 % | margin_after_return=69.4 %
[INFO] [1790333987.217506364] [sage_energy_monitor]: ENERGY | remaining=89.6 % | voltage=16.01 V | drain_rate=0.029 %/s | home_distance=6.3 m | return_time=10 s | return_cost=0.3 % | margin_after_return=69.3 %
[INFO] [1790333988.225905817] [sage_energy_monitor]: ENERGY | remaining=89.6 % | voltage=16.01 V | drain_rate=0.029 %/s | home_distance=7.6 m | return_time=12 s | return_cost=0.3 % | margin_after_return=69.3 %
[INFO] [1790333989.221013733] [sage_energy_monitor]: ENERGY | remaining=89.6 % | voltage=16.01 V | drain_rate=0.029 %/s | home_distance=8.9 m | return_time=13 s | return_cost=0.4 % | margin_after_return=69.2 %
[INFO] [1790333990.219252457] [sage_energy_monitor]: ENERGY | remaining=89.5 % | voltage=16.01 V | drain_rate=0.029 %/s | home_distance=9.6 m | return_time=14 s | return_cost=0.4 % | margin_after_return=69.1 %
[INFO] [1790333991.220306267] [sage_energy_monitor]: ENERGY | remaining=89.5 % | voltage=16.01 V | drain_rate=0.029 %/s | home_distance=10.0 m | return_time=14 s | return_cost=0.4 % | margin_after_return=69.1 %
[INFO] [1790333992.221177045] [sage_energy_monitor]: ENERGY | remaining=89.5 % | voltage=16.01 V | drain_rate=0.029 %/s | home_distance=10.9 m | return_time=15 s | return_cost=0.4 % | margin_after_return=69.1 %
[INFO] [1790333993.227102113] [sage_energy_monitor]: ENERGY | remaining=89.5 % | voltage=16.01 V | drain_rate=0.029 %/s | home_distance=12.0 m | return_time=16 s | return_cost=0.5 % | margin_after_return=69.0 %
[INFO] [1790333994.218380876] [sage_energy_monitor]: ENERGY | remaining=89.4 % | voltage=16.01 V | drain_rate=0.029 %/s | home_distance=13.2 m | return_time=17 s | return_cost=0.5 % | margin_after_return=68.9 %
[INFO] [1790333995.222150140] [sage_energy_monitor]: ENERGY | remaining=89.4 % | voltage=16.01 V | drain_rate=0.029 %/s | home_distance=14.4 m | return_time=18 s | return_cost=0.5 % | margin_after_return=68.9 %
[INFO] [1790333996.223978107] [sage_energy_monitor]: ENERGY | remaining=89.4 % | voltage=16.01 V | drain_rate=0.029 %/s | home_distance=15.5 m | return_time=19 s | return_cost=0.6 % | margin_after_return=68.8 %
[INFO] [1790333997.225585801] [sage_energy_monitor]: ENERGY | remaining=89.3 % | voltage=16.01 V | drain_rate=0.029 %/s | home_distance=15.6 m | return_time=19 s | return_cost=0.6 % | margin_after_return=68.8 %
[INFO] [1790333998.219512324] [sage_energy_monitor]: ENERGY | remaining=89.3 % | voltage=16.01 V | drain_rate=0.030 %/s | home_distance=14.1 m | return_time=18 s | return_cost=0.5 % | margin_after_return=68.8 %
[INFO] [1790333999.218574863] [sage_energy_monitor]: ENERGY | remaining=89.2 % | voltage=16.01 V | drain_rate=0.030 %/s | home_distance=12.4 m | return_time=16 s | return_cost=0.5 % | margin_after_return=68.8 %
[INFO] [1790334000.221637213] [sage_energy_monitor]: ENERGY | remaining=89.2 % | voltage=16.00 V | drain_rate=0.030 %/s | home_distance=11.5 m | return_time=15 s | return_cost=0.5 % | margin_after_return=68.7 %
[INFO] [1790334001.219152059] [sage_energy_monitor]: ENERGY | remaining=89.2 % | voltage=16.00 V | drain_rate=0.030 %/s | home_distance=11.2 m | return_time=15 s | return_cost=0.5 % | margin_after_return=68.7 %
[INFO] [1790334002.223367639] [sage_energy_monitor]: ENERGY | remaining=89.1 % | voltage=16.00 V | drain_rate=0.031 %/s | home_distance=11.0 m | return_time=15 s | return_cost=0.5 % | margin_after_return=68.7 %
[INFO] [1790334003.220050573] [sage_energy_monitor]: ENERGY | remaining=89.1 % | voltage=16.00 V | drain_rate=0.031 %/s | home_distance=11.2 m | return_time=15 s | return_cost=0.5 % | margin_after_return=68.6 %
[INFO] [1790334004.217557354] [sage_energy_monitor]: ENERGY | remaining=89.1 % | voltage=16.00 V | drain_rate=0.031 %/s | home_distance=11.3 m | return_time=15 s | return_cost=0.5 % | margin_after_return=68.6 %
[INFO] [1790334005.231463507] [sage_energy_monitor]: ENERGY | remaining=89.0 % | voltage=16.00 V | drain_rate=0.031 %/s | home_distance=11.0 m | return_time=15 s | return_cost=0.5 % | margin_after_return=68.6 %
[INFO] [1790334006.219464637] [sage_energy_monitor]: ENERGY | remaining=89.0 % | voltage=16.00 V | drain_rate=0.031 %/s | home_distance=9.7 m | return_time=13 s | return_cost=0.4 % | margin_after_return=68.6 %
[INFO] [1790334007.222176204] [sage_energy_monitor]: ENERGY | remaining=89.0 % | voltage=16.00 V | drain_rate=0.031 %/s | home_distance=8.5 m | return_time=12 s | return_cost=0.4 % | margin_after_return=68.6 %
[INFO] [1790334008.218743281] [sage_energy_monitor]: ENERGY | remaining=88.9 % | voltage=16.00 V | drain_rate=0.032 %/s | home_distance=7.2 m | return_time=11 s | return_cost=0.4 % | margin_after_return=68.6 %
[INFO] [1790334009.226209366] [sage_energy_monitor]: ENERGY | remaining=88.9 % | voltage=16.00 V | drain_rate=0.032 %/s | home_distance=6.4 m | return_time=10 s | return_cost=0.3 % | margin_after_return=68.6 %
[INFO] [1790334010.228161496] [sage_energy_monitor]: ENERGY | remaining=88.9 % | voltage=16.00 V | drain_rate=0.032 %/s | home_distance=6.4 m | return_time=10 s | return_cost=0.3 % | margin_after_return=68.5 %
[INFO] [1790334011.218823748] [sage_energy_monitor]: ENERGY | remaining=88.8 % | voltage=16.00 V | drain_rate=0.032 %/s | home_distance=6.7 m | return_time=11 s | return_cost=0.3 % | margin_after_return=68.5 %
[INFO] [1790334012.219505901] [sage_energy_monitor]: ENERGY | remaining=88.8 % | voltage=16.00 V | drain_rate=0.032 %/s | home_distance=6.8 m | return_time=11 s | return_cost=0.4 % | margin_after_return=68.4 %
[INFO] [1790334013.224948762] [sage_energy_monitor]: ENERGY | remaining=88.8 % | voltage=16.00 V | drain_rate=0.033 %/s | home_distance=6.9 m | return_time=11 s | return_cost=0.4 % | margin_after_return=68.4 %
[INFO] [1790334014.218104645] [sage_energy_monitor]: ENERGY | remaining=88.7 % | voltage=16.00 V | drain_rate=0.033 %/s | home_distance=6.9 m | return_time=11 s | return_cost=0.4 % | margin_after_return=68.4 %
[INFO] [1790334015.219371042] [sage_energy_monitor]: ENERGY | remaining=88.7 % | voltage=16.00 V | drain_rate=0.033 %/s | home_distance=6.9 m | return_time=11 s | return_cost=0.4 % | margin_after_return=68.3 %
[INFO] [1790334016.230339337] [sage_energy_monitor]: ENERGY | remaining=88.7 % | voltage=15.99 V | drain_rate=0.033 %/s | home_distance=6.0 m | return_time=10 s | return_cost=0.3 % | margin_after_return=68.3 %
[INFO] [1790334017.220621917] [sage_energy_monitor]: ENERGY | remaining=88.6 % | voltage=15.99 V | drain_rate=0.033 %/s | home_distance=5.1 m | return_time=9 s | return_cost=0.3 % | margin_after_return=68.3 %
[INFO] [1790334018.253384697] [sage_energy_monitor]: ENERGY | remaining=88.6 % | voltage=15.99 V | drain_rate=0.033 %/s | home_distance=4.9 m | return_time=9 s | return_cost=0.3 % | margin_after_return=68.3 %
[INFO] [1790334019.250542837] [sage_energy_monitor]: ENERGY | remaining=88.6 % | voltage=15.99 V | drain_rate=0.032 %/s | home_distance=4.8 m | return_time=9 s | return_cost=0.3 % | margin_after_return=68.3 %
[INFO] [1790334020.221473978] [sage_energy_monitor]: ENERGY | remaining=88.6 % | voltage=15.99 V | drain_rate=0.032 %/s | home_distance=4.6 m | return_time=8 s | return_cost=0.3 % | margin_after_return=68.3 %
[INFO] [1790334021.222372306] [sage_energy_monitor]: ENERGY | remaining=88.5 % | voltage=15.99 V | drain_rate=0.032 %/s | home_distance=3.5 m | return_time=7 s | return_cost=0.2 % | margin_after_return=68.3 %
[INFO] [1790334022.217726877] [sage_energy_monitor]: ENERGY | remaining=88.5 % | voltage=15.99 V | drain_rate=0.033 %/s | home_distance=2.1 m | return_time=6 s | return_cost=0.2 % | margin_after_return=68.3 %
[INFO] [1790334023.219670617] [sage_energy_monitor]: ENERGY | remaining=88.5 % | voltage=15.99 V | drain_rate=0.033 %/s | home_distance=1.3 m | return_time=5 s | return_cost=0.2 % | margin_after_return=68.3 %
[INFO] [1790334024.218353515] [sage_energy_monitor]: ENERGY | remaining=88.4 % | voltage=15.99 V | drain_rate=0.033 %/s | home_distance=1.4 m | return_time=5 s | return_cost=0.2 % | margin_after_return=68.3 %
[INFO] [1790334025.226801175] [sage_energy_monitor]: ENERGY | remaining=88.4 % | voltage=15.99 V | drain_rate=0.033 %/s | home_distance=3.1 m | return_time=7 s | return_cost=0.2 % | margin_after_return=68.2 %
[INFO] [1790334026.224679737] [sage_energy_monitor]: ENERGY | remaining=88.4 % | voltage=15.99 V | drain_rate=0.033 %/s | home_distance=4.7 m | return_time=9 s | return_cost=0.3 % | margin_after_return=68.1 %
[INFO] [1790334027.225141984] [sage_energy_monitor]: ENERGY | remaining=88.3 % | voltage=15.99 V | drain_rate=0.033 %/s | home_distance=5.5 m | return_time=9 s | return_cost=0.3 % | margin_after_return=68.0 %
[INFO] [1790334028.220042567] [sage_energy_monitor]: ENERGY | remaining=88.3 % | voltage=15.99 V | drain_rate=0.033 %/s | home_distance=5.0 m | return_time=9 s | return_cost=0.3 % | margin_after_return=68.0 %
[INFO] [1790334029.228961833] [sage_energy_monitor]: ENERGY | remaining=88.2 % | voltage=15.99 V | drain_rate=0.033 %/s | home_distance=3.3 m | return_time=7 s | return_cost=0.2 % | margin_after_return=68.0 %
[INFO] [1790334030.221161223] [sage_energy_monitor]: ENERGY | remaining=88.2 % | voltage=15.99 V | drain_rate=0.033 %/s | home_distance=2.0 m | return_time=6 s | return_cost=0.2 % | margin_after_return=68.0 %
[INFO] [1790334031.219855095] [sage_energy_monitor]: ENERGY | remaining=88.2 % | voltage=15.99 V | drain_rate=0.033 %/s | home_distance=1.6 m | return_time=5 s | return_cost=0.2 % | margin_after_return=68.0 %
[INFO] [1790334032.218349514] [sage_energy_monitor]: ENERGY | remaining=88.1 % | voltage=15.99 V | drain_rate=0.033 %/s | home_distance=2.4 m | return_time=6 s | return_cost=0.2 % | margin_after_return=67.9 %
[INFO] [1790334033.220234219] [sage_energy_monitor]: ENERGY | remaining=88.1 % | voltage=15.98 V | drain_rate=0.033 %/s | home_distance=3.6 m | return_time=8 s | return_cost=0.3 % | margin_after_return=67.9 %
[INFO] [1790334034.218923977] [sage_energy_monitor]: ENERGY | remaining=88.1 % | voltage=15.98 V | drain_rate=0.033 %/s | home_distance=4.5 m | return_time=9 s | return_cost=0.3 % | margin_after_return=67.8 %
[INFO] [1790334035.220247282] [sage_energy_monitor]: ENERGY | remaining=88.0 % | voltage=15.98 V | drain_rate=0.033 %/s | home_distance=5.0 m | return_time=9 s | return_cost=0.3 % | margin_after_return=67.7 %
[INFO] [1790334036.218889828] [sage_energy_monitor]: ENERGY | remaining=88.0 % | voltage=15.98 V | drain_rate=0.033 %/s | home_distance=5.2 m | return_time=9 s | return_cost=0.3 % | margin_after_return=67.7 %
[INFO] [1790334037.219617744] [sage_energy_monitor]: ENERGY | remaining=88.0 % | voltage=15.98 V | drain_rate=0.033 %/s | home_distance=5.1 m | return_time=9 s | return_cost=0.3 % | margin_after_return=67.7 %
[INFO] [1790334038.219389748] [sage_energy_monitor]: ENERGY | remaining=87.9 % | voltage=15.98 V | drain_rate=0.033 %/s | home_distance=3.9 m | return_time=8 s | return_cost=0.3 % | margin_after_return=67.7 %
[INFO] [1790334039.217956483] [sage_energy_monitor]: ENERGY | remaining=87.9 % | voltage=15.98 V | drain_rate=0.033 %/s | home_distance=2.4 m | return_time=7 s | return_cost=0.2 % | margin_after_return=67.7 %
[INFO] [1790334040.220452354] [sage_energy_monitor]: ENERGY | remaining=87.9 % | voltage=15.98 V | drain_rate=0.033 %/s | home_distance=1.6 m | return_time=6 s | return_cost=0.2 % | margin_after_return=67.7 %
[INFO] [1790334041.218071892] [sage_energy_monitor]: ENERGY | remaining=87.8 % | voltage=15.98 V | drain_rate=0.033 %/s | home_distance=1.3 m | return_time=5 s | return_cost=0.2 % | margin_after_return=67.7 %
[INFO] [1790334042.224503999] [sage_energy_monitor]: ENERGY | remaining=87.8 % | voltage=15.98 V | drain_rate=0.033 %/s | home_distance=1.2 m | return_time=5 s | return_cost=0.2 % | margin_after_return=67.6 %
[INFO] [1790334043.223129703] [sage_energy_monitor]: ENERGY | remaining=87.8 % | voltage=15.98 V | drain_rate=0.033 %/s | home_distance=2.4 m | return_time=6 s | return_cost=0.2 % | margin_after_return=67.6 %
[INFO] [1790334044.225471281] [sage_energy_monitor]: ENERGY | remaining=87.7 % | voltage=15.98 V | drain_rate=0.033 %/s | home_distance=3.4 m | return_time=7 s | return_cost=0.2 % | margin_after_return=67.5 %
[INFO] [1790334045.221348319] [sage_energy_monitor]: ENERGY | remaining=87.7 % | voltage=15.98 V | drain_rate=0.033 %/s | home_distance=3.7 m | return_time=8 s | return_cost=0.2 % | margin_after_return=67.5 %
[INFO] [1790334046.224519845] [sage_energy_monitor]: ENERGY | remaining=87.7 % | voltage=15.98 V | drain_rate=0.033 %/s | home_distance=3.7 m | return_time=8 s | return_cost=0.3 % | margin_after_return=67.4 %
[INFO] [1790334047.220041938] [sage_energy_monitor]: ENERGY | remaining=87.6 % | voltage=15.98 V | drain_rate=0.033 %/s | home_distance=4.4 m | return_time=8 s | return_cost=0.3 % | margin_after_return=67.4 %
[INFO] [1790334048.223938912] [sage_energy_monitor]: ENERGY | remaining=87.6 % | voltage=15.98 V | drain_rate=0.034 %/s | home_distance=5.2 m | return_time=9 s | return_cost=0.3 % | margin_after_return=67.3 %
[INFO] [1790334049.223647401] [sage_energy_monitor]: ENERGY | remaining=87.6 % | voltage=15.98 V | drain_rate=0.035 %/s | home_distance=5.6 m | return_time=9 s | return_cost=0.3 % | margin_after_return=67.2 %
[INFO] [1790334050.222407769] [sage_energy_monitor]: ENERGY | remaining=87.5 % | voltage=15.97 V | drain_rate=0.035 %/s | home_distance=5.7 m | return_time=10 s | return_cost=0.3 % | margin_after_return=67.2 %
[INFO] [1790334051.223422967] [sage_energy_monitor]: ENERGY | remaining=87.5 % | voltage=15.97 V | drain_rate=0.035 %/s | home_distance=5.4 m | return_time=9 s | return_cost=0.3 % | margin_after_return=67.2 %
[INFO] [1790334052.222822097] [sage_energy_monitor]: ENERGY | remaining=87.5 % | voltage=15.97 V | drain_rate=0.035 %/s | home_distance=4.0 m | return_time=8 s | return_cost=0.3 % | margin_after_return=67.2 %
[INFO] [1790334053.222682849] [sage_energy_monitor]: ENERGY | remaining=87.4 % | voltage=15.97 V | drain_rate=0.035 %/s | home_distance=2.6 m | return_time=7 s | return_cost=0.2 % | margin_after_return=67.2 %
[INFO] [1790334054.217674412] [sage_energy_monitor]: ENERGY | remaining=87.4 % | voltage=15.97 V | drain_rate=0.035 %/s | home_distance=2.1 m | return_time=6 s | return_cost=0.2 % | margin_after_return=67.2 %
[INFO] [1790334055.221017573] [sage_energy_monitor]: ENERGY | remaining=87.4 % | voltage=15.97 V | drain_rate=0.035 %/s | home_distance=2.0 m | return_time=6 s | return_cost=0.2 % | margin_after_return=67.2 %
[INFO] [1790334056.218856479] [sage_energy_monitor]: ENERGY | remaining=87.3 % | voltage=15.97 V | drain_rate=0.034 %/s | home_distance=2.8 m | return_time=7 s | return_cost=0.2 % | margin_after_return=67.1 %
[INFO] [1790334057.218928856] [sage_energy_monitor]: ENERGY | remaining=87.3 % | voltage=15.97 V | drain_rate=0.034 %/s | home_distance=4.4 m | return_time=8 s | return_cost=0.3 % | margin_after_return=67.0 %
[INFO] [1790334058.221697665] [sage_energy_monitor]: ENERGY | remaining=87.3 % | voltage=15.97 V | drain_rate=0.034 %/s | home_distance=5.5 m | return_time=10 s | return_cost=0.3 % | margin_after_return=66.9 %
[INFO] [1790334059.218560253] [sage_energy_monitor]: ENERGY | remaining=87.2 % | voltage=15.97 V | drain_rate=0.034 %/s | home_distance=5.9 m | return_time=10 s | return_cost=0.3 % | margin_after_return=66.9 %
[INFO] [1790334060.220916764] [sage_energy_monitor]: ENERGY | remaining=87.2 % | voltage=15.97 V | drain_rate=0.034 %/s | home_distance=6.2 m | return_time=10 s | return_cost=0.3 % | margin_after_return=66.8 %
[INFO] [1790334061.218625342] [sage_energy_monitor]: ENERGY | remaining=87.2 % | voltage=15.97 V | drain_rate=0.034 %/s | home_distance=7.1 m | return_time=11 s | return_cost=0.4 % | margin_after_return=66.8 %
[INFO] [1790334062.218556765] [sage_energy_monitor]: ENERGY | remaining=87.1 % | voltage=15.97 V | drain_rate=0.034 %/s | home_distance=7.9 m | return_time=12 s | return_cost=0.4 % | margin_after_return=66.7 %
[INFO] [1790334063.218700105] [sage_energy_monitor]: ENERGY | remaining=87.1 % | voltage=15.97 V | drain_rate=0.034 %/s | home_distance=8.2 m | return_time=12 s | return_cost=0.4 % | margin_after_return=66.7 %
[INFO] [1790334064.221613938] [sage_energy_monitor]: ENERGY | remaining=87.1 % | voltage=15.97 V | drain_rate=0.034 %/s | home_distance=7.5 m | return_time=11 s | return_cost=0.4 % | margin_after_return=66.7 %
[INFO] [1790334065.218375790] [sage_energy_monitor]: ENERGY | remaining=87.0 % | voltage=15.97 V | drain_rate=0.034 %/s | home_distance=6.4 m | return_time=11 s | return_cost=0.4 % | margin_after_return=66.7 %
[INFO] [1790334066.222457049] [sage_energy_monitor]: ENERGY | remaining=87.0 % | voltage=15.96 V | drain_rate=0.034 %/s | home_distance=5.9 m | return_time=10 s | return_cost=0.3 % | margin_after_return=66.6 %
[INFO] [1790334067.220431393] [sage_energy_monitor]: ENERGY | remaining=86.9 % | voltage=15.96 V | drain_rate=0.034 %/s | home_distance=5.5 m | return_time=9 s | return_cost=0.3 % | margin_after_return=66.6 %
[INFO] [1790334068.219882344] [sage_energy_monitor]: ENERGY | remaining=86.9 % | voltage=15.96 V | drain_rate=0.034 %/s | home_distance=4.1 m | return_time=8 s | return_cost=0.3 % | margin_after_return=66.6 %
[INFO] [1790334069.224715166] [sage_energy_monitor]: ENERGY | remaining=86.9 % | voltage=15.96 V | drain_rate=0.034 %/s | home_distance=2.3 m | return_time=6 s | return_cost=0.2 % | margin_after_return=66.7 %
[INFO] [1790334070.219800318] [sage_energy_monitor]: ENERGY | remaining=86.8 % | voltage=15.96 V | drain_rate=0.034 %/s | home_distance=1.7 m | return_time=6 s | return_cost=0.2 % | margin_after_return=66.6 %
[INFO] [1790334071.218482172] [sage_energy_monitor]: ENERGY | remaining=86.8 % | voltage=15.96 V | drain_rate=0.035 %/s | home_distance=2.0 m | return_time=6 s | return_cost=0.2 % | margin_after_return=66.6 %
[INFO] [1790334072.221458817] [sage_energy_monitor]: ENERGY | remaining=86.8 % | voltage=15.96 V | drain_rate=0.034 %/s | home_distance=2.4 m | return_time=7 s | return_cost=0.2 % | margin_after_return=66.6 %
[INFO] [1790334073.223192775] [sage_energy_monitor]: ENERGY | remaining=86.7 % | voltage=15.96 V | drain_rate=0.034 %/s | home_distance=2.9 m | return_time=7 s | return_cost=0.2 % | margin_after_return=66.5 %
[INFO] [1790334074.222744931] [sage_energy_monitor]: ENERGY | remaining=86.7 % | voltage=15.96 V | drain_rate=0.034 %/s | home_distance=3.6 m | return_time=8 s | return_cost=0.3 % | margin_after_return=66.5 %
[INFO] [1790334075.229772173] [sage_energy_monitor]: ENERGY | remaining=86.7 % | voltage=15.96 V | drain_rate=0.034 %/s | home_distance=3.8 m | return_time=8 s | return_cost=0.3 % | margin_after_return=66.4 %
[INFO] [1790334076.218359073] [sage_energy_monitor]: ENERGY | remaining=86.7 % | voltage=15.96 V | drain_rate=0.034 %/s | home_distance=3.4 m | return_time=7 s | return_cost=0.2 % | margin_after_return=66.4 %
[INFO] [1790334077.219131199] [sage_energy_monitor]: ENERGY | remaining=86.6 % | voltage=15.96 V | drain_rate=0.034 %/s | home_distance=2.9 m | return_time=7 s | return_cost=0.2 % | margin_after_return=66.4 %
[INFO] [1790334078.219822497] [sage_energy_monitor]: ENERGY | remaining=86.6 % | voltage=15.96 V | drain_rate=0.033 %/s | home_distance=2.8 m | return_time=7 s | return_cost=0.2 % | margin_after_return=66.4 %
[INFO] [1790334079.220057151] [sage_energy_monitor]: ENERGY | remaining=86.6 % | voltage=15.96 V | drain_rate=0.033 %/s | home_distance=3.0 m | return_time=7 s | return_cost=0.2 % | margin_after_return=66.4 %
[INFO] [1790334080.220606885] [sage_energy_monitor]: ENERGY | remaining=86.5 % | voltage=15.96 V | drain_rate=0.033 %/s | home_distance=3.9 m | return_time=8 s | return_cost=0.3 % | margin_after_return=66.3 %
[INFO] [1790334081.221746762] [sage_energy_monitor]: ENERGY | remaining=86.5 % | voltage=15.96 V | drain_rate=0.033 %/s | home_distance=5.2 m | return_time=9 s | return_cost=0.3 % | margin_after_return=66.2 %
[INFO] [1790334082.217748827] [sage_energy_monitor]: ENERGY | remaining=86.5 % | voltage=15.96 V | drain_rate=0.033 %/s | home_distance=6.1 m | return_time=10 s | return_cost=0.3 % | margin_after_return=66.2 %
[INFO] [1790334083.218509919] [sage_energy_monitor]: ENERGY | remaining=86.5 % | voltage=15.96 V | drain_rate=0.032 %/s | home_distance=6.5 m | return_time=10 s | return_cost=0.3 % | margin_after_return=66.1 %
[INFO] [1790334084.222751574] [sage_energy_monitor]: ENERGY | remaining=86.4 % | voltage=15.95 V | drain_rate=0.032 %/s | home_distance=6.4 m | return_time=10 s | return_cost=0.3 % | margin_after_return=66.1 %
[INFO] [1790334085.222854812] [sage_energy_monitor]: ENERGY | remaining=86.4 % | voltage=15.95 V | drain_rate=0.032 %/s | home_distance=6.3 m | return_time=10 s | return_cost=0.3 % | margin_after_return=66.1 %
[INFO] [1790334086.222564202] [sage_energy_monitor]: ENERGY | remaining=86.4 % | voltage=15.95 V | drain_rate=0.032 %/s | home_distance=6.4 m | return_time=10 s | return_cost=0.3 % | margin_after_return=66.0 %
[INFO] [1790334087.221528573] [sage_energy_monitor]: ENERGY | remaining=86.3 % | voltage=15.95 V | drain_rate=0.032 %/s | home_distance=6.6 m | return_time=10 s | return_cost=0.3 % | margin_after_return=66.0 %
[INFO] [1790334088.217751368] [sage_energy_monitor]: ENERGY | remaining=86.3 % | voltage=15.95 V | drain_rate=0.032 %/s | home_distance=6.6 m | return_time=10 s | return_cost=0.3 % | margin_after_return=66.0 %
[INFO] [1790334089.222890178] [sage_energy_monitor]: ENERGY | remaining=86.3 % | voltage=15.95 V | drain_rate=0.031 %/s | home_distance=5.8 m | return_time=9 s | return_cost=0.3 % | margin_after_return=66.0 %
[INFO] [1790334090.218516894] [sage_energy_monitor]: ENERGY | remaining=86.3 % | voltage=15.95 V | drain_rate=0.031 %/s | home_distance=4.5 m | return_time=8 s | return_cost=0.3 % | margin_after_return=66.0 %
[INFO] [1790334091.222600636] [sage_energy_monitor]: ENERGY | remaining=86.2 % | voltage=15.95 V | drain_rate=0.031 %/s | home_distance=3.2 m | return_time=7 s | return_cost=0.2 % | margin_after_return=66.0 %
[INFO] [1790334092.220697376] [sage_energy_monitor]: ENERGY | remaining=86.2 % | voltage=15.95 V | drain_rate=0.031 %/s | home_distance=2.5 m | return_time=6 s | return_cost=0.2 % | margin_after_return=66.0 %
[INFO] [1790334093.219056414] [sage_energy_monitor]: ENERGY | remaining=86.2 % | voltage=15.95 V | drain_rate=0.031 %/s | home_distance=2.4 m | return_time=6 s | return_cost=0.2 % | margin_after_return=66.0 %
[INFO] [1790334094.221626885] [sage_energy_monitor]: ENERGY | remaining=86.1 % | voltage=15.95 V | drain_rate=0.031 %/s | home_distance=2.4 m | return_time=6 s | return_cost=0.2 % | margin_after_return=65.9 %
[INFO] [1790334095.226029849] [sage_energy_monitor]: ENERGY | remaining=86.1 % | voltage=15.95 V | drain_rate=0.030 %/s | home_distance=1.8 m | return_time=6 s | return_cost=0.2 % | margin_after_return=65.9 %
[INFO] [1790334096.219237943] [sage_energy_monitor]: ENERGY | remaining=86.1 % | voltage=15.95 V | drain_rate=0.030 %/s | home_distance=1.8 m | return_time=6 s | return_cost=0.2 % | margin_after_return=65.9 %
[INFO] [1790334097.218539148] [sage_energy_monitor]: ENERGY | remaining=86.0 % | voltage=15.95 V | drain_rate=0.030 %/s | home_distance=2.5 m | return_time=6 s | return_cost=0.2 % | margin_after_return=65.9 %
[INFO] [1790334098.219102085] [sage_energy_monitor]: ENERGY | remaining=86.0 % | voltage=15.95 V | drain_rate=0.030 %/s | home_distance=2.9 m | return_time=7 s | return_cost=0.2 % | margin_after_return=65.8 %
[INFO] [1790334099.225893317] [sage_energy_monitor]: ENERGY | remaining=86.0 % | voltage=15.95 V | drain_rate=0.030 %/s | home_distance=3.5 m | return_time=7 s | return_cost=0.2 % | margin_after_return=65.8 %
[INFO] [1790334100.221518350] [sage_energy_monitor]: ENERGY | remaining=86.0 % | voltage=15.95 V | drain_rate=0.030 %/s | home_distance=4.4 m | return_time=8 s | return_cost=0.2 % | margin_after_return=65.7 %
[INFO] [1790334101.229988173] [sage_energy_monitor]: ENERGY | remaining=85.9 % | voltage=15.95 V | drain_rate=0.029 %/s | home_distance=4.6 m | return_time=8 s | return_cost=0.2 % | margin_after_return=65.7 %
[INFO] [1790334102.221005574] [sage_energy_monitor]: ENERGY | remaining=85.9 % | voltage=15.95 V | drain_rate=0.029 %/s | home_distance=4.8 m | return_time=8 s | return_cost=0.2 % | margin_after_return=65.6 %
[INFO] [1790334103.227602226] [sage_energy_monitor]: ENERGY | remaining=85.9 % | voltage=15.94 V | drain_rate=0.029 %/s | home_distance=5.1 m | return_time=9 s | return_cost=0.3 % | margin_after_return=65.6 %
[INFO] [1790334104.218546122] [sage_energy_monitor]: ENERGY | remaining=85.8 % | voltage=15.94 V | drain_rate=0.029 %/s | home_distance=5.5 m | return_time=10 s | return_cost=0.3 % | margin_after_return=65.6 %
[INFO] [1790334105.220245947] [sage_energy_monitor]: ENERGY | remaining=85.8 % | voltage=15.94 V | drain_rate=0.029 %/s | home_distance=5.8 m | return_time=10 s | return_cost=0.3 % | margin_after_return=65.5 %
[INFO] [1790334106.222006757] [sage_energy_monitor]: ENERGY | remaining=85.8 % | voltage=15.94 V | drain_rate=0.030 %/s | home_distance=5.9 m | return_time=10 s | return_cost=0.3 % | margin_after_return=65.5 %
[INFO] [1790334107.220083234] [sage_energy_monitor]: ENERGY | remaining=85.7 % | voltage=15.94 V | drain_rate=0.029 %/s | home_distance=6.7 m | return_time=11 s | return_cost=0.3 % | margin_after_return=65.4 %
[INFO] [1790334108.223227503] [sage_energy_monitor]: ENERGY | remaining=85.7 % | voltage=15.94 V | drain_rate=0.029 %/s | home_distance=7.9 m | return_time=12 s | return_cost=0.4 % | margin_after_return=65.4 %
[INFO] [1790334109.221209640] [sage_energy_monitor]: ENERGY | remaining=85.7 % | voltage=15.94 V | drain_rate=0.029 %/s | home_distance=8.7 m | return_time=13 s | return_cost=0.4 % | margin_after_return=65.3 %
[INFO] [1790334110.219419518] [sage_energy_monitor]: ENERGY | remaining=85.7 % | voltage=15.94 V | drain_rate=0.029 %/s | home_distance=9.0 m | return_time=13 s | return_cost=0.4 % | margin_after_return=65.3 %
[INFO] [1790334111.219875495] [sage_energy_monitor]: ENERGY | remaining=85.6 % | voltage=15.94 V | drain_rate=0.029 %/s | home_distance=9.0 m | return_time=13 s | return_cost=0.4 % | margin_after_return=65.3 %
[INFO] [1790334112.221380809] [sage_energy_monitor]: ENERGY | remaining=85.6 % | voltage=15.94 V | drain_rate=0.029 %/s | home_distance=8.6 m | return_time=13 s | return_cost=0.4 % | margin_after_return=65.2 %
[INFO] [1790334113.220221697] [sage_energy_monitor]: ENERGY | remaining=85.6 % | voltage=15.94 V | drain_rate=0.029 %/s | home_distance=8.4 m | return_time=13 s | return_cost=0.4 % | margin_after_return=65.2 %
[INFO] [1790334114.219335226] [sage_energy_monitor]: ENERGY | remaining=85.5 % | voltage=15.94 V | drain_rate=0.029 %/s | home_distance=8.5 m | return_time=13 s | return_cost=0.4 % | margin_after_return=65.2 %
[INFO] [1790334115.221924779] [sage_energy_monitor]: ENERGY | remaining=85.5 % | voltage=15.94 V | drain_rate=0.029 %/s | home_distance=8.7 m | return_time=13 s | return_cost=0.4 % | margin_after_return=65.1 %
[INFO] [1790334116.235973721] [sage_energy_monitor]: ENERGY | remaining=85.5 % | voltage=15.94 V | drain_rate=0.029 %/s | home_distance=8.9 m | return_time=13 s | return_cost=0.4 % | margin_after_return=65.1 %
[INFO] [1790334117.219786098] [sage_energy_monitor]: ENERGY | remaining=85.5 % | voltage=15.94 V | drain_rate=0.029 %/s | home_distance=9.0 m | return_time=13 s | return_cost=0.4 % | margin_after_return=65.1 %
[INFO] [1790334118.219445789] [sage_energy_monitor]: ENERGY | remaining=85.4 % | voltage=15.94 V | drain_rate=0.029 %/s | home_distance=9.1 m | return_time=13 s | return_cost=0.4 % | margin_after_return=65.1 %
[INFO] [1790334119.227577470] [sage_energy_monitor]: ENERGY | remaining=85.4 % | voltage=15.94 V | drain_rate=0.029 %/s | home_distance=9.3 m | return_time=13 s | return_cost=0.4 % | margin_after_return=65.0 %
[INFO] [1790334120.218479903] [sage_energy_monitor]: ENERGY | remaining=85.4 % | voltage=15.94 V | drain_rate=0.029 %/s | home_distance=9.3 m | return_time=13 s | return_cost=0.4 % | margin_after_return=65.0 %
[INFO] [1790334121.220956320] [sage_energy_monitor]: ENERGY | remaining=85.4 % | voltage=15.94 V | drain_rate=0.029 %/s | home_distance=9.2 m | return_time=13 s | return_cost=0.4 % | margin_after_return=65.0 %
[INFO] [1790334122.219394698] [sage_energy_monitor]: ENERGY | remaining=85.3 % | voltage=15.93 V | drain_rate=0.029 %/s | home_distance=8.5 m | return_time=12 s | return_cost=0.4 % | margin_after_return=65.0 %
[INFO] [1790334123.222269690] [sage_energy_monitor]: ENERGY | remaining=85.3 % | voltage=15.93 V | drain_rate=0.029 %/s | home_distance=7.0 m | return_time=11 s | return_cost=0.3 % | margin_after_return=65.0 %
[INFO] [1790334124.219037850] [sage_energy_monitor]: ENERGY | remaining=85.3 % | voltage=15.93 V | drain_rate=0.029 %/s | home_distance=5.8 m | return_time=10 s | return_cost=0.3 % | margin_after_return=65.0 %
[INFO] [1790334125.222653734] [sage_energy_monitor]: ENERGY | remaining=85.2 % | voltage=15.93 V | drain_rate=0.029 %/s | home_distance=5.2 m | return_time=9 s | return_cost=0.3 % | margin_after_return=65.0 %
[INFO] [1790334126.220088718] [sage_energy_monitor]: ENERGY | remaining=85.2 % | voltage=15.93 V | drain_rate=0.029 %/s | home_distance=4.8 m | return_time=9 s | return_cost=0.2 % | margin_after_return=65.0 %
[INFO] [1790334127.218929344] [sage_energy_monitor]: ENERGY | remaining=85.2 % | voltage=15.93 V | drain_rate=0.029 %/s | home_distance=4.3 m | return_time=8 s | return_cost=0.2 % | margin_after_return=64.9 %
[INFO] [1790334128.222328890] [sage_energy_monitor]: ENERGY | remaining=85.2 % | voltage=15.93 V | drain_rate=0.029 %/s | home_distance=3.4 m | return_time=7 s | return_cost=0.2 % | margin_after_return=64.9 %
[INFO] [1790334129.220763649] [sage_energy_monitor]: ENERGY | remaining=85.1 % | voltage=15.93 V | drain_rate=0.029 %/s | home_distance=2.4 m | return_time=7 s | return_cost=0.2 % | margin_after_return=64.9 %
[INFO] [1790334130.219255330] [sage_energy_monitor]: ENERGY | remaining=85.1 % | voltage=15.93 V | drain_rate=0.029 %/s | home_distance=2.1 m | return_time=6 s | return_cost=0.2 % | margin_after_return=64.9 %
[INFO] [1790334131.218746187] [sage_energy_monitor]: ENERGY | remaining=85.1 % | voltage=15.93 V | drain_rate=0.029 %/s | home_distance=2.7 m | return_time=7 s | return_cost=0.2 % | margin_after_return=64.9 %
[INFO] [1790334132.221588529] [sage_energy_monitor]: ENERGY | remaining=85.0 % | voltage=15.93 V | drain_rate=0.029 %/s | home_distance=4.1 m | return_time=8 s | return_cost=0.2 % | margin_after_return=64.8 %
[INFO] [1790334133.222356849] [sage_energy_monitor]: ENERGY | remaining=85.0 % | voltage=15.93 V | drain_rate=0.029 %/s | home_distance=5.5 m | return_time=10 s | return_cost=0.3 % | margin_after_return=64.7 %
[INFO] [1790334134.222137994] [sage_energy_monitor]: ENERGY | remaining=85.0 % | voltage=15.93 V | drain_rate=0.029 %/s | home_distance=6.8 m | return_time=11 s | return_cost=0.3 % | margin_after_return=64.7 %
[INFO] [1790334135.222228270] [sage_energy_monitor]: ENERGY | remaining=84.9 % | voltage=15.93 V | drain_rate=0.029 %/s | home_distance=7.4 m | return_time=11 s | return_cost=0.3 % | margin_after_return=64.6 %
[INFO] [1790334136.220883178] [sage_energy_monitor]: ENERGY | remaining=84.9 % | voltage=15.93 V | drain_rate=0.029 %/s | home_distance=7.5 m | return_time=11 s | return_cost=0.3 % | margin_after_return=64.6 %
[INFO] [1790334137.218808108] [sage_energy_monitor]: ENERGY | remaining=84.9 % | voltage=15.93 V | drain_rate=0.029 %/s | home_distance=6.3 m | return_time=10 s | return_cost=0.3 % | margin_after_return=64.6 %
[INFO] [1790334138.219930263] [sage_energy_monitor]: ENERGY | remaining=84.8 % | voltage=15.93 V | drain_rate=0.029 %/s | home_distance=5.0 m | return_time=9 s | return_cost=0.3 % | margin_after_return=64.6 %
[INFO] [1790334139.222596563] [sage_energy_monitor]: ENERGY | remaining=84.8 % | voltage=15.93 V | drain_rate=0.030 %/s | home_distance=4.4 m | return_time=8 s | return_cost=0.2 % | margin_after_return=64.6 %
[INFO] [1790334140.221141540] [sage_energy_monitor]: ENERGY | remaining=84.8 % | voltage=15.92 V | drain_rate=0.030 %/s | home_distance=4.2 m | return_time=8 s | return_cost=0.2 % | margin_after_return=64.5 %
[INFO] [1790334141.220648463] [sage_energy_monitor]: ENERGY | remaining=84.7 % | voltage=15.92 V | drain_rate=0.030 %/s | home_distance=3.5 m | return_time=7 s | return_cost=0.2 % | margin_after_return=64.5 %
[INFO] [1790334142.223900998] [sage_energy_monitor]: ENERGY | remaining=84.7 % | voltage=15.92 V | drain_rate=0.030 %/s | home_distance=2.5 m | return_time=7 s | return_cost=0.2 % | margin_after_return=64.5 %
[INFO] [1790334143.218715631] [sage_energy_monitor]: ENERGY | remaining=84.7 % | voltage=15.92 V | drain_rate=0.030 %/s | home_distance=2.4 m | return_time=7 s | return_cost=0.2 % | margin_after_return=64.5 %
[INFO] [1790334144.219447304] [sage_energy_monitor]: ENERGY | remaining=84.6 % | voltage=15.92 V | drain_rate=0.030 %/s | home_distance=2.5 m | return_time=6 s | return_cost=0.2 % | margin_after_return=64.4 %
[INFO] [1790334145.218457621] [sage_energy_monitor]: ENERGY | remaining=84.6 % | voltage=15.92 V | drain_rate=0.030 %/s | home_distance=3.4 m | return_time=7 s | return_cost=0.2 % | margin_after_return=64.4 %
[INFO] [1790334146.224153573] [sage_energy_monitor]: ENERGY | remaining=84.6 % | voltage=15.92 V | drain_rate=0.031 %/s | home_distance=4.7 m | return_time=9 s | return_cost=0.3 % | margin_after_return=64.3 %
[INFO] [1790334147.221925332] [sage_energy_monitor]: ENERGY | remaining=84.5 % | voltage=15.92 V | drain_rate=0.031 %/s | home_distance=5.4 m | return_time=10 s | return_cost=0.3 % | margin_after_return=64.2 %
[INFO] [1790334148.220814254] [sage_energy_monitor]: ENERGY | remaining=84.5 % | voltage=15.92 V | drain_rate=0.031 %/s | home_distance=5.5 m | return_time=10 s | return_cost=0.3 % | margin_after_return=64.2 %
[INFO] [1790334149.221425122] [sage_energy_monitor]: ENERGY | remaining=84.5 % | voltage=15.92 V | drain_rate=0.031 %/s | home_distance=4.4 m | return_time=9 s | return_cost=0.3 % | margin_after_return=64.2 %
[INFO] [1790334150.219111562] [sage_energy_monitor]: ENERGY | remaining=84.4 % | voltage=15.92 V | drain_rate=0.031 %/s | home_distance=3.2 m | return_time=7 s | return_cost=0.2 % | margin_after_return=64.2 %
[INFO] [1790334151.219303165] [sage_energy_monitor]: ENERGY | remaining=84.4 % | voltage=15.92 V | drain_rate=0.032 %/s | home_distance=2.7 m | return_time=7 s | return_cost=0.2 % | margin_after_return=64.2 %
[INFO] [1790334152.218871430] [sage_energy_monitor]: ENERGY | remaining=84.4 % | voltage=15.92 V | drain_rate=0.032 %/s | home_distance=2.5 m | return_time=6 s | return_cost=0.2 % | margin_after_return=64.2 %
[INFO] [1790334153.217953410] [sage_energy_monitor]: ENERGY | remaining=84.3 % | voltage=15.92 V | drain_rate=0.032 %/s | home_distance=2.7 m | return_time=7 s | return_cost=0.2 % | margin_after_return=64.1 %
[INFO] [1790334154.219065478] [sage_energy_monitor]: ENERGY | remaining=84.3 % | voltage=15.92 V | drain_rate=0.032 %/s | home_distance=3.3 m | return_time=7 s | return_cost=0.2 % | margin_after_return=64.1 %
[INFO] [1790334155.222697397] [sage_energy_monitor]: ENERGY | remaining=84.3 % | voltage=15.92 V | drain_rate=0.032 %/s | home_distance=3.7 m | return_time=8 s | return_cost=0.3 % | margin_after_return=64.0 %
[INFO] [1790334156.219803571] [sage_energy_monitor]: ENERGY | remaining=84.2 % | voltage=15.92 V | drain_rate=0.032 %/s | home_distance=2.9 m | return_time=7 s | return_cost=0.2 % | margin_after_return=64.0 %
[INFO] [1790334157.221903764] [sage_energy_monitor]: ENERGY | remaining=84.2 % | voltage=15.91 V | drain_rate=0.032 %/s | home_distance=1.7 m | return_time=6 s | return_cost=0.2 % | margin_after_return=64.0 %
[INFO] [1790334158.221161252] [sage_energy_monitor]: ENERGY | remaining=84.2 % | voltage=15.91 V | drain_rate=0.032 %/s | home_distance=1.0 m | return_time=5 s | return_cost=0.2 % | margin_after_return=64.0 %
[INFO] [1790334159.217695835] [sage_energy_monitor]: ENERGY | remaining=84.2 % | voltage=15.91 V | drain_rate=0.032 %/s | home_distance=1.9 m | return_time=6 s | return_cost=0.2 % | margin_after_return=64.0 %
[INFO] [1790334160.217517652] [sage_energy_monitor]: ENERGY | remaining=84.1 % | voltage=15.91 V | drain_rate=0.032 %/s | home_distance=3.2 m | return_time=7 s | return_cost=0.2 % | margin_after_return=63.9 %
[INFO] [1790334161.220325438] [sage_energy_monitor]: ENERGY | remaining=84.1 % | voltage=15.91 V | drain_rate=0.032 %/s | home_distance=4.5 m | return_time=9 s | return_cost=0.3 % | margin_after_return=63.8 %
[INFO] [1790334162.220427391] [sage_energy_monitor]: ENERGY | remaining=84.1 % | voltage=15.91 V | drain_rate=0.032 %/s | home_distance=6.0 m | return_time=10 s | return_cost=0.3 % | margin_after_return=63.8 %
[INFO] [1790334163.221327166] [sage_energy_monitor]: ENERGY | remaining=84.0 % | voltage=15.91 V | drain_rate=0.032 %/s | home_distance=7.5 m | return_time=12 s | return_cost=0.4 % | margin_after_return=63.7 %
[INFO] [1790334164.218888538] [sage_energy_monitor]: ENERGY | remaining=84.0 % | voltage=15.91 V | drain_rate=0.032 %/s | home_distance=9.0 m | return_time=13 s | return_cost=0.4 % | margin_after_return=63.6 %
[INFO] [1790334165.218768832] [sage_energy_monitor]: ENERGY | remaining=84.0 % | voltage=15.91 V | drain_rate=0.032 %/s | home_distance=10.7 m | return_time=15 s | return_cost=0.5 % | margin_after_return=63.5 %
[INFO] [1790334166.224636824] [sage_energy_monitor]: ENERGY | remaining=84.0 % | voltage=15.91 V | drain_rate=0.032 %/s | home_distance=12.2 m | return_time=16 s | return_cost=0.5 % | margin_after_return=63.4 %
[INFO] [1790334167.220948503] [sage_energy_monitor]: ENERGY | remaining=83.9 % | voltage=15.91 V | drain_rate=0.032 %/s | home_distance=12.9 m | return_time=17 s | return_cost=0.5 % | margin_after_return=63.4 %
[INFO] [1790334168.220432896] [sage_energy_monitor]: ENERGY | remaining=83.9 % | voltage=15.91 V | drain_rate=0.032 %/s | home_distance=13.1 m | return_time=17 s | return_cost=0.5 % | margin_after_return=63.4 %
[INFO] [1790334169.220698573] [sage_energy_monitor]: ENERGY | remaining=83.9 % | voltage=15.91 V | drain_rate=0.032 %/s | home_distance=13.3 m | return_time=17 s | return_cost=0.5 % | margin_after_return=63.3 %
[INFO] [1790334170.224967436] [sage_energy_monitor]: ENERGY | remaining=83.8 % | voltage=15.91 V | drain_rate=0.032 %/s | home_distance=13.5 m | return_time=17 s | return_cost=0.6 % | margin_after_return=63.3 %
[INFO] [1790334171.225648809] [sage_energy_monitor]: ENERGY | remaining=83.8 % | voltage=15.91 V | drain_rate=0.032 %/s | home_distance=13.7 m | return_time=18 s | return_cost=0.6 % | margin_after_return=63.2 %
[INFO] [1790334172.222124431] [sage_energy_monitor]: ENERGY | remaining=83.7 % | voltage=15.91 V | drain_rate=0.032 %/s | home_distance=13.1 m | return_time=17 s | return_cost=0.5 % | margin_after_return=63.2 %
[INFO] [1790334173.217720966] [sage_energy_monitor]: ENERGY | remaining=83.7 % | voltage=15.91 V | drain_rate=0.032 %/s | home_distance=11.4 m | return_time=16 s | return_cost=0.5 % | margin_after_return=63.2 %
[INFO] [1790334174.224951064] [sage_energy_monitor]: ENERGY | remaining=83.7 % | voltage=15.91 V | drain_rate=0.032 %/s | home_distance=9.9 m | return_time=14 s | return_cost=0.5 % | margin_after_return=63.2 %
[INFO] [1790334175.219491681] [sage_energy_monitor]: ENERGY | remaining=83.6 % | voltage=15.90 V | drain_rate=0.032 %/s | home_distance=9.1 m | return_time=13 s | return_cost=0.4 % | margin_after_return=63.2 %
[INFO] [1790334176.217988832] [sage_energy_monitor]: ENERGY | remaining=83.6 % | voltage=15.90 V | drain_rate=0.032 %/s | home_distance=8.9 m | return_time=13 s | return_cost=0.4 % | margin_after_return=63.2 %
[INFO] [1790334177.222099743] [sage_energy_monitor]: ENERGY | remaining=83.6 % | voltage=15.90 V | drain_rate=0.032 %/s | home_distance=8.3 m | return_time=12 s | return_cost=0.4 % | margin_after_return=63.2 %
[INFO] [1790334178.221571858] [sage_energy_monitor]: ENERGY | remaining=83.5 % | voltage=15.90 V | drain_rate=0.032 %/s | home_distance=7.5 m | return_time=12 s | return_cost=0.4 % | margin_after_return=63.2 %
[INFO] [1790334179.219073234] [sage_energy_monitor]: ENERGY | remaining=83.5 % | voltage=15.90 V | drain_rate=0.032 %/s | home_distance=7.2 m | return_time=11 s | return_cost=0.4 % | margin_after_return=63.1 %
[INFO] [1790334180.224225713] [sage_energy_monitor]: ENERGY | remaining=83.5 % | voltage=15.90 V | drain_rate=0.032 %/s | home_distance=6.9 m | return_time=11 s | return_cost=0.3 % | margin_after_return=63.1 %
[INFO] [1790334181.218465580] [sage_energy_monitor]: ENERGY | remaining=83.4 % | voltage=15.90 V | drain_rate=0.032 %/s | home_distance=5.8 m | return_time=9 s | return_cost=0.3 % | margin_after_return=63.1 %
[INFO] [1790334182.219753070] [sage_energy_monitor]: ENERGY | remaining=83.4 % | voltage=15.90 V | drain_rate=0.032 %/s | home_distance=4.3 m | return_time=8 s | return_cost=0.3 % | margin_after_return=63.1 %
[INFO] [1790334183.219385493] [sage_energy_monitor]: ENERGY | remaining=83.4 % | voltage=15.90 V | drain_rate=0.032 %/s | home_distance=2.7 m | return_time=7 s | return_cost=0.2 % | margin_after_return=63.2 %
[INFO] [1790334184.219509661] [sage_energy_monitor]: ENERGY | remaining=83.4 % | voltage=15.90 V | drain_rate=0.032 %/s | home_distance=1.2 m | return_time=5 s | return_cost=0.2 % | margin_after_return=63.2 %
[INFO] [1790334185.220155002] [sage_energy_monitor]: ENERGY | remaining=83.3 % | voltage=15.90 V | drain_rate=0.032 %/s | home_distance=0.3 m | return_time=4 s | return_cost=0.1 % | margin_after_return=63.2 %
[INFO] [1790334186.223727835] [sage_energy_monitor]: ENERGY | remaining=83.3 % | voltage=15.90 V | drain_rate=0.032 %/s | home_distance=1.8 m | return_time=6 s | return_cost=0.2 % | margin_after_return=63.1 %
[INFO] [1790334187.230188427] [sage_energy_monitor]: ENERGY | remaining=83.3 % | voltage=15.90 V | drain_rate=0.032 %/s | home_distance=3.2 m | return_time=7 s | return_cost=0.2 % | margin_after_return=63.0 %
[INFO] [1790334188.223123661] [sage_energy_monitor]: ENERGY | remaining=83.2 % | voltage=15.90 V | drain_rate=0.032 %/s | home_distance=4.0 m | return_time=8 s | return_cost=0.2 % | margin_after_return=63.0 %
[INFO] [1790334189.220866862] [sage_energy_monitor]: ENERGY | remaining=83.2 % | voltage=15.90 V | drain_rate=0.032 %/s | home_distance=4.4 m | return_time=8 s | return_cost=0.3 % | margin_after_return=62.9 %
[INFO] [1790334190.218713711] [sage_energy_monitor]: ENERGY | remaining=83.2 % | voltage=15.90 V | drain_rate=0.032 %/s | home_distance=4.5 m | return_time=8 s | return_cost=0.3 % | margin_after_return=62.9 %
[INFO] [1790334191.219526748] [sage_energy_monitor]: ENERGY | remaining=83.2 % | voltage=15.90 V | drain_rate=0.032 %/s | home_distance=4.5 m | return_time=8 s | return_cost=0.3 % | margin_after_return=62.9 %
[INFO] [1790334192.221260468] [sage_energy_monitor]: ENERGY | remaining=83.1 % | voltage=15.90 V | drain_rate=0.032 %/s | home_distance=4.4 m | return_time=8 s | return_cost=0.3 % | margin_after_return=62.9 %
[INFO] [1790334193.217891732] [sage_energy_monitor]: ENERGY | remaining=83.1 % | voltage=15.89 V | drain_rate=0.032 %/s | home_distance=4.4 m | return_time=8 s | return_cost=0.3 % | margin_after_return=62.8 %
[INFO] [1790334194.220963981] [sage_energy_monitor]: ENERGY | remaining=83.1 % | voltage=15.89 V | drain_rate=0.032 %/s | home_distance=4.4 m | return_time=8 s | return_cost=0.3 % | margin_after_return=62.8 %
[INFO] [1790334195.220010320] [sage_energy_monitor]: ENERGY | remaining=83.0 % | voltage=15.89 V | drain_rate=0.032 %/s | home_distance=4.3 m | return_time=8 s | return_cost=0.3 % | margin_after_return=62.8 %
[INFO] [1790334196.219387894] [sage_energy_monitor]: ENERGY | remaining=83.0 % | voltage=15.89 V | drain_rate=0.031 %/s | home_distance=4.3 m | return_time=8 s | return_cost=0.3 % | margin_after_return=62.7 %
[INFO] [1790334197.218829598] [sage_energy_monitor]: ENERGY | remaining=83.0 % | voltage=15.89 V | drain_rate=0.031 %/s | home_distance=4.2 m | return_time=8 s | return_cost=0.3 % | margin_after_return=62.7 %
[INFO] [1790334198.217897634] [sage_energy_monitor]: ENERGY | remaining=83.0 % | voltage=15.89 V | drain_rate=0.031 %/s | home_distance=3.6 m | return_time=8 s | return_cost=0.2 % | margin_after_return=62.7 %
[INFO] [1790334199.218073735] [sage_energy_monitor]: ENERGY | remaining=82.9 % | voltage=15.89 V | drain_rate=0.031 %/s | home_distance=2.7 m | return_time=7 s | return_cost=0.2 % | margin_after_return=62.7 %
[INFO] [1790334200.218307859] [sage_energy_monitor]: ENERGY | remaining=82.9 % | voltage=15.89 V | drain_rate=0.031 %/s | home_distance=2.6 m | return_time=6 s | return_cost=0.2 % | margin_after_return=62.7 %
[INFO] [1790334201.221968281] [sage_energy_monitor]: ENERGY | remaining=82.9 % | voltage=15.89 V | drain_rate=0.030 %/s | home_distance=3.2 m | return_time=7 s | return_cost=0.2 % | margin_after_return=62.6 %
[INFO] [1790334202.220760363] [sage_energy_monitor]: ENERGY | remaining=82.8 % | voltage=15.89 V | drain_rate=0.030 %/s | home_distance=3.8 m | return_time=8 s | return_cost=0.2 % | margin_after_return=62.6 %
[INFO] [1790334203.218824145] [sage_energy_monitor]: ENERGY | remaining=82.8 % | voltage=15.89 V | drain_rate=0.030 %/s | home_distance=4.2 m | return_time=8 s | return_cost=0.2 % | margin_after_return=62.6 %
[INFO] [1790334204.219266066] [sage_energy_monitor]: ENERGY | remaining=82.8 % | voltage=15.89 V | drain_rate=0.030 %/s | home_distance=4.2 m | return_time=8 s | return_cost=0.2 % | margin_after_return=62.5 %
[INFO] [1790334205.222017305] [sage_energy_monitor]: ENERGY | remaining=82.8 % | voltage=15.89 V | drain_rate=0.030 %/s | home_distance=4.2 m | return_time=8 s | return_cost=0.2 % | margin_after_return=62.5 %
[INFO] [1790334206.220379442] [sage_energy_monitor]: ENERGY | remaining=82.7 % | voltage=15.89 V | drain_rate=0.029 %/s | home_distance=4.2 m | return_time=8 s | return_cost=0.2 % | margin_after_return=62.5 %
[INFO] [1790334207.221129941] [sage_energy_monitor]: ENERGY | remaining=82.7 % | voltage=15.89 V | drain_rate=0.029 %/s | home_distance=4.1 m | return_time=8 s | return_cost=0.2 % | margin_after_return=62.5 %
[INFO] [1790334208.218192551] [sage_energy_monitor]: ENERGY | remaining=82.7 % | voltage=15.89 V | drain_rate=0.029 %/s | home_distance=4.1 m | return_time=8 s | return_cost=0.2 % | margin_after_return=62.4 %
[INFO] [1790334209.221561496] [sage_energy_monitor]: ENERGY | remaining=82.6 % | voltage=15.89 V | drain_rate=0.029 %/s | home_distance=4.0 m | return_time=8 s | return_cost=0.2 % | margin_after_return=62.4 %
[INFO] [1790334210.223529895] [sage_energy_monitor]: ENERGY | remaining=82.6 % | voltage=15.89 V | drain_rate=0.029 %/s | home_distance=4.0 m | return_time=8 s | return_cost=0.2 % | margin_after_return=62.4 %
[INFO] [1790334211.218252625] [sage_energy_monitor]: ENERGY | remaining=82.6 % | voltage=15.89 V | drain_rate=0.029 %/s | home_distance=3.8 m | return_time=8 s | return_cost=0.2 % | margin_after_return=62.4 %
[INFO] [1790334212.222295792] [sage_energy_monitor]: ENERGY | remaining=82.6 % | voltage=15.88 V | drain_rate=0.029 %/s | home_distance=3.2 m | return_time=7 s | return_cost=0.2 % | margin_after_return=62.3 %
[INFO] [1790334213.220968501] [sage_energy_monitor]: ENERGY | remaining=82.5 % | voltage=15.88 V | drain_rate=0.029 %/s | home_distance=3.0 m | return_time=7 s | return_cost=0.2 % | margin_after_return=62.3 %
[INFO] [1790334214.217491247] [sage_energy_monitor]: ENERGY | remaining=82.5 % | voltage=15.88 V | drain_rate=0.029 %/s | home_distance=3.8 m | return_time=8 s | return_cost=0.2 % | margin_after_return=62.3 %
[INFO] [1790334215.221182931] [sage_energy_monitor]: ENERGY | remaining=82.5 % | voltage=15.88 V | drain_rate=0.029 %/s | home_distance=5.2 m | return_time=9 s | return_cost=0.3 % | margin_after_return=62.2 %
[INFO] [1790334216.218856576] [sage_energy_monitor]: ENERGY | remaining=82.4 % | voltage=15.88 V | drain_rate=0.029 %/s | home_distance=6.8 m | return_time=11 s | return_cost=0.3 % | margin_after_return=62.1 %
[INFO] [1790334217.219253725] [sage_energy_monitor]: ENERGY | remaining=82.4 % | voltage=15.88 V | drain_rate=0.029 %/s | home_distance=8.3 m | return_time=12 s | return_cost=0.3 % | margin_after_return=62.1 %
[INFO] [1790334218.224202027] [sage_energy_monitor]: ENERGY | remaining=82.4 % | voltage=15.88 V | drain_rate=0.029 %/s | home_distance=9.8 m | return_time=14 s | return_cost=0.4 % | margin_after_return=62.0 %
[INFO] [1790334219.218243461] [sage_energy_monitor]: ENERGY | remaining=82.4 % | voltage=15.88 V | drain_rate=0.029 %/s | home_distance=10.8 m | return_time=15 s | return_cost=0.4 % | margin_after_return=61.9 %
[INFO] [1790334220.217777368] [sage_energy_monitor]: ENERGY | remaining=82.3 % | voltage=15.88 V | drain_rate=0.029 %/s | home_distance=11.2 m | return_time=15 s | return_cost=0.4 % | margin_after_return=61.9 %
[INFO] [1790334221.224951328] [sage_energy_monitor]: ENERGY | remaining=82.3 % | voltage=15.88 V | drain_rate=0.029 %/s | home_distance=11.4 m | return_time=15 s | return_cost=0.4 % | margin_after_return=61.9 %
[INFO] [1790334222.228449140] [sage_energy_monitor]: ENERGY | remaining=82.3 % | voltage=15.88 V | drain_rate=0.029 %/s | home_distance=11.1 m | return_time=15 s | return_cost=0.4 % | margin_after_return=61.8 %
[INFO] [1790334223.219598327] [sage_energy_monitor]: ENERGY | remaining=82.2 % | voltage=15.88 V | drain_rate=0.029 %/s | home_distance=10.5 m | return_time=14 s | return_cost=0.4 % | margin_after_return=61.8 %
[INFO] [1790334224.219721365] [sage_energy_monitor]: ENERGY | remaining=82.2 % | voltage=15.88 V | drain_rate=0.029 %/s | home_distance=10.0 m | return_time=14 s | return_cost=0.4 % | margin_after_return=61.8 %
[INFO] [1790334225.220804497] [sage_energy_monitor]: ENERGY | remaining=82.2 % | voltage=15.88 V | drain_rate=0.029 %/s | home_distance=9.6 m | return_time=13 s | return_cost=0.4 % | margin_after_return=61.8 %
[INFO] [1790334226.219679230] [sage_energy_monitor]: ENERGY | remaining=82.2 % | voltage=15.88 V | drain_rate=0.028 %/s | home_distance=9.4 m | return_time=13 s | return_cost=0.4 % | margin_after_return=61.8 %
[INFO] [1790334227.219163611] [sage_energy_monitor]: ENERGY | remaining=82.1 % | voltage=15.88 V | drain_rate=0.028 %/s | home_distance=9.2 m | return_time=13 s | return_cost=0.4 % | margin_after_return=61.8 %
[INFO] [1790334228.222157805] [sage_energy_monitor]: ENERGY | remaining=82.1 % | voltage=15.88 V | drain_rate=0.029 %/s | home_distance=9.2 m | return_time=13 s | return_cost=0.4 % | margin_after_return=61.7 %
[INFO] [1790334229.222379942] [sage_energy_monitor]: ENERGY | remaining=82.1 % | voltage=15.88 V | drain_rate=0.029 %/s | home_distance=9.2 m | return_time=13 s | return_cost=0.4 % | margin_after_return=61.7 %
[INFO] [1790334230.222732614] [sage_energy_monitor]: ENERGY | remaining=82.0 % | voltage=15.88 V | drain_rate=0.029 %/s | home_distance=9.3 m | return_time=13 s | return_cost=0.4 % | margin_after_return=61.7 %
[INFO] [1790334231.217875447] [sage_energy_monitor]: ENERGY | remaining=82.0 % | voltage=15.88 V | drain_rate=0.029 %/s | home_distance=9.4 m | return_time=13 s | return_cost=0.4 % | margin_after_return=61.6 %
[INFO] [1790334232.219790918] [sage_energy_monitor]: ENERGY | remaining=82.0 % | voltage=15.87 V | drain_rate=0.028 %/s | home_distance=9.4 m | return_time=13 s | return_cost=0.4 % | margin_after_return=61.6 %
[INFO] [1790334233.222585605] [sage_energy_monitor]: ENERGY | remaining=82.0 % | voltage=15.87 V | drain_rate=0.028 %/s | home_distance=9.4 m | return_time=13 s | return_cost=0.4 % | margin_after_return=61.6 %
[INFO] [1790334234.219386882] [sage_energy_monitor]: ENERGY | remaining=81.9 % | voltage=15.87 V | drain_rate=0.029 %/s | home_distance=9.4 m | return_time=13 s | return_cost=0.4 % | margin_after_return=61.5 %
[INFO] [1790334235.217605052] [sage_energy_monitor]: ENERGY | remaining=81.9 % | voltage=15.87 V | drain_rate=0.029 %/s | home_distance=9.4 m | return_time=13 s | return_cost=0.4 % | margin_after_return=61.5 %
[INFO] [1790334236.223518118] [sage_energy_monitor]: ENERGY | remaining=81.9 % | voltage=15.87 V | drain_rate=0.029 %/s | home_distance=9.6 m | return_time=14 s | return_cost=0.4 % | margin_after_return=61.5 %
[INFO] [1790334237.222279713] [sage_energy_monitor]: ENERGY | remaining=81.8 % | voltage=15.87 V | drain_rate=0.029 %/s | home_distance=9.9 m | return_time=14 s | return_cost=0.4 % | margin_after_return=61.4 %
[INFO] [1790334238.220894584] [sage_energy_monitor]: ENERGY | remaining=81.8 % | voltage=15.87 V | drain_rate=0.029 %/s | home_distance=10.2 m | return_time=14 s | return_cost=0.4 % | margin_after_return=61.4 %
[INFO] [1790334239.221545471] [sage_energy_monitor]: ENERGY | remaining=81.8 % | voltage=15.87 V | drain_rate=0.029 %/s | home_distance=10.3 m | return_time=14 s | return_cost=0.4 % | margin_after_return=61.4 %
[INFO] [1790334240.222020889] [sage_energy_monitor]: ENERGY | remaining=81.8 % | voltage=15.87 V | drain_rate=0.029 %/s | home_distance=10.2 m | return_time=14 s | return_cost=0.4 % | margin_after_return=61.4 %
[INFO] [1790334241.221148731] [sage_energy_monitor]: ENERGY | remaining=81.7 % | voltage=15.87 V | drain_rate=0.029 %/s | home_distance=10.6 m | return_time=14 s | return_cost=0.4 % | margin_after_return=61.3 %
[INFO] [1790334242.220544054] [sage_energy_monitor]: ENERGY | remaining=81.7 % | voltage=15.87 V | drain_rate=0.029 %/s | home_distance=11.3 m | return_time=15 s | return_cost=0.4 % | margin_after_return=61.3 %
[INFO] [1790334243.217922045] [sage_energy_monitor]: ENERGY | remaining=81.7 % | voltage=15.87 V | drain_rate=0.028 %/s | home_distance=12.2 m | return_time=16 s | return_cost=0.5 % | margin_after_return=61.2 %
[INFO] [1790334244.221518536] [sage_energy_monitor]: ENERGY | remaining=81.6 % | voltage=15.87 V | drain_rate=0.028 %/s | home_distance=13.2 m | return_time=17 s | return_cost=0.5 % | margin_after_return=61.2 %
[INFO] [1790334245.218835797] [sage_energy_monitor]: ENERGY | remaining=81.6 % | voltage=15.87 V | drain_rate=0.028 %/s | home_distance=13.8 m | return_time=18 s | return_cost=0.5 % | margin_after_return=61.1 %
[INFO] [1790334246.225286489] [sage_energy_monitor]: ENERGY | remaining=81.6 % | voltage=15.87 V | drain_rate=0.028 %/s | home_distance=14.2 m | return_time=18 s | return_cost=0.5 % | margin_after_return=61.1 %
[INFO] [1790334247.220313676] [sage_energy_monitor]: ENERGY | remaining=81.6 % | voltage=15.87 V | drain_rate=0.028 %/s | home_distance=14.4 m | return_time=18 s | return_cost=0.5 % | margin_after_return=61.0 %
[INFO] [1790334248.221397396] [sage_energy_monitor]: ENERGY | remaining=81.5 % | voltage=15.87 V | drain_rate=0.029 %/s | home_distance=14.6 m | return_time=19 s | return_cost=0.5 % | margin_after_return=61.0 %
[INFO] [1790334249.217852117] [sage_energy_monitor]: ENERGY | remaining=81.5 % | voltage=15.87 V | drain_rate=0.029 %/s | home_distance=14.8 m | return_time=19 s | return_cost=0.5 % | margin_after_return=61.0 %
[INFO] [1790334250.227160083] [sage_energy_monitor]: ENERGY | remaining=81.5 % | voltage=15.87 V | drain_rate=0.029 %/s | home_distance=14.8 m | return_time=19 s | return_cost=0.5 % | margin_after_return=60.9 %
[INFO] [1790334251.235233524] [sage_energy_monitor]: ENERGY | remaining=81.4 % | voltage=15.86 V | drain_rate=0.029 %/s | home_distance=14.7 m | return_time=19 s | return_cost=0.5 % | margin_after_return=60.9 %
[INFO] [1790334252.219650464] [sage_energy_monitor]: ENERGY | remaining=81.4 % | voltage=15.86 V | drain_rate=0.029 %/s | home_distance=14.5 m | return_time=19 s | return_cost=0.5 % | margin_after_return=60.9 %
[INFO] [1790334253.218880154] [sage_energy_monitor]: ENERGY | remaining=81.4 % | voltage=15.86 V | drain_rate=0.029 %/s | home_distance=14.3 m | return_time=18 s | return_cost=0.5 % | margin_after_return=60.8 %
[INFO] [1790334254.220442684] [sage_energy_monitor]: ENERGY | remaining=81.3 % | voltage=15.86 V | drain_rate=0.029 %/s | home_distance=13.8 m | return_time=18 s | return_cost=0.5 % | margin_after_return=60.8 %
[INFO] [1790334255.224930639] [sage_energy_monitor]: ENERGY | remaining=81.3 % | voltage=15.86 V | drain_rate=0.029 %/s | home_distance=12.7 m | return_time=17 s | return_cost=0.5 % | margin_after_return=60.8 %
[INFO] [1790334256.224250923] [sage_energy_monitor]: ENERGY | remaining=81.3 % | voltage=15.86 V | drain_rate=0.029 %/s | home_distance=11.8 m | return_time=16 s | return_cost=0.5 % | margin_after_return=60.8 %
[INFO] [1790334257.225378241] [sage_energy_monitor]: ENERGY | remaining=81.3 % | voltage=15.86 V | drain_rate=0.029 %/s | home_distance=11.2 m | return_time=15 s | return_cost=0.4 % | margin_after_return=60.8 %
[INFO] [1790334258.219048788] [sage_energy_monitor]: ENERGY | remaining=81.2 % | voltage=15.86 V | drain_rate=0.029 %/s | home_distance=10.9 m | return_time=15 s | return_cost=0.4 % | margin_after_return=60.8 %
[INFO] [1790334259.219095352] [sage_energy_monitor]: ENERGY | remaining=81.2 % | voltage=15.86 V | drain_rate=0.029 %/s | home_distance=10.6 m | return_time=14 s | return_cost=0.4 % | margin_after_return=60.8 %
[INFO] [1790334260.220861983] [sage_energy_monitor]: ENERGY | remaining=81.2 % | voltage=15.86 V | drain_rate=0.029 %/s | home_distance=9.8 m | return_time=14 s | return_cost=0.4 % | margin_after_return=60.8 %
[INFO] [1790334261.221233277] [sage_energy_monitor]: ENERGY | remaining=81.1 % | voltage=15.86 V | drain_rate=0.029 %/s | home_distance=9.0 m | return_time=13 s | return_cost=0.4 % | margin_after_return=60.8 %
[INFO] [1790334262.219236420] [sage_energy_monitor]: ENERGY | remaining=81.1 % | voltage=15.86 V | drain_rate=0.029 %/s | home_distance=8.5 m | return_time=13 s | return_cost=0.4 % | margin_after_return=60.7 %
[INFO] [1790334263.224445872] [sage_energy_monitor]: ENERGY | remaining=81.1 % | voltage=15.86 V | drain_rate=0.029 %/s | home_distance=8.6 m | return_time=13 s | return_cost=0.4 % | margin_after_return=60.7 %
[INFO] [1790334264.218868563] [sage_energy_monitor]: ENERGY | remaining=81.1 % | voltage=15.86 V | drain_rate=0.029 %/s | home_distance=9.4 m | return_time=13 s | return_cost=0.4 % | margin_after_return=60.7 %
[INFO] [1790334265.220718276] [sage_energy_monitor]: ENERGY | remaining=81.0 % | voltage=15.86 V | drain_rate=0.029 %/s | home_distance=10.2 m | return_time=14 s | return_cost=0.4 % | margin_after_return=60.6 %
[INFO] [1790334266.219685626] [sage_energy_monitor]: ENERGY | remaining=81.0 % | voltage=15.86 V | drain_rate=0.029 %/s | home_distance=10.8 m | return_time=15 s | return_cost=0.4 % | margin_after_return=60.6 %
[INFO] [1790334267.217813328] [sage_energy_monitor]: ENERGY | remaining=81.0 % | voltage=15.86 V | drain_rate=0.029 %/s | home_distance=11.1 m | return_time=15 s | return_cost=0.4 % | margin_after_return=60.5 %
[INFO] [1790334268.220780502] [sage_energy_monitor]: ENERGY | remaining=80.9 % | voltage=15.86 V | drain_rate=0.029 %/s | home_distance=10.9 m | return_time=15 s | return_cost=0.4 % | margin_after_return=60.5 %
[INFO] [1790334269.224251782] [sage_energy_monitor]: ENERGY | remaining=80.9 % | voltage=15.86 V | drain_rate=0.029 %/s | home_distance=10.3 m | return_time=14 s | return_cost=0.4 % | margin_after_return=60.5 %
[INFO] [1790334270.221089492] [sage_energy_monitor]: ENERGY | remaining=80.9 % | voltage=15.85 V | drain_rate=0.029 %/s | home_distance=9.9 m | return_time=14 s | return_cost=0.4 % | margin_after_return=60.5 %
[INFO] [1790334271.221717063] [sage_energy_monitor]: ENERGY | remaining=80.9 % | voltage=15.85 V | drain_rate=0.029 %/s | home_distance=9.6 m | return_time=14 s | return_cost=0.4 % | margin_after_return=60.5 %
[INFO] [1790334272.218808394] [sage_energy_monitor]: ENERGY | remaining=80.8 % | voltage=15.85 V | drain_rate=0.029 %/s | home_distance=9.5 m | return_time=14 s | return_cost=0.4 % | margin_after_return=60.4 %
[INFO] [1790334273.218709059] [sage_energy_monitor]: ENERGY | remaining=80.8 % | voltage=15.85 V | drain_rate=0.029 %/s | home_distance=9.5 m | return_time=14 s | return_cost=0.4 % | margin_after_return=60.4 %
[INFO] [1790334274.219586157] [sage_energy_monitor]: ENERGY | remaining=80.8 % | voltage=15.85 V | drain_rate=0.029 %/s | home_distance=9.5 m | return_time=14 s | return_cost=0.4 % | margin_after_return=60.4 %
[INFO] [1790334275.218794032] [sage_energy_monitor]: ENERGY | remaining=80.7 % | voltage=15.85 V | drain_rate=0.029 %/s | home_distance=9.5 m | return_time=14 s | return_cost=0.4 % | margin_after_return=60.4 %
[INFO] [1790334276.219545748] [sage_energy_monitor]: ENERGY | remaining=80.7 % | voltage=15.85 V | drain_rate=0.029 %/s | home_distance=9.5 m | return_time=14 s | return_cost=0.4 % | margin_after_return=60.3 %
[INFO] [1790334277.220350502] [sage_energy_monitor]: ENERGY | remaining=80.7 % | voltage=15.85 V | drain_rate=0.029 %/s | home_distance=9.5 m | return_time=14 s | return_cost=0.4 % | margin_after_return=60.3 %
[INFO] [1790334278.219078776] [sage_energy_monitor]: ENERGY | remaining=80.7 % | voltage=15.85 V | drain_rate=0.029 %/s | home_distance=9.4 m | return_time=14 s | return_cost=0.4 % | margin_after_return=60.3 %
[INFO] [1790334279.220482882] [sage_energy_monitor]: ENERGY | remaining=80.6 % | voltage=15.85 V | drain_rate=0.029 %/s | home_distance=9.5 m | return_time=14 s | return_cost=0.4 % | margin_after_return=60.2 %
[INFO] [1790334280.222411629] [sage_energy_monitor]: ENERGY | remaining=80.6 % | voltage=15.85 V | drain_rate=0.029 %/s | home_distance=9.5 m | return_time=14 s | return_cost=0.4 % | margin_after_return=60.2 %
[INFO] [1790334281.219336627] [sage_energy_monitor]: ENERGY | remaining=80.6 % | voltage=15.85 V | drain_rate=0.029 %/s | home_distance=9.3 m | return_time=13 s | return_cost=0.4 % | margin_after_return=60.2 %
[INFO] [1790334282.222214057] [sage_energy_monitor]: ENERGY | remaining=80.5 % | voltage=15.85 V | drain_rate=0.029 %/s | home_distance=8.3 m | return_time=13 s | return_cost=0.4 % | margin_after_return=60.2 %
[INFO] [1790334283.222518831] [sage_energy_monitor]: ENERGY | remaining=80.5 % | voltage=15.85 V | drain_rate=0.029 %/s | home_distance=6.9 m | return_time=11 s | return_cost=0.3 % | margin_after_return=60.2 %
[INFO] [1790334284.220211021] [sage_energy_monitor]: ENERGY | remaining=80.5 % | voltage=15.85 V | drain_rate=0.029 %/s | home_distance=5.7 m | return_time=10 s | return_cost=0.3 % | margin_after_return=60.2 %
[INFO] [1790334285.218546894] [sage_energy_monitor]: ENERGY | remaining=80.5 % | voltage=15.85 V | drain_rate=0.029 %/s | home_distance=4.8 m | return_time=9 s | return_cost=0.3 % | margin_after_return=60.2 %
[INFO] [1790334286.218678538] [sage_energy_monitor]: ENERGY | remaining=80.4 % | voltage=15.85 V | drain_rate=0.029 %/s | home_distance=4.3 m | return_time=8 s | return_cost=0.2 % | margin_after_return=60.2 %
[INFO] [1790334287.218128037] [sage_energy_monitor]: ENERGY | remaining=80.4 % | voltage=15.85 V | drain_rate=0.029 %/s | home_distance=4.2 m | return_time=8 s | return_cost=0.2 % | margin_after_return=60.2 %
[INFO] [1790334288.219432543] [sage_energy_monitor]: ENERGY | remaining=80.4 % | voltage=15.85 V | drain_rate=0.029 %/s | home_distance=4.2 m | return_time=8 s | return_cost=0.2 % | margin_after_return=60.1 %
[INFO] [1790334289.218827766] [sage_energy_monitor]: ENERGY | remaining=80.3 % | voltage=15.85 V | drain_rate=0.029 %/s | home_distance=4.2 m | return_time=8 s | return_cost=0.2 % | margin_after_return=60.1 %
[INFO] [1790334290.220200484] [sage_energy_monitor]: ENERGY | remaining=80.3 % | voltage=15.84 V | drain_rate=0.029 %/s | home_distance=4.2 m | return_time=8 s | return_cost=0.2 % | margin_after_return=60.1 %
[INFO] [1790334291.223446865] [sage_energy_monitor]: ENERGY | remaining=80.3 % | voltage=15.84 V | drain_rate=0.029 %/s | home_distance=4.2 m | return_time=8 s | return_cost=0.2 % | margin_after_return=60.0 %
[INFO] [1790334292.219905650] [sage_energy_monitor]: ENERGY | remaining=80.3 % | voltage=15.84 V | drain_rate=0.029 %/s | home_distance=4.2 m | return_time=8 s | return_cost=0.2 % | margin_after_return=60.0 %
[INFO] [1790334293.221306217] [sage_energy_monitor]: ENERGY | remaining=80.2 % | voltage=15.84 V | drain_rate=0.029 %/s | home_distance=4.2 m | return_time=8 s | return_cost=0.2 % | margin_after_return=60.0 %
[INFO] [1790334294.222758586] [sage_energy_monitor]: ENERGY | remaining=80.2 % | voltage=15.84 V | drain_rate=0.029 %/s | home_distance=4.2 m | return_time=8 s | return_cost=0.2 % | margin_after_return=60.0 %
[INFO] [1790334295.219753809] [sage_energy_monitor]: ENERGY | remaining=80.2 % | voltage=15.84 V | drain_rate=0.029 %/s | home_distance=4.1 m | return_time=8 s | return_cost=0.2 % | margin_after_return=59.9 %
[INFO] [1790334296.217934882] [sage_energy_monitor]: ENERGY | remaining=80.1 % | voltage=15.84 V | drain_rate=0.029 %/s | home_distance=3.4 m | return_time=8 s | return_cost=0.2 % | margin_after_return=59.9 %
[INFO] [1790334297.218839940] [sage_energy_monitor]: ENERGY | remaining=80.1 % | voltage=15.84 V | drain_rate=0.029 %/s | home_distance=2.6 m | return_time=7 s | return_cost=0.2 % | margin_after_return=59.9 %
[INFO] [1790334298.224193297] [sage_energy_monitor]: ENERGY | remaining=80.1 % | voltage=15.84 V | drain_rate=0.029 %/s | home_distance=2.6 m | return_time=7 s | return_cost=0.2 % | margin_after_return=59.9 %
[INFO] [1790334299.221761893] [sage_energy_monitor]: ENERGY | remaining=80.0 % | voltage=15.84 V | drain_rate=0.029 %/s | home_distance=3.2 m | return_time=7 s | return_cost=0.2 % | margin_after_return=59.8 %
[INFO] [1790334300.221649709] [sage_energy_monitor]: ENERGY | remaining=80.0 % | voltage=15.84 V | drain_rate=0.029 %/s | home_distance=3.7 m | return_time=8 s | return_cost=0.2 % | margin_after_return=59.8 %
[INFO] [1790334301.217969532] [sage_energy_monitor]: ENERGY | remaining=80.0 % | voltage=15.84 V | drain_rate=0.029 %/s | home_distance=3.9 m | return_time=8 s | return_cost=0.2 % | margin_after_return=59.8 %
[INFO] [1790334302.225624357] [sage_energy_monitor]: ENERGY | remaining=80.0 % | voltage=15.84 V | drain_rate=0.029 %/s | home_distance=3.9 m | return_time=8 s | return_cost=0.2 % | margin_after_return=59.7 %
[INFO] [1790334303.218737520] [sage_energy_monitor]: ENERGY | remaining=79.9 % | voltage=15.84 V | drain_rate=0.029 %/s | home_distance=3.9 m | return_time=8 s | return_cost=0.2 % | margin_after_return=59.7 %
[INFO] [1790334304.223196277] [sage_energy_monitor]: ENERGY | remaining=79.9 % | voltage=15.84 V | drain_rate=0.029 %/s | home_distance=3.9 m | return_time=8 s | return_cost=0.2 % | margin_after_return=59.7 %
[INFO] [1790334305.218591312] [sage_energy_monitor]: ENERGY | remaining=79.9 % | voltage=15.84 V | drain_rate=0.029 %/s | home_distance=3.9 m | return_time=8 s | return_cost=0.2 % | margin_after_return=59.6 %
[INFO] [1790334306.219674015] [sage_energy_monitor]: ENERGY | remaining=79.8 % | voltage=15.84 V | drain_rate=0.029 %/s | home_distance=3.9 m | return_time=8 s | return_cost=0.2 % | margin_after_return=59.6 %
[INFO] [1790334307.219083138] [sage_energy_monitor]: ENERGY | remaining=79.8 % | voltage=15.84 V | drain_rate=0.029 %/s | home_distance=3.9 m | return_time=8 s | return_cost=0.2 % | margin_after_return=59.6 %
[INFO] [1790334308.218059770] [sage_energy_monitor]: ENERGY | remaining=79.8 % | voltage=15.84 V | drain_rate=0.029 %/s | home_distance=3.9 m | return_time=8 s | return_cost=0.2 % | margin_after_return=59.6 %
[INFO] [1790334309.219183393] [sage_energy_monitor]: ENERGY | remaining=79.8 % | voltage=15.83 V | drain_rate=0.029 %/s | home_distance=4.0 m | return_time=8 s | return_cost=0.2 % | margin_after_return=59.5 %
[INFO] [1790334310.218231243] [sage_energy_monitor]: ENERGY | remaining=79.7 % | voltage=15.83 V | drain_rate=0.029 %/s | home_distance=4.7 m | return_time=9 s | return_cost=0.3 % | margin_after_return=59.5 %
[INFO] [1790334311.218620560] [sage_energy_monitor]: ENERGY | remaining=79.7 % | voltage=15.83 V | drain_rate=0.029 %/s | home_distance=6.0 m | return_time=10 s | return_cost=0.3 % | margin_after_return=59.4 %
[INFO] [1790334312.218468208] [sage_energy_monitor]: ENERGY | remaining=79.7 % | voltage=15.83 V | drain_rate=0.029 %/s | home_distance=7.4 m | return_time=11 s | return_cost=0.3 % | margin_after_return=59.3 %
[INFO] [1790334313.220104153] [sage_energy_monitor]: ENERGY | remaining=79.6 % | voltage=15.83 V | drain_rate=0.029 %/s | home_distance=8.7 m | return_time=13 s | return_cost=0.4 % | margin_after_return=59.3 %
[INFO] [1790334314.221672299] [sage_energy_monitor]: ENERGY | remaining=79.6 % | voltage=15.83 V | drain_rate=0.029 %/s | home_distance=9.4 m | return_time=13 s | return_cost=0.4 % | margin_after_return=59.2 %
[INFO] [1790334315.218645023] [sage_energy_monitor]: ENERGY | remaining=79.6 % | voltage=15.83 V | drain_rate=0.029 %/s | home_distance=9.7 m | return_time=14 s | return_cost=0.4 % | margin_after_return=59.2 %
[INFO] [1790334316.226201822] [sage_energy_monitor]: ENERGY | remaining=79.5 % | voltage=15.83 V | drain_rate=0.029 %/s | home_distance=9.8 m | return_time=14 s | return_cost=0.4 % | margin_after_return=59.1 %
[INFO] [1790334317.218812851] [sage_energy_monitor]: ENERGY | remaining=79.5 % | voltage=15.83 V | drain_rate=0.029 %/s | home_distance=9.7 m | return_time=14 s | return_cost=0.4 % | margin_after_return=59.1 %
[INFO] [1790334318.233508098] [sage_energy_monitor]: ENERGY | remaining=79.5 % | voltage=15.83 V | drain_rate=0.029 %/s | home_distance=9.6 m | return_time=14 s | return_cost=0.4 % | margin_after_return=59.1 %
[INFO] [1790334319.219674219] [sage_energy_monitor]: ENERGY | remaining=79.5 % | voltage=15.83 V | drain_rate=0.029 %/s | home_distance=9.5 m | return_time=13 s | return_cost=0.4 % | margin_after_return=59.1 %
[INFO] [1790334320.224216020] [sage_energy_monitor]: ENERGY | remaining=79.4 % | voltage=15.83 V | drain_rate=0.029 %/s | home_distance=9.5 m | return_time=13 s | return_cost=0.4 % | margin_after_return=59.0 %
[INFO] [1790334321.221623534] [sage_energy_monitor]: ENERGY | remaining=79.4 % | voltage=15.83 V | drain_rate=0.029 %/s | home_distance=9.4 m | return_time=13 s | return_cost=0.4 % | margin_after_return=59.0 %
[INFO] [1790334322.223977814] [sage_energy_monitor]: ENERGY | remaining=79.4 % | voltage=15.83 V | drain_rate=0.029 %/s | home_distance=9.4 m | return_time=13 s | return_cost=0.4 % | margin_after_return=59.0 %
[INFO] [1790334323.223426749] [sage_energy_monitor]: ENERGY | remaining=79.3 % | voltage=15.83 V | drain_rate=0.029 %/s | home_distance=9.6 m | return_time=13 s | return_cost=0.4 % | margin_after_return=59.0 %
[INFO] [1790334324.229252401] [sage_energy_monitor]: ENERGY | remaining=79.3 % | voltage=15.83 V | drain_rate=0.029 %/s | home_distance=10.4 m | return_time=14 s | return_cost=0.4 % | margin_after_return=58.9 %
[INFO] [1790334325.224746354] [sage_energy_monitor]: ENERGY | remaining=79.3 % | voltage=15.83 V | drain_rate=0.029 %/s | home_distance=11.4 m | return_time=15 s | return_cost=0.5 % | margin_after_return=58.8 %
[INFO] [1790334326.221243513] [sage_energy_monitor]: ENERGY | remaining=79.3 % | voltage=15.83 V | drain_rate=0.029 %/s | home_distance=12.3 m | return_time=16 s | return_cost=0.5 % | margin_after_return=58.8 %
[INFO] [1790334327.225081756] [sage_energy_monitor]: ENERGY | remaining=79.2 % | voltage=15.83 V | drain_rate=0.029 %/s | home_distance=13.2 m | return_time=17 s | return_cost=0.5 % | margin_after_return=58.7 %
[INFO] [1790334328.219855056] [sage_energy_monitor]: ENERGY | remaining=79.2 % | voltage=15.82 V | drain_rate=0.029 %/s | home_distance=13.8 m | return_time=18 s | return_cost=0.5 % | margin_after_return=58.7 %
[INFO] [1790334329.217905942] [sage_energy_monitor]: ENERGY | remaining=79.2 % | voltage=15.82 V | drain_rate=0.029 %/s | home_distance=13.9 m | return_time=18 s | return_cost=0.5 % | margin_after_return=58.7 %
[INFO] [1790334330.218383370] [sage_energy_monitor]: ENERGY | remaining=79.1 % | voltage=15.82 V | drain_rate=0.029 %/s | home_distance=13.7 m | return_time=18 s | return_cost=0.5 % | margin_after_return=58.6 %
[INFO] [1790334331.219585031] [sage_energy_monitor]: ENERGY | remaining=79.1 % | voltage=15.82 V | drain_rate=0.029 %/s | home_distance=13.4 m | return_time=17 s | return_cost=0.5 % | margin_after_return=58.6 %
[INFO] [1790334332.218479392] [sage_energy_monitor]: ENERGY | remaining=79.1 % | voltage=15.82 V | drain_rate=0.029 %/s | home_distance=13.2 m | return_time=17 s | return_cost=0.5 % | margin_after_return=58.6 %
[INFO] [1790334333.217740575] [sage_energy_monitor]: ENERGY | remaining=79.1 % | voltage=15.82 V | drain_rate=0.029 %/s | home_distance=13.0 m | return_time=17 s | return_cost=0.5 % | margin_after_return=58.6 %
[INFO] [1790334334.220477259] [sage_energy_monitor]: ENERGY | remaining=79.0 % | voltage=15.82 V | drain_rate=0.029 %/s | home_distance=13.0 m | return_time=17 s | return_cost=0.5 % | margin_after_return=58.5 %
[INFO] [1790334335.217697858] [sage_energy_monitor]: ENERGY | remaining=79.0 % | voltage=15.82 V | drain_rate=0.029 %/s | home_distance=13.0 m | return_time=17 s | return_cost=0.5 % | margin_after_return=58.5 %
[INFO] [1790334336.220345766] [sage_energy_monitor]: ENERGY | remaining=79.0 % | voltage=15.82 V | drain_rate=0.029 %/s | home_distance=13.0 m | return_time=17 s | return_cost=0.5 % | margin_after_return=58.5 %
[INFO] [1790334337.229855234] [sage_energy_monitor]: ENERGY | remaining=78.9 % | voltage=15.82 V | drain_rate=0.029 %/s | home_distance=13.0 m | return_time=17 s | return_cost=0.5 % | margin_after_return=58.4 %
[INFO] [1790334338.220895655] [sage_energy_monitor]: ENERGY | remaining=78.9 % | voltage=15.82 V | drain_rate=0.029 %/s | home_distance=13.0 m | return_time=17 s | return_cost=0.5 % | margin_after_return=58.4 %
[INFO] [1790334339.218278566] [sage_energy_monitor]: ENERGY | remaining=78.9 % | voltage=15.82 V | drain_rate=0.029 %/s | home_distance=13.1 m | return_time=17 s | return_cost=0.5 % | margin_after_return=58.4 %
[INFO] [1790334340.218092649] [sage_energy_monitor]: ENERGY | remaining=78.9 % | voltage=15.82 V | drain_rate=0.029 %/s | home_distance=13.1 m | return_time=17 s | return_cost=0.5 % | margin_after_return=58.4 %
[INFO] [1790334341.219624107] [sage_energy_monitor]: ENERGY | remaining=78.8 % | voltage=15.82 V | drain_rate=0.029 %/s | home_distance=13.1 m | return_time=17 s | return_cost=0.5 % | margin_after_return=58.3 %
[INFO] [1790334342.219939103] [sage_energy_monitor]: ENERGY | remaining=78.8 % | voltage=15.82 V | drain_rate=0.029 %/s | home_distance=13.1 m | return_time=17 s | return_cost=0.5 % | margin_after_return=58.3 %
[INFO] [1790334343.218766801] [sage_energy_monitor]: ENERGY | remaining=78.8 % | voltage=15.82 V | drain_rate=0.029 %/s | home_distance=13.1 m | return_time=17 s | return_cost=0.5 % | margin_after_return=58.3 %
[INFO] [1790334344.220359110] [sage_energy_monitor]: ENERGY | remaining=78.7 % | voltage=15.82 V | drain_rate=0.029 %/s | home_distance=12.8 m | return_time=17 s | return_cost=0.5 % | margin_after_return=58.3 %
[INFO] [1790334345.222669994] [sage_energy_monitor]: ENERGY | remaining=78.7 % | voltage=15.82 V | drain_rate=0.029 %/s | home_distance=12.0 m | return_time=16 s | return_cost=0.5 % | margin_after_return=58.2 %
[INFO] [1790334346.225170476] [sage_energy_monitor]: ENERGY | remaining=78.7 % | voltage=15.82 V | drain_rate=0.029 %/s | home_distance=11.1 m | return_time=15 s | return_cost=0.4 % | margin_after_return=58.2 %
[INFO] [1790334347.217539764] [sage_energy_monitor]: ENERGY | remaining=78.6 % | voltage=15.81 V | drain_rate=0.029 %/s | home_distance=10.6 m | return_time=15 s | return_cost=0.4 % | margin_after_return=58.2 %
[INFO] [1790334348.219259315] [sage_energy_monitor]: ENERGY | remaining=78.6 % | voltage=15.81 V | drain_rate=0.029 %/s | home_distance=10.4 m | return_time=15 s | return_cost=0.4 % | margin_after_return=58.2 %
[INFO] [1790334349.221165377] [sage_energy_monitor]: ENERGY | remaining=78.6 % | voltage=15.81 V | drain_rate=0.029 %/s | home_distance=10.3 m | return_time=14 s | return_cost=0.4 % | margin_after_return=58.2 %
[INFO] [1790334350.223796030] [sage_energy_monitor]: ENERGY | remaining=78.6 % | voltage=15.81 V | drain_rate=0.029 %/s | home_distance=10.3 m | return_time=14 s | return_cost=0.4 % | margin_after_return=58.1 %
[INFO] [1790334351.220456590] [sage_energy_monitor]: ENERGY | remaining=78.5 % | voltage=15.81 V | drain_rate=0.029 %/s | home_distance=10.3 m | return_time=14 s | return_cost=0.4 % | margin_after_return=58.1 %
[INFO] [1790334352.228528574] [sage_energy_monitor]: ENERGY | remaining=78.5 % | voltage=15.81 V | drain_rate=0.029 %/s | home_distance=10.3 m | return_time=14 s | return_cost=0.4 % | margin_after_return=58.1 %
[INFO] [1790334353.217839272] [sage_energy_monitor]: ENERGY | remaining=78.5 % | voltage=15.81 V | drain_rate=0.029 %/s | home_distance=10.2 m | return_time=14 s | return_cost=0.4 % | margin_after_return=58.1 %
[INFO] [1790334354.219913956] [sage_energy_monitor]: ENERGY | remaining=78.4 % | voltage=15.81 V | drain_rate=0.029 %/s | home_distance=10.2 m | return_time=14 s | return_cost=0.4 % | margin_after_return=58.0 %
[INFO] [1790334355.219178782] [sage_energy_monitor]: ENERGY | remaining=78.4 % | voltage=15.81 V | drain_rate=0.029 %/s | home_distance=10.1 m | return_time=14 s | return_cost=0.4 % | margin_after_return=58.0 %
[INFO] [1790334356.229482229] [sage_energy_monitor]: ENERGY | remaining=78.4 % | voltage=15.81 V | drain_rate=0.029 %/s | home_distance=10.0 m | return_time=14 s | return_cost=0.4 % | margin_after_return=58.0 %
[INFO] [1790334357.218595032] [sage_energy_monitor]: ENERGY | remaining=78.4 % | voltage=15.81 V | drain_rate=0.029 %/s | home_distance=10.0 m | return_time=14 s | return_cost=0.4 % | margin_after_return=57.9 %
[INFO] [1790334358.225048126] [sage_energy_monitor]: ENERGY | remaining=78.3 % | voltage=15.81 V | drain_rate=0.029 %/s | home_distance=9.8 m | return_time=14 s | return_cost=0.4 % | margin_after_return=57.9 %
[INFO] [1790334359.217867697] [sage_energy_monitor]: ENERGY | remaining=78.3 % | voltage=15.81 V | drain_rate=0.029 %/s | home_distance=9.2 m | return_time=13 s | return_cost=0.4 % | margin_after_return=57.9 %
[INFO] [1790334360.222160467] [sage_energy_monitor]: ENERGY | remaining=78.3 % | voltage=15.81 V | drain_rate=0.029 %/s | home_distance=8.3 m | return_time=12 s | return_cost=0.3 % | margin_after_return=57.9 %
[INFO] [1790334361.224092929] [sage_energy_monitor]: ENERGY | remaining=78.2 % | voltage=15.81 V | drain_rate=0.029 %/s | home_distance=7.7 m | return_time=12 s | return_cost=0.3 % | margin_after_return=57.9 %
[INFO] [1790334362.220127421] [sage_energy_monitor]: ENERGY | remaining=78.2 % | voltage=15.81 V | drain_rate=0.029 %/s | home_distance=7.0 m | return_time=11 s | return_cost=0.3 % | margin_after_return=57.9 %
[INFO] [1790334363.218696195] [sage_energy_monitor]: ENERGY | remaining=78.2 % | voltage=15.81 V | drain_rate=0.029 %/s | home_distance=6.0 m | return_time=10 s | return_cost=0.3 % | margin_after_return=57.9 %
[INFO] [1790334364.218521087] [sage_energy_monitor]: ENERGY | remaining=78.2 % | voltage=15.81 V | drain_rate=0.029 %/s | home_distance=6.2 m | return_time=10 s | return_cost=0.3 % | margin_after_return=57.9 %
[INFO] [1790334365.219630564] [sage_energy_monitor]: ENERGY | remaining=78.1 % | voltage=15.81 V | drain_rate=0.029 %/s | home_distance=7.1 m | return_time=11 s | return_cost=0.3 % | margin_after_return=57.8 %
[INFO] [1790334366.222572920] [sage_energy_monitor]: ENERGY | remaining=78.1 % | voltage=15.80 V | drain_rate=0.029 %/s | home_distance=8.0 m | return_time=12 s | return_cost=0.4 % | margin_after_return=57.7 %
[INFO] [1790334367.219152666] [sage_energy_monitor]: ENERGY | remaining=78.1 % | voltage=15.80 V | drain_rate=0.029 %/s | home_distance=8.9 m | return_time=13 s | return_cost=0.4 % | margin_after_return=57.7 %
[INFO] [1790334368.221318721] [sage_energy_monitor]: ENERGY | remaining=78.0 % | voltage=15.80 V | drain_rate=0.029 %/s | home_distance=9.6 m | return_time=14 s | return_cost=0.4 % | margin_after_return=57.6 %
[INFO] [1790334369.219552064] [sage_energy_monitor]: ENERGY | remaining=78.0 % | voltage=15.80 V | drain_rate=0.029 %/s | home_distance=10.4 m | return_time=15 s | return_cost=0.4 % | margin_after_return=57.6 %
[INFO] [1790334370.220424796] [sage_energy_monitor]: ENERGY | remaining=78.0 % | voltage=15.80 V | drain_rate=0.029 %/s | home_distance=11.2 m | return_time=15 s | return_cost=0.4 % | margin_after_return=57.5 %
[INFO] [1790334371.220379910] [sage_energy_monitor]: ENERGY | remaining=78.0 % | voltage=15.80 V | drain_rate=0.029 %/s | home_distance=12.1 m | return_time=16 s | return_cost=0.5 % | margin_after_return=57.5 %
[INFO] [1790334372.220813238] [sage_energy_monitor]: ENERGY | remaining=77.9 % | voltage=15.80 V | drain_rate=0.029 %/s | home_distance=12.7 m | return_time=17 s | return_cost=0.5 % | margin_after_return=57.4 %
[INFO] [1790334373.217963489] [sage_energy_monitor]: ENERGY | remaining=77.9 % | voltage=15.80 V | drain_rate=0.029 %/s | home_distance=13.0 m | return_time=17 s | return_cost=0.5 % | margin_after_return=57.4 %
[INFO] [1790334374.234985379] [sage_energy_monitor]: ENERGY | remaining=77.9 % | voltage=15.80 V | drain_rate=0.029 %/s | home_distance=12.6 m | return_time=17 s | return_cost=0.5 % | margin_after_return=57.4 %
[INFO] [1790334375.219214434] [sage_energy_monitor]: ENERGY | remaining=77.8 % | voltage=15.80 V | drain_rate=0.029 %/s | home_distance=11.3 m | return_time=15 s | return_cost=0.4 % | margin_after_return=57.4 %
[INFO] [1790334376.218610700] [sage_energy_monitor]: ENERGY | remaining=77.8 % | voltage=15.80 V | drain_rate=0.029 %/s | home_distance=10.3 m | return_time=14 s | return_cost=0.4 % | margin_after_return=57.4 %
[INFO] [1790334377.219798262] [sage_energy_monitor]: ENERGY | remaining=77.8 % | voltage=15.80 V | drain_rate=0.029 %/s | home_distance=9.9 m | return_time=14 s | return_cost=0.4 % | margin_after_return=57.4 %
[INFO] [1790334378.221155326] [sage_energy_monitor]: ENERGY | remaining=77.7 % | voltage=15.80 V | drain_rate=0.029 %/s | home_distance=9.8 m | return_time=14 s | return_cost=0.4 % | margin_after_return=57.3 %
[INFO] [1790334379.221977895] [sage_energy_monitor]: ENERGY | remaining=77.7 % | voltage=15.80 V | drain_rate=0.029 %/s | home_distance=9.8 m | return_time=14 s | return_cost=0.4 % | margin_after_return=57.3 %
[INFO] [1790334380.224520921] [sage_energy_monitor]: ENERGY | remaining=77.7 % | voltage=15.80 V | drain_rate=0.029 %/s | home_distance=9.8 m | return_time=14 s | return_cost=0.4 % | margin_after_return=57.3 %
[INFO] [1790334381.220754837] [sage_energy_monitor]: ENERGY | remaining=77.7 % | voltage=15.80 V | drain_rate=0.029 %/s | home_distance=9.8 m | return_time=14 s | return_cost=0.4 % | margin_after_return=57.3 %
[INFO] [1790334382.218472746] [sage_energy_monitor]: ENERGY | remaining=77.6 % | voltage=15.80 V | drain_rate=0.029 %/s | home_distance=9.8 m | return_time=14 s | return_cost=0.4 % | margin_after_return=57.2 %
[INFO] [1790334383.219839135] [sage_energy_monitor]: ENERGY | remaining=77.6 % | voltage=15.80 V | drain_rate=0.029 %/s | home_distance=9.8 m | return_time=14 s | return_cost=0.4 % | margin_after_return=57.2 %
[INFO] [1790334384.219987222] [sage_energy_monitor]: ENERGY | remaining=77.6 % | voltage=15.80 V | drain_rate=0.029 %/s | home_distance=9.8 m | return_time=14 s | return_cost=0.4 % | margin_after_return=57.2 %
[INFO] [1790334385.217769777] [sage_energy_monitor]: ENERGY | remaining=77.5 % | voltage=15.79 V | drain_rate=0.029 %/s | home_distance=9.8 m | return_time=14 s | return_cost=0.4 % | margin_after_return=57.1 %
[INFO] [1790334386.221061333] [sage_energy_monitor]: ENERGY | remaining=77.5 % | voltage=15.79 V | drain_rate=0.029 %/s | home_distance=9.8 m | return_time=14 s | return_cost=0.4 % | margin_after_return=57.1 %
[INFO] [1790334387.220481746] [sage_energy_monitor]: ENERGY | remaining=77.5 % | voltage=15.79 V | drain_rate=0.029 %/s | home_distance=9.7 m | return_time=14 s | return_cost=0.4 % | margin_after_return=57.1 %
[INFO] [1790334388.229104310] [sage_energy_monitor]: ENERGY | remaining=77.4 % | voltage=15.79 V | drain_rate=0.029 %/s | home_distance=9.8 m | return_time=14 s | return_cost=0.4 % | margin_after_return=57.0 %
[INFO] [1790334389.221292239] [sage_energy_monitor]: ENERGY | remaining=77.4 % | voltage=15.79 V | drain_rate=0.029 %/s | home_distance=10.2 m | return_time=14 s | return_cost=0.4 % | margin_after_return=57.0 %
[INFO] [1790334390.218559455] [sage_energy_monitor]: ENERGY | remaining=77.4 % | voltage=15.79 V | drain_rate=0.029 %/s | home_distance=10.4 m | return_time=15 s | return_cost=0.4 % | margin_after_return=57.0 %
[INFO] [1790334391.223220445] [sage_energy_monitor]: ENERGY | remaining=77.4 % | voltage=15.79 V | drain_rate=0.029 %/s | home_distance=10.6 m | return_time=15 s | return_cost=0.4 % | margin_after_return=56.9 %
[INFO] [1790334392.225175565] [sage_energy_monitor]: ENERGY | remaining=77.3 % | voltage=15.79 V | drain_rate=0.029 %/s | home_distance=10.6 m | return_time=15 s | return_cost=0.4 % | margin_after_return=56.9 %
[INFO] [1790334393.218303331] [sage_energy_monitor]: ENERGY | remaining=77.3 % | voltage=15.79 V | drain_rate=0.030 %/s | home_distance=10.6 m | return_time=15 s | return_cost=0.4 % | margin_after_return=56.9 %
[INFO] [1790334394.218058148] [sage_energy_monitor]: ENERGY | remaining=77.3 % | voltage=15.79 V | drain_rate=0.029 %/s | home_distance=10.6 m | return_time=15 s | return_cost=0.4 % | margin_after_return=56.8 %
[INFO] [1790334395.219823385] [sage_energy_monitor]: ENERGY | remaining=77.2 % | voltage=15.79 V | drain_rate=0.029 %/s | home_distance=10.6 m | return_time=15 s | return_cost=0.4 % | margin_after_return=56.8 %
[INFO] [1790334396.226132703] [sage_energy_monitor]: ENERGY | remaining=77.2 % | voltage=15.79 V | drain_rate=0.030 %/s | home_distance=10.6 m | return_time=15 s | return_cost=0.4 % | margin_after_return=56.8 %
[INFO] [1790334397.222679814] [sage_energy_monitor]: ENERGY | remaining=77.2 % | voltage=15.79 V | drain_rate=0.029 %/s | home_distance=10.6 m | return_time=15 s | return_cost=0.4 % | margin_after_return=56.8 %
[INFO] [1790334398.221469750] [sage_energy_monitor]: ENERGY | remaining=77.2 % | voltage=15.79 V | drain_rate=0.029 %/s | home_distance=10.5 m | return_time=15 s | return_cost=0.4 % | margin_after_return=56.7 %
[INFO] [1790334399.219287714] [sage_energy_monitor]: ENERGY | remaining=77.1 % | voltage=15.79 V | drain_rate=0.030 %/s | home_distance=10.5 m | return_time=15 s | return_cost=0.4 % | margin_after_return=56.7 %
[INFO] [1790334400.222102148] [sage_energy_monitor]: ENERGY | remaining=77.1 % | voltage=15.79 V | drain_rate=0.030 %/s | home_distance=10.5 m | return_time=15 s | return_cost=0.4 % | margin_after_return=56.7 %
[INFO] [1790334401.218803046] [sage_energy_monitor]: ENERGY | remaining=77.1 % | voltage=15.79 V | drain_rate=0.030 %/s | home_distance=10.6 m | return_time=15 s | return_cost=0.4 % | margin_after_return=56.6 %
[INFO] [1790334402.220586470] [sage_energy_monitor]: ENERGY | remaining=77.0 % | voltage=15.79 V | drain_rate=0.030 %/s | home_distance=11.0 m | return_time=15 s | return_cost=0.4 % | margin_after_return=56.6 %
[INFO] [1790334403.223830991] [sage_energy_monitor]: ENERGY | remaining=77.0 % | voltage=15.79 V | drain_rate=0.030 %/s | home_distance=11.3 m | return_time=15 s | return_cost=0.4 % | margin_after_return=56.6 %
[INFO] [1790334404.221679760] [sage_energy_monitor]: ENERGY | remaining=77.0 % | voltage=15.78 V | drain_rate=0.030 %/s | home_distance=11.3 m | return_time=15 s | return_cost=0.5 % | margin_after_return=56.5 %
[INFO] [1790334405.217500098] [sage_energy_monitor]: ENERGY | remaining=77.0 % | voltage=15.78 V | drain_rate=0.029 %/s | home_distance=10.5 m | return_time=14 s | return_cost=0.4 % | margin_after_return=56.5 %
[INFO] [1790334406.225728334] [sage_energy_monitor]: ENERGY | remaining=76.9 % | voltage=15.78 V | drain_rate=0.029 %/s | home_distance=9.4 m | return_time=14 s | return_cost=0.4 % | margin_after_return=56.5 %
[INFO] [1790334407.219100038] [sage_energy_monitor]: ENERGY | remaining=76.9 % | voltage=15.78 V | drain_rate=0.029 %/s | home_distance=9.1 m | return_time=14 s | return_cost=0.4 % | margin_after_return=56.5 %
[INFO] [1790334408.221123003] [sage_energy_monitor]: ENERGY | remaining=76.9 % | voltage=15.78 V | drain_rate=0.029 %/s | home_distance=9.4 m | return_time=14 s | return_cost=0.4 % | margin_after_return=56.5 %
[INFO] [1790334409.221041992] [sage_energy_monitor]: ENERGY | remaining=76.8 % | voltage=15.78 V | drain_rate=0.029 %/s | home_distance=8.8 m | return_time=11 s | return_cost=0.3 % | margin_after_return=56.5 %
[INFO] [1790334410.221334512] [sage_energy_monitor]: ENERGY | remaining=76.8 % | voltage=15.78 V | drain_rate=0.029 %/s | home_distance=8.1 m | return_time=8 s | return_cost=0.2 % | margin_after_return=56.6 %
[INFO] [1790334411.219062420] [sage_energy_monitor]: ENERGY | remaining=76.8 % | voltage=15.78 V | drain_rate=0.029 %/s | home_distance=7.6 m | return_time=8 s | return_cost=0.2 % | margin_after_return=56.5 %
[INFO] [1790334412.229449083] [sage_energy_monitor]: ENERGY | remaining=76.7 % | voltage=15.78 V | drain_rate=0.029 %/s | home_distance=7.2 m | return_time=9 s | return_cost=0.3 % | margin_after_return=56.5 %
[INFO] [1790334413.227914731] [sage_energy_monitor]: ENERGY | remaining=76.7 % | voltage=15.78 V | drain_rate=0.029 %/s | home_distance=6.3 m | return_time=9 s | return_cost=0.3 % | margin_after_return=56.5 %
[INFO] [1790334414.217894541] [sage_energy_monitor]: ENERGY | remaining=76.7 % | voltage=15.78 V | drain_rate=0.029 %/s | home_distance=5.2 m | return_time=8 s | return_cost=0.2 % | margin_after_return=56.4 %
[INFO] [1790334415.222503210] [sage_energy_monitor]: ENERGY | remaining=76.7 % | voltage=15.78 V | drain_rate=0.029 %/s | home_distance=4.5 m | return_time=8 s | return_cost=0.2 % | margin_after_return=56.4 %
[INFO] [1790334416.225021472] [sage_energy_monitor]: ENERGY | remaining=76.6 % | voltage=15.78 V | drain_rate=0.029 %/s | home_distance=1.6 m | return_time=5 s | return_cost=0.2 % | margin_after_return=56.5 %
[INFO] [1790334417.218853430] [sage_energy_monitor]: ENERGY | remaining=76.6 % | voltage=15.78 V | drain_rate=0.029 %/s | home_distance=1.7 m | return_time=5 s | return_cost=0.1 % | margin_after_return=56.5 %
[INFO] [1790334418.219262185] [sage_energy_monitor]: ENERGY | remaining=76.6 % | voltage=15.78 V | drain_rate=0.029 %/s | home_distance=2.4 m | return_time=4 s | return_cost=0.1 % | margin_after_return=56.4 %
[INFO] [1790334419.224738265] [sage_energy_monitor]: ENERGY | remaining=76.5 % | voltage=15.78 V | drain_rate=0.029 %/s | home_distance=2.1 m | return_time=3 s | return_cost=0.1 % | margin_after_return=56.4 %
[INFO] [1790334420.221840156] [sage_energy_monitor]: ENERGY | remaining=76.5 % | voltage=15.78 V | drain_rate=0.029 %/s | home_distance=1.6 m | return_time=4 s | return_cost=0.1 % | margin_after_return=56.4 %
[INFO] [1790334421.218838675] [sage_energy_monitor]: ENERGY | remaining=76.5 % | voltage=15.78 V | drain_rate=0.029 %/s | home_distance=1.6 m | return_time=4 s | return_cost=0.1 % | margin_after_return=56.4 %
[INFO] [1790334422.219620875] [sage_energy_monitor]: ENERGY | remaining=76.5 % | voltage=15.78 V | drain_rate=0.029 %/s | home_distance=1.3 m | return_time=3 s | return_cost=0.1 % | margin_after_return=56.4 %
[INFO] [1790334423.220035468] [sage_energy_monitor]: ENERGY | remaining=76.4 % | voltage=15.77 V | drain_rate=0.029 %/s | home_distance=2.1 m | return_time=4 s | return_cost=0.1 % | margin_after_return=56.3 %
[INFO] [1790334424.222831827] [sage_energy_monitor]: ENERGY | remaining=76.4 % | voltage=15.77 V | drain_rate=0.029 %/s | home_distance=3.3 m | return_time=5 s | return_cost=0.2 % | margin_after_return=56.2 %
[INFO] [1790334425.220753896] [sage_energy_monitor]: ENERGY | remaining=76.4 % | voltage=15.77 V | drain_rate=0.029 %/s | home_distance=4.3 m | return_time=7 s | return_cost=0.2 % | margin_after_return=56.2 %
[INFO] [1790334426.220471144] [sage_energy_monitor]: ENERGY | remaining=76.3 % | voltage=15.77 V | drain_rate=0.029 %/s | home_distance=5.1 m | return_time=8 s | return_cost=0.2 % | margin_after_return=56.1 %
[INFO] [1790334427.223125335] [sage_energy_monitor]: ENERGY | remaining=76.3 % | voltage=15.77 V | drain_rate=0.029 %/s | home_distance=5.4 m | return_time=9 s | return_cost=0.3 % | margin_after_return=56.1 %
[INFO] [1790334428.220230368] [sage_energy_monitor]: ENERGY | remaining=76.3 % | voltage=15.77 V | drain_rate=0.029 %/s | home_distance=5.2 m | return_time=9 s | return_cost=0.2 % | margin_after_return=56.0 %
[INFO] [1790334429.221288761] [sage_energy_monitor]: ENERGY | remaining=76.3 % | voltage=15.77 V | drain_rate=0.029 %/s | home_distance=5.3 m | return_time=9 s | return_cost=0.2 % | margin_after_return=56.0 %
[INFO] [1790334430.219964608] [sage_energy_monitor]: ENERGY | remaining=76.2 % | voltage=15.77 V | drain_rate=0.029 %/s | home_distance=6.0 m | return_time=9 s | return_cost=0.3 % | margin_after_return=56.0 %
[INFO] [1790334431.220276209] [sage_energy_monitor]: ENERGY | remaining=76.2 % | voltage=15.77 V | drain_rate=0.029 %/s | home_distance=7.3 m | return_time=10 s | return_cost=0.3 % | margin_after_return=55.9 %
[INFO] [1790334432.219857321] [sage_energy_monitor]: ENERGY | remaining=76.2 % | voltage=15.77 V | drain_rate=0.029 %/s | home_distance=8.7 m | return_time=12 s | return_cost=0.3 % | margin_after_return=55.8 %
[INFO] [1790334433.218219817] [sage_energy_monitor]: ENERGY | remaining=76.2 % | voltage=15.77 V | drain_rate=0.029 %/s | home_distance=9.7 m | return_time=13 s | return_cost=0.4 % | margin_after_return=55.8 %
[INFO] [1790334434.222150995] [sage_energy_monitor]: ENERGY | remaining=76.1 % | voltage=15.77 V | drain_rate=0.029 %/s | home_distance=9.9 m | return_time=13 s | return_cost=0.4 % | margin_after_return=55.8 %
[INFO] [1790334435.220245193] [sage_energy_monitor]: ENERGY | remaining=76.1 % | voltage=15.77 V | drain_rate=0.029 %/s | home_distance=9.6 m | return_time=13 s | return_cost=0.4 % | margin_after_return=55.7 %
[INFO] [1790334436.219184980] [sage_energy_monitor]: ENERGY | remaining=76.1 % | voltage=15.77 V | drain_rate=0.029 %/s | home_distance=11.0 m | return_time=16 s | return_cost=0.5 % | margin_after_return=55.6 %
[INFO] [1790334437.219833638] [sage_energy_monitor]: ENERGY | remaining=76.0 % | voltage=15.77 V | drain_rate=0.029 %/s | home_distance=39.3 m | return_time=41 s | return_cost=1.2 % | margin_after_return=54.9 %
[INFO] [1790334438.222505981] [sage_energy_monitor]: ENERGY | remaining=76.0 % | voltage=15.77 V | drain_rate=0.029 %/s | home_distance=45.3 m | return_time=50 s | return_cost=1.5 % | margin_after_return=54.5 %
[INFO] [1790334439.225290961] [sage_energy_monitor]: ENERGY | remaining=76.0 % | voltage=15.77 V | drain_rate=0.029 %/s | home_distance=46.2 m | return_time=50 s | return_cost=1.5 % | margin_after_return=54.5 %
[INFO] [1790334440.226540386] [sage_energy_monitor]: ENERGY | remaining=75.9 % | voltage=15.77 V | drain_rate=0.029 %/s | home_distance=45.1 m | return_time=49 s | return_cost=1.4 % | margin_after_return=54.5 %
[INFO] [1790334441.221103079] [sage_energy_monitor]: ENERGY | remaining=75.9 % | voltage=15.77 V | drain_rate=0.029 %/s | home_distance=46.1 m | return_time=50 s | return_cost=1.4 % | margin_after_return=54.5 %
[INFO] [1790334442.219605897] [sage_energy_monitor]: ENERGY | remaining=75.9 % | voltage=15.76 V | drain_rate=0.029 %/s | home_distance=46.7 m | return_time=55 s | return_cost=1.6 % | margin_after_return=54.3 %
[INFO] [1790334443.221413115] [sage_energy_monitor]: ENERGY | remaining=75.9 % | voltage=15.76 V | drain_rate=0.029 %/s | home_distance=58.3 m | return_time=70 s | return_cost=2.0 % | margin_after_return=53.8 %
[INFO] [1790334444.219849893] [sage_energy_monitor]: ENERGY | remaining=75.8 % | voltage=15.76 V | drain_rate=0.029 %/s | home_distance=66.6 m | return_time=70 s | return_cost=2.0 % | margin_after_return=53.8 %
[INFO] [1790334445.219522717] [sage_energy_monitor]: ENERGY | remaining=75.8 % | voltage=15.76 V | drain_rate=0.029 %/s | home_distance=79.2 m | return_time=89 s | return_cost=2.6 % | margin_after_return=53.2 %
[INFO] [1790334446.220223072] [sage_energy_monitor]: ENERGY | remaining=75.8 % | voltage=15.76 V | drain_rate=0.029 %/s | home_distance=93.4 m | return_time=113 s | return_cost=3.3 % | margin_after_return=52.5 %
[INFO] [1790334447.225892622] [sage_energy_monitor]: ENERGY | remaining=75.7 % | voltage=15.76 V | drain_rate=0.029 %/s | home_distance=80.6 m | return_time=95 s | return_cost=2.8 % | margin_after_return=53.0 %
[INFO] [1790334448.220084432] [sage_energy_monitor]: ENERGY | remaining=75.7 % | voltage=15.76 V | drain_rate=0.029 %/s | home_distance=84.9 m | return_time=99 s | return_cost=2.9 % | margin_after_return=52.8 %
[INFO] [1790334449.219323737] [sage_energy_monitor]: ENERGY | remaining=75.7 % | voltage=15.76 V | drain_rate=0.029 %/s | home_distance=87.9 m | return_time=94 s | return_cost=2.8 % | margin_after_return=52.9 %
[INFO] [1790334450.222153989] [sage_energy_monitor]: ENERGY | remaining=75.6 % | voltage=15.76 V | drain_rate=0.029 %/s | home_distance=92.3 m | return_time=101 s | return_cost=3.0 % | margin_after_return=52.7 %
[INFO] [1790334451.221508465] [sage_energy_monitor]: ENERGY | remaining=75.6 % | voltage=15.76 V | drain_rate=0.029 %/s | home_distance=89.2 m | return_time=95 s | return_cost=2.8 % | margin_after_return=52.8 %
[INFO] [1790334452.218747115] [sage_energy_monitor]: ENERGY | remaining=75.6 % | voltage=15.76 V | drain_rate=0.030 %/s | home_distance=88.2 m | return_time=89 s | return_cost=2.6 % | margin_after_return=53.0 %
[INFO] [1790334453.218860603] [sage_energy_monitor]: ENERGY | remaining=75.5 % | voltage=15.76 V | drain_rate=0.030 %/s | home_distance=90.2 m | return_time=91 s | return_cost=2.7 % | margin_after_return=52.8 %
[INFO] [1790334454.218101922] [sage_energy_monitor]: ENERGY | remaining=75.5 % | voltage=15.76 V | drain_rate=0.030 %/s | home_distance=91.8 m | return_time=95 s | return_cost=2.8 % | margin_after_return=52.7 %
[INFO] [1790334455.220411496] [sage_energy_monitor]: ENERGY | remaining=75.5 % | voltage=15.76 V | drain_rate=0.030 %/s | home_distance=92.1 m | return_time=96 s | return_cost=2.9 % | margin_after_return=52.6 %
[INFO] [1790334456.221905395] [sage_energy_monitor]: ENERGY | remaining=75.5 % | voltage=15.76 V | drain_rate=0.030 %/s | home_distance=94.4 m | return_time=97 s | return_cost=2.9 % | margin_after_return=52.6 %
[INFO] [1790334457.217977077] [sage_energy_monitor]: ENERGY | remaining=75.4 % | voltage=15.76 V | drain_rate=0.030 %/s | home_distance=92.0 m | return_time=94 s | return_cost=2.8 % | margin_after_return=52.6 %
[INFO] [1790334458.220921854] [sage_energy_monitor]: ENERGY | remaining=75.4 % | voltage=15.76 V | drain_rate=0.030 %/s | home_distance=90.4 m | return_time=95 s | return_cost=2.8 % | margin_after_return=52.5 %
[INFO] [1790334459.220092422] [sage_energy_monitor]: ENERGY | remaining=75.4 % | voltage=15.76 V | drain_rate=0.030 %/s | home_distance=89.8 m | return_time=90 s | return_cost=2.7 % | margin_after_return=52.6 %
[INFO] [1790334460.219255862] [sage_energy_monitor]: ENERGY | remaining=75.3 % | voltage=15.75 V | drain_rate=0.030 %/s | home_distance=90.3 m | return_time=91 s | return_cost=2.8 % | margin_after_return=52.6 %
[INFO] [1790334461.223349072] [sage_energy_monitor]: ENERGY | remaining=75.3 % | voltage=15.75 V | drain_rate=0.030 %/s | home_distance=91.1 m | return_time=91 s | return_cost=2.8 % | margin_after_return=52.5 %
[INFO] [1790334462.217755014] [sage_energy_monitor]: ENERGY | remaining=75.3 % | voltage=15.75 V | drain_rate=0.031 %/s | home_distance=89.8 m | return_time=90 s | return_cost=2.8 % | margin_after_return=52.5 %
[INFO] [1790334463.224991100] [sage_energy_monitor]: ENERGY | remaining=75.2 % | voltage=15.75 V | drain_rate=0.031 %/s | home_distance=91.9 m | return_time=93 s | return_cost=2.9 % | margin_after_return=52.3 %
[INFO] [1790334464.220301130] [sage_energy_monitor]: ENERGY | remaining=75.2 % | voltage=15.75 V | drain_rate=0.031 %/s | home_distance=94.6 m | return_time=99 s | return_cost=3.1 % | margin_after_return=52.1 %
[INFO] [1790334465.221363633] [sage_energy_monitor]: ENERGY | remaining=75.2 % | voltage=15.75 V | drain_rate=0.031 %/s | home_distance=93.8 m | return_time=94 s | return_cost=3.0 % | margin_after_return=52.2 %
[INFO] [1790334466.222004458] [sage_energy_monitor]: ENERGY | remaining=75.1 % | voltage=15.75 V | drain_rate=0.032 %/s | home_distance=91.6 m | return_time=93 s | return_cost=3.0 % | margin_after_return=52.2 %
[INFO] [1790334467.218731604] [sage_energy_monitor]: ENERGY | remaining=75.1 % | voltage=15.75 V | drain_rate=0.032 %/s | home_distance=89.4 m | return_time=90 s | return_cost=2.9 % | margin_after_return=52.2 %
[INFO] [1790334468.218658444] [sage_energy_monitor]: ENERGY | remaining=75.0 % | voltage=15.75 V | drain_rate=0.032 %/s | home_distance=85.5 m | return_time=86 s | return_cost=2.7 % | margin_after_return=52.3 %
[INFO] [1790334469.218290669] [sage_energy_monitor]: ENERGY | remaining=75.0 % | voltage=15.75 V | drain_rate=0.032 %/s | home_distance=90.4 m | return_time=91 s | return_cost=2.9 % | margin_after_return=52.1 %
[INFO] [1790334470.220462287] [sage_energy_monitor]: ENERGY | remaining=75.0 % | voltage=15.75 V | drain_rate=0.032 %/s | home_distance=91.0 m | return_time=93 s | return_cost=3.0 % | margin_after_return=52.0 %
