[INFO] [1790214402.400995035] [sage_semantic_world_model]: SAGE Semantic World Model started.
[INFO] [1790214402.401808124] [sage_semantic_world_model]: Position smoothing enabled | alpha=0.25
[INFO] [1790214402.404288259] [sage_semantic_world_model]: Target association enabled | gate=2.00 m
[INFO] [1790214402.405503203] [sage_semantic_world_model]: Velocity estimation enabled | window=5 observations
[INFO] [1790214402.406522013] [sage_semantic_world_model]: Persistent motion classification enabled | classification_window=10 observations
[INFO] [1790214402.407862638] [sage_semantic_world_model]: Motion requirements | net_displacement>=0.50 m | avg_speed>=0.20 m/s | straightness>=0.70 | direction_consistency>=0.70
[INFO] [1790214402.412008198] [sage_semantic_world_model]: Motion confirmation required | 3 consecutive strong windows
[INFO] [1790214411.073366123] [sage_semantic_world_model]: NEW TARGET | id=1 | class=person | position=(-0.26, 4.28, 0.00) | state=STATIONARY
[INFO] [1790214411.172696466] [sage_semantic_world_model]: Target 1 updated | association_distance=0.00 m | raw=(-0.26, 4.28, 0.00) | smoothed=(-0.26, 4.28, 0.00) | velocity=(0.00, 0.00, 0.00) m/s | speed=0.00 m/s | net=0.00 m | straightness=0.00 | direction=0.00 | state=STATIONARY | detections=2
[INFO] [1790214411.273333483] [sage_semantic_world_model]: Target 1 updated | association_distance=0.00 m | raw=(-0.26, 4.28, 0.00) | smoothed=(-0.26, 4.28, 0.00) | velocity=(0.00, 0.00, 0.00) m/s | speed=0.00 m/s | net=0.00 m | straightness=0.00 | direction=0.00 | state=STATIONARY | detections=3
[INFO] [1790214411.373254621] [sage_semantic_world_model]: Target 1 updated | association_distance=0.00 m | raw=(-0.26, 4.28, 0.00) | smoothed=(-0.26, 4.28, 0.00) | velocity=(0.00, 0.00, 0.00) m/s | speed=0.00 m/s | net=0.00 m | straightness=0.00 | direction=0.00 | state=STATIONARY | detections=4
[INFO] [1790214411.474603432] [sage_semantic_world_model]: Target 1 updated | association_distance=0.00 m | raw=(-0.26, 4.28, 0.00) | smoothed=(-0.26, 4.28, 0.00) | velocity=(0.00, 0.00, 0.00) m/s | speed=0.00 m/s | net=0.00 m | straightness=0.00 | direction=0.00 | state=STATIONARY | detections=5
[INFO] [1790214411.577425509] [sage_semantic_world_model]: Target 1 updated | association_distance=0.00 m | raw=(-0.26, 4.28, 0.00) | smoothed=(-0.26, 4.28, 0.00) | velocity=(0.00, 0.00, 0.00) m/s | speed=0.00 m/s | net=0.00 m | straightness=0.00 | direction=0.00 | state=STATIONARY | detections=6
[INFO] [1790214411.675981044] [sage_semantic_world_model]: Target 1 updated | association_distance=0.00 m | raw=(-0.26, 4.28, 0.00) | smoothed=(-0.26, 4.28, 0.00) | velocity=(0.00, 0.00, 0.00) m/s | speed=0.00 m/s | net=0.00 m | straightness=0.00 | direction=0.00 | state=STATIONARY | detections=7
[INFO] [1790214411.778958036] [sage_semantic_world_model]: Target 1 updated | association_distance=0.00 m | raw=(-0.26, 4.28, 0.00) | smoothed=(-0.26, 4.28, 0.00) | velocity=(0.00, 0.00, 0.00) m/s | speed=0.00 m/s | net=0.00 m | straightness=0.00 | direction=0.00 | state=STATIONARY | detections=8
[INFO] [1790214411.879182387] [sage_semantic_world_model]: Target 1 updated | association_distance=0.00 m | raw=(-0.26, 4.28, 0.00) | smoothed=(-0.26, 4.28, 0.00) | velocity=(0.00, 0.00, 0.00) m/s | speed=0.00 m/s | net=0.00 m | straightness=0.00 | direction=0.00 | state=STATIONARY | detections=9
[INFO] [1790214411.975640479] [sage_semantic_world_model]: Target 1 updated | association_distance=0.14 m | raw=(-0.13, 4.21, 0.00) | smoothed=(-0.23, 4.26, 0.00) | velocity=(0.08, -0.04, 0.00) m/s | speed=0.09 m/s | net=0.04 m | straightness=1.00 | direction=0.00 | state=STATIONARY | detections=10
[INFO] [1790214412.073198949] [sage_semantic_world_model]: Target 1 updated | association_distance=0.11 m | raw=(-0.13, 4.21, 0.00) | smoothed=(-0.21, 4.25, 0.00) | velocity=(0.14, -0.08, 0.00) m/s | speed=0.16 m/s | net=0.06 m | straightness=1.00 | direction=0.00 | state=STATIONARY | detections=11
[INFO] [1790214412.173557283] [sage_semantic_world_model]: Target 1 updated | association_distance=0.08 m | raw=(-0.13, 4.21, 0.00) | smoothed=(-0.19, 4.24, 0.00) | velocity=(0.18, -0.10, 0.00) m/s | speed=0.21 m/s | net=0.08 m | straightness=1.00 | direction=0.00 | state=STATIONARY | detections=12
[INFO] [1790214412.273213392] [sage_semantic_world_model]: Target 1 updated | association_distance=0.04 m | raw=(-0.15, 4.26, 0.00) | smoothed=(-0.18, 4.24, 0.00) | velocity=(0.21, -0.08, 0.00) m/s | speed=0.22 m/s | net=0.09 m | straightness=0.94 | direction=0.00 | state=STATIONARY | detections=13
[INFO] [1790214412.377348642] [sage_semantic_world_model]: Target 1 updated | association_distance=0.03 m | raw=(-0.15, 4.26, 0.00) | smoothed=(-0.17, 4.25, 0.00) | velocity=(0.14, -0.03, 0.00) m/s | speed=0.15 m/s | net=0.09 m | straightness=0.91 | direction=0.00 | state=STATIONARY | detections=14
[INFO] [1790214412.478237205] [sage_semantic_world_model]: Target 1 updated | association_distance=0.02 m | raw=(-0.15, 4.26, 0.00) | smoothed=(-0.17, 4.25, 0.00) | velocity=(0.10, 0.01, 0.00) m/s | speed=0.10 m/s | net=0.10 m | straightness=0.90 | direction=0.00 | state=STATIONARY | detections=15
[INFO] [1790214412.576338266] [sage_semantic_world_model]: Target 1 updated | association_distance=0.03 m | raw=(-0.17, 4.28, 0.00) | smoothed=(-0.17, 4.26, 0.00) | velocity=(0.05, 0.05, 0.00) m/s | speed=0.07 m/s | net=0.10 m | straightness=0.83 | direction=0.00 | state=STATIONARY | detections=16
[INFO] [1790214412.674684237] [sage_semantic_world_model]: Target 1 updated | association_distance=0.00 m | raw=(-0.16, 4.26, 0.00) | smoothed=(-0.17, 4.26, 0.00) | velocity=(0.03, 0.04, 0.00) m/s | speed=0.05 m/s | net=0.10 m | straightness=0.83 | direction=0.00 | state=STATIONARY | detections=17
[INFO] [1790214412.776740985] [sage_semantic_world_model]: Target 1 updated | association_distance=0.00 m | raw=(-0.16, 4.26, 0.00) | smoothed=(-0.17, 4.26, 0.00) | velocity=(0.02, 0.03, 0.00) m/s | speed=0.03 m/s | net=0.10 m | straightness=0.83 | direction=0.00 | state=STATIONARY | detections=18
[INFO] [1790214412.874136531] [sage_semantic_world_model]: Target 1 updated | association_distance=0.02 m | raw=(-0.16, 4.28, 0.00) | smoothed=(-0.17, 4.26, 0.00) | velocity=(0.00, 0.03, 0.00) m/s | speed=0.03 m/s | net=0.06 m | straightness=0.74 | direction=0.00 | state=STATIONARY | detections=19
[INFO] [1790214412.980951326] [sage_semantic_world_model]: Target 1 updated | association_distance=0.02 m | raw=(-0.16, 4.28, 0.00) | smoothed=(-0.16, 4.27, 0.00) | velocity=(0.00, 0.03, 0.00) m/s | speed=0.03 m/s | net=0.05 m | straightness=0.72 | direction=0.00 | state=STATIONARY | detections=20
[INFO] [1790214413.073550639] [sage_semantic_world_model]: Target 1 updated | association_distance=0.01 m | raw=(-0.16, 4.28, 0.00) | smoothed=(-0.16, 4.27, 0.00) | velocity=(0.00, 0.03, 0.00) m/s | speed=0.03 m/s | net=0.04 m | straightness=0.88 | direction=0.00 | state=STATIONARY | detections=21
[INFO] [1790214413.171837994] [sage_semantic_world_model]: Target 1 updated | association_distance=0.03 m | raw=(-0.14, 4.25, 0.00) | smoothed=(-0.16, 4.27, 0.00) | velocity=(0.01, 0.02, 0.00) m/s | speed=0.02 m/s | net=0.03 m | straightness=0.67 | direction=0.00 | state=STATIONARY | detections=22
[INFO] [1790214413.271677019] [sage_semantic_world_model]: Target 1 updated | association_distance=0.02 m | raw=(-0.14, 4.25, 0.00) | smoothed=(-0.16, 4.26, 0.00) | velocity=(0.02, -0.01, 0.00) m/s | speed=0.02 m/s | net=0.02 m | straightness=0.50 | direction=0.00 | state=STATIONARY | detections=23
[INFO] [1790214413.373536762] [sage_semantic_world_model]: Target 1 updated | association_distance=0.02 m | raw=(-0.14, 4.25, 0.00) | smoothed=(-0.15, 4.26, 0.00) | velocity=(0.03, -0.03, 0.00) m/s | speed=0.04 m/s | net=0.02 m | straightness=0.39 | direction=0.00 | state=STATIONARY | detections=24
[INFO] [1790214413.478002630] [sage_semantic_world_model]: Target 1 updated | association_distance=0.07 m | raw=(-0.15, 4.32, 0.00) | smoothed=(-0.15, 4.27, 0.00) | velocity=(0.03, 0.01, 0.00) m/s | speed=0.03 m/s | net=0.02 m | straightness=0.43 | direction=0.00 | state=STATIONARY | detections=25
[INFO] [1790214413.572727424] [sage_semantic_world_model]: Target 1 updated | association_distance=0.05 m | raw=(-0.15, 4.32, 0.00) | smoothed=(-0.15, 4.29, 0.00) | velocity=(0.02, 0.05, 0.00) m/s | speed=0.06 m/s | net=0.03 m | straightness=0.52 | direction=0.00 | state=STATIONARY | detections=26
[INFO] [1790214413.677018896] [sage_semantic_world_model]: Target 1 updated | association_distance=0.03 m | raw=(-0.14, 4.31, 0.00) | smoothed=(-0.15, 4.29, 0.00) | velocity=(0.01, 0.08, 0.00) m/s | speed=0.08 m/s | net=0.04 m | straightness=0.57 | direction=0.00 | state=STATIONARY | detections=27
[INFO] [1790214413.777554051] [sage_semantic_world_model]: Target 1 updated | association_distance=0.02 m | raw=(-0.14, 4.31, 0.00) | smoothed=(-0.15, 4.30, 0.00) | velocity=(0.01, 0.10, 0.00) m/s | speed=0.10 m/s | net=0.04 m | straightness=0.57 | direction=0.00 | state=STATIONARY | detections=28
[INFO] [1790214413.875538189] [sage_semantic_world_model]: Target 1 updated | association_distance=0.02 m | raw=(-0.15, 4.28, 0.00) | smoothed=(-0.15, 4.29, 0.00) | velocity=(0.01, 0.05, 0.00) m/s | speed=0.05 m/s | net=0.03 m | straightness=0.44 | direction=0.00 | state=STATIONARY | detections=29
[INFO] [1790214413.983674043] [sage_semantic_world_model]: Target 1 updated | association_distance=0.01 m | raw=(-0.15, 4.28, 0.00) | smoothed=(-0.15, 4.29, 0.00) | velocity=(0.01, 0.01, 0.00) m/s | speed=0.01 m/s | net=0.02 m | straightness=0.36 | direction=0.00 | state=STATIONARY | detections=30
[INFO] [1790214414.079485823] [sage_semantic_world_model]: Target 1 updated | association_distance=0.02 m | raw=(-0.14, 4.27, 0.00) | smoothed=(-0.15, 4.28, 0.00) | velocity=(0.01, -0.02, 0.00) m/s | speed=0.02 m/s | net=0.02 m | straightness=0.37 | direction=0.00 | state=STATIONARY | detections=31
[INFO] [1790214414.176848745] [sage_semantic_world_model]: Target 1 updated | association_distance=0.01 m | raw=(-0.14, 4.27, 0.00) | smoothed=(-0.15, 4.28, 0.00) | velocity=(0.01, -0.04, 0.00) m/s | speed=0.04 m/s | net=0.02 m | straightness=0.38 | direction=0.00 | state=STATIONARY | detections=32
[INFO] [1790214414.278880706] [sage_semantic_world_model]: Target 1 updated | association_distance=0.03 m | raw=(-0.15, 4.26, 0.00) | smoothed=(-0.15, 4.28, 0.00) | velocity=(0.00, -0.04, 0.00) m/s | speed=0.04 m/s | net=0.02 m | straightness=0.30 | direction=0.00 | state=STATIONARY | detections=33
[INFO] [1790214414.373873378] [sage_semantic_world_model]: Target 1 updated | association_distance=0.02 m | raw=(-0.15, 4.26, 0.00) | smoothed=(-0.15, 4.27, 0.00) | velocity=(0.00, -0.05, 0.00) m/s | speed=0.05 m/s | net=0.01 m | straightness=0.11 | direction=0.00 | state=STATIONARY | detections=34
[INFO] [1790214414.474702976] [sage_semantic_world_model]: Target 1 updated | association_distance=0.01 m | raw=(-0.15, 4.26, 0.00) | smoothed=(-0.15, 4.27, 0.00) | velocity=(-0.00, -0.04, 0.00) m/s | speed=0.04 m/s | net=0.02 m | straightness=0.45 | direction=0.00 | state=STATIONARY | detections=35
[INFO] [1790214414.573788667] [sage_semantic_world_model]: Target 1 updated | association_distance=0.02 m | raw=(-0.13, 4.26, 0.00) | smoothed=(-0.14, 4.27, 0.00) | velocity=(0.00, -0.04, 0.00) m/s | speed=0.04 m/s | net=0.03 m | straightness=0.70 | direction=0.00 | state=STATIONARY | detections=36
[INFO] [1790214414.680699842] [sage_semantic_world_model]: Target 1 updated | association_distance=0.01 m | raw=(-0.13, 4.26, 0.00) | smoothed=(-0.14, 4.26, 0.00) | velocity=(0.01, -0.03, 0.00) m/s | speed=0.03 m/s | net=0.03 m | straightness=0.91 | direction=0.00 | state=STATIONARY | detections=37
[INFO] [1790214414.778941479] [sage_semantic_world_model]: Target 1 updated | association_distance=0.01 m | raw=(-0.14, 4.26, 0.00) | smoothed=(-0.14, 4.26, 0.00) | velocity=(0.02, -0.02, 0.00) m/s | speed=0.03 m/s | net=0.03 m | straightness=0.86 | direction=0.00 | state=STATIONARY | detections=38
[INFO] [1790214414.873160962] [sage_semantic_world_model]: Target 1 updated | association_distance=0.01 m | raw=(-0.14, 4.26, 0.00) | smoothed=(-0.14, 4.26, 0.00) | velocity=(0.02, -0.01, 0.00) m/s | speed=0.03 m/s | net=0.03 m | straightness=0.83 | direction=0.00 | state=STATIONARY | detections=39
[INFO] [1790214414.983764096] [sage_semantic_world_model]: Target 1 updated | association_distance=0.00 m | raw=(-0.14, 4.26, 0.00) | smoothed=(-0.14, 4.26, 0.00) | velocity=(0.02, -0.01, 0.00) m/s | speed=0.02 m/s | net=0.02 m | straightness=0.81 | direction=0.00 | state=STATIONARY | detections=40
[INFO] [1790214415.078775354] [sage_semantic_world_model]: Target 1 updated | association_distance=0.00 m | raw=(-0.14, 4.26, 0.00) | smoothed=(-0.14, 4.26, 0.00) | velocity=(0.01, -0.00, 0.00) m/s | speed=0.01 m/s | net=0.02 m | straightness=0.79 | direction=0.00 | state=STATIONARY | detections=41
[INFO] [1790214415.174839205] [sage_semantic_world_model]: Target 1 updated | association_distance=0.00 m | raw=(-0.14, 4.26, 0.00) | smoothed=(-0.14, 4.26, 0.00) | velocity=(0.01, -0.00, 0.00) m/s | speed=0.01 m/s | net=0.02 m | straightness=0.80 | direction=0.00 | state=STATIONARY | detections=42
[INFO] [1790214415.274305888] [sage_semantic_world_model]: Target 1 updated | association_distance=0.03 m | raw=(-0.13, 4.23, 0.00) | smoothed=(-0.14, 4.25, 0.00) | velocity=(0.01, -0.02, 0.00) m/s | speed=0.02 m/s | net=0.02 m | straightness=0.84 | direction=0.00 | state=STATIONARY | detections=43
[INFO] [1790214415.374561235] [sage_semantic_world_model]: Target 1 updated | association_distance=0.02 m | raw=(-0.13, 4.23, 0.00) | smoothed=(-0.14, 4.25, 0.00) | velocity=(0.01, -0.04, 0.00) m/s | speed=0.04 m/s | net=0.02 m | straightness=0.86 | direction=0.00 | state=STATIONARY | detections=44
[INFO] [1790214415.477800445] [sage_semantic_world_model]: Target 1 updated | association_distance=0.05 m | raw=(-0.12, 4.30, 0.00) | smoothed=(-0.13, 4.26, 0.00) | velocity=(0.01, -0.00, 0.00) m/s | speed=0.01 m/s | net=0.01 m | straightness=0.37 | direction=0.00 | state=STATIONARY | detections=45
[INFO] [1790214415.574979735] [sage_semantic_world_model]: Target 1 updated | association_distance=0.04 m | raw=(-0.12, 4.30, 0.00) | smoothed=(-0.13, 4.27, 0.00) | velocity=(0.01, 0.02, 0.00) m/s | speed=0.03 m/s | net=0.01 m | straightness=0.32 | direction=0.00 | state=STATIONARY | detections=46
[INFO] [1790214415.675577562] [sage_semantic_world_model]: Target 1 updated | association_distance=0.03 m | raw=(-0.16, 4.28, 0.00) | smoothed=(-0.14, 4.27, 0.00) | velocity=(-0.00, 0.04, 0.00) m/s | speed=0.04 m/s | net=0.01 m | straightness=0.20 | direction=0.00 | state=STATIONARY | detections=47
[INFO] [1790214415.779200964] [sage_semantic_world_model]: Target 1 updated | association_distance=0.02 m | raw=(-0.16, 4.28, 0.00) | smoothed=(-0.14, 4.27, 0.00) | velocity=(-0.02, 0.06, 0.00) m/s | speed=0.06 m/s | net=0.01 m | straightness=0.22 | direction=0.00 | state=STATIONARY | detections=48
[INFO] [1790214415.873259435] [sage_semantic_world_model]: Target 1 updated | association_distance=0.04 m | raw=(-0.16, 4.24, 0.00) | smoothed=(-0.15, 4.26, 0.00) | velocity=(-0.03, 0.01, 0.00) m/s | speed=0.03 m/s | net=0.01 m | straightness=0.14 | direction=0.00 | state=STATIONARY | detections=49
[INFO] [1790214415.977318009] [sage_semantic_world_model]: Target 1 updated | association_distance=0.03 m | raw=(-0.16, 4.24, 0.00) | smoothed=(-0.15, 4.26, 0.00) | velocity=(-0.04, -0.03, 0.00) m/s | speed=0.05 m/s | net=0.01 m | straightness=0.19 | direction=0.00 | state=STATIONARY | detections=50
[INFO] [1790214416.074791275] [sage_semantic_world_model]: Target 1 updated | association_distance=0.02 m | raw=(-0.16, 4.24, 0.00) | smoothed=(-0.15, 4.25, 0.00) | velocity=(-0.03, -0.05, 0.00) m/s | speed=0.06 m/s | net=0.02 m | straightness=0.24 | direction=0.00 | state=STATIONARY | detections=51
[INFO] [1790214416.180663669] [sage_semantic_world_model]: Target 1 updated | association_distance=0.06 m | raw=(-0.16, 4.20, 0.00) | smoothed=(-0.15, 4.24, 0.00) | velocity=(-0.03, -0.09, 0.00) m/s | speed=0.09 m/s | net=0.02 m | straightness=0.31 | direction=0.00 | state=STATIONARY | detections=52
[INFO] [1790214416.274216618] [sage_semantic_world_model]: Target 1 updated | association_distance=0.04 m | raw=(-0.16, 4.20, 0.00) | smoothed=(-0.16, 4.23, 0.00) | velocity=(-0.03, -0.09, 0.00) m/s | speed=0.09 m/s | net=0.03 m | straightness=0.36 | direction=0.00 | state=STATIONARY | detections=53
[INFO] [1790214416.380063342] [sage_semantic_world_model]: Target 1 updated | association_distance=0.03 m | raw=(-0.18, 4.25, 0.00) | smoothed=(-0.16, 4.23, 0.00) | velocity=(-0.03, -0.06, 0.00) m/s | speed=0.07 m/s | net=0.04 m | straightness=0.51 | direction=0.00 | state=STATIONARY | detections=54
[INFO] [1790214416.478710187] [sage_semantic_world_model]: Target 1 updated | association_distance=0.08 m | raw=(-0.18, 4.32, 0.00) | smoothed=(-0.17, 4.26, 0.00) | velocity=(-0.04, 0.00, 0.00) m/s | speed=0.04 m/s | net=0.04 m | straightness=0.42 | direction=0.00 | state=STATIONARY | detections=55
[INFO] [1790214416.575197859] [sage_semantic_world_model]: Target 1 updated | association_distance=0.06 m | raw=(-0.18, 4.32, 0.00) | smoothed=(-0.17, 4.27, 0.00) | velocity=(-0.04, 0.08, 0.00) m/s | speed=0.09 m/s | net=0.03 m | straightness=0.31 | direction=0.00 | state=STATIONARY | detections=56
[INFO] [1790214416.681911141] [sage_semantic_world_model]: Target 1 updated | association_distance=0.05 m | raw=(-0.18, 4.32, 0.00) | smoothed=(-0.17, 4.28, 0.00) | velocity=(-0.03, 0.13, 0.00) m/s | speed=0.14 m/s | net=0.03 m | straightness=0.28 | direction=0.00 | state=STATIONARY | detections=57
[INFO] [1790214416.776003238] [sage_semantic_world_model]: Target 1 updated | association_distance=0.04 m | raw=(-0.20, 4.32, 0.00) | smoothed=(-0.18, 4.29, 0.00) | velocity=(-0.04, 0.14, 0.00) m/s | speed=0.15 m/s | net=0.04 m | straightness=0.38 | direction=0.00 | state=STATIONARY | detections=58
[INFO] [1790214416.886778067] [sage_semantic_world_model]: Target 1 updated | association_distance=0.03 m | raw=(-0.20, 4.32, 0.00) | smoothed=(-0.18, 4.30, 0.00) | velocity=(-0.04, 0.11, 0.00) m/s | speed=0.12 m/s | net=0.05 m | straightness=0.48 | direction=0.00 | state=STATIONARY | detections=59
[INFO] [1790214416.973010459] [sage_semantic_world_model]: Target 1 updated | association_distance=0.05 m | raw=(-0.21, 4.27, 0.00) | smoothed=(-0.19, 4.29, 0.00) | velocity=(-0.05, 0.05, 0.00) m/s | speed=0.07 m/s | net=0.05 m | straightness=0.47 | direction=0.00 | state=STATIONARY | detections=60
[INFO] [1790214417.074245063] [sage_semantic_world_model]: Target 1 updated | association_distance=0.03 m | raw=(-0.21, 4.27, 0.00) | smoothed=(-0.20, 4.28, 0.00) | velocity=(-0.06, 0.00, 0.00) m/s | speed=0.06 m/s | net=0.06 m | straightness=0.57 | direction=0.00 | state=STATIONARY | detections=61
[INFO] [1790214417.174141688] [sage_semantic_world_model]: Target 1 updated | association_distance=0.03 m | raw=(-0.21, 4.27, 0.00) | smoothed=(-0.20, 4.28, 0.00) | velocity=(-0.06, -0.03, 0.00) m/s | speed=0.07 m/s | net=0.07 m | straightness=0.65 | direction=0.00 | state=STATIONARY | detections=62
[INFO] [1790214417.276616436] [sage_semantic_world_model]: Target 1 updated | association_distance=0.02 m | raw=(-0.21, 4.27, 0.00) | smoothed=(-0.20, 4.28, 0.00) | velocity=(-0.06, -0.05, 0.00) m/s | speed=0.08 m/s | net=0.06 m | straightness=0.60 | direction=0.00 | state=STATIONARY | detections=63
[INFO] [1790214417.378678190] [sage_semantic_world_model]: Target 1 updated | association_distance=0.01 m | raw=(-0.21, 4.27, 0.00) | smoothed=(-0.21, 4.28, 0.00) | velocity=(-0.04, -0.04, 0.00) m/s | speed=0.06 m/s | net=0.05 m | straightness=0.56 | direction=0.00 | state=STATIONARY | detections=64
[INFO] [1790214417.475688785] [sage_semantic_world_model]: Target 1 updated | association_distance=0.02 m | raw=(-0.21, 4.29, 0.00) | smoothed=(-0.21, 4.28, 0.00) | velocity=(-0.03, -0.01, 0.00) m/s | speed=0.03 m/s | net=0.04 m | straightness=0.57 | direction=0.00 | state=STATIONARY | detections=65
[INFO] [1790214417.577978977] [sage_semantic_world_model]: Target 1 updated | association_distance=0.01 m | raw=(-0.21, 4.29, 0.00) | smoothed=(-0.21, 4.28, 0.00) | velocity=(-0.02, 0.01, 0.00) m/s | speed=0.02 m/s | net=0.04 m | straightness=0.62 | direction=0.00 | state=STATIONARY | detections=66
[INFO] [1790214417.676148235] [sage_semantic_world_model]: Target 1 updated | association_distance=0.02 m | raw=(-0.21, 4.30, 0.00) | smoothed=(-0.21, 4.29, 0.00) | velocity=(-0.01, 0.02, 0.00) m/s | speed=0.02 m/s | net=0.03 m | straightness=0.60 | direction=0.00 | state=STATIONARY | detections=67
[INFO] [1790214417.774646528] [sage_semantic_world_model]: Target 1 updated | association_distance=0.01 m | raw=(-0.21, 4.30, 0.00) | smoothed=(-0.21, 4.29, 0.00) | velocity=(-0.00, 0.03, 0.00) m/s | speed=0.03 m/s | net=0.03 m | straightness=0.59 | direction=0.00 | state=STATIONARY | detections=68
[INFO] [1790214417.874682254] [sage_semantic_world_model]: Target 1 updated | association_distance=0.01 m | raw=(-0.21, 4.30, 0.00) | smoothed=(-0.21, 4.29, 0.00) | velocity=(-0.00, 0.03, 0.00) m/s | speed=0.03 m/s | net=0.02 m | straightness=0.49 | direction=0.00 | state=STATIONARY | detections=69
[INFO] [1790214417.974626989] [sage_semantic_world_model]: Target 1 updated | association_distance=0.10 m | raw=(-0.18, 4.39, 0.00) | smoothed=(-0.20, 4.32, 0.00) | velocity=(0.01, 0.08, 0.00) m/s | speed=0.08 m/s | net=0.03 m | straightness=0.59 | direction=0.00 | state=STATIONARY | detections=70
[INFO] [1790214418.076641561] [sage_semantic_world_model]: Target 1 updated | association_distance=0.07 m | raw=(-0.18, 4.39, 0.00) | smoothed=(-0.20, 4.33, 0.00) | velocity=(0.02, 0.12, 0.00) m/s | speed=0.12 m/s | net=0.05 m | straightness=0.81 | direction=0.00 | state=STATIONARY | detections=71
[INFO] [1790214418.186661031] [sage_semantic_world_model]: Target 1 updated | association_distance=0.06 m | raw=(-0.18, 4.39, 0.00) | smoothed=(-0.19, 4.35, 0.00) | velocity=(0.03, 0.14, 0.00) m/s | speed=0.15 m/s | net=0.07 m | straightness=0.92 | direction=0.00 | state=STATIONARY | detections=72
[INFO] [1790214418.274639073] [sage_semantic_world_model]: Target 1 updated | association_distance=0.04 m | raw=(-0.18, 4.39, 0.00) | smoothed=(-0.19, 4.36, 0.00) | velocity=(0.04, 0.16, 0.00) m/s | speed=0.17 m/s | net=0.08 m | straightness=0.99 | direction=0.00 | state=STATIONARY | detections=73
[INFO] [1790214418.371499997] [sage_semantic_world_model]: Target 1 updated | association_distance=0.03 m | raw=(-0.18, 4.39, 0.00) | smoothed=(-0.19, 4.36, 0.00) | velocity=(0.04, 0.12, 0.00) m/s | speed=0.13 m/s | net=0.09 m | straightness=0.99 | direction=0.00 | state=STATIONARY | detections=74
[INFO] [1790214418.475446183] [sage_semantic_world_model]: Target 1 updated | association_distance=0.07 m | raw=(-0.18, 4.43, 0.00) | smoothed=(-0.19, 4.38, 0.00) | velocity=(0.03, 0.12, 0.00) m/s | speed=0.13 m/s | net=0.10 m | straightness=0.99 | direction=0.00 | state=STATIONARY | detections=75
[INFO] [1790214418.576419030] [sage_semantic_world_model]: Target 1 updated | association_distance=0.05 m | raw=(-0.18, 4.43, 0.00) | smoothed=(-0.19, 4.39, 0.00) | velocity=(0.02, 0.12, 0.00) m/s | speed=0.12 m/s | net=0.11 m | straightness=0.99 | direction=0.00 | state=STATIONARY | detections=76
[INFO] [1790214418.674539167] [sage_semantic_world_model]: Target 1 updated | association_distance=0.12 m | raw=(-0.17, 4.52, 0.00) | smoothed=(-0.18, 4.42, 0.00) | velocity=(0.03, 0.17, 0.00) m/s | speed=0.17 m/s | net=0.14 m | straightness=1.00 | direction=0.00 | state=STATIONARY | detections=77
[INFO] [1790214418.773364048] [sage_semantic_world_model]: Target 1 updated | association_distance=0.09 m | raw=(-0.17, 4.52, 0.00) | smoothed=(-0.18, 4.45, 0.00) | velocity=(0.03, 0.21, 0.00) m/s | speed=0.21 m/s | net=0.16 m | straightness=1.00 | direction=0.00 | state=STATIONARY | detections=78
[INFO] [1790214418.881600956] [sage_semantic_world_model]: Target 1 updated | association_distance=0.07 m | raw=(-0.17, 4.52, 0.00) | smoothed=(-0.17, 4.46, 0.00) | velocity=(0.03, 0.21, 0.00) m/s | speed=0.21 m/s | net=0.15 m | straightness=1.00 | direction=0.00 | state=STATIONARY | detections=79
[INFO] [1790214418.976083821] [sage_semantic_world_model]: Target 1 updated | association_distance=0.02 m | raw=(-0.17, 4.48, 0.00) | smoothed=(-0.17, 4.47, 0.00) | velocity=(0.03, 0.19, 0.00) m/s | speed=0.19 m/s | net=0.14 m | straightness=1.00 | direction=0.00 | state=STATIONARY | detections=80
[INFO] [1790214419.076990289] [sage_semantic_world_model]: Target 1 updated | association_distance=0.02 m | raw=(-0.17, 4.48, 0.00) | smoothed=(-0.17, 4.47, 0.00) | velocity=(0.02, 0.12, 0.00) m/s | speed=0.12 m/s | net=0.13 m | straightness=1.00 | direction=0.00 | state=STATIONARY | detections=81
[INFO] [1790214419.172832911] [sage_semantic_world_model]: Target 1 updated | association_distance=0.02 m | raw=(-0.16, 4.47, 0.00) | smoothed=(-0.17, 4.47, 0.00) | velocity=(0.02, 0.06, 0.00) m/s | speed=0.06 m/s | net=0.12 m | straightness=0.96 | direction=0.00 | state=STATIONARY | detections=82
[INFO] [1790214419.272174273] [sage_semantic_world_model]: Target 1 updated | association_distance=0.01 m | raw=(-0.16, 4.47, 0.00) | smoothed=(-0.17, 4.47, 0.00) | velocity=(0.02, 0.02, 0.00) m/s | speed=0.03 m/s | net=0.11 m | straightness=0.93 | direction=0.00 | state=STATIONARY | detections=83
[INFO] [1790214419.373234707] [sage_semantic_world_model]: Target 1 updated | association_distance=0.01 m | raw=(-0.16, 4.47, 0.00) | smoothed=(-0.16, 4.47, 0.00) | velocity=(0.02, 0.00, 0.00) m/s | speed=0.03 m/s | net=0.09 m | straightness=0.89 | direction=0.00 | state=STATIONARY | detections=84
[INFO] [1790214419.483853538] [sage_semantic_world_model]: Target 1 updated | association_distance=0.03 m | raw=(-0.13, 4.48, 0.00) | smoothed=(-0.16, 4.47, 0.00) | velocity=(0.04, -0.00, 0.00) m/s | speed=0.04 m/s | net=0.08 m | straightness=0.85 | direction=0.00 | state=STATIONARY | detections=85
[INFO] [1790214419.577557896] [sage_semantic_world_model]: Target 1 updated | association_distance=0.02 m | raw=(-0.13, 4.48, 0.00) | smoothed=(-0.15, 4.47, 0.00) | velocity=(0.05, 0.00, 0.00) m/s | speed=0.05 m/s | net=0.06 m | straightness=0.78 | direction=0.00 | state=STATIONARY | detections=86
[INFO] [1790214419.672367234] [sage_semantic_world_model]: Target 1 updated | association_distance=0.02 m | raw=(-0.13, 4.47, 0.00) | smoothed=(-0.15, 4.47, 0.00) | velocity=(0.05, -0.00, 0.00) m/s | speed=0.05 m/s | net=0.04 m | straightness=0.71 | direction=0.00 | state=STATIONARY | detections=87
[INFO] [1790214419.780694712] [sage_semantic_world_model]: Target 1 updated | association_distance=0.02 m | raw=(-0.13, 4.47, 0.00) | smoothed=(-0.14, 4.47, 0.00) | velocity=(0.05, -0.00, 0.00) m/s | speed=0.05 m/s | net=0.03 m | straightness=0.78 | direction=0.00 | state=STATIONARY | detections=88
[INFO] [1790214419.877184835] [sage_semantic_world_model]: Target 1 updated | association_distance=0.04 m | raw=(-0.11, 4.48, 0.00) | smoothed=(-0.13, 4.47, 0.00) | velocity=(0.06, 0.00, 0.00) m/s | speed=0.06 m/s | net=0.04 m | straightness=0.89 | direction=0.00 | state=STATIONARY | detections=89
[INFO] [1790214419.983717618] [sage_semantic_world_model]: Target 1 updated | association_distance=0.03 m | raw=(-0.11, 4.48, 0.00) | smoothed=(-0.13, 4.48, 0.00) | velocity=(0.06, 0.01, 0.00) m/s | speed=0.06 m/s | net=0.05 m | straightness=0.96 | direction=0.00 | state=STATIONARY | detections=90
[INFO] [1790214420.073953407] [sage_semantic_world_model]: Target 1 updated | association_distance=0.02 m | raw=(-0.11, 4.48, 0.00) | smoothed=(-0.12, 4.48, 0.00) | velocity=(0.06, 0.01, 0.00) m/s | speed=0.06 m/s | net=0.05 m | straightness=0.97 | direction=0.00 | state=STATIONARY | detections=91
[INFO] [1790214420.173618914] [sage_semantic_world_model]: Target 1 updated | association_distance=0.02 m | raw=(-0.10, 4.48, 0.00) | smoothed=(-0.12, 4.48, 0.00) | velocity=(0.07, 0.02, 0.00) m/s | speed=0.07 m/s | net=0.05 m | straightness=0.97 | direction=0.00 | state=STATIONARY | detections=92
[INFO] [1790214420.277100368] [sage_semantic_world_model]: Target 1 updated | association_distance=0.02 m | raw=(-0.10, 4.48, 0.00) | smoothed=(-0.11, 4.48, 0.00) | velocity=(0.05, 0.01, 0.00) m/s | speed=0.05 m/s | net=0.05 m | straightness=0.98 | direction=0.00 | state=STATIONARY | detections=93
[INFO] [1790214420.380746034] [sage_semantic_world_model]: Target 1 updated | association_distance=0.01 m | raw=(-0.10, 4.48, 0.00) | smoothed=(-0.11, 4.48, 0.00) | velocity=(0.04, 0.00, 0.00) m/s | speed=0.04 m/s | net=0.05 m | straightness=0.97 | direction=0.00 | state=STATIONARY | detections=94
[INFO] [1790214420.472969106] [sage_semantic_world_model]: Target 1 updated | association_distance=0.01 m | raw=(-0.10, 4.48, 0.00) | smoothed=(-0.11, 4.48, 0.00) | velocity=(0.04, -0.00, 0.00) m/s | speed=0.04 m/s | net=0.04 m | straightness=0.97 | direction=0.00 | state=STATIONARY | detections=95
[INFO] [1790214420.579646912] [sage_semantic_world_model]: Target 1 updated | association_distance=0.05 m | raw=(-0.10, 4.52, 0.00) | smoothed=(-0.11, 4.49, 0.00) | velocity=(0.03, 0.03, 0.00) m/s | speed=0.04 m/s | net=0.04 m | straightness=0.85 | direction=0.00 | state=STATIONARY | detections=96
[INFO] [1790214420.688230232] [sage_semantic_world_model]: Target 1 updated | association_distance=0.04 m | raw=(-0.10, 4.52, 0.00) | smoothed=(-0.10, 4.50, 0.00) | velocity=(0.02, 0.05, 0.00) m/s | speed=0.05 m/s | net=0.05 m | straightness=0.82 | direction=0.00 | state=STATIONARY | detections=97
[INFO] [1790214420.774222319] [sage_semantic_world_model]: Target 1 updated | association_distance=0.03 m | raw=(-0.10, 4.52, 0.00) | smoothed=(-0.10, 4.50, 0.00) | velocity=(0.01, 0.07, 0.00) m/s | speed=0.07 m/s | net=0.04 m | straightness=0.79 | direction=0.00 | state=STATIONARY | detections=98
[INFO] [1790214420.873420032] [sage_semantic_world_model]: Target 1 updated | association_distance=0.01 m | raw=(-0.11, 4.51, 0.00) | smoothed=(-0.10, 4.51, 0.00) | velocity=(0.01, 0.07, 0.00) m/s | speed=0.07 m/s | net=0.04 m | straightness=0.76 | direction=0.00 | state=STATIONARY | detections=99
[INFO] [1790214420.983841918] [sage_semantic_world_model]: Target 1 updated | association_distance=0.01 m | raw=(-0.11, 4.51, 0.00) | smoothed=(-0.11, 4.51, 0.00) | velocity=(-0.00, 0.05, 0.00) m/s | speed=0.05 m/s | net=0.03 m | straightness=0.75 | direction=0.00 | state=STATIONARY | detections=100
[INFO] [1790214421.081664861] [sage_semantic_world_model]: Target 1 updated | association_distance=0.01 m | raw=(-0.11, 4.51, 0.00) | smoothed=(-0.11, 4.51, 0.00) | velocity=(-0.00, 0.03, 0.00) m/s | speed=0.03 m/s | net=0.03 m | straightness=0.79 | direction=0.00 | state=STATIONARY | detections=101
[INFO] [1790214421.179244723] [sage_semantic_world_model]: Target 1 updated | association_distance=0.00 m | raw=(-0.11, 4.51, 0.00) | smoothed=(-0.11, 4.51, 0.00) | velocity=(-0.01, 0.01, 0.00) m/s | speed=0.02 m/s | net=0.03 m | straightness=0.85 | direction=0.00 | state=STATIONARY | detections=102
[INFO] [1790214421.277012112] [sage_semantic_world_model]: Target 1 updated | association_distance=0.00 m | raw=(-0.11, 4.51, 0.00) | smoothed=(-0.11, 4.51, 0.00) | velocity=(-0.01, 0.01, 0.00) m/s | speed=0.01 m/s | net=0.03 m | straightness=0.91 | direction=0.00 | state=STATIONARY | detections=103
[INFO] [1790214421.375790566] [sage_semantic_world_model]: Target 1 updated | association_distance=0.03 m | raw=(-0.13, 4.49, 0.00) | smoothed=(-0.11, 4.51, 0.00) | velocity=(-0.02, -0.01, 0.00) m/s | speed=0.02 m/s | net=0.03 m | straightness=0.70 | direction=0.00 | state=STATIONARY | detections=104
[INFO] [1790214421.477686036] [sage_semantic_world_model]: Target 1 updated | association_distance=0.02 m | raw=(-0.13, 4.49, 0.00) | smoothed=(-0.12, 4.50, 0.00) | velocity=(-0.02, -0.02, 0.00) m/s | speed=0.03 m/s | net=0.02 m | straightness=0.48 | direction=0.00 | state=STATIONARY | detections=105
[INFO] [1790214421.578638943] [sage_semantic_world_model]: Target 1 updated | association_distance=0.02 m | raw=(-0.13, 4.49, 0.00) | smoothed=(-0.12, 4.50, 0.00) | velocity=(-0.03, -0.03, 0.00) m/s | speed=0.04 m/s | net=0.01 m | straightness=0.49 | direction=0.00 | state=STATIONARY | detections=106
[INFO] [1790214421.673131316] [sage_semantic_world_model]: Target 1 updated | association_distance=0.01 m | raw=(-0.13, 4.49, 0.00) | smoothed=(-0.12, 4.50, 0.00) | velocity=(-0.03, -0.03, 0.00) m/s | speed=0.05 m/s | net=0.02 m | straightness=0.72 | direction=0.00 | state=STATIONARY | detections=107
[INFO] [1790214421.775847473] [sage_semantic_world_model]: Target 1 updated | association_distance=0.06 m | raw=(-0.10, 4.55, 0.00) | smoothed=(-0.11, 4.51, 0.00) | velocity=(-0.01, 0.01, 0.00) m/s | speed=0.02 m/s | net=0.01 m | straightness=0.29 | direction=0.00 | state=STATIONARY | detections=108
[INFO] [1790214421.873586879] [sage_semantic_world_model]: Target 1 updated | association_distance=0.05 m | raw=(-0.10, 4.55, 0.00) | smoothed=(-0.11, 4.52, 0.00) | velocity=(0.01, 0.05, 0.00) m/s | speed=0.05 m/s | net=0.02 m | straightness=0.31 | direction=0.00 | state=STATIONARY | detections=109
[INFO] [1790214421.974845483] [sage_semantic_world_model]: Target 1 updated | association_distance=0.07 m | raw=(-0.12, 4.59, 0.00) | smoothed=(-0.11, 4.54, 0.00) | velocity=(0.01, 0.10, 0.00) m/s | speed=0.10 m/s | net=0.03 m | straightness=0.47 | direction=0.00 | state=STATIONARY | detections=110
[INFO] [1790214422.072880782] [sage_semantic_world_model]: Target 1 updated | association_distance=0.05 m | raw=(-0.12, 4.59, 0.00) | smoothed=(-0.11, 4.55, 0.00) | velocity=(0.02, 0.13, 0.00) m/s | speed=0.14 m/s | net=0.04 m | straightness=0.55 | direction=0.00 | state=STATIONARY | detections=111
[INFO] [1790214422.174003682] [sage_semantic_world_model]: Target 1 updated | association_distance=0.14 m | raw=(-0.12, 4.70, 0.00) | smoothed=(-0.11, 4.59, 0.00) | velocity=(-0.00, 0.19, 0.00) m/s | speed=0.19 m/s | net=0.08 m | straightness=0.69 | direction=0.00 | state=STATIONARY | detections=112
[INFO] [1790214422.277614375] [sage_semantic_world_model]: Target 1 updated | association_distance=0.11 m | raw=(-0.12, 4.70, 0.00) | smoothed=(-0.12, 4.61, 0.00) | velocity=(-0.01, 0.23, 0.00) m/s | speed=0.23 m/s | net=0.11 m | straightness=0.83 | direction=0.00 | state=STATIONARY | detections=113
[INFO] [1790214422.375418395] [sage_semantic_world_model]: Target 1 updated | association_distance=0.04 m | raw=(-0.14, 4.64, 0.00) | smoothed=(-0.12, 4.62, 0.00) | velocity=(-0.02, 0.21, 0.00) m/s | speed=0.21 m/s | net=0.12 m | straightness=0.88 | direction=0.00 | state=STATIONARY | detections=114
[INFO] [1790214422.477045026] [sage_semantic_world_model]: Target 1 updated | association_distance=0.03 m | raw=(-0.14, 4.64, 0.00) | smoothed=(-0.13, 4.63, 0.00) | velocity=(-0.03, 0.19, 0.00) m/s | speed=0.19 m/s | net=0.13 m | straightness=0.92 | direction=0.00 | state=STATIONARY | detections=115
[INFO] [1790214422.576688195] [sage_semantic_world_model]: Target 1 updated | association_distance=0.02 m | raw=(-0.14, 4.64, 0.00) | smoothed=(-0.13, 4.63, 0.00) | velocity=(-0.04, 0.11, 0.00) m/s | speed=0.12 m/s | net=0.13 m | straightness=0.94 | direction=0.00 | state=STATIONARY | detections=116
[INFO] [1790214422.673954322] [sage_semantic_world_model]: Target 1 updated | association_distance=0.04 m | raw=(-0.15, 4.60, 0.00) | smoothed=(-0.14, 4.62, 0.00) | velocity=(-0.05, 0.02, 0.00) m/s | speed=0.06 m/s | net=0.11 m | straightness=0.83 | direction=0.00 | state=STATIONARY | detections=117
[INFO] [1790214422.772981460] [sage_semantic_world_model]: Target 1 updated | association_distance=0.05 m | raw=(-0.16, 4.58, 0.00) | smoothed=(-0.14, 4.61, 0.00) | velocity=(-0.05, -0.03, 0.00) m/s | speed=0.06 m/s | net=0.10 m | straightness=0.68 | direction=0.00 | state=STATIONARY | detections=118
[INFO] [1790214422.874182033] [sage_semantic_world_model]: Target 1 updated | association_distance=0.04 m | raw=(-0.16, 4.58, 0.00) | smoothed=(-0.15, 4.60, 0.00) | velocity=(-0.05, -0.06, 0.00) m/s | speed=0.08 m/s | net=0.07 m | straightness=0.55 | direction=0.00 | state=STATIONARY | detections=119
[INFO] [1790214422.972487244] [sage_semantic_world_model]: Target 1 updated | association_distance=0.03 m | raw=(-0.16, 4.58, 0.00) | smoothed=(-0.15, 4.60, 0.00) | velocity=(-0.05, -0.09, 0.00) m/s | speed=0.10 m/s | net=0.06 m | straightness=0.46 | direction=0.00 | state=STATIONARY | detections=120
[INFO] [1790214423.078934935] [sage_semantic_world_model]: Target 1 updated | association_distance=0.09 m | raw=(-0.15, 4.51, 0.00) | smoothed=(-0.15, 4.57, 0.00) | velocity=(-0.04, -0.12, 0.00) m/s | speed=0.13 m/s | net=0.04 m | straightness=0.34 | direction=0.00 | state=STATIONARY | detections=121
[INFO] [1790214423.173256698] [sage_semantic_world_model]: Target 1 updated | association_distance=0.07 m | raw=(-0.15, 4.51, 0.00) | smoothed=(-0.15, 4.56, 0.00) | velocity=(-0.02, -0.14, 0.00) m/s | speed=0.14 m/s | net=0.07 m | straightness=0.65 | direction=0.00 | state=STATIONARY | detections=122
[INFO] [1790214423.278711021] [sage_semantic_world_model]: Target 1 updated | association_distance=0.06 m | raw=(-0.15, 4.50, 0.00) | smoothed=(-0.15, 4.54, 0.00) | velocity=(-0.01, -0.15, 0.00) m/s | speed=0.15 m/s | net=0.08 m | straightness=0.78 | direction=0.00 | state=STATIONARY | detections=123
[INFO] [1790214423.371845976] [sage_semantic_world_model]: Target 1 updated | association_distance=0.04 m | raw=(-0.15, 4.50, 0.00) | smoothed=(-0.15, 4.53, 0.00) | velocity=(0.00, -0.16, 0.00) m/s | speed=0.16 m/s | net=0.10 m | straightness=0.88 | direction=0.00 | state=STATIONARY | detections=124
[INFO] [1790214423.478727426] [sage_semantic_world_model]: Target 1 updated | association_distance=0.11 m | raw=(-0.14, 4.42, 0.00) | smoothed=(-0.15, 4.50, 0.00) | velocity=(0.01, -0.18, 0.00) m/s | speed=0.18 m/s | net=0.13 m | straightness=0.97 | direction=0.00 | state=STATIONARY | detections=125
[INFO] [1790214423.574432034] [sage_semantic_world_model]: Target 1 updated | association_distance=0.08 m | raw=(-0.14, 4.42, 0.00) | smoothed=(-0.14, 4.48, 0.00) | velocity=(0.02, -0.19, 0.00) m/s | speed=0.19 m/s | net=0.14 m | straightness=0.97 | direction=0.00 | state=STATIONARY | detections=126
[INFO] [1790214423.680777528] [sage_semantic_world_model]: Target 1 updated | association_distance=0.11 m | raw=(-0.16, 4.37, 0.00) | smoothed=(-0.15, 4.45, 0.00) | velocity=(0.01, -0.22, 0.00) m/s | speed=0.22 m/s | net=0.16 m | straightness=0.98 | direction=0.00 | state=STATIONARY | detections=127
[INFO] [1790214423.772303461] [sage_semantic_world_model]: Target 1 updated | association_distance=0.08 m | raw=(-0.16, 4.37, 0.00) | smoothed=(-0.15, 4.43, 0.00) | velocity=(-0.00, -0.25, 0.00) m/s | speed=0.25 m/s | net=0.17 m | straightness=0.99 | direction=0.00 | state=STATIONARY | detections=128
[INFO] [1790214423.875177223] [sage_semantic_world_model]: Target 1 updated | association_distance=0.11 m | raw=(-0.16, 4.33, 0.00) | smoothed=(-0.15, 4.41, 0.00) | velocity=(-0.02, -0.24, 0.00) m/s | speed=0.25 m/s | net=0.19 m | straightness=1.00 | direction=0.00 | state=STATIONARY | detections=129
[INFO] [1790214423.983484203] [sage_semantic_world_model]: Target 1 updated | association_distance=0.08 m | raw=(-0.16, 4.33, 0.00) | smoothed=(-0.16, 4.39, 0.00) | velocity=(-0.03, -0.24, 0.00) m/s | speed=0.24 m/s | net=0.19 m | straightness=0.99 | direction=0.00 | state=STATIONARY | detections=130
[INFO] [1790214424.082594314] [sage_semantic_world_model]: Target 1 updated | association_distance=0.06 m | raw=(-0.16, 4.33, 0.00) | smoothed=(-0.16, 4.37, 0.00) | velocity=(-0.03, -0.21, 0.00) m/s | speed=0.21 m/s | net=0.19 m | straightness=0.99 | direction=0.00 | state=STATIONARY | detections=131
[INFO] [1790214424.173557262] [sage_semantic_world_model]: Target 1 updated | association_distance=0.06 m | raw=(-0.18, 4.32, 0.00) | smoothed=(-0.16, 4.36, 0.00) | velocity=(-0.03, -0.19, 0.00) m/s | speed=0.19 m/s | net=0.18 m | straightness=0.99 | direction=0.00 | state=STATIONARY | detections=132
[INFO] [1790214424.273199834] [sage_semantic_world_model]: Target 1 updated | association_distance=0.04 m | raw=(-0.18, 4.32, 0.00) | smoothed=(-0.17, 4.35, 0.00) | velocity=(-0.03, -0.14, 0.00) m/s | speed=0.15 m/s | net=0.18 m | straightness=0.99 | direction=0.00 | state=STATIONARY | detections=133
[INFO] [1790214424.380911255] [sage_semantic_world_model]: Target 1 updated | association_distance=0.03 m | raw=(-0.18, 4.32, 0.00) | smoothed=(-0.17, 4.34, 0.00) | velocity=(-0.03, -0.11, 0.00) m/s | speed=0.12 m/s | net=0.16 m | straightness=0.99 | direction=0.00 | state=STATIONARY | detections=134
[INFO] [1790214424.478455238] [sage_semantic_world_model]: Target 1 updated | association_distance=0.02 m | raw=(-0.18, 4.32, 0.00) | smoothed=(-0.17, 4.34, 0.00) | velocity=(-0.03, -0.09, 0.00) m/s | speed=0.10 m/s | net=0.15 m | straightness=1.00 | direction=0.00 | state=STATIONARY | detections=135
[INFO] [1790214424.571999007] [sage_semantic_world_model]: Target 1 updated | association_distance=0.06 m | raw=(-0.18, 4.40, 0.00) | smoothed=(-0.17, 4.35, 0.00) | velocity=(-0.02, -0.02, 0.00) m/s | speed=0.03 m/s | net=0.11 m | straightness=0.77 | direction=0.00 | state=STATIONARY | detections=136
[INFO] [1790214424.678220146] [sage_semantic_world_model]: Target 1 updated | association_distance=0.05 m | raw=(-0.18, 4.40, 0.00) | smoothed=(-0.17, 4.36, 0.00) | velocity=(-0.02, 0.04, 0.00) m/s | speed=0.04 m/s | net=0.07 m | straightness=0.58 | direction=0.00 | state=STATIONARY | detections=137
[INFO] [1790214424.773812829] [sage_semantic_world_model]: Target 1 updated | association_distance=0.04 m | raw=(-0.18, 4.40, 0.00) | smoothed=(-0.18, 4.37, 0.00) | velocity=(-0.01, 0.08, 0.00) m/s | speed=0.08 m/s | net=0.04 m | straightness=0.37 | direction=0.00 | state=STATIONARY | detections=138
[INFO] [1790214424.876956946] [sage_semantic_world_model]: Target 1 updated | association_distance=0.03 m | raw=(-0.18, 4.40, 0.00) | smoothed=(-0.18, 4.38, 0.00) | velocity=(-0.01, 0.11, 0.00) m/s | speed=0.11 m/s | net=0.02 m | straightness=0.22 | direction=0.00 | state=STATIONARY | detections=139
[INFO] [1790214424.975553447] [sage_semantic_world_model]: Target 1 updated | association_distance=0.02 m | raw=(-0.18, 4.40, 0.00) | smoothed=(-0.18, 4.38, 0.00) | velocity=(-0.01, 0.08, 0.00) m/s | speed=0.08 m/s | net=0.02 m | straightness=0.25 | direction=0.00 | state=STATIONARY | detections=140
[INFO] [1790214425.073344109] [sage_semantic_world_model]: Target 1 updated | association_distance=0.02 m | raw=(-0.18, 4.40, 0.00) | smoothed=(-0.18, 4.39, 0.00) | velocity=(-0.01, 0.06, 0.00) m/s | speed=0.06 m/s | net=0.03 m | straightness=0.42 | direction=0.00 | state=STATIONARY | detections=141
[INFO] [1790214425.177655228] [sage_semantic_world_model]: Target 1 updated | association_distance=0.05 m | raw=(-0.13, 4.37, 0.00) | smoothed=(-0.17, 4.38, 0.00) | velocity=(0.02, 0.03, 0.00) m/s | speed=0.04 m/s | net=0.04 m | straightness=0.46 | direction=0.00 | state=STATIONARY | detections=142
[INFO] [1790214425.273149587] [sage_semantic_world_model]: Target 1 updated | association_distance=0.03 m | raw=(-0.13, 4.37, 0.00) | smoothed=(-0.16, 4.38, 0.00) | velocity=(0.05, 0.01, 0.00) m/s | speed=0.05 m/s | net=0.04 m | straightness=0.53 | direction=0.00 | state=STATIONARY | detections=143
[INFO] [1790214425.381654034] [sage_semantic_world_model]: Target 1 updated | association_distance=0.03 m | raw=(-0.13, 4.37, 0.00) | smoothed=(-0.15, 4.38, 0.00) | velocity=(0.06, -0.01, 0.00) m/s | speed=0.06 m/s | net=0.05 m | straightness=0.61 | direction=0.00 | state=STATIONARY | detections=144
[INFO] [1790214425.477218110] [sage_semantic_world_model]: Target 1 updated | association_distance=0.06 m | raw=(-0.16, 4.32, 0.00) | smoothed=(-0.15, 4.36, 0.00) | velocity=(0.06, -0.06, 0.00) m/s | speed=0.08 m/s | net=0.02 m | straightness=0.31 | direction=0.00 | state=STATIONARY | detections=145
[INFO] [1790214425.577154747] [sage_semantic_world_model]: Target 1 updated | association_distance=0.04 m | raw=(-0.16, 4.32, 0.00) | smoothed=(-0.15, 4.35, 0.00) | velocity=(0.03, -0.08, 0.00) m/s | speed=0.08 m/s | net=0.02 m | straightness=0.29 | direction=0.00 | state=STATIONARY | detections=146
[INFO] [1790214425.677016504] [sage_semantic_world_model]: Target 1 updated | association_distance=0.03 m | raw=(-0.16, 4.32, 0.00) | smoothed=(-0.16, 4.35, 0.00) | velocity=(0.01, -0.09, 0.00) m/s | speed=0.09 m/s | net=0.03 m | straightness=0.44 | direction=0.00 | state=STATIONARY | detections=147
[INFO] [1790214425.774398820] [sage_semantic_world_model]: Target 1 updated | association_distance=0.03 m | raw=(-0.16, 4.32, 0.00) | smoothed=(-0.16, 4.34, 0.00) | velocity=(-0.01, -0.10, 0.00) m/s | speed=0.10 m/s | net=0.04 m | straightness=0.58 | direction=0.00 | state=STATIONARY | detections=148
[INFO] [1790214425.876721895] [sage_semantic_world_model]: Target 1 updated | association_distance=0.14 m | raw=(-0.17, 4.20, 0.00) | smoothed=(-0.16, 4.30, 0.00) | velocity=(-0.02, -0.15, 0.00) m/s | speed=0.15 m/s | net=0.08 m | straightness=0.77 | direction=0.00 | state=STATIONARY | detections=149
[INFO] [1790214425.972806140] [sage_semantic_world_model]: Target 1 updated | association_distance=0.11 m | raw=(-0.17, 4.20, 0.00) | smoothed=(-0.16, 4.28, 0.00) | velocity=(-0.02, -0.19, 0.00) m/s | speed=0.20 m/s | net=0.11 m | straightness=0.86 | direction=0.00 | state=STATIONARY | detections=150
[INFO] [1790214426.074582711] [sage_semantic_world_model]: Target 1 updated | association_distance=0.08 m | raw=(-0.17, 4.20, 0.00) | smoothed=(-0.16, 4.26, 0.00) | velocity=(-0.02, -0.22, 0.00) m/s | speed=0.22 m/s | net=0.13 m | straightness=0.92 | direction=0.00 | state=STATIONARY | detections=151
[INFO] [1790214426.175739063] [sage_semantic_world_model]: Target 1 updated | association_distance=0.06 m | raw=(-0.17, 4.20, 0.00) | smoothed=(-0.17, 4.24, 0.00) | velocity=(-0.02, -0.24, 0.00) m/s | speed=0.24 m/s | net=0.14 m | straightness=0.97 | direction=0.00 | state=STATIONARY | detections=152
[INFO] [1790214426.273171991] [sage_semantic_world_model]: Target 1 updated | association_distance=0.05 m | raw=(-0.17, 4.20, 0.00) | smoothed=(-0.17, 4.23, 0.00) | velocity=(-0.02, -0.18, 0.00) m/s | speed=0.19 m/s | net=0.15 m | straightness=1.00 | direction=0.00 | state=STATIONARY | detections=153
[INFO] [1790214426.383344268] [sage_semantic_world_model]: Target 1 updated | association_distance=0.01 m | raw=(-0.18, 4.24, 0.00) | smoothed=(-0.17, 4.23, 0.00) | velocity=(-0.02, -0.11, 0.00) m/s | speed=0.11 m/s | net=0.13 m | straightness=0.97 | direction=0.00 | state=STATIONARY | detections=154
[INFO] [1790214426.476821139] [sage_semantic_world_model]: Target 1 updated | association_distance=0.01 m | raw=(-0.18, 4.24, 0.00) | smoothed=(-0.17, 4.23, 0.00) | velocity=(-0.02, -0.06, 0.00) m/s | speed=0.06 m/s | net=0.12 m | straightness=0.94 | direction=0.00 | state=STATIONARY | detections=155
[INFO] [1790214426.574347858] [sage_semantic_world_model]: Target 1 updated | association_distance=0.01 m | raw=(-0.18, 4.24, 0.00) | smoothed=(-0.17, 4.23, 0.00) | velocity=(-0.02, -0.02, 0.00) m/s | speed=0.03 m/s | net=0.11 m | straightness=0.92 | direction=0.00 | state=STATIONARY | detections=156
[INFO] [1790214426.682936114] [sage_semantic_world_model]: Target 1 updated | association_distance=0.01 m | raw=(-0.18, 4.24, 0.00) | smoothed=(-0.17, 4.23, 0.00) | velocity=(-0.02, 0.01, 0.00) m/s | speed=0.02 m/s | net=0.11 m | straightness=0.90 | direction=0.00 | state=STATIONARY | detections=157
[INFO] [1790214426.780935871] [sage_semantic_world_model]: Target 1 updated | association_distance=0.00 m | raw=(-0.18, 4.24, 0.00) | smoothed=(-0.18, 4.23, 0.00) | velocity=(-0.02, 0.01, 0.00) m/s | speed=0.02 m/s | net=0.07 m | straightness=0.84 | direction=0.00 | state=STATIONARY | detections=158
[INFO] [1790214426.882316023] [sage_semantic_world_model]: Target 1 updated | association_distance=0.00 m | raw=(-0.18, 4.24, 0.00) | smoothed=(-0.18, 4.24, 0.00) | velocity=(-0.01, 0.01, 0.00) m/s | speed=0.01 m/s | net=0.04 m | straightness=0.76 | direction=0.00 | state=STATIONARY | detections=159
[INFO] [1790214426.973671248] [sage_semantic_world_model]: Target 1 updated | association_distance=0.00 m | raw=(-0.18, 4.24, 0.00) | smoothed=(-0.18, 4.24, 0.00) | velocity=(-0.01, 0.00, 0.00) m/s | speed=0.01 m/s | net=0.02 m | straightness=0.65 | direction=0.00 | state=STATIONARY | detections=160
[INFO] [1790214427.077662685] [sage_semantic_world_model]: Target 1 updated | association_distance=0.00 m | raw=(-0.18, 4.24, 0.00) | smoothed=(-0.18, 4.24, 0.00) | velocity=(-0.01, 0.00, 0.00) m/s | speed=0.01 m/s | net=0.01 m | straightness=0.57 | direction=0.00 | state=STATIONARY | detections=161
[INFO] [1790214427.178565824] [sage_semantic_world_model]: Target 1 updated | association_distance=0.00 m | raw=(-0.18, 4.24, 0.00) | smoothed=(-0.18, 4.24, 0.00) | velocity=(-0.00, 0.00, 0.00) m/s | speed=0.01 m/s | net=0.01 m | straightness=1.00 | direction=0.00 | state=STATIONARY | detections=162
[INFO] [1790214427.274843629] [sage_semantic_world_model]: Target 1 updated | association_distance=0.00 m | raw=(-0.18, 4.24, 0.00) | smoothed=(-0.18, 4.24, 0.00) | velocity=(-0.00, 0.00, 0.00) m/s | speed=0.00 m/s | net=0.01 m | straightness=0.00 | direction=0.00 | state=STATIONARY | detections=163
[INFO] [1790214427.378736677] [sage_semantic_world_model]: Target 1 updated | association_distance=0.00 m | raw=(-0.18, 4.24, 0.00) | smoothed=(-0.18, 4.24, 0.00) | velocity=(-0.00, 0.00, 0.00) m/s | speed=0.00 m/s | net=0.01 m | straightness=0.00 | direction=0.00 | state=STATIONARY | detections=164
[INFO] [1790214427.479226889] [sage_semantic_world_model]: Target 1 updated | association_distance=0.00 m | raw=(-0.18, 4.24, 0.00) | smoothed=(-0.18, 4.24, 0.00) | velocity=(-0.00, 0.00, 0.00) m/s | speed=0.00 m/s | net=0.01 m | straightness=0.00 | direction=0.00 | state=STATIONARY | detections=165
[INFO] [1790214427.573840948] [sage_semantic_world_model]: Target 1 updated | association_distance=0.00 m | raw=(-0.18, 4.24, 0.00) | smoothed=(-0.18, 4.24, 0.00) | velocity=(-0.00, 0.00, 0.00) m/s | speed=0.00 m/s | net=0.00 m | straightness=0.00 | direction=0.00 | state=STATIONARY | detections=166
[INFO] [1790214427.673572115] [sage_semantic_world_model]: Target 1 updated | association_distance=0.00 m | raw=(-0.18, 4.24, 0.00) | smoothed=(-0.18, 4.24, 0.00) | velocity=(-0.00, 0.00, 0.00) m/s | speed=0.00 m/s | net=0.00 m | straightness=0.00 | direction=0.00 | state=STATIONARY | detections=167
[INFO] [1790214427.776679225] [sage_semantic_world_model]: Target 1 updated | association_distance=0.00 m | raw=(-0.18, 4.24, 0.00) | smoothed=(-0.18, 4.24, 0.00) | velocity=(-0.00, 0.00, 0.00) m/s | speed=0.00 m/s | net=0.00 m | straightness=0.00 | direction=0.00 | state=STATIONARY | detections=168
[INFO] [1790214427.886056318] [sage_semantic_world_model]: Target 1 updated | association_distance=0.00 m | raw=(-0.18, 4.24, 0.00) | smoothed=(-0.18, 4.24, 0.00) | velocity=(-0.00, 0.00, 0.00) m/s | speed=0.00 m/s | net=0.00 m | straightness=0.00 | direction=0.00 | state=STATIONARY | detections=169
[INFO] [1790214427.972504437] [sage_semantic_world_model]: Target 1 updated | association_distance=0.04 m | raw=(-0.17, 4.20, 0.00) | smoothed=(-0.18, 4.23, 0.00) | velocity=(0.00, -0.02, 0.00) m/s | speed=0.02 m/s | net=0.01 m | straightness=0.82 | direction=0.00 | state=STATIONARY | detections=170
[INFO] [1790214428.074159770] [sage_semantic_world_model]: Target 1 updated | association_distance=0.03 m | raw=(-0.17, 4.20, 0.00) | smoothed=(-0.18, 4.22, 0.00) | velocity=(0.01, -0.04, 0.00) m/s | speed=0.04 m/s | net=0.02 m | straightness=0.92 | direction=0.00 | state=STATIONARY | detections=171
[INFO] [1790214428.172411870] [sage_semantic_world_model]: Target 1 updated | association_distance=0.02 m | raw=(-0.17, 4.20, 0.00) | smoothed=(-0.17, 4.21, 0.00) | velocity=(0.01, -0.05, 0.00) m/s | speed=0.06 m/s | net=0.02 m | straightness=0.96 | direction=0.00 | state=STATIONARY | detections=172
[INFO] [1790214428.272511245] [sage_semantic_world_model]: Target 1 updated | association_distance=0.02 m | raw=(-0.17, 4.20, 0.00) | smoothed=(-0.17, 4.21, 0.00) | velocity=(0.01, -0.06, 0.00) m/s | speed=0.06 m/s | net=0.03 m | straightness=0.97 | direction=0.00 | state=STATIONARY | detections=173
[INFO] [1790214428.375272755] [sage_semantic_world_model]: Target 1 updated | association_distance=0.01 m | raw=(-0.17, 4.20, 0.00) | smoothed=(-0.17, 4.21, 0.00) | velocity=(0.01, -0.05, 0.00) m/s | speed=0.05 m/s | net=0.03 m | straightness=0.98 | direction=0.00 | state=STATIONARY | detections=174
[INFO] [1790214428.471693185] [sage_semantic_world_model]: Target 1 updated | association_distance=0.01 m | raw=(-0.17, 4.20, 0.00) | smoothed=(-0.17, 4.21, 0.00) | velocity=(0.01, -0.04, 0.00) m/s | speed=0.04 m/s | net=0.03 m | straightness=0.99 | direction=0.00 | state=STATIONARY | detections=175
[INFO] [1790214428.581045643] [sage_semantic_world_model]: Target 1 updated | association_distance=0.01 m | raw=(-0.17, 4.20, 0.00) | smoothed=(-0.17, 4.20, 0.00) | velocity=(0.01, -0.03, 0.00) m/s | speed=0.03 m/s | net=0.03 m | straightness=0.99 | direction=0.00 | state=STATIONARY | detections=176
[INFO] [1790214428.672093132] [sage_semantic_world_model]: Target 1 updated | association_distance=0.01 m | raw=(-0.17, 4.20, 0.00) | smoothed=(-0.17, 4.20, 0.00) | velocity=(0.00, -0.02, 0.00) m/s | speed=0.02 m/s | net=0.03 m | straightness=1.00 | direction=0.00 | state=STATIONARY | detections=177
[INFO] [1790214428.776131188] [sage_semantic_world_model]: Target 1 updated | association_distance=0.00 m | raw=(-0.17, 4.20, 0.00) | smoothed=(-0.17, 4.20, 0.00) | velocity=(0.00, -0.02, 0.00) m/s | speed=0.02 m/s | net=0.04 m | straightness=1.00 | direction=0.00 | state=STATIONARY | detections=178
[INFO] [1790214428.872366933] [sage_semantic_world_model]: Target 1 updated | association_distance=0.00 m | raw=(-0.17, 4.20, 0.00) | smoothed=(-0.17, 4.20, 0.00) | velocity=(0.00, -0.01, 0.00) m/s | speed=0.01 m/s | net=0.03 m | straightness=1.00 | direction=0.00 | state=STATIONARY | detections=179
[INFO] [1790214428.974166887] [sage_semantic_world_model]: Target 1 updated | association_distance=0.00 m | raw=(-0.17, 4.20, 0.00) | smoothed=(-0.17, 4.20, 0.00) | velocity=(0.00, -0.01, 0.00) m/s | speed=0.01 m/s | net=0.02 m | straightness=1.00 | direction=0.00 | state=STATIONARY | detections=180
[INFO] [1790214429.074315450] [sage_semantic_world_model]: Target 1 updated | association_distance=0.00 m | raw=(-0.17, 4.20, 0.00) | smoothed=(-0.17, 4.20, 0.00) | velocity=(0.00, -0.01, 0.00) m/s | speed=0.01 m/s | net=0.01 m | straightness=1.00 | direction=0.00 | state=STATIONARY | detections=181
[INFO] [1790214429.178052276] [sage_semantic_world_model]: Target 1 updated | association_distance=0.00 m | raw=(-0.17, 4.20, 0.00) | smoothed=(-0.17, 4.20, 0.00) | velocity=(0.00, -0.00, 0.00) m/s | speed=0.00 m/s | net=0.01 m | straightness=1.00 | direction=0.00 | state=STATIONARY | detections=182
[INFO] [1790214429.279327165] [sage_semantic_world_model]: Target 1 updated | association_distance=0.00 m | raw=(-0.17, 4.20, 0.00) | smoothed=(-0.17, 4.20, 0.00) | velocity=(0.00, -0.00, 0.00) m/s | speed=0.00 m/s | net=0.01 m | straightness=0.00 | direction=0.00 | state=STATIONARY | detections=183
[INFO] [1790214429.382865462] [sage_semantic_world_model]: Target 1 updated | association_distance=0.00 m | raw=(-0.17, 4.20, 0.00) | smoothed=(-0.17, 4.20, 0.00) | velocity=(0.00, -0.00, 0.00) m/s | speed=0.00 m/s | net=0.01 m | straightness=0.00 | direction=0.00 | state=STATIONARY | detections=184
[INFO] [1790214429.471639524] [sage_semantic_world_model]: Target 1 updated | association_distance=0.00 m | raw=(-0.17, 4.20, 0.00) | smoothed=(-0.17, 4.20, 0.00) | velocity=(0.00, -0.00, 0.00) m/s | speed=0.00 m/s | net=0.00 m | straightness=0.00 | direction=0.00 | state=STATIONARY | detections=185
[INFO] [1790214429.576773491] [sage_semantic_world_model]: Target 1 updated | association_distance=0.00 m | raw=(-0.17, 4.20, 0.00) | smoothed=(-0.17, 4.20, 0.00) | velocity=(0.00, -0.00, 0.00) m/s | speed=0.00 m/s | net=0.00 m | straightness=0.00 | direction=0.00 | state=STATIONARY | detections=186
[INFO] [1790214429.678816965] [sage_semantic_world_model]: Target 1 updated | association_distance=0.00 m | raw=(-0.17, 4.20, 0.00) | smoothed=(-0.17, 4.20, 0.00) | velocity=(0.00, -0.00, 0.00) m/s | speed=0.00 m/s | net=0.00 m | straightness=0.00 | direction=0.00 | state=STATIONARY | detections=187
[INFO] [1790214429.771743227] [sage_semantic_world_model]: Target 1 updated | association_distance=0.00 m | raw=(-0.17, 4.20, 0.00) | smoothed=(-0.17, 4.20, 0.00) | velocity=(0.00, -0.00, 0.00) m/s | speed=0.00 m/s | net=0.00 m | straightness=0.00 | direction=0.00 | state=STATIONARY | detections=188
[INFO] [1790214429.875240566] [sage_semantic_world_model]: Target 1 updated | association_distance=0.00 m | raw=(-0.17, 4.20, 0.00) | smoothed=(-0.17, 4.20, 0.00) | velocity=(0.00, -0.00, 0.00) m/s | speed=0.00 m/s | net=0.00 m | straightness=0.00 | direction=0.00 | state=STATIONARY | detections=189
[INFO] [1790214429.973161829] [sage_semantic_world_model]: Target 1 updated | association_distance=0.00 m | raw=(-0.17, 4.20, 0.00) | smoothed=(-0.17, 4.20, 0.00) | velocity=(0.00, -0.00, 0.00) m/s | speed=0.00 m/s | net=0.00 m | straightness=0.00 | direction=0.00 | state=STATIONARY | detections=190
[INFO] [1790214430.072944952] [sage_semantic_world_model]: Target 1 updated | association_distance=0.00 m | raw=(-0.17, 4.20, 0.00) | smoothed=(-0.17, 4.20, 0.00) | velocity=(0.00, -0.00, 0.00) m/s | speed=0.00 m/s | net=0.00 m | straightness=0.00 | direction=0.00 | state=STATIONARY | detections=191
[INFO] [1790214430.174843626] [sage_semantic_world_model]: Target 1 updated | association_distance=0.00 m | raw=(-0.17, 4.20, 0.00) | smoothed=(-0.17, 4.20, 0.00) | velocity=(0.00, -0.00, 0.00) m/s | speed=0.00 m/s | net=0.00 m | straightness=0.00 | direction=0.00 | state=STATIONARY | detections=192
[INFO] [1790214430.272647345] [sage_semantic_world_model]: Target 1 updated | association_distance=0.00 m | raw=(-0.17, 4.20, 0.00) | smoothed=(-0.17, 4.20, 0.00) | velocity=(0.00, -0.00, 0.00) m/s | speed=0.00 m/s | net=0.00 m | straightness=0.00 | direction=0.00 | state=STATIONARY | detections=193
[INFO] [1790214430.381554712] [sage_semantic_world_model]: Target 1 updated | association_distance=0.00 m | raw=(-0.17, 4.20, 0.00) | smoothed=(-0.17, 4.20, 0.00) | velocity=(0.00, -0.00, 0.00) m/s | speed=0.00 m/s | net=0.00 m | straightness=0.00 | direction=0.00 | state=STATIONARY | detections=194
[INFO] [1790214430.477912053] [sage_semantic_world_model]: Target 1 updated | association_distance=0.00 m | raw=(-0.17, 4.20, 0.00) | smoothed=(-0.17, 4.20, 0.00) | velocity=(0.00, -0.00, 0.00) m/s | speed=0.00 m/s | net=0.00 m | straightness=0.00 | direction=0.00 | state=STATIONARY | detections=195
[INFO] [1790214430.575666689] [sage_semantic_world_model]: Target 1 updated | association_distance=0.00 m | raw=(-0.17, 4.20, 0.00) | smoothed=(-0.17, 4.20, 0.00) | velocity=(0.00, -0.00, 0.00) m/s | speed=0.00 m/s | net=0.00 m | straightness=0.00 | direction=0.00 | state=STATIONARY | detections=196
[INFO] [1790214430.675484965] [sage_semantic_world_model]: Target 1 updated | association_distance=0.00 m | raw=(-0.17, 4.20, 0.00) | smoothed=(-0.17, 4.20, 0.00) | velocity=(0.00, -0.00, 0.00) m/s | speed=0.00 m/s | net=0.00 m | straightness=0.00 | direction=0.00 | state=STATIONARY | detections=197
[INFO] [1790214430.775995728] [sage_semantic_world_model]: Target 1 updated | association_distance=0.00 m | raw=(-0.17, 4.20, 0.00) | smoothed=(-0.17, 4.20, 0.00) | velocity=(0.00, -0.00, 0.00) m/s | speed=0.00 m/s | net=0.00 m | straightness=0.00 | direction=0.00 | state=STATIONARY | detections=198
[INFO] [1790214430.877735329] [sage_semantic_world_model]: Target 1 updated | association_distance=0.00 m | raw=(-0.17, 4.20, 0.00) | smoothed=(-0.17, 4.20, 0.00) | velocity=(0.00, -0.00, 0.00) m/s | speed=0.00 m/s | net=0.00 m | straightness=0.00 | direction=0.00 | state=STATIONARY | detections=199
[INFO] [1790214430.972738765] [sage_semantic_world_model]: Target 1 updated | association_distance=0.00 m | raw=(-0.17, 4.20, 0.00) | smoothed=(-0.17, 4.20, 0.00) | velocity=(0.00, -0.00, 0.00) m/s | speed=0.00 m/s | net=0.00 m | straightness=0.00 | direction=0.00 | state=STATIONARY | detections=200
[INFO] [1790214431.071813088] [sage_semantic_world_model]: Target 1 updated | association_distance=0.00 m | raw=(-0.17, 4.20, 0.00) | smoothed=(-0.17, 4.20, 0.00) | velocity=(0.00, -0.00, 0.00) m/s | speed=0.00 m/s | net=0.00 m | straightness=0.00 | direction=0.00 | state=STATIONARY | detections=201
[INFO] [1790214431.172915427] [sage_semantic_world_model]: Target 1 updated | association_distance=0.00 m | raw=(-0.17, 4.20, 0.00) | smoothed=(-0.17, 4.20, 0.00) | velocity=(0.00, -0.00, 0.00) m/s | speed=0.00 m/s | net=0.00 m | straightness=0.00 | direction=0.00 | state=STATIONARY | detections=202
[INFO] [1790214431.276329218] [sage_semantic_world_model]: Target 1 updated | association_distance=0.00 m | raw=(-0.17, 4.20, 0.00) | smoothed=(-0.17, 4.20, 0.00) | velocity=(0.00, -0.00, 0.00) m/s | speed=0.00 m/s | net=0.00 m | straightness=0.00 | direction=0.00 | state=STATIONARY | detections=203
[INFO] [1790214431.380838791] [sage_semantic_world_model]: Target 1 updated | association_distance=0.00 m | raw=(-0.17, 4.20, 0.00) | smoothed=(-0.17, 4.20, 0.00) | velocity=(0.00, -0.00, 0.00) m/s | speed=0.00 m/s | net=0.00 m | straightness=0.00 | direction=0.00 | state=STATIONARY | detections=204
[INFO] [1790214431.477565209] [sage_semantic_world_model]: Target 1 updated | association_distance=0.00 m | raw=(-0.17, 4.20, 0.00) | smoothed=(-0.17, 4.20, 0.00) | velocity=(0.00, -0.00, 0.00) m/s | speed=0.00 m/s | net=0.00 m | straightness=0.00 | direction=0.00 | state=STATIONARY | detections=205
[INFO] [1790214431.577750992] [sage_semantic_world_model]: Target 1 updated | association_distance=0.00 m | raw=(-0.17, 4.20, 0.00) | smoothed=(-0.17, 4.20, 0.00) | velocity=(0.00, -0.00, 0.00) m/s | speed=0.00 m/s | net=0.00 m | straightness=0.00 | direction=0.00 | state=STATIONARY | detections=206
[INFO] [1790214431.675561167] [sage_semantic_world_model]: Target 1 updated | association_distance=0.00 m | raw=(-0.17, 4.20, 0.00) | smoothed=(-0.17, 4.20, 0.00) | velocity=(0.00, -0.00, 0.00) m/s | speed=0.00 m/s | net=0.00 m | straightness=0.00 | direction=0.00 | state=STATIONARY | detections=207
[INFO] [1790214431.773731869] [sage_semantic_world_model]: Target 1 updated | association_distance=0.00 m | raw=(-0.17, 4.20, 0.00) | smoothed=(-0.17, 4.20, 0.00) | velocity=(0.00, -0.00, 0.00) m/s | speed=0.00 m/s | net=0.00 m | straightness=0.00 | direction=0.00 | state=STATIONARY | detections=208
[INFO] [1790214431.874099067] [sage_semantic_world_model]: Target 1 updated | association_distance=0.00 m | raw=(-0.17, 4.20, 0.00) | smoothed=(-0.17, 4.20, 0.00) | velocity=(0.00, -0.00, 0.00) m/s | speed=0.00 m/s | net=0.00 m | straightness=0.00 | direction=0.00 | state=STATIONARY | detections=209
[INFO] [1790214431.974193901] [sage_semantic_world_model]: Target 1 updated | association_distance=0.00 m | raw=(-0.17, 4.20, 0.00) | smoothed=(-0.17, 4.20, 0.00) | velocity=(0.00, -0.00, 0.00) m/s | speed=0.00 m/s | net=0.00 m | straightness=0.00 | direction=0.00 | state=STATIONARY | detections=210
[INFO] [1790214432.074359709] [sage_semantic_world_model]: Target 1 updated | association_distance=0.00 m | raw=(-0.17, 4.20, 0.00) | smoothed=(-0.17, 4.20, 0.00) | velocity=(0.00, -0.00, 0.00) m/s | speed=0.00 m/s | net=0.00 m | straightness=0.00 | direction=0.00 | state=STATIONARY | detections=211
[INFO] [1790214432.173343116] [sage_semantic_world_model]: Target 1 updated | association_distance=0.00 m | raw=(-0.17, 4.20, 0.00) | smoothed=(-0.17, 4.20, 0.00) | velocity=(0.00, -0.00, 0.00) m/s | speed=0.00 m/s | net=0.00 m | straightness=0.00 | direction=0.00 | state=STATIONARY | detections=212
[INFO] [1790214432.275736605] [sage_semantic_world_model]: Target 1 updated | association_distance=0.00 m | raw=(-0.17, 4.20, 0.00) | smoothed=(-0.17, 4.20, 0.00) | velocity=(0.00, -0.00, 0.00) m/s | speed=0.00 m/s | net=0.00 m | straightness=0.00 | direction=0.00 | state=STATIONARY | detections=213
[INFO] [1790214432.373529388] [sage_semantic_world_model]: Target 1 updated | association_distance=0.09 m | raw=(-0.15, 4.12, 0.00) | smoothed=(-0.17, 4.18, 0.00) | velocity=(0.01, -0.05, 0.00) m/s | speed=0.05 m/s | net=0.02 m | straightness=1.00 | direction=0.00 | state=STATIONARY | detections=214
[INFO] [1790214432.481775955] [sage_semantic_world_model]: Target 1 updated | association_distance=0.06 m | raw=(-0.15, 4.12, 0.00) | smoothed=(-0.16, 4.16, 0.00) | velocity=(0.02, -0.09, 0.00) m/s | speed=0.09 m/s | net=0.04 m | straightness=1.00 | direction=0.00 | state=STATIONARY | detections=215
[INFO] [1790214432.575727015] [sage_semantic_world_model]: Target 1 updated | association_distance=0.05 m | raw=(-0.15, 4.12, 0.00) | smoothed=(-0.16, 4.15, 0.00) | velocity=(0.03, -0.12, 0.00) m/s | speed=0.12 m/s | net=0.05 m | straightness=1.00 | direction=0.00 | state=STATIONARY | detections=216
[INFO] [1790214432.672825580] [sage_semantic_world_model]: Target 1 updated | association_distance=0.04 m | raw=(-0.15, 4.12, 0.00) | smoothed=(-0.16, 4.14, 0.00) | velocity=(0.03, -0.14, 0.00) m/s | speed=0.15 m/s | net=0.06 m | straightness=1.00 | direction=0.00 | state=STATIONARY | detections=217
[INFO] [1790214433.050740197] [sage_semantic_world_model]: Target 1 updated | association_distance=0.03 m | raw=(-0.15, 4.12, 0.00) | smoothed=(-0.16, 4.14, 0.00) | velocity=(0.02, -0.11, 0.00) m/s | speed=0.11 m/s | net=0.06 m | straightness=1.00 | direction=0.00 | state=STATIONARY | detections=218
[INFO] [1790214433.059024130] [sage_semantic_world_model]: Target 1 updated | association_distance=0.02 m | raw=(-0.15, 4.12, 0.00) | smoothed=(-0.16, 4.13, 0.00) | velocity=(0.01, -0.06, 0.00) m/s | speed=0.06 m/s | net=0.07 m | straightness=1.00 | direction=0.00 | state=STATIONARY | detections=219
[INFO] [1790214433.077374050] [sage_semantic_world_model]: Target 1 updated | association_distance=0.12 m | raw=(-0.07, 4.22, 0.00) | smoothed=(-0.14, 4.15, 0.00) | velocity=(0.05, 0.00, 0.00) m/s | speed=0.05 m/s | net=0.06 m | straightness=0.59 | direction=0.00 | state=STATIONARY | detections=220
[INFO] [1790214433.172796907] [sage_semantic_world_model]: Target 1 updated | association_distance=0.09 m | raw=(-0.07, 4.22, 0.00) | smoothed=(-0.12, 4.17, 0.00) | velocity=(0.08, 0.05, 0.00) m/s | speed=0.09 m/s | net=0.06 m | straightness=0.49 | direction=0.00 | state=STATIONARY | detections=221
[INFO] [1790214433.278606907] [sage_semantic_world_model]: Target 1 updated | association_distance=0.07 m | raw=(-0.07, 4.22, 0.00) | smoothed=(-0.11, 4.18, 0.00) | velocity=(0.10, 0.09, 0.00) m/s | speed=0.13 m/s | net=0.06 m | straightness=0.47 | direction=0.00 | state=STATIONARY | detections=222
[INFO] [1790214433.374817278] [sage_semantic_world_model]: Target 1 updated | association_distance=0.06 m | raw=(-0.07, 4.22, 0.00) | smoothed=(-0.10, 4.19, 0.00) | velocity=(0.18, 0.18, 0.00) m/s | speed=0.26 m/s | net=0.07 m | straightness=0.53 | direction=0.00 | state=STATIONARY | detections=223
[INFO] [1790214433.487793534] [sage_semantic_world_model]: Target 1 updated | association_distance=0.04 m | raw=(-0.07, 4.22, 0.00) | smoothed=(-0.09, 4.20, 0.00) | velocity=(0.12, 0.11, 0.00) m/s | speed=0.16 m/s | net=0.08 m | straightness=0.64 | direction=0.00 | state=STATIONARY | detections=224
[INFO] [1790214433.579513303] [sage_semantic_world_model]: Target 1 updated | association_distance=0.03 m | raw=(-0.07, 4.22, 0.00) | smoothed=(-0.08, 4.20, 0.00) | velocity=(0.09, 0.08, 0.00) m/s | speed=0.12 m/s | net=0.09 m | straightness=0.75 | direction=0.00 | state=STATIONARY | detections=225
[INFO] [1790214433.675601440] [sage_semantic_world_model]: Target 1 updated | association_distance=0.02 m | raw=(-0.07, 4.22, 0.00) | smoothed=(-0.08, 4.20, 0.00) | velocity=(0.07, 0.06, 0.00) m/s | speed=0.10 m/s | net=0.10 m | straightness=0.85 | direction=0.00 | state=STATIONARY | detections=226
[INFO] [1790214433.775914281] [sage_semantic_world_model]: Target 1 updated | association_distance=0.02 m | raw=(-0.06, 4.19, 0.00) | smoothed=(-0.07, 4.20, 0.00) | velocity=(0.06, 0.03, 0.00) m/s | speed=0.07 m/s | net=0.11 m | straightness=0.90 | direction=0.00 | state=STATIONARY | detections=227
[INFO] [1790214433.873030711] [sage_semantic_world_model]: Target 1 updated | association_distance=0.02 m | raw=(-0.06, 4.19, 0.00) | smoothed=(-0.07, 4.20, 0.00) | velocity=(0.05, 0.01, 0.00) m/s | speed=0.05 m/s | net=0.11 m | straightness=0.94 | direction=0.00 | state=STATIONARY | detections=228
[INFO] [1790214433.973120620] [sage_semantic_world_model]: Target 1 updated | association_distance=0.01 m | raw=(-0.06, 4.21, 0.00) | smoothed=(-0.07, 4.20, 0.00) | velocity=(0.04, 0.00, 0.00) m/s | speed=0.04 m/s | net=0.08 m | straightness=0.93 | direction=0.00 | state=STATIONARY | detections=229
[INFO] [1790214434.082688153] [sage_semantic_world_model]: Target 1 updated | association_distance=0.01 m | raw=(-0.06, 4.21, 0.00) | smoothed=(-0.07, 4.20, 0.00) | velocity=(0.03, -0.00, 0.00) m/s | speed=0.03 m/s | net=0.06 m | straightness=0.91 | direction=0.00 | state=STATIONARY | detections=230
[INFO] [1790214434.173634645] [sage_semantic_world_model]: Target 1 updated | association_distance=0.03 m | raw=(-0.05, 4.18, 0.00) | smoothed=(-0.06, 4.20, 0.00) | velocity=(0.03, -0.01, 0.00) m/s | speed=0.03 m/s | net=0.05 m | straightness=0.83 | direction=0.00 | state=STATIONARY | detections=231
[INFO] [1790214434.283276856] [sage_semantic_world_model]: Target 1 updated | association_distance=0.02 m | raw=(-0.05, 4.18, 0.00) | smoothed=(-0.06, 4.20, 0.00) | velocity=(0.03, -0.01, 0.00) m/s | speed=0.03 m/s | net=0.04 m | straightness=0.78 | direction=0.00 | state=STATIONARY | detections=232
[INFO] [1790214434.375170003] [sage_semantic_world_model]: Target 1 updated | association_distance=0.02 m | raw=(-0.05, 4.18, 0.00) | smoothed=(-0.06, 4.19, 0.00) | velocity=(0.03, -0.02, 0.00) m/s | speed=0.04 m/s | net=0.03 m | straightness=0.77 | direction=0.00 | state=STATIONARY | detections=233
[INFO] [1790214434.475385681] [sage_semantic_world_model]: Target 1 updated | association_distance=0.01 m | raw=(-0.05, 4.18, 0.00) | smoothed=(-0.05, 4.19, 0.00) | velocity=(0.03, -0.03, 0.00) m/s | speed=0.05 m/s | net=0.03 m | straightness=0.80 | direction=0.00 | state=STATIONARY | detections=234
[INFO] [1790214434.579159134] [sage_semantic_world_model]: Target 1 updated | association_distance=0.01 m | raw=(-0.05, 4.18, 0.00) | smoothed=(-0.05, 4.19, 0.00) | velocity=(0.02, -0.03, 0.00) m/s | speed=0.04 m/s | net=0.03 m | straightness=0.87 | direction=0.00 | state=STATIONARY | detections=235
[INFO] [1790214434.672066043] [sage_semantic_world_model]: Target 1 updated | association_distance=0.03 m | raw=(-0.06, 4.21, 0.00) | smoothed=(-0.05, 4.19, 0.00) | velocity=(0.01, -0.00, 0.00) m/s | speed=0.01 m/s | net=0.02 m | straightness=0.62 | direction=0.00 | state=STATIONARY | detections=236
[INFO] [1790214434.777716189] [sage_semantic_world_model]: Target 1 updated | association_distance=0.02 m | raw=(-0.06, 4.21, 0.00) | smoothed=(-0.05, 4.20, 0.00) | velocity=(0.01, 0.02, 0.00) m/s | speed=0.02 m/s | net=0.02 m | straightness=0.47 | direction=0.00 | state=STATIONARY | detections=237
[INFO] [1790214434.880482361] [sage_semantic_world_model]: Target 1 updated | association_distance=0.01 m | raw=(-0.06, 4.21, 0.00) | smoothed=(-0.05, 4.20, 0.00) | velocity=(-0.00, 0.03, 0.00) m/s | speed=0.03 m/s | net=0.01 m | straightness=0.39 | direction=0.00 | state=STATIONARY | detections=238
[INFO] [1790214434.975800377] [sage_semantic_world_model]: Target 1 updated | association_distance=0.01 m | raw=(-0.06, 4.19, 0.00) | smoothed=(-0.06, 4.20, 0.00) | velocity=(-0.01, 0.03, 0.00) m/s | speed=0.03 m/s | net=0.01 m | straightness=0.28 | direction=0.00 | state=STATIONARY | detections=239
[INFO] [1790214435.076491731] [sage_semantic_world_model]: Target 1 updated | association_distance=0.03 m | raw=(-0.06, 4.23, 0.00) | smoothed=(-0.06, 4.21, 0.00) | velocity=(-0.01, 0.03, 0.00) m/s | speed=0.03 m/s | net=0.01 m | straightness=0.26 | direction=0.00 | state=STATIONARY | detections=240
[INFO] [1790214435.173424407] [sage_semantic_world_model]: Target 1 updated | association_distance=0.02 m | raw=(-0.06, 4.23, 0.00) | smoothed=(-0.06, 4.21, 0.00) | velocity=(-0.01, 0.03, 0.00) m/s | speed=0.03 m/s | net=0.02 m | straightness=0.44 | direction=0.00 | state=STATIONARY | detections=241
[INFO] [1790214435.274306908] [sage_semantic_world_model]: Target 1 updated | association_distance=0.02 m | raw=(-0.06, 4.23, 0.00) | smoothed=(-0.06, 4.22, 0.00) | velocity=(-0.01, 0.03, 0.00) m/s | speed=0.03 m/s | net=0.02 m | straightness=0.62 | direction=0.00 | state=STATIONARY | detections=242
[INFO] [1790214435.378567373] [sage_semantic_world_model]: Target 1 updated | association_distance=0.02 m | raw=(-0.06, 4.20, 0.00) | smoothed=(-0.06, 4.21, 0.00) | velocity=(-0.00, 0.03, 0.00) m/s | speed=0.03 m/s | net=0.02 m | straightness=0.54 | direction=0.00 | state=STATIONARY | detections=243
[INFO] [1790214435.479786105] [sage_semantic_world_model]: Target 1 updated | association_distance=0.01 m | raw=(-0.06, 4.20, 0.00) | smoothed=(-0.06, 4.21, 0.00) | velocity=(-0.00, 0.00, 0.00) m/s | speed=0.00 m/s | net=0.02 m | straightness=0.49 | direction=0.00 | state=STATIONARY | detections=244
[INFO] [1790214435.579456334] [sage_semantic_world_model]: Target 1 updated | association_distance=0.01 m | raw=(-0.06, 4.20, 0.00) | smoothed=(-0.06, 4.21, 0.00) | velocity=(-0.00, -0.02, 0.00) m/s | speed=0.02 m/s | net=0.01 m | straightness=0.31 | direction=0.00 | state=STATIONARY | detections=245
[INFO] [1790214435.679602462] [sage_semantic_world_model]: Target 1 updated | association_distance=0.01 m | raw=(-0.05, 4.20, 0.00) | smoothed=(-0.06, 4.20, 0.00) | velocity=(0.00, -0.03, 0.00) m/s | speed=0.03 m/s | net=0.01 m | straightness=0.16 | direction=0.00 | state=STATIONARY | detections=246
[INFO] [1790214435.776063670] [sage_semantic_world_model]: Target 1 updated | association_distance=0.01 m | raw=(-0.05, 4.20, 0.00) | smoothed=(-0.05, 4.20, 0.00) | velocity=(0.00, -0.02, 0.00) m/s | speed=0.02 m/s | net=0.00 m | straightness=0.03 | direction=0.00 | state=STATIONARY | detections=247
[INFO] [1790214435.874632813] [sage_semantic_world_model]: Target 1 updated | association_distance=0.02 m | raw=(-0.05, 4.22, 0.00) | smoothed=(-0.05, 4.21, 0.00) | velocity=(0.01, -0.00, 0.00) m/s | speed=0.01 m/s | net=0.01 m | straightness=0.20 | direction=0.00 | state=STATIONARY | detections=248
[INFO] [1790214435.978295017] [sage_semantic_world_model]: Target 1 updated | association_distance=0.01 m | raw=(-0.05, 4.22, 0.00) | smoothed=(-0.05, 4.21, 0.00) | velocity=(0.01, 0.01, 0.00) m/s | speed=0.01 m/s | net=0.00 m | straightness=0.11 | direction=0.00 | state=STATIONARY | detections=249
[INFO] [1790214436.074694251] [sage_semantic_world_model]: Target 1 updated | association_distance=0.02 m | raw=(-0.06, 4.19, 0.00) | smoothed=(-0.06, 4.20, 0.00) | velocity=(0.00, 0.00, 0.00) m/s | speed=0.00 m/s | net=0.01 m | straightness=0.26 | direction=0.00 | state=STATIONARY | detections=250
[INFO] [1790214436.184333629] [sage_semantic_world_model]: Target 1 updated | association_distance=0.02 m | raw=(-0.06, 4.19, 0.00) | smoothed=(-0.06, 4.20, 0.00) | velocity=(-0.00, -0.01, 0.00) m/s | speed=0.01 m/s | net=0.02 m | straightness=0.52 | direction=0.00 | state=STATIONARY | detections=251
[INFO] [1790214436.279288257] [sage_semantic_world_model]: Target 1 updated | association_distance=0.01 m | raw=(-0.06, 4.19, 0.00) | smoothed=(-0.06, 4.20, 0.00) | velocity=(-0.01, -0.02, 0.00) m/s | speed=0.02 m/s | net=0.01 m | straightness=0.49 | direction=0.00 | state=STATIONARY | detections=252
[INFO] [1790214436.372959217] [sage_semantic_world_model]: Target 1 updated | association_distance=0.02 m | raw=(-0.07, 4.20, 0.00) | smoothed=(-0.06, 4.20, 0.00) | velocity=(-0.02, -0.03, 0.00) m/s | speed=0.03 m/s | net=0.01 m | straightness=0.38 | direction=0.00 | state=STATIONARY | detections=253
[INFO] [1790214436.482898317] [sage_semantic_world_model]: Target 1 updated | association_distance=0.01 m | raw=(-0.07, 4.20, 0.00) | smoothed=(-0.06, 4.20, 0.00) | velocity=(-0.02, -0.02, 0.00) m/s | speed=0.03 m/s | net=0.01 m | straightness=0.34 | direction=0.00 | state=STATIONARY | detections=254
[INFO] [1790214436.572768977] [sage_semantic_world_model]: Target 1 updated | association_distance=0.01 m | raw=(-0.07, 4.20, 0.00) | smoothed=(-0.07, 4.20, 0.00) | velocity=(-0.02, -0.01, 0.00) m/s | speed=0.02 m/s | net=0.01 m | straightness=0.39 | direction=0.00 | state=STATIONARY | detections=255
[INFO] [1790214436.673589161] [sage_semantic_world_model]: Target 1 updated | association_distance=0.01 m | raw=(-0.08, 4.19, 0.00) | smoothed=(-0.07, 4.20, 0.00) | velocity=(-0.03, -0.00, 0.00) m/s | speed=0.03 m/s | net=0.02 m | straightness=0.48 | direction=0.00 | state=STATIONARY | detections=256
[INFO] [1790214436.773688107] [sage_semantic_world_model]: Target 1 updated | association_distance=0.01 m | raw=(-0.08, 4.19, 0.00) | smoothed=(-0.07, 4.20, 0.00) | velocity=(-0.02, -0.01, 0.00) m/s | speed=0.03 m/s | net=0.02 m | straightness=0.66 | direction=0.00 | state=STATIONARY | detections=257
[INFO] [1790214436.875492584] [sage_semantic_world_model]: Target 1 updated | association_distance=0.01 m | raw=(-0.08, 4.19, 0.00) | smoothed=(-0.07, 4.19, 0.00) | velocity=(-0.02, -0.01, 0.00) m/s | speed=0.02 m/s | net=0.02 m | straightness=0.82 | direction=0.00 | state=STATIONARY | detections=258
[INFO] [1790214436.976374199] [sage_semantic_world_model]: Target 1 updated | association_distance=0.06 m | raw=(-0.14, 4.20, 0.00) | smoothed=(-0.09, 4.20, 0.00) | velocity=(-0.06, -0.01, 0.00) m/s | speed=0.06 m/s | net=0.03 m | straightness=0.86 | direction=0.00 | state=STATIONARY | detections=259
[INFO] [1790214437.080402801] [sage_semantic_world_model]: Target 1 updated | association_distance=0.05 m | raw=(-0.14, 4.20, 0.00) | smoothed=(-0.10, 4.20, 0.00) | velocity=(-0.08, -0.00, 0.00) m/s | speed=0.08 m/s | net=0.04 m | straightness=0.93 | direction=0.00 | state=STATIONARY | detections=260
[INFO] [1790214437.187914601] [sage_semantic_world_model]: Target 1 updated | association_distance=0.04 m | raw=(-0.14, 4.20, 0.00) | smoothed=(-0.11, 4.20, 0.00) | velocity=(-0.10, 0.00, 0.00) m/s | speed=0.10 m/s | net=0.05 m | straightness=0.98 | direction=0.00 | state=STATIONARY | detections=261
[INFO] [1790214437.276456468] [sage_semantic_world_model]: Target 1 updated | association_distance=0.06 m | raw=(-0.17, 4.19, 0.00) | smoothed=(-0.12, 4.20, 0.00) | velocity=(-0.13, 0.00, 0.00) m/s | speed=0.13 m/s | net=0.06 m | straightness=0.98 | direction=0.00 | state=STATIONARY | detections=262
[INFO] [1790214437.373411524] [sage_semantic_world_model]: Target 1 updated | association_distance=0.05 m | raw=(-0.17, 4.19, 0.00) | smoothed=(-0.14, 4.19, 0.00) | velocity=(-0.12, -0.00, 0.00) m/s | speed=0.12 m/s | net=0.07 m | straightness=0.99 | direction=0.00 | state=STATIONARY | detections=263
[INFO] [1790214437.482509178] [sage_semantic_world_model]: Target 1 updated | association_distance=0.04 m | raw=(-0.17, 4.19, 0.00) | smoothed=(-0.15, 4.19, 0.00) | velocity=(-0.11, -0.01, 0.00) m/s | speed=0.11 m/s | net=0.08 m | straightness=0.99 | direction=0.00 | state=STATIONARY | detections=264
[INFO] [1790214437.577697700] [sage_semantic_world_model]: Target 1 updated | association_distance=0.06 m | raw=(-0.20, 4.21, 0.00) | smoothed=(-0.16, 4.20, 0.00) | velocity=(-0.13, 0.00, 0.00) m/s | speed=0.13 m/s | net=0.09 m | straightness=0.99 | direction=0.00 | state=STATIONARY | detections=265
[INFO] [1790214437.675278113] [sage_semantic_world_model]: Target 1 updated | association_distance=0.05 m | raw=(-0.20, 4.21, 0.00) | smoothed=(-0.17, 4.20, 0.00) | velocity=(-0.12, 0.01, 0.00) m/s | speed=0.12 m/s | net=0.10 m | straightness=0.99 | direction=0.00 | state=STATIONARY | detections=266
[INFO] [1790214437.777172989] [sage_semantic_world_model]: Target 1 updated | association_distance=0.03 m | raw=(-0.20, 4.21, 0.00) | smoothed=(-0.18, 4.20, 0.00) | velocity=(-0.11, 0.02, 0.00) m/s | speed=0.11 m/s | net=0.11 m | straightness=0.99 | direction=0.00 | state=STATIONARY | detections=267
[INFO] [1790214437.880042547] [sage_semantic_world_model]: Target 1 updated | association_distance=0.05 m | raw=(-0.23, 4.21, 0.00) | smoothed=(-0.19, 4.20, 0.00) | velocity=(-0.12, 0.03, 0.00) m/s | speed=0.12 m/s | net=0.10 m | straightness=0.99 | direction=0.00 | state=STATIONARY | detections=268
[INFO] [1790214437.971922852] [sage_semantic_world_model]: Target 1 updated | association_distance=0.05 m | raw=(-0.24, 4.22, 0.00) | smoothed=(-0.20, 4.21, 0.00) | velocity=(-0.11, 0.02, 0.00) m/s | speed=0.11 m/s | net=0.10 m | straightness=0.99 | direction=0.00 | state=STATIONARY | detections=269
[INFO] [1790214438.074045972] [sage_semantic_world_model]: Target 1 updated | association_distance=0.04 m | raw=(-0.24, 4.22, 0.00) | smoothed=(-0.21, 4.21, 0.00) | velocity=(-0.10, 0.02, 0.00) m/s | speed=0.11 m/s | net=0.10 m | straightness=0.99 | direction=0.00 | state=STATIONARY | detections=270
[INFO] [1790214438.177348606] [sage_semantic_world_model]: Target 1 updated | association_distance=0.03 m | raw=(-0.24, 4.22, 0.00) | smoothed=(-0.22, 4.21, 0.00) | velocity=(-0.10, 0.02, 0.00) m/s | speed=0.10 m/s | net=0.10 m | straightness=0.99 | direction=0.00 | state=STATIONARY | detections=271
[INFO] [1790214438.278387029] [sage_semantic_world_model]: Target 1 updated | association_distance=0.02 m | raw=(-0.24, 4.22, 0.00) | smoothed=(-0.22, 4.21, 0.00) | velocity=(-0.08, 0.03, 0.00) m/s | speed=0.08 m/s | net=0.09 m | straightness=0.99 | direction=0.00 | state=STATIONARY | detections=272
[INFO] [1790214438.372426652] [sage_semantic_world_model]: Target 1 updated | association_distance=0.02 m | raw=(-0.24, 4.22, 0.00) | smoothed=(-0.23, 4.22, 0.00) | velocity=(-0.06, 0.02, 0.00) m/s | speed=0.06 m/s | net=0.08 m | straightness=1.00 | direction=0.00 | state=STATIONARY | detections=273
[INFO] [1790214438.475122767] [sage_semantic_world_model]: Target 1 updated | association_distance=0.01 m | raw=(-0.24, 4.22, 0.00) | smoothed=(-0.23, 4.22, 0.00) | velocity=(-0.04, 0.02, 0.00) m/s | speed=0.05 m/s | net=0.07 m | straightness=0.99 | direction=0.00 | state=STATIONARY | detections=274
[INFO] [1790214438.582894103] [sage_semantic_world_model]: Target 1 updated | association_distance=0.02 m | raw=(-0.25, 4.22, 0.00) | smoothed=(-0.23, 4.22, 0.00) | velocity=(-0.04, 0.02, 0.00) m/s | speed=0.04 m/s | net=0.07 m | straightness=0.99 | direction=0.00 | state=STATIONARY | detections=275
[INFO] [1790214438.686429537] [sage_semantic_world_model]: Target 1 updated | association_distance=0.01 m | raw=(-0.25, 4.22, 0.00) | smoothed=(-0.24, 4.22, 0.00) | velocity=(-0.03, 0.01, 0.00) m/s | speed=0.04 m/s | net=0.06 m | straightness=0.99 | direction=0.00 | state=STATIONARY | detections=276
[INFO] [1790214438.774846531] [sage_semantic_world_model]: Target 1 updated | association_distance=0.01 m | raw=(-0.25, 4.22, 0.00) | smoothed=(-0.24, 4.22, 0.00) | velocity=(-0.03, 0.01, 0.00) m/s | speed=0.03 m/s | net=0.05 m | straightness=0.99 | direction=0.00 | state=STATIONARY | detections=277
[INFO] [1790214438.877616942] [sage_semantic_world_model]: Target 1 updated | association_distance=0.01 m | raw=(-0.25, 4.22, 0.00) | smoothed=(-0.24, 4.22, 0.00) | velocity=(-0.03, 0.01, 0.00) m/s | speed=0.03 m/s | net=0.04 m | straightness=0.99 | direction=0.00 | state=STATIONARY | detections=278
[INFO] [1790214438.980944076] [sage_semantic_world_model]: Target 1 updated | association_distance=0.01 m | raw=(-0.24, 4.22, 0.00) | smoothed=(-0.24, 4.22, 0.00) | velocity=(-0.02, 0.01, 0.00) m/s | speed=0.02 m/s | net=0.03 m | straightness=0.94 | direction=0.00 | state=STATIONARY | detections=279
[INFO] [1790214439.077432883] [sage_semantic_world_model]: Target 1 updated | association_distance=0.00 m | raw=(-0.24, 4.22, 0.00) | smoothed=(-0.24, 4.22, 0.00) | velocity=(-0.01, 0.01, 0.00) m/s | speed=0.02 m/s | net=0.02 m | straightness=0.89 | direction=0.00 | state=STATIONARY | detections=280
[INFO] [1790214439.176365619] [sage_semantic_world_model]: Target 1 updated | association_distance=0.00 m | raw=(-0.24, 4.22, 0.00) | smoothed=(-0.24, 4.22, 0.00) | velocity=(-0.00, 0.01, 0.00) m/s | speed=0.01 m/s | net=0.02 m | straightness=0.83 | direction=0.00 | state=STATIONARY | detections=281
[INFO] [1790214439.284566739] [sage_semantic_world_model]: Target 1 updated | association_distance=0.00 m | raw=(-0.24, 4.22, 0.00) | smoothed=(-0.24, 4.22, 0.00) | velocity=(0.01, 0.01, 0.00) m/s | speed=0.01 m/s | net=0.02 m | straightness=0.77 | direction=0.00 | state=STATIONARY | detections=282
[INFO] [1790214439.384023857] [sage_semantic_world_model]: Target 1 updated | association_distance=0.01 m | raw=(-0.24, 4.23, 0.00) | smoothed=(-0.24, 4.22, 0.00) | velocity=(0.00, 0.01, 0.00) m/s | speed=0.01 m/s | net=0.01 m | straightness=0.68 | direction=0.00 | state=STATIONARY | detections=283
[INFO] [1790214439.485364149] [sage_semantic_world_model]: Target 1 updated | association_distance=0.00 m | raw=(-0.24, 4.23, 0.00) | smoothed=(-0.24, 4.23, 0.00) | velocity=(0.00, 0.01, 0.00) m/s | speed=0.01 m/s | net=0.01 m | straightness=0.64 | direction=0.00 | state=STATIONARY | detections=284
[INFO] [1790214439.577097154] [sage_semantic_world_model]: Target 1 updated | association_distance=0.00 m | raw=(-0.24, 4.23, 0.00) | smoothed=(-0.24, 4.23, 0.00) | velocity=(0.00, 0.01, 0.00) m/s | speed=0.01 m/s | net=0.01 m | straightness=0.68 | direction=0.00 | state=STATIONARY | detections=285
[INFO] [1790214439.672407983] [sage_semantic_world_model]: Target 1 updated | association_distance=0.00 m | raw=(-0.24, 4.23, 0.00) | smoothed=(-0.24, 4.23, 0.00) | velocity=(0.00, 0.01, 0.00) m/s | speed=0.01 m/s | net=0.01 m | straightness=0.00 | direction=0.00 | state=STATIONARY | detections=286
[INFO] [1790214439.773628228] [sage_semantic_world_model]: Target 1 updated | association_distance=0.00 m | raw=(-0.24, 4.23, 0.00) | smoothed=(-0.24, 4.23, 0.00) | velocity=(0.00, 0.01, 0.00) m/s | speed=0.01 m/s | net=0.01 m | straightness=0.00 | direction=0.00 | state=STATIONARY | detections=287
[INFO] [1790214439.874057582] [sage_semantic_world_model]: Target 1 updated | association_distance=0.00 m | raw=(-0.24, 4.23, 0.00) | smoothed=(-0.24, 4.23, 0.00) | velocity=(0.00, 0.00, 0.00) m/s | speed=0.01 m/s | net=0.01 m | straightness=0.00 | direction=0.00 | state=STATIONARY | detections=288
[INFO] [1790214439.976457254] [sage_semantic_world_model]: Target 1 updated | association_distance=0.00 m | raw=(-0.24, 4.23, 0.00) | smoothed=(-0.24, 4.23, 0.00) | velocity=(0.00, 0.00, 0.00) m/s | speed=0.00 m/s | net=0.01 m | straightness=0.00 | direction=0.00 | state=STATIONARY | detections=289
[INFO] [1790214440.076691665] [sage_semantic_world_model]: Target 1 updated | association_distance=0.00 m | raw=(-0.24, 4.23, 0.00) | smoothed=(-0.24, 4.23, 0.00) | velocity=(0.00, 0.00, 0.00) m/s | speed=0.00 m/s | net=0.01 m | straightness=0.00 | direction=0.00 | state=STATIONARY | detections=290
[INFO] [1790214440.172593147] [sage_semantic_world_model]: Target 1 updated | association_distance=0.00 m | raw=(-0.24, 4.23, 0.00) | smoothed=(-0.24, 4.23, 0.00) | velocity=(0.00, 0.00, 0.00) m/s | speed=0.00 m/s | net=0.01 m | straightness=0.00 | direction=0.00 | state=STATIONARY | detections=291
[INFO] [1790214440.281597405] [sage_semantic_world_model]: Target 1 updated | association_distance=0.00 m | raw=(-0.24, 4.23, 0.00) | smoothed=(-0.24, 4.23, 0.00) | velocity=(0.00, 0.00, 0.00) m/s | speed=0.00 m/s | net=0.00 m | straightness=0.00 | direction=0.00 | state=STATIONARY | detections=292
[INFO] [1790214440.384883648] [sage_semantic_world_model]: Target 1 updated | association_distance=0.00 m | raw=(-0.24, 4.23, 0.00) | smoothed=(-0.24, 4.23, 0.00) | velocity=(0.00, 0.00, 0.00) m/s | speed=0.00 m/s | net=0.00 m | straightness=0.00 | direction=0.00 | state=STATIONARY | detections=293
[INFO] [1790214440.478617688] [sage_semantic_world_model]: Target 1 updated | association_distance=0.00 m | raw=(-0.24, 4.23, 0.00) | smoothed=(-0.24, 4.23, 0.00) | velocity=(0.00, 0.00, 0.00) m/s | speed=0.00 m/s | net=0.00 m | straightness=0.00 | direction=0.00 | state=STATIONARY | detections=294
[INFO] [1790214440.574386205] [sage_semantic_world_model]: Target 1 updated | association_distance=0.00 m | raw=(-0.24, 4.23, 0.00) | smoothed=(-0.24, 4.23, 0.00) | velocity=(0.00, 0.00, 0.00) m/s | speed=0.00 m/s | net=0.00 m | straightness=0.00 | direction=0.00 | state=STATIONARY | detections=295
[INFO] [1790214440.674258969] [sage_semantic_world_model]: Target 1 updated | association_distance=0.04 m | raw=(-0.22, 4.19, 0.00) | smoothed=(-0.23, 4.22, 0.00) | velocity=(0.01, -0.02, 0.00) m/s | speed=0.02 m/s | net=0.01 m | straightness=0.76 | direction=0.00 | state=STATIONARY | detections=296
[INFO] [1790214440.774424445] [sage_semantic_world_model]: Target 1 updated | association_distance=0.03 m | raw=(-0.22, 4.19, 0.00) | smoothed=(-0.23, 4.21, 0.00) | velocity=(0.01, -0.04, 0.00) m/s | speed=0.04 m/s | net=0.02 m | straightness=0.86 | direction=0.00 | state=STATIONARY | detections=297
[INFO] [1790214440.876751694] [sage_semantic_world_model]: Target 1 updated | association_distance=0.04 m | raw=(-0.22, 4.17, 0.00) | smoothed=(-0.23, 4.20, 0.00) | velocity=(0.02, -0.06, 0.00) m/s | speed=0.07 m/s | net=0.03 m | straightness=0.92 | direction=0.00 | state=STATIONARY | detections=298
[INFO] [1790214440.975911458] [sage_semantic_world_model]: Target 1 updated | association_distance=0.03 m | raw=(-0.22, 4.17, 0.00) | smoothed=(-0.23, 4.20, 0.00) | velocity=(0.03, -0.08, 0.00) m/s | speed=0.09 m/s | net=0.03 m | straightness=0.94 | direction=0.00 | state=STATIONARY | detections=299
[INFO] [1790214441.079419735] [sage_semantic_world_model]: Target 1 updated | association_distance=0.02 m | raw=(-0.22, 4.17, 0.00) | smoothed=(-0.22, 4.19, 0.00) | velocity=(0.02, -0.07, 0.00) m/s | speed=0.08 m/s | net=0.04 m | straightness=0.97 | direction=0.00 | state=STATIONARY | detections=300
[INFO] [1790214441.180884514] [sage_semantic_world_model]: Target 1 updated | association_distance=0.02 m | raw=(-0.22, 4.17, 0.00) | smoothed=(-0.22, 4.19, 0.00) | velocity=(0.02, -0.07, 0.00) m/s | speed=0.07 m/s | net=0.04 m | straightness=0.98 | direction=0.00 | state=STATIONARY | detections=301
[INFO] [1790214441.285675285] [sage_semantic_world_model]: Target 1 updated | association_distance=0.05 m | raw=(-0.22, 4.13, 0.00) | smoothed=(-0.22, 4.17, 0.00) | velocity=(0.01, -0.07, 0.00) m/s | speed=0.07 m/s | net=0.06 m | straightness=0.98 | direction=0.00 | state=STATIONARY | detections=302
[INFO] [1790214441.376172781] [sage_semantic_world_model]: Target 1 updated | association_distance=0.04 m | raw=(-0.22, 4.13, 0.00) | smoothed=(-0.22, 4.16, 0.00) | velocity=(0.01, -0.08, 0.00) m/s | speed=0.08 m/s | net=0.07 m | straightness=0.98 | direction=0.00 | state=STATIONARY | detections=303
[INFO] [1790214441.479766325] [sage_semantic_world_model]: Target 1 updated | association_distance=0.03 m | raw=(-0.22, 4.13, 0.00) | smoothed=(-0.22, 4.16, 0.00) | velocity=(0.00, -0.08, 0.00) m/s | speed=0.08 m/s | net=0.07 m | straightness=0.99 | direction=0.00 | state=STATIONARY | detections=304
[INFO] [1790214441.581985608] [sage_semantic_world_model]: Target 1 updated | association_distance=0.02 m | raw=(-0.22, 4.13, 0.00) | smoothed=(-0.22, 4.15, 0.00) | velocity=(-0.00, -0.09, 0.00) m/s | speed=0.09 m/s | net=0.07 m | straightness=0.98 | direction=0.00 | state=STATIONARY | detections=305
[INFO] [1790214441.678413270] [sage_semantic_world_model]: Target 1 updated | association_distance=0.05 m | raw=(-0.23, 4.10, 0.00) | smoothed=(-0.23, 4.14, 0.00) | velocity=(-0.01, -0.09, 0.00) m/s | speed=0.09 m/s | net=0.07 m | straightness=0.98 | direction=0.00 | state=STATIONARY | detections=306
[INFO] [1790214441.776818608] [sage_semantic_world_model]: Target 1 updated | association_distance=0.04 m | raw=(-0.23, 4.10, 0.00) | smoothed=(-0.23, 4.13, 0.00) | velocity=(-0.01, -0.08, 0.00) m/s | speed=0.08 m/s | net=0.07 m | straightness=0.98 | direction=0.00 | state=STATIONARY | detections=307
[INFO] [1790214441.875504480] [sage_semantic_world_model]: Target 1 updated | association_distance=0.03 m | raw=(-0.23, 4.10, 0.00) | smoothed=(-0.23, 4.12, 0.00) | velocity=(-0.02, -0.08, 0.00) m/s | speed=0.08 m/s | net=0.07 m | straightness=0.98 | direction=0.00 | state=STATIONARY | detections=308
[INFO] [1790214441.984380369] [sage_semantic_world_model]: Target 1 updated | association_distance=0.01 m | raw=(-0.24, 4.11, 0.00) | smoothed=(-0.23, 4.12, 0.00) | velocity=(-0.02, -0.08, 0.00) m/s | speed=0.08 m/s | net=0.07 m | straightness=0.98 | direction=0.00 | state=STATIONARY | detections=309
[INFO] [1790214442.071610608] [sage_semantic_world_model]: Target 1 updated | association_distance=0.01 m | raw=(-0.24, 4.11, 0.00) | smoothed=(-0.23, 4.12, 0.00) | velocity=(-0.02, -0.05, 0.00) m/s | speed=0.05 m/s | net=0.07 m | straightness=0.98 | direction=0.00 | state=STATIONARY | detections=310
[INFO] [1790214442.187232754] [sage_semantic_world_model]: Target 1 updated | association_distance=0.01 m | raw=(-0.24, 4.11, 0.00) | smoothed=(-0.23, 4.12, 0.00) | velocity=(-0.02, -0.03, 0.00) m/s | speed=0.04 m/s | net=0.06 m | straightness=0.98 | direction=0.00 | state=STATIONARY | detections=311
[INFO] [1790214442.277322231] [sage_semantic_world_model]: Target 1 updated | association_distance=0.01 m | raw=(-0.24, 4.12, 0.00) | smoothed=(-0.23, 4.12, 0.00) | velocity=(-0.01, -0.01, 0.00) m/s | speed=0.02 m/s | net=0.05 m | straightness=0.93 | direction=0.00 | state=STATIONARY | detections=312
[INFO] [1790214442.373566934] [sage_semantic_world_model]: Target 1 updated | association_distance=0.00 m | raw=(-0.24, 4.12, 0.00) | smoothed=(-0.24, 4.12, 0.00) | velocity=(-0.01, -0.00, 0.00) m/s | speed=0.01 m/s | net=0.04 m | straightness=0.87 | direction=0.00 | state=STATIONARY | detections=313
[INFO] [1790214442.474729272] [sage_semantic_world_model]: Target 1 updated | association_distance=0.00 m | raw=(-0.24, 4.12, 0.00) | smoothed=(-0.24, 4.12, 0.00) | velocity=(-0.01, 0.00, 0.00) m/s | speed=0.01 m/s | net=0.03 m | straightness=0.83 | direction=0.00 | state=STATIONARY | detections=314
[INFO] [1790214442.573490981] [sage_semantic_world_model]: Target 1 updated | association_distance=0.05 m | raw=(-0.26, 4.08, 0.00) | smoothed=(-0.24, 4.11, 0.00) | velocity=(-0.02, -0.02, 0.00) m/s | speed=0.03 m/s | net=0.03 m | straightness=0.83 | direction=0.00 | state=STATIONARY | detections=315
[INFO] [1790214442.681681224] [sage_semantic_world_model]: Target 1 updated | association_distance=0.04 m | raw=(-0.26, 4.08, 0.00) | smoothed=(-0.25, 4.10, 0.00) | velocity=(-0.03, -0.04, 0.00) m/s | speed=0.05 m/s | net=0.03 m | straightness=0.84 | direction=0.00 | state=STATIONARY | detections=316
[INFO] [1790214442.785086010] [sage_semantic_world_model]: Target 1 updated | association_distance=0.03 m | raw=(-0.26, 4.08, 0.00) | smoothed=(-0.25, 4.10, 0.00) | velocity=(-0.03, -0.06, 0.00) m/s | speed=0.07 m/s | net=0.03 m | straightness=0.85 | direction=0.00 | state=STATIONARY | detections=317
[INFO] [1790214442.885367355] [sage_semantic_world_model]: Target 1 updated | association_distance=0.38 m | raw=(0.03, 4.36, 0.00) | smoothed=(-0.18, 4.16, 0.00) | velocity=(0.14, 0.11, 0.00) m/s | speed=0.18 m/s | net=0.07 m | straightness=0.51 | direction=0.00 | state=STATIONARY | detections=318
[INFO] [1790214442.982597600] [sage_semantic_world_model]: Target 1 updated | association_distance=0.29 m | raw=(0.03, 4.36, 0.00) | smoothed=(-0.13, 4.21, 0.00) | velocity=(0.29, 0.26, 0.00) m/s | speed=0.38 m/s | net=0.14 m | straightness=0.70 | direction=0.00 | state=STATIONARY | detections=319
[INFO] [1790214443.084437671] [sage_semantic_world_model]: Target 1 updated | association_distance=0.22 m | raw=(0.03, 4.36, 0.00) | smoothed=(-0.09, 4.25, 0.00) | velocity=(0.39, 0.37, 0.00) m/s | speed=0.54 m/s | net=0.20 m | straightness=0.78 | direction=0.00 | state=STATIONARY | detections=320
[INFO] [1790214444.685901855] [sage_semantic_world_model]: NEW TARGET | id=2 | class=person | position=(-7.81, 7.27, 0.00) | state=STATIONARY
[INFO] [1790214444.773013075] [sage_semantic_world_model]: Target 2 updated | association_distance=0.00 m | raw=(-7.81, 7.27, 0.00) | smoothed=(-7.81, 7.27, 0.00) | velocity=(0.00, 0.00, 0.00) m/s | speed=0.00 m/s | net=0.00 m | straightness=0.00 | direction=0.00 | state=STATIONARY | detections=2
[INFO] [1790214444.879975759] [sage_semantic_world_model]: Target 2 updated | association_distance=0.00 m | raw=(-7.81, 7.27, 0.00) | smoothed=(-7.81, 7.27, 0.00) | velocity=(0.00, 0.00, 0.00) m/s | speed=0.00 m/s | net=0.00 m | straightness=0.00 | direction=0.00 | state=STATIONARY | detections=3
[INFO] [1790214444.977755693] [sage_semantic_world_model]: Target 2 updated | association_distance=0.00 m | raw=(-7.81, 7.27, 0.00) | smoothed=(-7.81, 7.27, 0.00) | velocity=(0.00, 0.00, 0.00) m/s | speed=0.00 m/s | net=0.00 m | straightness=0.00 | direction=0.00 | state=STATIONARY | detections=4
[INFO] [1790214445.082003434] [sage_semantic_world_model]: Target 1 updated | association_distance=0.64 m | raw=(-0.57, 3.83, 0.00) | smoothed=(-0.21, 4.15, 0.00) | velocity=(0.02, 0.02, 0.00) m/s | speed=0.03 m/s | net=0.04 m | straightness=0.09 | direction=0.00 | state=STATIONARY | detections=321
[INFO] [1790214445.175773764] [sage_semantic_world_model]: Target 1 updated | association_distance=0.48 m | raw=(-0.57, 3.83, 0.00) | smoothed=(-0.30, 4.07, 0.00) | velocity=(-0.05, -0.04, 0.00) m/s | speed=0.07 m/s | net=0.08 m | straightness=0.15 | direction=0.00 | state=STATIONARY | detections=322
[INFO] [1790214445.274930508] [sage_semantic_world_model]: Target 1 updated | association_distance=0.36 m | raw=(-0.57, 3.83, 0.00) | smoothed=(-0.37, 4.01, 0.00) | velocity=(-0.10, -0.09, 0.00) m/s | speed=0.14 m/s | net=0.17 m | straightness=0.28 | direction=0.00 | state=STATIONARY | detections=323
[INFO] [1790214446.973105592] [sage_semantic_world_model]: Target 1 updated | association_distance=0.96 m | raw=(-1.25, 3.63, 0.00) | smoothed=(-0.59, 3.92, 0.00) | velocity=(-0.13, -0.09, 0.00) m/s | speed=0.15 m/s | net=0.40 m | straightness=0.47 | direction=0.00 | state=STATIONARY | detections=324
[INFO] [1790214447.079022790] [sage_semantic_world_model]: Target 1 updated | association_distance=0.72 m | raw=(-1.25, 3.63, 0.00) | smoothed=(-0.75, 3.84, 0.00) | velocity=(-0.27, -0.15, 0.00) m/s | speed=0.31 m/s | net=0.57 m | straightness=0.56 | direction=0.67 | state=STATIONARY | detections=325
[INFO] [1790214451.186629982] [sage_semantic_world_model]: NEW TARGET | id=3 | class=person | position=(-4.62, 7.25, 0.00) | state=STATIONARY
[INFO] [1790214451.286030579] [sage_semantic_world_model]: Target 3 updated | association_distance=0.00 m | raw=(-4.62, 7.25, 0.00) | smoothed=(-4.62, 7.25, 0.00) | velocity=(0.00, 0.00, 0.00) m/s | speed=0.00 m/s | net=0.00 m | straightness=0.00 | direction=0.00 | state=STATIONARY | detections=2
[INFO] [1790214451.374501155] [sage_semantic_world_model]: Target 3 updated | association_distance=0.00 m | raw=(-4.62, 7.25, 0.00) | smoothed=(-4.62, 7.25, 0.00) | velocity=(0.00, 0.00, 0.00) m/s | speed=0.00 m/s | net=0.00 m | straightness=0.00 | direction=0.00 | state=STATIONARY | detections=3
[INFO] [1790214451.678849430] [sage_semantic_world_model]: Target 3 updated | association_distance=1.36 m | raw=(-5.97, 7.08, 0.00) | smoothed=(-4.96, 7.21, 0.00) | velocity=(0.00, 0.00, 0.00) m/s | speed=0.00 m/s | net=0.00 m | straightness=0.00 | direction=0.00 | state=STATIONARY | detections=4
[INFO] [1790214451.773518255] [sage_semantic_world_model]: Target 3 updated | association_distance=1.02 m | raw=(-5.97, 7.08, 0.00) | smoothed=(-5.21, 7.17, 0.00) | velocity=(-0.99, -0.12, 0.00) m/s | speed=1.00 m/s | net=0.00 m | straightness=0.00 | direction=0.00 | state=STATIONARY | detections=5
[INFO] [1790214451.889178353] [sage_semantic_world_model]: Target 3 updated | association_distance=1.18 m | raw=(-6.39, 7.08, 0.00) | smoothed=(-5.51, 7.15, 0.00) | velocity=(-1.47, -0.16, 0.00) m/s | speed=1.48 m/s | net=0.00 m | straightness=0.00 | direction=0.00 | state=STATIONARY | detections=6
[INFO] [1790214451.975972977] [sage_semantic_world_model]: Target 3 updated | association_distance=0.89 m | raw=(-6.39, 7.08, 0.00) | smoothed=(-5.73, 7.13, 0.00) | velocity=(-1.85, -0.19, 0.00) m/s | speed=1.86 m/s | net=0.00 m | straightness=0.00 | direction=0.00 | state=STATIONARY | detections=7
[INFO] [1790214455.676127193] [sage_semantic_world_model]: Target 3 updated | association_distance=0.83 m | raw=(-5.35, 7.87, 0.00) | smoothed=(-5.63, 7.32, 0.00) | velocity=(-0.17, 0.03, 0.00) m/s | speed=0.17 m/s | net=0.00 m | straightness=0.00 | direction=0.00 | state=STATIONARY | detections=8
[INFO] [1790214455.779221894] [sage_semantic_world_model]: Target 3 updated | association_distance=0.62 m | raw=(-5.35, 7.87, 0.00) | smoothed=(-5.56, 7.46, 0.00) | velocity=(-0.09, 0.07, 0.00) m/s | speed=0.11 m/s | net=0.00 m | straightness=0.00 | direction=0.00 | state=STATIONARY | detections=9
[INFO] [1790214455.876597567] [sage_semantic_world_model]: Target 3 updated | association_distance=0.47 m | raw=(-5.35, 7.87, 0.00) | smoothed=(-5.51, 7.56, 0.00) | velocity=(-0.00, 0.10, 0.00) m/s | speed=0.10 m/s | net=0.94 m | straightness=0.59 | direction=0.57 | state=STATIONARY | detections=10
[INFO] [1790214455.975618820] [sage_semantic_world_model]: Target 3 updated | association_distance=0.12 m | raw=(-5.58, 7.46, 0.00) | smoothed=(-5.53, 7.53, 0.00) | velocity=(0.05, 0.10, 0.00) m/s | speed=0.11 m/s | net=0.95 m | straightness=0.59 | direction=0.50 | state=STATIONARY | detections=11
[INFO] [1790214456.077765286] [sage_semantic_world_model]: Target 3 updated | association_distance=0.09 m | raw=(-5.58, 7.46, 0.00) | smoothed=(-5.54, 7.52, 0.00) | velocity=(0.23, 0.50, 0.00) m/s | speed=0.55 m/s | net=0.96 m | straightness=0.58 | direction=0.44 | state=STATIONARY | detections=12
[INFO] [1790214456.177102295] [sage_semantic_world_model]: Target 3 updated | association_distance=0.07 m | raw=(-5.58, 7.46, 0.00) | smoothed=(-5.55, 7.50, 0.00) | velocity=(0.03, 0.11, 0.00) m/s | speed=0.12 m/s | net=0.66 m | straightness=0.50 | direction=0.33 | state=STATIONARY | detections=13
[INFO] [1790214456.291967751] [sage_semantic_world_model]: Target 3 updated | association_distance=0.05 m | raw=(-5.58, 7.46, 0.00) | smoothed=(-5.56, 7.49, 0.00) | velocity=(-0.12, -0.17, 0.00) m/s | speed=0.21 m/s | net=0.47 m | straightness=0.43 | direction=0.00 | state=STATIONARY | detections=14
[INFO] [1790214456.382463745] [sage_semantic_world_model]: Target 3 updated | association_distance=0.04 m | raw=(-5.58, 7.46, 0.00) | smoothed=(-5.56, 7.48, 0.00) | velocity=(-0.09, -0.13, 0.00) m/s | speed=0.16 m/s | net=0.34 m | straightness=0.42 | direction=0.00 | state=STATIONARY | detections=15
[INFO] [1790214456.476199446] [sage_semantic_world_model]: Target 3 updated | association_distance=0.03 m | raw=(-5.58, 7.46, 0.00) | smoothed=(-5.57, 7.48, 0.00) | velocity=(-0.07, -0.10, 0.00) m/s | speed=0.12 m/s | net=0.38 m | straightness=0.65 | direction=0.00 | state=STATIONARY | detections=16
[INFO] [1790214456.574602408] [sage_semantic_world_model]: Target 3 updated | association_distance=0.02 m | raw=(-5.58, 7.46, 0.00) | smoothed=(-5.57, 7.47, 0.00) | velocity=(-0.05, -0.07, 0.00) m/s | speed=0.09 m/s | net=0.17 m | straightness=0.44 | direction=0.00 | state=STATIONARY | detections=17
[INFO] [1790214456.677486188] [sage_semantic_world_model]: Target 3 updated | association_distance=0.02 m | raw=(-5.58, 7.46, 0.00) | smoothed=(-5.57, 7.47, 0.00) | velocity=(-0.04, -0.06, 0.00) m/s | speed=0.07 m/s | net=0.02 m | straightness=0.07 | direction=0.00 | state=STATIONARY | detections=18
[INFO] [1790214456.772940972] [sage_semantic_world_model]: Target 3 updated | association_distance=0.01 m | raw=(-5.58, 7.46, 0.00) | smoothed=(-5.57, 7.47, 0.00) | velocity=(-0.03, -0.04, 0.00) m/s | speed=0.05 m/s | net=0.12 m | straightness=1.00 | direction=0.00 | state=STATIONARY | detections=19
[INFO] [1790214456.876432988] [sage_semantic_world_model]: Target 3 updated | association_distance=0.01 m | raw=(-5.58, 7.46, 0.00) | smoothed=(-5.58, 7.46, 0.00) | velocity=(-0.02, -0.03, 0.00) m/s | speed=0.04 m/s | net=0.09 m | straightness=1.00 | direction=0.00 | state=STATIONARY | detections=20
[INFO] [1790214456.978900012] [sage_semantic_world_model]: Target 3 updated | association_distance=0.01 m | raw=(-5.58, 7.46, 0.00) | smoothed=(-5.58, 7.46, 0.00) | velocity=(-0.02, -0.02, 0.00) m/s | speed=0.03 m/s | net=0.06 m | straightness=1.00 | direction=0.00 | state=STATIONARY | detections=21
[INFO] [1790214457.079242387] [sage_semantic_world_model]: Target 3 updated | association_distance=0.01 m | raw=(-5.58, 7.46, 0.00) | smoothed=(-5.58, 7.46, 0.00) | velocity=(-0.01, -0.02, 0.00) m/s | speed=0.02 m/s | net=0.05 m | straightness=1.00 | direction=0.00 | state=STATIONARY | detections=22
[INFO] [1790214457.175424642] [sage_semantic_world_model]: Target 3 updated | association_distance=0.00 m | raw=(-5.58, 7.46, 0.00) | smoothed=(-5.58, 7.46, 0.00) | velocity=(-0.01, -0.01, 0.00) m/s | speed=0.02 m/s | net=0.04 m | straightness=1.00 | direction=0.00 | state=STATIONARY | detections=23
[INFO] [1790214458.480895630] [sage_semantic_world_model]: NEW TARGET | id=4 | class=person | position=(7.46, -7.71, 0.00) | state=STATIONARY
[INFO] [1790214458.580023400] [sage_semantic_world_model]: Target 4 updated | association_distance=0.00 m | raw=(7.46, -7.71, 0.00) | smoothed=(7.46, -7.71, 0.00) | velocity=(0.00, 0.00, 0.00) m/s | speed=0.00 m/s | net=0.00 m | straightness=0.00 | direction=0.00 | state=STATIONARY | detections=2
[INFO] [1790214458.675660647] [sage_semantic_world_model]: Target 4 updated | association_distance=0.00 m | raw=(7.46, -7.71, 0.00) | smoothed=(7.46, -7.71, 0.00) | velocity=(0.00, 0.00, 0.00) m/s | speed=0.00 m/s | net=0.00 m | straightness=0.00 | direction=0.00 | state=STATIONARY | detections=3
[INFO] [1790214458.778436108] [sage_semantic_world_model]: Target 3 updated | association_distance=0.31 m | raw=(-5.67, 7.16, 0.00) | smoothed=(-5.60, 7.39, 0.00) | velocity=(-0.01, -0.04, 0.00) m/s | speed=0.04 m/s | net=0.10 m | straightness=0.99 | direction=0.00 | state=STATIONARY | detections=24
[INFO] [1790214458.877701732] [sage_semantic_world_model]: Target 3 updated | association_distance=0.23 m | raw=(-5.67, 7.16, 0.00) | smoothed=(-5.62, 7.33, 0.00) | velocity=(-0.02, -0.07, 0.00) m/s | speed=0.07 m/s | net=0.15 m | straightness=0.99 | direction=0.00 | state=STATIONARY | detections=25
[INFO] [1790214458.978332052] [sage_semantic_world_model]: Target 3 updated | association_distance=0.17 m | raw=(-5.67, 7.16, 0.00) | smoothed=(-5.63, 7.29, 0.00) | velocity=(-0.03, -0.09, 0.00) m/s | speed=0.09 m/s | net=0.19 m | straightness=1.00 | direction=0.00 | state=STATIONARY | detections=26
[INFO] [1790214459.077765358] [sage_semantic_world_model]: Target 3 updated | association_distance=0.13 m | raw=(-5.67, 7.16, 0.00) | smoothed=(-5.64, 7.26, 0.00) | velocity=(-0.03, -0.11, 0.00) m/s | speed=0.11 m/s | net=0.22 m | straightness=1.00 | direction=0.00 | state=STATIONARY | detections=27
[INFO] [1790214459.178814905] [sage_semantic_world_model]: Target 3 updated | association_distance=0.24 m | raw=(-5.82, 7.10, 0.00) | smoothed=(-5.69, 7.22, 0.00) | velocity=(-0.21, -0.42, 0.00) m/s | speed=0.47 m/s | net=0.27 m | straightness=0.97 | direction=0.00 | state=STATIONARY | detections=28
[INFO] [1790214459.275728424] [sage_semantic_world_model]: Target 3 updated | association_distance=0.18 m | raw=(-5.82, 7.10, 0.00) | smoothed=(-5.72, 7.19, 0.00) | velocity=(-0.25, -0.36, 0.00) m/s | speed=0.44 m/s | net=0.31 m | straightness=0.97 | direction=0.00 | state=STATIONARY | detections=29
[INFO] [1790214459.388692069] [sage_semantic_world_model]: Target 3 updated | association_distance=0.14 m | raw=(-5.82, 7.10, 0.00) | smoothed=(-5.75, 7.17, 0.00) | velocity=(-0.28, -0.30, 0.00) m/s | speed=0.42 m/s | net=0.34 m | straightness=0.96 | direction=0.00 | state=STATIONARY | detections=30
[INFO] [1790214460.379371333] [sage_semantic_world_model]: NEW TARGET | id=5 | class=person | position=(5.18, -5.62, 0.00) | state=STATIONARY
[INFO] [1790214460.473988783] [sage_semantic_world_model]: Target 5 updated | association_distance=0.00 m | raw=(5.18, -5.62, 0.00) | smoothed=(5.18, -5.62, 0.00) | velocity=(0.00, 0.00, 0.00) m/s | speed=0.00 m/s | net=0.00 m | straightness=0.00 | direction=0.00 | state=STATIONARY | detections=2
[INFO] [1790214460.587039134] [sage_semantic_world_model]: Target 5 updated | association_distance=0.00 m | raw=(5.18, -5.62, 0.00) | smoothed=(5.18, -5.62, 0.00) | velocity=(0.00, 0.00, 0.00) m/s | speed=0.00 m/s | net=0.00 m | straightness=0.00 | direction=0.00 | state=STATIONARY | detections=3
[INFO] [1790214460.686305477] [sage_semantic_world_model]: Target 3 updated | association_distance=0.17 m | raw=(-5.91, 7.23, 0.00) | smoothed=(-5.79, 7.18, 0.00) | velocity=(-0.09, -0.05, 0.00) m/s | speed=0.10 m/s | net=0.35 m | straightness=0.88 | direction=0.00 | state=STATIONARY | detections=31
[INFO] [1790214460.780652073] [sage_semantic_world_model]: Target 3 updated | association_distance=0.13 m | raw=(-5.91, 7.23, 0.00) | smoothed=(-5.82, 7.19, 0.00) | velocity=(-0.08, -0.02, 0.00) m/s | speed=0.08 m/s | net=0.36 m | straightness=0.84 | direction=0.00 | state=STATIONARY | detections=32
[INFO] [1790214460.884627828] [sage_semantic_world_model]: Target 3 updated | association_distance=0.10 m | raw=(-5.91, 7.23, 0.00) | smoothed=(-5.84, 7.20, 0.00) | velocity=(-0.07, 0.01, 0.00) m/s | speed=0.07 m/s | net=0.30 m | straightness=0.81 | direction=0.00 | state=STATIONARY | detections=33
[INFO] [1790214461.374410291] [sage_semantic_world_model]: Target 5 updated | association_distance=0.86 m | raw=(5.63, -6.36, 0.00) | smoothed=(5.29, -5.81, 0.00) | velocity=(0.00, 0.00, 0.00) m/s | speed=0.00 m/s | net=0.00 m | straightness=0.00 | direction=0.00 | state=STATIONARY | detections=4
[INFO] [1790214461.478323251] [sage_semantic_world_model]: Target 5 updated | association_distance=0.64 m | raw=(5.63, -6.36, 0.00) | smoothed=(5.38, -5.94, 0.00) | velocity=(0.18, -0.29, 0.00) m/s | speed=0.34 m/s | net=0.00 m | straightness=0.00 | direction=0.00 | state=STATIONARY | detections=5
[INFO] [1790214461.575832593] [sage_semantic_world_model]: Target 5 updated | association_distance=0.48 m | raw=(5.63, -6.36, 0.00) | smoothed=(5.44, -6.05, 0.00) | velocity=(0.24, -0.38, 0.00) m/s | speed=0.45 m/s | net=0.00 m | straightness=0.00 | direction=0.00 | state=STATIONARY | detections=6
[INFO] [1790214461.677319416] [sage_semantic_world_model]: Target 1 updated | association_distance=1.80 m | raw=(1.02, 4.14, 0.00) | smoothed=(-0.31, 3.92, 0.00) | velocity=(-0.00, -0.01, 0.00) m/s | speed=0.01 m/s | net=0.19 m | straightness=0.13 | direction=0.00 | state=STATIONARY | detections=326
[INFO] [1790214461.773525393] [sage_semantic_world_model]: Target 1 updated | association_distance=1.35 m | raw=(1.02, 4.14, 0.00) | smoothed=(0.02, 3.97, 0.00) | velocity=(0.02, -0.00, 0.00) m/s | speed=0.02 m/s | net=0.28 m | straightness=0.16 | direction=0.00 | state=STATIONARY | detections=327
[INFO] [1790214461.874001624] [sage_semantic_world_model]: Target 1 updated | association_distance=1.01 m | raw=(1.02, 4.14, 0.00) | smoothed=(0.27, 4.02, 0.00) | velocity=(0.06, 0.01, 0.00) m/s | speed=0.06 m/s | net=0.45 m | straightness=0.24 | direction=0.00 | state=STATIONARY | detections=328
[INFO] [1790214463.875464162] [sage_semantic_world_model]: Target 5 updated | association_distance=1.40 m | raw=(4.22, -6.73, 0.00) | smoothed=(5.13, -6.22, 0.00) | velocity=(-0.01, -0.18, 0.00) m/s | speed=0.18 m/s | net=0.00 m | straightness=0.00 | direction=0.00 | state=STATIONARY | detections=7
[INFO] [1790214463.979011427] [sage_semantic_world_model]: Target 5 updated | association_distance=1.05 m | raw=(4.22, -6.73, 0.00) | smoothed=(4.91, -6.35, 0.00) | velocity=(-0.15, -0.21, 0.00) m/s | speed=0.26 m/s | net=0.00 m | straightness=0.00 | direction=0.00 | state=STATIONARY | detections=8
[INFO] [1790214464.080216182] [sage_semantic_world_model]: Target 5 updated | association_distance=0.79 m | raw=(4.22, -6.73, 0.00) | smoothed=(4.73, -6.44, 0.00) | velocity=(-0.25, -0.19, 0.00) m/s | speed=0.31 m/s | net=0.00 m | straightness=0.00 | direction=0.00 | state=STATIONARY | detections=9
[INFO] [1790214464.180417179] [sage_semantic_world_model]: Target 5 updated | association_distance=0.59 m | raw=(4.22, -6.73, 0.00) | smoothed=(4.60, -6.52, 0.00) | velocity=(-0.32, -0.18, 0.00) m/s | speed=0.37 m/s | net=1.06 m | straightness=0.73 | direction=0.57 | state=STATIONARY | detections=10
[INFO] [1790214466.973815154] [sage_semantic_world_model]: Target 1 updated | association_distance=0.66 m | raw=(0.88, 3.76, 0.00) | smoothed=(0.43, 3.95, 0.00) | velocity=(0.06, 0.01, 0.00) m/s | speed=0.06 m/s | net=0.59 m | straightness=0.30 | direction=0.44 | state=STATIONARY | detections=329
[INFO] [1790214467.075638003] [sage_semantic_world_model]: Target 1 updated | association_distance=0.49 m | raw=(0.88, 3.76, 0.00) | smoothed=(0.54, 3.91, 0.00) | velocity=(0.16, -0.00, 0.00) m/s | speed=0.16 m/s | net=0.79 m | straightness=0.40 | direction=0.56 | state=STATIONARY | detections=330
[INFO] [1790214467.178676662] [sage_semantic_world_model]: Target 3 updated | association_distance=0.06 m | raw=(-5.83, 7.26, 0.00) | smoothed=(-5.84, 7.22, 0.00) | velocity=(-0.01, 0.01, 0.00) m/s | speed=0.01 m/s | net=0.25 m | straightness=0.75 | direction=0.00 | state=STATIONARY | detections=34
[INFO] [1790214467.276624212] [sage_semantic_world_model]: Target 3 updated | association_distance=0.04 m | raw=(-5.83, 7.26, 0.00) | smoothed=(-5.83, 7.23, 0.00) | velocity=(-0.01, 0.01, 0.00) m/s | speed=0.01 m/s | net=0.21 m | straightness=0.72 | direction=0.00 | state=STATIONARY | detections=35
[INFO] [1790214467.387936923] [sage_semantic_world_model]: Target 3 updated | association_distance=0.03 m | raw=(-5.83, 7.26, 0.00) | smoothed=(-5.83, 7.23, 0.00) | velocity=(-0.00, 0.01, 0.00) m/s | speed=0.01 m/s | net=0.19 m | straightness=0.72 | direction=0.00 | state=STATIONARY | detections=36
[INFO] [1790214467.486402638] [sage_semantic_world_model]: Target 3 updated | association_distance=0.12 m | raw=(-5.87, 7.12, 0.00) | smoothed=(-5.84, 7.20, 0.00) | velocity=(-0.00, 0.00, 0.00) m/s | speed=0.00 m/s | net=0.16 m | straightness=0.65 | direction=0.00 | state=STATIONARY | detections=37
[INFO] [1790214467.578763285] [sage_semantic_world_model]: Target 3 updated | association_distance=0.09 m | raw=(-5.87, 7.12, 0.00) | smoothed=(-5.85, 7.18, 0.00) | velocity=(-0.03, -0.08, 0.00) m/s | speed=0.09 m/s | net=0.13 m | straightness=0.58 | direction=0.00 | state=STATIONARY | detections=38
[INFO] [1790214467.673628500] [sage_semantic_world_model]: Target 3 updated | association_distance=0.07 m | raw=(-5.87, 7.12, 0.00) | smoothed=(-5.85, 7.17, 0.00) | velocity=(-0.04, -0.15, 0.00) m/s | speed=0.16 m/s | net=0.11 m | straightness=0.53 | direction=0.00 | state=STATIONARY | detections=39
[INFO] [1790214468.975001905] [sage_semantic_world_model]: Target 3 updated | association_distance=0.11 m | raw=(-5.91, 7.07, 0.00) | smoothed=(-5.87, 7.14, 0.00) | velocity=(-0.02, -0.06, 0.00) m/s | speed=0.06 m/s | net=0.09 m | straightness=0.48 | direction=0.00 | state=STATIONARY | detections=40
[INFO] [1790214469.076293879] [sage_semantic_world_model]: Target 3 updated | association_distance=0.09 m | raw=(-5.91, 7.07, 0.00) | smoothed=(-5.88, 7.12, 0.00) | velocity=(-0.02, -0.05, 0.00) m/s | speed=0.06 m/s | net=0.09 m | straightness=0.52 | direction=0.00 | state=STATIONARY | detections=41
[INFO] [1790214469.176879494] [sage_semantic_world_model]: Target 3 updated | association_distance=0.06 m | raw=(-5.91, 7.07, 0.00) | smoothed=(-5.89, 7.11, 0.00) | velocity=(-0.02, -0.05, 0.00) m/s | speed=0.05 m/s | net=0.10 m | straightness=0.61 | direction=0.00 | state=STATIONARY | detections=42
[INFO] [1790214478.373825698] [sage_semantic_world_model]: Target 3 updated | association_distance=1.62 m | raw=(-5.74, 8.72, 0.00) | smoothed=(-5.85, 7.51, 0.00) | velocity=(0.00, 0.03, 0.00) m/s | speed=0.03 m/s | net=0.30 m | straightness=0.53 | direction=0.00 | state=STATIONARY | detections=43
[INFO] [1790214478.474024523] [sage_semantic_world_model]: Target 3 updated | association_distance=1.22 m | raw=(-5.74, 8.72, 0.00) | smoothed=(-5.82, 7.81, 0.00) | velocity=(0.00, 0.07, 0.00) m/s | speed=0.07 m/s | net=0.59 m | straightness=0.69 | direction=0.33 | state=STATIONARY | detections=44
[INFO] [1790214478.582421422] [sage_semantic_world_model]: Target 3 updated | association_distance=0.91 m | raw=(-5.74, 8.72, 0.00) | smoothed=(-5.80, 8.04, 0.00) | velocity=(0.01, 0.10, 0.00) m/s | speed=0.10 m/s | net=0.81 m | straightness=0.75 | direction=0.33 | state=STATIONARY | detections=45
[INFO] [1790214478.676689180] [sage_semantic_world_model]: Target 3 updated | association_distance=0.68 m | raw=(-5.74, 8.72, 0.00) | smoothed=(-5.78, 8.21, 0.00) | velocity=(0.01, 0.12, 0.00) m/s | speed=0.12 m/s | net=1.01 m | straightness=0.83 | direction=0.44 | state=STATIONARY | detections=46
[INFO] [1790214478.778779931] [sage_semantic_world_model]: Target 3 updated | association_distance=0.19 m | raw=(-5.60, 8.17, 0.00) | smoothed=(-5.74, 8.20, 0.00) | velocity=(0.28, 1.72, 0.00) m/s | speed=1.74 m/s | net=1.03 m | straightness=0.83 | direction=0.44 | state=STATIONARY | detections=47
[INFO] [1790214478.874768895] [sage_semantic_world_model]: Target 3 updated | association_distance=0.15 m | raw=(-5.60, 8.17, 0.00) | smoothed=(-5.70, 8.19, 0.00) | velocity=(0.30, 0.95, 0.00) m/s | speed=0.99 m/s | net=1.04 m | straightness=0.82 | direction=0.44 | state=STATIONARY | detections=48
[INFO] [1790214480.074250588] [sage_semantic_world_model]: Target 3 updated | association_distance=1.18 m | raw=(-6.16, 7.10, 0.00) | smoothed=(-5.82, 7.92, 0.00) | velocity=(-0.01, -0.08, 0.00) m/s | speed=0.08 m/s | net=0.78 m | straightness=0.51 | direction=0.44 | state=STATIONARY | detections=49
[INFO] [1790214480.176853761] [sage_semantic_world_model]: Target 3 updated | association_distance=0.89 m | raw=(-6.16, 7.10, 0.00) | smoothed=(-5.90, 7.72, 0.00) | velocity=(-0.08, -0.33, 0.00) m/s | speed=0.34 m/s | net=0.60 m | straightness=0.34 | direction=0.44 | state=STATIONARY | detections=50
[INFO] [1790214480.274668295] [sage_semantic_world_model]: Target 3 updated | association_distance=0.67 m | raw=(-6.16, 7.10, 0.00) | smoothed=(-5.97, 7.56, 0.00) | velocity=(-0.15, -0.43, 0.00) m/s | speed=0.45 m/s | net=0.46 m | straightness=0.25 | direction=0.00 | state=STATIONARY | detections=51
[INFO] [1790214480.382364123] [sage_semantic_world_model]: Target 3 updated | association_distance=0.44 m | raw=(-6.16, 7.17, 0.00) | smoothed=(-6.02, 7.47, 0.00) | velocity=(-0.21, -0.49, 0.00) m/s | speed=0.53 m/s | net=0.17 m | straightness=0.11 | direction=0.00 | state=STATIONARY | detections=52
[INFO] [1790214480.473755220] [sage_semantic_world_model]: Target 3 updated | association_distance=0.33 m | raw=(-6.16, 7.17, 0.00) | smoothed=(-6.05, 7.39, 0.00) | velocity=(-0.59, -1.33, 0.00) m/s | speed=1.45 m/s | net=0.48 m | straightness=0.35 | direction=0.00 | state=STATIONARY | detections=53
[INFO] [1790214480.575793818] [sage_semantic_world_model]: Target 3 updated | association_distance=0.25 m | raw=(-6.16, 7.17, 0.00) | smoothed=(-6.08, 7.34, 0.00) | velocity=(-0.45, -0.96, 0.00) m/s | speed=1.06 m/s | net=0.76 m | straightness=0.64 | direction=0.67 | state=STATIONARY | detections=54
[INFO] [1790214482.176818910] [sage_semantic_world_model]: Target 3 updated | association_distance=0.53 m | raw=(-5.57, 7.20, 0.00) | smoothed=(-5.95, 7.30, 0.00) | velocity=(0.01, -0.14, 0.00) m/s | speed=0.14 m/s | net=0.93 m | straightness=0.80 | direction=0.67 | state=STATIONARY | detections=55
[INFO] [1790214482.278356414] [sage_semantic_world_model]: Target 3 updated | association_distance=0.40 m | raw=(-5.57, 7.20, 0.00) | smoothed=(-5.86, 7.28, 0.00) | velocity=(0.08, -0.10, 0.00) m/s | speed=0.13 m/s | net=0.93 m | straightness=0.77 | direction=0.67 | state=STATIONARY | detections=56
[INFO] [1790214482.380827287] [sage_semantic_world_model]: Target 3 updated | association_distance=0.30 m | raw=(-5.57, 7.20, 0.00) | smoothed=(-5.79, 7.26, 0.00) | velocity=(0.14, -0.07, 0.00) m/s | speed=0.16 m/s | net=0.94 m | straightness=0.76 | direction=0.67 | state=STATIONARY | detections=57
[INFO] [1790214482.488253255] [sage_semantic_world_model]: Target 3 updated | association_distance=0.22 m | raw=(-5.57, 7.20, 0.00) | smoothed=(-5.73, 7.24, 0.00) | velocity=(0.18, -0.05, 0.00) m/s | speed=0.19 m/s | net=0.68 m | straightness=0.68 | direction=0.56 | state=STATIONARY | detections=58
[INFO] [1790214482.585206379] [sage_semantic_world_model]: Target 3 updated | association_distance=0.17 m | raw=(-5.57, 7.20, 0.00) | smoothed=(-5.69, 7.23, 0.00) | velocity=(0.65, -0.18, 0.00) m/s | speed=0.67 m/s | net=0.53 m | straightness=0.64 | direction=1.00 | state=STATIONARY | detections=59
[INFO] [1790214482.691845826] [sage_semantic_world_model]: Target 3 updated | association_distance=0.13 m | raw=(-5.57, 7.20, 0.00) | smoothed=(-5.66, 7.22, 0.00) | velocity=(0.49, -0.13, 0.00) m/s | speed=0.50 m/s | net=0.46 m | straightness=0.66 | direction=0.00 | state=STATIONARY | detections=60
[INFO] [1790214482.786246989] [sage_semantic_world_model]: Target 3 updated | association_distance=0.09 m | raw=(-5.57, 7.20, 0.00) | smoothed=(-5.64, 7.22, 0.00) | velocity=(0.37, -0.10, 0.00) m/s | speed=0.38 m/s | net=0.45 m | straightness=0.75 | direction=0.00 | state=STATIONARY | detections=61
[INFO] [1790214482.877301833] [sage_semantic_world_model]: Target 3 updated | association_distance=0.07 m | raw=(-5.57, 7.20, 0.00) | smoothed=(-5.62, 7.21, 0.00) | velocity=(0.28, -0.08, 0.00) m/s | speed=0.29 m/s | net=0.47 m | straightness=0.87 | direction=0.00 | state=STATIONARY | detections=62
[INFO] [1790214489.673316031] [sage_semantic_world_model]: Target 1 updated | association_distance=0.33 m | raw=(0.41, 3.60, 0.00) | smoothed=(0.51, 3.83, 0.00) | velocity=(0.02, -0.01, 0.00) m/s | speed=0.02 m/s | net=0.84 m | straightness=0.44 | direction=0.56 | state=STATIONARY | detections=331
[INFO] [1790214489.789199958] [sage_semantic_world_model]: Target 1 updated | association_distance=0.25 m | raw=(0.41, 3.60, 0.00) | smoothed=(0.48, 3.77, 0.00) | velocity=(0.01, -0.01, 0.00) m/s | speed=0.01 m/s | net=0.88 m | straightness=0.47 | direction=0.56 | state=STATIONARY | detections=332
[INFO] [1790214489.877161074] [sage_semantic_world_model]: Target 1 updated | association_distance=0.18 m | raw=(0.41, 3.60, 0.00) | smoothed=(0.47, 3.73, 0.00) | velocity=(0.00, -0.01, 0.00) m/s | speed=0.01 m/s | net=1.07 m | straightness=0.63 | direction=0.56 | state=STATIONARY | detections=333
[INFO] [1790214489.977678666] [sage_semantic_world_model]: Target 1 updated | association_distance=0.14 m | raw=(0.41, 3.60, 0.00) | smoothed=(0.45, 3.70, 0.00) | velocity=(-0.00, -0.01, 0.00) m/s | speed=0.01 m/s | net=1.21 m | straightness=0.78 | direction=0.56 | state=STATIONARY | detections=334
[INFO] [1790214490.076750994] [sage_semantic_world_model]: Target 3 updated | association_distance=0.32 m | raw=(-5.93, 7.30, 0.00) | smoothed=(-5.70, 7.23, 0.00) | velocity=(-0.00, 0.00, 0.00) m/s | speed=0.00 m/s | net=0.40 m | straightness=0.71 | direction=0.00 | state=STATIONARY | detections=63
[INFO] [1790214490.178437882] [sage_semantic_world_model]: Target 3 updated | association_distance=0.24 m | raw=(-5.93, 7.30, 0.00) | smoothed=(-5.76, 7.25, 0.00) | velocity=(-0.01, 0.00, 0.00) m/s | speed=0.01 m/s | net=0.20 m | straightness=0.42 | direction=0.00 | state=STATIONARY | detections=64
[INFO] [1790214491.481639562] [sage_semantic_world_model]: Target 3 updated | association_distance=0.27 m | raw=(-5.96, 7.07, 0.00) | smoothed=(-5.81, 7.20, 0.00) | velocity=(-0.02, -0.00, 0.00) m/s | speed=0.02 m/s | net=0.09 m | straightness=0.19 | direction=0.00 | state=STATIONARY | detections=65
[INFO] [1790214491.581906684] [sage_semantic_world_model]: Target 3 updated | association_distance=0.20 m | raw=(-5.96, 7.07, 0.00) | smoothed=(-5.85, 7.17, 0.00) | velocity=(-0.03, -0.00, 0.00) m/s | speed=0.03 m/s | net=0.10 m | straightness=0.24 | direction=0.00 | state=STATIONARY | detections=66
[INFO] [1790214496.777567816] [sage_semantic_world_model]: Target 1 updated | association_distance=0.28 m | raw=(0.19, 3.80, 0.00) | smoothed=(0.39, 3.72, 0.00) | velocity=(-0.02, -0.01, 0.00) m/s | speed=0.02 m/s | net=0.72 m | straightness=0.62 | direction=0.44 | state=STATIONARY | detections=335
[INFO] [1790214496.883322756] [sage_semantic_world_model]: Target 1 updated | association_distance=0.21 m | raw=(0.19, 3.80, 0.00) | smoothed=(0.34, 3.74, 0.00) | velocity=(-0.02, -0.00, 0.00) m/s | speed=0.02 m/s | net=0.39 m | straightness=0.44 | direction=0.00 | state=STATIONARY | detections=336
[INFO] [1790214496.982886575] [sage_semantic_world_model]: Target 1 updated | association_distance=0.16 m | raw=(0.19, 3.80, 0.00) | smoothed=(0.30, 3.76, 0.00) | velocity=(-0.02, 0.00, 0.00) m/s | speed=0.02 m/s | net=0.26 m | straightness=0.39 | direction=0.00 | state=STATIONARY | detections=337
[INFO] [1790214497.079449100] [sage_semantic_world_model]: Target 1 updated | association_distance=0.25 m | raw=(0.07, 3.84, 0.00) | smoothed=(0.24, 3.78, 0.00) | velocity=(-0.03, 0.01, 0.00) m/s | speed=0.03 m/s | net=0.25 m | straightness=0.44 | direction=0.00 | state=STATIONARY | detections=338
[INFO] [1790214497.179046409] [sage_semantic_world_model]: Target 1 updated | association_distance=0.19 m | raw=(0.07, 3.84, 0.00) | smoothed=(0.20, 3.79, 0.00) | velocity=(-0.48, 0.18, 0.00) m/s | speed=0.51 m/s | net=0.36 m | straightness=0.73 | direction=0.00 | state=STATIONARY | detections=339
[INFO] [1790214497.280549671] [sage_semantic_world_model]: Target 1 updated | association_distance=0.24 m | raw=(0.05, 3.98, 0.00) | smoothed=(0.16, 3.84, 0.00) | velocity=(-0.44, 0.24, 0.00) m/s | speed=0.51 m/s | net=0.35 m | straightness=0.73 | direction=0.00 | state=STATIONARY | detections=340
[INFO] [1790214497.377017572] [sage_semantic_world_model]: Target 1 updated | association_distance=0.18 m | raw=(0.05, 3.98, 0.00) | smoothed=(0.13, 3.88, 0.00) | velocity=(-0.43, 0.30, 0.00) m/s | speed=0.52 m/s | net=0.37 m | straightness=0.80 | direction=0.00 | state=STATIONARY | detections=341
[INFO] [1790214497.478728515] [sage_semantic_world_model]: Target 1 updated | association_distance=0.14 m | raw=(0.05, 3.98, 0.00) | smoothed=(0.11, 3.90, 0.00) | velocity=(-0.33, 0.31, 0.00) m/s | speed=0.45 m/s | net=0.39 m | straightness=0.89 | direction=0.00 | state=STATIONARY | detections=342
[INFO] [1790214497.574584545] [sage_semantic_world_model]: Target 1 updated | association_distance=0.10 m | raw=(0.05, 3.98, 0.00) | smoothed=(0.10, 3.92, 0.00) | velocity=(-0.26, 0.32, 0.00) m/s | speed=0.41 m/s | net=0.42 m | straightness=0.97 | direction=0.00 | state=STATIONARY | detections=343
[INFO] [1790214497.684062132] [sage_semantic_world_model]: Target 1 updated | association_distance=0.63 m | raw=(0.65, 3.64, 0.00) | smoothed=(0.24, 3.85, 0.00) | velocity=(0.18, 0.02, 0.00) m/s | speed=0.19 m/s | net=0.20 m | straightness=0.38 | direction=0.00 | state=STATIONARY | detections=344
[INFO] [1790214497.782098186] [sage_semantic_world_model]: Target 1 updated | association_distance=0.47 m | raw=(0.65, 3.64, 0.00) | smoothed=(0.34, 3.80, 0.00) | velocity=(0.51, -0.19, 0.00) m/s | speed=0.55 m/s | net=0.05 m | straightness=0.09 | direction=0.00 | state=STATIONARY | detections=345
[INFO] [1790214502.086257009] [sage_semantic_world_model]: NEW TARGET | id=6 | class=person | position=(-4.11, 8.35, 0.00) | state=STATIONARY
[INFO] [1790214502.180403895] [sage_semantic_world_model]: Target 6 updated | association_distance=0.00 m | raw=(-4.11, 8.35, 0.00) | smoothed=(-4.11, 8.35, 0.00) | velocity=(0.00, 0.00, 0.00) m/s | speed=0.00 m/s | net=0.00 m | straightness=0.00 | direction=0.00 | state=STATIONARY | detections=2
[INFO] [1790214502.284265245] [sage_semantic_world_model]: Target 6 updated | association_distance=0.00 m | raw=(-4.11, 8.35, 0.00) | smoothed=(-4.11, 8.35, 0.00) | velocity=(0.00, 0.00, 0.00) m/s | speed=0.00 m/s | net=0.00 m | straightness=0.00 | direction=0.00 | state=STATIONARY | detections=3
[INFO] [1790214502.373227411] [sage_semantic_world_model]: Target 1 updated | association_distance=1.37 m | raw=(-0.80, 3.04, 0.00) | smoothed=(0.06, 3.61, 0.00) | velocity=(-0.01, -0.06, 0.00) m/s | speed=0.06 m/s | net=0.29 m | straightness=0.32 | direction=0.00 | state=STATIONARY | detections=346
[INFO] [1790214502.476438527] [sage_semantic_world_model]: Target 1 updated | association_distance=1.03 m | raw=(-0.80, 3.04, 0.00) | smoothed=(-0.16, 3.47, 0.00) | velocity=(-0.05, -0.09, 0.00) m/s | speed=0.11 m/s | net=0.51 m | straightness=0.47 | direction=0.33 | state=STATIONARY | detections=347
[INFO] [1790214502.583623500] [sage_semantic_world_model]: Target 1 updated | association_distance=0.77 m | raw=(-0.80, 3.04, 0.00) | smoothed=(-0.32, 3.36, 0.00) | velocity=(-0.11, -0.10, 0.00) m/s | speed=0.15 m/s | net=0.68 m | straightness=0.55 | direction=0.33 | state=STATIONARY | detections=348
[INFO] [1790214502.677711389] [sage_semantic_world_model]: Target 1 updated | association_distance=0.87 m | raw=(-0.73, 2.59, 0.00) | smoothed=(-0.42, 3.17, 0.00) | velocity=(-0.16, -0.13, 0.00) m/s | speed=0.20 m/s | net=0.89 m | straightness=0.64 | direction=0.44 | state=STATIONARY | detections=349
[INFO] [1790214502.775698896] [sage_semantic_world_model]: Target 1 updated | association_distance=0.65 m | raw=(-0.73, 2.59, 0.00) | smoothed=(-0.50, 3.02, 0.00) | velocity=(-1.38, -1.45, 0.00) m/s | speed=2.00 m/s | net=1.06 m | straightness=0.70 | direction=0.56 | state=STATIONARY | detections=350
[INFO] [1790214502.884750328] [sage_semantic_world_model]: Target 1 updated | association_distance=0.49 m | raw=(-0.73, 2.59, 0.00) | smoothed=(-0.55, 2.92, 0.00) | velocity=(-0.98, -1.35, 0.00) m/s | speed=1.67 m/s | net=1.19 m | straightness=0.75 | direction=0.67 | state=STATIONARY | detections=351
[INFO] [1790214502.976845785] [sage_semantic_world_model]: Target 1 updated | association_distance=0.37 m | raw=(-0.73, 2.59, 0.00) | smoothed=(-0.60, 2.84, 0.00) | velocity=(-0.70, -1.31, 0.00) m/s | speed=1.48 m/s | net=1.29 m | straightness=0.78 | direction=0.78 | state=STATIONARY | detections=352
[INFO] [1790214503.071663004] [sage_semantic_world_model]: Target 1 updated | association_distance=0.27 m | raw=(-0.73, 2.59, 0.00) | smoothed=(-0.63, 2.78, 0.00) | velocity=(-0.53, -0.99, 0.00) m/s | speed=1.12 m/s | net=1.38 m | straightness=0.88 | direction=0.89 | state=STATIONARY | detections=353
[INFO] [1790214503.175627147] [sage_semantic_world_model]: Target 1 confirmed MOVING | net=1.46 m | avg_speed=0.27 m/s | straightness=0.97 | direction=1.00
[INFO] [1790214503.180187423] [sage_semantic_world_model]: Target 1 updated | association_distance=0.21 m | raw=(-0.73, 2.59, 0.00) | smoothed=(-0.65, 2.73, 0.00) | velocity=(-0.39, -0.73, 0.00) m/s | speed=0.83 m/s | net=1.46 m | straightness=0.97 | direction=1.00 | state=MOVING | detections=354
[INFO] [1790214503.287856452] [sage_semantic_world_model]: Target 1 updated | association_distance=0.15 m | raw=(-0.73, 2.59, 0.00) | smoothed=(-0.67, 2.70, 0.00) | velocity=(-0.30, -0.55, 0.00) m/s | speed=0.63 m/s | net=1.17 m | straightness=0.97 | direction=1.00 | state=MOVING | detections=355
[INFO] [1790214503.390302130] [sage_semantic_world_model]: Target 1 updated | association_distance=0.12 m | raw=(-0.73, 2.59, 0.00) | smoothed=(-0.69, 2.67, 0.00) | velocity=(-0.22, -0.41, 0.00) m/s | speed=0.47 m/s | net=0.95 m | straightness=0.98 | direction=1.00 | state=MOVING | detections=356
[INFO] [1790214503.484749788] [sage_semantic_world_model]: Target 3 updated | association_distance=0.32 m | raw=(-5.84, 6.85, 0.00) | smoothed=(-5.84, 7.09, 0.00) | velocity=(-0.01, -0.01, 0.00) m/s | speed=0.02 m/s | net=0.19 m | straightness=0.41 | direction=0.00 | state=STATIONARY | detections=67
[INFO] [1790214503.581010029] [sage_semantic_world_model]: Target 3 updated | association_distance=0.24 m | raw=(-5.84, 6.85, 0.00) | smoothed=(-5.84, 7.03, 0.00) | velocity=(-0.01, -0.02, 0.00) m/s | speed=0.02 m/s | net=0.25 m | straightness=0.53 | direction=0.00 | state=STATIONARY | detections=68
[INFO] [1790214503.682370224] [sage_semantic_world_model]: Target 3 updated | association_distance=0.18 m | raw=(-5.84, 6.85, 0.00) | smoothed=(-5.84, 6.99, 0.00) | velocity=(-0.00, -0.02, 0.00) m/s | speed=0.02 m/s | net=0.30 m | straightness=0.61 | direction=0.00 | state=STATIONARY | detections=69
[INFO] [1790214505.779596547] [sage_semantic_world_model]: Target 3 updated | association_distance=0.28 m | raw=(-6.12, 6.99, 0.00) | smoothed=(-5.91, 6.99, 0.00) | velocity=(-0.00, -0.01, 0.00) m/s | speed=0.01 m/s | net=0.35 m | straightness=0.67 | direction=0.00 | state=STATIONARY | detections=70
[INFO] [1790214505.879511646] [sage_semantic_world_model]: Target 3 updated | association_distance=0.21 m | raw=(-6.12, 6.99, 0.00) | smoothed=(-5.96, 6.99, 0.00) | velocity=(-0.05, -0.04, 0.00) m/s | speed=0.07 m/s | net=0.41 m | straightness=0.72 | direction=0.00 | state=STATIONARY | detections=71
[INFO] [1790214505.975358505] [sage_semantic_world_model]: Target 3 updated | association_distance=0.16 m | raw=(-6.12, 6.99, 0.00) | smoothed=(-6.00, 6.99, 0.00) | velocity=(-0.07, -0.02, 0.00) m/s | speed=0.07 m/s | net=0.39 m | straightness=0.75 | direction=0.00 | state=STATIONARY | detections=72
[INFO] [1790214506.086376586] [sage_semantic_world_model]: Target 3 updated | association_distance=0.12 m | raw=(-6.12, 6.99, 0.00) | smoothed=(-6.03, 6.99, 0.00) | velocity=(-0.08, -0.00, 0.00) m/s | speed=0.08 m/s | net=0.38 m | straightness=0.77 | direction=0.00 | state=STATIONARY | detections=73
[INFO] [1790214506.185587724] [sage_semantic_world_model]: Target 3 updated | association_distance=0.09 m | raw=(-6.12, 6.99, 0.00) | smoothed=(-6.05, 6.99, 0.00) | velocity=(-0.36, -0.00, 0.00) m/s | speed=0.36 m/s | net=0.33 m | straightness=0.74 | direction=0.00 | state=STATIONARY | detections=74
[INFO] [1790214506.276662649] [sage_semantic_world_model]: Target 3 updated | association_distance=0.07 m | raw=(-6.12, 6.99, 0.00) | smoothed=(-6.07, 6.99, 0.00) | velocity=(-0.27, -0.00, 0.00) m/s | speed=0.27 m/s | net=0.29 m | straightness=0.70 | direction=0.00 | state=STATIONARY | detections=75
[INFO] [1790214506.374534241] [sage_semantic_world_model]: Target 3 updated | association_distance=0.05 m | raw=(-6.12, 6.99, 0.00) | smoothed=(-6.08, 6.99, 0.00) | velocity=(-0.20, -0.00, 0.00) m/s | speed=0.20 m/s | net=0.26 m | straightness=0.75 | direction=0.00 | state=STATIONARY | detections=76
[INFO] [1790214506.477282486] [sage_semantic_world_model]: Target 3 updated | association_distance=0.04 m | raw=(-6.12, 6.99, 0.00) | smoothed=(-6.09, 6.99, 0.00) | velocity=(-0.15, -0.00, 0.00) m/s | speed=0.15 m/s | net=0.25 m | straightness=0.86 | direction=0.00 | state=STATIONARY | detections=77
[INFO] [1790214507.277364701] [sage_semantic_world_model]: Target 1 updated | association_distance=1.77 m | raw=(0.99, 3.24, 0.00) | smoothed=(-0.27, 2.81, 0.00) | velocity=(0.09, 0.01, 0.00) m/s | speed=0.09 m/s | net=0.55 m | straightness=0.45 | direction=0.89 | state=MOVING | detections=357
[INFO] [1790214507.379182278] [sage_semantic_world_model]: Target 1 updated | association_distance=1.33 m | raw=(0.99, 3.24, 0.00) | smoothed=(0.05, 2.92, 0.00) | velocity=(0.17, 0.05, 0.00) m/s | speed=0.17 m/s | net=0.53 m | straightness=0.39 | direction=0.22 | state=MOVING | detections=358
[INFO] [1790214507.476314956] [sage_semantic_world_model]: Target 1 updated | association_distance=1.00 m | raw=(0.99, 3.24, 0.00) | smoothed=(0.28, 3.00, 0.00) | velocity=(0.23, 0.07, 0.00) m/s | speed=0.24 m/s | net=0.78 m | straightness=0.55 | direction=0.33 | state=MOVING | detections=359
[INFO] [1790214507.577227586] [sage_semantic_world_model]: Target 1 updated | association_distance=0.85 m | raw=(0.96, 3.51, 0.00) | smoothed=(0.45, 3.13, 0.00) | velocity=(0.27, 0.11, 0.00) m/s | speed=0.29 m/s | net=1.03 m | straightness=0.68 | direction=0.44 | state=MOVING | detections=360
[INFO] [1790214507.674919942] [sage_semantic_world_model]: Target 1 updated | association_distance=0.63 m | raw=(0.96, 3.51, 0.00) | smoothed=(0.58, 3.22, 0.00) | velocity=(2.13, 1.03, 0.00) m/s | speed=2.36 m/s | net=1.24 m | straightness=0.78 | direction=0.56 | state=MOVING | detections=361
[INFO] [1790214507.775745392] [sage_semantic_world_model]: Target 1 updated | association_distance=0.48 m | raw=(0.96, 3.51, 0.00) | smoothed=(0.68, 3.29, 0.00) | velocity=(1.56, 0.93, 0.00) m/s | speed=1.82 m/s | net=1.41 m | straightness=0.86 | direction=0.67 | state=MOVING | detections=362
[INFO] [1790214508.774884048] [sage_semantic_world_model]: Target 3 updated | association_distance=0.33 m | raw=(-6.30, 6.72, 0.00) | smoothed=(-6.14, 6.92, 0.00) | velocity=(-0.03, -0.03, 0.00) m/s | speed=0.04 m/s | net=0.31 m | straightness=0.93 | direction=0.00 | state=STATIONARY | detections=78
[INFO] [1790214508.872707064] [sage_semantic_world_model]: Target 3 updated | association_distance=0.25 m | raw=(-6.30, 6.72, 0.00) | smoothed=(-6.18, 6.87, 0.00) | velocity=(-0.04, -0.04, 0.00) m/s | speed=0.06 m/s | net=0.29 m | straightness=0.90 | direction=0.00 | state=STATIONARY | detections=79
[INFO] [1790214508.977059181] [sage_semantic_world_model]: Target 3 updated | association_distance=0.19 m | raw=(-6.30, 6.72, 0.00) | smoothed=(-6.21, 6.83, 0.00) | velocity=(-0.05, -0.06, 0.00) m/s | speed=0.08 m/s | net=0.29 m | straightness=0.91 | direction=0.00 | state=STATIONARY | detections=80
[INFO] [1790214509.077031853] [sage_semantic_world_model]: Target 3 updated | association_distance=0.14 m | raw=(-6.30, 6.72, 0.00) | smoothed=(-6.23, 6.81, 0.00) | velocity=(-0.05, -0.07, 0.00) m/s | speed=0.09 m/s | net=0.29 m | straightness=0.92 | direction=0.00 | state=STATIONARY | detections=81
[INFO] [1790214509.175815785] [sage_semantic_world_model]: Target 3 updated | association_distance=0.46 m | raw=(-6.51, 6.45, 0.00) | smoothed=(-6.30, 6.72, 0.00) | velocity=(-0.40, -0.51, 0.00) m/s | speed=0.65 m/s | net=0.38 m | straightness=0.95 | direction=0.00 | state=STATIONARY | detections=82
[INFO] [1790214509.273909414] [sage_semantic_world_model]: Target 3 updated | association_distance=0.34 m | raw=(-6.51, 6.45, 0.00) | smoothed=(-6.35, 6.65, 0.00) | velocity=(-0.43, -0.55, 0.00) m/s | speed=0.70 m/s | net=0.45 m | straightness=0.97 | direction=0.00 | state=STATIONARY | detections=83
[INFO] [1790214509.378523370] [sage_semantic_world_model]: Target 3 updated | association_distance=0.26 m | raw=(-6.51, 6.45, 0.00) | smoothed=(-6.39, 6.60, 0.00) | velocity=(-0.46, -0.59, 0.00) m/s | speed=0.75 m/s | net=0.51 m | straightness=0.98 | direction=1.00 | state=STATIONARY | detections=84
[INFO] [1790214509.479482949] [sage_semantic_world_model]: Target 3 updated | association_distance=0.19 m | raw=(-6.51, 6.45, 0.00) | smoothed=(-6.42, 6.56, 0.00) | velocity=(-0.48, -0.61, 0.00) m/s | speed=0.78 m/s | net=0.55 m | straightness=0.99 | direction=1.00 | state=STATIONARY | detections=85
[INFO] [1790214511.380106590] [sage_semantic_world_model]: Target 1 updated | association_distance=0.59 m | raw=(0.56, 3.87, 0.00) | smoothed=(0.65, 3.44, 0.00) | velocity=(0.09, 0.11, 0.00) m/s | speed=0.15 m/s | net=1.48 m | straightness=0.86 | direction=0.67 | state=MOVING | detections=363
[INFO] [1790214511.476030242] [sage_semantic_world_model]: Target 1 updated | association_distance=0.44 m | raw=(0.56, 3.87, 0.00) | smoothed=(0.63, 3.55, 0.00) | velocity=(0.04, 0.11, 0.00) m/s | speed=0.12 m/s | net=1.55 m | straightness=0.86 | direction=0.67 | state=MOVING | detections=364
[INFO] [1790214511.577223322] [sage_semantic_world_model]: Target 6 updated | association_distance=1.77 m | raw=(-4.27, 6.59, 0.00) | smoothed=(-4.15, 7.91, 0.00) | velocity=(0.00, 0.00, 0.00) m/s | speed=0.00 m/s | net=0.00 m | straightness=0.00 | direction=0.00 | state=STATIONARY | detections=4
[INFO] [1790214511.681630847] [sage_semantic_world_model]: Target 6 updated | association_distance=1.33 m | raw=(-4.27, 6.59, 0.00) | smoothed=(-4.18, 7.58, 0.00) | velocity=(-0.01, -0.08, 0.00) m/s | speed=0.08 m/s | net=0.00 m | straightness=0.00 | direction=0.00 | state=STATIONARY | detections=5
[INFO] [1790214511.778714009] [sage_semantic_world_model]: Target 6 updated | association_distance=0.99 m | raw=(-4.27, 6.59, 0.00) | smoothed=(-4.20, 7.33, 0.00) | velocity=(-0.01, -0.11, 0.00) m/s | speed=0.11 m/s | net=0.00 m | straightness=0.00 | direction=0.00 | state=STATIONARY | detections=6
[INFO] [1790214512.684604415] [sage_semantic_world_model]: Target 3 updated | association_distance=0.70 m | raw=(-5.90, 7.03, 0.00) | smoothed=(-6.29, 6.68, 0.00) | velocity=(0.00, -0.01, 0.00) m/s | speed=0.01 m/s | net=0.37 m | straightness=0.51 | direction=0.00 | state=STATIONARY | detections=86
[INFO] [1790214512.783945220] [sage_semantic_world_model]: Target 3 updated | association_distance=0.53 m | raw=(-5.90, 7.03, 0.00) | smoothed=(-6.20, 6.77, 0.00) | velocity=(0.05, 0.03, 0.00) m/s | speed=0.06 m/s | net=0.16 m | straightness=0.21 | direction=0.00 | state=STATIONARY | detections=87
[INFO] [1790214512.880990955] [sage_semantic_world_model]: Target 3 updated | association_distance=0.39 m | raw=(-5.90, 7.03, 0.00) | smoothed=(-6.12, 6.83, 0.00) | velocity=(0.08, 0.07, 0.00) m/s | speed=0.10 m/s | net=0.07 m | straightness=0.09 | direction=0.00 | state=STATIONARY | detections=88
[INFO] [1790214512.972927095] [sage_semantic_world_model]: Target 3 updated | association_distance=0.28 m | raw=(-6.00, 7.08, 0.00) | smoothed=(-6.09, 6.89, 0.00) | velocity=(0.09, 0.10, 0.00) m/s | speed=0.13 m/s | net=0.13 m | straightness=0.16 | direction=0.00 | state=STATIONARY | detections=89
[INFO] [1790214513.087677174] [sage_semantic_world_model]: Target 3 updated | association_distance=0.21 m | raw=(-6.00, 7.08, 0.00) | smoothed=(-6.07, 6.94, 0.00) | velocity=(0.57, 0.66, 0.00) m/s | speed=0.87 m/s | net=0.21 m | straightness=0.25 | direction=0.00 | state=STATIONARY | detections=90
[INFO] [1790214513.176930118] [sage_semantic_world_model]: Target 3 updated | association_distance=0.16 m | raw=(-6.00, 7.08, 0.00) | smoothed=(-6.05, 6.98, 0.00) | velocity=(0.37, 0.53, 0.00) m/s | speed=0.65 m/s | net=0.36 m | straightness=0.47 | direction=0.00 | state=STATIONARY | detections=91
[INFO] [1790214515.389102136] [sage_semantic_world_model]: Target 3 updated | association_distance=1.65 m | raw=(-5.78, 8.61, 0.00) | smoothed=(-5.98, 7.38, 0.00) | velocity=(0.06, 0.22, 0.00) m/s | speed=0.23 m/s | net=0.82 m | straightness=0.75 | direction=0.78 | state=STATIONARY | detections=92
[INFO] [1790214515.480379194] [sage_semantic_world_model]: Target 3 updated | association_distance=1.24 m | raw=(-5.78, 8.61, 0.00) | smoothed=(-5.93, 7.69, 0.00) | velocity=(0.06, 0.32, 0.00) m/s | speed=0.32 m/s | net=1.18 m | straightness=0.89 | direction=0.89 | state=STATIONARY | detections=93
[INFO] [1790214515.593228455] [sage_semantic_world_model]: Target 3 updated | association_distance=0.93 m | raw=(-5.78, 8.61, 0.00) | smoothed=(-5.90, 7.92, 0.00) | velocity=(0.07, 0.39, 0.00) m/s | speed=0.40 m/s | net=1.46 m | straightness=0.96 | direction=1.00 | state=STATIONARY | detections=94
[INFO] [1790214516.775020343] [sage_semantic_world_model]: Target 5 updated | association_distance=1.40 m | raw=(5.92, -7.01, 0.00) | smoothed=(4.93, -6.64, 0.00) | velocity=(-0.00, -0.01, 0.00) m/s | speed=0.01 m/s | net=1.05 m | straightness=0.58 | direction=0.88 | state=STATIONARY | detections=11
[INFO] [1790214516.875753081] [sage_semantic_world_model]: Target 5 updated | association_distance=1.05 m | raw=(5.92, -7.01, 0.00) | smoothed=(5.18, -6.73, 0.00) | velocity=(0.01, -0.01, 0.00) m/s | speed=0.01 m/s | net=1.11 m | straightness=0.54 | direction=0.33 | state=STATIONARY | detections=12
[INFO] [1790214516.975624316] [sage_semantic_world_model]: Target 5 updated | association_distance=0.79 m | raw=(5.92, -7.01, 0.00) | smoothed=(5.36, -6.80, 0.00) | velocity=(0.01, -0.01, 0.00) m/s | speed=0.01 m/s | net=1.00 m | straightness=0.49 | direction=0.22 | state=STATIONARY | detections=13
[INFO] [1790214518.882177508] [sage_semantic_world_model]: Target 3 updated | association_distance=0.75 m | raw=(-6.36, 7.32, 0.00) | smoothed=(-6.01, 7.77, 0.00) | velocity=(0.01, 0.14, 0.00) m/s | speed=0.14 m/s | net=1.13 m | straightness=0.73 | direction=0.89 | state=STATIONARY | detections=95
[INFO] [1790214518.985644825] [sage_semantic_world_model]: Target 3 updated | association_distance=0.57 m | raw=(-6.36, 7.32, 0.00) | smoothed=(-6.10, 7.66, 0.00) | velocity=(-0.03, 0.08, 0.00) m/s | speed=0.08 m/s | net=0.90 m | straightness=0.58 | direction=0.78 | state=STATIONARY | detections=96
[INFO] [1790214519.085946303] [sage_semantic_world_model]: Target 3 updated | association_distance=0.42 m | raw=(-6.36, 7.32, 0.00) | smoothed=(-6.16, 7.57, 0.00) | velocity=(-0.06, -0.03, 0.00) m/s | speed=0.07 m/s | net=0.74 m | straightness=0.48 | direction=0.67 | state=STATIONARY | detections=97
[INFO] [1790214519.186002709] [sage_semantic_world_model]: Target 3 updated | association_distance=0.18 m | raw=(-6.14, 7.40, 0.00) | smoothed=(-6.16, 7.53, 0.00) | velocity=(-0.07, -0.11, 0.00) m/s | speed=0.13 m/s | net=0.64 m | straightness=0.42 | direction=0.56 | state=STATIONARY | detections=98
[INFO] [1790214519.279896256] [sage_semantic_world_model]: Target 3 updated | association_distance=0.13 m | raw=(-6.14, 7.40, 0.00) | smoothed=(-6.15, 7.50, 0.00) | velocity=(-0.36, -0.68, 0.00) m/s | speed=0.77 m/s | net=0.56 m | straightness=0.37 | direction=0.44 | state=STATIONARY | detections=99
[INFO] [1790214519.387936211] [sage_semantic_world_model]: Target 3 updated | association_distance=0.10 m | raw=(-6.14, 7.40, 0.00) | smoothed=(-6.15, 7.47, 0.00) | velocity=(-0.13, -0.46, 0.00) m/s | speed=0.48 m/s | net=0.51 m | straightness=0.34 | direction=0.33 | state=STATIONARY | detections=100
[INFO] [1790214519.474300233] [sage_semantic_world_model]: Target 3 updated | association_distance=0.10 m | raw=(-6.20, 7.38, 0.00) | smoothed=(-6.16, 7.45, 0.00) | velocity=(0.00, -0.31, 0.00) m/s | speed=0.31 m/s | net=0.19 m | straightness=0.17 | direction=0.00 | state=STATIONARY | detections=101
[INFO] [1790214519.572867251] [sage_semantic_world_model]: Target 3 updated | association_distance=0.08 m | raw=(-6.20, 7.38, 0.00) | smoothed=(-6.17, 7.43, 0.00) | velocity=(-0.03, -0.24, 0.00) m/s | speed=0.24 m/s | net=0.35 m | straightness=0.43 | direction=0.00 | state=STATIONARY | detections=102
[INFO] [1790214528.686445155] [sage_semantic_world_model]: Target 5 updated | association_distance=0.47 m | raw=(5.11, -6.40, 0.00) | smoothed=(5.30, -6.70, 0.00) | velocity=(0.01, -0.00, 0.00) m/s | speed=0.01 m/s | net=0.76 m | straightness=0.38 | direction=0.56 | state=STATIONARY | detections=14
[INFO] [1790214528.779298791] [sage_semantic_world_model]: Target 5 updated | association_distance=0.35 m | raw=(5.11, -6.40, 0.00) | smoothed=(5.25, -6.63, 0.00) | velocity=(0.03, 0.00, 0.00) m/s | speed=0.03 m/s | net=0.61 m | straightness=0.31 | direction=0.44 | state=STATIONARY | detections=15
[INFO] [1790214528.877654662] [sage_semantic_world_model]: Target 5 updated | association_distance=0.27 m | raw=(5.11, -6.40, 0.00) | smoothed=(5.22, -6.57, 0.00) | velocity=(0.00, 0.01, 0.00) m/s | speed=0.01 m/s | net=0.36 m | straightness=0.21 | direction=0.00 | state=STATIONARY | detections=16
[INFO] [1790214528.981571670] [sage_semantic_world_model]: Target 5 updated | association_distance=0.20 m | raw=(5.11, -6.40, 0.00) | smoothed=(5.19, -6.53, 0.00) | velocity=(-0.01, 0.02, 0.00) m/s | speed=0.03 m/s | net=0.34 m | straightness=0.23 | direction=0.00 | state=STATIONARY | detections=17
[INFO] [1790214529.077780761] [sage_semantic_world_model]: Target 5 updated | association_distance=0.15 m | raw=(5.11, -6.40, 0.00) | smoothed=(5.17, -6.50, 0.00) | velocity=(-0.33, 0.52, 0.00) m/s | speed=0.62 m/s | net=0.44 m | straightness=0.33 | direction=0.00 | state=STATIONARY | detections=18
[INFO] [1790214529.180873274] [sage_semantic_world_model]: Target 5 updated | association_distance=0.11 m | raw=(5.11, -6.40, 0.00) | smoothed=(5.15, -6.47, 0.00) | velocity=(-0.24, 0.38, 0.00) m/s | speed=0.45 m/s | net=0.55 m | straightness=0.46 | direction=0.33 | state=STATIONARY | detections=19
[INFO] [1790214529.286923947] [sage_semantic_world_model]: Target 5 updated | association_distance=0.08 m | raw=(5.11, -6.40, 0.00) | smoothed=(5.14, -6.46, 0.00) | velocity=(-0.18, 0.28, 0.00) m/s | speed=0.34 m/s | net=0.28 m | straightness=0.32 | direction=0.00 | state=STATIONARY | detections=20
[INFO] [1790214532.079976140] [sage_semantic_world_model]: Target 5 updated | association_distance=0.56 m | raw=(5.41, -5.97, 0.00) | smoothed=(5.21, -6.34, 0.00) | velocity=(0.01, 0.06, 0.00) m/s | speed=0.06 m/s | net=0.40 m | straightness=0.54 | direction=0.00 | state=STATIONARY | detections=21
[INFO] [1790214532.177775346] [sage_semantic_world_model]: Target 5 updated | association_distance=0.42 m | raw=(5.41, -5.97, 0.00) | smoothed=(5.26, -6.24, 0.00) | velocity=(0.03, 0.08, 0.00) m/s | speed=0.09 m/s | net=0.57 m | straightness=0.87 | direction=1.00 | state=STATIONARY | detections=22
[INFO] [1790214532.276766742] [sage_semantic_world_model]: Target 5 updated | association_distance=0.31 m | raw=(5.41, -5.97, 0.00) | smoothed=(5.30, -6.18, 0.00) | velocity=(0.05, 0.10, 0.00) m/s | speed=0.11 m/s | net=0.53 m | straightness=0.86 | direction=1.00 | state=STATIONARY | detections=23
[INFO] [1790214532.377839034] [sage_semantic_world_model]: Target 5 updated | association_distance=0.23 m | raw=(5.41, -5.97, 0.00) | smoothed=(5.33, -6.13, 0.00) | velocity=(0.06, 0.11, 0.00) m/s | speed=0.12 m/s | net=0.51 m | straightness=0.87 | direction=1.00 | state=STATIONARY | detections=24
[INFO] [1790214532.473900234] [sage_semantic_world_model]: Target 5 updated | association_distance=0.19 m | raw=(5.23, -5.96, 0.00) | smoothed=(5.30, -6.08, 0.00) | velocity=(0.23, 0.63, 0.00) m/s | speed=0.67 m/s | net=0.50 m | straightness=0.88 | direction=0.00 | state=STATIONARY | detections=25
[INFO] [1790214532.577880049] [sage_semantic_world_model]: Target 5 updated | association_distance=0.14 m | raw=(5.23, -5.96, 0.00) | smoothed=(5.28, -6.05, 0.00) | velocity=(0.06, 0.48, 0.00) m/s | speed=0.48 m/s | net=0.49 m | straightness=0.88 | direction=0.00 | state=STATIONARY | detections=26
[INFO] [1790214532.683136247] [sage_semantic_world_model]: Target 5 updated | association_distance=0.11 m | raw=(5.23, -5.96, 0.00) | smoothed=(5.27, -6.03, 0.00) | velocity=(-0.07, 0.36, 0.00) m/s | speed=0.37 m/s | net=0.48 m | straightness=0.89 | direction=0.00 | state=STATIONARY | detections=27
[INFO] [1790214532.777178446] [sage_semantic_world_model]: Target 5 updated | association_distance=0.08 m | raw=(5.23, -5.96, 0.00) | smoothed=(5.26, -6.01, 0.00) | velocity=(-0.17, 0.28, 0.00) m/s | speed=0.33 m/s | net=0.47 m | straightness=0.89 | direction=0.00 | state=STATIONARY | detections=28
[INFO] [1790214532.884146120] [sage_semantic_world_model]: Target 5 updated | association_distance=0.06 m | raw=(5.23, -5.96, 0.00) | smoothed=(5.25, -6.00, 0.00) | velocity=(-0.13, 0.21, 0.00) m/s | speed=0.25 m/s | net=0.47 m | straightness=0.89 | direction=0.00 | state=STATIONARY | detections=29
[INFO] [1790214534.684632761] [sage_semantic_world_model]: NEW TARGET | id=7 | class=person | position=(-9.81, 10.84, 0.00) | state=STATIONARY
[INFO] [1790214534.772669550] [sage_semantic_world_model]: Target 7 updated | association_distance=0.00 m | raw=(-9.81, 10.84, 0.00) | smoothed=(-9.81, 10.84, 0.00) | velocity=(0.00, 0.00, 0.00) m/s | speed=0.00 m/s | net=0.00 m | straightness=0.00 | direction=0.00 | state=STATIONARY | detections=2
[INFO] [1790214534.891023042] [sage_semantic_world_model]: Target 7 updated | association_distance=0.00 m | raw=(-9.81, 10.84, 0.00) | smoothed=(-9.81, 10.84, 0.00) | velocity=(0.00, 0.00, 0.00) m/s | speed=0.00 m/s | net=0.00 m | straightness=0.00 | direction=0.00 | state=STATIONARY | detections=3
[INFO] [1790214534.973515676] [sage_semantic_world_model]: Target 5 updated | association_distance=0.58 m | raw=(5.25, -5.42, 0.00) | smoothed=(5.25, -5.86, 0.00) | velocity=(-0.01, 0.08, 0.00) m/s | speed=0.08 m/s | net=0.48 m | straightness=0.91 | direction=0.00 | state=STATIONARY | detections=30
[INFO] [1790214535.076712757] [sage_semantic_world_model]: Target 5 updated | association_distance=0.43 m | raw=(5.25, -5.42, 0.00) | smoothed=(5.25, -5.75, 0.00) | velocity=(-0.01, 0.12, 0.00) m/s | speed=0.12 m/s | net=0.50 m | straightness=0.93 | direction=0.00 | state=STATIONARY | detections=31
[INFO] [1790214535.177059252] [sage_semantic_world_model]: Target 5 updated | association_distance=0.33 m | raw=(5.25, -5.42, 0.00) | smoothed=(5.25, -5.67, 0.00) | velocity=(-0.00, 0.14, 0.00) m/s | speed=0.14 m/s | net=0.51 m | straightness=0.95 | direction=1.00 | state=STATIONARY | detections=32
[INFO] [1790214535.282782006] [sage_semantic_world_model]: Target 5 updated | association_distance=0.24 m | raw=(5.25, -5.42, 0.00) | smoothed=(5.25, -5.60, 0.00) | velocity=(-0.00, 0.16, 0.00) m/s | speed=0.16 m/s | net=0.53 m | straightness=0.97 | direction=1.00 | state=STATIONARY | detections=33
[INFO] [1790214535.382681039] [sage_semantic_world_model]: Target 5 updated | association_distance=0.18 m | raw=(5.25, -5.42, 0.00) | smoothed=(5.25, -5.56, 0.00) | velocity=(-0.01, 0.74, 0.00) m/s | speed=0.74 m/s | net=0.53 m | straightness=0.98 | direction=1.00 | state=STATIONARY | detections=34
[INFO] [1790214535.475799353] [sage_semantic_world_model]: Target 5 updated | association_distance=0.14 m | raw=(5.25, -5.42, 0.00) | smoothed=(5.25, -5.52, 0.00) | velocity=(-0.00, 0.56, 0.00) m/s | speed=0.56 m/s | net=0.53 m | straightness=0.99 | direction=1.00 | state=STATIONARY | detections=35
[INFO] [1790214535.577124105] [sage_semantic_world_model]: Target 5 updated | association_distance=0.10 m | raw=(5.25, -5.42, 0.00) | smoothed=(5.25, -5.50, 0.00) | velocity=(-0.00, 0.42, 0.00) m/s | speed=0.42 m/s | net=0.53 m | straightness=0.99 | direction=1.00 | state=STATIONARY | detections=36
[INFO] [1790214535.880068299] [sage_semantic_world_model]: Target 5 updated | association_distance=0.26 m | raw=(5.16, -5.74, 0.00) | smoothed=(5.23, -5.56, 0.00) | velocity=(-0.04, 0.07, 0.00) m/s | speed=0.08 m/s | net=0.45 m | straightness=0.78 | direction=0.00 | state=STATIONARY | detections=37
[INFO] [1790214535.979424885] [sage_semantic_world_model]: Target 5 updated | association_distance=0.19 m | raw=(5.16, -5.74, 0.00) | smoothed=(5.21, -5.61, 0.00) | velocity=(-0.06, -0.08, 0.00) m/s | speed=0.10 m/s | net=0.40 m | straightness=0.65 | direction=0.00 | state=STATIONARY | detections=38
[INFO] [1790214536.075966009] [sage_semantic_world_model]: Target 5 updated | association_distance=0.15 m | raw=(5.16, -5.74, 0.00) | smoothed=(5.20, -5.64, 0.00) | velocity=(-0.08, -0.19, 0.00) m/s | speed=0.21 m/s | net=0.22 m | straightness=0.44 | direction=0.00 | state=STATIONARY | detections=39
[INFO] [1790214536.181036922] [sage_semantic_world_model]: Target 5 updated | association_distance=0.17 m | raw=(5.03, -5.61, 0.00) | smoothed=(5.16, -5.63, 0.00) | velocity=(-0.15, -0.22, 0.00) m/s | speed=0.27 m/s | net=0.15 m | straightness=0.34 | direction=0.00 | state=STATIONARY | detections=40
[INFO] [1790214536.279002914] [sage_semantic_world_model]: Target 5 updated | association_distance=0.13 m | raw=(5.03, -5.61, 0.00) | smoothed=(5.12, -5.62, 0.00) | velocity=(-0.26, -0.16, 0.00) m/s | speed=0.31 m/s | net=0.13 m | straightness=0.34 | direction=0.00 | state=STATIONARY | detections=41
[INFO] [1790214536.375775130] [sage_semantic_world_model]: Target 5 updated | association_distance=0.10 m | raw=(5.03, -5.61, 0.00) | smoothed=(5.10, -5.62, 0.00) | velocity=(-0.28, -0.04, 0.00) m/s | speed=0.28 m/s | net=0.15 m | straightness=0.42 | direction=0.00 | state=STATIONARY | detections=42
[INFO] [1790214540.493872213] [sage_semantic_world_model]: Target 1 updated | association_distance=1.61 m | raw=(-0.90, 4.05, 0.00) | smoothed=(0.24, 3.67, 0.00) | velocity=(-0.01, 0.01, 0.00) m/s | speed=0.02 m/s | net=1.37 m | straightness=0.63 | direction=0.89 | state=MOVING | detections=365
[INFO] [1790214540.587824099] [sage_semantic_world_model]: Target 1 updated | association_distance=1.20 m | raw=(-0.90, 4.05, 0.00) | smoothed=(-0.04, 3.77, 0.00) | velocity=(-0.02, 0.01, 0.00) m/s | speed=0.03 m/s | net=0.98 m | straightness=0.48 | direction=0.78 | state=MOVING | detections=366
[INFO] [1790214540.689083106] [sage_semantic_world_model]: Target 1 updated | association_distance=0.85 m | raw=(-0.67, 4.33, 0.00) | smoothed=(-0.20, 3.91, 0.00) | velocity=(-0.03, 0.02, 0.00) m/s | speed=0.03 m/s | net=1.02 m | straightness=0.53 | direction=0.56 | state=MOVING | detections=367
[INFO] [1790214540.776281927] [sage_semantic_world_model]: Target 1 updated | association_distance=0.63 m | raw=(-0.67, 4.33, 0.00) | smoothed=(-0.32, 4.01, 0.00) | velocity=(-0.03, 0.02, 0.00) m/s | speed=0.04 m/s | net=1.18 m | straightness=0.65 | direction=0.67 | state=MOVING | detections=368
[INFO] [1790214540.886266283] [sage_semantic_world_model]: Target 1 updated | association_distance=0.48 m | raw=(-0.67, 4.33, 0.00) | smoothed=(-0.40, 4.09, 0.00) | velocity=(-1.61, 1.05, 0.00) m/s | speed=1.92 m/s | net=1.29 m | straightness=0.75 | direction=0.78 | state=MOVING | detections=369
[INFO] [1790214540.977208396] [sage_semantic_world_model]: Target 1 updated | association_distance=0.07 m | raw=(-0.45, 4.15, 0.00) | smoothed=(-0.42, 4.11, 0.00) | velocity=(-0.94, 0.86, 0.00) m/s | speed=1.28 m/s | net=1.33 m | straightness=0.84 | direction=0.89 | state=MOVING | detections=370
[INFO] [1790214541.078221419] [sage_semantic_world_model]: Target 1 updated | association_distance=0.06 m | raw=(-0.45, 4.15, 0.00) | smoothed=(-0.42, 4.12, 0.00) | velocity=(-0.56, 0.53, 0.00) m/s | speed=0.78 m/s | net=1.38 m | straightness=0.93 | direction=1.00 | state=MOVING | detections=371
[INFO] [1790214541.176692639] [sage_semantic_world_model]: Target 1 updated | association_distance=0.04 m | raw=(-0.45, 4.15, 0.00) | smoothed=(-0.43, 4.13, 0.00) | velocity=(-0.28, 0.29, 0.00) m/s | speed=0.40 m/s | net=1.28 m | straightness=0.95 | direction=1.00 | state=MOVING | detections=372
[INFO] [1790214541.274697913] [sage_semantic_world_model]: Target 1 updated | association_distance=0.08 m | raw=(-0.39, 4.06, 0.00) | smoothed=(-0.42, 4.11, 0.00) | velocity=(-0.04, 0.04, 0.00) m/s | speed=0.06 m/s | net=1.19 m | straightness=0.95 | direction=0.89 | state=MOVING | detections=373
[INFO] [1790214541.374156683] [sage_semantic_world_model]: Target 1 updated | association_distance=0.06 m | raw=(-0.39, 4.06, 0.00) | smoothed=(-0.41, 4.10, 0.00) | velocity=(0.00, -0.03, 0.00) m/s | speed=0.03 m/s | net=0.78 m | straightness=0.90 | direction=0.78 | state=MOVING | detections=374
[INFO] [1790214541.477788144] [sage_semantic_world_model]: Target 1 updated | association_distance=0.05 m | raw=(-0.39, 4.06, 0.00) | smoothed=(-0.41, 4.09, 0.00) | velocity=(0.04, -0.08, 0.00) m/s | speed=0.09 m/s | net=0.49 m | straightness=0.84 | direction=0.00 | state=MOVING | detections=375
[INFO] [1790214541.588702057] [sage_semantic_world_model]: Target 1 updated | association_distance=0.16 m | raw=(-0.28, 4.18, 0.00) | smoothed=(-0.38, 4.11, 0.00) | velocity=(0.13, -0.05, 0.00) m/s | speed=0.14 m/s | net=0.27 m | straightness=0.66 | direction=0.00 | state=MOVING | detections=376
[INFO] [1790214541.684137928] [sage_semantic_world_model]: Target 1 updated | association_distance=0.12 m | raw=(-0.28, 4.18, 0.00) | smoothed=(-0.35, 4.13, 0.00) | velocity=(0.17, 0.04, 0.00) m/s | speed=0.17 m/s | net=0.12 m | straightness=0.43 | direction=0.00 | state=MOVING | detections=377
[INFO] [1790214541.788684571] [sage_semantic_world_model]: Target 1 updated | association_distance=0.09 m | raw=(-0.27, 4.15, 0.00) | smoothed=(-0.33, 4.13, 0.00) | velocity=(0.20, 0.09, 0.00) m/s | speed=0.22 m/s | net=0.08 m | straightness=0.45 | direction=0.00 | state=MOVING | detections=378
[INFO] [1790214541.875275437] [sage_semantic_world_model]: Target 1 confirmed STATIONARY | net=0.10 m | avg_speed=0.11 m/s
[INFO] [1790214541.878495574] [sage_semantic_world_model]: Target 1 updated | association_distance=0.07 m | raw=(-0.27, 4.15, 0.00) | smoothed=(-0.32, 4.13, 0.00) | velocity=(0.23, 0.12, 0.00) m/s | speed=0.26 m/s | net=0.10 m | straightness=0.58 | direction=0.00 | state=STATIONARY | detections=379
[INFO] [1790214541.978798256] [sage_semantic_world_model]: Target 1 updated | association_distance=0.05 m | raw=(-0.27, 4.15, 0.00) | smoothed=(-0.30, 4.14, 0.00) | velocity=(0.18, 0.07, 0.00) m/s | speed=0.19 m/s | net=0.12 m | straightness=0.69 | direction=0.00 | state=STATIONARY | detections=380
[INFO] [1790214596.980981710] [sage_semantic_world_model]: Target 3 updated | association_distance=1.27 m | raw=(-5.37, 8.42, 0.00) | smoothed=(-5.97, 7.68, 0.00) | velocity=(0.00, 0.00, 0.00) m/s | speed=0.00 m/s | net=0.25 m | straightness=0.28 | direction=0.00 | state=STATIONARY | detections=103
[INFO] [1790214597.076345164] [sage_semantic_world_model]: Target 3 updated | association_distance=0.95 m | raw=(-5.37, 8.42, 0.00) | smoothed=(-5.82, 7.87, 0.00) | velocity=(0.00, 0.01, 0.00) m/s | speed=0.01 m/s | net=0.21 m | straightness=0.22 | direction=0.00 | state=STATIONARY | detections=104
[INFO] [1790214597.177342179] [sage_semantic_world_model]: Target 3 updated | association_distance=0.72 m | raw=(-5.37, 8.42, 0.00) | smoothed=(-5.71, 8.01, 0.00) | velocity=(0.01, 0.01, 0.00) m/s | speed=0.01 m/s | net=0.52 m | straightness=0.53 | direction=0.33 | state=STATIONARY | detections=105
[INFO] [1790214597.278293922] [sage_semantic_world_model]: Target 3 updated | association_distance=0.46 m | raw=(-5.40, 8.35, 0.00) | smoothed=(-5.63, 8.09, 0.00) | velocity=(0.01, 0.01, 0.00) m/s | speed=0.01 m/s | net=0.74 m | straightness=0.74 | direction=0.44 | state=STATIONARY | detections=106
[INFO] [1790214597.383859725] [sage_semantic_world_model]: Target 3 updated | association_distance=0.35 m | raw=(-5.40, 8.35, 0.00) | smoothed=(-5.57, 8.16, 0.00) | velocity=(0.99, 1.18, 0.00) m/s | speed=1.54 m/s | net=0.86 m | straightness=0.82 | direction=0.56 | state=STATIONARY | detections=107
[INFO] [1790214597.485387684] [sage_semantic_world_model]: Target 3 updated | association_distance=0.26 m | raw=(-5.40, 8.35, 0.00) | smoothed=(-5.53, 8.21, 0.00) | velocity=(0.72, 0.83, 0.00) m/s | speed=1.10 m/s | net=0.94 m | straightness=0.88 | direction=0.67 | state=STATIONARY | detections=108
[INFO] [1790214597.591228743] [sage_semantic_world_model]: Target 3 updated | association_distance=0.89 m | raw=(-5.82, 7.36, 0.00) | smoothed=(-5.60, 8.00, 0.00) | velocity=(0.27, -0.03, 0.00) m/s | speed=0.27 m/s | net=0.76 m | straightness=0.60 | direction=0.67 | state=STATIONARY | detections=109
[INFO] [1790214597.686765650] [sage_semantic_world_model]: Target 3 updated | association_distance=0.67 m | raw=(-5.82, 7.36, 0.00) | smoothed=(-5.66, 7.84, 0.00) | velocity=(-0.06, -0.64, 0.00) m/s | speed=0.64 m/s | net=0.64 m | straightness=0.45 | direction=0.67 | state=STATIONARY | detections=110
[INFO] [1790214597.793925569] [sage_semantic_world_model]: Target 3 updated | association_distance=0.97 m | raw=(-5.79, 6.88, 0.00) | smoothed=(-5.69, 7.60, 0.00) | velocity=(-0.29, -1.41, 0.00) m/s | speed=1.44 m/s | net=0.51 m | straightness=0.31 | direction=0.67 | state=STATIONARY | detections=111
[INFO] [1790214597.888868056] [sage_semantic_world_model]: Target 3 updated | association_distance=0.73 m | raw=(-5.79, 6.88, 0.00) | smoothed=(-5.71, 7.42, 0.00) | velocity=(-0.46, -1.96, 0.00) m/s | speed=2.01 m/s | net=0.37 m | straightness=0.25 | direction=0.00 | state=STATIONARY | detections=112
[INFO] [1790214597.986774568] [sage_semantic_world_model]: Target 3 updated | association_distance=0.55 m | raw=(-5.79, 6.88, 0.00) | smoothed=(-5.73, 7.28, 0.00) | velocity=(-0.32, -1.75, 0.00) m/s | speed=1.78 m/s | net=0.59 m | straightness=0.42 | direction=0.56 | state=STATIONARY | detections=113
[INFO] [1790214598.379525493] [sage_semantic_world_model]: Target 1 updated | association_distance=0.51 m | raw=(0.06, 3.78, 0.00) | smoothed=(-0.21, 4.05, 0.00) | velocity=(0.00, -0.00, 0.00) m/s | speed=0.00 m/s | net=0.23 m | straightness=0.79 | direction=0.00 | state=STATIONARY | detections=381
[INFO] [1790214598.483728089] [sage_semantic_world_model]: Target 1 updated | association_distance=0.38 m | raw=(0.06, 3.78, 0.00) | smoothed=(-0.15, 3.98, 0.00) | velocity=(0.00, -0.00, 0.00) m/s | speed=0.00 m/s | net=0.30 m | straightness=0.83 | direction=0.00 | state=STATIONARY | detections=382
[INFO] [1790214598.582142264] [sage_semantic_world_model]: Target 1 updated | association_distance=0.29 m | raw=(0.06, 3.78, 0.00) | smoothed=(-0.09, 3.93, 0.00) | velocity=(0.00, -0.00, 0.00) m/s | speed=0.01 m/s | net=0.36 m | straightness=0.85 | direction=0.00 | state=STATIONARY | detections=383
[INFO] [1790214598.680623795] [sage_semantic_world_model]: Target 1 updated | association_distance=0.22 m | raw=(-0.28, 3.81, 0.00) | smoothed=(-0.14, 3.90, 0.00) | velocity=(0.00, -0.00, 0.00) m/s | speed=0.01 m/s | net=0.33 m | straightness=0.70 | direction=0.00 | state=STATIONARY | detections=384
[INFO] [1790214598.781439285] [sage_semantic_world_model]: Target 1 updated | association_distance=0.16 m | raw=(-0.28, 3.81, 0.00) | smoothed=(-0.17, 3.88, 0.00) | velocity=(0.10, -0.42, 0.00) m/s | speed=0.44 m/s | net=0.31 m | straightness=0.66 | direction=0.00 | state=STATIONARY | detections=385
[INFO] [1790214598.880941105] [sage_semantic_world_model]: Target 1 updated | association_distance=0.12 m | raw=(-0.28, 3.81, 0.00) | smoothed=(-0.20, 3.86, 0.00) | velocity=(-0.14, -0.30, 0.00) m/s | speed=0.33 m/s | net=0.31 m | straightness=0.65 | direction=0.00 | state=STATIONARY | detections=386
[INFO] [1790214598.980176448] [sage_semantic_world_model]: Target 1 updated | association_distance=0.27 m | raw=(0.04, 4.00, 0.00) | smoothed=(-0.14, 3.90, 0.00) | velocity=(-0.12, -0.09, 0.00) m/s | speed=0.14 m/s | net=0.30 m | straightness=0.59 | direction=0.00 | state=STATIONARY | detections=387
[INFO] [1790214599.080056746] [sage_semantic_world_model]: Target 1 updated | association_distance=0.21 m | raw=(0.04, 4.00, 0.00) | smoothed=(-0.10, 3.92, 0.00) | velocity=(0.11, 0.05, 0.00) m/s | speed=0.12 m/s | net=0.31 m | straightness=0.55 | direction=0.00 | state=STATIONARY | detections=388
[INFO] [1790214599.180583932] [sage_semantic_world_model]: Target 1 updated | association_distance=0.15 m | raw=(0.04, 4.00, 0.00) | smoothed=(-0.06, 3.94, 0.00) | velocity=(0.28, 0.16, 0.00) m/s | speed=0.32 m/s | net=0.31 m | straightness=0.54 | direction=0.00 | state=STATIONARY | detections=389
[INFO] [1790214599.286972924] [sage_semantic_world_model]: Target 1 updated | association_distance=0.38 m | raw=(-0.41, 4.10, 0.00) | smoothed=(-0.15, 3.98, 0.00) | velocity=(0.13, 0.30, 0.00) m/s | speed=0.33 m/s | net=0.09 m | straightness=0.17 | direction=0.00 | state=STATIONARY | detections=390
[INFO] [1790214599.383994061] [sage_semantic_world_model]: Target 1 updated | association_distance=0.28 m | raw=(-0.41, 4.10, 0.00) | smoothed=(-0.21, 4.01, 0.00) | velocity=(-0.18, 0.29, 0.00) m/s | speed=0.34 m/s | net=0.07 m | straightness=0.14 | direction=0.00 | state=STATIONARY | detections=391
[INFO] [1790214599.479945464] [sage_semantic_world_model]: Target 1 updated | association_distance=0.21 m | raw=(-0.41, 4.10, 0.00) | smoothed=(-0.26, 4.04, 0.00) | velocity=(-0.41, 0.28, 0.00) m/s | speed=0.50 m/s | net=0.20 m | straightness=0.39 | direction=0.00 | state=STATIONARY | detections=392
[INFO] [1790214599.588803122] [sage_semantic_world_model]: Target 1 updated | association_distance=0.16 m | raw=(-0.41, 4.10, 0.00) | smoothed=(-0.30, 4.05, 0.00) | velocity=(-0.58, 0.28, 0.00) m/s | speed=0.64 m/s | net=0.22 m | straightness=0.45 | direction=0.00 | state=STATIONARY | detections=393
[INFO] [1790214599.875222346] [sage_semantic_world_model]: Target 1 updated | association_distance=0.70 m | raw=(-0.08, 4.71, 0.00) | smoothed=(-0.24, 4.22, 0.00) | velocity=(-0.16, 0.39, 0.00) m/s | speed=0.42 m/s | net=0.35 m | straightness=0.56 | direction=0.00 | state=STATIONARY | detections=394
[INFO] [1790214599.977163916] [sage_semantic_world_model]: Target 1 updated | association_distance=0.52 m | raw=(-0.08, 4.71, 0.00) | smoothed=(-0.20, 4.34, 0.00) | velocity=(0.02, 0.55, 0.00) m/s | speed=0.55 m/s | net=0.48 m | straightness=0.66 | direction=0.00 | state=STATIONARY | detections=395
[INFO] [1790214600.075711051] [sage_semantic_world_model]: Target 1 updated | association_distance=0.39 m | raw=(-0.08, 4.71, 0.00) | smoothed=(-0.17, 4.44, 0.00) | velocity=(0.15, 0.67, 0.00) m/s | speed=0.69 m/s | net=0.54 m | straightness=0.72 | direction=0.33 | state=STATIONARY | detections=396
[INFO] [1790214600.174912970] [sage_semantic_world_model]: Target 1 updated | association_distance=0.99 m | raw=(-0.32, 5.41, 0.00) | smoothed=(-0.21, 4.68, 0.00) | velocity=(0.15, 1.05, 0.00) m/s | speed=1.06 m/s | net=0.77 m | straightness=0.81 | direction=0.89 | state=STATIONARY | detections=397
[INFO] [1790214600.281407539] [sage_semantic_world_model]: Target 1 updated | association_distance=0.74 m | raw=(-0.32, 5.41, 0.00) | smoothed=(-0.24, 4.86, 0.00) | velocity=(0.01, 1.61, 0.00) m/s | speed=1.61 m/s | net=0.94 m | straightness=0.86 | direction=1.00 | state=STATIONARY | detections=398
[INFO] [1790214600.374961244] [sage_semantic_world_model]: Target 1 confirmed MOVING | net=1.02 m | avg_speed=0.93 m/s | straightness=0.90 | direction=1.00
[INFO] [1790214600.379900544] [sage_semantic_world_model]: Target 1 updated | association_distance=0.56 m | raw=(-0.32, 5.41, 0.00) | smoothed=(-0.26, 5.00, 0.00) | velocity=(-0.15, 1.64, 0.00) m/s | speed=1.65 m/s | net=1.02 m | straightness=0.90 | direction=1.00 | state=MOVING | detections=399
[INFO] [1790214602.173755241] [sage_semantic_world_model]: Target 5 updated | association_distance=1.26 m | raw=(5.21, -6.88, 0.00) | smoothed=(5.13, -5.93, 0.00) | velocity=(-0.00, -0.00, 0.00) m/s | speed=0.00 m/s | net=0.40 m | straightness=0.63 | direction=0.00 | state=STATIONARY | detections=43
[INFO] [1790214602.274814031] [sage_semantic_world_model]: Target 5 updated | association_distance=0.95 m | raw=(5.21, -6.88, 0.00) | smoothed=(5.15, -6.17, 0.00) | velocity=(-0.00, -0.01, 0.00) m/s | speed=0.01 m/s | net=0.65 m | straightness=0.79 | direction=0.56 | state=STATIONARY | detections=44
[INFO] [1790214602.392305629] [sage_semantic_world_model]: Target 5 updated | association_distance=0.71 m | raw=(5.21, -6.88, 0.00) | smoothed=(5.16, -6.35, 0.00) | velocity=(0.00, -0.01, 0.00) m/s | speed=0.01 m/s | net=0.85 m | straightness=0.87 | direction=0.67 | state=STATIONARY | detections=45
[INFO] [1790214602.488657832] [sage_semantic_world_model]: NEW TARGET | id=8 | class=person | position=(4.71, -11.15, 0.00) | state=STATIONARY
[INFO] [1790214602.594209278] [sage_semantic_world_model]: Target 8 updated | association_distance=0.00 m | raw=(4.71, -11.15, 0.00) | smoothed=(4.71, -11.15, 0.00) | velocity=(0.00, 0.00, 0.00) m/s | speed=0.00 m/s | net=0.00 m | straightness=0.00 | direction=0.00 | state=STATIONARY | detections=2
[INFO] [1790214604.481794890] [sage_semantic_world_model]: Target 5 updated | association_distance=0.17 m | raw=(5.01, -6.42, 0.00) | smoothed=(5.12, -6.37, 0.00) | velocity=(0.00, -0.01, 0.00) m/s | speed=0.01 m/s | net=0.81 m | straightness=0.85 | direction=0.67 | state=STATIONARY | detections=46
[INFO] [1790214604.579206343] [sage_semantic_world_model]: Target 5 updated | association_distance=0.13 m | raw=(5.01, -6.42, 0.00) | smoothed=(5.09, -6.38, 0.00) | velocity=(-0.01, -0.18, 0.00) m/s | speed=0.19 m/s | net=0.78 m | straightness=0.83 | direction=0.67 | state=STATIONARY | detections=47
[INFO] [1790214604.680550934] [sage_semantic_world_model]: Target 5 updated | association_distance=0.10 m | raw=(5.01, -6.42, 0.00) | smoothed=(5.07, -6.39, 0.00) | velocity=(-0.03, -0.09, 0.00) m/s | speed=0.10 m/s | net=0.76 m | straightness=0.82 | direction=0.67 | state=STATIONARY | detections=48
[INFO] [1790214604.776043386] [sage_semantic_world_model]: Target 5 updated | association_distance=0.07 m | raw=(5.01, -6.42, 0.00) | smoothed=(5.06, -6.40, 0.00) | velocity=(-0.05, -0.02, 0.00) m/s | speed=0.05 m/s | net=0.77 m | straightness=0.85 | direction=0.78 | state=STATIONARY | detections=49
[INFO] [1790214604.879098074] [sage_semantic_world_model]: Target 5 updated | association_distance=0.05 m | raw=(5.01, -6.42, 0.00) | smoothed=(5.04, -6.40, 0.00) | velocity=(-0.20, -0.09, 0.00) m/s | speed=0.22 m/s | net=0.78 m | straightness=0.88 | direction=0.89 | state=STATIONARY | detections=50
[INFO] [1790214604.981709523] [sage_semantic_world_model]: Target 5 updated | association_distance=0.04 m | raw=(5.01, -6.42, 0.00) | smoothed=(5.03, -6.41, 0.00) | velocity=(-0.15, -0.07, 0.00) m/s | speed=0.17 m/s | net=0.79 m | straightness=0.90 | direction=0.33 | state=STATIONARY | detections=51
[INFO] [1790214606.976068062] [sage_semantic_world_model]: Target 5 updated | association_distance=0.34 m | raw=(4.70, -6.34, 0.00) | smoothed=(4.95, -6.39, 0.00) | velocity=(-0.05, -0.00, 0.00) m/s | speed=0.05 m/s | net=0.49 m | straightness=0.76 | direction=0.00 | state=STATIONARY | detections=52
[INFO] [1790214607.084699707] [sage_semantic_world_model]: Target 5 updated | association_distance=0.26 m | raw=(4.70, -6.34, 0.00) | smoothed=(4.89, -6.38, 0.00) | velocity=(-0.07, 0.01, 0.00) m/s | speed=0.07 m/s | net=0.33 m | straightness=0.71 | direction=0.00 | state=STATIONARY | detections=53
[INFO] [1790214607.192814847] [sage_semantic_world_model]: Target 5 updated | association_distance=0.58 m | raw=(4.41, -6.05, 0.00) | smoothed=(4.77, -6.30, 0.00) | velocity=(-0.12, 0.05, 0.00) m/s | speed=0.13 m/s | net=0.40 m | straightness=0.91 | direction=0.00 | state=STATIONARY | detections=54
[INFO] [1790214607.281725367] [sage_semantic_world_model]: Target 5 updated | association_distance=0.43 m | raw=(4.41, -6.05, 0.00) | smoothed=(4.68, -6.23, 0.00) | velocity=(-0.15, 0.07, 0.00) m/s | speed=0.17 m/s | net=0.46 m | straightness=0.93 | direction=0.00 | state=STATIONARY | detections=55
[INFO] [1790214607.386992755] [sage_semantic_world_model]: Target 5 updated | association_distance=0.32 m | raw=(4.41, -6.05, 0.00) | smoothed=(4.61, -6.19, 0.00) | velocity=(-0.84, 0.50, 0.00) m/s | speed=0.98 m/s | net=0.52 m | straightness=0.94 | direction=1.00 | state=STATIONARY | detections=56
[INFO] [1790214607.486806805] [sage_semantic_world_model]: Target 5 updated | association_distance=0.24 m | raw=(4.41, -6.05, 0.00) | smoothed=(4.56, -6.15, 0.00) | velocity=(-0.83, 0.57, 0.00) m/s | speed=1.00 m/s | net=0.56 m | straightness=0.96 | direction=1.00 | state=STATIONARY | detections=57
[INFO] [1790214607.575196244] [sage_semantic_world_model]: Target 5 updated | association_distance=0.18 m | raw=(4.41, -6.05, 0.00) | smoothed=(4.52, -6.13, 0.00) | velocity=(-0.61, 0.42, 0.00) m/s | speed=0.74 m/s | net=0.60 m | straightness=0.97 | direction=1.00 | state=STATIONARY | detections=58
[INFO] [1790214607.671775482] [sage_semantic_world_model]: Target 5 confirmed MOVING | net=0.62 m | avg_speed=0.22 m/s | straightness=0.98 | direction=1.00
[INFO] [1790214607.678923918] [sage_semantic_world_model]: Target 5 updated | association_distance=0.14 m | raw=(4.41, -6.05, 0.00) | smoothed=(4.50, -6.11, 0.00) | velocity=(-0.46, 0.31, 0.00) m/s | speed=0.55 m/s | net=0.62 m | straightness=0.98 | direction=1.00 | state=MOVING | detections=59
[INFO] [1790214607.787321892] [sage_semantic_world_model]: Target 5 updated | association_distance=0.10 m | raw=(4.41, -6.05, 0.00) | smoothed=(4.47, -6.09, 0.00) | velocity=(-0.34, 0.24, 0.00) m/s | speed=0.42 m/s | net=0.64 m | straightness=0.99 | direction=1.00 | state=MOVING | detections=60
[INFO] [1790214611.572415788] [sage_semantic_world_model]: Target 1 updated | association_distance=0.55 m | raw=(-0.33, 4.45, 0.00) | smoothed=(-0.28, 4.86, 0.00) | velocity=(-0.01, 0.04, 0.00) m/s | speed=0.04 m/s | net=0.85 m | straightness=0.71 | direction=0.67 | state=MOVING | detections=400
[INFO] [1790214611.682344382] [sage_semantic_world_model]: Target 1 updated | association_distance=0.41 m | raw=(-0.33, 4.45, 0.00) | smoothed=(-0.29, 4.76, 0.00) | velocity=(-0.01, 0.01, 0.00) m/s | speed=0.01 m/s | net=0.73 m | straightness=0.58 | direction=0.67 | state=MOVING | detections=401
[INFO] [1790214611.784411251] [sage_semantic_world_model]: Target 1 updated | association_distance=0.31 m | raw=(-0.33, 4.45, 0.00) | smoothed=(-0.30, 4.68, 0.00) | velocity=(-0.01, -0.02, 0.00) m/s | speed=0.02 m/s | net=0.63 m | straightness=0.49 | direction=0.67 | state=MOVING | detections=402
[INFO] [1790214611.887299240] [sage_semantic_world_model]: Target 1 updated | association_distance=0.72 m | raw=(-0.64, 4.06, 0.00) | smoothed=(-0.39, 4.53, 0.00) | velocity=(-0.01, -0.04, 0.00) m/s | speed=0.04 m/s | net=0.34 m | straightness=0.26 | direction=0.00 | state=MOVING | detections=403
[INFO] [1790214611.985499987] [sage_semantic_world_model]: Target 1 updated | association_distance=0.54 m | raw=(-0.64, 4.06, 0.00) | smoothed=(-0.45, 4.41, 0.00) | velocity=(-0.43, -1.13, 0.00) m/s | speed=1.21 m/s | net=0.26 m | straightness=0.20 | direction=0.00 | state=MOVING | detections=404
[INFO] [1790214612.076531670] [sage_semantic_world_model]: Target 1 updated | association_distance=0.40 m | raw=(-0.64, 4.06, 0.00) | smoothed=(-0.50, 4.32, 0.00) | velocity=(-0.52, -1.11, 0.00) m/s | speed=1.22 m/s | net=0.35 m | straightness=0.27 | direction=0.00 | state=MOVING | detections=405
[INFO] [1790214612.175875900] [sage_semantic_world_model]: Target 1 updated | association_distance=0.30 m | raw=(-0.64, 4.06, 0.00) | smoothed=(-0.53, 4.25, 0.00) | velocity=(-0.60, -1.10, 0.00) m/s | speed=1.25 m/s | net=0.54 m | straightness=0.47 | direction=0.78 | state=MOVING | detections=406
[INFO] [1790214613.783162572] [sage_semantic_world_model]: Target 1 updated | association_distance=0.43 m | raw=(-0.18, 4.50, 0.00) | smoothed=(-0.45, 4.31, 0.00) | velocity=(-0.03, -0.11, 0.00) m/s | speed=0.12 m/s | net=0.59 m | straightness=0.56 | direction=0.78 | state=MOVING | detections=407
[INFO] [1790214613.875414200] [sage_semantic_world_model]: Target 1 updated | association_distance=0.32 m | raw=(-0.18, 4.50, 0.00) | smoothed=(-0.38, 4.36, 0.00) | velocity=(0.04, -0.03, 0.00) m/s | speed=0.04 m/s | net=0.65 m | straightness=0.65 | direction=0.78 | state=MOVING | detections=408
[INFO] [1790214613.980792724] [sage_semantic_world_model]: Target 1 updated | association_distance=0.24 m | raw=(-0.18, 4.50, 0.00) | smoothed=(-0.33, 4.39, 0.00) | velocity=(0.09, 0.04, 0.00) m/s | speed=0.10 m/s | net=0.47 m | straightness=0.51 | direction=0.00 | state=MOVING | detections=409
[INFO] [1790214614.082666977] [sage_semantic_world_model]: Target 1 updated | association_distance=0.05 m | raw=(-0.36, 4.35, 0.00) | smoothed=(-0.34, 4.38, 0.00) | velocity=(0.10, 0.07, 0.00) m/s | speed=0.12 m/s | net=0.38 m | straightness=0.46 | direction=0.00 | state=MOVING | detections=410
[INFO] [1790214614.183021125] [sage_semantic_world_model]: Target 1 updated | association_distance=0.04 m | raw=(-0.36, 4.35, 0.00) | smoothed=(-0.34, 4.38, 0.00) | velocity=(0.26, 0.16, 0.00) m/s | speed=0.30 m/s | net=0.31 m | straightness=0.41 | direction=0.00 | state=MOVING | detections=411
[INFO] [1790214614.276382332] [sage_semantic_world_model]: Target 1 updated | association_distance=0.03 m | raw=(-0.36, 4.35, 0.00) | smoothed=(-0.35, 4.37, 0.00) | velocity=(0.08, 0.03, 0.00) m/s | speed=0.09 m/s | net=0.16 m | straightness=0.27 | direction=0.00 | state=MOVING | detections=412
[INFO] [1790214614.379560479] [sage_semantic_world_model]: Target 1 updated | association_distance=0.29 m | raw=(-0.07, 4.46, 0.00) | smoothed=(-0.28, 4.39, 0.00) | velocity=(0.13, 0.00, 0.00) m/s | speed=0.13 m/s | net=0.17 m | straightness=0.33 | direction=0.00 | state=MOVING | detections=413
[INFO] [1790214614.485493876] [sage_semantic_world_model]: Target 1 updated | association_distance=0.22 m | raw=(-0.07, 4.46, 0.00) | smoothed=(-0.23, 4.41, 0.00) | velocity=(0.28, 0.07, 0.00) m/s | speed=0.29 m/s | net=0.29 m | straightness=0.60 | direction=0.00 | state=MOVING | detections=414
[INFO] [1790214614.581752137] [sage_semantic_world_model]: Target 1 updated | association_distance=0.20 m | raw=(-0.03, 4.38, 0.00) | smoothed=(-0.18, 4.40, 0.00) | velocity=(0.42, 0.07, 0.00) m/s | speed=0.43 m/s | net=0.39 m | straightness=0.86 | direction=0.00 | state=MOVING | detections=415
[INFO] [1790214614.675973682] [sage_semantic_world_model]: Target 1 updated | association_distance=0.15 m | raw=(-0.03, 4.38, 0.00) | smoothed=(-0.14, 4.40, 0.00) | velocity=(0.52, 0.07, 0.00) m/s | speed=0.52 m/s | net=0.32 m | straightness=0.83 | direction=0.00 | state=MOVING | detections=416
[INFO] [1790214614.777008606] [sage_semantic_world_model]: Target 1 updated | association_distance=0.11 m | raw=(-0.03, 4.38, 0.00) | smoothed=(-0.11, 4.39, 0.00) | velocity=(0.42, -0.00, 0.00) m/s | speed=0.42 m/s | net=0.27 m | straightness=0.82 | direction=0.00 | state=MOVING | detections=417
[INFO] [1790214614.890150467] [sage_semantic_world_model]: Target 1 updated | association_distance=0.25 m | raw=(-0.28, 4.21, 0.00) | smoothed=(-0.15, 4.35, 0.00) | velocity=(0.18, -0.16, 0.00) m/s | speed=0.24 m/s | net=0.18 m | straightness=0.55 | direction=0.00 | state=MOVING | detections=418
[INFO] [1790214614.974565707] [sage_semantic_world_model]: Target 1 updated | association_distance=0.19 m | raw=(-0.28, 4.21, 0.00) | smoothed=(-0.19, 4.31, 0.00) | velocity=(-0.02, -0.23, 0.00) m/s | speed=0.23 m/s | net=0.17 m | straightness=0.46 | direction=0.00 | state=MOVING | detections=419
[INFO] [1790214615.083390944] [sage_semantic_world_model]: Target 1 updated | association_distance=0.14 m | raw=(-0.28, 4.21, 0.00) | smoothed=(-0.21, 4.29, 0.00) | velocity=(-0.17, -0.28, 0.00) m/s | speed=0.33 m/s | net=0.16 m | straightness=0.41 | direction=0.00 | state=MOVING | detections=420
[INFO] [1790214615.181777752] [sage_semantic_world_model]: Target 1 updated | association_distance=0.39 m | raw=(-0.34, 3.92, 0.00) | smoothed=(-0.24, 4.20, 0.00) | velocity=(-0.32, -0.50, 0.00) m/s | speed=0.59 m/s | net=0.21 m | straightness=0.42 | direction=0.00 | state=MOVING | detections=421
[INFO] [1790214615.283039386] [sage_semantic_world_model]: Target 1 updated | association_distance=0.29 m | raw=(-0.34, 3.92, 0.00) | smoothed=(-0.27, 4.13, 0.00) | velocity=(-0.28, -0.56, 0.00) m/s | speed=0.63 m/s | net=0.27 m | straightness=0.55 | direction=0.00 | state=MOVING | detections=422
[INFO] [1790214615.384928344] [sage_semantic_world_model]: Target 1 updated | association_distance=0.22 m | raw=(-0.34, 3.92, 0.00) | smoothed=(-0.28, 4.08, 0.00) | velocity=(-0.25, -0.59, 0.00) m/s | speed=0.64 m/s | net=0.34 m | straightness=0.70 | direction=0.00 | state=MOVING | detections=423
[INFO] [1790214615.487290852] [sage_semantic_world_model]: Target 1 updated | association_distance=0.16 m | raw=(-0.34, 3.92, 0.00) | smoothed=(-0.30, 4.04, 0.00) | velocity=(-0.22, -0.62, 0.00) m/s | speed=0.66 m/s | net=0.38 m | straightness=0.81 | direction=0.00 | state=MOVING | detections=424
[INFO] [1790214615.578600487] [sage_semantic_world_model]: Target 1 updated | association_distance=0.12 m | raw=(-0.34, 3.92, 0.00) | smoothed=(-0.31, 4.01, 0.00) | velocity=(-0.16, -0.46, 0.00) m/s | speed=0.49 m/s | net=0.42 m | straightness=0.91 | direction=0.00 | state=MOVING | detections=425
[INFO] [1790214615.678807636] [sage_semantic_world_model]: Target 1 updated | association_distance=0.09 m | raw=(-0.34, 3.92, 0.00) | smoothed=(-0.32, 3.99, 0.00) | velocity=(-0.12, -0.35, 0.00) m/s | speed=0.37 m/s | net=0.45 m | straightness=0.98 | direction=0.00 | state=MOVING | detections=426
[INFO] [1790214615.775939904] [sage_semantic_world_model]: Target 1 updated | association_distance=0.19 m | raw=(-0.47, 3.88, 0.00) | smoothed=(-0.35, 3.96, 0.00) | velocity=(-0.18, -0.29, 0.00) m/s | speed=0.34 m/s | net=0.43 m | straightness=0.97 | direction=0.00 | state=MOVING | detections=427
[INFO] [1790214615.880369768] [sage_semantic_world_model]: Target 1 updated | association_distance=0.14 m | raw=(-0.47, 3.88, 0.00) | smoothed=(-0.38, 3.94, 0.00) | velocity=(-0.22, -0.24, 0.00) m/s | speed=0.32 m/s | net=0.42 m | straightness=0.97 | direction=0.00 | state=MOVING | detections=428
[INFO] [1790214615.978017542] [sage_semantic_world_model]: Target 1 updated | association_distance=0.13 m | raw=(-0.35, 4.07, 0.00) | smoothed=(-0.37, 3.98, 0.00) | velocity=(-0.17, -0.09, 0.00) m/s | speed=0.19 m/s | net=0.35 m | straightness=0.82 | direction=0.00 | state=MOVING | detections=429
[INFO] [1790214616.075061023] [sage_semantic_world_model]: Target 1 updated | association_distance=0.10 m | raw=(-0.35, 4.07, 0.00) | smoothed=(-0.37, 4.00, 0.00) | velocity=(-0.13, 0.03, 0.00) m/s | speed=0.13 m/s | net=0.23 m | straightness=0.65 | direction=0.00 | state=MOVING | detections=430
[INFO] [1790214616.175753226] [sage_semantic_world_model]: Target 1 updated | association_distance=0.08 m | raw=(-0.35, 4.07, 0.00) | smoothed=(-0.36, 4.02, 0.00) | velocity=(-0.02, 0.14, 0.00) m/s | speed=0.14 m/s | net=0.15 m | straightness=0.48 | direction=0.00 | state=MOVING | detections=431
[INFO] [1790214616.289553615] [sage_semantic_world_model]: Target 1 updated | association_distance=0.09 m | raw=(-0.45, 4.05, 0.00) | smoothed=(-0.38, 4.03, 0.00) | velocity=(0.00, 0.21, 0.00) m/s | speed=0.21 m/s | net=0.11 m | straightness=0.41 | direction=0.00 | state=MOVING | detections=432
[INFO] [1790214616.390397992] [sage_semantic_world_model]: Target 1 updated | association_distance=0.07 m | raw=(-0.45, 4.05, 0.00) | smoothed=(-0.40, 4.03, 0.00) | velocity=(-0.06, 0.14, 0.00) m/s | speed=0.15 m/s | net=0.10 m | straightness=0.40 | direction=0.00 | state=MOVING | detections=433
[INFO] [1790214616.473234134] [sage_semantic_world_model]: Target 1 confirmed STATIONARY | net=0.11 m | avg_speed=0.12 m/s
[INFO] [1790214616.480545731] [sage_semantic_world_model]: Target 1 updated | association_distance=0.05 m | raw=(-0.45, 4.05, 0.00) | smoothed=(-0.41, 4.03, 0.00) | velocity=(-0.11, 0.09, 0.00) m/s | speed=0.14 m/s | net=0.11 m | straightness=0.45 | direction=0.00 | state=STATIONARY | detections=434
[INFO] [1790214616.586146348] [sage_semantic_world_model]: Target 1 updated | association_distance=0.04 m | raw=(-0.45, 4.05, 0.00) | smoothed=(-0.42, 4.04, 0.00) | velocity=(-0.14, 0.05, 0.00) m/s | speed=0.15 m/s | net=0.12 m | straightness=0.53 | direction=0.00 | state=STATIONARY | detections=435
[INFO] [1790214616.678056368] [sage_semantic_world_model]: Target 1 updated | association_distance=0.03 m | raw=(-0.45, 4.05, 0.00) | smoothed=(-0.43, 4.04, 0.00) | velocity=(-0.11, 0.04, 0.00) m/s | speed=0.11 m/s | net=0.11 m | straightness=0.59 | direction=0.00 | state=STATIONARY | detections=436
[INFO] [1790214616.779499184] [sage_semantic_world_model]: Target 1 updated | association_distance=0.02 m | raw=(-0.45, 4.05, 0.00) | smoothed=(-0.43, 4.04, 0.00) | velocity=(-0.08, 0.03, 0.00) m/s | speed=0.09 m/s | net=0.11 m | straightness=0.73 | direction=0.00 | state=STATIONARY | detections=437
[INFO] [1790214616.877423247] [sage_semantic_world_model]: Target 1 updated | association_distance=0.06 m | raw=(-0.40, 3.99, 0.00) | smoothed=(-0.42, 4.03, 0.00) | velocity=(-0.03, -0.01, 0.00) m/s | speed=0.04 m/s | net=0.07 m | straightness=0.56 | direction=0.00 | state=STATIONARY | detections=438
[INFO] [1790214616.980696469] [sage_semantic_world_model]: Target 1 updated | association_distance=0.04 m | raw=(-0.40, 3.99, 0.00) | smoothed=(-0.42, 4.02, 0.00) | velocity=(0.00, -0.05, 0.00) m/s | speed=0.05 m/s | net=0.06 m | straightness=0.47 | direction=0.00 | state=STATIONARY | detections=439
[INFO] [1790214617.087537046] [sage_semantic_world_model]: Target 1 updated | association_distance=0.03 m | raw=(-0.40, 3.99, 0.00) | smoothed=(-0.42, 4.01, 0.00) | velocity=(0.03, -0.07, 0.00) m/s | speed=0.08 m/s | net=0.05 m | straightness=0.50 | direction=0.00 | state=STATIONARY | detections=440
[INFO] [1790214617.386575800] [sage_semantic_world_model]: Target 5 updated | association_distance=0.16 m | raw=(4.48, -6.26, 0.00) | smoothed=(4.48, -6.14, 0.00) | velocity=(-0.01, 0.00, 0.00) m/s | speed=0.01 m/s | net=0.54 m | straightness=0.89 | direction=0.89 | state=MOVING | detections=61
[INFO] [1790214617.475022806] [sage_semantic_world_model]: Target 5 updated | association_distance=0.12 m | raw=(4.48, -6.26, 0.00) | smoothed=(4.48, -6.17, 0.00) | velocity=(-0.00, -0.00, 0.00) m/s | speed=0.01 m/s | net=0.46 m | straightness=0.81 | direction=0.00 | state=MOVING | detections=62
[INFO] [1790214617.582114968] [sage_semantic_world_model]: Target 5 updated | association_distance=0.09 m | raw=(4.48, -6.26, 0.00) | smoothed=(4.48, -6.19, 0.00) | velocity=(-0.00, -0.01, 0.00) m/s | speed=0.01 m/s | net=0.31 m | straightness=0.68 | direction=0.00 | state=MOVING | detections=63
[INFO] [1790214617.673456123] [sage_semantic_world_model]: Target 5 updated | association_distance=0.50 m | raw=(4.06, -5.91, 0.00) | smoothed=(4.37, -6.12, 0.00) | velocity=(-0.01, -0.00, 0.00) m/s | speed=0.01 m/s | net=0.33 m | straightness=0.70 | direction=0.00 | state=MOVING | detections=64
[INFO] [1790214617.778643880] [sage_semantic_world_model]: Target 5 updated | association_distance=0.38 m | raw=(4.06, -5.91, 0.00) | smoothed=(4.29, -6.07, 0.00) | velocity=(-0.46, 0.17, 0.00) m/s | speed=0.49 m/s | net=0.34 m | straightness=0.71 | direction=0.00 | state=MOVING | detections=65
[INFO] [1790214617.877042149] [sage_semantic_world_model]: Target 5 updated | association_distance=0.28 m | raw=(4.06, -5.91, 0.00) | smoothed=(4.23, -6.03, 0.00) | velocity=(-0.61, 0.34, 0.00) m/s | speed=0.70 m/s | net=0.35 m | straightness=0.71 | direction=0.00 | state=MOVING | detections=66
[INFO] [1790214617.976396832] [sage_semantic_world_model]: Target 5 updated | association_distance=0.74 m | raw=(4.91, -6.31, 0.00) | smoothed=(4.40, -6.10, 0.00) | velocity=(-0.19, 0.22, 0.00) m/s | speed=0.29 m/s | net=0.12 m | straightness=0.19 | direction=0.00 | state=MOVING | detections=67
[INFO] [1790214618.079281450] [sage_semantic_world_model]: Target 5 updated | association_distance=0.55 m | raw=(4.91, -6.31, 0.00) | smoothed=(4.53, -6.15, 0.00) | velocity=(0.39, -0.09, 0.00) m/s | speed=0.40 m/s | net=0.06 m | straightness=0.08 | direction=0.00 | state=MOVING | detections=68
[INFO] [1790214618.174910520] [sage_semantic_world_model]: Target 5 confirmed STATIONARY | net=0.20 m | avg_speed=0.02 m/s
[INFO] [1790214618.178969775] [sage_semantic_world_model]: Target 5 updated | association_distance=0.50 m | raw=(4.99, -6.35, 0.00) | smoothed=(4.65, -6.20, 0.00) | velocity=(0.89, -0.34, 0.00) m/s | speed=0.95 m/s | net=0.20 m | straightness=0.24 | direction=0.00 | state=STATIONARY | detections=69
[INFO] [1790214618.274832828] [sage_semantic_world_model]: Target 5 updated | association_distance=0.38 m | raw=(4.99, -6.35, 0.00) | smoothed=(4.73, -6.24, 0.00) | velocity=(1.25, -0.52, 0.00) m/s | speed=1.35 m/s | net=0.28 m | straightness=0.31 | direction=0.00 | state=STATIONARY | detections=70
[INFO] [1790214618.375451774] [sage_semantic_world_model]: Target 5 updated | association_distance=0.28 m | raw=(4.99, -6.35, 0.00) | smoothed=(4.80, -6.27, 0.00) | velocity=(0.99, -0.41, 0.00) m/s | speed=1.07 m/s | net=0.34 m | straightness=0.36 | direction=0.00 | state=STATIONARY | detections=71
[INFO] [1790214618.677899894] [sage_semantic_world_model]: Target 5 updated | association_distance=0.54 m | raw=(5.33, -6.35, 0.00) | smoothed=(4.93, -6.29, 0.00) | velocity=(0.67, -0.22, 0.00) m/s | speed=0.71 m/s | net=0.46 m | straightness=0.45 | direction=0.00 | state=STATIONARY | detections=72
[INFO] [1790214618.791396526] [sage_semantic_world_model]: Target 5 updated | association_distance=0.40 m | raw=(5.33, -6.35, 0.00) | smoothed=(5.03, -6.30, 0.00) | velocity=(0.64, -0.17, 0.00) m/s | speed=0.66 m/s | net=0.68 m | straightness=0.67 | direction=0.78 | state=STATIONARY | detections=73
[INFO] [1790214618.884040241] [sage_semantic_world_model]: Target 5 updated | association_distance=0.23 m | raw=(5.26, -6.29, 0.00) | smoothed=(5.09, -6.30, 0.00) | velocity=(0.59, -0.10, 0.00) m/s | speed=0.60 m/s | net=0.83 m | straightness=0.85 | direction=0.89 | state=STATIONARY | detections=74
[INFO] [1790214618.980067558] [sage_semantic_world_model]: Target 5 updated | association_distance=0.17 m | raw=(5.26, -6.29, 0.00) | smoothed=(5.13, -6.30, 0.00) | velocity=(0.55, -0.06, 0.00) m/s | speed=0.55 m/s | net=0.94 m | straightness=0.99 | direction=1.00 | state=STATIONARY | detections=75
[INFO] [1790214619.077082750] [sage_semantic_world_model]: Target 5 confirmed MOVING | net=0.78 m | avg_speed=0.71 m/s | straightness=0.99 | direction=1.00
[INFO] [1790214619.083611446] [sage_semantic_world_model]: Target 5 updated | association_distance=0.13 m | raw=(5.26, -6.29, 0.00) | smoothed=(5.16, -6.30, 0.00) | velocity=(0.57, -0.03, 0.00) m/s | speed=0.57 m/s | net=0.78 m | straightness=0.99 | direction=1.00 | state=MOVING | detections=76
[INFO] [1790214619.185543429] [sage_semantic_world_model]: Target 5 updated | association_distance=0.10 m | raw=(5.26, -6.29, 0.00) | smoothed=(5.19, -6.30, 0.00) | velocity=(0.39, 0.02, 0.00) m/s | speed=0.39 m/s | net=0.67 m | straightness=0.99 | direction=1.00 | state=MOVING | detections=77
[INFO] [1790214619.282757160] [sage_semantic_world_model]: Target 5 updated | association_distance=0.13 m | raw=(5.31, -6.33, 0.00) | smoothed=(5.22, -6.30, 0.00) | velocity=(0.33, -0.01, 0.00) m/s | speed=0.33 m/s | net=0.58 m | straightness=0.99 | direction=1.00 | state=MOVING | detections=78
[INFO] [1790214619.385056739] [sage_semantic_world_model]: Target 5 updated | association_distance=0.10 m | raw=(5.31, -6.33, 0.00) | smoothed=(5.24, -6.31, 0.00) | velocity=(0.28, -0.03, 0.00) m/s | speed=0.28 m/s | net=0.51 m | straightness=0.99 | direction=1.00 | state=MOVING | detections=79
[INFO] [1790214619.483966164] [sage_semantic_world_model]: Target 5 updated | association_distance=0.07 m | raw=(5.31, -6.33, 0.00) | smoothed=(5.26, -6.31, 0.00) | velocity=(0.24, -0.04, 0.00) m/s | speed=0.25 m/s | net=0.46 m | straightness=0.99 | direction=0.00 | state=MOVING | detections=80
[INFO] [1790214619.579990954] [sage_semantic_world_model]: Target 5 updated | association_distance=1.18 m | raw=(5.01, -7.47, 0.00) | smoothed=(5.20, -6.60, 0.00) | velocity=(0.03, -0.76, 0.00) m/s | speed=0.77 m/s | net=0.41 m | straightness=0.66 | direction=0.00 | state=MOVING | detections=81
[INFO] [1790214619.679232720] [sage_semantic_world_model]: Target 5 updated | association_distance=0.88 m | raw=(5.01, -7.47, 0.00) | smoothed=(5.15, -6.82, 0.00) | velocity=(-0.17, -1.29, 0.00) m/s | speed=1.30 m/s | net=0.53 m | straightness=0.71 | direction=0.22 | state=MOVING | detections=82
[INFO] [1790214621.477332344] [sage_semantic_world_model]: Target 5 updated | association_distance=0.96 m | raw=(5.16, -5.86, 0.00) | smoothed=(5.15, -6.58, 0.00) | velocity=(-0.04, -0.13, 0.00) m/s | speed=0.13 m/s | net=0.28 m | straightness=0.31 | direction=0.00 | state=MOVING | detections=83
[INFO] [1790214621.579866974] [sage_semantic_world_model]: Target 5 updated | association_distance=0.72 m | raw=(5.16, -5.86, 0.00) | smoothed=(5.15, -6.40, 0.00) | velocity=(-0.05, -0.04, 0.00) m/s | speed=0.06 m/s | net=0.10 m | straightness=0.09 | direction=0.00 | state=MOVING | detections=84
[INFO] [1790214621.680462252] [sage_semantic_world_model]: Target 5 updated | association_distance=0.72 m | raw=(5.19, -5.68, 0.00) | smoothed=(5.16, -6.22, 0.00) | velocity=(-0.02, 0.18, 0.00) m/s | speed=0.18 m/s | net=0.08 m | straightness=0.07 | direction=0.00 | state=MOVING | detections=85
[INFO] [1790214621.772878323] [sage_semantic_world_model]: Target 5 confirmed STATIONARY | net=0.21 m | avg_speed=0.08 m/s
[INFO] [1790214621.778045187] [sage_semantic_world_model]: Target 5 updated | association_distance=0.54 m | raw=(5.19, -5.68, 0.00) | smoothed=(5.17, -6.08, 0.00) | velocity=(0.01, 0.35, 0.00) m/s | speed=0.35 m/s | net=0.21 m | straightness=0.16 | direction=0.00 | state=STATIONARY | detections=86
[INFO] [1790214621.883196473] [sage_semantic_world_model]: Target 5 updated | association_distance=0.40 m | raw=(5.19, -5.68, 0.00) | smoothed=(5.18, -5.98, 0.00) | velocity=(0.06, 1.48, 0.00) m/s | speed=1.48 m/s | net=0.32 m | straightness=0.23 | direction=0.00 | state=STATIONARY | detections=87
[INFO] [1790214621.975062462] [sage_semantic_world_model]: Target 5 updated | association_distance=0.43 m | raw=(4.99, -6.37, 0.00) | smoothed=(5.13, -6.08, 0.00) | velocity=(-0.06, 0.80, 0.00) m/s | speed=0.80 m/s | net=0.26 m | straightness=0.17 | direction=0.00 | state=STATIONARY | detections=88
[INFO] [1790214622.079338340] [sage_semantic_world_model]: Target 5 updated | association_distance=0.32 m | raw=(4.99, -6.37, 0.00) | smoothed=(5.09, -6.15, 0.00) | velocity=(-0.17, 0.17, 0.00) m/s | speed=0.24 m/s | net=0.23 m | straightness=0.15 | direction=0.00 | state=STATIONARY | detections=89
[INFO] [1790214622.176011213] [sage_semantic_world_model]: Target 5 updated | association_distance=0.24 m | raw=(4.99, -6.37, 0.00) | smoothed=(5.07, -6.20, 0.00) | velocity=(-0.26, -0.30, 0.00) m/s | speed=0.40 m/s | net=0.42 m | straightness=0.32 | direction=0.00 | state=STATIONARY | detections=90
[INFO] [1790214622.276841473] [sage_semantic_world_model]: Target 5 updated | association_distance=0.18 m | raw=(4.99, -6.37, 0.00) | smoothed=(5.05, -6.24, 0.00) | velocity=(-0.32, -0.66, 0.00) m/s | speed=0.73 m/s | net=0.58 m | straightness=0.52 | direction=0.56 | state=STATIONARY | detections=91
[INFO] [1790214622.380050595] [sage_semantic_world_model]: Target 5 updated | association_distance=1.21 m | raw=(4.58, -7.35, 0.00) | smoothed=(4.93, -6.52, 0.00) | velocity=(-0.50, -1.10, 0.00) m/s | speed=1.21 m/s | net=0.23 m | straightness=0.19 | direction=0.00 | state=STATIONARY | detections=92
[INFO] [1790214622.476515359] [sage_semantic_world_model]: Target 5 updated | association_distance=0.90 m | raw=(4.58, -7.35, 0.00) | smoothed=(4.84, -6.73, 0.00) | velocity=(-0.63, -1.45, 0.00) m/s | speed=1.58 m/s | net=0.46 m | straightness=0.37 | direction=0.00 | state=STATIONARY | detections=93
[INFO] [1790214627.683773589] [sage_semantic_world_model]: Target 1 updated | association_distance=1.88 m | raw=(0.81, 5.44, 0.00) | smoothed=(-0.11, 4.37, 0.00) | velocity=(0.03, 0.03, 0.00) m/s | speed=0.04 m/s | net=0.44 m | straightness=0.79 | direction=0.00 | state=STATIONARY | detections=441
[INFO] [1790214627.786881009] [sage_semantic_world_model]: Target 1 updated | association_distance=1.41 m | raw=(0.81, 5.44, 0.00) | smoothed=(0.12, 4.64, 0.00) | velocity=(0.05, 0.06, 0.00) m/s | speed=0.07 m/s | net=0.80 m | straightness=0.90 | direction=0.22 | state=STATIONARY | detections=442
[INFO] [1790214627.881236490] [sage_semantic_world_model]: Target 3 updated | association_distance=1.50 m | raw=(-6.69, 8.44, 0.00) | smoothed=(-5.97, 7.57, 0.00) | velocity=(-0.01, -0.01, 0.00) m/s | speed=0.01 m/s | net=0.51 m | straightness=0.32 | direction=0.56 | state=STATIONARY | detections=114
[INFO] [1790214627.977969978] [sage_semantic_world_model]: Target 3 updated | association_distance=1.12 m | raw=(-6.69, 8.44, 0.00) | smoothed=(-6.15, 7.79, 0.00) | velocity=(-0.02, 0.01, 0.00) m/s | speed=0.02 m/s | net=0.60 m | straightness=0.34 | direction=0.56 | state=STATIONARY | detections=115
[INFO] [1790214628.076553525] [sage_semantic_world_model]: Target 3 updated | association_distance=0.84 m | raw=(-6.69, 8.44, 0.00) | smoothed=(-6.28, 7.95, 0.00) | velocity=(-0.02, 0.02, 0.00) m/s | speed=0.03 m/s | net=0.74 m | straightness=0.39 | direction=0.22 | state=STATIONARY | detections=116
[INFO] [1790214628.185427260] [sage_semantic_world_model]: Target 1 updated | association_distance=0.77 m | raw=(-0.64, 4.78, 0.00) | smoothed=(-0.07, 4.67, 0.00) | velocity=(0.03, 0.06, 0.00) m/s | speed=0.07 m/s | net=0.72 m | straightness=0.67 | direction=0.22 | state=STATIONARY | detections=443
[INFO] [1790214628.287010075] [sage_semantic_world_model]: Target 1 updated | association_distance=0.58 m | raw=(-0.64, 4.78, 0.00) | smoothed=(-0.21, 4.70, 0.00) | velocity=(0.02, 0.06, 0.00) m/s | speed=0.06 m/s | net=0.69 m | straightness=0.57 | direction=0.22 | state=STATIONARY | detections=444
[INFO] [1790214628.385923680] [sage_semantic_world_model]: Target 2 updated | association_distance=1.63 m | raw=(-8.27, 8.83, 0.00) | smoothed=(-7.92, 7.66, 0.00) | velocity=(-0.00, 0.00, 0.00) m/s | speed=0.00 m/s | net=0.00 m | straightness=0.00 | direction=0.00 | state=STATIONARY | detections=5
[INFO] [1790214628.482887867] [sage_semantic_world_model]: Target 2 updated | association_distance=1.22 m | raw=(-8.27, 8.83, 0.00) | smoothed=(-8.01, 7.95, 0.00) | velocity=(-0.00, 0.00, 0.00) m/s | speed=0.00 m/s | net=0.00 m | straightness=0.00 | direction=0.00 | state=STATIONARY | detections=6
[INFO] [1790214628.582128116] [sage_semantic_world_model]: Target 2 updated | association_distance=0.92 m | raw=(-8.27, 8.83, 0.00) | smoothed=(-8.07, 8.17, 0.00) | velocity=(-0.00, 0.00, 0.00) m/s | speed=0.01 m/s | net=0.00 m | straightness=0.00 | direction=0.00 | state=STATIONARY | detections=7
[INFO] [1790214628.673900195] [sage_semantic_world_model]: Target 2 updated | association_distance=0.20 m | raw=(-8.25, 8.27, 0.00) | smoothed=(-8.12, 8.19, 0.00) | velocity=(-0.00, 0.01, 0.00) m/s | speed=0.01 m/s | net=0.00 m | straightness=0.00 | direction=0.00 | state=STATIONARY | detections=8
[INFO] [1790214628.774852928] [sage_semantic_world_model]: Target 2 updated | association_distance=0.15 m | raw=(-8.25, 8.27, 0.00) | smoothed=(-8.15, 8.21, 0.00) | velocity=(-0.58, 1.40, 0.00) m/s | speed=1.52 m/s | net=0.00 m | straightness=0.00 | direction=0.00 | state=STATIONARY | detections=9
[INFO] [1790214628.877379680] [sage_semantic_world_model]: Target 2 updated | association_distance=1.10 m | raw=(-7.30, 7.51, 0.00) | smoothed=(-7.94, 8.04, 0.00) | velocity=(0.17, 0.22, 0.00) m/s | speed=0.28 m/s | net=0.78 m | straightness=0.60 | direction=0.83 | state=STATIONARY | detections=10
[INFO] [1790214628.984480896] [sage_semantic_world_model]: Target 2 updated | association_distance=0.82 m | raw=(-7.30, 7.51, 0.00) | smoothed=(-7.78, 7.91, 0.00) | velocity=(0.74, -0.66, 0.00) m/s | speed=0.99 m/s | net=0.64 m | straightness=0.42 | direction=0.43 | state=STATIONARY | detections=11
[INFO] [1790214629.078307405] [sage_semantic_world_model]: Target 2 updated | association_distance=0.62 m | raw=(-7.30, 7.51, 0.00) | smoothed=(-7.66, 7.81, 0.00) | velocity=(1.14, -0.96, 0.00) m/s | speed=1.49 m/s | net=0.56 m | straightness=0.34 | direction=0.38 | state=STATIONARY | detections=12
[INFO] [1790214629.179938407] [sage_semantic_world_model]: Target 2 updated | association_distance=0.46 m | raw=(-7.30, 7.51, 0.00) | smoothed=(-7.57, 7.74, 0.00) | velocity=(1.45, -1.19, 0.00) m/s | speed=1.87 m/s | net=0.52 m | straightness=0.29 | direction=0.33 | state=STATIONARY | detections=13
[INFO] [1790214629.278611261] [sage_semantic_world_model]: Target 2 updated | association_distance=0.35 m | raw=(-7.30, 7.51, 0.00) | smoothed=(-7.50, 7.68, 0.00) | velocity=(1.09, -0.90, 0.00) m/s | speed=1.41 m/s | net=0.42 m | straightness=0.29 | direction=0.00 | state=STATIONARY | detections=14
[INFO] [1790214629.375951448] [sage_semantic_world_model]: Target 2 updated | association_distance=0.26 m | raw=(-7.30, 7.51, 0.00) | smoothed=(-7.45, 7.64, 0.00) | velocity=(0.81, -0.67, 0.00) m/s | speed=1.05 m/s | net=0.64 m | straightness=0.52 | direction=0.67 | state=STATIONARY | detections=15
[INFO] [1790214629.474240395] [sage_semantic_world_model]: Target 2 updated | association_distance=0.20 m | raw=(-7.30, 7.51, 0.00) | smoothed=(-7.42, 7.61, 0.00) | velocity=(0.61, -0.50, 0.00) m/s | speed=0.79 m/s | net=0.86 m | straightness=0.83 | direction=0.78 | state=STATIONARY | detections=16
[INFO] [1790214629.573958373] [sage_semantic_world_model]: Target 2 updated | association_distance=0.15 m | raw=(-7.30, 7.51, 0.00) | smoothed=(-7.39, 7.58, 0.00) | velocity=(0.46, -0.38, 0.00) m/s | speed=0.60 m/s | net=0.95 m | straightness=0.93 | direction=0.89 | state=STATIONARY | detections=17
[INFO] [1790214629.676646896] [sage_semantic_world_model]: Target 2 confirmed MOVING | net=1.02 m | avg_speed=1.12 m/s | straightness=1.00 | direction=1.00
[INFO] [1790214629.682342106] [sage_semantic_world_model]: Target 2 updated | association_distance=0.11 m | raw=(-7.30, 7.51, 0.00) | smoothed=(-7.37, 7.57, 0.00) | velocity=(0.34, -0.28, 0.00) m/s | speed=0.44 m/s | net=1.02 m | straightness=1.00 | direction=1.00 | state=MOVING | detections=18
[INFO] [1790214629.782492560] [sage_semantic_world_model]: Target 2 updated | association_distance=0.08 m | raw=(-7.30, 7.51, 0.00) | smoothed=(-7.35, 7.55, 0.00) | velocity=(0.26, -0.21, 0.00) m/s | speed=0.33 m/s | net=0.76 m | straightness=1.00 | direction=1.00 | state=MOVING | detections=19
[INFO] [1790214629.874596885] [sage_semantic_world_model]: Target 2 updated | association_distance=0.06 m | raw=(-7.30, 7.51, 0.00) | smoothed=(-7.34, 7.54, 0.00) | velocity=(0.19, -0.16, 0.00) m/s | speed=0.25 m/s | net=0.57 m | straightness=1.00 | direction=1.00 | state=MOVING | detections=20
[INFO] [1790214629.991504450] [sage_semantic_world_model]: Target 2 updated | association_distance=0.05 m | raw=(-7.30, 7.51, 0.00) | smoothed=(-7.33, 7.54, 0.00) | velocity=(0.14, -0.12, 0.00) m/s | speed=0.19 m/s | net=0.43 m | straightness=1.00 | direction=0.00 | state=MOVING | detections=21
[INFO] [1790214630.080364389] [sage_semantic_world_model]: Target 2 updated | association_distance=0.03 m | raw=(-7.30, 7.51, 0.00) | smoothed=(-7.32, 7.53, 0.00) | velocity=(0.11, -0.09, 0.00) m/s | speed=0.14 m/s | net=0.32 m | straightness=1.00 | direction=0.00 | state=MOVING | detections=22
[INFO] [1790214630.385823874] [sage_semantic_world_model]: NEW TARGET | id=9 | class=person | position=(-3.87, 9.38, 0.00) | state=STATIONARY
[INFO] [1790214630.488375300] [sage_semantic_world_model]: Target 9 updated | association_distance=0.00 m | raw=(-3.87, 9.38, 0.00) | smoothed=(-3.87, 9.38, 0.00) | velocity=(0.00, 0.00, 0.00) m/s | speed=0.00 m/s | net=0.00 m | straightness=0.00 | direction=0.00 | state=STATIONARY | detections=2
[INFO] [1790214630.573817012] [sage_semantic_world_model]: Target 9 updated | association_distance=0.00 m | raw=(-3.87, 9.38, 0.00) | smoothed=(-3.87, 9.38, 0.00) | velocity=(0.00, 0.00, 0.00) m/s | speed=0.00 m/s | net=0.00 m | straightness=0.00 | direction=0.00 | state=STATIONARY | detections=3
[INFO] [1790214630.678136175] [sage_semantic_world_model]: Target 9 updated | association_distance=0.00 m | raw=(-3.87, 9.38, 0.00) | smoothed=(-3.87, 9.38, 0.00) | velocity=(0.00, 0.00, 0.00) m/s | speed=0.00 m/s | net=0.00 m | straightness=0.00 | direction=0.00 | state=STATIONARY | detections=4
[INFO] [1790214630.786528988] [sage_semantic_world_model]: Target 9 updated | association_distance=0.00 m | raw=(-3.87, 9.38, 0.00) | smoothed=(-3.87, 9.38, 0.00) | velocity=(0.00, 0.00, 0.00) m/s | speed=0.00 m/s | net=0.00 m | straightness=0.00 | direction=0.00 | state=STATIONARY | detections=5
[INFO] [1790214630.881913716] [sage_semantic_world_model]: Target 9 updated | association_distance=0.00 m | raw=(-3.87, 9.38, 0.00) | smoothed=(-3.87, 9.38, 0.00) | velocity=(0.00, 0.00, 0.00) m/s | speed=0.00 m/s | net=0.00 m | straightness=0.00 | direction=0.00 | state=STATIONARY | detections=6
[INFO] [1790214630.977980527] [sage_semantic_world_model]: Target 3 updated | association_distance=1.24 m | raw=(-6.77, 9.09, 0.00) | smoothed=(-6.41, 8.23, 0.00) | velocity=(-0.02, 0.03, 0.00) m/s | speed=0.04 m/s | net=0.88 m | straightness=0.41 | direction=0.33 | state=STATIONARY | detections=117
[INFO] [1790214631.080202030] [sage_semantic_world_model]: Target 3 updated | association_distance=0.93 m | raw=(-6.77, 9.09, 0.00) | smoothed=(-6.50, 8.45, 0.00) | velocity=(-0.16, 0.27, 0.00) m/s | speed=0.32 m/s | net=1.00 m | straightness=0.47 | direction=0.56 | state=STATIONARY | detections=118
[INFO] [1790214631.176827823] [sage_semantic_world_model]: Target 3 updated | association_distance=0.70 m | raw=(-6.77, 9.09, 0.00) | smoothed=(-6.57, 8.61, 0.00) | velocity=(-0.13, 0.26, 0.00) m/s | speed=0.29 m/s | net=1.19 m | straightness=0.56 | direction=0.67 | state=STATIONARY | detections=119
[INFO] [1790214631.283235466] [sage_semantic_world_model]: Target 3 updated | association_distance=0.52 m | raw=(-6.77, 9.09, 0.00) | smoothed=(-6.62, 8.73, 0.00) | velocity=(-0.10, 0.24, 0.00) m/s | speed=0.26 m/s | net=1.46 m | straightness=0.72 | direction=0.78 | state=STATIONARY | detections=120
[INFO] [1790214634.173809013] [sage_semantic_world_model]: Target 2 updated | association_distance=1.16 m | raw=(-6.23, 7.15, 0.00) | smoothed=(-7.05, 7.44, 0.00) | velocity=(0.07, -0.03, 0.00) m/s | speed=0.07 m/s | net=0.52 m | straightness=0.98 | direction=1.00 | state=MOVING | detections=23
[INFO] [1790214634.286742577] [sage_semantic_world_model]: Target 2 updated | association_distance=0.87 m | raw=(-6.23, 7.15, 0.00) | smoothed=(-6.84, 7.37, 0.00) | velocity=(0.11, -0.04, 0.00) m/s | speed=0.12 m/s | net=0.67 m | straightness=0.99 | direction=1.00 | state=MOVING | detections=24
[INFO] [1790214634.388999375] [sage_semantic_world_model]: Target 2 updated | association_distance=0.65 m | raw=(-6.23, 7.15, 0.00) | smoothed=(-6.69, 7.31, 0.00) | velocity=(0.15, -0.05, 0.00) m/s | speed=0.15 m/s | net=0.79 m | straightness=0.99 | direction=1.00 | state=MOVING | detections=25
[INFO] [1790214634.488768877] [sage_semantic_world_model]: Target 2 updated | association_distance=0.54 m | raw=(-6.21, 7.05, 0.00) | smoothed=(-6.57, 7.25, 0.00) | velocity=(0.17, -0.06, 0.00) m/s | speed=0.18 m/s | net=0.89 m | straightness=0.99 | direction=1.00 | state=MOVING | detections=26
[INFO] [1790214634.576665611] [sage_semantic_world_model]: Target 2 updated | association_distance=0.41 m | raw=(-6.21, 7.05, 0.00) | smoothed=(-6.48, 7.20, 0.00) | velocity=(1.42, -0.59, 0.00) m/s | speed=1.54 m/s | net=0.96 m | straightness=0.99 | direction=1.00 | state=MOVING | detections=27
[INFO] [1790214634.677840935] [sage_semantic_world_model]: Target 2 updated | association_distance=0.31 m | raw=(-6.21, 7.05, 0.00) | smoothed=(-6.41, 7.16, 0.00) | velocity=(1.10, -0.52, 0.00) m/s | speed=1.21 m/s | net=1.02 m | straightness=1.00 | direction=1.00 | state=MOVING | detections=28
[INFO] [1790214635.379232259] [sage_semantic_world_model]: Target 1 updated | association_distance=1.12 m | raw=(-0.09, 3.59, 0.00) | smoothed=(-0.18, 4.42, 0.00) | velocity=(-0.01, 0.01, 0.00) m/s | speed=0.01 m/s | net=0.45 m | straightness=0.31 | direction=0.00 | state=STATIONARY | detections=445
[INFO] [1790214635.489429707] [sage_semantic_world_model]: Target 1 updated | association_distance=0.84 m | raw=(-0.09, 3.59, 0.00) | smoothed=(-0.16, 4.21, 0.00) | velocity=(-0.04, -0.05, 0.00) m/s | speed=0.07 m/s | net=0.32 m | straightness=0.19 | direction=0.00 | state=STATIONARY | detections=446
[INFO] [1790214635.581010745] [sage_semantic_world_model]: Target 1 updated | association_distance=0.45 m | raw=(-0.09, 3.76, 0.00) | smoothed=(-0.14, 4.10, 0.00) | velocity=(-0.01, -0.08, 0.00) m/s | speed=0.08 m/s | net=0.29 m | straightness=0.16 | direction=0.00 | state=STATIONARY | detections=447
[INFO] [1790214635.678406486] [sage_semantic_world_model]: Target 1 updated | association_distance=0.34 m | raw=(-0.09, 3.76, 0.00) | smoothed=(-0.13, 4.02, 0.00) | velocity=(0.01, -0.09, 0.00) m/s | speed=0.09 m/s | net=0.29 m | straightness=0.16 | direction=0.00 | state=STATIONARY | detections=448
[INFO] [1790214635.780210362] [sage_semantic_world_model]: Target 1 updated | association_distance=0.26 m | raw=(-0.09, 3.76, 0.00) | smoothed=(-0.12, 3.95, 0.00) | velocity=(0.16, -1.17, 0.00) m/s | speed=1.18 m/s | net=0.30 m | straightness=0.16 | direction=0.00 | state=STATIONARY | detections=449
[INFO] [1790214635.876473272] [sage_semantic_world_model]: Target 1 updated | association_distance=0.31 m | raw=(-0.05, 3.65, 0.00) | smoothed=(-0.10, 3.88, 0.00) | velocity=(0.15, -0.84, 0.00) m/s | speed=0.85 m/s | net=0.49 m | straightness=0.32 | direction=0.00 | state=STATIONARY | detections=450
[INFO] [1790214635.980510145] [sage_semantic_world_model]: Target 1 updated | association_distance=0.23 m | raw=(-0.05, 3.65, 0.00) | smoothed=(-0.09, 3.82, 0.00) | velocity=(0.13, -0.70, 0.00) m/s | speed=0.71 m/s | net=0.84 m | straightness=0.69 | direction=0.78 | state=STATIONARY | detections=451
[INFO] [1790214636.076684086] [sage_semantic_world_model]: Target 1 updated | association_distance=0.18 m | raw=(-0.05, 3.65, 0.00) | smoothed=(-0.08, 3.78, 0.00) | velocity=(0.12, -0.60, 0.00) m/s | speed=0.62 m/s | net=0.89 m | straightness=0.83 | direction=0.89 | state=STATIONARY | detections=452
[INFO] [1790214636.177873000] [sage_semantic_world_model]: Target 1 updated | association_distance=0.22 m | raw=(0.02, 3.58, 0.00) | smoothed=(-0.05, 3.73, 0.00) | velocity=(0.16, -0.56, 0.00) m/s | speed=0.58 m/s | net=0.98 m | straightness=1.00 | direction=1.00 | state=STATIONARY | detections=453
[INFO] [1790214636.277317323] [sage_semantic_world_model]: Target 1 updated | association_distance=0.16 m | raw=(0.02, 3.58, 0.00) | smoothed=(-0.03, 3.69, 0.00) | velocity=(0.17, -0.46, 0.00) m/s | speed=0.49 m/s | net=0.74 m | straightness=0.99 | direction=1.00 | state=STATIONARY | detections=454
[INFO] [1790214636.388550085] [sage_semantic_world_model]: Target 1 updated | association_distance=0.26 m | raw=(-0.26, 3.81, 0.00) | smoothed=(-0.09, 3.72, 0.00) | velocity=(-0.01, -0.24, 0.00) m/s | speed=0.24 m/s | net=0.49 m | straightness=0.82 | direction=0.00 | state=STATIONARY | detections=455
[INFO] [1790214636.482067822] [sage_semantic_world_model]: Target 1 updated | association_distance=0.20 m | raw=(-0.26, 3.81, 0.00) | smoothed=(-0.13, 3.75, 0.00) | velocity=(-0.14, -0.08, 0.00) m/s | speed=0.16 m/s | net=0.35 m | straightness=0.66 | direction=0.00 | state=STATIONARY | detections=456
[INFO] [1790214636.579018498] [sage_semantic_world_model]: Target 1 updated | association_distance=0.15 m | raw=(-0.26, 3.81, 0.00) | smoothed=(-0.17, 3.76, 0.00) | velocity=(-0.28, 0.09, 0.00) m/s | speed=0.30 m/s | net=0.26 m | straightness=0.52 | direction=0.00 | state=STATIONARY | detections=457
[INFO] [1790214636.690335563] [sage_semantic_world_model]: Target 1 updated | association_distance=0.11 m | raw=(-0.26, 3.81, 0.00) | smoothed=(-0.19, 3.78, 0.00) | velocity=(-0.39, 0.21, 0.00) m/s | speed=0.45 m/s | net=0.19 m | straightness=0.43 | direction=0.00 | state=STATIONARY | detections=458
[INFO] [1790214636.778250967] [sage_semantic_world_model]: Target 1 updated | association_distance=0.40 m | raw=(-0.57, 3.90, 0.00) | smoothed=(-0.29, 3.81, 0.00) | velocity=(-0.48, 0.21, 0.00) m/s | speed=0.52 m/s | net=0.20 m | straightness=0.42 | direction=0.00 | state=STATIONARY | detections=459
[INFO] [1790214636.876880954] [sage_semantic_world_model]: Target 1 updated | association_distance=0.30 m | raw=(-0.57, 3.90, 0.00) | smoothed=(-0.36, 3.83, 0.00) | velocity=(-0.56, 0.22, 0.00) m/s | speed=0.60 m/s | net=0.27 m | straightness=0.54 | direction=0.00 | state=STATIONARY | detections=460
[INFO] [1790214636.977652633] [sage_semantic_world_model]: Target 1 updated | association_distance=0.22 m | raw=(-0.57, 3.90, 0.00) | smoothed=(-0.41, 3.85, 0.00) | velocity=(-0.61, 0.22, 0.00) m/s | speed=0.64 m/s | net=0.34 m | straightness=0.67 | direction=0.00 | state=STATIONARY | detections=461
[INFO] [1790214637.076143052] [sage_semantic_world_model]: Target 1 updated | association_distance=0.67 m | raw=(-1.06, 3.69, 0.00) | smoothed=(-0.57, 3.81, 0.00) | velocity=(-0.95, 0.09, 0.00) m/s | speed=0.95 m/s | net=0.52 m | straightness=0.85 | direction=0.89 | state=STATIONARY | detections=462
[INFO] [1790214637.177437882] [sage_semantic_world_model]: Target 1 updated | association_distance=0.50 m | raw=(-1.06, 3.69, 0.00) | smoothed=(-0.69, 3.78, 0.00) | velocity=(-1.03, -0.07, 0.00) m/s | speed=1.03 m/s | net=0.67 m | straightness=0.95 | direction=1.00 | state=STATIONARY | detections=463
[INFO] [1790214637.274066126] [sage_semantic_world_model]: Target 1 confirmed MOVING | net=0.70 m | avg_speed=0.77 m/s | straightness=0.95 | direction=1.00
[INFO] [1790214637.277131346] [sage_semantic_world_model]: Target 1 updated | association_distance=0.38 m | raw=(-1.06, 3.69, 0.00) | smoothed=(-0.79, 3.76, 0.00) | velocity=(-1.08, -0.19, 0.00) m/s | speed=1.09 m/s | net=0.70 m | straightness=0.95 | direction=1.00 | state=MOVING | detections=464
[INFO] [1790214637.377292156] [sage_semantic_world_model]: Target 1 updated | association_distance=0.93 m | raw=(-1.38, 3.04, 0.00) | smoothed=(-0.93, 3.58, 0.00) | velocity=(-1.31, -0.68, 0.00) m/s | speed=1.48 m/s | net=0.82 m | straightness=0.89 | direction=1.00 | state=MOVING | detections=465
[INFO] [1790214637.477172680] [sage_semantic_world_model]: Target 1 updated | association_distance=0.70 m | raw=(-1.38, 3.04, 0.00) | smoothed=(-1.05, 3.44, 0.00) | velocity=(-1.19, -0.92, 0.00) m/s | speed=1.50 m/s | net=0.93 m | straightness=0.89 | direction=1.00 | state=MOVING | detections=466
[INFO] [1790214637.588121387] [sage_semantic_world_model]: Target 2 updated | association_distance=0.19 m | raw=(-6.53, 7.01, 0.00) | smoothed=(-6.44, 7.12, 0.00) | velocity=(0.08, -0.06, 0.00) m/s | speed=0.10 m/s | net=0.99 m | straightness=0.94 | direction=0.89 | state=MOVING | detections=29
[INFO] [1790214637.694907507] [sage_semantic_world_model]: Target 2 updated | association_distance=0.15 m | raw=(-6.53, 7.01, 0.00) | smoothed=(-6.47, 7.10, 0.00) | velocity=(0.03, -0.05, 0.00) m/s | speed=0.06 m/s | net=0.97 m | straightness=0.90 | direction=0.78 | state=MOVING | detections=30
[INFO] [1790214637.777541290] [sage_semantic_world_model]: Target 2 updated | association_distance=0.11 m | raw=(-6.53, 7.01, 0.00) | smoothed=(-6.48, 7.07, 0.00) | velocity=(-0.00, -0.04, 0.00) m/s | speed=0.04 m/s | net=0.96 m | straightness=0.87 | direction=0.67 | state=MOVING | detections=31
[INFO] [1790214637.888226653] [sage_semantic_world_model]: Target 2 updated | association_distance=0.22 m | raw=(-6.69, 7.12, 0.00) | smoothed=(-6.54, 7.09, 0.00) | velocity=(-0.04, -0.02, 0.00) m/s | speed=0.05 m/s | net=0.62 m | straightness=0.72 | direction=0.56 | state=MOVING | detections=32
[INFO] [1790214637.978926257] [sage_semantic_world_model]: Target 2 updated | association_distance=0.16 m | raw=(-6.69, 7.12, 0.00) | smoothed=(-6.57, 7.09, 0.00) | velocity=(-0.33, -0.08, 0.00) m/s | speed=0.34 m/s | net=0.38 m | straightness=0.56 | direction=0.00 | state=MOVING | detections=33
[INFO] [1790214638.074414189] [sage_semantic_world_model]: Target 2 updated | association_distance=0.12 m | raw=(-6.69, 7.12, 0.00) | smoothed=(-6.60, 7.10, 0.00) | velocity=(-0.35, 0.01, 0.00) m/s | speed=0.35 m/s | net=0.23 m | straightness=0.41 | direction=0.00 | state=MOVING | detections=34
[INFO] [1790214638.383948484] [sage_semantic_world_model]: Target 6 updated | association_distance=0.67 m | raw=(-4.68, 6.86, 0.00) | smoothed=(-4.32, 7.21, 0.00) | velocity=(-0.00, -0.01, 0.00) m/s | speed=0.01 m/s | net=0.00 m | straightness=0.00 | direction=0.00 | state=STATIONARY | detections=7
[INFO] [1790214638.477794184] [sage_semantic_world_model]: Target 6 updated | association_distance=0.51 m | raw=(-4.68, 6.86, 0.00) | smoothed=(-4.41, 7.12, 0.00) | velocity=(-0.00, -0.01, 0.00) m/s | speed=0.01 m/s | net=0.00 m | straightness=0.00 | direction=0.00 | state=STATIONARY | detections=8
[INFO] [1790214638.582909871] [sage_semantic_world_model]: Target 6 updated | association_distance=0.38 m | raw=(-4.68, 6.86, 0.00) | smoothed=(-4.48, 7.06, 0.00) | velocity=(-0.00, -0.00, 0.00) m/s | speed=0.00 m/s | net=0.00 m | straightness=0.00 | direction=0.00 | state=STATIONARY | detections=9
[INFO] [1790214638.682144722] [sage_semantic_world_model]: Target 6 updated | association_distance=0.28 m | raw=(-4.68, 6.86, 0.00) | smoothed=(-4.53, 7.01, 0.00) | velocity=(-0.00, -0.00, 0.00) m/s | speed=0.00 m/s | net=1.41 m | straightness=0.95 | direction=1.00 | state=STATIONARY | detections=10
[INFO] [1790214638.786233030] [sage_semantic_world_model]: Target 6 updated | association_distance=0.21 m | raw=(-4.68, 6.86, 0.00) | smoothed=(-4.57, 6.97, 0.00) | velocity=(-0.61, -0.60, 0.00) m/s | speed=0.86 m/s | net=1.45 m | straightness=0.95 | direction=1.00 | state=STATIONARY | detections=11
[INFO] [1790214638.878034895] [sage_semantic_world_model]: Target 6 updated | association_distance=0.16 m | raw=(-4.68, 6.86, 0.00) | smoothed=(-4.60, 6.94, 0.00) | velocity=(-0.46, -0.45, 0.00) m/s | speed=0.65 m/s | net=1.49 m | straightness=0.94 | direction=1.00 | state=STATIONARY | detections=12
[INFO] [1790214645.480040071] [sage_semantic_world_model]: NEW TARGET | id=10 | class=person | position=(0.97, 3.24, 0.00) | state=STATIONARY
[INFO] [1790214645.578821499] [sage_semantic_world_model]: Target 10 updated | association_distance=0.00 m | raw=(0.97, 3.24, 0.00) | smoothed=(0.97, 3.24, 0.00) | velocity=(0.00, 0.00, 0.00) m/s | speed=0.00 m/s | net=0.00 m | straightness=0.00 | direction=0.00 | state=STATIONARY | detections=2
[INFO] [1790214645.685452075] [sage_semantic_world_model]: Target 10 updated | association_distance=0.32 m | raw=(0.69, 3.39, 0.00) | smoothed=(0.90, 3.28, 0.00) | velocity=(0.00, 0.00, 0.00) m/s | speed=0.00 m/s | net=0.00 m | straightness=0.00 | direction=0.00 | state=STATIONARY | detections=3
[INFO] [1790214645.782795817] [sage_semantic_world_model]: Target 10 updated | association_distance=0.24 m | raw=(0.69, 3.39, 0.00) | smoothed=(0.84, 3.31, 0.00) | velocity=(0.00, 0.00, 0.00) m/s | speed=0.00 m/s | net=0.00 m | straightness=0.00 | direction=0.00 | state=STATIONARY | detections=4
[INFO] [1790214645.877038943] [sage_semantic_world_model]: Target 10 updated | association_distance=0.18 m | raw=(0.69, 3.39, 0.00) | smoothed=(0.81, 3.33, 0.00) | velocity=(-0.41, 0.21, 0.00) m/s | speed=0.46 m/s | net=0.00 m | straightness=0.00 | direction=0.00 | state=STATIONARY | detections=5
[INFO] [1790214645.985632758] [sage_semantic_world_model]: Target 10 updated | association_distance=0.51 m | raw=(0.43, 3.68, 0.00) | smoothed=(0.71, 3.41, 0.00) | velocity=(-0.63, 0.42, 0.00) m/s | speed=0.76 m/s | net=0.00 m | straightness=0.00 | direction=0.00 | state=STATIONARY | detections=6
[INFO] [1790214646.087842334] [sage_semantic_world_model]: Target 10 updated | association_distance=0.38 m | raw=(0.43, 3.68, 0.00) | smoothed=(0.64, 3.48, 0.00) | velocity=(-0.64, 0.50, 0.00) m/s | speed=0.81 m/s | net=0.00 m | straightness=0.00 | direction=0.00 | state=STATIONARY | detections=7
[INFO] [1790214646.180128825] [sage_semantic_world_model]: Target 10 updated | association_distance=0.29 m | raw=(0.43, 3.68, 0.00) | smoothed=(0.59, 3.53, 0.00) | velocity=(-0.64, 0.56, 0.00) m/s | speed=0.85 m/s | net=0.00 m | straightness=0.00 | direction=0.00 | state=STATIONARY | detections=8
[INFO] [1790214649.074719170] [sage_semantic_world_model]: Target 2 updated | association_distance=0.86 m | raw=(-6.17, 6.36, 0.00) | smoothed=(-6.49, 6.92, 0.00) | velocity=(-0.00, -0.01, 0.00) m/s | speed=0.01 m/s | net=0.34 m | straightness=0.54 | direction=0.00 | state=MOVING | detections=35
[INFO] [1790214649.186357970] [sage_semantic_world_model]: Target 2 updated | association_distance=0.65 m | raw=(-6.17, 6.36, 0.00) | smoothed=(-6.41, 6.78, 0.00) | velocity=(0.01, -0.03, 0.00) m/s | speed=0.03 m/s | net=0.43 m | straightness=0.62 | direction=0.00 | state=MOVING | detections=36
[INFO] [1790214649.284602528] [sage_semantic_world_model]: Target 2 updated | association_distance=0.48 m | raw=(-6.17, 6.36, 0.00) | smoothed=(-6.35, 6.67, 0.00) | velocity=(0.02, -0.04, 0.00) m/s | speed=0.04 m/s | net=0.49 m | straightness=0.67 | direction=0.00 | state=MOVING | detections=37
[INFO] [1790214649.377929661] [sage_semantic_world_model]: Target 10 updated | association_distance=0.67 m | raw=(-0.03, 3.26, 0.00) | smoothed=(0.44, 3.46, 0.00) | velocity=(-0.11, 0.04, 0.00) m/s | speed=0.11 m/s | net=0.00 m | straightness=0.00 | direction=0.00 | state=STATIONARY | detections=9
[INFO] [1790214649.476347615] [sage_semantic_world_model]: Target 10 updated | association_distance=0.50 m | raw=(-0.03, 3.26, 0.00) | smoothed=(0.32, 3.41, 0.00) | velocity=(-0.11, -0.00, 0.00) m/s | speed=0.11 m/s | net=0.67 m | straightness=0.87 | direction=1.00 | state=STATIONARY | detections=10
[INFO] [1790214649.584305500] [sage_semantic_world_model]: Target 2 updated | association_distance=0.27 m | raw=(-6.32, 6.40, 0.00) | smoothed=(-6.34, 6.60, 0.00) | velocity=(0.02, -0.04, 0.00) m/s | speed=0.05 m/s | net=0.53 m | straightness=0.70 | direction=0.67 | state=MOVING | detections=38
[INFO] [1790214649.689288275] [sage_semantic_world_model]: Target 2 updated | association_distance=0.20 m | raw=(-6.32, 6.40, 0.00) | smoothed=(-6.34, 6.55, 0.00) | velocity=(0.26, -0.60, 0.00) m/s | speed=0.66 m/s | net=0.56 m | straightness=0.72 | direction=0.67 | state=MOVING | detections=39
[INFO] [1790214650.977477772] [sage_semantic_world_model]: Target 2 updated | association_distance=0.37 m | raw=(-5.96, 6.57, 0.00) | smoothed=(-6.25, 6.56, 0.00) | velocity=(0.09, -0.12, 0.00) m/s | speed=0.15 m/s | net=0.57 m | straightness=0.68 | direction=0.56 | state=MOVING | detections=40
[INFO] [1790214651.080033968] [sage_semantic_world_model]: Target 2 updated | association_distance=0.28 m | raw=(-5.96, 6.57, 0.00) | smoothed=(-6.17, 6.56, 0.00) | velocity=(0.10, -0.06, 0.00) m/s | speed=0.12 m/s | net=0.64 m | straightness=0.75 | direction=0.78 | state=MOVING | detections=41
[INFO] [1790214651.181527622] [sage_semantic_world_model]: Target 2 updated | association_distance=0.21 m | raw=(-5.96, 6.57, 0.00) | smoothed=(-6.12, 6.56, 0.00) | velocity=(0.14, -0.03, 0.00) m/s | speed=0.14 m/s | net=0.70 m | straightness=0.81 | direction=0.89 | state=MOVING | detections=42
[INFO] [1790214651.278933647] [sage_semantic_world_model]: Target 2 updated | association_distance=0.54 m | raw=(-6.40, 6.10, 0.00) | smoothed=(-6.19, 6.44, 0.00) | velocity=(0.09, -0.07, 0.00) m/s | speed=0.11 m/s | net=0.78 m | straightness=0.80 | direction=0.89 | state=MOVING | detections=43
[INFO] [1790214651.380284633] [sage_semantic_world_model]: Target 2 updated | association_distance=0.40 m | raw=(-6.40, 6.10, 0.00) | smoothed=(-6.24, 6.36, 0.00) | velocity=(0.01, -0.50, 0.00) m/s | speed=0.50 m/s | net=0.61 m | straightness=0.72 | direction=0.67 | state=MOVING | detections=44
[INFO] [1790214651.481163811] [sage_semantic_world_model]: Target 2 updated | association_distance=0.30 m | raw=(-6.40, 6.10, 0.00) | smoothed=(-6.28, 6.29, 0.00) | velocity=(-0.27, -0.67, 0.00) m/s | speed=0.72 m/s | net=0.50 m | straightness=0.65 | direction=0.67 | state=MOVING | detections=45
[INFO] [1790214654.983476822] [sage_semantic_world_model]: Target 10 updated | association_distance=0.45 m | raw=(0.71, 3.19, 0.00) | smoothed=(0.42, 3.36, 0.00) | velocity=(-0.03, -0.01, 0.00) m/s | speed=0.03 m/s | net=0.56 m | straightness=0.63 | direction=0.89 | state=STATIONARY | detections=11
[INFO] [1790214655.081773407] [sage_semantic_world_model]: Target 10 updated | association_distance=0.34 m | raw=(0.71, 3.19, 0.00) | smoothed=(0.49, 3.31, 0.00) | velocity=(-0.01, -0.02, 0.00) m/s | speed=0.03 m/s | net=0.41 m | straightness=0.46 | direction=0.00 | state=STATIONARY | detections=12
[INFO] [1790214655.188689089] [sage_semantic_world_model]: Target 10 updated | association_distance=1.06 m | raw=(1.25, 2.57, 0.00) | smoothed=(0.68, 3.13, 0.00) | velocity=(0.04, -0.06, 0.00) m/s | speed=0.07 m/s | net=0.24 m | straightness=0.22 | direction=0.00 | state=STATIONARY | detections=13
[INFO] [1790214655.282455461] [sage_semantic_world_model]: Target 10 updated | association_distance=0.79 m | raw=(1.25, 2.57, 0.00) | smoothed=(0.82, 2.99, 0.00) | velocity=(0.09, -0.07, 0.00) m/s | speed=0.11 m/s | net=0.34 m | straightness=0.27 | direction=0.00 | state=STATIONARY | detections=14
[INFO] [1790214655.385350828] [sage_semantic_world_model]: Target 10 updated | association_distance=0.60 m | raw=(1.25, 2.57, 0.00) | smoothed=(0.93, 2.89, 0.00) | velocity=(1.29, -1.18, 0.00) m/s | speed=1.75 m/s | net=0.57 m | straightness=0.45 | direction=0.56 | state=STATIONARY | detections=15
[INFO] [1790214660.674594945] [sage_semantic_world_model]: Target 2 updated | association_distance=0.64 m | raw=(-6.38, 6.92, 0.00) | smoothed=(-6.31, 6.45, 0.00) | velocity=(-0.02, -0.01, 0.00) m/s | speed=0.02 m/s | net=0.23 m | straightness=0.28 | direction=0.00 | state=MOVING | detections=46
[INFO] [1790214660.777816515] [sage_semantic_world_model]: Target 2 updated | association_distance=0.48 m | raw=(-6.38, 6.92, 0.00) | smoothed=(-6.32, 6.57, 0.00) | velocity=(-0.01, 0.01, 0.00) m/s | speed=0.02 m/s | net=0.04 m | straightness=0.05 | direction=0.00 | state=MOVING | detections=47
[INFO] [1790214660.878846277] [sage_semantic_world_model]: Target 2 confirmed STATIONARY | net=0.09 m | avg_speed=0.01 m/s
[INFO] [1790214660.888992426] [sage_semantic_world_model]: Target 2 updated | association_distance=0.37 m | raw=(-6.65, 6.74, 0.00) | smoothed=(-6.40, 6.61, 0.00) | velocity=(-0.02, 0.03, 0.00) m/s | speed=0.03 m/s | net=0.09 m | straightness=0.10 | direction=0.00 | state=STATIONARY | detections=48
[INFO] [1790214660.981260158] [sage_semantic_world_model]: Target 2 updated | association_distance=0.27 m | raw=(-6.65, 6.74, 0.00) | smoothed=(-6.46, 6.64, 0.00) | velocity=(-0.02, 0.04, 0.00) m/s | speed=0.04 m/s | net=0.24 m | straightness=0.27 | direction=0.00 | state=STATIONARY | detections=49
[INFO] [1790214661.085153190] [sage_semantic_world_model]: Target 2 updated | association_distance=0.21 m | raw=(-6.65, 6.74, 0.00) | smoothed=(-6.51, 6.67, 0.00) | velocity=(-0.50, 0.53, 0.00) m/s | speed=0.73 m/s | net=0.35 m | straightness=0.41 | direction=0.00 | state=STATIONARY | detections=50
[INFO] [1790214661.178505238] [sage_semantic_world_model]: Target 6 updated | association_distance=0.35 m | raw=(-4.94, 7.02, 0.00) | smoothed=(-4.68, 6.96, 0.00) | velocity=(-0.01, -0.00, 0.00) m/s | speed=0.01 m/s | net=1.09 m | straightness=0.89 | direction=0.89 | state=STATIONARY | detections=13
[INFO] [1790214661.282597937] [sage_semantic_world_model]: Target 6 updated | association_distance=0.27 m | raw=(-4.94, 7.02, 0.00) | smoothed=(-4.75, 6.98, 0.00) | velocity=(-0.01, -0.00, 0.00) m/s | speed=0.01 m/s | net=0.83 m | straightness=0.86 | direction=0.78 | state=STATIONARY | detections=14
[INFO] [1790214661.374456852] [sage_semantic_world_model]: Target 6 updated | association_distance=0.20 m | raw=(-4.94, 7.02, 0.00) | smoothed=(-4.80, 6.99, 0.00) | velocity=(-0.01, 0.00, 0.00) m/s | speed=0.01 m/s | net=0.68 m | straightness=0.90 | direction=1.00 | state=STATIONARY | detections=15
[INFO] [1790214668.877149151] [sage_semantic_world_model]: Target 10 updated | association_distance=0.74 m | raw=(0.73, 3.60, 0.00) | smoothed=(0.88, 3.06, 0.00) | velocity=(0.03, -0.02, 0.00) m/s | speed=0.03 m/s | net=0.48 m | straightness=0.35 | direction=0.00 | state=STATIONARY | detections=16
[INFO] [1790214668.975692130] [sage_semantic_world_model]: Target 10 updated | association_distance=0.56 m | raw=(0.73, 3.60, 0.00) | smoothed=(0.84, 3.20, 0.00) | velocity=(0.01, 0.01, 0.00) m/s | speed=0.01 m/s | net=0.42 m | straightness=0.29 | direction=0.00 | state=STATIONARY | detections=17
[INFO] [1790214669.079599604] [sage_semantic_world_model]: Target 10 updated | association_distance=0.42 m | raw=(0.73, 3.60, 0.00) | smoothed=(0.82, 3.30, 0.00) | velocity=(-0.00, 0.02, 0.00) m/s | speed=0.02 m/s | net=0.41 m | straightness=0.30 | direction=0.00 | state=STATIONARY | detections=18
[INFO] [1790214669.194191061] [sage_semantic_world_model]: Target 10 updated | association_distance=0.29 m | raw=(0.67, 3.56, 0.00) | smoothed=(0.78, 3.36, 0.00) | velocity=(-0.01, 0.03, 0.00) m/s | speed=0.04 m/s | net=0.46 m | straightness=0.35 | direction=0.00 | state=STATIONARY | detections=19
[INFO] [1790214669.286281318] [sage_semantic_world_model]: Target 10 updated | association_distance=0.22 m | raw=(0.67, 3.56, 0.00) | smoothed=(0.75, 3.41, 0.00) | velocity=(-0.32, 0.86, 0.00) m/s | speed=0.92 m/s | net=0.34 m | straightness=0.27 | direction=0.00 | state=STATIONARY | detections=20
[INFO] [1790214669.378840690] [sage_semantic_world_model]: Target 10 updated | association_distance=0.45 m | raw=(0.44, 3.74, 0.00) | smoothed=(0.68, 3.49, 0.00) | velocity=(-0.42, 0.74, 0.00) m/s | speed=0.85 m/s | net=0.26 m | straightness=0.20 | direction=0.00 | state=STATIONARY | detections=21
[INFO] [1790214669.484331058] [sage_semantic_world_model]: Target 10 updated | association_distance=0.34 m | raw=(0.44, 3.74, 0.00) | smoothed=(0.62, 3.55, 0.00) | velocity=(-0.49, 0.64, 0.00) m/s | speed=0.81 m/s | net=0.43 m | straightness=0.39 | direction=0.00 | state=STATIONARY | detections=22
[INFO] [1790214669.585690605] [sage_semantic_world_model]: Target 10 updated | association_distance=0.25 m | raw=(0.44, 3.74, 0.00) | smoothed=(0.57, 3.60, 0.00) | velocity=(-0.51, 0.59, 0.00) m/s | speed=0.78 m/s | net=0.66 m | straightness=0.68 | direction=0.89 | state=STATIONARY | detections=23
[INFO] [1790214672.480655086] [sage_semantic_world_model]: Target 2 updated | association_distance=0.45 m | raw=(-6.18, 6.36, 0.00) | smoothed=(-6.43, 6.59, 0.00) | velocity=(-0.01, 0.00, 0.00) m/s | speed=0.01 m/s | net=0.31 m | straightness=0.33 | direction=0.00 | state=STATIONARY | detections=51
[INFO] [1790214672.580251213] [sage_semantic_world_model]: Target 2 updated | association_distance=0.34 m | raw=(-6.18, 6.36, 0.00) | smoothed=(-6.36, 6.53, 0.00) | velocity=(0.00, -0.01, 0.00) m/s | speed=0.01 m/s | net=0.19 m | straightness=0.22 | direction=0.00 | state=STATIONARY | detections=52
[INFO] [1790214672.677054017] [sage_semantic_world_model]: Target 2 updated | association_distance=0.25 m | raw=(-6.18, 6.36, 0.00) | smoothed=(-6.32, 6.49, 0.00) | velocity=(0.01, -0.01, 0.00) m/s | speed=0.02 m/s | net=0.15 m | straightness=0.18 | direction=0.00 | state=STATIONARY | detections=53
[INFO] [1790214672.791688224] [sage_semantic_world_model]: Target 2 updated | association_distance=0.15 m | raw=(-6.21, 6.39, 0.00) | smoothed=(-6.29, 6.46, 0.00) | velocity=(0.02, -0.02, 0.00) m/s | speed=0.03 m/s | net=0.17 m | straightness=0.22 | direction=0.00 | state=STATIONARY | detections=54
[INFO] [1790214672.887186677] [sage_semantic_world_model]: Target 2 updated | association_distance=0.11 m | raw=(-6.21, 6.39, 0.00) | smoothed=(-6.27, 6.45, 0.00) | velocity=(0.39, -0.36, 0.00) m/s | speed=0.53 m/s | net=0.03 m | straightness=0.05 | direction=0.00 | state=STATIONARY | detections=55
[INFO] [1790214672.978912449] [sage_semantic_world_model]: Target 2 updated | association_distance=0.08 m | raw=(-6.21, 6.39, 0.00) | smoothed=(-6.26, 6.43, 0.00) | velocity=(0.27, -0.25, 0.00) m/s | speed=0.37 m/s | net=0.15 m | straightness=0.27 | direction=0.00 | state=STATIONARY | detections=56
[INFO] [1790214673.083561186] [sage_semantic_world_model]: Target 10 updated | association_distance=0.73 m | raw=(-0.12, 3.36, 0.00) | smoothed=(0.40, 3.54, 0.00) | velocity=(-0.09, 0.03, 0.00) m/s | speed=0.10 m/s | net=0.84 m | straightness=0.84 | direction=0.89 | state=STATIONARY | detections=24
[INFO] [1790214673.182240640] [sage_semantic_world_model]: Target 10 updated | association_distance=0.55 m | raw=(-0.12, 3.36, 0.00) | smoothed=(0.27, 3.49, 0.00) | velocity=(-0.11, 0.00, 0.00) m/s | speed=0.11 m/s | net=0.75 m | straightness=0.78 | direction=1.00 | state=STATIONARY | detections=25
[INFO] [1790214678.989950237] [sage_semantic_world_model]: Target 10 updated | association_distance=0.18 m | raw=(0.24, 3.67, 0.00) | smoothed=(0.26, 3.54, 0.00) | velocity=(-0.04, -0.00, 0.00) m/s | speed=0.04 m/s | net=0.67 m | straightness=0.78 | direction=1.00 | state=STATIONARY | detections=26
[INFO] [1790214679.087109958] [sage_semantic_world_model]: Target 10 updated | association_distance=0.13 m | raw=(0.24, 3.67, 0.00) | smoothed=(0.26, 3.57, 0.00) | velocity=(-0.03, -0.00, 0.00) m/s | speed=0.03 m/s | net=0.62 m | straightness=0.79 | direction=1.00 | state=STATIONARY | detections=27
[INFO] [1790214679.178306147] [sage_semantic_world_model]: Target 10 updated | association_distance=0.10 m | raw=(0.24, 3.67, 0.00) | smoothed=(0.26, 3.60, 0.00) | velocity=(-0.02, 0.01, 0.00) m/s | speed=0.03 m/s | net=0.57 m | straightness=0.78 | direction=1.00 | state=STATIONARY | detections=28
[INFO] [1790214679.275875769] [sage_semantic_world_model]: Target 10 updated | association_distance=0.08 m | raw=(0.30, 3.66, 0.00) | smoothed=(0.27, 3.61, 0.00) | velocity=(-0.00, 0.02, 0.00) m/s | speed=0.02 m/s | net=0.53 m | straightness=0.75 | direction=0.89 | state=STATIONARY | detections=29
[INFO] [1790214679.382656596] [sage_semantic_world_model]: Target 10 updated | association_distance=0.06 m | raw=(0.30, 3.66, 0.00) | smoothed=(0.28, 3.63, 0.00) | velocity=(0.03, 0.22, 0.00) m/s | speed=0.22 m/s | net=0.42 m | straightness=0.69 | direction=0.00 | state=STATIONARY | detections=30
[INFO] [1790214679.485080201] [sage_semantic_world_model]: Target 10 updated | association_distance=0.05 m | raw=(0.30, 3.66, 0.00) | smoothed=(0.28, 3.63, 0.00) | velocity=(0.06, 0.16, 0.00) m/s | speed=0.17 m/s | net=0.34 m | straightness=0.64 | direction=0.00 | state=STATIONARY | detections=31
[INFO] [1790214679.578018031] [sage_semantic_world_model]: Target 10 updated | association_distance=0.16 m | raw=(0.28, 3.80, 0.00) | smoothed=(0.28, 3.68, 0.00) | velocity=(0.06, 0.20, 0.00) m/s | speed=0.21 m/s | net=0.30 m | straightness=0.59 | direction=0.00 | state=STATIONARY | detections=32
[INFO] [1790214679.681498144] [sage_semantic_world_model]: Target 10 updated | association_distance=0.12 m | raw=(0.28, 3.80, 0.00) | smoothed=(0.28, 3.71, 0.00) | velocity=(0.03, 0.23, 0.00) m/s | speed=0.24 m/s | net=0.21 m | straightness=0.57 | direction=0.00 | state=STATIONARY | detections=33
[INFO] [1790214679.788052128] [sage_semantic_world_model]: Target 10 updated | association_distance=0.13 m | raw=(0.18, 3.78, 0.00) | smoothed=(0.25, 3.73, 0.00) | velocity=(-0.05, 0.25, 0.00) m/s | speed=0.26 m/s | net=0.23 m | straightness=0.91 | direction=0.00 | state=STATIONARY | detections=34
[INFO] [1790214679.881088710] [sage_semantic_world_model]: Target 10 updated | association_distance=0.10 m | raw=(0.18, 3.78, 0.00) | smoothed=(0.23, 3.74, 0.00) | velocity=(-0.12, 0.26, 0.00) m/s | speed=0.29 m/s | net=0.20 m | straightness=0.87 | direction=0.00 | state=STATIONARY | detections=35
[INFO] [1790214679.981869883] [sage_semantic_world_model]: Target 10 updated | association_distance=0.07 m | raw=(0.18, 3.78, 0.00) | smoothed=(0.22, 3.75, 0.00) | velocity=(-0.15, 0.19, 0.00) m/s | speed=0.24 m/s | net=0.18 m | straightness=0.84 | direction=0.00 | state=STATIONARY | detections=36
[INFO] [1790214680.077054721] [sage_semantic_world_model]: Target 10 updated | association_distance=0.22 m | raw=(0.09, 3.93, 0.00) | smoothed=(0.19, 3.80, 0.00) | velocity=(-0.23, 0.22, 0.00) m/s | speed=0.32 m/s | net=0.21 m | straightness=0.85 | direction=0.00 | state=STATIONARY | detections=37
[INFO] [1790214680.176374346] [sage_semantic_world_model]: Target 10 updated | association_distance=0.16 m | raw=(0.09, 3.93, 0.00) | smoothed=(0.17, 3.83, 0.00) | velocity=(-0.22, 0.26, 0.00) m/s | speed=0.34 m/s | net=0.24 m | straightness=0.89 | direction=0.00 | state=STATIONARY | detections=38
[INFO] [1790214680.290294116] [sage_semantic_world_model]: Target 10 updated | association_distance=0.12 m | raw=(0.09, 3.93, 0.00) | smoothed=(0.15, 3.85, 0.00) | velocity=(-0.22, 0.28, 0.00) m/s | speed=0.35 m/s | net=0.26 m | straightness=0.92 | direction=0.00 | state=STATIONARY | detections=39
[INFO] [1790214680.385985740] [sage_semantic_world_model]: Target 10 updated | association_distance=0.09 m | raw=(0.09, 3.93, 0.00) | smoothed=(0.13, 3.87, 0.00) | velocity=(-0.21, 0.30, 0.00) m/s | speed=0.37 m/s | net=0.28 m | straightness=0.95 | direction=0.00 | state=STATIONARY | detections=40
[INFO] [1790214680.491690141] [sage_semantic_world_model]: Target 10 updated | association_distance=0.04 m | raw=(0.11, 3.90, 0.00) | smoothed=(0.13, 3.88, 0.00) | velocity=(-0.15, 0.21, 0.00) m/s | speed=0.25 m/s | net=0.26 m | straightness=0.97 | direction=0.00 | state=STATIONARY | detections=41
[INFO] [1790214680.582928575] [sage_semantic_world_model]: Target 10 updated | association_distance=0.03 m | raw=(0.11, 3.90, 0.00) | smoothed=(0.12, 3.89, 0.00) | velocity=(-0.11, 0.14, 0.00) m/s | speed=0.18 m/s | net=0.24 m | straightness=0.99 | direction=0.00 | state=STATIONARY | detections=42
[INFO] [1790214680.678783440] [sage_semantic_world_model]: Target 10 updated | association_distance=0.02 m | raw=(0.11, 3.90, 0.00) | smoothed=(0.12, 3.89, 0.00) | velocity=(-0.07, 0.09, 0.00) m/s | speed=0.12 m/s | net=0.21 m | straightness=0.99 | direction=0.00 | state=STATIONARY | detections=43
[INFO] [1790214680.780428444] [sage_semantic_world_model]: Target 10 updated | association_distance=0.22 m | raw=(0.01, 4.08, 0.00) | smoothed=(0.09, 3.94, 0.00) | velocity=(-0.11, 0.17, 0.00) m/s | speed=0.20 m/s | net=0.24 m | straightness=0.99 | direction=0.00 | state=STATIONARY | detections=44
[INFO] [1790214680.885145425] [sage_semantic_world_model]: Target 10 updated | association_distance=0.16 m | raw=(0.01, 4.08, 0.00) | smoothed=(0.07, 3.97, 0.00) | velocity=(-0.14, 0.24, 0.00) m/s | speed=0.28 m/s | net=0.27 m | straightness=1.00 | direction=0.00 | state=STATIONARY | detections=45
[INFO] [1790214680.981768503] [sage_semantic_world_model]: Target 10 updated | association_distance=0.12 m | raw=(0.01, 4.08, 0.00) | smoothed=(0.06, 4.00, 0.00) | velocity=(-0.16, 0.28, 0.00) m/s | speed=0.33 m/s | net=0.24 m | straightness=1.00 | direction=0.00 | state=STATIONARY | detections=46
[INFO] [1790214681.087027225] [sage_semantic_world_model]: Target 10 updated | association_distance=0.09 m | raw=(0.01, 4.08, 0.00) | smoothed=(0.05, 4.02, 0.00) | velocity=(-0.18, 0.33, 0.00) m/s | speed=0.37 m/s | net=0.23 m | straightness=1.00 | direction=0.00 | state=STATIONARY | detections=47
[INFO] [1790214681.182224456] [sage_semantic_world_model]: Target 10 updated | association_distance=0.65 m | raw=(0.58, 3.65, 0.00) | smoothed=(0.18, 3.93, 0.00) | velocity=(0.22, -0.03, 0.00) m/s | speed=0.22 m/s | net=0.08 m | straightness=0.22 | direction=0.00 | state=STATIONARY | detections=48
[INFO] [1790214681.284343877] [sage_semantic_world_model]: Target 10 updated | association_distance=0.49 m | raw=(0.58, 3.65, 0.00) | smoothed=(0.28, 3.86, 0.00) | velocity=(0.52, -0.29, 0.00) m/s | speed=0.60 m/s | net=0.15 m | straightness=0.32 | direction=0.00 | state=STATIONARY | detections=49
[INFO] [1790214681.388805176] [sage_semantic_world_model]: Target 5 updated | association_distance=0.56 m | raw=(5.33, -6.46, 0.00) | smoothed=(4.96, -6.66, 0.00) | velocity=(-0.00, -0.01, 0.00) m/s | speed=0.01 m/s | net=0.49 m | straightness=0.41 | direction=0.00 | state=STATIONARY | detections=94
[INFO] [1790214681.482861422] [sage_semantic_world_model]: Target 5 updated | association_distance=0.42 m | raw=(5.33, -6.46, 0.00) | smoothed=(5.06, -6.61, 0.00) | velocity=(0.00, -0.01, 0.00) m/s | speed=0.01 m/s | net=0.54 m | straightness=0.47 | direction=0.67 | state=STATIONARY | detections=95
[INFO] [1790214682.373877316] [sage_semantic_world_model]: Target 5 updated | association_distance=0.81 m | raw=(5.01, -5.80, 0.00) | smoothed=(5.04, -6.41, 0.00) | velocity=(0.00, 0.00, 0.00) m/s | speed=0.00 m/s | net=0.45 m | straightness=0.35 | direction=0.00 | state=STATIONARY | detections=96
[INFO] [1790214682.478243331] [sage_semantic_world_model]: Target 5 updated | association_distance=0.61 m | raw=(5.01, -5.80, 0.00) | smoothed=(5.04, -6.26, 0.00) | velocity=(0.00, 0.01, 0.00) m/s | speed=0.01 m/s | net=0.20 m | straightness=0.15 | direction=0.00 | state=STATIONARY | detections=97
[INFO] [1790214686.380175795] [sage_semantic_world_model]: Target 5 updated | association_distance=0.37 m | raw=(5.05, -5.89, 0.00) | smoothed=(5.04, -6.17, 0.00) | velocity=(0.02, 0.10, 0.00) m/s | speed=0.10 m/s | net=0.06 m | straightness=0.04 | direction=0.00 | state=STATIONARY | detections=98
[INFO] [1790214686.483019133] [sage_semantic_world_model]: Target 5 updated | association_distance=0.27 m | raw=(5.05, -5.89, 0.00) | smoothed=(5.04, -6.10, 0.00) | velocity=(-0.00, 0.10, 0.00) m/s | speed=0.10 m/s | net=0.11 m | straightness=0.08 | direction=0.00 | state=STATIONARY | detections=99
[INFO] [1790214686.577588889] [sage_semantic_world_model]: Target 5 updated | association_distance=0.21 m | raw=(5.05, -5.89, 0.00) | smoothed=(5.05, -6.05, 0.00) | velocity=(0.00, 0.09, 0.00) m/s | speed=0.09 m/s | net=0.20 m | straightness=0.15 | direction=0.00 | state=STATIONARY | detections=100
[INFO] [1790214686.682396093] [sage_semantic_world_model]: Target 5 updated | association_distance=0.15 m | raw=(5.05, -5.89, 0.00) | smoothed=(5.05, -6.01, 0.00) | velocity=(0.00, 0.06, 0.00) m/s | speed=0.06 m/s | net=0.53 m | straightness=0.49 | direction=0.89 | state=STATIONARY | detections=101
[INFO] [1790214686.778121154] [sage_semantic_world_model]: Target 5 updated | association_distance=0.12 m | raw=(5.05, -5.89, 0.00) | smoothed=(5.05, -5.98, 0.00) | velocity=(0.02, 0.47, 0.00) m/s | speed=0.47 m/s | net=0.78 m | straightness=0.89 | direction=1.00 | state=STATIONARY | detections=102
[INFO] [1790214686.878870212] [sage_semantic_world_model]: Target 5 updated | association_distance=0.48 m | raw=(5.23, -6.43, 0.00) | smoothed=(5.09, -6.09, 0.00) | velocity=(0.13, 0.02, 0.00) m/s | speed=0.13 m/s | net=0.59 m | straightness=0.68 | direction=0.89 | state=STATIONARY | detections=103
[INFO] [1790214686.979976944] [sage_semantic_world_model]: Target 5 updated | association_distance=0.36 m | raw=(5.23, -6.43, 0.00) | smoothed=(5.13, -6.17, 0.00) | velocity=(0.21, -0.32, 0.00) m/s | speed=0.38 m/s | net=0.44 m | straightness=0.53 | direction=0.00 | state=STATIONARY | detections=104
[INFO] [1790214687.077813636] [sage_semantic_world_model]: Target 5 updated | association_distance=0.27 m | raw=(5.23, -6.43, 0.00) | smoothed=(5.15, -6.24, 0.00) | velocity=(0.27, -0.58, 0.00) m/s | speed=0.64 m/s | net=0.20 m | straightness=0.29 | direction=0.00 | state=STATIONARY | detections=105
[INFO] [1790214687.181499328] [sage_semantic_world_model]: Target 5 updated | association_distance=1.68 m | raw=(5.20, -7.92, 0.00) | smoothed=(5.16, -6.66, 0.00) | velocity=(0.29, -1.69, 0.00) m/s | speed=1.71 m/s | net=0.42 m | straightness=0.43 | direction=0.00 | state=STATIONARY | detections=106
[INFO] [1790214687.278511399] [sage_semantic_world_model]: Target 5 updated | association_distance=1.26 m | raw=(5.20, -7.92, 0.00) | smoothed=(5.17, -6.97, 0.00) | velocity=(0.20, -2.20, 0.00) m/s | speed=2.21 m/s | net=0.82 m | straightness=0.68 | direction=0.56 | state=STATIONARY | detections=107
[INFO] [1790214693.678365214] [sage_semantic_world_model]: Target 1 updated | association_distance=1.26 m | raw=(-0.84, 4.69, 0.00) | smoothed=(-1.00, 3.76, 0.00) | velocity=(-0.01, -0.00, 0.00) m/s | speed=0.01 m/s | net=0.80 m | straightness=0.60 | direction=0.89 | state=MOVING | detections=467
[INFO] [1790214693.795703025] [sage_semantic_world_model]: Target 3 updated | association_distance=1.69 m | raw=(-7.91, 7.64, 0.00) | smoothed=(-6.94, 8.46, 0.00) | velocity=(-0.01, 0.00, 0.00) m/s | speed=0.01 m/s | net=1.61 m | straightness=0.71 | direction=0.78 | state=STATIONARY | detections=121
[INFO] [1790214693.881877861] [sage_semantic_world_model]: Target 3 updated | association_distance=1.27 m | raw=(-7.91, 7.64, 0.00) | smoothed=(-7.18, 8.25, 0.00) | velocity=(-0.01, -0.00, 0.00) m/s | speed=0.01 m/s | net=1.74 m | straightness=0.71 | direction=0.78 | state=STATIONARY | detections=122
[INFO] [1790214693.979110760] [sage_semantic_world_model]: Target 3 updated | association_distance=0.95 m | raw=(-7.91, 7.64, 0.00) | smoothed=(-7.37, 8.10, 0.00) | velocity=(-0.01, -0.01, 0.00) m/s | speed=0.02 m/s | net=1.49 m | straightness=0.64 | direction=0.67 | state=STATIONARY | detections=123
[INFO] [1790214694.079543352] [sage_semantic_world_model]: Target 3 updated | association_distance=0.71 m | raw=(-7.91, 7.64, 0.00) | smoothed=(-7.50, 7.98, 0.00) | velocity=(-0.01, -0.01, 0.00) m/s | speed=0.02 m/s | net=1.37 m | straightness=0.62 | direction=1.00 | state=STATIONARY | detections=124
[INFO] [1790214694.176536337] [sage_semantic_world_model]: Target 1 updated | association_distance=0.83 m | raw=(-1.01, 4.58, 0.00) | smoothed=(-1.00, 3.96, 0.00) | velocity=(-0.00, 0.00, 0.00) m/s | speed=0.01 m/s | net=0.73 m | straightness=0.51 | direction=0.56 | state=MOVING | detections=468
[INFO] [1790214694.274721348] [sage_semantic_world_model]: Target 1 updated | association_distance=0.62 m | raw=(-1.01, 4.58, 0.00) | smoothed=(-1.00, 4.12, 0.00) | velocity=(-0.00, 0.01, 0.00) m/s | speed=0.01 m/s | net=0.71 m | straightness=0.46 | direction=0.44 | state=MOVING | detections=469
[INFO] [1790214694.376329183] [sage_semantic_world_model]: Target 1 updated | association_distance=0.47 m | raw=(-1.01, 4.58, 0.00) | smoothed=(-1.01, 4.23, 0.00) | velocity=(0.00, 0.01, 0.00) m/s | speed=0.01 m/s | net=0.71 m | straightness=0.45 | direction=0.67 | state=MOVING | detections=470
[INFO] [1790214694.478441535] [sage_semantic_world_model]: Target 1 updated | association_distance=0.48 m | raw=(-0.60, 4.50, 0.00) | smoothed=(-0.91, 4.30, 0.00) | velocity=(0.11, 0.68, 0.00) m/s | speed=0.69 m/s | net=0.60 m | straightness=0.39 | direction=0.44 | state=MOVING | detections=471
[INFO] [1790214694.574622383] [sage_semantic_world_model]: Target 1 updated | association_distance=0.36 m | raw=(-0.60, 4.50, 0.00) | smoothed=(-0.83, 4.35, 0.00) | velocity=(0.42, 0.97, 0.00) m/s | speed=1.06 m/s | net=0.59 m | straightness=0.39 | direction=0.44 | state=MOVING | detections=472
[INFO] [1790214694.676978339] [sage_semantic_world_model]: Target 1 updated | association_distance=0.49 m | raw=(-0.54, 4.76, 0.00) | smoothed=(-0.76, 4.45, 0.00) | velocity=(0.61, 0.84, 0.00) m/s | speed=1.04 m/s | net=0.70 m | straightness=0.45 | direction=0.78 | state=MOVING | detections=473
[INFO] [1790214694.774869561] [sage_semantic_world_model]: Target 1 updated | association_distance=0.37 m | raw=(-0.54, 4.76, 0.00) | smoothed=(-0.71, 4.53, 0.00) | velocity=(0.75, 0.74, 0.00) m/s | speed=1.05 m/s | net=0.98 m | straightness=0.70 | direction=0.89 | state=MOVING | detections=474
[INFO] [1790214694.879333420] [sage_semantic_world_model]: Target 1 updated | association_distance=0.28 m | raw=(-0.54, 4.76, 0.00) | smoothed=(-0.66, 4.59, 0.00) | velocity=(0.60, 0.71, 0.00) m/s | speed=0.93 m/s | net=1.20 m | straightness=0.93 | direction=1.00 | state=MOVING | detections=475
[INFO] [1790214694.977621072] [sage_semantic_world_model]: Target 1 updated | association_distance=1.04 m | raw=(0.17, 5.20, 0.00) | smoothed=(-0.46, 4.74, 0.00) | velocity=(0.94, 0.97, 0.00) m/s | speed=1.35 m/s | net=1.12 m | straightness=0.91 | direction=1.00 | state=MOVING | detections=476
[INFO] [1790214695.079583292] [sage_semantic_world_model]: Target 1 updated | association_distance=0.78 m | raw=(0.17, 5.20, 0.00) | smoothed=(-0.30, 4.85, 0.00) | velocity=(1.15, 1.00, 0.00) m/s | speed=1.53 m/s | net=1.13 m | straightness=0.93 | direction=1.00 | state=MOVING | detections=477
[INFO] [1790214695.186904022] [sage_semantic_world_model]: Target 6 updated | association_distance=1.62 m | raw=(-5.42, 8.48, 0.00) | smoothed=(-4.95, 7.36, 0.00) | velocity=(-0.01, 0.01, 0.00) m/s | speed=0.01 m/s | net=0.65 m | straightness=0.65 | direction=1.00 | state=STATIONARY | detections=16
[INFO] [1790214695.286933460] [sage_semantic_world_model]: Target 6 updated | association_distance=1.21 m | raw=(-5.42, 8.48, 0.00) | smoothed=(-5.07, 7.64, 0.00) | velocity=(-0.01, 0.02, 0.00) m/s | speed=0.02 m/s | net=0.84 m | straightness=0.71 | direction=0.56 | state=STATIONARY | detections=17
[INFO] [1790214695.389730143] [sage_semantic_world_model]: Target 6 updated | association_distance=0.91 m | raw=(-5.42, 8.48, 0.00) | smoothed=(-5.16, 7.85, 0.00) | velocity=(-0.01, 0.03, 0.00) m/s | speed=0.03 m/s | net=1.05 m | straightness=0.80 | direction=0.67 | state=STATIONARY | detections=18
[INFO] [1790214695.478367750] [sage_semantic_world_model]: Target 3 updated | association_distance=1.17 m | raw=(-6.60, 8.72, 0.00) | smoothed=(-7.28, 8.17, 0.00) | velocity=(-0.20, -0.17, 0.00) m/s | speed=0.26 m/s | net=1.02 m | straightness=0.44 | direction=0.89 | state=STATIONARY | detections=125
[INFO] [1790214695.594772425] [sage_semantic_world_model]: Target 3 updated | association_distance=0.88 m | raw=(-6.60, 8.72, 0.00) | smoothed=(-7.11, 8.30, 0.00) | velocity=(0.05, 0.03, 0.00) m/s | speed=0.06 m/s | net=0.70 m | straightness=0.32 | direction=0.44 | state=STATIONARY | detections=126
[INFO] [1790214695.680347177] [sage_semantic_world_model]: Target 3 updated | association_distance=1.00 m | raw=(-7.11, 7.31, 0.00) | smoothed=(-7.11, 8.06, 0.00) | velocity=(0.15, -0.02, 0.00) m/s | speed=0.15 m/s | net=0.72 m | straightness=0.33 | direction=0.56 | state=STATIONARY | detections=127
[INFO] [1790214695.779289691] [sage_semantic_world_model]: Target 3 updated | association_distance=0.75 m | raw=(-7.11, 7.31, 0.00) | smoothed=(-7.11, 7.87, 0.00) | velocity=(0.23, -0.07, 0.00) m/s | speed=0.24 m/s | net=0.92 m | straightness=0.41 | direction=0.67 | state=STATIONARY | detections=128
[INFO] [1790214695.874121955] [sage_semantic_world_model]: Target 3 updated | association_distance=0.56 m | raw=(-7.11, 7.31, 0.00) | smoothed=(-7.11, 7.73, 0.00) | velocity=(0.43, -1.09, 0.00) m/s | speed=1.17 m/s | net=1.11 m | straightness=0.50 | direction=0.78 | state=STATIONARY | detections=129
[INFO] [1790214695.988894138] [sage_semantic_world_model]: Target 1 updated | association_distance=0.37 m | raw=(-0.01, 4.61, 0.00) | smoothed=(-0.23, 4.79, 0.00) | velocity=(0.40, 0.22, 0.00) m/s | speed=0.45 m/s | net=1.03 m | straightness=0.88 | direction=0.89 | state=MOVING | detections=478
[INFO] [1790214696.077925819] [sage_semantic_world_model]: Target 1 updated | association_distance=0.28 m | raw=(-0.01, 4.61, 0.00) | smoothed=(-0.17, 4.75, 0.00) | velocity=(0.41, 0.13, 0.00) m/s | speed=0.43 m/s | net=0.98 m | straightness=0.88 | direction=0.78 | state=MOVING | detections=479
[INFO] [1790214696.177804839] [sage_semantic_world_model]: Target 1 updated | association_distance=0.21 m | raw=(-0.01, 4.61, 0.00) | smoothed=(-0.13, 4.71, 0.00) | velocity=(0.27, -0.02, 0.00) m/s | speed=0.27 m/s | net=0.87 m | straightness=0.83 | direction=0.67 | state=MOVING | detections=480
[INFO] [1790214697.880882560] [sage_semantic_world_model]: Target 3 updated | association_distance=0.12 m | raw=(-7.00, 7.68, 0.00) | smoothed=(-7.08, 7.72, 0.00) | velocity=(0.01, -0.26, 0.00) m/s | speed=0.26 m/s | net=0.75 m | straightness=0.41 | direction=0.67 | state=STATIONARY | detections=130
[INFO] [1790214697.978314062] [sage_semantic_world_model]: Target 3 updated | association_distance=0.09 m | raw=(-7.00, 7.68, 0.00) | smoothed=(-7.06, 7.71, 0.00) | velocity=(0.02, -0.15, 0.00) m/s | speed=0.15 m/s | net=0.56 m | straightness=0.36 | direction=0.56 | state=STATIONARY | detections=131
[INFO] [1790214698.085445235] [sage_semantic_world_model]: Target 3 updated | association_distance=0.07 m | raw=(-7.00, 7.68, 0.00) | smoothed=(-7.04, 7.70, 0.00) | velocity=(0.03, -0.07, 0.00) m/s | speed=0.08 m/s | net=0.51 m | straightness=0.38 | direction=0.67 | state=STATIONARY | detections=132
[INFO] [1790214698.182049098] [sage_semantic_world_model]: Target 3 updated | association_distance=0.88 m | raw=(-6.21, 7.96, 0.00) | smoothed=(-6.83, 7.77, 0.00) | velocity=(0.12, 0.02, 0.00) m/s | speed=0.12 m/s | net=0.70 m | straightness=0.51 | direction=0.67 | state=STATIONARY | detections=133
[INFO] [1790214698.283063781] [sage_semantic_world_model]: Target 3 updated | association_distance=0.66 m | raw=(-6.21, 7.96, 0.00) | smoothed=(-6.68, 7.82, 0.00) | velocity=(1.00, 0.25, 0.00) m/s | speed=1.04 m/s | net=0.69 m | straightness=0.56 | direction=0.89 | state=STATIONARY | detections=134
[INFO] [1790214698.378275641] [sage_semantic_world_model]: Target 3 updated | association_distance=0.49 m | raw=(-6.21, 7.96, 0.00) | smoothed=(-6.56, 7.85, 0.00) | velocity=(1.25, 0.37, 0.00) m/s | speed=1.30 m/s | net=0.71 m | straightness=0.62 | direction=1.00 | state=STATIONARY | detections=135
[INFO] [1790214703.287871445] [sage_semantic_world_model]: Target 3 updated | association_distance=0.48 m | raw=(-6.08, 7.81, 0.00) | smoothed=(-6.44, 7.84, 0.00) | velocity=(0.12, 0.03, 0.00) m/s | speed=0.12 m/s | net=0.70 m | straightness=0.68 | direction=0.78 | state=STATIONARY | detections=136
[INFO] [1790214703.377724500] [sage_semantic_world_model]: Target 3 updated | association_distance=0.36 m | raw=(-6.08, 7.81, 0.00) | smoothed=(-6.35, 7.83, 0.00) | velocity=(0.09, 0.01, 0.00) m/s | speed=0.09 m/s | net=0.76 m | straightness=0.82 | direction=0.89 | state=STATIONARY | detections=137
[INFO] [1790214703.489578534] [sage_semantic_world_model]: Target 3 updated | association_distance=0.27 m | raw=(-6.08, 7.81, 0.00) | smoothed=(-6.28, 7.83, 0.00) | velocity=(0.08, 0.00, 0.00) m/s | speed=0.08 m/s | net=0.83 m | straightness=0.97 | direction=1.00 | state=STATIONARY | detections=138
[INFO] [1790214703.582720735] [sage_semantic_world_model]: Target 6 updated | association_distance=1.07 m | raw=(-5.22, 6.79, 0.00) | smoothed=(-5.17, 7.59, 0.00) | velocity=(-0.01, 0.01, 0.00) m/s | speed=0.02 m/s | net=0.87 m | straightness=0.58 | direction=0.67 | state=STATIONARY | detections=19
[INFO] [1790214703.684061082] [sage_semantic_world_model]: Target 6 updated | association_distance=0.80 m | raw=(-5.22, 6.79, 0.00) | smoothed=(-5.19, 7.39, 0.00) | velocity=(-0.03, 0.00, 0.00) m/s | speed=0.03 m/s | net=0.74 m | straightness=0.45 | direction=0.67 | state=STATIONARY | detections=20
[INFO] [1790214703.789987996] [sage_semantic_world_model]: Target 6 updated | association_distance=0.60 m | raw=(-5.22, 6.79, 0.00) | smoothed=(-5.20, 7.24, 0.00) | velocity=(-0.01, -0.05, 0.00) m/s | speed=0.05 m/s | net=0.67 m | straightness=0.38 | direction=0.67 | state=STATIONARY | detections=21
[INFO] [1790214706.876845861] [sage_semantic_world_model]: Target 5 updated | association_distance=0.03 m | raw=(5.18, -6.94, 0.00) | smoothed=(5.18, -6.97, 0.00) | velocity=(0.00, -0.04, 0.00) m/s | speed=0.04 m/s | net=0.88 m | straightness=0.77 | direction=0.56 | state=STATIONARY | detections=108
[INFO] [1790214706.979735389] [sage_semantic_world_model]: Target 5 updated | association_distance=0.03 m | raw=(5.18, -6.94, 0.00) | smoothed=(5.18, -6.96, 0.00) | velocity=(0.00, -0.04, 0.00) m/s | speed=0.04 m/s | net=0.92 m | straightness=0.84 | direction=0.56 | state=STATIONARY | detections=109
[INFO] [1790214707.077953809] [sage_semantic_world_model]: Target 5 updated | association_distance=0.02 m | raw=(5.18, -6.94, 0.00) | smoothed=(5.18, -6.96, 0.00) | velocity=(0.00, -0.01, 0.00) m/s | speed=0.01 m/s | net=0.96 m | straightness=0.90 | direction=0.56 | state=STATIONARY | detections=110
[INFO] [1790214707.182562607] [sage_semantic_world_model]: Target 5 updated | association_distance=0.31 m | raw=(5.24, -6.65, 0.00) | smoothed=(5.20, -6.88, 0.00) | velocity=(0.00, 0.00, 0.00) m/s | speed=0.00 m/s | net=0.91 m | straightness=0.82 | direction=0.56 | state=STATIONARY | detections=111
[INFO] [1790214707.279868867] [sage_semantic_world_model]: Target 5 updated | association_distance=0.24 m | raw=(5.24, -6.65, 0.00) | smoothed=(5.21, -6.82, 0.00) | velocity=(0.08, 0.36, 0.00) m/s | speed=0.37 m/s | net=0.74 m | straightness=0.70 | direction=0.44 | state=STATIONARY | detections=112
[INFO] [1790214707.378982469] [sage_semantic_world_model]: Target 5 updated | association_distance=0.18 m | raw=(5.24, -6.65, 0.00) | smoothed=(5.22, -6.78, 0.00) | velocity=(0.10, 0.45, 0.00) m/s | speed=0.46 m/s | net=0.61 m | straightness=0.61 | direction=0.33 | state=STATIONARY | detections=113
[INFO] [1790214707.478991001] [sage_semantic_world_model]: Target 5 updated | association_distance=0.13 m | raw=(5.24, -6.65, 0.00) | smoothed=(5.22, -6.75, 0.00) | velocity=(0.11, 0.52, 0.00) m/s | speed=0.54 m/s | net=0.51 m | straightness=0.53 | direction=0.22 | state=STATIONARY | detections=114
[INFO] [1790214707.578857968] [sage_semantic_world_model]: Target 5 updated | association_distance=0.78 m | raw=(5.34, -5.97, 0.00) | smoothed=(5.25, -6.55, 0.00) | velocity=(0.14, 0.82, 0.00) m/s | speed=0.83 m/s | net=0.14 m | straightness=0.19 | direction=0.00 | state=STATIONARY | detections=115
[INFO] [1790214707.679566704] [sage_semantic_world_model]: Target 5 updated | association_distance=0.59 m | raw=(5.34, -5.97, 0.00) | smoothed=(5.28, -6.41, 0.00) | velocity=(0.17, 1.04, 0.00) m/s | speed=1.05 m/s | net=0.58 m | straightness=1.00 | direction=1.00 | state=STATIONARY | detections=116
[INFO] [1790214707.776997776] [sage_semantic_world_model]: Target 5 updated | association_distance=0.44 m | raw=(5.34, -5.97, 0.00) | smoothed=(5.29, -6.30, 0.00) | velocity=(0.19, 1.20, 0.00) m/s | speed=1.22 m/s | net=0.68 m | straightness=1.00 | direction=1.00 | state=STATIONARY | detections=117
[INFO] [1790214707.874964763] [sage_semantic_world_model]: Target 5 updated | association_distance=0.34 m | raw=(5.20, -5.97, 0.00) | smoothed=(5.27, -6.22, 0.00) | velocity=(0.11, 1.33, 0.00) m/s | speed=1.33 m/s | net=0.75 m | straightness=0.99 | direction=1.00 | state=STATIONARY | detections=118
[INFO] [1790214707.971970154] [sage_semantic_world_model]: Target 5 confirmed MOVING | net=0.80 m | avg_speed=0.89 m/s | straightness=0.98 | direction=1.00
[INFO] [1790214707.977784552] [sage_semantic_world_model]: Target 5 updated | association_distance=0.26 m | raw=(5.20, -5.97, 0.00) | smoothed=(5.25, -6.15, 0.00) | velocity=(-0.01, 0.99, 0.00) m/s | speed=0.99 m/s | net=0.80 m | straightness=0.98 | direction=1.00 | state=MOVING | detections=119
[INFO] [1790214708.091716393] [sage_semantic_world_model]: Target 5 updated | association_distance=0.19 m | raw=(5.20, -5.97, 0.00) | smoothed=(5.24, -6.11, 0.00) | velocity=(-0.09, 0.74, 0.00) m/s | speed=0.75 m/s | net=0.77 m | straightness=0.98 | direction=1.00 | state=MOVING | detections=120
[INFO] [1790214708.183699763] [sage_semantic_world_model]: Target 5 updated | association_distance=0.14 m | raw=(5.20, -5.97, 0.00) | smoothed=(5.23, -6.07, 0.00) | velocity=(-0.16, 0.56, 0.00) m/s | speed=0.58 m/s | net=0.75 m | straightness=0.98 | direction=1.00 | state=MOVING | detections=121
[INFO] [1790214708.277402434] [sage_semantic_world_model]: Target 5 updated | association_distance=0.11 m | raw=(5.20, -5.97, 0.00) | smoothed=(5.22, -6.05, 0.00) | velocity=(-0.12, 0.42, 0.00) m/s | speed=0.43 m/s | net=0.73 m | straightness=0.98 | direction=1.00 | state=MOVING | detections=122
[INFO] [1790214708.379751210] [sage_semantic_world_model]: Target 5 updated | association_distance=0.16 m | raw=(5.22, -5.89, 0.00) | smoothed=(5.22, -6.01, 0.00) | velocity=(-0.08, 0.36, 0.00) m/s | speed=0.37 m/s | net=0.74 m | straightness=0.98 | direction=1.00 | state=MOVING | detections=123
[INFO] [1790214708.484641086] [sage_semantic_world_model]: Target 5 updated | association_distance=0.12 m | raw=(5.22, -5.89, 0.00) | smoothed=(5.22, -5.98, 0.00) | velocity=(-0.05, 0.33, 0.00) m/s | speed=0.33 m/s | net=0.57 m | straightness=0.98 | direction=1.00 | state=MOVING | detections=124
[INFO] [1790214708.579205564] [sage_semantic_world_model]: Target 5 updated | association_distance=0.09 m | raw=(5.22, -5.89, 0.00) | smoothed=(5.22, -5.96, 0.00) | velocity=(-0.02, 0.29, 0.00) m/s | speed=0.29 m/s | net=0.45 m | straightness=0.98 | direction=0.00 | state=MOVING | detections=125
[INFO] [1790214708.681948947] [sage_semantic_world_model]: Target 5 updated | association_distance=0.10 m | raw=(5.30, -6.01, 0.00) | smoothed=(5.24, -5.97, 0.00) | velocity=(0.05, 0.19, 0.00) m/s | speed=0.20 m/s | net=0.33 m | straightness=0.88 | direction=0.00 | state=MOVING | detections=126
[INFO] [1790214708.782867680] [sage_semantic_world_model]: Target 5 updated | association_distance=0.08 m | raw=(5.30, -6.01, 0.00) | smoothed=(5.26, -5.98, 0.00) | velocity=(0.09, 0.07, 0.00) m/s | speed=0.11 m/s | net=0.23 m | straightness=0.75 | direction=0.00 | state=MOVING | detections=127
[INFO] [1790214708.880012374] [sage_semantic_world_model]: Target 5 updated | association_distance=0.17 m | raw=(5.31, -6.15, 0.00) | smoothed=(5.27, -6.02, 0.00) | velocity=(0.13, -0.11, 0.00) m/s | speed=0.17 m/s | net=0.13 m | straightness=0.46 | direction=0.00 | state=MOVING | detections=128
[INFO] [1790214708.975626731] [sage_semantic_world_model]: Target 5 updated | association_distance=0.13 m | raw=(5.31, -6.15, 0.00) | smoothed=(5.28, -6.05, 0.00) | velocity=(0.16, -0.24, 0.00) m/s | speed=0.29 m/s | net=0.07 m | straightness=0.25 | direction=0.00 | state=MOVING | detections=129
[INFO] [1790214709.076160095] [sage_semantic_world_model]: Target 5 confirmed STATIONARY | net=0.06 m | avg_speed=0.07 m/s
[INFO] [1790214709.084266739] [sage_semantic_world_model]: Target 5 updated | association_distance=0.10 m | raw=(5.31, -6.15, 0.00) | smoothed=(5.29, -6.08, 0.00) | velocity=(0.12, -0.26, 0.00) m/s | speed=0.29 m/s | net=0.06 m | straightness=0.23 | direction=0.00 | state=STATIONARY | detections=130
[INFO] [1790214709.184455313] [sage_semantic_world_model]: Target 5 updated | association_distance=0.07 m | raw=(5.31, -6.15, 0.00) | smoothed=(5.29, -6.09, 0.00) | velocity=(0.10, -0.28, 0.00) m/s | speed=0.30 m/s | net=0.09 m | straightness=0.34 | direction=0.00 | state=STATIONARY | detections=131
[INFO] [1790214709.278821690] [sage_semantic_world_model]: Target 5 updated | association_distance=0.05 m | raw=(5.31, -6.15, 0.00) | smoothed=(5.30, -6.11, 0.00) | velocity=(0.07, -0.21, 0.00) m/s | speed=0.22 m/s | net=0.13 m | straightness=0.55 | direction=0.00 | state=STATIONARY | detections=132
[INFO] [1790214709.383029994] [sage_semantic_world_model]: Target 5 updated | association_distance=0.04 m | raw=(5.31, -6.15, 0.00) | smoothed=(5.30, -6.12, 0.00) | velocity=(0.05, -0.16, 0.00) m/s | speed=0.17 m/s | net=0.16 m | straightness=0.77 | direction=0.00 | state=STATIONARY | detections=133
[INFO] [1790214711.377458111] [sage_semantic_world_model]: Target 3 updated | association_distance=0.45 m | raw=(-6.48, 8.23, 0.00) | smoothed=(-6.33, 7.93, 0.00) | velocity=(0.02, 0.01, 0.00) m/s | speed=0.02 m/s | net=0.78 m | straightness=0.83 | direction=0.89 | state=STATIONARY | detections=139
[INFO] [1790214711.495498205] [sage_semantic_world_model]: Target 3 updated | association_distance=0.34 m | raw=(-6.48, 8.23, 0.00) | smoothed=(-6.37, 8.00, 0.00) | velocity=(0.01, 0.02, 0.00) m/s | speed=0.02 m/s | net=0.75 m | straightness=0.75 | direction=0.78 | state=STATIONARY | detections=140
[INFO] [1790214711.577373808] [sage_semantic_world_model]: Target 3 updated | association_distance=0.25 m | raw=(-6.48, 8.23, 0.00) | smoothed=(-6.40, 8.06, 0.00) | velocity=(-0.01, 0.03, 0.00) m/s | speed=0.03 m/s | net=0.74 m | straightness=0.71 | direction=0.67 | state=STATIONARY | detections=141
[INFO] [1790214711.679969114] [sage_semantic_world_model]: Target 3 updated | association_distance=0.19 m | raw=(-6.48, 8.23, 0.00) | smoothed=(-6.42, 8.10, 0.00) | velocity=(-0.02, 0.03, 0.00) m/s | speed=0.04 m/s | net=0.54 m | straightness=0.61 | direction=0.56 | state=STATIONARY | detections=142
[INFO] [1790214711.973681435] [sage_semantic_world_model]: Target 3 updated | association_distance=1.00 m | raw=(-5.64, 8.74, 0.00) | smoothed=(-6.22, 8.26, 0.00) | velocity=(0.18, 0.56, 0.00) m/s | speed=0.59 m/s | net=0.64 m | straightness=0.66 | direction=0.56 | state=STATIONARY | detections=143
[INFO] [1790214712.083311893] [sage_semantic_world_model]: Target 3 updated | association_distance=0.75 m | raw=(-5.64, 8.74, 0.00) | smoothed=(-6.08, 8.38, 0.00) | velocity=(0.48, 0.63, 0.00) m/s | speed=0.80 m/s | net=0.71 m | straightness=0.70 | direction=0.56 | state=STATIONARY | detections=144
[INFO] [1790214712.185638874] [sage_semantic_world_model]: Target 3 updated | association_distance=0.56 m | raw=(-5.64, 8.74, 0.00) | smoothed=(-5.97, 8.47, 0.00) | velocity=(0.71, 0.68, 0.00) m/s | speed=0.98 m/s | net=0.79 m | straightness=0.75 | direction=0.56 | state=STATIONARY | detections=145
[INFO] [1790214712.287409394] [sage_semantic_world_model]: Target 3 updated | association_distance=0.42 m | raw=(-5.64, 8.74, 0.00) | smoothed=(-5.89, 8.54, 0.00) | velocity=(0.88, 0.73, 0.00) m/s | speed=1.14 m/s | net=0.84 m | straightness=0.79 | direction=0.89 | state=STATIONARY | detections=146
[INFO] [1790214712.380312375] [sage_semantic_world_model]: Target 3 updated | association_distance=0.32 m | raw=(-5.64, 8.74, 0.00) | smoothed=(-5.83, 8.59, 0.00) | velocity=(0.99, 0.81, 0.00) m/s | speed=1.28 m/s | net=0.89 m | straightness=0.83 | direction=1.00 | state=STATIONARY | detections=147
[INFO] [1790214712.491458395] [sage_semantic_world_model]: Target 3 updated | association_distance=0.57 m | raw=(-5.26, 8.53, 0.00) | smoothed=(-5.69, 8.57, 0.00) | velocity=(0.97, 0.48, 0.00) m/s | speed=1.08 m/s | net=0.91 m | straightness=0.83 | direction=0.67 | state=STATIONARY | detections=148
[INFO] [1790214712.580919055] [sage_semantic_world_model]: Target 3 updated | association_distance=0.42 m | raw=(-5.26, 8.53, 0.00) | smoothed=(-5.58, 8.56, 0.00) | velocity=(0.97, 0.23, 0.00) m/s | speed=0.99 m/s | net=0.97 m | straightness=0.86 | direction=0.78 | state=STATIONARY | detections=149
[INFO] [1790214712.681907908] [sage_semantic_world_model]: Target 3 updated | association_distance=0.32 m | raw=(-5.26, 8.53, 0.00) | smoothed=(-5.50, 8.56, 0.00) | velocity=(0.97, 0.04, 0.00) m/s | speed=0.97 m/s | net=1.02 m | straightness=0.90 | direction=0.89 | state=STATIONARY | detections=150
[INFO] [1790214712.773589549] [sage_semantic_world_model]: Target 3 confirmed MOVING | net=1.07 m | avg_speed=0.98 m/s | straightness=0.93 | direction=1.00
[INFO] [1790214712.783696591] [sage_semantic_world_model]: Target 3 updated | association_distance=0.24 m | raw=(-5.26, 8.53, 0.00) | smoothed=(-5.44, 8.55, 0.00) | velocity=(0.97, -0.10, 0.00) m/s | speed=0.97 m/s | net=1.07 m | straightness=0.93 | direction=1.00 | state=MOVING | detections=151
[INFO] [1790214712.881931456] [sage_semantic_world_model]: Target 3 updated | association_distance=0.18 m | raw=(-5.26, 8.53, 0.00) | smoothed=(-5.40, 8.55, 0.00) | velocity=(0.73, -0.07, 0.00) m/s | speed=0.74 m/s | net=0.87 m | straightness=0.92 | direction=1.00 | state=MOVING | detections=152
[INFO] [1790214712.977820803] [sage_semantic_world_model]: Target 3 updated | association_distance=0.13 m | raw=(-5.26, 8.53, 0.00) | smoothed=(-5.36, 8.54, 0.00) | velocity=(0.55, -0.06, 0.00) m/s | speed=0.55 m/s | net=0.73 m | straightness=0.93 | direction=1.00 | state=MOVING | detections=153
[INFO] [1790214713.074454170] [sage_semantic_world_model]: Target 3 updated | association_distance=0.10 m | raw=(-5.26, 8.53, 0.00) | smoothed=(-5.34, 8.54, 0.00) | velocity=(0.41, -0.04, 0.00) m/s | speed=0.41 m/s | net=0.63 m | straightness=0.94 | direction=1.00 | state=MOVING | detections=154
[INFO] [1790214713.174850029] [sage_semantic_world_model]: Target 3 updated | association_distance=0.08 m | raw=(-5.26, 8.53, 0.00) | smoothed=(-5.32, 8.54, 0.00) | velocity=(0.31, -0.03, 0.00) m/s | speed=0.31 m/s | net=0.57 m | straightness=0.96 | direction=1.00 | state=MOVING | detections=155
[INFO] [1790214713.277282439] [sage_semantic_world_model]: Target 3 updated | association_distance=0.06 m | raw=(-5.26, 8.53, 0.00) | smoothed=(-5.31, 8.54, 0.00) | velocity=(0.23, -0.02, 0.00) m/s | speed=0.23 m/s | net=0.52 m | straightness=1.00 | direction=1.00 | state=MOVING | detections=156
[INFO] [1790214713.387250849] [sage_semantic_world_model]: Target 3 updated | association_distance=0.04 m | raw=(-5.26, 8.53, 0.00) | smoothed=(-5.30, 8.54, 0.00) | velocity=(0.17, -0.02, 0.00) m/s | speed=0.17 m/s | net=0.39 m | straightness=1.00 | direction=0.00 | state=MOVING | detections=157
[INFO] [1790214713.479201825] [sage_semantic_world_model]: Target 3 updated | association_distance=0.03 m | raw=(-5.26, 8.53, 0.00) | smoothed=(-5.29, 8.53, 0.00) | velocity=(0.13, -0.01, 0.00) m/s | speed=0.13 m/s | net=0.29 m | straightness=1.00 | direction=0.00 | state=MOVING | detections=158
[INFO] [1790214719.875094901] [sage_semantic_world_model]: Target 2 updated | association_distance=1.03 m | raw=(-6.36, 5.40, 0.00) | smoothed=(-6.28, 6.17, 0.00) | velocity=(0.00, -0.01, 0.00) m/s | speed=0.01 m/s | net=0.45 m | straightness=0.63 | direction=0.00 | state=STATIONARY | detections=57
[INFO] [1790214719.983151659] [sage_semantic_world_model]: Target 2 updated | association_distance=0.77 m | raw=(-6.36, 5.40, 0.00) | smoothed=(-6.30, 5.98, 0.00) | velocity=(-0.00, -0.01, 0.00) m/s | speed=0.01 m/s | net=0.68 m | straightness=0.80 | direction=0.89 | state=STATIONARY | detections=58
[INFO] [1790214720.082713542] [sage_semantic_world_model]: Target 2 updated | association_distance=0.58 m | raw=(-6.36, 5.40, 0.00) | smoothed=(-6.32, 5.84, 0.00) | velocity=(-0.00, -0.01, 0.00) m/s | speed=0.01 m/s | net=0.85 m | straightness=0.90 | direction=1.00 | state=STATIONARY | detections=59
[INFO] [1790214720.186091028] [sage_semantic_world_model]: Target 10 updated | association_distance=0.71 m | raw=(-0.16, 3.30, 0.00) | smoothed=(0.17, 3.72, 0.00) | velocity=(0.00, -0.01, 0.00) m/s | speed=0.01 m/s | net=0.17 m | straightness=0.27 | direction=0.00 | state=STATIONARY | detections=50
[INFO] [1790214720.279063905] [sage_semantic_world_model]: Target 10 updated | association_distance=0.54 m | raw=(-0.16, 3.30, 0.00) | smoothed=(0.09, 3.61, 0.00) | velocity=(0.00, -0.01, 0.00) m/s | speed=0.01 m/s | net=0.28 m | straightness=0.37 | direction=0.00 | state=STATIONARY | detections=51
[INFO] [1790214720.376920446] [sage_semantic_world_model]: Target 10 updated | association_distance=0.40 m | raw=(-0.16, 3.30, 0.00) | smoothed=(0.02, 3.53, 0.00) | velocity=(-0.00, -0.01, 0.00) m/s | speed=0.01 m/s | net=0.37 m | straightness=0.44 | direction=0.00 | state=STATIONARY | detections=52
[INFO] [1790214720.488809039] [sage_semantic_world_model]: Target 10 updated | association_distance=0.30 m | raw=(-0.16, 3.30, 0.00) | smoothed=(-0.02, 3.47, 0.00) | velocity=(-0.01, -0.01, 0.00) m/s | speed=0.01 m/s | net=0.48 m | straightness=0.55 | direction=0.00 | state=STATIONARY | detections=53
[INFO] [1790214720.588465480] [sage_semantic_world_model]: Target 10 updated | association_distance=0.23 m | raw=(-0.16, 3.30, 0.00) | smoothed=(-0.06, 3.43, 0.00) | velocity=(-0.58, -0.74, 0.00) m/s | speed=0.94 m/s | net=0.56 m | straightness=0.63 | direction=0.56 | state=STATIONARY | detections=54
[INFO] [1790214722.674522649] [sage_semantic_world_model]: Target 5 updated | association_distance=0.49 m | raw=(5.78, -5.99, 0.00) | smoothed=(5.42, -6.09, 0.00) | velocity=(0.01, -0.00, 0.00) m/s | speed=0.01 m/s | net=0.24 m | straightness=0.77 | direction=0.00 | state=STATIONARY | detections=134
[INFO] [1790214722.784196103] [sage_semantic_world_model]: Target 5 updated | association_distance=0.37 m | raw=(5.78, -5.99, 0.00) | smoothed=(5.51, -6.06, 0.00) | velocity=(0.02, 0.00, 0.00) m/s | speed=0.02 m/s | net=0.29 m | straightness=0.76 | direction=0.00 | state=STATIONARY | detections=135
[INFO] [1790214722.878707927] [sage_semantic_world_model]: Target 5 updated | association_distance=0.14 m | raw=(5.57, -6.19, 0.00) | smoothed=(5.52, -6.09, 0.00) | velocity=(0.02, 0.00, 0.00) m/s | speed=0.02 m/s | net=0.29 m | straightness=0.74 | direction=0.00 | state=STATIONARY | detections=136
[INFO] [1790214722.974299935] [sage_semantic_world_model]: Target 5 updated | association_distance=0.10 m | raw=(5.57, -6.19, 0.00) | smoothed=(5.53, -6.12, 0.00) | velocity=(0.02, -0.00, 0.00) m/s | speed=0.02 m/s | net=0.28 m | straightness=0.75 | direction=0.00 | state=STATIONARY | detections=137
[INFO] [1790214723.075054503] [sage_semantic_world_model]: Target 5 updated | association_distance=0.08 m | raw=(5.57, -6.19, 0.00) | smoothed=(5.54, -6.13, 0.00) | velocity=(0.30, -0.12, 0.00) m/s | speed=0.33 m/s | net=0.27 m | straightness=0.76 | direction=0.00 | state=STATIONARY | detections=138
[INFO] [1790214723.180457080] [sage_semantic_world_model]: Target 5 updated | association_distance=0.19 m | raw=(5.44, -6.30, 0.00) | smoothed=(5.52, -6.17, 0.00) | velocity=(0.02, -0.28, 0.00) m/s | speed=0.28 m/s | net=0.25 m | straightness=0.65 | direction=0.00 | state=STATIONARY | detections=139
[INFO] [1790214723.279815893] [sage_semantic_world_model]: Target 5 updated | association_distance=0.14 m | raw=(5.44, -6.30, 0.00) | smoothed=(5.50, -6.21, 0.00) | velocity=(-0.07, -0.28, 0.00) m/s | speed=0.29 m/s | net=0.23 m | straightness=0.58 | direction=0.00 | state=STATIONARY | detections=140
[INFO] [1790214723.379715435] [sage_semantic_world_model]: Target 5 updated | association_distance=0.26 m | raw=(5.24, -6.24, 0.00) | smoothed=(5.43, -6.22, 0.00) | velocity=(-0.26, -0.25, 0.00) m/s | speed=0.36 m/s | net=0.17 m | straightness=0.38 | direction=0.00 | state=STATIONARY | detections=141
[INFO] [1790214723.478838226] [sage_semantic_world_model]: Target 5 updated | association_distance=0.20 m | raw=(5.24, -6.24, 0.00) | smoothed=(5.38, -6.22, 0.00) | velocity=(-0.40, -0.22, 0.00) m/s | speed=0.45 m/s | net=0.13 m | straightness=0.27 | direction=0.00 | state=STATIONARY | detections=142
[INFO] [1790214723.583883366] [sage_semantic_world_model]: Target 5 updated | association_distance=0.15 m | raw=(5.24, -6.24, 0.00) | smoothed=(5.35, -6.23, 0.00) | velocity=(-0.43, -0.13, 0.00) m/s | speed=0.45 m/s | net=0.16 m | straightness=0.39 | direction=0.00 | state=STATIONARY | detections=143
[INFO] [1790214723.680157179] [sage_semantic_world_model]: Target 5 updated | association_distance=0.12 m | raw=(5.27, -6.32, 0.00) | smoothed=(5.33, -6.25, 0.00) | velocity=(-0.42, -0.11, 0.00) m/s | speed=0.44 m/s | net=0.26 m | straightness=0.76 | direction=0.00 | state=STATIONARY | detections=144
[INFO] [1790214723.778172702] [sage_semantic_world_model]: Target 5 updated | association_distance=0.09 m | raw=(5.27, -6.32, 0.00) | smoothed=(5.31, -6.27, 0.00) | velocity=(-0.30, -0.13, 0.00) m/s | speed=0.33 m/s | net=0.27 m | straightness=0.82 | direction=0.00 | state=STATIONARY | detections=145
[INFO] [1790214723.881543241] [sage_semantic_world_model]: Target 5 updated | association_distance=0.09 m | raw=(5.32, -6.36, 0.00) | smoothed=(5.32, -6.29, 0.00) | velocity=(-0.17, -0.17, 0.00) m/s | speed=0.24 m/s | net=0.28 m | straightness=0.84 | direction=0.00 | state=STATIONARY | detections=146
[INFO] [1790214723.977337152] [sage_semantic_world_model]: Target 5 updated | association_distance=0.07 m | raw=(5.32, -6.36, 0.00) | smoothed=(5.32, -6.31, 0.00) | velocity=(-0.07, -0.20, 0.00) m/s | speed=0.21 m/s | net=0.28 m | straightness=0.86 | direction=0.00 | state=STATIONARY | detections=147
[INFO] [1790214724.076294597] [sage_semantic_world_model]: Target 5 updated | association_distance=0.05 m | raw=(5.32, -6.36, 0.00) | smoothed=(5.32, -6.32, 0.00) | velocity=(-0.02, -0.18, 0.00) m/s | speed=0.18 m/s | net=0.24 m | straightness=0.83 | direction=0.00 | state=STATIONARY | detections=148
[INFO] [1790214725.780184895] [sage_semantic_world_model]: Target 1 updated | association_distance=0.65 m | raw=(0.32, 4.24, 0.00) | smoothed=(-0.02, 4.60, 0.00) | velocity=(0.01, -0.01, 0.00) m/s | speed=0.01 m/s | net=0.84 m | straightness=0.75 | direction=0.89 | state=MOVING | detections=481
[INFO] [1790214725.880583780] [sage_semantic_world_model]: Target 1 updated | association_distance=0.49 m | raw=(0.32, 4.24, 0.00) | smoothed=(0.06, 4.51, 0.00) | velocity=(0.01, -0.01, 0.00) m/s | speed=0.01 m/s | net=0.82 m | straightness=0.74 | direction=1.00 | state=MOVING | detections=482
[INFO] [1790214725.977774624] [sage_semantic_world_model]: Target 1 updated | association_distance=0.37 m | raw=(0.32, 4.24, 0.00) | smoothed=(0.13, 4.44, 0.00) | velocity=(0.01, -0.01, 0.00) m/s | speed=0.01 m/s | net=0.84 m | straightness=0.75 | direction=0.89 | state=MOVING | detections=483
[INFO] [1790214726.093550327] [sage_semantic_world_model]: Target 1 updated | association_distance=0.27 m | raw=(0.32, 4.24, 0.00) | smoothed=(0.18, 4.39, 0.00) | velocity=(0.01, -0.01, 0.00) m/s | speed=0.01 m/s | net=0.86 m | straightness=0.77 | direction=1.00 | state=MOVING | detections=484
[INFO] [1790214726.179044003] [sage_semantic_world_model]: Target 1 updated | association_distance=0.31 m | raw=(0.35, 4.14, 0.00) | smoothed=(0.22, 4.33, 0.00) | velocity=(0.60, -0.67, 0.00) m/s | speed=0.90 m/s | net=0.79 m | straightness=0.85 | direction=0.89 | state=MOVING | detections=485
[INFO] [1790214726.277818515] [sage_semantic_world_model]: Target 1 updated | association_distance=0.23 m | raw=(0.35, 4.14, 0.00) | smoothed=(0.25, 4.28, 0.00) | velocity=(0.47, -0.57, 0.00) m/s | speed=0.74 m/s | net=0.79 m | straightness=1.00 | direction=1.00 | state=MOVING | detections=486
[INFO] [1790214726.377170384] [sage_semantic_world_model]: Target 1 updated | association_distance=0.30 m | raw=(-0.00, 4.12, 0.00) | smoothed=(0.19, 4.24, 0.00) | velocity=(0.15, -0.50, 0.00) m/s | speed=0.53 m/s | net=0.69 m | straightness=0.89 | direction=0.89 | state=MOVING | detections=487
[INFO] [1790214726.485365582] [sage_semantic_world_model]: Target 1 updated | association_distance=0.22 m | raw=(-0.00, 4.12, 0.00) | smoothed=(0.14, 4.21, 0.00) | velocity=(-0.09, -0.46, 0.00) m/s | speed=0.47 m/s | net=0.62 m | straightness=0.82 | direction=0.78 | state=MOVING | detections=488
[INFO] [1790214726.583847393] [sage_semantic_world_model]: Target 1 updated | association_distance=0.32 m | raw=(-0.16, 4.10, 0.00) | smoothed=(0.07, 4.18, 0.00) | velocity=(-0.38, -0.37, 0.00) m/s | speed=0.53 m/s | net=0.57 m | straightness=0.72 | direction=0.67 | state=MOVING | detections=489
[INFO] [1790214726.677221390] [sage_semantic_world_model]: Target 1 updated | association_distance=0.24 m | raw=(-0.16, 4.10, 0.00) | smoothed=(0.01, 4.16, 0.00) | velocity=(-0.60, -0.30, 0.00) m/s | speed=0.67 m/s | net=0.44 m | straightness=0.63 | direction=0.00 | state=MOVING | detections=490
[INFO] [1790214726.778215317] [sage_semantic_world_model]: Target 1 updated | association_distance=0.18 m | raw=(-0.16, 4.10, 0.00) | smoothed=(-0.03, 4.15, 0.00) | velocity=(-0.56, -0.24, 0.00) m/s | speed=0.61 m/s | net=0.37 m | straightness=0.61 | direction=0.00 | state=MOVING | detections=491
[INFO] [1790214726.881002402] [sage_semantic_world_model]: Target 1 updated | association_distance=0.21 m | raw=(-0.23, 4.08, 0.00) | smoothed=(-0.08, 4.13, 0.00) | velocity=(-0.56, -0.20, 0.00) m/s | speed=0.59 m/s | net=0.38 m | straightness=0.66 | direction=0.00 | state=MOVING | detections=492
[INFO] [1790214726.976894532] [sage_semantic_world_model]: Target 1 updated | association_distance=0.15 m | raw=(-0.23, 4.08, 0.00) | smoothed=(-0.12, 4.12, 0.00) | velocity=(-0.46, -0.17, 0.00) m/s | speed=0.49 m/s | net=0.40 m | straightness=0.75 | direction=0.00 | state=MOVING | detections=493
[INFO] [1790214727.086590691] [sage_semantic_world_model]: Target 1 updated | association_distance=0.12 m | raw=(-0.23, 4.08, 0.00) | smoothed=(-0.15, 4.11, 0.00) | velocity=(-0.39, -0.14, 0.00) m/s | speed=0.41 m/s | net=0.43 m | straightness=0.87 | direction=0.00 | state=MOVING | detections=494
[INFO] [1790214727.183100830] [sage_semantic_world_model]: Target 1 updated | association_distance=0.11 m | raw=(-0.25, 4.11, 0.00) | smoothed=(-0.17, 4.11, 0.00) | velocity=(-0.34, -0.10, 0.00) m/s | speed=0.36 m/s | net=0.46 m | straightness=0.99 | direction=0.00 | state=MOVING | detections=495
[INFO] [1790214727.279314107] [sage_semantic_world_model]: Target 1 updated | association_distance=0.08 m | raw=(-0.25, 4.11, 0.00) | smoothed=(-0.19, 4.11, 0.00) | velocity=(-0.28, -0.06, 0.00) m/s | speed=0.28 m/s | net=0.40 m | straightness=0.99 | direction=0.00 | state=MOVING | detections=496
[INFO] [1790214727.383211666] [sage_semantic_world_model]: Target 1 updated | association_distance=0.06 m | raw=(-0.25, 4.11, 0.00) | smoothed=(-0.21, 4.11, 0.00) | velocity=(-0.22, -0.03, 0.00) m/s | speed=0.23 m/s | net=0.36 m | straightness=0.99 | direction=0.00 | state=MOVING | detections=497
[INFO] [1790214727.483837381] [sage_semantic_world_model]: Target 6 updated | association_distance=1.36 m | raw=(-6.56, 7.23, 0.00) | smoothed=(-5.54, 7.23, 0.00) | velocity=(-0.01, -0.02, 0.00) m/s | speed=0.02 m/s | net=0.89 m | straightness=0.44 | direction=0.67 | state=STATIONARY | detections=22
[INFO] [1790214727.581008565] [sage_semantic_world_model]: Target 6 updated | association_distance=1.02 m | raw=(-6.56, 7.23, 0.00) | smoothed=(-5.79, 7.23, 0.00) | velocity=(-0.03, -0.01, 0.00) m/s | speed=0.03 m/s | net=1.07 m | straightness=0.49 | direction=0.67 | state=STATIONARY | detections=23
[INFO] [1790214727.682915517] [sage_semantic_world_model]: Target 6 updated | association_distance=0.76 m | raw=(-6.56, 7.23, 0.00) | smoothed=(-5.98, 7.23, 0.00) | velocity=(-0.03, -0.01, 0.00) m/s | speed=0.03 m/s | net=1.21 m | straightness=0.52 | direction=0.67 | state=STATIONARY | detections=24
[INFO] [1790214727.784038364] [sage_semantic_world_model]: Target 6 updated | association_distance=0.57 m | raw=(-6.56, 7.23, 0.00) | smoothed=(-6.13, 7.23, 0.00) | velocity=(-0.04, -0.00, 0.00) m/s | speed=0.04 m/s | net=1.18 m | straightness=0.57 | direction=0.44 | state=STATIONARY | detections=25
[INFO] [1790214727.875521811] [sage_semantic_world_model]: Target 1 updated | association_distance=0.04 m | raw=(-0.20, 4.14, 0.00) | smoothed=(-0.21, 4.12, 0.00) | velocity=(-0.08, 0.01, 0.00) m/s | speed=0.08 m/s | net=0.28 m | straightness=0.94 | direction=0.00 | state=MOVING | detections=498
[INFO] [1790214727.980218934] [sage_semantic_world_model]: Target 1 updated | association_distance=0.03 m | raw=(-0.20, 4.14, 0.00) | smoothed=(-0.20, 4.12, 0.00) | velocity=(-0.04, 0.02, 0.00) m/s | speed=0.04 m/s | net=0.22 m | straightness=0.88 | direction=0.00 | state=MOVING | detections=499
[INFO] [1790214728.085290828] [sage_semantic_world_model]: Target 1 updated | association_distance=0.02 m | raw=(-0.20, 4.14, 0.00) | smoothed=(-0.20, 4.13, 0.00) | velocity=(-0.01, 0.03, 0.00) m/s | speed=0.03 m/s | net=0.17 m | straightness=0.83 | direction=0.00 | state=MOVING | detections=500
[INFO] [1790214728.194459996] [sage_semantic_world_model]: Target 1 updated | association_distance=0.08 m | raw=(-0.15, 4.19, 0.00) | smoothed=(-0.19, 4.14, 0.00) | velocity=(0.02, 0.05, 0.00) m/s | speed=0.05 m/s | net=0.11 m | straightness=0.63 | direction=0.00 | state=MOVING | detections=501
[INFO] [1790214728.281389497] [sage_semantic_world_model]: Target 1 confirmed STATIONARY | net=0.07 m | avg_speed=0.06 m/s
[INFO] [1790214728.287256105] [sage_semantic_world_model]: Target 1 updated | association_distance=0.06 m | raw=(-0.15, 4.19, 0.00) | smoothed=(-0.18, 4.15, 0.00) | velocity=(0.06, 0.10, 0.00) m/s | speed=0.12 m/s | net=0.07 m | straightness=0.49 | direction=0.00 | state=STATIONARY | detections=502
[INFO] [1790214728.376692807] [sage_semantic_world_model]: Target 1 updated | association_distance=0.04 m | raw=(-0.15, 4.19, 0.00) | smoothed=(-0.17, 4.16, 0.00) | velocity=(0.08, 0.10, 0.00) m/s | speed=0.13 m/s | net=0.06 m | straightness=0.48 | direction=0.00 | state=STATIONARY | detections=503
[INFO] [1790214728.482143862] [sage_semantic_world_model]: Target 1 updated | association_distance=0.03 m | raw=(-0.15, 4.19, 0.00) | smoothed=(-0.17, 4.17, 0.00) | velocity=(0.09, 0.10, 0.00) m/s | speed=0.13 m/s | net=0.06 m | straightness=0.57 | direction=0.00 | state=STATIONARY | detections=504
[INFO] [1790214728.577959977] [sage_semantic_world_model]: Target 1 updated | association_distance=0.36 m | raw=(0.19, 4.14, 0.00) | smoothed=(-0.08, 4.16, 0.00) | velocity=(0.28, 0.05, 0.00) m/s | speed=0.28 m/s | net=0.13 m | straightness=0.70 | direction=0.00 | state=STATIONARY | detections=505
[INFO] [1790214728.672930873] [sage_semantic_world_model]: Target 1 updated | association_distance=0.27 m | raw=(0.19, 4.14, 0.00) | smoothed=(-0.01, 4.16, 0.00) | velocity=(0.42, 0.01, 0.00) m/s | speed=0.42 m/s | net=0.20 m | straightness=0.87 | direction=0.00 | state=STATIONARY | detections=506
[INFO] [1790214728.789475504] [sage_semantic_world_model]: Target 1 updated | association_distance=0.20 m | raw=(0.19, 4.14, 0.00) | smoothed=(0.04, 4.15, 0.00) | velocity=(0.53, -0.02, 0.00) m/s | speed=0.53 m/s | net=0.25 m | straightness=0.90 | direction=0.00 | state=STATIONARY | detections=507
[INFO] [1790214728.886818966] [sage_semantic_world_model]: Target 1 updated | association_distance=0.26 m | raw=(0.26, 4.02, 0.00) | smoothed=(0.09, 4.12, 0.00) | velocity=(0.66, -0.12, 0.00) m/s | speed=0.67 m/s | net=0.30 m | straightness=0.90 | direction=0.00 | state=STATIONARY | detections=508
[INFO] [1790214728.989959560] [sage_semantic_world_model]: Target 1 updated | association_distance=0.20 m | raw=(0.26, 4.02, 0.00) | smoothed=(0.14, 4.10, 0.00) | velocity=(0.53, -0.17, 0.00) m/s | speed=0.56 m/s | net=0.34 m | straightness=0.91 | direction=0.00 | state=STATIONARY | detections=509
[INFO] [1790214730.876082425] [sage_semantic_world_model]: Target 6 updated | association_distance=0.51 m | raw=(-6.52, 7.56, 0.00) | smoothed=(-6.22, 7.31, 0.00) | velocity=(-0.20, 0.02, 0.00) m/s | speed=0.20 m/s | net=1.20 m | straightness=0.63 | direction=0.56 | state=STATIONARY | detections=26
[INFO] [1790214730.978521610] [sage_semantic_world_model]: Target 6 updated | association_distance=0.38 m | raw=(-6.52, 7.56, 0.00) | smoothed=(-6.30, 7.37, 0.00) | velocity=(-0.15, 0.04, 0.00) m/s | speed=0.16 m/s | net=1.24 m | straightness=0.70 | direction=0.44 | state=STATIONARY | detections=27
[INFO] [1790214731.088574570] [sage_semantic_world_model]: Target 6 updated | association_distance=0.29 m | raw=(-6.52, 7.56, 0.00) | smoothed=(-6.35, 7.42, 0.00) | velocity=(-0.11, 0.05, 0.00) m/s | speed=0.12 m/s | net=1.19 m | straightness=0.76 | direction=0.78 | state=STATIONARY | detections=28
[INFO] [1790214731.185359278] [sage_semantic_world_model]: Target 6 updated | association_distance=0.27 m | raw=(-6.52, 7.64, 0.00) | smoothed=(-6.40, 7.47, 0.00) | velocity=(-0.08, 0.07, 0.00) m/s | speed=0.11 m/s | net=1.21 m | straightness=0.84 | direction=0.89 | state=STATIONARY | detections=29
[INFO] [1790214731.280768004] [sage_semantic_world_model]: Target 6 updated | association_distance=0.21 m | raw=(-6.52, 7.64, 0.00) | smoothed=(-6.43, 7.52, 0.00) | velocity=(-0.50, 0.50, 0.00) m/s | speed=0.71 m/s | net=1.26 m | straightness=0.94 | direction=1.00 | state=STATIONARY | detections=30
[INFO] [1790214731.379426411] [sage_semantic_world_model]: Target 6 updated | association_distance=0.15 m | raw=(-6.52, 7.64, 0.00) | smoothed=(-6.45, 7.55, 0.00) | velocity=(-0.38, 0.43, 0.00) m/s | speed=0.57 m/s | net=0.97 m | straightness=0.92 | direction=1.00 | state=STATIONARY | detections=31
[INFO] [1790214731.480884163] [sage_semantic_world_model]: Target 6 updated | association_distance=0.25 m | raw=(-6.37, 7.78, 0.00) | smoothed=(-6.43, 7.60, 0.00) | velocity=(-0.19, 0.47, 0.00) m/s | speed=0.50 m/s | net=0.74 m | straightness=0.87 | direction=0.89 | state=STATIONARY | detections=32
[INFO] [1790214731.575917787] [sage_semantic_world_model]: Target 6 updated | association_distance=0.19 m | raw=(-6.37, 7.78, 0.00) | smoothed=(-6.41, 7.65, 0.00) | velocity=(-0.04, 0.43, 0.00) m/s | speed=0.44 m/s | net=0.60 m | straightness=0.85 | direction=0.78 | state=STATIONARY | detections=33
[INFO] [1790214732.780690639] [sage_semantic_world_model]: Target 5 updated | association_distance=0.64 m | raw=(4.89, -6.80, 0.00) | smoothed=(5.21, -6.44, 0.00) | velocity=(-0.01, -0.02, 0.00) m/s | speed=0.02 m/s | net=0.37 m | straightness=0.88 | direction=0.00 | state=STATIONARY | detections=149
[INFO] [1790214732.874974006] [sage_semantic_world_model]: Target 5 updated | association_distance=0.48 m | raw=(4.89, -6.80, 0.00) | smoothed=(5.13, -6.53, 0.00) | velocity=(-0.02, -0.03, 0.00) m/s | speed=0.03 m/s | net=0.43 m | straightness=0.92 | direction=0.00 | state=STATIONARY | detections=150
[INFO] [1790214732.985439867] [sage_semantic_world_model]: Target 5 updated | association_distance=0.35 m | raw=(5.11, -6.88, 0.00) | smoothed=(5.13, -6.62, 0.00) | velocity=(-0.02, -0.03, 0.00) m/s | speed=0.04 m/s | net=0.47 m | straightness=0.92 | direction=0.00 | state=STATIONARY | detections=151
[INFO] [1790214733.078803575] [sage_semantic_world_model]: Target 5 updated | association_distance=0.26 m | raw=(5.11, -6.88, 0.00) | smoothed=(5.12, -6.68, 0.00) | velocity=(-0.02, -0.04, 0.00) m/s | speed=0.05 m/s | net=0.50 m | straightness=0.94 | direction=1.00 | state=STATIONARY | detections=152
[INFO] [1790214733.179832443] [sage_semantic_world_model]: Target 5 updated | association_distance=0.34 m | raw=(5.44, -6.54, 0.00) | smoothed=(5.20, -6.64, 0.00) | velocity=(-0.03, -0.51, 0.00) m/s | speed=0.51 m/s | net=0.41 m | straightness=0.70 | direction=0.00 | state=STATIONARY | detections=153
[INFO] [1790214733.274618478] [sage_semantic_world_model]: Target 5 updated | association_distance=0.26 m | raw=(5.44, -6.54, 0.00) | smoothed=(5.26, -6.62, 0.00) | velocity=(0.32, -0.22, 0.00) m/s | speed=0.39 m/s | net=0.35 m | straightness=0.56 | direction=0.00 | state=STATIONARY | detections=154
[INFO] [1790214733.393916925] [sage_semantic_world_model]: Target 5 updated | association_distance=0.19 m | raw=(5.44, -6.54, 0.00) | smoothed=(5.30, -6.60, 0.00) | velocity=(0.45, 0.05, 0.00) m/s | speed=0.45 m/s | net=0.31 m | straightness=0.47 | direction=0.00 | state=STATIONARY | detections=155
[INFO] [1790214733.481787398] [sage_semantic_world_model]: Target 5 updated | association_distance=0.15 m | raw=(5.44, -6.54, 0.00) | smoothed=(5.34, -6.58, 0.00) | velocity=(0.54, 0.25, 0.00) m/s | speed=0.59 m/s | net=0.28 m | straightness=0.41 | direction=0.00 | state=STATIONARY | detections=156
[INFO] [1790214733.581718111] [sage_semantic_world_model]: Target 5 updated | association_distance=0.51 m | raw=(5.73, -6.27, 0.00) | smoothed=(5.44, -6.50, 0.00) | velocity=(0.59, 0.35, 0.00) m/s | speed=0.69 m/s | net=0.22 m | straightness=0.27 | direction=0.00 | state=STATIONARY | detections=157
[INFO] [1790214733.687418600] [sage_semantic_world_model]: Target 5 updated | association_distance=0.38 m | raw=(5.73, -6.27, 0.00) | smoothed=(5.51, -6.44, 0.00) | velocity=(0.62, 0.43, 0.00) m/s | speed=0.75 m/s | net=0.30 m | straightness=0.41 | direction=0.00 | state=STATIONARY | detections=158
[INFO] [1790214733.787216244] [sage_semantic_world_model]: Target 5 updated | association_distance=0.29 m | raw=(5.73, -6.27, 0.00) | smoothed=(5.57, -6.40, 0.00) | velocity=(0.66, 0.49, 0.00) m/s | speed=0.82 m/s | net=0.45 m | straightness=0.66 | direction=0.00 | state=STATIONARY | detections=159
[INFO] [1790214734.074288910] [sage_semantic_world_model]: Target 5 updated | association_distance=0.15 m | raw=(5.66, -6.29, 0.00) | smoothed=(5.59, -6.37, 0.00) | velocity=(0.42, 0.35, 0.00) m/s | speed=0.55 m/s | net=0.52 m | straightness=0.83 | direction=0.89 | state=STATIONARY | detections=160
[INFO] [1790214734.187263584] [sage_semantic_world_model]: Target 5 updated | association_distance=0.11 m | raw=(5.66, -6.29, 0.00) | smoothed=(5.61, -6.35, 0.00) | velocity=(0.29, 0.25, 0.00) m/s | speed=0.38 m/s | net=0.59 m | straightness=0.99 | direction=1.00 | state=STATIONARY | detections=161
[INFO] [1790214734.278434147] [sage_semantic_world_model]: Target 5 confirmed MOVING | net=0.52 m | avg_speed=0.47 m/s | straightness=0.99 | direction=1.00
[INFO] [1790214734.291099381] [sage_semantic_world_model]: Target 5 updated | association_distance=0.08 m | raw=(5.66, -6.29, 0.00) | smoothed=(5.62, -6.34, 0.00) | velocity=(0.19, 0.18, 0.00) m/s | speed=0.26 m/s | net=0.52 m | straightness=0.99 | direction=1.00 | state=MOVING | detections=162
[INFO] [1790214734.386794335] [sage_semantic_world_model]: Target 5 updated | association_distance=0.09 m | raw=(5.54, -6.36, 0.00) | smoothed=(5.60, -6.34, 0.00) | velocity=(0.06, 0.09, 0.00) m/s | speed=0.11 m/s | net=0.44 m | straightness=0.90 | direction=0.00 | state=MOVING | detections=163
[INFO] [1790214734.480021103] [sage_semantic_world_model]: Target 5 updated | association_distance=0.07 m | raw=(5.54, -6.36, 0.00) | smoothed=(5.59, -6.35, 0.00) | velocity=(-0.01, 0.06, 0.00) m/s | speed=0.06 m/s | net=0.38 m | straightness=0.83 | direction=0.00 | state=MOVING | detections=164
[INFO] [1790214734.580487675] [sage_semantic_world_model]: Target 5 updated | association_distance=0.05 m | raw=(5.54, -6.36, 0.00) | smoothed=(5.57, -6.35, 0.00) | velocity=(-0.09, 0.00, 0.00) m/s | speed=0.09 m/s | net=0.33 m | straightness=0.77 | direction=0.00 | state=MOVING | detections=165
[INFO] [1790214734.687743355] [sage_semantic_world_model]: Target 5 updated | association_distance=0.04 m | raw=(5.54, -6.36, 0.00) | smoothed=(5.56, -6.35, 0.00) | velocity=(-0.14, -0.04, 0.00) m/s | speed=0.15 m/s | net=0.20 m | straightness=0.63 | direction=0.00 | state=MOVING | detections=166
[INFO] [1790214734.775124401] [sage_semantic_world_model]: Target 5 updated | association_distance=0.03 m | raw=(5.54, -6.36, 0.00) | smoothed=(5.56, -6.36, 0.00) | velocity=(-0.11, -0.03, 0.00) m/s | speed=0.12 m/s | net=0.10 m | straightness=0.45 | direction=0.00 | state=MOVING | detections=167
[INFO] [1790214734.880364779] [sage_semantic_world_model]: Target 5 updated | association_distance=0.02 m | raw=(5.54, -6.36, 0.00) | smoothed=(5.55, -6.36, 0.00) | velocity=(-0.08, -0.02, 0.00) m/s | speed=0.08 m/s | net=0.05 m | straightness=0.29 | direction=0.00 | state=MOVING | detections=168
[INFO] [1790214734.972309112] [sage_semantic_world_model]: Target 5 confirmed STATIONARY | net=0.04 m | avg_speed=0.05 m/s
[INFO] [1790214734.982218930] [sage_semantic_world_model]: Target 5 updated | association_distance=0.02 m | raw=(5.54, -6.36, 0.00) | smoothed=(5.55, -6.36, 0.00) | velocity=(-0.06, -0.02, 0.00) m/s | speed=0.06 m/s | net=0.04 m | straightness=0.35 | direction=0.00 | state=STATIONARY | detections=169
[INFO] [1790214739.890608251] [sage_semantic_world_model]: Target 5 updated | association_distance=0.32 m | raw=(5.87, -6.35, 0.00) | smoothed=(5.63, -6.36, 0.00) | velocity=(0.01, -0.00, 0.00) m/s | speed=0.01 m/s | net=0.02 m | straightness=0.11 | direction=0.00 | state=STATIONARY | detections=170
[INFO] [1790214739.991187904] [sage_semantic_world_model]: Target 5 updated | association_distance=0.24 m | raw=(5.87, -6.35, 0.00) | smoothed=(5.69, -6.35, 0.00) | velocity=(0.02, 0.00, 0.00) m/s | speed=0.02 m/s | net=0.07 m | straightness=0.32 | direction=0.00 | state=STATIONARY | detections=171
[INFO] [1790214740.077679777] [sage_semantic_world_model]: Target 5 updated | association_distance=0.44 m | raw=(5.57, -6.78, 0.00) | smoothed=(5.66, -6.46, 0.00) | velocity=(0.02, -0.02, 0.00) m/s | speed=0.03 m/s | net=0.13 m | straightness=0.43 | direction=0.00 | state=STATIONARY | detections=172
[INFO] [1790214740.182348502] [sage_semantic_world_model]: Target 5 updated | association_distance=0.33 m | raw=(5.57, -6.78, 0.00) | smoothed=(5.64, -6.54, 0.00) | velocity=(0.02, -0.04, 0.00) m/s | speed=0.04 m/s | net=0.20 m | straightness=0.54 | direction=0.00 | state=STATIONARY | detections=173
[INFO] [1790214740.280558398] [sage_semantic_world_model]: Target 5 updated | association_distance=0.25 m | raw=(5.57, -6.78, 0.00) | smoothed=(5.62, -6.60, 0.00) | velocity=(-0.02, -0.61, 0.00) m/s | speed=0.61 m/s | net=0.25 m | straightness=0.61 | direction=0.00 | state=STATIONARY | detections=174
[INFO] [1790214740.392021593] [sage_semantic_world_model]: Target 5 updated | association_distance=0.19 m | raw=(5.57, -6.78, 0.00) | smoothed=(5.61, -6.65, 0.00) | velocity=(-0.20, -0.73, 0.00) m/s | speed=0.75 m/s | net=0.30 m | straightness=0.65 | direction=0.00 | state=STATIONARY | detections=175
[INFO] [1790214740.475355938] [sage_semantic_world_model]: Target 5 updated | association_distance=0.14 m | raw=(5.57, -6.78, 0.00) | smoothed=(5.60, -6.68, 0.00) | velocity=(-0.15, -0.55, 0.00) m/s | speed=0.57 m/s | net=0.33 m | straightness=0.67 | direction=0.00 | state=STATIONARY | detections=176
[INFO] [1790214740.581123382] [sage_semantic_world_model]: Target 5 updated | association_distance=0.10 m | raw=(5.57, -6.78, 0.00) | smoothed=(5.59, -6.70, 0.00) | velocity=(-0.11, -0.42, 0.00) m/s | speed=0.43 m/s | net=0.35 m | straightness=0.69 | direction=0.00 | state=STATIONARY | detections=177
[INFO] [1790214746.090962248] [sage_semantic_world_model]: Target 6 updated | association_distance=0.36 m | raw=(-6.05, 7.66, 0.00) | smoothed=(-6.32, 7.65, 0.00) | velocity=(0.01, 0.01, 0.00) m/s | speed=0.01 m/s | net=0.46 m | straightness=0.71 | direction=0.00 | state=STATIONARY | detections=34
[INFO] [1790214746.184720699] [sage_semantic_world_model]: Target 6 updated | association_distance=0.27 m | raw=(-6.05, 7.66, 0.00) | smoothed=(-6.26, 7.65, 0.00) | velocity=(0.01, 0.01, 0.00) m/s | speed=0.01 m/s | net=0.34 m | straightness=0.57 | direction=0.00 | state=STATIONARY | detections=35
[INFO] [1790214746.279563068] [sage_semantic_world_model]: Target 6 updated | association_distance=0.20 m | raw=(-6.05, 7.66, 0.00) | smoothed=(-6.21, 7.65, 0.00) | velocity=(0.02, 0.00, 0.00) m/s | speed=0.02 m/s | net=0.29 m | straightness=0.54 | direction=0.00 | state=STATIONARY | detections=36
[INFO] [1790214746.380614163] [sage_semantic_world_model]: Target 6 updated | association_distance=0.15 m | raw=(-6.05, 7.66, 0.00) | smoothed=(-6.17, 7.65, 0.00) | velocity=(0.02, 0.00, 0.00) m/s | speed=0.02 m/s | net=0.30 m | straightness=0.58 | direction=0.00 | state=STATIONARY | detections=37
[INFO] [1790214746.785769908] [sage_semantic_world_model]: Target 3 updated | association_distance=1.30 m | raw=(-4.89, 7.30, 0.00) | smoothed=(-5.19, 8.23, 0.00) | velocity=(0.00, -0.01, 0.00) m/s | speed=0.01 m/s | net=0.46 m | straightness=0.84 | direction=0.00 | state=MOVING | detections=159
[INFO] [1790214746.882153156] [sage_semantic_world_model]: Target 3 updated | association_distance=0.97 m | raw=(-4.89, 7.30, 0.00) | smoothed=(-5.11, 7.99, 0.00) | velocity=(0.01, -0.02, 0.00) m/s | speed=0.02 m/s | net=0.65 m | straightness=0.89 | direction=1.00 | state=MOVING | detections=160
[INFO] [1790214746.983823414] [sage_semantic_world_model]: Target 3 updated | association_distance=0.73 m | raw=(-4.89, 7.30, 0.00) | smoothed=(-5.06, 7.82, 0.00) | velocity=(0.01, -0.02, 0.00) m/s | speed=0.02 m/s | net=0.80 m | straightness=0.93 | direction=1.00 | state=MOVING | detections=161
[INFO] [1790214747.384988974] [sage_semantic_world_model]: Target 3 updated | association_distance=0.90 m | raw=(-4.97, 6.92, 0.00) | smoothed=(-5.04, 7.60, 0.00) | velocity=(0.01, -0.03, 0.00) m/s | speed=0.03 m/s | net=1.00 m | straightness=0.95 | direction=0.44 | state=MOVING | detections=162
[INFO] [1790214747.491731221] [sage_semantic_world_model]: Target 3 updated | association_distance=0.67 m | raw=(-4.97, 6.92, 0.00) | smoothed=(-5.02, 7.43, 0.00) | velocity=(0.24, -1.14, 0.00) m/s | speed=1.17 m/s | net=1.16 m | straightness=0.97 | direction=0.56 | state=MOVING | detections=163
[INFO] [1790214747.980888345] [sage_semantic_world_model]: Target 3 updated | association_distance=0.54 m | raw=(-5.04, 6.89, 0.00) | smoothed=(-5.02, 7.29, 0.00) | velocity=(0.08, -0.64, 0.00) m/s | speed=0.64 m/s | net=1.28 m | straightness=0.98 | direction=0.67 | state=MOVING | detections=164
[INFO] [1790214748.078523069] [sage_semantic_world_model]: Target 3 updated | association_distance=0.40 m | raw=(-5.04, 6.89, 0.00) | smoothed=(-5.03, 7.19, 0.00) | velocity=(0.03, -0.57, 0.00) m/s | speed=0.57 m/s | net=1.37 m | straightness=0.98 | direction=0.78 | state=MOVING | detections=165
[INFO] [1790214748.188792063] [sage_semantic_world_model]: Target 3 updated | association_distance=0.30 m | raw=(-5.04, 6.89, 0.00) | smoothed=(-5.03, 7.12, 0.00) | velocity=(0.01, -0.60, 0.00) m/s | speed=0.60 m/s | net=1.44 m | straightness=0.99 | direction=0.89 | state=MOVING | detections=166
[INFO] [1790214748.276635762] [sage_semantic_world_model]: Target 3 updated | association_distance=0.23 m | raw=(-5.04, 6.89, 0.00) | smoothed=(-5.03, 7.06, 0.00) | velocity=(-0.01, -0.46, 0.00) m/s | speed=0.46 m/s | net=1.50 m | straightness=0.99 | direction=1.00 | state=MOVING | detections=167
[INFO] [1790214748.889858167] [sage_semantic_world_model]: Target 3 updated | association_distance=0.55 m | raw=(-4.83, 7.58, 0.00) | smoothed=(-4.98, 7.19, 0.00) | velocity=(0.05, -0.11, 0.00) m/s | speed=0.12 m/s | net=1.06 m | straightness=0.80 | direction=0.89 | state=MOVING | detections=168
[INFO] [1790214748.979154542] [sage_semantic_world_model]: Target 3 updated | association_distance=0.42 m | raw=(-4.83, 7.58, 0.00) | smoothed=(-4.94, 7.29, 0.00) | velocity=(0.09, 0.10, 0.00) m/s | speed=0.14 m/s | net=0.73 m | straightness=0.61 | direction=0.78 | state=MOVING | detections=169
[INFO] [1790214749.088329477] [sage_semantic_world_model]: Target 3 updated | association_distance=0.31 m | raw=(-4.83, 7.58, 0.00) | smoothed=(-4.92, 7.36, 0.00) | velocity=(0.13, 0.27, 0.00) m/s | speed=0.30 m/s | net=0.48 m | straightness=0.45 | direction=0.00 | state=MOVING | detections=170
[INFO] [1790214749.181857895] [sage_semantic_world_model]: Target 6 updated | association_distance=0.56 m | raw=(-6.16, 8.21, 0.00) | smoothed=(-6.17, 7.79, 0.00) | velocity=(0.05, 0.05, 0.00) m/s | speed=0.07 m/s | net=0.39 m | straightness=0.68 | direction=0.00 | state=STATIONARY | detections=38
[INFO] [1790214749.278762461] [sage_semantic_world_model]: Target 6 updated | association_distance=0.42 m | raw=(-6.16, 8.21, 0.00) | smoothed=(-6.16, 7.90, 0.00) | velocity=(0.03, 0.08, 0.00) m/s | speed=0.08 m/s | net=0.46 m | straightness=0.73 | direction=0.00 | state=STATIONARY | detections=39
[INFO] [1790214749.381197802] [sage_semantic_world_model]: Target 6 updated | association_distance=0.31 m | raw=(-6.16, 8.21, 0.00) | smoothed=(-6.16, 7.97, 0.00) | velocity=(0.01, 0.10, 0.00) m/s | speed=0.11 m/s | net=0.52 m | straightness=0.77 | direction=1.00 | state=STATIONARY | detections=40
[INFO] [1790214749.489869775] [sage_semantic_world_model]: Target 6 updated | association_distance=0.23 m | raw=(-6.16, 8.21, 0.00) | smoothed=(-6.16, 8.03, 0.00) | velocity=(0.00, 0.12, 0.00) m/s | speed=0.12 m/s | net=0.51 m | straightness=0.75 | direction=1.00 | state=STATIONARY | detections=41
[INFO] [1790214749.589903435] [sage_semantic_world_model]: Target 10 updated | association_distance=0.88 m | raw=(-0.64, 2.77, 0.00) | smoothed=(-0.20, 3.26, 0.00) | velocity=(-0.01, -0.01, 0.00) m/s | speed=0.02 m/s | net=0.78 m | straightness=0.73 | direction=0.67 | state=STATIONARY | detections=55
[INFO] [1790214749.681703770] [sage_semantic_world_model]: Target 10 updated | association_distance=0.66 m | raw=(-0.64, 2.77, 0.00) | smoothed=(-0.31, 3.14, 0.00) | velocity=(-0.01, -0.01, 0.00) m/s | speed=0.02 m/s | net=0.95 m | straightness=0.78 | direction=0.78 | state=STATIONARY | detections=56
[INFO] [1790214749.778365359] [sage_semantic_world_model]: Target 10 updated | association_distance=0.33 m | raw=(-0.50, 2.87, 0.00) | smoothed=(-0.36, 3.07, 0.00) | velocity=(-0.01, -0.01, 0.00) m/s | speed=0.02 m/s | net=1.01 m | straightness=0.89 | direction=0.89 | state=STATIONARY | detections=57
[INFO] [1790214749.882760471] [sage_semantic_world_model]: Target 10 updated | association_distance=0.25 m | raw=(-0.50, 2.87, 0.00) | smoothed=(-0.40, 3.02, 0.00) | velocity=(-0.01, -0.01, 0.00) m/s | speed=0.02 m/s | net=1.07 m | straightness=1.00 | direction=1.00 | state=STATIONARY | detections=58
[INFO] [1790214749.981210627] [sage_semantic_world_model]: Target 10 updated | association_distance=0.19 m | raw=(-0.50, 2.87, 0.00) | smoothed=(-0.42, 2.99, 0.00) | velocity=(-0.55, -0.70, 0.00) m/s | speed=0.89 m/s | net=0.94 m | straightness=1.00 | direction=1.00 | state=STATIONARY | detections=59
[INFO] [1790214750.082394886] [sage_semantic_world_model]: Target 10 updated | association_distance=0.23 m | raw=(-0.45, 2.75, 0.00) | smoothed=(-0.43, 2.93, 0.00) | velocity=(-0.29, -0.53, 0.00) m/s | speed=0.61 m/s | net=0.86 m | straightness=0.99 | direction=1.00 | state=STATIONARY | detections=60
[INFO] [1790214750.176880677] [sage_semantic_world_model]: Target 10 updated | association_distance=0.18 m | raw=(-0.45, 2.75, 0.00) | smoothed=(-0.44, 2.88, 0.00) | velocity=(-0.19, -0.48, 0.00) m/s | speed=0.51 m/s | net=0.79 m | straightness=0.98 | direction=1.00 | state=STATIONARY | detections=61
[INFO] [1790214750.277082213] [sage_semantic_world_model]: Target 10 updated | association_distance=0.13 m | raw=(-0.45, 2.75, 0.00) | smoothed=(-0.44, 2.85, 0.00) | velocity=(-0.11, -0.43, 0.00) m/s | speed=0.44 m/s | net=0.75 m | straightness=0.98 | direction=1.00 | state=STATIONARY | detections=62
[INFO] [1790214750.388252474] [sage_semantic_world_model]: Target 10 updated | association_distance=0.23 m | raw=(-0.26, 2.71, 0.00) | smoothed=(-0.39, 2.82, 0.00) | velocity=(0.07, -0.42, 0.00) m/s | speed=0.43 m/s | net=0.70 m | straightness=0.91 | direction=0.89 | state=STATIONARY | detections=63
[INFO] [1790214750.489702224] [sage_semantic_world_model]: Target 10 updated | association_distance=0.17 m | raw=(-0.26, 2.71, 0.00) | smoothed=(-0.36, 2.79, 0.00) | velocity=(0.17, -0.34, 0.00) m/s | speed=0.38 m/s | net=0.50 m | straightness=0.84 | direction=0.00 | state=STATIONARY | detections=64
[INFO] [1790214750.581450376] [sage_semantic_world_model]: Target 10 updated | association_distance=0.13 m | raw=(-0.26, 2.71, 0.00) | smoothed=(-0.33, 2.77, 0.00) | velocity=(0.25, -0.28, 0.00) m/s | speed=0.38 m/s | net=0.37 m | straightness=0.81 | direction=0.00 | state=STATIONARY | detections=65
[INFO] [1790214750.680373048] [sage_semantic_world_model]: Target 10 updated | association_distance=0.17 m | raw=(-0.17, 2.79, 0.00) | smoothed=(-0.29, 2.77, 0.00) | velocity=(0.37, -0.19, 0.00) m/s | speed=0.41 m/s | net=0.31 m | straightness=0.73 | direction=0.00 | state=STATIONARY | detections=66
[INFO] [1790214750.778451365] [sage_semantic_world_model]: Target 10 updated | association_distance=0.12 m | raw=(-0.17, 2.79, 0.00) | smoothed=(-0.26, 2.78, 0.00) | velocity=(0.33, -0.10, 0.00) m/s | speed=0.35 m/s | net=0.28 m | straightness=0.72 | direction=0.00 | state=STATIONARY | detections=67
[INFO] [1790214750.882793563] [sage_semantic_world_model]: Target 10 updated | association_distance=0.09 m | raw=(-0.17, 2.79, 0.00) | smoothed=(-0.24, 2.78, 0.00) | velocity=(0.31, -0.03, 0.00) m/s | speed=0.31 m/s | net=0.28 m | straightness=0.76 | direction=0.00 | state=STATIONARY | detections=68
[INFO] [1790214750.978330067] [sage_semantic_world_model]: Target 10 updated | association_distance=0.19 m | raw=(-0.09, 2.89, 0.00) | smoothed=(-0.20, 2.81, 0.00) | velocity=(0.34, 0.09, 0.00) m/s | speed=0.35 m/s | net=0.26 m | straightness=0.73 | direction=0.00 | state=STATIONARY | detections=69
[INFO] [1790214751.080204840] [sage_semantic_world_model]: Target 10 updated | association_distance=0.14 m | raw=(-0.09, 2.89, 0.00) | smoothed=(-0.17, 2.83, 0.00) | velocity=(0.30, 0.14, 0.00) m/s | speed=0.33 m/s | net=0.27 m | straightness=0.78 | direction=0.00 | state=STATIONARY | detections=70
[INFO] [1790214751.176796366] [sage_semantic_world_model]: Target 10 updated | association_distance=0.11 m | raw=(-0.09, 2.89, 0.00) | smoothed=(-0.15, 2.84, 0.00) | velocity=(0.28, 0.17, 0.00) m/s | speed=0.33 m/s | net=0.29 m | straightness=0.86 | direction=0.00 | state=STATIONARY | detections=71
[INFO] [1790214751.276369958] [sage_semantic_world_model]: Target 10 updated | association_distance=0.11 m | raw=(-0.19, 2.95, 0.00) | smoothed=(-0.16, 2.87, 0.00) | velocity=(0.20, 0.23, 0.00) m/s | speed=0.30 m/s | net=0.24 m | straightness=0.78 | direction=0.00 | state=STATIONARY | detections=72
[INFO] [1790214751.380063726] [sage_semantic_world_model]: Target 10 updated | association_distance=0.08 m | raw=(-0.19, 2.95, 0.00) | smoothed=(-0.17, 2.89, 0.00) | velocity=(0.09, 0.20, 0.00) m/s | speed=0.22 m/s | net=0.22 m | straightness=0.76 | direction=0.00 | state=STATIONARY | detections=73
[INFO] [1790214751.479152159] [sage_semantic_world_model]: Target 10 updated | association_distance=0.26 m | raw=(-0.14, 3.15, 0.00) | smoothed=(-0.16, 2.95, 0.00) | velocity=(0.03, 0.31, 0.00) m/s | speed=0.31 m/s | net=0.25 m | straightness=0.79 | direction=0.00 | state=STATIONARY | detections=74
[INFO] [1790214751.575618315] [sage_semantic_world_model]: Target 10 updated | association_distance=0.20 m | raw=(-0.14, 3.15, 0.00) | smoothed=(-0.16, 3.00, 0.00) | velocity=(-0.01, 0.40, 0.00) m/s | speed=0.40 m/s | net=0.27 m | straightness=0.82 | direction=0.00 | state=STATIONARY | detections=75
[INFO] [1790214753.886081011] [sage_semantic_world_model]: Target 3 updated | association_distance=0.67 m | raw=(-5.58, 7.30, 0.00) | smoothed=(-5.08, 7.34, 0.00) | velocity=(-0.01, 0.05, 0.00) m/s | speed=0.05 m/s | net=0.26 m | straightness=0.25 | direction=0.00 | state=MOVING | detections=171
[INFO] [1790214753.984344095] [sage_semantic_world_model]: Target 3 updated | association_distance=0.50 m | raw=(-5.58, 7.30, 0.00) | smoothed=(-5.21, 7.33, 0.00) | velocity=(-0.04, 0.03, 0.00) m/s | speed=0.05 m/s | net=0.21 m | straightness=0.21 | direction=0.00 | state=MOVING | detections=172
[INFO] [1790214754.084703129] [sage_semantic_world_model]: Target 3 updated | association_distance=0.38 m | raw=(-5.58, 7.30, 0.00) | smoothed=(-5.30, 7.32, 0.00) | velocity=(-0.07, 0.01, 0.00) m/s | speed=0.07 m/s | net=0.28 m | straightness=0.29 | direction=0.00 | state=MOVING | detections=173
[INFO] [1790214754.180646586] [sage_semantic_world_model]: Target 6 updated | association_distance=0.53 m | raw=(-6.60, 7.75, 0.00) | smoothed=(-6.27, 7.96, 0.00) | velocity=(-0.02, 0.03, 0.00) m/s | speed=0.04 m/s | net=0.35 m | straightness=0.46 | direction=0.00 | state=STATIONARY | detections=42
[INFO] [1790214754.279648655] [sage_semantic_world_model]: Target 6 updated | association_distance=0.39 m | raw=(-6.60, 7.75, 0.00) | smoothed=(-6.35, 7.91, 0.00) | velocity=(-0.04, 0.00, 0.00) m/s | speed=0.04 m/s | net=0.26 m | straightness=0.34 | direction=0.00 | state=STATIONARY | detections=43
[INFO] [1790214754.382727594] [sage_semantic_world_model]: Target 6 updated | association_distance=0.30 m | raw=(-6.60, 7.75, 0.00) | smoothed=(-6.42, 7.87, 0.00) | velocity=(-0.05, -0.02, 0.00) m/s | speed=0.06 m/s | net=0.27 m | straightness=0.35 | direction=0.00 | state=STATIONARY | detections=44
[INFO] [1790214754.477004222] [sage_semantic_world_model]: Target 6 updated | association_distance=1.34 m | raw=(-7.76, 7.89, 0.00) | smoothed=(-6.75, 7.87, 0.00) | velocity=(-0.12, -0.03, 0.00) m/s | speed=0.12 m/s | net=0.59 m | straightness=0.56 | direction=0.44 | state=STATIONARY | detections=45
[INFO] [1790214754.577322311] [sage_semantic_world_model]: Target 6 updated | association_distance=1.01 m | raw=(-7.76, 7.89, 0.00) | smoothed=(-7.00, 7.88, 0.00) | velocity=(-1.84, -0.22, 0.00) m/s | speed=1.85 m/s | net=0.86 m | straightness=0.68 | direction=0.56 | state=STATIONARY | detections=46
[INFO] [1790214754.687753936] [sage_semantic_world_model]: Target 6 updated | association_distance=0.75 m | raw=(-7.76, 7.89, 0.00) | smoothed=(-7.19, 7.88, 0.00) | velocity=(-2.09, -0.08, 0.00) m/s | speed=2.09 m/s | net=1.03 m | straightness=0.78 | direction=0.67 | state=STATIONARY | detections=47
[INFO] [1790214757.190744502] [sage_semantic_world_model]: Target 10 updated | association_distance=0.50 m | raw=(0.34, 3.04, 0.00) | smoothed=(-0.03, 3.01, 0.00) | velocity=(0.02, 0.02, 0.00) m/s | speed=0.03 m/s | net=0.33 m | straightness=0.79 | direction=0.00 | state=STATIONARY | detections=76
[INFO] [1790214757.282664554] [sage_semantic_world_model]: Target 10 updated | association_distance=0.38 m | raw=(0.34, 3.04, 0.00) | smoothed=(0.06, 3.02, 0.00) | velocity=(0.04, 0.02, 0.00) m/s | speed=0.04 m/s | net=0.39 m | straightness=0.79 | direction=0.00 | state=STATIONARY | detections=77
[INFO] [1790214757.375042361] [sage_semantic_world_model]: Target 1 updated | association_distance=0.68 m | raw=(0.52, 3.53, 0.00) | smoothed=(0.23, 3.95, 0.00) | velocity=(0.01, -0.01, 0.00) m/s | speed=0.01 m/s | net=0.46 m | straightness=0.88 | direction=0.00 | state=STATIONARY | detections=510
[INFO] [1790214757.482118828] [sage_semantic_world_model]: Target 1 updated | association_distance=0.51 m | raw=(0.52, 3.53, 0.00) | smoothed=(0.30, 3.85, 0.00) | velocity=(0.01, -0.01, 0.00) m/s | speed=0.01 m/s | net=0.57 m | straightness=0.90 | direction=0.78 | state=STATIONARY | detections=511
[INFO] [1790214757.585055578] [sage_semantic_world_model]: Target 1 updated | association_distance=0.38 m | raw=(0.52, 3.53, 0.00) | smoothed=(0.36, 3.77, 0.00) | velocity=(0.01, -0.01, 0.00) m/s | speed=0.02 m/s | net=0.66 m | straightness=0.91 | direction=0.89 | state=STATIONARY | detections=512
[INFO] [1790214757.686462724] [sage_semantic_world_model]: Target 1 updated | association_distance=0.16 m | raw=(0.51, 3.71, 0.00) | smoothed=(0.39, 3.75, 0.00) | velocity=(0.01, -0.01, 0.00) m/s | speed=0.01 m/s | net=0.70 m | straightness=0.93 | direction=1.00 | state=STATIONARY | detections=513
[INFO] [1790214757.781324083] [sage_semantic_world_model]: Target 1 updated | association_distance=0.12 m | raw=(0.51, 3.71, 0.00) | smoothed=(0.42, 3.74, 0.00) | velocity=(0.47, -0.53, 0.00) m/s | speed=0.71 m/s | net=0.65 m | straightness=0.94 | direction=1.00 | state=STATIONARY | detections=514
[INFO] [1790214757.879021512] [sage_semantic_world_model]: Target 1 updated | association_distance=0.09 m | raw=(0.51, 3.71, 0.00) | smoothed=(0.44, 3.73, 0.00) | velocity=(0.35, -0.29, 0.00) m/s | speed=0.45 m/s | net=0.62 m | straightness=0.96 | direction=1.00 | state=STATIONARY | detections=515
[INFO] [1790214757.984056046] [sage_semantic_world_model]: Target 1 updated | association_distance=0.04 m | raw=(0.48, 3.74, 0.00) | smoothed=(0.45, 3.73, 0.00) | velocity=(0.24, -0.09, 0.00) m/s | speed=0.26 m/s | net=0.59 m | straightness=0.97 | direction=1.00 | state=STATIONARY | detections=516
[INFO] [1790214758.083865043] [sage_semantic_world_model]: Target 1 updated | association_distance=0.03 m | raw=(0.48, 3.74, 0.00) | smoothed=(0.46, 3.73, 0.00) | velocity=(0.17, -0.05, 0.00) m/s | speed=0.17 m/s | net=0.53 m | straightness=0.96 | direction=1.00 | state=STATIONARY | detections=517
[INFO] [1790214758.178148135] [sage_semantic_world_model]: Target 1 updated | association_distance=0.02 m | raw=(0.48, 3.74, 0.00) | smoothed=(0.47, 3.73, 0.00) | velocity=(0.11, -0.02, 0.00) m/s | speed=0.11 m/s | net=0.49 m | straightness=0.96 | direction=0.00 | state=STATIONARY | detections=518
[INFO] [1790214758.286631790] [sage_semantic_world_model]: Target 1 updated | association_distance=0.12 m | raw=(0.43, 3.85, 0.00) | smoothed=(0.46, 3.76, 0.00) | velocity=(0.04, 0.07, 0.00) m/s | speed=0.08 m/s | net=0.30 m | straightness=0.80 | direction=0.00 | state=STATIONARY | detections=519
[INFO] [1790214758.375587368] [sage_semantic_world_model]: Target 1 updated | association_distance=0.09 m | raw=(0.43, 3.85, 0.00) | smoothed=(0.45, 3.78, 0.00) | velocity=(-0.01, 0.12, 0.00) m/s | speed=0.12 m/s | net=0.16 m | straightness=0.61 | direction=0.00 | state=STATIONARY | detections=520
[INFO] [1790214758.485358273] [sage_semantic_world_model]: Target 1 updated | association_distance=0.06 m | raw=(0.48, 3.84, 0.00) | smoothed=(0.46, 3.80, 0.00) | velocity=(-0.00, 0.15, 0.00) m/s | speed=0.15 m/s | net=0.10 m | straightness=0.58 | direction=0.00 | state=STATIONARY | detections=521
[INFO] [1790214758.578693315] [sage_semantic_world_model]: Target 1 updated | association_distance=0.05 m | raw=(0.48, 3.84, 0.00) | smoothed=(0.46, 3.81, 0.00) | velocity=(-0.00, 0.18, 0.00) m/s | speed=0.18 m/s | net=0.09 m | straightness=0.57 | direction=0.00 | state=STATIONARY | detections=522
[INFO] [1790214758.675634441] [sage_semantic_world_model]: Target 1 updated | association_distance=0.03 m | raw=(0.48, 3.84, 0.00) | smoothed=(0.47, 3.81, 0.00) | velocity=(0.03, 0.13, 0.00) m/s | speed=0.13 m/s | net=0.09 m | straightness=0.65 | direction=0.00 | state=STATIONARY | detections=523
[INFO] [1790214758.779492454] [sage_semantic_world_model]: Target 1 updated | association_distance=0.06 m | raw=(0.48, 3.87, 0.00) | smoothed=(0.47, 3.83, 0.00) | velocity=(0.05, 0.11, 0.00) m/s | speed=0.12 m/s | net=0.10 m | straightness=0.80 | direction=0.00 | state=STATIONARY | detections=524
[INFO] [1790214758.879937643] [sage_semantic_world_model]: Target 1 updated | association_distance=0.04 m | raw=(0.48, 3.87, 0.00) | smoothed=(0.47, 3.84, 0.00) | velocity=(0.03, 0.11, 0.00) m/s | speed=0.11 m/s | net=0.11 m | straightness=0.86 | direction=0.00 | state=STATIONARY | detections=525
[INFO] [1790214758.975800099] [sage_semantic_world_model]: Target 1 updated | association_distance=0.03 m | raw=(0.48, 3.87, 0.00) | smoothed=(0.47, 3.85, 0.00) | velocity=(0.02, 0.10, 0.00) m/s | speed=0.11 m/s | net=0.11 m | straightness=0.90 | direction=0.00 | state=STATIONARY | detections=526
[INFO] [1790214759.081677075] [sage_semantic_world_model]: Target 1 updated | association_distance=0.02 m | raw=(0.48, 3.87, 0.00) | smoothed=(0.47, 3.85, 0.00) | velocity=(0.01, 0.10, 0.00) m/s | speed=0.10 m/s | net=0.12 m | straightness=0.94 | direction=0.00 | state=STATIONARY | detections=527
[INFO] [1790214759.480346322] [sage_semantic_world_model]: Target 1 updated | association_distance=0.07 m | raw=(0.42, 3.81, 0.00) | smoothed=(0.46, 3.84, 0.00) | velocity=(-0.02, 0.02, 0.00) m/s | speed=0.02 m/s | net=0.08 m | straightness=0.68 | direction=0.00 | state=STATIONARY | detections=528
[INFO] [1790214759.583080373] [sage_semantic_world_model]: Target 1 updated | association_distance=0.06 m | raw=(0.42, 3.81, 0.00) | smoothed=(0.45, 3.83, 0.00) | velocity=(-0.03, -0.01, 0.00) m/s | speed=0.03 m/s | net=0.05 m | straightness=0.45 | direction=0.00 | state=STATIONARY | detections=529
[INFO] [1790214759.677514330] [sage_semantic_world_model]: Target 1 updated | association_distance=0.04 m | raw=(0.42, 3.81, 0.00) | smoothed=(0.44, 3.83, 0.00) | velocity=(-0.05, -0.03, 0.00) m/s | speed=0.06 m/s | net=0.03 m | straightness=0.33 | direction=0.00 | state=STATIONARY | detections=530
[INFO] [1790214759.777446400] [sage_semantic_world_model]: Target 9 updated | association_distance=1.13 m | raw=(-4.89, 8.90, 0.00) | smoothed=(-4.12, 9.26, 0.00) | velocity=(-0.00, -0.00, 0.00) m/s | speed=0.00 m/s | net=0.00 m | straightness=0.00 | direction=0.00 | state=STATIONARY | detections=7
[INFO] [1790214759.882240452] [sage_semantic_world_model]: Target 9 updated | association_distance=0.85 m | raw=(-4.89, 8.90, 0.00) | smoothed=(-4.32, 9.17, 0.00) | velocity=(-0.00, -0.00, 0.00) m/s | speed=0.00 m/s | net=0.00 m | straightness=0.00 | direction=0.00 | state=STATIONARY | detections=8
[INFO] [1790214759.980303832] [sage_semantic_world_model]: Target 9 updated | association_distance=1.09 m | raw=(-5.25, 8.60, 0.00) | smoothed=(-4.55, 9.03, 0.00) | velocity=(-0.01, -0.00, 0.00) m/s | speed=0.01 m/s | net=0.00 m | straightness=0.00 | direction=0.00 | state=STATIONARY | detections=9
[INFO] [1790214760.076759253] [sage_semantic_world_model]: Target 9 updated | association_distance=0.82 m | raw=(-5.25, 8.60, 0.00) | smoothed=(-4.72, 8.92, 0.00) | velocity=(-0.01, -0.00, 0.00) m/s | speed=0.01 m/s | net=0.97 m | straightness=1.00 | direction=1.00 | state=STATIONARY | detections=10
[INFO] [1790214760.180900596] [sage_semantic_world_model]: Target 9 updated | association_distance=0.62 m | raw=(-5.25, 8.60, 0.00) | smoothed=(-4.86, 8.84, 0.00) | velocity=(-1.83, -1.05, 0.00) m/s | speed=2.11 m/s | net=1.13 m | straightness=1.00 | direction=1.00 | state=STATIONARY | detections=11
[INFO] [1790214760.277758137] [sage_semantic_world_model]: Target 9 updated | association_distance=0.85 m | raw=(-5.69, 8.68, 0.00) | smoothed=(-5.07, 8.80, 0.00) | velocity=(-1.88, -0.92, 0.00) m/s | speed=2.09 m/s | net=1.33 m | straightness=0.99 | direction=1.00 | state=STATIONARY | detections=12
[INFO] [1790214760.393313928] [sage_semantic_world_model]: Target 9 updated | association_distance=0.64 m | raw=(-5.69, 8.68, 0.00) | smoothed=(-5.22, 8.77, 0.00) | velocity=(-1.70, -0.65, 0.00) m/s | speed=1.82 m/s | net=1.49 m | straightness=0.99 | direction=1.00 | state=STATIONARY | detections=13
[INFO] [1790214760.480422963] [sage_semantic_world_model]: Target 9 updated | association_distance=0.48 m | raw=(-5.69, 8.68, 0.00) | smoothed=(-5.34, 8.75, 0.00) | velocity=(-1.53, -0.43, 0.00) m/s | speed=1.59 m/s | net=1.60 m | straightness=0.99 | direction=1.00 | state=STATIONARY | detections=14
[INFO] [1790214760.580572740] [sage_semantic_world_model]: Target 9 updated | association_distance=0.36 m | raw=(-5.69, 8.68, 0.00) | smoothed=(-5.43, 8.73, 0.00) | velocity=(-1.43, -0.28, 0.00) m/s | speed=1.46 m/s | net=1.69 m | straightness=0.99 | direction=1.00 | state=STATIONARY | detections=15
[INFO] [1790214760.689082316] [sage_semantic_world_model]: Target 9 updated | association_distance=0.27 m | raw=(-5.69, 8.68, 0.00) | smoothed=(-5.50, 8.72, 0.00) | velocity=(-1.06, -0.21, 0.00) m/s | speed=1.08 m/s | net=1.48 m | straightness=0.99 | direction=1.00 | state=STATIONARY | detections=16
[INFO] [1790214761.576916466] [sage_semantic_world_model]: Target 9 updated | association_distance=1.06 m | raw=(-6.55, 8.84, 0.00) | smoothed=(-5.76, 8.75, 0.00) | velocity=(-0.45, -0.02, 0.00) m/s | speed=0.45 m/s | net=1.50 m | straightness=0.97 | direction=1.00 | state=STATIONARY | detections=17
[INFO] [1790214761.677624546] [sage_semantic_world_model]: Target 9 confirmed MOVING | net=1.43 m | avg_speed=0.84 m/s | straightness=0.97 | direction=1.00
[INFO] [1790214761.684715175] [sage_semantic_world_model]: Target 9 updated | association_distance=0.79 m | raw=(-6.55, 8.84, 0.00) | smoothed=(-5.96, 8.77, 0.00) | velocity=(-0.51, 0.02, 0.00) m/s | speed=0.51 m/s | net=1.43 m | straightness=0.97 | direction=1.00 | state=MOVING | detections=18
[INFO] [1790214761.780457679] [sage_semantic_world_model]: Target 9 updated | association_distance=0.59 m | raw=(-6.55, 8.84, 0.00) | smoothed=(-6.10, 8.79, 0.00) | velocity=(-0.56, 0.05, 0.00) m/s | speed=0.56 m/s | net=1.38 m | straightness=0.98 | direction=1.00 | state=MOVING | detections=19
[INFO] [1790214761.877844236] [sage_semantic_world_model]: Target 9 updated | association_distance=0.45 m | raw=(-6.55, 8.84, 0.00) | smoothed=(-6.21, 8.80, 0.00) | velocity=(-0.60, 0.07, 0.00) m/s | speed=0.61 m/s | net=1.36 m | straightness=0.99 | direction=1.00 | state=MOVING | detections=20
[INFO] [1790214761.980103628] [sage_semantic_world_model]: Target 9 updated | association_distance=0.33 m | raw=(-6.55, 8.84, 0.00) | smoothed=(-6.30, 8.81, 0.00) | velocity=(-1.34, 0.16, 0.00) m/s | speed=1.35 m/s | net=1.23 m | straightness=0.99 | direction=1.00 | state=MOVING | detections=21
[INFO] [1790214762.092026617] [sage_semantic_world_model]: Target 9 updated | association_distance=0.25 m | raw=(-6.55, 8.84, 0.00) | smoothed=(-6.36, 8.82, 0.00) | velocity=(-1.01, 0.12, 0.00) m/s | speed=1.01 m/s | net=1.14 m | straightness=0.99 | direction=1.00 | state=MOVING | detections=22
[INFO] [1790214762.185359639] [sage_semantic_world_model]: Target 9 updated | association_distance=0.19 m | raw=(-6.55, 8.84, 0.00) | smoothed=(-6.41, 8.82, 0.00) | velocity=(-0.75, 0.09, 0.00) m/s | speed=0.76 m/s | net=1.07 m | straightness=0.99 | direction=1.00 | state=MOVING | detections=23
[INFO] [1790214762.274137865] [sage_semantic_world_model]: Target 9 updated | association_distance=0.14 m | raw=(-6.55, 8.84, 0.00) | smoothed=(-6.44, 8.83, 0.00) | velocity=(-0.57, 0.07, 0.00) m/s | speed=0.57 m/s | net=1.02 m | straightness=1.00 | direction=1.00 | state=MOVING | detections=24
[INFO] [1790214762.373993637] [sage_semantic_world_model]: Target 9 updated | association_distance=0.11 m | raw=(-6.55, 8.84, 0.00) | smoothed=(-6.47, 8.83, 0.00) | velocity=(-0.43, 0.05, 0.00) m/s | speed=0.43 m/s | net=0.98 m | straightness=1.00 | direction=1.00 | state=MOVING | detections=25
[INFO] [1790214767.281787777] [sage_semantic_world_model]: Target 5 updated | association_distance=1.07 m | raw=(6.46, -7.33, 0.00) | smoothed=(5.81, -6.86, 0.00) | velocity=(0.01, -0.01, 0.00) m/s | speed=0.01 m/s | net=0.57 m | straightness=0.74 | direction=0.78 | state=STATIONARY | detections=178
[INFO] [1790214767.383812201] [sage_semantic_world_model]: Target 5 updated | association_distance=0.80 m | raw=(6.46, -7.33, 0.00) | smoothed=(5.97, -6.98, 0.00) | velocity=(0.01, -0.01, 0.00) m/s | speed=0.02 m/s | net=0.71 m | straightness=0.80 | direction=0.89 | state=STATIONARY | detections=179
[INFO] [1790214767.478669107] [sage_semantic_world_model]: Target 5 updated | association_distance=0.60 m | raw=(6.46, -7.33, 0.00) | smoothed=(6.09, -7.07, 0.00) | velocity=(0.02, -0.01, 0.00) m/s | speed=0.02 m/s | net=0.82 m | straightness=0.84 | direction=1.00 | state=STATIONARY | detections=180
[INFO] [1790214767.576769744] [sage_semantic_world_model]: Target 5 updated | association_distance=0.62 m | raw=(6.70, -6.92, 0.00) | smoothed=(6.24, -7.03, 0.00) | velocity=(0.02, -0.01, 0.00) m/s | speed=0.03 m/s | net=0.82 m | straightness=0.80 | direction=0.44 | state=STATIONARY | detections=181
[INFO] [1790214767.676331973] [sage_semantic_world_model]: Target 5 updated | association_distance=0.46 m | raw=(6.70, -6.92, 0.00) | smoothed=(6.36, -7.00, 0.00) | velocity=(1.37, -0.36, 0.00) m/s | speed=1.42 m/s | net=0.86 m | straightness=0.81 | direction=0.56 | state=STATIONARY | detections=182
[INFO] [1790214767.783626539] [sage_semantic_world_model]: Target 5 updated | association_distance=0.35 m | raw=(6.70, -6.92, 0.00) | smoothed=(6.44, -6.98, 0.00) | velocity=(1.19, -0.01, 0.00) m/s | speed=1.19 m/s | net=0.90 m | straightness=0.84 | direction=0.67 | state=STATIONARY | detections=183
[INFO] [1790214767.885137623] [sage_semantic_world_model]: Target 5 updated | association_distance=0.50 m | raw=(6.77, -6.61, 0.00) | smoothed=(6.52, -6.89, 0.00) | velocity=(1.08, 0.44, 0.00) m/s | speed=1.16 m/s | net=0.95 m | straightness=0.82 | direction=0.67 | state=STATIONARY | detections=184
[INFO] [1790214767.983211686] [sage_semantic_world_model]: Target 5 updated | association_distance=0.38 m | raw=(6.77, -6.61, 0.00) | smoothed=(6.59, -6.82, 0.00) | velocity=(0.86, 0.53, 0.00) m/s | speed=1.01 m/s | net=1.00 m | straightness=0.82 | direction=0.89 | state=STATIONARY | detections=185
[INFO] [1790214768.077514962] [sage_semantic_world_model]: Target 5 updated | association_distance=0.28 m | raw=(6.77, -6.61, 0.00) | smoothed=(6.63, -6.77, 0.00) | velocity=(0.70, 0.59, 0.00) m/s | speed=0.91 m/s | net=1.04 m | straightness=0.82 | direction=1.00 | state=STATIONARY | detections=186
[INFO] [1790214768.177310646] [sage_semantic_world_model]: Target 5 updated | association_distance=0.21 m | raw=(6.77, -6.61, 0.00) | smoothed=(6.67, -6.73, 0.00) | velocity=(0.57, 0.64, 0.00) m/s | speed=0.85 m/s | net=0.87 m | straightness=0.83 | direction=1.00 | state=STATIONARY | detections=187
[INFO] [1790214768.276517618] [sage_semantic_world_model]: Target 5 updated | association_distance=0.16 m | raw=(6.77, -6.61, 0.00) | smoothed=(6.70, -6.70, 0.00) | velocity=(0.43, 0.48, 0.00) m/s | speed=0.64 m/s | net=0.78 m | straightness=0.87 | direction=1.00 | state=STATIONARY | detections=188
[INFO] [1790214768.376954185] [sage_semantic_world_model]: Target 5 confirmed MOVING | net=0.73 m | avg_speed=0.82 m/s | straightness=0.95 | direction=1.00
[INFO] [1790214768.386890550] [sage_semantic_world_model]: Target 5 updated | association_distance=0.12 m | raw=(6.77, -6.61, 0.00) | smoothed=(6.72, -6.68, 0.00) | velocity=(0.32, 0.36, 0.00) m/s | speed=0.48 m/s | net=0.73 m | straightness=0.95 | direction=1.00 | state=MOVING | detections=189
[INFO] [1790214768.475974100] [sage_semantic_world_model]: Target 5 updated | association_distance=0.09 m | raw=(6.77, -6.61, 0.00) | smoothed=(6.73, -6.66, 0.00) | velocity=(0.24, 0.27, 0.00) m/s | speed=0.36 m/s | net=0.61 m | straightness=0.96 | direction=1.00 | state=MOVING | detections=190
[INFO] [1790214768.580937901] [sage_semantic_world_model]: Target 5 updated | association_distance=0.07 m | raw=(6.77, -6.61, 0.00) | smoothed=(6.74, -6.65, 0.00) | velocity=(0.18, 0.20, 0.00) m/s | speed=0.27 m/s | net=0.52 m | straightness=0.98 | direction=1.00 | state=MOVING | detections=191
[INFO] [1790214768.680029450] [sage_semantic_world_model]: Target 5 updated | association_distance=0.05 m | raw=(6.77, -6.61, 0.00) | smoothed=(6.75, -6.64, 0.00) | velocity=(0.13, 0.15, 0.00) m/s | speed=0.20 m/s | net=0.46 m | straightness=1.00 | direction=0.00 | state=MOVING | detections=192
[INFO] [1790214768.789601349] [sage_semantic_world_model]: Target 5 updated | association_distance=0.04 m | raw=(6.77, -6.61, 0.00) | smoothed=(6.76, -6.63, 0.00) | velocity=(0.10, 0.11, 0.00) m/s | speed=0.15 m/s | net=0.35 m | straightness=1.00 | direction=0.00 | state=MOVING | detections=193
[INFO] [1790214773.676787336] [sage_semantic_world_model]: Target 4 updated | association_distance=1.70 m | raw=(6.16, -8.81, 0.00) | smoothed=(7.14, -7.98, 0.00) | velocity=(0.00, 0.00, 0.00) m/s | speed=0.00 m/s | net=0.00 m | straightness=0.00 | direction=0.00 | state=STATIONARY | detections=4
[INFO] [1790214773.777002926] [sage_semantic_world_model]: Target 4 updated | association_distance=1.28 m | raw=(6.16, -8.81, 0.00) | smoothed=(6.89, -8.19, 0.00) | velocity=(-0.00, -0.00, 0.00) m/s | speed=0.00 m/s | net=0.00 m | straightness=0.00 | direction=0.00 | state=STATIONARY | detections=5
[INFO] [1790214773.881998309] [sage_semantic_world_model]: Target 4 updated | association_distance=0.96 m | raw=(6.16, -8.81, 0.00) | smoothed=(6.71, -8.34, 0.00) | velocity=(-0.00, -0.00, 0.00) m/s | speed=0.00 m/s | net=0.00 m | straightness=0.00 | direction=0.00 | state=STATIONARY | detections=6
[INFO] [1790214773.979333140] [sage_semantic_world_model]: Target 4 updated | association_distance=0.73 m | raw=(5.98, -8.37, 0.00) | smoothed=(6.53, -8.35, 0.00) | velocity=(-0.00, -0.00, 0.00) m/s | speed=0.00 m/s | net=0.00 m | straightness=0.00 | direction=0.00 | state=STATIONARY | detections=7
[INFO] [1790214774.079295366] [sage_semantic_world_model]: Target 4 updated | association_distance=0.55 m | raw=(5.98, -8.37, 0.00) | smoothed=(6.39, -8.35, 0.00) | velocity=(-1.85, -0.92, 0.00) m/s | speed=2.07 m/s | net=0.00 m | straightness=0.00 | direction=0.00 | state=STATIONARY | detections=8
[INFO] [1790214774.189955589] [sage_semantic_world_model]: Target 4 updated | association_distance=0.65 m | raw=(5.81, -8.64, 0.00) | smoothed=(6.25, -8.42, 0.00) | velocity=(-1.62, -0.59, 0.00) m/s | speed=1.72 m/s | net=0.00 m | straightness=0.00 | direction=0.00 | state=STATIONARY | detections=9
[INFO] [1790214774.288577285] [sage_semantic_world_model]: Target 4 updated | association_distance=0.49 m | raw=(5.81, -8.64, 0.00) | smoothed=(6.14, -8.48, 0.00) | velocity=(-1.43, -0.34, 0.00) m/s | speed=1.47 m/s | net=1.53 m | straightness=0.97 | direction=1.00 | state=STATIONARY | detections=10
[INFO] [1790214774.374953694] [sage_semantic_world_model]: Target 4 updated | association_distance=0.37 m | raw=(5.81, -8.64, 0.00) | smoothed=(6.05, -8.52, 0.00) | velocity=(-1.18, -0.42, 0.00) m/s | speed=1.26 m/s | net=1.62 m | straightness=0.97 | direction=1.00 | state=STATIONARY | detections=11
[INFO] [1790214774.775952288] [sage_semantic_world_model]: Target 5 updated | association_distance=0.79 m | raw=(5.97, -6.66, 0.00) | smoothed=(6.56, -6.64, 0.00) | velocity=(-0.03, 0.00, 0.00) m/s | speed=0.03 m/s | net=0.19 m | straightness=0.41 | direction=0.00 | state=MOVING | detections=194
[INFO] [1790214774.879513380] [sage_semantic_world_model]: Target 5 updated | association_distance=0.59 m | raw=(5.97, -6.66, 0.00) | smoothed=(6.41, -6.64, 0.00) | velocity=(-0.05, 0.00, 0.00) m/s | speed=0.05 m/s | net=0.26 m | straightness=0.48 | direction=0.00 | state=MOVING | detections=195
[INFO] [1790214774.978292478] [sage_semantic_world_model]: Target 5 updated | association_distance=0.48 m | raw=(5.98, -6.43, 0.00) | smoothed=(6.30, -6.59, 0.00) | velocity=(-0.07, 0.01, 0.00) m/s | speed=0.07 m/s | net=0.39 m | straightness=0.66 | direction=0.00 | state=MOVING | detections=196
[INFO] [1790214775.088323462] [sage_semantic_world_model]: Target 5 updated | association_distance=0.36 m | raw=(5.98, -6.43, 0.00) | smoothed=(6.22, -6.55, 0.00) | velocity=(-0.08, 0.01, 0.00) m/s | speed=0.09 m/s | net=0.50 m | straightness=0.77 | direction=0.00 | state=MOVING | detections=197
[INFO] [1790214775.180681960] [sage_semantic_world_model]: Target 5 updated | association_distance=0.27 m | raw=(5.98, -6.43, 0.00) | smoothed=(6.16, -6.52, 0.00) | velocity=(-0.99, 0.29, 0.00) m/s | speed=1.03 m/s | net=0.58 m | straightness=0.84 | direction=0.56 | state=MOVING | detections=198
[INFO] [1790214775.275706657] [sage_semantic_world_model]: Target 5 updated | association_distance=0.20 m | raw=(5.98, -6.43, 0.00) | smoothed=(6.11, -6.50, 0.00) | velocity=(-0.75, 0.36, 0.00) m/s | speed=0.83 m/s | net=0.64 m | straightness=0.89 | direction=0.67 | state=MOVING | detections=199
[INFO] [1790214775.381282067] [sage_semantic_world_model]: Target 5 updated | association_distance=0.53 m | raw=(6.37, -6.04, 0.00) | smoothed=(6.18, -6.38, 0.00) | velocity=(-0.31, 0.51, 0.00) m/s | speed=0.60 m/s | net=0.62 m | straightness=0.75 | direction=0.67 | state=MOVING | detections=200
[INFO] [1790214775.476600802] [sage_semantic_world_model]: Target 5 updated | association_distance=0.39 m | raw=(6.37, -6.04, 0.00) | smoothed=(6.23, -6.30, 0.00) | velocity=(0.02, 0.63, 0.00) m/s | speed=0.63 m/s | net=0.62 m | straightness=0.68 | direction=0.67 | state=MOVING | detections=201
[INFO] [1790214775.583415250] [sage_semantic_world_model]: Target 1 updated | association_distance=0.94 m | raw=(0.47, 4.77, 0.00) | smoothed=(0.45, 4.06, 0.00) | velocity=(-0.00, 0.01, 0.00) m/s | speed=0.01 m/s | net=0.26 m | straightness=0.78 | direction=0.00 | state=STATIONARY | detections=531
[INFO] [1790214775.688803475] [sage_semantic_world_model]: Target 1 updated | association_distance=0.71 m | raw=(0.47, 4.77, 0.00) | smoothed=(0.46, 4.24, 0.00) | velocity=(-0.00, 0.02, 0.00) m/s | speed=0.02 m/s | net=0.43 m | straightness=0.86 | direction=0.00 | state=STATIONARY | detections=532
[INFO] [1790214775.785992897] [sage_semantic_world_model]: Target 1 updated | association_distance=0.53 m | raw=(0.47, 4.77, 0.00) | smoothed=(0.46, 4.37, 0.00) | velocity=(0.00, 0.03, 0.00) m/s | speed=0.03 m/s | net=0.54 m | straightness=0.88 | direction=0.67 | state=STATIONARY | detections=533
[INFO] [1790214775.879790599] [sage_semantic_world_model]: Target 1 updated | association_distance=0.40 m | raw=(0.47, 4.77, 0.00) | smoothed=(0.46, 4.47, 0.00) | velocity=(0.00, 0.04, 0.00) m/s | speed=0.04 m/s | net=0.63 m | straightness=0.90 | direction=0.67 | state=STATIONARY | detections=534
[INFO] [1790214775.975552542] [sage_semantic_world_model]: Target 1 updated | association_distance=0.25 m | raw=(0.39, 4.71, 0.00) | smoothed=(0.45, 4.53, 0.00) | velocity=(-0.01, 1.18, 0.00) m/s | speed=1.18 m/s | net=0.69 m | straightness=0.90 | direction=0.67 | state=STATIONARY | detections=535
[INFO] [1790214776.081663243] [sage_semantic_world_model]: Target 1 updated | association_distance=0.19 m | raw=(0.39, 4.71, 0.00) | smoothed=(0.43, 4.58, 0.00) | velocity=(-0.06, 0.85, 0.00) m/s | speed=0.85 m/s | net=0.73 m | straightness=0.91 | direction=0.67 | state=STATIONARY | detections=536
[INFO] [1790214776.184634566] [sage_semantic_world_model]: Target 1 updated | association_distance=0.34 m | raw=(0.77, 4.53, 0.00) | smoothed=(0.52, 4.57, 0.00) | velocity=(0.14, 0.49, 0.00) m/s | speed=0.51 m/s | net=0.73 m | straightness=0.84 | direction=0.67 | state=STATIONARY | detections=537
[INFO] [1790214776.277756316] [sage_semantic_world_model]: Target 1 updated | association_distance=0.26 m | raw=(0.77, 4.53, 0.00) | smoothed=(0.58, 4.56, 0.00) | velocity=(0.29, 0.22, 0.00) m/s | speed=0.36 m/s | net=0.74 m | straightness=0.80 | direction=0.67 | state=STATIONARY | detections=538
[INFO] [1790214776.383215291] [sage_semantic_world_model]: Target 1 updated | association_distance=0.19 m | raw=(0.77, 4.53, 0.00) | smoothed=(0.63, 4.55, 0.00) | velocity=(0.45, 0.05, 0.00) m/s | speed=0.46 m/s | net=0.75 m | straightness=0.79 | direction=0.67 | state=STATIONARY | detections=539
[INFO] [1790214776.487741126] [sage_semantic_world_model]: Target 1 updated | association_distance=0.14 m | raw=(0.77, 4.53, 0.00) | smoothed=(0.66, 4.55, 0.00) | velocity=(0.58, -0.08, 0.00) m/s | speed=0.58 m/s | net=0.53 m | straightness=0.70 | direction=0.56 | state=STATIONARY | detections=540
[INFO] [1790214777.075388403] [sage_semantic_world_model]: Target 3 updated | association_distance=0.62 m | raw=(-4.68, 7.31, 0.00) | smoothed=(-5.15, 7.32, 0.00) | velocity=(-0.01, -0.00, 0.00) m/s | speed=0.01 m/s | net=0.17 m | straightness=0.17 | direction=0.00 | state=MOVING | detections=174
[INFO] [1790214777.181048088] [sage_semantic_world_model]: Target 3 updated | association_distance=0.46 m | raw=(-4.68, 7.31, 0.00) | smoothed=(-5.03, 7.32, 0.00) | velocity=(0.00, -0.00, 0.00) m/s | speed=0.00 m/s | net=0.20 m | straightness=0.19 | direction=0.00 | state=MOVING | detections=175
[INFO] [1790214777.291511311] [sage_semantic_world_model]: Target 10 updated | association_distance=0.90 m | raw=(0.97, 2.99, 0.00) | smoothed=(0.29, 3.01, 0.00) | velocity=(0.02, 0.00, 0.00) m/s | speed=0.02 m/s | net=0.53 m | straightness=0.79 | direction=0.56 | state=STATIONARY | detections=78
[INFO] [1790214777.376209166] [sage_semantic_world_model]: Target 10 updated | association_distance=0.68 m | raw=(0.97, 2.99, 0.00) | smoothed=(0.46, 3.01, 0.00) | velocity=(0.02, 0.00, 0.00) m/s | speed=0.02 m/s | net=0.66 m | straightness=0.82 | direction=0.56 | state=STATIONARY | detections=79
[INFO] [1790214777.481095917] [sage_semantic_world_model]: Target 3 updated | association_distance=0.53 m | raw=(-5.24, 7.80, 0.00) | smoothed=(-5.08, 7.44, 0.00) | velocity=(0.01, 0.00, 0.00) m/s | speed=0.01 m/s | net=0.38 m | straightness=0.34 | direction=0.00 | state=MOVING | detections=176
[INFO] [1790214777.583953758] [sage_semantic_world_model]: Target 3 updated | association_distance=0.39 m | raw=(-5.24, 7.80, 0.00) | smoothed=(-5.12, 7.53, 0.00) | velocity=(0.01, 0.01, 0.00) m/s | speed=0.01 m/s | net=0.37 m | straightness=0.34 | direction=0.00 | state=MOVING | detections=177
[INFO] [1790214777.679954229] [sage_semantic_world_model]: Target 3 updated | association_distance=0.30 m | raw=(-5.24, 7.80, 0.00) | smoothed=(-5.15, 7.60, 0.00) | velocity=(-0.01, 0.46, 0.00) m/s | speed=0.46 m/s | net=0.37 m | straightness=0.36 | direction=0.00 | state=MOVING | detections=178
[INFO] [1790214777.780577624] [sage_semantic_world_model]: Target 3 updated | association_distance=0.64 m | raw=(-5.79, 7.64, 0.00) | smoothed=(-5.31, 7.61, 0.00) | velocity=(-0.47, 0.49, 0.00) m/s | speed=0.68 m/s | net=0.47 m | straightness=0.42 | direction=0.00 | state=MOVING | detections=179
[INFO] [1790214777.878105222] [sage_semantic_world_model]: Target 3 updated | association_distance=0.48 m | raw=(-5.79, 7.64, 0.00) | smoothed=(-5.43, 7.62, 0.00) | velocity=(-0.88, 0.45, 0.00) m/s | speed=0.98 m/s | net=0.44 m | straightness=0.41 | direction=0.00 | state=MOVING | detections=180
[INFO] [1790214777.975289199] [sage_semantic_world_model]: Target 3 updated | association_distance=0.36 m | raw=(-5.79, 7.64, 0.00) | smoothed=(-5.52, 7.62, 0.00) | velocity=(-1.00, 0.24, 0.00) m/s | speed=1.03 m/s | net=0.43 m | straightness=0.41 | direction=0.00 | state=MOVING | detections=181
[INFO] [1790214778.074573555] [sage_semantic_world_model]: Target 3 updated | association_distance=0.51 m | raw=(-6.03, 7.55, 0.00) | smoothed=(-5.65, 7.61, 0.00) | velocity=(-1.24, 0.02, 0.00) m/s | speed=1.24 m/s | net=0.45 m | straightness=0.42 | direction=0.00 | state=MOVING | detections=182
[INFO] [1790214778.177583093] [sage_semantic_world_model]: Target 3 updated | association_distance=0.38 m | raw=(-6.03, 7.55, 0.00) | smoothed=(-5.74, 7.59, 0.00) | velocity=(-1.07, -0.04, 0.00) m/s | speed=1.07 m/s | net=0.66 m | straightness=0.65 | direction=0.89 | state=MOVING | detections=183
[INFO] [1790214778.275875221] [sage_semantic_world_model]: Target 3 updated | association_distance=0.55 m | raw=(-6.29, 7.55, 0.00) | smoothed=(-5.88, 7.58, 0.00) | velocity=(-1.12, -0.09, 0.00) m/s | speed=1.12 m/s | net=0.89 m | straightness=0.86 | direction=1.00 | state=MOVING | detections=184
[INFO] [1790214778.380188365] [sage_semantic_world_model]: Target 3 updated | association_distance=0.41 m | raw=(-6.29, 7.55, 0.00) | smoothed=(-5.98, 7.57, 0.00) | velocity=(-1.15, -0.13, 0.00) m/s | speed=1.16 m/s | net=0.91 m | straightness=0.90 | direction=1.00 | state=MOVING | detections=185
[INFO] [1790214778.478391956] [sage_semantic_world_model]: Target 3 updated | association_distance=0.31 m | raw=(-6.29, 7.55, 0.00) | smoothed=(-6.06, 7.57, 0.00) | velocity=(-1.04, -0.10, 0.00) m/s | speed=1.04 m/s | net=0.94 m | straightness=0.95 | direction=0.89 | state=MOVING | detections=186
[INFO] [1790214778.587905563] [sage_semantic_world_model]: Target 3 updated | association_distance=0.15 m | raw=(-6.21, 7.56, 0.00) | smoothed=(-6.10, 7.57, 0.00) | velocity=(-0.87, -0.06, 0.00) m/s | speed=0.88 m/s | net=0.95 m | straightness=1.00 | direction=1.00 | state=MOVING | detections=187
[INFO] [1790214778.681403201] [sage_semantic_world_model]: Target 3 updated | association_distance=0.11 m | raw=(-6.21, 7.56, 0.00) | smoothed=(-6.13, 7.57, 0.00) | velocity=(-0.62, -0.04, 0.00) m/s | speed=0.62 m/s | net=0.82 m | straightness=1.00 | direction=1.00 | state=MOVING | detections=188
[INFO] [1790214778.776386336] [sage_semantic_world_model]: Target 3 updated | association_distance=0.08 m | raw=(-6.21, 7.56, 0.00) | smoothed=(-6.15, 7.57, 0.00) | velocity=(-0.41, -0.02, 0.00) m/s | speed=0.41 m/s | net=0.72 m | straightness=1.00 | direction=1.00 | state=MOVING | detections=189
[INFO] [1790214778.878142897] [sage_semantic_world_model]: Target 3 updated | association_distance=0.08 m | raw=(-6.22, 7.59, 0.00) | smoothed=(-6.17, 7.57, 0.00) | velocity=(-0.26, 0.01, 0.00) m/s | speed=0.26 m/s | net=0.65 m | straightness=1.00 | direction=1.00 | state=MOVING | detections=190
[INFO] [1790214778.979678036] [sage_semantic_world_model]: Target 3 updated | association_distance=0.06 m | raw=(-6.22, 7.59, 0.00) | smoothed=(-6.18, 7.58, 0.00) | velocity=(-0.21, 0.03, 0.00) m/s | speed=0.21 m/s | net=0.53 m | straightness=0.99 | direction=1.00 | state=MOVING | detections=191
[INFO] [1790214779.082765470] [sage_semantic_world_model]: Target 3 updated | association_distance=0.16 m | raw=(-6.10, 7.71, 0.00) | smoothed=(-6.16, 7.61, 0.00) | velocity=(-0.08, 0.11, 0.00) m/s | speed=0.14 m/s | net=0.42 m | straightness=0.87 | direction=0.00 | state=MOVING | detections=192
[INFO] [1790214779.177632678] [sage_semantic_world_model]: Target 3 updated | association_distance=0.12 m | raw=(-6.10, 7.71, 0.00) | smoothed=(-6.14, 7.64, 0.00) | velocity=(0.01, 0.18, 0.00) m/s | speed=0.18 m/s | net=0.27 m | straightness=0.72 | direction=0.00 | state=MOVING | detections=193
[INFO] [1790214779.277083616] [sage_semantic_world_model]: Target 3 updated | association_distance=0.09 m | raw=(-6.10, 7.71, 0.00) | smoothed=(-6.13, 7.66, 0.00) | velocity=(0.09, 0.21, 0.00) m/s | speed=0.23 m/s | net=0.17 m | straightness=0.58 | direction=0.00 | state=MOVING | detections=194
[INFO] [1790214779.380755967] [sage_semantic_world_model]: Target 3 updated | association_distance=0.07 m | raw=(-6.10, 7.71, 0.00) | smoothed=(-6.12, 7.67, 0.00) | velocity=(0.15, 0.24, 0.00) m/s | speed=0.28 m/s | net=0.12 m | straightness=0.52 | direction=0.00 | state=MOVING | detections=195
[INFO] [1790214779.483284415] [sage_semantic_world_model]: Target 3 updated | association_distance=0.42 m | raw=(-5.73, 7.54, 0.00) | smoothed=(-6.02, 7.64, 0.00) | velocity=(0.34, 0.07, 0.00) m/s | speed=0.35 m/s | net=0.10 m | straightness=0.34 | direction=0.00 | state=MOVING | detections=196
[INFO] [1790214779.585032806] [sage_semantic_world_model]: Target 3 updated | association_distance=0.31 m | raw=(-5.73, 7.54, 0.00) | smoothed=(-5.95, 7.61, 0.00) | velocity=(0.48, -0.06, 0.00) m/s | speed=0.48 m/s | net=0.18 m | straightness=0.52 | direction=0.00 | state=MOVING | detections=197
[INFO] [1790214779.677537699] [sage_semantic_world_model]: Target 3 updated | association_distance=0.38 m | raw=(-5.58, 7.71, 0.00) | smoothed=(-5.86, 7.64, 0.00) | velocity=(0.69, -0.05, 0.00) m/s | speed=0.69 m/s | net=0.30 m | straightness=0.71 | direction=0.00 | state=MOVING | detections=198
[INFO] [1790214779.779168502] [sage_semantic_world_model]: Target 3 updated | association_distance=0.29 m | raw=(-5.58, 7.71, 0.00) | smoothed=(-5.79, 7.65, 0.00) | velocity=(0.83, -0.04, 0.00) m/s | speed=0.84 m/s | net=0.39 m | straightness=0.82 | direction=0.00 | state=MOVING | detections=199
[INFO] [1790214779.877753683] [sage_semantic_world_model]: Target 3 updated | association_distance=0.21 m | raw=(-5.58, 7.71, 0.00) | smoothed=(-5.74, 7.67, 0.00) | velocity=(0.72, 0.07, 0.00) m/s | speed=0.72 m/s | net=0.45 m | straightness=0.88 | direction=0.00 | state=MOVING | detections=200
[INFO] [1790214779.982751750] [sage_semantic_world_model]: Target 3 updated | association_distance=0.44 m | raw=(-5.30, 7.60, 0.00) | smoothed=(-5.63, 7.65, 0.00) | velocity=(0.83, 0.10, 0.00) m/s | speed=0.83 m/s | net=0.54 m | straightness=0.92 | direction=1.00 | state=MOVING | detections=201
[INFO] [1790214780.080063205] [sage_semantic_world_model]: Target 3 updated | association_distance=0.33 m | raw=(-5.30, 7.60, 0.00) | smoothed=(-5.54, 7.64, 0.00) | velocity=(0.78, 0.01, 0.00) m/s | speed=0.78 m/s | net=0.60 m | straightness=0.94 | direction=1.00 | state=MOVING | detections=202
[INFO] [1790214780.179139763] [sage_semantic_world_model]: Target 3 updated | association_distance=0.25 m | raw=(-5.30, 7.60, 0.00) | smoothed=(-5.48, 7.63, 0.00) | velocity=(0.76, -0.06, 0.00) m/s | speed=0.77 m/s | net=0.65 m | straightness=0.96 | direction=0.89 | state=MOVING | detections=203
[INFO] [1790214780.287986026] [sage_semantic_world_model]: Target 3 updated | association_distance=0.19 m | raw=(-5.30, 7.60, 0.00) | smoothed=(-5.44, 7.62, 0.00) | velocity=(0.74, -0.11, 0.00) m/s | speed=0.75 m/s | net=0.69 m | straightness=0.97 | direction=1.00 | state=MOVING | detections=204
[INFO] [1790214784.077462047] [sage_semantic_world_model]: Target 5 updated | association_distance=0.57 m | raw=(6.44, -6.82, 0.00) | smoothed=(6.28, -6.43, 0.00) | velocity=(0.01, 0.01, 0.00) m/s | speed=0.02 m/s | net=0.52 m | straightness=0.49 | direction=0.67 | state=MOVING | detections=202
[INFO] [1790214784.180246678] [sage_semantic_world_model]: Target 5 updated | association_distance=0.42 m | raw=(6.44, -6.82, 0.00) | smoothed=(6.32, -6.53, 0.00) | velocity=(0.02, -0.00, 0.00) m/s | speed=0.02 m/s | net=0.26 m | straightness=0.28 | direction=0.00 | state=MOVING | detections=203
[INFO] [1790214784.296275970] [sage_semantic_world_model]: Target 5 updated | association_distance=0.30 m | raw=(6.61, -6.53, 0.00) | smoothed=(6.39, -6.53, 0.00) | velocity=(0.02, -0.02, 0.00) m/s | speed=0.03 m/s | net=0.11 m | straightness=0.13 | direction=0.00 | state=MOVING | detections=204
[INFO] [1790214784.382544420] [sage_semantic_world_model]: Target 5 updated | association_distance=0.22 m | raw=(6.61, -6.53, 0.00) | smoothed=(6.45, -6.53, 0.00) | velocity=(0.02, -0.03, 0.00) m/s | speed=0.04 m/s | net=0.16 m | straightness=0.19 | direction=0.00 | state=MOVING | detections=205
[INFO] [1790214790.787052557] [sage_semantic_world_model]: Target 5 confirmed STATIONARY | net=0.16 m | avg_speed=0.01 m/s
[INFO] [1790214790.802284495] [sage_semantic_world_model]: Target 5 updated | association_distance=0.85 m | raw=(5.88, -7.17, 0.00) | smoothed=(6.31, -6.69, 0.00) | velocity=(0.00, -0.04, 0.00) m/s | speed=0.04 m/s | net=0.16 m | straightness=0.17 | direction=0.00 | state=STATIONARY | detections=206
[INFO] [1790214790.880757391] [sage_semantic_world_model]: Target 5 updated | association_distance=0.64 m | raw=(5.88, -7.17, 0.00) | smoothed=(6.20, -6.81, 0.00) | velocity=(-0.02, -0.04, 0.00) m/s | speed=0.05 m/s | net=0.29 m | straightness=0.28 | direction=0.00 | state=STATIONARY | detections=207
[INFO] [1790214790.979300665] [sage_semantic_world_model]: Target 5 updated | association_distance=0.48 m | raw=(5.88, -7.17, 0.00) | smoothed=(6.12, -6.90, 0.00) | velocity=(-0.04, -0.06, 0.00) m/s | speed=0.07 m/s | net=0.40 m | straightness=0.36 | direction=0.00 | state=STATIONARY | detections=208
[INFO] [1790214791.075904453] [sage_semantic_world_model]: Target 5 updated | association_distance=0.36 m | raw=(5.88, -7.17, 0.00) | smoothed=(6.06, -6.97, 0.00) | velocity=(-0.06, -0.07, 0.00) m/s | speed=0.09 m/s | net=0.59 m | straightness=0.56 | direction=0.67 | state=STATIONARY | detections=209
[INFO] [1790214791.178648031] [sage_semantic_world_model]: Target 5 updated | association_distance=0.27 m | raw=(5.88, -7.17, 0.00) | smoothed=(6.02, -7.02, 0.00) | velocity=(-0.73, -0.82, 0.00) m/s | speed=1.10 m/s | net=0.75 m | straightness=0.73 | direction=0.78 | state=STATIONARY | detections=210
[INFO] [1790214791.293582697] [sage_semantic_world_model]: Target 5 updated | association_distance=0.20 m | raw=(5.88, -7.17, 0.00) | smoothed=(5.98, -7.06, 0.00) | velocity=(-0.54, -0.61, 0.00) m/s | speed=0.82 m/s | net=0.69 m | straightness=0.74 | direction=0.78 | state=STATIONARY | detections=211
[INFO] [1790214791.377084681] [sage_semantic_world_model]: Target 5 updated | association_distance=0.15 m | raw=(5.88, -7.17, 0.00) | smoothed=(5.96, -7.08, 0.00) | velocity=(-0.41, -0.46, 0.00) m/s | speed=0.62 m/s | net=0.66 m | straightness=0.76 | direction=0.78 | state=STATIONARY | detections=212
[INFO] [1790214791.478191402] [sage_semantic_world_model]: Target 5 updated | association_distance=0.11 m | raw=(5.88, -7.17, 0.00) | smoothed=(5.94, -7.11, 0.00) | velocity=(-0.31, -0.35, 0.00) m/s | speed=0.46 m/s | net=0.73 m | straightness=0.89 | direction=0.89 | state=STATIONARY | detections=213
[INFO] [1790214791.580542525] [sage_semantic_world_model]: Target 5 updated | association_distance=0.09 m | raw=(5.88, -7.17, 0.00) | smoothed=(5.92, -7.12, 0.00) | velocity=(-0.23, -0.26, 0.00) m/s | speed=0.35 m/s | net=0.79 m | straightness=1.00 | direction=1.00 | state=STATIONARY | detections=214
[INFO] [1790214791.677756144] [sage_semantic_world_model]: Target 5 updated | association_distance=1.14 m | raw=(5.96, -5.99, 0.00) | smoothed=(5.93, -6.84, 0.00) | velocity=(-0.13, 0.54, 0.00) m/s | speed=0.56 m/s | net=0.40 m | straightness=0.47 | direction=0.00 | state=STATIONARY | detections=215
[INFO] [1790214791.777340180] [sage_semantic_world_model]: Target 5 updated | association_distance=0.85 m | raw=(5.96, -5.99, 0.00) | smoothed=(5.94, -6.62, 0.00) | velocity=(-0.05, 1.14, 0.00) m/s | speed=1.14 m/s | net=0.32 m | straightness=0.35 | direction=0.00 | state=STATIONARY | detections=216
[INFO] [1790214791.889764048] [sage_semantic_world_model]: Target 5 updated | association_distance=0.64 m | raw=(5.96, -5.99, 0.00) | smoothed=(5.94, -6.47, 0.00) | velocity=(0.01, 1.59, 0.00) m/s | speed=1.59 m/s | net=0.47 m | straightness=0.49 | direction=0.00 | state=STATIONARY | detections=217
[INFO] [1790214791.981989458] [sage_semantic_world_model]: Target 5 updated | association_distance=0.48 m | raw=(5.96, -5.99, 0.00) | smoothed=(5.95, -6.35, 0.00) | velocity=(0.05, 1.95, 0.00) m/s | speed=1.95 m/s | net=0.63 m | straightness=0.64 | direction=0.44 | state=STATIONARY | detections=218
[INFO] [1790214792.077301392] [sage_semantic_world_model]: Target 5 updated | association_distance=0.36 m | raw=(5.96, -5.99, 0.00) | smoothed=(5.95, -6.26, 0.00) | velocity=(0.04, 1.46, 0.00) m/s | speed=1.46 m/s | net=0.76 m | straightness=0.76 | direction=0.56 | state=STATIONARY | detections=219
[INFO] [1790214792.177567745] [sage_semantic_world_model]: Target 5 updated | association_distance=1.15 m | raw=(5.79, -5.11, 0.00) | smoothed=(5.91, -5.97, 0.00) | velocity=(-0.07, 1.64, 0.00) m/s | speed=1.65 m/s | net=1.09 m | straightness=0.88 | direction=0.67 | state=STATIONARY | detections=220
[INFO] [1790214792.281466675] [sage_semantic_world_model]: Target 5 updated | association_distance=0.86 m | raw=(5.79, -5.11, 0.00) | smoothed=(5.88, -5.76, 0.00) | velocity=(-0.16, 1.79, 0.00) m/s | speed=1.80 m/s | net=1.33 m | straightness=0.94 | direction=0.78 | state=STATIONARY | detections=221
[INFO] [1790214792.379051415] [sage_semantic_world_model]: Target 5 updated | association_distance=0.65 m | raw=(5.79, -5.11, 0.00) | smoothed=(5.86, -5.60, 0.00) | velocity=(-0.22, 1.86, 0.00) m/s | speed=1.88 m/s | net=1.51 m | straightness=0.97 | direction=0.89 | state=STATIONARY | detections=222
[INFO] [1790214792.473087029] [sage_semantic_world_model]: Target 5 confirmed MOVING | net=1.65 m | avg_speed=1.83 m/s | straightness=1.00 | direction=1.00
[INFO] [1790214792.479846917] [sage_semantic_world_model]: Target 5 updated | association_distance=0.49 m | raw=(5.79, -5.11, 0.00) | smoothed=(5.84, -5.47, 0.00) | velocity=(-0.26, 1.96, 0.00) m/s | speed=1.97 m/s | net=1.65 m | straightness=1.00 | direction=1.00 | state=MOVING | detections=223
[INFO] [1790214792.585756947] [sage_semantic_world_model]: Target 5 updated | association_distance=0.36 m | raw=(5.79, -5.11, 0.00) | smoothed=(5.83, -5.38, 0.00) | velocity=(-0.20, 1.46, 0.00) m/s | speed=1.48 m/s | net=1.46 m | straightness=1.00 | direction=1.00 | state=MOVING | detections=224
[INFO] [1790214792.681084208] [sage_semantic_world_model]: Target 5 updated | association_distance=0.65 m | raw=(5.75, -6.03, 0.00) | smoothed=(5.81, -5.55, 0.00) | velocity=(-0.18, 0.53, 0.00) m/s | speed=0.55 m/s | net=1.09 m | straightness=0.77 | direction=0.89 | state=MOVING | detections=225
[INFO] [1790214792.782601726] [sage_semantic_world_model]: Target 5 updated | association_distance=0.49 m | raw=(5.75, -6.03, 0.00) | smoothed=(5.79, -5.67, 0.00) | velocity=(-0.16, -0.18, 0.00) m/s | speed=0.24 m/s | net=0.81 m | straightness=0.59 | direction=0.78 | state=MOVING | detections=226
[INFO] [1790214792.877707611] [sage_semantic_world_model]: Target 5 updated | association_distance=0.37 m | raw=(5.75, -6.03, 0.00) | smoothed=(5.78, -5.76, 0.00) | velocity=(-0.15, -0.70, 0.00) m/s | speed=0.72 m/s | net=0.61 m | straightness=0.45 | direction=0.67 | state=MOVING | detections=227
[INFO] [1790214792.979288120] [sage_semantic_world_model]: Target 5 updated | association_distance=0.41 m | raw=(5.89, -6.15, 0.00) | smoothed=(5.81, -5.85, 0.00) | velocity=(-0.06, -1.17, 0.00) m/s | speed=1.18 m/s | net=0.42 m | straightness=0.31 | direction=0.00 | state=MOVING | detections=228
[INFO] [1790214793.082757275] [sage_semantic_world_model]: Target 5 updated | association_distance=0.30 m | raw=(5.89, -6.15, 0.00) | smoothed=(5.83, -5.93, 0.00) | velocity=(0.05, -0.95, 0.00) m/s | speed=0.96 m/s | net=0.09 m | straightness=0.08 | direction=0.00 | state=MOVING | detections=229
[INFO] [1790214793.193112276] [sage_semantic_world_model]: Target 5 updated | association_distance=0.23 m | raw=(5.89, -6.15, 0.00) | smoothed=(5.84, -5.98, 0.00) | velocity=(0.13, -0.79, 0.00) m/s | speed=0.80 m/s | net=0.23 m | straightness=0.23 | direction=0.00 | state=MOVING | detections=230
[INFO] [1790214793.277918970] [sage_semantic_world_model]: Target 5 updated | association_distance=1.20 m | raw=(5.96, -7.18, 0.00) | smoothed=(5.87, -6.28, 0.00) | velocity=(0.23, -1.32, 0.00) m/s | speed=1.34 m/s | net=0.69 m | straightness=0.61 | direction=0.78 | state=MOVING | detections=231
[INFO] [1790214793.378569494] [sage_semantic_world_model]: Target 5 updated | association_distance=0.90 m | raw=(5.96, -7.18, 0.00) | smoothed=(5.89, -6.50, 0.00) | velocity=(0.21, -1.63, 0.00) m/s | speed=1.65 m/s | net=1.03 m | straightness=0.84 | direction=0.89 | state=MOVING | detections=232
[INFO] [1790214793.477961383] [sage_semantic_world_model]: Target 5 updated | association_distance=0.67 m | raw=(5.96, -7.18, 0.00) | smoothed=(5.91, -6.67, 0.00) | velocity=(0.20, -1.87, 0.00) m/s | speed=1.88 m/s | net=1.29 m | straightness=0.99 | direction=1.00 | state=MOVING | detections=233
[INFO] [1790214793.577700972] [sage_semantic_world_model]: Target 5 updated | association_distance=0.51 m | raw=(5.96, -7.18, 0.00) | smoothed=(5.92, -6.80, 0.00) | velocity=(0.19, -2.05, 0.00) m/s | speed=2.06 m/s | net=1.26 m | straightness=0.99 | direction=1.00 | state=MOVING | detections=234
[INFO] [1790214793.680296888] [sage_semantic_world_model]: Target 5 updated | association_distance=0.38 m | raw=(5.96, -7.18, 0.00) | smoothed=(5.93, -6.89, 0.00) | velocity=(0.14, -1.53, 0.00) m/s | speed=1.53 m/s | net=1.23 m | straightness=1.00 | direction=1.00 | state=MOVING | detections=235
[INFO] [1790214793.779137676] [sage_semantic_world_model]: Target 3 updated | association_distance=0.58 m | raw=(-5.80, 8.08, 0.00) | smoothed=(-5.53, 7.74, 0.00) | velocity=(0.01, 0.01, 0.00) m/s | speed=0.01 m/s | net=0.51 m | straightness=0.68 | direction=0.89 | state=MOVING | detections=205
[INFO] [1790214793.881203227] [sage_semantic_world_model]: Target 3 updated | association_distance=0.44 m | raw=(-5.80, 8.08, 0.00) | smoothed=(-5.59, 7.83, 0.00) | velocity=(-0.00, 0.01, 0.00) m/s | speed=0.01 m/s | net=0.41 m | straightness=0.53 | direction=0.00 | state=MOVING | detections=206
[INFO] [1790214793.979255397] [sage_semantic_world_model]: Target 3 updated | association_distance=0.33 m | raw=(-5.80, 8.08, 0.00) | smoothed=(-5.64, 7.89, 0.00) | velocity=(-0.01, 0.02, 0.00) m/s | speed=0.02 m/s | net=0.33 m | straightness=0.43 | direction=0.00 | state=MOVING | detections=207
[INFO] [1790214794.079876902] [sage_semantic_world_model]: Target 3 updated | association_distance=0.82 m | raw=(-4.84, 8.08, 0.00) | smoothed=(-5.44, 7.94, 0.00) | velocity=(-0.00, 0.02, 0.00) m/s | speed=0.02 m/s | net=0.45 m | straightness=0.50 | direction=0.00 | state=MOVING | detections=208
[INFO] [1790214794.178494373] [sage_semantic_world_model]: Target 3 updated | association_distance=0.62 m | raw=(-4.84, 8.08, 0.00) | smoothed=(-5.29, 7.97, 0.00) | velocity=(0.58, 0.58, 0.00) m/s | speed=0.83 m/s | net=0.54 m | straightness=0.54 | direction=0.67 | state=MOVING | detections=209
[INFO] [1790214794.277378324] [sage_semantic_world_model]: Target 3 updated | association_distance=0.46 m | raw=(-4.84, 8.08, 0.00) | smoothed=(-5.18, 8.00, 0.00) | velocity=(1.04, 0.44, 0.00) m/s | speed=1.13 m/s | net=0.57 m | straightness=0.56 | direction=0.67 | state=MOVING | detections=210
[INFO] [1790214794.383376370] [sage_semantic_world_model]: Target 3 updated | association_distance=0.35 m | raw=(-4.84, 8.08, 0.00) | smoothed=(-5.10, 8.02, 0.00) | velocity=(1.37, 0.32, 0.00) m/s | speed=1.41 m/s | net=0.59 m | straightness=0.58 | direction=0.67 | state=MOVING | detections=211
[INFO] [1790214794.478635864] [sage_semantic_world_model]: Target 3 updated | association_distance=0.26 m | raw=(-4.84, 8.08, 0.00) | smoothed=(-5.03, 8.03, 0.00) | velocity=(1.03, 0.24, 0.00) m/s | speed=1.06 m/s | net=0.60 m | straightness=0.60 | direction=0.67 | state=MOVING | detections=212
[INFO] [1790214794.581462331] [sage_semantic_world_model]: Target 3 updated | association_distance=0.20 m | raw=(-4.84, 8.08, 0.00) | smoothed=(-4.98, 8.05, 0.00) | velocity=(0.77, 0.18, 0.00) m/s | speed=0.79 m/s | net=0.62 m | straightness=0.61 | direction=0.67 | state=MOVING | detections=213
[INFO] [1790214794.686137726] [sage_semantic_world_model]: Target 3 updated | association_distance=0.15 m | raw=(-4.84, 8.08, 0.00) | smoothed=(-4.95, 8.05, 0.00) | velocity=(0.58, 0.14, 0.00) m/s | speed=0.59 m/s | net=0.66 m | straightness=0.73 | direction=0.78 | state=MOVING | detections=214
[INFO] [1790214803.776977956] [sage_semantic_world_model]: Target 5 updated | association_distance=0.36 m | raw=(6.03, -7.24, 0.00) | smoothed=(5.95, -6.98, 0.00) | velocity=(0.01, -0.05, 0.00) m/s | speed=0.05 m/s | net=1.24 m | straightness=1.00 | direction=1.00 | state=MOVING | detections=236
[INFO] [1790214803.876910016] [sage_semantic_world_model]: Target 5 updated | association_distance=0.27 m | raw=(6.03, -7.24, 0.00) | smoothed=(5.97, -7.05, 0.00) | velocity=(0.01, -0.04, 0.00) m/s | speed=0.04 m/s | net=1.20 m | straightness=1.00 | direction=1.00 | state=MOVING | detections=237
[INFO] [1790214803.981874957] [sage_semantic_world_model]: Target 5 updated | association_distance=0.61 m | raw=(5.98, -6.43, 0.00) | smoothed=(5.97, -6.89, 0.00) | velocity=(0.01, -0.01, 0.00) m/s | speed=0.01 m/s | net=0.98 m | straightness=0.76 | direction=0.89 | state=MOVING | detections=238
[INFO] [1790214804.082735038] [sage_semantic_world_model]: Target 5 updated | association_distance=0.46 m | raw=(5.98, -6.43, 0.00) | smoothed=(5.97, -6.78, 0.00) | velocity=(0.00, 0.01, 0.00) m/s | speed=0.01 m/s | net=0.81 m | straightness=0.60 | direction=0.78 | state=MOVING | detections=239
[INFO] [1790214804.187668436] [sage_semantic_world_model]: Target 5 updated | association_distance=0.34 m | raw=(5.98, -6.43, 0.00) | smoothed=(5.98, -6.69, 0.00) | velocity=(0.05, 0.72, 0.00) m/s | speed=0.72 m/s | net=0.42 m | straightness=0.38 | direction=0.00 | state=MOVING | detections=240
[INFO] [1790214805.094837587] [sage_semantic_world_model]: Target 5 updated | association_distance=0.68 m | raw=(5.78, -6.03, 0.00) | smoothed=(5.93, -6.53, 0.00) | velocity=(-0.04, 0.43, 0.00) m/s | speed=0.43 m/s | net=0.04 m | straightness=0.04 | direction=0.00 | state=MOVING | detections=241
[INFO] [1790214805.185753926] [sage_semantic_world_model]: Target 5 updated | association_distance=0.51 m | raw=(5.78, -6.03, 0.00) | smoothed=(5.89, -6.40, 0.00) | velocity=(-0.07, 0.41, 0.00) m/s | speed=0.41 m/s | net=0.27 m | straightness=0.26 | direction=0.00 | state=MOVING | detections=242
[INFO] [1790214805.286635470] [sage_semantic_world_model]: Target 5 updated | association_distance=0.38 m | raw=(5.78, -6.03, 0.00) | smoothed=(5.87, -6.31, 0.00) | velocity=(-0.09, 0.39, 0.00) m/s | speed=0.40 m/s | net=0.49 m | straightness=0.49 | direction=0.00 | state=MOVING | detections=243
[INFO] [1790214805.386989506] [sage_semantic_world_model]: Target 5 updated | association_distance=0.62 m | raw=(5.83, -5.70, 0.00) | smoothed=(5.86, -6.16, 0.00) | velocity=(-0.10, 0.44, 0.00) m/s | speed=0.46 m/s | net=0.74 m | straightness=0.69 | direction=0.78 | state=MOVING | detections=244
[INFO] [1790214805.480209755] [sage_semantic_world_model]: Target 5 updated | association_distance=0.46 m | raw=(5.83, -5.70, 0.00) | smoothed=(5.85, -6.04, 0.00) | velocity=(-0.19, 1.22, 0.00) m/s | speed=1.23 m/s | net=0.94 m | straightness=0.87 | direction=0.89 | state=MOVING | detections=245
[INFO] [1790214805.579400268] [sage_semantic_world_model]: Target 5 updated | association_distance=0.35 m | raw=(5.83, -5.70, 0.00) | smoothed=(5.85, -5.96, 0.00) | velocity=(-0.12, 1.12, 0.00) m/s | speed=1.12 m/s | net=1.10 m | straightness=0.99 | direction=1.00 | state=MOVING | detections=246
[INFO] [1790214805.678925052] [sage_semantic_world_model]: Target 5 updated | association_distance=0.14 m | raw=(5.77, -5.84, 0.00) | smoothed=(5.83, -5.93, 0.00) | velocity=(-0.10, 0.96, 0.00) m/s | speed=0.97 m/s | net=0.98 m | straightness=0.99 | direction=1.00 | state=MOVING | detections=247
[INFO] [1790214805.778527337] [sage_semantic_world_model]: Target 5 updated | association_distance=0.10 m | raw=(5.77, -5.84, 0.00) | smoothed=(5.81, -5.91, 0.00) | velocity=(-0.11, 0.62, 0.00) m/s | speed=0.63 m/s | net=0.89 m | straightness=0.99 | direction=1.00 | state=MOVING | detections=248
[INFO] [1790214805.887471652] [sage_semantic_world_model]: Target 5 updated | association_distance=0.16 m | raw=(5.81, -6.06, 0.00) | smoothed=(5.81, -5.95, 0.00) | velocity=(-0.10, 0.24, 0.00) m/s | speed=0.26 m/s | net=0.76 m | straightness=0.90 | direction=0.89 | state=MOVING | detections=249
[INFO] [1790214805.976877301] [sage_semantic_world_model]: Target 5 updated | association_distance=0.12 m | raw=(5.81, -6.06, 0.00) | smoothed=(5.81, -5.98, 0.00) | velocity=(-0.09, -0.05, 0.00) m/s | speed=0.10 m/s | net=0.56 m | straightness=0.79 | direction=0.78 | state=MOVING | detections=250
[INFO] [1790214806.084925253] [sage_semantic_world_model]: Target 5 updated | association_distance=0.09 m | raw=(5.81, -6.06, 0.00) | smoothed=(5.81, -6.00, 0.00) | velocity=(-0.04, -0.18, 0.00) m/s | speed=0.18 m/s | net=0.41 m | straightness=0.69 | direction=0.00 | state=MOVING | detections=251
[INFO] [1790214806.174063438] [sage_semantic_world_model]: Target 5 updated | association_distance=0.10 m | raw=(5.74, -6.07, 0.00) | smoothed=(5.79, -6.02, 0.00) | velocity=(-0.05, -0.27, 0.00) m/s | speed=0.28 m/s | net=0.30 m | straightness=0.57 | direction=0.00 | state=MOVING | detections=252
[INFO] [1790214806.280818852] [sage_semantic_world_model]: Target 5 updated | association_distance=0.07 m | raw=(5.74, -6.07, 0.00) | smoothed=(5.78, -6.03, 0.00) | velocity=(-0.08, -0.21, 0.00) m/s | speed=0.22 m/s | net=0.15 m | straightness=0.37 | direction=0.00 | state=MOVING | detections=253
[INFO] [1790214806.381217531] [sage_semantic_world_model]: Target 5 updated | association_distance=0.24 m | raw=(5.60, -6.19, 0.00) | smoothed=(5.73, -6.07, 0.00) | velocity=(-0.19, -0.24, 0.00) m/s | speed=0.30 m/s | net=0.12 m | straightness=0.35 | direction=0.00 | state=MOVING | detections=254
[INFO] [1790214806.475789095] [sage_semantic_world_model]: Target 5 updated | association_distance=0.18 m | raw=(5.60, -6.19, 0.00) | smoothed=(5.70, -6.10, 0.00) | velocity=(-0.27, -0.25, 0.00) m/s | speed=0.37 m/s | net=0.20 m | straightness=0.68 | direction=0.00 | state=MOVING | detections=255
[INFO] [1790214806.581319683] [sage_semantic_world_model]: Target 5 updated | association_distance=0.13 m | raw=(5.60, -6.19, 0.00) | smoothed=(5.68, -6.12, 0.00) | velocity=(-0.29, -0.26, 0.00) m/s | speed=0.39 m/s | net=0.24 m | straightness=0.82 | direction=0.00 | state=MOVING | detections=256
[INFO] [1790214806.677984580] [sage_semantic_world_model]: Target 5 updated | association_distance=0.10 m | raw=(5.60, -6.19, 0.00) | smoothed=(5.66, -6.14, 0.00) | velocity=(-0.31, -0.27, 0.00) m/s | speed=0.41 m/s | net=0.28 m | straightness=0.93 | direction=0.00 | state=MOVING | detections=257
[INFO] [1790214806.775525250] [sage_semantic_world_model]: Target 5 updated | association_distance=0.06 m | raw=(5.67, -6.19, 0.00) | smoothed=(5.66, -6.15, 0.00) | velocity=(-0.19, -0.20, 0.00) m/s | speed=0.28 m/s | net=0.25 m | straightness=0.94 | direction=0.00 | state=MOVING | detections=258
[INFO] [1790214806.886259548] [sage_semantic_world_model]: Target 5 updated | association_distance=0.04 m | raw=(5.67, -6.19, 0.00) | smoothed=(5.66, -6.16, 0.00) | velocity=(-0.10, -0.16, 0.00) m/s | speed=0.19 m/s | net=0.24 m | straightness=0.94 | direction=0.00 | state=MOVING | detections=259
[INFO] [1790214806.981900064] [sage_semantic_world_model]: Target 5 updated | association_distance=0.03 m | raw=(5.67, -6.19, 0.00) | smoothed=(5.66, -6.17, 0.00) | velocity=(-0.03, -0.12, 0.00) m/s | speed=0.13 m/s | net=0.23 m | straightness=0.94 | direction=0.00 | state=MOVING | detections=260
[INFO] [1790214807.086148886] [sage_semantic_world_model]: Target 5 updated | association_distance=0.19 m | raw=(5.49, -6.26, 0.00) | smoothed=(5.62, -6.19, 0.00) | velocity=(-0.09, -0.13, 0.00) m/s | speed=0.16 m/s | net=0.24 m | straightness=0.94 | direction=0.00 | state=MOVING | detections=261
[INFO] [1790214807.185645268] [sage_semantic_world_model]: Target 5 updated | association_distance=0.14 m | raw=(5.49, -6.26, 0.00) | smoothed=(5.59, -6.21, 0.00) | velocity=(-0.18, -0.14, 0.00) m/s | speed=0.22 m/s | net=0.26 m | straightness=0.94 | direction=0.00 | state=MOVING | detections=262
[INFO] [1790214807.282458957] [sage_semantic_world_model]: Target 5 updated | association_distance=0.11 m | raw=(5.49, -6.26, 0.00) | smoothed=(5.57, -6.22, 0.00) | velocity=(-0.24, -0.14, 0.00) m/s | speed=0.28 m/s | net=0.23 m | straightness=0.92 | direction=0.00 | state=MOVING | detections=263
[INFO] [1790214807.387595794] [sage_semantic_world_model]: Target 5 updated | association_distance=0.08 m | raw=(5.49, -6.26, 0.00) | smoothed=(5.55, -6.23, 0.00) | velocity=(-0.28, -0.15, 0.00) m/s | speed=0.32 m/s | net=0.20 m | straightness=0.91 | direction=0.00 | state=MOVING | detections=264
[INFO] [1790214807.478958940] [sage_semantic_world_model]: Target 5 updated | association_distance=0.16 m | raw=(5.45, -6.10, 0.00) | smoothed=(5.52, -6.20, 0.00) | velocity=(-0.25, -0.01, 0.00) m/s | speed=0.25 m/s | net=0.17 m | straightness=0.75 | direction=0.00 | state=MOVING | detections=265
[INFO] [1790214807.578208005] [sage_semantic_world_model]: Target 5 updated | association_distance=0.12 m | raw=(5.45, -6.10, 0.00) | smoothed=(5.51, -6.17, 0.00) | velocity=(-0.21, 0.09, 0.00) m/s | speed=0.23 m/s | net=0.16 m | straightness=0.67 | direction=0.00 | state=MOVING | detections=266
[INFO] [1790214807.687376670] [sage_semantic_world_model]: Target 5 updated | association_distance=0.08 m | raw=(5.53, -6.10, 0.00) | smoothed=(5.51, -6.15, 0.00) | velocity=(-0.14, 0.16, 0.00) m/s | speed=0.21 m/s | net=0.15 m | straightness=0.63 | direction=0.00 | state=MOVING | detections=267
[INFO] [1790214807.783418251] [sage_semantic_world_model]: Target 5 updated | association_distance=0.06 m | raw=(5.53, -6.10, 0.00) | smoothed=(5.52, -6.14, 0.00) | velocity=(-0.08, 0.22, 0.00) m/s | speed=0.24 m/s | net=0.15 m | straightness=0.61 | direction=0.00 | state=MOVING | detections=268
[INFO] [1790214807.878834430] [sage_semantic_world_model]: Target 5 updated | association_distance=0.04 m | raw=(5.53, -6.10, 0.00) | smoothed=(5.52, -6.13, 0.00) | velocity=(-0.01, 0.17, 0.00) m/s | speed=0.17 m/s | net=0.15 m | straightness=0.61 | direction=0.00 | state=MOVING | detections=269
[INFO] [1790214807.978124010] [sage_semantic_world_model]: Target 5 updated | association_distance=0.09 m | raw=(5.48, -6.04, 0.00) | smoothed=(5.51, -6.11, 0.00) | velocity=(0.01, 0.16, 0.00) m/s | speed=0.16 m/s | net=0.14 m | straightness=0.63 | direction=0.00 | state=MOVING | detections=270
[INFO] [1790214808.080412040] [sage_semantic_world_model]: Target 5 updated | association_distance=0.07 m | raw=(5.48, -6.04, 0.00) | smoothed=(5.50, -6.09, 0.00) | velocity=(-0.03, 0.15, 0.00) m/s | speed=0.16 m/s | net=0.15 m | straightness=0.72 | direction=0.00 | state=MOVING | detections=271
[INFO] [1790214808.179500008] [sage_semantic_world_model]: Target 5 updated | association_distance=0.05 m | raw=(5.48, -6.04, 0.00) | smoothed=(5.49, -6.08, 0.00) | velocity=(-0.05, 0.15, 0.00) m/s | speed=0.16 m/s | net=0.16 m | straightness=0.82 | direction=0.00 | state=MOVING | detections=272
[INFO] [1790214808.291766486] [sage_semantic_world_model]: Target 5 updated | association_distance=0.13 m | raw=(5.51, -6.21, 0.00) | smoothed=(5.50, -6.11, 0.00) | velocity=(-0.05, 0.04, 0.00) m/s | speed=0.07 m/s | net=0.13 m | straightness=0.62 | direction=0.00 | state=MOVING | detections=273
[INFO] [1790214808.379626508] [sage_semantic_world_model]: Target 5 updated | association_distance=0.10 m | raw=(5.51, -6.21, 0.00) | smoothed=(5.50, -6.14, 0.00) | velocity=(-0.02, -0.07, 0.00) m/s | speed=0.07 m/s | net=0.06 m | straightness=0.34 | direction=0.00 | state=MOVING | detections=274
[INFO] [1790214808.476239365] [sage_semantic_world_model]: Target 5 confirmed STATIONARY | net=0.05 m | avg_speed=0.05 m/s
[INFO] [1790214808.481302124] [sage_semantic_world_model]: Target 5 updated | association_distance=0.09 m | raw=(5.41, -6.11, 0.00) | smoothed=(5.48, -6.13, 0.00) | velocity=(-0.05, -0.10, 0.00) m/s | speed=0.11 m/s | net=0.05 m | straightness=0.27 | direction=0.00 | state=STATIONARY | detections=275
[INFO] [1790214808.578584206] [sage_semantic_world_model]: Target 5 updated | association_distance=0.07 m | raw=(5.41, -6.11, 0.00) | smoothed=(5.46, -6.13, 0.00) | velocity=(-0.08, -0.12, 0.00) m/s | speed=0.14 m/s | net=0.06 m | straightness=0.31 | direction=0.00 | state=STATIONARY | detections=276
[INFO] [1790214808.678188051] [sage_semantic_world_model]: Target 5 updated | association_distance=0.05 m | raw=(5.41, -6.11, 0.00) | smoothed=(5.45, -6.12, 0.00) | velocity=(-0.12, -0.03, 0.00) m/s | speed=0.12 m/s | net=0.07 m | straightness=0.38 | direction=0.00 | state=STATIONARY | detections=277
[INFO] [1790214808.787152125] [sage_semantic_world_model]: Target 5 updated | association_distance=0.15 m | raw=(5.57, -6.21, 0.00) | smoothed=(5.48, -6.15, 0.00) | velocity=(-0.05, -0.02, 0.00) m/s | speed=0.06 m/s | net=0.04 m | straightness=0.20 | direction=0.00 | state=STATIONARY | detections=278
[INFO] [1790214808.878379702] [sage_semantic_world_model]: Target 5 updated | association_distance=0.11 m | raw=(5.57, -6.21, 0.00) | smoothed=(5.50, -6.16, 0.00) | velocity=(0.06, -0.08, 0.00) m/s | speed=0.10 m/s | net=0.05 m | straightness=0.26 | direction=0.00 | state=STATIONARY | detections=279
[INFO] [1790214808.986592332] [sage_semantic_world_model]: Target 5 updated | association_distance=0.08 m | raw=(5.57, -6.21, 0.00) | smoothed=(5.52, -6.17, 0.00) | velocity=(0.15, -0.12, 0.00) m/s | speed=0.19 m/s | net=0.08 m | straightness=0.40 | direction=0.00 | state=STATIONARY | detections=280
[INFO] [1790214809.085380820] [sage_semantic_world_model]: Target 5 updated | association_distance=0.05 m | raw=(5.54, -6.13, 0.00) | smoothed=(5.52, -6.16, 0.00) | velocity=(0.19, -0.10, 0.00) m/s | speed=0.21 m/s | net=0.09 m | straightness=0.42 | direction=0.00 | state=STATIONARY | detections=281
[INFO] [1790214809.180418380] [sage_semantic_world_model]: Target 5 updated | association_distance=0.03 m | raw=(5.54, -6.13, 0.00) | smoothed=(5.53, -6.15, 0.00) | velocity=(0.12, -0.02, 0.00) m/s | speed=0.12 m/s | net=0.05 m | straightness=0.28 | direction=0.00 | state=STATIONARY | detections=282
[INFO] [1790214809.280985365] [sage_semantic_world_model]: Target 5 updated | association_distance=0.03 m | raw=(5.54, -6.13, 0.00) | smoothed=(5.53, -6.15, 0.00) | velocity=(0.06, 0.03, 0.00) m/s | speed=0.07 m/s | net=0.03 m | straightness=0.19 | direction=0.00 | state=STATIONARY | detections=283
[INFO] [1790214809.374417885] [sage_semantic_world_model]: Target 5 updated | association_distance=0.14 m | raw=(5.40, -6.20, 0.00) | smoothed=(5.50, -6.16, 0.00) | velocity=(-0.06, 0.03, 0.00) m/s | speed=0.06 m/s | net=0.04 m | straightness=0.20 | direction=0.00 | state=STATIONARY | detections=284
[INFO] [1790214809.478765247] [sage_semantic_world_model]: Target 5 updated | association_distance=0.10 m | raw=(5.40, -6.20, 0.00) | smoothed=(5.47, -6.17, 0.00) | velocity=(-0.13, -0.02, 0.00) m/s | speed=0.13 m/s | net=0.05 m | straightness=0.24 | direction=0.00 | state=STATIONARY | detections=285
[INFO] [1790214809.584386218] [sage_semantic_world_model]: Target 5 updated | association_distance=0.08 m | raw=(5.40, -6.20, 0.00) | smoothed=(5.46, -6.18, 0.00) | velocity=(-0.18, -0.06, 0.00) m/s | speed=0.19 m/s | net=0.05 m | straightness=0.28 | direction=0.00 | state=STATIONARY | detections=286
[INFO] [1790214809.676821773] [sage_semantic_world_model]: Target 5 updated | association_distance=0.12 m | raw=(5.51, -6.29, 0.00) | smoothed=(5.47, -6.21, 0.00) | velocity=(-0.15, -0.14, 0.00) m/s | speed=0.21 m/s | net=0.06 m | straightness=0.33 | direction=0.00 | state=STATIONARY | detections=287
[INFO] [1790214809.776986214] [sage_semantic_world_model]: Target 5 updated | association_distance=0.09 m | raw=(5.51, -6.29, 0.00) | smoothed=(5.48, -6.23, 0.00) | velocity=(-0.05, -0.17, 0.00) m/s | speed=0.17 m/s | net=0.07 m | straightness=0.39 | direction=0.00 | state=STATIONARY | detections=288
[INFO] [1790214809.876811334] [sage_semantic_world_model]: Target 5 updated | association_distance=0.07 m | raw=(5.51, -6.29, 0.00) | smoothed=(5.49, -6.24, 0.00) | velocity=(0.03, -0.18, 0.00) m/s | speed=0.18 m/s | net=0.08 m | straightness=0.44 | direction=0.00 | state=STATIONARY | detections=289
[INFO] [1790214809.978116079] [sage_semantic_world_model]: Target 5 updated | association_distance=0.19 m | raw=(5.32, -6.15, 0.00) | smoothed=(5.44, -6.22, 0.00) | velocity=(-0.03, -0.11, 0.00) m/s | speed=0.11 m/s | net=0.10 m | straightness=0.47 | direction=0.00 | state=STATIONARY | detections=290
[INFO] [1790214810.093400306] [sage_semantic_world_model]: Target 5 updated | association_distance=0.14 m | raw=(5.32, -6.15, 0.00) | smoothed=(5.41, -6.20, 0.00) | velocity=(-0.14, 0.00, 0.00) m/s | speed=0.14 m/s | net=0.12 m | straightness=0.52 | direction=0.00 | state=STATIONARY | detections=291
[INFO] [1790214810.186341780] [sage_semantic_world_model]: Target 5 updated | association_distance=0.10 m | raw=(5.32, -6.15, 0.00) | smoothed=(5.39, -6.19, 0.00) | velocity=(-0.22, 0.09, 0.00) m/s | speed=0.24 m/s | net=0.15 m | straightness=0.57 | direction=0.00 | state=STATIONARY | detections=292
[INFO] [1790214810.282564453] [sage_semantic_world_model]: Target 5 updated | association_distance=0.05 m | raw=(5.38, -6.24, 0.00) | smoothed=(5.39, -6.20, 0.00) | velocity=(-0.24, 0.10, 0.00) m/s | speed=0.26 m/s | net=0.12 m | straightness=0.50 | direction=0.00 | state=STATIONARY | detections=293
[INFO] [1790214810.378547496] [sage_semantic_world_model]: Target 5 updated | association_distance=0.04 m | raw=(5.38, -6.24, 0.00) | smoothed=(5.39, -6.21, 0.00) | velocity=(-0.14, 0.02, 0.00) m/s | speed=0.15 m/s | net=0.10 m | straightness=0.45 | direction=0.00 | state=STATIONARY | detections=294
[INFO] [1790214810.476446275] [sage_semantic_world_model]: Target 5 updated | association_distance=0.10 m | raw=(5.42, -6.31, 0.00) | smoothed=(5.39, -6.24, 0.00) | velocity=(-0.05, -0.08, 0.00) m/s | speed=0.09 m/s | net=0.09 m | straightness=0.38 | direction=0.00 | state=STATIONARY | detections=295
[INFO] [1790214810.579998363] [sage_semantic_world_model]: Target 5 updated | association_distance=0.08 m | raw=(5.42, -6.31, 0.00) | smoothed=(5.40, -6.26, 0.00) | velocity=(0.02, -0.16, 0.00) m/s | speed=0.16 m/s | net=0.08 m | straightness=0.39 | direction=0.00 | state=STATIONARY | detections=296
[INFO] [1790214810.681459662] [sage_semantic_world_model]: Target 5 updated | association_distance=0.06 m | raw=(5.43, -6.31, 0.00) | smoothed=(5.41, -6.27, 0.00) | velocity=(0.05, -0.16, 0.00) m/s | speed=0.17 m/s | net=0.08 m | straightness=0.40 | direction=0.00 | state=STATIONARY | detections=297
[INFO] [1790214810.789110175] [sage_semantic_world_model]: Target 5 updated | association_distance=0.04 m | raw=(5.43, -6.31, 0.00) | smoothed=(5.41, -6.28, 0.00) | velocity=(0.06, -0.17, 0.00) m/s | speed=0.18 m/s | net=0.08 m | straightness=0.41 | direction=0.00 | state=STATIONARY | detections=298
[INFO] [1790214810.876680357] [sage_semantic_world_model]: Target 5 updated | association_distance=0.03 m | raw=(5.43, -6.31, 0.00) | smoothed=(5.42, -6.29, 0.00) | velocity=(0.05, -0.12, 0.00) m/s | speed=0.14 m/s | net=0.07 m | straightness=0.44 | direction=0.00 | state=STATIONARY | detections=299
[INFO] [1790214810.979919639] [sage_semantic_world_model]: Target 5 updated | association_distance=0.13 m | raw=(5.29, -6.27, 0.00) | smoothed=(5.38, -6.28, 0.00) | velocity=(-0.04, -0.07, 0.00) m/s | speed=0.08 m/s | net=0.08 m | straightness=0.52 | direction=0.00 | state=STATIONARY | detections=300
[INFO] [1790214811.090239133] [sage_semantic_world_model]: Target 5 updated | association_distance=0.10 m | raw=(5.29, -6.27, 0.00) | smoothed=(5.36, -6.28, 0.00) | velocity=(-0.12, -0.02, 0.00) m/s | speed=0.12 m/s | net=0.09 m | straightness=0.58 | direction=0.00 | state=STATIONARY | detections=301
[INFO] [1790214811.179892699] [sage_semantic_world_model]: Target 5 updated | association_distance=0.07 m | raw=(5.29, -6.27, 0.00) | smoothed=(5.34, -6.28, 0.00) | velocity=(-0.18, 0.01, 0.00) m/s | speed=0.18 m/s | net=0.09 m | straightness=0.52 | direction=0.00 | state=STATIONARY | detections=302
[INFO] [1790214811.279693338] [sage_semantic_world_model]: Target 5 updated | association_distance=0.06 m | raw=(5.29, -6.27, 0.00) | smoothed=(5.33, -6.27, 0.00) | velocity=(-0.22, 0.03, 0.00) m/s | speed=0.22 m/s | net=0.09 m | straightness=0.50 | direction=0.00 | state=STATIONARY | detections=303
[INFO] [1790214811.387750685] [sage_semantic_world_model]: Target 5 updated | association_distance=0.10 m | raw=(5.23, -6.31, 0.00) | smoothed=(5.30, -6.28, 0.00) | velocity=(-0.20, 0.00, 0.00) m/s | speed=0.20 m/s | net=0.10 m | straightness=0.60 | direction=0.00 | state=STATIONARY | detections=304
[INFO] [1790214811.482319220] [sage_semantic_world_model]: Target 5 updated | association_distance=0.08 m | raw=(5.23, -6.31, 0.00) | smoothed=(5.28, -6.29, 0.00) | velocity=(-0.18, -0.02, 0.00) m/s | speed=0.19 m/s | net=0.12 m | straightness=0.71 | direction=0.00 | state=STATIONARY | detections=305
[INFO] [1790214811.576080370] [sage_semantic_world_model]: Target 5 updated | association_distance=0.06 m | raw=(5.23, -6.31, 0.00) | smoothed=(5.27, -6.29, 0.00) | velocity=(-0.17, -0.04, 0.00) m/s | speed=0.18 m/s | net=0.14 m | straightness=0.82 | direction=0.00 | state=STATIONARY | detections=306
[INFO] [1790214811.685439479] [sage_semantic_world_model]: Target 5 updated | association_distance=0.03 m | raw=(5.29, -6.32, 0.00) | smoothed=(5.28, -6.30, 0.00) | velocity=(-0.13, -0.06, 0.00) m/s | speed=0.14 m/s | net=0.14 m | straightness=0.83 | direction=0.00 | state=STATIONARY | detections=307
[INFO] [1790214811.777424059] [sage_semantic_world_model]: Target 5 updated | association_distance=0.02 m | raw=(5.29, -6.32, 0.00) | smoothed=(5.28, -6.30, 0.00) | velocity=(-0.06, -0.06, 0.00) m/s | speed=0.08 m/s | net=0.14 m | straightness=0.85 | direction=0.00 | state=STATIONARY | detections=308
[INFO] [1790214811.876007370] [sage_semantic_world_model]: Target 5 updated | association_distance=0.02 m | raw=(5.29, -6.32, 0.00) | smoothed=(5.28, -6.31, 0.00) | velocity=(-0.01, -0.05, 0.00) m/s | speed=0.05 m/s | net=0.11 m | straightness=0.78 | direction=0.00 | state=STATIONARY | detections=309
[INFO] [1790214811.982875993] [sage_semantic_world_model]: Target 5 updated | association_distance=0.11 m | raw=(5.39, -6.34, 0.00) | smoothed=(5.31, -6.32, 0.00) | velocity=(0.09, -0.06, 0.00) m/s | speed=0.11 m/s | net=0.06 m | straightness=0.44 | direction=0.00 | state=STATIONARY | detections=310
[INFO] [1790214812.088204888] [sage_semantic_world_model]: Target 5 updated | association_distance=0.09 m | raw=(5.39, -6.34, 0.00) | smoothed=(5.33, -6.32, 0.00) | velocity=(0.14, -0.05, 0.00) m/s | speed=0.15 m/s | net=0.05 m | straightness=0.32 | direction=0.00 | state=STATIONARY | detections=311
[INFO] [1790214812.183910170] [sage_semantic_world_model]: Target 5 updated | association_distance=0.06 m | raw=(5.39, -6.34, 0.00) | smoothed=(5.35, -6.32, 0.00) | velocity=(0.17, -0.05, 0.00) m/s | speed=0.17 m/s | net=0.05 m | straightness=0.37 | direction=0.00 | state=STATIONARY | detections=312
[INFO] [1790214812.280128605] [sage_semantic_world_model]: Target 5 updated | association_distance=0.16 m | raw=(5.49, -6.24, 0.00) | smoothed=(5.38, -6.30, 0.00) | velocity=(0.25, 0.01, 0.00) m/s | speed=0.25 m/s | net=0.08 m | straightness=0.51 | direction=0.00 | state=STATIONARY | detections=313
[INFO] [1790214812.377359433] [sage_semantic_world_model]: Target 5 updated | association_distance=0.12 m | raw=(5.49, -6.24, 0.00) | smoothed=(5.41, -6.29, 0.00) | velocity=(0.25, 0.07, 0.00) m/s | speed=0.26 m/s | net=0.12 m | straightness=0.72 | direction=0.00 | state=STATIONARY | detections=314
[INFO] [1790214812.479588233] [sage_semantic_world_model]: Target 5 updated | association_distance=0.09 m | raw=(5.49, -6.24, 0.00) | smoothed=(5.43, -6.28, 0.00) | velocity=(0.24, 0.11, 0.00) m/s | speed=0.27 m/s | net=0.16 m | straightness=0.87 | direction=0.00 | state=STATIONARY | detections=315
[INFO] [1790214812.579380448] [sage_semantic_world_model]: Target 5 updated | association_distance=0.07 m | raw=(5.49, -6.24, 0.00) | smoothed=(5.44, -6.27, 0.00) | velocity=(0.24, 0.14, 0.00) m/s | speed=0.28 m/s | net=0.17 m | straightness=0.90 | direction=0.00 | state=STATIONARY | detections=316
[INFO] [1790214812.676986889] [sage_semantic_world_model]: Target 5 updated | association_distance=0.05 m | raw=(5.49, -6.24, 0.00) | smoothed=(5.45, -6.26, 0.00) | velocity=(0.18, 0.10, 0.00) m/s | speed=0.21 m/s | net=0.18 m | straightness=0.92 | direction=0.00 | state=STATIONARY | detections=317
