[INFO] [1790286975.795907207] [sage_energy_monitor]: SAGE energy monitor started.
[INFO] [1790286975.796769429] [sage_energy_monitor]: Cruise speed 1.0 m/s | reserve 0.20
[INFO] [1790286978.671102101] [sage_energy_monitor]: ENERGY | remaining=99.0 % | voltage=16.18 V | drain_rate=n/a | home_distance=0.0 m | return_time=4 s | return_cost=n/a | margin_after_return=n/a
[INFO] [1790286979.679733056] [sage_energy_monitor]: ENERGY | remaining=99.0 % | voltage=16.18 V | drain_rate=n/a | home_distance=0.0 m | return_time=4 s | return_cost=n/a | margin_after_return=n/a
[INFO] [1790286980.671941537] [sage_energy_monitor]: ENERGY | remaining=98.9 % | voltage=16.18 V | drain_rate=n/a | home_distance=0.0 m | return_time=4 s | return_cost=n/a | margin_after_return=n/a
[INFO] [1790286981.680611608] [sage_energy_monitor]: ENERGY | remaining=98.9 % | voltage=16.18 V | drain_rate=n/a | home_distance=0.0 m | return_time=4 s | return_cost=n/a | margin_after_return=n/a
[INFO] [1790286982.675315883] [sage_energy_monitor]: ENERGY | remaining=98.8 % | voltage=16.18 V | drain_rate=n/a | home_distance=0.0 m | return_time=4 s | return_cost=n/a | margin_after_return=n/a
[INFO] [1790286983.670886826] [sage_energy_monitor]: ENERGY | remaining=98.8 % | voltage=16.18 V | drain_rate=0.053 %/s | home_distance=0.0 m | return_time=4 s | return_cost=0.2 % | margin_after_return=78.6 %
[INFO] [1790286984.672794357] [sage_energy_monitor]: ENERGY | remaining=98.7 % | voltage=16.18 V | drain_rate=0.053 %/s | home_distance=0.0 m | return_time=4 s | return_cost=0.2 % | margin_after_return=78.5 %
[INFO] [1790286985.670643391] [sage_energy_monitor]: ENERGY | remaining=98.7 % | voltage=16.17 V | drain_rate=0.051 %/s | home_distance=0.0 m | return_time=4 s | return_cost=0.2 % | margin_after_return=78.5 %
[INFO] [1790286986.674329541] [sage_energy_monitor]: ENERGY | remaining=98.6 % | voltage=16.17 V | drain_rate=0.051 %/s | home_distance=0.0 m | return_time=4 s | return_cost=0.2 % | margin_after_return=78.4 %
[INFO] [1790286987.670640474] [sage_energy_monitor]: ENERGY | remaining=98.6 % | voltage=16.17 V | drain_rate=0.050 %/s | home_distance=0.0 m | return_time=3 s | return_cost=0.2 % | margin_after_return=78.4 %
[INFO] [1790286988.671558936] [sage_energy_monitor]: ENERGY | remaining=98.5 % | voltage=16.17 V | drain_rate=0.049 %/s | home_distance=0.0 m | return_time=3 s | return_cost=0.2 % | margin_after_return=78.4 %
[INFO] [1790286989.672238517] [sage_energy_monitor]: ENERGY | remaining=98.5 % | voltage=16.17 V | drain_rate=0.049 %/s | home_distance=0.0 m | return_time=4 s | return_cost=0.2 % | margin_after_return=78.3 %
[INFO] [1790286990.672013503] [sage_energy_monitor]: ENERGY | remaining=98.4 % | voltage=16.17 V | drain_rate=0.049 %/s | home_distance=0.0 m | return_time=4 s | return_cost=0.2 % | margin_after_return=78.3 %
[INFO] [1790286991.673570404] [sage_energy_monitor]: ENERGY | remaining=98.4 % | voltage=16.17 V | drain_rate=0.048 %/s | home_distance=0.0 m | return_time=4 s | return_cost=0.2 % | margin_after_return=78.2 %
[INFO] [1790286992.675725400] [sage_energy_monitor]: ENERGY | remaining=98.3 % | voltage=16.17 V | drain_rate=0.048 %/s | home_distance=0.0 m | return_time=4 s | return_cost=0.2 % | margin_after_return=78.2 %
[INFO] [1790286993.671231361] [sage_energy_monitor]: ENERGY | remaining=98.3 % | voltage=16.17 V | drain_rate=0.048 %/s | home_distance=0.0 m | return_time=4 s | return_cost=0.2 % | margin_after_return=78.1 %
[INFO] [1790286994.671800715] [sage_energy_monitor]: ENERGY | remaining=98.3 % | voltage=16.17 V | drain_rate=0.048 %/s | home_distance=0.0 m | return_time=4 s | return_cost=0.2 % | margin_after_return=78.1 %
[INFO] [1790286995.675770220] [sage_energy_monitor]: ENERGY | remaining=98.2 % | voltage=16.17 V | drain_rate=0.048 %/s | home_distance=0.0 m | return_time=4 s | return_cost=0.2 % | margin_after_return=78.0 %
[INFO] [1790286996.671137767] [sage_energy_monitor]: ENERGY | remaining=98.2 % | voltage=16.17 V | drain_rate=0.047 %/s | home_distance=0.0 m | return_time=4 s | return_cost=0.2 % | margin_after_return=78.0 %
[INFO] [1790286997.674600715] [sage_energy_monitor]: ENERGY | remaining=98.1 % | voltage=16.17 V | drain_rate=0.047 %/s | home_distance=0.0 m | return_time=4 s | return_cost=0.2 % | margin_after_return=77.9 %
[INFO] [1790286998.670960643] [sage_energy_monitor]: ENERGY | remaining=98.1 % | voltage=16.16 V | drain_rate=0.047 %/s | home_distance=0.0 m | return_time=4 s | return_cost=0.2 % | margin_after_return=77.9 %
[INFO] [1790286999.675957797] [sage_energy_monitor]: ENERGY | remaining=98.0 % | voltage=16.16 V | drain_rate=0.047 %/s | home_distance=0.0 m | return_time=4 s | return_cost=0.2 % | margin_after_return=77.8 %
[INFO] [1790287000.670795254] [sage_energy_monitor]: ENERGY | remaining=98.0 % | voltage=16.16 V | drain_rate=0.047 %/s | home_distance=0.0 m | return_time=4 s | return_cost=0.2 % | margin_after_return=77.8 %
[INFO] [1790287001.671345577] [sage_energy_monitor]: ENERGY | remaining=97.9 % | voltage=16.16 V | drain_rate=0.047 %/s | home_distance=0.0 m | return_time=4 s | return_cost=0.2 % | margin_after_return=77.7 %
[INFO] [1790287002.672076993] [sage_energy_monitor]: ENERGY | remaining=97.9 % | voltage=16.16 V | drain_rate=0.047 %/s | home_distance=0.0 m | return_time=4 s | return_cost=0.2 % | margin_after_return=77.7 %
[INFO] [1790287003.672968191] [sage_energy_monitor]: ENERGY | remaining=97.8 % | voltage=16.16 V | drain_rate=0.047 %/s | home_distance=0.0 m | return_time=4 s | return_cost=0.2 % | margin_after_return=77.7 %
[INFO] [1790287004.677877211] [sage_energy_monitor]: ENERGY | remaining=97.8 % | voltage=16.16 V | drain_rate=0.047 %/s | home_distance=0.0 m | return_time=4 s | return_cost=0.2 % | margin_after_return=77.6 %
[INFO] [1790287005.670757069] [sage_energy_monitor]: ENERGY | remaining=97.8 % | voltage=16.16 V | drain_rate=0.047 %/s | home_distance=0.0 m | return_time=4 s | return_cost=0.2 % | margin_after_return=77.6 %
[INFO] [1790287006.671689144] [sage_energy_monitor]: ENERGY | remaining=97.7 % | voltage=16.16 V | drain_rate=0.047 %/s | home_distance=0.0 m | return_time=4 s | return_cost=0.2 % | margin_after_return=77.5 %
[INFO] [1790287007.676760108] [sage_energy_monitor]: ENERGY | remaining=97.7 % | voltage=16.16 V | drain_rate=0.047 %/s | home_distance=0.0 m | return_time=4 s | return_cost=0.2 % | margin_after_return=77.5 %
[INFO] [1790287008.675240533] [sage_energy_monitor]: ENERGY | remaining=97.6 % | voltage=16.16 V | drain_rate=0.047 %/s | home_distance=0.0 m | return_time=4 s | return_cost=0.2 % | margin_after_return=77.4 %
[INFO] [1790287009.670980622] [sage_energy_monitor]: ENERGY | remaining=97.6 % | voltage=16.16 V | drain_rate=0.046 %/s | home_distance=0.0 m | return_time=4 s | return_cost=0.2 % | margin_after_return=77.4 %
[INFO] [1790287010.673872424] [sage_energy_monitor]: ENERGY | remaining=97.5 % | voltage=16.15 V | drain_rate=0.046 %/s | home_distance=0.0 m | return_time=4 s | return_cost=0.2 % | margin_after_return=77.3 %
[INFO] [1790287011.674443404] [sage_energy_monitor]: ENERGY | remaining=97.5 % | voltage=16.15 V | drain_rate=0.046 %/s | home_distance=0.0 m | return_time=4 s | return_cost=0.2 % | margin_after_return=77.3 %
[INFO] [1790287012.671054991] [sage_energy_monitor]: ENERGY | remaining=97.4 % | voltage=16.15 V | drain_rate=0.045 %/s | home_distance=0.0 m | return_time=4 s | return_cost=0.2 % | margin_after_return=77.3 %
[INFO] [1790287013.679887647] [sage_energy_monitor]: ENERGY | remaining=97.4 % | voltage=16.15 V | drain_rate=0.045 %/s | home_distance=0.0 m | return_time=4 s | return_cost=0.2 % | margin_after_return=77.2 %
[INFO] [1790287014.678285608] [sage_energy_monitor]: ENERGY | remaining=97.4 % | voltage=16.15 V | drain_rate=0.045 %/s | home_distance=0.0 m | return_time=4 s | return_cost=0.2 % | margin_after_return=77.2 %
[INFO] [1790287015.675700615] [sage_energy_monitor]: ENERGY | remaining=97.3 % | voltage=16.15 V | drain_rate=0.045 %/s | home_distance=0.0 m | return_time=4 s | return_cost=0.2 % | margin_after_return=77.1 %
[INFO] [1790287016.671849060] [sage_energy_monitor]: ENERGY | remaining=97.3 % | voltage=16.15 V | drain_rate=0.045 %/s | home_distance=0.0 m | return_time=4 s | return_cost=0.2 % | margin_after_return=77.1 %
[INFO] [1790287017.677247121] [sage_energy_monitor]: ENERGY | remaining=97.2 % | voltage=16.15 V | drain_rate=0.044 %/s | home_distance=0.0 m | return_time=4 s | return_cost=0.2 % | margin_after_return=77.1 %
[INFO] [1790287018.672655575] [sage_energy_monitor]: ENERGY | remaining=97.2 % | voltage=16.15 V | drain_rate=0.044 %/s | home_distance=0.0 m | return_time=4 s | return_cost=0.2 % | margin_after_return=77.0 %
[INFO] [1790287019.671406403] [sage_energy_monitor]: ENERGY | remaining=97.2 % | voltage=16.15 V | drain_rate=0.044 %/s | home_distance=0.0 m | return_time=4 s | return_cost=0.2 % | margin_after_return=77.0 %
[INFO] [1790287020.672711910] [sage_energy_monitor]: ENERGY | remaining=97.1 % | voltage=16.15 V | drain_rate=0.043 %/s | home_distance=0.0 m | return_time=4 s | return_cost=0.2 % | margin_after_return=77.0 %
[INFO] [1790287021.671088299] [sage_energy_monitor]: ENERGY | remaining=97.1 % | voltage=16.15 V | drain_rate=0.043 %/s | home_distance=0.0 m | return_time=4 s | return_cost=0.2 % | margin_after_return=76.9 %
[INFO] [1790287022.671921646] [sage_energy_monitor]: ENERGY | remaining=97.1 % | voltage=16.15 V | drain_rate=0.043 %/s | home_distance=0.0 m | return_time=4 s | return_cost=0.2 % | margin_after_return=76.9 %
[INFO] [1790287023.673245869] [sage_energy_monitor]: ENERGY | remaining=97.0 % | voltage=16.15 V | drain_rate=0.042 %/s | home_distance=0.0 m | return_time=4 s | return_cost=0.2 % | margin_after_return=76.9 %
[INFO] [1790287024.673571711] [sage_energy_monitor]: ENERGY | remaining=97.0 % | voltage=16.14 V | drain_rate=0.042 %/s | home_distance=0.0 m | return_time=4 s | return_cost=0.2 % | margin_after_return=76.8 %
[INFO] [1790287025.676511190] [sage_energy_monitor]: ENERGY | remaining=96.9 % | voltage=16.14 V | drain_rate=0.042 %/s | home_distance=0.0 m | return_time=4 s | return_cost=0.2 % | margin_after_return=76.8 %
[INFO] [1790287026.673377924] [sage_energy_monitor]: ENERGY | remaining=96.9 % | voltage=16.14 V | drain_rate=0.042 %/s | home_distance=0.0 m | return_time=4 s | return_cost=0.2 % | margin_after_return=76.7 %
[INFO] [1790287027.672703172] [sage_energy_monitor]: ENERGY | remaining=96.9 % | voltage=16.14 V | drain_rate=0.042 %/s | home_distance=0.0 m | return_time=4 s | return_cost=0.2 % | margin_after_return=76.7 %
[INFO] [1790287028.679304365] [sage_energy_monitor]: ENERGY | remaining=96.8 % | voltage=16.14 V | drain_rate=0.042 %/s | home_distance=0.0 m | return_time=4 s | return_cost=0.2 % | margin_after_return=76.7 %
[INFO] [1790287029.682454160] [sage_energy_monitor]: ENERGY | remaining=96.8 % | voltage=16.14 V | drain_rate=0.042 %/s | home_distance=0.0 m | return_time=4 s | return_cost=0.2 % | margin_after_return=76.6 %
[INFO] [1790287030.673095633] [sage_energy_monitor]: ENERGY | remaining=96.7 % | voltage=16.14 V | drain_rate=0.041 %/s | home_distance=0.0 m | return_time=4 s | return_cost=0.2 % | margin_after_return=76.6 %
[INFO] [1790287031.671714388] [sage_energy_monitor]: ENERGY | remaining=96.7 % | voltage=16.14 V | drain_rate=0.041 %/s | home_distance=0.0 m | return_time=4 s | return_cost=0.2 % | margin_after_return=76.5 %
[INFO] [1790287032.670823483] [sage_energy_monitor]: ENERGY | remaining=96.7 % | voltage=16.14 V | drain_rate=0.041 %/s | home_distance=0.1 m | return_time=4 s | return_cost=0.2 % | margin_after_return=76.5 %
[INFO] [1790287033.673191760] [sage_energy_monitor]: ENERGY | remaining=96.6 % | voltage=16.14 V | drain_rate=0.041 %/s | home_distance=1.4 m | return_time=5 s | return_cost=0.2 % | margin_after_return=76.4 %
[INFO] [1790287034.670956621] [sage_energy_monitor]: ENERGY | remaining=96.6 % | voltage=16.14 V | drain_rate=0.041 %/s | home_distance=3.5 m | return_time=8 s | return_cost=0.3 % | margin_after_return=76.3 %
[INFO] [1790287035.672746920] [sage_energy_monitor]: ENERGY | remaining=96.5 % | voltage=16.14 V | drain_rate=0.041 %/s | home_distance=4.9 m | return_time=9 s | return_cost=0.4 % | margin_after_return=76.2 %
[INFO] [1790287036.675256570] [sage_energy_monitor]: ENERGY | remaining=96.5 % | voltage=16.14 V | drain_rate=0.040 %/s | home_distance=5.3 m | return_time=10 s | return_cost=0.4 % | margin_after_return=76.1 %
[INFO] [1790287037.671424748] [sage_energy_monitor]: ENERGY | remaining=96.5 % | voltage=16.14 V | drain_rate=0.040 %/s | home_distance=5.2 m | return_time=9 s | return_cost=0.4 % | margin_after_return=76.1 %
[INFO] [1790287038.675908532] [sage_energy_monitor]: ENERGY | remaining=96.4 % | voltage=16.13 V | drain_rate=0.040 %/s | home_distance=3.6 m | return_time=8 s | return_cost=0.3 % | margin_after_return=76.1 %
[INFO] [1790287039.672712498] [sage_energy_monitor]: ENERGY | remaining=96.4 % | voltage=16.13 V | drain_rate=0.040 %/s | home_distance=2.3 m | return_time=6 s | return_cost=0.3 % | margin_after_return=76.1 %
[INFO] [1790287040.673603621] [sage_energy_monitor]: ENERGY | remaining=96.3 % | voltage=16.13 V | drain_rate=0.040 %/s | home_distance=1.8 m | return_time=6 s | return_cost=0.2 % | margin_after_return=76.1 %
[INFO] [1790287041.671304980] [sage_energy_monitor]: ENERGY | remaining=96.3 % | voltage=16.13 V | drain_rate=0.040 %/s | home_distance=3.1 m | return_time=7 s | return_cost=0.3 % | margin_after_return=76.0 %
[INFO] [1790287042.671151932] [sage_energy_monitor]: ENERGY | remaining=96.2 % | voltage=16.13 V | drain_rate=0.040 %/s | home_distance=4.6 m | return_time=9 s | return_cost=0.3 % | margin_after_return=75.9 %
[INFO] [1790287043.686441051] [sage_energy_monitor]: ENERGY | remaining=96.2 % | voltage=16.13 V | drain_rate=0.040 %/s | home_distance=5.5 m | return_time=9 s | return_cost=0.4 % | margin_after_return=75.8 %
[INFO] [1790287044.674930759] [sage_energy_monitor]: ENERGY | remaining=96.2 % | voltage=16.13 V | drain_rate=0.040 %/s | home_distance=5.9 m | return_time=10 s | return_cost=0.4 % | margin_after_return=75.8 %
[INFO] [1790287045.684132288] [sage_energy_monitor]: ENERGY | remaining=96.1 % | voltage=16.13 V | drain_rate=0.040 %/s | home_distance=5.9 m | return_time=10 s | return_cost=0.4 % | margin_after_return=75.7 %
[INFO] [1790287046.672098411] [sage_energy_monitor]: ENERGY | remaining=96.1 % | voltage=16.13 V | drain_rate=0.040 %/s | home_distance=5.8 m | return_time=10 s | return_cost=0.4 % | margin_after_return=75.7 %
[INFO] [1790287047.672996659] [sage_energy_monitor]: ENERGY | remaining=96.0 % | voltage=16.13 V | drain_rate=0.040 %/s | home_distance=5.8 m | return_time=10 s | return_cost=0.4 % | margin_after_return=75.7 %
[INFO] [1790287048.674422884] [sage_energy_monitor]: ENERGY | remaining=96.0 % | voltage=16.13 V | drain_rate=0.040 %/s | home_distance=5.6 m | return_time=9 s | return_cost=0.4 % | margin_after_return=75.6 %
[INFO] [1790287049.671011472] [sage_energy_monitor]: ENERGY | remaining=96.0 % | voltage=16.13 V | drain_rate=0.041 %/s | home_distance=5.3 m | return_time=9 s | return_cost=0.4 % | margin_after_return=75.6 %
[INFO] [1790287050.678987786] [sage_energy_monitor]: ENERGY | remaining=95.9 % | voltage=16.13 V | drain_rate=0.041 %/s | home_distance=5.5 m | return_time=9 s | return_cost=0.4 % | margin_after_return=75.5 %
[INFO] [1790287051.674359965] [sage_energy_monitor]: ENERGY | remaining=95.9 % | voltage=16.12 V | drain_rate=0.041 %/s | home_distance=5.6 m | return_time=9 s | return_cost=0.4 % | margin_after_return=75.5 %
[INFO] [1790287052.672123488] [sage_energy_monitor]: ENERGY | remaining=95.8 % | voltage=16.12 V | drain_rate=0.041 %/s | home_distance=6.0 m | return_time=10 s | return_cost=0.4 % | margin_after_return=75.4 %
[INFO] [1790287053.673534784] [sage_energy_monitor]: ENERGY | remaining=95.8 % | voltage=16.12 V | drain_rate=0.041 %/s | home_distance=7.4 m | return_time=11 s | return_cost=0.5 % | margin_after_return=75.3 %
[INFO] [1790287054.676328179] [sage_energy_monitor]: ENERGY | remaining=95.8 % | voltage=16.12 V | drain_rate=0.041 %/s | home_distance=9.4 m | return_time=13 s | return_cost=0.6 % | margin_after_return=75.2 %
[INFO] [1790287055.671023877] [sage_energy_monitor]: ENERGY | remaining=95.7 % | voltage=16.12 V | drain_rate=0.041 %/s | home_distance=11.0 m | return_time=15 s | return_cost=0.6 % | margin_after_return=75.1 %
[INFO] [1790287056.672122431] [sage_energy_monitor]: ENERGY | remaining=95.7 % | voltage=16.12 V | drain_rate=0.041 %/s | home_distance=11.8 m | return_time=16 s | return_cost=0.6 % | margin_after_return=75.0 %
[INFO] [1790287057.676227258] [sage_energy_monitor]: ENERGY | remaining=95.6 % | voltage=16.12 V | drain_rate=0.041 %/s | home_distance=11.7 m | return_time=16 s | return_cost=0.6 % | margin_after_return=75.0 %
[INFO] [1790287058.673079350] [sage_energy_monitor]: ENERGY | remaining=95.6 % | voltage=16.12 V | drain_rate=0.041 %/s | home_distance=10.9 m | return_time=15 s | return_cost=0.6 % | margin_after_return=75.0 %
[INFO] [1790287059.678615075] [sage_energy_monitor]: ENERGY | remaining=95.5 % | voltage=16.12 V | drain_rate=0.041 %/s | home_distance=10.7 m | return_time=15 s | return_cost=0.6 % | margin_after_return=74.9 %
[INFO] [1790287060.672100619] [sage_energy_monitor]: ENERGY | remaining=95.5 % | voltage=16.12 V | drain_rate=0.041 %/s | home_distance=11.1 m | return_time=15 s | return_cost=0.6 % | margin_after_return=74.9 %
[INFO] [1790287061.672874936] [sage_energy_monitor]: ENERGY | remaining=95.5 % | voltage=16.12 V | drain_rate=0.041 %/s | home_distance=11.4 m | return_time=15 s | return_cost=0.6 % | margin_after_return=74.8 %
[INFO] [1790287062.671565225] [sage_energy_monitor]: ENERGY | remaining=95.4 % | voltage=16.12 V | drain_rate=0.041 %/s | home_distance=10.6 m | return_time=15 s | return_cost=0.6 % | margin_after_return=74.8 %
[INFO] [1790287063.676881498] [sage_energy_monitor]: ENERGY | remaining=95.4 % | voltage=16.12 V | drain_rate=0.041 %/s | home_distance=8.9 m | return_time=13 s | return_cost=0.5 % | margin_after_return=74.8 %
[INFO] [1790287064.674223119] [sage_energy_monitor]: ENERGY | remaining=95.3 % | voltage=16.12 V | drain_rate=0.041 %/s | home_distance=8.0 m | return_time=12 s | return_cost=0.5 % | margin_after_return=74.8 %
[INFO] [1790287065.673577520] [sage_energy_monitor]: ENERGY | remaining=95.3 % | voltage=16.11 V | drain_rate=0.041 %/s | home_distance=8.1 m | return_time=12 s | return_cost=0.5 % | margin_after_return=74.8 %
[INFO] [1790287066.680907712] [sage_energy_monitor]: ENERGY | remaining=95.3 % | voltage=16.11 V | drain_rate=0.041 %/s | home_distance=9.1 m | return_time=13 s | return_cost=0.5 % | margin_after_return=74.7 %
[INFO] [1790287067.674834224] [sage_energy_monitor]: ENERGY | remaining=95.2 % | voltage=16.11 V | drain_rate=0.041 %/s | home_distance=9.8 m | return_time=14 s | return_cost=0.6 % | margin_after_return=74.6 %
[INFO] [1790287068.674921643] [sage_energy_monitor]: ENERGY | remaining=95.2 % | voltage=16.11 V | drain_rate=0.041 %/s | home_distance=10.0 m | return_time=14 s | return_cost=0.6 % | margin_after_return=74.6 %
[INFO] [1790287069.671040886] [sage_energy_monitor]: ENERGY | remaining=95.1 % | voltage=16.11 V | drain_rate=0.041 %/s | home_distance=9.9 m | return_time=14 s | return_cost=0.6 % | margin_after_return=74.6 %
[INFO] [1790287070.672787972] [sage_energy_monitor]: ENERGY | remaining=95.1 % | voltage=16.11 V | drain_rate=0.041 %/s | home_distance=9.1 m | return_time=13 s | return_cost=0.5 % | margin_after_return=74.6 %
[INFO] [1790287071.674154916] [sage_energy_monitor]: ENERGY | remaining=95.1 % | voltage=16.11 V | drain_rate=0.041 %/s | home_distance=7.3 m | return_time=11 s | return_cost=0.5 % | margin_after_return=74.6 %
[INFO] [1790287072.670638210] [sage_energy_monitor]: ENERGY | remaining=95.0 % | voltage=16.11 V | drain_rate=0.041 %/s | home_distance=6.7 m | return_time=11 s | return_cost=0.4 % | margin_after_return=74.6 %
[INFO] [1790287073.671891435] [sage_energy_monitor]: ENERGY | remaining=95.0 % | voltage=16.11 V | drain_rate=0.041 %/s | home_distance=8.1 m | return_time=12 s | return_cost=0.5 % | margin_after_return=74.5 %
[INFO] [1790287074.672655527] [sage_energy_monitor]: ENERGY | remaining=94.9 % | voltage=16.11 V | drain_rate=0.041 %/s | home_distance=9.1 m | return_time=13 s | return_cost=0.5 % | margin_after_return=74.4 %
[INFO] [1790287075.685038279] [sage_energy_monitor]: ENERGY | remaining=94.9 % | voltage=16.11 V | drain_rate=0.041 %/s | home_distance=9.5 m | return_time=14 s | return_cost=0.6 % | margin_after_return=74.3 %
[INFO] [1790287076.677732382] [sage_energy_monitor]: ENERGY | remaining=94.8 % | voltage=16.11 V | drain_rate=0.041 %/s | home_distance=9.5 m | return_time=14 s | return_cost=0.6 % | margin_after_return=74.3 %
[INFO] [1790287077.674786336] [sage_energy_monitor]: ENERGY | remaining=94.8 % | voltage=16.11 V | drain_rate=0.041 %/s | home_distance=9.6 m | return_time=14 s | return_cost=0.6 % | margin_after_return=74.2 %
[INFO] [1790287078.673880225] [sage_energy_monitor]: ENERGY | remaining=94.8 % | voltage=16.10 V | drain_rate=0.041 %/s | home_distance=10.7 m | return_time=15 s | return_cost=0.6 % | margin_after_return=74.2 %
[INFO] [1790287079.673210063] [sage_energy_monitor]: ENERGY | remaining=94.7 % | voltage=16.10 V | drain_rate=0.041 %/s | home_distance=12.3 m | return_time=16 s | return_cost=0.7 % | margin_after_return=74.1 %
[INFO] [1790287080.676899471] [sage_energy_monitor]: ENERGY | remaining=94.7 % | voltage=16.10 V | drain_rate=0.041 %/s | home_distance=13.4 m | return_time=17 s | return_cost=0.7 % | margin_after_return=74.0 %
[INFO] [1790287081.677042823] [sage_energy_monitor]: ENERGY | remaining=94.6 % | voltage=16.10 V | drain_rate=0.041 %/s | home_distance=13.9 m | return_time=18 s | return_cost=0.7 % | margin_after_return=73.9 %
[INFO] [1790287082.670948658] [sage_energy_monitor]: ENERGY | remaining=94.6 % | voltage=16.10 V | drain_rate=0.041 %/s | home_distance=14.6 m | return_time=18 s | return_cost=0.8 % | margin_after_return=73.8 %
[INFO] [1790287083.674477959] [sage_energy_monitor]: ENERGY | remaining=94.6 % | voltage=16.10 V | drain_rate=0.041 %/s | home_distance=15.4 m | return_time=19 s | return_cost=0.8 % | margin_after_return=73.8 %
[INFO] [1790287084.675748145] [sage_energy_monitor]: ENERGY | remaining=94.5 % | voltage=16.10 V | drain_rate=0.041 %/s | home_distance=15.7 m | return_time=20 s | return_cost=0.8 % | margin_after_return=73.7 %
[INFO] [1790287085.672768694] [sage_energy_monitor]: ENERGY | remaining=94.5 % | voltage=16.10 V | drain_rate=0.041 %/s | home_distance=15.7 m | return_time=20 s | return_cost=0.8 % | margin_after_return=73.7 %
[INFO] [1790287086.676058334] [sage_energy_monitor]: ENERGY | remaining=94.4 % | voltage=16.10 V | drain_rate=0.042 %/s | home_distance=15.6 m | return_time=19 s | return_cost=0.8 % | margin_after_return=73.6 %
[INFO] [1790287087.680211511] [sage_energy_monitor]: ENERGY | remaining=94.4 % | voltage=16.10 V | drain_rate=0.042 %/s | home_distance=15.5 m | return_time=19 s | return_cost=0.8 % | margin_after_return=73.6 %
[INFO] [1790287088.671468292] [sage_energy_monitor]: ENERGY | remaining=94.3 % | voltage=16.10 V | drain_rate=0.042 %/s | home_distance=15.2 m | return_time=19 s | return_cost=0.8 % | margin_after_return=73.6 %
[INFO] [1790287089.677089161] [sage_energy_monitor]: ENERGY | remaining=94.3 % | voltage=16.10 V | drain_rate=0.041 %/s | home_distance=14.4 m | return_time=18 s | return_cost=0.7 % | margin_after_return=73.6 %
[INFO] [1790287090.675566462] [sage_energy_monitor]: ENERGY | remaining=94.3 % | voltage=16.10 V | drain_rate=0.041 %/s | home_distance=13.7 m | return_time=18 s | return_cost=0.7 % | margin_after_return=73.5 %
[INFO] [1790287091.678863560] [sage_energy_monitor]: ENERGY | remaining=94.2 % | voltage=16.09 V | drain_rate=0.041 %/s | home_distance=13.4 m | return_time=18 s | return_cost=0.7 % | margin_after_return=73.5 %
[INFO] [1790287092.677272709] [sage_energy_monitor]: ENERGY | remaining=94.2 % | voltage=16.09 V | drain_rate=0.041 %/s | home_distance=13.9 m | return_time=18 s | return_cost=0.7 % | margin_after_return=73.4 %
[INFO] [1790287093.672852631] [sage_energy_monitor]: ENERGY | remaining=94.1 % | voltage=16.09 V | drain_rate=0.041 %/s | home_distance=14.4 m | return_time=19 s | return_cost=0.8 % | margin_after_return=73.4 %
[INFO] [1790287094.672485127] [sage_energy_monitor]: ENERGY | remaining=94.1 % | voltage=16.09 V | drain_rate=0.042 %/s | home_distance=14.6 m | return_time=19 s | return_cost=0.8 % | margin_after_return=73.3 %
[INFO] [1790287095.682662280] [sage_energy_monitor]: ENERGY | remaining=94.1 % | voltage=16.09 V | drain_rate=0.041 %/s | home_distance=14.4 m | return_time=18 s | return_cost=0.8 % | margin_after_return=73.3 %
[INFO] [1790287096.670974841] [sage_energy_monitor]: ENERGY | remaining=94.0 % | voltage=16.09 V | drain_rate=0.041 %/s | home_distance=13.9 m | return_time=18 s | return_cost=0.7 % | margin_after_return=73.3 %
[INFO] [1790287097.673648298] [sage_energy_monitor]: ENERGY | remaining=94.0 % | voltage=16.09 V | drain_rate=0.041 %/s | home_distance=13.9 m | return_time=18 s | return_cost=0.7 % | margin_after_return=73.2 %
[INFO] [1790287098.672688724] [sage_energy_monitor]: ENERGY | remaining=93.9 % | voltage=16.09 V | drain_rate=0.041 %/s | home_distance=14.0 m | return_time=18 s | return_cost=0.7 % | margin_after_return=73.2 %
[INFO] [1790287099.677340163] [sage_energy_monitor]: ENERGY | remaining=93.9 % | voltage=16.09 V | drain_rate=0.041 %/s | home_distance=12.7 m | return_time=17 s | return_cost=0.7 % | margin_after_return=73.2 %
[INFO] [1790287100.676611294] [sage_energy_monitor]: ENERGY | remaining=93.8 % | voltage=16.09 V | drain_rate=0.041 %/s | home_distance=11.1 m | return_time=15 s | return_cost=0.6 % | margin_after_return=73.2 %
[INFO] [1790287101.673268392] [sage_energy_monitor]: ENERGY | remaining=93.8 % | voltage=16.09 V | drain_rate=0.041 %/s | home_distance=10.5 m | return_time=15 s | return_cost=0.6 % | margin_after_return=73.2 %
[INFO] [1790287102.678670035] [sage_energy_monitor]: ENERGY | remaining=93.8 % | voltage=16.09 V | drain_rate=0.042 %/s | home_distance=11.4 m | return_time=15 s | return_cost=0.6 % | margin_after_return=73.1 %
[INFO] [1790287103.676112879] [sage_energy_monitor]: ENERGY | remaining=93.7 % | voltage=16.09 V | drain_rate=0.042 %/s | home_distance=12.5 m | return_time=16 s | return_cost=0.7 % | margin_after_return=73.0 %
[INFO] [1790287104.674668238] [sage_energy_monitor]: ENERGY | remaining=93.7 % | voltage=16.09 V | drain_rate=0.042 %/s | home_distance=13.4 m | return_time=17 s | return_cost=0.7 % | margin_after_return=73.0 %
[INFO] [1790287105.672386267] [sage_energy_monitor]: ENERGY | remaining=93.6 % | voltage=16.08 V | drain_rate=0.042 %/s | home_distance=13.5 m | return_time=17 s | return_cost=0.7 % | margin_after_return=72.9 %
[INFO] [1790287106.671889044] [sage_energy_monitor]: ENERGY | remaining=93.6 % | voltage=16.08 V | drain_rate=0.042 %/s | home_distance=12.7 m | return_time=17 s | return_cost=0.7 % | margin_after_return=72.9 %
[INFO] [1790287107.679746847] [sage_energy_monitor]: ENERGY | remaining=93.6 % | voltage=16.08 V | drain_rate=0.042 %/s | home_distance=11.8 m | return_time=16 s | return_cost=0.7 % | margin_after_return=72.9 %
[INFO] [1790287108.674671663] [sage_energy_monitor]: ENERGY | remaining=93.5 % | voltage=16.08 V | drain_rate=0.042 %/s | home_distance=11.2 m | return_time=15 s | return_cost=0.6 % | margin_after_return=72.9 %
[INFO] [1790287109.672389910] [sage_energy_monitor]: ENERGY | remaining=93.5 % | voltage=16.08 V | drain_rate=0.042 %/s | home_distance=10.7 m | return_time=15 s | return_cost=0.6 % | margin_after_return=72.9 %
[INFO] [1790287110.677501194] [sage_energy_monitor]: ENERGY | remaining=93.4 % | voltage=16.08 V | drain_rate=0.042 %/s | home_distance=10.6 m | return_time=15 s | return_cost=0.6 % | margin_after_return=72.8 %
[INFO] [1790287111.674033430] [sage_energy_monitor]: ENERGY | remaining=93.4 % | voltage=16.08 V | drain_rate=0.042 %/s | home_distance=11.4 m | return_time=15 s | return_cost=0.6 % | margin_after_return=72.7 %
[INFO] [1790287112.676401889] [sage_energy_monitor]: ENERGY | remaining=93.3 % | voltage=16.08 V | drain_rate=0.042 %/s | home_distance=11.9 m | return_time=16 s | return_cost=0.7 % | margin_after_return=72.7 %
[INFO] [1790287113.673149245] [sage_energy_monitor]: ENERGY | remaining=93.3 % | voltage=16.08 V | drain_rate=0.042 %/s | home_distance=12.0 m | return_time=16 s | return_cost=0.7 % | margin_after_return=72.6 %
[INFO] [1790287114.672439497] [sage_energy_monitor]: ENERGY | remaining=93.3 % | voltage=16.08 V | drain_rate=0.042 %/s | home_distance=12.0 m | return_time=16 s | return_cost=0.7 % | margin_after_return=72.6 %
[INFO] [1790287115.678836435] [sage_energy_monitor]: ENERGY | remaining=93.2 % | voltage=16.08 V | drain_rate=0.042 %/s | home_distance=12.0 m | return_time=16 s | return_cost=0.7 % | margin_after_return=72.6 %
[INFO] [1790287116.673791869] [sage_energy_monitor]: ENERGY | remaining=93.2 % | voltage=16.08 V | drain_rate=0.042 %/s | home_distance=12.0 m | return_time=16 s | return_cost=0.7 % | margin_after_return=72.5 %
[INFO] [1790287117.676876530] [sage_energy_monitor]: ENERGY | remaining=93.1 % | voltage=16.08 V | drain_rate=0.042 %/s | home_distance=12.0 m | return_time=16 s | return_cost=0.7 % | margin_after_return=72.5 %
[INFO] [1790287118.673891407] [sage_energy_monitor]: ENERGY | remaining=93.1 % | voltage=16.07 V | drain_rate=0.042 %/s | home_distance=12.0 m | return_time=16 s | return_cost=0.7 % | margin_after_return=72.4 %
[INFO] [1790287119.679891956] [sage_energy_monitor]: ENERGY | remaining=93.1 % | voltage=16.07 V | drain_rate=0.042 %/s | home_distance=11.4 m | return_time=15 s | return_cost=0.6 % | margin_after_return=72.4 %
[INFO] [1790287120.672100792] [sage_energy_monitor]: ENERGY | remaining=93.0 % | voltage=16.07 V | drain_rate=0.042 %/s | home_distance=10.9 m | return_time=15 s | return_cost=0.6 % | margin_after_return=72.4 %
[INFO] [1790287121.672083683] [sage_energy_monitor]: ENERGY | remaining=93.0 % | voltage=16.07 V | drain_rate=0.042 %/s | home_distance=10.7 m | return_time=15 s | return_cost=0.6 % | margin_after_return=72.4 %
[INFO] [1790287122.685576479] [sage_energy_monitor]: ENERGY | remaining=92.9 % | voltage=16.07 V | drain_rate=0.042 %/s | home_distance=10.9 m | return_time=15 s | return_cost=0.6 % | margin_after_return=72.3 %
[INFO] [1790287123.671029894] [sage_energy_monitor]: ENERGY | remaining=92.9 % | voltage=16.07 V | drain_rate=0.042 %/s | home_distance=11.6 m | return_time=15 s | return_cost=0.6 % | margin_after_return=72.2 %
[INFO] [1790287124.673308935] [sage_energy_monitor]: ENERGY | remaining=92.9 % | voltage=16.07 V | drain_rate=0.042 %/s | home_distance=12.6 m | return_time=17 s | return_cost=0.7 % | margin_after_return=72.2 %
[INFO] [1790287125.673098261] [sage_energy_monitor]: ENERGY | remaining=92.8 % | voltage=16.07 V | drain_rate=0.042 %/s | home_distance=13.8 m | return_time=18 s | return_cost=0.7 % | margin_after_return=72.1 %
[INFO] [1790287126.673131259] [sage_energy_monitor]: ENERGY | remaining=92.8 % | voltage=16.07 V | drain_rate=0.042 %/s | home_distance=14.5 m | return_time=18 s | return_cost=0.8 % | margin_after_return=72.0 %
[INFO] [1790287127.670926778] [sage_energy_monitor]: ENERGY | remaining=92.7 % | voltage=16.07 V | drain_rate=0.042 %/s | home_distance=14.9 m | return_time=19 s | return_cost=0.8 % | margin_after_return=71.9 %
[INFO] [1790287128.673563896] [sage_energy_monitor]: ENERGY | remaining=92.7 % | voltage=16.07 V | drain_rate=0.042 %/s | home_distance=15.7 m | return_time=20 s | return_cost=0.8 % | margin_after_return=71.9 %
[INFO] [1790287129.679455929] [sage_energy_monitor]: ENERGY | remaining=92.6 % | voltage=16.07 V | drain_rate=0.042 %/s | home_distance=16.2 m | return_time=20 s | return_cost=0.8 % | margin_after_return=71.8 %
[INFO] [1790287130.671057177] [sage_energy_monitor]: ENERGY | remaining=92.6 % | voltage=16.07 V | drain_rate=0.042 %/s | home_distance=16.0 m | return_time=20 s | return_cost=0.8 % | margin_after_return=71.8 %
[INFO] [1790287131.677588945] [sage_energy_monitor]: ENERGY | remaining=92.6 % | voltage=16.06 V | drain_rate=0.042 %/s | home_distance=14.4 m | return_time=19 s | return_cost=0.8 % | margin_after_return=71.8 %
[INFO] [1790287132.676104086] [sage_energy_monitor]: ENERGY | remaining=92.5 % | voltage=16.06 V | drain_rate=0.042 %/s | home_distance=13.0 m | return_time=17 s | return_cost=0.7 % | margin_after_return=71.8 %
[INFO] [1790287133.675143608] [sage_energy_monitor]: ENERGY | remaining=92.5 % | voltage=16.06 V | drain_rate=0.042 %/s | home_distance=12.5 m | return_time=16 s | return_cost=0.7 % | margin_after_return=71.8 %
[INFO] [1790287134.674997677] [sage_energy_monitor]: ENERGY | remaining=92.4 % | voltage=16.06 V | drain_rate=0.042 %/s | home_distance=11.5 m | return_time=15 s | return_cost=0.6 % | margin_after_return=71.8 %
[INFO] [1790287135.675128779] [sage_energy_monitor]: ENERGY | remaining=92.4 % | voltage=16.06 V | drain_rate=0.042 %/s | home_distance=10.4 m | return_time=14 s | return_cost=0.6 % | margin_after_return=71.8 %
[INFO] [1790287136.675489368] [sage_energy_monitor]: ENERGY | remaining=92.3 % | voltage=16.06 V | drain_rate=0.042 %/s | home_distance=10.0 m | return_time=14 s | return_cost=0.6 % | margin_after_return=71.8 %
[INFO] [1790287137.675035929] [sage_energy_monitor]: ENERGY | remaining=92.3 % | voltage=16.06 V | drain_rate=0.042 %/s | home_distance=10.1 m | return_time=14 s | return_cost=0.6 % | margin_after_return=71.7 %
[INFO] [1790287138.671270224] [sage_energy_monitor]: ENERGY | remaining=92.3 % | voltage=16.06 V | drain_rate=0.042 %/s | home_distance=11.1 m | return_time=15 s | return_cost=0.6 % | margin_after_return=71.6 %
[INFO] [1790287139.671814653] [sage_energy_monitor]: ENERGY | remaining=92.2 % | voltage=16.06 V | drain_rate=0.042 %/s | home_distance=12.1 m | return_time=16 s | return_cost=0.7 % | margin_after_return=71.6 %
[INFO] [1790287140.671240703] [sage_energy_monitor]: ENERGY | remaining=92.2 % | voltage=16.06 V | drain_rate=0.042 %/s | home_distance=12.5 m | return_time=17 s | return_cost=0.7 % | margin_after_return=71.5 %
[INFO] [1790287141.671784179] [sage_energy_monitor]: ENERGY | remaining=92.1 % | voltage=16.06 V | drain_rate=0.041 %/s | home_distance=13.0 m | return_time=17 s | return_cost=0.7 % | margin_after_return=71.4 %
[INFO] [1790287142.675182359] [sage_energy_monitor]: ENERGY | remaining=92.1 % | voltage=16.06 V | drain_rate=0.041 %/s | home_distance=14.5 m | return_time=18 s | return_cost=0.8 % | margin_after_return=71.3 %
[INFO] [1790287143.673368809] [sage_energy_monitor]: ENERGY | remaining=92.1 % | voltage=16.06 V | drain_rate=0.041 %/s | home_distance=15.5 m | return_time=19 s | return_cost=0.8 % | margin_after_return=71.3 %
[INFO] [1790287144.675366112] [sage_energy_monitor]: ENERGY | remaining=92.0 % | voltage=16.06 V | drain_rate=0.041 %/s | home_distance=14.7 m | return_time=19 s | return_cost=0.8 % | margin_after_return=71.3 %
[INFO] [1790287145.674994870] [sage_energy_monitor]: ENERGY | remaining=92.0 % | voltage=16.05 V | drain_rate=0.041 %/s | home_distance=13.6 m | return_time=18 s | return_cost=0.7 % | margin_after_return=71.3 %
[INFO] [1790287146.674415866] [sage_energy_monitor]: ENERGY | remaining=91.9 % | voltage=16.05 V | drain_rate=0.041 %/s | home_distance=12.7 m | return_time=17 s | return_cost=0.7 % | margin_after_return=71.3 %
[INFO] [1790287147.675629216] [sage_energy_monitor]: ENERGY | remaining=91.9 % | voltage=16.05 V | drain_rate=0.041 %/s | home_distance=12.0 m | return_time=16 s | return_cost=0.7 % | margin_after_return=71.2 %
[INFO] [1790287148.672277619] [sage_energy_monitor]: ENERGY | remaining=91.9 % | voltage=16.05 V | drain_rate=0.041 %/s | home_distance=11.7 m | return_time=16 s | return_cost=0.6 % | margin_after_return=71.2 %
[INFO] [1790287149.682872475] [sage_energy_monitor]: ENERGY | remaining=91.8 % | voltage=16.05 V | drain_rate=0.041 %/s | home_distance=11.8 m | return_time=16 s | return_cost=0.6 % | margin_after_return=71.2 %
[INFO] [1790287150.672352406] [sage_energy_monitor]: ENERGY | remaining=91.8 % | voltage=16.05 V | drain_rate=0.041 %/s | home_distance=11.9 m | return_time=16 s | return_cost=0.7 % | margin_after_return=71.1 %
[INFO] [1790287151.677201468] [sage_energy_monitor]: ENERGY | remaining=91.7 % | voltage=16.05 V | drain_rate=0.041 %/s | home_distance=11.9 m | return_time=16 s | return_cost=0.7 % | margin_after_return=71.1 %
[INFO] [1790287152.673761209] [sage_energy_monitor]: ENERGY | remaining=91.7 % | voltage=16.05 V | drain_rate=0.041 %/s | home_distance=11.9 m | return_time=16 s | return_cost=0.7 % | margin_after_return=71.0 %
[INFO] [1790287153.674059727] [sage_energy_monitor]: ENERGY | remaining=91.7 % | voltage=16.05 V | drain_rate=0.041 %/s | home_distance=11.9 m | return_time=16 s | return_cost=0.6 % | margin_after_return=71.0 %
[INFO] [1790287154.671676511] [sage_energy_monitor]: ENERGY | remaining=91.6 % | voltage=16.05 V | drain_rate=0.041 %/s | home_distance=12.0 m | return_time=16 s | return_cost=0.7 % | margin_after_return=71.0 %
[INFO] [1790287155.671079819] [sage_energy_monitor]: ENERGY | remaining=91.6 % | voltage=16.05 V | drain_rate=0.041 %/s | home_distance=12.1 m | return_time=16 s | return_cost=0.7 % | margin_after_return=70.9 %
[INFO] [1790287156.671433266] [sage_energy_monitor]: ENERGY | remaining=91.5 % | voltage=16.05 V | drain_rate=0.041 %/s | home_distance=12.2 m | return_time=16 s | return_cost=0.7 % | margin_after_return=70.9 %
[INFO] [1790287157.673844982] [sage_energy_monitor]: ENERGY | remaining=91.5 % | voltage=16.05 V | drain_rate=0.041 %/s | home_distance=12.2 m | return_time=16 s | return_cost=0.7 % | margin_after_return=70.8 %
[INFO] [1790287158.677139270] [sage_energy_monitor]: ENERGY | remaining=91.4 % | voltage=16.04 V | drain_rate=0.041 %/s | home_distance=12.2 m | return_time=16 s | return_cost=0.7 % | margin_after_return=70.8 %
[INFO] [1790287159.673040826] [sage_energy_monitor]: ENERGY | remaining=91.4 % | voltage=16.04 V | drain_rate=0.041 %/s | home_distance=11.9 m | return_time=16 s | return_cost=0.6 % | margin_after_return=70.8 %
[INFO] [1790287160.674095218] [sage_energy_monitor]: ENERGY | remaining=91.4 % | voltage=16.04 V | drain_rate=0.041 %/s | home_distance=11.1 m | return_time=15 s | return_cost=0.6 % | margin_after_return=70.7 %
[INFO] [1790287161.676340665] [sage_energy_monitor]: ENERGY | remaining=91.3 % | voltage=16.04 V | drain_rate=0.041 %/s | home_distance=10.8 m | return_time=15 s | return_cost=0.6 % | margin_after_return=70.7 %
[INFO] [1790287162.671106435] [sage_energy_monitor]: ENERGY | remaining=91.3 % | voltage=16.04 V | drain_rate=0.041 %/s | home_distance=10.4 m | return_time=15 s | return_cost=0.6 % | margin_after_return=70.7 %
[INFO] [1790287163.673731513] [sage_energy_monitor]: ENERGY | remaining=91.2 % | voltage=16.04 V | drain_rate=0.041 %/s | home_distance=10.1 m | return_time=14 s | return_cost=0.6 % | margin_after_return=70.6 %
[INFO] [1790287164.675710181] [sage_energy_monitor]: ENERGY | remaining=91.2 % | voltage=16.04 V | drain_rate=0.041 %/s | home_distance=10.1 m | return_time=14 s | return_cost=0.6 % | margin_after_return=70.6 %
[INFO] [1790287165.672772837] [sage_energy_monitor]: ENERGY | remaining=91.2 % | voltage=16.04 V | drain_rate=0.041 %/s | home_distance=9.9 m | return_time=14 s | return_cost=0.6 % | margin_after_return=70.6 %
[INFO] [1790287166.678131357] [sage_energy_monitor]: ENERGY | remaining=91.1 % | voltage=16.04 V | drain_rate=0.041 %/s | home_distance=9.6 m | return_time=14 s | return_cost=0.6 % | margin_after_return=70.5 %
[INFO] [1790287167.673170132] [sage_energy_monitor]: ENERGY | remaining=91.1 % | voltage=16.04 V | drain_rate=0.041 %/s | home_distance=9.7 m | return_time=14 s | return_cost=0.6 % | margin_after_return=70.5 %
[INFO] [1790287168.679338379] [sage_energy_monitor]: ENERGY | remaining=91.0 % | voltage=16.04 V | drain_rate=0.041 %/s | home_distance=10.3 m | return_time=14 s | return_cost=0.6 % | margin_after_return=70.4 %
[INFO] [1790287169.674537161] [sage_energy_monitor]: ENERGY | remaining=91.0 % | voltage=16.04 V | drain_rate=0.041 %/s | home_distance=10.6 m | return_time=15 s | return_cost=0.6 % | margin_after_return=70.4 %
[INFO] [1790287170.675887502] [sage_energy_monitor]: ENERGY | remaining=90.9 % | voltage=16.04 V | drain_rate=0.041 %/s | home_distance=10.7 m | return_time=15 s | return_cost=0.6 % | margin_after_return=70.3 %
[INFO] [1790287171.670962799] [sage_energy_monitor]: ENERGY | remaining=90.9 % | voltage=16.04 V | drain_rate=0.041 %/s | home_distance=10.8 m | return_time=15 s | return_cost=0.6 % | margin_after_return=70.3 %
[INFO] [1790287172.675532970] [sage_energy_monitor]: ENERGY | remaining=90.9 % | voltage=16.03 V | drain_rate=0.041 %/s | home_distance=11.0 m | return_time=15 s | return_cost=0.6 % | margin_after_return=70.2 %
[INFO] [1790287173.672923061] [sage_energy_monitor]: ENERGY | remaining=90.8 % | voltage=16.03 V | drain_rate=0.041 %/s | home_distance=11.4 m | return_time=16 s | return_cost=0.6 % | margin_after_return=70.2 %
[INFO] [1790287174.671188893] [sage_energy_monitor]: ENERGY | remaining=90.8 % | voltage=16.03 V | drain_rate=0.041 %/s | home_distance=11.8 m | return_time=16 s | return_cost=0.7 % | margin_after_return=70.1 %
[INFO] [1790287175.676148151] [sage_energy_monitor]: ENERGY | remaining=90.7 % | voltage=16.03 V | drain_rate=0.042 %/s | home_distance=11.7 m | return_time=16 s | return_cost=0.7 % | margin_after_return=70.1 %
[INFO] [1790287176.675163074] [sage_energy_monitor]: ENERGY | remaining=90.7 % | voltage=16.03 V | drain_rate=0.042 %/s | home_distance=10.0 m | return_time=14 s | return_cost=0.6 % | margin_after_return=70.1 %
[INFO] [1790287177.674855252] [sage_energy_monitor]: ENERGY | remaining=90.6 % | voltage=16.03 V | drain_rate=0.042 %/s | home_distance=8.4 m | return_time=13 s | return_cost=0.5 % | margin_after_return=70.1 %
[INFO] [1790287178.672526671] [sage_energy_monitor]: ENERGY | remaining=90.6 % | voltage=16.03 V | drain_rate=0.042 %/s | home_distance=7.7 m | return_time=12 s | return_cost=0.5 % | margin_after_return=70.1 %
[INFO] [1790287179.671177332] [sage_energy_monitor]: ENERGY | remaining=90.6 % | voltage=16.03 V | drain_rate=0.042 %/s | home_distance=7.6 m | return_time=12 s | return_cost=0.5 % | margin_after_return=70.1 %
[INFO] [1790287180.673545961] [sage_energy_monitor]: ENERGY | remaining=90.5 % | voltage=16.03 V | drain_rate=0.042 %/s | home_distance=7.9 m | return_time=12 s | return_cost=0.5 % | margin_after_return=70.0 %
[INFO] [1790287181.674616428] [sage_energy_monitor]: ENERGY | remaining=90.5 % | voltage=16.03 V | drain_rate=0.042 %/s | home_distance=8.6 m | return_time=13 s | return_cost=0.5 % | margin_after_return=69.9 %
[INFO] [1790287182.671295044] [sage_energy_monitor]: ENERGY | remaining=90.4 % | voltage=16.03 V | drain_rate=0.042 %/s | home_distance=9.8 m | return_time=14 s | return_cost=0.6 % | margin_after_return=69.9 %
[INFO] [1790287183.680588527] [sage_energy_monitor]: ENERGY | remaining=90.4 % | voltage=16.03 V | drain_rate=0.042 %/s | home_distance=10.4 m | return_time=15 s | return_cost=0.6 % | margin_after_return=69.8 %
[INFO] [1790287184.673091102] [sage_energy_monitor]: ENERGY | remaining=90.4 % | voltage=16.03 V | drain_rate=0.042 %/s | home_distance=10.6 m | return_time=15 s | return_cost=0.6 % | margin_after_return=69.7 %
[INFO] [1790287185.676523042] [sage_energy_monitor]: ENERGY | remaining=90.3 % | voltage=16.02 V | drain_rate=0.042 %/s | home_distance=10.5 m | return_time=14 s | return_cost=0.6 % | margin_after_return=69.7 %
[INFO] [1790287186.678023152] [sage_energy_monitor]: ENERGY | remaining=90.3 % | voltage=16.02 V | drain_rate=0.042 %/s | home_distance=9.1 m | return_time=13 s | return_cost=0.6 % | margin_after_return=69.7 %
[INFO] [1790287187.672726574] [sage_energy_monitor]: ENERGY | remaining=90.2 % | voltage=16.02 V | drain_rate=0.042 %/s | home_distance=7.4 m | return_time=12 s | return_cost=0.5 % | margin_after_return=69.7 %
[INFO] [1790287188.671606270] [sage_energy_monitor]: ENERGY | remaining=90.2 % | voltage=16.02 V | drain_rate=0.042 %/s | home_distance=6.7 m | return_time=11 s | return_cost=0.5 % | margin_after_return=69.7 %
[INFO] [1790287189.673046944] [sage_energy_monitor]: ENERGY | remaining=90.1 % | voltage=16.02 V | drain_rate=0.042 %/s | home_distance=6.6 m | return_time=10 s | return_cost=0.4 % | margin_after_return=69.7 %
[INFO] [1790287190.676677608] [sage_energy_monitor]: ENERGY | remaining=90.1 % | voltage=16.02 V | drain_rate=0.042 %/s | home_distance=7.5 m | return_time=11 s | return_cost=0.5 % | margin_after_return=69.6 %
[INFO] [1790287191.677309991] [sage_energy_monitor]: ENERGY | remaining=90.1 % | voltage=16.02 V | drain_rate=0.042 %/s | home_distance=8.1 m | return_time=12 s | return_cost=0.5 % | margin_after_return=69.6 %
[INFO] [1790287192.675997799] [sage_energy_monitor]: ENERGY | remaining=90.0 % | voltage=16.02 V | drain_rate=0.042 %/s | home_distance=8.7 m | return_time=12 s | return_cost=0.5 % | margin_after_return=69.5 %
[INFO] [1790287193.671092377] [sage_energy_monitor]: ENERGY | remaining=90.0 % | voltage=16.02 V | drain_rate=0.042 %/s | home_distance=9.8 m | return_time=14 s | return_cost=0.6 % | margin_after_return=69.4 %
[INFO] [1790287194.671046266] [sage_energy_monitor]: ENERGY | remaining=89.9 % | voltage=16.02 V | drain_rate=0.041 %/s | home_distance=11.4 m | return_time=15 s | return_cost=0.6 % | margin_after_return=69.3 %
[INFO] [1790287195.673042150] [sage_energy_monitor]: ENERGY | remaining=89.9 % | voltage=16.02 V | drain_rate=0.042 %/s | home_distance=13.1 m | return_time=17 s | return_cost=0.7 % | margin_after_return=69.2 %
[INFO] [1790287196.674087900] [sage_energy_monitor]: ENERGY | remaining=89.9 % | voltage=16.02 V | drain_rate=0.041 %/s | home_distance=13.9 m | return_time=18 s | return_cost=0.7 % | margin_after_return=69.1 %
[INFO] [1790287197.673307548] [sage_energy_monitor]: ENERGY | remaining=89.8 % | voltage=16.02 V | drain_rate=0.041 %/s | home_distance=14.1 m | return_time=18 s | return_cost=0.7 % | margin_after_return=69.1 %
[INFO] [1790287198.672940908] [sage_energy_monitor]: ENERGY | remaining=89.8 % | voltage=16.02 V | drain_rate=0.041 %/s | home_distance=14.0 m | return_time=18 s | return_cost=0.7 % | margin_after_return=69.0 %
[INFO] [1790287199.672782025] [sage_energy_monitor]: ENERGY | remaining=89.7 % | voltage=16.01 V | drain_rate=0.042 %/s | home_distance=13.9 m | return_time=18 s | return_cost=0.7 % | margin_after_return=69.0 %
[INFO] [1790287200.672872795] [sage_energy_monitor]: ENERGY | remaining=89.7 % | voltage=16.01 V | drain_rate=0.042 %/s | home_distance=13.8 m | return_time=18 s | return_cost=0.7 % | margin_after_return=69.0 %
[INFO] [1790287201.676328516] [sage_energy_monitor]: ENERGY | remaining=89.7 % | voltage=16.01 V | drain_rate=0.042 %/s | home_distance=12.9 m | return_time=17 s | return_cost=0.7 % | margin_after_return=69.0 %
[INFO] [1790287202.673873138] [sage_energy_monitor]: ENERGY | remaining=89.6 % | voltage=16.01 V | drain_rate=0.042 %/s | home_distance=11.5 m | return_time=15 s | return_cost=0.6 % | margin_after_return=69.0 %
[INFO] [1790287203.681627830] [sage_energy_monitor]: ENERGY | remaining=89.6 % | voltage=16.01 V | drain_rate=0.042 %/s | home_distance=11.2 m | return_time=15 s | return_cost=0.6 % | margin_after_return=68.9 %
[INFO] [1790287204.674698794] [sage_energy_monitor]: ENERGY | remaining=89.5 % | voltage=16.01 V | drain_rate=0.042 %/s | home_distance=11.5 m | return_time=16 s | return_cost=0.6 % | margin_after_return=68.9 %
[INFO] [1790287205.673315442] [sage_energy_monitor]: ENERGY | remaining=89.5 % | voltage=16.01 V | drain_rate=0.042 %/s | home_distance=12.2 m | return_time=16 s | return_cost=0.7 % | margin_after_return=68.8 %
[INFO] [1790287206.673069209] [sage_energy_monitor]: ENERGY | remaining=89.4 % | voltage=16.01 V | drain_rate=0.041 %/s | home_distance=13.0 m | return_time=17 s | return_cost=0.7 % | margin_after_return=68.7 %
[INFO] [1790287207.672991723] [sage_energy_monitor]: ENERGY | remaining=89.4 % | voltage=16.01 V | drain_rate=0.041 %/s | home_distance=13.7 m | return_time=18 s | return_cost=0.7 % | margin_after_return=68.7 %
[INFO] [1790287208.674670000] [sage_energy_monitor]: ENERGY | remaining=89.4 % | voltage=16.01 V | drain_rate=0.041 %/s | home_distance=13.9 m | return_time=18 s | return_cost=0.7 % | margin_after_return=68.6 %
[INFO] [1790287209.671235832] [sage_energy_monitor]: ENERGY | remaining=89.3 % | voltage=16.01 V | drain_rate=0.041 %/s | home_distance=13.1 m | return_time=17 s | return_cost=0.7 % | margin_after_return=68.6 %
[INFO] [1790287210.671718905] [sage_energy_monitor]: ENERGY | remaining=89.3 % | voltage=16.01 V | drain_rate=0.042 %/s | home_distance=11.1 m | return_time=15 s | return_cost=0.6 % | margin_after_return=68.6 %
[INFO] [1790287211.672329758] [sage_energy_monitor]: ENERGY | remaining=89.2 % | voltage=16.01 V | drain_rate=0.042 %/s | home_distance=9.6 m | return_time=14 s | return_cost=0.6 % | margin_after_return=68.7 %
[INFO] [1790287212.677535789] [sage_energy_monitor]: ENERGY | remaining=89.2 % | voltage=16.00 V | drain_rate=0.042 %/s | home_distance=9.0 m | return_time=13 s | return_cost=0.5 % | margin_after_return=68.6 %
[INFO] [1790287213.679214639] [sage_energy_monitor]: ENERGY | remaining=89.2 % | voltage=16.00 V | drain_rate=0.042 %/s | home_distance=9.0 m | return_time=13 s | return_cost=0.5 % | margin_after_return=68.6 %
[INFO] [1790287214.673077262] [sage_energy_monitor]: ENERGY | remaining=89.1 % | voltage=16.00 V | drain_rate=0.041 %/s | home_distance=9.1 m | return_time=13 s | return_cost=0.6 % | margin_after_return=68.6 %
[INFO] [1790287215.672473109] [sage_energy_monitor]: ENERGY | remaining=89.1 % | voltage=16.00 V | drain_rate=0.041 %/s | home_distance=9.3 m | return_time=13 s | return_cost=0.6 % | margin_after_return=68.5 %
[INFO] [1790287216.674742043] [sage_energy_monitor]: ENERGY | remaining=89.0 % | voltage=16.00 V | drain_rate=0.041 %/s | home_distance=9.1 m | return_time=13 s | return_cost=0.5 % | margin_after_return=68.5 %
[INFO] [1790287217.672746462] [sage_energy_monitor]: ENERGY | remaining=89.0 % | voltage=16.00 V | drain_rate=0.041 %/s | home_distance=8.2 m | return_time=12 s | return_cost=0.5 % | margin_after_return=68.5 %
[INFO] [1790287218.671410986] [sage_energy_monitor]: ENERGY | remaining=89.0 % | voltage=16.00 V | drain_rate=0.041 %/s | home_distance=7.1 m | return_time=11 s | return_cost=0.5 % | margin_after_return=68.5 %
[INFO] [1790287219.671732053] [sage_energy_monitor]: ENERGY | remaining=88.9 % | voltage=16.00 V | drain_rate=0.041 %/s | home_distance=6.6 m | return_time=11 s | return_cost=0.4 % | margin_after_return=68.5 %
[INFO] [1790287220.674978161] [sage_energy_monitor]: ENERGY | remaining=88.9 % | voltage=16.00 V | drain_rate=0.041 %/s | home_distance=7.7 m | return_time=12 s | return_cost=0.5 % | margin_after_return=68.4 %
[INFO] [1790287221.672981748] [sage_energy_monitor]: ENERGY | remaining=88.8 % | voltage=16.00 V | drain_rate=0.041 %/s | home_distance=8.7 m | return_time=13 s | return_cost=0.5 % | margin_after_return=68.3 %
[INFO] [1790287222.678366908] [sage_energy_monitor]: ENERGY | remaining=88.8 % | voltage=16.00 V | drain_rate=0.041 %/s | home_distance=9.0 m | return_time=13 s | return_cost=0.5 % | margin_after_return=68.2 %
[INFO] [1790287223.672167026] [sage_energy_monitor]: ENERGY | remaining=88.7 % | voltage=16.00 V | drain_rate=0.042 %/s | home_distance=7.9 m | return_time=12 s | return_cost=0.5 % | margin_after_return=68.2 %
[INFO] [1790287224.675821025] [sage_energy_monitor]: ENERGY | remaining=88.7 % | voltage=16.00 V | drain_rate=0.042 %/s | home_distance=6.5 m | return_time=11 s | return_cost=0.4 % | margin_after_return=68.3 %
[INFO] [1790287225.672452420] [sage_energy_monitor]: ENERGY | remaining=88.7 % | voltage=15.99 V | drain_rate=0.042 %/s | home_distance=6.0 m | return_time=10 s | return_cost=0.4 % | margin_after_return=68.2 %
[INFO] [1790287226.672450221] [sage_energy_monitor]: ENERGY | remaining=88.6 % | voltage=15.99 V | drain_rate=0.042 %/s | home_distance=5.2 m | return_time=9 s | return_cost=0.4 % | margin_after_return=68.2 %
[INFO] [1790287227.673729041] [sage_energy_monitor]: ENERGY | remaining=88.6 % | voltage=15.99 V | drain_rate=0.042 %/s | home_distance=3.6 m | return_time=8 s | return_cost=0.3 % | margin_after_return=68.3 %
[INFO] [1790287228.671159513] [sage_energy_monitor]: ENERGY | remaining=88.5 % | voltage=15.99 V | drain_rate=0.041 %/s | home_distance=2.8 m | return_time=7 s | return_cost=0.3 % | margin_after_return=68.3 %
[INFO] [1790287229.671946897] [sage_energy_monitor]: ENERGY | remaining=88.5 % | voltage=15.99 V | drain_rate=0.041 %/s | home_distance=3.1 m | return_time=7 s | return_cost=0.3 % | margin_after_return=68.2 %
[INFO] [1790287230.679390831] [sage_energy_monitor]: ENERGY | remaining=88.5 % | voltage=15.99 V | drain_rate=0.041 %/s | home_distance=5.0 m | return_time=9 s | return_cost=0.4 % | margin_after_return=68.1 %
[INFO] [1790287231.678528243] [sage_energy_monitor]: ENERGY | remaining=88.4 % | voltage=15.99 V | drain_rate=0.041 %/s | home_distance=6.3 m | return_time=11 s | return_cost=0.4 % | margin_after_return=68.0 %
[INFO] [1790287232.678049207] [sage_energy_monitor]: ENERGY | remaining=88.4 % | voltage=15.99 V | drain_rate=0.041 %/s | home_distance=6.6 m | return_time=11 s | return_cost=0.4 % | margin_after_return=67.9 %
[INFO] [1790287233.681080049] [sage_energy_monitor]: ENERGY | remaining=88.3 % | voltage=15.99 V | drain_rate=0.041 %/s | home_distance=5.2 m | return_time=9 s | return_cost=0.4 % | margin_after_return=67.9 %
[INFO] [1790287234.672306581] [sage_energy_monitor]: ENERGY | remaining=88.3 % | voltage=15.99 V | drain_rate=0.041 %/s | home_distance=3.4 m | return_time=8 s | return_cost=0.3 % | margin_after_return=68.0 %
[INFO] [1790287235.671838618] [sage_energy_monitor]: ENERGY | remaining=88.2 % | voltage=15.99 V | drain_rate=0.041 %/s | home_distance=2.7 m | return_time=7 s | return_cost=0.3 % | margin_after_return=68.0 %
[INFO] [1790287236.671255795] [sage_energy_monitor]: ENERGY | remaining=88.2 % | voltage=15.99 V | drain_rate=0.041 %/s | home_distance=2.7 m | return_time=7 s | return_cost=0.3 % | margin_after_return=67.9 %
[INFO] [1790287237.674203346] [sage_energy_monitor]: ENERGY | remaining=88.2 % | voltage=15.99 V | drain_rate=0.041 %/s | home_distance=4.3 m | return_time=8 s | return_cost=0.3 % | margin_after_return=67.8 %
[INFO] [1790287238.671818992] [sage_energy_monitor]: ENERGY | remaining=88.1 % | voltage=15.99 V | drain_rate=0.041 %/s | home_distance=5.7 m | return_time=10 s | return_cost=0.4 % | margin_after_return=67.7 %
[INFO] [1790287239.675815273] [sage_energy_monitor]: ENERGY | remaining=88.1 % | voltage=15.98 V | drain_rate=0.041 %/s | home_distance=6.3 m | return_time=10 s | return_cost=0.4 % | margin_after_return=67.7 %
[INFO] [1790287240.677526176] [sage_energy_monitor]: ENERGY | remaining=88.0 % | voltage=15.98 V | drain_rate=0.041 %/s | home_distance=7.3 m | return_time=11 s | return_cost=0.5 % | margin_after_return=67.6 %
[INFO] [1790287241.670873797] [sage_energy_monitor]: ENERGY | remaining=88.0 % | voltage=15.98 V | drain_rate=0.041 %/s | home_distance=8.5 m | return_time=13 s | return_cost=0.5 % | margin_after_return=67.5 %
[INFO] [1790287242.672112323] [sage_energy_monitor]: ENERGY | remaining=88.0 % | voltage=15.98 V | drain_rate=0.041 %/s | home_distance=8.7 m | return_time=13 s | return_cost=0.5 % | margin_after_return=67.4 %
[INFO] [1790287243.670923817] [sage_energy_monitor]: ENERGY | remaining=87.9 % | voltage=15.98 V | drain_rate=0.041 %/s | home_distance=7.8 m | return_time=12 s | return_cost=0.5 % | margin_after_return=67.4 %
[INFO] [1790287244.676308729] [sage_energy_monitor]: ENERGY | remaining=87.9 % | voltage=15.98 V | drain_rate=0.041 %/s | home_distance=6.7 m | return_time=11 s | return_cost=0.4 % | margin_after_return=67.4 %
[INFO] [1790287245.671485413] [sage_energy_monitor]: ENERGY | remaining=87.8 % | voltage=15.98 V | drain_rate=0.041 %/s | home_distance=6.1 m | return_time=10 s | return_cost=0.4 % | margin_after_return=67.4 %
[INFO] [1790287246.671776621] [sage_energy_monitor]: ENERGY | remaining=87.8 % | voltage=15.98 V | drain_rate=0.041 %/s | home_distance=5.5 m | return_time=9 s | return_cost=0.4 % | margin_after_return=67.4 %
[INFO] [1790287247.691407386] [sage_energy_monitor]: ENERGY | remaining=87.7 % | voltage=15.98 V | drain_rate=0.041 %/s | home_distance=3.8 m | return_time=8 s | return_cost=0.3 % | margin_after_return=67.4 %
[INFO] [1790287248.671649203] [sage_energy_monitor]: ENERGY | remaining=87.7 % | voltage=15.98 V | drain_rate=0.041 %/s | home_distance=2.8 m | return_time=7 s | return_cost=0.3 % | margin_after_return=67.4 %
[INFO] [1790287249.670962790] [sage_energy_monitor]: ENERGY | remaining=87.7 % | voltage=15.98 V | drain_rate=0.041 %/s | home_distance=2.4 m | return_time=6 s | return_cost=0.3 % | margin_after_return=67.4 %
[INFO] [1790287250.672889838] [sage_energy_monitor]: ENERGY | remaining=87.6 % | voltage=15.98 V | drain_rate=0.041 %/s | home_distance=1.3 m | return_time=5 s | return_cost=0.2 % | margin_after_return=67.4 %
[INFO] [1790287251.679870862] [sage_energy_monitor]: ENERGY | remaining=87.6 % | voltage=15.98 V | drain_rate=0.041 %/s | home_distance=2.3 m | return_time=6 s | return_cost=0.3 % | margin_after_return=67.3 %
[INFO] [1790287252.671849121] [sage_energy_monitor]: ENERGY | remaining=87.5 % | voltage=15.97 V | drain_rate=0.041 %/s | home_distance=4.3 m | return_time=8 s | return_cost=0.3 % | margin_after_return=67.2 %
[INFO] [1790287253.673883250] [sage_energy_monitor]: ENERGY | remaining=87.5 % | voltage=15.97 V | drain_rate=0.041 %/s | home_distance=5.6 m | return_time=9 s | return_cost=0.4 % | margin_after_return=67.1 %
[INFO] [1790287254.676819707] [sage_energy_monitor]: ENERGY | remaining=87.5 % | voltage=15.97 V | drain_rate=0.041 %/s | home_distance=5.9 m | return_time=10 s | return_cost=0.4 % | margin_after_return=67.1 %
[INFO] [1790287255.676363278] [sage_energy_monitor]: ENERGY | remaining=87.4 % | voltage=15.97 V | drain_rate=0.041 %/s | home_distance=5.8 m | return_time=10 s | return_cost=0.4 % | margin_after_return=67.0 %
[INFO] [1790287256.676342542] [sage_energy_monitor]: ENERGY | remaining=87.4 % | voltage=15.97 V | drain_rate=0.041 %/s | home_distance=5.7 m | return_time=10 s | return_cost=0.4 % | margin_after_return=67.0 %
[INFO] [1790287257.674571534] [sage_energy_monitor]: ENERGY | remaining=87.3 % | voltage=15.97 V | drain_rate=0.041 %/s | home_distance=4.7 m | return_time=9 s | return_cost=0.4 % | margin_after_return=67.0 %
[INFO] [1790287258.678612348] [sage_energy_monitor]: ENERGY | remaining=87.3 % | voltage=15.97 V | drain_rate=0.041 %/s | home_distance=3.0 m | return_time=7 s | return_cost=0.3 % | margin_after_return=67.0 %
[INFO] [1790287259.674228826] [sage_energy_monitor]: ENERGY | remaining=87.3 % | voltage=15.97 V | drain_rate=0.041 %/s | home_distance=2.3 m | return_time=6 s | return_cost=0.3 % | margin_after_return=67.0 %
[INFO] [1790287260.675860504] [sage_energy_monitor]: ENERGY | remaining=87.2 % | voltage=15.97 V | drain_rate=0.041 %/s | home_distance=2.1 m | return_time=6 s | return_cost=0.3 % | margin_after_return=67.0 %
[INFO] [1790287261.673135651] [sage_energy_monitor]: ENERGY | remaining=87.2 % | voltage=15.97 V | drain_rate=0.041 %/s | home_distance=2.9 m | return_time=7 s | return_cost=0.3 % | margin_after_return=66.9 %
[INFO] [1790287262.673301296] [sage_energy_monitor]: ENERGY | remaining=87.1 % | voltage=15.97 V | drain_rate=0.041 %/s | home_distance=4.7 m | return_time=9 s | return_cost=0.4 % | margin_after_return=66.8 %
[INFO] [1790287263.678487478] [sage_energy_monitor]: ENERGY | remaining=87.1 % | voltage=15.97 V | drain_rate=0.041 %/s | home_distance=6.6 m | return_time=11 s | return_cost=0.4 % | margin_after_return=66.7 %
[INFO] [1790287264.673495334] [sage_energy_monitor]: ENERGY | remaining=87.1 % | voltage=15.97 V | drain_rate=0.041 %/s | home_distance=8.7 m | return_time=13 s | return_cost=0.5 % | margin_after_return=66.5 %
[INFO] [1790287265.673450508] [sage_energy_monitor]: ENERGY | remaining=87.0 % | voltage=15.97 V | drain_rate=0.041 %/s | home_distance=10.9 m | return_time=15 s | return_cost=0.6 % | margin_after_return=66.4 %
[INFO] [1790287266.678709341] [sage_energy_monitor]: ENERGY | remaining=87.0 % | voltage=15.96 V | drain_rate=0.041 %/s | home_distance=13.1 m | return_time=17 s | return_cost=0.7 % | margin_after_return=66.3 %
[INFO] [1790287267.680779720] [sage_energy_monitor]: ENERGY | remaining=86.9 % | voltage=15.96 V | drain_rate=0.041 %/s | home_distance=15.2 m | return_time=19 s | return_cost=0.8 % | margin_after_return=66.2 %
[INFO] [1790287268.671696730] [sage_energy_monitor]: ENERGY | remaining=86.9 % | voltage=15.96 V | drain_rate=0.041 %/s | home_distance=16.5 m | return_time=21 s | return_cost=0.8 % | margin_after_return=66.1 %
[INFO] [1790287269.677939140] [sage_energy_monitor]: ENERGY | remaining=86.9 % | voltage=15.96 V | drain_rate=0.041 %/s | home_distance=16.8 m | return_time=21 s | return_cost=0.8 % | margin_after_return=66.0 %
[INFO] [1790287270.671919615] [sage_energy_monitor]: ENERGY | remaining=86.8 % | voltage=15.96 V | drain_rate=0.041 %/s | home_distance=16.4 m | return_time=20 s | return_cost=0.8 % | margin_after_return=66.0 %
[INFO] [1790287271.673845676] [sage_energy_monitor]: ENERGY | remaining=86.8 % | voltage=15.96 V | drain_rate=0.041 %/s | home_distance=15.0 m | return_time=19 s | return_cost=0.8 % | margin_after_return=66.0 %
[INFO] [1790287272.672180581] [sage_energy_monitor]: ENERGY | remaining=86.7 % | voltage=15.96 V | drain_rate=0.041 %/s | home_distance=13.9 m | return_time=18 s | return_cost=0.7 % | margin_after_return=66.0 %
[INFO] [1790287273.673336328] [sage_energy_monitor]: ENERGY | remaining=86.7 % | voltage=15.96 V | drain_rate=0.041 %/s | home_distance=13.5 m | return_time=18 s | return_cost=0.7 % | margin_after_return=66.0 %
[INFO] [1790287274.675405426] [sage_energy_monitor]: ENERGY | remaining=86.7 % | voltage=15.96 V | drain_rate=0.041 %/s | home_distance=12.8 m | return_time=17 s | return_cost=0.7 % | margin_after_return=66.0 %
[INFO] [1790287275.671607337] [sage_energy_monitor]: ENERGY | remaining=86.6 % | voltage=15.96 V | drain_rate=0.041 %/s | home_distance=11.0 m | return_time=15 s | return_cost=0.6 % | margin_after_return=66.0 %
[INFO] [1790287276.681383369] [sage_energy_monitor]: ENERGY | remaining=86.6 % | voltage=15.96 V | drain_rate=0.041 %/s | home_distance=9.7 m | return_time=14 s | return_cost=0.6 % | margin_after_return=66.0 %
[INFO] [1790287277.672320213] [sage_energy_monitor]: ENERGY | remaining=86.5 % | voltage=15.96 V | drain_rate=0.041 %/s | home_distance=9.2 m | return_time=13 s | return_cost=0.5 % | margin_after_return=66.0 %
[INFO] [1790287278.672500790] [sage_energy_monitor]: ENERGY | remaining=86.5 % | voltage=15.96 V | drain_rate=0.040 %/s | home_distance=8.8 m | return_time=13 s | return_cost=0.5 % | margin_after_return=66.0 %
[INFO] [1790287279.670717001] [sage_energy_monitor]: ENERGY | remaining=86.5 % | voltage=15.96 V | drain_rate=0.041 %/s | home_distance=7.1 m | return_time=11 s | return_cost=0.4 % | margin_after_return=66.0 %
[INFO] [1790287280.675435496] [sage_energy_monitor]: ENERGY | remaining=86.4 % | voltage=15.95 V | drain_rate=0.041 %/s | home_distance=5.0 m | return_time=9 s | return_cost=0.4 % | margin_after_return=66.0 %
[INFO] [1790287281.675971087] [sage_energy_monitor]: ENERGY | remaining=86.4 % | voltage=15.95 V | drain_rate=0.041 %/s | home_distance=2.9 m | return_time=7 s | return_cost=0.3 % | margin_after_return=66.1 %
[INFO] [1790287282.671509678] [sage_energy_monitor]: ENERGY | remaining=86.3 % | voltage=15.95 V | drain_rate=0.041 %/s | home_distance=1.2 m | return_time=5 s | return_cost=0.2 % | margin_after_return=66.1 %
[INFO] [1790287283.674346498] [sage_energy_monitor]: ENERGY | remaining=86.3 % | voltage=15.95 V | drain_rate=0.041 %/s | home_distance=2.3 m | return_time=6 s | return_cost=0.3 % | margin_after_return=66.0 %
[INFO] [1790287284.673471837] [sage_energy_monitor]: ENERGY | remaining=86.2 % | voltage=15.95 V | drain_rate=0.041 %/s | home_distance=3.7 m | return_time=8 s | return_cost=0.3 % | margin_after_return=65.9 %
[INFO] [1790287285.671069797] [sage_energy_monitor]: ENERGY | remaining=86.2 % | voltage=15.95 V | drain_rate=0.041 %/s | home_distance=4.2 m | return_time=8 s | return_cost=0.3 % | margin_after_return=65.9 %
[INFO] [1790287286.673494883] [sage_energy_monitor]: ENERGY | remaining=86.2 % | voltage=15.95 V | drain_rate=0.041 %/s | home_distance=3.3 m | return_time=7 s | return_cost=0.3 % | margin_after_return=65.9 %
[INFO] [1790287287.675076167] [sage_energy_monitor]: ENERGY | remaining=86.1 % | voltage=15.95 V | drain_rate=0.041 %/s | home_distance=2.8 m | return_time=7 s | return_cost=0.3 % | margin_after_return=65.8 %
[INFO] [1790287288.671730368] [sage_energy_monitor]: ENERGY | remaining=86.1 % | voltage=15.95 V | drain_rate=0.041 %/s | home_distance=2.6 m | return_time=7 s | return_cost=0.3 % | margin_after_return=65.8 %
[INFO] [1790287289.675871389] [sage_energy_monitor]: ENERGY | remaining=86.0 % | voltage=15.95 V | drain_rate=0.041 %/s | home_distance=3.0 m | return_time=7 s | return_cost=0.3 % | margin_after_return=65.7 %
[INFO] [1790287290.684196700] [sage_energy_monitor]: ENERGY | remaining=86.0 % | voltage=15.95 V | drain_rate=0.041 %/s | home_distance=4.8 m | return_time=9 s | return_cost=0.4 % | margin_after_return=65.6 %
[INFO] [1790287291.674031233] [sage_energy_monitor]: ENERGY | remaining=85.9 % | voltage=15.95 V | drain_rate=0.041 %/s | home_distance=6.7 m | return_time=11 s | return_cost=0.4 % | margin_after_return=65.5 %
[INFO] [1790287292.674287531] [sage_energy_monitor]: ENERGY | remaining=85.9 % | voltage=15.95 V | drain_rate=0.041 %/s | home_distance=7.8 m | return_time=12 s | return_cost=0.5 % | margin_after_return=65.4 %
[INFO] [1790287293.674388438] [sage_energy_monitor]: ENERGY | remaining=85.9 % | voltage=15.94 V | drain_rate=0.041 %/s | home_distance=8.3 m | return_time=12 s | return_cost=0.5 % | margin_after_return=65.4 %
[INFO] [1790287294.670904485] [sage_energy_monitor]: ENERGY | remaining=85.8 % | voltage=15.94 V | drain_rate=0.041 %/s | home_distance=8.9 m | return_time=13 s | return_cost=0.5 % | margin_after_return=65.3 %
[INFO] [1790287295.676336994] [sage_energy_monitor]: ENERGY | remaining=85.8 % | voltage=15.94 V | drain_rate=0.041 %/s | home_distance=10.0 m | return_time=14 s | return_cost=0.6 % | margin_after_return=65.2 %
[INFO] [1790287296.672642714] [sage_energy_monitor]: ENERGY | remaining=85.7 % | voltage=15.94 V | drain_rate=0.041 %/s | home_distance=11.5 m | return_time=15 s | return_cost=0.6 % | margin_after_return=65.1 %
[INFO] [1790287297.671345492] [sage_energy_monitor]: ENERGY | remaining=85.7 % | voltage=15.94 V | drain_rate=0.041 %/s | home_distance=12.7 m | return_time=17 s | return_cost=0.7 % | margin_after_return=65.0 %
[INFO] [1790287298.676376023] [sage_energy_monitor]: ENERGY | remaining=85.7 % | voltage=15.94 V | drain_rate=0.041 %/s | home_distance=13.1 m | return_time=17 s | return_cost=0.7 % | margin_after_return=64.9 %
[INFO] [1790287299.673076321] [sage_energy_monitor]: ENERGY | remaining=85.6 % | voltage=15.94 V | drain_rate=0.041 %/s | home_distance=13.1 m | return_time=17 s | return_cost=0.7 % | margin_after_return=64.9 %
[INFO] [1790287300.671329483] [sage_energy_monitor]: ENERGY | remaining=85.6 % | voltage=15.94 V | drain_rate=0.042 %/s | home_distance=13.4 m | return_time=17 s | return_cost=0.7 % | margin_after_return=64.9 %
[INFO] [1790287301.671242106] [sage_energy_monitor]: ENERGY | remaining=85.5 % | voltage=15.94 V | drain_rate=0.042 %/s | home_distance=13.8 m | return_time=18 s | return_cost=0.7 % | margin_after_return=64.8 %
[INFO] [1790287302.673156950] [sage_energy_monitor]: ENERGY | remaining=85.5 % | voltage=15.94 V | drain_rate=0.042 %/s | home_distance=13.8 m | return_time=18 s | return_cost=0.7 % | margin_after_return=64.7 %
[INFO] [1790287303.670886378] [sage_energy_monitor]: ENERGY | remaining=85.4 % | voltage=15.94 V | drain_rate=0.042 %/s | home_distance=13.2 m | return_time=17 s | return_cost=0.7 % | margin_after_return=64.7 %
[INFO] [1790287304.673429301] [sage_energy_monitor]: ENERGY | remaining=85.4 % | voltage=15.94 V | drain_rate=0.042 %/s | home_distance=12.1 m | return_time=16 s | return_cost=0.7 % | margin_after_return=64.7 %
[INFO] [1790287305.679985303] [sage_energy_monitor]: ENERGY | remaining=85.4 % | voltage=15.94 V | drain_rate=0.042 %/s | home_distance=10.9 m | return_time=15 s | return_cost=0.6 % | margin_after_return=64.7 %
[INFO] [1790287306.671481125] [sage_energy_monitor]: ENERGY | remaining=85.3 % | voltage=15.93 V | drain_rate=0.042 %/s | home_distance=10.2 m | return_time=14 s | return_cost=0.6 % | margin_after_return=64.7 %
[INFO] [1790287307.678124993] [sage_energy_monitor]: ENERGY | remaining=85.3 % | voltage=15.93 V | drain_rate=0.042 %/s | home_distance=9.9 m | return_time=14 s | return_cost=0.6 % | margin_after_return=64.7 %
[INFO] [1790287308.672457905] [sage_energy_monitor]: ENERGY | remaining=85.2 % | voltage=15.93 V | drain_rate=0.042 %/s | home_distance=9.8 m | return_time=14 s | return_cost=0.6 % | margin_after_return=64.7 %
[INFO] [1790287309.671412918] [sage_energy_monitor]: ENERGY | remaining=85.2 % | voltage=15.93 V | drain_rate=0.042 %/s | home_distance=9.8 m | return_time=14 s | return_cost=0.6 % | margin_after_return=64.6 %
[INFO] [1790287310.670907638] [sage_energy_monitor]: ENERGY | remaining=85.2 % | voltage=15.93 V | drain_rate=0.042 %/s | home_distance=9.9 m | return_time=14 s | return_cost=0.6 % | margin_after_return=64.6 %
[INFO] [1790287311.673802042] [sage_energy_monitor]: ENERGY | remaining=85.1 % | voltage=15.93 V | drain_rate=0.042 %/s | home_distance=10.0 m | return_time=14 s | return_cost=0.6 % | margin_after_return=64.5 %
[INFO] [1790287312.673715180] [sage_energy_monitor]: ENERGY | remaining=85.1 % | voltage=15.93 V | drain_rate=0.042 %/s | home_distance=10.4 m | return_time=15 s | return_cost=0.6 % | margin_after_return=64.5 %
[INFO] [1790287313.679466522] [sage_energy_monitor]: ENERGY | remaining=85.0 % | voltage=15.93 V | drain_rate=0.042 %/s | home_distance=11.4 m | return_time=16 s | return_cost=0.6 % | margin_after_return=64.4 %
[INFO] [1790287314.673429621] [sage_energy_monitor]: ENERGY | remaining=85.0 % | voltage=15.93 V | drain_rate=0.042 %/s | home_distance=12.6 m | return_time=17 s | return_cost=0.7 % | margin_after_return=64.3 %
[INFO] [1790287315.671528503] [sage_energy_monitor]: ENERGY | remaining=84.9 % | voltage=15.93 V | drain_rate=0.042 %/s | home_distance=13.5 m | return_time=18 s | return_cost=0.7 % | margin_after_return=64.2 %
[INFO] [1790287316.671007732] [sage_energy_monitor]: ENERGY | remaining=84.9 % | voltage=15.93 V | drain_rate=0.042 %/s | home_distance=13.6 m | return_time=18 s | return_cost=0.7 % | margin_after_return=64.2 %
[INFO] [1790287317.674764002] [sage_energy_monitor]: ENERGY | remaining=84.9 % | voltage=15.93 V | drain_rate=0.042 %/s | home_distance=12.8 m | return_time=17 s | return_cost=0.7 % | margin_after_return=64.2 %
[INFO] [1790287318.677664345] [sage_energy_monitor]: ENERGY | remaining=84.8 % | voltage=15.93 V | drain_rate=0.042 %/s | home_distance=11.7 m | return_time=16 s | return_cost=0.7 % | margin_after_return=64.2 %
[INFO] [1790287319.673819460] [sage_energy_monitor]: ENERGY | remaining=84.8 % | voltage=15.93 V | drain_rate=0.042 %/s | home_distance=10.9 m | return_time=15 s | return_cost=0.6 % | margin_after_return=64.2 %
[INFO] [1790287320.672882770] [sage_energy_monitor]: ENERGY | remaining=84.7 % | voltage=15.92 V | drain_rate=0.042 %/s | home_distance=10.5 m | return_time=15 s | return_cost=0.6 % | margin_after_return=64.1 %
[INFO] [1790287321.674904080] [sage_energy_monitor]: ENERGY | remaining=84.7 % | voltage=15.92 V | drain_rate=0.042 %/s | home_distance=10.5 m | return_time=15 s | return_cost=0.6 % | margin_after_return=64.1 %
[INFO] [1790287322.673217193] [sage_energy_monitor]: ENERGY | remaining=84.7 % | voltage=15.92 V | drain_rate=0.042 %/s | home_distance=10.6 m | return_time=15 s | return_cost=0.6 % | margin_after_return=64.0 %
[INFO] [1790287323.672093621] [sage_energy_monitor]: ENERGY | remaining=84.6 % | voltage=15.92 V | drain_rate=0.042 %/s | home_distance=10.9 m | return_time=15 s | return_cost=0.6 % | margin_after_return=64.0 %
[INFO] [1790287324.671120912] [sage_energy_monitor]: ENERGY | remaining=84.6 % | voltage=15.92 V | drain_rate=0.042 %/s | home_distance=12.0 m | return_time=16 s | return_cost=0.7 % | margin_after_return=63.9 %
[INFO] [1790287325.670766516] [sage_energy_monitor]: ENERGY | remaining=84.5 % | voltage=15.92 V | drain_rate=0.042 %/s | home_distance=13.4 m | return_time=18 s | return_cost=0.7 % | margin_after_return=63.8 %
[INFO] [1790287326.671149049] [sage_energy_monitor]: ENERGY | remaining=84.5 % | voltage=15.92 V | drain_rate=0.042 %/s | home_distance=14.7 m | return_time=19 s | return_cost=0.8 % | margin_after_return=63.7 %
[INFO] [1790287327.671198927] [sage_energy_monitor]: ENERGY | remaining=84.5 % | voltage=15.92 V | drain_rate=0.042 %/s | home_distance=15.2 m | return_time=19 s | return_cost=0.8 % | margin_after_return=63.7 %
[INFO] [1790287328.672701018] [sage_energy_monitor]: ENERGY | remaining=84.4 % | voltage=15.92 V | drain_rate=0.042 %/s | home_distance=15.0 m | return_time=19 s | return_cost=0.8 % | margin_after_return=63.6 %
[INFO] [1790287329.672963835] [sage_energy_monitor]: ENERGY | remaining=84.4 % | voltage=15.92 V | drain_rate=0.042 %/s | home_distance=14.8 m | return_time=19 s | return_cost=0.8 % | margin_after_return=63.6 %
[INFO] [1790287330.670851620] [sage_energy_monitor]: ENERGY | remaining=84.3 % | voltage=15.92 V | drain_rate=0.041 %/s | home_distance=14.9 m | return_time=19 s | return_cost=0.8 % | margin_after_return=63.5 %
[INFO] [1790287331.671406810] [sage_energy_monitor]: ENERGY | remaining=84.3 % | voltage=15.92 V | drain_rate=0.041 %/s | home_distance=14.6 m | return_time=19 s | return_cost=0.8 % | margin_after_return=63.5 %
[INFO] [1790287332.671675191] [sage_energy_monitor]: ENERGY | remaining=84.2 % | voltage=15.92 V | drain_rate=0.041 %/s | home_distance=12.6 m | return_time=17 s | return_cost=0.7 % | margin_after_return=63.6 %
[INFO] [1790287333.678216853] [sage_energy_monitor]: ENERGY | remaining=84.2 % | voltage=15.91 V | drain_rate=0.041 %/s | home_distance=10.5 m | return_time=14 s | return_cost=0.6 % | margin_after_return=63.6 %
[INFO] [1790287334.671559116] [sage_energy_monitor]: ENERGY | remaining=84.2 % | voltage=15.91 V | drain_rate=0.041 %/s | home_distance=9.6 m | return_time=14 s | return_cost=0.6 % | margin_after_return=63.6 %
[INFO] [1790287335.674984625] [sage_energy_monitor]: ENERGY | remaining=84.1 % | voltage=15.91 V | drain_rate=0.041 %/s | home_distance=9.5 m | return_time=13 s | return_cost=0.6 % | margin_after_return=63.6 %
[INFO] [1790287336.679335363] [sage_energy_monitor]: ENERGY | remaining=84.1 % | voltage=15.91 V | drain_rate=0.041 %/s | home_distance=10.0 m | return_time=14 s | return_cost=0.6 % | margin_after_return=63.5 %
[INFO] [1790287337.670964289] [sage_energy_monitor]: ENERGY | remaining=84.0 % | voltage=15.91 V | drain_rate=0.041 %/s | home_distance=10.4 m | return_time=14 s | return_cost=0.6 % | margin_after_return=63.4 %
[INFO] [1790287338.678849971] [sage_energy_monitor]: ENERGY | remaining=84.0 % | voltage=15.91 V | drain_rate=0.042 %/s | home_distance=10.5 m | return_time=15 s | return_cost=0.6 % | margin_after_return=63.4 %
[INFO] [1790287339.671383127] [sage_energy_monitor]: ENERGY | remaining=83.9 % | voltage=15.91 V | drain_rate=0.042 %/s | home_distance=10.5 m | return_time=14 s | return_cost=0.6 % | margin_after_return=63.4 %
[INFO] [1790287340.671232676] [sage_energy_monitor]: ENERGY | remaining=83.9 % | voltage=15.91 V | drain_rate=0.042 %/s | home_distance=10.7 m | return_time=15 s | return_cost=0.6 % | margin_after_return=63.3 %
[INFO] [1790287341.671366377] [sage_energy_monitor]: ENERGY | remaining=83.9 % | voltage=15.91 V | drain_rate=0.042 %/s | home_distance=11.7 m | return_time=16 s | return_cost=0.6 % | margin_after_return=63.2 %
[INFO] [1790287342.673763003] [sage_energy_monitor]: ENERGY | remaining=83.8 % | voltage=15.91 V | drain_rate=0.042 %/s | home_distance=13.2 m | return_time=17 s | return_cost=0.7 % | margin_after_return=63.1 %
[INFO] [1790287343.675653786] [sage_energy_monitor]: ENERGY | remaining=83.8 % | voltage=15.91 V | drain_rate=0.042 %/s | home_distance=14.1 m | return_time=18 s | return_cost=0.8 % | margin_after_return=63.0 %
[INFO] [1790287344.678294207] [sage_energy_monitor]: ENERGY | remaining=83.7 % | voltage=15.91 V | drain_rate=0.042 %/s | home_distance=14.2 m | return_time=18 s | return_cost=0.8 % | margin_after_return=63.0 %
[INFO] [1790287345.671489578] [sage_energy_monitor]: ENERGY | remaining=83.7 % | voltage=15.91 V | drain_rate=0.042 %/s | home_distance=12.6 m | return_time=17 s | return_cost=0.7 % | margin_after_return=63.0 %
[INFO] [1790287346.672688994] [sage_energy_monitor]: ENERGY | remaining=83.7 % | voltage=15.90 V | drain_rate=0.042 %/s | home_distance=10.7 m | return_time=15 s | return_cost=0.6 % | margin_after_return=63.0 %
[INFO] [1790287347.671117993] [sage_energy_monitor]: ENERGY | remaining=83.6 % | voltage=15.90 V | drain_rate=0.042 %/s | home_distance=8.7 m | return_time=13 s | return_cost=0.5 % | margin_after_return=63.1 %
[INFO] [1790287348.679433115] [sage_energy_monitor]: ENERGY | remaining=83.6 % | voltage=15.90 V | drain_rate=0.042 %/s | home_distance=6.4 m | return_time=11 s | return_cost=0.4 % | margin_after_return=63.1 %
[INFO] [1790287349.674878586] [sage_energy_monitor]: ENERGY | remaining=83.5 % | voltage=15.90 V | drain_rate=0.042 %/s | home_distance=4.1 m | return_time=8 s | return_cost=0.3 % | margin_after_return=63.2 %
[INFO] [1790287350.674286652] [sage_energy_monitor]: ENERGY | remaining=83.5 % | voltage=15.90 V | drain_rate=0.042 %/s | home_distance=1.8 m | return_time=6 s | return_cost=0.2 % | margin_after_return=63.2 %
[INFO] [1790287351.679692308] [sage_energy_monitor]: ENERGY | remaining=83.4 % | voltage=15.90 V | drain_rate=0.042 %/s | home_distance=0.4 m | return_time=5 s | return_cost=0.2 % | margin_after_return=63.3 %
[INFO] [1790287352.673651271] [sage_energy_monitor]: ENERGY | remaining=83.4 % | voltage=15.90 V | drain_rate=0.042 %/s | home_distance=2.6 m | return_time=7 s | return_cost=0.3 % | margin_after_return=63.1 %
[INFO] [1790287353.671290031] [sage_energy_monitor]: ENERGY | remaining=83.4 % | voltage=15.90 V | drain_rate=0.042 %/s | home_distance=4.8 m | return_time=9 s | return_cost=0.4 % | margin_after_return=63.0 %
[INFO] [1790287354.679373800] [sage_energy_monitor]: ENERGY | remaining=83.3 % | voltage=15.90 V | drain_rate=0.042 %/s | home_distance=6.4 m | return_time=10 s | return_cost=0.4 % | margin_after_return=62.9 %
[INFO] [1790287355.672614504] [sage_energy_monitor]: ENERGY | remaining=83.3 % | voltage=15.90 V | drain_rate=0.042 %/s | home_distance=7.0 m | return_time=11 s | return_cost=0.5 % | margin_after_return=62.8 %
[INFO] [1790287356.672732989] [sage_energy_monitor]: ENERGY | remaining=83.2 % | voltage=15.90 V | drain_rate=0.042 %/s | home_distance=7.4 m | return_time=11 s | return_cost=0.5 % | margin_after_return=62.8 %
[INFO] [1790287357.672829953] [sage_energy_monitor]: ENERGY | remaining=83.2 % | voltage=15.90 V | drain_rate=0.042 %/s | home_distance=8.1 m | return_time=12 s | return_cost=0.5 % | margin_after_return=62.7 %
[INFO] [1790287358.671096070] [sage_energy_monitor]: ENERGY | remaining=83.2 % | voltage=15.90 V | drain_rate=0.042 %/s | home_distance=8.4 m | return_time=12 s | return_cost=0.5 % | margin_after_return=62.6 %
[INFO] [1790287359.671223518] [sage_energy_monitor]: ENERGY | remaining=83.1 % | voltage=15.90 V | drain_rate=0.042 %/s | home_distance=7.3 m | return_time=11 s | return_cost=0.5 % | margin_after_return=62.6 %
[INFO] [1790287360.674217109] [sage_energy_monitor]: ENERGY | remaining=83.1 % | voltage=15.89 V | drain_rate=0.042 %/s | home_distance=5.7 m | return_time=10 s | return_cost=0.4 % | margin_after_return=62.7 %
[INFO] [1790287361.671105222] [sage_energy_monitor]: ENERGY | remaining=83.0 % | voltage=15.89 V | drain_rate=0.042 %/s | home_distance=4.2 m | return_time=9 s | return_cost=0.4 % | margin_after_return=62.7 %
[INFO] [1790287362.675881444] [sage_energy_monitor]: ENERGY | remaining=83.0 % | voltage=15.89 V | drain_rate=0.042 %/s | home_distance=3.4 m | return_time=7 s | return_cost=0.3 % | margin_after_return=62.7 %
[INFO] [1790287363.671070705] [sage_energy_monitor]: ENERGY | remaining=83.0 % | voltage=15.89 V | drain_rate=0.042 %/s | home_distance=3.6 m | return_time=8 s | return_cost=0.3 % | margin_after_return=62.6 %
[INFO] [1790287364.672161996] [sage_energy_monitor]: ENERGY | remaining=82.9 % | voltage=15.89 V | drain_rate=0.041 %/s | home_distance=3.5 m | return_time=7 s | return_cost=0.3 % | margin_after_return=62.6 %
[INFO] [1790287365.674382335] [sage_energy_monitor]: ENERGY | remaining=82.9 % | voltage=15.89 V | drain_rate=0.041 %/s | home_distance=3.1 m | return_time=7 s | return_cost=0.3 % | margin_after_return=62.6 %
[INFO] [1790287366.676829900] [sage_energy_monitor]: ENERGY | remaining=82.8 % | voltage=15.89 V | drain_rate=0.041 %/s | home_distance=3.5 m | return_time=7 s | return_cost=0.3 % | margin_after_return=62.5 %
[INFO] [1790287367.671155931] [sage_energy_monitor]: ENERGY | remaining=82.8 % | voltage=15.89 V | drain_rate=0.041 %/s | home_distance=4.0 m | return_time=8 s | return_cost=0.3 % | margin_after_return=62.5 %
[INFO] [1790287368.676266356] [sage_energy_monitor]: ENERGY | remaining=82.7 % | voltage=15.89 V | drain_rate=0.041 %/s | home_distance=5.1 m | return_time=9 s | return_cost=0.4 % | margin_after_return=62.4 %
[INFO] [1790287369.674887256] [sage_energy_monitor]: ENERGY | remaining=82.7 % | voltage=15.89 V | drain_rate=0.041 %/s | home_distance=6.4 m | return_time=11 s | return_cost=0.4 % | margin_after_return=62.3 %
[INFO] [1790287370.675992849] [sage_energy_monitor]: ENERGY | remaining=82.7 % | voltage=15.89 V | drain_rate=0.041 %/s | home_distance=7.9 m | return_time=12 s | return_cost=0.5 % | margin_after_return=62.2 %
[INFO] [1790287371.672056841] [sage_energy_monitor]: ENERGY | remaining=82.6 % | voltage=15.89 V | drain_rate=0.041 %/s | home_distance=8.9 m | return_time=13 s | return_cost=0.5 % | margin_after_return=62.1 %
[INFO] [1790287372.671492352] [sage_energy_monitor]: ENERGY | remaining=82.6 % | voltage=15.89 V | drain_rate=0.041 %/s | home_distance=9.4 m | return_time=13 s | return_cost=0.6 % | margin_after_return=62.0 %
[INFO] [1790287373.675359588] [sage_energy_monitor]: ENERGY | remaining=82.5 % | voltage=15.88 V | drain_rate=0.041 %/s | home_distance=8.5 m | return_time=13 s | return_cost=0.5 % | margin_after_return=62.0 %
[INFO] [1790287374.676151303] [sage_energy_monitor]: ENERGY | remaining=82.5 % | voltage=15.88 V | drain_rate=0.041 %/s | home_distance=6.5 m | return_time=11 s | return_cost=0.4 % | margin_after_return=62.1 %
[INFO] [1790287375.670778601] [sage_energy_monitor]: ENERGY | remaining=82.5 % | voltage=15.88 V | drain_rate=0.041 %/s | home_distance=4.5 m | return_time=9 s | return_cost=0.4 % | margin_after_return=62.1 %
[INFO] [1790287376.672566453] [sage_energy_monitor]: ENERGY | remaining=82.4 % | voltage=15.88 V | drain_rate=0.041 %/s | home_distance=2.5 m | return_time=6 s | return_cost=0.3 % | margin_after_return=62.2 %
[INFO] [1790287377.674863308] [sage_energy_monitor]: ENERGY | remaining=82.4 % | voltage=15.88 V | drain_rate=0.041 %/s | home_distance=0.5 m | return_time=4 s | return_cost=0.2 % | margin_after_return=62.2 %
[INFO] [1790287378.673897467] [sage_energy_monitor]: ENERGY | remaining=82.3 % | voltage=15.88 V | drain_rate=0.041 %/s | home_distance=1.3 m | return_time=5 s | return_cost=0.2 % | margin_after_return=62.1 %
[INFO] [1790287379.680710292] [sage_energy_monitor]: ENERGY | remaining=82.3 % | voltage=15.88 V | drain_rate=0.041 %/s | home_distance=2.6 m | return_time=7 s | return_cost=0.3 % | margin_after_return=62.0 %
[INFO] [1790287380.681155457] [sage_energy_monitor]: ENERGY | remaining=82.3 % | voltage=15.88 V | drain_rate=0.041 %/s | home_distance=4.4 m | return_time=8 s | return_cost=0.3 % | margin_after_return=61.9 %
[INFO] [1790287381.670842432] [sage_energy_monitor]: ENERGY | remaining=82.2 % | voltage=15.88 V | drain_rate=0.041 %/s | home_distance=6.2 m | return_time=10 s | return_cost=0.4 % | margin_after_return=61.8 %
[INFO] [1790287382.673521031] [sage_energy_monitor]: ENERGY | remaining=82.2 % | voltage=15.88 V | drain_rate=0.041 %/s | home_distance=7.0 m | return_time=11 s | return_cost=0.4 % | margin_after_return=61.8 %
[INFO] [1790287383.672503492] [sage_energy_monitor]: ENERGY | remaining=82.1 % | voltage=15.88 V | drain_rate=0.041 %/s | home_distance=7.6 m | return_time=11 s | return_cost=0.5 % | margin_after_return=61.7 %
[INFO] [1790287384.671581175] [sage_energy_monitor]: ENERGY | remaining=82.1 % | voltage=15.88 V | drain_rate=0.041 %/s | home_distance=9.2 m | return_time=13 s | return_cost=0.5 % | margin_after_return=61.6 %
[INFO] [1790287385.679944641] [sage_energy_monitor]: ENERGY | remaining=82.1 % | voltage=15.88 V | drain_rate=0.041 %/s | home_distance=10.4 m | return_time=14 s | return_cost=0.6 % | margin_after_return=61.5 %
[INFO] [1790287386.671606333] [sage_energy_monitor]: ENERGY | remaining=82.0 % | voltage=15.88 V | drain_rate=0.041 %/s | home_distance=10.3 m | return_time=14 s | return_cost=0.6 % | margin_after_return=61.4 %
[INFO] [1790287387.674094927] [sage_energy_monitor]: ENERGY | remaining=82.0 % | voltage=15.87 V | drain_rate=0.041 %/s | home_distance=8.5 m | return_time=12 s | return_cost=0.5 % | margin_after_return=61.5 %
[INFO] [1790287388.670874238] [sage_energy_monitor]: ENERGY | remaining=81.9 % | voltage=15.87 V | drain_rate=0.041 %/s | home_distance=6.4 m | return_time=11 s | return_cost=0.4 % | margin_after_return=61.5 %
[INFO] [1790287389.673994133] [sage_energy_monitor]: ENERGY | remaining=81.9 % | voltage=15.87 V | drain_rate=0.041 %/s | home_distance=4.4 m | return_time=9 s | return_cost=0.3 % | margin_after_return=61.5 %
[INFO] [1790287390.685472338] [sage_energy_monitor]: ENERGY | remaining=81.9 % | voltage=15.87 V | drain_rate=0.041 %/s | home_distance=2.7 m | return_time=7 s | return_cost=0.3 % | margin_after_return=61.6 %
[INFO] [1790287391.672967425] [sage_energy_monitor]: ENERGY | remaining=81.8 % | voltage=15.87 V | drain_rate=0.041 %/s | home_distance=2.1 m | return_time=6 s | return_cost=0.3 % | margin_after_return=61.6 %
[INFO] [1790287392.674389272] [sage_energy_monitor]: ENERGY | remaining=81.8 % | voltage=15.87 V | drain_rate=0.041 %/s | home_distance=1.7 m | return_time=6 s | return_cost=0.2 % | margin_after_return=61.5 %
[INFO] [1790287393.671073337] [sage_energy_monitor]: ENERGY | remaining=81.7 % | voltage=15.87 V | drain_rate=0.041 %/s | home_distance=1.6 m | return_time=6 s | return_cost=0.2 % | margin_after_return=61.5 %
[INFO] [1790287394.673413983] [sage_energy_monitor]: ENERGY | remaining=81.7 % | voltage=15.87 V | drain_rate=0.041 %/s | home_distance=2.4 m | return_time=6 s | return_cost=0.3 % | margin_after_return=61.4 %
[INFO] [1790287395.673490982] [sage_energy_monitor]: ENERGY | remaining=81.6 % | voltage=15.87 V | drain_rate=0.041 %/s | home_distance=2.7 m | return_time=7 s | return_cost=0.3 % | margin_after_return=61.4 %
[INFO] [1790287396.672518191] [sage_energy_monitor]: ENERGY | remaining=81.6 % | voltage=15.87 V | drain_rate=0.041 %/s | home_distance=2.6 m | return_time=7 s | return_cost=0.3 % | margin_after_return=61.3 %
[INFO] [1790287397.681218452] [sage_energy_monitor]: ENERGY | remaining=81.6 % | voltage=15.87 V | drain_rate=0.041 %/s | home_distance=2.5 m | return_time=6 s | return_cost=0.3 % | margin_after_return=61.3 %
[INFO] [1790287398.672372748] [sage_energy_monitor]: ENERGY | remaining=81.5 % | voltage=15.87 V | drain_rate=0.041 %/s | home_distance=2.4 m | return_time=6 s | return_cost=0.3 % | margin_after_return=61.3 %
[INFO] [1790287399.676994820] [sage_energy_monitor]: ENERGY | remaining=81.5 % | voltage=15.87 V | drain_rate=0.041 %/s | home_distance=2.4 m | return_time=6 s | return_cost=0.2 % | margin_after_return=61.2 %
[INFO] [1790287400.675433017] [sage_energy_monitor]: ENERGY | remaining=81.4 % | voltage=15.86 V | drain_rate=0.041 %/s | home_distance=3.8 m | return_time=8 s | return_cost=0.3 % | margin_after_return=61.1 %
[INFO] [1790287401.671688459] [sage_energy_monitor]: ENERGY | remaining=81.4 % | voltage=15.86 V | drain_rate=0.041 %/s | home_distance=5.9 m | return_time=10 s | return_cost=0.4 % | margin_after_return=61.0 %
[INFO] [1790287402.671303071] [sage_energy_monitor]: ENERGY | remaining=81.4 % | voltage=15.86 V | drain_rate=0.041 %/s | home_distance=8.0 m | return_time=12 s | return_cost=0.5 % | margin_after_return=60.9 %
[INFO] [1790287403.670926422] [sage_energy_monitor]: ENERGY | remaining=81.3 % | voltage=15.86 V | drain_rate=0.041 %/s | home_distance=10.2 m | return_time=14 s | return_cost=0.6 % | margin_after_return=60.7 %
[INFO] [1790287404.672558435] [sage_energy_monitor]: ENERGY | remaining=81.3 % | voltage=15.86 V | drain_rate=0.041 %/s | home_distance=12.4 m | return_time=17 s | return_cost=0.7 % | margin_after_return=60.6 %
[INFO] [1790287405.673202791] [sage_energy_monitor]: ENERGY | remaining=81.2 % | voltage=15.86 V | drain_rate=0.041 %/s | home_distance=14.0 m | return_time=18 s | return_cost=0.7 % | margin_after_return=60.5 %
[INFO] [1790287406.679567937] [sage_energy_monitor]: ENERGY | remaining=81.2 % | voltage=15.86 V | drain_rate=0.041 %/s | home_distance=14.6 m | return_time=19 s | return_cost=0.8 % | margin_after_return=60.4 %
[INFO] [1790287407.675095888] [sage_energy_monitor]: ENERGY | remaining=81.2 % | voltage=15.86 V | drain_rate=0.041 %/s | home_distance=15.5 m | return_time=20 s | return_cost=0.8 % | margin_after_return=60.4 %
[INFO] [1790287408.671876509] [sage_energy_monitor]: ENERGY | remaining=81.1 % | voltage=15.86 V | drain_rate=0.041 %/s | home_distance=16.2 m | return_time=20 s | return_cost=0.8 % | margin_after_return=60.3 %
[INFO] [1790287409.677799559] [sage_energy_monitor]: ENERGY | remaining=81.1 % | voltage=15.86 V | drain_rate=0.041 %/s | home_distance=16.4 m | return_time=20 s | return_cost=0.8 % | margin_after_return=60.3 %
[INFO] [1790287410.671406607] [sage_energy_monitor]: ENERGY | remaining=81.0 % | voltage=15.86 V | drain_rate=0.041 %/s | home_distance=16.3 m | return_time=20 s | return_cost=0.8 % | margin_after_return=60.2 %
[INFO] [1790287411.681075166] [sage_energy_monitor]: ENERGY | remaining=81.0 % | voltage=15.86 V | drain_rate=0.041 %/s | home_distance=16.2 m | return_time=20 s | return_cost=0.8 % | margin_after_return=60.2 %
[INFO] [1790287412.675810840] [sage_energy_monitor]: ENERGY | remaining=81.0 % | voltage=15.86 V | drain_rate=0.041 %/s | home_distance=15.4 m | return_time=19 s | return_cost=0.8 % | margin_after_return=60.2 %
[INFO] [1790287413.674415162] [sage_energy_monitor]: ENERGY | remaining=80.9 % | voltage=15.86 V | drain_rate=0.041 %/s | home_distance=14.5 m | return_time=19 s | return_cost=0.8 % | margin_after_return=60.2 %
[INFO] [1790287414.672780974] [sage_energy_monitor]: ENERGY | remaining=80.9 % | voltage=15.85 V | drain_rate=0.041 %/s | home_distance=13.8 m | return_time=18 s | return_cost=0.7 % | margin_after_return=60.1 %
[INFO] [1790287415.677225559] [sage_energy_monitor]: ENERGY | remaining=80.8 % | voltage=15.85 V | drain_rate=0.041 %/s | home_distance=13.5 m | return_time=18 s | return_cost=0.7 % | margin_after_return=60.1 %
[INFO] [1790287416.672987703] [sage_energy_monitor]: ENERGY | remaining=80.8 % | voltage=15.85 V | drain_rate=0.041 %/s | home_distance=13.5 m | return_time=17 s | return_cost=0.7 % | margin_after_return=60.1 %
[INFO] [1790287417.676660032] [sage_energy_monitor]: ENERGY | remaining=80.7 % | voltage=15.85 V | drain_rate=0.041 %/s | home_distance=13.4 m | return_time=17 s | return_cost=0.7 % | margin_after_return=60.0 %
[INFO] [1790287418.672893261] [sage_energy_monitor]: ENERGY | remaining=80.7 % | voltage=15.85 V | drain_rate=0.041 %/s | home_distance=13.1 m | return_time=17 s | return_cost=0.7 % | margin_after_return=60.0 %
[INFO] [1790287419.677434701] [sage_energy_monitor]: ENERGY | remaining=80.7 % | voltage=15.85 V | drain_rate=0.041 %/s | home_distance=12.5 m | return_time=17 s | return_cost=0.7 % | margin_after_return=60.0 %
[INFO] [1790287420.672434400] [sage_energy_monitor]: ENERGY | remaining=80.6 % | voltage=15.85 V | drain_rate=0.041 %/s | home_distance=11.6 m | return_time=16 s | return_cost=0.7 % | margin_after_return=60.0 %
[INFO] [1790287421.674043708] [sage_energy_monitor]: ENERGY | remaining=80.6 % | voltage=15.85 V | drain_rate=0.041 %/s | home_distance=10.8 m | return_time=15 s | return_cost=0.6 % | margin_after_return=60.0 %
[INFO] [1790287422.673139320] [sage_energy_monitor]: ENERGY | remaining=80.5 % | voltage=15.85 V | drain_rate=0.041 %/s | home_distance=10.4 m | return_time=15 s | return_cost=0.6 % | margin_after_return=59.9 %
[INFO] [1790287423.670953817] [sage_energy_monitor]: ENERGY | remaining=80.5 % | voltage=15.85 V | drain_rate=0.041 %/s | home_distance=10.4 m | return_time=14 s | return_cost=0.6 % | margin_after_return=59.9 %
[INFO] [1790287424.673749237] [sage_energy_monitor]: ENERGY | remaining=80.5 % | voltage=15.85 V | drain_rate=0.041 %/s | home_distance=10.8 m | return_time=15 s | return_cost=0.6 % | margin_after_return=59.8 %
[INFO] [1790287425.681166086] [sage_energy_monitor]: ENERGY | remaining=80.4 % | voltage=15.85 V | drain_rate=0.041 %/s | home_distance=11.1 m | return_time=15 s | return_cost=0.6 % | margin_after_return=59.8 %
[INFO] [1790287426.671234644] [sage_energy_monitor]: ENERGY | remaining=80.4 % | voltage=15.85 V | drain_rate=0.041 %/s | home_distance=11.4 m | return_time=15 s | return_cost=0.6 % | margin_after_return=59.7 %
[INFO] [1790287427.671034438] [sage_energy_monitor]: ENERGY | remaining=80.3 % | voltage=15.84 V | drain_rate=0.041 %/s | home_distance=12.3 m | return_time=16 s | return_cost=0.7 % | margin_after_return=59.7 %
[INFO] [1790287428.673010831] [sage_energy_monitor]: ENERGY | remaining=80.3 % | voltage=15.84 V | drain_rate=0.041 %/s | home_distance=13.5 m | return_time=18 s | return_cost=0.7 % | margin_after_return=59.6 %
[INFO] [1790287429.673585282] [sage_energy_monitor]: ENERGY | remaining=80.2 % | voltage=15.84 V | drain_rate=0.041 %/s | home_distance=14.2 m | return_time=18 s | return_cost=0.7 % | margin_after_return=59.5 %
[INFO] [1790287430.675964611] [sage_energy_monitor]: ENERGY | remaining=80.2 % | voltage=15.84 V | drain_rate=0.041 %/s | home_distance=14.0 m | return_time=18 s | return_cost=0.7 % | margin_after_return=59.5 %
[INFO] [1790287431.672476713] [sage_energy_monitor]: ENERGY | remaining=80.2 % | voltage=15.84 V | drain_rate=0.041 %/s | home_distance=13.3 m | return_time=17 s | return_cost=0.7 % | margin_after_return=59.5 %
[INFO] [1790287432.678663878] [sage_energy_monitor]: ENERGY | remaining=80.1 % | voltage=15.84 V | drain_rate=0.041 %/s | home_distance=12.9 m | return_time=17 s | return_cost=0.7 % | margin_after_return=59.4 %
[INFO] [1790287433.672462741] [sage_energy_monitor]: ENERGY | remaining=80.1 % | voltage=15.84 V | drain_rate=0.041 %/s | home_distance=12.9 m | return_time=17 s | return_cost=0.7 % | margin_after_return=59.4 %
[INFO] [1790287434.673834452] [sage_energy_monitor]: ENERGY | remaining=80.1 % | voltage=15.84 V | drain_rate=0.041 %/s | home_distance=12.3 m | return_time=16 s | return_cost=0.7 % | margin_after_return=59.4 %
[INFO] [1790287435.673204121] [sage_energy_monitor]: ENERGY | remaining=80.0 % | voltage=15.84 V | drain_rate=0.041 %/s | home_distance=10.3 m | return_time=14 s | return_cost=0.6 % | margin_after_return=59.4 %
[INFO] [1790287436.678149225] [sage_energy_monitor]: ENERGY | remaining=80.0 % | voltage=15.84 V | drain_rate=0.042 %/s | home_distance=8.8 m | return_time=13 s | return_cost=0.5 % | margin_after_return=59.4 %
[INFO] [1790287437.673987220] [sage_energy_monitor]: ENERGY | remaining=79.9 % | voltage=15.84 V | drain_rate=0.041 %/s | home_distance=8.2 m | return_time=12 s | return_cost=0.5 % | margin_after_return=59.4 %
[INFO] [1790287438.674368373] [sage_energy_monitor]: ENERGY | remaining=79.9 % | voltage=15.84 V | drain_rate=0.041 %/s | home_distance=8.4 m | return_time=12 s | return_cost=0.5 % | margin_after_return=59.4 %
[INFO] [1790287439.673237851] [sage_energy_monitor]: ENERGY | remaining=79.8 % | voltage=15.84 V | drain_rate=0.041 %/s | home_distance=8.9 m | return_time=13 s | return_cost=0.5 % | margin_after_return=59.3 %
[INFO] [1790287440.673161918] [sage_energy_monitor]: ENERGY | remaining=79.8 % | voltage=15.84 V | drain_rate=0.041 %/s | home_distance=8.9 m | return_time=13 s | return_cost=0.5 % | margin_after_return=59.3 %
[INFO] [1790287441.671806174] [sage_energy_monitor]: ENERGY | remaining=79.8 % | voltage=15.83 V | drain_rate=0.041 %/s | home_distance=9.3 m | return_time=13 s | return_cost=0.6 % | margin_after_return=59.2 %
[INFO] [1790287442.671344484] [sage_energy_monitor]: ENERGY | remaining=79.7 % | voltage=15.83 V | drain_rate=0.041 %/s | home_distance=10.5 m | return_time=15 s | return_cost=0.6 % | margin_after_return=59.1 %
[INFO] [1790287443.673523276] [sage_energy_monitor]: ENERGY | remaining=79.7 % | voltage=15.83 V | drain_rate=0.041 %/s | home_distance=12.1 m | return_time=16 s | return_cost=0.7 % | margin_after_return=59.0 %
[INFO] [1790287444.677597090] [sage_energy_monitor]: ENERGY | remaining=79.6 % | voltage=15.83 V | drain_rate=0.041 %/s | home_distance=13.5 m | return_time=18 s | return_cost=0.7 % | margin_after_return=58.9 %
[INFO] [1790287445.675965140] [sage_energy_monitor]: ENERGY | remaining=79.6 % | voltage=15.83 V | drain_rate=0.041 %/s | home_distance=13.6 m | return_time=18 s | return_cost=0.7 % | margin_after_return=58.9 %
[INFO] [1790287446.674013253] [sage_energy_monitor]: ENERGY | remaining=79.5 % | voltage=15.83 V | drain_rate=0.041 %/s | home_distance=12.7 m | return_time=17 s | return_cost=0.7 % | margin_after_return=58.8 %
[INFO] [1790287447.672887713] [sage_energy_monitor]: ENERGY | remaining=79.5 % | voltage=15.83 V | drain_rate=0.041 %/s | home_distance=11.5 m | return_time=16 s | return_cost=0.6 % | margin_after_return=58.9 %
[INFO] [1790287448.673900956] [sage_energy_monitor]: ENERGY | remaining=79.5 % | voltage=15.83 V | drain_rate=0.041 %/s | home_distance=10.5 m | return_time=15 s | return_cost=0.6 % | margin_after_return=58.9 %
[INFO] [1790287449.673324862] [sage_energy_monitor]: ENERGY | remaining=79.4 % | voltage=15.83 V | drain_rate=0.041 %/s | home_distance=10.1 m | return_time=14 s | return_cost=0.6 % | margin_after_return=58.8 %
[INFO] [1790287450.670946978] [sage_energy_monitor]: ENERGY | remaining=79.4 % | voltage=15.83 V | drain_rate=0.041 %/s | home_distance=10.1 m | return_time=14 s | return_cost=0.6 % | margin_after_return=58.8 %
[INFO] [1790287451.677005058] [sage_energy_monitor]: ENERGY | remaining=79.3 % | voltage=15.83 V | drain_rate=0.041 %/s | home_distance=10.2 m | return_time=14 s | return_cost=0.6 % | margin_after_return=58.8 %
[INFO] [1790287452.671787312] [sage_energy_monitor]: ENERGY | remaining=79.3 % | voltage=15.83 V | drain_rate=0.041 %/s | home_distance=10.2 m | return_time=14 s | return_cost=0.6 % | margin_after_return=58.7 %
[INFO] [1790287453.671999446] [sage_energy_monitor]: ENERGY | remaining=79.3 % | voltage=15.83 V | drain_rate=0.041 %/s | home_distance=10.1 m | return_time=14 s | return_cost=0.6 % | margin_after_return=58.7 %
[INFO] [1790287454.674030042] [sage_energy_monitor]: ENERGY | remaining=79.2 % | voltage=15.82 V | drain_rate=0.041 %/s | home_distance=10.0 m | return_time=14 s | return_cost=0.6 % | margin_after_return=58.6 %
[INFO] [1790287455.673034120] [sage_energy_monitor]: ENERGY | remaining=79.2 % | voltage=15.82 V | drain_rate=0.041 %/s | home_distance=9.9 m | return_time=14 s | return_cost=0.6 % | margin_after_return=58.6 %
[INFO] [1790287456.672370396] [sage_energy_monitor]: ENERGY | remaining=79.1 % | voltage=15.82 V | drain_rate=0.041 %/s | home_distance=9.8 m | return_time=14 s | return_cost=0.6 % | margin_after_return=58.6 %
[INFO] [1790287457.678815025] [sage_energy_monitor]: ENERGY | remaining=79.1 % | voltage=15.82 V | drain_rate=0.041 %/s | home_distance=9.8 m | return_time=14 s | return_cost=0.6 % | margin_after_return=58.5 %
[INFO] [1790287458.676747141] [sage_energy_monitor]: ENERGY | remaining=79.0 % | voltage=15.82 V | drain_rate=0.041 %/s | home_distance=9.9 m | return_time=14 s | return_cost=0.6 % | margin_after_return=58.5 %
[INFO] [1790287459.672703662] [sage_energy_monitor]: ENERGY | remaining=79.0 % | voltage=15.82 V | drain_rate=0.041 %/s | home_distance=10.7 m | return_time=15 s | return_cost=0.6 % | margin_after_return=58.4 %
[INFO] [1790287460.674411027] [sage_energy_monitor]: ENERGY | remaining=79.0 % | voltage=15.82 V | drain_rate=0.041 %/s | home_distance=12.0 m | return_time=16 s | return_cost=0.7 % | margin_after_return=58.3 %
[INFO] [1790287461.672274464] [sage_energy_monitor]: ENERGY | remaining=78.9 % | voltage=15.82 V | drain_rate=0.041 %/s | home_distance=13.1 m | return_time=17 s | return_cost=0.7 % | margin_after_return=58.2 %
[INFO] [1790287462.670893221] [sage_energy_monitor]: ENERGY | remaining=78.9 % | voltage=15.82 V | drain_rate=0.041 %/s | home_distance=13.9 m | return_time=18 s | return_cost=0.7 % | margin_after_return=58.1 %
[INFO] [1790287463.673458721] [sage_energy_monitor]: ENERGY | remaining=78.8 % | voltage=15.82 V | drain_rate=0.041 %/s | home_distance=13.5 m | return_time=17 s | return_cost=0.7 % | margin_after_return=58.1 %
[INFO] [1790287464.672736823] [sage_energy_monitor]: ENERGY | remaining=78.8 % | voltage=15.82 V | drain_rate=0.041 %/s | home_distance=11.9 m | return_time=16 s | return_cost=0.7 % | margin_after_return=58.1 %
[INFO] [1790287465.672532823] [sage_energy_monitor]: ENERGY | remaining=78.8 % | voltage=15.82 V | drain_rate=0.041 %/s | home_distance=9.9 m | return_time=14 s | return_cost=0.6 % | margin_after_return=58.2 %
[INFO] [1790287466.671549078] [sage_energy_monitor]: ENERGY | remaining=78.7 % | voltage=15.82 V | drain_rate=0.041 %/s | home_distance=8.9 m | return_time=13 s | return_cost=0.5 % | margin_after_return=58.2 %
[INFO] [1790287467.674314945] [sage_energy_monitor]: ENERGY | remaining=78.7 % | voltage=15.82 V | drain_rate=0.041 %/s | home_distance=8.8 m | return_time=13 s | return_cost=0.5 % | margin_after_return=58.2 %
[INFO] [1790287468.673276822] [sage_energy_monitor]: ENERGY | remaining=78.6 % | voltage=15.81 V | drain_rate=0.041 %/s | home_distance=9.1 m | return_time=13 s | return_cost=0.5 % | margin_after_return=58.1 %
[INFO] [1790287469.673022048] [sage_energy_monitor]: ENERGY | remaining=78.6 % | voltage=15.81 V | drain_rate=0.041 %/s | home_distance=9.3 m | return_time=13 s | return_cost=0.5 % | margin_after_return=58.1 %
[INFO] [1790287470.676618720] [sage_energy_monitor]: ENERGY | remaining=78.6 % | voltage=15.81 V | drain_rate=0.041 %/s | home_distance=9.4 m | return_time=13 s | return_cost=0.6 % | margin_after_return=58.0 %
[INFO] [1790287471.672469892] [sage_energy_monitor]: ENERGY | remaining=78.5 % | voltage=15.81 V | drain_rate=0.041 %/s | home_distance=9.4 m | return_time=13 s | return_cost=0.6 % | margin_after_return=58.0 %
[INFO] [1790287472.671860685] [sage_energy_monitor]: ENERGY | remaining=78.5 % | voltage=15.81 V | drain_rate=0.041 %/s | home_distance=9.5 m | return_time=14 s | return_cost=0.6 % | margin_after_return=57.9 %
[INFO] [1790287473.674528800] [sage_energy_monitor]: ENERGY | remaining=78.4 % | voltage=15.81 V | drain_rate=0.041 %/s | home_distance=9.5 m | return_time=14 s | return_cost=0.6 % | margin_after_return=57.9 %
[INFO] [1790287474.678504918] [sage_energy_monitor]: ENERGY | remaining=78.4 % | voltage=15.81 V | drain_rate=0.041 %/s | home_distance=9.6 m | return_time=14 s | return_cost=0.6 % | margin_after_return=57.8 %
[INFO] [1790287475.672122260] [sage_energy_monitor]: ENERGY | remaining=78.4 % | voltage=15.81 V | drain_rate=0.041 %/s | home_distance=9.6 m | return_time=14 s | return_cost=0.6 % | margin_after_return=57.8 %
[INFO] [1790287476.671806511] [sage_energy_monitor]: ENERGY | remaining=78.3 % | voltage=15.81 V | drain_rate=0.041 %/s | home_distance=9.6 m | return_time=14 s | return_cost=0.6 % | margin_after_return=57.8 %
[INFO] [1790287477.674317345] [sage_energy_monitor]: ENERGY | remaining=78.3 % | voltage=15.81 V | drain_rate=0.041 %/s | home_distance=9.6 m | return_time=14 s | return_cost=0.6 % | margin_after_return=57.7 %
[INFO] [1790287478.674149890] [sage_energy_monitor]: ENERGY | remaining=78.2 % | voltage=15.81 V | drain_rate=0.041 %/s | home_distance=10.0 m | return_time=14 s | return_cost=0.6 % | margin_after_return=57.7 %
[INFO] [1790287479.671585142] [sage_energy_monitor]: ENERGY | remaining=78.2 % | voltage=15.81 V | drain_rate=0.041 %/s | home_distance=11.1 m | return_time=15 s | return_cost=0.6 % | margin_after_return=57.6 %
[INFO] [1790287480.675869919] [sage_energy_monitor]: ENERGY | remaining=78.1 % | voltage=15.81 V | drain_rate=0.041 %/s | home_distance=12.2 m | return_time=16 s | return_cost=0.7 % | margin_after_return=57.5 %
[INFO] [1790287481.672347580] [sage_energy_monitor]: ENERGY | remaining=78.1 % | voltage=15.80 V | drain_rate=0.041 %/s | home_distance=12.7 m | return_time=17 s | return_cost=0.7 % | margin_after_return=57.4 %
[INFO] [1790287482.671777876] [sage_energy_monitor]: ENERGY | remaining=78.1 % | voltage=15.80 V | drain_rate=0.041 %/s | home_distance=12.8 m | return_time=17 s | return_cost=0.7 % | margin_after_return=57.4 %
[INFO] [1790287483.674847650] [sage_energy_monitor]: ENERGY | remaining=78.0 % | voltage=15.80 V | drain_rate=0.041 %/s | home_distance=12.8 m | return_time=17 s | return_cost=0.7 % | margin_after_return=57.3 %
[INFO] [1790287484.677965069] [sage_energy_monitor]: ENERGY | remaining=78.0 % | voltage=15.80 V | drain_rate=0.041 %/s | home_distance=12.8 m | return_time=17 s | return_cost=0.7 % | margin_after_return=57.3 %
[INFO] [1790287485.674255455] [sage_energy_monitor]: ENERGY | remaining=77.9 % | voltage=15.80 V | drain_rate=0.041 %/s | home_distance=12.8 m | return_time=17 s | return_cost=0.7 % | margin_after_return=57.2 %
[INFO] [1790287486.675137869] [sage_energy_monitor]: ENERGY | remaining=77.9 % | voltage=15.80 V | drain_rate=0.041 %/s | home_distance=12.8 m | return_time=17 s | return_cost=0.7 % | margin_after_return=57.2 %
[INFO] [1790287487.675598474] [sage_energy_monitor]: ENERGY | remaining=77.8 % | voltage=15.80 V | drain_rate=0.041 %/s | home_distance=12.8 m | return_time=17 s | return_cost=0.7 % | margin_after_return=57.2 %
[INFO] [1790287488.671242718] [sage_energy_monitor]: ENERGY | remaining=77.8 % | voltage=15.80 V | drain_rate=0.041 %/s | home_distance=12.8 m | return_time=17 s | return_cost=0.7 % | margin_after_return=57.1 %
[INFO] [1790287489.672657186] [sage_energy_monitor]: ENERGY | remaining=77.8 % | voltage=15.80 V | drain_rate=0.041 %/s | home_distance=12.7 m | return_time=17 s | return_cost=0.7 % | margin_after_return=57.1 %
[INFO] [1790287490.671208770] [sage_energy_monitor]: ENERGY | remaining=77.7 % | voltage=15.80 V | drain_rate=0.041 %/s | home_distance=12.1 m | return_time=16 s | return_cost=0.7 % | margin_after_return=57.1 %
[INFO] [1790287491.679092706] [sage_energy_monitor]: ENERGY | remaining=77.7 % | voltage=15.80 V | drain_rate=0.041 %/s | home_distance=11.6 m | return_time=15 s | return_cost=0.6 % | margin_after_return=57.1 %
[INFO] [1790287492.673204853] [sage_energy_monitor]: ENERGY | remaining=77.7 % | voltage=15.80 V | drain_rate=0.041 %/s | home_distance=11.1 m | return_time=15 s | return_cost=0.6 % | margin_after_return=57.0 %
[INFO] [1790287493.670785683] [sage_energy_monitor]: ENERGY | remaining=77.6 % | voltage=15.80 V | drain_rate=0.041 %/s | home_distance=10.9 m | return_time=15 s | return_cost=0.6 % | margin_after_return=57.0 %
[INFO] [1790287494.673378379] [sage_energy_monitor]: ENERGY | remaining=77.6 % | voltage=15.80 V | drain_rate=0.041 %/s | home_distance=10.7 m | return_time=15 s | return_cost=0.6 % | margin_after_return=57.0 %
[INFO] [1790287495.677238896] [sage_energy_monitor]: ENERGY | remaining=77.5 % | voltage=15.79 V | drain_rate=0.041 %/s | home_distance=10.4 m | return_time=14 s | return_cost=0.6 % | margin_after_return=56.9 %
[INFO] [1790287496.680604309] [sage_energy_monitor]: ENERGY | remaining=77.5 % | voltage=15.79 V | drain_rate=0.041 %/s | home_distance=10.5 m | return_time=15 s | return_cost=0.6 % | margin_after_return=56.9 %
[INFO] [1790287497.683102891] [sage_energy_monitor]: ENERGY | remaining=77.4 % | voltage=15.79 V | drain_rate=0.041 %/s | home_distance=11.2 m | return_time=15 s | return_cost=0.6 % | margin_after_return=56.8 %
[INFO] [1790287498.679001543] [sage_energy_monitor]: ENERGY | remaining=77.4 % | voltage=15.79 V | drain_rate=0.041 %/s | home_distance=12.2 m | return_time=16 s | return_cost=0.7 % | margin_after_return=56.7 %
[INFO] [1790287499.670966377] [sage_energy_monitor]: ENERGY | remaining=77.4 % | voltage=15.79 V | drain_rate=0.041 %/s | home_distance=12.8 m | return_time=17 s | return_cost=0.7 % | margin_after_return=56.7 %
[INFO] [1790287500.674159597] [sage_energy_monitor]: ENERGY | remaining=77.3 % | voltage=15.79 V | drain_rate=0.041 %/s | home_distance=12.9 m | return_time=17 s | return_cost=0.7 % | margin_after_return=56.6 %
[INFO] [1790287501.673072358] [sage_energy_monitor]: ENERGY | remaining=77.3 % | voltage=15.79 V | drain_rate=0.041 %/s | home_distance=13.0 m | return_time=17 s | return_cost=0.7 % | margin_after_return=56.6 %
[INFO] [1790287502.671751972] [sage_energy_monitor]: ENERGY | remaining=77.2 % | voltage=15.79 V | drain_rate=0.041 %/s | home_distance=13.0 m | return_time=17 s | return_cost=0.7 % | margin_after_return=56.5 %
[INFO] [1790287503.671181266] [sage_energy_monitor]: ENERGY | remaining=77.2 % | voltage=15.79 V | drain_rate=0.041 %/s | home_distance=12.9 m | return_time=17 s | return_cost=0.7 % | margin_after_return=56.5 %
[INFO] [1790287504.672526873] [sage_energy_monitor]: ENERGY | remaining=77.2 % | voltage=15.79 V | drain_rate=0.041 %/s | home_distance=12.9 m | return_time=17 s | return_cost=0.7 % | margin_after_return=56.5 %
[INFO] [1790287505.674590950] [sage_energy_monitor]: ENERGY | remaining=77.1 % | voltage=15.79 V | drain_rate=0.041 %/s | home_distance=12.9 m | return_time=17 s | return_cost=0.7 % | margin_after_return=56.4 %
[INFO] [1790287506.671139003] [sage_energy_monitor]: ENERGY | remaining=77.1 % | voltage=15.79 V | drain_rate=0.041 %/s | home_distance=12.8 m | return_time=17 s | return_cost=0.7 % | margin_after_return=56.4 %
[INFO] [1790287507.671339267] [sage_energy_monitor]: ENERGY | remaining=77.0 % | voltage=15.79 V | drain_rate=0.041 %/s | home_distance=12.7 m | return_time=17 s | return_cost=0.7 % | margin_after_return=56.3 %
[INFO] [1790287508.678468451] [sage_energy_monitor]: ENERGY | remaining=77.0 % | voltage=15.78 V | drain_rate=0.042 %/s | home_distance=12.4 m | return_time=16 s | return_cost=0.7 % | margin_after_return=56.3 %
[INFO] [1790287509.675131778] [sage_energy_monitor]: ENERGY | remaining=76.9 % | voltage=15.78 V | drain_rate=0.041 %/s | home_distance=11.2 m | return_time=15 s | return_cost=0.6 % | margin_after_return=56.3 %
[INFO] [1790287510.677515403] [sage_energy_monitor]: ENERGY | remaining=76.9 % | voltage=15.78 V | drain_rate=0.041 %/s | home_distance=10.1 m | return_time=14 s | return_cost=0.6 % | margin_after_return=56.3 %
[INFO] [1790287511.673265195] [sage_energy_monitor]: ENERGY | remaining=76.9 % | voltage=15.78 V | drain_rate=0.041 %/s | home_distance=9.6 m | return_time=14 s | return_cost=0.6 % | margin_after_return=56.3 %
[INFO] [1790287512.679148293] [sage_energy_monitor]: ENERGY | remaining=76.8 % | voltage=15.78 V | drain_rate=0.041 %/s | home_distance=9.5 m | return_time=14 s | return_cost=0.6 % | margin_after_return=56.3 %
[INFO] [1790287513.672633360] [sage_energy_monitor]: ENERGY | remaining=76.8 % | voltage=15.78 V | drain_rate=0.041 %/s | home_distance=9.5 m | return_time=14 s | return_cost=0.6 % | margin_after_return=56.2 %
[INFO] [1790287514.671962259] [sage_energy_monitor]: ENERGY | remaining=76.7 % | voltage=15.78 V | drain_rate=0.041 %/s | home_distance=9.5 m | return_time=14 s | return_cost=0.6 % | margin_after_return=56.2 %
[INFO] [1790287515.672316423] [sage_energy_monitor]: ENERGY | remaining=76.7 % | voltage=15.78 V | drain_rate=0.041 %/s | home_distance=9.5 m | return_time=14 s | return_cost=0.6 % | margin_after_return=56.1 %
[INFO] [1790287516.677001545] [sage_energy_monitor]: ENERGY | remaining=76.7 % | voltage=15.78 V | drain_rate=0.041 %/s | home_distance=9.4 m | return_time=14 s | return_cost=0.6 % | margin_after_return=56.1 %
[INFO] [1790287517.672336563] [sage_energy_monitor]: ENERGY | remaining=76.6 % | voltage=15.78 V | drain_rate=0.041 %/s | home_distance=9.4 m | return_time=14 s | return_cost=0.6 % | margin_after_return=56.1 %
[INFO] [1790287518.672525942] [sage_energy_monitor]: ENERGY | remaining=76.6 % | voltage=15.78 V | drain_rate=0.041 %/s | home_distance=9.4 m | return_time=14 s | return_cost=0.6 % | margin_after_return=56.0 %
[INFO] [1790287519.681127722] [sage_energy_monitor]: ENERGY | remaining=76.5 % | voltage=15.78 V | drain_rate=0.041 %/s | home_distance=9.4 m | return_time=13 s | return_cost=0.6 % | margin_after_return=56.0 %
[INFO] [1790287520.671860718] [sage_energy_monitor]: ENERGY | remaining=76.5 % | voltage=15.78 V | drain_rate=0.041 %/s | home_distance=9.4 m | return_time=13 s | return_cost=0.5 % | margin_after_return=56.0 %
[INFO] [1790287521.672350595] [sage_energy_monitor]: ENERGY | remaining=76.5 % | voltage=15.78 V | drain_rate=0.041 %/s | home_distance=8.2 m | return_time=12 s | return_cost=0.5 % | margin_after_return=56.0 %
[INFO] [1790287522.673695255] [sage_energy_monitor]: ENERGY | remaining=76.4 % | voltage=15.77 V | drain_rate=0.041 %/s | home_distance=6.2 m | return_time=10 s | return_cost=0.4 % | margin_after_return=56.0 %
[INFO] [1790287523.678476439] [sage_energy_monitor]: ENERGY | remaining=76.4 % | voltage=15.77 V | drain_rate=0.041 %/s | home_distance=4.7 m | return_time=9 s | return_cost=0.4 % | margin_after_return=56.0 %
[INFO] [1790287524.682218525] [sage_energy_monitor]: ENERGY | remaining=76.3 % | voltage=15.77 V | drain_rate=0.041 %/s | home_distance=4.2 m | return_time=8 s | return_cost=0.3 % | margin_after_return=56.0 %
[INFO] [1790287525.671186899] [sage_energy_monitor]: ENERGY | remaining=76.3 % | voltage=15.77 V | drain_rate=0.041 %/s | home_distance=4.2 m | return_time=8 s | return_cost=0.3 % | margin_after_return=55.9 %
[INFO] [1790287526.672716745] [sage_energy_monitor]: ENERGY | remaining=76.2 % | voltage=15.77 V | drain_rate=0.041 %/s | home_distance=4.3 m | return_time=8 s | return_cost=0.3 % | margin_after_return=55.9 %
[INFO] [1790287527.671900314] [sage_energy_monitor]: ENERGY | remaining=76.2 % | voltage=15.77 V | drain_rate=0.041 %/s | home_distance=4.3 m | return_time=8 s | return_cost=0.3 % | margin_after_return=55.9 %
[INFO] [1790287528.678611976] [sage_energy_monitor]: ENERGY | remaining=76.2 % | voltage=15.77 V | drain_rate=0.041 %/s | home_distance=4.3 m | return_time=8 s | return_cost=0.3 % | margin_after_return=55.8 %
[INFO] [1790287529.670801639] [sage_energy_monitor]: ENERGY | remaining=76.1 % | voltage=15.77 V | drain_rate=0.041 %/s | home_distance=4.3 m | return_time=8 s | return_cost=0.3 % | margin_after_return=55.8 %
[INFO] [1790287530.677488242] [sage_energy_monitor]: ENERGY | remaining=76.1 % | voltage=15.77 V | drain_rate=0.041 %/s | home_distance=4.2 m | return_time=8 s | return_cost=0.3 % | margin_after_return=55.8 %
[INFO] [1790287531.676902152] [sage_energy_monitor]: ENERGY | remaining=76.1 % | voltage=15.77 V | drain_rate=0.041 %/s | home_distance=4.2 m | return_time=8 s | return_cost=0.3 % | margin_after_return=55.7 %
[INFO] [1790287532.674109536] [sage_energy_monitor]: ENERGY | remaining=76.0 % | voltage=15.77 V | drain_rate=0.041 %/s | home_distance=4.2 m | return_time=8 s | return_cost=0.3 % | margin_after_return=55.7 %
[INFO] [1790287533.673699242] [sage_energy_monitor]: ENERGY | remaining=76.0 % | voltage=15.77 V | drain_rate=0.041 %/s | home_distance=3.6 m | return_time=8 s | return_cost=0.3 % | margin_after_return=55.7 %
[INFO] [1790287534.671720138] [sage_energy_monitor]: ENERGY | remaining=75.9 % | voltage=15.77 V | drain_rate=0.041 %/s | home_distance=2.1 m | return_time=6 s | return_cost=0.3 % | margin_after_return=55.7 %
[INFO] [1790287535.674691786] [sage_energy_monitor]: ENERGY | remaining=75.9 % | voltage=15.76 V | drain_rate=0.041 %/s | home_distance=2.6 m | return_time=7 s | return_cost=0.3 % | margin_after_return=55.6 %
[INFO] [1790287536.672025685] [sage_energy_monitor]: ENERGY | remaining=75.8 % | voltage=15.76 V | drain_rate=0.041 %/s | home_distance=4.0 m | return_time=8 s | return_cost=0.3 % | margin_after_return=55.5 %
[INFO] [1790287537.670762270] [sage_energy_monitor]: ENERGY | remaining=75.8 % | voltage=15.76 V | drain_rate=0.041 %/s | home_distance=4.5 m | return_time=9 s | return_cost=0.4 % | margin_after_return=55.4 %
[INFO] [1790287538.672026755] [sage_energy_monitor]: ENERGY | remaining=75.8 % | voltage=15.76 V | drain_rate=0.041 %/s | home_distance=4.6 m | return_time=9 s | return_cost=0.4 % | margin_after_return=55.4 %
[INFO] [1790287539.671828017] [sage_energy_monitor]: ENERGY | remaining=75.7 % | voltage=15.76 V | drain_rate=0.041 %/s | home_distance=4.4 m | return_time=8 s | return_cost=0.3 % | margin_after_return=55.4 %
[INFO] [1790287540.673379801] [sage_energy_monitor]: ENERGY | remaining=75.7 % | voltage=15.76 V | drain_rate=0.041 %/s | home_distance=4.2 m | return_time=8 s | return_cost=0.3 % | margin_after_return=55.4 %
[INFO] [1790287541.671942560] [sage_energy_monitor]: ENERGY | remaining=75.6 % | voltage=15.76 V | drain_rate=0.040 %/s | home_distance=4.1 m | return_time=8 s | return_cost=0.3 % | margin_after_return=55.3 %
[INFO] [1790287542.678899414] [sage_energy_monitor]: ENERGY | remaining=75.6 % | voltage=15.76 V | drain_rate=0.040 %/s | home_distance=4.0 m | return_time=8 s | return_cost=0.3 % | margin_after_return=55.3 %
[INFO] [1790287543.672455473] [sage_energy_monitor]: ENERGY | remaining=75.6 % | voltage=15.76 V | drain_rate=0.041 %/s | home_distance=3.9 m | return_time=8 s | return_cost=0.3 % | margin_after_return=55.2 %
[INFO] [1790287544.671318977] [sage_energy_monitor]: ENERGY | remaining=75.5 % | voltage=15.76 V | drain_rate=0.041 %/s | home_distance=3.9 m | return_time=8 s | return_cost=0.3 % | margin_after_return=55.2 %
[INFO] [1790287545.671054242] [sage_energy_monitor]: ENERGY | remaining=75.5 % | voltage=15.76 V | drain_rate=0.040 %/s | home_distance=2.9 m | return_time=7 s | return_cost=0.3 % | margin_after_return=55.2 %
[INFO] [1790287546.672139840] [sage_energy_monitor]: ENERGY | remaining=75.4 % | voltage=15.76 V | drain_rate=0.040 %/s | home_distance=2.2 m | return_time=6 s | return_cost=0.3 % | margin_after_return=55.2 %
[INFO] [1790287547.673940945] [sage_energy_monitor]: ENERGY | remaining=75.4 % | voltage=15.76 V | drain_rate=0.040 %/s | home_distance=3.3 m | return_time=7 s | return_cost=0.3 % | margin_after_return=55.1 %
[INFO] [1790287548.679032957] [sage_energy_monitor]: ENERGY | remaining=75.4 % | voltage=15.76 V | drain_rate=0.040 %/s | home_distance=5.1 m | return_time=9 s | return_cost=0.4 % | margin_after_return=55.0 %
[INFO] [1790287549.671782306] [sage_energy_monitor]: ENERGY | remaining=75.3 % | voltage=15.75 V | drain_rate=0.040 %/s | home_distance=7.3 m | return_time=11 s | return_cost=0.5 % | margin_after_return=54.9 %
[INFO] [1790287550.674124852] [sage_energy_monitor]: ENERGY | remaining=75.3 % | voltage=15.75 V | drain_rate=0.040 %/s | home_distance=9.1 m | return_time=13 s | return_cost=0.5 % | margin_after_return=54.8 %
[INFO] [1790287551.673499135] [sage_energy_monitor]: ENERGY | remaining=75.2 % | voltage=15.75 V | drain_rate=0.041 %/s | home_distance=9.7 m | return_time=14 s | return_cost=0.6 % | margin_after_return=54.7 %
[INFO] [1790287552.670855272] [sage_energy_monitor]: ENERGY | remaining=75.2 % | voltage=15.75 V | drain_rate=0.041 %/s | home_distance=9.6 m | return_time=14 s | return_cost=0.6 % | margin_after_return=54.6 %
[INFO] [1790287553.681146973] [sage_energy_monitor]: ENERGY | remaining=75.2 % | voltage=15.75 V | drain_rate=0.041 %/s | home_distance=9.5 m | return_time=13 s | return_cost=0.5 % | margin_after_return=54.6 %
[INFO] [1790287554.670779084] [sage_energy_monitor]: ENERGY | remaining=75.1 % | voltage=15.75 V | drain_rate=0.041 %/s | home_distance=9.3 m | return_time=13 s | return_cost=0.5 % | margin_after_return=54.6 %
[INFO] [1790287555.673218550] [sage_energy_monitor]: ENERGY | remaining=75.1 % | voltage=15.75 V | drain_rate=0.041 %/s | home_distance=8.7 m | return_time=13 s | return_cost=0.5 % | margin_after_return=54.6 %
[INFO] [1790287556.671631558] [sage_energy_monitor]: ENERGY | remaining=75.0 % | voltage=15.75 V | drain_rate=0.041 %/s | home_distance=8.2 m | return_time=12 s | return_cost=0.5 % | margin_after_return=54.5 %
[INFO] [1790287557.671323244] [sage_energy_monitor]: ENERGY | remaining=75.0 % | voltage=15.75 V | drain_rate=0.041 %/s | home_distance=6.5 m | return_time=10 s | return_cost=0.4 % | margin_after_return=54.6 %
[INFO] [1790287558.671590266] [sage_energy_monitor]: ENERGY | remaining=74.9 % | voltage=15.75 V | drain_rate=0.041 %/s | home_distance=4.5 m | return_time=8 s | return_cost=0.3 % | margin_after_return=54.6 %
[INFO] [1790287559.671131498] [sage_energy_monitor]: ENERGY | remaining=74.9 % | voltage=15.75 V | drain_rate=0.041 %/s | home_distance=3.6 m | return_time=7 s | return_cost=0.3 % | margin_after_return=54.6 %
[INFO] [1790287560.674420858] [sage_energy_monitor]: ENERGY | remaining=74.9 % | voltage=15.75 V | drain_rate=0.041 %/s | home_distance=2.8 m | return_time=7 s | return_cost=0.3 % | margin_after_return=54.6 %
[INFO] [1790287561.673185184] [sage_energy_monitor]: ENERGY | remaining=74.8 % | voltage=15.75 V | drain_rate=0.041 %/s | home_distance=3.2 m | return_time=7 s | return_cost=0.3 % | margin_after_return=54.5 %
[INFO] [1790287562.677321002] [sage_energy_monitor]: ENERGY | remaining=74.8 % | voltage=15.75 V | drain_rate=0.041 %/s | home_distance=4.8 m | return_time=9 s | return_cost=0.4 % | margin_after_return=54.4 %
[INFO] [1790287563.685029459] [sage_energy_monitor]: ENERGY | remaining=74.7 % | voltage=15.74 V | drain_rate=0.041 %/s | home_distance=6.5 m | return_time=10 s | return_cost=0.4 % | margin_after_return=54.3 %
[INFO] [1790287564.673199295] [sage_energy_monitor]: ENERGY | remaining=74.7 % | voltage=15.74 V | drain_rate=0.041 %/s | home_distance=8.3 m | return_time=12 s | return_cost=0.5 % | margin_after_return=54.2 %
[INFO] [1790287565.678967315] [sage_energy_monitor]: ENERGY | remaining=74.7 % | voltage=15.74 V | drain_rate=0.041 %/s | home_distance=9.9 m | return_time=14 s | return_cost=0.6 % | margin_after_return=54.1 %
[INFO] [1790287566.675072659] [sage_energy_monitor]: ENERGY | remaining=74.6 % | voltage=15.74 V | drain_rate=0.040 %/s | home_distance=11.4 m | return_time=15 s | return_cost=0.6 % | margin_after_return=54.0 %
[INFO] [1790287567.672006211] [sage_energy_monitor]: ENERGY | remaining=74.6 % | voltage=15.74 V | drain_rate=0.040 %/s | home_distance=13.0 m | return_time=17 s | return_cost=0.7 % | margin_after_return=53.9 %
[INFO] [1790287568.672022181] [sage_energy_monitor]: ENERGY | remaining=74.5 % | voltage=15.74 V | drain_rate=0.041 %/s | home_distance=14.1 m | return_time=18 s | return_cost=0.7 % | margin_after_return=53.8 %
[INFO] [1790287569.676507140] [sage_energy_monitor]: ENERGY | remaining=74.5 % | voltage=15.74 V | drain_rate=0.041 %/s | home_distance=14.4 m | return_time=18 s | return_cost=0.7 % | margin_after_return=53.8 %
[INFO] [1790287570.673433463] [sage_energy_monitor]: ENERGY | remaining=74.5 % | voltage=15.74 V | drain_rate=0.041 %/s | home_distance=13.4 m | return_time=17 s | return_cost=0.7 % | margin_after_return=53.8 %
[INFO] [1790287571.675670291] [sage_energy_monitor]: ENERGY | remaining=74.4 % | voltage=15.74 V | drain_rate=0.041 %/s | home_distance=12.0 m | return_time=16 s | return_cost=0.7 % | margin_after_return=53.8 %
[INFO] [1790287572.674414896] [sage_energy_monitor]: ENERGY | remaining=74.4 % | voltage=15.74 V | drain_rate=0.041 %/s | home_distance=11.1 m | return_time=15 s | return_cost=0.6 % | margin_after_return=53.8 %
[INFO] [1790287573.670722353] [sage_energy_monitor]: ENERGY | remaining=74.3 % | voltage=15.74 V | drain_rate=0.041 %/s | home_distance=10.6 m | return_time=14 s | return_cost=0.6 % | margin_after_return=53.8 %
[INFO] [1790287574.673322667] [sage_energy_monitor]: ENERGY | remaining=74.3 % | voltage=15.74 V | drain_rate=0.041 %/s | home_distance=10.4 m | return_time=14 s | return_cost=0.6 % | margin_after_return=53.7 %
[INFO] [1790287575.671105183] [sage_energy_monitor]: ENERGY | remaining=74.3 % | voltage=15.74 V | drain_rate=0.041 %/s | home_distance=10.3 m | return_time=14 s | return_cost=0.6 % | margin_after_return=53.7 %
[INFO] [1790287576.671548362] [sage_energy_monitor]: ENERGY | remaining=74.2 % | voltage=15.73 V | drain_rate=0.041 %/s | home_distance=9.9 m | return_time=14 s | return_cost=0.6 % | margin_after_return=53.7 %
[INFO] [1790287577.676346595] [sage_energy_monitor]: ENERGY | remaining=74.2 % | voltage=15.73 V | drain_rate=0.041 %/s | home_distance=9.8 m | return_time=14 s | return_cost=0.6 % | margin_after_return=53.6 %
[INFO] [1790287578.672539135] [sage_energy_monitor]: ENERGY | remaining=74.1 % | voltage=15.73 V | drain_rate=0.041 %/s | home_distance=9.8 m | return_time=14 s | return_cost=0.6 % | margin_after_return=53.6 %
[INFO] [1790287579.674941080] [sage_energy_monitor]: ENERGY | remaining=74.1 % | voltage=15.73 V | drain_rate=0.041 %/s | home_distance=9.7 m | return_time=14 s | return_cost=0.6 % | margin_after_return=53.5 %
[INFO] [1790287580.673803447] [sage_energy_monitor]: ENERGY | remaining=74.1 % | voltage=15.73 V | drain_rate=0.041 %/s | home_distance=9.8 m | return_time=14 s | return_cost=0.6 % | margin_after_return=53.5 %
[INFO] [1790287581.680744200] [sage_energy_monitor]: ENERGY | remaining=74.0 % | voltage=15.73 V | drain_rate=0.041 %/s | home_distance=11.3 m | return_time=15 s | return_cost=0.6 % | margin_after_return=53.4 %
[INFO] [1790287582.681524556] [sage_energy_monitor]: ENERGY | remaining=74.0 % | voltage=15.73 V | drain_rate=0.041 %/s | home_distance=12.5 m | return_time=17 s | return_cost=0.7 % | margin_after_return=53.3 %
[INFO] [1790287583.674897452] [sage_energy_monitor]: ENERGY | remaining=73.9 % | voltage=15.73 V | drain_rate=0.041 %/s | home_distance=12.7 m | return_time=17 s | return_cost=0.7 % | margin_after_return=53.3 %
[INFO] [1790287584.675644727] [sage_energy_monitor]: ENERGY | remaining=73.9 % | voltage=15.73 V | drain_rate=0.041 %/s | home_distance=11.7 m | return_time=15 s | return_cost=0.6 % | margin_after_return=53.3 %
[INFO] [1790287585.672105146] [sage_energy_monitor]: ENERGY | remaining=73.8 % | voltage=15.73 V | drain_rate=0.041 %/s | home_distance=9.9 m | return_time=14 s | return_cost=0.6 % | margin_after_return=53.3 %
[INFO] [1790287586.672615967] [sage_energy_monitor]: ENERGY | remaining=73.8 % | voltage=15.73 V | drain_rate=0.041 %/s | home_distance=7.8 m | return_time=12 s | return_cost=0.5 % | margin_after_return=53.3 %
[INFO] [1790287587.672400735] [sage_energy_monitor]: ENERGY | remaining=73.8 % | voltage=15.73 V | drain_rate=0.041 %/s | home_distance=6.3 m | return_time=10 s | return_cost=0.4 % | margin_after_return=53.3 %
[INFO] [1790287588.674429348] [sage_energy_monitor]: ENERGY | remaining=73.7 % | voltage=15.73 V | drain_rate=0.041 %/s | home_distance=5.7 m | return_time=10 s | return_cost=0.4 % | margin_after_return=53.3 %
[INFO] [1790287589.671744713] [sage_energy_monitor]: ENERGY | remaining=73.7 % | voltage=15.73 V | drain_rate=0.040 %/s | home_distance=6.0 m | return_time=10 s | return_cost=0.4 % | margin_after_return=53.3 %
[INFO] [1790287590.672505316] [sage_energy_monitor]: ENERGY | remaining=73.7 % | voltage=15.72 V | drain_rate=0.040 %/s | home_distance=6.3 m | return_time=10 s | return_cost=0.4 % | margin_after_return=53.2 %
[INFO] [1790287591.670986347] [sage_energy_monitor]: ENERGY | remaining=73.6 % | voltage=15.72 V | drain_rate=0.040 %/s | home_distance=6.3 m | return_time=10 s | return_cost=0.4 % | margin_after_return=53.2 %
[INFO] [1790287592.682822786] [sage_energy_monitor]: ENERGY | remaining=73.6 % | voltage=15.72 V | drain_rate=0.040 %/s | home_distance=5.4 m | return_time=9 s | return_cost=0.4 % | margin_after_return=53.2 %
[INFO] [1790287593.674398519] [sage_energy_monitor]: ENERGY | remaining=73.5 % | voltage=15.72 V | drain_rate=0.040 %/s | home_distance=4.1 m | return_time=8 s | return_cost=0.3 % | margin_after_return=53.2 %
[INFO] [1790287594.672408435] [sage_energy_monitor]: ENERGY | remaining=73.5 % | voltage=15.72 V | drain_rate=0.041 %/s | home_distance=3.7 m | return_time=8 s | return_cost=0.3 % | margin_after_return=53.2 %
[INFO] [1790287595.672149650] [sage_energy_monitor]: ENERGY | remaining=73.4 % | voltage=15.72 V | drain_rate=0.041 %/s | home_distance=2.6 m | return_time=6 s | return_cost=0.3 % | margin_after_return=53.2 %
[INFO] [1790287596.673458694] [sage_energy_monitor]: ENERGY | remaining=73.4 % | voltage=15.72 V | drain_rate=0.041 %/s | home_distance=1.3 m | return_time=5 s | return_cost=0.2 % | margin_after_return=53.2 %
[INFO] [1790287597.675860498] [sage_energy_monitor]: ENERGY | remaining=73.4 % | voltage=15.72 V | drain_rate=0.041 %/s | home_distance=1.1 m | return_time=5 s | return_cost=0.2 % | margin_after_return=53.2 %
[INFO] [1790287598.671067867] [sage_energy_monitor]: ENERGY | remaining=73.3 % | voltage=15.72 V | drain_rate=0.041 %/s | home_distance=1.4 m | return_time=5 s | return_cost=0.2 % | margin_after_return=53.1 %
[INFO] [1790287599.670725705] [sage_energy_monitor]: ENERGY | remaining=73.3 % | voltage=15.72 V | drain_rate=0.041 %/s | home_distance=3.0 m | return_time=7 s | return_cost=0.3 % | margin_after_return=53.0 %
[INFO] [1790287600.674789127] [sage_energy_monitor]: ENERGY | remaining=73.2 % | voltage=15.72 V | drain_rate=0.041 %/s | home_distance=4.8 m | return_time=9 s | return_cost=0.4 % | margin_after_return=52.9 %
[INFO] [1790287601.671127405] [sage_energy_monitor]: ENERGY | remaining=73.2 % | voltage=15.72 V | drain_rate=0.041 %/s | home_distance=5.5 m | return_time=10 s | return_cost=0.4 % | margin_after_return=52.8 %
[INFO] [1790287602.685556550] [sage_energy_monitor]: ENERGY | remaining=73.2 % | voltage=15.72 V | drain_rate=0.041 %/s | home_distance=5.0 m | return_time=9 s | return_cost=0.4 % | margin_after_return=52.8 %
[INFO] [1790287603.672645998] [sage_energy_monitor]: ENERGY | remaining=73.1 % | voltage=15.72 V | drain_rate=0.041 %/s | home_distance=3.0 m | return_time=7 s | return_cost=0.3 % | margin_after_return=52.8 %
[INFO] [1790287604.676229379] [sage_energy_monitor]: ENERGY | remaining=73.1 % | voltage=15.71 V | drain_rate=0.041 %/s | home_distance=1.7 m | return_time=6 s | return_cost=0.2 % | margin_after_return=52.8 %
[INFO] [1790287605.671775078] [sage_energy_monitor]: ENERGY | remaining=73.0 % | voltage=15.71 V | drain_rate=0.041 %/s | home_distance=1.4 m | return_time=6 s | return_cost=0.2 % | margin_after_return=52.8 %
[INFO] [1790287606.673210846] [sage_energy_monitor]: ENERGY | remaining=73.0 % | voltage=15.71 V | drain_rate=0.041 %/s | home_distance=1.4 m | return_time=6 s | return_cost=0.2 % | margin_after_return=52.8 %
[INFO] [1790287607.671296869] [sage_energy_monitor]: ENERGY | remaining=73.0 % | voltage=15.71 V | drain_rate=0.041 %/s | home_distance=2.9 m | return_time=7 s | return_cost=0.3 % | margin_after_return=52.7 %
[INFO] [1790287608.671956674] [sage_energy_monitor]: ENERGY | remaining=72.9 % | voltage=15.71 V | drain_rate=0.041 %/s | home_distance=4.0 m | return_time=8 s | return_cost=0.3 % | margin_after_return=52.6 %
[INFO] [1790287609.678502138] [sage_energy_monitor]: ENERGY | remaining=72.9 % | voltage=15.71 V | drain_rate=0.041 %/s | home_distance=4.4 m | return_time=8 s | return_cost=0.3 % | margin_after_return=52.5 %
[INFO] [1790287610.676189873] [sage_energy_monitor]: ENERGY | remaining=72.8 % | voltage=15.71 V | drain_rate=0.041 %/s | home_distance=4.7 m | return_time=9 s | return_cost=0.4 % | margin_after_return=52.5 %
[INFO] [1790287611.679779822] [sage_energy_monitor]: ENERGY | remaining=72.8 % | voltage=15.71 V | drain_rate=0.041 %/s | home_distance=5.4 m | return_time=10 s | return_cost=0.4 % | margin_after_return=52.4 %
[INFO] [1790287612.673598058] [sage_energy_monitor]: ENERGY | remaining=72.8 % | voltage=15.71 V | drain_rate=0.041 %/s | home_distance=6.1 m | return_time=10 s | return_cost=0.4 % | margin_after_return=52.3 %
[INFO] [1790287613.672238656] [sage_energy_monitor]: ENERGY | remaining=72.7 % | voltage=15.71 V | drain_rate=0.041 %/s | home_distance=5.4 m | return_time=10 s | return_cost=0.4 % | margin_after_return=52.3 %
[INFO] [1790287614.675689437] [sage_energy_monitor]: ENERGY | remaining=72.7 % | voltage=15.71 V | drain_rate=0.041 %/s | home_distance=3.9 m | return_time=8 s | return_cost=0.3 % | margin_after_return=52.3 %
[INFO] [1790287615.671940804] [sage_energy_monitor]: ENERGY | remaining=72.6 % | voltage=15.71 V | drain_rate=0.041 %/s | home_distance=2.5 m | return_time=7 s | return_cost=0.3 % | margin_after_return=52.4 %
[INFO] [1790287616.673139701] [sage_energy_monitor]: ENERGY | remaining=72.6 % | voltage=15.71 V | drain_rate=0.041 %/s | home_distance=1.6 m | return_time=6 s | return_cost=0.2 % | margin_after_return=52.4 %
[INFO] [1790287617.673573254] [sage_energy_monitor]: ENERGY | remaining=72.5 % | voltage=15.70 V | drain_rate=0.041 %/s | home_distance=2.7 m | return_time=7 s | return_cost=0.3 % | margin_after_return=52.3 %
[INFO] [1790287618.678092906] [sage_energy_monitor]: ENERGY | remaining=72.5 % | voltage=15.70 V | drain_rate=0.041 %/s | home_distance=4.3 m | return_time=8 s | return_cost=0.3 % | margin_after_return=52.2 %
[INFO] [1790287619.683215511] [sage_energy_monitor]: ENERGY | remaining=72.5 % | voltage=15.70 V | drain_rate=0.041 %/s | home_distance=5.3 m | return_time=9 s | return_cost=0.4 % | margin_after_return=52.1 %
[INFO] [1790287620.679964167] [sage_energy_monitor]: ENERGY | remaining=72.4 % | voltage=15.70 V | drain_rate=0.041 %/s | home_distance=5.9 m | return_time=10 s | return_cost=0.4 % | margin_after_return=52.0 %
[INFO] [1790287621.671046436] [sage_energy_monitor]: ENERGY | remaining=72.4 % | voltage=15.70 V | drain_rate=0.041 %/s | home_distance=6.4 m | return_time=10 s | return_cost=0.4 % | margin_after_return=52.0 %
[INFO] [1790287622.674386758] [sage_energy_monitor]: ENERGY | remaining=72.3 % | voltage=15.70 V | drain_rate=0.041 %/s | home_distance=7.6 m | return_time=11 s | return_cost=0.5 % | margin_after_return=51.9 %
[INFO] [1790287623.677434117] [sage_energy_monitor]: ENERGY | remaining=72.3 % | voltage=15.70 V | drain_rate=0.041 %/s | home_distance=8.6 m | return_time=13 s | return_cost=0.5 % | margin_after_return=51.8 %
[INFO] [1790287624.678836843] [sage_energy_monitor]: ENERGY | remaining=72.3 % | voltage=15.70 V | drain_rate=0.041 %/s | home_distance=9.1 m | return_time=13 s | return_cost=0.5 % | margin_after_return=51.7 %
[INFO] [1790287625.674866696] [sage_energy_monitor]: ENERGY | remaining=72.2 % | voltage=15.70 V | drain_rate=0.041 %/s | home_distance=10.3 m | return_time=14 s | return_cost=0.6 % | margin_after_return=51.6 %
[INFO] [1790287626.670953923] [sage_energy_monitor]: ENERGY | remaining=72.2 % | voltage=15.70 V | drain_rate=0.041 %/s | home_distance=12.5 m | return_time=17 s | return_cost=0.7 % | margin_after_return=51.5 %
[INFO] [1790287627.672395394] [sage_energy_monitor]: ENERGY | remaining=72.1 % | voltage=15.70 V | drain_rate=0.041 %/s | home_distance=14.0 m | return_time=18 s | return_cost=0.7 % | margin_after_return=51.4 %
[INFO] [1790287628.672809568] [sage_energy_monitor]: ENERGY | remaining=72.1 % | voltage=15.70 V | drain_rate=0.041 %/s | home_distance=14.3 m | return_time=18 s | return_cost=0.8 % | margin_after_return=51.3 %
[INFO] [1790287629.677711700] [sage_energy_monitor]: ENERGY | remaining=72.1 % | voltage=15.70 V | drain_rate=0.041 %/s | home_distance=13.7 m | return_time=18 s | return_cost=0.7 % | margin_after_return=51.3 %
[INFO] [1790287630.673327575] [sage_energy_monitor]: ENERGY | remaining=72.0 % | voltage=15.70 V | drain_rate=0.041 %/s | home_distance=12.4 m | return_time=16 s | return_cost=0.7 % | margin_after_return=51.3 %
[INFO] [1790287631.672197914] [sage_energy_monitor]: ENERGY | remaining=72.0 % | voltage=15.69 V | drain_rate=0.041 %/s | home_distance=11.3 m | return_time=15 s | return_cost=0.6 % | margin_after_return=51.3 %
[INFO] [1790287632.673942795] [sage_energy_monitor]: ENERGY | remaining=71.9 % | voltage=15.69 V | drain_rate=0.041 %/s | home_distance=10.9 m | return_time=15 s | return_cost=0.6 % | margin_after_return=51.3 %
[INFO] [1790287633.672881844] [sage_energy_monitor]: ENERGY | remaining=71.9 % | voltage=15.69 V | drain_rate=0.041 %/s | home_distance=11.7 m | return_time=16 s | return_cost=0.7 % | margin_after_return=51.2 %
[INFO] [1790287634.672943301] [sage_energy_monitor]: ENERGY | remaining=71.8 % | voltage=15.69 V | drain_rate=0.041 %/s | home_distance=13.2 m | return_time=17 s | return_cost=0.7 % | margin_after_return=51.1 %
[INFO] [1790287635.673538330] [sage_energy_monitor]: ENERGY | remaining=71.8 % | voltage=15.69 V | drain_rate=0.041 %/s | home_distance=14.4 m | return_time=18 s | return_cost=0.8 % | margin_after_return=51.0 %
[INFO] [1790287636.671502777] [sage_energy_monitor]: ENERGY | remaining=71.8 % | voltage=15.69 V | drain_rate=0.041 %/s | home_distance=14.8 m | return_time=19 s | return_cost=0.8 % | margin_after_return=51.0 %
[INFO] [1790287637.673371147] [sage_energy_monitor]: ENERGY | remaining=71.7 % | voltage=15.69 V | drain_rate=0.041 %/s | home_distance=14.8 m | return_time=19 s | return_cost=0.8 % | margin_after_return=51.0 %
[INFO] [1790287638.671163916] [sage_energy_monitor]: ENERGY | remaining=71.7 % | voltage=15.69 V | drain_rate=0.041 %/s | home_distance=13.9 m | return_time=18 s | return_cost=0.7 % | margin_after_return=50.9 %
[INFO] [1790287639.675840932] [sage_energy_monitor]: ENERGY | remaining=71.6 % | voltage=15.69 V | drain_rate=0.041 %/s | home_distance=13.1 m | return_time=17 s | return_cost=0.7 % | margin_after_return=50.9 %
[INFO] [1790287640.681463104] [sage_energy_monitor]: ENERGY | remaining=71.6 % | voltage=15.69 V | drain_rate=0.041 %/s | home_distance=13.1 m | return_time=17 s | return_cost=0.7 % | margin_after_return=50.9 %
[INFO] [1790287641.675656398] [sage_energy_monitor]: ENERGY | remaining=71.6 % | voltage=15.69 V | drain_rate=0.041 %/s | home_distance=13.9 m | return_time=18 s | return_cost=0.7 % | margin_after_return=50.8 %
[INFO] [1790287642.675065043] [sage_energy_monitor]: ENERGY | remaining=71.5 % | voltage=15.69 V | drain_rate=0.041 %/s | home_distance=14.8 m | return_time=19 s | return_cost=0.8 % | margin_after_return=50.7 %
[INFO] [1790287643.670786919] [sage_energy_monitor]: ENERGY | remaining=71.5 % | voltage=15.69 V | drain_rate=0.041 %/s | home_distance=15.2 m | return_time=19 s | return_cost=0.8 % | margin_after_return=50.7 %
[INFO] [1790287644.676281827] [sage_energy_monitor]: ENERGY | remaining=71.4 % | voltage=15.68 V | drain_rate=0.041 %/s | home_distance=15.2 m | return_time=19 s | return_cost=0.8 % | margin_after_return=50.7 %
[INFO] [1790287645.679444121] [sage_energy_monitor]: ENERGY | remaining=71.4 % | voltage=15.68 V | drain_rate=0.041 %/s | home_distance=14.9 m | return_time=19 s | return_cost=0.8 % | margin_after_return=50.6 %
[INFO] [1790287646.671097723] [sage_energy_monitor]: ENERGY | remaining=71.4 % | voltage=15.68 V | drain_rate=0.041 %/s | home_distance=14.6 m | return_time=19 s | return_cost=0.8 % | margin_after_return=50.6 %
[INFO] [1790287647.679828455] [sage_energy_monitor]: ENERGY | remaining=71.3 % | voltage=15.68 V | drain_rate=0.041 %/s | home_distance=14.3 m | return_time=18 s | return_cost=0.7 % | margin_after_return=50.6 %
[INFO] [1790287648.673380488] [sage_energy_monitor]: ENERGY | remaining=71.3 % | voltage=15.68 V | drain_rate=0.041 %/s | home_distance=13.7 m | return_time=18 s | return_cost=0.7 % | margin_after_return=50.6 %
[INFO] [1790287649.670813007] [sage_energy_monitor]: ENERGY | remaining=71.2 % | voltage=15.68 V | drain_rate=0.041 %/s | home_distance=12.6 m | return_time=17 s | return_cost=0.7 % | margin_after_return=50.6 %
[INFO] [1790287650.671006156] [sage_energy_monitor]: ENERGY | remaining=71.2 % | voltage=15.68 V | drain_rate=0.041 %/s | home_distance=11.4 m | return_time=16 s | return_cost=0.6 % | margin_after_return=50.6 %
[INFO] [1790287651.674857870] [sage_energy_monitor]: ENERGY | remaining=71.2 % | voltage=15.68 V | drain_rate=0.041 %/s | home_distance=10.8 m | return_time=15 s | return_cost=0.6 % | margin_after_return=50.6 %
[INFO] [1790287652.672192008] [sage_energy_monitor]: ENERGY | remaining=71.1 % | voltage=15.68 V | drain_rate=0.041 %/s | home_distance=10.7 m | return_time=15 s | return_cost=0.6 % | margin_after_return=50.5 %
[INFO] [1790287653.672782682] [sage_energy_monitor]: ENERGY | remaining=71.1 % | voltage=15.68 V | drain_rate=0.041 %/s | home_distance=10.9 m | return_time=15 s | return_cost=0.6 % | margin_after_return=50.5 %
[INFO] [1790287654.677533276] [sage_energy_monitor]: ENERGY | remaining=71.0 % | voltage=15.68 V | drain_rate=0.041 %/s | home_distance=11.0 m | return_time=15 s | return_cost=0.6 % | margin_after_return=50.4 %
[INFO] [1790287655.673677741] [sage_energy_monitor]: ENERGY | remaining=71.0 % | voltage=15.68 V | drain_rate=0.041 %/s | home_distance=11.4 m | return_time=15 s | return_cost=0.6 % | margin_after_return=50.4 %
[INFO] [1790287656.673576896] [sage_energy_monitor]: ENERGY | remaining=71.0 % | voltage=15.68 V | drain_rate=0.041 %/s | home_distance=13.1 m | return_time=17 s | return_cost=0.7 % | margin_after_return=50.3 %
[INFO] [1790287657.672157689] [sage_energy_monitor]: ENERGY | remaining=70.9 % | voltage=15.68 V | drain_rate=0.041 %/s | home_distance=14.7 m | return_time=19 s | return_cost=0.8 % | margin_after_return=50.2 %
[INFO] [1790287658.674413044] [sage_energy_monitor]: ENERGY | remaining=70.9 % | voltage=15.67 V | drain_rate=0.040 %/s | home_distance=15.5 m | return_time=20 s | return_cost=0.8 % | margin_after_return=50.1 %
[INFO] [1790287659.673140886] [sage_energy_monitor]: ENERGY | remaining=70.8 % | voltage=15.67 V | drain_rate=0.040 %/s | home_distance=15.6 m | return_time=20 s | return_cost=0.8 % | margin_after_return=50.1 %
[INFO] [1790287660.671814105] [sage_energy_monitor]: ENERGY | remaining=70.8 % | voltage=15.67 V | drain_rate=0.040 %/s | home_distance=14.3 m | return_time=18 s | return_cost=0.7 % | margin_after_return=50.1 %
[INFO] [1790287661.678340841] [sage_energy_monitor]: ENERGY | remaining=70.8 % | voltage=15.67 V | drain_rate=0.040 %/s | home_distance=12.5 m | return_time=17 s | return_cost=0.7 % | margin_after_return=50.1 %
[INFO] [1790287662.672962337] [sage_energy_monitor]: ENERGY | remaining=70.7 % | voltage=15.67 V | drain_rate=0.040 %/s | home_distance=10.7 m | return_time=15 s | return_cost=0.6 % | margin_after_return=50.1 %
[INFO] [1790287663.677012743] [sage_energy_monitor]: ENERGY | remaining=70.7 % | voltage=15.67 V | drain_rate=0.040 %/s | home_distance=8.9 m | return_time=13 s | return_cost=0.5 % | margin_after_return=50.2 %
[INFO] [1790287664.672306363] [sage_energy_monitor]: ENERGY | remaining=70.7 % | voltage=15.67 V | drain_rate=0.040 %/s | home_distance=6.8 m | return_time=11 s | return_cost=0.4 % | margin_after_return=50.2 %
[INFO] [1790287665.672027550] [sage_energy_monitor]: ENERGY | remaining=70.6 % | voltage=15.67 V | drain_rate=0.040 %/s | home_distance=5.9 m | return_time=10 s | return_cost=0.4 % | margin_after_return=50.2 %
[INFO] [1790287666.672358101] [sage_energy_monitor]: ENERGY | remaining=70.6 % | voltage=15.67 V | drain_rate=0.040 %/s | home_distance=5.6 m | return_time=10 s | return_cost=0.4 % | margin_after_return=50.2 %
[INFO] [1790287667.678943261] [sage_energy_monitor]: ENERGY | remaining=70.5 % | voltage=15.67 V | drain_rate=0.040 %/s | home_distance=5.7 m | return_time=10 s | return_cost=0.4 % | margin_after_return=50.1 %
[INFO] [1790287668.675041906] [sage_energy_monitor]: ENERGY | remaining=70.5 % | voltage=15.67 V | drain_rate=0.040 %/s | home_distance=6.1 m | return_time=10 s | return_cost=0.4 % | margin_after_return=50.1 %
[INFO] [1790287669.683806258] [sage_energy_monitor]: ENERGY | remaining=70.5 % | voltage=15.67 V | drain_rate=0.040 %/s | home_distance=5.9 m | return_time=10 s | return_cost=0.4 % | margin_after_return=50.1 %
[INFO] [1790287670.676797087] [sage_energy_monitor]: ENERGY | remaining=70.4 % | voltage=15.67 V | drain_rate=0.039 %/s | home_distance=4.7 m | return_time=9 s | return_cost=0.3 % | margin_after_return=50.1 %
[INFO] [1790287671.674401130] [sage_energy_monitor]: ENERGY | remaining=70.4 % | voltage=15.67 V | drain_rate=0.040 %/s | home_distance=4.1 m | return_time=8 s | return_cost=0.3 % | margin_after_return=50.1 %
[INFO] [1790287672.672355939] [sage_energy_monitor]: ENERGY | remaining=70.3 % | voltage=15.67 V | drain_rate=0.040 %/s | home_distance=4.1 m | return_time=8 s | return_cost=0.3 % | margin_after_return=50.0 %
[INFO] [1790287673.672847246] [sage_energy_monitor]: ENERGY | remaining=70.3 % | voltage=15.66 V | drain_rate=0.040 %/s | home_distance=5.0 m | return_time=9 s | return_cost=0.4 % | margin_after_return=49.9 %
[INFO] [1790287674.676216136] [sage_energy_monitor]: ENERGY | remaining=70.3 % | voltage=15.66 V | drain_rate=0.040 %/s | home_distance=7.1 m | return_time=11 s | return_cost=0.4 % | margin_after_return=49.8 %
[INFO] [1790287675.671442289] [sage_energy_monitor]: ENERGY | remaining=70.2 % | voltage=15.66 V | drain_rate=0.040 %/s | home_distance=8.7 m | return_time=13 s | return_cost=0.5 % | margin_after_return=49.7 %
[INFO] [1790287676.672111606] [sage_energy_monitor]: ENERGY | remaining=70.2 % | voltage=15.66 V | drain_rate=0.040 %/s | home_distance=9.3 m | return_time=13 s | return_cost=0.5 % | margin_after_return=49.6 %
[INFO] [1790287677.671526049] [sage_energy_monitor]: ENERGY | remaining=70.1 % | voltage=15.66 V | drain_rate=0.040 %/s | home_distance=9.4 m | return_time=13 s | return_cost=0.5 % | margin_after_return=49.6 %
[INFO] [1790287678.674088461] [sage_energy_monitor]: ENERGY | remaining=70.1 % | voltage=15.66 V | drain_rate=0.040 %/s | home_distance=9.5 m | return_time=13 s | return_cost=0.5 % | margin_after_return=49.6 %
[INFO] [1790287679.671866170] [sage_energy_monitor]: ENERGY | remaining=70.1 % | voltage=15.66 V | drain_rate=0.040 %/s | home_distance=10.6 m | return_time=15 s | return_cost=0.6 % | margin_after_return=49.5 %
[INFO] [1790287680.672859331] [sage_energy_monitor]: ENERGY | remaining=70.0 % | voltage=15.66 V | drain_rate=0.040 %/s | home_distance=12.0 m | return_time=16 s | return_cost=0.6 % | margin_after_return=49.4 %
[INFO] [1790287681.673259922] [sage_energy_monitor]: ENERGY | remaining=70.0 % | voltage=15.66 V | drain_rate=0.040 %/s | home_distance=13.1 m | return_time=17 s | return_cost=0.7 % | margin_after_return=49.3 %
[INFO] [1790287682.672464533] [sage_energy_monitor]: ENERGY | remaining=69.9 % | voltage=15.66 V | drain_rate=0.040 %/s | home_distance=13.5 m | return_time=17 s | return_cost=0.7 % | margin_after_return=49.2 %
[INFO] [1790287683.670999406] [sage_energy_monitor]: ENERGY | remaining=69.9 % | voltage=15.66 V | drain_rate=0.039 %/s | home_distance=12.5 m | return_time=16 s | return_cost=0.6 % | margin_after_return=49.2 %
[INFO] [1790287684.671985306] [sage_energy_monitor]: ENERGY | remaining=69.9 % | voltage=15.66 V | drain_rate=0.039 %/s | home_distance=10.4 m | return_time=14 s | return_cost=0.6 % | margin_after_return=49.3 %
[INFO] [1790287685.675879918] [sage_energy_monitor]: ENERGY | remaining=69.8 % | voltage=15.66 V | drain_rate=0.039 %/s | home_distance=8.4 m | return_time=12 s | return_cost=0.5 % | margin_after_return=49.3 %
[INFO] [1790287686.671965389] [sage_energy_monitor]: ENERGY | remaining=69.8 % | voltage=15.66 V | drain_rate=0.039 %/s | home_distance=6.8 m | return_time=11 s | return_cost=0.4 % | margin_after_return=49.4 %
[INFO] [1790287687.673255318] [sage_energy_monitor]: ENERGY | remaining=69.7 % | voltage=15.65 V | drain_rate=0.039 %/s | home_distance=6.0 m | return_time=10 s | return_cost=0.4 % | margin_after_return=49.3 %
[INFO] [1790287688.672346594] [sage_energy_monitor]: ENERGY | remaining=69.7 % | voltage=15.65 V | drain_rate=0.039 %/s | home_distance=5.5 m | return_time=9 s | return_cost=0.4 % | margin_after_return=49.3 %
[INFO] [1790287689.673341782] [sage_energy_monitor]: ENERGY | remaining=69.7 % | voltage=15.65 V | drain_rate=0.040 %/s | home_distance=5.2 m | return_time=9 s | return_cost=0.4 % | margin_after_return=49.3 %
[INFO] [1790287690.682035538] [sage_energy_monitor]: ENERGY | remaining=69.6 % | voltage=15.65 V | drain_rate=0.040 %/s | home_distance=4.8 m | return_time=8 s | return_cost=0.3 % | margin_after_return=49.3 %
[INFO] [1790287691.675673297] [sage_energy_monitor]: ENERGY | remaining=69.6 % | voltage=15.65 V | drain_rate=0.040 %/s | home_distance=3.2 m | return_time=7 s | return_cost=0.3 % | margin_after_return=49.3 %
[INFO] [1790287692.673112889] [sage_energy_monitor]: ENERGY | remaining=69.5 % | voltage=15.65 V | drain_rate=0.040 %/s | home_distance=2.7 m | return_time=7 s | return_cost=0.3 % | margin_after_return=49.3 %
[INFO] [1790287693.671782801] [sage_energy_monitor]: ENERGY | remaining=69.5 % | voltage=15.65 V | drain_rate=0.040 %/s | home_distance=3.5 m | return_time=8 s | return_cost=0.3 % | margin_after_return=49.2 %
[INFO] [1790287694.671110250] [sage_energy_monitor]: ENERGY | remaining=69.5 % | voltage=15.65 V | drain_rate=0.040 %/s | home_distance=3.8 m | return_time=8 s | return_cost=0.3 % | margin_after_return=49.1 %
[INFO] [1790287695.679087239] [sage_energy_monitor]: ENERGY | remaining=69.4 % | voltage=15.65 V | drain_rate=0.040 %/s | home_distance=3.7 m | return_time=8 s | return_cost=0.3 % | margin_after_return=49.1 %
[INFO] [1790287696.673004146] [sage_energy_monitor]: ENERGY | remaining=69.4 % | voltage=15.65 V | drain_rate=0.040 %/s | home_distance=3.7 m | return_time=8 s | return_cost=0.3 % | margin_after_return=49.1 %
[INFO] [1790287697.679391235] [sage_energy_monitor]: ENERGY | remaining=69.3 % | voltage=15.65 V | drain_rate=0.040 %/s | home_distance=3.8 m | return_time=8 s | return_cost=0.3 % | margin_after_return=49.0 %
[INFO] [1790287698.675034964] [sage_energy_monitor]: ENERGY | remaining=69.3 % | voltage=15.65 V | drain_rate=0.040 %/s | home_distance=3.8 m | return_time=8 s | return_cost=0.3 % | margin_after_return=49.0 %
[INFO] [1790287699.678042608] [sage_energy_monitor]: ENERGY | remaining=69.3 % | voltage=15.65 V | drain_rate=0.040 %/s | home_distance=3.9 m | return_time=8 s | return_cost=0.3 % | margin_after_return=48.9 %
[INFO] [1790287700.675202292] [sage_energy_monitor]: ENERGY | remaining=69.2 % | voltage=15.65 V | drain_rate=0.040 %/s | home_distance=3.9 m | return_time=8 s | return_cost=0.3 % | margin_after_return=48.9 %
[INFO] [1790287701.675018702] [sage_energy_monitor]: ENERGY | remaining=69.2 % | voltage=15.64 V | drain_rate=0.039 %/s | home_distance=3.9 m | return_time=8 s | return_cost=0.3 % | margin_after_return=48.9 %
[INFO] [1790287702.675810924] [sage_energy_monitor]: ENERGY | remaining=69.2 % | voltage=15.64 V | drain_rate=0.039 %/s | home_distance=3.9 m | return_time=8 s | return_cost=0.3 % | margin_after_return=48.8 %
[INFO] [1790287703.680728393] [sage_energy_monitor]: ENERGY | remaining=69.1 % | voltage=15.64 V | drain_rate=0.040 %/s | home_distance=3.5 m | return_time=8 s | return_cost=0.3 % | margin_after_return=48.8 %
[INFO] [1790287704.677742330] [sage_energy_monitor]: ENERGY | remaining=69.1 % | voltage=15.64 V | drain_rate=0.039 %/s | home_distance=3.2 m | return_time=7 s | return_cost=0.3 % | margin_after_return=48.8 %
[INFO] [1790287705.673408004] [sage_energy_monitor]: ENERGY | remaining=69.0 % | voltage=15.64 V | drain_rate=0.039 %/s | home_distance=4.0 m | return_time=8 s | return_cost=0.3 % | margin_after_return=48.7 %
[INFO] [1790287706.677879996] [sage_energy_monitor]: ENERGY | remaining=69.0 % | voltage=15.64 V | drain_rate=0.039 %/s | home_distance=5.7 m | return_time=10 s | return_cost=0.4 % | margin_after_return=48.6 %
[INFO] [1790287707.673380480] [sage_energy_monitor]: ENERGY | remaining=69.0 % | voltage=15.64 V | drain_rate=0.039 %/s | home_distance=7.6 m | return_time=12 s | return_cost=0.5 % | margin_after_return=48.5 %
[INFO] [1790287708.671156142] [sage_energy_monitor]: ENERGY | remaining=68.9 % | voltage=15.64 V | drain_rate=0.039 %/s | home_distance=9.5 m | return_time=13 s | return_cost=0.5 % | margin_after_return=48.4 %
[INFO] [1790287709.678114296] [sage_energy_monitor]: ENERGY | remaining=68.9 % | voltage=15.64 V | drain_rate=0.039 %/s | home_distance=10.5 m | return_time=15 s | return_cost=0.6 % | margin_after_return=48.3 %
[INFO] [1790287710.671996014] [sage_energy_monitor]: ENERGY | remaining=68.8 % | voltage=15.64 V | drain_rate=0.039 %/s | home_distance=10.8 m | return_time=15 s | return_cost=0.6 % | margin_after_return=48.2 %
[INFO] [1790287711.678699656] [sage_energy_monitor]: ENERGY | remaining=68.8 % | voltage=15.64 V | drain_rate=0.039 %/s | home_distance=10.6 m | return_time=15 s | return_cost=0.6 % | margin_after_return=48.2 %
[INFO] [1790287712.670774591] [sage_energy_monitor]: ENERGY | remaining=68.8 % | voltage=15.64 V | drain_rate=0.039 %/s | home_distance=10.0 m | return_time=14 s | return_cost=0.6 % | margin_after_return=48.2 %
[INFO] [1790287713.675894636] [sage_energy_monitor]: ENERGY | remaining=68.7 % | voltage=15.64 V | drain_rate=0.039 %/s | home_distance=9.7 m | return_time=14 s | return_cost=0.5 % | margin_after_return=48.2 %
[INFO] [1790287714.673732426] [sage_energy_monitor]: ENERGY | remaining=68.7 % | voltage=15.64 V | drain_rate=0.039 %/s | home_distance=9.5 m | return_time=14 s | return_cost=0.5 % | margin_after_return=48.1 %
[INFO] [1790287715.670693632] [sage_energy_monitor]: ENERGY | remaining=68.6 % | voltage=15.63 V | drain_rate=0.039 %/s | home_distance=9.4 m | return_time=14 s | return_cost=0.5 % | margin_after_return=48.1 %
[INFO] [1790287716.671083885] [sage_energy_monitor]: ENERGY | remaining=68.6 % | voltage=15.63 V | drain_rate=0.039 %/s | home_distance=9.4 m | return_time=14 s | return_cost=0.5 % | margin_after_return=48.1 %
[INFO] [1790287717.673999891] [sage_energy_monitor]: ENERGY | remaining=68.6 % | voltage=15.63 V | drain_rate=0.039 %/s | home_distance=9.4 m | return_time=14 s | return_cost=0.5 % | margin_after_return=48.0 %
[INFO] [1790287718.677809305] [sage_energy_monitor]: ENERGY | remaining=68.5 % | voltage=15.63 V | drain_rate=0.040 %/s | home_distance=9.4 m | return_time=13 s | return_cost=0.5 % | margin_after_return=48.0 %
[INFO] [1790287719.671099643] [sage_energy_monitor]: ENERGY | remaining=68.5 % | voltage=15.63 V | drain_rate=0.039 %/s | home_distance=9.4 m | return_time=13 s | return_cost=0.5 % | margin_after_return=47.9 %
[INFO] [1790287720.670887170] [sage_energy_monitor]: ENERGY | remaining=68.4 % | voltage=15.63 V | drain_rate=0.039 %/s | home_distance=9.4 m | return_time=13 s | return_cost=0.5 % | margin_after_return=47.9 %
[INFO] [1790287721.682437511] [sage_energy_monitor]: ENERGY | remaining=68.4 % | voltage=15.63 V | drain_rate=0.039 %/s | home_distance=9.8 m | return_time=14 s | return_cost=0.5 % | margin_after_return=47.9 %
[INFO] [1790287722.671464569] [sage_energy_monitor]: ENERGY | remaining=68.4 % | voltage=15.63 V | drain_rate=0.039 %/s | home_distance=10.1 m | return_time=14 s | return_cost=0.6 % | margin_after_return=47.8 %
[INFO] [1790287723.671131656] [sage_energy_monitor]: ENERGY | remaining=68.3 % | voltage=15.63 V | drain_rate=0.039 %/s | home_distance=10.4 m | return_time=15 s | return_cost=0.6 % | margin_after_return=47.7 %
[INFO] [1790287724.676225861] [sage_energy_monitor]: ENERGY | remaining=68.3 % | voltage=15.63 V | drain_rate=0.039 %/s | home_distance=10.9 m | return_time=15 s | return_cost=0.6 % | margin_after_return=47.7 %
[INFO] [1790287725.676938654] [sage_energy_monitor]: ENERGY | remaining=68.2 % | voltage=15.63 V | drain_rate=0.039 %/s | home_distance=11.7 m | return_time=16 s | return_cost=0.6 % | margin_after_return=47.6 %
[INFO] [1790287726.674511825] [sage_energy_monitor]: ENERGY | remaining=68.2 % | voltage=15.63 V | drain_rate=0.039 %/s | home_distance=12.4 m | return_time=16 s | return_cost=0.6 % | margin_after_return=47.6 %
[INFO] [1790287727.673496829] [sage_energy_monitor]: ENERGY | remaining=68.2 % | voltage=15.63 V | drain_rate=0.039 %/s | home_distance=12.9 m | return_time=17 s | return_cost=0.7 % | margin_after_return=47.5 %
[INFO] [1790287728.671410700] [sage_energy_monitor]: ENERGY | remaining=68.1 % | voltage=15.63 V | drain_rate=0.039 %/s | home_distance=13.7 m | return_time=18 s | return_cost=0.7 % | margin_after_return=47.4 %
[INFO] [1790287729.672352505] [sage_energy_monitor]: ENERGY | remaining=68.1 % | voltage=15.62 V | drain_rate=0.039 %/s | home_distance=14.3 m | return_time=18 s | return_cost=0.7 % | margin_after_return=47.4 %
[INFO] [1790287730.679561220] [sage_energy_monitor]: ENERGY | remaining=68.0 % | voltage=15.62 V | drain_rate=0.039 %/s | home_distance=14.3 m | return_time=18 s | return_cost=0.7 % | margin_after_return=47.3 %
[INFO] [1790287731.671983074] [sage_energy_monitor]: ENERGY | remaining=68.0 % | voltage=15.62 V | drain_rate=0.040 %/s | home_distance=13.8 m | return_time=18 s | return_cost=0.7 % | margin_after_return=47.3 %
[INFO] [1790287732.673527767] [sage_energy_monitor]: ENERGY | remaining=68.0 % | voltage=15.62 V | drain_rate=0.040 %/s | home_distance=12.3 m | return_time=16 s | return_cost=0.6 % | margin_after_return=47.3 %
[INFO] [1790287733.673813787] [sage_energy_monitor]: ENERGY | remaining=67.9 % | voltage=15.62 V | drain_rate=0.040 %/s | home_distance=10.9 m | return_time=15 s | return_cost=0.6 % | margin_after_return=47.3 %
[INFO] [1790287734.673483540] [sage_energy_monitor]: ENERGY | remaining=67.9 % | voltage=15.62 V | drain_rate=0.039 %/s | home_distance=10.4 m | return_time=14 s | return_cost=0.6 % | margin_after_return=47.3 %
[INFO] [1790287735.676993375] [sage_energy_monitor]: ENERGY | remaining=67.8 % | voltage=15.62 V | drain_rate=0.039 %/s | home_distance=10.1 m | return_time=14 s | return_cost=0.6 % | margin_after_return=47.3 %
[INFO] [1790287736.670840615] [sage_energy_monitor]: ENERGY | remaining=67.8 % | voltage=15.62 V | drain_rate=0.040 %/s | home_distance=9.1 m | return_time=13 s | return_cost=0.5 % | margin_after_return=47.3 %
[INFO] [1790287737.671580132] [sage_energy_monitor]: ENERGY | remaining=67.8 % | voltage=15.62 V | drain_rate=0.040 %/s | home_distance=8.4 m | return_time=13 s | return_cost=0.5 % | margin_after_return=47.3 %
[INFO] [1790287738.675548438] [sage_energy_monitor]: ENERGY | remaining=67.7 % | voltage=15.62 V | drain_rate=0.040 %/s | home_distance=8.3 m | return_time=12 s | return_cost=0.5 % | margin_after_return=47.2 %
[INFO] [1790287739.680749665] [sage_energy_monitor]: ENERGY | remaining=67.7 % | voltage=15.62 V | drain_rate=0.040 %/s | home_distance=9.3 m | return_time=13 s | return_cost=0.5 % | margin_after_return=47.2 %
[INFO] [1790287740.673771292] [sage_energy_monitor]: ENERGY | remaining=67.6 % | voltage=15.62 V | drain_rate=0.040 %/s | home_distance=10.3 m | return_time=14 s | return_cost=0.6 % | margin_after_return=47.1 %
[INFO] [1790287741.673246712] [sage_energy_monitor]: ENERGY | remaining=67.6 % | voltage=15.62 V | drain_rate=0.040 %/s | home_distance=10.7 m | return_time=15 s | return_cost=0.6 % | margin_after_return=47.0 %
[INFO] [1790287742.677835993] [sage_energy_monitor]: ENERGY | remaining=67.6 % | voltage=15.62 V | drain_rate=0.040 %/s | home_distance=10.8 m | return_time=15 s | return_cost=0.6 % | margin_after_return=47.0 %
[INFO] [1790287743.671209783] [sage_energy_monitor]: ENERGY | remaining=67.5 % | voltage=15.61 V | drain_rate=0.040 %/s | home_distance=11.9 m | return_time=16 s | return_cost=0.6 % | margin_after_return=46.9 %
[INFO] [1790287744.673979134] [sage_energy_monitor]: ENERGY | remaining=67.5 % | voltage=15.61 V | drain_rate=0.040 %/s | home_distance=13.2 m | return_time=17 s | return_cost=0.7 % | margin_after_return=46.8 %
[INFO] [1790287745.676686905] [sage_energy_monitor]: ENERGY | remaining=67.4 % | voltage=15.61 V | drain_rate=0.040 %/s | home_distance=13.8 m | return_time=18 s | return_cost=0.7 % | margin_after_return=46.7 %
[INFO] [1790287746.676586165] [sage_energy_monitor]: ENERGY | remaining=67.4 % | voltage=15.61 V | drain_rate=0.040 %/s | home_distance=13.3 m | return_time=17 s | return_cost=0.7 % | margin_after_return=46.7 %
[INFO] [1790287747.678523379] [sage_energy_monitor]: ENERGY | remaining=67.4 % | voltage=15.61 V | drain_rate=0.040 %/s | home_distance=12.2 m | return_time=16 s | return_cost=0.6 % | margin_after_return=46.7 %
[INFO] [1790287748.673968213] [sage_energy_monitor]: ENERGY | remaining=67.3 % | voltage=15.61 V | drain_rate=0.040 %/s | home_distance=11.3 m | return_time=15 s | return_cost=0.6 % | margin_after_return=46.7 %
[INFO] [1790287749.681347029] [sage_energy_monitor]: ENERGY | remaining=67.3 % | voltage=15.61 V | drain_rate=0.040 %/s | home_distance=10.0 m | return_time=14 s | return_cost=0.6 % | margin_after_return=46.7 %
[INFO] [1790287750.671287096] [sage_energy_monitor]: ENERGY | remaining=67.2 % | voltage=15.61 V | drain_rate=0.040 %/s | home_distance=9.2 m | return_time=13 s | return_cost=0.5 % | margin_after_return=46.7 %
[INFO] [1790287751.680143965] [sage_energy_monitor]: ENERGY | remaining=67.2 % | voltage=15.61 V | drain_rate=0.040 %/s | home_distance=8.8 m | return_time=13 s | return_cost=0.5 % | margin_after_return=46.7 %
[INFO] [1790287752.670797740] [sage_energy_monitor]: ENERGY | remaining=67.2 % | voltage=15.61 V | drain_rate=0.040 %/s | home_distance=8.8 m | return_time=13 s | return_cost=0.5 % | margin_after_return=46.6 %
[INFO] [1790287753.674893779] [sage_energy_monitor]: ENERGY | remaining=67.1 % | voltage=15.61 V | drain_rate=0.040 %/s | home_distance=8.9 m | return_time=13 s | return_cost=0.5 % | margin_after_return=46.6 %
[INFO] [1790287754.680683958] [sage_energy_monitor]: ENERGY | remaining=67.1 % | voltage=15.61 V | drain_rate=0.040 %/s | home_distance=9.0 m | return_time=13 s | return_cost=0.5 % | margin_after_return=46.6 %
[INFO] [1790287755.670703639] [sage_energy_monitor]: ENERGY | remaining=67.0 % | voltage=15.61 V | drain_rate=0.040 %/s | home_distance=9.1 m | return_time=13 s | return_cost=0.5 % | margin_after_return=46.5 %
[INFO] [1790287756.675109254] [sage_energy_monitor]: ENERGY | remaining=67.0 % | voltage=15.60 V | drain_rate=0.040 %/s | home_distance=9.3 m | return_time=13 s | return_cost=0.5 % | margin_after_return=46.5 %
[INFO] [1790287757.674836491] [sage_energy_monitor]: ENERGY | remaining=66.9 % | voltage=15.60 V | drain_rate=0.041 %/s | home_distance=9.4 m | return_time=13 s | return_cost=0.5 % | margin_after_return=46.4 %
[INFO] [1790287758.670916523] [sage_energy_monitor]: ENERGY | remaining=66.9 % | voltage=15.60 V | drain_rate=0.041 %/s | home_distance=9.5 m | return_time=13 s | return_cost=0.5 % | margin_after_return=46.4 %
[INFO] [1790287759.677413120] [sage_energy_monitor]: ENERGY | remaining=66.9 % | voltage=15.60 V | drain_rate=0.041 %/s | home_distance=10.0 m | return_time=14 s | return_cost=0.6 % | margin_after_return=46.3 %
[INFO] [1790287760.671443495] [sage_energy_monitor]: ENERGY | remaining=66.8 % | voltage=15.60 V | drain_rate=0.041 %/s | home_distance=10.6 m | return_time=14 s | return_cost=0.6 % | margin_after_return=46.2 %
[INFO] [1790287761.671901239] [sage_energy_monitor]: ENERGY | remaining=66.8 % | voltage=15.60 V | drain_rate=0.041 %/s | home_distance=10.6 m | return_time=15 s | return_cost=0.6 % | margin_after_return=46.2 %
[INFO] [1790287762.672227743] [sage_energy_monitor]: ENERGY | remaining=66.7 % | voltage=15.60 V | drain_rate=0.041 %/s | home_distance=10.5 m | return_time=14 s | return_cost=0.6 % | margin_after_return=46.2 %
[INFO] [1790287763.678330687] [sage_energy_monitor]: ENERGY | remaining=66.7 % | voltage=15.60 V | drain_rate=0.041 %/s | home_distance=9.2 m | return_time=13 s | return_cost=0.5 % | margin_after_return=46.2 %
[INFO] [1790287764.680489425] [sage_energy_monitor]: ENERGY | remaining=66.7 % | voltage=15.60 V | drain_rate=0.041 %/s | home_distance=7.5 m | return_time=11 s | return_cost=0.5 % | margin_after_return=46.2 %
[INFO] [1790287765.672082979] [sage_energy_monitor]: ENERGY | remaining=66.6 % | voltage=15.60 V | drain_rate=0.041 %/s | home_distance=5.6 m | return_time=9 s | return_cost=0.4 % | margin_after_return=46.2 %
[INFO] [1790287766.673897309] [sage_energy_monitor]: ENERGY | remaining=66.6 % | voltage=15.60 V | drain_rate=0.041 %/s | home_distance=3.9 m | return_time=8 s | return_cost=0.3 % | margin_after_return=46.3 %
[INFO] [1790287767.672682925] [sage_energy_monitor]: ENERGY | remaining=66.5 % | voltage=15.60 V | drain_rate=0.041 %/s | home_distance=2.6 m | return_time=7 s | return_cost=0.3 % | margin_after_return=46.3 %
[INFO] [1790287768.671407181] [sage_energy_monitor]: ENERGY | remaining=66.5 % | voltage=15.60 V | drain_rate=0.041 %/s | home_distance=2.9 m | return_time=7 s | return_cost=0.3 % | margin_after_return=46.2 %
[INFO] [1790287769.676662447] [sage_energy_monitor]: ENERGY | remaining=66.5 % | voltage=15.60 V | drain_rate=0.041 %/s | home_distance=4.2 m | return_time=8 s | return_cost=0.3 % | margin_after_return=46.1 %
[INFO] [1790287770.690029340] [sage_energy_monitor]: ENERGY | remaining=66.4 % | voltage=15.59 V | drain_rate=0.041 %/s | home_distance=5.2 m | return_time=9 s | return_cost=0.4 % | margin_after_return=46.0 %
[INFO] [1790287771.676535121] [sage_energy_monitor]: ENERGY | remaining=66.4 % | voltage=15.59 V | drain_rate=0.041 %/s | home_distance=5.2 m | return_time=9 s | return_cost=0.4 % | margin_after_return=46.0 %
[INFO] [1790287772.672739256] [sage_energy_monitor]: ENERGY | remaining=66.3 % | voltage=15.59 V | drain_rate=0.041 %/s | home_distance=3.7 m | return_time=8 s | return_cost=0.3 % | margin_after_return=46.0 %
[INFO] [1790287773.673390656] [sage_energy_monitor]: ENERGY | remaining=66.3 % | voltage=15.59 V | drain_rate=0.041 %/s | home_distance=2.5 m | return_time=7 s | return_cost=0.3 % | margin_after_return=46.0 %
[INFO] [1790287774.672654677] [sage_energy_monitor]: ENERGY | remaining=66.3 % | voltage=15.59 V | drain_rate=0.041 %/s | home_distance=2.1 m | return_time=6 s | return_cost=0.3 % | margin_after_return=46.0 %
[INFO] [1790287775.671714563] [sage_energy_monitor]: ENERGY | remaining=66.2 % | voltage=15.59 V | drain_rate=0.041 %/s | home_distance=3.0 m | return_time=7 s | return_cost=0.3 % | margin_after_return=45.9 %
[INFO] [1790287776.674532311] [sage_energy_monitor]: ENERGY | remaining=66.2 % | voltage=15.59 V | drain_rate=0.041 %/s | home_distance=4.8 m | return_time=9 s | return_cost=0.4 % | margin_after_return=45.8 %
[INFO] [1790287777.673535259] [sage_energy_monitor]: ENERGY | remaining=66.1 % | voltage=15.59 V | drain_rate=0.041 %/s | home_distance=6.1 m | return_time=10 s | return_cost=0.4 % | margin_after_return=45.7 %
[INFO] [1790287778.681826629] [sage_energy_monitor]: ENERGY | remaining=66.1 % | voltage=15.59 V | drain_rate=0.041 %/s | home_distance=6.5 m | return_time=10 s | return_cost=0.4 % | margin_after_return=45.7 %
[INFO] [1790287779.673178443] [sage_energy_monitor]: ENERGY | remaining=66.1 % | voltage=15.59 V | drain_rate=0.041 %/s | home_distance=6.1 m | return_time=10 s | return_cost=0.4 % | margin_after_return=45.6 %
[INFO] [1790287780.672328828] [sage_energy_monitor]: ENERGY | remaining=66.0 % | voltage=15.59 V | drain_rate=0.041 %/s | home_distance=4.2 m | return_time=8 s | return_cost=0.3 % | margin_after_return=45.7 %
[INFO] [1790287781.674405052] [sage_energy_monitor]: ENERGY | remaining=66.0 % | voltage=15.59 V | drain_rate=0.041 %/s | home_distance=2.1 m | return_time=6 s | return_cost=0.3 % | margin_after_return=45.7 %
[INFO] [1790287782.678412759] [sage_energy_monitor]: ENERGY | remaining=65.9 % | voltage=15.59 V | drain_rate=0.041 %/s | home_distance=0.2 m | return_time=4 s | return_cost=0.2 % | margin_after_return=45.7 %
[INFO] [1790287783.671508840] [sage_energy_monitor]: ENERGY | remaining=65.9 % | voltage=15.58 V | drain_rate=0.041 %/s | home_distance=2.1 m | return_time=6 s | return_cost=0.3 % | margin_after_return=45.6 %
[INFO] [1790287784.679247758] [sage_energy_monitor]: ENERGY | remaining=65.8 % | voltage=15.58 V | drain_rate=0.041 %/s | home_distance=4.2 m | return_time=8 s | return_cost=0.3 % | margin_after_return=45.5 %
[INFO] [1790287785.672951934] [sage_energy_monitor]: ENERGY | remaining=65.8 % | voltage=15.58 V | drain_rate=0.041 %/s | home_distance=6.3 m | return_time=10 s | return_cost=0.4 % | margin_after_return=45.4 %
[INFO] [1790287786.673089573] [sage_energy_monitor]: ENERGY | remaining=65.8 % | voltage=15.58 V | drain_rate=0.041 %/s | home_distance=8.2 m | return_time=12 s | return_cost=0.5 % | margin_after_return=45.3 %
[INFO] [1790287787.672820171] [sage_energy_monitor]: ENERGY | remaining=65.7 % | voltage=15.58 V | drain_rate=0.041 %/s | home_distance=9.6 m | return_time=14 s | return_cost=0.6 % | margin_after_return=45.2 %
[INFO] [1790287788.672475441] [sage_energy_monitor]: ENERGY | remaining=65.7 % | voltage=15.58 V | drain_rate=0.041 %/s | home_distance=10.0 m | return_time=14 s | return_cost=0.6 % | margin_after_return=45.1 %
[INFO] [1790287789.671925994] [sage_energy_monitor]: ENERGY | remaining=65.6 % | voltage=15.58 V | drain_rate=0.041 %/s | home_distance=10.0 m | return_time=14 s | return_cost=0.6 % | margin_after_return=45.1 %
[INFO] [1790287790.672205192] [sage_energy_monitor]: ENERGY | remaining=65.6 % | voltage=15.58 V | drain_rate=0.041 %/s | home_distance=9.9 m | return_time=14 s | return_cost=0.6 % | margin_after_return=45.0 %
[INFO] [1790287791.673846106] [sage_energy_monitor]: ENERGY | remaining=65.6 % | voltage=15.58 V | drain_rate=0.041 %/s | home_distance=9.8 m | return_time=14 s | return_cost=0.6 % | margin_after_return=45.0 %
[INFO] [1790287792.671381207] [sage_energy_monitor]: ENERGY | remaining=65.5 % | voltage=15.58 V | drain_rate=0.041 %/s | home_distance=9.7 m | return_time=14 s | return_cost=0.6 % | margin_after_return=45.0 %
[INFO] [1790287793.679673216] [sage_energy_monitor]: ENERGY | remaining=65.5 % | voltage=15.58 V | drain_rate=0.040 %/s | home_distance=9.7 m | return_time=14 s | return_cost=0.6 % | margin_after_return=44.9 %
[INFO] [1790287794.670979311] [sage_energy_monitor]: ENERGY | remaining=65.5 % | voltage=15.58 V | drain_rate=0.040 %/s | home_distance=9.6 m | return_time=14 s | return_cost=0.6 % | margin_after_return=44.9 %
[INFO] [1790287795.673340584] [sage_energy_monitor]: ENERGY | remaining=65.4 % | voltage=15.58 V | drain_rate=0.040 %/s | home_distance=9.6 m | return_time=14 s | return_cost=0.5 % | margin_after_return=44.9 %
[INFO] [1790287796.671009948] [sage_energy_monitor]: ENERGY | remaining=65.4 % | voltage=15.58 V | drain_rate=0.040 %/s | home_distance=9.3 m | return_time=13 s | return_cost=0.5 % | margin_after_return=44.9 %
[INFO] [1790287797.682680579] [sage_energy_monitor]: ENERGY | remaining=65.3 % | voltage=15.58 V | drain_rate=0.040 %/s | home_distance=7.7 m | return_time=11 s | return_cost=0.5 % | margin_after_return=44.9 %
[INFO] [1790287798.673172708] [sage_energy_monitor]: ENERGY | remaining=65.3 % | voltage=15.57 V | drain_rate=0.040 %/s | home_distance=5.7 m | return_time=10 s | return_cost=0.4 % | margin_after_return=44.9 %
[INFO] [1790287799.671811882] [sage_energy_monitor]: ENERGY | remaining=65.3 % | voltage=15.57 V | drain_rate=0.040 %/s | home_distance=4.3 m | return_time=8 s | return_cost=0.3 % | margin_after_return=44.9 %
[INFO] [1790287800.682063905] [sage_energy_monitor]: ENERGY | remaining=65.2 % | voltage=15.57 V | drain_rate=0.040 %/s | home_distance=4.0 m | return_time=8 s | return_cost=0.3 % | margin_after_return=44.9 %
[INFO] [1790287801.671202587] [sage_energy_monitor]: ENERGY | remaining=65.2 % | voltage=15.57 V | drain_rate=0.040 %/s | home_distance=4.1 m | return_time=8 s | return_cost=0.3 % | margin_after_return=44.9 %
[INFO] [1790287802.677283193] [sage_energy_monitor]: ENERGY | remaining=65.1 % | voltage=15.57 V | drain_rate=0.040 %/s | home_distance=4.1 m | return_time=8 s | return_cost=0.3 % | margin_after_return=44.8 %
[INFO] [1790287803.677769779] [sage_energy_monitor]: ENERGY | remaining=65.1 % | voltage=15.57 V | drain_rate=0.040 %/s | home_distance=4.2 m | return_time=8 s | return_cost=0.3 % | margin_after_return=44.8 %
[INFO] [1790287804.673777406] [sage_energy_monitor]: ENERGY | remaining=65.1 % | voltage=15.57 V | drain_rate=0.040 %/s | home_distance=4.2 m | return_time=8 s | return_cost=0.3 % | margin_after_return=44.8 %
[INFO] [1790287805.678681510] [sage_energy_monitor]: ENERGY | remaining=65.0 % | voltage=15.57 V | drain_rate=0.039 %/s | home_distance=3.7 m | return_time=7 s | return_cost=0.3 % | margin_after_return=44.7 %
[INFO] [1790287806.674619562] [sage_energy_monitor]: ENERGY | remaining=65.0 % | voltage=15.57 V | drain_rate=0.039 %/s | home_distance=1.9 m | return_time=6 s | return_cost=0.2 % | margin_after_return=44.8 %
[INFO] [1790287807.680629174] [sage_energy_monitor]: ENERGY | remaining=65.0 % | voltage=15.57 V | drain_rate=0.039 %/s | home_distance=1.0 m | return_time=5 s | return_cost=0.2 % | margin_after_return=44.8 %
[INFO] [1790287808.673981323] [sage_energy_monitor]: ENERGY | remaining=64.9 % | voltage=15.57 V | drain_rate=0.039 %/s | home_distance=2.8 m | return_time=7 s | return_cost=0.3 % | margin_after_return=44.6 %
[INFO] [1790287809.677011413] [sage_energy_monitor]: ENERGY | remaining=64.9 % | voltage=15.57 V | drain_rate=0.039 %/s | home_distance=4.9 m | return_time=9 s | return_cost=0.3 % | margin_after_return=44.5 %
[INFO] [1790287810.671522455] [sage_energy_monitor]: ENERGY | remaining=64.8 % | voltage=15.57 V | drain_rate=0.039 %/s | home_distance=7.0 m | return_time=11 s | return_cost=0.4 % | margin_after_return=44.4 %
[INFO] [1790287811.670991393] [sage_energy_monitor]: ENERGY | remaining=64.8 % | voltage=15.57 V | drain_rate=0.039 %/s | home_distance=8.8 m | return_time=13 s | return_cost=0.5 % | margin_after_return=44.3 %
[INFO] [1790287812.672059455] [sage_energy_monitor]: ENERGY | remaining=64.8 % | voltage=15.56 V | drain_rate=0.039 %/s | home_distance=11.0 m | return_time=15 s | return_cost=0.6 % | margin_after_return=44.2 %
[INFO] [1790287813.680364252] [sage_energy_monitor]: ENERGY | remaining=64.7 % | voltage=15.56 V | drain_rate=0.039 %/s | home_distance=12.8 m | return_time=17 s | return_cost=0.6 % | margin_after_return=44.1 %
[INFO] [1790287814.672877449] [sage_energy_monitor]: ENERGY | remaining=64.7 % | voltage=15.56 V | drain_rate=0.039 %/s | home_distance=14.1 m | return_time=18 s | return_cost=0.7 % | margin_after_return=44.0 %
[INFO] [1790287815.671811475] [sage_energy_monitor]: ENERGY | remaining=64.6 % | voltage=15.56 V | drain_rate=0.039 %/s | home_distance=14.7 m | return_time=19 s | return_cost=0.7 % | margin_after_return=43.9 %
[INFO] [1790287816.672047978] [sage_energy_monitor]: ENERGY | remaining=64.6 % | voltage=15.56 V | drain_rate=0.039 %/s | home_distance=14.7 m | return_time=19 s | return_cost=0.7 % | margin_after_return=43.9 %
[INFO] [1790287817.673313792] [sage_energy_monitor]: ENERGY | remaining=64.6 % | voltage=15.56 V | drain_rate=0.039 %/s | home_distance=14.7 m | return_time=18 s | return_cost=0.7 % | margin_after_return=43.9 %
[INFO] [1790287818.673990623] [sage_energy_monitor]: ENERGY | remaining=64.5 % | voltage=15.56 V | drain_rate=0.039 %/s | home_distance=15.1 m | return_time=19 s | return_cost=0.7 % | margin_after_return=43.8 %
[INFO] [1790287819.675189353] [sage_energy_monitor]: ENERGY | remaining=64.5 % | voltage=15.56 V | drain_rate=0.039 %/s | home_distance=15.6 m | return_time=20 s | return_cost=0.8 % | margin_after_return=43.7 %
[INFO] [1790287820.671940585] [sage_energy_monitor]: ENERGY | remaining=64.4 % | voltage=15.56 V | drain_rate=0.039 %/s | home_distance=15.6 m | return_time=20 s | return_cost=0.8 % | margin_after_return=43.7 %
[INFO] [1790287821.673494912] [sage_energy_monitor]: ENERGY | remaining=64.4 % | voltage=15.56 V | drain_rate=0.039 %/s | home_distance=14.1 m | return_time=18 s | return_cost=0.7 % | margin_after_return=43.7 %
[INFO] [1790287822.674196594] [sage_energy_monitor]: ENERGY | remaining=64.4 % | voltage=15.56 V | drain_rate=0.039 %/s | home_distance=12.4 m | return_time=17 s | return_cost=0.6 % | margin_after_return=43.7 %
[INFO] [1790287823.672842566] [sage_energy_monitor]: ENERGY | remaining=64.3 % | voltage=15.56 V | drain_rate=0.039 %/s | home_distance=10.6 m | return_time=15 s | return_cost=0.6 % | margin_after_return=43.8 %
[INFO] [1790287824.678412595] [sage_energy_monitor]: ENERGY | remaining=64.3 % | voltage=15.56 V | drain_rate=0.039 %/s | home_distance=8.7 m | return_time=13 s | return_cost=0.5 % | margin_after_return=43.8 %
[INFO] [1790287825.678564506] [sage_energy_monitor]: ENERGY | remaining=64.3 % | voltage=15.56 V | drain_rate=0.039 %/s | home_distance=6.8 m | return_time=11 s | return_cost=0.4 % | margin_after_return=43.8 %
[INFO] [1790287826.672849026] [sage_energy_monitor]: ENERGY | remaining=64.2 % | voltage=15.55 V | drain_rate=0.039 %/s | home_distance=5.0 m | return_time=9 s | return_cost=0.3 % | margin_after_return=43.9 %
[INFO] [1790287827.672388202] [sage_energy_monitor]: ENERGY | remaining=64.2 % | voltage=15.55 V | drain_rate=0.039 %/s | home_distance=3.1 m | return_time=7 s | return_cost=0.3 % | margin_after_return=43.9 %
[INFO] [1790287828.670903692] [sage_energy_monitor]: ENERGY | remaining=64.1 % | voltage=15.55 V | drain_rate=0.039 %/s | home_distance=1.1 m | return_time=5 s | return_cost=0.2 % | margin_after_return=43.9 %
[INFO] [1790287829.671954790] [sage_energy_monitor]: ENERGY | remaining=64.1 % | voltage=15.55 V | drain_rate=0.039 %/s | home_distance=0.9 m | return_time=5 s | return_cost=0.2 % | margin_after_return=43.9 %
[INFO] [1790287830.671028300] [sage_energy_monitor]: ENERGY | remaining=64.1 % | voltage=15.55 V | drain_rate=0.039 %/s | home_distance=2.8 m | return_time=7 s | return_cost=0.3 % | margin_after_return=43.8 %
[INFO] [1790287831.671809883] [sage_energy_monitor]: ENERGY | remaining=64.0 % | voltage=15.55 V | drain_rate=0.039 %/s | home_distance=4.1 m | return_time=8 s | return_cost=0.3 % | margin_after_return=43.7 %
[INFO] [1790287832.671219576] [sage_energy_monitor]: ENERGY | remaining=64.0 % | voltage=15.55 V | drain_rate=0.039 %/s | home_distance=4.5 m | return_time=8 s | return_cost=0.3 % | margin_after_return=43.7 %
[INFO] [1790287833.672427582] [sage_energy_monitor]: ENERGY | remaining=63.9 % | voltage=15.55 V | drain_rate=0.039 %/s | home_distance=4.5 m | return_time=8 s | return_cost=0.3 % | margin_after_return=43.6 %
[INFO] [1790287834.674083872] [sage_energy_monitor]: ENERGY | remaining=63.9 % | voltage=15.55 V | drain_rate=0.039 %/s | home_distance=4.5 m | return_time=8 s | return_cost=0.3 % | margin_after_return=43.6 %
[INFO] [1790287835.674995272] [sage_energy_monitor]: ENERGY | remaining=63.9 % | voltage=15.55 V | drain_rate=0.039 %/s | home_distance=4.4 m | return_time=8 s | return_cost=0.3 % | margin_after_return=43.5 %
[INFO] [1790287836.670967736] [sage_energy_monitor]: ENERGY | remaining=63.8 % | voltage=15.55 V | drain_rate=0.039 %/s | home_distance=4.3 m | return_time=8 s | return_cost=0.3 % | margin_after_return=43.5 %
[INFO] [1790287837.680506907] [sage_energy_monitor]: ENERGY | remaining=63.8 % | voltage=15.55 V | drain_rate=0.039 %/s | home_distance=4.3 m | return_time=8 s | return_cost=0.3 % | margin_after_return=43.5 %
[INFO] [1790287838.674860335] [sage_energy_monitor]: ENERGY | remaining=63.7 % | voltage=15.55 V | drain_rate=0.039 %/s | home_distance=4.3 m | return_time=8 s | return_cost=0.3 % | margin_after_return=43.4 %
[INFO] [1790287839.671495721] [sage_energy_monitor]: ENERGY | remaining=63.7 % | voltage=15.55 V | drain_rate=0.039 %/s | home_distance=4.3 m | return_time=8 s | return_cost=0.3 % | margin_after_return=43.4 %
[INFO] [1790287840.672653973] [sage_energy_monitor]: ENERGY | remaining=63.7 % | voltage=15.54 V | drain_rate=0.039 %/s | home_distance=4.1 m | return_time=8 s | return_cost=0.3 % | margin_after_return=43.3 %
[INFO] [1790287841.671283431] [sage_energy_monitor]: ENERGY | remaining=63.6 % | voltage=15.54 V | drain_rate=0.039 %/s | home_distance=3.0 m | return_time=7 s | return_cost=0.3 % | margin_after_return=43.4 %
[INFO] [1790287842.679538989] [sage_energy_monitor]: ENERGY | remaining=63.6 % | voltage=15.54 V | drain_rate=0.039 %/s | home_distance=2.6 m | return_time=7 s | return_cost=0.3 % | margin_after_return=43.3 %
[INFO] [1790287843.671295533] [sage_energy_monitor]: ENERGY | remaining=63.5 % | voltage=15.54 V | drain_rate=0.039 %/s | home_distance=3.5 m | return_time=8 s | return_cost=0.3 % | margin_after_return=43.2 %
[INFO] [1790287844.672746931] [sage_energy_monitor]: ENERGY | remaining=63.5 % | voltage=15.54 V | drain_rate=0.040 %/s | home_distance=4.2 m | return_time=8 s | return_cost=0.3 % | margin_after_return=43.2 %
[INFO] [1790287845.674317766] [sage_energy_monitor]: ENERGY | remaining=63.5 % | voltage=15.54 V | drain_rate=0.040 %/s | home_distance=4.5 m | return_time=9 s | return_cost=0.3 % | margin_after_return=43.1 %
[INFO] [1790287846.674884415] [sage_energy_monitor]: ENERGY | remaining=63.4 % | voltage=15.54 V | drain_rate=0.040 %/s | home_distance=4.4 m | return_time=9 s | return_cost=0.3 % | margin_after_return=43.1 %
[INFO] [1790287847.672271126] [sage_energy_monitor]: ENERGY | remaining=63.4 % | voltage=15.54 V | drain_rate=0.040 %/s | home_distance=4.2 m | return_time=8 s | return_cost=0.3 % | margin_after_return=43.0 %
[INFO] [1790287848.677667804] [sage_energy_monitor]: ENERGY | remaining=63.3 % | voltage=15.54 V | drain_rate=0.039 %/s | home_distance=4.1 m | return_time=8 s | return_cost=0.3 % | margin_after_return=43.0 %
[INFO] [1790287849.671277587] [sage_energy_monitor]: ENERGY | remaining=63.3 % | voltage=15.54 V | drain_rate=0.039 %/s | home_distance=4.0 m | return_time=8 s | return_cost=0.3 % | margin_after_return=43.0 %
[INFO] [1790287850.672319774] [sage_energy_monitor]: ENERGY | remaining=63.3 % | voltage=15.54 V | drain_rate=0.039 %/s | home_distance=3.6 m | return_time=8 s | return_cost=0.3 % | margin_after_return=43.0 %
[INFO] [1790287851.671575516] [sage_energy_monitor]: ENERGY | remaining=63.2 % | voltage=15.54 V | drain_rate=0.039 %/s | home_distance=3.1 m | return_time=7 s | return_cost=0.3 % | margin_after_return=42.9 %
[INFO] [1790287852.673018592] [sage_energy_monitor]: ENERGY | remaining=63.2 % | voltage=15.54 V | drain_rate=0.039 %/s | home_distance=3.9 m | return_time=8 s | return_cost=0.3 % | margin_after_return=42.9 %
[INFO] [1790287853.671464995] [sage_energy_monitor]: ENERGY | remaining=63.1 % | voltage=15.54 V | drain_rate=0.039 %/s | home_distance=5.2 m | return_time=9 s | return_cost=0.4 % | margin_after_return=42.8 %
[INFO] [1790287854.675750961] [sage_energy_monitor]: ENERGY | remaining=63.1 % | voltage=15.53 V | drain_rate=0.039 %/s | home_distance=6.6 m | return_time=11 s | return_cost=0.4 % | margin_after_return=42.7 %
[INFO] [1790287855.672615903] [sage_energy_monitor]: ENERGY | remaining=63.1 % | voltage=15.53 V | drain_rate=0.039 %/s | home_distance=7.3 m | return_time=12 s | return_cost=0.5 % | margin_after_return=42.6 %
[INFO] [1790287856.673722296] [sage_energy_monitor]: ENERGY | remaining=63.0 % | voltage=15.53 V | drain_rate=0.040 %/s | home_distance=7.0 m | return_time=11 s | return_cost=0.4 % | margin_after_return=42.6 %
[INFO] [1790287857.671287500] [sage_energy_monitor]: ENERGY | remaining=63.0 % | voltage=15.53 V | drain_rate=0.040 %/s | home_distance=6.2 m | return_time=11 s | return_cost=0.4 % | margin_after_return=42.6 %
[INFO] [1790287858.678116926] [sage_energy_monitor]: ENERGY | remaining=62.9 % | voltage=15.53 V | drain_rate=0.040 %/s | home_distance=6.0 m | return_time=10 s | return_cost=0.4 % | margin_after_return=42.5 %
