[INFO] [1790222363.525136324] [sage_mission_manager]: SAGE Mission Manager started.
[INFO] [1790222363.527545334] [sage_mission_manager]: Validation-only mode: NO PX4 flight commands.
[INFO] [1790222363.528299207] [sage_mission_manager]: Validated viewpoint output: /sage/mission/validated_viewpoint
[INFO] [1790222375.378866033] [sage_mission_manager]: VIEWPOINT ACCEPTED | position=(0.41, 0.55, -2.00) | distance_from_uav=0.70 m
[INFO] [1790222375.379364545] [sage_mission_manager]: VALIDATED VIEWPOINT PUBLISHED
[INFO] [1790222375.580475245] [sage_mission_manager]: VIEWPOINT ACCEPTED | position=(0.41, 0.55, -2.00) | distance_from_uav=0.70 m
[INFO] [1790222375.581061375] [sage_mission_manager]: VALIDATED VIEWPOINT PUBLISHED
[INFO] [1790222375.784876379] [sage_mission_manager]: VIEWPOINT ACCEPTED | position=(0.84, 1.10, -2.00) | distance_from_uav=1.40 m
[INFO] [1790222375.785835232] [sage_mission_manager]: VALIDATED VIEWPOINT PUBLISHED
[INFO] [1790222375.975911577] [sage_mission_manager]: VIEWPOINT ACCEPTED | position=(1.28, 1.65, -2.00) | distance_from_uav=2.07 m
[INFO] [1790222375.979722196] [sage_mission_manager]: VALIDATED VIEWPOINT PUBLISHED
[INFO] [1790222376.175857236] [sage_mission_manager]: VIEWPOINT ACCEPTED | position=(1.71, 2.20, -2.00) | distance_from_uav=2.71 m
[INFO] [1790222376.176440532] [sage_mission_manager]: VALIDATED VIEWPOINT PUBLISHED
[INFO] [1790222376.372665817] [sage_mission_manager]: VIEWPOINT ACCEPTED | position=(2.14, 2.75, -2.00) | distance_from_uav=3.34 m
[INFO] [1790222376.373361035] [sage_mission_manager]: VALIDATED VIEWPOINT PUBLISHED
[INFO] [1790222376.582699475] [sage_mission_manager]: VIEWPOINT ACCEPTED | position=(2.14, 2.75, -2.00) | distance_from_uav=3.19 m
[INFO] [1790222376.586012322] [sage_mission_manager]: VALIDATED VIEWPOINT PUBLISHED
[INFO] [1790222376.774648229] [sage_mission_manager]: VIEWPOINT ACCEPTED | position=(2.46, 3.15, -2.00) | distance_from_uav=3.49 m
[INFO] [1790222376.775344277] [sage_mission_manager]: VALIDATED VIEWPOINT PUBLISHED
[INFO] [1790222376.973848506] [sage_mission_manager]: VIEWPOINT ACCEPTED | position=(2.46, 3.15, -2.00) | distance_from_uav=3.18 m
[INFO] [1790222376.978798787] [sage_mission_manager]: VALIDATED VIEWPOINT PUBLISHED
[INFO] [1790222377.174401200] [sage_mission_manager]: VIEWPOINT ACCEPTED | position=(2.46, 3.15, -2.00) | distance_from_uav=2.86 m
[INFO] [1790222377.175240960] [sage_mission_manager]: VALIDATED VIEWPOINT PUBLISHED
[INFO] [1790222377.375866798] [sage_mission_manager]: VIEWPOINT ACCEPTED | position=(2.46, 3.15, -2.00) | distance_from_uav=2.49 m
[INFO] [1790222377.376697799] [sage_mission_manager]: VALIDATED VIEWPOINT PUBLISHED
[INFO] [1790222377.586913852] [sage_mission_manager]: VIEWPOINT ACCEPTED | position=(2.46, 3.15, -2.00) | distance_from_uav=2.07 m
[INFO] [1790222377.587848446] [sage_mission_manager]: VALIDATED VIEWPOINT PUBLISHED
[INFO] [1790222377.773023998] [sage_mission_manager]: VIEWPOINT ACCEPTED | position=(2.46, 3.15, -2.00) | distance_from_uav=1.78 m
[INFO] [1790222377.773807627] [sage_mission_manager]: VALIDATED VIEWPOINT PUBLISHED
[INFO] [1790222377.978229054] [sage_mission_manager]: VIEWPOINT ACCEPTED | position=(2.46, 3.15, -2.00) | distance_from_uav=1.52 m
[INFO] [1790222377.978800740] [sage_mission_manager]: VALIDATED VIEWPOINT PUBLISHED
[INFO] [1790222378.176058968] [sage_mission_manager]: VIEWPOINT ACCEPTED | position=(2.46, 3.15, -2.00) | distance_from_uav=1.26 m
[INFO] [1790222378.176814590] [sage_mission_manager]: VALIDATED VIEWPOINT PUBLISHED
[INFO] [1790222378.382043678] [sage_mission_manager]: VIEWPOINT ACCEPTED | position=(2.46, 3.15, -2.00) | distance_from_uav=1.04 m
[INFO] [1790222378.382764191] [sage_mission_manager]: VALIDATED VIEWPOINT PUBLISHED
[INFO] [1790222378.579595886] [sage_mission_manager]: VIEWPOINT ACCEPTED | position=(2.46, 3.15, -2.00) | distance_from_uav=0.91 m
[INFO] [1790222378.580209424] [sage_mission_manager]: VALIDATED VIEWPOINT PUBLISHED
[INFO] [1790222378.779904795] [sage_mission_manager]: VIEWPOINT ACCEPTED | position=(2.46, 3.15, -2.00) | distance_from_uav=0.82 m
[INFO] [1790222378.781141352] [sage_mission_manager]: VALIDATED VIEWPOINT PUBLISHED
[INFO] [1790222378.979647423] [sage_mission_manager]: VIEWPOINT ACCEPTED | position=(2.46, 3.15, -2.00) | distance_from_uav=0.74 m
[INFO] [1790222378.980393347] [sage_mission_manager]: VALIDATED VIEWPOINT PUBLISHED
[INFO] [1790222379.173629484] [sage_mission_manager]: VIEWPOINT ACCEPTED | position=(2.46, 3.15, -2.00) | distance_from_uav=0.65 m
[INFO] [1790222379.174365915] [sage_mission_manager]: VALIDATED VIEWPOINT PUBLISHED
[INFO] [1790222379.381519828] [sage_mission_manager]: VIEWPOINT ACCEPTED | position=(2.46, 3.15, -2.00) | distance_from_uav=0.58 m
[INFO] [1790222379.382803926] [sage_mission_manager]: VALIDATED VIEWPOINT PUBLISHED
[INFO] [1790222379.577635608] [sage_mission_manager]: VIEWPOINT ACCEPTED | position=(2.46, 3.15, -2.00) | distance_from_uav=0.52 m
[INFO] [1790222379.581118793] [sage_mission_manager]: VALIDATED VIEWPOINT PUBLISHED
[INFO] [1790222379.778004276] [sage_mission_manager]: VIEWPOINT ACCEPTED | position=(2.46, 3.15, -2.00) | distance_from_uav=0.46 m
[INFO] [1790222379.779156733] [sage_mission_manager]: VALIDATED VIEWPOINT PUBLISHED
[INFO] [1790222379.981397014] [sage_mission_manager]: VIEWPOINT ACCEPTED | position=(2.46, 3.15, -2.00) | distance_from_uav=0.39 m
[INFO] [1790222379.981954840] [sage_mission_manager]: VALIDATED VIEWPOINT PUBLISHED
[INFO] [1790222380.174580420] [sage_mission_manager]: VIEWPOINT ACCEPTED | position=(2.46, 3.15, -2.00) | distance_from_uav=0.31 m
[INFO] [1790222380.179326969] [sage_mission_manager]: VALIDATED VIEWPOINT PUBLISHED
[INFO] [1790222380.378300526] [sage_mission_manager]: VIEWPOINT ACCEPTED | position=(1.93, 2.69, -2.00) | distance_from_uav=0.62 m
[INFO] [1790222380.379709859] [sage_mission_manager]: VALIDATED VIEWPOINT PUBLISHED
[INFO] [1790222380.587645997] [sage_mission_manager]: VIEWPOINT ACCEPTED | position=(1.40, 2.23, -2.00) | distance_from_uav=1.33 m
[INFO] [1790222380.588533107] [sage_mission_manager]: VALIDATED VIEWPOINT PUBLISHED
[INFO] [1790222380.777750232] [sage_mission_manager]: VIEWPOINT ACCEPTED | position=(0.87, 1.78, -2.00) | distance_from_uav=2.04 m
[INFO] [1790222380.778642801] [sage_mission_manager]: VALIDATED VIEWPOINT PUBLISHED
[INFO] [1790222380.983636741] [sage_mission_manager]: VIEWPOINT ACCEPTED | position=(0.34, 1.32, -2.00) | distance_from_uav=2.75 m
[INFO] [1790222380.984275101] [sage_mission_manager]: VALIDATED VIEWPOINT PUBLISHED
[INFO] [1790222381.177613067] [sage_mission_manager]: VIEWPOINT ACCEPTED | position=(-0.05, 0.98, -2.00) | distance_from_uav=3.24 m
[INFO] [1790222381.179944355] [sage_mission_manager]: VALIDATED VIEWPOINT PUBLISHED
[INFO] [1790222381.373945586] [sage_mission_manager]: VIEWPOINT ACCEPTED | position=(-0.05, 0.98, -2.00) | distance_from_uav=3.15 m
[INFO] [1790222381.374606242] [sage_mission_manager]: VALIDATED VIEWPOINT PUBLISHED
[INFO] [1790222381.579983702] [sage_mission_manager]: VIEWPOINT ACCEPTED | position=(-0.05, 0.98, -2.00) | distance_from_uav=2.94 m
[INFO] [1790222381.582450348] [sage_mission_manager]: VALIDATED VIEWPOINT PUBLISHED
[INFO] [1790222381.776540408] [sage_mission_manager]: VIEWPOINT ACCEPTED | position=(-0.05, 0.98, -2.00) | distance_from_uav=2.72 m
[INFO] [1790222381.777524245] [sage_mission_manager]: VALIDATED VIEWPOINT PUBLISHED
[INFO] [1790222381.980467559] [sage_mission_manager]: VIEWPOINT ACCEPTED | position=(-0.05, 0.98, -2.00) | distance_from_uav=2.36 m
[INFO] [1790222381.982210913] [sage_mission_manager]: VALIDATED VIEWPOINT PUBLISHED
[INFO] [1790222382.180532320] [sage_mission_manager]: VIEWPOINT ACCEPTED | position=(-0.05, 0.98, -2.00) | distance_from_uav=2.06 m
[INFO] [1790222382.181480883] [sage_mission_manager]: VALIDATED VIEWPOINT PUBLISHED
[INFO] [1790222382.374352967] [sage_mission_manager]: VIEWPOINT ACCEPTED | position=(-0.05, 0.98, -2.00) | distance_from_uav=1.71 m
[INFO] [1790222382.374888155] [sage_mission_manager]: VALIDATED VIEWPOINT PUBLISHED
[INFO] [1790222382.573753393] [sage_mission_manager]: VIEWPOINT ACCEPTED | position=(-0.05, 0.98, -2.00) | distance_from_uav=1.44 m
[INFO] [1790222382.574470240] [sage_mission_manager]: VALIDATED VIEWPOINT PUBLISHED
[INFO] [1790222382.781573904] [sage_mission_manager]: VIEWPOINT ACCEPTED | position=(-0.05, 0.98, -2.00) | distance_from_uav=1.10 m
[INFO] [1790222382.782164691] [sage_mission_manager]: VALIDATED VIEWPOINT PUBLISHED
[INFO] [1790222382.973318884] [sage_mission_manager]: VIEWPOINT ACCEPTED | position=(-0.05, 0.98, -2.00) | distance_from_uav=0.84 m
[INFO] [1790222382.973864031] [sage_mission_manager]: VALIDATED VIEWPOINT PUBLISHED
[INFO] [1790222383.178909635] [sage_mission_manager]: VIEWPOINT ACCEPTED | position=(-0.05, 0.98, -2.00) | distance_from_uav=0.67 m
[INFO] [1790222383.179854371] [sage_mission_manager]: VALIDATED VIEWPOINT PUBLISHED
[INFO] [1790222383.377508661] [sage_mission_manager]: VIEWPOINT ACCEPTED | position=(-0.05, 0.98, -2.00) | distance_from_uav=0.52 m
[INFO] [1790222383.379765994] [sage_mission_manager]: VALIDATED VIEWPOINT PUBLISHED
[INFO] [1790222383.575271078] [sage_mission_manager]: VIEWPOINT ACCEPTED | position=(-0.05, 0.98, -2.00) | distance_from_uav=0.45 m
[INFO] [1790222383.576207365] [sage_mission_manager]: VALIDATED VIEWPOINT PUBLISHED
[INFO] [1790222383.780151957] [sage_mission_manager]: VIEWPOINT ACCEPTED | position=(-0.05, 0.98, -2.00) | distance_from_uav=0.39 m
[INFO] [1790222383.782748115] [sage_mission_manager]: VALIDATED VIEWPOINT PUBLISHED
[INFO] [1790222383.975361186] [sage_mission_manager]: VIEWPOINT ACCEPTED | position=(-0.05, 0.98, -2.00) | distance_from_uav=0.37 m
[INFO] [1790222383.978250438] [sage_mission_manager]: VALIDATED VIEWPOINT PUBLISHED
[INFO] [1790222384.176367064] [sage_mission_manager]: VIEWPOINT ACCEPTED | position=(-0.05, 0.98, -2.00) | distance_from_uav=0.36 m
[INFO] [1790222384.178387977] [sage_mission_manager]: VALIDATED VIEWPOINT PUBLISHED
[INFO] [1790222384.379620523] [sage_mission_manager]: VIEWPOINT ACCEPTED | position=(-0.05, 0.98, -2.00) | distance_from_uav=0.35 m
[INFO] [1790222384.380713544] [sage_mission_manager]: VALIDATED VIEWPOINT PUBLISHED
[INFO] [1790222384.579253776] [sage_mission_manager]: VIEWPOINT ACCEPTED | position=(-0.05, 0.98, -2.00) | distance_from_uav=0.35 m
[INFO] [1790222384.580008644] [sage_mission_manager]: VALIDATED VIEWPOINT PUBLISHED
[INFO] [1790222384.773685789] [sage_mission_manager]: VIEWPOINT ACCEPTED | position=(-0.57, 1.44, -2.00) | distance_from_uav=0.44 m
[INFO] [1790222384.774295728] [sage_mission_manager]: VALIDATED VIEWPOINT PUBLISHED
[INFO] [1790222384.972492080] [sage_mission_manager]: VIEWPOINT ACCEPTED | position=(-1.09, 1.91, -2.00) | distance_from_uav=1.15 m
[INFO] [1790222384.973007923] [sage_mission_manager]: VALIDATED VIEWPOINT PUBLISHED
[INFO] [1790222385.179551901] [sage_mission_manager]: VIEWPOINT ACCEPTED | position=(-1.62, 2.37, -2.00) | distance_from_uav=1.87 m
[INFO] [1790222385.180369915] [sage_mission_manager]: VALIDATED VIEWPOINT PUBLISHED
[INFO] [1790222385.382056796] [sage_mission_manager]: VIEWPOINT ACCEPTED | position=(-2.14, 2.84, -2.00) | distance_from_uav=2.56 m
[INFO] [1790222385.382674080] [sage_mission_manager]: VALIDATED VIEWPOINT PUBLISHED
[INFO] [1790222385.582946186] [sage_mission_manager]: VIEWPOINT ACCEPTED | position=(-2.67, 3.30, -2.00) | distance_from_uav=3.21 m
[INFO] [1790222385.584419015] [sage_mission_manager]: VALIDATED VIEWPOINT PUBLISHED
[INFO] [1790222385.780876395] [sage_mission_manager]: VIEWPOINT ACCEPTED | position=(-2.67, 3.30, -2.00) | distance_from_uav=3.11 m
[INFO] [1790222385.781810373] [sage_mission_manager]: VALIDATED VIEWPOINT PUBLISHED
[INFO] [1790222385.977609214] [sage_mission_manager]: VIEWPOINT ACCEPTED | position=(-3.19, 3.77, -2.00) | distance_from_uav=3.60 m
[INFO] [1790222385.980384740] [sage_mission_manager]: VALIDATED VIEWPOINT PUBLISHED
[INFO] [1790222386.176337235] [sage_mission_manager]: VIEWPOINT ACCEPTED | position=(-3.19, 3.77, -2.00) | distance_from_uav=3.30 m
[INFO] [1790222386.180422797] [sage_mission_manager]: VALIDATED VIEWPOINT PUBLISHED
[INFO] [1790222386.382120698] [sage_mission_manager]: VIEWPOINT ACCEPTED | position=(-3.19, 3.77, -2.00) | distance_from_uav=3.00 m
[INFO] [1790222386.382700052] [sage_mission_manager]: VALIDATED VIEWPOINT PUBLISHED
[INFO] [1790222386.581216071] [sage_mission_manager]: VIEWPOINT ACCEPTED | position=(-3.29, 3.86, -2.00) | distance_from_uav=2.78 m
[INFO] [1790222386.584168091] [sage_mission_manager]: VALIDATED VIEWPOINT PUBLISHED
[INFO] [1790222386.774879797] [sage_mission_manager]: VIEWPOINT ACCEPTED | position=(-3.29, 3.86, -2.00) | distance_from_uav=2.44 m
[INFO] [1790222386.775656908] [sage_mission_manager]: VALIDATED VIEWPOINT PUBLISHED
[INFO] [1790222386.977953231] [sage_mission_manager]: VIEWPOINT ACCEPTED | position=(-3.29, 3.86, -2.00) | distance_from_uav=2.12 m
[INFO] [1790222386.981745626] [sage_mission_manager]: VALIDATED VIEWPOINT PUBLISHED
[INFO] [1790222387.177243644] [sage_mission_manager]: VIEWPOINT ACCEPTED | position=(-3.29, 3.86, -2.00) | distance_from_uav=1.79 m
[INFO] [1790222387.177795187] [sage_mission_manager]: VALIDATED VIEWPOINT PUBLISHED
[INFO] [1790222387.387782812] [sage_mission_manager]: VIEWPOINT ACCEPTED | position=(-3.29, 3.86, -2.00) | distance_from_uav=1.36 m
[INFO] [1790222387.388454658] [sage_mission_manager]: VALIDATED VIEWPOINT PUBLISHED
[INFO] [1790222387.574181346] [sage_mission_manager]: VIEWPOINT ACCEPTED | position=(-3.29, 3.86, -2.00) | distance_from_uav=1.10 m
[INFO] [1790222387.574747211] [sage_mission_manager]: VALIDATED VIEWPOINT PUBLISHED
[INFO] [1790222387.775565474] [sage_mission_manager]: VIEWPOINT ACCEPTED | position=(-3.29, 3.86, -2.00) | distance_from_uav=0.90 m
[INFO] [1790222387.777278390] [sage_mission_manager]: VALIDATED VIEWPOINT PUBLISHED
[INFO] [1790222387.975852363] [sage_mission_manager]: VIEWPOINT ACCEPTED | position=(-3.29, 3.86, -2.00) | distance_from_uav=0.68 m
[INFO] [1790222387.976556347] [sage_mission_manager]: VALIDATED VIEWPOINT PUBLISHED
[INFO] [1790222388.182137771] [sage_mission_manager]: VIEWPOINT ACCEPTED | position=(-3.29, 3.86, -2.00) | distance_from_uav=0.50 m
[INFO] [1790222388.182956700] [sage_mission_manager]: VALIDATED VIEWPOINT PUBLISHED
[INFO] [1790222388.379440693] [sage_mission_manager]: VIEWPOINT ACCEPTED | position=(-3.29, 3.86, -2.00) | distance_from_uav=0.31 m
[INFO] [1790222388.379951616] [sage_mission_manager]: VALIDATED VIEWPOINT PUBLISHED
[INFO] [1790222388.577206745] [sage_mission_manager]: VIEWPOINT ACCEPTED | position=(-2.82, 4.37, -2.00) | distance_from_uav=0.62 m
[INFO] [1790222388.577724391] [sage_mission_manager]: VALIDATED VIEWPOINT PUBLISHED
[INFO] [1790222388.778177336] [sage_mission_manager]: VIEWPOINT ACCEPTED | position=(-2.34, 4.89, -2.00) | distance_from_uav=1.30 m
[INFO] [1790222388.778827278] [sage_mission_manager]: VALIDATED VIEWPOINT PUBLISHED
[INFO] [1790222388.973668473] [sage_mission_manager]: VIEWPOINT ACCEPTED | position=(-1.87, 5.41, -2.00) | distance_from_uav=2.01 m
[INFO] [1790222388.974211670] [sage_mission_manager]: VALIDATED VIEWPOINT PUBLISHED
[INFO] [1790222389.174473794] [sage_mission_manager]: VIEWPOINT ACCEPTED | position=(-1.40, 5.92, -2.00) | distance_from_uav=2.69 m
[INFO] [1790222389.178107725] [sage_mission_manager]: VALIDATED VIEWPOINT PUBLISHED
[INFO] [1790222389.384832874] [sage_mission_manager]: VIEWPOINT ACCEPTED | position=(-0.93, 6.44, -2.00) | distance_from_uav=3.33 m
[INFO] [1790222389.385775577] [sage_mission_manager]: VALIDATED VIEWPOINT PUBLISHED
[INFO] [1790222389.574916520] [sage_mission_manager]: VIEWPOINT ACCEPTED | position=(-0.93, 6.44, -2.00) | distance_from_uav=3.24 m
[INFO] [1790222389.580061662] [sage_mission_manager]: VALIDATED VIEWPOINT PUBLISHED
[INFO] [1790222389.773840119] [sage_mission_manager]: VIEWPOINT ACCEPTED | position=(-0.93, 6.44, -2.00) | distance_from_uav=3.11 m
[INFO] [1790222389.774446548] [sage_mission_manager]: VALIDATED VIEWPOINT PUBLISHED
[INFO] [1790222389.979535156] [sage_mission_manager]: VIEWPOINT ACCEPTED | position=(-0.58, 6.82, -2.00) | distance_from_uav=3.39 m
[INFO] [1790222389.980013807] [sage_mission_manager]: VALIDATED VIEWPOINT PUBLISHED
[INFO] [1790222390.180306637] [sage_mission_manager]: VIEWPOINT ACCEPTED | position=(-0.58, 6.82, -2.00) | distance_from_uav=3.06 m
[INFO] [1790222390.181000716] [sage_mission_manager]: VALIDATED VIEWPOINT PUBLISHED
[INFO] [1790222390.385876455] [sage_mission_manager]: VIEWPOINT ACCEPTED | position=(-0.58, 6.82, -2.00) | distance_from_uav=2.72 m
[INFO] [1790222390.386771831] [sage_mission_manager]: VALIDATED VIEWPOINT PUBLISHED
[INFO] [1790222390.580568997] [sage_mission_manager]: VIEWPOINT ACCEPTED | position=(-0.58, 6.82, -2.00) | distance_from_uav=2.35 m
[INFO] [1790222390.581340665] [sage_mission_manager]: VALIDATED VIEWPOINT PUBLISHED
[INFO] [1790222390.773976947] [sage_mission_manager]: VIEWPOINT ACCEPTED | position=(-0.58, 6.82, -2.00) | distance_from_uav=2.02 m
[INFO] [1790222390.774713958] [sage_mission_manager]: VALIDATED VIEWPOINT PUBLISHED
[INFO] [1790222390.976621717] [sage_mission_manager]: VIEWPOINT ACCEPTED | position=(-0.58, 6.82, -2.00) | distance_from_uav=1.68 m
[INFO] [1790222390.979899226] [sage_mission_manager]: VALIDATED VIEWPOINT PUBLISHED
[INFO] [1790222391.180876420] [sage_mission_manager]: VIEWPOINT ACCEPTED | position=(-0.58, 6.82, -2.00) | distance_from_uav=1.34 m
[INFO] [1790222391.184541155] [sage_mission_manager]: VALIDATED VIEWPOINT PUBLISHED
[INFO] [1790222391.381926285] [sage_mission_manager]: VIEWPOINT ACCEPTED | position=(-0.58, 6.82, -2.00) | distance_from_uav=1.06 m
[INFO] [1790222391.382637158] [sage_mission_manager]: VALIDATED VIEWPOINT PUBLISHED
[INFO] [1790222391.574131597] [sage_mission_manager]: VIEWPOINT ACCEPTED | position=(-0.58, 6.82, -2.00) | distance_from_uav=0.84 m
[INFO] [1790222391.575480004] [sage_mission_manager]: VALIDATED VIEWPOINT PUBLISHED
[INFO] [1790222391.776064467] [sage_mission_manager]: VIEWPOINT ACCEPTED | position=(-0.58, 6.82, -2.00) | distance_from_uav=0.58 m
[INFO] [1790222391.776684564] [sage_mission_manager]: VALIDATED VIEWPOINT PUBLISHED
[INFO] [1790222391.977272075] [sage_mission_manager]: VIEWPOINT ACCEPTED | position=(-0.58, 6.82, -2.00) | distance_from_uav=0.39 m
[INFO] [1790222391.980365770] [sage_mission_manager]: VALIDATED VIEWPOINT PUBLISHED
[INFO] [1790222392.177443503] [sage_mission_manager]: VIEWPOINT ACCEPTED | position=(-0.58, 6.82, -2.00) | distance_from_uav=0.27 m
[INFO] [1790222392.178292274] [sage_mission_manager]: VALIDATED VIEWPOINT PUBLISHED
[INFO] [1790222392.373806849] [sage_mission_manager]: VIEWPOINT ACCEPTED | position=(-1.08, 6.33, -2.00) | distance_from_uav=0.62 m
[INFO] [1790222392.374750328] [sage_mission_manager]: VALIDATED VIEWPOINT PUBLISHED
[INFO] [1790222392.581587260] [sage_mission_manager]: VIEWPOINT ACCEPTED | position=(-1.58, 5.84, -2.00) | distance_from_uav=1.39 m
[INFO] [1790222392.587241727] [sage_mission_manager]: VALIDATED VIEWPOINT PUBLISHED
[INFO] [1790222392.772461558] [sage_mission_manager]: VIEWPOINT ACCEPTED | position=(-2.08, 5.35, -2.00) | distance_from_uav=2.14 m
[INFO] [1790222392.773031665] [sage_mission_manager]: VALIDATED VIEWPOINT PUBLISHED
[INFO] [1790222392.973665067] [sage_mission_manager]: VIEWPOINT ACCEPTED | position=(-2.35, 5.09, -2.00) | distance_from_uav=2.57 m
[INFO] [1790222392.975196789] [sage_mission_manager]: VALIDATED VIEWPOINT PUBLISHED
[INFO] [1790222393.177624294] [sage_mission_manager]: VIEWPOINT ACCEPTED | position=(-2.35, 5.09, -2.00) | distance_from_uav=2.55 m
[INFO] [1790222393.178146242] [sage_mission_manager]: VALIDATED VIEWPOINT PUBLISHED
[INFO] [1790222393.383849202] [sage_mission_manager]: VIEWPOINT ACCEPTED | position=(-2.35, 5.09, -2.00) | distance_from_uav=2.49 m
[INFO] [1790222393.385222309] [sage_mission_manager]: VALIDATED VIEWPOINT PUBLISHED
[INFO] [1790222393.573791016] [sage_mission_manager]: VIEWPOINT ACCEPTED | position=(-2.35, 5.09, -2.00) | distance_from_uav=2.32 m
[INFO] [1790222393.580312238] [sage_mission_manager]: VALIDATED VIEWPOINT PUBLISHED
[INFO] [1790222393.785227200] [sage_mission_manager]: VIEWPOINT ACCEPTED | position=(-2.35, 5.09, -2.00) | distance_from_uav=2.16 m
[INFO] [1790222393.790688619] [sage_mission_manager]: VALIDATED VIEWPOINT PUBLISHED
[INFO] [1790222393.974825489] [sage_mission_manager]: VIEWPOINT ACCEPTED | position=(-2.35, 5.09, -2.00) | distance_from_uav=1.94 m
[INFO] [1790222393.976737307] [sage_mission_manager]: VALIDATED VIEWPOINT PUBLISHED
[INFO] [1790222394.176657892] [sage_mission_manager]: VIEWPOINT ACCEPTED | position=(-2.35, 5.09, -2.00) | distance_from_uav=1.72 m
[INFO] [1790222394.179795980] [sage_mission_manager]: VALIDATED VIEWPOINT PUBLISHED
[INFO] [1790222394.376014740] [sage_mission_manager]: VIEWPOINT ACCEPTED | position=(-2.35, 5.09, -2.00) | distance_from_uav=1.48 m
[INFO] [1790222394.378233443] [sage_mission_manager]: VALIDATED VIEWPOINT PUBLISHED
[INFO] [1790222394.574663317] [sage_mission_manager]: VIEWPOINT ACCEPTED | position=(-2.35, 5.09, -2.00) | distance_from_uav=1.28 m
[INFO] [1790222394.576165726] [sage_mission_manager]: VALIDATED VIEWPOINT PUBLISHED
[INFO] [1790222394.775423978] [sage_mission_manager]: VIEWPOINT ACCEPTED | position=(-2.35, 5.09, -2.00) | distance_from_uav=1.09 m
[INFO] [1790222394.775992067] [sage_mission_manager]: VALIDATED VIEWPOINT PUBLISHED
[INFO] [1790222394.974432214] [sage_mission_manager]: VIEWPOINT ACCEPTED | position=(-2.35, 5.09, -2.00) | distance_from_uav=0.86 m
[INFO] [1790222394.977793620] [sage_mission_manager]: VALIDATED VIEWPOINT PUBLISHED
[INFO] [1790222395.179330322] [sage_mission_manager]: VIEWPOINT ACCEPTED | position=(-2.35, 5.09, -2.00) | distance_from_uav=0.72 m
[INFO] [1790222395.181294101] [sage_mission_manager]: VALIDATED VIEWPOINT PUBLISHED
[INFO] [1790222395.376151258] [sage_mission_manager]: VIEWPOINT ACCEPTED | position=(-2.35, 5.09, -2.00) | distance_from_uav=0.58 m
[INFO] [1790222395.377025611] [sage_mission_manager]: VALIDATED VIEWPOINT PUBLISHED
[INFO] [1790222395.577903607] [sage_mission_manager]: VIEWPOINT ACCEPTED | position=(-2.35, 5.09, -2.00) | distance_from_uav=0.49 m
[INFO] [1790222395.578929407] [sage_mission_manager]: VALIDATED VIEWPOINT PUBLISHED
[INFO] [1790222395.783057859] [sage_mission_manager]: VIEWPOINT ACCEPTED | position=(-2.35, 5.09, -2.00) | distance_from_uav=0.42 m
[INFO] [1790222395.783826460] [sage_mission_manager]: VALIDATED VIEWPOINT PUBLISHED
[INFO] [1790222395.986915510] [sage_mission_manager]: VIEWPOINT ACCEPTED | position=(-2.35, 5.09, -2.00) | distance_from_uav=0.38 m
[INFO] [1790222395.987801233] [sage_mission_manager]: VALIDATED VIEWPOINT PUBLISHED
[INFO] [1790222396.176040805] [sage_mission_manager]: VIEWPOINT ACCEPTED | position=(-2.35, 5.09, -2.00) | distance_from_uav=0.34 m
[INFO] [1790222396.176824416] [sage_mission_manager]: VALIDATED VIEWPOINT PUBLISHED
[INFO] [1790222396.373927351] [sage_mission_manager]: VIEWPOINT ACCEPTED | position=(-1.95, 4.51, -2.00) | distance_from_uav=1.03 m
[INFO] [1790222396.374592928] [sage_mission_manager]: VALIDATED VIEWPOINT PUBLISHED
[INFO] [1790222396.583360452] [sage_mission_manager]: VIEWPOINT ACCEPTED | position=(-1.54, 3.94, -2.00) | distance_from_uav=1.70 m
[INFO] [1790222396.584085670] [sage_mission_manager]: VALIDATED VIEWPOINT PUBLISHED
[INFO] [1790222396.774967893] [sage_mission_manager]: VIEWPOINT ACCEPTED | position=(-1.14, 3.37, -2.00) | distance_from_uav=2.38 m
[INFO] [1790222396.777704641] [sage_mission_manager]: VALIDATED VIEWPOINT PUBLISHED
[INFO] [1790222396.973931809] [sage_mission_manager]: VIEWPOINT ACCEPTED | position=(-0.74, 2.80, -2.00) | distance_from_uav=3.04 m
[INFO] [1790222396.974667860] [sage_mission_manager]: VALIDATED VIEWPOINT PUBLISHED
[INFO] [1790222397.173743402] [sage_mission_manager]: VIEWPOINT ACCEPTED | position=(-0.33, 2.23, -2.00) | distance_from_uav=3.65 m
[INFO] [1790222397.174350615] [sage_mission_manager]: VALIDATED VIEWPOINT PUBLISHED
[WARN] [1790222397.582962322] [sage_mission_manager]: VIEWPOINT REJECTED | viewpoint jump too large: 3.98 m
[WARN] [1790222397.778221188] [sage_mission_manager]: VIEWPOINT REJECTED | viewpoint jump too large: 4.14 m
[WARN] [1790222397.977266475] [sage_mission_manager]: VIEWPOINT REJECTED | viewpoint jump too large: 4.14 m
[WARN] [1790222398.174671786] [sage_mission_manager]: VIEWPOINT REJECTED | viewpoint jump too large: 4.14 m
[WARN] [1790222398.382844414] [sage_mission_manager]: VIEWPOINT REJECTED | viewpoint jump too large: 4.14 m
[WARN] [1790222398.580363115] [sage_mission_manager]: VIEWPOINT REJECTED | viewpoint jump too large: 4.14 m
[WARN] [1790222398.779140687] [sage_mission_manager]: VIEWPOINT REJECTED | viewpoint jump too large: 4.14 m
[WARN] [1790222398.971832871] [sage_mission_manager]: VIEWPOINT REJECTED | viewpoint jump too large: 4.14 m
[WARN] [1790222399.173942928] [sage_mission_manager]: VIEWPOINT REJECTED | viewpoint jump too large: 4.14 m
[WARN] [1790222399.377554639] [sage_mission_manager]: VIEWPOINT REJECTED | viewpoint jump too large: 4.14 m
[WARN] [1790222399.573190064] [sage_mission_manager]: VIEWPOINT REJECTED | viewpoint jump too large: 4.14 m
[WARN] [1790222399.779863735] [sage_mission_manager]: VIEWPOINT REJECTED | viewpoint jump too large: 4.14 m
[WARN] [1790222399.980766623] [sage_mission_manager]: VIEWPOINT REJECTED | viewpoint jump too large: 4.14 m
[INFO] [1790222400.177826742] [sage_mission_manager]: Previous viewpoint is stale: jump check reset.
[INFO] [1790222400.178506248] [sage_mission_manager]: VIEWPOINT ACCEPTED | position=(-2.64, 5.66, -2.00) | distance_from_uav=4.17 m
[INFO] [1790222400.179735177] [sage_mission_manager]: VALIDATED VIEWPOINT PUBLISHED
[INFO] [1790222400.383700276] [sage_mission_manager]: VIEWPOINT ACCEPTED | position=(-2.64, 5.66, -2.00) | distance_from_uav=4.23 m
[INFO] [1790222400.385504503] [sage_mission_manager]: VALIDATED VIEWPOINT PUBLISHED
[INFO] [1790222400.576238352] [sage_mission_manager]: VIEWPOINT ACCEPTED | position=(-2.64, 5.66, -2.00) | distance_from_uav=4.25 m
[INFO] [1790222400.576986134] [sage_mission_manager]: VALIDATED VIEWPOINT PUBLISHED
[INFO] [1790222400.771993516] [sage_mission_manager]: VIEWPOINT ACCEPTED | position=(-2.64, 5.66, -2.00) | distance_from_uav=4.21 m
[INFO] [1790222400.772698855] [sage_mission_manager]: VALIDATED VIEWPOINT PUBLISHED
[INFO] [1790222400.975357980] [sage_mission_manager]: VIEWPOINT ACCEPTED | position=(-2.64, 5.66, -2.00) | distance_from_uav=4.07 m
[INFO] [1790222400.975985440] [sage_mission_manager]: VALIDATED VIEWPOINT PUBLISHED
[INFO] [1790222401.180201310] [sage_mission_manager]: VIEWPOINT ACCEPTED | position=(-2.64, 5.66, -2.00) | distance_from_uav=3.85 m
[INFO] [1790222401.182191040] [sage_mission_manager]: VALIDATED VIEWPOINT PUBLISHED
[INFO] [1790222401.375914527] [sage_mission_manager]: VIEWPOINT ACCEPTED | position=(-2.64, 5.66, -2.00) | distance_from_uav=3.59 m
[INFO] [1790222401.376692198] [sage_mission_manager]: VALIDATED VIEWPOINT PUBLISHED
[INFO] [1790222401.589127691] [sage_mission_manager]: VIEWPOINT ACCEPTED | position=(-2.64, 5.66, -2.00) | distance_from_uav=3.22 m
[INFO] [1790222401.589858999] [sage_mission_manager]: VALIDATED VIEWPOINT PUBLISHED
[INFO] [1790222401.785621380] [sage_mission_manager]: VIEWPOINT ACCEPTED | position=(-2.64, 5.66, -2.00) | distance_from_uav=2.86 m
[INFO] [1790222401.789755698] [sage_mission_manager]: VALIDATED VIEWPOINT PUBLISHED
[INFO] [1790222401.975987470] [sage_mission_manager]: VIEWPOINT ACCEPTED | position=(-2.64, 5.66, -2.00) | distance_from_uav=2.50 m
[INFO] [1790222401.976738992] [sage_mission_manager]: VALIDATED VIEWPOINT PUBLISHED
[INFO] [1790222402.173843465] [sage_mission_manager]: VIEWPOINT ACCEPTED | position=(-2.64, 5.66, -2.00) | distance_from_uav=2.09 m
[INFO] [1790222402.174358426] [sage_mission_manager]: VALIDATED VIEWPOINT PUBLISHED
[INFO] [1790222402.375440478] [sage_mission_manager]: VIEWPOINT ACCEPTED | position=(-2.64, 5.66, -2.00) | distance_from_uav=1.67 m
[INFO] [1790222402.377807832] [sage_mission_manager]: VALIDATED VIEWPOINT PUBLISHED
[INFO] [1790222402.576714575] [sage_mission_manager]: VIEWPOINT ACCEPTED | position=(-2.64, 5.66, -2.00) | distance_from_uav=1.30 m
[INFO] [1790222402.577722940] [sage_mission_manager]: VALIDATED VIEWPOINT PUBLISHED
[INFO] [1790222402.774434502] [sage_mission_manager]: VIEWPOINT ACCEPTED | position=(-2.64, 5.66, -2.00) | distance_from_uav=1.00 m
[INFO] [1790222402.777035904] [sage_mission_manager]: VALIDATED VIEWPOINT PUBLISHED
[INFO] [1790222402.981416338] [sage_mission_manager]: VIEWPOINT ACCEPTED | position=(-2.64, 5.66, -2.00) | distance_from_uav=0.76 m
[INFO] [1790222402.982614145] [sage_mission_manager]: VALIDATED VIEWPOINT PUBLISHED
[INFO] [1790222403.180515338] [sage_mission_manager]: VIEWPOINT ACCEPTED | position=(-2.64, 5.66, -2.00) | distance_from_uav=0.53 m
[INFO] [1790222403.181399944] [sage_mission_manager]: VALIDATED VIEWPOINT PUBLISHED
[INFO] [1790222403.381333160] [sage_mission_manager]: VIEWPOINT ACCEPTED | position=(-2.64, 5.66, -2.00) | distance_from_uav=0.35 m
[INFO] [1790222403.382044781] [sage_mission_manager]: VALIDATED VIEWPOINT PUBLISHED
[INFO] [1790222403.576457118] [sage_mission_manager]: VIEWPOINT ACCEPTED | position=(-2.64, 5.66, -2.00) | distance_from_uav=0.25 m
[INFO] [1790222403.578230158] [sage_mission_manager]: VALIDATED VIEWPOINT PUBLISHED
[INFO] [1790222403.585725837] [sage_mission_manager]: VIEWPOINT ACCEPTED | position=(-2.64, 5.66, -2.00) | distance_from_uav=0.25 m
[INFO] [1790222403.586495146] [sage_mission_manager]: VALIDATED VIEWPOINT PUBLISHED
[INFO] [1790222403.772438683] [sage_mission_manager]: VIEWPOINT ACCEPTED | position=(-2.64, 5.66, -2.00) | distance_from_uav=0.15 m
[INFO] [1790222403.773093687] [sage_mission_manager]: VALIDATED VIEWPOINT PUBLISHED
[INFO] [1790222403.977415659] [sage_mission_manager]: VIEWPOINT ACCEPTED | position=(-2.64, 5.66, -2.00) | distance_from_uav=0.10 m
[INFO] [1790222403.978651696] [sage_mission_manager]: VALIDATED VIEWPOINT PUBLISHED
[INFO] [1790222404.178847592] [sage_mission_manager]: VIEWPOINT ACCEPTED | position=(-2.64, 5.66, -2.00) | distance_from_uav=0.09 m
[INFO] [1790222404.180309583] [sage_mission_manager]: VALIDATED VIEWPOINT PUBLISHED
[INFO] [1790222404.374386413] [sage_mission_manager]: VIEWPOINT ACCEPTED | position=(-2.64, 5.66, -2.00) | distance_from_uav=0.10 m
[INFO] [1790222404.375140555] [sage_mission_manager]: VALIDATED VIEWPOINT PUBLISHED
[INFO] [1790222404.575310236] [sage_mission_manager]: VIEWPOINT ACCEPTED | position=(-2.64, 5.66, -2.00) | distance_from_uav=0.12 m
[INFO] [1790222404.575945109] [sage_mission_manager]: VALIDATED VIEWPOINT PUBLISHED
[INFO] [1790222404.779378014] [sage_mission_manager]: VIEWPOINT ACCEPTED | position=(-2.64, 5.66, -2.00) | distance_from_uav=0.13 m
[INFO] [1790222404.781511148] [sage_mission_manager]: VALIDATED VIEWPOINT PUBLISHED
[INFO] [1790222404.978840590] [sage_mission_manager]: VIEWPOINT ACCEPTED | position=(-2.64, 5.66, -2.00) | distance_from_uav=0.14 m
[INFO] [1790222404.982834610] [sage_mission_manager]: VALIDATED VIEWPOINT PUBLISHED
[INFO] [1790222405.175508501] [sage_mission_manager]: VIEWPOINT ACCEPTED | position=(-2.64, 5.66, -2.00) | distance_from_uav=0.14 m
[INFO] [1790222405.176287416] [sage_mission_manager]: VALIDATED VIEWPOINT PUBLISHED
[INFO] [1790222405.584363781] [sage_mission_manager]: VIEWPOINT ACCEPTED | position=(-2.09, 5.33, -2.00) | distance_from_uav=0.70 m
[INFO] [1790222405.585598321] [sage_mission_manager]: VALIDATED VIEWPOINT PUBLISHED
[INFO] [1790222405.775469291] [sage_mission_manager]: VIEWPOINT ACCEPTED | position=(-1.58, 4.84, -2.00) | distance_from_uav=1.40 m
[INFO] [1790222405.775917298] [sage_mission_manager]: VALIDATED VIEWPOINT PUBLISHED
[INFO] [1790222405.988909424] [sage_mission_manager]: VIEWPOINT ACCEPTED | position=(-1.08, 4.35, -2.00) | distance_from_uav=2.10 m
[INFO] [1790222405.989629296] [sage_mission_manager]: VALIDATED VIEWPOINT PUBLISHED
[INFO] [1790222406.183440221] [sage_mission_manager]: VIEWPOINT ACCEPTED | position=(-0.58, 3.87, -2.00) | distance_from_uav=2.77 m
[INFO] [1790222406.184586310] [sage_mission_manager]: VALIDATED VIEWPOINT PUBLISHED
[INFO] [1790222406.382832957] [sage_mission_manager]: VIEWPOINT ACCEPTED | position=(-0.07, 3.38, -2.00) | distance_from_uav=3.41 m
[INFO] [1790222406.383776045] [sage_mission_manager]: VALIDATED VIEWPOINT PUBLISHED
[INFO] [1790222406.583616558] [sage_mission_manager]: VIEWPOINT ACCEPTED | position=(-0.07, 3.38, -2.00) | distance_from_uav=3.28 m
[INFO] [1790222406.587453359] [sage_mission_manager]: VALIDATED VIEWPOINT PUBLISHED
[INFO] [1790222406.773461959] [sage_mission_manager]: VIEWPOINT ACCEPTED | position=(-0.07, 3.38, -2.00) | distance_from_uav=3.09 m
[INFO] [1790222406.774075462] [sage_mission_manager]: VALIDATED VIEWPOINT PUBLISHED
[INFO] [1790222406.975211004] [sage_mission_manager]: VIEWPOINT ACCEPTED | position=(0.43, 2.89, -2.00) | distance_from_uav=3.54 m
[INFO] [1790222406.975986430] [sage_mission_manager]: VALIDATED VIEWPOINT PUBLISHED
[INFO] [1790222407.177396386] [sage_mission_manager]: VIEWPOINT ACCEPTED | position=(0.43, 2.89, -2.00) | distance_from_uav=3.25 m
[INFO] [1790222407.178061322] [sage_mission_manager]: VALIDATED VIEWPOINT PUBLISHED
[INFO] [1790222407.374345864] [sage_mission_manager]: VIEWPOINT ACCEPTED | position=(0.93, 2.41, -2.00) | distance_from_uav=3.61 m
[INFO] [1790222407.378570917] [sage_mission_manager]: VALIDATED VIEWPOINT PUBLISHED
[INFO] [1790222407.574237607] [sage_mission_manager]: VIEWPOINT ACCEPTED | position=(0.93, 2.41, -2.00) | distance_from_uav=3.24 m
[INFO] [1790222407.574826882] [sage_mission_manager]: VALIDATED VIEWPOINT PUBLISHED
[INFO] [1790222407.776008639] [sage_mission_manager]: VIEWPOINT ACCEPTED | position=(1.43, 1.92, -2.00) | distance_from_uav=3.61 m
[INFO] [1790222407.776586478] [sage_mission_manager]: VALIDATED VIEWPOINT PUBLISHED
[INFO] [1790222407.980179350] [sage_mission_manager]: VIEWPOINT ACCEPTED | position=(1.43, 1.92, -2.00) | distance_from_uav=3.29 m
[INFO] [1790222407.980742028] [sage_mission_manager]: VALIDATED VIEWPOINT PUBLISHED
[INFO] [1790222408.176185030] [sage_mission_manager]: VIEWPOINT ACCEPTED | position=(1.94, 1.43, -2.00) | distance_from_uav=3.63 m
[INFO] [1790222408.176954555] [sage_mission_manager]: VALIDATED VIEWPOINT PUBLISHED
[INFO] [1790222408.374904422] [sage_mission_manager]: VIEWPOINT ACCEPTED | position=(1.94, 1.43, -2.00) | distance_from_uav=3.21 m
[INFO] [1790222408.377020305] [sage_mission_manager]: VALIDATED VIEWPOINT PUBLISHED
[INFO] [1790222408.577627470] [sage_mission_manager]: VIEWPOINT ACCEPTED | position=(2.44, 0.94, -2.00) | distance_from_uav=3.46 m
[INFO] [1790222408.580858610] [sage_mission_manager]: VALIDATED VIEWPOINT PUBLISHED
[INFO] [1790222408.775216872] [sage_mission_manager]: VIEWPOINT ACCEPTED | position=(2.44, 0.94, -2.00) | distance_from_uav=3.11 m
[INFO] [1790222408.778247457] [sage_mission_manager]: VALIDATED VIEWPOINT PUBLISHED
[INFO] [1790222408.975940459] [sage_mission_manager]: VIEWPOINT ACCEPTED | position=(2.94, 0.46, -2.00) | distance_from_uav=3.39 m
[INFO] [1790222408.982481979] [sage_mission_manager]: VALIDATED VIEWPOINT PUBLISHED
[INFO] [1790222409.178063692] [sage_mission_manager]: VIEWPOINT ACCEPTED | position=(2.94, 0.46, -2.00) | distance_from_uav=3.04 m
[INFO] [1790222409.178665795] [sage_mission_manager]: VALIDATED VIEWPOINT PUBLISHED
[INFO] [1790222409.375281785] [sage_mission_manager]: VIEWPOINT ACCEPTED | position=(3.45, -0.03, -2.00) | distance_from_uav=3.34 m
[INFO] [1790222409.376013215] [sage_mission_manager]: VALIDATED VIEWPOINT PUBLISHED
[INFO] [1790222409.576263081] [sage_mission_manager]: VIEWPOINT ACCEPTED | position=(3.45, -0.03, -2.00) | distance_from_uav=3.01 m
[INFO] [1790222409.576984028] [sage_mission_manager]: VALIDATED VIEWPOINT PUBLISHED
[INFO] [1790222409.778021671] [sage_mission_manager]: VIEWPOINT ACCEPTED | position=(3.95, -0.52, -2.00) | distance_from_uav=3.35 m
[INFO] [1790222409.782495839] [sage_mission_manager]: VALIDATED VIEWPOINT PUBLISHED
[INFO] [1790222409.988738442] [sage_mission_manager]: VIEWPOINT ACCEPTED | position=(3.95, -0.52, -2.00) | distance_from_uav=3.02 m
[INFO] [1790222409.991649044] [sage_mission_manager]: VALIDATED VIEWPOINT PUBLISHED
[INFO] [1790222410.178893103] [sage_mission_manager]: VIEWPOINT ACCEPTED | position=(4.45, -1.00, -2.00) | distance_from_uav=3.25 m
[INFO] [1790222410.179820305] [sage_mission_manager]: VALIDATED VIEWPOINT PUBLISHED
[INFO] [1790222410.380335182] [sage_mission_manager]: VIEWPOINT ACCEPTED | position=(4.95, -1.49, -2.00) | distance_from_uav=3.65 m
[INFO] [1790222410.381145262] [sage_mission_manager]: VALIDATED VIEWPOINT PUBLISHED
[INFO] [1790222410.579364567] [sage_mission_manager]: VIEWPOINT ACCEPTED | position=(4.95, -1.49, -2.00) | distance_from_uav=3.26 m
[INFO] [1790222410.580271826] [sage_mission_manager]: VALIDATED VIEWPOINT PUBLISHED
[INFO] [1790222410.786380400] [sage_mission_manager]: VIEWPOINT ACCEPTED | position=(5.46, -1.98, -2.00) | distance_from_uav=3.63 m
[INFO] [1790222410.787175625] [sage_mission_manager]: VALIDATED VIEWPOINT PUBLISHED
[INFO] [1790222410.977000729] [sage_mission_manager]: VIEWPOINT ACCEPTED | position=(5.46, -1.98, -2.00) | distance_from_uav=3.37 m
[INFO] [1790222410.977540912] [sage_mission_manager]: VALIDATED VIEWPOINT PUBLISHED
[INFO] [1790222411.178015907] [sage_mission_manager]: VIEWPOINT ACCEPTED | position=(5.96, -2.46, -2.00) | distance_from_uav=3.66 m
[INFO] [1790222411.178580321] [sage_mission_manager]: VALIDATED VIEWPOINT PUBLISHED
[INFO] [1790222411.382145315] [sage_mission_manager]: VIEWPOINT ACCEPTED | position=(5.96, -2.46, -2.00) | distance_from_uav=3.26 m
[INFO] [1790222411.384404242] [sage_mission_manager]: VALIDATED VIEWPOINT PUBLISHED
[INFO] [1790222411.578134178] [sage_mission_manager]: VIEWPOINT ACCEPTED | position=(6.46, -2.95, -2.00) | distance_from_uav=3.51 m
[INFO] [1790222411.581886465] [sage_mission_manager]: VALIDATED VIEWPOINT PUBLISHED
[INFO] [1790222411.783164326] [sage_mission_manager]: VIEWPOINT ACCEPTED | position=(6.46, -2.95, -2.00) | distance_from_uav=3.06 m
[INFO] [1790222411.783890484] [sage_mission_manager]: VALIDATED VIEWPOINT PUBLISHED
[INFO] [1790222411.978724113] [sage_mission_manager]: VIEWPOINT ACCEPTED | position=(6.97, -3.44, -2.00) | distance_from_uav=3.36 m
[INFO] [1790222411.985652650] [sage_mission_manager]: VALIDATED VIEWPOINT PUBLISHED
[INFO] [1790222412.179469258] [sage_mission_manager]: VIEWPOINT ACCEPTED | position=(7.47, -3.93, -2.00) | distance_from_uav=3.70 m
[INFO] [1790222412.181568450] [sage_mission_manager]: VALIDATED VIEWPOINT PUBLISHED
[INFO] [1790222412.373588051] [sage_mission_manager]: VIEWPOINT ACCEPTED | position=(7.47, -3.93, -2.00) | distance_from_uav=3.36 m
[INFO] [1790222412.374160288] [sage_mission_manager]: VALIDATED VIEWPOINT PUBLISHED
[INFO] [1790222412.577964842] [sage_mission_manager]: VIEWPOINT ACCEPTED | position=(7.47, -3.93, -2.00) | distance_from_uav=3.06 m
[INFO] [1790222412.578651761] [sage_mission_manager]: VALIDATED VIEWPOINT PUBLISHED
[INFO] [1790222412.775176728] [sage_mission_manager]: VIEWPOINT ACCEPTED | position=(7.97, -4.41, -2.00) | distance_from_uav=3.40 m
[INFO] [1790222412.775934887] [sage_mission_manager]: VALIDATED VIEWPOINT PUBLISHED
[INFO] [1790222412.975732871] [sage_mission_manager]: VIEWPOINT ACCEPTED | position=(7.97, -4.41, -2.00) | distance_from_uav=2.97 m
[INFO] [1790222412.976294696] [sage_mission_manager]: VALIDATED VIEWPOINT PUBLISHED
[INFO] [1790222413.176216526] [sage_mission_manager]: VIEWPOINT ACCEPTED | position=(8.21, -4.64, -2.00) | distance_from_uav=2.82 m
[INFO] [1790222413.176969453] [sage_mission_manager]: VALIDATED VIEWPOINT PUBLISHED
[INFO] [1790222413.373540689] [sage_mission_manager]: VIEWPOINT ACCEPTED | position=(8.21, -4.64, -2.00) | distance_from_uav=2.45 m
[INFO] [1790222413.375753060] [sage_mission_manager]: VALIDATED VIEWPOINT PUBLISHED
[INFO] [1790222413.574884991] [sage_mission_manager]: VIEWPOINT ACCEPTED | position=(8.21, -4.64, -2.00) | distance_from_uav=2.06 m
[INFO] [1790222413.575959609] [sage_mission_manager]: VALIDATED VIEWPOINT PUBLISHED
[INFO] [1790222413.778660614] [sage_mission_manager]: VIEWPOINT ACCEPTED | position=(8.21, -4.64, -2.00) | distance_from_uav=1.63 m
[INFO] [1790222413.786526565] [sage_mission_manager]: VALIDATED VIEWPOINT PUBLISHED
[INFO] [1790222413.980616989] [sage_mission_manager]: VIEWPOINT ACCEPTED | position=(8.21, -4.64, -2.00) | distance_from_uav=1.34 m
[INFO] [1790222413.981182858] [sage_mission_manager]: VALIDATED VIEWPOINT PUBLISHED
[INFO] [1790222414.177723778] [sage_mission_manager]: VIEWPOINT ACCEPTED | position=(8.21, -4.64, -2.00) | distance_from_uav=1.06 m
[INFO] [1790222414.178746817] [sage_mission_manager]: VALIDATED VIEWPOINT PUBLISHED
[INFO] [1790222414.374065488] [sage_mission_manager]: VIEWPOINT ACCEPTED | position=(8.21, -4.64, -2.00) | distance_from_uav=0.81 m
[INFO] [1790222414.379003480] [sage_mission_manager]: VALIDATED VIEWPOINT PUBLISHED
[INFO] [1790222414.576713215] [sage_mission_manager]: VIEWPOINT ACCEPTED | position=(8.21, -4.64, -2.00) | distance_from_uav=0.53 m
[INFO] [1790222414.577400995] [sage_mission_manager]: VALIDATED VIEWPOINT PUBLISHED
[INFO] [1790222414.775698769] [sage_mission_manager]: VIEWPOINT ACCEPTED | position=(8.21, -4.64, -2.00) | distance_from_uav=0.35 m
[INFO] [1790222414.776258699] [sage_mission_manager]: VALIDATED VIEWPOINT PUBLISHED
[INFO] [1790222414.981448816] [sage_mission_manager]: VIEWPOINT ACCEPTED | position=(8.21, -4.64, -2.00) | distance_from_uav=0.20 m
[INFO] [1790222414.982054060] [sage_mission_manager]: VALIDATED VIEWPOINT PUBLISHED
[INFO] [1790222415.177065281] [sage_mission_manager]: VIEWPOINT ACCEPTED | position=(7.65, -4.22, -2.00) | distance_from_uav=0.60 m
[INFO] [1790222415.178242178] [sage_mission_manager]: VALIDATED VIEWPOINT PUBLISHED
[INFO] [1790222415.374807716] [sage_mission_manager]: VIEWPOINT ACCEPTED | position=(7.09, -3.80, -2.00) | distance_from_uav=1.39 m
[INFO] [1790222415.375343008] [sage_mission_manager]: VALIDATED VIEWPOINT PUBLISHED
[INFO] [1790222415.576969950] [sage_mission_manager]: VIEWPOINT ACCEPTED | position=(6.53, -3.38, -2.00) | distance_from_uav=2.15 m
[INFO] [1790222415.577744878] [sage_mission_manager]: VALIDATED VIEWPOINT PUBLISHED
[INFO] [1790222415.778230022] [sage_mission_manager]: VIEWPOINT ACCEPTED | position=(5.97, -2.96, -2.00) | distance_from_uav=2.88 m
[INFO] [1790222415.778934728] [sage_mission_manager]: VALIDATED VIEWPOINT PUBLISHED
[INFO] [1790222415.979029280] [sage_mission_manager]: VIEWPOINT ACCEPTED | position=(5.41, -2.54, -2.00) | distance_from_uav=3.55 m
[INFO] [1790222415.981970742] [sage_mission_manager]: VALIDATED VIEWPOINT PUBLISHED
[INFO] [1790222416.174191189] [sage_mission_manager]: VIEWPOINT ACCEPTED | position=(5.41, -2.54, -2.00) | distance_from_uav=3.48 m
[INFO] [1790222416.174709581] [sage_mission_manager]: VALIDATED VIEWPOINT PUBLISHED
[INFO] [1790222416.379348694] [sage_mission_manager]: VIEWPOINT ACCEPTED | position=(5.41, -2.54, -2.00) | distance_from_uav=3.34 m
[INFO] [1790222416.384368790] [sage_mission_manager]: VALIDATED VIEWPOINT PUBLISHED
[INFO] [1790222416.576320739] [sage_mission_manager]: VIEWPOINT ACCEPTED | position=(5.41, -2.54, -2.00) | distance_from_uav=3.06 m
[INFO] [1790222416.576946235] [sage_mission_manager]: VALIDATED VIEWPOINT PUBLISHED
[INFO] [1790222416.773763429] [sage_mission_manager]: VIEWPOINT ACCEPTED | position=(5.08, -2.29, -2.00) | distance_from_uav=3.19 m
[INFO] [1790222416.774464044] [sage_mission_manager]: VALIDATED VIEWPOINT PUBLISHED
[INFO] [1790222416.982446075] [sage_mission_manager]: VIEWPOINT ACCEPTED | position=(5.08, -2.29, -2.00) | distance_from_uav=2.85 m
[INFO] [1790222416.982996238] [sage_mission_manager]: VALIDATED VIEWPOINT PUBLISHED
[INFO] [1790222417.185197436] [sage_mission_manager]: VIEWPOINT ACCEPTED | position=(5.08, -2.29, -2.00) | distance_from_uav=2.51 m
[INFO] [1790222417.186690870] [sage_mission_manager]: VALIDATED VIEWPOINT PUBLISHED
[INFO] [1790222417.380957277] [sage_mission_manager]: VIEWPOINT ACCEPTED | position=(5.08, -2.29, -2.00) | distance_from_uav=2.13 m
[INFO] [1790222417.381519916] [sage_mission_manager]: VALIDATED VIEWPOINT PUBLISHED
[INFO] [1790222417.574604661] [sage_mission_manager]: VIEWPOINT ACCEPTED | position=(5.08, -2.29, -2.00) | distance_from_uav=1.73 m
[INFO] [1790222417.578394453] [sage_mission_manager]: VALIDATED VIEWPOINT PUBLISHED
[INFO] [1790222417.778807792] [sage_mission_manager]: VIEWPOINT ACCEPTED | position=(5.08, -2.29, -2.00) | distance_from_uav=1.35 m
[INFO] [1790222417.780606646] [sage_mission_manager]: VALIDATED VIEWPOINT PUBLISHED
[INFO] [1790222417.972562201] [sage_mission_manager]: VIEWPOINT ACCEPTED | position=(5.08, -2.29, -2.00) | distance_from_uav=1.11 m
[INFO] [1790222417.976350186] [sage_mission_manager]: VALIDATED VIEWPOINT PUBLISHED
[INFO] [1790222418.182829739] [sage_mission_manager]: VIEWPOINT ACCEPTED | position=(5.08, -2.29, -2.00) | distance_from_uav=0.83 m
[INFO] [1790222418.185229104] [sage_mission_manager]: VALIDATED VIEWPOINT PUBLISHED
[INFO] [1790222418.381806599] [sage_mission_manager]: VIEWPOINT ACCEPTED | position=(5.08, -2.29, -2.00) | distance_from_uav=0.60 m
[INFO] [1790222418.382867189] [sage_mission_manager]: VALIDATED VIEWPOINT PUBLISHED
[INFO] [1790222418.572365789] [sage_mission_manager]: VIEWPOINT ACCEPTED | position=(5.08, -2.29, -2.00) | distance_from_uav=0.46 m
[INFO] [1790222418.577775829] [sage_mission_manager]: VALIDATED VIEWPOINT PUBLISHED
[INFO] [1790222418.775401564] [sage_mission_manager]: VIEWPOINT ACCEPTED | position=(5.08, -2.29, -2.00) | distance_from_uav=0.31 m
[INFO] [1790222418.781653463] [sage_mission_manager]: VALIDATED VIEWPOINT PUBLISHED
[INFO] [1790222418.787890913] [sage_mission_manager]: VIEWPOINT ACCEPTED | position=(5.08, -2.29, -2.00) | distance_from_uav=0.31 m
[INFO] [1790222418.788680847] [sage_mission_manager]: VALIDATED VIEWPOINT PUBLISHED
[INFO] [1790222418.976610783] [sage_mission_manager]: VIEWPOINT ACCEPTED | position=(5.08, -2.29, -2.00) | distance_from_uav=0.20 m
[INFO] [1790222418.977583750] [sage_mission_manager]: VALIDATED VIEWPOINT PUBLISHED
[INFO] [1790222419.187782379] [sage_mission_manager]: VIEWPOINT ACCEPTED | position=(5.08, -2.29, -2.00) | distance_from_uav=0.13 m
[INFO] [1790222419.191032747] [sage_mission_manager]: VALIDATED VIEWPOINT PUBLISHED
[INFO] [1790222419.376869068] [sage_mission_manager]: VIEWPOINT ACCEPTED | position=(5.08, -2.29, -2.00) | distance_from_uav=0.11 m
[INFO] [1790222419.378392442] [sage_mission_manager]: VALIDATED VIEWPOINT PUBLISHED
[INFO] [1790222419.575666404] [sage_mission_manager]: VIEWPOINT ACCEPTED | position=(5.08, -2.29, -2.00) | distance_from_uav=0.13 m
[INFO] [1790222419.576319838] [sage_mission_manager]: VALIDATED VIEWPOINT PUBLISHED
[INFO] [1790222419.775860712] [sage_mission_manager]: VIEWPOINT ACCEPTED | position=(5.08, -2.29, -2.00) | distance_from_uav=0.15 m
[INFO] [1790222419.776586541] [sage_mission_manager]: VALIDATED VIEWPOINT PUBLISHED
[INFO] [1790222420.185047926] [sage_mission_manager]: VIEWPOINT ACCEPTED | position=(5.16, -1.42, -2.00) | distance_from_uav=0.70 m
[INFO] [1790222420.188526071] [sage_mission_manager]: VALIDATED VIEWPOINT PUBLISHED
[INFO] [1790222420.382416632] [sage_mission_manager]: VIEWPOINT ACCEPTED | position=(5.24, -0.73, -2.00) | distance_from_uav=1.39 m
[INFO] [1790222420.382924978] [sage_mission_manager]: VALIDATED VIEWPOINT PUBLISHED
[INFO] [1790222420.578868497] [sage_mission_manager]: VIEWPOINT ACCEPTED | position=(5.32, -0.03, -2.00) | distance_from_uav=2.08 m
[INFO] [1790222420.580313643] [sage_mission_manager]: VALIDATED VIEWPOINT PUBLISHED
[INFO] [1790222420.777002516] [sage_mission_manager]: VIEWPOINT ACCEPTED | position=(5.39, 0.67, -2.00) | distance_from_uav=2.73 m
[INFO] [1790222420.777844081] [sage_mission_manager]: VALIDATED VIEWPOINT PUBLISHED
[INFO] [1790222420.983199394] [sage_mission_manager]: VIEWPOINT ACCEPTED | position=(5.47, 1.36, -2.00) | distance_from_uav=3.32 m
[INFO] [1790222420.983933061] [sage_mission_manager]: VALIDATED VIEWPOINT PUBLISHED
[INFO] [1790222421.179640854] [sage_mission_manager]: VIEWPOINT ACCEPTED | position=(5.47, 1.36, -2.00) | distance_from_uav=3.16 m
[INFO] [1790222421.184233603] [sage_mission_manager]: VALIDATED VIEWPOINT PUBLISHED
[INFO] [1790222421.377442666] [sage_mission_manager]: VIEWPOINT ACCEPTED | position=(5.55, 2.06, -2.00) | distance_from_uav=3.66 m
[INFO] [1790222421.378291605] [sage_mission_manager]: VALIDATED VIEWPOINT PUBLISHED
[INFO] [1790222421.573353656] [sage_mission_manager]: VIEWPOINT ACCEPTED | position=(5.55, 2.06, -2.00) | distance_from_uav=3.40 m
[INFO] [1790222421.577454796] [sage_mission_manager]: VALIDATED VIEWPOINT PUBLISHED
[INFO] [1790222421.773789786] [sage_mission_manager]: VIEWPOINT ACCEPTED | position=(5.55, 2.06, -2.00) | distance_from_uav=3.08 m
[INFO] [1790222421.774646170] [sage_mission_manager]: VALIDATED VIEWPOINT PUBLISHED
[INFO] [1790222421.973383413] [sage_mission_manager]: VIEWPOINT ACCEPTED | position=(5.63, 2.75, -2.00) | distance_from_uav=3.38 m
[INFO] [1790222421.975902065] [sage_mission_manager]: VALIDATED VIEWPOINT PUBLISHED
[INFO] [1790222422.172799638] [sage_mission_manager]: VIEWPOINT ACCEPTED | position=(5.71, 3.45, -2.00) | distance_from_uav=3.62 m
[INFO] [1790222422.173359646] [sage_mission_manager]: VALIDATED VIEWPOINT PUBLISHED
[INFO] [1790222422.373235419] [sage_mission_manager]: VIEWPOINT ACCEPTED | position=(5.71, 3.45, -2.00) | distance_from_uav=3.27 m
[INFO] [1790222422.373737058] [sage_mission_manager]: VALIDATED VIEWPOINT PUBLISHED
[INFO] [1790222422.576635432] [sage_mission_manager]: VIEWPOINT ACCEPTED | position=(5.79, 4.14, -2.00) | distance_from_uav=3.55 m
[INFO] [1790222422.583640277] [sage_mission_manager]: VALIDATED VIEWPOINT PUBLISHED
[INFO] [1790222422.780384853] [sage_mission_manager]: VIEWPOINT ACCEPTED | position=(5.79, 4.14, -2.00) | distance_from_uav=3.15 m
[INFO] [1790222422.780897133] [sage_mission_manager]: VALIDATED VIEWPOINT PUBLISHED
[INFO] [1790222422.982355568] [sage_mission_manager]: VIEWPOINT ACCEPTED | position=(5.87, 4.84, -2.00) | distance_from_uav=3.48 m
[INFO] [1790222422.983024047] [sage_mission_manager]: VALIDATED VIEWPOINT PUBLISHED
[INFO] [1790222423.175493086] [sage_mission_manager]: VIEWPOINT ACCEPTED | position=(5.87, 4.84, -2.00) | distance_from_uav=3.18 m
[INFO] [1790222423.178698504] [sage_mission_manager]: VALIDATED VIEWPOINT PUBLISHED
[INFO] [1790222423.373924838] [sage_mission_manager]: VIEWPOINT ACCEPTED | position=(5.95, 5.53, -2.00) | distance_from_uav=3.42 m
[INFO] [1790222423.374680961] [sage_mission_manager]: VALIDATED VIEWPOINT PUBLISHED
[INFO] [1790222423.573113219] [sage_mission_manager]: VIEWPOINT ACCEPTED | position=(5.95, 5.53, -2.00) | distance_from_uav=3.00 m
[INFO] [1790222423.573820926] [sage_mission_manager]: VALIDATED VIEWPOINT PUBLISHED
[INFO] [1790222423.781093616] [sage_mission_manager]: VIEWPOINT ACCEPTED | position=(6.00, 6.00, -2.00) | distance_from_uav=3.03 m
[INFO] [1790222423.781946521] [sage_mission_manager]: VALIDATED VIEWPOINT PUBLISHED
[INFO] [1790222423.981437577] [sage_mission_manager]: VIEWPOINT ACCEPTED | position=(6.00, 6.00, -2.00) | distance_from_uav=2.67 m
[INFO] [1790222423.982302980] [sage_mission_manager]: VALIDATED VIEWPOINT PUBLISHED
[INFO] [1790222424.181935957] [sage_mission_manager]: VIEWPOINT ACCEPTED | position=(6.00, 6.00, -2.00) | distance_from_uav=2.38 m
[INFO] [1790222424.183695433] [sage_mission_manager]: VALIDATED VIEWPOINT PUBLISHED
[INFO] [1790222424.377639138] [sage_mission_manager]: VIEWPOINT ACCEPTED | position=(6.00, 6.00, -2.00) | distance_from_uav=2.07 m
[INFO] [1790222424.381714699] [sage_mission_manager]: VALIDATED VIEWPOINT PUBLISHED
[INFO] [1790222424.577157513] [sage_mission_manager]: VIEWPOINT ACCEPTED | position=(6.00, 6.00, -2.00) | distance_from_uav=1.70 m
[INFO] [1790222424.578437629] [sage_mission_manager]: VALIDATED VIEWPOINT PUBLISHED
[INFO] [1790222424.774343754] [sage_mission_manager]: VIEWPOINT ACCEPTED | position=(6.00, 6.00, -2.00) | distance_from_uav=1.39 m
[INFO] [1790222424.774976657] [sage_mission_manager]: VALIDATED VIEWPOINT PUBLISHED
[INFO] [1790222424.977566013] [sage_mission_manager]: VIEWPOINT ACCEPTED | position=(6.00, 6.00, -2.00) | distance_from_uav=1.11 m
[INFO] [1790222424.978140674] [sage_mission_manager]: VALIDATED VIEWPOINT PUBLISHED
[INFO] [1790222425.171666242] [sage_mission_manager]: VIEWPOINT ACCEPTED | position=(6.00, 6.00, -2.00) | distance_from_uav=0.83 m
[INFO] [1790222425.172251943] [sage_mission_manager]: VALIDATED VIEWPOINT PUBLISHED
[INFO] [1790222425.375763180] [sage_mission_manager]: VIEWPOINT ACCEPTED | position=(6.00, 6.00, -2.00) | distance_from_uav=0.60 m
[INFO] [1790222425.378885504] [sage_mission_manager]: VALIDATED VIEWPOINT PUBLISHED
[INFO] [1790222425.573559192] [sage_mission_manager]: VIEWPOINT ACCEPTED | position=(6.00, 6.00, -2.00) | distance_from_uav=0.44 m
[INFO] [1790222425.574139058] [sage_mission_manager]: VALIDATED VIEWPOINT PUBLISHED
[INFO] [1790222425.771946875] [sage_mission_manager]: VIEWPOINT ACCEPTED | position=(6.00, 6.00, -2.00) | distance_from_uav=0.32 m
[INFO] [1790222425.772737407] [sage_mission_manager]: VALIDATED VIEWPOINT PUBLISHED
[INFO] [1790222425.978325030] [sage_mission_manager]: VIEWPOINT ACCEPTED | position=(6.00, 6.00, -2.00) | distance_from_uav=0.24 m
[INFO] [1790222425.979038244] [sage_mission_manager]: VALIDATED VIEWPOINT PUBLISHED
[INFO] [1790222426.175436532] [sage_mission_manager]: VIEWPOINT ACCEPTED | position=(6.00, 6.00, -2.00) | distance_from_uav=0.18 m
[INFO] [1790222426.178422613] [sage_mission_manager]: VALIDATED VIEWPOINT PUBLISHED
[INFO] [1790222426.373030774] [sage_mission_manager]: VIEWPOINT ACCEPTED | position=(6.00, 6.00, -2.00) | distance_from_uav=0.13 m
[INFO] [1790222426.373757276] [sage_mission_manager]: VALIDATED VIEWPOINT PUBLISHED
[INFO] [1790222426.575229839] [sage_mission_manager]: VIEWPOINT ACCEPTED | position=(6.00, 6.00, -2.00) | distance_from_uav=0.10 m
[INFO] [1790222426.575981162] [sage_mission_manager]: VALIDATED VIEWPOINT PUBLISHED
[INFO] [1790222426.775307012] [sage_mission_manager]: VIEWPOINT ACCEPTED | position=(6.00, 6.00, -2.00) | distance_from_uav=0.09 m
[INFO] [1790222426.776105897] [sage_mission_manager]: VALIDATED VIEWPOINT PUBLISHED
[INFO] [1790222426.981831724] [sage_mission_manager]: VIEWPOINT ACCEPTED | position=(6.00, 6.00, -2.00) | distance_from_uav=0.08 m
[INFO] [1790222426.982576265] [sage_mission_manager]: VALIDATED VIEWPOINT PUBLISHED
[INFO] [1790222427.171062370] [sage_mission_manager]: VIEWPOINT ACCEPTED | position=(6.00, 6.00, -2.00) | distance_from_uav=0.08 m
[INFO] [1790222427.171918211] [sage_mission_manager]: VALIDATED VIEWPOINT PUBLISHED
[INFO] [1790222427.379028212] [sage_mission_manager]: VIEWPOINT ACCEPTED | position=(6.00, 6.00, -2.00) | distance_from_uav=0.08 m
[INFO] [1790222427.380640362] [sage_mission_manager]: VALIDATED VIEWPOINT PUBLISHED
[INFO] [1790222427.574131347] [sage_mission_manager]: VIEWPOINT ACCEPTED | position=(6.00, 6.00, -2.00) | distance_from_uav=0.08 m
[INFO] [1790222427.574685072] [sage_mission_manager]: VALIDATED VIEWPOINT PUBLISHED
[INFO] [1790222427.773605306] [sage_mission_manager]: VIEWPOINT ACCEPTED | position=(6.00, 6.00, -2.00) | distance_from_uav=0.08 m
[INFO] [1790222427.774158047] [sage_mission_manager]: VALIDATED VIEWPOINT PUBLISHED
[INFO] [1790222427.975456967] [sage_mission_manager]: VIEWPOINT ACCEPTED | position=(6.00, 6.00, -2.00) | distance_from_uav=0.09 m
[INFO] [1790222427.976591893] [sage_mission_manager]: VALIDATED VIEWPOINT PUBLISHED
[INFO] [1790222428.174867002] [sage_mission_manager]: VIEWPOINT ACCEPTED | position=(6.00, 6.00, -2.00) | distance_from_uav=0.09 m
[INFO] [1790222428.175581708] [sage_mission_manager]: VALIDATED VIEWPOINT PUBLISHED
[INFO] [1790222428.375358326] [sage_mission_manager]: VIEWPOINT ACCEPTED | position=(6.00, 6.00, -2.00) | distance_from_uav=0.10 m
[INFO] [1790222428.378677576] [sage_mission_manager]: VALIDATED VIEWPOINT PUBLISHED
[INFO] [1790222428.580771383] [sage_mission_manager]: VIEWPOINT ACCEPTED | position=(6.00, 6.00, -2.00) | distance_from_uav=0.10 m
[INFO] [1790222428.581540923] [sage_mission_manager]: VALIDATED VIEWPOINT PUBLISHED
[INFO] [1790222428.776450933] [sage_mission_manager]: VIEWPOINT ACCEPTED | position=(6.00, 6.00, -2.00) | distance_from_uav=0.11 m
[INFO] [1790222428.777175246] [sage_mission_manager]: VALIDATED VIEWPOINT PUBLISHED
[INFO] [1790222428.972323521] [sage_mission_manager]: VIEWPOINT ACCEPTED | position=(6.00, 6.00, -2.00) | distance_from_uav=0.11 m
[INFO] [1790222428.974168030] [sage_mission_manager]: VALIDATED VIEWPOINT PUBLISHED
[INFO] [1790222429.180588098] [sage_mission_manager]: VIEWPOINT ACCEPTED | position=(6.00, 6.00, -2.00) | distance_from_uav=0.11 m
[INFO] [1790222429.183539399] [sage_mission_manager]: VALIDATED VIEWPOINT PUBLISHED
[INFO] [1790222429.373322502] [sage_mission_manager]: VIEWPOINT ACCEPTED | position=(6.00, 6.00, -2.00) | distance_from_uav=0.12 m
[INFO] [1790222429.374010103] [sage_mission_manager]: VALIDATED VIEWPOINT PUBLISHED
[INFO] [1790222429.579632055] [sage_mission_manager]: VIEWPOINT ACCEPTED | position=(6.00, 6.00, -2.00) | distance_from_uav=0.12 m
[INFO] [1790222429.580448044] [sage_mission_manager]: VALIDATED VIEWPOINT PUBLISHED
[INFO] [1790222429.775407252] [sage_mission_manager]: VIEWPOINT ACCEPTED | position=(6.00, 6.00, -2.00) | distance_from_uav=0.11 m
[INFO] [1790222429.779343241] [sage_mission_manager]: VALIDATED VIEWPOINT PUBLISHED
[INFO] [1790222429.976233934] [sage_mission_manager]: VIEWPOINT ACCEPTED | position=(6.00, 6.00, -2.00) | distance_from_uav=0.11 m
[INFO] [1790222429.976815892] [sage_mission_manager]: VALIDATED VIEWPOINT PUBLISHED
[INFO] [1790222430.172249812] [sage_mission_manager]: VIEWPOINT ACCEPTED | position=(6.00, 6.00, -2.00) | distance_from_uav=0.10 m
[INFO] [1790222430.175329148] [sage_mission_manager]: VALIDATED VIEWPOINT PUBLISHED
[INFO] [1790222430.373818497] [sage_mission_manager]: VIEWPOINT ACCEPTED | position=(6.00, 6.00, -2.00) | distance_from_uav=0.10 m
[INFO] [1790222430.375750310] [sage_mission_manager]: VALIDATED VIEWPOINT PUBLISHED
[INFO] [1790222430.572605536] [sage_mission_manager]: VIEWPOINT ACCEPTED | position=(6.00, 6.00, -2.00) | distance_from_uav=0.09 m
[INFO] [1790222430.573337452] [sage_mission_manager]: VALIDATED VIEWPOINT PUBLISHED
[INFO] [1790222430.775281548] [sage_mission_manager]: VIEWPOINT ACCEPTED | position=(6.00, 6.00, -2.00) | distance_from_uav=0.08 m
[INFO] [1790222430.779463411] [sage_mission_manager]: VALIDATED VIEWPOINT PUBLISHED
[INFO] [1790222430.972382232] [sage_mission_manager]: VIEWPOINT ACCEPTED | position=(6.00, 6.00, -2.00) | distance_from_uav=0.08 m
[INFO] [1790222430.972921784] [sage_mission_manager]: VALIDATED VIEWPOINT PUBLISHED
[INFO] [1790222431.171721101] [sage_mission_manager]: VIEWPOINT ACCEPTED | position=(6.00, 6.00, -2.00) | distance_from_uav=0.07 m
[INFO] [1790222431.172529813] [sage_mission_manager]: VALIDATED VIEWPOINT PUBLISHED
[INFO] [1790222431.372294002] [sage_mission_manager]: VIEWPOINT ACCEPTED | position=(6.00, 6.00, -2.00) | distance_from_uav=0.06 m
[INFO] [1790222431.372871163] [sage_mission_manager]: VALIDATED VIEWPOINT PUBLISHED
[INFO] [1790222431.579892473] [sage_mission_manager]: VIEWPOINT ACCEPTED | position=(6.00, 6.00, -2.00) | distance_from_uav=0.06 m
[INFO] [1790222431.580673295] [sage_mission_manager]: VALIDATED VIEWPOINT PUBLISHED
[INFO] [1790222431.775893524] [sage_mission_manager]: VIEWPOINT ACCEPTED | position=(6.00, 6.00, -2.00) | distance_from_uav=0.06 m
[INFO] [1790222431.780766081] [sage_mission_manager]: VALIDATED VIEWPOINT PUBLISHED
[INFO] [1790222431.974660202] [sage_mission_manager]: VIEWPOINT ACCEPTED | position=(6.00, 6.00, -2.00) | distance_from_uav=0.06 m
[INFO] [1790222431.978620490] [sage_mission_manager]: VALIDATED VIEWPOINT PUBLISHED
[INFO] [1790222432.186049238] [sage_mission_manager]: VIEWPOINT ACCEPTED | position=(6.00, 6.00, -2.00) | distance_from_uav=0.07 m
[INFO] [1790222432.186861991] [sage_mission_manager]: VALIDATED VIEWPOINT PUBLISHED
[INFO] [1790222432.372636141] [sage_mission_manager]: VIEWPOINT ACCEPTED | position=(6.00, 6.00, -2.00) | distance_from_uav=0.07 m
[INFO] [1790222432.373944017] [sage_mission_manager]: VALIDATED VIEWPOINT PUBLISHED
[INFO] [1790222432.582303389] [sage_mission_manager]: VIEWPOINT ACCEPTED | position=(6.00, 6.00, -2.00) | distance_from_uav=0.07 m
[INFO] [1790222432.585642072] [sage_mission_manager]: VALIDATED VIEWPOINT PUBLISHED
[INFO] [1790222432.776222887] [sage_mission_manager]: VIEWPOINT ACCEPTED | position=(6.00, 6.00, -2.00) | distance_from_uav=0.07 m
[INFO] [1790222432.779730932] [sage_mission_manager]: VALIDATED VIEWPOINT PUBLISHED
[INFO] [1790222432.973767949] [sage_mission_manager]: VIEWPOINT ACCEPTED | position=(6.00, 6.00, -2.00) | distance_from_uav=0.07 m
[INFO] [1790222432.974515105] [sage_mission_manager]: VALIDATED VIEWPOINT PUBLISHED
[INFO] [1790222433.175856848] [sage_mission_manager]: VIEWPOINT ACCEPTED | position=(6.00, 6.00, -2.00) | distance_from_uav=0.07 m
[INFO] [1790222433.179468193] [sage_mission_manager]: VALIDATED VIEWPOINT PUBLISHED
[INFO] [1790222433.378412360] [sage_mission_manager]: VIEWPOINT ACCEPTED | position=(6.00, 6.00, -2.00) | distance_from_uav=0.07 m
[INFO] [1790222433.379629911] [sage_mission_manager]: VALIDATED VIEWPOINT PUBLISHED
[INFO] [1790222433.577581558] [sage_mission_manager]: VIEWPOINT ACCEPTED | position=(6.00, 6.00, -2.00) | distance_from_uav=0.07 m
[INFO] [1790222433.580441912] [sage_mission_manager]: VALIDATED VIEWPOINT PUBLISHED
[INFO] [1790222433.777735484] [sage_mission_manager]: VIEWPOINT ACCEPTED | position=(6.00, 6.00, -2.00) | distance_from_uav=0.07 m
[INFO] [1790222433.782286115] [sage_mission_manager]: VALIDATED VIEWPOINT PUBLISHED
[INFO] [1790222433.982541757] [sage_mission_manager]: VIEWPOINT ACCEPTED | position=(6.00, 6.00, -2.00) | distance_from_uav=0.07 m
[INFO] [1790222433.983085744] [sage_mission_manager]: VALIDATED VIEWPOINT PUBLISHED
[INFO] [1790222434.173014766] [sage_mission_manager]: VIEWPOINT ACCEPTED | position=(6.00, 5.30, -2.00) | distance_from_uav=0.77 m
[INFO] [1790222434.174019562] [sage_mission_manager]: VALIDATED VIEWPOINT PUBLISHED
[INFO] [1790222434.376970312] [sage_mission_manager]: VIEWPOINT ACCEPTED | position=(6.00, 4.60, -2.00) | distance_from_uav=1.47 m
[INFO] [1790222434.378431523] [sage_mission_manager]: VALIDATED VIEWPOINT PUBLISHED
[INFO] [1790222434.579030605] [sage_mission_manager]: VIEWPOINT ACCEPTED | position=(6.00, 3.90, -2.00) | distance_from_uav=2.17 m
[INFO] [1790222434.579984567] [sage_mission_manager]: VALIDATED VIEWPOINT PUBLISHED
[INFO] [1790222434.774679195] [sage_mission_manager]: VIEWPOINT ACCEPTED | position=(6.00, 3.20, -2.00) | distance_from_uav=2.84 m
[INFO] [1790222434.775412227] [sage_mission_manager]: VALIDATED VIEWPOINT PUBLISHED
[INFO] [1790222434.974052469] [sage_mission_manager]: VIEWPOINT ACCEPTED | position=(6.00, 2.50, -2.00) | distance_from_uav=3.47 m
[INFO] [1790222434.975840892] [sage_mission_manager]: VALIDATED VIEWPOINT PUBLISHED
[INFO] [1790222435.174618676] [sage_mission_manager]: VIEWPOINT ACCEPTED | position=(6.00, 2.50, -2.00) | distance_from_uav=3.35 m
[INFO] [1790222435.178542264] [sage_mission_manager]: VALIDATED VIEWPOINT PUBLISHED
[INFO] [1790222435.372384388] [sage_mission_manager]: VIEWPOINT ACCEPTED | position=(6.00, 2.50, -2.00) | distance_from_uav=3.12 m
[INFO] [1790222435.373497453] [sage_mission_manager]: VALIDATED VIEWPOINT PUBLISHED
[INFO] [1790222435.582792668] [sage_mission_manager]: VIEWPOINT ACCEPTED | position=(6.00, 1.80, -2.00) | distance_from_uav=3.46 m
[INFO] [1790222435.583439160] [sage_mission_manager]: VALIDATED VIEWPOINT PUBLISHED
[INFO] [1790222435.775080360] [sage_mission_manager]: VIEWPOINT ACCEPTED | position=(6.00, 1.80, -2.00) | distance_from_uav=3.16 m
[INFO] [1790222435.775822559] [sage_mission_manager]: VALIDATED VIEWPOINT PUBLISHED
[INFO] [1790222435.976096095] [sage_mission_manager]: VIEWPOINT ACCEPTED | position=(6.00, 1.10, -2.00) | distance_from_uav=3.56 m
[INFO] [1790222435.977061924] [sage_mission_manager]: VALIDATED VIEWPOINT PUBLISHED
[INFO] [1790222436.172681465] [sage_mission_manager]: VIEWPOINT ACCEPTED | position=(6.00, 1.10, -2.00) | distance_from_uav=3.22 m
[INFO] [1790222436.173243446] [sage_mission_manager]: VALIDATED VIEWPOINT PUBLISHED
[INFO] [1790222436.372285097] [sage_mission_manager]: VIEWPOINT ACCEPTED | position=(6.00, 0.40, -2.00) | distance_from_uav=3.55 m
[INFO] [1790222436.372986846] [sage_mission_manager]: VALIDATED VIEWPOINT PUBLISHED
[INFO] [1790222436.576755577] [sage_mission_manager]: VIEWPOINT ACCEPTED | position=(6.00, 0.40, -2.00) | distance_from_uav=3.20 m
[INFO] [1790222436.578690414] [sage_mission_manager]: VALIDATED VIEWPOINT PUBLISHED
[INFO] [1790222436.775817773] [sage_mission_manager]: VIEWPOINT ACCEPTED | position=(6.00, 0.00, -2.00) | distance_from_uav=3.19 m
[INFO] [1790222436.776615618] [sage_mission_manager]: VALIDATED VIEWPOINT PUBLISHED
[INFO] [1790222436.986965420] [sage_mission_manager]: VIEWPOINT ACCEPTED | position=(6.00, 0.00, -2.00) | distance_from_uav=2.74 m
[INFO] [1790222436.987800329] [sage_mission_manager]: VALIDATED VIEWPOINT PUBLISHED
[INFO] [1790222437.174901602] [sage_mission_manager]: VIEWPOINT ACCEPTED | position=(6.00, 0.00, -2.00) | distance_from_uav=2.35 m
[INFO] [1790222437.175530031] [sage_mission_manager]: VALIDATED VIEWPOINT PUBLISHED
[INFO] [1790222437.372857275] [sage_mission_manager]: VIEWPOINT ACCEPTED | position=(6.00, 0.00, -2.00) | distance_from_uav=1.95 m
[INFO] [1790222437.375994818] [sage_mission_manager]: VALIDATED VIEWPOINT PUBLISHED
[INFO] [1790222437.571590217] [sage_mission_manager]: VIEWPOINT ACCEPTED | position=(6.00, 0.00, -2.00) | distance_from_uav=1.57 m
[INFO] [1790222437.572260090] [sage_mission_manager]: VALIDATED VIEWPOINT PUBLISHED
[INFO] [1790222437.771376438] [sage_mission_manager]: VIEWPOINT ACCEPTED | position=(6.00, 0.00, -2.00) | distance_from_uav=1.27 m
[INFO] [1790222437.775057731] [sage_mission_manager]: VALIDATED VIEWPOINT PUBLISHED
[INFO] [1790222437.975417559] [sage_mission_manager]: VIEWPOINT ACCEPTED | position=(6.00, 0.00, -2.00) | distance_from_uav=1.01 m
[INFO] [1790222437.975961406] [sage_mission_manager]: VALIDATED VIEWPOINT PUBLISHED
[INFO] [1790222438.175614343] [sage_mission_manager]: VIEWPOINT ACCEPTED | position=(6.00, 0.00, -2.00) | distance_from_uav=0.81 m
[INFO] [1790222438.176356227] [sage_mission_manager]: VALIDATED VIEWPOINT PUBLISHED
[INFO] [1790222438.380838675] [sage_mission_manager]: VIEWPOINT ACCEPTED | position=(6.00, 0.00, -2.00) | distance_from_uav=0.57 m
[INFO] [1790222438.381523798] [sage_mission_manager]: VALIDATED VIEWPOINT PUBLISHED
[INFO] [1790222438.575152144] [sage_mission_manager]: VIEWPOINT ACCEPTED | position=(6.00, 0.00, -2.00) | distance_from_uav=0.38 m
[INFO] [1790222438.576063013] [sage_mission_manager]: VALIDATED VIEWPOINT PUBLISHED
[INFO] [1790222438.771927203] [sage_mission_manager]: VIEWPOINT ACCEPTED | position=(6.00, 0.00, -2.00) | distance_from_uav=0.23 m
[INFO] [1790222438.772638966] [sage_mission_manager]: VALIDATED VIEWPOINT PUBLISHED
[INFO] [1790222438.978036563] [sage_mission_manager]: VIEWPOINT ACCEPTED | position=(6.00, 0.00, -2.00) | distance_from_uav=0.10 m
[INFO] [1790222438.978841750] [sage_mission_manager]: VALIDATED VIEWPOINT PUBLISHED
[INFO] [1790222439.178520497] [sage_mission_manager]: VIEWPOINT ACCEPTED | position=(6.00, 0.00, -2.00) | distance_from_uav=0.03 m
[INFO] [1790222439.180901471] [sage_mission_manager]: VALIDATED VIEWPOINT PUBLISHED
[INFO] [1790222439.376891253] [sage_mission_manager]: VIEWPOINT ACCEPTED | position=(6.00, 0.00, -2.00) | distance_from_uav=0.04 m
[INFO] [1790222439.383172253] [sage_mission_manager]: VALIDATED VIEWPOINT PUBLISHED
[INFO] [1790222439.576993440] [sage_mission_manager]: VIEWPOINT ACCEPTED | position=(6.00, 0.00, -2.00) | distance_from_uav=0.07 m
[INFO] [1790222439.577687953] [sage_mission_manager]: VALIDATED VIEWPOINT PUBLISHED
[INFO] [1790222439.773523326] [sage_mission_manager]: VIEWPOINT ACCEPTED | position=(6.00, 0.00, -2.00) | distance_from_uav=0.09 m
[INFO] [1790222439.775643404] [sage_mission_manager]: VALIDATED VIEWPOINT PUBLISHED
[INFO] [1790222439.974012469] [sage_mission_manager]: VIEWPOINT ACCEPTED | position=(6.00, 0.00, -2.00) | distance_from_uav=0.11 m
[INFO] [1790222439.978038066] [sage_mission_manager]: VALIDATED VIEWPOINT PUBLISHED
[INFO] [1790222440.182562215] [sage_mission_manager]: VIEWPOINT ACCEPTED | position=(6.00, 0.00, -2.00) | distance_from_uav=0.11 m
[INFO] [1790222440.183293100] [sage_mission_manager]: VALIDATED VIEWPOINT PUBLISHED
[INFO] [1790222440.372896317] [sage_mission_manager]: VIEWPOINT ACCEPTED | position=(6.00, 0.00, -2.00) | distance_from_uav=0.11 m
[INFO] [1790222440.373641246] [sage_mission_manager]: VALIDATED VIEWPOINT PUBLISHED
[INFO] [1790222440.580063859] [sage_mission_manager]: VIEWPOINT ACCEPTED | position=(6.00, 0.00, -2.00) | distance_from_uav=0.10 m
[INFO] [1790222440.580724245] [sage_mission_manager]: VALIDATED VIEWPOINT PUBLISHED
[INFO] [1790222440.776590974] [sage_mission_manager]: VIEWPOINT ACCEPTED | position=(6.00, 0.00, -2.00) | distance_from_uav=0.10 m
[INFO] [1790222440.782945645] [sage_mission_manager]: VALIDATED VIEWPOINT PUBLISHED
[INFO] [1790222440.980651574] [sage_mission_manager]: VIEWPOINT ACCEPTED | position=(6.00, 0.00, -2.00) | distance_from_uav=0.10 m
[INFO] [1790222440.983542399] [sage_mission_manager]: VALIDATED VIEWPOINT PUBLISHED
[INFO] [1790222441.180599932] [sage_mission_manager]: VIEWPOINT ACCEPTED | position=(6.00, 0.00, -2.00) | distance_from_uav=0.10 m
[INFO] [1790222441.186161516] [sage_mission_manager]: VALIDATED VIEWPOINT PUBLISHED
[INFO] [1790222441.372005007] [sage_mission_manager]: VIEWPOINT ACCEPTED | position=(6.00, 0.00, -2.00) | distance_from_uav=0.10 m
[INFO] [1790222441.372635064] [sage_mission_manager]: VALIDATED VIEWPOINT PUBLISHED
[INFO] [1790222441.578697652] [sage_mission_manager]: VIEWPOINT ACCEPTED | position=(6.00, 0.00, -2.00) | distance_from_uav=0.10 m
[INFO] [1790222441.579967165] [sage_mission_manager]: VALIDATED VIEWPOINT PUBLISHED
[INFO] [1790222441.773043740] [sage_mission_manager]: VIEWPOINT ACCEPTED | position=(6.00, 0.00, -2.00) | distance_from_uav=0.10 m
[INFO] [1790222441.774507102] [sage_mission_manager]: VALIDATED VIEWPOINT PUBLISHED
[INFO] [1790222441.973793790] [sage_mission_manager]: VIEWPOINT ACCEPTED | position=(6.00, 0.00, -2.00) | distance_from_uav=0.11 m
[INFO] [1790222441.974480266] [sage_mission_manager]: VALIDATED VIEWPOINT PUBLISHED
[INFO] [1790222442.173589711] [sage_mission_manager]: VIEWPOINT ACCEPTED | position=(6.00, 0.00, -2.00) | distance_from_uav=0.11 m
[INFO] [1790222442.174683786] [sage_mission_manager]: VALIDATED VIEWPOINT PUBLISHED
[INFO] [1790222442.375457685] [sage_mission_manager]: VIEWPOINT ACCEPTED | position=(6.00, 0.00, -2.00) | distance_from_uav=0.11 m
[INFO] [1790222442.376338817] [sage_mission_manager]: VALIDATED VIEWPOINT PUBLISHED
[INFO] [1790222442.582014739] [sage_mission_manager]: VIEWPOINT ACCEPTED | position=(6.00, 0.00, -2.00) | distance_from_uav=0.10 m
[INFO] [1790222442.583947593] [sage_mission_manager]: VALIDATED VIEWPOINT PUBLISHED
[INFO] [1790222442.773713980] [sage_mission_manager]: VIEWPOINT ACCEPTED | position=(6.00, 0.00, -2.00) | distance_from_uav=0.10 m
[INFO] [1790222442.774387795] [sage_mission_manager]: VALIDATED VIEWPOINT PUBLISHED
[INFO] [1790222442.979503020] [sage_mission_manager]: VIEWPOINT ACCEPTED | position=(6.00, 0.00, -2.00) | distance_from_uav=0.10 m
[INFO] [1790222442.980083809] [sage_mission_manager]: VALIDATED VIEWPOINT PUBLISHED
[INFO] [1790222443.175013409] [sage_mission_manager]: VIEWPOINT ACCEPTED | position=(6.00, 0.00, -2.00) | distance_from_uav=0.09 m
[INFO] [1790222443.175768476] [sage_mission_manager]: VALIDATED VIEWPOINT PUBLISHED
[INFO] [1790222443.381463528] [sage_mission_manager]: VIEWPOINT ACCEPTED | position=(6.00, 0.00, -2.00) | distance_from_uav=0.09 m
[INFO] [1790222443.388332864] [sage_mission_manager]: VALIDATED VIEWPOINT PUBLISHED
[INFO] [1790222443.575801377] [sage_mission_manager]: VIEWPOINT ACCEPTED | position=(6.00, 0.00, -2.00) | distance_from_uav=0.08 m
[INFO] [1790222443.577357499] [sage_mission_manager]: VALIDATED VIEWPOINT PUBLISHED
[INFO] [1790222443.776424127] [sage_mission_manager]: VIEWPOINT ACCEPTED | position=(6.00, 0.00, -2.00) | distance_from_uav=0.08 m
[INFO] [1790222443.776985603] [sage_mission_manager]: VALIDATED VIEWPOINT PUBLISHED
[INFO] [1790222443.975195652] [sage_mission_manager]: VIEWPOINT ACCEPTED | position=(6.00, 0.00, -2.00) | distance_from_uav=0.07 m
[INFO] [1790222443.976659513] [sage_mission_manager]: VALIDATED VIEWPOINT PUBLISHED
[INFO] [1790222444.180359060] [sage_mission_manager]: VIEWPOINT ACCEPTED | position=(6.00, 0.00, -2.00) | distance_from_uav=0.07 m
[INFO] [1790222444.180977128] [sage_mission_manager]: VALIDATED VIEWPOINT PUBLISHED
[INFO] [1790222444.372960456] [sage_mission_manager]: VIEWPOINT ACCEPTED | position=(6.00, 0.00, -2.00) | distance_from_uav=0.06 m
[INFO] [1790222444.375998350] [sage_mission_manager]: VALIDATED VIEWPOINT PUBLISHED
[INFO] [1790222444.579739268] [sage_mission_manager]: VIEWPOINT ACCEPTED | position=(6.00, 0.00, -2.00) | distance_from_uav=0.04 m
[INFO] [1790222444.580302877] [sage_mission_manager]: VALIDATED VIEWPOINT PUBLISHED
[INFO] [1790222444.777606782] [sage_mission_manager]: VIEWPOINT ACCEPTED | position=(6.00, 0.00, -2.00) | distance_from_uav=0.03 m
[INFO] [1790222444.780413575] [sage_mission_manager]: VALIDATED VIEWPOINT PUBLISHED
[INFO] [1790222444.972517390] [sage_mission_manager]: VIEWPOINT ACCEPTED | position=(6.00, 0.00, -2.00) | distance_from_uav=0.03 m
[INFO] [1790222444.978330135] [sage_mission_manager]: VALIDATED VIEWPOINT PUBLISHED
[INFO] [1790222445.181193592] [sage_mission_manager]: VIEWPOINT ACCEPTED | position=(6.00, 0.00, -2.00) | distance_from_uav=0.02 m
[INFO] [1790222445.181987661] [sage_mission_manager]: VALIDATED VIEWPOINT PUBLISHED
[INFO] [1790222445.376562897] [sage_mission_manager]: VIEWPOINT ACCEPTED | position=(6.00, 0.00, -2.00) | distance_from_uav=0.02 m
[INFO] [1790222445.377099145] [sage_mission_manager]: VALIDATED VIEWPOINT PUBLISHED
[INFO] [1790222445.577986745] [sage_mission_manager]: VIEWPOINT ACCEPTED | position=(6.00, 0.00, -2.00) | distance_from_uav=0.03 m
[INFO] [1790222445.579481823] [sage_mission_manager]: VALIDATED VIEWPOINT PUBLISHED
[INFO] [1790222445.779779238] [sage_mission_manager]: VIEWPOINT ACCEPTED | position=(6.00, 0.00, -2.00) | distance_from_uav=0.03 m
[INFO] [1790222445.782646217] [sage_mission_manager]: VALIDATED VIEWPOINT PUBLISHED
[INFO] [1790222445.974150238] [sage_mission_manager]: VIEWPOINT ACCEPTED | position=(6.00, 0.00, -2.00) | distance_from_uav=0.04 m
[INFO] [1790222445.974756847] [sage_mission_manager]: VALIDATED VIEWPOINT PUBLISHED
[INFO] [1790222446.179189455] [sage_mission_manager]: VIEWPOINT ACCEPTED | position=(6.00, 0.00, -2.00) | distance_from_uav=0.04 m
[INFO] [1790222446.185204970] [sage_mission_manager]: VALIDATED VIEWPOINT PUBLISHED
[INFO] [1790222446.372698992] [sage_mission_manager]: VIEWPOINT ACCEPTED | position=(6.00, 0.00, -2.00) | distance_from_uav=0.04 m
[INFO] [1790222446.373528664] [sage_mission_manager]: VALIDATED VIEWPOINT PUBLISHED
[INFO] [1790222446.575511052] [sage_mission_manager]: VIEWPOINT ACCEPTED | position=(6.00, 0.00, -2.00) | distance_from_uav=0.05 m
[INFO] [1790222446.577065737] [sage_mission_manager]: VALIDATED VIEWPOINT PUBLISHED
[INFO] [1790222446.773188949] [sage_mission_manager]: VIEWPOINT ACCEPTED | position=(6.00, 0.00, -2.00) | distance_from_uav=0.05 m
[INFO] [1790222446.773750491] [sage_mission_manager]: VALIDATED VIEWPOINT PUBLISHED
[INFO] [1790222446.976862548] [sage_mission_manager]: VIEWPOINT ACCEPTED | position=(6.00, -0.70, -2.00) | distance_from_uav=0.66 m
[INFO] [1790222446.984623239] [sage_mission_manager]: VALIDATED VIEWPOINT PUBLISHED
[INFO] [1790222447.175250162] [sage_mission_manager]: VIEWPOINT ACCEPTED | position=(6.00, -1.40, -2.00) | distance_from_uav=1.36 m
[INFO] [1790222447.175858612] [sage_mission_manager]: VALIDATED VIEWPOINT PUBLISHED
[INFO] [1790222447.379961779] [sage_mission_manager]: VIEWPOINT ACCEPTED | position=(6.00, -2.10, -2.00) | distance_from_uav=2.05 m
[INFO] [1790222447.380619748] [sage_mission_manager]: VALIDATED VIEWPOINT PUBLISHED
[INFO] [1790222447.572254646] [sage_mission_manager]: VIEWPOINT ACCEPTED | position=(6.00, -2.80, -2.00) | distance_from_uav=2.71 m
[INFO] [1790222447.572889693] [sage_mission_manager]: VALIDATED VIEWPOINT PUBLISHED
[INFO] [1790222447.778597480] [sage_mission_manager]: VIEWPOINT ACCEPTED | position=(6.00, -3.50, -2.00) | distance_from_uav=3.31 m
[INFO] [1790222447.779370939] [sage_mission_manager]: VALIDATED VIEWPOINT PUBLISHED
[INFO] [1790222447.982153037] [sage_mission_manager]: VIEWPOINT ACCEPTED | position=(6.00, -3.50, -2.00) | distance_from_uav=3.17 m
[INFO] [1790222447.983663159] [sage_mission_manager]: VALIDATED VIEWPOINT PUBLISHED
[INFO] [1790222448.172218530] [sage_mission_manager]: VIEWPOINT ACCEPTED | position=(6.00, -4.20, -2.00) | distance_from_uav=3.64 m
[INFO] [1790222448.172849632] [sage_mission_manager]: VALIDATED VIEWPOINT PUBLISHED
[INFO] [1790222448.374383511] [sage_mission_manager]: VIEWPOINT ACCEPTED | position=(6.00, -4.20, -2.00) | distance_from_uav=3.37 m
[INFO] [1790222448.381430064] [sage_mission_manager]: VALIDATED VIEWPOINT PUBLISHED
[INFO] [1790222448.578732978] [sage_mission_manager]: VIEWPOINT ACCEPTED | position=(6.00, -4.20, -2.00) | distance_from_uav=3.10 m
[INFO] [1790222448.579492705] [sage_mission_manager]: VALIDATED VIEWPOINT PUBLISHED
[INFO] [1790222448.775963107] [sage_mission_manager]: VIEWPOINT ACCEPTED | position=(6.00, -4.90, -2.00) | distance_from_uav=3.45 m
[INFO] [1790222448.776522405] [sage_mission_manager]: VALIDATED VIEWPOINT PUBLISHED
[INFO] [1790222448.977528412] [sage_mission_manager]: VIEWPOINT ACCEPTED | position=(6.00, -4.90, -2.00) | distance_from_uav=3.06 m
[INFO] [1790222448.980644167] [sage_mission_manager]: VALIDATED VIEWPOINT PUBLISHED
[INFO] [1790222449.174133455] [sage_mission_manager]: VIEWPOINT ACCEPTED | position=(6.00, -5.60, -2.00) | distance_from_uav=3.32 m
[INFO] [1790222449.175045770] [sage_mission_manager]: VALIDATED VIEWPOINT PUBLISHED
[INFO] [1790222449.373588420] [sage_mission_manager]: VIEWPOINT ACCEPTED | position=(6.00, -6.00, -2.00) | distance_from_uav=3.37 m
[INFO] [1790222449.374150184] [sage_mission_manager]: VALIDATED VIEWPOINT PUBLISHED
[INFO] [1790222449.574603438] [sage_mission_manager]: VIEWPOINT ACCEPTED | position=(6.00, -6.00, -2.00) | distance_from_uav=2.98 m
[INFO] [1790222449.576709972] [sage_mission_manager]: VALIDATED VIEWPOINT PUBLISHED
[INFO] [1790222449.777330132] [sage_mission_manager]: VIEWPOINT ACCEPTED | position=(6.00, -6.00, -2.00) | distance_from_uav=2.61 m
[INFO] [1790222449.777855628] [sage_mission_manager]: VALIDATED VIEWPOINT PUBLISHED
[INFO] [1790222449.973410098] [sage_mission_manager]: VIEWPOINT ACCEPTED | position=(6.00, -6.00, -2.00) | distance_from_uav=2.29 m
[INFO] [1790222449.975535995] [sage_mission_manager]: VALIDATED VIEWPOINT PUBLISHED
[INFO] [1790222450.179756089] [sage_mission_manager]: VIEWPOINT ACCEPTED | position=(6.00, -6.00, -2.00) | distance_from_uav=1.92 m
[INFO] [1790222450.183394428] [sage_mission_manager]: VALIDATED VIEWPOINT PUBLISHED
[INFO] [1790222450.372318217] [sage_mission_manager]: VIEWPOINT ACCEPTED | position=(6.00, -6.00, -2.00) | distance_from_uav=1.59 m
[INFO] [1790222450.372856753] [sage_mission_manager]: VALIDATED VIEWPOINT PUBLISHED
[INFO] [1790222450.571305307] [sage_mission_manager]: VIEWPOINT ACCEPTED | position=(6.00, -6.00, -2.00) | distance_from_uav=1.23 m
[INFO] [1790222450.572799451] [sage_mission_manager]: VALIDATED VIEWPOINT PUBLISHED
[INFO] [1790222450.771918251] [sage_mission_manager]: VIEWPOINT ACCEPTED | position=(6.00, -6.00, -2.00) | distance_from_uav=0.93 m
[INFO] [1790222450.772575934] [sage_mission_manager]: VALIDATED VIEWPOINT PUBLISHED
[INFO] [1790222450.973943332] [sage_mission_manager]: VIEWPOINT ACCEPTED | position=(6.00, -6.00, -2.00) | distance_from_uav=0.68 m
[INFO] [1790222450.974545079] [sage_mission_manager]: VALIDATED VIEWPOINT PUBLISHED
[INFO] [1790222451.173127112] [sage_mission_manager]: VIEWPOINT ACCEPTED | position=(6.00, -6.00, -2.00) | distance_from_uav=0.48 m
[INFO] [1790222451.173658971] [sage_mission_manager]: VALIDATED VIEWPOINT PUBLISHED
[INFO] [1790222451.377030209] [sage_mission_manager]: VIEWPOINT ACCEPTED | position=(6.00, -6.00, -2.00) | distance_from_uav=0.33 m
[INFO] [1790222451.378534016] [sage_mission_manager]: VALIDATED VIEWPOINT PUBLISHED
[INFO] [1790222451.578516067] [sage_mission_manager]: VIEWPOINT ACCEPTED | position=(6.00, -6.00, -2.00) | distance_from_uav=0.20 m
[INFO] [1790222451.579145038] [sage_mission_manager]: VALIDATED VIEWPOINT PUBLISHED
[INFO] [1790222451.783578791] [sage_mission_manager]: VIEWPOINT ACCEPTED | position=(6.00, -6.00, -2.00) | distance_from_uav=0.12 m
[INFO] [1790222451.785622068] [sage_mission_manager]: VALIDATED VIEWPOINT PUBLISHED
[INFO] [1790222451.976387185] [sage_mission_manager]: VIEWPOINT ACCEPTED | position=(6.00, -6.00, -2.00) | distance_from_uav=0.07 m
[INFO] [1790222451.979650267] [sage_mission_manager]: VALIDATED VIEWPOINT PUBLISHED
[INFO] [1790222452.182552594] [sage_mission_manager]: VIEWPOINT ACCEPTED | position=(6.00, -6.00, -2.00) | distance_from_uav=0.10 m
[INFO] [1790222452.183926460] [sage_mission_manager]: VALIDATED VIEWPOINT PUBLISHED
[INFO] [1790222452.378370963] [sage_mission_manager]: VIEWPOINT ACCEPTED | position=(6.00, -6.00, -2.00) | distance_from_uav=0.12 m
[INFO] [1790222452.379191694] [sage_mission_manager]: VALIDATED VIEWPOINT PUBLISHED
[INFO] [1790222452.574057911] [sage_mission_manager]: VIEWPOINT ACCEPTED | position=(6.00, -6.00, -2.00) | distance_from_uav=0.15 m
[INFO] [1790222452.576206142] [sage_mission_manager]: VALIDATED VIEWPOINT PUBLISHED
[INFO] [1790222452.777532003] [sage_mission_manager]: VIEWPOINT ACCEPTED | position=(6.00, -6.00, -2.00) | distance_from_uav=0.17 m
[INFO] [1790222452.780578458] [sage_mission_manager]: VALIDATED VIEWPOINT PUBLISHED
[INFO] [1790222452.977359770] [sage_mission_manager]: VIEWPOINT ACCEPTED | position=(6.00, -6.00, -2.00) | distance_from_uav=0.18 m
[INFO] [1790222452.980555170] [sage_mission_manager]: VALIDATED VIEWPOINT PUBLISHED
[INFO] [1790222453.176391318] [sage_mission_manager]: VIEWPOINT ACCEPTED | position=(6.00, -6.00, -2.00) | distance_from_uav=0.19 m
[INFO] [1790222453.177699363] [sage_mission_manager]: VALIDATED VIEWPOINT PUBLISHED
[INFO] [1790222453.377866534] [sage_mission_manager]: VIEWPOINT ACCEPTED | position=(6.00, -6.00, -2.00) | distance_from_uav=0.19 m
[INFO] [1790222453.379018592] [sage_mission_manager]: VALIDATED VIEWPOINT PUBLISHED
[INFO] [1790222453.572730005] [sage_mission_manager]: VIEWPOINT ACCEPTED | position=(6.00, -6.00, -2.00) | distance_from_uav=0.19 m
[INFO] [1790222453.573514993] [sage_mission_manager]: VALIDATED VIEWPOINT PUBLISHED
[INFO] [1790222453.773497690] [sage_mission_manager]: VIEWPOINT ACCEPTED | position=(6.00, -6.00, -2.00) | distance_from_uav=0.19 m
[INFO] [1790222453.774028624] [sage_mission_manager]: VALIDATED VIEWPOINT PUBLISHED
[INFO] [1790222453.978469344] [sage_mission_manager]: VIEWPOINT ACCEPTED | position=(6.00, -6.00, -2.00) | distance_from_uav=0.18 m
[INFO] [1790222453.980800896] [sage_mission_manager]: VALIDATED VIEWPOINT PUBLISHED
[INFO] [1790222454.176990466] [sage_mission_manager]: VIEWPOINT ACCEPTED | position=(6.00, -6.00, -2.00) | distance_from_uav=0.17 m
[INFO] [1790222454.187389675] [sage_mission_manager]: VALIDATED VIEWPOINT PUBLISHED
[INFO] [1790222454.373312628] [sage_mission_manager]: VIEWPOINT ACCEPTED | position=(6.00, -6.00, -2.00) | distance_from_uav=0.16 m
[INFO] [1790222454.374015236] [sage_mission_manager]: VALIDATED VIEWPOINT PUBLISHED
[INFO] [1790222454.573330502] [sage_mission_manager]: VIEWPOINT ACCEPTED | position=(6.00, -6.00, -2.00) | distance_from_uav=0.15 m
[INFO] [1790222454.574040107] [sage_mission_manager]: VALIDATED VIEWPOINT PUBLISHED
[INFO] [1790222454.774547120] [sage_mission_manager]: VIEWPOINT ACCEPTED | position=(6.00, -6.00, -2.00) | distance_from_uav=0.14 m
[INFO] [1790222454.775323463] [sage_mission_manager]: VALIDATED VIEWPOINT PUBLISHED
[INFO] [1790222454.972410232] [sage_mission_manager]: VIEWPOINT ACCEPTED | position=(6.00, -6.00, -2.00) | distance_from_uav=0.13 m
[INFO] [1790222454.973423766] [sage_mission_manager]: VALIDATED VIEWPOINT PUBLISHED
[INFO] [1790222455.176265925] [sage_mission_manager]: VIEWPOINT ACCEPTED | position=(6.00, -6.00, -2.00) | distance_from_uav=0.11 m
[INFO] [1790222455.176786470] [sage_mission_manager]: VALIDATED VIEWPOINT PUBLISHED
[INFO] [1790222455.374953897] [sage_mission_manager]: VIEWPOINT ACCEPTED | position=(6.00, -6.00, -2.00) | distance_from_uav=0.11 m
[INFO] [1790222455.375631866] [sage_mission_manager]: VALIDATED VIEWPOINT PUBLISHED
[INFO] [1790222455.574564288] [sage_mission_manager]: VIEWPOINT ACCEPTED | position=(6.00, -6.00, -2.00) | distance_from_uav=0.10 m
[INFO] [1790222455.575235737] [sage_mission_manager]: VALIDATED VIEWPOINT PUBLISHED
[INFO] [1790222455.777591641] [sage_mission_manager]: VIEWPOINT ACCEPTED | position=(6.00, -6.00, -2.00) | distance_from_uav=0.09 m
[INFO] [1790222455.783286725] [sage_mission_manager]: VALIDATED VIEWPOINT PUBLISHED
[INFO] [1790222455.975757626] [sage_mission_manager]: VIEWPOINT ACCEPTED | position=(6.00, -6.00, -2.00) | distance_from_uav=0.08 m
[INFO] [1790222455.976328700] [sage_mission_manager]: VALIDATED VIEWPOINT PUBLISHED
[INFO] [1790222456.174047111] [sage_mission_manager]: VIEWPOINT ACCEPTED | position=(6.00, -6.00, -2.00) | distance_from_uav=0.08 m
[INFO] [1790222456.177596040] [sage_mission_manager]: VALIDATED VIEWPOINT PUBLISHED
[INFO] [1790222456.374740199] [sage_mission_manager]: VIEWPOINT ACCEPTED | position=(6.00, -6.00, -2.00) | distance_from_uav=0.07 m
[INFO] [1790222456.375762725] [sage_mission_manager]: VALIDATED VIEWPOINT PUBLISHED
[INFO] [1790222456.572422500] [sage_mission_manager]: VIEWPOINT ACCEPTED | position=(6.00, -6.00, -2.00) | distance_from_uav=0.07 m
[INFO] [1790222456.573310763] [sage_mission_manager]: VALIDATED VIEWPOINT PUBLISHED
[INFO] [1790222456.772752002] [sage_mission_manager]: VIEWPOINT ACCEPTED | position=(6.00, -6.00, -2.00) | distance_from_uav=0.07 m
[INFO] [1790222456.775436970] [sage_mission_manager]: VALIDATED VIEWPOINT PUBLISHED
[INFO] [1790222456.981967452] [sage_mission_manager]: VIEWPOINT ACCEPTED | position=(6.00, -6.00, -2.00) | distance_from_uav=0.06 m
[INFO] [1790222456.982535039] [sage_mission_manager]: VALIDATED VIEWPOINT PUBLISHED
[INFO] [1790222457.173466730] [sage_mission_manager]: VIEWPOINT ACCEPTED | position=(6.00, -6.00, -2.00) | distance_from_uav=0.06 m
[INFO] [1790222457.177864042] [sage_mission_manager]: VALIDATED VIEWPOINT PUBLISHED
[INFO] [1790222457.380023283] [sage_mission_manager]: VIEWPOINT ACCEPTED | position=(6.00, -6.00, -2.00) | distance_from_uav=0.05 m
[INFO] [1790222457.381991759] [sage_mission_manager]: VALIDATED VIEWPOINT PUBLISHED
[INFO] [1790222457.572671097] [sage_mission_manager]: VIEWPOINT ACCEPTED | position=(6.00, -6.00, -2.00) | distance_from_uav=0.05 m
[INFO] [1790222457.573238808] [sage_mission_manager]: VALIDATED VIEWPOINT PUBLISHED
[INFO] [1790222457.774802782] [sage_mission_manager]: VIEWPOINT ACCEPTED | position=(6.00, -6.00, -2.00) | distance_from_uav=0.04 m
[INFO] [1790222457.778565749] [sage_mission_manager]: VALIDATED VIEWPOINT PUBLISHED
[INFO] [1790222457.981469437] [sage_mission_manager]: VIEWPOINT ACCEPTED | position=(6.00, -6.00, -2.00) | distance_from_uav=0.04 m
[INFO] [1790222457.986689470] [sage_mission_manager]: VALIDATED VIEWPOINT PUBLISHED
[INFO] [1790222458.171883791] [sage_mission_manager]: VIEWPOINT ACCEPTED | position=(6.00, -6.00, -2.00) | distance_from_uav=0.03 m
[INFO] [1790222458.173777610] [sage_mission_manager]: VALIDATED VIEWPOINT PUBLISHED
[INFO] [1790222458.380204844] [sage_mission_manager]: VIEWPOINT ACCEPTED | position=(6.00, -6.00, -2.00) | distance_from_uav=0.02 m
[INFO] [1790222458.382555639] [sage_mission_manager]: VALIDATED VIEWPOINT PUBLISHED
[INFO] [1790222458.573178186] [sage_mission_manager]: VIEWPOINT ACCEPTED | position=(6.00, -6.00, -2.00) | distance_from_uav=0.01 m
[INFO] [1790222458.573840571] [sage_mission_manager]: VALIDATED VIEWPOINT PUBLISHED
[INFO] [1790222458.773474136] [sage_mission_manager]: VIEWPOINT ACCEPTED | position=(6.00, -6.00, -2.00) | distance_from_uav=0.01 m
[INFO] [1790222458.774006862] [sage_mission_manager]: VALIDATED VIEWPOINT PUBLISHED
[INFO] [1790222458.975145313] [sage_mission_manager]: VIEWPOINT ACCEPTED | position=(6.00, -6.00, -2.00) | distance_from_uav=0.01 m
[INFO] [1790222458.975957003] [sage_mission_manager]: VALIDATED VIEWPOINT PUBLISHED
[INFO] [1790222459.172620812] [sage_mission_manager]: VIEWPOINT ACCEPTED | position=(6.00, -6.00, -2.00) | distance_from_uav=0.01 m
[INFO] [1790222459.173250871] [sage_mission_manager]: VALIDATED VIEWPOINT PUBLISHED
[INFO] [1790222459.373862508] [sage_mission_manager]: VIEWPOINT ACCEPTED | position=(6.00, -6.00, -2.00) | distance_from_uav=0.01 m
[INFO] [1790222459.378063481] [sage_mission_manager]: VALIDATED VIEWPOINT PUBLISHED
[INFO] [1790222459.582496270] [sage_mission_manager]: VIEWPOINT ACCEPTED | position=(5.30, -6.00, -2.00) | distance_from_uav=0.70 m
[INFO] [1790222459.587246344] [sage_mission_manager]: VALIDATED VIEWPOINT PUBLISHED
[INFO] [1790222459.783648262] [sage_mission_manager]: VIEWPOINT ACCEPTED | position=(4.60, -6.00, -2.00) | distance_from_uav=1.41 m
[INFO] [1790222459.786042960] [sage_mission_manager]: VALIDATED VIEWPOINT PUBLISHED
[INFO] [1790222459.971305179] [sage_mission_manager]: VIEWPOINT ACCEPTED | position=(3.90, -6.00, -2.00) | distance_from_uav=2.10 m
[INFO] [1790222459.971802003] [sage_mission_manager]: VALIDATED VIEWPOINT PUBLISHED
[INFO] [1790222460.180188199] [sage_mission_manager]: VIEWPOINT ACCEPTED | position=(3.20, -6.00, -2.00) | distance_from_uav=2.78 m
[INFO] [1790222460.180951959] [sage_mission_manager]: VALIDATED VIEWPOINT PUBLISHED
[INFO] [1790222460.376950413] [sage_mission_manager]: VIEWPOINT ACCEPTED | position=(2.50, -6.00, -2.00) | distance_from_uav=3.41 m
[INFO] [1790222460.383370975] [sage_mission_manager]: VALIDATED VIEWPOINT PUBLISHED
[INFO] [1790222460.579508366] [sage_mission_manager]: VIEWPOINT ACCEPTED | position=(2.50, -6.00, -2.00) | distance_from_uav=3.30 m
[INFO] [1790222460.582496542] [sage_mission_manager]: VALIDATED VIEWPOINT PUBLISHED
[INFO] [1790222460.776023532] [sage_mission_manager]: VIEWPOINT ACCEPTED | position=(2.50, -6.00, -2.00) | distance_from_uav=3.14 m
[INFO] [1790222460.778301628] [sage_mission_manager]: VALIDATED VIEWPOINT PUBLISHED
[INFO] [1790222460.978932664] [sage_mission_manager]: VIEWPOINT ACCEPTED | position=(1.80, -6.00, -2.00) | distance_from_uav=3.60 m
[INFO] [1790222460.982665772] [sage_mission_manager]: VALIDATED VIEWPOINT PUBLISHED
[INFO] [1790222461.171011564] [sage_mission_manager]: VIEWPOINT ACCEPTED | position=(1.80, -6.00, -2.00) | distance_from_uav=3.28 m
[INFO] [1790222461.171669807] [sage_mission_manager]: VALIDATED VIEWPOINT PUBLISHED
[INFO] [1790222461.391154175] [sage_mission_manager]: VIEWPOINT ACCEPTED | position=(1.10, -6.00, -2.00) | distance_from_uav=3.59 m
[INFO] [1790222461.392765440] [sage_mission_manager]: VALIDATED VIEWPOINT PUBLISHED
[INFO] [1790222461.576997990] [sage_mission_manager]: VIEWPOINT ACCEPTED | position=(1.10, -6.00, -2.00) | distance_from_uav=3.25 m
[INFO] [1790222461.581531976] [sage_mission_manager]: VALIDATED VIEWPOINT PUBLISHED
[INFO] [1790222461.775194874] [sage_mission_manager]: VIEWPOINT ACCEPTED | position=(0.40, -6.00, -2.00) | distance_from_uav=3.57 m
[INFO] [1790222461.775969042] [sage_mission_manager]: VALIDATED VIEWPOINT PUBLISHED
[INFO] [1790222461.976956968] [sage_mission_manager]: VIEWPOINT ACCEPTED | position=(0.40, -6.00, -2.00) | distance_from_uav=3.14 m
[INFO] [1790222461.978866426] [sage_mission_manager]: VALIDATED VIEWPOINT PUBLISHED
[INFO] [1790222462.173314523] [sage_mission_manager]: VIEWPOINT ACCEPTED | position=(0.00, -6.00, -2.00) | distance_from_uav=3.19 m
[INFO] [1790222462.175683773] [sage_mission_manager]: VALIDATED VIEWPOINT PUBLISHED
[INFO] [1790222462.373990013] [sage_mission_manager]: VIEWPOINT ACCEPTED | position=(0.00, -6.00, -2.00) | distance_from_uav=2.81 m
[INFO] [1790222462.374937857] [sage_mission_manager]: VALIDATED VIEWPOINT PUBLISHED
[INFO] [1790222462.588855167] [sage_mission_manager]: VIEWPOINT ACCEPTED | position=(0.00, -6.00, -2.00) | distance_from_uav=2.37 m
[INFO] [1790222462.589801594] [sage_mission_manager]: VALIDATED VIEWPOINT PUBLISHED
[INFO] [1790222462.781296121] [sage_mission_manager]: VIEWPOINT ACCEPTED | position=(0.00, -6.00, -2.00) | distance_from_uav=1.93 m
[INFO] [1790222462.782025973] [sage_mission_manager]: VALIDATED VIEWPOINT PUBLISHED
[INFO] [1790222462.985882089] [sage_mission_manager]: VIEWPOINT ACCEPTED | position=(0.00, -6.00, -2.00) | distance_from_uav=1.61 m
[INFO] [1790222462.987050825] [sage_mission_manager]: VALIDATED VIEWPOINT PUBLISHED
[INFO] [1790222463.185234773] [sage_mission_manager]: VIEWPOINT ACCEPTED | position=(0.00, -6.00, -2.00) | distance_from_uav=1.32 m
[INFO] [1790222463.185949936] [sage_mission_manager]: VALIDATED VIEWPOINT PUBLISHED
[INFO] [1790222463.378574029] [sage_mission_manager]: VIEWPOINT ACCEPTED | position=(0.00, -6.00, -2.00) | distance_from_uav=1.07 m
[INFO] [1790222463.379538664] [sage_mission_manager]: VALIDATED VIEWPOINT PUBLISHED
[INFO] [1790222463.581303895] [sage_mission_manager]: VIEWPOINT ACCEPTED | position=(0.00, -6.00, -2.00) | distance_from_uav=0.80 m
[INFO] [1790222463.582559977] [sage_mission_manager]: VALIDATED VIEWPOINT PUBLISHED
[INFO] [1790222463.774482350] [sage_mission_manager]: VIEWPOINT ACCEPTED | position=(0.00, -6.00, -2.00) | distance_from_uav=0.60 m
[INFO] [1790222463.781637112] [sage_mission_manager]: VALIDATED VIEWPOINT PUBLISHED
[INFO] [1790222463.981376128] [sage_mission_manager]: VIEWPOINT ACCEPTED | position=(0.00, -6.00, -2.00) | distance_from_uav=0.41 m
[INFO] [1790222463.982515438] [sage_mission_manager]: VALIDATED VIEWPOINT PUBLISHED
[INFO] [1790222464.173320078] [sage_mission_manager]: VIEWPOINT ACCEPTED | position=(0.00, -6.00, -2.00) | distance_from_uav=0.27 m
[INFO] [1790222464.173889174] [sage_mission_manager]: VALIDATED VIEWPOINT PUBLISHED
[INFO] [1790222464.373856020] [sage_mission_manager]: VIEWPOINT ACCEPTED | position=(0.00, -6.00, -2.00) | distance_from_uav=0.19 m
[INFO] [1790222464.374609646] [sage_mission_manager]: VALIDATED VIEWPOINT PUBLISHED
[INFO] [1790222464.574059314] [sage_mission_manager]: VIEWPOINT ACCEPTED | position=(0.00, -6.00, -2.00) | distance_from_uav=0.11 m
[INFO] [1790222464.574686593] [sage_mission_manager]: VALIDATED VIEWPOINT PUBLISHED
[INFO] [1790222464.772595110] [sage_mission_manager]: VIEWPOINT ACCEPTED | position=(0.00, -6.00, -2.00) | distance_from_uav=0.08 m
[INFO] [1790222464.773430542] [sage_mission_manager]: VALIDATED VIEWPOINT PUBLISHED
[INFO] [1790222464.980268913] [sage_mission_manager]: VIEWPOINT ACCEPTED | position=(0.00, -6.00, -2.00) | distance_from_uav=0.08 m
[INFO] [1790222464.980873928] [sage_mission_manager]: VALIDATED VIEWPOINT PUBLISHED
[INFO] [1790222465.175669252] [sage_mission_manager]: VIEWPOINT ACCEPTED | position=(0.00, -6.00, -2.00) | distance_from_uav=0.10 m
[INFO] [1790222465.180642282] [sage_mission_manager]: VALIDATED VIEWPOINT PUBLISHED
[INFO] [1790222465.378747484] [sage_mission_manager]: VIEWPOINT ACCEPTED | position=(0.00, -6.00, -2.00) | distance_from_uav=0.11 m
[INFO] [1790222465.379640757] [sage_mission_manager]: VALIDATED VIEWPOINT PUBLISHED
[INFO] [1790222465.572093443] [sage_mission_manager]: VIEWPOINT ACCEPTED | position=(0.00, -6.00, -2.00) | distance_from_uav=0.12 m
[INFO] [1790222465.572631567] [sage_mission_manager]: VALIDATED VIEWPOINT PUBLISHED
[INFO] [1790222465.783644182] [sage_mission_manager]: VIEWPOINT ACCEPTED | position=(0.00, -6.00, -2.00) | distance_from_uav=0.12 m
[INFO] [1790222465.791558809] [sage_mission_manager]: VALIDATED VIEWPOINT PUBLISHED
[INFO] [1790222465.972142785] [sage_mission_manager]: VIEWPOINT ACCEPTED | position=(0.00, -6.00, -2.00) | distance_from_uav=0.12 m
[INFO] [1790222465.973397059] [sage_mission_manager]: VALIDATED VIEWPOINT PUBLISHED
[INFO] [1790222466.177571842] [sage_mission_manager]: VIEWPOINT ACCEPTED | position=(0.00, -6.00, -2.00) | distance_from_uav=0.12 m
[INFO] [1790222466.178119795] [sage_mission_manager]: VALIDATED VIEWPOINT PUBLISHED
[INFO] [1790222466.385089893] [sage_mission_manager]: VIEWPOINT ACCEPTED | position=(0.00, -6.00, -2.00) | distance_from_uav=0.12 m
[INFO] [1790222466.385667155] [sage_mission_manager]: VALIDATED VIEWPOINT PUBLISHED
[INFO] [1790222466.586611430] [sage_mission_manager]: VIEWPOINT ACCEPTED | position=(0.00, -6.00, -2.00) | distance_from_uav=0.11 m
[INFO] [1790222466.587476239] [sage_mission_manager]: VALIDATED VIEWPOINT PUBLISHED
[INFO] [1790222466.772500657] [sage_mission_manager]: VIEWPOINT ACCEPTED | position=(0.00, -6.00, -2.00) | distance_from_uav=0.11 m
[INFO] [1790222466.775003982] [sage_mission_manager]: VALIDATED VIEWPOINT PUBLISHED
[INFO] [1790222466.975728901] [sage_mission_manager]: VIEWPOINT ACCEPTED | position=(0.00, -6.00, -2.00) | distance_from_uav=0.11 m
[INFO] [1790222466.976294865] [sage_mission_manager]: VALIDATED VIEWPOINT PUBLISHED
[INFO] [1790222467.175354191] [sage_mission_manager]: VIEWPOINT ACCEPTED | position=(0.00, -6.00, -2.00) | distance_from_uav=0.11 m
[INFO] [1790222467.175903924] [sage_mission_manager]: VALIDATED VIEWPOINT PUBLISHED
[INFO] [1790222467.373621383] [sage_mission_manager]: VIEWPOINT ACCEPTED | position=(0.00, -6.00, -2.00) | distance_from_uav=0.11 m
[INFO] [1790222467.374157995] [sage_mission_manager]: VALIDATED VIEWPOINT PUBLISHED
[INFO] [1790222467.571838221] [sage_mission_manager]: VIEWPOINT ACCEPTED | position=(0.00, -6.00, -2.00) | distance_from_uav=0.11 m
[INFO] [1790222467.577433210] [sage_mission_manager]: VALIDATED VIEWPOINT PUBLISHED
[INFO] [1790222467.781676636] [sage_mission_manager]: VIEWPOINT ACCEPTED | position=(0.00, -6.00, -2.00) | distance_from_uav=0.11 m
[INFO] [1790222467.782614127] [sage_mission_manager]: VALIDATED VIEWPOINT PUBLISHED
[INFO] [1790222467.973667063] [sage_mission_manager]: VIEWPOINT ACCEPTED | position=(0.00, -6.00, -2.00) | distance_from_uav=0.10 m
[INFO] [1790222467.974322418] [sage_mission_manager]: VALIDATED VIEWPOINT PUBLISHED
[INFO] [1790222468.178057859] [sage_mission_manager]: VIEWPOINT ACCEPTED | position=(0.00, -6.00, -2.00) | distance_from_uav=0.10 m
[INFO] [1790222468.178824765] [sage_mission_manager]: VALIDATED VIEWPOINT PUBLISHED
[INFO] [1790222468.381175476] [sage_mission_manager]: VIEWPOINT ACCEPTED | position=(0.00, -6.00, -2.00) | distance_from_uav=0.09 m
[INFO] [1790222468.383628812] [sage_mission_manager]: VALIDATED VIEWPOINT PUBLISHED
[INFO] [1790222468.576112701] [sage_mission_manager]: VIEWPOINT ACCEPTED | position=(0.00, -6.00, -2.00) | distance_from_uav=0.09 m
[INFO] [1790222468.579541383] [sage_mission_manager]: VALIDATED VIEWPOINT PUBLISHED
[INFO] [1790222468.782623762] [sage_mission_manager]: VIEWPOINT ACCEPTED | position=(0.00, -6.00, -2.00) | distance_from_uav=0.09 m
[INFO] [1790222468.787109035] [sage_mission_manager]: VALIDATED VIEWPOINT PUBLISHED
[INFO] [1790222468.975625154] [sage_mission_manager]: VIEWPOINT ACCEPTED | position=(0.00, -6.00, -2.00) | distance_from_uav=0.08 m
[INFO] [1790222468.976630927] [sage_mission_manager]: VALIDATED VIEWPOINT PUBLISHED
[INFO] [1790222469.176776422] [sage_mission_manager]: VIEWPOINT ACCEPTED | position=(0.00, -6.00, -2.00) | distance_from_uav=0.08 m
[INFO] [1790222469.177439757] [sage_mission_manager]: VALIDATED VIEWPOINT PUBLISHED
[INFO] [1790222469.375901182] [sage_mission_manager]: VIEWPOINT ACCEPTED | position=(0.00, -6.00, -2.00) | distance_from_uav=0.08 m
[INFO] [1790222469.376434590] [sage_mission_manager]: VALIDATED VIEWPOINT PUBLISHED
[INFO] [1790222469.571831303] [sage_mission_manager]: VIEWPOINT ACCEPTED | position=(0.00, -6.00, -2.00) | distance_from_uav=0.08 m
[INFO] [1790222469.572452519] [sage_mission_manager]: VALIDATED VIEWPOINT PUBLISHED
[INFO] [1790222469.771413584] [sage_mission_manager]: VIEWPOINT ACCEPTED | position=(0.00, -6.00, -2.00) | distance_from_uav=0.08 m
[INFO] [1790222469.771970236] [sage_mission_manager]: VALIDATED VIEWPOINT PUBLISHED
[INFO] [1790222469.972557742] [sage_mission_manager]: VIEWPOINT ACCEPTED | position=(0.00, -6.00, -2.00) | distance_from_uav=0.07 m
[INFO] [1790222469.977518009] [sage_mission_manager]: VALIDATED VIEWPOINT PUBLISHED
[INFO] [1790222470.177771672] [sage_mission_manager]: VIEWPOINT ACCEPTED | position=(0.00, -6.00, -2.00) | distance_from_uav=0.08 m
[INFO] [1790222470.178548739] [sage_mission_manager]: VALIDATED VIEWPOINT PUBLISHED
[INFO] [1790222470.379766381] [sage_mission_manager]: VIEWPOINT ACCEPTED | position=(0.00, -6.00, -2.00) | distance_from_uav=0.08 m
[INFO] [1790222470.380505041] [sage_mission_manager]: VALIDATED VIEWPOINT PUBLISHED
[INFO] [1790222470.571571002] [sage_mission_manager]: VIEWPOINT ACCEPTED | position=(0.00, -6.00, -2.00) | distance_from_uav=0.08 m
[INFO] [1790222470.572144142] [sage_mission_manager]: VALIDATED VIEWPOINT PUBLISHED
[INFO] [1790222470.773272133] [sage_mission_manager]: VIEWPOINT ACCEPTED | position=(0.00, -6.00, -2.00) | distance_from_uav=0.08 m
[INFO] [1790222470.775902018] [sage_mission_manager]: VALIDATED VIEWPOINT PUBLISHED
[INFO] [1790222470.976141466] [sage_mission_manager]: VIEWPOINT ACCEPTED | position=(0.00, -6.00, -2.00) | distance_from_uav=0.08 m
[INFO] [1790222470.976907296] [sage_mission_manager]: VALIDATED VIEWPOINT PUBLISHED
[INFO] [1790222471.175798364] [sage_mission_manager]: VIEWPOINT ACCEPTED | position=(0.00, -6.00, -2.00) | distance_from_uav=0.08 m
[INFO] [1790222471.176525586] [sage_mission_manager]: VALIDATED VIEWPOINT PUBLISHED
[INFO] [1790222471.377954760] [sage_mission_manager]: VIEWPOINT ACCEPTED | position=(0.00, -6.00, -2.00) | distance_from_uav=0.08 m
[INFO] [1790222471.379209693] [sage_mission_manager]: VALIDATED VIEWPOINT PUBLISHED
[INFO] [1790222471.584383979] [sage_mission_manager]: VIEWPOINT ACCEPTED | position=(0.00, -6.00, -2.00) | distance_from_uav=0.09 m
[INFO] [1790222471.585248812] [sage_mission_manager]: VALIDATED VIEWPOINT PUBLISHED
[INFO] [1790222471.772898511] [sage_mission_manager]: VIEWPOINT ACCEPTED | position=(0.00, -6.00, -2.00) | distance_from_uav=0.08 m
[INFO] [1790222471.773620582] [sage_mission_manager]: VALIDATED VIEWPOINT PUBLISHED
[INFO] [1790222471.972295621] [sage_mission_manager]: VIEWPOINT ACCEPTED | position=(0.00, -6.00, -2.00) | distance_from_uav=0.08 m
[INFO] [1790222471.982547752] [sage_mission_manager]: VALIDATED VIEWPOINT PUBLISHED
[INFO] [1790222472.177581592] [sage_mission_manager]: VIEWPOINT ACCEPTED | position=(0.00, -6.00, -2.00) | distance_from_uav=0.08 m
[INFO] [1790222472.187808944] [sage_mission_manager]: VALIDATED VIEWPOINT PUBLISHED
[INFO] [1790222472.373638903] [sage_mission_manager]: VIEWPOINT ACCEPTED | position=(0.00, -6.00, -2.00) | distance_from_uav=0.08 m
[INFO] [1790222472.376972389] [sage_mission_manager]: VALIDATED VIEWPOINT PUBLISHED
[INFO] [1790222472.573941974] [sage_mission_manager]: VIEWPOINT ACCEPTED | position=(0.00, -5.30, -2.00) | distance_from_uav=0.64 m
[INFO] [1790222472.574498043] [sage_mission_manager]: VALIDATED VIEWPOINT PUBLISHED
[INFO] [1790222472.772459336] [sage_mission_manager]: VIEWPOINT ACCEPTED | position=(0.00, -4.60, -2.00) | distance_from_uav=1.35 m
[INFO] [1790222472.773061139] [sage_mission_manager]: VALIDATED VIEWPOINT PUBLISHED
[INFO] [1790222472.971206183] [sage_mission_manager]: VIEWPOINT ACCEPTED | position=(0.00, -3.90, -2.00) | distance_from_uav=2.05 m
[INFO] [1790222472.971893858] [sage_mission_manager]: VALIDATED VIEWPOINT PUBLISHED
[INFO] [1790222473.174471737] [sage_mission_manager]: VIEWPOINT ACCEPTED | position=(0.00, -3.20, -2.00) | distance_from_uav=2.72 m
[INFO] [1790222473.175221246] [sage_mission_manager]: VALIDATED VIEWPOINT PUBLISHED
[INFO] [1790222473.373468613] [sage_mission_manager]: VIEWPOINT ACCEPTED | position=(0.00, -2.50, -2.00) | distance_from_uav=3.35 m
[INFO] [1790222473.375109349] [sage_mission_manager]: VALIDATED VIEWPOINT PUBLISHED
[INFO] [1790222473.571760846] [sage_mission_manager]: VIEWPOINT ACCEPTED | position=(0.00, -2.50, -2.00) | distance_from_uav=3.25 m
[INFO] [1790222473.575333380] [sage_mission_manager]: VALIDATED VIEWPOINT PUBLISHED
[INFO] [1790222473.773680047] [sage_mission_manager]: VIEWPOINT ACCEPTED | position=(0.00, -2.50, -2.00) | distance_from_uav=3.06 m
[INFO] [1790222473.774337572] [sage_mission_manager]: VALIDATED VIEWPOINT PUBLISHED
[INFO] [1790222473.975625077] [sage_mission_manager]: VIEWPOINT ACCEPTED | position=(0.00, -1.80, -2.00) | distance_from_uav=3.51 m
[INFO] [1790222473.976395813] [sage_mission_manager]: VALIDATED VIEWPOINT PUBLISHED
[INFO] [1790222474.175672441] [sage_mission_manager]: VIEWPOINT ACCEPTED | position=(0.00, -1.80, -2.00) | distance_from_uav=3.15 m
[INFO] [1790222474.177002056] [sage_mission_manager]: VALIDATED VIEWPOINT PUBLISHED
[INFO] [1790222474.375920605] [sage_mission_manager]: VIEWPOINT ACCEPTED | position=(0.00, -1.10, -2.00) | distance_from_uav=3.53 m
[INFO] [1790222474.376627526] [sage_mission_manager]: VALIDATED VIEWPOINT PUBLISHED
[INFO] [1790222474.576401575] [sage_mission_manager]: VIEWPOINT ACCEPTED | position=(0.00, -1.10, -2.00) | distance_from_uav=3.16 m
[INFO] [1790222474.577371922] [sage_mission_manager]: VALIDATED VIEWPOINT PUBLISHED
[INFO] [1790222474.777605909] [sage_mission_manager]: VIEWPOINT ACCEPTED | position=(0.00, -0.40, -2.00) | distance_from_uav=3.39 m
[INFO] [1790222474.778397312] [sage_mission_manager]: VALIDATED VIEWPOINT PUBLISHED
[INFO] [1790222474.975791734] [sage_mission_manager]: VIEWPOINT ACCEPTED | position=(0.00, 0.00, -2.00) | distance_from_uav=3.39 m
[INFO] [1790222474.977451970] [sage_mission_manager]: VALIDATED VIEWPOINT PUBLISHED
[INFO] [1790222475.174877214] [sage_mission_manager]: VIEWPOINT ACCEPTED | position=(0.00, 0.00, -2.00) | distance_from_uav=3.04 m
[INFO] [1790222475.175623174] [sage_mission_manager]: VALIDATED VIEWPOINT PUBLISHED
[INFO] [1790222475.373545165] [sage_mission_manager]: VIEWPOINT ACCEPTED | position=(0.00, 0.00, -2.00) | distance_from_uav=2.60 m
[INFO] [1790222475.376922764] [sage_mission_manager]: VALIDATED VIEWPOINT PUBLISHED
[INFO] [1790222475.576315800] [sage_mission_manager]: VIEWPOINT ACCEPTED | position=(0.00, 0.00, -2.00) | distance_from_uav=2.28 m
[INFO] [1790222475.576990995] [sage_mission_manager]: VALIDATED VIEWPOINT PUBLISHED
[INFO] [1790222475.775058418] [sage_mission_manager]: VIEWPOINT ACCEPTED | position=(0.00, 0.00, -2.00) | distance_from_uav=1.89 m
[INFO] [1790222475.775923758] [sage_mission_manager]: VALIDATED VIEWPOINT PUBLISHED
[INFO] [1790222475.978585694] [sage_mission_manager]: VIEWPOINT ACCEPTED | position=(0.00, 0.00, -2.00) | distance_from_uav=1.62 m
[INFO] [1790222475.979385754] [sage_mission_manager]: VALIDATED VIEWPOINT PUBLISHED
[INFO] [1790222476.174810124] [sage_mission_manager]: VIEWPOINT ACCEPTED | position=(0.00, 0.00, -2.00) | distance_from_uav=1.36 m
[INFO] [1790222476.175982343] [sage_mission_manager]: VALIDATED VIEWPOINT PUBLISHED
[INFO] [1790222476.380345510] [sage_mission_manager]: VIEWPOINT ACCEPTED | position=(0.00, 0.00, -2.00) | distance_from_uav=1.03 m
[INFO] [1790222476.381230015] [sage_mission_manager]: VALIDATED VIEWPOINT PUBLISHED
[INFO] [1790222476.571627662] [sage_mission_manager]: VIEWPOINT ACCEPTED | position=(0.00, 0.00, -2.00) | distance_from_uav=0.79 m
[INFO] [1790222476.572387474] [sage_mission_manager]: VALIDATED VIEWPOINT PUBLISHED
[INFO] [1790222476.775772343] [sage_mission_manager]: VIEWPOINT ACCEPTED | position=(0.00, 0.00, -2.00) | distance_from_uav=0.60 m
[INFO] [1790222476.776689660] [sage_mission_manager]: VALIDATED VIEWPOINT PUBLISHED
[INFO] [1790222476.971671516] [sage_mission_manager]: VIEWPOINT ACCEPTED | position=(0.00, 0.00, -2.00) | distance_from_uav=0.44 m
[INFO] [1790222476.972443226] [sage_mission_manager]: VALIDATED VIEWPOINT PUBLISHED
[INFO] [1790222477.173662874] [sage_mission_manager]: VIEWPOINT ACCEPTED | position=(0.00, 0.00, -2.00) | distance_from_uav=0.29 m
[INFO] [1790222477.174576889] [sage_mission_manager]: VALIDATED VIEWPOINT PUBLISHED
[INFO] [1790222477.378274760] [sage_mission_manager]: VIEWPOINT ACCEPTED | position=(0.00, 0.00, -2.00) | distance_from_uav=0.18 m
[INFO] [1790222477.379699958] [sage_mission_manager]: VALIDATED VIEWPOINT PUBLISHED
[INFO] [1790222477.574272459] [sage_mission_manager]: VIEWPOINT ACCEPTED | position=(0.00, 0.00, -2.00) | distance_from_uav=0.11 m
[INFO] [1790222477.576626141] [sage_mission_manager]: VALIDATED VIEWPOINT PUBLISHED
[INFO] [1790222477.772451933] [sage_mission_manager]: VIEWPOINT ACCEPTED | position=(0.00, 0.00, -2.00) | distance_from_uav=0.08 m
[INFO] [1790222477.772996711] [sage_mission_manager]: VALIDATED VIEWPOINT PUBLISHED
[INFO] [1790222477.976144060] [sage_mission_manager]: VIEWPOINT ACCEPTED | position=(0.00, 0.00, -2.00) | distance_from_uav=0.10 m
[INFO] [1790222477.976812939] [sage_mission_manager]: VALIDATED VIEWPOINT PUBLISHED
[INFO] [1790222478.175629000] [sage_mission_manager]: VIEWPOINT ACCEPTED | position=(0.00, 0.00, -2.00) | distance_from_uav=0.12 m
[INFO] [1790222478.177263827] [sage_mission_manager]: VALIDATED VIEWPOINT PUBLISHED
[INFO] [1790222478.378037955] [sage_mission_manager]: VIEWPOINT ACCEPTED | position=(0.00, 0.00, -2.00) | distance_from_uav=0.14 m
[INFO] [1790222478.378966120] [sage_mission_manager]: VALIDATED VIEWPOINT PUBLISHED
[INFO] [1790222478.572463823] [sage_mission_manager]: VIEWPOINT ACCEPTED | position=(0.00, 0.00, -2.00) | distance_from_uav=0.15 m
[INFO] [1790222478.573153992] [sage_mission_manager]: VALIDATED VIEWPOINT PUBLISHED
[INFO] [1790222478.772966098] [sage_mission_manager]: VIEWPOINT ACCEPTED | position=(0.00, 0.00, -2.00) | distance_from_uav=0.15 m
[INFO] [1790222478.773549302] [sage_mission_manager]: VALIDATED VIEWPOINT PUBLISHED
[INFO] [1790222478.972313239] [sage_mission_manager]: VIEWPOINT ACCEPTED | position=(0.00, 0.00, -2.00) | distance_from_uav=0.15 m
[INFO] [1790222478.972852164] [sage_mission_manager]: VALIDATED VIEWPOINT PUBLISHED
[INFO] [1790222479.176101343] [sage_mission_manager]: VIEWPOINT ACCEPTED | position=(0.00, 0.00, -2.00) | distance_from_uav=0.14 m
[INFO] [1790222479.176637404] [sage_mission_manager]: VALIDATED VIEWPOINT PUBLISHED
[INFO] [1790222479.380047601] [sage_mission_manager]: VIEWPOINT ACCEPTED | position=(0.00, 0.00, -2.00) | distance_from_uav=0.12 m
[INFO] [1790222479.383848825] [sage_mission_manager]: VALIDATED VIEWPOINT PUBLISHED
[INFO] [1790222479.577402323] [sage_mission_manager]: VIEWPOINT ACCEPTED | position=(0.00, 0.00, -2.00) | distance_from_uav=0.11 m
[INFO] [1790222479.578276024] [sage_mission_manager]: VALIDATED VIEWPOINT PUBLISHED
[INFO] [1790222479.778026186] [sage_mission_manager]: VIEWPOINT ACCEPTED | position=(0.00, 0.00, -2.00) | distance_from_uav=0.10 m
[INFO] [1790222479.778932658] [sage_mission_manager]: VALIDATED VIEWPOINT PUBLISHED
[INFO] [1790222479.979886735] [sage_mission_manager]: VIEWPOINT ACCEPTED | position=(0.00, 0.00, -2.00) | distance_from_uav=0.09 m
[INFO] [1790222479.983732106] [sage_mission_manager]: VALIDATED VIEWPOINT PUBLISHED
[INFO] [1790222480.182227698] [sage_mission_manager]: VIEWPOINT ACCEPTED | position=(0.00, 0.00, -2.00) | distance_from_uav=0.09 m
[INFO] [1790222480.186145105] [sage_mission_manager]: VALIDATED VIEWPOINT PUBLISHED
[INFO] [1790222480.375248208] [sage_mission_manager]: VIEWPOINT ACCEPTED | position=(0.00, 0.00, -2.00) | distance_from_uav=0.08 m
[INFO] [1790222480.378439513] [sage_mission_manager]: VALIDATED VIEWPOINT PUBLISHED
[INFO] [1790222480.578079808] [sage_mission_manager]: VIEWPOINT ACCEPTED | position=(0.00, 0.00, -2.00) | distance_from_uav=0.07 m
[INFO] [1790222480.578630936] [sage_mission_manager]: VALIDATED VIEWPOINT PUBLISHED
[INFO] [1790222480.773907827] [sage_mission_manager]: VIEWPOINT ACCEPTED | position=(0.00, 0.00, -2.00) | distance_from_uav=0.06 m
[INFO] [1790222480.777653190] [sage_mission_manager]: VALIDATED VIEWPOINT PUBLISHED
[INFO] [1790222480.976755464] [sage_mission_manager]: VIEWPOINT ACCEPTED | position=(0.00, 0.00, -2.00) | distance_from_uav=0.06 m
[INFO] [1790222480.978797250] [sage_mission_manager]: VALIDATED VIEWPOINT PUBLISHED
[INFO] [1790222481.174406527] [sage_mission_manager]: VIEWPOINT ACCEPTED | position=(0.00, 0.00, -2.00) | distance_from_uav=0.05 m
[INFO] [1790222481.174952127] [sage_mission_manager]: VALIDATED VIEWPOINT PUBLISHED
[INFO] [1790222481.376361198] [sage_mission_manager]: VIEWPOINT ACCEPTED | position=(0.00, 0.00, -2.00) | distance_from_uav=0.05 m
[INFO] [1790222481.377015954] [sage_mission_manager]: VALIDATED VIEWPOINT PUBLISHED
[INFO] [1790222481.573468947] [sage_mission_manager]: VIEWPOINT ACCEPTED | position=(0.00, 0.00, -2.00) | distance_from_uav=0.05 m
[INFO] [1790222481.575931806] [sage_mission_manager]: VALIDATED VIEWPOINT PUBLISHED
[INFO] [1790222481.774167915] [sage_mission_manager]: VIEWPOINT ACCEPTED | position=(0.00, 0.00, -2.00) | distance_from_uav=0.05 m
[INFO] [1790222481.774969886] [sage_mission_manager]: VALIDATED VIEWPOINT PUBLISHED
[INFO] [1790222481.975923361] [sage_mission_manager]: VIEWPOINT ACCEPTED | position=(0.00, 0.00, -2.00) | distance_from_uav=0.05 m
[INFO] [1790222481.976699479] [sage_mission_manager]: VALIDATED VIEWPOINT PUBLISHED
[INFO] [1790222482.171766050] [sage_mission_manager]: VIEWPOINT ACCEPTED | position=(0.00, 0.00, -2.00) | distance_from_uav=0.06 m
[INFO] [1790222482.172363728] [sage_mission_manager]: VALIDATED VIEWPOINT PUBLISHED
[INFO] [1790222482.376169288] [sage_mission_manager]: VIEWPOINT ACCEPTED | position=(0.00, 0.00, -2.00) | distance_from_uav=0.06 m
[INFO] [1790222482.377913086] [sage_mission_manager]: VALIDATED VIEWPOINT PUBLISHED
[INFO] [1790222482.575848482] [sage_mission_manager]: VIEWPOINT ACCEPTED | position=(0.00, 0.00, -2.00) | distance_from_uav=0.06 m
[INFO] [1790222482.578607803] [sage_mission_manager]: VALIDATED VIEWPOINT PUBLISHED
[INFO] [1790222482.773464683] [sage_mission_manager]: VIEWPOINT ACCEPTED | position=(0.00, 0.00, -2.00) | distance_from_uav=0.06 m
[INFO] [1790222482.777881803] [sage_mission_manager]: VALIDATED VIEWPOINT PUBLISHED
[INFO] [1790222482.978688971] [sage_mission_manager]: VIEWPOINT ACCEPTED | position=(0.00, 0.00, -2.00) | distance_from_uav=0.06 m
[INFO] [1790222482.979449538] [sage_mission_manager]: VALIDATED VIEWPOINT PUBLISHED
[INFO] [1790222483.170660786] [sage_mission_manager]: VIEWPOINT ACCEPTED | position=(0.00, 0.00, -2.00) | distance_from_uav=0.06 m
[INFO] [1790222483.171192199] [sage_mission_manager]: VALIDATED VIEWPOINT PUBLISHED
[INFO] [1790222483.374533488] [sage_mission_manager]: VIEWPOINT ACCEPTED | position=(0.00, 0.00, -2.00) | distance_from_uav=0.06 m
[INFO] [1790222483.377585164] [sage_mission_manager]: VALIDATED VIEWPOINT PUBLISHED
[INFO] [1790222483.575207342] [sage_mission_manager]: VIEWPOINT ACCEPTED | position=(0.00, 0.00, -2.00) | distance_from_uav=0.06 m
[INFO] [1790222483.575733986] [sage_mission_manager]: VALIDATED VIEWPOINT PUBLISHED
[INFO] [1790222483.774554090] [sage_mission_manager]: VIEWPOINT ACCEPTED | position=(0.00, 0.00, -2.00) | distance_from_uav=0.05 m
[INFO] [1790222483.775359056] [sage_mission_manager]: VALIDATED VIEWPOINT PUBLISHED
[INFO] [1790222483.981633090] [sage_mission_manager]: VIEWPOINT ACCEPTED | position=(0.00, 0.00, -2.00) | distance_from_uav=0.05 m
[INFO] [1790222483.984923889] [sage_mission_manager]: VALIDATED VIEWPOINT PUBLISHED
[INFO] [1790222484.177951459] [sage_mission_manager]: VIEWPOINT ACCEPTED | position=(0.00, 0.00, -2.00) | distance_from_uav=0.05 m
[INFO] [1790222484.178477129] [sage_mission_manager]: VALIDATED VIEWPOINT PUBLISHED
[INFO] [1790222484.377756639] [sage_mission_manager]: VIEWPOINT ACCEPTED | position=(0.00, 0.00, -2.00) | distance_from_uav=0.05 m
[INFO] [1790222484.382118085] [sage_mission_manager]: VALIDATED VIEWPOINT PUBLISHED
[INFO] [1790222484.575817796] [sage_mission_manager]: VIEWPOINT ACCEPTED | position=(0.00, 0.00, -2.00) | distance_from_uav=0.05 m
[INFO] [1790222484.577465829] [sage_mission_manager]: VALIDATED VIEWPOINT PUBLISHED
[INFO] [1790222484.774217426] [sage_mission_manager]: VIEWPOINT ACCEPTED | position=(0.00, 0.00, -2.00) | distance_from_uav=0.05 m
[INFO] [1790222484.774756642] [sage_mission_manager]: VALIDATED VIEWPOINT PUBLISHED
[INFO] [1790222484.971758205] [sage_mission_manager]: VIEWPOINT ACCEPTED | position=(0.00, 0.00, -2.00) | distance_from_uav=0.05 m
[INFO] [1790222484.972299936] [sage_mission_manager]: VALIDATED VIEWPOINT PUBLISHED
[INFO] [1790222485.185043500] [sage_mission_manager]: VIEWPOINT ACCEPTED | position=(0.00, 0.00, -2.00) | distance_from_uav=0.05 m
[INFO] [1790222485.186015640] [sage_mission_manager]: VALIDATED VIEWPOINT PUBLISHED
[INFO] [1790222485.376401032] [sage_mission_manager]: VIEWPOINT ACCEPTED | position=(0.00, 0.70, -2.00) | distance_from_uav=0.65 m
[INFO] [1790222485.377571848] [sage_mission_manager]: VALIDATED VIEWPOINT PUBLISHED
[INFO] [1790222485.572249042] [sage_mission_manager]: VIEWPOINT ACCEPTED | position=(0.00, 1.40, -2.00) | distance_from_uav=1.35 m
[INFO] [1790222485.572896496] [sage_mission_manager]: VALIDATED VIEWPOINT PUBLISHED
[INFO] [1790222485.782157999] [sage_mission_manager]: VIEWPOINT ACCEPTED | position=(0.00, 2.10, -2.00) | distance_from_uav=2.04 m
[INFO] [1790222485.782754441] [sage_mission_manager]: VALIDATED VIEWPOINT PUBLISHED
[INFO] [1790222485.979660146] [sage_mission_manager]: VIEWPOINT ACCEPTED | position=(0.00, 2.80, -2.00) | distance_from_uav=2.71 m
[INFO] [1790222485.981031647] [sage_mission_manager]: VALIDATED VIEWPOINT PUBLISHED
[INFO] [1790222486.178000828] [sage_mission_manager]: VIEWPOINT ACCEPTED | position=(0.00, 3.50, -2.00) | distance_from_uav=3.35 m
[INFO] [1790222486.180113586] [sage_mission_manager]: VALIDATED VIEWPOINT PUBLISHED
[INFO] [1790222486.377592312] [sage_mission_manager]: VIEWPOINT ACCEPTED | position=(0.00, 3.50, -2.00) | distance_from_uav=3.19 m
[INFO] [1790222486.378695844] [sage_mission_manager]: VALIDATED VIEWPOINT PUBLISHED
[INFO] [1790222486.576725514] [sage_mission_manager]: VIEWPOINT ACCEPTED | position=(0.00, 3.50, -2.00) | distance_from_uav=3.00 m
[INFO] [1790222486.577358302] [sage_mission_manager]: VALIDATED VIEWPOINT PUBLISHED
[INFO] [1790222486.773609496] [sage_mission_manager]: VIEWPOINT ACCEPTED | position=(0.00, 4.20, -2.00) | distance_from_uav=3.39 m
[INFO] [1790222486.779461652] [sage_mission_manager]: VALIDATED VIEWPOINT PUBLISHED
[INFO] [1790222486.976787465] [sage_mission_manager]: VIEWPOINT ACCEPTED | position=(0.00, 4.20, -2.00) | distance_from_uav=3.06 m
[INFO] [1790222486.977737327] [sage_mission_manager]: VALIDATED VIEWPOINT PUBLISHED
[INFO] [1790222487.175182561] [sage_mission_manager]: VIEWPOINT ACCEPTED | position=(0.00, 4.90, -2.00) | distance_from_uav=3.44 m
[INFO] [1790222487.175756068] [sage_mission_manager]: VALIDATED VIEWPOINT PUBLISHED
[INFO] [1790222487.374206340] [sage_mission_manager]: VIEWPOINT ACCEPTED | position=(0.00, 4.90, -2.00) | distance_from_uav=3.03 m
[INFO] [1790222487.376354351] [sage_mission_manager]: VALIDATED VIEWPOINT PUBLISHED
[INFO] [1790222487.576263824] [sage_mission_manager]: VIEWPOINT ACCEPTED | position=(0.00, 5.60, -2.00) | distance_from_uav=3.36 m
[INFO] [1790222487.578283524] [sage_mission_manager]: VALIDATED VIEWPOINT PUBLISHED
[INFO] [1790222487.772345774] [sage_mission_manager]: VIEWPOINT ACCEPTED | position=(0.00, 6.00, -2.00) | distance_from_uav=3.39 m
[INFO] [1790222487.773090958] [sage_mission_manager]: VALIDATED VIEWPOINT PUBLISHED
[INFO] [1790222487.980342485] [sage_mission_manager]: VIEWPOINT ACCEPTED | position=(0.00, 6.00, -2.00) | distance_from_uav=3.02 m
[INFO] [1790222487.980930601] [sage_mission_manager]: VALIDATED VIEWPOINT PUBLISHED
[INFO] [1790222488.171861777] [sage_mission_manager]: VIEWPOINT ACCEPTED | position=(0.00, 6.00, -2.00) | distance_from_uav=2.62 m
[INFO] [1790222488.172564086] [sage_mission_manager]: VALIDATED VIEWPOINT PUBLISHED
[INFO] [1790222488.377516694] [sage_mission_manager]: VIEWPOINT ACCEPTED | position=(0.00, 6.00, -2.00) | distance_from_uav=2.24 m
[INFO] [1790222488.379438137] [sage_mission_manager]: VALIDATED VIEWPOINT PUBLISHED
[INFO] [1790222488.571566331] [sage_mission_manager]: VIEWPOINT ACCEPTED | position=(0.00, 6.00, -2.00) | distance_from_uav=1.82 m
[INFO] [1790222488.572227310] [sage_mission_manager]: VALIDATED VIEWPOINT PUBLISHED
[INFO] [1790222488.777531600] [sage_mission_manager]: VIEWPOINT ACCEPTED | position=(0.00, 6.00, -2.00) | distance_from_uav=1.49 m
[INFO] [1790222488.778248800] [sage_mission_manager]: VALIDATED VIEWPOINT PUBLISHED
[INFO] [1790222488.974734507] [sage_mission_manager]: VIEWPOINT ACCEPTED | position=(0.00, 6.00, -2.00) | distance_from_uav=1.17 m
[INFO] [1790222488.977153498] [sage_mission_manager]: VALIDATED VIEWPOINT PUBLISHED
[INFO] [1790222489.171068330] [sage_mission_manager]: VIEWPOINT ACCEPTED | position=(0.00, 6.00, -2.00) | distance_from_uav=0.92 m
[INFO] [1790222489.171934731] [sage_mission_manager]: VALIDATED VIEWPOINT PUBLISHED
[INFO] [1790222489.375462716] [sage_mission_manager]: VIEWPOINT ACCEPTED | position=(0.00, 6.00, -2.00) | distance_from_uav=0.68 m
[INFO] [1790222489.376127631] [sage_mission_manager]: VALIDATED VIEWPOINT PUBLISHED
[INFO] [1790222489.573317947] [sage_mission_manager]: VIEWPOINT ACCEPTED | position=(0.00, 6.00, -2.00) | distance_from_uav=0.49 m
[INFO] [1790222489.576061187] [sage_mission_manager]: VALIDATED VIEWPOINT PUBLISHED
[INFO] [1790222489.772445333] [sage_mission_manager]: VIEWPOINT ACCEPTED | position=(0.00, 6.00, -2.00) | distance_from_uav=0.31 m
[INFO] [1790222489.776084700] [sage_mission_manager]: VALIDATED VIEWPOINT PUBLISHED
[INFO] [1790222489.980619240] [sage_mission_manager]: VIEWPOINT ACCEPTED | position=(0.00, 6.00, -2.00) | distance_from_uav=0.15 m
[INFO] [1790222489.981669514] [sage_mission_manager]: VALIDATED VIEWPOINT PUBLISHED
[INFO] [1790222490.173645848] [sage_mission_manager]: VIEWPOINT ACCEPTED | position=(0.00, 6.00, -2.00) | distance_from_uav=0.06 m
[INFO] [1790222490.176711726] [sage_mission_manager]: VALIDATED VIEWPOINT PUBLISHED
[INFO] [1790222490.380349293] [sage_mission_manager]: VIEWPOINT ACCEPTED | position=(0.00, 6.00, -2.00) | distance_from_uav=0.03 m
[INFO] [1790222490.380859014] [sage_mission_manager]: VALIDATED VIEWPOINT PUBLISHED
[INFO] [1790222490.574821042] [sage_mission_manager]: VIEWPOINT ACCEPTED | position=(0.00, 6.00, -2.00) | distance_from_uav=0.06 m
[INFO] [1790222490.575629235] [sage_mission_manager]: VALIDATED VIEWPOINT PUBLISHED
[INFO] [1790222490.774960598] [sage_mission_manager]: VIEWPOINT ACCEPTED | position=(0.00, 6.00, -2.00) | distance_from_uav=0.11 m
[INFO] [1790222490.778615017] [sage_mission_manager]: VALIDATED VIEWPOINT PUBLISHED
[INFO] [1790222490.976882593] [sage_mission_manager]: VIEWPOINT ACCEPTED | position=(0.00, 6.00, -2.00) | distance_from_uav=0.14 m
[INFO] [1790222490.977537296] [sage_mission_manager]: VALIDATED VIEWPOINT PUBLISHED
[INFO] [1790222491.174942813] [sage_mission_manager]: VIEWPOINT ACCEPTED | position=(0.00, 6.00, -2.00) | distance_from_uav=0.15 m
[INFO] [1790222491.175768544] [sage_mission_manager]: VALIDATED VIEWPOINT PUBLISHED
[INFO] [1790222491.373573824] [sage_mission_manager]: VIEWPOINT ACCEPTED | position=(0.00, 6.00, -2.00) | distance_from_uav=0.16 m
[INFO] [1790222491.374112920] [sage_mission_manager]: VALIDATED VIEWPOINT PUBLISHED
[INFO] [1790222491.573818993] [sage_mission_manager]: VIEWPOINT ACCEPTED | position=(0.00, 6.00, -2.00) | distance_from_uav=0.16 m
[INFO] [1790222491.574340166] [sage_mission_manager]: VALIDATED VIEWPOINT PUBLISHED
[INFO] [1790222491.772969704] [sage_mission_manager]: VIEWPOINT ACCEPTED | position=(0.00, 6.00, -2.00) | distance_from_uav=0.16 m
[INFO] [1790222491.774996661] [sage_mission_manager]: VALIDATED VIEWPOINT PUBLISHED
[INFO] [1790222491.977747390] [sage_mission_manager]: VIEWPOINT ACCEPTED | position=(0.00, 6.00, -2.00) | distance_from_uav=0.16 m
[INFO] [1790222491.978470593] [sage_mission_manager]: VALIDATED VIEWPOINT PUBLISHED
[INFO] [1790222492.179618871] [sage_mission_manager]: VIEWPOINT ACCEPTED | position=(0.00, 6.00, -2.00) | distance_from_uav=0.15 m
[INFO] [1790222492.182207407] [sage_mission_manager]: VALIDATED VIEWPOINT PUBLISHED
[INFO] [1790222492.374494477] [sage_mission_manager]: VIEWPOINT ACCEPTED | position=(0.00, 6.00, -2.00) | distance_from_uav=0.15 m
[INFO] [1790222492.376463207] [sage_mission_manager]: VALIDATED VIEWPOINT PUBLISHED
[INFO] [1790222492.571946297] [sage_mission_manager]: VIEWPOINT ACCEPTED | position=(0.00, 6.00, -2.00) | distance_from_uav=0.15 m
[INFO] [1790222492.574379948] [sage_mission_manager]: VALIDATED VIEWPOINT PUBLISHED
[INFO] [1790222492.772593208] [sage_mission_manager]: VIEWPOINT ACCEPTED | position=(0.00, 6.00, -2.00) | distance_from_uav=0.14 m
[INFO] [1790222492.776444380] [sage_mission_manager]: VALIDATED VIEWPOINT PUBLISHED
[INFO] [1790222492.979621957] [sage_mission_manager]: VIEWPOINT ACCEPTED | position=(0.00, 6.00, -2.00) | distance_from_uav=0.14 m
[INFO] [1790222492.987352269] [sage_mission_manager]: VALIDATED VIEWPOINT PUBLISHED
[INFO] [1790222493.172985813] [sage_mission_manager]: VIEWPOINT ACCEPTED | position=(0.00, 6.00, -2.00) | distance_from_uav=0.13 m
[INFO] [1790222493.177021301] [sage_mission_manager]: VALIDATED VIEWPOINT PUBLISHED
[INFO] [1790222493.376416398] [sage_mission_manager]: VIEWPOINT ACCEPTED | position=(0.00, 6.00, -2.00) | distance_from_uav=0.12 m
[INFO] [1790222493.377183285] [sage_mission_manager]: VALIDATED VIEWPOINT PUBLISHED
[INFO] [1790222493.577289913] [sage_mission_manager]: VIEWPOINT ACCEPTED | position=(0.00, 6.00, -2.00) | distance_from_uav=0.12 m
[INFO] [1790222493.577892647] [sage_mission_manager]: VALIDATED VIEWPOINT PUBLISHED
[INFO] [1790222493.781820197] [sage_mission_manager]: VIEWPOINT ACCEPTED | position=(0.00, 6.00, -2.00) | distance_from_uav=0.11 m
[INFO] [1790222493.782684697] [sage_mission_manager]: VALIDATED VIEWPOINT PUBLISHED
[INFO] [1790222493.977920093] [sage_mission_manager]: VIEWPOINT ACCEPTED | position=(0.00, 6.00, -2.00) | distance_from_uav=0.10 m
[INFO] [1790222493.978639117] [sage_mission_manager]: VALIDATED VIEWPOINT PUBLISHED
[INFO] [1790222494.174219657] [sage_mission_manager]: VIEWPOINT ACCEPTED | position=(0.00, 6.00, -2.00) | distance_from_uav=0.09 m
[INFO] [1790222494.176046393] [sage_mission_manager]: VALIDATED VIEWPOINT PUBLISHED
[INFO] [1790222494.372047463] [sage_mission_manager]: VIEWPOINT ACCEPTED | position=(0.00, 6.00, -2.00) | distance_from_uav=0.08 m
[INFO] [1790222494.372774291] [sage_mission_manager]: VALIDATED VIEWPOINT PUBLISHED
[INFO] [1790222494.574457277] [sage_mission_manager]: VIEWPOINT ACCEPTED | position=(0.00, 6.00, -2.00) | distance_from_uav=0.08 m
[INFO] [1790222494.580861456] [sage_mission_manager]: VALIDATED VIEWPOINT PUBLISHED
[INFO] [1790222494.782772317] [sage_mission_manager]: VIEWPOINT ACCEPTED | position=(0.00, 6.00, -2.00) | distance_from_uav=0.08 m
[INFO] [1790222494.783650502] [sage_mission_manager]: VALIDATED VIEWPOINT PUBLISHED
[INFO] [1790222494.974625951] [sage_mission_manager]: VIEWPOINT ACCEPTED | position=(0.00, 6.00, -2.00) | distance_from_uav=0.07 m
[INFO] [1790222494.975155255] [sage_mission_manager]: VALIDATED VIEWPOINT PUBLISHED
[INFO] [1790222495.173874603] [sage_mission_manager]: VIEWPOINT ACCEPTED | position=(0.00, 6.00, -2.00) | distance_from_uav=0.07 m
[INFO] [1790222495.174696114] [sage_mission_manager]: VALIDATED VIEWPOINT PUBLISHED
[INFO] [1790222495.375942157] [sage_mission_manager]: VIEWPOINT ACCEPTED | position=(0.00, 6.00, -2.00) | distance_from_uav=0.07 m
[INFO] [1790222495.379584748] [sage_mission_manager]: VALIDATED VIEWPOINT PUBLISHED
[INFO] [1790222495.579570735] [sage_mission_manager]: VIEWPOINT ACCEPTED | position=(0.00, 6.00, -2.00) | distance_from_uav=0.08 m
[INFO] [1790222495.583325525] [sage_mission_manager]: VALIDATED VIEWPOINT PUBLISHED
[INFO] [1790222495.772010361] [sage_mission_manager]: VIEWPOINT ACCEPTED | position=(0.00, 6.00, -2.00) | distance_from_uav=0.08 m
[INFO] [1790222495.772558538] [sage_mission_manager]: VALIDATED VIEWPOINT PUBLISHED
[INFO] [1790222495.970817037] [sage_mission_manager]: VIEWPOINT ACCEPTED | position=(0.00, 6.00, -2.00) | distance_from_uav=0.08 m
[INFO] [1790222495.971523258] [sage_mission_manager]: VALIDATED VIEWPOINT PUBLISHED
[INFO] [1790222496.173215335] [sage_mission_manager]: VIEWPOINT ACCEPTED | position=(0.00, 6.00, -2.00) | distance_from_uav=0.09 m
[INFO] [1790222496.174553932] [sage_mission_manager]: VALIDATED VIEWPOINT PUBLISHED
[INFO] [1790222496.371796297] [sage_mission_manager]: VIEWPOINT ACCEPTED | position=(0.00, 6.00, -2.00) | distance_from_uav=0.09 m
[INFO] [1790222496.372591662] [sage_mission_manager]: VALIDATED VIEWPOINT PUBLISHED
[INFO] [1790222496.571802262] [sage_mission_manager]: VIEWPOINT ACCEPTED | position=(0.00, 6.00, -2.00) | distance_from_uav=0.09 m
[INFO] [1790222496.575021814] [sage_mission_manager]: VALIDATED VIEWPOINT PUBLISHED
[INFO] [1790222496.778516494] [sage_mission_manager]: VIEWPOINT ACCEPTED | position=(0.33, 5.47, -2.00) | distance_from_uav=0.70 m
[INFO] [1790222496.780716646] [sage_mission_manager]: VALIDATED VIEWPOINT PUBLISHED
[INFO] [1790222496.985812186] [sage_mission_manager]: VIEWPOINT ACCEPTED | position=(0.65, 4.84, -2.00) | distance_from_uav=1.40 m
[INFO] [1790222496.986413772] [sage_mission_manager]: VALIDATED VIEWPOINT PUBLISHED
[INFO] [1790222497.175144031] [sage_mission_manager]: VIEWPOINT ACCEPTED | position=(0.96, 4.22, -2.00) | distance_from_uav=2.10 m
[INFO] [1790222497.175640246] [sage_mission_manager]: VALIDATED VIEWPOINT PUBLISHED
[INFO] [1790222497.377227219] [sage_mission_manager]: VIEWPOINT ACCEPTED | position=(1.27, 3.59, -2.00) | distance_from_uav=2.78 m
[INFO] [1790222497.377913168] [sage_mission_manager]: VALIDATED VIEWPOINT PUBLISHED
[INFO] [1790222497.574425089] [sage_mission_manager]: VIEWPOINT ACCEPTED | position=(1.58, 2.96, -2.00) | distance_from_uav=3.40 m
[INFO] [1790222497.575063199] [sage_mission_manager]: VALIDATED VIEWPOINT PUBLISHED
[INFO] [1790222497.777517868] [sage_mission_manager]: VIEWPOINT ACCEPTED | position=(1.58, 2.96, -2.00) | distance_from_uav=3.27 m
[INFO] [1790222497.783228730] [sage_mission_manager]: VALIDATED VIEWPOINT PUBLISHED
[INFO] [1790222497.973560744] [sage_mission_manager]: VIEWPOINT ACCEPTED | position=(1.58, 2.96, -2.00) | distance_from_uav=3.03 m
[INFO] [1790222497.979827653] [sage_mission_manager]: VALIDATED VIEWPOINT PUBLISHED
[INFO] [1790222498.176529838] [sage_mission_manager]: VIEWPOINT ACCEPTED | position=(1.90, 2.34, -2.00) | distance_from_uav=3.50 m
[INFO] [1790222498.177979270] [sage_mission_manager]: VALIDATED VIEWPOINT PUBLISHED
[INFO] [1790222498.371653967] [sage_mission_manager]: VIEWPOINT ACCEPTED | position=(1.90, 2.34, -2.00) | distance_from_uav=3.21 m
[INFO] [1790222498.372253188] [sage_mission_manager]: VALIDATED VIEWPOINT PUBLISHED
[INFO] [1790222498.576996682] [sage_mission_manager]: VIEWPOINT ACCEPTED | position=(2.21, 1.71, -2.00) | distance_from_uav=3.61 m
[INFO] [1790222498.578281011] [sage_mission_manager]: VALIDATED VIEWPOINT PUBLISHED
[INFO] [1790222498.773389811] [sage_mission_manager]: VIEWPOINT ACCEPTED | position=(2.21, 1.71, -2.00) | distance_from_uav=3.23 m
[INFO] [1790222498.773895574] [sage_mission_manager]: VALIDATED VIEWPOINT PUBLISHED
[INFO] [1790222498.976318748] [sage_mission_manager]: VIEWPOINT ACCEPTED | position=(2.52, 1.09, -2.00) | distance_from_uav=3.55 m
[INFO] [1790222498.978861039] [sage_mission_manager]: VALIDATED VIEWPOINT PUBLISHED
[INFO] [1790222499.175743690] [sage_mission_manager]: VIEWPOINT ACCEPTED | position=(2.52, 1.09, -2.00) | distance_from_uav=3.21 m
[INFO] [1790222499.177951842] [sage_mission_manager]: VALIDATED VIEWPOINT PUBLISHED
[INFO] [1790222499.377820005] [sage_mission_manager]: VIEWPOINT ACCEPTED | position=(2.84, 0.46, -2.00) | distance_from_uav=3.51 m
[INFO] [1790222499.378612532] [sage_mission_manager]: VALIDATED VIEWPOINT PUBLISHED
[INFO] [1790222499.575734684] [sage_mission_manager]: VIEWPOINT ACCEPTED | position=(2.84, 0.46, -2.00) | distance_from_uav=3.21 m
[INFO] [1790222499.579367837] [sage_mission_manager]: VALIDATED VIEWPOINT PUBLISHED
[INFO] [1790222499.778666524] [sage_mission_manager]: VIEWPOINT ACCEPTED | position=(3.15, -0.17, -2.00) | distance_from_uav=3.49 m
[INFO] [1790222499.779411516] [sage_mission_manager]: VALIDATED VIEWPOINT PUBLISHED
[INFO] [1790222499.972223451] [sage_mission_manager]: VIEWPOINT ACCEPTED | position=(3.15, -0.17, -2.00) | distance_from_uav=3.19 m
[INFO] [1790222499.973685547] [sage_mission_manager]: VALIDATED VIEWPOINT PUBLISHED
[INFO] [1790222500.182589558] [sage_mission_manager]: VIEWPOINT ACCEPTED | position=(3.46, -0.79, -2.00) | distance_from_uav=3.46 m
[INFO] [1790222500.183350074] [sage_mission_manager]: VALIDATED VIEWPOINT PUBLISHED
[INFO] [1790222500.376807503] [sage_mission_manager]: VIEWPOINT ACCEPTED | position=(3.46, -0.79, -2.00) | distance_from_uav=3.04 m
[INFO] [1790222500.377861396] [sage_mission_manager]: VALIDATED VIEWPOINT PUBLISHED
[INFO] [1790222500.577019983] [sage_mission_manager]: VIEWPOINT ACCEPTED | position=(3.77, -1.42, -2.00) | distance_from_uav=3.25 m
[INFO] [1790222500.577782412] [sage_mission_manager]: VALIDATED VIEWPOINT PUBLISHED
[INFO] [1790222500.775552148] [sage_mission_manager]: VIEWPOINT ACCEPTED | position=(4.09, -2.05, -2.00) | distance_from_uav=3.56 m
[INFO] [1790222500.776468409] [sage_mission_manager]: VALIDATED VIEWPOINT PUBLISHED
[INFO] [1790222500.975951743] [sage_mission_manager]: VIEWPOINT ACCEPTED | position=(4.09, -2.05, -2.00) | distance_from_uav=3.17 m
[INFO] [1790222500.976704587] [sage_mission_manager]: VALIDATED VIEWPOINT PUBLISHED
[INFO] [1790222501.175130131] [sage_mission_manager]: VIEWPOINT ACCEPTED | position=(4.40, -2.67, -2.00) | distance_from_uav=3.51 m
[INFO] [1790222501.176046131] [sage_mission_manager]: VALIDATED VIEWPOINT PUBLISHED
[INFO] [1790222501.377702223] [sage_mission_manager]: VIEWPOINT ACCEPTED | position=(4.40, -2.67, -2.00) | distance_from_uav=3.07 m
[INFO] [1790222501.378429073] [sage_mission_manager]: VALIDATED VIEWPOINT PUBLISHED
[INFO] [1790222501.577989777] [sage_mission_manager]: VIEWPOINT ACCEPTED | position=(4.71, -3.30, -2.00) | distance_from_uav=3.33 m
[INFO] [1790222501.578690103] [sage_mission_manager]: VALIDATED VIEWPOINT PUBLISHED
[INFO] [1790222501.776224845] [sage_mission_manager]: VIEWPOINT ACCEPTED | position=(5.02, -3.92, -2.00) | distance_from_uav=3.62 m
[INFO] [1790222501.777040453] [sage_mission_manager]: VALIDATED VIEWPOINT PUBLISHED
[INFO] [1790222501.982823755] [sage_mission_manager]: VIEWPOINT ACCEPTED | position=(5.02, -3.92, -2.00) | distance_from_uav=3.24 m
[INFO] [1790222501.987501576] [sage_mission_manager]: VALIDATED VIEWPOINT PUBLISHED
[INFO] [1790222502.178441348] [sage_mission_manager]: VIEWPOINT ACCEPTED | position=(5.34, -4.55, -2.00) | distance_from_uav=3.55 m
[INFO] [1790222502.184438745] [sage_mission_manager]: VALIDATED VIEWPOINT PUBLISHED
[INFO] [1790222502.376759227] [sage_mission_manager]: VIEWPOINT ACCEPTED | position=(5.34, -4.55, -2.00) | distance_from_uav=3.15 m
[INFO] [1790222502.378383866] [sage_mission_manager]: VALIDATED VIEWPOINT PUBLISHED
[INFO] [1790222502.575986916] [sage_mission_manager]: VIEWPOINT ACCEPTED | position=(5.51, -4.89, -2.00) | distance_from_uav=3.17 m
[INFO] [1790222502.576529116] [sage_mission_manager]: VALIDATED VIEWPOINT PUBLISHED
[INFO] [1790222502.778929021] [sage_mission_manager]: VIEWPOINT ACCEPTED | position=(5.51, -4.89, -2.00) | distance_from_uav=2.73 m
[INFO] [1790222502.782062884] [sage_mission_manager]: VALIDATED VIEWPOINT PUBLISHED
[INFO] [1790222502.978359232] [sage_mission_manager]: VIEWPOINT ACCEPTED | position=(5.51, -4.89, -2.00) | distance_from_uav=2.35 m
[INFO] [1790222502.978900420] [sage_mission_manager]: VALIDATED VIEWPOINT PUBLISHED
[INFO] [1790222503.183581346] [sage_mission_manager]: VIEWPOINT ACCEPTED | position=(5.51, -4.89, -2.00) | distance_from_uav=1.96 m
[INFO] [1790222503.184204856] [sage_mission_manager]: VALIDATED VIEWPOINT PUBLISHED
[INFO] [1790222503.385887772] [sage_mission_manager]: VIEWPOINT ACCEPTED | position=(5.51, -4.89, -2.00) | distance_from_uav=1.56 m
[INFO] [1790222503.390893446] [sage_mission_manager]: VALIDATED VIEWPOINT PUBLISHED
[INFO] [1790222503.581676041] [sage_mission_manager]: VIEWPOINT ACCEPTED | position=(5.51, -4.89, -2.00) | distance_from_uav=1.22 m
[INFO] [1790222503.582297753] [sage_mission_manager]: VALIDATED VIEWPOINT PUBLISHED
[INFO] [1790222503.778170948] [sage_mission_manager]: VIEWPOINT ACCEPTED | position=(5.51, -4.89, -2.00) | distance_from_uav=0.96 m
[INFO] [1790222503.778947765] [sage_mission_manager]: VALIDATED VIEWPOINT PUBLISHED
[INFO] [1790222503.971587678] [sage_mission_manager]: VIEWPOINT ACCEPTED | position=(5.51, -4.89, -2.00) | distance_from_uav=0.67 m
[INFO] [1790222503.972170419] [sage_mission_manager]: VALIDATED VIEWPOINT PUBLISHED
[INFO] [1790222504.178045556] [sage_mission_manager]: VIEWPOINT ACCEPTED | position=(5.51, -4.89, -2.00) | distance_from_uav=0.52 m
[INFO] [1790222504.178782096] [sage_mission_manager]: VALIDATED VIEWPOINT PUBLISHED
[INFO] [1790222504.382238940] [sage_mission_manager]: VIEWPOINT ACCEPTED | position=(5.51, -4.89, -2.00) | distance_from_uav=0.41 m
[INFO] [1790222504.386445359] [sage_mission_manager]: VALIDATED VIEWPOINT PUBLISHED
[INFO] [1790222504.572386153] [sage_mission_manager]: VIEWPOINT ACCEPTED | position=(5.51, -4.89, -2.00) | distance_from_uav=0.38 m
[INFO] [1790222504.575948549] [sage_mission_manager]: VALIDATED VIEWPOINT PUBLISHED
[INFO] [1790222504.773413773] [sage_mission_manager]: VIEWPOINT ACCEPTED | position=(5.51, -4.89, -2.00) | distance_from_uav=0.40 m
[INFO] [1790222504.774147165] [sage_mission_manager]: VALIDATED VIEWPOINT PUBLISHED
[INFO] [1790222504.975734899] [sage_mission_manager]: VIEWPOINT ACCEPTED | position=(5.51, -4.89, -2.00) | distance_from_uav=0.46 m
[INFO] [1790222504.976281722] [sage_mission_manager]: VALIDATED VIEWPOINT PUBLISHED
[INFO] [1790222505.175546408] [sage_mission_manager]: VIEWPOINT ACCEPTED | position=(5.51, -4.89, -2.00) | distance_from_uav=0.51 m
[INFO] [1790222505.176407114] [sage_mission_manager]: VALIDATED VIEWPOINT PUBLISHED
[INFO] [1790222505.378466184] [sage_mission_manager]: VIEWPOINT ACCEPTED | position=(5.51, -4.89, -2.00) | distance_from_uav=0.56 m
[INFO] [1790222505.382402577] [sage_mission_manager]: VALIDATED VIEWPOINT PUBLISHED
[INFO] [1790222505.583219035] [sage_mission_manager]: VIEWPOINT ACCEPTED | position=(5.51, -4.89, -2.00) | distance_from_uav=0.59 m
[INFO] [1790222505.586447139] [sage_mission_manager]: VALIDATED VIEWPOINT PUBLISHED
[INFO] [1790222505.780901535] [sage_mission_manager]: VIEWPOINT ACCEPTED | position=(5.51, -4.89, -2.00) | distance_from_uav=0.61 m
[INFO] [1790222505.781633283] [sage_mission_manager]: VALIDATED VIEWPOINT PUBLISHED
[INFO] [1790222505.974354239] [sage_mission_manager]: VIEWPOINT ACCEPTED | position=(5.51, -4.89, -2.00) | distance_from_uav=0.63 m
[INFO] [1790222505.975234990] [sage_mission_manager]: VALIDATED VIEWPOINT PUBLISHED
[INFO] [1790222506.186735849] [sage_mission_manager]: VIEWPOINT ACCEPTED | position=(5.51, -4.89, -2.00) | distance_from_uav=0.64 m
[INFO] [1790222506.187345300] [sage_mission_manager]: VALIDATED VIEWPOINT PUBLISHED
[INFO] [1790222506.380534353] [sage_mission_manager]: VIEWPOINT ACCEPTED | position=(5.51, -4.89, -2.00) | distance_from_uav=0.63 m
[INFO] [1790222506.381275087] [sage_mission_manager]: VALIDATED VIEWPOINT PUBLISHED
[INFO] [1790222506.577035531] [sage_mission_manager]: VIEWPOINT ACCEPTED | position=(5.51, -4.89, -2.00) | distance_from_uav=0.62 m
[INFO] [1790222506.577849451] [sage_mission_manager]: VALIDATED VIEWPOINT PUBLISHED
[INFO] [1790222506.779951871] [sage_mission_manager]: VIEWPOINT ACCEPTED | position=(5.51, -4.89, -2.00) | distance_from_uav=0.59 m
[INFO] [1790222506.780612560] [sage_mission_manager]: VALIDATED VIEWPOINT PUBLISHED
[INFO] [1790222506.981451167] [sage_mission_manager]: VIEWPOINT ACCEPTED | position=(5.51, -4.89, -2.00) | distance_from_uav=0.56 m
[INFO] [1790222506.982285923] [sage_mission_manager]: VALIDATED VIEWPOINT PUBLISHED
[INFO] [1790222507.178141859] [sage_mission_manager]: VIEWPOINT ACCEPTED | position=(5.51, -4.89, -2.00) | distance_from_uav=0.54 m
[INFO] [1790222507.185339571] [sage_mission_manager]: VALIDATED VIEWPOINT PUBLISHED
[INFO] [1790222507.375726670] [sage_mission_manager]: VIEWPOINT ACCEPTED | position=(5.51, -4.89, -2.00) | distance_from_uav=0.50 m
[INFO] [1790222507.378209225] [sage_mission_manager]: VALIDATED VIEWPOINT PUBLISHED
[INFO] [1790222507.576785373] [sage_mission_manager]: VIEWPOINT ACCEPTED | position=(5.51, -4.89, -2.00) | distance_from_uav=0.47 m
[INFO] [1790222507.583017965] [sage_mission_manager]: VALIDATED VIEWPOINT PUBLISHED
[INFO] [1790222507.772608990] [sage_mission_manager]: VIEWPOINT ACCEPTED | position=(5.51, -4.89, -2.00) | distance_from_uav=0.42 m
[INFO] [1790222507.773267808] [sage_mission_manager]: VALIDATED VIEWPOINT PUBLISHED
[INFO] [1790222507.988517329] [sage_mission_manager]: VIEWPOINT ACCEPTED | position=(5.51, -4.89, -2.00) | distance_from_uav=0.36 m
[INFO] [1790222507.989037032] [sage_mission_manager]: VALIDATED VIEWPOINT PUBLISHED
[INFO] [1790222508.181573493] [sage_mission_manager]: VIEWPOINT ACCEPTED | position=(5.51, -4.89, -2.00) | distance_from_uav=0.31 m
[INFO] [1790222508.182990525] [sage_mission_manager]: VALIDATED VIEWPOINT PUBLISHED
[INFO] [1790222508.379160858] [sage_mission_manager]: VIEWPOINT ACCEPTED | position=(4.99, -5.36, -2.00) | distance_from_uav=0.43 m
[INFO] [1790222508.379686315] [sage_mission_manager]: VALIDATED VIEWPOINT PUBLISHED
[INFO] [1790222508.577902061] [sage_mission_manager]: VIEWPOINT ACCEPTED | position=(4.48, -5.84, -2.00) | distance_from_uav=1.18 m
[INFO] [1790222508.579001020] [sage_mission_manager]: VALIDATED VIEWPOINT PUBLISHED
[INFO] [1790222508.781954212] [sage_mission_manager]: VIEWPOINT ACCEPTED | position=(3.96, -6.31, -2.00) | distance_from_uav=1.91 m
[INFO] [1790222508.786349361] [sage_mission_manager]: VALIDATED VIEWPOINT PUBLISHED
[INFO] [1790222508.982383679] [sage_mission_manager]: VIEWPOINT ACCEPTED | position=(3.45, -6.79, -2.00) | distance_from_uav=2.63 m
[INFO] [1790222508.984557534] [sage_mission_manager]: VALIDATED VIEWPOINT PUBLISHED
[INFO] [1790222509.172703066] [sage_mission_manager]: VIEWPOINT ACCEPTED | position=(2.93, -7.26, -2.00) | distance_from_uav=3.31 m
[INFO] [1790222509.173241488] [sage_mission_manager]: VALIDATED VIEWPOINT PUBLISHED
[INFO] [1790222509.372950903] [sage_mission_manager]: VIEWPOINT ACCEPTED | position=(2.93, -7.26, -2.00) | distance_from_uav=3.19 m
[INFO] [1790222509.376235371] [sage_mission_manager]: VALIDATED VIEWPOINT PUBLISHED
[INFO] [1790222509.577912992] [sage_mission_manager]: VIEWPOINT ACCEPTED | position=(2.42, -7.74, -2.00) | distance_from_uav=3.67 m
[INFO] [1790222509.578815217] [sage_mission_manager]: VALIDATED VIEWPOINT PUBLISHED
[INFO] [1790222509.777455020] [sage_mission_manager]: VIEWPOINT ACCEPTED | position=(2.42, -7.74, -2.00) | distance_from_uav=3.44 m
[INFO] [1790222509.778601477] [sage_mission_manager]: VALIDATED VIEWPOINT PUBLISHED
[INFO] [1790222509.974162498] [sage_mission_manager]: VIEWPOINT ACCEPTED | position=(2.42, -7.74, -2.00) | distance_from_uav=3.15 m
[INFO] [1790222509.974667755] [sage_mission_manager]: VALIDATED VIEWPOINT PUBLISHED
[INFO] [1790222510.182529289] [sage_mission_manager]: VIEWPOINT ACCEPTED | position=(2.34, -7.81, -2.00) | distance_from_uav=2.92 m
[INFO] [1790222510.186853380] [sage_mission_manager]: VALIDATED VIEWPOINT PUBLISHED
[INFO] [1790222510.380630627] [sage_mission_manager]: VIEWPOINT ACCEPTED | position=(2.34, -7.81, -2.00) | distance_from_uav=2.56 m
[INFO] [1790222510.381409636] [sage_mission_manager]: VALIDATED VIEWPOINT PUBLISHED
[INFO] [1790222510.574014891] [sage_mission_manager]: VIEWPOINT ACCEPTED | position=(2.34, -7.81, -2.00) | distance_from_uav=2.17 m
[INFO] [1790222510.574771997] [sage_mission_manager]: VALIDATED VIEWPOINT PUBLISHED
[INFO] [1790222510.782515933] [sage_mission_manager]: VIEWPOINT ACCEPTED | position=(2.34, -7.81, -2.00) | distance_from_uav=1.77 m
[INFO] [1790222510.783240798] [sage_mission_manager]: VALIDATED VIEWPOINT PUBLISHED
[INFO] [1790222510.975909277] [sage_mission_manager]: VIEWPOINT ACCEPTED | position=(2.34, -7.81, -2.00) | distance_from_uav=1.39 m
[INFO] [1790222510.976440610] [sage_mission_manager]: VALIDATED VIEWPOINT PUBLISHED
[INFO] [1790222511.176526063] [sage_mission_manager]: VIEWPOINT ACCEPTED | position=(2.34, -7.81, -2.00) | distance_from_uav=1.08 m
[INFO] [1790222511.177646162] [sage_mission_manager]: VALIDATED VIEWPOINT PUBLISHED
[INFO] [1790222511.373850344] [sage_mission_manager]: VIEWPOINT ACCEPTED | position=(2.34, -7.81, -2.00) | distance_from_uav=0.81 m
[INFO] [1790222511.374562345] [sage_mission_manager]: VALIDATED VIEWPOINT PUBLISHED
[INFO] [1790222511.579120645] [sage_mission_manager]: VIEWPOINT ACCEPTED | position=(2.34, -7.81, -2.00) | distance_from_uav=0.64 m
[INFO] [1790222511.579803874] [sage_mission_manager]: VALIDATED VIEWPOINT PUBLISHED
[INFO] [1790222511.780372724] [sage_mission_manager]: VIEWPOINT ACCEPTED | position=(2.34, -7.81, -2.00) | distance_from_uav=0.46 m
[INFO] [1790222511.780892599] [sage_mission_manager]: VALIDATED VIEWPOINT PUBLISHED
[INFO] [1790222511.976661695] [sage_mission_manager]: VIEWPOINT ACCEPTED | position=(2.34, -7.81, -2.00) | distance_from_uav=0.34 m
[INFO] [1790222511.978636962] [sage_mission_manager]: VALIDATED VIEWPOINT PUBLISHED
[INFO] [1790222512.185890753] [sage_mission_manager]: VIEWPOINT ACCEPTED | position=(1.84, -7.32, -2.00) | distance_from_uav=0.92 m
[INFO] [1790222512.186474038] [sage_mission_manager]: VALIDATED VIEWPOINT PUBLISHED
[INFO] [1790222512.373805971] [sage_mission_manager]: VIEWPOINT ACCEPTED | position=(1.35, -6.82, -2.00) | distance_from_uav=1.59 m
[INFO] [1790222512.374553425] [sage_mission_manager]: VALIDATED VIEWPOINT PUBLISHED
[INFO] [1790222512.579282051] [sage_mission_manager]: VIEWPOINT ACCEPTED | position=(0.85, -6.33, -2.00) | distance_from_uav=2.28 m
[INFO] [1790222512.580967304] [sage_mission_manager]: VALIDATED VIEWPOINT PUBLISHED
[INFO] [1790222512.773984169] [sage_mission_manager]: VIEWPOINT ACCEPTED | position=(0.36, -5.83, -2.00) | distance_from_uav=2.94 m
[INFO] [1790222512.776898249] [sage_mission_manager]: VALIDATED VIEWPOINT PUBLISHED
[INFO] [1790222512.974313347] [sage_mission_manager]: VIEWPOINT ACCEPTED | position=(-0.14, -5.34, -2.00) | distance_from_uav=3.56 m
[INFO] [1790222512.974994786] [sage_mission_manager]: VALIDATED VIEWPOINT PUBLISHED
[INFO] [1790222513.180221833] [sage_mission_manager]: VIEWPOINT ACCEPTED | position=(-0.14, -5.34, -2.00) | distance_from_uav=3.42 m
[INFO] [1790222513.180717311] [sage_mission_manager]: VALIDATED VIEWPOINT PUBLISHED
[INFO] [1790222513.375799021] [sage_mission_manager]: VIEWPOINT ACCEPTED | position=(-0.14, -5.34, -2.00) | distance_from_uav=3.23 m
[INFO] [1790222513.381916579] [sage_mission_manager]: VALIDATED VIEWPOINT PUBLISHED
[INFO] [1790222513.576762440] [sage_mission_manager]: VIEWPOINT ACCEPTED | position=(-0.63, -4.84, -2.00) | distance_from_uav=3.69 m
[INFO] [1790222513.582517046] [sage_mission_manager]: VALIDATED VIEWPOINT PUBLISHED
[INFO] [1790222513.774513702] [sage_mission_manager]: VIEWPOINT ACCEPTED | position=(-0.63, -4.84, -2.00) | distance_from_uav=3.35 m
[INFO] [1790222513.775562539] [sage_mission_manager]: VALIDATED VIEWPOINT PUBLISHED
[INFO] [1790222513.976141168] [sage_mission_manager]: VIEWPOINT ACCEPTED | position=(-0.63, -4.84, -2.00) | distance_from_uav=2.95 m
[INFO] [1790222513.976823337] [sage_mission_manager]: VALIDATED VIEWPOINT PUBLISHED
[INFO] [1790222514.177499131] [sage_mission_manager]: VIEWPOINT ACCEPTED | position=(-0.66, -4.81, -2.00) | distance_from_uav=2.57 m
[INFO] [1790222514.178969619] [sage_mission_manager]: VALIDATED VIEWPOINT PUBLISHED
[INFO] [1790222514.374915682] [sage_mission_manager]: VIEWPOINT ACCEPTED | position=(-0.66, -4.81, -2.00) | distance_from_uav=2.23 m
[INFO] [1790222514.375438531] [sage_mission_manager]: VALIDATED VIEWPOINT PUBLISHED
[INFO] [1790222514.584153398] [sage_mission_manager]: VIEWPOINT ACCEPTED | position=(-0.66, -4.81, -2.00) | distance_from_uav=1.92 m
[INFO] [1790222514.585227526] [sage_mission_manager]: VALIDATED VIEWPOINT PUBLISHED
[INFO] [1790222514.777300659] [sage_mission_manager]: VIEWPOINT ACCEPTED | position=(-0.66, -4.81, -2.00) | distance_from_uav=1.55 m
[INFO] [1790222514.781974169] [sage_mission_manager]: VALIDATED VIEWPOINT PUBLISHED
[INFO] [1790222514.979344735] [sage_mission_manager]: VIEWPOINT ACCEPTED | position=(-0.66, -4.81, -2.00) | distance_from_uav=1.22 m
[INFO] [1790222514.985619471] [sage_mission_manager]: VALIDATED VIEWPOINT PUBLISHED
[INFO] [1790222515.173132720] [sage_mission_manager]: VIEWPOINT ACCEPTED | position=(-0.66, -4.81, -2.00) | distance_from_uav=0.93 m
[INFO] [1790222515.174748250] [sage_mission_manager]: VALIDATED VIEWPOINT PUBLISHED
[INFO] [1790222515.384715198] [sage_mission_manager]: VIEWPOINT ACCEPTED | position=(-0.66, -4.81, -2.00) | distance_from_uav=0.66 m
[INFO] [1790222515.385415091] [sage_mission_manager]: VALIDATED VIEWPOINT PUBLISHED
[INFO] [1790222515.580797522] [sage_mission_manager]: VIEWPOINT ACCEPTED | position=(-0.66, -4.81, -2.00) | distance_from_uav=0.42 m
[INFO] [1790222515.581612923] [sage_mission_manager]: VALIDATED VIEWPOINT PUBLISHED
[INFO] [1790222515.776233751] [sage_mission_manager]: VIEWPOINT ACCEPTED | position=(-0.66, -4.81, -2.00) | distance_from_uav=0.26 m
[INFO] [1790222515.776738283] [sage_mission_manager]: VALIDATED VIEWPOINT PUBLISHED
[INFO] [1790222515.783598848] [sage_mission_manager]: VIEWPOINT ACCEPTED | position=(-0.66, -4.81, -2.00) | distance_from_uav=0.26 m
[INFO] [1790222515.791568016] [sage_mission_manager]: VALIDATED VIEWPOINT PUBLISHED
[INFO] [1790222515.975037900] [sage_mission_manager]: VIEWPOINT ACCEPTED | position=(-0.66, -4.81, -2.00) | distance_from_uav=0.13 m
[INFO] [1790222515.975746809] [sage_mission_manager]: VALIDATED VIEWPOINT PUBLISHED
[INFO] [1790222516.177410522] [sage_mission_manager]: VIEWPOINT ACCEPTED | position=(-0.66, -4.81, -2.00) | distance_from_uav=0.12 m
[INFO] [1790222516.178003548] [sage_mission_manager]: VALIDATED VIEWPOINT PUBLISHED
[INFO] [1790222516.377467818] [sage_mission_manager]: VIEWPOINT ACCEPTED | position=(-0.66, -4.81, -2.00) | distance_from_uav=0.18 m
[INFO] [1790222516.380875738] [sage_mission_manager]: VALIDATED VIEWPOINT PUBLISHED
[INFO] [1790222516.577268345] [sage_mission_manager]: VIEWPOINT ACCEPTED | position=(-0.66, -4.81, -2.00) | distance_from_uav=0.24 m
[INFO] [1790222516.579692650] [sage_mission_manager]: VALIDATED VIEWPOINT PUBLISHED
[INFO] [1790222516.774302034] [sage_mission_manager]: VIEWPOINT ACCEPTED | position=(-0.04, -4.50, -2.00) | distance_from_uav=0.97 m
[INFO] [1790222516.774915403] [sage_mission_manager]: VALIDATED VIEWPOINT PUBLISHED
[INFO] [1790222516.977419074] [sage_mission_manager]: VIEWPOINT ACCEPTED | position=(0.59, -4.18, -2.00) | distance_from_uav=1.72 m
[INFO] [1790222516.984360648] [sage_mission_manager]: VALIDATED VIEWPOINT PUBLISHED
[INFO] [1790222517.186939819] [sage_mission_manager]: VIEWPOINT ACCEPTED | position=(1.21, -3.87, -2.00) | distance_from_uav=2.44 m
[INFO] [1790222517.187819525] [sage_mission_manager]: VALIDATED VIEWPOINT PUBLISHED
[INFO] [1790222517.385228659] [sage_mission_manager]: VIEWPOINT ACCEPTED | position=(1.84, -3.56, -2.00) | distance_from_uav=3.15 m
[INFO] [1790222517.385969500] [sage_mission_manager]: VALIDATED VIEWPOINT PUBLISHED
[INFO] [1790222517.586943936] [sage_mission_manager]: VIEWPOINT ACCEPTED | position=(1.84, -3.56, -2.00) | distance_from_uav=3.13 m
[INFO] [1790222517.590847651] [sage_mission_manager]: VALIDATED VIEWPOINT PUBLISHED
[INFO] [1790222517.776088339] [sage_mission_manager]: VIEWPOINT ACCEPTED | position=(1.84, -3.56, -2.00) | distance_from_uav=3.04 m
[INFO] [1790222517.782950280] [sage_mission_manager]: VALIDATED VIEWPOINT PUBLISHED
[INFO] [1790222517.976003399] [sage_mission_manager]: VIEWPOINT ACCEPTED | position=(2.46, -3.24, -2.00) | distance_from_uav=3.57 m
[INFO] [1790222517.976743968] [sage_mission_manager]: VALIDATED VIEWPOINT PUBLISHED
[INFO] [1790222518.177001806] [sage_mission_manager]: VIEWPOINT ACCEPTED | position=(2.46, -3.24, -2.00) | distance_from_uav=3.30 m
[INFO] [1790222518.181310771] [sage_mission_manager]: VALIDATED VIEWPOINT PUBLISHED
[INFO] [1790222518.374825276] [sage_mission_manager]: VIEWPOINT ACCEPTED | position=(2.46, -3.24, -2.00) | distance_from_uav=3.03 m
[INFO] [1790222518.375373240] [sage_mission_manager]: VALIDATED VIEWPOINT PUBLISHED
[INFO] [1790222518.585502232] [sage_mission_manager]: VIEWPOINT ACCEPTED | position=(3.09, -2.93, -2.00) | distance_from_uav=3.34 m
[INFO] [1790222518.586112887] [sage_mission_manager]: VALIDATED VIEWPOINT PUBLISHED
[INFO] [1790222518.784842856] [sage_mission_manager]: VIEWPOINT ACCEPTED | position=(3.72, -2.62, -2.00) | distance_from_uav=3.68 m
[INFO] [1790222518.790536056] [sage_mission_manager]: VALIDATED VIEWPOINT PUBLISHED
[INFO] [1790222518.978660854] [sage_mission_manager]: VIEWPOINT ACCEPTED | position=(3.72, -2.62, -2.00) | distance_from_uav=3.30 m
[INFO] [1790222518.985488472] [sage_mission_manager]: VALIDATED VIEWPOINT PUBLISHED
[INFO] [1790222519.180210636] [sage_mission_manager]: VIEWPOINT ACCEPTED | position=(4.08, -2.43, -2.00) | distance_from_uav=3.34 m
[INFO] [1790222519.181016974] [sage_mission_manager]: VALIDATED VIEWPOINT PUBLISHED
[INFO] [1790222519.372977868] [sage_mission_manager]: VIEWPOINT ACCEPTED | position=(4.08, -2.43, -2.00) | distance_from_uav=2.98 m
[INFO] [1790222519.374494656] [sage_mission_manager]: VALIDATED VIEWPOINT PUBLISHED
[INFO] [1790222519.580542150] [sage_mission_manager]: VIEWPOINT ACCEPTED | position=(4.08, -2.43, -2.00) | distance_from_uav=2.59 m
[INFO] [1790222519.582972409] [sage_mission_manager]: VALIDATED VIEWPOINT PUBLISHED
[INFO] [1790222519.779243633] [sage_mission_manager]: VIEWPOINT ACCEPTED | position=(4.08, -2.43, -2.00) | distance_from_uav=2.18 m
[INFO] [1790222519.780119681] [sage_mission_manager]: VALIDATED VIEWPOINT PUBLISHED
[INFO] [1790222519.973089876] [sage_mission_manager]: VIEWPOINT ACCEPTED | position=(4.08, -2.43, -2.00) | distance_from_uav=1.81 m
[INFO] [1790222519.973650665] [sage_mission_manager]: VALIDATED VIEWPOINT PUBLISHED
[INFO] [1790222520.177478636] [sage_mission_manager]: VIEWPOINT ACCEPTED | position=(4.08, -2.43, -2.00) | distance_from_uav=1.47 m
[INFO] [1790222520.178023994] [sage_mission_manager]: VALIDATED VIEWPOINT PUBLISHED
[INFO] [1790222520.380867675] [sage_mission_manager]: VIEWPOINT ACCEPTED | position=(4.08, -2.43, -2.00) | distance_from_uav=1.19 m
[INFO] [1790222520.382205678] [sage_mission_manager]: VALIDATED VIEWPOINT PUBLISHED
[INFO] [1790222520.579923192] [sage_mission_manager]: VIEWPOINT ACCEPTED | position=(4.08, -2.43, -2.00) | distance_from_uav=0.90 m
[INFO] [1790222520.580846898] [sage_mission_manager]: VALIDATED VIEWPOINT PUBLISHED
[INFO] [1790222520.775428249] [sage_mission_manager]: VIEWPOINT ACCEPTED | position=(4.08, -2.43, -2.00) | distance_from_uav=0.69 m
[INFO] [1790222520.776411491] [sage_mission_manager]: VALIDATED VIEWPOINT PUBLISHED
[INFO] [1790222520.978223440] [sage_mission_manager]: VIEWPOINT ACCEPTED | position=(4.08, -2.43, -2.00) | distance_from_uav=0.51 m
[INFO] [1790222520.978903687] [sage_mission_manager]: VALIDATED VIEWPOINT PUBLISHED
[INFO] [1790222521.176138688] [sage_mission_manager]: VIEWPOINT ACCEPTED | position=(4.08, -2.43, -2.00) | distance_from_uav=0.35 m
[INFO] [1790222521.179308051] [sage_mission_manager]: VALIDATED VIEWPOINT PUBLISHED
[INFO] [1790222521.378175237] [sage_mission_manager]: VIEWPOINT ACCEPTED | position=(4.08, -2.43, -2.00) | distance_from_uav=0.23 m
[INFO] [1790222521.378776064] [sage_mission_manager]: VALIDATED VIEWPOINT PUBLISHED
[INFO] [1790222521.576565171] [sage_mission_manager]: VIEWPOINT ACCEPTED | position=(3.65, -2.99, -2.00) | distance_from_uav=0.61 m
[INFO] [1790222521.577328605] [sage_mission_manager]: VALIDATED VIEWPOINT PUBLISHED
[INFO] [1790222521.778952892] [sage_mission_manager]: VIEWPOINT ACCEPTED | position=(3.70, -1.76, -2.00) | distance_from_uav=0.70 m
[INFO] [1790222521.780118265] [sage_mission_manager]: VALIDATED VIEWPOINT PUBLISHED
[INFO] [1790222521.976471218] [sage_mission_manager]: VIEWPOINT ACCEPTED | position=(3.40, -1.13, -2.00) | distance_from_uav=1.37 m
[INFO] [1790222521.977499259] [sage_mission_manager]: VALIDATED VIEWPOINT PUBLISHED
[INFO] [1790222522.176883867] [sage_mission_manager]: VIEWPOINT ACCEPTED | position=(3.10, -0.50, -2.00) | distance_from_uav=2.03 m
[INFO] [1790222522.177413530] [sage_mission_manager]: VALIDATED VIEWPOINT PUBLISHED
[INFO] [1790222522.374537961] [sage_mission_manager]: VIEWPOINT ACCEPTED | position=(2.80, 0.13, -2.00) | distance_from_uav=2.66 m
[INFO] [1790222522.376411392] [sage_mission_manager]: VALIDATED VIEWPOINT PUBLISHED
[INFO] [1790222522.580252171] [sage_mission_manager]: VIEWPOINT ACCEPTED | position=(2.50, 0.76, -2.00) | distance_from_uav=3.23 m
[INFO] [1790222522.580770157] [sage_mission_manager]: VALIDATED VIEWPOINT PUBLISHED
[INFO] [1790222522.773816210] [sage_mission_manager]: VIEWPOINT ACCEPTED | position=(2.50, 0.76, -2.00) | distance_from_uav=3.04 m
[INFO] [1790222522.776541914] [sage_mission_manager]: VALIDATED VIEWPOINT PUBLISHED
[INFO] [1790222522.979703623] [sage_mission_manager]: VIEWPOINT ACCEPTED | position=(2.20, 1.40, -2.00) | distance_from_uav=3.48 m
[INFO] [1790222522.980356893] [sage_mission_manager]: VALIDATED VIEWPOINT PUBLISHED
[INFO] [1790222523.176472437] [sage_mission_manager]: VIEWPOINT ACCEPTED | position=(2.20, 1.40, -2.00) | distance_from_uav=3.14 m
[INFO] [1790222523.177050016] [sage_mission_manager]: VALIDATED VIEWPOINT PUBLISHED
[INFO] [1790222523.380968801] [sage_mission_manager]: VIEWPOINT ACCEPTED | position=(1.90, 2.03, -2.00) | distance_from_uav=3.51 m
[INFO] [1790222523.382378234] [sage_mission_manager]: VALIDATED VIEWPOINT PUBLISHED
[INFO] [1790222523.573853973] [sage_mission_manager]: VIEWPOINT ACCEPTED | position=(1.90, 2.03, -2.00) | distance_from_uav=3.17 m
[INFO] [1790222523.574358242] [sage_mission_manager]: VALIDATED VIEWPOINT PUBLISHED
[INFO] [1790222523.780466261] [sage_mission_manager]: VIEWPOINT ACCEPTED | position=(1.59, 2.66, -2.00) | distance_from_uav=3.48 m
[INFO] [1790222523.781470867] [sage_mission_manager]: VALIDATED VIEWPOINT PUBLISHED
[INFO] [1790222523.975424485] [sage_mission_manager]: VIEWPOINT ACCEPTED | position=(1.59, 2.66, -2.00) | distance_from_uav=3.14 m
[INFO] [1790222523.976524287] [sage_mission_manager]: VALIDATED VIEWPOINT PUBLISHED
[INFO] [1790222524.181639574] [sage_mission_manager]: VIEWPOINT ACCEPTED | position=(1.29, 3.29, -2.00) | distance_from_uav=3.48 m
[INFO] [1790222524.182342785] [sage_mission_manager]: VALIDATED VIEWPOINT PUBLISHED
[INFO] [1790222524.378179253] [sage_mission_manager]: VIEWPOINT ACCEPTED | position=(1.29, 3.29, -2.00) | distance_from_uav=3.08 m
[INFO] [1790222524.378934185] [sage_mission_manager]: VALIDATED VIEWPOINT PUBLISHED
[INFO] [1790222524.577568031] [sage_mission_manager]: VIEWPOINT ACCEPTED | position=(0.99, 3.92, -2.00) | distance_from_uav=3.37 m
[INFO] [1790222524.578377935] [sage_mission_manager]: VALIDATED VIEWPOINT PUBLISHED
[INFO] [1790222524.774656959] [sage_mission_manager]: VIEWPOINT ACCEPTED | position=(0.69, 4.55, -2.00) | distance_from_uav=3.65 m
[INFO] [1790222524.777369911] [sage_mission_manager]: VALIDATED VIEWPOINT PUBLISHED
[INFO] [1790222524.977378885] [sage_mission_manager]: VIEWPOINT ACCEPTED | position=(0.69, 4.55, -2.00) | distance_from_uav=3.23 m
[INFO] [1790222524.978283350] [sage_mission_manager]: VALIDATED VIEWPOINT PUBLISHED
[INFO] [1790222525.171134892] [sage_mission_manager]: VIEWPOINT ACCEPTED | position=(0.39, 5.19, -2.00) | distance_from_uav=3.51 m
[INFO] [1790222525.172038842] [sage_mission_manager]: VALIDATED VIEWPOINT PUBLISHED
[INFO] [1790222525.372526393] [sage_mission_manager]: VIEWPOINT ACCEPTED | position=(0.39, 5.19, -2.00) | distance_from_uav=3.19 m
[INFO] [1790222525.373087143] [sage_mission_manager]: VALIDATED VIEWPOINT PUBLISHED
[INFO] [1790222525.578247881] [sage_mission_manager]: VIEWPOINT ACCEPTED | position=(0.09, 5.82, -2.00) | distance_from_uav=3.52 m
[INFO] [1790222525.578854014] [sage_mission_manager]: VALIDATED VIEWPOINT PUBLISHED
[INFO] [1790222525.771001482] [sage_mission_manager]: VIEWPOINT ACCEPTED | position=(0.09, 5.82, -2.00) | distance_from_uav=3.19 m
[INFO] [1790222525.778405155] [sage_mission_manager]: VALIDATED VIEWPOINT PUBLISHED
[INFO] [1790222525.982933999] [sage_mission_manager]: VIEWPOINT ACCEPTED | position=(0.00, 6.00, -2.00) | distance_from_uav=2.93 m
[INFO] [1790222525.983697693] [sage_mission_manager]: VALIDATED VIEWPOINT PUBLISHED
[INFO] [1790222526.180018192] [sage_mission_manager]: VIEWPOINT ACCEPTED | position=(0.00, 6.00, -2.00) | distance_from_uav=2.52 m
[INFO] [1790222526.180648444] [sage_mission_manager]: VALIDATED VIEWPOINT PUBLISHED
[INFO] [1790222526.374015128] [sage_mission_manager]: VIEWPOINT ACCEPTED | position=(0.00, 6.00, -2.00) | distance_from_uav=2.09 m
[INFO] [1790222526.374551644] [sage_mission_manager]: VALIDATED VIEWPOINT PUBLISHED
[INFO] [1790222526.572401848] [sage_mission_manager]: VIEWPOINT ACCEPTED | position=(0.00, 6.00, -2.00) | distance_from_uav=1.78 m
[INFO] [1790222526.573312699] [sage_mission_manager]: VALIDATED VIEWPOINT PUBLISHED
[INFO] [1790222526.773706482] [sage_mission_manager]: VIEWPOINT ACCEPTED | position=(0.00, 6.00, -2.00) | distance_from_uav=1.44 m
[INFO] [1790222526.774495482] [sage_mission_manager]: VALIDATED VIEWPOINT PUBLISHED
[INFO] [1790222526.971681451] [sage_mission_manager]: VIEWPOINT ACCEPTED | position=(0.00, 6.00, -2.00) | distance_from_uav=1.14 m
[INFO] [1790222526.972418323] [sage_mission_manager]: VALIDATED VIEWPOINT PUBLISHED
[INFO] [1790222527.172014972] [sage_mission_manager]: VIEWPOINT ACCEPTED | position=(0.00, 6.00, -2.00) | distance_from_uav=0.85 m
[INFO] [1790222527.172624603] [sage_mission_manager]: VALIDATED VIEWPOINT PUBLISHED
[INFO] [1790222527.378058910] [sage_mission_manager]: VIEWPOINT ACCEPTED | position=(0.00, 6.00, -2.00) | distance_from_uav=0.61 m
[INFO] [1790222527.378720219] [sage_mission_manager]: VALIDATED VIEWPOINT PUBLISHED
[INFO] [1790222527.574715107] [sage_mission_manager]: VIEWPOINT ACCEPTED | position=(0.00, 6.00, -2.00) | distance_from_uav=0.40 m
[INFO] [1790222527.581347079] [sage_mission_manager]: VALIDATED VIEWPOINT PUBLISHED
[INFO] [1790222527.773542234] [sage_mission_manager]: VIEWPOINT ACCEPTED | position=(0.00, 6.00, -2.00) | distance_from_uav=0.28 m
[INFO] [1790222527.775933187] [sage_mission_manager]: VALIDATED VIEWPOINT PUBLISHED
[INFO] [1790222527.977879302] [sage_mission_manager]: VIEWPOINT ACCEPTED | position=(0.00, 6.00, -2.00) | distance_from_uav=0.25 m
[INFO] [1790222527.979710360] [sage_mission_manager]: VALIDATED VIEWPOINT PUBLISHED
[INFO] [1790222528.184677888] [sage_mission_manager]: VIEWPOINT ACCEPTED | position=(0.00, 6.00, -2.00) | distance_from_uav=0.27 m
[INFO] [1790222528.187046477] [sage_mission_manager]: VALIDATED VIEWPOINT PUBLISHED
[INFO] [1790222528.375346528] [sage_mission_manager]: VIEWPOINT ACCEPTED | position=(0.00, 6.00, -2.00) | distance_from_uav=0.30 m
[INFO] [1790222528.375892321] [sage_mission_manager]: VALIDATED VIEWPOINT PUBLISHED
[INFO] [1790222528.574373370] [sage_mission_manager]: VIEWPOINT ACCEPTED | position=(0.00, 6.00, -2.00) | distance_from_uav=0.34 m
[INFO] [1790222528.574973827] [sage_mission_manager]: VALIDATED VIEWPOINT PUBLISHED
[INFO] [1790222528.774265943] [sage_mission_manager]: VIEWPOINT ACCEPTED | position=(0.00, 6.00, -2.00) | distance_from_uav=0.36 m
[INFO] [1790222528.774788591] [sage_mission_manager]: VALIDATED VIEWPOINT PUBLISHED
[INFO] [1790222528.974873395] [sage_mission_manager]: VIEWPOINT ACCEPTED | position=(0.00, 6.00, -2.00) | distance_from_uav=0.39 m
[INFO] [1790222528.975593916] [sage_mission_manager]: VALIDATED VIEWPOINT PUBLISHED
[INFO] [1790222529.175044607] [sage_mission_manager]: VIEWPOINT ACCEPTED | position=(0.00, 6.00, -2.00) | distance_from_uav=0.41 m
[INFO] [1790222529.175743549] [sage_mission_manager]: VALIDATED VIEWPOINT PUBLISHED
[INFO] [1790222529.372244614] [sage_mission_manager]: VIEWPOINT ACCEPTED | position=(0.00, 6.00, -2.00) | distance_from_uav=0.43 m
[INFO] [1790222529.372759813] [sage_mission_manager]: VALIDATED VIEWPOINT PUBLISHED
[INFO] [1790222529.576518213] [sage_mission_manager]: VIEWPOINT ACCEPTED | position=(0.00, 6.00, -2.00) | distance_from_uav=0.43 m
[INFO] [1790222529.577270238] [sage_mission_manager]: VALIDATED VIEWPOINT PUBLISHED
[INFO] [1790222529.774750300] [sage_mission_manager]: VIEWPOINT ACCEPTED | position=(0.00, 6.00, -2.00) | distance_from_uav=0.43 m
[INFO] [1790222529.775340528] [sage_mission_manager]: VALIDATED VIEWPOINT PUBLISHED
[INFO] [1790222529.971979323] [sage_mission_manager]: VIEWPOINT ACCEPTED | position=(0.00, 6.00, -2.00) | distance_from_uav=0.43 m
[INFO] [1790222529.972725966] [sage_mission_manager]: VALIDATED VIEWPOINT PUBLISHED
[INFO] [1790222530.174552568] [sage_mission_manager]: VIEWPOINT ACCEPTED | position=(0.00, 6.00, -2.00) | distance_from_uav=0.42 m
[INFO] [1790222530.175982926] [sage_mission_manager]: VALIDATED VIEWPOINT PUBLISHED
[INFO] [1790222530.381944977] [sage_mission_manager]: VIEWPOINT ACCEPTED | position=(0.00, 6.00, -2.00) | distance_from_uav=0.39 m
[INFO] [1790222530.384401693] [sage_mission_manager]: VALIDATED VIEWPOINT PUBLISHED
[INFO] [1790222530.574649097] [sage_mission_manager]: VIEWPOINT ACCEPTED | position=(0.00, 6.00, -2.00) | distance_from_uav=0.37 m
[INFO] [1790222530.575416015] [sage_mission_manager]: VALIDATED VIEWPOINT PUBLISHED
[INFO] [1790222530.772777193] [sage_mission_manager]: VIEWPOINT ACCEPTED | position=(0.00, 6.00, -2.00) | distance_from_uav=0.34 m
[INFO] [1790222530.775831181] [sage_mission_manager]: VALIDATED VIEWPOINT PUBLISHED
[INFO] [1790222530.977720012] [sage_mission_manager]: VIEWPOINT ACCEPTED | position=(0.00, 6.00, -2.00) | distance_from_uav=0.31 m
[INFO] [1790222530.981956970] [sage_mission_manager]: VALIDATED VIEWPOINT PUBLISHED
[INFO] [1790222531.175433701] [sage_mission_manager]: VIEWPOINT ACCEPTED | position=(0.00, 6.00, -2.00) | distance_from_uav=0.28 m
[INFO] [1790222531.175970824] [sage_mission_manager]: VALIDATED VIEWPOINT PUBLISHED
[INFO] [1790222531.375034920] [sage_mission_manager]: VIEWPOINT ACCEPTED | position=(0.00, 6.00, -2.00) | distance_from_uav=0.25 m
[INFO] [1790222531.375819230] [sage_mission_manager]: VALIDATED VIEWPOINT PUBLISHED
[INFO] [1790222531.576100992] [sage_mission_manager]: VIEWPOINT ACCEPTED | position=(0.00, 6.00, -2.00) | distance_from_uav=0.23 m
[INFO] [1790222531.579038246] [sage_mission_manager]: VALIDATED VIEWPOINT PUBLISHED
[INFO] [1790222531.774537139] [sage_mission_manager]: VIEWPOINT ACCEPTED | position=(0.00, 6.00, -2.00) | distance_from_uav=0.21 m
[INFO] [1790222531.775067765] [sage_mission_manager]: VALIDATED VIEWPOINT PUBLISHED
[INFO] [1790222531.978947745] [sage_mission_manager]: VIEWPOINT ACCEPTED | position=(0.00, 6.00, -2.00) | distance_from_uav=0.19 m
[INFO] [1790222531.979877603] [sage_mission_manager]: VALIDATED VIEWPOINT PUBLISHED
[INFO] [1790222532.177881276] [sage_mission_manager]: VIEWPOINT ACCEPTED | position=(0.00, 6.00, -2.00) | distance_from_uav=0.18 m
[INFO] [1790222532.178636071] [sage_mission_manager]: VALIDATED VIEWPOINT PUBLISHED
[INFO] [1790222532.373156754] [sage_mission_manager]: VIEWPOINT ACCEPTED | position=(0.00, 6.00, -2.00) | distance_from_uav=0.18 m
[INFO] [1790222532.373805965] [sage_mission_manager]: VALIDATED VIEWPOINT PUBLISHED
[INFO] [1790222532.575001798] [sage_mission_manager]: VIEWPOINT ACCEPTED | position=(0.00, 6.00, -2.00) | distance_from_uav=0.17 m
[INFO] [1790222532.576358189] [sage_mission_manager]: VALIDATED VIEWPOINT PUBLISHED
[INFO] [1790222532.775285035] [sage_mission_manager]: VIEWPOINT ACCEPTED | position=(0.00, 6.00, -2.00) | distance_from_uav=0.17 m
[INFO] [1790222532.776979487] [sage_mission_manager]: VALIDATED VIEWPOINT PUBLISHED
[INFO] [1790222532.971222372] [sage_mission_manager]: VIEWPOINT ACCEPTED | position=(0.00, 6.00, -2.00) | distance_from_uav=0.17 m
[INFO] [1790222532.971821254] [sage_mission_manager]: VALIDATED VIEWPOINT PUBLISHED
[INFO] [1790222533.171605910] [sage_mission_manager]: VIEWPOINT ACCEPTED | position=(0.00, 6.00, -2.00) | distance_from_uav=0.17 m
[INFO] [1790222533.173132080] [sage_mission_manager]: VALIDATED VIEWPOINT PUBLISHED
[INFO] [1790222533.379730856] [sage_mission_manager]: VIEWPOINT ACCEPTED | position=(0.00, 6.00, -2.00) | distance_from_uav=0.17 m
[INFO] [1790222533.380415351] [sage_mission_manager]: VALIDATED VIEWPOINT PUBLISHED
[INFO] [1790222533.575696007] [sage_mission_manager]: VIEWPOINT ACCEPTED | position=(0.00, 6.00, -2.00) | distance_from_uav=0.17 m
[INFO] [1790222533.576407591] [sage_mission_manager]: VALIDATED VIEWPOINT PUBLISHED
[INFO] [1790222533.779010231] [sage_mission_manager]: VIEWPOINT ACCEPTED | position=(0.00, 6.00, -2.00) | distance_from_uav=0.17 m
[INFO] [1790222533.779720689] [sage_mission_manager]: VALIDATED VIEWPOINT PUBLISHED
[INFO] [1790222533.975436008] [sage_mission_manager]: VIEWPOINT ACCEPTED | position=(0.00, 6.00, -2.00) | distance_from_uav=0.17 m
[INFO] [1790222533.981002584] [sage_mission_manager]: VALIDATED VIEWPOINT PUBLISHED
[INFO] [1790222534.175502852] [sage_mission_manager]: VIEWPOINT ACCEPTED | position=(0.00, 6.00, -2.00) | distance_from_uav=0.17 m
[INFO] [1790222534.176852690] [sage_mission_manager]: VALIDATED VIEWPOINT PUBLISHED
[INFO] [1790222534.374061029] [sage_mission_manager]: VIEWPOINT ACCEPTED | position=(0.00, 6.00, -2.00) | distance_from_uav=0.17 m
[INFO] [1790222534.374736102] [sage_mission_manager]: VALIDATED VIEWPOINT PUBLISHED
[INFO] [1790222534.589598886] [sage_mission_manager]: VIEWPOINT ACCEPTED | position=(0.00, 6.00, -2.00) | distance_from_uav=0.17 m
[INFO] [1790222534.590297279] [sage_mission_manager]: VALIDATED VIEWPOINT PUBLISHED
[INFO] [1790222534.774998078] [sage_mission_manager]: VIEWPOINT ACCEPTED | position=(0.00, 6.00, -2.00) | distance_from_uav=0.18 m
[INFO] [1790222534.779003402] [sage_mission_manager]: VALIDATED VIEWPOINT PUBLISHED
[INFO] [1790222534.972061571] [sage_mission_manager]: VIEWPOINT ACCEPTED | position=(0.00, 6.00, -2.00) | distance_from_uav=0.18 m
[INFO] [1790222534.975952984] [sage_mission_manager]: VALIDATED VIEWPOINT PUBLISHED
[INFO] [1790222535.174608380] [sage_mission_manager]: VIEWPOINT ACCEPTED | position=(0.00, 6.00, -2.00) | distance_from_uav=0.18 m
[INFO] [1790222535.175361098] [sage_mission_manager]: VALIDATED VIEWPOINT PUBLISHED
[INFO] [1790222535.380711290] [sage_mission_manager]: VIEWPOINT ACCEPTED | position=(0.00, 6.00, -2.00) | distance_from_uav=0.19 m
[INFO] [1790222535.384793176] [sage_mission_manager]: VALIDATED VIEWPOINT PUBLISHED
[INFO] [1790222535.583984270] [sage_mission_manager]: VIEWPOINT ACCEPTED | position=(0.00, 6.00, -2.00) | distance_from_uav=0.18 m
[INFO] [1790222535.585702063] [sage_mission_manager]: VALIDATED VIEWPOINT PUBLISHED
[INFO] [1790222535.778998441] [sage_mission_manager]: VIEWPOINT ACCEPTED | position=(0.00, 6.00, -2.00) | distance_from_uav=0.18 m
[INFO] [1790222535.784965941] [sage_mission_manager]: VALIDATED VIEWPOINT PUBLISHED
[INFO] [1790222535.974599578] [sage_mission_manager]: VIEWPOINT ACCEPTED | position=(-0.70, 6.00, -2.00) | distance_from_uav=0.87 m
[INFO] [1790222535.977785674] [sage_mission_manager]: VALIDATED VIEWPOINT PUBLISHED
[INFO] [1790222536.174001571] [sage_mission_manager]: VIEWPOINT ACCEPTED | position=(-1.40, 6.00, -2.00) | distance_from_uav=1.57 m
[INFO] [1790222536.176344705] [sage_mission_manager]: VALIDATED VIEWPOINT PUBLISHED
[INFO] [1790222536.379977290] [sage_mission_manager]: VIEWPOINT ACCEPTED | position=(-2.10, 6.00, -2.00) | distance_from_uav=2.25 m
[INFO] [1790222536.380844375] [sage_mission_manager]: VALIDATED VIEWPOINT PUBLISHED
[INFO] [1790222536.577595281] [sage_mission_manager]: VIEWPOINT ACCEPTED | position=(-2.80, 6.00, -2.00) | distance_from_uav=2.91 m
[INFO] [1790222536.584450969] [sage_mission_manager]: VALIDATED VIEWPOINT PUBLISHED
[INFO] [1790222536.776015844] [sage_mission_manager]: VIEWPOINT ACCEPTED | position=(-3.50, 6.00, -2.00) | distance_from_uav=3.52 m
[INFO] [1790222536.777875513] [sage_mission_manager]: VALIDATED VIEWPOINT PUBLISHED
[INFO] [1790222536.972766085] [sage_mission_manager]: VIEWPOINT ACCEPTED | position=(-3.50, 6.00, -2.00) | distance_from_uav=3.35 m
[INFO] [1790222536.973681919] [sage_mission_manager]: VALIDATED VIEWPOINT PUBLISHED
[INFO] [1790222537.172366615] [sage_mission_manager]: VIEWPOINT ACCEPTED | position=(-3.50, 6.00, -2.00) | distance_from_uav=3.13 m
[INFO] [1790222537.173068239] [sage_mission_manager]: VALIDATED VIEWPOINT PUBLISHED
[INFO] [1790222537.371999413] [sage_mission_manager]: VIEWPOINT ACCEPTED | position=(-4.20, 6.00, -2.00) | distance_from_uav=3.54 m
[INFO] [1790222537.378264342] [sage_mission_manager]: VALIDATED VIEWPOINT PUBLISHED
[INFO] [1790222537.571370849] [sage_mission_manager]: VIEWPOINT ACCEPTED | position=(-4.20, 6.00, -2.00) | distance_from_uav=3.21 m
[INFO] [1790222537.571991246] [sage_mission_manager]: VALIDATED VIEWPOINT PUBLISHED
[INFO] [1790222537.772721531] [sage_mission_manager]: VIEWPOINT ACCEPTED | position=(-4.90, 6.00, -2.00) | distance_from_uav=3.58 m
[INFO] [1790222537.775810672] [sage_mission_manager]: VALIDATED VIEWPOINT PUBLISHED
[INFO] [1790222537.975486391] [sage_mission_manager]: VIEWPOINT ACCEPTED | position=(-4.90, 6.00, -2.00) | distance_from_uav=3.26 m
[INFO] [1790222537.976420713] [sage_mission_manager]: VALIDATED VIEWPOINT PUBLISHED
[INFO] [1790222538.185472693] [sage_mission_manager]: VIEWPOINT ACCEPTED | position=(-5.60, 6.00, -2.00) | distance_from_uav=3.57 m
[INFO] [1790222538.190921386] [sage_mission_manager]: VALIDATED VIEWPOINT PUBLISHED
[INFO] [1790222538.386297926] [sage_mission_manager]: VIEWPOINT ACCEPTED | position=(-5.60, 6.00, -2.00) | distance_from_uav=3.17 m
[INFO] [1790222538.387118591] [sage_mission_manager]: VALIDATED VIEWPOINT PUBLISHED
[INFO] [1790222538.581311936] [sage_mission_manager]: VIEWPOINT ACCEPTED | position=(-6.00, 6.00, -2.00) | distance_from_uav=3.22 m
[INFO] [1790222538.583671998] [sage_mission_manager]: VALIDATED VIEWPOINT PUBLISHED
[INFO] [1790222538.776729696] [sage_mission_manager]: VIEWPOINT ACCEPTED | position=(-6.00, 6.00, -2.00) | distance_from_uav=2.81 m
[INFO] [1790222538.780585197] [sage_mission_manager]: VALIDATED VIEWPOINT PUBLISHED
[INFO] [1790222538.978587666] [sage_mission_manager]: VIEWPOINT ACCEPTED | position=(-6.00, 6.00, -2.00) | distance_from_uav=2.43 m
[INFO] [1790222538.981939010] [sage_mission_manager]: VALIDATED VIEWPOINT PUBLISHED
[INFO] [1790222539.171242211] [sage_mission_manager]: VIEWPOINT ACCEPTED | position=(-6.00, 6.00, -2.00) | distance_from_uav=2.09 m
[INFO] [1790222539.172061324] [sage_mission_manager]: VALIDATED VIEWPOINT PUBLISHED
[INFO] [1790222539.374534299] [sage_mission_manager]: VIEWPOINT ACCEPTED | position=(-6.00, 6.00, -2.00) | distance_from_uav=1.75 m
[INFO] [1790222539.380426573] [sage_mission_manager]: VALIDATED VIEWPOINT PUBLISHED
[INFO] [1790222539.581401450] [sage_mission_manager]: VIEWPOINT ACCEPTED | position=(-6.00, 6.00, -2.00) | distance_from_uav=1.39 m
[INFO] [1790222539.582132559] [sage_mission_manager]: VALIDATED VIEWPOINT PUBLISHED
[INFO] [1790222539.774081013] [sage_mission_manager]: VIEWPOINT ACCEPTED | position=(-6.00, 6.00, -2.00) | distance_from_uav=1.10 m
[INFO] [1790222539.774772135] [sage_mission_manager]: VALIDATED VIEWPOINT PUBLISHED
[INFO] [1790222539.972345942] [sage_mission_manager]: VIEWPOINT ACCEPTED | position=(-6.00, 6.00, -2.00) | distance_from_uav=0.89 m
[INFO] [1790222539.978325561] [sage_mission_manager]: VALIDATED VIEWPOINT PUBLISHED
[INFO] [1790222540.175638396] [sage_mission_manager]: VIEWPOINT ACCEPTED | position=(-6.00, 6.00, -2.00) | distance_from_uav=0.65 m
[INFO] [1790222540.176769811] [sage_mission_manager]: VALIDATED VIEWPOINT PUBLISHED
[INFO] [1790222540.374820791] [sage_mission_manager]: VIEWPOINT ACCEPTED | position=(-6.00, 6.00, -2.00) | distance_from_uav=0.44 m
[INFO] [1790222540.375514721] [sage_mission_manager]: VALIDATED VIEWPOINT PUBLISHED
[INFO] [1790222540.575280367] [sage_mission_manager]: VIEWPOINT ACCEPTED | position=(-6.00, 6.00, -2.00) | distance_from_uav=0.30 m
[INFO] [1790222540.576164513] [sage_mission_manager]: VALIDATED VIEWPOINT PUBLISHED
[INFO] [1790222540.777408092] [sage_mission_manager]: VIEWPOINT ACCEPTED | position=(-6.00, 6.00, -2.00) | distance_from_uav=0.17 m
[INFO] [1790222540.778095672] [sage_mission_manager]: VALIDATED VIEWPOINT PUBLISHED
[INFO] [1790222540.973522342] [sage_mission_manager]: VIEWPOINT ACCEPTED | position=(-6.00, 6.00, -2.00) | distance_from_uav=0.06 m
[INFO] [1790222540.974214668] [sage_mission_manager]: VALIDATED VIEWPOINT PUBLISHED
[INFO] [1790222541.172026126] [sage_mission_manager]: VIEWPOINT ACCEPTED | position=(-6.00, 6.00, -2.00) | distance_from_uav=0.05 m
[INFO] [1790222541.172742788] [sage_mission_manager]: VALIDATED VIEWPOINT PUBLISHED
[INFO] [1790222541.376288042] [sage_mission_manager]: VIEWPOINT ACCEPTED | position=(-6.00, 6.00, -2.00) | distance_from_uav=0.12 m
[INFO] [1790222541.389165617] [sage_mission_manager]: VALIDATED VIEWPOINT PUBLISHED
[INFO] [1790222541.577749549] [sage_mission_manager]: VIEWPOINT ACCEPTED | position=(-6.00, 6.00, -2.00) | distance_from_uav=0.16 m
[INFO] [1790222541.578532425] [sage_mission_manager]: VALIDATED VIEWPOINT PUBLISHED
[INFO] [1790222541.779105886] [sage_mission_manager]: VIEWPOINT ACCEPTED | position=(-6.00, 6.00, -2.00) | distance_from_uav=0.18 m
[INFO] [1790222541.779783173] [sage_mission_manager]: VALIDATED VIEWPOINT PUBLISHED
[INFO] [1790222541.977803539] [sage_mission_manager]: VIEWPOINT ACCEPTED | position=(-6.00, 6.00, -2.00) | distance_from_uav=0.20 m
[INFO] [1790222541.980481088] [sage_mission_manager]: VALIDATED VIEWPOINT PUBLISHED
[INFO] [1790222542.189753731] [sage_mission_manager]: VIEWPOINT ACCEPTED | position=(-6.00, 6.00, -2.00) | distance_from_uav=0.21 m
[INFO] [1790222542.196609260] [sage_mission_manager]: VALIDATED VIEWPOINT PUBLISHED
[INFO] [1790222542.373246299] [sage_mission_manager]: VIEWPOINT ACCEPTED | position=(-6.00, 6.00, -2.00) | distance_from_uav=0.22 m
[INFO] [1790222542.373979420] [sage_mission_manager]: VALIDATED VIEWPOINT PUBLISHED
[INFO] [1790222542.571856312] [sage_mission_manager]: VIEWPOINT ACCEPTED | position=(-6.00, 6.00, -2.00) | distance_from_uav=0.22 m
[INFO] [1790222542.578454585] [sage_mission_manager]: VALIDATED VIEWPOINT PUBLISHED
[INFO] [1790222542.775443443] [sage_mission_manager]: VIEWPOINT ACCEPTED | position=(-6.00, 6.00, -2.00) | distance_from_uav=0.22 m
[INFO] [1790222542.780646382] [sage_mission_manager]: VALIDATED VIEWPOINT PUBLISHED
[INFO] [1790222542.981228231] [sage_mission_manager]: VIEWPOINT ACCEPTED | position=(-6.00, 6.00, -2.00) | distance_from_uav=0.21 m
[INFO] [1790222542.981964616] [sage_mission_manager]: VALIDATED VIEWPOINT PUBLISHED
[INFO] [1790222543.175892831] [sage_mission_manager]: VIEWPOINT ACCEPTED | position=(-6.00, 6.00, -2.00) | distance_from_uav=0.20 m
[INFO] [1790222543.176936786] [sage_mission_manager]: VALIDATED VIEWPOINT PUBLISHED
[INFO] [1790222543.374596812] [sage_mission_manager]: VIEWPOINT ACCEPTED | position=(-6.00, 6.00, -2.00) | distance_from_uav=0.18 m
[INFO] [1790222543.378633109] [sage_mission_manager]: VALIDATED VIEWPOINT PUBLISHED
[INFO] [1790222543.573347261] [sage_mission_manager]: VIEWPOINT ACCEPTED | position=(-6.00, 6.00, -2.00) | distance_from_uav=0.17 m
[INFO] [1790222543.577574524] [sage_mission_manager]: VALIDATED VIEWPOINT PUBLISHED
[INFO] [1790222543.776524477] [sage_mission_manager]: VIEWPOINT ACCEPTED | position=(-6.00, 6.00, -2.00) | distance_from_uav=0.16 m
[INFO] [1790222543.779932592] [sage_mission_manager]: VALIDATED VIEWPOINT PUBLISHED
[INFO] [1790222543.972960230] [sage_mission_manager]: VIEWPOINT ACCEPTED | position=(-6.00, 6.00, -2.00) | distance_from_uav=0.14 m
[INFO] [1790222543.974779525] [sage_mission_manager]: VALIDATED VIEWPOINT PUBLISHED
[INFO] [1790222544.179053406] [sage_mission_manager]: VIEWPOINT ACCEPTED | position=(-6.00, 6.00, -2.00) | distance_from_uav=0.13 m
[INFO] [1790222544.180174111] [sage_mission_manager]: VALIDATED VIEWPOINT PUBLISHED
[INFO] [1790222544.377364750] [sage_mission_manager]: VIEWPOINT ACCEPTED | position=(-6.00, 6.00, -2.00) | distance_from_uav=0.11 m
[INFO] [1790222544.377988243] [sage_mission_manager]: VALIDATED VIEWPOINT PUBLISHED
[INFO] [1790222544.573680741] [sage_mission_manager]: VIEWPOINT ACCEPTED | position=(-6.00, 6.00, -2.00) | distance_from_uav=0.10 m
[INFO] [1790222544.574376982] [sage_mission_manager]: VALIDATED VIEWPOINT PUBLISHED
[INFO] [1790222544.781091687] [sage_mission_manager]: VIEWPOINT ACCEPTED | position=(-6.00, 6.00, -2.00) | distance_from_uav=0.08 m
[INFO] [1790222544.786327157] [sage_mission_manager]: VALIDATED VIEWPOINT PUBLISHED
[INFO] [1790222544.974648433] [sage_mission_manager]: VIEWPOINT ACCEPTED | position=(-6.00, 6.00, -2.00) | distance_from_uav=0.07 m
[INFO] [1790222544.977118213] [sage_mission_manager]: VALIDATED VIEWPOINT PUBLISHED
[INFO] [1790222545.175547661] [sage_mission_manager]: VIEWPOINT ACCEPTED | position=(-6.00, 6.00, -2.00) | distance_from_uav=0.06 m
[INFO] [1790222545.176530083] [sage_mission_manager]: VALIDATED VIEWPOINT PUBLISHED
[INFO] [1790222545.373519972] [sage_mission_manager]: VIEWPOINT ACCEPTED | position=(-6.00, 6.00, -2.00) | distance_from_uav=0.05 m
[INFO] [1790222545.375059179] [sage_mission_manager]: VALIDATED VIEWPOINT PUBLISHED
[INFO] [1790222545.574215049] [sage_mission_manager]: VIEWPOINT ACCEPTED | position=(-6.00, 6.00, -2.00) | distance_from_uav=0.03 m
[INFO] [1790222545.575018738] [sage_mission_manager]: VALIDATED VIEWPOINT PUBLISHED
[INFO] [1790222545.776130592] [sage_mission_manager]: VIEWPOINT ACCEPTED | position=(-6.00, 6.00, -2.00) | distance_from_uav=0.02 m
[INFO] [1790222545.780144540] [sage_mission_manager]: VALIDATED VIEWPOINT PUBLISHED
[INFO] [1790222545.984051821] [sage_mission_manager]: VIEWPOINT ACCEPTED | position=(-6.00, 6.00, -2.00) | distance_from_uav=0.02 m
[INFO] [1790222545.987704137] [sage_mission_manager]: VALIDATED VIEWPOINT PUBLISHED
[INFO] [1790222546.174868939] [sage_mission_manager]: VIEWPOINT ACCEPTED | position=(-6.00, 6.00, -2.00) | distance_from_uav=0.02 m
[INFO] [1790222546.175488086] [sage_mission_manager]: VALIDATED VIEWPOINT PUBLISHED
[INFO] [1790222546.376618209] [sage_mission_manager]: VIEWPOINT ACCEPTED | position=(-6.00, 6.00, -2.00) | distance_from_uav=0.02 m
[INFO] [1790222546.377324551] [sage_mission_manager]: VALIDATED VIEWPOINT PUBLISHED
[INFO] [1790222546.574549724] [sage_mission_manager]: VIEWPOINT ACCEPTED | position=(-6.00, 6.00, -2.00) | distance_from_uav=0.03 m
[INFO] [1790222546.575541906] [sage_mission_manager]: VALIDATED VIEWPOINT PUBLISHED
[INFO] [1790222546.773120020] [sage_mission_manager]: VIEWPOINT ACCEPTED | position=(-6.00, 6.00, -2.00) | distance_from_uav=0.03 m
[INFO] [1790222546.773890808] [sage_mission_manager]: VALIDATED VIEWPOINT PUBLISHED
[INFO] [1790222546.974641250] [sage_mission_manager]: VIEWPOINT ACCEPTED | position=(-6.00, 6.00, -2.00) | distance_from_uav=0.04 m
[INFO] [1790222546.977372833] [sage_mission_manager]: VALIDATED VIEWPOINT PUBLISHED
[INFO] [1790222547.174829153] [sage_mission_manager]: VIEWPOINT ACCEPTED | position=(-6.00, 6.00, -2.00) | distance_from_uav=0.05 m
[INFO] [1790222547.176580421] [sage_mission_manager]: VALIDATED VIEWPOINT PUBLISHED
[INFO] [1790222547.374014401] [sage_mission_manager]: VIEWPOINT ACCEPTED | position=(-6.00, 6.00, -2.00) | distance_from_uav=0.05 m
[INFO] [1790222547.374641495] [sage_mission_manager]: VALIDATED VIEWPOINT PUBLISHED
[INFO] [1790222547.572227671] [sage_mission_manager]: VIEWPOINT ACCEPTED | position=(-6.00, 6.00, -2.00) | distance_from_uav=0.05 m
[INFO] [1790222547.575266798] [sage_mission_manager]: VALIDATED VIEWPOINT PUBLISHED
[INFO] [1790222547.775500211] [sage_mission_manager]: VIEWPOINT ACCEPTED | position=(-6.00, 6.00, -2.00) | distance_from_uav=0.05 m
[INFO] [1790222547.781003056] [sage_mission_manager]: VALIDATED VIEWPOINT PUBLISHED
[INFO] [1790222547.973493591] [sage_mission_manager]: VIEWPOINT ACCEPTED | position=(-6.00, 6.00, -2.00) | distance_from_uav=0.05 m
[INFO] [1790222547.974560889] [sage_mission_manager]: VALIDATED VIEWPOINT PUBLISHED
[INFO] [1790222548.179401384] [sage_mission_manager]: VIEWPOINT ACCEPTED | position=(-6.00, 6.00, -2.00) | distance_from_uav=0.05 m
[INFO] [1790222548.180214826] [sage_mission_manager]: VALIDATED VIEWPOINT PUBLISHED
[INFO] [1790222548.374943698] [sage_mission_manager]: VIEWPOINT ACCEPTED | position=(-6.00, 6.00, -2.00) | distance_from_uav=0.04 m
[INFO] [1790222548.375454599] [sage_mission_manager]: VALIDATED VIEWPOINT PUBLISHED
[INFO] [1790222548.573852043] [sage_mission_manager]: VIEWPOINT ACCEPTED | position=(-6.00, 6.00, -2.00) | distance_from_uav=0.04 m
[INFO] [1790222548.576525756] [sage_mission_manager]: VALIDATED VIEWPOINT PUBLISHED
[INFO] [1790222548.772342397] [sage_mission_manager]: VIEWPOINT ACCEPTED | position=(-6.00, 5.30, -2.00) | distance_from_uav=0.73 m
[INFO] [1790222548.778501645] [sage_mission_manager]: VALIDATED VIEWPOINT PUBLISHED
[INFO] [1790222548.985933649] [sage_mission_manager]: VIEWPOINT ACCEPTED | position=(-6.00, 4.60, -2.00) | distance_from_uav=1.43 m
[INFO] [1790222548.986661548] [sage_mission_manager]: VALIDATED VIEWPOINT PUBLISHED
[INFO] [1790222549.178038907] [sage_mission_manager]: VIEWPOINT ACCEPTED | position=(-6.00, 3.90, -2.00) | distance_from_uav=2.12 m
[INFO] [1790222549.179004701] [sage_mission_manager]: VALIDATED VIEWPOINT PUBLISHED
[INFO] [1790222549.378548312] [sage_mission_manager]: VIEWPOINT ACCEPTED | position=(-6.00, 3.20, -2.00) | distance_from_uav=2.78 m
[INFO] [1790222549.381037266] [sage_mission_manager]: VALIDATED VIEWPOINT PUBLISHED
[INFO] [1790222549.580642620] [sage_mission_manager]: VIEWPOINT ACCEPTED | position=(-6.00, 2.50, -2.00) | distance_from_uav=3.40 m
[INFO] [1790222549.585331676] [sage_mission_manager]: VALIDATED VIEWPOINT PUBLISHED
[INFO] [1790222549.773870205] [sage_mission_manager]: VIEWPOINT ACCEPTED | position=(-6.00, 2.50, -2.00) | distance_from_uav=3.27 m
[INFO] [1790222549.776655441] [sage_mission_manager]: VALIDATED VIEWPOINT PUBLISHED
[INFO] [1790222549.980011155] [sage_mission_manager]: VIEWPOINT ACCEPTED | position=(-6.00, 2.50, -2.00) | distance_from_uav=3.08 m
[INFO] [1790222549.983064250] [sage_mission_manager]: VALIDATED VIEWPOINT PUBLISHED
[INFO] [1790222550.174766370] [sage_mission_manager]: VIEWPOINT ACCEPTED | position=(-6.00, 1.80, -2.00) | distance_from_uav=3.47 m
[INFO] [1790222550.175321945] [sage_mission_manager]: VALIDATED VIEWPOINT PUBLISHED
[INFO] [1790222550.375153814] [sage_mission_manager]: VIEWPOINT ACCEPTED | position=(-6.00, 1.80, -2.00) | distance_from_uav=3.09 m
[INFO] [1790222550.381899977] [sage_mission_manager]: VALIDATED VIEWPOINT PUBLISHED
[INFO] [1790222550.574512888] [sage_mission_manager]: VIEWPOINT ACCEPTED | position=(-6.00, 1.10, -2.00) | distance_from_uav=3.42 m
[INFO] [1790222550.575876473] [sage_mission_manager]: VALIDATED VIEWPOINT PUBLISHED
[INFO] [1790222550.776303931] [sage_mission_manager]: VIEWPOINT ACCEPTED | position=(-6.00, 1.10, -2.00) | distance_from_uav=3.06 m
[INFO] [1790222550.776958774] [sage_mission_manager]: VALIDATED VIEWPOINT PUBLISHED
[INFO] [1790222550.979603849] [sage_mission_manager]: VIEWPOINT ACCEPTED | position=(-6.00, 0.40, -2.00) | distance_from_uav=3.41 m
[INFO] [1790222550.980681060] [sage_mission_manager]: VALIDATED VIEWPOINT PUBLISHED
[INFO] [1790222551.182435338] [sage_mission_manager]: VIEWPOINT ACCEPTED | position=(-6.00, 0.00, -2.00) | distance_from_uav=3.38 m
[INFO] [1790222551.183387093] [sage_mission_manager]: VALIDATED VIEWPOINT PUBLISHED
[INFO] [1790222551.375391315] [sage_mission_manager]: VIEWPOINT ACCEPTED | position=(-6.00, 0.00, -2.00) | distance_from_uav=2.95 m
[INFO] [1790222551.376484575] [sage_mission_manager]: VALIDATED VIEWPOINT PUBLISHED
[INFO] [1790222551.571993114] [sage_mission_manager]: VIEWPOINT ACCEPTED | position=(-6.00, 0.00, -2.00) | distance_from_uav=2.57 m
[INFO] [1790222551.572564149] [sage_mission_manager]: VALIDATED VIEWPOINT PUBLISHED
[INFO] [1790222551.780940964] [sage_mission_manager]: VIEWPOINT ACCEPTED | position=(-6.00, 0.00, -2.00) | distance_from_uav=2.09 m
[INFO] [1790222551.784521705] [sage_mission_manager]: VALIDATED VIEWPOINT PUBLISHED
[INFO] [1790222551.974362749] [sage_mission_manager]: VIEWPOINT ACCEPTED | position=(-6.00, 0.00, -2.00) | distance_from_uav=1.70 m
[INFO] [1790222551.976751314] [sage_mission_manager]: VALIDATED VIEWPOINT PUBLISHED
[INFO] [1790222552.176818359] [sage_mission_manager]: VIEWPOINT ACCEPTED | position=(-6.00, 0.00, -2.00) | distance_from_uav=1.43 m
[INFO] [1790222552.177696506] [sage_mission_manager]: VALIDATED VIEWPOINT PUBLISHED
[INFO] [1790222552.374777339] [sage_mission_manager]: VIEWPOINT ACCEPTED | position=(-6.00, 0.00, -2.00) | distance_from_uav=1.07 m
[INFO] [1790222552.378330805] [sage_mission_manager]: VALIDATED VIEWPOINT PUBLISHED
[INFO] [1790222552.572040682] [sage_mission_manager]: VIEWPOINT ACCEPTED | position=(-6.00, 0.00, -2.00) | distance_from_uav=0.76 m
[INFO] [1790222552.572626987] [sage_mission_manager]: VALIDATED VIEWPOINT PUBLISHED
[INFO] [1790222552.772462373] [sage_mission_manager]: VIEWPOINT ACCEPTED | position=(-6.00, 0.00, -2.00) | distance_from_uav=0.54 m
[INFO] [1790222552.773126923] [sage_mission_manager]: VALIDATED VIEWPOINT PUBLISHED
[INFO] [1790222552.976746907] [sage_mission_manager]: VIEWPOINT ACCEPTED | position=(-6.00, 0.00, -2.00) | distance_from_uav=0.35 m
[INFO] [1790222552.977661055] [sage_mission_manager]: VALIDATED VIEWPOINT PUBLISHED
[INFO] [1790222553.174926880] [sage_mission_manager]: VIEWPOINT ACCEPTED | position=(-6.00, 0.00, -2.00) | distance_from_uav=0.16 m
[INFO] [1790222553.175621083] [sage_mission_manager]: VALIDATED VIEWPOINT PUBLISHED
[INFO] [1790222553.372583139] [sage_mission_manager]: VIEWPOINT ACCEPTED | position=(-6.00, 0.00, -2.00) | distance_from_uav=0.06 m
[INFO] [1790222553.375325066] [sage_mission_manager]: VALIDATED VIEWPOINT PUBLISHED
[INFO] [1790222553.577007240] [sage_mission_manager]: VIEWPOINT ACCEPTED | position=(-6.00, 0.00, -2.00) | distance_from_uav=0.12 m
[INFO] [1790222553.579355630] [sage_mission_manager]: VALIDATED VIEWPOINT PUBLISHED
[INFO] [1790222553.774626342] [sage_mission_manager]: VIEWPOINT ACCEPTED | position=(-6.00, 0.00, -2.00) | distance_from_uav=0.21 m
[INFO] [1790222553.775173627] [sage_mission_manager]: VALIDATED VIEWPOINT PUBLISHED
[INFO] [1790222553.978916242] [sage_mission_manager]: VIEWPOINT ACCEPTED | position=(-6.00, 0.00, -2.00) | distance_from_uav=0.26 m
[INFO] [1790222553.984256769] [sage_mission_manager]: VALIDATED VIEWPOINT PUBLISHED
[INFO] [1790222554.172990140] [sage_mission_manager]: VIEWPOINT ACCEPTED | position=(-6.00, 0.00, -2.00) | distance_from_uav=0.31 m
[INFO] [1790222554.173918620] [sage_mission_manager]: VALIDATED VIEWPOINT PUBLISHED
[INFO] [1790222554.375826499] [sage_mission_manager]: VIEWPOINT ACCEPTED | position=(-6.00, 0.00, -2.00) | distance_from_uav=0.33 m
[INFO] [1790222554.376354953] [sage_mission_manager]: VALIDATED VIEWPOINT PUBLISHED
[INFO] [1790222554.574255841] [sage_mission_manager]: VIEWPOINT ACCEPTED | position=(-6.00, 0.00, -2.00) | distance_from_uav=0.35 m
[INFO] [1790222554.574772860] [sage_mission_manager]: VALIDATED VIEWPOINT PUBLISHED
[INFO] [1790222554.772780718] [sage_mission_manager]: VIEWPOINT ACCEPTED | position=(-6.00, 0.00, -2.00) | distance_from_uav=0.36 m
[INFO] [1790222554.773340265] [sage_mission_manager]: VALIDATED VIEWPOINT PUBLISHED
[INFO] [1790222554.974982961] [sage_mission_manager]: VIEWPOINT ACCEPTED | position=(-6.00, 0.00, -2.00) | distance_from_uav=0.36 m
[INFO] [1790222554.975944046] [sage_mission_manager]: VALIDATED VIEWPOINT PUBLISHED
[INFO] [1790222555.175126015] [sage_mission_manager]: VIEWPOINT ACCEPTED | position=(-6.00, 0.00, -2.00) | distance_from_uav=0.36 m
[INFO] [1790222555.175800003] [sage_mission_manager]: VALIDATED VIEWPOINT PUBLISHED
[INFO] [1790222555.373482570] [sage_mission_manager]: VIEWPOINT ACCEPTED | position=(-6.00, 0.00, -2.00) | distance_from_uav=0.35 m
[INFO] [1790222555.376404746] [sage_mission_manager]: VALIDATED VIEWPOINT PUBLISHED
[INFO] [1790222555.574122530] [sage_mission_manager]: VIEWPOINT ACCEPTED | position=(-6.00, 0.00, -2.00) | distance_from_uav=0.34 m
[INFO] [1790222555.575566915] [sage_mission_manager]: VALIDATED VIEWPOINT PUBLISHED
[INFO] [1790222555.778535815] [sage_mission_manager]: VIEWPOINT ACCEPTED | position=(-6.00, 0.00, -2.00) | distance_from_uav=0.34 m
[INFO] [1790222555.781520248] [sage_mission_manager]: VALIDATED VIEWPOINT PUBLISHED
[INFO] [1790222555.971863001] [sage_mission_manager]: VIEWPOINT ACCEPTED | position=(-6.00, 0.00, -2.00) | distance_from_uav=0.32 m
[INFO] [1790222555.972563541] [sage_mission_manager]: VALIDATED VIEWPOINT PUBLISHED
[INFO] [1790222556.178012343] [sage_mission_manager]: VIEWPOINT ACCEPTED | position=(-6.00, 0.00, -2.00) | distance_from_uav=0.31 m
[INFO] [1790222556.178589930] [sage_mission_manager]: VALIDATED VIEWPOINT PUBLISHED
[INFO] [1790222556.374940896] [sage_mission_manager]: VIEWPOINT ACCEPTED | position=(-6.00, 0.00, -2.00) | distance_from_uav=0.30 m
[INFO] [1790222556.375592773] [sage_mission_manager]: VALIDATED VIEWPOINT PUBLISHED
[INFO] [1790222556.575993495] [sage_mission_manager]: VIEWPOINT ACCEPTED | position=(-6.00, 0.00, -2.00) | distance_from_uav=0.28 m
[INFO] [1790222556.578924365] [sage_mission_manager]: VALIDATED VIEWPOINT PUBLISHED
[INFO] [1790222556.772009760] [sage_mission_manager]: VIEWPOINT ACCEPTED | position=(-6.00, 0.00, -2.00) | distance_from_uav=0.26 m
[INFO] [1790222556.772738311] [sage_mission_manager]: VALIDATED VIEWPOINT PUBLISHED
[INFO] [1790222556.972930633] [sage_mission_manager]: VIEWPOINT ACCEPTED | position=(-6.00, 0.00, -2.00) | distance_from_uav=0.25 m
[INFO] [1790222556.973531479] [sage_mission_manager]: VALIDATED VIEWPOINT PUBLISHED
[INFO] [1790222557.175824189] [sage_mission_manager]: VIEWPOINT ACCEPTED | position=(-6.00, 0.00, -2.00) | distance_from_uav=0.23 m
[INFO] [1790222557.176369797] [sage_mission_manager]: VALIDATED VIEWPOINT PUBLISHED
[INFO] [1790222557.376290217] [sage_mission_manager]: VIEWPOINT ACCEPTED | position=(-6.00, 0.00, -2.00) | distance_from_uav=0.21 m
[INFO] [1790222557.376913995] [sage_mission_manager]: VALIDATED VIEWPOINT PUBLISHED
[INFO] [1790222557.581390300] [sage_mission_manager]: VIEWPOINT ACCEPTED | position=(-6.00, 0.00, -2.00) | distance_from_uav=0.20 m
[INFO] [1790222557.581945433] [sage_mission_manager]: VALIDATED VIEWPOINT PUBLISHED
[INFO] [1790222557.772515030] [sage_mission_manager]: VIEWPOINT ACCEPTED | position=(-6.00, 0.00, -2.00) | distance_from_uav=0.19 m
[INFO] [1790222557.773191827] [sage_mission_manager]: VALIDATED VIEWPOINT PUBLISHED
[INFO] [1790222557.974824417] [sage_mission_manager]: VIEWPOINT ACCEPTED | position=(-6.00, 0.00, -2.00) | distance_from_uav=0.18 m
[INFO] [1790222557.975563787] [sage_mission_manager]: VALIDATED VIEWPOINT PUBLISHED
[INFO] [1790222558.177591531] [sage_mission_manager]: VIEWPOINT ACCEPTED | position=(-6.00, 0.00, -2.00) | distance_from_uav=0.16 m
[INFO] [1790222558.178100294] [sage_mission_manager]: VALIDATED VIEWPOINT PUBLISHED
[INFO] [1790222558.371465653] [sage_mission_manager]: VIEWPOINT ACCEPTED | position=(-6.00, 0.00, -2.00) | distance_from_uav=0.16 m
[INFO] [1790222558.372207274] [sage_mission_manager]: VALIDATED VIEWPOINT PUBLISHED
[INFO] [1790222558.578429532] [sage_mission_manager]: VIEWPOINT ACCEPTED | position=(-6.00, 0.00, -2.00) | distance_from_uav=0.16 m
[INFO] [1790222558.582545855] [sage_mission_manager]: VALIDATED VIEWPOINT PUBLISHED
[INFO] [1790222558.774873999] [sage_mission_manager]: VIEWPOINT ACCEPTED | position=(-6.00, 0.00, -2.00) | distance_from_uav=0.15 m
[INFO] [1790222558.775615190] [sage_mission_manager]: VALIDATED VIEWPOINT PUBLISHED
[INFO] [1790222558.976563060] [sage_mission_manager]: VIEWPOINT ACCEPTED | position=(-6.00, 0.00, -2.00) | distance_from_uav=0.15 m
[INFO] [1790222558.977159322] [sage_mission_manager]: VALIDATED VIEWPOINT PUBLISHED
[INFO] [1790222559.173486211] [sage_mission_manager]: VIEWPOINT ACCEPTED | position=(-6.00, 0.00, -2.00) | distance_from_uav=0.14 m
[INFO] [1790222559.174192897] [sage_mission_manager]: VALIDATED VIEWPOINT PUBLISHED
[INFO] [1790222559.373820966] [sage_mission_manager]: VIEWPOINT ACCEPTED | position=(-6.00, 0.00, -2.00) | distance_from_uav=0.13 m
[INFO] [1790222559.377562594] [sage_mission_manager]: VALIDATED VIEWPOINT PUBLISHED
[INFO] [1790222559.574758697] [sage_mission_manager]: VIEWPOINT ACCEPTED | position=(-6.00, 0.00, -2.00) | distance_from_uav=0.12 m
[INFO] [1790222559.576781271] [sage_mission_manager]: VALIDATED VIEWPOINT PUBLISHED
[INFO] [1790222559.779972043] [sage_mission_manager]: VIEWPOINT ACCEPTED | position=(-6.00, 0.00, -2.00) | distance_from_uav=0.12 m
[INFO] [1790222559.780621586] [sage_mission_manager]: VALIDATED VIEWPOINT PUBLISHED
[INFO] [1790222559.972848589] [sage_mission_manager]: VIEWPOINT ACCEPTED | position=(-6.00, 0.00, -2.00) | distance_from_uav=0.11 m
[INFO] [1790222559.974018121] [sage_mission_manager]: VALIDATED VIEWPOINT PUBLISHED
[INFO] [1790222560.172375579] [sage_mission_manager]: VIEWPOINT ACCEPTED | position=(-6.00, 0.00, -2.00) | distance_from_uav=0.11 m
[INFO] [1790222560.173024807] [sage_mission_manager]: VALIDATED VIEWPOINT PUBLISHED
[INFO] [1790222560.385531621] [sage_mission_manager]: VIEWPOINT ACCEPTED | position=(-6.00, 0.00, -2.00) | distance_from_uav=0.11 m
[INFO] [1790222560.386701190] [sage_mission_manager]: VALIDATED VIEWPOINT PUBLISHED
[INFO] [1790222560.579504821] [sage_mission_manager]: VIEWPOINT ACCEPTED | position=(-6.00, 0.00, -2.00) | distance_from_uav=0.10 m
[INFO] [1790222560.580453803] [sage_mission_manager]: VALIDATED VIEWPOINT PUBLISHED
[INFO] [1790222560.773749519] [sage_mission_manager]: VIEWPOINT ACCEPTED | position=(-6.00, 0.00, -2.00) | distance_from_uav=0.10 m
[INFO] [1790222560.774491453] [sage_mission_manager]: VALIDATED VIEWPOINT PUBLISHED
[INFO] [1790222560.971948575] [sage_mission_manager]: VIEWPOINT ACCEPTED | position=(-6.00, 0.00, -2.00) | distance_from_uav=0.10 m
[INFO] [1790222560.975005431] [sage_mission_manager]: VALIDATED VIEWPOINT PUBLISHED
[INFO] [1790222561.171484425] [sage_mission_manager]: VIEWPOINT ACCEPTED | position=(-6.00, 0.00, -2.00) | distance_from_uav=0.10 m
[INFO] [1790222561.173294378] [sage_mission_manager]: VALIDATED VIEWPOINT PUBLISHED
[INFO] [1790222561.374430411] [sage_mission_manager]: VIEWPOINT ACCEPTED | position=(-6.00, -0.70, -2.00) | distance_from_uav=0.60 m
[INFO] [1790222561.374944410] [sage_mission_manager]: VALIDATED VIEWPOINT PUBLISHED
[INFO] [1790222561.574506910] [sage_mission_manager]: VIEWPOINT ACCEPTED | position=(-6.00, -1.40, -2.00) | distance_from_uav=1.30 m
[INFO] [1790222561.576869859] [sage_mission_manager]: VALIDATED VIEWPOINT PUBLISHED
[INFO] [1790222561.771598948] [sage_mission_manager]: VIEWPOINT ACCEPTED | position=(-6.00, -2.10, -2.00) | distance_from_uav=1.99 m
[INFO] [1790222561.772290296] [sage_mission_manager]: VALIDATED VIEWPOINT PUBLISHED
[INFO] [1790222561.973147651] [sage_mission_manager]: VIEWPOINT ACCEPTED | position=(-6.00, -2.80, -2.00) | distance_from_uav=2.66 m
[INFO] [1790222561.973871101] [sage_mission_manager]: VALIDATED VIEWPOINT PUBLISHED
[INFO] [1790222562.173025173] [sage_mission_manager]: VIEWPOINT ACCEPTED | position=(-6.00, -3.50, -2.00) | distance_from_uav=3.30 m
[INFO] [1790222562.173808979] [sage_mission_manager]: VALIDATED VIEWPOINT PUBLISHED
[INFO] [1790222562.381320556] [sage_mission_manager]: VIEWPOINT ACCEPTED | position=(-6.00, -3.50, -2.00) | distance_from_uav=3.15 m
[INFO] [1790222562.382118681] [sage_mission_manager]: VALIDATED VIEWPOINT PUBLISHED
[INFO] [1790222562.579442336] [sage_mission_manager]: VIEWPOINT ACCEPTED | position=(-6.00, -4.20, -2.00) | distance_from_uav=3.65 m
[INFO] [1790222562.580901950] [sage_mission_manager]: VALIDATED VIEWPOINT PUBLISHED
[INFO] [1790222562.777151552] [sage_mission_manager]: VIEWPOINT ACCEPTED | position=(-6.00, -4.20, -2.00) | distance_from_uav=3.35 m
[INFO] [1790222562.780625578] [sage_mission_manager]: VALIDATED VIEWPOINT PUBLISHED
[INFO] [1790222562.978906798] [sage_mission_manager]: VIEWPOINT ACCEPTED | position=(-6.00, -4.20, -2.00) | distance_from_uav=3.06 m
[INFO] [1790222562.979718203] [sage_mission_manager]: VALIDATED VIEWPOINT PUBLISHED
[INFO] [1790222563.179859099] [sage_mission_manager]: VIEWPOINT ACCEPTED | position=(-6.00, -4.90, -2.00) | distance_from_uav=3.43 m
[INFO] [1790222563.180576346] [sage_mission_manager]: VALIDATED VIEWPOINT PUBLISHED
[INFO] [1790222563.375108364] [sage_mission_manager]: VIEWPOINT ACCEPTED | position=(-6.00, -4.90, -2.00) | distance_from_uav=3.11 m
[INFO] [1790222563.375652570] [sage_mission_manager]: VALIDATED VIEWPOINT PUBLISHED
[INFO] [1790222563.574476716] [sage_mission_manager]: VIEWPOINT ACCEPTED | position=(-6.00, -5.60, -2.00) | distance_from_uav=3.39 m
[INFO] [1790222563.575079873] [sage_mission_manager]: VALIDATED VIEWPOINT PUBLISHED
[INFO] [1790222563.773511444] [sage_mission_manager]: VIEWPOINT ACCEPTED | position=(-6.00, -5.60, -2.00) | distance_from_uav=3.02 m
[INFO] [1790222563.774032897] [sage_mission_manager]: VALIDATED VIEWPOINT PUBLISHED
[INFO] [1790222563.974430992] [sage_mission_manager]: VIEWPOINT ACCEPTED | position=(-6.00, -6.00, -2.00) | distance_from_uav=2.98 m
[INFO] [1790222563.976611583] [sage_mission_manager]: VALIDATED VIEWPOINT PUBLISHED
[INFO] [1790222564.173103215] [sage_mission_manager]: VIEWPOINT ACCEPTED | position=(-6.00, -6.00, -2.00) | distance_from_uav=2.62 m
[INFO] [1790222564.173654210] [sage_mission_manager]: VALIDATED VIEWPOINT PUBLISHED
[INFO] [1790222564.375462644] [sage_mission_manager]: VIEWPOINT ACCEPTED | position=(-6.00, -6.00, -2.00) | distance_from_uav=2.24 m
[INFO] [1790222564.376118702] [sage_mission_manager]: VALIDATED VIEWPOINT PUBLISHED
[INFO] [1790222564.575335950] [sage_mission_manager]: VIEWPOINT ACCEPTED | position=(-6.00, -6.00, -2.00) | distance_from_uav=1.87 m
[INFO] [1790222564.575998627] [sage_mission_manager]: VALIDATED VIEWPOINT PUBLISHED
[INFO] [1790222564.770709280] [sage_mission_manager]: VIEWPOINT ACCEPTED | position=(-6.00, -6.00, -2.00) | distance_from_uav=1.55 m
[INFO] [1790222564.772451775] [sage_mission_manager]: VALIDATED VIEWPOINT PUBLISHED
[INFO] [1790222564.977315354] [sage_mission_manager]: VIEWPOINT ACCEPTED | position=(-6.00, -6.00, -2.00) | distance_from_uav=1.24 m
[INFO] [1790222564.978942020] [sage_mission_manager]: VALIDATED VIEWPOINT PUBLISHED
[INFO] [1790222565.176718850] [sage_mission_manager]: VIEWPOINT ACCEPTED | position=(-6.00, -6.00, -2.00) | distance_from_uav=0.97 m
[INFO] [1790222565.177367076] [sage_mission_manager]: VALIDATED VIEWPOINT PUBLISHED
[INFO] [1790222565.375959140] [sage_mission_manager]: VIEWPOINT ACCEPTED | position=(-6.00, -6.00, -2.00) | distance_from_uav=0.69 m
[INFO] [1790222565.376608261] [sage_mission_manager]: VALIDATED VIEWPOINT PUBLISHED
[INFO] [1790222565.571606095] [sage_mission_manager]: VIEWPOINT ACCEPTED | position=(-6.00, -6.00, -2.00) | distance_from_uav=0.48 m
[INFO] [1790222565.572234162] [sage_mission_manager]: VALIDATED VIEWPOINT PUBLISHED
[INFO] [1790222565.774182994] [sage_mission_manager]: VIEWPOINT ACCEPTED | position=(-6.00, -6.00, -2.00) | distance_from_uav=0.33 m
[INFO] [1790222565.774972375] [sage_mission_manager]: VALIDATED VIEWPOINT PUBLISHED
[INFO] [1790222565.975447032] [sage_mission_manager]: VIEWPOINT ACCEPTED | position=(-6.00, -6.00, -2.00) | distance_from_uav=0.22 m
[INFO] [1790222565.976325328] [sage_mission_manager]: VALIDATED VIEWPOINT PUBLISHED
[INFO] [1790222566.173902373] [sage_mission_manager]: VIEWPOINT ACCEPTED | position=(-6.00, -6.00, -2.00) | distance_from_uav=0.13 m
[INFO] [1790222566.178527486] [sage_mission_manager]: VALIDATED VIEWPOINT PUBLISHED
[INFO] [1790222566.376365552] [sage_mission_manager]: VIEWPOINT ACCEPTED | position=(-6.00, -6.00, -2.00) | distance_from_uav=0.10 m
[INFO] [1790222566.380206092] [sage_mission_manager]: VALIDATED VIEWPOINT PUBLISHED
[INFO] [1790222566.586257840] [sage_mission_manager]: VIEWPOINT ACCEPTED | position=(-6.00, -6.00, -2.00) | distance_from_uav=0.09 m
[INFO] [1790222566.587047452] [sage_mission_manager]: VALIDATED VIEWPOINT PUBLISHED
[INFO] [1790222566.772773796] [sage_mission_manager]: VIEWPOINT ACCEPTED | position=(-6.00, -6.00, -2.00) | distance_from_uav=0.10 m
[INFO] [1790222566.773656531] [sage_mission_manager]: VALIDATED VIEWPOINT PUBLISHED
[INFO] [1790222566.973336290] [sage_mission_manager]: VIEWPOINT ACCEPTED | position=(-6.00, -6.00, -2.00) | distance_from_uav=0.12 m
[INFO] [1790222566.974752109] [sage_mission_manager]: VALIDATED VIEWPOINT PUBLISHED
[INFO] [1790222567.182273033] [sage_mission_manager]: VIEWPOINT ACCEPTED | position=(-6.00, -6.00, -2.00) | distance_from_uav=0.13 m
[INFO] [1790222567.188314985] [sage_mission_manager]: VALIDATED VIEWPOINT PUBLISHED
[INFO] [1790222567.371373514] [sage_mission_manager]: VIEWPOINT ACCEPTED | position=(-6.00, -6.00, -2.00) | distance_from_uav=0.14 m
[INFO] [1790222567.373865137] [sage_mission_manager]: VALIDATED VIEWPOINT PUBLISHED
[INFO] [1790222567.573021746] [sage_mission_manager]: VIEWPOINT ACCEPTED | position=(-6.00, -6.00, -2.00) | distance_from_uav=0.14 m
[INFO] [1790222567.573530498] [sage_mission_manager]: VALIDATED VIEWPOINT PUBLISHED
[INFO] [1790222567.776982921] [sage_mission_manager]: VIEWPOINT ACCEPTED | position=(-6.00, -6.00, -2.00) | distance_from_uav=0.14 m
[INFO] [1790222567.777560920] [sage_mission_manager]: VALIDATED VIEWPOINT PUBLISHED
[INFO] [1790222567.974240185] [sage_mission_manager]: VIEWPOINT ACCEPTED | position=(-6.00, -6.00, -2.00) | distance_from_uav=0.15 m
[INFO] [1790222567.974877199] [sage_mission_manager]: VALIDATED VIEWPOINT PUBLISHED
[INFO] [1790222568.172248753] [sage_mission_manager]: VIEWPOINT ACCEPTED | position=(-6.00, -6.00, -2.00) | distance_from_uav=0.16 m
[INFO] [1790222568.172982867] [sage_mission_manager]: VALIDATED VIEWPOINT PUBLISHED
[INFO] [1790222568.376854257] [sage_mission_manager]: VIEWPOINT ACCEPTED | position=(-6.00, -6.00, -2.00) | distance_from_uav=0.17 m
[INFO] [1790222568.383529457] [sage_mission_manager]: VALIDATED VIEWPOINT PUBLISHED
[INFO] [1790222568.575154363] [sage_mission_manager]: VIEWPOINT ACCEPTED | position=(-6.00, -6.00, -2.00) | distance_from_uav=0.18 m
[INFO] [1790222568.575937743] [sage_mission_manager]: VALIDATED VIEWPOINT PUBLISHED
[INFO] [1790222568.771871826] [sage_mission_manager]: VIEWPOINT ACCEPTED | position=(-6.00, -6.00, -2.00) | distance_from_uav=0.19 m
[INFO] [1790222568.772649953] [sage_mission_manager]: VALIDATED VIEWPOINT PUBLISHED
[INFO] [1790222568.976589514] [sage_mission_manager]: VIEWPOINT ACCEPTED | position=(-6.00, -6.00, -2.00) | distance_from_uav=0.19 m
[INFO] [1790222568.977546777] [sage_mission_manager]: VALIDATED VIEWPOINT PUBLISHED
[INFO] [1790222569.177477343] [sage_mission_manager]: VIEWPOINT ACCEPTED | position=(-6.00, -6.00, -2.00) | distance_from_uav=0.19 m
[INFO] [1790222569.181119996] [sage_mission_manager]: VALIDATED VIEWPOINT PUBLISHED
[INFO] [1790222569.375175067] [sage_mission_manager]: VIEWPOINT ACCEPTED | position=(-6.00, -6.00, -2.00) | distance_from_uav=0.19 m
[INFO] [1790222569.375696848] [sage_mission_manager]: VALIDATED VIEWPOINT PUBLISHED
[INFO] [1790222569.579232405] [sage_mission_manager]: VIEWPOINT ACCEPTED | position=(-6.00, -6.00, -2.00) | distance_from_uav=0.19 m
[INFO] [1790222569.579955863] [sage_mission_manager]: VALIDATED VIEWPOINT PUBLISHED
[INFO] [1790222569.777214282] [sage_mission_manager]: VIEWPOINT ACCEPTED | position=(-6.00, -6.00, -2.00) | distance_from_uav=0.19 m
[INFO] [1790222569.783607846] [sage_mission_manager]: VALIDATED VIEWPOINT PUBLISHED
[INFO] [1790222569.988057253] [sage_mission_manager]: VIEWPOINT ACCEPTED | position=(-6.00, -6.00, -2.00) | distance_from_uav=0.18 m
[INFO] [1790222569.990932812] [sage_mission_manager]: VALIDATED VIEWPOINT PUBLISHED
[INFO] [1790222570.175013511] [sage_mission_manager]: VIEWPOINT ACCEPTED | position=(-6.00, -6.00, -2.00) | distance_from_uav=0.17 m
[INFO] [1790222570.181794639] [sage_mission_manager]: VALIDATED VIEWPOINT PUBLISHED
[INFO] [1790222570.371877767] [sage_mission_manager]: VIEWPOINT ACCEPTED | position=(-6.00, -6.00, -2.00) | distance_from_uav=0.16 m
[INFO] [1790222570.382240377] [sage_mission_manager]: VALIDATED VIEWPOINT PUBLISHED
[INFO] [1790222570.572355096] [sage_mission_manager]: VIEWPOINT ACCEPTED | position=(-6.00, -6.00, -2.00) | distance_from_uav=0.16 m
[INFO] [1790222570.575259960] [sage_mission_manager]: VALIDATED VIEWPOINT PUBLISHED
[INFO] [1790222570.772384643] [sage_mission_manager]: VIEWPOINT ACCEPTED | position=(-6.00, -6.00, -2.00) | distance_from_uav=0.15 m
[INFO] [1790222570.773376481] [sage_mission_manager]: VALIDATED VIEWPOINT PUBLISHED
[INFO] [1790222570.972780631] [sage_mission_manager]: VIEWPOINT ACCEPTED | position=(-6.00, -6.00, -2.00) | distance_from_uav=0.14 m
[INFO] [1790222570.973318475] [sage_mission_manager]: VALIDATED VIEWPOINT PUBLISHED
[INFO] [1790222571.171997788] [sage_mission_manager]: VIEWPOINT ACCEPTED | position=(-6.00, -6.00, -2.00) | distance_from_uav=0.13 m
[INFO] [1790222571.174483448] [sage_mission_manager]: VALIDATED VIEWPOINT PUBLISHED
[INFO] [1790222571.373148283] [sage_mission_manager]: VIEWPOINT ACCEPTED | position=(-6.00, -6.00, -2.00) | distance_from_uav=0.12 m
[INFO] [1790222571.374039192] [sage_mission_manager]: VALIDATED VIEWPOINT PUBLISHED
[INFO] [1790222571.575953187] [sage_mission_manager]: VIEWPOINT ACCEPTED | position=(-6.00, -6.00, -2.00) | distance_from_uav=0.12 m
[INFO] [1790222571.578636285] [sage_mission_manager]: VALIDATED VIEWPOINT PUBLISHED
[INFO] [1790222571.778932144] [sage_mission_manager]: VIEWPOINT ACCEPTED | position=(-6.00, -6.00, -2.00) | distance_from_uav=0.11 m
[INFO] [1790222571.782274091] [sage_mission_manager]: VALIDATED VIEWPOINT PUBLISHED
[INFO] [1790222571.971882929] [sage_mission_manager]: VIEWPOINT ACCEPTED | position=(-6.00, -6.00, -2.00) | distance_from_uav=0.10 m
[INFO] [1790222571.972615367] [sage_mission_manager]: VALIDATED VIEWPOINT PUBLISHED
[INFO] [1790222572.178046270] [sage_mission_manager]: VIEWPOINT ACCEPTED | position=(-6.00, -6.00, -2.00) | distance_from_uav=0.10 m
[INFO] [1790222572.178762389] [sage_mission_manager]: VALIDATED VIEWPOINT PUBLISHED
[INFO] [1790222572.371625121] [sage_mission_manager]: VIEWPOINT ACCEPTED | position=(-6.00, -6.00, -2.00) | distance_from_uav=0.09 m
[INFO] [1790222572.375451610] [sage_mission_manager]: VALIDATED VIEWPOINT PUBLISHED
[INFO] [1790222572.577694532] [sage_mission_manager]: VIEWPOINT ACCEPTED | position=(-6.00, -6.00, -2.00) | distance_from_uav=0.08 m
[INFO] [1790222572.581833893] [sage_mission_manager]: VALIDATED VIEWPOINT PUBLISHED
[INFO] [1790222572.773488655] [sage_mission_manager]: VIEWPOINT ACCEPTED | position=(-6.00, -6.00, -2.00) | distance_from_uav=0.07 m
[INFO] [1790222572.775934955] [sage_mission_manager]: VALIDATED VIEWPOINT PUBLISHED
[INFO] [1790222572.972508366] [sage_mission_manager]: VIEWPOINT ACCEPTED | position=(-6.00, -6.00, -2.00) | distance_from_uav=0.07 m
[INFO] [1790222572.976689696] [sage_mission_manager]: VALIDATED VIEWPOINT PUBLISHED
[INFO] [1790222573.171693293] [sage_mission_manager]: VIEWPOINT ACCEPTED | position=(-6.00, -6.00, -2.00) | distance_from_uav=0.06 m
[INFO] [1790222573.176397335] [sage_mission_manager]: VALIDATED VIEWPOINT PUBLISHED
[INFO] [1790222573.377699578] [sage_mission_manager]: VIEWPOINT ACCEPTED | position=(-6.00, -6.00, -2.00) | distance_from_uav=0.05 m
[INFO] [1790222573.378356584] [sage_mission_manager]: VALIDATED VIEWPOINT PUBLISHED
[INFO] [1790222573.574355514] [sage_mission_manager]: VIEWPOINT ACCEPTED | position=(-6.00, -6.00, -2.00) | distance_from_uav=0.04 m
[INFO] [1790222573.579194863] [sage_mission_manager]: VALIDATED VIEWPOINT PUBLISHED
[INFO] [1790222573.777232925] [sage_mission_manager]: VIEWPOINT ACCEPTED | position=(-6.00, -6.00, -2.00) | distance_from_uav=0.04 m
[INFO] [1790222573.777828769] [sage_mission_manager]: VALIDATED VIEWPOINT PUBLISHED
[WARN] [1790222574.369690431] [sage_mission_manager]: RETURN HOME ACTIVE | planner viewpoints ignored.
[WARN] [1790222584.560231250] [sage_mission_manager]: HOME REACHED | requesting LAND.
