[INFO] [1790293893.201115805] [sage_energy_monitor]: SAGE energy monitor started.
[INFO] [1790293893.202001010] [sage_energy_monitor]: Cruise speed 1.0 m/s | reserve 0.20
[INFO] [1790293896.106101069] [sage_energy_monitor]: ENERGY | remaining=99.0 % | voltage=16.18 V | drain_rate=n/a | home_distance=0.0 m | return_time=4 s | return_cost=n/a | margin_after_return=n/a
[INFO] [1790293897.103002007] [sage_energy_monitor]: ENERGY | remaining=99.0 % | voltage=16.18 V | drain_rate=n/a | home_distance=0.0 m | return_time=4 s | return_cost=n/a | margin_after_return=n/a
[INFO] [1790293898.102340145] [sage_energy_monitor]: ENERGY | remaining=98.9 % | voltage=16.18 V | drain_rate=n/a | home_distance=0.0 m | return_time=4 s | return_cost=n/a | margin_after_return=n/a
[INFO] [1790293899.106535792] [sage_energy_monitor]: ENERGY | remaining=98.9 % | voltage=16.18 V | drain_rate=n/a | home_distance=0.0 m | return_time=4 s | return_cost=n/a | margin_after_return=n/a
[INFO] [1790293900.104117546] [sage_energy_monitor]: ENERGY | remaining=98.8 % | voltage=16.18 V | drain_rate=n/a | home_distance=0.0 m | return_time=4 s | return_cost=n/a | margin_after_return=n/a
[INFO] [1790293901.104760873] [sage_energy_monitor]: ENERGY | remaining=98.8 % | voltage=16.18 V | drain_rate=0.054 %/s | home_distance=0.0 m | return_time=4 s | return_cost=0.2 % | margin_after_return=78.5 %
[INFO] [1790293902.108134817] [sage_energy_monitor]: ENERGY | remaining=98.7 % | voltage=16.18 V | drain_rate=0.054 %/s | home_distance=0.0 m | return_time=4 s | return_cost=0.2 % | margin_after_return=78.5 %
[INFO] [1790293903.103577509] [sage_energy_monitor]: ENERGY | remaining=98.7 % | voltage=16.18 V | drain_rate=0.052 %/s | home_distance=0.0 m | return_time=4 s | return_cost=0.2 % | margin_after_return=78.5 %
[INFO] [1790293904.108279949] [sage_energy_monitor]: ENERGY | remaining=98.6 % | voltage=16.17 V | drain_rate=0.052 %/s | home_distance=0.0 m | return_time=4 s | return_cost=0.2 % | margin_after_return=78.4 %
[INFO] [1790293905.102985315] [sage_energy_monitor]: ENERGY | remaining=98.6 % | voltage=16.17 V | drain_rate=0.051 %/s | home_distance=0.0 m | return_time=4 s | return_cost=0.2 % | margin_after_return=78.4 %
[INFO] [1790293906.103149290] [sage_energy_monitor]: ENERGY | remaining=98.5 % | voltage=16.17 V | drain_rate=0.051 %/s | home_distance=0.0 m | return_time=4 s | return_cost=0.2 % | margin_after_return=78.3 %
[INFO] [1790293907.103290785] [sage_energy_monitor]: ENERGY | remaining=98.5 % | voltage=16.17 V | drain_rate=0.050 %/s | home_distance=0.0 m | return_time=4 s | return_cost=0.2 % | margin_after_return=78.3 %
[INFO] [1790293908.104637219] [sage_energy_monitor]: ENERGY | remaining=98.4 % | voltage=16.17 V | drain_rate=0.050 %/s | home_distance=0.0 m | return_time=4 s | return_cost=0.2 % | margin_after_return=78.2 %
[INFO] [1790293909.102724124] [sage_energy_monitor]: ENERGY | remaining=98.4 % | voltage=16.17 V | drain_rate=0.050 %/s | home_distance=0.0 m | return_time=4 s | return_cost=0.2 % | margin_after_return=78.2 %
[INFO] [1790293910.103728536] [sage_energy_monitor]: ENERGY | remaining=98.3 % | voltage=16.17 V | drain_rate=0.050 %/s | home_distance=0.0 m | return_time=4 s | return_cost=0.2 % | margin_after_return=78.1 %
[INFO] [1790293911.104278675] [sage_energy_monitor]: ENERGY | remaining=98.3 % | voltage=16.17 V | drain_rate=0.049 %/s | home_distance=0.0 m | return_time=4 s | return_cost=0.2 % | margin_after_return=78.1 %
[INFO] [1790293912.104108345] [sage_energy_monitor]: ENERGY | remaining=98.2 % | voltage=16.17 V | drain_rate=0.049 %/s | home_distance=0.0 m | return_time=4 s | return_cost=0.2 % | margin_after_return=78.1 %
[INFO] [1790293913.104340892] [sage_energy_monitor]: ENERGY | remaining=98.2 % | voltage=16.17 V | drain_rate=0.049 %/s | home_distance=0.0 m | return_time=4 s | return_cost=0.2 % | margin_after_return=78.0 %
[INFO] [1790293914.104254799] [sage_energy_monitor]: ENERGY | remaining=98.1 % | voltage=16.17 V | drain_rate=0.049 %/s | home_distance=0.0 m | return_time=4 s | return_cost=0.2 % | margin_after_return=78.0 %
[INFO] [1790293915.123216611] [sage_energy_monitor]: ENERGY | remaining=98.1 % | voltage=16.16 V | drain_rate=0.049 %/s | home_distance=0.0 m | return_time=4 s | return_cost=0.2 % | margin_after_return=77.9 %
[INFO] [1790293916.105032496] [sage_energy_monitor]: ENERGY | remaining=98.1 % | voltage=16.16 V | drain_rate=0.049 %/s | home_distance=0.0 m | return_time=4 s | return_cost=0.2 % | margin_after_return=77.9 %
[INFO] [1790293917.104514153] [sage_energy_monitor]: ENERGY | remaining=98.0 % | voltage=16.16 V | drain_rate=0.049 %/s | home_distance=0.0 m | return_time=4 s | return_cost=0.2 % | margin_after_return=77.8 %
[INFO] [1790293918.103038947] [sage_energy_monitor]: ENERGY | remaining=98.0 % | voltage=16.16 V | drain_rate=0.049 %/s | home_distance=0.0 m | return_time=4 s | return_cost=0.2 % | margin_after_return=77.8 %
[INFO] [1790293919.105521144] [sage_energy_monitor]: ENERGY | remaining=97.9 % | voltage=16.16 V | drain_rate=0.049 %/s | home_distance=0.0 m | return_time=4 s | return_cost=0.2 % | margin_after_return=77.7 %
[INFO] [1790293920.106890133] [sage_energy_monitor]: ENERGY | remaining=97.9 % | voltage=16.16 V | drain_rate=0.049 %/s | home_distance=0.0 m | return_time=4 s | return_cost=0.2 % | margin_after_return=77.7 %
[INFO] [1790293921.102937315] [sage_energy_monitor]: ENERGY | remaining=97.8 % | voltage=16.16 V | drain_rate=0.049 %/s | home_distance=0.0 m | return_time=4 s | return_cost=0.2 % | margin_after_return=77.6 %
[INFO] [1790293922.104421862] [sage_energy_monitor]: ENERGY | remaining=97.8 % | voltage=16.16 V | drain_rate=0.049 %/s | home_distance=0.0 m | return_time=4 s | return_cost=0.2 % | margin_after_return=77.6 %
[INFO] [1790293923.107178922] [sage_energy_monitor]: ENERGY | remaining=97.7 % | voltage=16.16 V | drain_rate=0.049 %/s | home_distance=0.0 m | return_time=4 s | return_cost=0.2 % | margin_after_return=77.5 %
[INFO] [1790293924.103331345] [sage_energy_monitor]: ENERGY | remaining=97.7 % | voltage=16.16 V | drain_rate=0.049 %/s | home_distance=0.0 m | return_time=4 s | return_cost=0.2 % | margin_after_return=77.5 %
[INFO] [1790293925.106203816] [sage_energy_monitor]: ENERGY | remaining=97.6 % | voltage=16.16 V | drain_rate=0.049 %/s | home_distance=0.0 m | return_time=4 s | return_cost=0.2 % | margin_after_return=77.4 %
[INFO] [1790293926.111136683] [sage_energy_monitor]: ENERGY | remaining=97.6 % | voltage=16.16 V | drain_rate=0.049 %/s | home_distance=0.0 m | return_time=4 s | return_cost=0.2 % | margin_after_return=77.4 %
[INFO] [1790293927.106703285] [sage_energy_monitor]: ENERGY | remaining=97.5 % | voltage=16.15 V | drain_rate=0.048 %/s | home_distance=0.0 m | return_time=4 s | return_cost=0.2 % | margin_after_return=77.3 %
[INFO] [1790293928.110357227] [sage_energy_monitor]: ENERGY | remaining=97.5 % | voltage=16.15 V | drain_rate=0.048 %/s | home_distance=0.0 m | return_time=4 s | return_cost=0.2 % | margin_after_return=77.3 %
[INFO] [1790293929.103671674] [sage_energy_monitor]: ENERGY | remaining=97.4 % | voltage=16.15 V | drain_rate=0.048 %/s | home_distance=0.0 m | return_time=4 s | return_cost=0.2 % | margin_after_return=77.2 %
[INFO] [1790293930.102828232] [sage_energy_monitor]: ENERGY | remaining=97.4 % | voltage=16.15 V | drain_rate=0.048 %/s | home_distance=0.0 m | return_time=4 s | return_cost=0.2 % | margin_after_return=77.2 %
[INFO] [1790293931.104359489] [sage_energy_monitor]: ENERGY | remaining=97.3 % | voltage=16.15 V | drain_rate=0.047 %/s | home_distance=0.0 m | return_time=4 s | return_cost=0.2 % | margin_after_return=77.2 %
[INFO] [1790293932.106603487] [sage_energy_monitor]: ENERGY | remaining=97.3 % | voltage=16.15 V | drain_rate=0.047 %/s | home_distance=0.0 m | return_time=4 s | return_cost=0.2 % | margin_after_return=77.1 %
[INFO] [1790293933.108694818] [sage_energy_monitor]: ENERGY | remaining=97.3 % | voltage=16.15 V | drain_rate=0.047 %/s | home_distance=0.0 m | return_time=4 s | return_cost=0.2 % | margin_after_return=77.1 %
[INFO] [1790293934.103923305] [sage_energy_monitor]: ENERGY | remaining=97.2 % | voltage=16.15 V | drain_rate=0.047 %/s | home_distance=0.0 m | return_time=4 s | return_cost=0.2 % | margin_after_return=77.0 %
[INFO] [1790293935.104373359] [sage_energy_monitor]: ENERGY | remaining=97.2 % | voltage=16.15 V | drain_rate=0.047 %/s | home_distance=0.0 m | return_time=4 s | return_cost=0.2 % | margin_after_return=77.0 %
[INFO] [1790293936.103036535] [sage_energy_monitor]: ENERGY | remaining=97.1 % | voltage=16.15 V | drain_rate=0.046 %/s | home_distance=0.0 m | return_time=4 s | return_cost=0.2 % | margin_after_return=77.0 %
[INFO] [1790293937.108681290] [sage_energy_monitor]: ENERGY | remaining=97.1 % | voltage=16.15 V | drain_rate=0.046 %/s | home_distance=0.0 m | return_time=4 s | return_cost=0.2 % | margin_after_return=76.9 %
[INFO] [1790293938.107521110] [sage_energy_monitor]: ENERGY | remaining=97.1 % | voltage=16.15 V | drain_rate=0.045 %/s | home_distance=0.0 m | return_time=4 s | return_cost=0.2 % | margin_after_return=76.9 %
[INFO] [1790293939.103277688] [sage_energy_monitor]: ENERGY | remaining=97.0 % | voltage=16.15 V | drain_rate=0.045 %/s | home_distance=0.1 m | return_time=4 s | return_cost=0.2 % | margin_after_return=76.9 %
[INFO] [1790293940.113442097] [sage_energy_monitor]: ENERGY | remaining=97.0 % | voltage=16.15 V | drain_rate=0.044 %/s | home_distance=0.0 m | return_time=4 s | return_cost=0.2 % | margin_after_return=76.8 %
[INFO] [1790293941.103885724] [sage_energy_monitor]: ENERGY | remaining=97.0 % | voltage=16.14 V | drain_rate=0.044 %/s | home_distance=0.0 m | return_time=4 s | return_cost=0.2 % | margin_after_return=76.8 %
[INFO] [1790293942.105616522] [sage_energy_monitor]: ENERGY | remaining=96.9 % | voltage=16.14 V | drain_rate=0.044 %/s | home_distance=0.0 m | return_time=4 s | return_cost=0.2 % | margin_after_return=76.7 %
[INFO] [1790293943.103626268] [sage_energy_monitor]: ENERGY | remaining=96.9 % | voltage=16.14 V | drain_rate=0.044 %/s | home_distance=0.0 m | return_time=4 s | return_cost=0.2 % | margin_after_return=76.7 %
[INFO] [1790293944.102893923] [sage_energy_monitor]: ENERGY | remaining=96.8 % | voltage=16.14 V | drain_rate=0.044 %/s | home_distance=0.0 m | return_time=4 s | return_cost=0.2 % | margin_after_return=76.7 %
[INFO] [1790293945.104027539] [sage_energy_monitor]: ENERGY | remaining=96.8 % | voltage=16.14 V | drain_rate=0.044 %/s | home_distance=0.0 m | return_time=4 s | return_cost=0.2 % | margin_after_return=76.6 %
[INFO] [1790293946.102757403] [sage_energy_monitor]: ENERGY | remaining=96.7 % | voltage=16.14 V | drain_rate=0.044 %/s | home_distance=0.0 m | return_time=4 s | return_cost=0.2 % | margin_after_return=76.6 %
[INFO] [1790293947.105833876] [sage_energy_monitor]: ENERGY | remaining=96.7 % | voltage=16.14 V | drain_rate=0.043 %/s | home_distance=0.0 m | return_time=4 s | return_cost=0.2 % | margin_after_return=76.5 %
[INFO] [1790293948.110764442] [sage_energy_monitor]: ENERGY | remaining=96.7 % | voltage=16.14 V | drain_rate=0.043 %/s | home_distance=0.0 m | return_time=4 s | return_cost=0.2 % | margin_after_return=76.5 %
[INFO] [1790293949.103856919] [sage_energy_monitor]: ENERGY | remaining=96.6 % | voltage=16.14 V | drain_rate=0.043 %/s | home_distance=0.0 m | return_time=4 s | return_cost=0.2 % | margin_after_return=76.5 %
[INFO] [1790293950.102839279] [sage_energy_monitor]: ENERGY | remaining=96.6 % | voltage=16.14 V | drain_rate=0.042 %/s | home_distance=0.0 m | return_time=4 s | return_cost=0.2 % | margin_after_return=76.4 %
[INFO] [1790293951.105306354] [sage_energy_monitor]: ENERGY | remaining=96.6 % | voltage=16.14 V | drain_rate=0.042 %/s | home_distance=0.9 m | return_time=5 s | return_cost=0.2 % | margin_after_return=76.4 %
[INFO] [1790293952.108092907] [sage_energy_monitor]: ENERGY | remaining=96.5 % | voltage=16.14 V | drain_rate=0.042 %/s | home_distance=3.0 m | return_time=7 s | return_cost=0.3 % | margin_after_return=76.2 %
[INFO] [1790293953.111329029] [sage_energy_monitor]: ENERGY | remaining=96.5 % | voltage=16.14 V | drain_rate=0.042 %/s | home_distance=4.9 m | return_time=9 s | return_cost=0.4 % | margin_after_return=76.1 %
[INFO] [1790293954.103214180] [sage_energy_monitor]: ENERGY | remaining=96.4 % | voltage=16.13 V | drain_rate=0.041 %/s | home_distance=5.6 m | return_time=10 s | return_cost=0.4 % | margin_after_return=76.0 %
[INFO] [1790293955.107757257] [sage_energy_monitor]: ENERGY | remaining=96.4 % | voltage=16.13 V | drain_rate=0.041 %/s | home_distance=5.0 m | return_time=9 s | return_cost=0.4 % | margin_after_return=76.0 %
[INFO] [1790293956.104364369] [sage_energy_monitor]: ENERGY | remaining=96.4 % | voltage=16.13 V | drain_rate=0.041 %/s | home_distance=3.2 m | return_time=7 s | return_cost=0.3 % | margin_after_return=76.0 %
[INFO] [1790293957.110369176] [sage_energy_monitor]: ENERGY | remaining=96.3 % | voltage=16.13 V | drain_rate=0.041 %/s | home_distance=1.9 m | return_time=6 s | return_cost=0.2 % | margin_after_return=76.1 %
[INFO] [1790293958.103636681] [sage_energy_monitor]: ENERGY | remaining=96.3 % | voltage=16.13 V | drain_rate=0.041 %/s | home_distance=1.6 m | return_time=6 s | return_cost=0.2 % | margin_after_return=76.0 %
[INFO] [1790293959.103186757] [sage_energy_monitor]: ENERGY | remaining=96.2 % | voltage=16.13 V | drain_rate=0.040 %/s | home_distance=2.8 m | return_time=7 s | return_cost=0.3 % | margin_after_return=75.9 %
[INFO] [1790293960.103322021] [sage_energy_monitor]: ENERGY | remaining=96.2 % | voltage=16.13 V | drain_rate=0.040 %/s | home_distance=4.4 m | return_time=9 s | return_cost=0.3 % | margin_after_return=75.8 %
[INFO] [1790293961.102561510] [sage_energy_monitor]: ENERGY | remaining=96.1 % | voltage=16.13 V | drain_rate=0.040 %/s | home_distance=5.3 m | return_time=9 s | return_cost=0.4 % | margin_after_return=75.8 %
[INFO] [1790293962.108480657] [sage_energy_monitor]: ENERGY | remaining=96.1 % | voltage=16.13 V | drain_rate=0.040 %/s | home_distance=5.7 m | return_time=9 s | return_cost=0.4 % | margin_after_return=75.7 %
[INFO] [1790293963.104087150] [sage_energy_monitor]: ENERGY | remaining=96.1 % | voltage=16.13 V | drain_rate=0.040 %/s | home_distance=6.4 m | return_time=10 s | return_cost=0.4 % | margin_after_return=75.7 %
[INFO] [1790293964.106285837] [sage_energy_monitor]: ENERGY | remaining=96.0 % | voltage=16.13 V | drain_rate=0.040 %/s | home_distance=7.5 m | return_time=11 s | return_cost=0.5 % | margin_after_return=75.6 %
[INFO] [1790293965.102822844] [sage_energy_monitor]: ENERGY | remaining=96.0 % | voltage=16.13 V | drain_rate=0.040 %/s | home_distance=8.0 m | return_time=12 s | return_cost=0.5 % | margin_after_return=75.5 %
[INFO] [1790293966.107211037] [sage_energy_monitor]: ENERGY | remaining=95.9 % | voltage=16.13 V | drain_rate=0.040 %/s | home_distance=8.1 m | return_time=12 s | return_cost=0.5 % | margin_after_return=75.5 %
[INFO] [1790293967.108803016] [sage_energy_monitor]: ENERGY | remaining=95.9 % | voltage=16.13 V | drain_rate=0.040 %/s | home_distance=8.1 m | return_time=12 s | return_cost=0.5 % | margin_after_return=75.4 %
[INFO] [1790293968.104557927] [sage_energy_monitor]: ENERGY | remaining=95.9 % | voltage=16.12 V | drain_rate=0.041 %/s | home_distance=8.2 m | return_time=12 s | return_cost=0.5 % | margin_after_return=75.4 %
[INFO] [1790293969.105156850] [sage_energy_monitor]: ENERGY | remaining=95.8 % | voltage=16.12 V | drain_rate=0.041 %/s | home_distance=8.1 m | return_time=12 s | return_cost=0.5 % | margin_after_return=75.3 %
[INFO] [1790293970.107545699] [sage_energy_monitor]: ENERGY | remaining=95.8 % | voltage=16.12 V | drain_rate=0.041 %/s | home_distance=8.9 m | return_time=13 s | return_cost=0.5 % | margin_after_return=75.2 %
[INFO] [1790293971.103183845] [sage_energy_monitor]: ENERGY | remaining=95.7 % | voltage=16.12 V | drain_rate=0.041 %/s | home_distance=10.5 m | return_time=15 s | return_cost=0.6 % | margin_after_return=75.1 %
[INFO] [1790293972.105283133] [sage_energy_monitor]: ENERGY | remaining=95.7 % | voltage=16.12 V | drain_rate=0.041 %/s | home_distance=11.8 m | return_time=16 s | return_cost=0.7 % | margin_after_return=75.0 %
[INFO] [1790293973.106309803] [sage_energy_monitor]: ENERGY | remaining=95.7 % | voltage=16.12 V | drain_rate=0.041 %/s | home_distance=12.5 m | return_time=16 s | return_cost=0.7 % | margin_after_return=75.0 %
[INFO] [1790293974.105594748] [sage_energy_monitor]: ENERGY | remaining=95.6 % | voltage=16.12 V | drain_rate=0.041 %/s | home_distance=11.8 m | return_time=16 s | return_cost=0.6 % | margin_after_return=75.0 %
[INFO] [1790293975.103020028] [sage_energy_monitor]: ENERGY | remaining=95.6 % | voltage=16.12 V | drain_rate=0.041 %/s | home_distance=10.3 m | return_time=14 s | return_cost=0.6 % | margin_after_return=75.0 %
[INFO] [1790293976.102894244] [sage_energy_monitor]: ENERGY | remaining=95.5 % | voltage=16.12 V | drain_rate=0.041 %/s | home_distance=9.5 m | return_time=13 s | return_cost=0.5 % | margin_after_return=75.0 %
[INFO] [1790293977.103114023] [sage_energy_monitor]: ENERGY | remaining=95.5 % | voltage=16.12 V | drain_rate=0.041 %/s | home_distance=9.2 m | return_time=13 s | return_cost=0.5 % | margin_after_return=75.0 %
[INFO] [1790293978.106944036] [sage_energy_monitor]: ENERGY | remaining=95.4 % | voltage=16.12 V | drain_rate=0.041 %/s | home_distance=9.6 m | return_time=14 s | return_cost=0.6 % | margin_after_return=74.9 %
[INFO] [1790293979.115579695] [sage_energy_monitor]: ENERGY | remaining=95.4 % | voltage=16.12 V | drain_rate=0.041 %/s | home_distance=10.1 m | return_time=14 s | return_cost=0.6 % | margin_after_return=74.8 %
[INFO] [1790293980.106680902] [sage_energy_monitor]: ENERGY | remaining=95.4 % | voltage=16.12 V | drain_rate=0.041 %/s | home_distance=10.2 m | return_time=14 s | return_cost=0.6 % | margin_after_return=74.8 %
[INFO] [1790293981.104461307] [sage_energy_monitor]: ENERGY | remaining=95.3 % | voltage=16.11 V | drain_rate=0.041 %/s | home_distance=10.0 m | return_time=14 s | return_cost=0.6 % | margin_after_return=74.7 %
[INFO] [1790293982.102489501] [sage_energy_monitor]: ENERGY | remaining=95.3 % | voltage=16.11 V | drain_rate=0.041 %/s | home_distance=10.0 m | return_time=14 s | return_cost=0.6 % | margin_after_return=74.7 %
[INFO] [1790293983.104241049] [sage_energy_monitor]: ENERGY | remaining=95.2 % | voltage=16.11 V | drain_rate=0.041 %/s | home_distance=10.1 m | return_time=14 s | return_cost=0.6 % | margin_after_return=74.7 %
[INFO] [1790293984.105577528] [sage_energy_monitor]: ENERGY | remaining=95.2 % | voltage=16.11 V | drain_rate=0.041 %/s | home_distance=10.0 m | return_time=14 s | return_cost=0.6 % | margin_after_return=74.6 %
[INFO] [1790293985.107406307] [sage_energy_monitor]: ENERGY | remaining=95.2 % | voltage=16.11 V | drain_rate=0.041 %/s | home_distance=8.5 m | return_time=13 s | return_cost=0.5 % | margin_after_return=74.6 %
[INFO] [1790293986.103049138] [sage_energy_monitor]: ENERGY | remaining=95.1 % | voltage=16.11 V | drain_rate=0.041 %/s | home_distance=7.2 m | return_time=11 s | return_cost=0.5 % | margin_after_return=74.7 %
[INFO] [1790293987.104047690] [sage_energy_monitor]: ENERGY | remaining=95.1 % | voltage=16.11 V | drain_rate=0.041 %/s | home_distance=6.8 m | return_time=11 s | return_cost=0.4 % | margin_after_return=74.6 %
[INFO] [1790293988.104101920] [sage_energy_monitor]: ENERGY | remaining=95.0 % | voltage=16.11 V | drain_rate=0.041 %/s | home_distance=7.4 m | return_time=11 s | return_cost=0.5 % | margin_after_return=74.6 %
[INFO] [1790293989.106466896] [sage_energy_monitor]: ENERGY | remaining=95.0 % | voltage=16.11 V | drain_rate=0.041 %/s | home_distance=8.4 m | return_time=13 s | return_cost=0.5 % | margin_after_return=74.5 %
[INFO] [1790293990.111810745] [sage_energy_monitor]: ENERGY | remaining=95.0 % | voltage=16.11 V | drain_rate=0.041 %/s | home_distance=8.9 m | return_time=13 s | return_cost=0.5 % | margin_after_return=74.4 %
[INFO] [1790293991.108168205] [sage_energy_monitor]: ENERGY | remaining=94.9 % | voltage=16.11 V | drain_rate=0.041 %/s | home_distance=8.9 m | return_time=13 s | return_cost=0.5 % | margin_after_return=74.4 %
[INFO] [1790293992.106218733] [sage_energy_monitor]: ENERGY | remaining=94.9 % | voltage=16.11 V | drain_rate=0.041 %/s | home_distance=8.6 m | return_time=12 s | return_cost=0.5 % | margin_after_return=74.4 %
[INFO] [1790293993.107846370] [sage_energy_monitor]: ENERGY | remaining=94.8 % | voltage=16.11 V | drain_rate=0.041 %/s | home_distance=9.2 m | return_time=13 s | return_cost=0.5 % | margin_after_return=74.3 %
[INFO] [1790293994.102861388] [sage_energy_monitor]: ENERGY | remaining=94.8 % | voltage=16.11 V | drain_rate=0.041 %/s | home_distance=10.2 m | return_time=14 s | return_cost=0.6 % | margin_after_return=74.2 %
[INFO] [1790293995.103325630] [sage_energy_monitor]: ENERGY | remaining=94.7 % | voltage=16.10 V | drain_rate=0.041 %/s | home_distance=11.7 m | return_time=16 s | return_cost=0.7 % | margin_after_return=74.1 %
[INFO] [1790293996.105205904] [sage_energy_monitor]: ENERGY | remaining=94.7 % | voltage=16.10 V | drain_rate=0.041 %/s | home_distance=12.7 m | return_time=17 s | return_cost=0.7 % | margin_after_return=74.0 %
[INFO] [1790293997.108531517] [sage_energy_monitor]: ENERGY | remaining=94.7 % | voltage=16.10 V | drain_rate=0.041 %/s | home_distance=13.0 m | return_time=17 s | return_cost=0.7 % | margin_after_return=73.9 %
[INFO] [1790293998.108312787] [sage_energy_monitor]: ENERGY | remaining=94.6 % | voltage=16.10 V | drain_rate=0.041 %/s | home_distance=13.0 m | return_time=17 s | return_cost=0.7 % | margin_after_return=73.9 %
[INFO] [1790293999.107568833] [sage_energy_monitor]: ENERGY | remaining=94.6 % | voltage=16.10 V | drain_rate=0.041 %/s | home_distance=12.9 m | return_time=17 s | return_cost=0.7 % | margin_after_return=73.9 %
[INFO] [1790294000.103708386] [sage_energy_monitor]: ENERGY | remaining=94.5 % | voltage=16.10 V | drain_rate=0.042 %/s | home_distance=12.8 m | return_time=17 s | return_cost=0.7 % | margin_after_return=73.8 %
[INFO] [1790294001.102895727] [sage_energy_monitor]: ENERGY | remaining=94.5 % | voltage=16.10 V | drain_rate=0.042 %/s | home_distance=12.9 m | return_time=17 s | return_cost=0.7 % | margin_after_return=73.8 %
[INFO] [1790294002.107182882] [sage_energy_monitor]: ENERGY | remaining=94.4 % | voltage=16.10 V | drain_rate=0.042 %/s | home_distance=12.7 m | return_time=16 s | return_cost=0.7 % | margin_after_return=73.8 %
[INFO] [1790294003.107429978] [sage_energy_monitor]: ENERGY | remaining=94.4 % | voltage=16.10 V | drain_rate=0.042 %/s | home_distance=12.5 m | return_time=16 s | return_cost=0.7 % | margin_after_return=73.7 %
[INFO] [1790294004.104628599] [sage_energy_monitor]: ENERGY | remaining=94.4 % | voltage=16.10 V | drain_rate=0.042 %/s | home_distance=12.6 m | return_time=16 s | return_cost=0.7 % | margin_after_return=73.7 %
[INFO] [1790294005.104554285] [sage_energy_monitor]: ENERGY | remaining=94.3 % | voltage=16.10 V | drain_rate=0.042 %/s | home_distance=12.8 m | return_time=16 s | return_cost=0.7 % | margin_after_return=73.6 %
[INFO] [1790294006.102923919] [sage_energy_monitor]: ENERGY | remaining=94.3 % | voltage=16.10 V | drain_rate=0.042 %/s | home_distance=14.3 m | return_time=18 s | return_cost=0.8 % | margin_after_return=73.5 %
[INFO] [1790294007.104575497] [sage_energy_monitor]: ENERGY | remaining=94.2 % | voltage=16.10 V | drain_rate=0.042 %/s | home_distance=15.8 m | return_time=20 s | return_cost=0.8 % | margin_after_return=73.4 %
[INFO] [1790294008.102841669] [sage_energy_monitor]: ENERGY | remaining=94.2 % | voltage=16.09 V | drain_rate=0.042 %/s | home_distance=16.7 m | return_time=21 s | return_cost=0.9 % | margin_after_return=73.3 %
[INFO] [1790294009.104532868] [sage_energy_monitor]: ENERGY | remaining=94.2 % | voltage=16.09 V | drain_rate=0.042 %/s | home_distance=17.0 m | return_time=21 s | return_cost=0.9 % | margin_after_return=73.3 %
[INFO] [1790294010.103211480] [sage_energy_monitor]: ENERGY | remaining=94.1 % | voltage=16.09 V | drain_rate=0.042 %/s | home_distance=17.1 m | return_time=21 s | return_cost=0.9 % | margin_after_return=73.2 %
[INFO] [1790294011.102807306] [sage_energy_monitor]: ENERGY | remaining=94.1 % | voltage=16.09 V | drain_rate=0.042 %/s | home_distance=16.2 m | return_time=20 s | return_cost=0.8 % | margin_after_return=73.2 %
[INFO] [1790294012.104968667] [sage_energy_monitor]: ENERGY | remaining=94.0 % | voltage=16.09 V | drain_rate=0.042 %/s | home_distance=14.7 m | return_time=19 s | return_cost=0.8 % | margin_after_return=73.3 %
[INFO] [1790294013.103263247] [sage_energy_monitor]: ENERGY | remaining=94.0 % | voltage=16.09 V | drain_rate=0.042 %/s | home_distance=13.9 m | return_time=18 s | return_cost=0.7 % | margin_after_return=73.2 %
[INFO] [1790294014.108521106] [sage_energy_monitor]: ENERGY | remaining=93.9 % | voltage=16.09 V | drain_rate=0.042 %/s | home_distance=14.1 m | return_time=18 s | return_cost=0.7 % | margin_after_return=73.2 %
[INFO] [1790294015.104847191] [sage_energy_monitor]: ENERGY | remaining=93.9 % | voltage=16.09 V | drain_rate=0.042 %/s | home_distance=15.9 m | return_time=20 s | return_cost=0.8 % | margin_after_return=73.1 %
[INFO] [1790294016.107931504] [sage_energy_monitor]: ENERGY | remaining=93.9 % | voltage=16.09 V | drain_rate=0.042 %/s | home_distance=17.5 m | return_time=22 s | return_cost=0.9 % | margin_after_return=73.0 %
[INFO] [1790294017.106836720] [sage_energy_monitor]: ENERGY | remaining=93.8 % | voltage=16.09 V | drain_rate=0.042 %/s | home_distance=18.1 m | return_time=22 s | return_cost=0.9 % | margin_after_return=72.9 %
[INFO] [1790294018.103686594] [sage_energy_monitor]: ENERGY | remaining=93.8 % | voltage=16.09 V | drain_rate=0.042 %/s | home_distance=18.1 m | return_time=22 s | return_cost=0.9 % | margin_after_return=72.8 %
[INFO] [1790294019.105278165] [sage_energy_monitor]: ENERGY | remaining=93.7 % | voltage=16.09 V | drain_rate=0.042 %/s | home_distance=18.3 m | return_time=22 s | return_cost=0.9 % | margin_after_return=72.8 %
[INFO] [1790294020.102725552] [sage_energy_monitor]: ENERGY | remaining=93.7 % | voltage=16.09 V | drain_rate=0.042 %/s | home_distance=18.6 m | return_time=23 s | return_cost=1.0 % | margin_after_return=72.7 %
[INFO] [1790294021.105860210] [sage_energy_monitor]: ENERGY | remaining=93.7 % | voltage=16.08 V | drain_rate=0.042 %/s | home_distance=18.9 m | return_time=23 s | return_cost=1.0 % | margin_after_return=72.7 %
[INFO] [1790294022.105919171] [sage_energy_monitor]: ENERGY | remaining=93.6 % | voltage=16.08 V | drain_rate=0.042 %/s | home_distance=17.9 m | return_time=22 s | return_cost=0.9 % | margin_after_return=72.7 %
[INFO] [1790294023.112455908] [sage_energy_monitor]: ENERGY | remaining=93.6 % | voltage=16.08 V | drain_rate=0.042 %/s | home_distance=16.0 m | return_time=20 s | return_cost=0.8 % | margin_after_return=72.7 %
[INFO] [1790294024.106243792] [sage_energy_monitor]: ENERGY | remaining=93.5 % | voltage=16.08 V | drain_rate=0.042 %/s | home_distance=14.9 m | return_time=19 s | return_cost=0.8 % | margin_after_return=72.7 %
[INFO] [1790294025.106217762] [sage_energy_monitor]: ENERGY | remaining=93.5 % | voltage=16.08 V | drain_rate=0.042 %/s | home_distance=14.9 m | return_time=19 s | return_cost=0.8 % | margin_after_return=72.7 %
[INFO] [1790294026.106232280] [sage_energy_monitor]: ENERGY | remaining=93.4 % | voltage=16.08 V | drain_rate=0.042 %/s | home_distance=16.4 m | return_time=20 s | return_cost=0.9 % | margin_after_return=72.6 %
[INFO] [1790294027.106481623] [sage_energy_monitor]: ENERGY | remaining=93.4 % | voltage=16.08 V | drain_rate=0.042 %/s | home_distance=17.9 m | return_time=22 s | return_cost=0.9 % | margin_after_return=72.5 %
[INFO] [1790294028.106083979] [sage_energy_monitor]: ENERGY | remaining=93.4 % | voltage=16.08 V | drain_rate=0.042 %/s | home_distance=18.8 m | return_time=23 s | return_cost=0.9 % | margin_after_return=72.4 %
[INFO] [1790294029.106014605] [sage_energy_monitor]: ENERGY | remaining=93.3 % | voltage=16.08 V | drain_rate=0.042 %/s | home_distance=18.6 m | return_time=22 s | return_cost=0.9 % | margin_after_return=72.4 %
[INFO] [1790294030.103271947] [sage_energy_monitor]: ENERGY | remaining=93.3 % | voltage=16.08 V | drain_rate=0.042 %/s | home_distance=17.4 m | return_time=21 s | return_cost=0.9 % | margin_after_return=72.4 %
[INFO] [1790294031.103876552] [sage_energy_monitor]: ENERGY | remaining=93.2 % | voltage=16.08 V | drain_rate=0.042 %/s | home_distance=16.4 m | return_time=20 s | return_cost=0.8 % | margin_after_return=72.4 %
[INFO] [1790294032.110421729] [sage_energy_monitor]: ENERGY | remaining=93.2 % | voltage=16.08 V | drain_rate=0.042 %/s | home_distance=15.6 m | return_time=20 s | return_cost=0.8 % | margin_after_return=72.4 %
[INFO] [1790294033.106066152] [sage_energy_monitor]: ENERGY | remaining=93.2 % | voltage=16.08 V | drain_rate=0.042 %/s | home_distance=15.2 m | return_time=19 s | return_cost=0.8 % | margin_after_return=72.3 %
[INFO] [1790294034.103213188] [sage_energy_monitor]: ENERGY | remaining=93.1 % | voltage=16.07 V | drain_rate=0.042 %/s | home_distance=15.1 m | return_time=19 s | return_cost=0.8 % | margin_after_return=72.3 %
[INFO] [1790294035.104644990] [sage_energy_monitor]: ENERGY | remaining=93.1 % | voltage=16.07 V | drain_rate=0.042 %/s | home_distance=14.8 m | return_time=19 s | return_cost=0.8 % | margin_after_return=72.3 %
[INFO] [1790294036.111796030] [sage_energy_monitor]: ENERGY | remaining=93.0 % | voltage=16.07 V | drain_rate=0.042 %/s | home_distance=13.6 m | return_time=18 s | return_cost=0.7 % | margin_after_return=72.3 %
[INFO] [1790294037.109876022] [sage_energy_monitor]: ENERGY | remaining=93.0 % | voltage=16.07 V | drain_rate=0.042 %/s | home_distance=12.3 m | return_time=16 s | return_cost=0.7 % | margin_after_return=72.3 %
[INFO] [1790294038.106083486] [sage_energy_monitor]: ENERGY | remaining=92.9 % | voltage=16.07 V | drain_rate=0.042 %/s | home_distance=11.3 m | return_time=15 s | return_cost=0.6 % | margin_after_return=72.3 %
[INFO] [1790294039.106966353] [sage_energy_monitor]: ENERGY | remaining=92.9 % | voltage=16.07 V | drain_rate=0.042 %/s | home_distance=10.9 m | return_time=15 s | return_cost=0.6 % | margin_after_return=72.3 %
[INFO] [1790294040.102813494] [sage_energy_monitor]: ENERGY | remaining=92.9 % | voltage=16.07 V | drain_rate=0.042 %/s | home_distance=10.8 m | return_time=14 s | return_cost=0.6 % | margin_after_return=72.3 %
[INFO] [1790294041.104120536] [sage_energy_monitor]: ENERGY | remaining=92.8 % | voltage=16.07 V | drain_rate=0.042 %/s | home_distance=10.0 m | return_time=14 s | return_cost=0.6 % | margin_after_return=72.2 %
[INFO] [1790294042.103820734] [sage_energy_monitor]: ENERGY | remaining=92.8 % | voltage=16.07 V | drain_rate=0.042 %/s | home_distance=9.5 m | return_time=13 s | return_cost=0.6 % | margin_after_return=72.2 %
[INFO] [1790294043.104266013] [sage_energy_monitor]: ENERGY | remaining=92.7 % | voltage=16.07 V | drain_rate=0.042 %/s | home_distance=9.2 m | return_time=13 s | return_cost=0.5 % | margin_after_return=72.2 %
[INFO] [1790294044.105064604] [sage_energy_monitor]: ENERGY | remaining=92.7 % | voltage=16.07 V | drain_rate=0.042 %/s | home_distance=9.8 m | return_time=13 s | return_cost=0.6 % | margin_after_return=72.1 %
[INFO] [1790294045.111336422] [sage_energy_monitor]: ENERGY | remaining=92.6 % | voltage=16.07 V | drain_rate=0.042 %/s | home_distance=10.6 m | return_time=15 s | return_cost=0.6 % | margin_after_return=72.0 %
[INFO] [1790294046.105906233] [sage_energy_monitor]: ENERGY | remaining=92.6 % | voltage=16.07 V | drain_rate=0.042 %/s | home_distance=11.1 m | return_time=15 s | return_cost=0.6 % | margin_after_return=72.0 %
[INFO] [1790294047.106574227] [sage_energy_monitor]: ENERGY | remaining=92.6 % | voltage=16.07 V | drain_rate=0.042 %/s | home_distance=11.3 m | return_time=15 s | return_cost=0.6 % | margin_after_return=71.9 %
[INFO] [1790294048.107680083] [sage_energy_monitor]: ENERGY | remaining=92.5 % | voltage=16.06 V | drain_rate=0.042 %/s | home_distance=11.7 m | return_time=16 s | return_cost=0.7 % | margin_after_return=71.9 %
[INFO] [1790294049.105825929] [sage_energy_monitor]: ENERGY | remaining=92.5 % | voltage=16.06 V | drain_rate=0.042 %/s | home_distance=12.4 m | return_time=17 s | return_cost=0.7 % | margin_after_return=71.8 %
[INFO] [1790294050.104532431] [sage_energy_monitor]: ENERGY | remaining=92.4 % | voltage=16.06 V | drain_rate=0.042 %/s | home_distance=12.9 m | return_time=17 s | return_cost=0.7 % | margin_after_return=71.7 %
[INFO] [1790294051.103687550] [sage_energy_monitor]: ENERGY | remaining=92.4 % | voltage=16.06 V | drain_rate=0.042 %/s | home_distance=13.0 m | return_time=17 s | return_cost=0.7 % | margin_after_return=71.7 %
[INFO] [1790294052.110030624] [sage_energy_monitor]: ENERGY | remaining=92.4 % | voltage=16.06 V | drain_rate=0.042 %/s | home_distance=12.9 m | return_time=17 s | return_cost=0.7 % | margin_after_return=71.7 %
[INFO] [1790294053.105254888] [sage_energy_monitor]: ENERGY | remaining=92.3 % | voltage=16.06 V | drain_rate=0.042 %/s | home_distance=12.3 m | return_time=16 s | return_cost=0.7 % | margin_after_return=71.7 %
[INFO] [1790294054.102917504] [sage_energy_monitor]: ENERGY | remaining=92.3 % | voltage=16.06 V | drain_rate=0.041 %/s | home_distance=10.5 m | return_time=15 s | return_cost=0.6 % | margin_after_return=71.7 %
[INFO] [1790294055.104675023] [sage_energy_monitor]: ENERGY | remaining=92.2 % | voltage=16.06 V | drain_rate=0.041 %/s | home_distance=8.6 m | return_time=13 s | return_cost=0.5 % | margin_after_return=71.7 %
[INFO] [1790294056.103443199] [sage_energy_monitor]: ENERGY | remaining=92.2 % | voltage=16.06 V | drain_rate=0.041 %/s | home_distance=6.8 m | return_time=11 s | return_cost=0.5 % | margin_after_return=71.7 %
[INFO] [1790294057.105851844] [sage_energy_monitor]: ENERGY | remaining=92.2 % | voltage=16.06 V | drain_rate=0.041 %/s | home_distance=5.9 m | return_time=10 s | return_cost=0.4 % | margin_after_return=71.7 %
[INFO] [1790294058.105741475] [sage_energy_monitor]: ENERGY | remaining=92.1 % | voltage=16.06 V | drain_rate=0.041 %/s | home_distance=5.8 m | return_time=10 s | return_cost=0.4 % | margin_after_return=71.7 %
[INFO] [1790294059.110037898] [sage_energy_monitor]: ENERGY | remaining=92.1 % | voltage=16.06 V | drain_rate=0.041 %/s | home_distance=7.0 m | return_time=11 s | return_cost=0.5 % | margin_after_return=71.6 %
[INFO] [1790294060.104498065] [sage_energy_monitor]: ENERGY | remaining=92.0 % | voltage=16.06 V | drain_rate=0.041 %/s | home_distance=8.9 m | return_time=13 s | return_cost=0.5 % | margin_after_return=71.5 %
[INFO] [1790294061.103748534] [sage_energy_monitor]: ENERGY | remaining=92.0 % | voltage=16.05 V | drain_rate=0.041 %/s | home_distance=9.7 m | return_time=14 s | return_cost=0.6 % | margin_after_return=71.4 %
[INFO] [1790294062.102575653] [sage_energy_monitor]: ENERGY | remaining=92.0 % | voltage=16.05 V | drain_rate=0.041 %/s | home_distance=9.8 m | return_time=14 s | return_cost=0.6 % | margin_after_return=71.4 %
[INFO] [1790294063.105170285] [sage_energy_monitor]: ENERGY | remaining=91.9 % | voltage=16.05 V | drain_rate=0.041 %/s | home_distance=9.7 m | return_time=14 s | return_cost=0.6 % | margin_after_return=71.3 %
[INFO] [1790294064.103349532] [sage_energy_monitor]: ENERGY | remaining=91.9 % | voltage=16.05 V | drain_rate=0.041 %/s | home_distance=9.6 m | return_time=13 s | return_cost=0.6 % | margin_after_return=71.3 %
[INFO] [1790294065.112468218] [sage_energy_monitor]: ENERGY | remaining=91.8 % | voltage=16.05 V | drain_rate=0.041 %/s | home_distance=8.4 m | return_time=12 s | return_cost=0.5 % | margin_after_return=71.3 %
[INFO] [1790294066.104500492] [sage_energy_monitor]: ENERGY | remaining=91.8 % | voltage=16.05 V | drain_rate=0.041 %/s | home_distance=6.2 m | return_time=10 s | return_cost=0.4 % | margin_after_return=71.4 %
[INFO] [1790294067.105226941] [sage_energy_monitor]: ENERGY | remaining=91.7 % | voltage=16.05 V | drain_rate=0.041 %/s | home_distance=4.0 m | return_time=8 s | return_cost=0.3 % | margin_after_return=71.4 %
[INFO] [1790294068.104869132] [sage_energy_monitor]: ENERGY | remaining=91.7 % | voltage=16.05 V | drain_rate=0.041 %/s | home_distance=1.9 m | return_time=6 s | return_cost=0.2 % | margin_after_return=71.5 %
[INFO] [1790294069.103166923] [sage_energy_monitor]: ENERGY | remaining=91.7 % | voltage=16.05 V | drain_rate=0.041 %/s | home_distance=0.6 m | return_time=5 s | return_cost=0.2 % | margin_after_return=71.5 %
[INFO] [1790294070.105233428] [sage_energy_monitor]: ENERGY | remaining=91.6 % | voltage=16.05 V | drain_rate=0.041 %/s | home_distance=2.5 m | return_time=7 s | return_cost=0.3 % | margin_after_return=71.4 %
[INFO] [1790294071.103493344] [sage_energy_monitor]: ENERGY | remaining=91.6 % | voltage=16.05 V | drain_rate=0.041 %/s | home_distance=3.5 m | return_time=8 s | return_cost=0.3 % | margin_after_return=71.3 %
[INFO] [1790294072.103363311] [sage_energy_monitor]: ENERGY | remaining=91.5 % | voltage=16.05 V | drain_rate=0.041 %/s | home_distance=3.4 m | return_time=7 s | return_cost=0.3 % | margin_after_return=71.2 %
[INFO] [1790294073.103130265] [sage_energy_monitor]: ENERGY | remaining=91.5 % | voltage=16.05 V | drain_rate=0.041 %/s | home_distance=2.1 m | return_time=6 s | return_cost=0.3 % | margin_after_return=71.2 %
[INFO] [1790294074.103089574] [sage_energy_monitor]: ENERGY | remaining=91.5 % | voltage=16.05 V | drain_rate=0.041 %/s | home_distance=2.0 m | return_time=6 s | return_cost=0.2 % | margin_after_return=71.2 %
[INFO] [1790294075.104360193] [sage_energy_monitor]: ENERGY | remaining=91.4 % | voltage=16.04 V | drain_rate=0.041 %/s | home_distance=2.1 m | return_time=6 s | return_cost=0.3 % | margin_after_return=71.2 %
[INFO] [1790294076.102720094] [sage_energy_monitor]: ENERGY | remaining=91.4 % | voltage=16.04 V | drain_rate=0.041 %/s | home_distance=1.6 m | return_time=5 s | return_cost=0.2 % | margin_after_return=71.1 %
[INFO] [1790294077.104722419] [sage_energy_monitor]: ENERGY | remaining=91.3 % | voltage=16.04 V | drain_rate=0.041 %/s | home_distance=2.6 m | return_time=6 s | return_cost=0.3 % | margin_after_return=71.1 %
[INFO] [1790294078.113619592] [sage_energy_monitor]: ENERGY | remaining=91.3 % | voltage=16.04 V | drain_rate=0.041 %/s | home_distance=4.5 m | return_time=9 s | return_cost=0.3 % | margin_after_return=70.9 %
[INFO] [1790294079.110348250] [sage_energy_monitor]: ENERGY | remaining=91.3 % | voltage=16.04 V | drain_rate=0.041 %/s | home_distance=6.8 m | return_time=11 s | return_cost=0.4 % | margin_after_return=70.8 %
[INFO] [1790294080.104280633] [sage_energy_monitor]: ENERGY | remaining=91.2 % | voltage=16.04 V | drain_rate=0.041 %/s | home_distance=9.0 m | return_time=13 s | return_cost=0.5 % | margin_after_return=70.7 %
[INFO] [1790294081.105894696] [sage_energy_monitor]: ENERGY | remaining=91.2 % | voltage=16.04 V | drain_rate=0.041 %/s | home_distance=10.6 m | return_time=14 s | return_cost=0.6 % | margin_after_return=70.6 %
[INFO] [1790294082.102670411] [sage_energy_monitor]: ENERGY | remaining=91.1 % | voltage=16.04 V | drain_rate=0.041 %/s | home_distance=11.1 m | return_time=15 s | return_cost=0.6 % | margin_after_return=70.5 %
[INFO] [1790294083.106829301] [sage_energy_monitor]: ENERGY | remaining=91.1 % | voltage=16.04 V | drain_rate=0.041 %/s | home_distance=11.1 m | return_time=15 s | return_cost=0.6 % | margin_after_return=70.5 %
[INFO] [1790294084.102803147] [sage_energy_monitor]: ENERGY | remaining=91.0 % | voltage=16.04 V | drain_rate=0.041 %/s | home_distance=10.2 m | return_time=14 s | return_cost=0.6 % | margin_after_return=70.5 %
[INFO] [1790294085.110222608] [sage_energy_monitor]: ENERGY | remaining=91.0 % | voltage=16.04 V | drain_rate=0.041 %/s | home_distance=9.0 m | return_time=13 s | return_cost=0.5 % | margin_after_return=70.5 %
[INFO] [1790294086.108588722] [sage_energy_monitor]: ENERGY | remaining=91.0 % | voltage=16.04 V | drain_rate=0.041 %/s | home_distance=8.0 m | return_time=12 s | return_cost=0.5 % | margin_after_return=70.5 %
[INFO] [1790294087.106309629] [sage_energy_monitor]: ENERGY | remaining=90.9 % | voltage=16.04 V | drain_rate=0.041 %/s | home_distance=7.4 m | return_time=11 s | return_cost=0.5 % | margin_after_return=70.5 %
[INFO] [1790294088.106836314] [sage_energy_monitor]: ENERGY | remaining=90.9 % | voltage=16.03 V | drain_rate=0.041 %/s | home_distance=7.1 m | return_time=11 s | return_cost=0.4 % | margin_after_return=70.4 %
[INFO] [1790294089.103505124] [sage_energy_monitor]: ENERGY | remaining=90.8 % | voltage=16.03 V | drain_rate=0.041 %/s | home_distance=6.8 m | return_time=11 s | return_cost=0.4 % | margin_after_return=70.4 %
[INFO] [1790294090.102978881] [sage_energy_monitor]: ENERGY | remaining=90.8 % | voltage=16.03 V | drain_rate=0.041 %/s | home_distance=7.7 m | return_time=11 s | return_cost=0.5 % | margin_after_return=70.3 %
[INFO] [1790294091.102517594] [sage_energy_monitor]: ENERGY | remaining=90.8 % | voltage=16.03 V | drain_rate=0.041 %/s | home_distance=8.4 m | return_time=12 s | return_cost=0.5 % | margin_after_return=70.3 %
[INFO] [1790294092.107624731] [sage_energy_monitor]: ENERGY | remaining=90.7 % | voltage=16.03 V | drain_rate=0.041 %/s | home_distance=9.5 m | return_time=14 s | return_cost=0.6 % | margin_after_return=70.2 %
[INFO] [1790294093.105529736] [sage_energy_monitor]: ENERGY | remaining=90.7 % | voltage=16.03 V | drain_rate=0.041 %/s | home_distance=10.1 m | return_time=14 s | return_cost=0.6 % | margin_after_return=70.1 %
[INFO] [1790294094.106668839] [sage_energy_monitor]: ENERGY | remaining=90.6 % | voltage=16.03 V | drain_rate=0.041 %/s | home_distance=10.4 m | return_time=15 s | return_cost=0.6 % | margin_after_return=70.1 %
[INFO] [1790294095.105087228] [sage_energy_monitor]: ENERGY | remaining=90.6 % | voltage=16.03 V | drain_rate=0.041 %/s | home_distance=10.1 m | return_time=14 s | return_cost=0.6 % | margin_after_return=70.0 %
[INFO] [1790294096.102764560] [sage_energy_monitor]: ENERGY | remaining=90.6 % | voltage=16.03 V | drain_rate=0.041 %/s | home_distance=9.3 m | return_time=13 s | return_cost=0.5 % | margin_after_return=70.0 %
[INFO] [1790294097.104852552] [sage_energy_monitor]: ENERGY | remaining=90.5 % | voltage=16.03 V | drain_rate=0.041 %/s | home_distance=8.6 m | return_time=13 s | return_cost=0.5 % | margin_after_return=70.0 %
[INFO] [1790294098.104490812] [sage_energy_monitor]: ENERGY | remaining=90.5 % | voltage=16.03 V | drain_rate=0.041 %/s | home_distance=8.4 m | return_time=13 s | return_cost=0.5 % | margin_after_return=70.0 %
[INFO] [1790294099.106699053] [sage_energy_monitor]: ENERGY | remaining=90.4 % | voltage=16.03 V | drain_rate=0.041 %/s | home_distance=8.5 m | return_time=12 s | return_cost=0.5 % | margin_after_return=69.9 %
[INFO] [1790294100.103891379] [sage_energy_monitor]: ENERGY | remaining=90.4 % | voltage=16.03 V | drain_rate=0.041 %/s | home_distance=8.9 m | return_time=13 s | return_cost=0.5 % | margin_after_return=69.9 %
[INFO] [1790294101.103096879] [sage_energy_monitor]: ENERGY | remaining=90.4 % | voltage=16.03 V | drain_rate=0.041 %/s | home_distance=9.4 m | return_time=14 s | return_cost=0.6 % | margin_after_return=69.8 %
[INFO] [1790294102.103042905] [sage_energy_monitor]: ENERGY | remaining=90.3 % | voltage=16.02 V | drain_rate=0.041 %/s | home_distance=9.4 m | return_time=13 s | return_cost=0.5 % | margin_after_return=69.8 %
[INFO] [1790294103.105022713] [sage_energy_monitor]: ENERGY | remaining=90.3 % | voltage=16.02 V | drain_rate=0.041 %/s | home_distance=8.2 m | return_time=12 s | return_cost=0.5 % | margin_after_return=69.8 %
[INFO] [1790294104.109706824] [sage_energy_monitor]: ENERGY | remaining=90.2 % | voltage=16.02 V | drain_rate=0.041 %/s | home_distance=6.2 m | return_time=10 s | return_cost=0.4 % | margin_after_return=69.8 %
[INFO] [1790294105.104210611] [sage_energy_monitor]: ENERGY | remaining=90.2 % | voltage=16.02 V | drain_rate=0.041 %/s | home_distance=4.5 m | return_time=9 s | return_cost=0.3 % | margin_after_return=69.8 %
[INFO] [1790294106.103411170] [sage_energy_monitor]: ENERGY | remaining=90.1 % | voltage=16.02 V | drain_rate=0.041 %/s | home_distance=4.0 m | return_time=8 s | return_cost=0.3 % | margin_after_return=69.8 %
[INFO] [1790294107.102795931] [sage_energy_monitor]: ENERGY | remaining=90.1 % | voltage=16.02 V | drain_rate=0.041 %/s | home_distance=4.4 m | return_time=8 s | return_cost=0.3 % | margin_after_return=69.8 %
[INFO] [1790294108.109469909] [sage_energy_monitor]: ENERGY | remaining=90.1 % | voltage=16.02 V | drain_rate=0.041 %/s | home_distance=5.9 m | return_time=10 s | return_cost=0.4 % | margin_after_return=69.7 %
[INFO] [1790294109.107235044] [sage_energy_monitor]: ENERGY | remaining=90.0 % | voltage=16.02 V | drain_rate=0.041 %/s | home_distance=7.7 m | return_time=12 s | return_cost=0.5 % | margin_after_return=69.6 %
[INFO] [1790294110.102818676] [sage_energy_monitor]: ENERGY | remaining=90.0 % | voltage=16.02 V | drain_rate=0.041 %/s | home_distance=9.5 m | return_time=13 s | return_cost=0.5 % | margin_after_return=69.4 %
[INFO] [1790294111.105793243] [sage_energy_monitor]: ENERGY | remaining=89.9 % | voltage=16.02 V | drain_rate=0.041 %/s | home_distance=10.5 m | return_time=14 s | return_cost=0.6 % | margin_after_return=69.4 %
[INFO] [1790294112.106628404] [sage_energy_monitor]: ENERGY | remaining=89.9 % | voltage=16.02 V | drain_rate=0.041 %/s | home_distance=10.9 m | return_time=15 s | return_cost=0.6 % | margin_after_return=69.3 %
[INFO] [1790294113.104475094] [sage_energy_monitor]: ENERGY | remaining=89.9 % | voltage=16.02 V | drain_rate=0.041 %/s | home_distance=10.0 m | return_time=14 s | return_cost=0.6 % | margin_after_return=69.3 %
[INFO] [1790294114.104054824] [sage_energy_monitor]: ENERGY | remaining=89.8 % | voltage=16.02 V | drain_rate=0.041 %/s | home_distance=8.1 m | return_time=12 s | return_cost=0.5 % | margin_after_return=69.3 %
[INFO] [1790294115.105971280] [sage_energy_monitor]: ENERGY | remaining=89.8 % | voltage=16.02 V | drain_rate=0.041 %/s | home_distance=6.8 m | return_time=11 s | return_cost=0.4 % | margin_after_return=69.3 %
[INFO] [1790294116.104754098] [sage_energy_monitor]: ENERGY | remaining=89.7 % | voltage=16.01 V | drain_rate=0.041 %/s | home_distance=7.5 m | return_time=11 s | return_cost=0.5 % | margin_after_return=69.3 %
[INFO] [1790294117.102874432] [sage_energy_monitor]: ENERGY | remaining=89.7 % | voltage=16.01 V | drain_rate=0.041 %/s | home_distance=9.2 m | return_time=13 s | return_cost=0.5 % | margin_after_return=69.2 %
[INFO] [1790294118.103039129] [sage_energy_monitor]: ENERGY | remaining=89.7 % | voltage=16.01 V | drain_rate=0.041 %/s | home_distance=10.8 m | return_time=15 s | return_cost=0.6 % | margin_after_return=69.1 %
[INFO] [1790294119.106960862] [sage_energy_monitor]: ENERGY | remaining=89.6 % | voltage=16.01 V | drain_rate=0.041 %/s | home_distance=11.7 m | return_time=16 s | return_cost=0.6 % | margin_after_return=69.0 %
[INFO] [1790294120.105262763] [sage_energy_monitor]: ENERGY | remaining=89.6 % | voltage=16.01 V | drain_rate=0.041 %/s | home_distance=11.9 m | return_time=16 s | return_cost=0.6 % | margin_after_return=68.9 %
[INFO] [1790294121.106715070] [sage_energy_monitor]: ENERGY | remaining=89.5 % | voltage=16.01 V | drain_rate=0.041 %/s | home_distance=12.0 m | return_time=16 s | return_cost=0.7 % | margin_after_return=68.9 %
[INFO] [1790294122.105906701] [sage_energy_monitor]: ENERGY | remaining=89.5 % | voltage=16.01 V | drain_rate=0.041 %/s | home_distance=12.0 m | return_time=16 s | return_cost=0.7 % | margin_after_return=68.9 %
[INFO] [1790294123.102867977] [sage_energy_monitor]: ENERGY | remaining=89.5 % | voltage=16.01 V | drain_rate=0.041 %/s | home_distance=12.1 m | return_time=16 s | return_cost=0.7 % | margin_after_return=68.8 %
[INFO] [1790294124.103063223] [sage_energy_monitor]: ENERGY | remaining=89.4 % | voltage=16.01 V | drain_rate=0.041 %/s | home_distance=12.1 m | return_time=16 s | return_cost=0.6 % | margin_after_return=68.8 %
[INFO] [1790294125.112760396] [sage_energy_monitor]: ENERGY | remaining=89.4 % | voltage=16.01 V | drain_rate=0.041 %/s | home_distance=12.1 m | return_time=16 s | return_cost=0.7 % | margin_after_return=68.7 %
[INFO] [1790294126.105760589] [sage_energy_monitor]: ENERGY | remaining=89.3 % | voltage=16.01 V | drain_rate=0.041 %/s | home_distance=11.8 m | return_time=16 s | return_cost=0.6 % | margin_after_return=68.7 %
[INFO] [1790294127.104492550] [sage_energy_monitor]: ENERGY | remaining=89.3 % | voltage=16.01 V | drain_rate=0.041 %/s | home_distance=11.1 m | return_time=15 s | return_cost=0.6 % | margin_after_return=68.7 %
[INFO] [1790294128.106456376] [sage_energy_monitor]: ENERGY | remaining=89.3 % | voltage=16.01 V | drain_rate=0.040 %/s | home_distance=10.8 m | return_time=15 s | return_cost=0.6 % | margin_after_return=68.7 %
[INFO] [1790294129.104644694] [sage_energy_monitor]: ENERGY | remaining=89.2 % | voltage=16.01 V | drain_rate=0.040 %/s | home_distance=10.7 m | return_time=15 s | return_cost=0.6 % | margin_after_return=68.6 %
[INFO] [1790294130.109508433] [sage_energy_monitor]: ENERGY | remaining=89.2 % | voltage=16.00 V | drain_rate=0.040 %/s | home_distance=10.8 m | return_time=15 s | return_cost=0.6 % | margin_after_return=68.6 %
[INFO] [1790294131.106802566] [sage_energy_monitor]: ENERGY | remaining=89.2 % | voltage=16.00 V | drain_rate=0.040 %/s | home_distance=11.1 m | return_time=15 s | return_cost=0.6 % | margin_after_return=68.5 %
[INFO] [1790294132.103230695] [sage_energy_monitor]: ENERGY | remaining=89.1 % | voltage=16.00 V | drain_rate=0.040 %/s | home_distance=11.7 m | return_time=16 s | return_cost=0.6 % | margin_after_return=68.5 %
[INFO] [1790294133.106811871] [sage_energy_monitor]: ENERGY | remaining=89.1 % | voltage=16.00 V | drain_rate=0.040 %/s | home_distance=12.2 m | return_time=16 s | return_cost=0.6 % | margin_after_return=68.4 %
[INFO] [1790294134.104757305] [sage_energy_monitor]: ENERGY | remaining=89.0 % | voltage=16.00 V | drain_rate=0.040 %/s | home_distance=12.5 m | return_time=16 s | return_cost=0.7 % | margin_after_return=68.4 %
[INFO] [1790294135.105449481] [sage_energy_monitor]: ENERGY | remaining=89.0 % | voltage=16.00 V | drain_rate=0.040 %/s | home_distance=12.5 m | return_time=16 s | return_cost=0.7 % | margin_after_return=68.3 %
[INFO] [1790294136.103960122] [sage_energy_monitor]: ENERGY | remaining=89.0 % | voltage=16.00 V | drain_rate=0.040 %/s | home_distance=12.3 m | return_time=16 s | return_cost=0.7 % | margin_after_return=68.3 %
[INFO] [1790294137.109098972] [sage_energy_monitor]: ENERGY | remaining=88.9 % | voltage=16.00 V | drain_rate=0.040 %/s | home_distance=12.1 m | return_time=16 s | return_cost=0.6 % | margin_after_return=68.3 %
[INFO] [1790294138.105793383] [sage_energy_monitor]: ENERGY | remaining=88.9 % | voltage=16.00 V | drain_rate=0.040 %/s | home_distance=11.3 m | return_time=15 s | return_cost=0.6 % | margin_after_return=68.3 %
[INFO] [1790294139.103509341] [sage_energy_monitor]: ENERGY | remaining=88.8 % | voltage=16.00 V | drain_rate=0.040 %/s | home_distance=10.3 m | return_time=15 s | return_cost=0.6 % | margin_after_return=68.3 %
[INFO] [1790294140.105662092] [sage_energy_monitor]: ENERGY | remaining=88.8 % | voltage=16.00 V | drain_rate=0.040 %/s | home_distance=9.9 m | return_time=14 s | return_cost=0.6 % | margin_after_return=68.2 %
[INFO] [1790294141.105165857] [sage_energy_monitor]: ENERGY | remaining=88.8 % | voltage=16.00 V | drain_rate=0.040 %/s | home_distance=10.0 m | return_time=14 s | return_cost=0.6 % | margin_after_return=68.2 %
[INFO] [1790294142.104422973] [sage_energy_monitor]: ENERGY | remaining=88.7 % | voltage=16.00 V | drain_rate=0.040 %/s | home_distance=10.3 m | return_time=15 s | return_cost=0.6 % | margin_after_return=68.1 %
[INFO] [1790294143.105073387] [sage_energy_monitor]: ENERGY | remaining=88.7 % | voltage=16.00 V | drain_rate=0.040 %/s | home_distance=10.6 m | return_time=15 s | return_cost=0.6 % | margin_after_return=68.1 %
[INFO] [1790294144.112789068] [sage_energy_monitor]: ENERGY | remaining=88.6 % | voltage=15.99 V | drain_rate=0.040 %/s | home_distance=10.8 m | return_time=15 s | return_cost=0.6 % | margin_after_return=68.0 %
[INFO] [1790294145.106082420] [sage_energy_monitor]: ENERGY | remaining=88.6 % | voltage=15.99 V | drain_rate=0.040 %/s | home_distance=11.1 m | return_time=15 s | return_cost=0.6 % | margin_after_return=68.0 %
[INFO] [1790294146.105165474] [sage_energy_monitor]: ENERGY | remaining=88.6 % | voltage=15.99 V | drain_rate=0.040 %/s | home_distance=11.6 m | return_time=16 s | return_cost=0.6 % | margin_after_return=67.9 %
[INFO] [1790294147.102739705] [sage_energy_monitor]: ENERGY | remaining=88.5 % | voltage=15.99 V | drain_rate=0.040 %/s | home_distance=12.0 m | return_time=16 s | return_cost=0.6 % | margin_after_return=67.9 %
[INFO] [1790294148.102827419] [sage_energy_monitor]: ENERGY | remaining=88.5 % | voltage=15.99 V | drain_rate=0.039 %/s | home_distance=12.1 m | return_time=16 s | return_cost=0.6 % | margin_after_return=67.9 %
[INFO] [1790294149.116888427] [sage_energy_monitor]: ENERGY | remaining=88.4 % | voltage=15.99 V | drain_rate=0.039 %/s | home_distance=12.0 m | return_time=16 s | return_cost=0.6 % | margin_after_return=67.8 %
[INFO] [1790294150.103933815] [sage_energy_monitor]: ENERGY | remaining=88.4 % | voltage=15.99 V | drain_rate=0.040 %/s | home_distance=12.0 m | return_time=16 s | return_cost=0.6 % | margin_after_return=67.8 %
[INFO] [1790294151.111221918] [sage_energy_monitor]: ENERGY | remaining=88.4 % | voltage=15.99 V | drain_rate=0.039 %/s | home_distance=12.0 m | return_time=16 s | return_cost=0.6 % | margin_after_return=67.7 %
[INFO] [1790294152.103567726] [sage_energy_monitor]: ENERGY | remaining=88.3 % | voltage=15.99 V | drain_rate=0.039 %/s | home_distance=12.0 m | return_time=16 s | return_cost=0.6 % | margin_after_return=67.7 %
[INFO] [1790294153.119219722] [sage_energy_monitor]: ENERGY | remaining=88.3 % | voltage=15.99 V | drain_rate=0.039 %/s | home_distance=11.5 m | return_time=15 s | return_cost=0.6 % | margin_after_return=67.7 %
[INFO] [1790294154.113206647] [sage_energy_monitor]: ENERGY | remaining=88.2 % | voltage=15.99 V | drain_rate=0.039 %/s | home_distance=11.0 m | return_time=15 s | return_cost=0.6 % | margin_after_return=67.7 %
[INFO] [1790294155.104149270] [sage_energy_monitor]: ENERGY | remaining=88.2 % | voltage=15.99 V | drain_rate=0.039 %/s | home_distance=10.7 m | return_time=15 s | return_cost=0.6 % | margin_after_return=67.6 %
[INFO] [1790294156.103386959] [sage_energy_monitor]: ENERGY | remaining=88.2 % | voltage=15.99 V | drain_rate=0.039 %/s | home_distance=10.8 m | return_time=15 s | return_cost=0.6 % | margin_after_return=67.6 %
[INFO] [1790294157.102740830] [sage_energy_monitor]: ENERGY | remaining=88.1 % | voltage=15.99 V | drain_rate=0.039 %/s | home_distance=11.2 m | return_time=15 s | return_cost=0.6 % | margin_after_return=67.5 %
[INFO] [1790294158.110854316] [sage_energy_monitor]: ENERGY | remaining=88.1 % | voltage=15.98 V | drain_rate=0.039 %/s | home_distance=12.0 m | return_time=16 s | return_cost=0.6 % | margin_after_return=67.5 %
[INFO] [1790294159.102810011] [sage_energy_monitor]: ENERGY | remaining=88.1 % | voltage=15.98 V | drain_rate=0.039 %/s | home_distance=13.1 m | return_time=17 s | return_cost=0.7 % | margin_after_return=67.4 %
[INFO] [1790294160.103169702] [sage_energy_monitor]: ENERGY | remaining=88.0 % | voltage=15.98 V | drain_rate=0.039 %/s | home_distance=14.0 m | return_time=18 s | return_cost=0.7 % | margin_after_return=67.3 %
[INFO] [1790294161.105504573] [sage_energy_monitor]: ENERGY | remaining=88.0 % | voltage=15.98 V | drain_rate=0.039 %/s | home_distance=14.3 m | return_time=18 s | return_cost=0.7 % | margin_after_return=67.3 %
[INFO] [1790294162.105122852] [sage_energy_monitor]: ENERGY | remaining=87.9 % | voltage=15.98 V | drain_rate=0.039 %/s | home_distance=14.8 m | return_time=19 s | return_cost=0.7 % | margin_after_return=67.2 %
[INFO] [1790294163.103578461] [sage_energy_monitor]: ENERGY | remaining=87.9 % | voltage=15.98 V | drain_rate=0.039 %/s | home_distance=15.2 m | return_time=19 s | return_cost=0.8 % | margin_after_return=67.1 %
[INFO] [1790294164.106363109] [sage_energy_monitor]: ENERGY | remaining=87.9 % | voltage=15.98 V | drain_rate=0.039 %/s | home_distance=15.4 m | return_time=20 s | return_cost=0.8 % | margin_after_return=67.1 %
[INFO] [1790294165.108813992] [sage_energy_monitor]: ENERGY | remaining=87.8 % | voltage=15.98 V | drain_rate=0.039 %/s | home_distance=14.5 m | return_time=19 s | return_cost=0.7 % | margin_after_return=67.1 %
[INFO] [1790294166.107622278] [sage_energy_monitor]: ENERGY | remaining=87.8 % | voltage=15.98 V | drain_rate=0.039 %/s | home_distance=12.6 m | return_time=17 s | return_cost=0.7 % | margin_after_return=67.1 %
[INFO] [1790294167.103492155] [sage_energy_monitor]: ENERGY | remaining=87.7 % | voltage=15.98 V | drain_rate=0.039 %/s | home_distance=11.2 m | return_time=15 s | return_cost=0.6 % | margin_after_return=67.1 %
[INFO] [1790294168.106554872] [sage_energy_monitor]: ENERGY | remaining=87.7 % | voltage=15.98 V | drain_rate=0.039 %/s | home_distance=10.6 m | return_time=15 s | return_cost=0.6 % | margin_after_return=67.1 %
[INFO] [1790294169.102616981] [sage_energy_monitor]: ENERGY | remaining=87.7 % | voltage=15.98 V | drain_rate=0.039 %/s | home_distance=10.3 m | return_time=14 s | return_cost=0.6 % | margin_after_return=67.1 %
[INFO] [1790294170.104808592] [sage_energy_monitor]: ENERGY | remaining=87.6 % | voltage=15.98 V | drain_rate=0.039 %/s | home_distance=9.7 m | return_time=14 s | return_cost=0.5 % | margin_after_return=67.1 %
[INFO] [1790294171.109467579] [sage_energy_monitor]: ENERGY | remaining=87.6 % | voltage=15.98 V | drain_rate=0.039 %/s | home_distance=9.1 m | return_time=13 s | return_cost=0.5 % | margin_after_return=67.1 %
[INFO] [1790294172.109073478] [sage_energy_monitor]: ENERGY | remaining=87.5 % | voltage=15.97 V | drain_rate=0.039 %/s | home_distance=8.8 m | return_time=13 s | return_cost=0.5 % | margin_after_return=67.0 %
[INFO] [1790294173.104361754] [sage_energy_monitor]: ENERGY | remaining=87.5 % | voltage=15.97 V | drain_rate=0.039 %/s | home_distance=8.8 m | return_time=13 s | return_cost=0.5 % | margin_after_return=67.0 %
[INFO] [1790294174.103847469] [sage_energy_monitor]: ENERGY | remaining=87.4 % | voltage=15.97 V | drain_rate=0.040 %/s | home_distance=8.5 m | return_time=13 s | return_cost=0.5 % | margin_after_return=66.9 %
[INFO] [1790294175.104957118] [sage_energy_monitor]: ENERGY | remaining=87.4 % | voltage=15.97 V | drain_rate=0.039 %/s | home_distance=8.5 m | return_time=13 s | return_cost=0.5 % | margin_after_return=66.9 %
[INFO] [1790294176.102892335] [sage_energy_monitor]: ENERGY | remaining=87.4 % | voltage=15.97 V | drain_rate=0.040 %/s | home_distance=8.8 m | return_time=13 s | return_cost=0.5 % | margin_after_return=66.9 %
[INFO] [1790294177.109617312] [sage_energy_monitor]: ENERGY | remaining=87.3 % | voltage=15.97 V | drain_rate=0.040 %/s | home_distance=9.2 m | return_time=13 s | return_cost=0.5 % | margin_after_return=66.8 %
[INFO] [1790294178.109868992] [sage_energy_monitor]: ENERGY | remaining=87.3 % | voltage=15.97 V | drain_rate=0.040 %/s | home_distance=9.5 m | return_time=13 s | return_cost=0.5 % | margin_after_return=66.8 %
[INFO] [1790294179.105816502] [sage_energy_monitor]: ENERGY | remaining=87.2 % | voltage=15.97 V | drain_rate=0.040 %/s | home_distance=10.4 m | return_time=14 s | return_cost=0.6 % | margin_after_return=66.7 %
[INFO] [1790294180.103147112] [sage_energy_monitor]: ENERGY | remaining=87.2 % | voltage=15.97 V | drain_rate=0.040 %/s | home_distance=11.0 m | return_time=15 s | return_cost=0.6 % | margin_after_return=66.6 %
[INFO] [1790294181.104073020] [sage_energy_monitor]: ENERGY | remaining=87.2 % | voltage=15.97 V | drain_rate=0.040 %/s | home_distance=11.0 m | return_time=15 s | return_cost=0.6 % | margin_after_return=66.6 %
[INFO] [1790294182.103906696] [sage_energy_monitor]: ENERGY | remaining=87.1 % | voltage=15.97 V | drain_rate=0.040 %/s | home_distance=10.0 m | return_time=14 s | return_cost=0.6 % | margin_after_return=66.6 %
[INFO] [1790294183.110269105] [sage_energy_monitor]: ENERGY | remaining=87.1 % | voltage=15.97 V | drain_rate=0.040 %/s | home_distance=9.3 m | return_time=13 s | return_cost=0.5 % | margin_after_return=66.6 %
[INFO] [1790294184.106091608] [sage_energy_monitor]: ENERGY | remaining=87.0 % | voltage=15.97 V | drain_rate=0.040 %/s | home_distance=9.7 m | return_time=14 s | return_cost=0.6 % | margin_after_return=66.5 %
[INFO] [1790294185.105159546] [sage_energy_monitor]: ENERGY | remaining=87.0 % | voltage=15.97 V | drain_rate=0.040 %/s | home_distance=10.3 m | return_time=14 s | return_cost=0.6 % | margin_after_return=66.4 %
[INFO] [1790294186.102756019] [sage_energy_monitor]: ENERGY | remaining=87.0 % | voltage=15.96 V | drain_rate=0.040 %/s | home_distance=10.7 m | return_time=15 s | return_cost=0.6 % | margin_after_return=66.4 %
[INFO] [1790294187.102455368] [sage_energy_monitor]: ENERGY | remaining=86.9 % | voltage=15.96 V | drain_rate=0.040 %/s | home_distance=10.9 m | return_time=15 s | return_cost=0.6 % | margin_after_return=66.3 %
[INFO] [1790294188.103476462] [sage_energy_monitor]: ENERGY | remaining=86.9 % | voltage=15.96 V | drain_rate=0.040 %/s | home_distance=11.2 m | return_time=15 s | return_cost=0.6 % | margin_after_return=66.3 %
[INFO] [1790294189.109742202] [sage_energy_monitor]: ENERGY | remaining=86.8 % | voltage=15.96 V | drain_rate=0.040 %/s | home_distance=11.7 m | return_time=16 s | return_cost=0.6 % | margin_after_return=66.2 %
[INFO] [1790294190.103049081] [sage_energy_monitor]: ENERGY | remaining=86.8 % | voltage=15.96 V | drain_rate=0.040 %/s | home_distance=12.2 m | return_time=16 s | return_cost=0.6 % | margin_after_return=66.2 %
[INFO] [1790294191.107715014] [sage_energy_monitor]: ENERGY | remaining=86.8 % | voltage=15.96 V | drain_rate=0.040 %/s | home_distance=12.3 m | return_time=16 s | return_cost=0.7 % | margin_after_return=66.1 %
[INFO] [1790294192.106418599] [sage_energy_monitor]: ENERGY | remaining=86.7 % | voltage=15.96 V | drain_rate=0.040 %/s | home_distance=12.3 m | return_time=16 s | return_cost=0.7 % | margin_after_return=66.1 %
[INFO] [1790294193.103759909] [sage_energy_monitor]: ENERGY | remaining=86.7 % | voltage=15.96 V | drain_rate=0.040 %/s | home_distance=12.2 m | return_time=16 s | return_cost=0.7 % | margin_after_return=66.0 %
[INFO] [1790294194.105196803] [sage_energy_monitor]: ENERGY | remaining=86.6 % | voltage=15.96 V | drain_rate=0.040 %/s | home_distance=12.1 m | return_time=16 s | return_cost=0.6 % | margin_after_return=66.0 %
[INFO] [1790294195.106731202] [sage_energy_monitor]: ENERGY | remaining=86.6 % | voltage=15.96 V | drain_rate=0.040 %/s | home_distance=12.1 m | return_time=16 s | return_cost=0.6 % | margin_after_return=66.0 %
[INFO] [1790294196.106163360] [sage_energy_monitor]: ENERGY | remaining=86.6 % | voltage=15.96 V | drain_rate=0.040 %/s | home_distance=12.0 m | return_time=16 s | return_cost=0.6 % | margin_after_return=65.9 %
[INFO] [1790294197.108638490] [sage_energy_monitor]: ENERGY | remaining=86.5 % | voltage=15.96 V | drain_rate=0.041 %/s | home_distance=12.0 m | return_time=16 s | return_cost=0.6 % | margin_after_return=65.9 %
[INFO] [1790294198.103983994] [sage_energy_monitor]: ENERGY | remaining=86.5 % | voltage=15.96 V | drain_rate=0.041 %/s | home_distance=12.1 m | return_time=16 s | return_cost=0.6 % | margin_after_return=65.8 %
[INFO] [1790294199.105549604] [sage_energy_monitor]: ENERGY | remaining=86.4 % | voltage=15.95 V | drain_rate=0.041 %/s | home_distance=12.0 m | return_time=16 s | return_cost=0.7 % | margin_after_return=65.8 %
[INFO] [1790294200.103043178] [sage_energy_monitor]: ENERGY | remaining=86.4 % | voltage=15.95 V | drain_rate=0.041 %/s | home_distance=11.3 m | return_time=15 s | return_cost=0.6 % | margin_after_return=65.8 %
[INFO] [1790294201.104060070] [sage_energy_monitor]: ENERGY | remaining=86.4 % | voltage=15.95 V | drain_rate=0.041 %/s | home_distance=11.0 m | return_time=15 s | return_cost=0.6 % | margin_after_return=65.7 %
[INFO] [1790294202.105100257] [sage_energy_monitor]: ENERGY | remaining=86.3 % | voltage=15.95 V | drain_rate=0.041 %/s | home_distance=10.7 m | return_time=15 s | return_cost=0.6 % | margin_after_return=65.7 %
[INFO] [1790294203.103934960] [sage_energy_monitor]: ENERGY | remaining=86.3 % | voltage=15.95 V | drain_rate=0.041 %/s | home_distance=10.3 m | return_time=14 s | return_cost=0.6 % | margin_after_return=65.7 %
[INFO] [1790294204.107937213] [sage_energy_monitor]: ENERGY | remaining=86.2 % | voltage=15.95 V | drain_rate=0.041 %/s | home_distance=10.0 m | return_time=14 s | return_cost=0.6 % | margin_after_return=65.7 %
[INFO] [1790294205.113412593] [sage_energy_monitor]: ENERGY | remaining=86.2 % | voltage=15.95 V | drain_rate=0.041 %/s | home_distance=9.8 m | return_time=14 s | return_cost=0.6 % | margin_after_return=65.6 %
[INFO] [1790294206.104887278] [sage_energy_monitor]: ENERGY | remaining=86.1 % | voltage=15.95 V | drain_rate=0.041 %/s | home_distance=10.1 m | return_time=14 s | return_cost=0.6 % | margin_after_return=65.6 %
[INFO] [1790294207.105517797] [sage_energy_monitor]: ENERGY | remaining=86.1 % | voltage=15.95 V | drain_rate=0.041 %/s | home_distance=11.1 m | return_time=15 s | return_cost=0.6 % | margin_after_return=65.5 %
[INFO] [1790294208.114592817] [sage_energy_monitor]: ENERGY | remaining=86.1 % | voltage=15.95 V | drain_rate=0.041 %/s | home_distance=12.3 m | return_time=16 s | return_cost=0.7 % | margin_after_return=65.4 %
[INFO] [1790294209.105252344] [sage_energy_monitor]: ENERGY | remaining=86.0 % | voltage=15.95 V | drain_rate=0.041 %/s | home_distance=13.3 m | return_time=17 s | return_cost=0.7 % | margin_after_return=65.3 %
[INFO] [1790294210.103107221] [sage_energy_monitor]: ENERGY | remaining=86.0 % | voltage=15.95 V | drain_rate=0.041 %/s | home_distance=13.9 m | return_time=18 s | return_cost=0.7 % | margin_after_return=65.3 %
[INFO] [1790294211.104655048] [sage_energy_monitor]: ENERGY | remaining=85.9 % | voltage=15.95 V | drain_rate=0.041 %/s | home_distance=13.1 m | return_time=17 s | return_cost=0.7 % | margin_after_return=65.2 %
[INFO] [1790294212.103048304] [sage_energy_monitor]: ENERGY | remaining=85.9 % | voltage=15.95 V | drain_rate=0.041 %/s | home_distance=11.4 m | return_time=15 s | return_cost=0.6 % | margin_after_return=65.3 %
[INFO] [1790294213.103289415] [sage_energy_monitor]: ENERGY | remaining=85.9 % | voltage=15.94 V | drain_rate=0.041 %/s | home_distance=9.3 m | return_time=13 s | return_cost=0.5 % | margin_after_return=65.3 %
[INFO] [1790294214.103566956] [sage_energy_monitor]: ENERGY | remaining=85.8 % | voltage=15.94 V | drain_rate=0.041 %/s | home_distance=7.1 m | return_time=11 s | return_cost=0.5 % | margin_after_return=65.4 %
[INFO] [1790294215.106816873] [sage_energy_monitor]: ENERGY | remaining=85.8 % | voltage=15.94 V | drain_rate=0.041 %/s | home_distance=5.0 m | return_time=9 s | return_cost=0.4 % | margin_after_return=65.4 %
[INFO] [1790294216.106252173] [sage_energy_monitor]: ENERGY | remaining=85.7 % | voltage=15.94 V | drain_rate=0.041 %/s | home_distance=3.0 m | return_time=7 s | return_cost=0.3 % | margin_after_return=65.5 %
[INFO] [1790294217.105392423] [sage_energy_monitor]: ENERGY | remaining=85.7 % | voltage=15.94 V | drain_rate=0.041 %/s | home_distance=2.1 m | return_time=6 s | return_cost=0.2 % | margin_after_return=65.5 %
[INFO] [1790294218.102795316] [sage_energy_monitor]: ENERGY | remaining=85.7 % | voltage=15.94 V | drain_rate=0.041 %/s | home_distance=3.1 m | return_time=7 s | return_cost=0.3 % | margin_after_return=65.4 %
[INFO] [1790294219.106800489] [sage_energy_monitor]: ENERGY | remaining=85.6 % | voltage=15.94 V | drain_rate=0.041 %/s | home_distance=4.2 m | return_time=8 s | return_cost=0.3 % | margin_after_return=65.3 %
[INFO] [1790294220.102874925] [sage_energy_monitor]: ENERGY | remaining=85.6 % | voltage=15.94 V | drain_rate=0.041 %/s | home_distance=4.4 m | return_time=8 s | return_cost=0.3 % | margin_after_return=65.3 %
[INFO] [1790294221.104931297] [sage_energy_monitor]: ENERGY | remaining=85.5 % | voltage=15.94 V | drain_rate=0.041 %/s | home_distance=3.3 m | return_time=7 s | return_cost=0.3 % | margin_after_return=65.3 %
[INFO] [1790294222.105095054] [sage_energy_monitor]: ENERGY | remaining=85.5 % | voltage=15.94 V | drain_rate=0.041 %/s | home_distance=2.2 m | return_time=6 s | return_cost=0.3 % | margin_after_return=65.2 %
[INFO] [1790294223.112101625] [sage_energy_monitor]: ENERGY | remaining=85.5 % | voltage=15.94 V | drain_rate=0.041 %/s | home_distance=1.9 m | return_time=6 s | return_cost=0.2 % | margin_after_return=65.2 %
[INFO] [1790294224.106251081] [sage_energy_monitor]: ENERGY | remaining=85.4 % | voltage=15.94 V | drain_rate=0.041 %/s | home_distance=1.2 m | return_time=5 s | return_cost=0.2 % | margin_after_return=65.2 %
[INFO] [1790294225.103804312] [sage_energy_monitor]: ENERGY | remaining=85.4 % | voltage=15.94 V | drain_rate=0.041 %/s | home_distance=0.9 m | return_time=5 s | return_cost=0.2 % | margin_after_return=65.2 %
[INFO] [1790294226.106636566] [sage_energy_monitor]: ENERGY | remaining=85.3 % | voltage=15.94 V | drain_rate=0.041 %/s | home_distance=3.2 m | return_time=7 s | return_cost=0.3 % | margin_after_return=65.0 %
[INFO] [1790294227.118992641] [sage_energy_monitor]: ENERGY | remaining=85.3 % | voltage=15.93 V | drain_rate=0.041 %/s | home_distance=5.0 m | return_time=9 s | return_cost=0.4 % | margin_after_return=64.9 %
[INFO] [1790294228.104316442] [sage_energy_monitor]: ENERGY | remaining=85.3 % | voltage=15.93 V | drain_rate=0.041 %/s | home_distance=5.9 m | return_time=10 s | return_cost=0.4 % | margin_after_return=64.8 %
[INFO] [1790294229.103307245] [sage_energy_monitor]: ENERGY | remaining=85.2 % | voltage=15.93 V | drain_rate=0.041 %/s | home_distance=6.3 m | return_time=10 s | return_cost=0.4 % | margin_after_return=64.8 %
[INFO] [1790294230.108599733] [sage_energy_monitor]: ENERGY | remaining=85.2 % | voltage=15.93 V | drain_rate=0.041 %/s | home_distance=7.3 m | return_time=11 s | return_cost=0.5 % | margin_after_return=64.7 %
[INFO] [1790294231.105929865] [sage_energy_monitor]: ENERGY | remaining=85.1 % | voltage=15.93 V | drain_rate=0.041 %/s | home_distance=8.1 m | return_time=12 s | return_cost=0.5 % | margin_after_return=64.6 %
[INFO] [1790294232.103256991] [sage_energy_monitor]: ENERGY | remaining=85.1 % | voltage=15.93 V | drain_rate=0.041 %/s | home_distance=7.4 m | return_time=11 s | return_cost=0.4 % | margin_after_return=64.6 %
[INFO] [1790294233.108872830] [sage_energy_monitor]: ENERGY | remaining=85.1 % | voltage=15.93 V | drain_rate=0.041 %/s | home_distance=5.5 m | return_time=9 s | return_cost=0.4 % | margin_after_return=64.7 %
[INFO] [1790294234.103335859] [sage_energy_monitor]: ENERGY | remaining=85.0 % | voltage=15.93 V | drain_rate=0.040 %/s | home_distance=3.7 m | return_time=8 s | return_cost=0.3 % | margin_after_return=64.7 %
[INFO] [1790294235.104277795] [sage_energy_monitor]: ENERGY | remaining=85.0 % | voltage=15.93 V | drain_rate=0.040 %/s | home_distance=2.6 m | return_time=6 s | return_cost=0.3 % | margin_after_return=64.7 %
[INFO] [1790294236.103393305] [sage_energy_monitor]: ENERGY | remaining=84.9 % | voltage=15.93 V | drain_rate=0.040 %/s | home_distance=2.9 m | return_time=7 s | return_cost=0.3 % | margin_after_return=64.7 %
[INFO] [1790294237.107008187] [sage_energy_monitor]: ENERGY | remaining=84.9 % | voltage=15.93 V | drain_rate=0.040 %/s | home_distance=4.3 m | return_time=8 s | return_cost=0.3 % | margin_after_return=64.6 %
[INFO] [1790294238.103466695] [sage_energy_monitor]: ENERGY | remaining=84.9 % | voltage=15.93 V | drain_rate=0.040 %/s | home_distance=6.1 m | return_time=10 s | return_cost=0.4 % | margin_after_return=64.5 %
[INFO] [1790294239.103338712] [sage_energy_monitor]: ENERGY | remaining=84.8 % | voltage=15.93 V | drain_rate=0.040 %/s | home_distance=8.0 m | return_time=12 s | return_cost=0.5 % | margin_after_return=64.3 %
[INFO] [1790294240.110152897] [sage_energy_monitor]: ENERGY | remaining=84.8 % | voltage=15.93 V | drain_rate=0.040 %/s | home_distance=9.3 m | return_time=13 s | return_cost=0.5 % | margin_after_return=64.3 %
[INFO] [1790294241.106720418] [sage_energy_monitor]: ENERGY | remaining=84.7 % | voltage=15.92 V | drain_rate=0.040 %/s | home_distance=9.6 m | return_time=14 s | return_cost=0.5 % | margin_after_return=64.2 %
[INFO] [1790294242.108741536] [sage_energy_monitor]: ENERGY | remaining=84.7 % | voltage=15.92 V | drain_rate=0.040 %/s | home_distance=9.6 m | return_time=14 s | return_cost=0.5 % | margin_after_return=64.2 %
[INFO] [1790294243.103672107] [sage_energy_monitor]: ENERGY | remaining=84.7 % | voltage=15.92 V | drain_rate=0.040 %/s | home_distance=8.9 m | return_time=13 s | return_cost=0.5 % | margin_after_return=64.2 %
[INFO] [1790294244.104133159] [sage_energy_monitor]: ENERGY | remaining=84.6 % | voltage=15.92 V | drain_rate=0.040 %/s | home_distance=8.0 m | return_time=12 s | return_cost=0.5 % | margin_after_return=64.1 %
[INFO] [1790294245.104998165] [sage_energy_monitor]: ENERGY | remaining=84.6 % | voltage=15.92 V | drain_rate=0.040 %/s | home_distance=7.7 m | return_time=12 s | return_cost=0.5 % | margin_after_return=64.1 %
[INFO] [1790294246.110190266] [sage_energy_monitor]: ENERGY | remaining=84.5 % | voltage=15.92 V | drain_rate=0.040 %/s | home_distance=7.1 m | return_time=11 s | return_cost=0.4 % | margin_after_return=64.1 %
[INFO] [1790294247.108266288] [sage_energy_monitor]: ENERGY | remaining=84.5 % | voltage=15.92 V | drain_rate=0.040 %/s | home_distance=5.5 m | return_time=10 s | return_cost=0.4 % | margin_after_return=64.1 %
[INFO] [1790294248.105826778] [sage_energy_monitor]: ENERGY | remaining=84.5 % | voltage=15.92 V | drain_rate=0.040 %/s | home_distance=4.0 m | return_time=8 s | return_cost=0.3 % | margin_after_return=64.1 %
[INFO] [1790294249.110282566] [sage_energy_monitor]: ENERGY | remaining=84.4 % | voltage=15.92 V | drain_rate=0.040 %/s | home_distance=3.6 m | return_time=8 s | return_cost=0.3 % | margin_after_return=64.1 %
[INFO] [1790294250.105400458] [sage_energy_monitor]: ENERGY | remaining=84.4 % | voltage=15.92 V | drain_rate=0.040 %/s | home_distance=3.4 m | return_time=7 s | return_cost=0.3 % | margin_after_return=64.1 %
[INFO] [1790294251.106208526] [sage_energy_monitor]: ENERGY | remaining=84.3 % | voltage=15.92 V | drain_rate=0.040 %/s | home_distance=3.4 m | return_time=7 s | return_cost=0.3 % | margin_after_return=64.0 %
[INFO] [1790294252.107820188] [sage_energy_monitor]: ENERGY | remaining=84.3 % | voltage=15.92 V | drain_rate=0.040 %/s | home_distance=4.2 m | return_time=8 s | return_cost=0.3 % | margin_after_return=64.0 %
[INFO] [1790294253.105897584] [sage_energy_monitor]: ENERGY | remaining=84.3 % | voltage=15.92 V | drain_rate=0.040 %/s | home_distance=4.5 m | return_time=9 s | return_cost=0.3 % | margin_after_return=63.9 %
[INFO] [1790294254.104549529] [sage_energy_monitor]: ENERGY | remaining=84.2 % | voltage=15.91 V | drain_rate=0.040 %/s | home_distance=4.6 m | return_time=8 s | return_cost=0.3 % | margin_after_return=63.9 %
[INFO] [1790294255.105753492] [sage_energy_monitor]: ENERGY | remaining=84.2 % | voltage=15.91 V | drain_rate=0.040 %/s | home_distance=5.1 m | return_time=9 s | return_cost=0.4 % | margin_after_return=63.8 %
[INFO] [1790294256.102662425] [sage_energy_monitor]: ENERGY | remaining=84.1 % | voltage=15.91 V | drain_rate=0.040 %/s | home_distance=6.2 m | return_time=10 s | return_cost=0.4 % | margin_after_return=63.7 %
[INFO] [1790294257.107186182] [sage_energy_monitor]: ENERGY | remaining=84.1 % | voltage=15.91 V | drain_rate=0.040 %/s | home_distance=6.7 m | return_time=11 s | return_cost=0.4 % | margin_after_return=63.7 %
[INFO] [1790294258.107233275] [sage_energy_monitor]: ENERGY | remaining=84.1 % | voltage=15.91 V | drain_rate=0.040 %/s | home_distance=8.1 m | return_time=12 s | return_cost=0.5 % | margin_after_return=63.6 %
[INFO] [1790294259.102638443] [sage_energy_monitor]: ENERGY | remaining=84.0 % | voltage=15.91 V | drain_rate=0.040 %/s | home_distance=10.4 m | return_time=14 s | return_cost=0.6 % | margin_after_return=63.4 %
[INFO] [1790294260.103372113] [sage_energy_monitor]: ENERGY | remaining=84.0 % | voltage=15.91 V | drain_rate=0.040 %/s | home_distance=12.5 m | return_time=16 s | return_cost=0.7 % | margin_after_return=63.3 %
[INFO] [1790294261.106512345] [sage_energy_monitor]: ENERGY | remaining=83.9 % | voltage=15.91 V | drain_rate=0.040 %/s | home_distance=13.6 m | return_time=18 s | return_cost=0.7 % | margin_after_return=63.2 %
[INFO] [1790294262.102758659] [sage_energy_monitor]: ENERGY | remaining=83.9 % | voltage=15.91 V | drain_rate=0.040 %/s | home_distance=12.7 m | return_time=17 s | return_cost=0.7 % | margin_after_return=63.2 %
[INFO] [1790294263.102834281] [sage_energy_monitor]: ENERGY | remaining=83.9 % | voltage=15.91 V | drain_rate=0.040 %/s | home_distance=10.8 m | return_time=15 s | return_cost=0.6 % | margin_after_return=63.3 %
[INFO] [1790294264.105431116] [sage_energy_monitor]: ENERGY | remaining=83.8 % | voltage=15.91 V | drain_rate=0.040 %/s | home_distance=9.6 m | return_time=14 s | return_cost=0.6 % | margin_after_return=63.3 %
[INFO] [1790294265.104636413] [sage_energy_monitor]: ENERGY | remaining=83.8 % | voltage=15.91 V | drain_rate=0.040 %/s | home_distance=9.2 m | return_time=13 s | return_cost=0.5 % | margin_after_return=63.2 %
[INFO] [1790294266.103427410] [sage_energy_monitor]: ENERGY | remaining=83.7 % | voltage=15.91 V | drain_rate=0.040 %/s | home_distance=9.2 m | return_time=13 s | return_cost=0.5 % | margin_after_return=63.2 %
[INFO] [1790294267.102869792] [sage_energy_monitor]: ENERGY | remaining=83.7 % | voltage=15.91 V | drain_rate=0.041 %/s | home_distance=9.4 m | return_time=13 s | return_cost=0.5 % | margin_after_return=63.1 %
[INFO] [1790294268.105620612] [sage_energy_monitor]: ENERGY | remaining=83.6 % | voltage=15.90 V | drain_rate=0.041 %/s | home_distance=10.2 m | return_time=14 s | return_cost=0.6 % | margin_after_return=63.1 %
[INFO] [1790294269.110200387] [sage_energy_monitor]: ENERGY | remaining=83.6 % | voltage=15.90 V | drain_rate=0.041 %/s | home_distance=12.2 m | return_time=16 s | return_cost=0.7 % | margin_after_return=62.9 %
[INFO] [1790294270.110273312] [sage_energy_monitor]: ENERGY | remaining=83.6 % | voltage=15.90 V | drain_rate=0.041 %/s | home_distance=13.5 m | return_time=18 s | return_cost=0.7 % | margin_after_return=62.9 %
[INFO] [1790294271.104744031] [sage_energy_monitor]: ENERGY | remaining=83.5 % | voltage=15.90 V | drain_rate=0.041 %/s | home_distance=13.9 m | return_time=18 s | return_cost=0.7 % | margin_after_return=62.8 %
[INFO] [1790294272.106342226] [sage_energy_monitor]: ENERGY | remaining=83.5 % | voltage=15.90 V | drain_rate=0.041 %/s | home_distance=13.5 m | return_time=17 s | return_cost=0.7 % | margin_after_return=62.8 %
[INFO] [1790294273.106037454] [sage_energy_monitor]: ENERGY | remaining=83.4 % | voltage=15.90 V | drain_rate=0.041 %/s | home_distance=12.8 m | return_time=17 s | return_cost=0.7 % | margin_after_return=62.8 %
[INFO] [1790294274.104489866] [sage_energy_monitor]: ENERGY | remaining=83.4 % | voltage=15.90 V | drain_rate=0.041 %/s | home_distance=12.1 m | return_time=16 s | return_cost=0.7 % | margin_after_return=62.7 %
[INFO] [1790294275.106637749] [sage_energy_monitor]: ENERGY | remaining=83.4 % | voltage=15.90 V | drain_rate=0.041 %/s | home_distance=11.3 m | return_time=15 s | return_cost=0.6 % | margin_after_return=62.7 %
[INFO] [1790294276.103379734] [sage_energy_monitor]: ENERGY | remaining=83.3 % | voltage=15.90 V | drain_rate=0.041 %/s | home_distance=10.0 m | return_time=14 s | return_cost=0.6 % | margin_after_return=62.8 %
[INFO] [1790294277.103454922] [sage_energy_monitor]: ENERGY | remaining=83.3 % | voltage=15.90 V | drain_rate=0.041 %/s | home_distance=8.3 m | return_time=12 s | return_cost=0.5 % | margin_after_return=62.8 %
[INFO] [1790294278.105464979] [sage_energy_monitor]: ENERGY | remaining=83.2 % | voltage=15.90 V | drain_rate=0.041 %/s | home_distance=6.4 m | return_time=10 s | return_cost=0.4 % | margin_after_return=62.8 %
[INFO] [1790294279.104018145] [sage_energy_monitor]: ENERGY | remaining=83.2 % | voltage=15.90 V | drain_rate=0.041 %/s | home_distance=4.7 m | return_time=8 s | return_cost=0.3 % | margin_after_return=62.8 %
[INFO] [1790294280.103723386] [sage_energy_monitor]: ENERGY | remaining=83.2 % | voltage=15.90 V | drain_rate=0.041 %/s | home_distance=3.1 m | return_time=7 s | return_cost=0.3 % | margin_after_return=62.9 %
[INFO] [1790294281.104896087] [sage_energy_monitor]: ENERGY | remaining=83.1 % | voltage=15.90 V | drain_rate=0.041 %/s | home_distance=2.4 m | return_time=6 s | return_cost=0.3 % | margin_after_return=62.9 %
[INFO] [1790294282.103678354] [sage_energy_monitor]: ENERGY | remaining=83.1 % | voltage=15.89 V | drain_rate=0.041 %/s | home_distance=2.7 m | return_time=7 s | return_cost=0.3 % | margin_after_return=62.8 %
[INFO] [1790294283.109237268] [sage_energy_monitor]: ENERGY | remaining=83.0 % | voltage=15.89 V | drain_rate=0.041 %/s | home_distance=2.7 m | return_time=6 s | return_cost=0.3 % | margin_after_return=62.8 %
[INFO] [1790294284.103703461] [sage_energy_monitor]: ENERGY | remaining=83.0 % | voltage=15.89 V | drain_rate=0.041 %/s | home_distance=1.4 m | return_time=5 s | return_cost=0.2 % | margin_after_return=62.8 %
[INFO] [1790294285.107731153] [sage_energy_monitor]: ENERGY | remaining=83.0 % | voltage=15.89 V | drain_rate=0.041 %/s | home_distance=1.5 m | return_time=5 s | return_cost=0.2 % | margin_after_return=62.7 %
[INFO] [1790294286.106854448] [sage_energy_monitor]: ENERGY | remaining=82.9 % | voltage=15.89 V | drain_rate=0.041 %/s | home_distance=1.8 m | return_time=6 s | return_cost=0.2 % | margin_after_return=62.7 %
[INFO] [1790294287.107686368] [sage_energy_monitor]: ENERGY | remaining=82.9 % | voltage=15.89 V | drain_rate=0.041 %/s | home_distance=1.8 m | return_time=6 s | return_cost=0.2 % | margin_after_return=62.6 %
[INFO] [1790294288.104844325] [sage_energy_monitor]: ENERGY | remaining=82.8 % | voltage=15.89 V | drain_rate=0.041 %/s | home_distance=1.6 m | return_time=5 s | return_cost=0.2 % | margin_after_return=62.6 %
[INFO] [1790294289.102899561] [sage_energy_monitor]: ENERGY | remaining=82.8 % | voltage=15.89 V | drain_rate=0.041 %/s | home_distance=1.9 m | return_time=6 s | return_cost=0.2 % | margin_after_return=62.6 %
[INFO] [1790294290.107614973] [sage_energy_monitor]: ENERGY | remaining=82.8 % | voltage=15.89 V | drain_rate=0.041 %/s | home_distance=1.9 m | return_time=6 s | return_cost=0.2 % | margin_after_return=62.6 %
[INFO] [1790294291.103104662] [sage_energy_monitor]: ENERGY | remaining=82.8 % | voltage=15.89 V | drain_rate=0.041 %/s | home_distance=1.9 m | return_time=6 s | return_cost=0.2 % | margin_after_return=62.6 %
[INFO] [1790294292.104844734] [sage_energy_monitor]: ENERGY | remaining=82.8 % | voltage=15.89 V | drain_rate=0.041 %/s | home_distance=1.9 m | return_time=6 s | return_cost=0.2 % | margin_after_return=62.6 %
[INFO] [1790294293.111232945] [sage_energy_monitor]: ENERGY | remaining=82.8 % | voltage=15.89 V | drain_rate=0.041 %/s | home_distance=1.9 m | return_time=6 s | return_cost=0.2 % | margin_after_return=62.6 %
[INFO] [1790294294.102746820] [sage_energy_monitor]: ENERGY | remaining=82.8 % | voltage=15.89 V | drain_rate=0.041 %/s | home_distance=1.9 m | return_time=6 s | return_cost=0.2 % | margin_after_return=62.6 %
[INFO] [1790294295.107177672] [sage_energy_monitor]: ENERGY | remaining=82.8 % | voltage=15.89 V | drain_rate=0.041 %/s | home_distance=1.9 m | return_time=6 s | return_cost=0.2 % | margin_after_return=62.6 %
[INFO] [1790294296.106674282] [sage_energy_monitor]: ENERGY | remaining=82.8 % | voltage=15.89 V | drain_rate=0.041 %/s | home_distance=1.9 m | return_time=6 s | return_cost=0.2 % | margin_after_return=62.6 %
[INFO] [1790294297.103726556] [sage_energy_monitor]: ENERGY | remaining=82.8 % | voltage=15.89 V | drain_rate=0.041 %/s | home_distance=1.9 m | return_time=6 s | return_cost=0.2 % | margin_after_return=62.6 %
[INFO] [1790294298.102788625] [sage_energy_monitor]: ENERGY | remaining=82.8 % | voltage=15.89 V | drain_rate=0.041 %/s | home_distance=1.9 m | return_time=6 s | return_cost=0.2 % | margin_after_return=62.6 %
[INFO] [1790294299.105651502] [sage_energy_monitor]: ENERGY | remaining=82.8 % | voltage=15.89 V | drain_rate=0.041 %/s | home_distance=1.9 m | return_time=6 s | return_cost=0.2 % | margin_after_return=62.6 %
[INFO] [1790294300.108120023] [sage_energy_monitor]: ENERGY | remaining=82.8 % | voltage=15.89 V | drain_rate=0.041 %/s | home_distance=1.9 m | return_time=6 s | return_cost=0.2 % | margin_after_return=62.6 %
[INFO] [1790294301.105161183] [sage_energy_monitor]: ENERGY | remaining=82.8 % | voltage=15.89 V | drain_rate=0.041 %/s | home_distance=1.9 m | return_time=6 s | return_cost=0.2 % | margin_after_return=62.6 %
[INFO] [1790294302.104873161] [sage_energy_monitor]: ENERGY | remaining=82.8 % | voltage=15.89 V | drain_rate=0.041 %/s | home_distance=1.9 m | return_time=6 s | return_cost=0.2 % | margin_after_return=62.6 %
[INFO] [1790294303.106782485] [sage_energy_monitor]: ENERGY | remaining=82.8 % | voltage=15.89 V | drain_rate=0.041 %/s | home_distance=1.9 m | return_time=6 s | return_cost=0.2 % | margin_after_return=62.6 %
[INFO] [1790294304.103324679] [sage_energy_monitor]: ENERGY | remaining=82.8 % | voltage=15.89 V | drain_rate=0.041 %/s | home_distance=1.9 m | return_time=6 s | return_cost=0.2 % | margin_after_return=62.6 %
[INFO] [1790294305.105683117] [sage_energy_monitor]: ENERGY | remaining=82.8 % | voltage=15.89 V | drain_rate=0.041 %/s | home_distance=1.9 m | return_time=6 s | return_cost=0.2 % | margin_after_return=62.6 %
[INFO] [1790294306.103005582] [sage_energy_monitor]: ENERGY | remaining=82.8 % | voltage=15.89 V | drain_rate=0.041 %/s | home_distance=1.9 m | return_time=6 s | return_cost=0.2 % | margin_after_return=62.6 %
[INFO] [1790294307.103260680] [sage_energy_monitor]: ENERGY | remaining=82.7 % | voltage=15.89 V | drain_rate=0.021 %/s | home_distance=5.6 m | return_time=20 s | return_cost=0.4 % | margin_after_return=62.2 %
[INFO] [1790294308.102608533] [sage_energy_monitor]: ENERGY | remaining=82.2 % | voltage=15.87 V | drain_rate=0.035 %/s | home_distance=664.4 m | return_time=1673 s | return_cost=58.0 % | margin_after_return=4.2 %
[INFO] [1790294309.106219303] [sage_energy_monitor]: ENERGY | remaining=81.9 % | voltage=15.87 V | drain_rate=0.043 %/s | home_distance=37.3 m | return_time=67 s | return_cost=2.9 % | margin_after_return=59.0 %
[INFO] [1790294310.102775742] [sage_energy_monitor]: ENERGY | remaining=81.8 % | voltage=15.87 V | drain_rate=0.046 %/s | home_distance=42.0 m | return_time=98 s | return_cost=4.5 % | margin_after_return=57.2 %
[INFO] [1790294311.106973109] [sage_energy_monitor]: ENERGY | remaining=81.7 % | voltage=15.87 V | drain_rate=0.047 %/s | home_distance=20.8 m | return_time=58 s | return_cost=2.7 % | margin_after_return=59.0 %
[INFO] [1790294312.112137597] [sage_energy_monitor]: ENERGY | remaining=81.6 % | voltage=15.87 V | drain_rate=0.048 %/s | home_distance=25.1 m | return_time=49 s | return_cost=2.4 % | margin_after_return=59.3 %
[INFO] [1790294313.105311008] [sage_energy_monitor]: ENERGY | remaining=81.6 % | voltage=15.87 V | drain_rate=0.049 %/s | home_distance=54.7 m | return_time=71 s | return_cost=3.5 % | margin_after_return=58.1 %
[INFO] [1790294314.102552951] [sage_energy_monitor]: ENERGY | remaining=81.5 % | voltage=15.87 V | drain_rate=0.049 %/s | home_distance=92.8 m | return_time=103 s | return_cost=5.0 % | margin_after_return=56.5 %
[INFO] [1790294315.103183483] [sage_energy_monitor]: ENERGY | remaining=81.5 % | voltage=15.87 V | drain_rate=0.049 %/s | home_distance=138.2 m | return_time=144 s | return_cost=7.1 % | margin_after_return=54.4 %
[INFO] [1790294316.111732962] [sage_energy_monitor]: ENERGY | remaining=81.4 % | voltage=15.87 V | drain_rate=0.049 %/s | home_distance=165.7 m | return_time=171 s | return_cost=8.3 % | margin_after_return=53.1 %
[INFO] [1790294317.106063660] [sage_energy_monitor]: ENERGY | remaining=81.4 % | voltage=15.86 V | drain_rate=0.048 %/s | home_distance=165.7 m | return_time=171 s | return_cost=8.3 % | margin_after_return=53.1 %
[INFO] [1790294318.106811585] [sage_energy_monitor]: ENERGY | remaining=81.4 % | voltage=15.86 V | drain_rate=0.048 %/s | home_distance=165.7 m | return_time=171 s | return_cost=8.2 % | margin_after_return=53.2 %
[INFO] [1790294319.104254281] [sage_energy_monitor]: ENERGY | remaining=81.4 % | voltage=15.86 V | drain_rate=0.115 %/s | home_distance=165.7 m | return_time=171 s | return_cost=19.6 % | margin_after_return=41.8 %
[INFO] [1790294320.104613720] [sage_energy_monitor]: ENERGY | remaining=81.3 % | voltage=15.86 V | drain_rate=0.108 %/s | home_distance=21.6 m | return_time=23 s | return_cost=2.5 % | margin_after_return=58.9 %
[INFO] [1790294321.106439013] [sage_energy_monitor]: ENERGY | remaining=81.3 % | voltage=15.86 V | drain_rate=0.103 %/s | home_distance=25.5 m | return_time=26 s | return_cost=2.7 % | margin_after_return=58.6 %
[INFO] [1790294322.102691297] [sage_energy_monitor]: ENERGY | remaining=81.3 % | voltage=15.86 V | drain_rate=0.103 %/s | home_distance=25.5 m | return_time=26 s | return_cost=2.7 % | margin_after_return=58.6 %
[INFO] [1790294323.104219901] [sage_energy_monitor]: ENERGY | remaining=81.3 % | voltage=15.86 V | drain_rate=0.103 %/s | home_distance=25.5 m | return_time=26 s | return_cost=2.7 % | margin_after_return=58.6 %
[INFO] [1790294324.106358875] [sage_energy_monitor]: ENERGY | remaining=81.3 % | voltage=15.86 V | drain_rate=0.088 %/s | home_distance=24.9 m | return_time=26 s | return_cost=2.3 % | margin_after_return=59.0 %
[INFO] [1790294325.104260611] [sage_energy_monitor]: ENERGY | remaining=81.2 % | voltage=15.86 V | drain_rate=0.087 %/s | home_distance=23.3 m | return_time=24 s | return_cost=2.1 % | margin_after_return=59.1 %
[INFO] [1790294326.105271216] [sage_energy_monitor]: ENERGY | remaining=81.1 % | voltage=15.86 V | drain_rate=0.085 %/s | home_distance=23.8 m | return_time=27 s | return_cost=2.3 % | margin_after_return=58.8 %
[INFO] [1790294327.103153145] [sage_energy_monitor]: ENERGY | remaining=81.1 % | voltage=15.86 V | drain_rate=0.083 %/s | home_distance=24.0 m | return_time=26 s | return_cost=2.2 % | margin_after_return=58.9 %
[INFO] [1790294328.105058325] [sage_energy_monitor]: ENERGY | remaining=81.1 % | voltage=15.86 V | drain_rate=0.081 %/s | home_distance=24.0 m | return_time=25 s | return_cost=2.0 % | margin_after_return=59.0 %
[INFO] [1790294329.111828534] [sage_energy_monitor]: ENERGY | remaining=81.0 % | voltage=15.86 V | drain_rate=0.079 %/s | home_distance=24.0 m | return_time=25 s | return_cost=2.0 % | margin_after_return=59.0 %
[INFO] [1790294330.105115637] [sage_energy_monitor]: ENERGY | remaining=81.0 % | voltage=15.86 V | drain_rate=0.078 %/s | home_distance=24.1 m | return_time=25 s | return_cost=1.9 % | margin_after_return=59.1 %
[INFO] [1790294331.105782841] [sage_energy_monitor]: ENERGY | remaining=80.9 % | voltage=15.86 V | drain_rate=0.076 %/s | home_distance=24.1 m | return_time=25 s | return_cost=1.9 % | margin_after_return=59.1 %
[INFO] [1790294332.104872335] [sage_energy_monitor]: ENERGY | remaining=80.9 % | voltage=15.85 V | drain_rate=0.075 %/s | home_distance=24.0 m | return_time=25 s | return_cost=1.9 % | margin_after_return=59.0 %
[INFO] [1790294333.104484444] [sage_energy_monitor]: ENERGY | remaining=80.8 % | voltage=15.85 V | drain_rate=0.074 %/s | home_distance=24.2 m | return_time=25 s | return_cost=1.8 % | margin_after_return=59.0 %
[INFO] [1790294334.103541420] [sage_energy_monitor]: ENERGY | remaining=80.8 % | voltage=15.85 V | drain_rate=0.073 %/s | home_distance=24.2 m | return_time=25 s | return_cost=1.8 % | margin_after_return=59.0 %
[INFO] [1790294335.102764518] [sage_energy_monitor]: ENERGY | remaining=80.8 % | voltage=15.85 V | drain_rate=0.071 %/s | home_distance=24.3 m | return_time=25 s | return_cost=1.8 % | margin_after_return=59.0 %
[INFO] [1790294336.105057081] [sage_energy_monitor]: ENERGY | remaining=80.7 % | voltage=15.85 V | drain_rate=0.071 %/s | home_distance=27.0 m | return_time=30 s | return_cost=2.1 % | margin_after_return=58.6 %
[INFO] [1790294337.103577156] [sage_energy_monitor]: ENERGY | remaining=80.7 % | voltage=15.85 V | drain_rate=0.066 %/s | home_distance=27.5 m | return_time=30 s | return_cost=2.0 % | margin_after_return=58.7 %
[INFO] [1790294338.107917519] [sage_energy_monitor]: ENERGY | remaining=80.6 % | voltage=15.85 V | drain_rate=0.053 %/s | home_distance=27.2 m | return_time=28 s | return_cost=1.5 % | margin_after_return=59.2 %
[INFO] [1790294339.103266033] [sage_energy_monitor]: ENERGY | remaining=80.6 % | voltage=15.85 V | drain_rate=0.043 %/s | home_distance=26.8 m | return_time=27 s | return_cost=1.2 % | margin_after_return=59.4 %
[INFO] [1790294340.104006971] [sage_energy_monitor]: ENERGY | remaining=80.6 % | voltage=15.85 V | drain_rate=0.041 %/s | home_distance=26.7 m | return_time=27 s | return_cost=1.1 % | margin_after_return=59.5 %
[INFO] [1790294341.102796727] [sage_energy_monitor]: ENERGY | remaining=80.5 % | voltage=15.85 V | drain_rate=0.039 %/s | home_distance=26.6 m | return_time=27 s | return_cost=1.0 % | margin_after_return=59.5 %
[INFO] [1790294342.109755885] [sage_energy_monitor]: ENERGY | remaining=80.5 % | voltage=15.85 V | drain_rate=0.039 %/s | home_distance=26.5 m | return_time=28 s | return_cost=1.1 % | margin_after_return=59.4 %
[INFO] [1790294343.102990439] [sage_energy_monitor]: ENERGY | remaining=80.4 % | voltage=15.85 V | drain_rate=0.038 %/s | home_distance=26.4 m | return_time=28 s | return_cost=1.1 % | margin_after_return=59.3 %
[INFO] [1790294344.103731719] [sage_energy_monitor]: ENERGY | remaining=80.4 % | voltage=15.85 V | drain_rate=0.038 %/s | home_distance=26.3 m | return_time=28 s | return_cost=1.1 % | margin_after_return=59.3 %
[INFO] [1790294345.105069041] [sage_energy_monitor]: ENERGY | remaining=80.3 % | voltage=15.85 V | drain_rate=0.038 %/s | home_distance=26.3 m | return_time=28 s | return_cost=1.1 % | margin_after_return=59.3 %
[INFO] [1790294346.103716990] [sage_energy_monitor]: ENERGY | remaining=80.3 % | voltage=15.84 V | drain_rate=0.038 %/s | home_distance=24.4 m | return_time=35 s | return_cost=1.3 % | margin_after_return=59.0 %
[INFO] [1790294347.103169145] [sage_energy_monitor]: ENERGY | remaining=80.3 % | voltage=15.84 V | drain_rate=0.038 %/s | home_distance=22.6 m | return_time=24 s | return_cost=0.9 % | margin_after_return=59.3 %
[INFO] [1790294348.104829611] [sage_energy_monitor]: ENERGY | remaining=80.2 % | voltage=15.84 V | drain_rate=0.039 %/s | home_distance=26.7 m | return_time=28 s | return_cost=1.1 % | margin_after_return=59.1 %
[INFO] [1790294349.105212873] [sage_energy_monitor]: ENERGY | remaining=80.2 % | voltage=15.84 V | drain_rate=0.040 %/s | home_distance=42.0 m | return_time=43 s | return_cost=1.7 % | margin_after_return=58.5 %
[INFO] [1790294350.111228600] [sage_energy_monitor]: ENERGY | remaining=80.1 % | voltage=15.84 V | drain_rate=0.040 %/s | home_distance=64.8 m | return_time=65 s | return_cost=2.6 % | margin_after_return=57.5 %
[INFO] [1790294351.104207475] [sage_energy_monitor]: ENERGY | remaining=80.1 % | voltage=15.84 V | drain_rate=0.040 %/s | home_distance=93.1 m | return_time=94 s | return_cost=3.8 % | margin_after_return=56.3 %
[INFO] [1790294352.105294762] [sage_energy_monitor]: ENERGY | remaining=80.1 % | voltage=15.84 V | drain_rate=0.044 %/s | home_distance=128.7 m | return_time=129 s | return_cost=5.7 % | margin_after_return=54.3 %
[INFO] [1790294353.103047140] [sage_energy_monitor]: ENERGY | remaining=80.0 % | voltage=15.84 V | drain_rate=0.044 %/s | home_distance=167.1 m | return_time=169 s | return_cost=7.5 % | margin_after_return=52.6 %
[INFO] [1790294354.109282915] [sage_energy_monitor]: ENERGY | remaining=80.0 % | voltage=15.84 V | drain_rate=0.043 %/s | home_distance=169.0 m | return_time=171 s | return_cost=7.3 % | margin_after_return=52.7 %
[INFO] [1790294355.103817298] [sage_energy_monitor]: ENERGY | remaining=79.9 % | voltage=15.84 V | drain_rate=0.041 %/s | home_distance=169.0 m | return_time=171 s | return_cost=7.1 % | margin_after_return=52.9 %
[INFO] [1790294356.106062762] [sage_energy_monitor]: ENERGY | remaining=79.9 % | voltage=15.84 V | drain_rate=0.041 %/s | home_distance=22.7 m | return_time=23 s | return_cost=1.0 % | margin_after_return=58.9 %
[INFO] [1790294357.105241942] [sage_energy_monitor]: ENERGY | remaining=79.9 % | voltage=15.84 V | drain_rate=0.041 %/s | home_distance=25.9 m | return_time=27 s | return_cost=1.1 % | margin_after_return=58.7 %
[INFO] [1790294358.106798280] [sage_energy_monitor]: ENERGY | remaining=79.8 % | voltage=15.84 V | drain_rate=0.041 %/s | home_distance=26.3 m | return_time=26 s | return_cost=1.1 % | margin_after_return=58.7 %
[INFO] [1790294359.104763148] [sage_energy_monitor]: ENERGY | remaining=79.8 % | voltage=15.83 V | drain_rate=0.041 %/s | home_distance=26.4 m | return_time=27 s | return_cost=1.1 % | margin_after_return=58.6 %
[INFO] [1790294360.103374160] [sage_energy_monitor]: ENERGY | remaining=79.7 % | voltage=15.83 V | drain_rate=0.041 %/s | home_distance=26.5 m | return_time=27 s | return_cost=1.1 % | margin_after_return=58.6 %
[INFO] [1790294361.104800576] [sage_energy_monitor]: ENERGY | remaining=79.7 % | voltage=15.83 V | drain_rate=0.041 %/s | home_distance=26.4 m | return_time=28 s | return_cost=1.1 % | margin_after_return=58.6 %
[INFO] [1790294362.109128431] [sage_energy_monitor]: ENERGY | remaining=79.6 % | voltage=15.83 V | drain_rate=0.041 %/s | home_distance=26.5 m | return_time=27 s | return_cost=1.1 % | margin_after_return=58.5 %
[INFO] [1790294363.102846071] [sage_energy_monitor]: ENERGY | remaining=79.6 % | voltage=15.83 V | drain_rate=0.041 %/s | home_distance=26.5 m | return_time=27 s | return_cost=1.1 % | margin_after_return=58.5 %
[INFO] [1790294364.103654667] [sage_energy_monitor]: ENERGY | remaining=79.6 % | voltage=15.83 V | drain_rate=0.041 %/s | home_distance=26.5 m | return_time=27 s | return_cost=1.1 % | margin_after_return=58.5 %
[INFO] [1790294365.105297293] [sage_energy_monitor]: ENERGY | remaining=79.5 % | voltage=15.83 V | drain_rate=0.041 %/s | home_distance=26.5 m | return_time=27 s | return_cost=1.1 % | margin_after_return=58.4 %
[INFO] [1790294366.104902922] [sage_energy_monitor]: ENERGY | remaining=79.5 % | voltage=15.83 V | drain_rate=0.041 %/s | home_distance=26.2 m | return_time=27 s | return_cost=1.1 % | margin_after_return=58.4 %
[INFO] [1790294367.102754555] [sage_energy_monitor]: ENERGY | remaining=79.4 % | voltage=15.83 V | drain_rate=0.041 %/s | home_distance=24.4 m | return_time=32 s | return_cost=1.3 % | margin_after_return=58.1 %
[INFO] [1790294368.108680676] [sage_energy_monitor]: ENERGY | remaining=79.4 % | voltage=15.83 V | drain_rate=0.041 %/s | home_distance=26.1 m | return_time=26 s | return_cost=1.1 % | margin_after_return=58.3 %
[INFO] [1790294369.103358021] [sage_energy_monitor]: ENERGY | remaining=79.4 % | voltage=15.83 V | drain_rate=0.041 %/s | home_distance=27.1 m | return_time=28 s | return_cost=1.1 % | margin_after_return=58.2 %
[INFO] [1790294370.106250189] [sage_energy_monitor]: ENERGY | remaining=79.3 % | voltage=15.83 V | drain_rate=0.041 %/s | home_distance=27.0 m | return_time=27 s | return_cost=1.1 % | margin_after_return=58.2 %
[INFO] [1790294371.105747542] [sage_energy_monitor]: ENERGY | remaining=79.3 % | voltage=15.83 V | drain_rate=0.041 %/s | home_distance=26.9 m | return_time=27 s | return_cost=1.1 % | margin_after_return=58.2 %
[INFO] [1790294372.112623602] [sage_energy_monitor]: ENERGY | remaining=79.2 % | voltage=15.83 V | drain_rate=0.041 %/s | home_distance=26.8 m | return_time=27 s | return_cost=1.1 % | margin_after_return=58.1 %
[INFO] [1790294373.104384299] [sage_energy_monitor]: ENERGY | remaining=79.2 % | voltage=15.82 V | drain_rate=0.041 %/s | home_distance=26.8 m | return_time=27 s | return_cost=1.1 % | margin_after_return=58.1 %
[INFO] [1790294374.103461378] [sage_energy_monitor]: ENERGY | remaining=79.2 % | voltage=15.82 V | drain_rate=0.041 %/s | home_distance=27.1 m | return_time=30 s | return_cost=1.2 % | margin_after_return=57.9 %
[INFO] [1790294375.103104975] [sage_energy_monitor]: ENERGY | remaining=79.1 % | voltage=15.82 V | drain_rate=0.041 %/s | home_distance=27.4 m | return_time=30 s | return_cost=1.2 % | margin_after_return=57.9 %
[INFO] [1790294376.106336060] [sage_energy_monitor]: ENERGY | remaining=79.1 % | voltage=15.82 V | drain_rate=0.041 %/s | home_distance=26.7 m | return_time=27 s | return_cost=1.1 % | margin_after_return=58.0 %
[INFO] [1790294377.105563652] [sage_energy_monitor]: ENERGY | remaining=79.0 % | voltage=15.82 V | drain_rate=0.041 %/s | home_distance=26.7 m | return_time=28 s | return_cost=1.1 % | margin_after_return=57.9 %
[INFO] [1790294378.110975375] [sage_energy_monitor]: ENERGY | remaining=79.0 % | voltage=15.82 V | drain_rate=0.041 %/s | home_distance=26.7 m | return_time=28 s | return_cost=1.1 % | margin_after_return=57.9 %
[INFO] [1790294379.102835707] [sage_energy_monitor]: ENERGY | remaining=79.0 % | voltage=15.82 V | drain_rate=0.041 %/s | home_distance=26.7 m | return_time=27 s | return_cost=1.1 % | margin_after_return=57.8 %
[INFO] [1790294380.103719195] [sage_energy_monitor]: ENERGY | remaining=78.9 % | voltage=15.82 V | drain_rate=0.041 %/s | home_distance=26.7 m | return_time=27 s | return_cost=1.1 % | margin_after_return=57.8 %
[INFO] [1790294381.102738338] [sage_energy_monitor]: ENERGY | remaining=78.9 % | voltage=15.82 V | drain_rate=0.041 %/s | home_distance=26.6 m | return_time=27 s | return_cost=1.1 % | margin_after_return=57.8 %
[INFO] [1790294382.102691415] [sage_energy_monitor]: ENERGY | remaining=78.8 % | voltage=15.82 V | drain_rate=0.041 %/s | home_distance=26.7 m | return_time=27 s | return_cost=1.1 % | margin_after_return=57.7 %
[INFO] [1790294383.103042822] [sage_energy_monitor]: ENERGY | remaining=78.8 % | voltage=15.82 V | drain_rate=0.041 %/s | home_distance=26.7 m | return_time=27 s | return_cost=1.1 % | margin_after_return=57.7 %
[INFO] [1790294384.109277924] [sage_energy_monitor]: ENERGY | remaining=78.8 % | voltage=15.82 V | drain_rate=0.041 %/s | home_distance=26.7 m | return_time=27 s | return_cost=1.1 % | margin_after_return=57.6 %
[INFO] [1790294385.102585129] [sage_energy_monitor]: ENERGY | remaining=78.7 % | voltage=15.82 V | drain_rate=0.041 %/s | home_distance=26.6 m | return_time=27 s | return_cost=1.1 % | margin_after_return=57.6 %
[INFO] [1790294386.104670762] [sage_energy_monitor]: ENERGY | remaining=78.7 % | voltage=15.82 V | drain_rate=0.041 %/s | home_distance=26.6 m | return_time=27 s | return_cost=1.1 % | margin_after_return=57.6 %
[INFO] [1790294387.106172319] [sage_energy_monitor]: ENERGY | remaining=78.6 % | voltage=15.81 V | drain_rate=0.041 %/s | home_distance=26.6 m | return_time=27 s | return_cost=1.1 % | margin_after_return=57.5 %
[INFO] [1790294388.109731046] [sage_energy_monitor]: ENERGY | remaining=78.6 % | voltage=15.81 V | drain_rate=0.041 %/s | home_distance=26.5 m | return_time=27 s | return_cost=1.1 % | margin_after_return=57.5 %
[INFO] [1790294389.106811369] [sage_energy_monitor]: ENERGY | remaining=78.6 % | voltage=15.81 V | drain_rate=0.041 %/s | home_distance=26.5 m | return_time=27 s | return_cost=1.1 % | margin_after_return=57.5 %
[INFO] [1790294390.105036011] [sage_energy_monitor]: ENERGY | remaining=78.5 % | voltage=15.81 V | drain_rate=0.040 %/s | home_distance=26.5 m | return_time=27 s | return_cost=1.1 % | margin_after_return=57.4 %
[INFO] [1790294391.102764044] [sage_energy_monitor]: ENERGY | remaining=78.5 % | voltage=15.81 V | drain_rate=0.040 %/s | home_distance=26.5 m | return_time=27 s | return_cost=1.1 % | margin_after_return=57.4 %
[INFO] [1790294392.111551165] [sage_energy_monitor]: ENERGY | remaining=78.4 % | voltage=15.81 V | drain_rate=0.040 %/s | home_distance=26.5 m | return_time=27 s | return_cost=1.1 % | margin_after_return=57.4 %
[INFO] [1790294393.105068896] [sage_energy_monitor]: ENERGY | remaining=78.4 % | voltage=15.81 V | drain_rate=0.040 %/s | home_distance=26.4 m | return_time=27 s | return_cost=1.1 % | margin_after_return=57.3 %
[INFO] [1790294394.102844067] [sage_energy_monitor]: ENERGY | remaining=78.4 % | voltage=15.81 V | drain_rate=0.040 %/s | home_distance=26.5 m | return_time=27 s | return_cost=1.1 % | margin_after_return=57.3 %
[INFO] [1790294395.107436564] [sage_energy_monitor]: ENERGY | remaining=78.3 % | voltage=15.81 V | drain_rate=0.040 %/s | home_distance=26.5 m | return_time=27 s | return_cost=1.1 % | margin_after_return=57.2 %
[INFO] [1790294396.103415942] [sage_energy_monitor]: ENERGY | remaining=78.3 % | voltage=15.81 V | drain_rate=0.040 %/s | home_distance=26.5 m | return_time=27 s | return_cost=1.1 % | margin_after_return=57.2 %
[INFO] [1790294397.106167392] [sage_energy_monitor]: ENERGY | remaining=78.2 % | voltage=15.81 V | drain_rate=0.040 %/s | home_distance=26.5 m | return_time=27 s | return_cost=1.1 % | margin_after_return=57.2 %
[INFO] [1790294398.104154747] [sage_energy_monitor]: ENERGY | remaining=78.2 % | voltage=15.81 V | drain_rate=0.040 %/s | home_distance=26.5 m | return_time=27 s | return_cost=1.1 % | margin_after_return=57.1 %
[INFO] [1790294399.103713251] [sage_energy_monitor]: ENERGY | remaining=78.2 % | voltage=15.81 V | drain_rate=0.040 %/s | home_distance=26.5 m | return_time=27 s | return_cost=1.1 % | margin_after_return=57.1 %
[INFO] [1790294400.103289183] [sage_energy_monitor]: ENERGY | remaining=78.1 % | voltage=15.81 V | drain_rate=0.040 %/s | home_distance=26.5 m | return_time=27 s | return_cost=1.1 % | margin_after_return=57.0 %
[INFO] [1790294401.103874316] [sage_energy_monitor]: ENERGY | remaining=78.1 % | voltage=15.80 V | drain_rate=0.040 %/s | home_distance=26.5 m | return_time=27 s | return_cost=1.1 % | margin_after_return=57.0 %
[INFO] [1790294402.104990689] [sage_energy_monitor]: ENERGY | remaining=78.0 % | voltage=15.80 V | drain_rate=0.040 %/s | home_distance=26.5 m | return_time=27 s | return_cost=1.1 % | margin_after_return=57.0 %
[INFO] [1790294403.107882530] [sage_energy_monitor]: ENERGY | remaining=78.0 % | voltage=15.80 V | drain_rate=0.040 %/s | home_distance=26.5 m | return_time=27 s | return_cost=1.1 % | margin_after_return=56.9 %
[INFO] [1790294404.108389737] [sage_energy_monitor]: ENERGY | remaining=78.0 % | voltage=15.80 V | drain_rate=0.040 %/s | home_distance=26.5 m | return_time=27 s | return_cost=1.1 % | margin_after_return=56.9 %
[INFO] [1790294405.110323119] [sage_energy_monitor]: ENERGY | remaining=77.9 % | voltage=15.80 V | drain_rate=0.040 %/s | home_distance=26.5 m | return_time=27 s | return_cost=1.1 % | margin_after_return=56.8 %
[INFO] [1790294406.102734367] [sage_energy_monitor]: ENERGY | remaining=77.9 % | voltage=15.80 V | drain_rate=0.040 %/s | home_distance=26.5 m | return_time=27 s | return_cost=1.1 % | margin_after_return=56.8 %
[INFO] [1790294407.104805502] [sage_energy_monitor]: ENERGY | remaining=77.8 % | voltage=15.80 V | drain_rate=0.040 %/s | home_distance=26.5 m | return_time=27 s | return_cost=1.1 % | margin_after_return=56.8 %
[INFO] [1790294408.103675821] [sage_energy_monitor]: ENERGY | remaining=77.8 % | voltage=15.80 V | drain_rate=0.040 %/s | home_distance=26.5 m | return_time=27 s | return_cost=1.1 % | margin_after_return=56.7 %
[INFO] [1790294409.109439792] [sage_energy_monitor]: ENERGY | remaining=77.8 % | voltage=15.80 V | drain_rate=0.040 %/s | home_distance=26.5 m | return_time=27 s | return_cost=1.1 % | margin_after_return=56.7 %
[INFO] [1790294410.103259088] [sage_energy_monitor]: ENERGY | remaining=77.7 % | voltage=15.80 V | drain_rate=0.040 %/s | home_distance=26.5 m | return_time=27 s | return_cost=1.1 % | margin_after_return=56.7 %
[INFO] [1790294411.105876462] [sage_energy_monitor]: ENERGY | remaining=77.7 % | voltage=15.80 V | drain_rate=0.040 %/s | home_distance=26.5 m | return_time=27 s | return_cost=1.1 % | margin_after_return=56.6 %
[INFO] [1790294412.105261364] [sage_energy_monitor]: ENERGY | remaining=77.6 % | voltage=15.80 V | drain_rate=0.040 %/s | home_distance=26.5 m | return_time=27 s | return_cost=1.1 % | margin_after_return=56.6 %
[INFO] [1790294413.110901269] [sage_energy_monitor]: ENERGY | remaining=77.6 % | voltage=15.80 V | drain_rate=0.040 %/s | home_distance=26.5 m | return_time=27 s | return_cost=1.1 % | margin_after_return=56.5 %
[INFO] [1790294414.104664778] [sage_energy_monitor]: ENERGY | remaining=77.6 % | voltage=15.80 V | drain_rate=0.040 %/s | home_distance=26.5 m | return_time=27 s | return_cost=1.1 % | margin_after_return=56.5 %
[INFO] [1790294415.110746761] [sage_energy_monitor]: ENERGY | remaining=77.5 % | voltage=15.79 V | drain_rate=0.040 %/s | home_distance=26.5 m | return_time=27 s | return_cost=1.1 % | margin_after_return=56.4 %
[INFO] [1790294416.107774799] [sage_energy_monitor]: ENERGY | remaining=77.5 % | voltage=15.79 V | drain_rate=0.040 %/s | home_distance=26.5 m | return_time=27 s | return_cost=1.1 % | margin_after_return=56.4 %
[INFO] [1790294417.106706084] [sage_energy_monitor]: ENERGY | remaining=77.4 % | voltage=15.79 V | drain_rate=0.040 %/s | home_distance=26.5 m | return_time=27 s | return_cost=1.1 % | margin_after_return=56.4 %
[INFO] [1790294418.111344928] [sage_energy_monitor]: ENERGY | remaining=77.4 % | voltage=15.79 V | drain_rate=0.040 %/s | home_distance=26.5 m | return_time=27 s | return_cost=1.1 % | margin_after_return=56.3 %
[INFO] [1790294419.105500801] [sage_energy_monitor]: ENERGY | remaining=77.4 % | voltage=15.79 V | drain_rate=0.040 %/s | home_distance=26.5 m | return_time=27 s | return_cost=1.1 % | margin_after_return=56.3 %
[INFO] [1790294420.108803448] [sage_energy_monitor]: ENERGY | remaining=77.3 % | voltage=15.79 V | drain_rate=0.040 %/s | home_distance=26.5 m | return_time=27 s | return_cost=1.1 % | margin_after_return=56.2 %
[INFO] [1790294421.104123531] [sage_energy_monitor]: ENERGY | remaining=77.3 % | voltage=15.79 V | drain_rate=0.040 %/s | home_distance=26.5 m | return_time=27 s | return_cost=1.1 % | margin_after_return=56.2 %
[INFO] [1790294422.103022929] [sage_energy_monitor]: ENERGY | remaining=77.2 % | voltage=15.79 V | drain_rate=0.040 %/s | home_distance=26.5 m | return_time=27 s | return_cost=1.1 % | margin_after_return=56.2 %
[INFO] [1790294423.107219941] [sage_energy_monitor]: ENERGY | remaining=77.2 % | voltage=15.79 V | drain_rate=0.040 %/s | home_distance=26.5 m | return_time=27 s | return_cost=1.1 % | margin_after_return=56.1 %
[INFO] [1790294424.107223760] [sage_energy_monitor]: ENERGY | remaining=77.2 % | voltage=15.79 V | drain_rate=0.040 %/s | home_distance=26.6 m | return_time=27 s | return_cost=1.1 % | margin_after_return=56.1 %
[INFO] [1790294425.102591216] [sage_energy_monitor]: ENERGY | remaining=77.1 % | voltage=15.79 V | drain_rate=0.040 %/s | home_distance=26.6 m | return_time=27 s | return_cost=1.1 % | margin_after_return=56.0 %
[INFO] [1790294426.103845481] [sage_energy_monitor]: ENERGY | remaining=77.1 % | voltage=15.79 V | drain_rate=0.040 %/s | home_distance=26.6 m | return_time=27 s | return_cost=1.1 % | margin_after_return=56.0 %
[INFO] [1790294427.114604749] [sage_energy_monitor]: ENERGY | remaining=77.0 % | voltage=15.79 V | drain_rate=0.040 %/s | home_distance=26.6 m | return_time=27 s | return_cost=1.1 % | margin_after_return=55.9 %
[INFO] [1790294428.104380080] [sage_energy_monitor]: ENERGY | remaining=77.0 % | voltage=15.78 V | drain_rate=0.040 %/s | home_distance=26.6 m | return_time=27 s | return_cost=1.1 % | margin_after_return=55.9 %
[INFO] [1790294429.103821786] [sage_energy_monitor]: ENERGY | remaining=76.9 % | voltage=15.78 V | drain_rate=0.040 %/s | home_distance=26.6 m | return_time=27 s | return_cost=1.1 % | margin_after_return=55.9 %
[INFO] [1790294430.108575604] [sage_energy_monitor]: ENERGY | remaining=76.9 % | voltage=15.78 V | drain_rate=0.040 %/s | home_distance=26.6 m | return_time=27 s | return_cost=1.1 % | margin_after_return=55.8 %
[INFO] [1790294431.104443067] [sage_energy_monitor]: ENERGY | remaining=76.9 % | voltage=15.78 V | drain_rate=0.041 %/s | home_distance=26.6 m | return_time=27 s | return_cost=1.1 % | margin_after_return=55.8 %
[INFO] [1790294432.102898195] [sage_energy_monitor]: ENERGY | remaining=76.8 % | voltage=15.78 V | drain_rate=0.041 %/s | home_distance=26.6 m | return_time=27 s | return_cost=1.1 % | margin_after_return=55.7 %
[INFO] [1790294433.103208703] [sage_energy_monitor]: ENERGY | remaining=76.8 % | voltage=15.78 V | drain_rate=0.041 %/s | home_distance=26.6 m | return_time=27 s | return_cost=1.1 % | margin_after_return=55.7 %
[INFO] [1790294434.104553132] [sage_energy_monitor]: ENERGY | remaining=76.7 % | voltage=15.78 V | drain_rate=0.041 %/s | home_distance=26.6 m | return_time=27 s | return_cost=1.1 % | margin_after_return=55.7 %
[INFO] [1790294435.113456138] [sage_energy_monitor]: ENERGY | remaining=76.7 % | voltage=15.78 V | drain_rate=0.041 %/s | home_distance=26.6 m | return_time=27 s | return_cost=1.1 % | margin_after_return=55.6 %
[INFO] [1790294436.108823917] [sage_energy_monitor]: ENERGY | remaining=76.7 % | voltage=15.78 V | drain_rate=0.041 %/s | home_distance=26.6 m | return_time=27 s | return_cost=1.1 % | margin_after_return=55.6 %
[INFO] [1790294437.108635256] [sage_energy_monitor]: ENERGY | remaining=76.6 % | voltage=15.78 V | drain_rate=0.041 %/s | home_distance=26.6 m | return_time=27 s | return_cost=1.1 % | margin_after_return=55.5 %
[INFO] [1790294438.102772449] [sage_energy_monitor]: ENERGY | remaining=76.6 % | voltage=15.78 V | drain_rate=0.041 %/s | home_distance=26.6 m | return_time=27 s | return_cost=1.1 % | margin_after_return=55.5 %
[INFO] [1790294439.102498213] [sage_energy_monitor]: ENERGY | remaining=76.5 % | voltage=15.78 V | drain_rate=0.041 %/s | home_distance=26.6 m | return_time=27 s | return_cost=1.1 % | margin_after_return=55.5 %
[INFO] [1790294440.105407427] [sage_energy_monitor]: ENERGY | remaining=76.5 % | voltage=15.78 V | drain_rate=0.041 %/s | home_distance=26.6 m | return_time=27 s | return_cost=1.1 % | margin_after_return=55.4 %
[INFO] [1790294441.112824839] [sage_energy_monitor]: ENERGY | remaining=76.5 % | voltage=15.78 V | drain_rate=0.041 %/s | home_distance=26.6 m | return_time=27 s | return_cost=1.1 % | margin_after_return=55.4 %
[INFO] [1790294442.104466941] [sage_energy_monitor]: ENERGY | remaining=76.4 % | voltage=15.77 V | drain_rate=0.041 %/s | home_distance=26.6 m | return_time=27 s | return_cost=1.1 % | margin_after_return=55.3 %
[INFO] [1790294443.104266665] [sage_energy_monitor]: ENERGY | remaining=76.4 % | voltage=15.77 V | drain_rate=0.041 %/s | home_distance=26.6 m | return_time=27 s | return_cost=1.1 % | margin_after_return=55.3 %
[INFO] [1790294444.104344661] [sage_energy_monitor]: ENERGY | remaining=76.3 % | voltage=15.77 V | drain_rate=0.041 %/s | home_distance=26.6 m | return_time=27 s | return_cost=1.1 % | margin_after_return=55.2 %
[INFO] [1790294445.104945656] [sage_energy_monitor]: ENERGY | remaining=76.3 % | voltage=15.77 V | drain_rate=0.041 %/s | home_distance=26.7 m | return_time=27 s | return_cost=1.1 % | margin_after_return=55.2 %
[INFO] [1790294446.104250535] [sage_energy_monitor]: ENERGY | remaining=76.3 % | voltage=15.77 V | drain_rate=0.041 %/s | home_distance=26.7 m | return_time=27 s | return_cost=1.1 % | margin_after_return=55.2 %
[INFO] [1790294447.108401348] [sage_energy_monitor]: ENERGY | remaining=76.2 % | voltage=15.77 V | drain_rate=0.041 %/s | home_distance=26.7 m | return_time=27 s | return_cost=1.1 % | margin_after_return=55.1 %
[INFO] [1790294448.108010113] [sage_energy_monitor]: ENERGY | remaining=76.2 % | voltage=15.77 V | drain_rate=0.041 %/s | home_distance=26.7 m | return_time=27 s | return_cost=1.1 % | margin_after_return=55.1 %
[INFO] [1790294449.104009657] [sage_energy_monitor]: ENERGY | remaining=76.1 % | voltage=15.77 V | drain_rate=0.041 %/s | home_distance=26.7 m | return_time=27 s | return_cost=1.1 % | margin_after_return=55.0 %
[INFO] [1790294450.103181604] [sage_energy_monitor]: ENERGY | remaining=76.1 % | voltage=15.77 V | drain_rate=0.041 %/s | home_distance=26.7 m | return_time=27 s | return_cost=1.1 % | margin_after_return=55.0 %
[INFO] [1790294451.103095902] [sage_energy_monitor]: ENERGY | remaining=76.1 % | voltage=15.77 V | drain_rate=0.041 %/s | home_distance=26.7 m | return_time=27 s | return_cost=1.1 % | margin_after_return=55.0 %
[INFO] [1790294452.104627022] [sage_energy_monitor]: ENERGY | remaining=76.0 % | voltage=15.77 V | drain_rate=0.041 %/s | home_distance=26.7 m | return_time=27 s | return_cost=1.1 % | margin_after_return=54.9 %
[INFO] [1790294453.108255532] [sage_energy_monitor]: ENERGY | remaining=76.0 % | voltage=15.77 V | drain_rate=0.041 %/s | home_distance=26.7 m | return_time=27 s | return_cost=1.1 % | margin_after_return=54.9 %
[INFO] [1790294454.105894686] [sage_energy_monitor]: ENERGY | remaining=75.9 % | voltage=15.77 V | drain_rate=0.041 %/s | home_distance=26.7 m | return_time=27 s | return_cost=1.1 % | margin_after_return=54.9 %
[INFO] [1790294455.107388891] [sage_energy_monitor]: ENERGY | remaining=75.9 % | voltage=15.77 V | drain_rate=0.041 %/s | home_distance=26.7 m | return_time=27 s | return_cost=1.1 % | margin_after_return=54.9 %
[INFO] [1790294456.104123760] [sage_energy_monitor]: ENERGY | remaining=75.9 % | voltage=15.77 V | drain_rate=0.041 %/s | home_distance=26.7 m | return_time=27 s | return_cost=1.1 % | margin_after_return=54.9 %
[INFO] [1790294457.104854013] [sage_energy_monitor]: ENERGY | remaining=75.9 % | voltage=15.77 V | drain_rate=0.041 %/s | home_distance=26.7 m | return_time=27 s | return_cost=1.1 % | margin_after_return=54.9 %
[INFO] [1790294458.102728618] [sage_energy_monitor]: ENERGY | remaining=75.9 % | voltage=15.77 V | drain_rate=0.041 %/s | home_distance=26.7 m | return_time=27 s | return_cost=1.1 % | margin_after_return=54.9 %
[INFO] [1790294459.105637733] [sage_energy_monitor]: ENERGY | remaining=75.9 % | voltage=15.77 V | drain_rate=0.041 %/s | home_distance=26.7 m | return_time=27 s | return_cost=1.1 % | margin_after_return=54.9 %
[INFO] [1790294460.104735093] [sage_energy_monitor]: ENERGY | remaining=75.9 % | voltage=15.77 V | drain_rate=0.041 %/s | home_distance=26.7 m | return_time=27 s | return_cost=1.1 % | margin_after_return=54.9 %
[INFO] [1790294461.104800770] [sage_energy_monitor]: ENERGY | remaining=75.9 % | voltage=15.77 V | drain_rate=0.041 %/s | home_distance=26.7 m | return_time=27 s | return_cost=1.1 % | margin_after_return=54.9 %
[INFO] [1790294462.102886480] [sage_energy_monitor]: ENERGY | remaining=75.9 % | voltage=15.77 V | drain_rate=0.041 %/s | home_distance=26.7 m | return_time=27 s | return_cost=1.1 % | margin_after_return=54.9 %
[INFO] [1790294463.102829733] [sage_energy_monitor]: ENERGY | remaining=75.9 % | voltage=15.77 V | drain_rate=0.041 %/s | home_distance=26.7 m | return_time=27 s | return_cost=1.1 % | margin_after_return=54.9 %
[INFO] [1790294464.109151046] [sage_energy_monitor]: ENERGY | remaining=75.9 % | voltage=15.77 V | drain_rate=0.041 %/s | home_distance=26.7 m | return_time=27 s | return_cost=1.1 % | margin_after_return=54.9 %
[INFO] [1790294465.102463288] [sage_energy_monitor]: ENERGY | remaining=75.9 % | voltage=15.77 V | drain_rate=0.041 %/s | home_distance=26.7 m | return_time=27 s | return_cost=1.1 % | margin_after_return=54.9 %
[INFO] [1790294466.103364268] [sage_energy_monitor]: ENERGY | remaining=75.9 % | voltage=15.77 V | drain_rate=0.041 %/s | home_distance=26.7 m | return_time=27 s | return_cost=1.1 % | margin_after_return=54.9 %
[INFO] [1790294467.107593870] [sage_energy_monitor]: ENERGY | remaining=75.9 % | voltage=15.77 V | drain_rate=0.041 %/s | home_distance=26.7 m | return_time=27 s | return_cost=1.1 % | margin_after_return=54.9 %
[INFO] [1790294468.108874771] [sage_energy_monitor]: ENERGY | remaining=75.9 % | voltage=15.77 V | drain_rate=0.041 %/s | home_distance=26.7 m | return_time=27 s | return_cost=1.1 % | margin_after_return=54.9 %
[INFO] [1790294469.105045391] [sage_energy_monitor]: ENERGY | remaining=75.9 % | voltage=15.77 V | drain_rate=0.041 %/s | home_distance=26.7 m | return_time=27 s | return_cost=1.1 % | margin_after_return=54.9 %
[INFO] [1790294470.105620785] [sage_energy_monitor]: ENERGY | remaining=75.9 % | voltage=15.77 V | drain_rate=0.041 %/s | home_distance=26.7 m | return_time=27 s | return_cost=1.1 % | margin_after_return=54.9 %
[INFO] [1790294471.102792482] [sage_energy_monitor]: ENERGY | remaining=75.9 % | voltage=15.77 V | drain_rate=0.041 %/s | home_distance=26.7 m | return_time=27 s | return_cost=1.1 % | margin_after_return=54.9 %
[INFO] [1790294472.103552389] [sage_energy_monitor]: ENERGY | remaining=75.7 % | voltage=15.76 V | drain_rate=0.024 %/s | home_distance=26.7 m | return_time=32 s | return_cost=0.8 % | margin_after_return=54.9 %
[INFO] [1790294473.103214943] [sage_energy_monitor]: ENERGY | remaining=75.3 % | voltage=15.75 V | drain_rate=0.036 %/s | home_distance=26.6 m | return_time=128 s | return_cost=4.6 % | margin_after_return=50.7 %
[INFO] [1790294474.102834791] [sage_energy_monitor]: ENERGY | remaining=75.0 % | voltage=15.75 V | drain_rate=0.044 %/s | home_distance=26.7 m | return_time=32 s | return_cost=1.4 % | margin_after_return=53.6 %
[INFO] [1790294475.105136870] [sage_energy_monitor]: ENERGY | remaining=74.9 % | voltage=15.75 V | drain_rate=0.047 %/s | home_distance=26.7 m | return_time=32 s | return_cost=1.5 % | margin_after_return=53.4 %
[INFO] [1790294476.103128922] [sage_energy_monitor]: ENERGY | remaining=74.8 % | voltage=15.75 V | drain_rate=0.048 %/s | home_distance=26.7 m | return_time=32 s | return_cost=1.5 % | margin_after_return=53.3 %
[INFO] [1790294477.102515340] [sage_energy_monitor]: ENERGY | remaining=74.8 % | voltage=15.74 V | drain_rate=0.048 %/s | home_distance=26.7 m | return_time=31 s | return_cost=1.5 % | margin_after_return=53.3 %
[INFO] [1790294478.105809289] [sage_energy_monitor]: ENERGY | remaining=74.7 % | voltage=15.74 V | drain_rate=0.049 %/s | home_distance=26.7 m | return_time=31 s | return_cost=1.5 % | margin_after_return=53.2 %
[INFO] [1790294479.102888362] [sage_energy_monitor]: ENERGY | remaining=74.7 % | voltage=15.74 V | drain_rate=0.049 %/s | home_distance=26.7 m | return_time=30 s | return_cost=1.5 % | margin_after_return=53.2 %
[INFO] [1790294480.103513175] [sage_energy_monitor]: ENERGY | remaining=74.6 % | voltage=15.74 V | drain_rate=0.049 %/s | home_distance=26.7 m | return_time=30 s | return_cost=1.5 % | margin_after_return=53.1 %
[INFO] [1790294481.107211378] [sage_energy_monitor]: ENERGY | remaining=74.6 % | voltage=15.74 V | drain_rate=0.049 %/s | home_distance=26.7 m | return_time=30 s | return_cost=1.5 % | margin_after_return=53.1 %
[INFO] [1790294482.104587003] [sage_energy_monitor]: ENERGY | remaining=74.6 % | voltage=15.74 V | drain_rate=0.048 %/s | home_distance=26.7 m | return_time=30 s | return_cost=1.4 % | margin_after_return=53.1 %
[INFO] [1790294483.102836468] [sage_energy_monitor]: ENERGY | remaining=74.5 % | voltage=15.74 V | drain_rate=0.048 %/s | home_distance=26.7 m | return_time=29 s | return_cost=1.4 % | margin_after_return=53.1 %
[INFO] [1790294484.103967276] [sage_energy_monitor]: ENERGY | remaining=74.5 % | voltage=15.74 V | drain_rate=0.112 %/s | home_distance=26.7 m | return_time=29 s | return_cost=3.2 % | margin_after_return=51.3 %
[INFO] [1790294485.105370696] [sage_energy_monitor]: ENERGY | remaining=74.5 % | voltage=15.74 V | drain_rate=0.106 %/s | home_distance=26.7 m | return_time=29 s | return_cost=3.1 % | margin_after_return=51.4 %
[INFO] [1790294486.103470769] [sage_energy_monitor]: ENERGY | remaining=74.4 % | voltage=15.74 V | drain_rate=0.102 %/s | home_distance=26.7 m | return_time=29 s | return_cost=2.9 % | margin_after_return=51.5 %
[INFO] [1790294487.104984624] [sage_energy_monitor]: ENERGY | remaining=74.4 % | voltage=15.74 V | drain_rate=0.097 %/s | home_distance=26.7 m | return_time=28 s | return_cost=2.8 % | margin_after_return=51.6 %
[INFO] [1790294488.105297031] [sage_energy_monitor]: ENERGY | remaining=74.4 % | voltage=15.74 V | drain_rate=0.093 %/s | home_distance=26.7 m | return_time=28 s | return_cost=2.6 % | margin_after_return=51.7 %
[INFO] [1790294489.103512237] [sage_energy_monitor]: ENERGY | remaining=74.3 % | voltage=15.74 V | drain_rate=0.090 %/s | home_distance=26.7 m | return_time=28 s | return_cost=2.5 % | margin_after_return=51.8 %
[INFO] [1790294490.103652785] [sage_energy_monitor]: ENERGY | remaining=74.3 % | voltage=15.74 V | drain_rate=0.087 %/s | home_distance=26.7 m | return_time=28 s | return_cost=2.4 % | margin_after_return=51.9 %
[INFO] [1790294491.105410899] [sage_energy_monitor]: ENERGY | remaining=74.3 % | voltage=15.74 V | drain_rate=0.084 %/s | home_distance=26.7 m | return_time=28 s | return_cost=2.4 % | margin_after_return=51.9 %
[INFO] [1790294492.103253425] [sage_energy_monitor]: ENERGY | remaining=74.2 % | voltage=15.74 V | drain_rate=0.082 %/s | home_distance=26.7 m | return_time=28 s | return_cost=2.3 % | margin_after_return=51.9 %
[INFO] [1790294493.107453500] [sage_energy_monitor]: ENERGY | remaining=74.2 % | voltage=15.73 V | drain_rate=0.080 %/s | home_distance=26.7 m | return_time=28 s | return_cost=2.2 % | margin_after_return=52.0 %
[INFO] [1790294494.103383751] [sage_energy_monitor]: ENERGY | remaining=74.1 % | voltage=15.73 V | drain_rate=0.079 %/s | home_distance=26.7 m | return_time=28 s | return_cost=2.2 % | margin_after_return=52.0 %
[INFO] [1790294495.104703597] [sage_energy_monitor]: ENERGY | remaining=74.1 % | voltage=15.73 V | drain_rate=0.077 %/s | home_distance=26.7 m | return_time=28 s | return_cost=2.1 % | margin_after_return=52.0 %
[INFO] [1790294496.106853231] [sage_energy_monitor]: ENERGY | remaining=74.1 % | voltage=15.73 V | drain_rate=0.076 %/s | home_distance=26.7 m | return_time=28 s | return_cost=2.1 % | margin_after_return=52.0 %
[INFO] [1790294497.109580864] [sage_energy_monitor]: ENERGY | remaining=74.0 % | voltage=15.73 V | drain_rate=0.074 %/s | home_distance=26.7 m | return_time=27 s | return_cost=2.0 % | margin_after_return=52.0 %
[INFO] [1790294498.106311539] [sage_energy_monitor]: ENERGY | remaining=74.0 % | voltage=15.73 V | drain_rate=0.073 %/s | home_distance=26.7 m | return_time=27 s | return_cost=2.0 % | margin_after_return=52.0 %
[INFO] [1790294499.105214831] [sage_energy_monitor]: ENERGY | remaining=73.9 % | voltage=15.73 V | drain_rate=0.072 %/s | home_distance=26.7 m | return_time=27 s | return_cost=2.0 % | margin_after_return=52.0 %
[INFO] [1790294500.105968910] [sage_energy_monitor]: ENERGY | remaining=73.9 % | voltage=15.73 V | drain_rate=0.071 %/s | home_distance=26.7 m | return_time=27 s | return_cost=1.9 % | margin_after_return=52.0 %
[INFO] [1790294501.105449957] [sage_energy_monitor]: ENERGY | remaining=73.9 % | voltage=15.73 V | drain_rate=0.070 %/s | home_distance=26.7 m | return_time=27 s | return_cost=1.9 % | margin_after_return=52.0 %
[INFO] [1790294502.104105937] [sage_energy_monitor]: ENERGY | remaining=73.8 % | voltage=15.73 V | drain_rate=0.063 %/s | home_distance=26.7 m | return_time=27 s | return_cost=1.7 % | margin_after_return=52.1 %
[INFO] [1790294503.102663438] [sage_energy_monitor]: ENERGY | remaining=73.8 % | voltage=15.73 V | drain_rate=0.051 %/s | home_distance=26.7 m | return_time=27 s | return_cost=1.4 % | margin_after_return=52.4 %
[INFO] [1790294504.104316499] [sage_energy_monitor]: ENERGY | remaining=73.7 % | voltage=15.73 V | drain_rate=0.043 %/s | home_distance=26.7 m | return_time=27 s | return_cost=1.2 % | margin_after_return=52.6 %
[INFO] [1790294505.109854397] [sage_energy_monitor]: ENERGY | remaining=73.7 % | voltage=15.73 V | drain_rate=0.040 %/s | home_distance=26.7 m | return_time=27 s | return_cost=1.1 % | margin_after_return=52.6 %
[INFO] [1790294506.104030287] [sage_energy_monitor]: ENERGY | remaining=73.6 % | voltage=15.72 V | drain_rate=0.039 %/s | home_distance=26.7 m | return_time=27 s | return_cost=1.1 % | margin_after_return=52.6 %
[INFO] [1790294507.103653969] [sage_energy_monitor]: ENERGY | remaining=73.6 % | voltage=15.72 V | drain_rate=0.039 %/s | home_distance=26.7 m | return_time=27 s | return_cost=1.0 % | margin_after_return=52.6 %
[INFO] [1790294508.104351046] [sage_energy_monitor]: ENERGY | remaining=73.6 % | voltage=15.72 V | drain_rate=0.038 %/s | home_distance=26.7 m | return_time=27 s | return_cost=1.0 % | margin_after_return=52.5 %
[INFO] [1790294509.103208571] [sage_energy_monitor]: ENERGY | remaining=73.5 % | voltage=15.72 V | drain_rate=0.038 %/s | home_distance=26.7 m | return_time=27 s | return_cost=1.0 % | margin_after_return=52.5 %
[INFO] [1790294510.105380025] [sage_energy_monitor]: ENERGY | remaining=73.5 % | voltage=15.72 V | drain_rate=0.038 %/s | home_distance=26.7 m | return_time=27 s | return_cost=1.0 % | margin_after_return=52.5 %
[INFO] [1790294511.110079532] [sage_energy_monitor]: ENERGY | remaining=73.4 % | voltage=15.72 V | drain_rate=0.038 %/s | home_distance=26.7 m | return_time=27 s | return_cost=1.0 % | margin_after_return=52.4 %
[INFO] [1790294512.108039647] [sage_energy_monitor]: ENERGY | remaining=73.4 % | voltage=15.72 V | drain_rate=0.039 %/s | home_distance=26.7 m | return_time=27 s | return_cost=1.1 % | margin_after_return=52.3 %
[INFO] [1790294513.105183501] [sage_energy_monitor]: ENERGY | remaining=73.4 % | voltage=15.72 V | drain_rate=0.039 %/s | home_distance=26.7 m | return_time=27 s | return_cost=1.1 % | margin_after_return=52.3 %
[INFO] [1790294514.107373477] [sage_energy_monitor]: ENERGY | remaining=73.3 % | voltage=15.72 V | drain_rate=0.040 %/s | home_distance=26.7 m | return_time=27 s | return_cost=1.1 % | margin_after_return=52.2 %
[INFO] [1790294515.106730467] [sage_energy_monitor]: ENERGY | remaining=73.3 % | voltage=15.72 V | drain_rate=0.040 %/s | home_distance=26.7 m | return_time=27 s | return_cost=1.1 % | margin_after_return=52.2 %
[INFO] [1790294516.105996361] [sage_energy_monitor]: ENERGY | remaining=73.2 % | voltage=15.72 V | drain_rate=0.040 %/s | home_distance=26.7 m | return_time=27 s | return_cost=1.1 % | margin_after_return=52.1 %
[INFO] [1790294517.105883233] [sage_energy_monitor]: ENERGY | remaining=73.2 % | voltage=15.72 V | drain_rate=0.041 %/s | home_distance=26.7 m | return_time=27 s | return_cost=1.1 % | margin_after_return=52.1 %
[INFO] [1790294518.104779227] [sage_energy_monitor]: ENERGY | remaining=73.1 % | voltage=15.72 V | drain_rate=0.041 %/s | home_distance=26.7 m | return_time=27 s | return_cost=1.1 % | margin_after_return=52.0 %
[INFO] [1790294519.104491586] [sage_energy_monitor]: ENERGY | remaining=73.1 % | voltage=15.71 V | drain_rate=0.041 %/s | home_distance=26.7 m | return_time=27 s | return_cost=1.1 % | margin_after_return=52.0 %
[INFO] [1790294520.103556032] [sage_energy_monitor]: ENERGY | remaining=73.1 % | voltage=15.71 V | drain_rate=0.042 %/s | home_distance=26.7 m | return_time=27 s | return_cost=1.1 % | margin_after_return=51.9 %
[INFO] [1790294521.103520848] [sage_energy_monitor]: ENERGY | remaining=73.0 % | voltage=15.71 V | drain_rate=0.042 %/s | home_distance=26.7 m | return_time=27 s | return_cost=1.1 % | margin_after_return=51.9 %
[INFO] [1790294522.103268801] [sage_energy_monitor]: ENERGY | remaining=73.0 % | voltage=15.71 V | drain_rate=0.042 %/s | home_distance=26.7 m | return_time=27 s | return_cost=1.1 % | margin_after_return=51.9 %
[INFO] [1790294523.102903889] [sage_energy_monitor]: ENERGY | remaining=72.9 % | voltage=15.71 V | drain_rate=0.042 %/s | home_distance=26.7 m | return_time=27 s | return_cost=1.1 % | margin_after_return=51.8 %
[INFO] [1790294524.105143184] [sage_energy_monitor]: ENERGY | remaining=72.9 % | voltage=15.71 V | drain_rate=0.042 %/s | home_distance=26.7 m | return_time=27 s | return_cost=1.1 % | margin_after_return=51.8 %
[INFO] [1790294525.109933660] [sage_energy_monitor]: ENERGY | remaining=72.9 % | voltage=15.71 V | drain_rate=0.042 %/s | home_distance=26.7 m | return_time=27 s | return_cost=1.1 % | margin_after_return=51.7 %
[INFO] [1790294526.107238930] [sage_energy_monitor]: ENERGY | remaining=72.8 % | voltage=15.71 V | drain_rate=0.042 %/s | home_distance=26.7 m | return_time=27 s | return_cost=1.1 % | margin_after_return=51.7 %
[INFO] [1790294527.104979003] [sage_energy_monitor]: ENERGY | remaining=72.8 % | voltage=15.71 V | drain_rate=0.041 %/s | home_distance=26.7 m | return_time=27 s | return_cost=1.1 % | margin_after_return=51.7 %
[INFO] [1790294528.102883676] [sage_energy_monitor]: ENERGY | remaining=72.7 % | voltage=15.71 V | drain_rate=0.041 %/s | home_distance=26.7 m | return_time=27 s | return_cost=1.1 % | margin_after_return=51.6 %
[INFO] [1790294529.103173927] [sage_energy_monitor]: ENERGY | remaining=72.7 % | voltage=15.71 V | drain_rate=0.041 %/s | home_distance=26.7 m | return_time=27 s | return_cost=1.1 % | margin_after_return=51.6 %
[INFO] [1790294530.103706958] [sage_energy_monitor]: ENERGY | remaining=72.7 % | voltage=15.71 V | drain_rate=0.042 %/s | home_distance=26.7 m | return_time=27 s | return_cost=1.1 % | margin_after_return=51.5 %
[INFO] [1790294531.103030195] [sage_energy_monitor]: ENERGY | remaining=72.6 % | voltage=15.71 V | drain_rate=0.042 %/s | home_distance=26.7 m | return_time=27 s | return_cost=1.1 % | margin_after_return=51.5 %
[INFO] [1790294532.105776361] [sage_energy_monitor]: ENERGY | remaining=72.6 % | voltage=15.71 V | drain_rate=0.041 %/s | home_distance=26.7 m | return_time=27 s | return_cost=1.1 % | margin_after_return=51.5 %
[INFO] [1790294533.102842841] [sage_energy_monitor]: ENERGY | remaining=72.5 % | voltage=15.70 V | drain_rate=0.041 %/s | home_distance=26.7 m | return_time=27 s | return_cost=1.1 % | margin_after_return=51.4 %
[INFO] [1790294534.102659936] [sage_energy_monitor]: ENERGY | remaining=72.5 % | voltage=15.70 V | drain_rate=0.041 %/s | home_distance=26.7 m | return_time=27 s | return_cost=1.1 % | margin_after_return=51.4 %
[INFO] [1790294535.106036599] [sage_energy_monitor]: ENERGY | remaining=72.4 % | voltage=15.70 V | drain_rate=0.041 %/s | home_distance=26.7 m | return_time=27 s | return_cost=1.1 % | margin_after_return=51.3 %
[INFO] [1790294536.105446399] [sage_energy_monitor]: ENERGY | remaining=72.4 % | voltage=15.70 V | drain_rate=0.041 %/s | home_distance=26.7 m | return_time=27 s | return_cost=1.1 % | margin_after_return=51.3 %
[INFO] [1790294537.102520301] [sage_energy_monitor]: ENERGY | remaining=72.4 % | voltage=15.70 V | drain_rate=0.041 %/s | home_distance=26.7 m | return_time=27 s | return_cost=1.1 % | margin_after_return=51.3 %
[INFO] [1790294538.103500564] [sage_energy_monitor]: ENERGY | remaining=72.3 % | voltage=15.70 V | drain_rate=0.041 %/s | home_distance=26.7 m | return_time=27 s | return_cost=1.1 % | margin_after_return=51.2 %
[INFO] [1790294539.104837839] [sage_energy_monitor]: ENERGY | remaining=72.3 % | voltage=15.70 V | drain_rate=0.041 %/s | home_distance=26.7 m | return_time=27 s | return_cost=1.1 % | margin_after_return=51.2 %
[INFO] [1790294540.106036765] [sage_energy_monitor]: ENERGY | remaining=72.3 % | voltage=15.70 V | drain_rate=0.041 %/s | home_distance=26.7 m | return_time=27 s | return_cost=1.1 % | margin_after_return=51.2 %
[INFO] [1790294541.109006673] [sage_energy_monitor]: ENERGY | remaining=72.2 % | voltage=15.70 V | drain_rate=0.041 %/s | home_distance=26.7 m | return_time=27 s | return_cost=1.1 % | margin_after_return=51.1 %
[INFO] [1790294542.106055042] [sage_energy_monitor]: ENERGY | remaining=72.2 % | voltage=15.70 V | drain_rate=0.041 %/s | home_distance=26.7 m | return_time=27 s | return_cost=1.1 % | margin_after_return=51.1 %
[INFO] [1790294543.105949298] [sage_energy_monitor]: ENERGY | remaining=72.1 % | voltage=15.70 V | drain_rate=0.040 %/s | home_distance=26.7 m | return_time=27 s | return_cost=1.1 % | margin_after_return=51.1 %
[INFO] [1790294544.105104746] [sage_energy_monitor]: ENERGY | remaining=72.1 % | voltage=15.70 V | drain_rate=0.040 %/s | home_distance=26.7 m | return_time=27 s | return_cost=1.1 % | margin_after_return=51.0 %
[INFO] [1790294545.104475227] [sage_energy_monitor]: ENERGY | remaining=72.1 % | voltage=15.70 V | drain_rate=0.040 %/s | home_distance=26.7 m | return_time=27 s | return_cost=1.1 % | margin_after_return=51.0 %
[INFO] [1790294546.103401465] [sage_energy_monitor]: ENERGY | remaining=72.0 % | voltage=15.70 V | drain_rate=0.040 %/s | home_distance=26.7 m | return_time=27 s | return_cost=1.1 % | margin_after_return=50.9 %
[INFO] [1790294547.108473730] [sage_energy_monitor]: ENERGY | remaining=72.0 % | voltage=15.69 V | drain_rate=0.040 %/s | home_distance=26.7 m | return_time=27 s | return_cost=1.1 % | margin_after_return=50.9 %
[INFO] [1790294548.111469322] [sage_energy_monitor]: ENERGY | remaining=71.9 % | voltage=15.69 V | drain_rate=0.040 %/s | home_distance=26.7 m | return_time=27 s | return_cost=1.1 % | margin_after_return=50.9 %
[INFO] [1790294549.103639098] [sage_energy_monitor]: ENERGY | remaining=71.9 % | voltage=15.69 V | drain_rate=0.040 %/s | home_distance=26.7 m | return_time=27 s | return_cost=1.1 % | margin_after_return=50.8 %
[INFO] [1790294550.104070512] [sage_energy_monitor]: ENERGY | remaining=71.9 % | voltage=15.69 V | drain_rate=0.040 %/s | home_distance=26.7 m | return_time=27 s | return_cost=1.1 % | margin_after_return=50.8 %
[INFO] [1790294551.103490919] [sage_energy_monitor]: ENERGY | remaining=71.8 % | voltage=15.69 V | drain_rate=0.040 %/s | home_distance=26.7 m | return_time=27 s | return_cost=1.1 % | margin_after_return=50.7 %
[INFO] [1790294552.104270634] [sage_energy_monitor]: ENERGY | remaining=71.8 % | voltage=15.69 V | drain_rate=0.040 %/s | home_distance=26.7 m | return_time=27 s | return_cost=1.1 % | margin_after_return=50.7 %
[INFO] [1790294553.107615581] [sage_energy_monitor]: ENERGY | remaining=71.7 % | voltage=15.69 V | drain_rate=0.041 %/s | home_distance=26.7 m | return_time=27 s | return_cost=1.1 % | margin_after_return=50.6 %
[INFO] [1790294554.104564127] [sage_energy_monitor]: ENERGY | remaining=71.7 % | voltage=15.69 V | drain_rate=0.041 %/s | home_distance=26.7 m | return_time=27 s | return_cost=1.1 % | margin_after_return=50.6 %
[INFO] [1790294555.108336847] [sage_energy_monitor]: ENERGY | remaining=71.6 % | voltage=15.69 V | drain_rate=0.041 %/s | home_distance=26.7 m | return_time=27 s | return_cost=1.1 % | margin_after_return=50.5 %
[INFO] [1790294556.109974479] [sage_energy_monitor]: ENERGY | remaining=71.6 % | voltage=15.69 V | drain_rate=0.041 %/s | home_distance=26.7 m | return_time=27 s | return_cost=1.1 % | margin_after_return=50.5 %
[INFO] [1790294557.106870994] [sage_energy_monitor]: ENERGY | remaining=71.6 % | voltage=15.69 V | drain_rate=0.041 %/s | home_distance=26.7 m | return_time=27 s | return_cost=1.1 % | margin_after_return=50.5 %
[INFO] [1790294558.103236039] [sage_energy_monitor]: ENERGY | remaining=71.5 % | voltage=15.69 V | drain_rate=0.041 %/s | home_distance=26.7 m | return_time=27 s | return_cost=1.1 % | margin_after_return=50.4 %
[INFO] [1790294559.113843338] [sage_energy_monitor]: ENERGY | remaining=71.5 % | voltage=15.69 V | drain_rate=0.041 %/s | home_distance=26.7 m | return_time=27 s | return_cost=1.1 % | margin_after_return=50.4 %
[INFO] [1790294560.105339719] [sage_energy_monitor]: ENERGY | remaining=71.4 % | voltage=15.68 V | drain_rate=0.041 %/s | home_distance=26.7 m | return_time=27 s | return_cost=1.1 % | margin_after_return=50.3 %
[INFO] [1790294561.107105862] [sage_energy_monitor]: ENERGY | remaining=71.4 % | voltage=15.68 V | drain_rate=0.041 %/s | home_distance=26.7 m | return_time=27 s | return_cost=1.1 % | margin_after_return=50.3 %
[INFO] [1790294562.103220254] [sage_energy_monitor]: ENERGY | remaining=71.3 % | voltage=15.68 V | drain_rate=0.041 %/s | home_distance=26.7 m | return_time=27 s | return_cost=1.1 % | margin_after_return=50.3 %
[INFO] [1790294563.105509185] [sage_energy_monitor]: ENERGY | remaining=71.3 % | voltage=15.68 V | drain_rate=0.041 %/s | home_distance=26.7 m | return_time=27 s | return_cost=1.1 % | margin_after_return=50.2 %
[INFO] [1790294564.103501582] [sage_energy_monitor]: ENERGY | remaining=71.3 % | voltage=15.68 V | drain_rate=0.041 %/s | home_distance=26.7 m | return_time=27 s | return_cost=1.1 % | margin_after_return=50.2 %
[INFO] [1790294565.106875790] [sage_energy_monitor]: ENERGY | remaining=71.2 % | voltage=15.68 V | drain_rate=0.041 %/s | home_distance=26.7 m | return_time=27 s | return_cost=1.1 % | margin_after_return=50.1 %
[INFO] [1790294566.108530581] [sage_energy_monitor]: ENERGY | remaining=71.2 % | voltage=15.68 V | drain_rate=0.041 %/s | home_distance=26.7 m | return_time=27 s | return_cost=1.1 % | margin_after_return=50.1 %
[INFO] [1790294567.103581494] [sage_energy_monitor]: ENERGY | remaining=71.1 % | voltage=15.68 V | drain_rate=0.041 %/s | home_distance=26.7 m | return_time=27 s | return_cost=1.1 % | margin_after_return=50.0 %
[INFO] [1790294568.103640664] [sage_energy_monitor]: ENERGY | remaining=71.1 % | voltage=15.68 V | drain_rate=0.041 %/s | home_distance=26.7 m | return_time=27 s | return_cost=1.1 % | margin_after_return=50.0 %
[INFO] [1790294569.103964352] [sage_energy_monitor]: ENERGY | remaining=71.1 % | voltage=15.68 V | drain_rate=0.041 %/s | home_distance=26.7 m | return_time=27 s | return_cost=1.1 % | margin_after_return=49.9 %
[INFO] [1790294570.103927448] [sage_energy_monitor]: ENERGY | remaining=71.0 % | voltage=15.68 V | drain_rate=0.042 %/s | home_distance=26.7 m | return_time=27 s | return_cost=1.1 % | margin_after_return=49.9 %
[INFO] [1790294571.104387991] [sage_energy_monitor]: ENERGY | remaining=71.0 % | voltage=15.68 V | drain_rate=0.042 %/s | home_distance=26.7 m | return_time=27 s | return_cost=1.1 % | margin_after_return=49.8 %
[INFO] [1790294572.108137486] [sage_energy_monitor]: ENERGY | remaining=70.9 % | voltage=15.68 V | drain_rate=0.042 %/s | home_distance=26.7 m | return_time=27 s | return_cost=1.1 % | margin_after_return=49.8 %
[INFO] [1790294573.103679402] [sage_energy_monitor]: ENERGY | remaining=70.9 % | voltage=15.67 V | drain_rate=0.042 %/s | home_distance=26.7 m | return_time=27 s | return_cost=1.1 % | margin_after_return=49.8 %
[INFO] [1790294574.102760888] [sage_energy_monitor]: ENERGY | remaining=70.8 % | voltage=15.67 V | drain_rate=0.042 %/s | home_distance=26.7 m | return_time=27 s | return_cost=1.1 % | margin_after_return=49.7 %
[INFO] [1790294575.103380761] [sage_energy_monitor]: ENERGY | remaining=70.8 % | voltage=15.67 V | drain_rate=0.042 %/s | home_distance=26.7 m | return_time=27 s | return_cost=1.1 % | margin_after_return=49.7 %
[INFO] [1790294576.106945337] [sage_energy_monitor]: ENERGY | remaining=70.8 % | voltage=15.67 V | drain_rate=0.042 %/s | home_distance=26.7 m | return_time=27 s | return_cost=1.1 % | margin_after_return=49.6 %
[INFO] [1790294577.104369034] [sage_energy_monitor]: ENERGY | remaining=70.7 % | voltage=15.67 V | drain_rate=0.042 %/s | home_distance=26.7 m | return_time=27 s | return_cost=1.1 % | margin_after_return=49.6 %
[INFO] [1790294578.105020503] [sage_energy_monitor]: ENERGY | remaining=70.7 % | voltage=15.67 V | drain_rate=0.042 %/s | home_distance=26.7 m | return_time=27 s | return_cost=1.1 % | margin_after_return=49.5 %
[INFO] [1790294579.103741925] [sage_energy_monitor]: ENERGY | remaining=70.6 % | voltage=15.67 V | drain_rate=0.042 %/s | home_distance=26.7 m | return_time=27 s | return_cost=1.1 % | margin_after_return=49.5 %
[INFO] [1790294580.106074917] [sage_energy_monitor]: ENERGY | remaining=70.6 % | voltage=15.67 V | drain_rate=0.042 %/s | home_distance=26.7 m | return_time=27 s | return_cost=1.1 % | margin_after_return=49.5 %
[INFO] [1790294581.103761624] [sage_energy_monitor]: ENERGY | remaining=70.5 % | voltage=15.67 V | drain_rate=0.042 %/s | home_distance=26.7 m | return_time=27 s | return_cost=1.1 % | margin_after_return=49.4 %
[INFO] [1790294582.107695962] [sage_energy_monitor]: ENERGY | remaining=70.5 % | voltage=15.67 V | drain_rate=0.042 %/s | home_distance=26.7 m | return_time=27 s | return_cost=1.1 % | margin_after_return=49.4 %
[INFO] [1790294583.104201675] [sage_energy_monitor]: ENERGY | remaining=70.5 % | voltage=15.67 V | drain_rate=0.042 %/s | home_distance=26.7 m | return_time=27 s | return_cost=1.1 % | margin_after_return=49.3 %
[INFO] [1790294584.104086627] [sage_energy_monitor]: ENERGY | remaining=70.4 % | voltage=15.67 V | drain_rate=0.042 %/s | home_distance=26.7 m | return_time=27 s | return_cost=1.1 % | margin_after_return=49.3 %
[INFO] [1790294585.102877118] [sage_energy_monitor]: ENERGY | remaining=70.4 % | voltage=15.67 V | drain_rate=0.042 %/s | home_distance=26.7 m | return_time=27 s | return_cost=1.1 % | margin_after_return=49.3 %
[INFO] [1790294586.104214035] [sage_energy_monitor]: ENERGY | remaining=70.3 % | voltage=15.67 V | drain_rate=0.042 %/s | home_distance=26.7 m | return_time=27 s | return_cost=1.1 % | margin_after_return=49.2 %
[INFO] [1790294587.103427815] [sage_energy_monitor]: ENERGY | remaining=70.3 % | voltage=15.66 V | drain_rate=0.042 %/s | home_distance=26.7 m | return_time=27 s | return_cost=1.1 % | margin_after_return=49.2 %
[INFO] [1790294588.105777707] [sage_energy_monitor]: ENERGY | remaining=70.3 % | voltage=15.66 V | drain_rate=0.042 %/s | home_distance=26.7 m | return_time=27 s | return_cost=1.1 % | margin_after_return=49.1 %
[INFO] [1790294589.106781978] [sage_energy_monitor]: ENERGY | remaining=70.2 % | voltage=15.66 V | drain_rate=0.042 %/s | home_distance=26.7 m | return_time=27 s | return_cost=1.1 % | margin_after_return=49.1 %
[INFO] [1790294590.103132976] [sage_energy_monitor]: ENERGY | remaining=70.2 % | voltage=15.66 V | drain_rate=0.042 %/s | home_distance=26.7 m | return_time=27 s | return_cost=1.1 % | margin_after_return=49.0 %
[INFO] [1790294591.110653023] [sage_energy_monitor]: ENERGY | remaining=70.1 % | voltage=15.66 V | drain_rate=0.042 %/s | home_distance=26.7 m | return_time=27 s | return_cost=1.1 % | margin_after_return=49.0 %
[INFO] [1790294592.108928572] [sage_energy_monitor]: ENERGY | remaining=70.1 % | voltage=15.66 V | drain_rate=0.042 %/s | home_distance=26.7 m | return_time=27 s | return_cost=1.1 % | margin_after_return=49.0 %
[INFO] [1790294593.110757525] [sage_energy_monitor]: ENERGY | remaining=70.0 % | voltage=15.66 V | drain_rate=0.042 %/s | home_distance=26.7 m | return_time=27 s | return_cost=1.1 % | margin_after_return=48.9 %
[INFO] [1790294594.103892346] [sage_energy_monitor]: ENERGY | remaining=70.0 % | voltage=15.66 V | drain_rate=0.042 %/s | home_distance=26.7 m | return_time=27 s | return_cost=1.1 % | margin_after_return=48.9 %
[INFO] [1790294595.110498899] [sage_energy_monitor]: ENERGY | remaining=70.0 % | voltage=15.66 V | drain_rate=0.042 %/s | home_distance=26.7 m | return_time=27 s | return_cost=1.1 % | margin_after_return=48.8 %
[INFO] [1790294596.102666264] [sage_energy_monitor]: ENERGY | remaining=69.9 % | voltage=15.66 V | drain_rate=0.042 %/s | home_distance=26.7 m | return_time=27 s | return_cost=1.1 % | margin_after_return=48.8 %
[INFO] [1790294597.108148488] [sage_energy_monitor]: ENERGY | remaining=69.9 % | voltage=15.66 V | drain_rate=0.042 %/s | home_distance=26.7 m | return_time=27 s | return_cost=1.1 % | margin_after_return=48.7 %
[INFO] [1790294598.106383412] [sage_energy_monitor]: ENERGY | remaining=69.8 % | voltage=15.66 V | drain_rate=0.042 %/s | home_distance=26.7 m | return_time=27 s | return_cost=1.1 % | margin_after_return=48.7 %
[INFO] [1790294599.109733157] [sage_energy_monitor]: ENERGY | remaining=69.8 % | voltage=15.66 V | drain_rate=0.042 %/s | home_distance=26.7 m | return_time=27 s | return_cost=1.1 % | margin_after_return=48.7 %
[INFO] [1790294600.104815081] [sage_energy_monitor]: ENERGY | remaining=69.7 % | voltage=15.65 V | drain_rate=0.042 %/s | home_distance=26.7 m | return_time=27 s | return_cost=1.1 % | margin_after_return=48.6 %
[INFO] [1790294601.102683158] [sage_energy_monitor]: ENERGY | remaining=69.7 % | voltage=15.65 V | drain_rate=0.042 %/s | home_distance=26.7 m | return_time=27 s | return_cost=1.1 % | margin_after_return=48.6 %
[INFO] [1790294602.104928491] [sage_energy_monitor]: ENERGY | remaining=69.7 % | voltage=15.65 V | drain_rate=0.042 %/s | home_distance=26.7 m | return_time=27 s | return_cost=1.1 % | margin_after_return=48.5 %
[INFO] [1790294603.105311152] [sage_energy_monitor]: ENERGY | remaining=69.6 % | voltage=15.65 V | drain_rate=0.042 %/s | home_distance=26.7 m | return_time=27 s | return_cost=1.1 % | margin_after_return=48.5 %
[INFO] [1790294604.102508524] [sage_energy_monitor]: ENERGY | remaining=69.6 % | voltage=15.65 V | drain_rate=0.042 %/s | home_distance=26.7 m | return_time=27 s | return_cost=1.1 % | margin_after_return=48.4 %
[INFO] [1790294605.104575195] [sage_energy_monitor]: ENERGY | remaining=69.5 % | voltage=15.65 V | drain_rate=0.042 %/s | home_distance=26.7 m | return_time=27 s | return_cost=1.1 % | margin_after_return=48.4 %
[INFO] [1790294606.104237588] [sage_energy_monitor]: ENERGY | remaining=69.5 % | voltage=15.65 V | drain_rate=0.042 %/s | home_distance=26.7 m | return_time=27 s | return_cost=1.1 % | margin_after_return=48.4 %
[INFO] [1790294607.103591125] [sage_energy_monitor]: ENERGY | remaining=69.5 % | voltage=15.65 V | drain_rate=0.042 %/s | home_distance=26.7 m | return_time=27 s | return_cost=1.1 % | margin_after_return=48.3 %
[INFO] [1790294608.102873004] [sage_energy_monitor]: ENERGY | remaining=69.4 % | voltage=15.65 V | drain_rate=0.042 %/s | home_distance=26.7 m | return_time=27 s | return_cost=1.1 % | margin_after_return=48.3 %
[INFO] [1790294609.105592006] [sage_energy_monitor]: ENERGY | remaining=69.4 % | voltage=15.65 V | drain_rate=0.042 %/s | home_distance=26.7 m | return_time=27 s | return_cost=1.1 % | margin_after_return=48.2 %
[INFO] [1790294610.107137618] [sage_energy_monitor]: ENERGY | remaining=69.3 % | voltage=15.65 V | drain_rate=0.042 %/s | home_distance=26.7 m | return_time=27 s | return_cost=1.1 % | margin_after_return=48.2 %
[INFO] [1790294611.103950182] [sage_energy_monitor]: ENERGY | remaining=69.3 % | voltage=15.65 V | drain_rate=0.042 %/s | home_distance=26.7 m | return_time=27 s | return_cost=1.1 % | margin_after_return=48.1 %
[INFO] [1790294612.103826492] [sage_energy_monitor]: ENERGY | remaining=69.2 % | voltage=15.65 V | drain_rate=0.042 %/s | home_distance=26.7 m | return_time=27 s | return_cost=1.1 % | margin_after_return=48.1 %
[INFO] [1790294613.106130931] [sage_energy_monitor]: ENERGY | remaining=69.2 % | voltage=15.64 V | drain_rate=0.042 %/s | home_distance=26.7 m | return_time=27 s | return_cost=1.1 % | margin_after_return=48.1 %
[INFO] [1790294614.104953913] [sage_energy_monitor]: ENERGY | remaining=69.2 % | voltage=15.64 V | drain_rate=0.042 %/s | home_distance=26.7 m | return_time=27 s | return_cost=1.1 % | margin_after_return=48.0 %
[INFO] [1790294615.103060838] [sage_energy_monitor]: ENERGY | remaining=69.1 % | voltage=15.64 V | drain_rate=0.042 %/s | home_distance=26.7 m | return_time=27 s | return_cost=1.1 % | margin_after_return=48.0 %
[INFO] [1790294616.106730316] [sage_energy_monitor]: ENERGY | remaining=69.1 % | voltage=15.64 V | drain_rate=0.042 %/s | home_distance=26.7 m | return_time=27 s | return_cost=1.1 % | margin_after_return=47.9 %
[INFO] [1790294617.102928765] [sage_energy_monitor]: ENERGY | remaining=69.0 % | voltage=15.64 V | drain_rate=0.042 %/s | home_distance=26.7 m | return_time=27 s | return_cost=1.1 % | margin_after_return=47.9 %
[INFO] [1790294618.105384988] [sage_energy_monitor]: ENERGY | remaining=69.0 % | voltage=15.64 V | drain_rate=0.042 %/s | home_distance=26.7 m | return_time=27 s | return_cost=1.1 % | margin_after_return=47.9 %
[INFO] [1790294619.109552087] [sage_energy_monitor]: ENERGY | remaining=69.0 % | voltage=15.64 V | drain_rate=0.042 %/s | home_distance=26.7 m | return_time=27 s | return_cost=1.1 % | margin_after_return=47.8 %
[INFO] [1790294620.106580561] [sage_energy_monitor]: ENERGY | remaining=68.9 % | voltage=15.64 V | drain_rate=0.042 %/s | home_distance=26.7 m | return_time=27 s | return_cost=1.1 % | margin_after_return=47.8 %
[INFO] [1790294621.104957482] [sage_energy_monitor]: ENERGY | remaining=68.9 % | voltage=15.64 V | drain_rate=0.042 %/s | home_distance=26.7 m | return_time=27 s | return_cost=1.1 % | margin_after_return=47.7 %
[INFO] [1790294622.104709997] [sage_energy_monitor]: ENERGY | remaining=68.8 % | voltage=15.64 V | drain_rate=0.042 %/s | home_distance=26.7 m | return_time=27 s | return_cost=1.1 % | margin_after_return=47.7 %
[INFO] [1790294623.104098767] [sage_energy_monitor]: ENERGY | remaining=68.8 % | voltage=15.64 V | drain_rate=0.042 %/s | home_distance=26.7 m | return_time=27 s | return_cost=1.1 % | margin_after_return=47.7 %
[INFO] [1790294624.104295000] [sage_energy_monitor]: ENERGY | remaining=68.8 % | voltage=15.64 V | drain_rate=0.042 %/s | home_distance=26.7 m | return_time=27 s | return_cost=1.1 % | margin_after_return=47.6 %
[INFO] [1790294625.103778986] [sage_energy_monitor]: ENERGY | remaining=68.7 % | voltage=15.64 V | drain_rate=0.042 %/s | home_distance=26.7 m | return_time=27 s | return_cost=1.1 % | margin_after_return=47.6 %
[INFO] [1790294626.105807398] [sage_energy_monitor]: ENERGY | remaining=68.7 % | voltage=15.64 V | drain_rate=0.042 %/s | home_distance=26.7 m | return_time=27 s | return_cost=1.1 % | margin_after_return=47.6 %
[INFO] [1790294627.103014031] [sage_energy_monitor]: ENERGY | remaining=68.6 % | voltage=15.63 V | drain_rate=0.042 %/s | home_distance=26.7 m | return_time=27 s | return_cost=1.1 % | margin_after_return=47.5 %
[INFO] [1790294628.113572232] [sage_energy_monitor]: ENERGY | remaining=68.6 % | voltage=15.63 V | drain_rate=0.042 %/s | home_distance=26.7 m | return_time=27 s | return_cost=1.1 % | margin_after_return=47.5 %
[INFO] [1790294629.105019800] [sage_energy_monitor]: ENERGY | remaining=68.6 % | voltage=15.63 V | drain_rate=0.041 %/s | home_distance=26.7 m | return_time=27 s | return_cost=1.1 % | margin_after_return=47.4 %
[INFO] [1790294630.104162146] [sage_energy_monitor]: ENERGY | remaining=68.5 % | voltage=15.63 V | drain_rate=0.041 %/s | home_distance=26.7 m | return_time=27 s | return_cost=1.1 % | margin_after_return=47.4 %
[INFO] [1790294631.102853516] [sage_energy_monitor]: ENERGY | remaining=68.5 % | voltage=15.63 V | drain_rate=0.041 %/s | home_distance=26.7 m | return_time=27 s | return_cost=1.1 % | margin_after_return=47.4 %
[INFO] [1790294632.105324217] [sage_energy_monitor]: ENERGY | remaining=68.4 % | voltage=15.63 V | drain_rate=0.041 %/s | home_distance=26.7 m | return_time=27 s | return_cost=1.1 % | margin_after_return=47.3 %
[INFO] [1790294633.103658228] [sage_energy_monitor]: ENERGY | remaining=68.4 % | voltage=15.63 V | drain_rate=0.041 %/s | home_distance=26.7 m | return_time=27 s | return_cost=1.1 % | margin_after_return=47.3 %
[INFO] [1790294634.105437363] [sage_energy_monitor]: ENERGY | remaining=68.4 % | voltage=15.63 V | drain_rate=0.041 %/s | home_distance=26.7 m | return_time=27 s | return_cost=1.1 % | margin_after_return=47.3 %
[INFO] [1790294635.104146566] [sage_energy_monitor]: ENERGY | remaining=68.3 % | voltage=15.63 V | drain_rate=0.041 %/s | home_distance=26.7 m | return_time=27 s | return_cost=1.1 % | margin_after_return=47.2 %
[INFO] [1790294636.103599541] [sage_energy_monitor]: ENERGY | remaining=68.3 % | voltage=15.63 V | drain_rate=0.041 %/s | home_distance=26.7 m | return_time=27 s | return_cost=1.1 % | margin_after_return=47.2 %
[INFO] [1790294637.107408172] [sage_energy_monitor]: ENERGY | remaining=68.2 % | voltage=15.63 V | drain_rate=0.041 %/s | home_distance=26.7 m | return_time=27 s | return_cost=1.1 % | margin_after_return=47.1 %
[INFO] [1790294638.104885975] [sage_energy_monitor]: ENERGY | remaining=68.2 % | voltage=15.63 V | drain_rate=0.041 %/s | home_distance=26.7 m | return_time=27 s | return_cost=1.1 % | margin_after_return=47.1 %
[INFO] [1790294639.106644499] [sage_energy_monitor]: ENERGY | remaining=68.1 % | voltage=15.63 V | drain_rate=0.041 %/s | home_distance=26.7 m | return_time=27 s | return_cost=1.1 % | margin_after_return=47.1 %
[INFO] [1790294640.115140243] [sage_energy_monitor]: ENERGY | remaining=68.1 % | voltage=15.62 V | drain_rate=0.040 %/s | home_distance=26.7 m | return_time=27 s | return_cost=1.1 % | margin_after_return=47.0 %
[INFO] [1790294641.106212032] [sage_energy_monitor]: ENERGY | remaining=68.1 % | voltage=15.62 V | drain_rate=0.040 %/s | home_distance=26.7 m | return_time=27 s | return_cost=1.1 % | margin_after_return=47.0 %
[INFO] [1790294642.110807406] [sage_energy_monitor]: ENERGY | remaining=68.0 % | voltage=15.62 V | drain_rate=0.040 %/s | home_distance=26.7 m | return_time=27 s | return_cost=1.1 % | margin_after_return=47.0 %
[INFO] [1790294643.105258101] [sage_energy_monitor]: ENERGY | remaining=68.0 % | voltage=15.62 V | drain_rate=0.040 %/s | home_distance=26.7 m | return_time=27 s | return_cost=1.1 % | margin_after_return=46.9 %
[INFO] [1790294644.105509883] [sage_energy_monitor]: ENERGY | remaining=67.9 % | voltage=15.62 V | drain_rate=0.040 %/s | home_distance=26.7 m | return_time=27 s | return_cost=1.1 % | margin_after_return=46.9 %
[INFO] [1790294645.104683075] [sage_energy_monitor]: ENERGY | remaining=67.9 % | voltage=15.62 V | drain_rate=0.040 %/s | home_distance=26.7 m | return_time=27 s | return_cost=1.1 % | margin_after_return=46.8 %
[INFO] [1790294646.104084480] [sage_energy_monitor]: ENERGY | remaining=67.9 % | voltage=15.62 V | drain_rate=0.040 %/s | home_distance=26.7 m | return_time=27 s | return_cost=1.1 % | margin_after_return=46.8 %
[INFO] [1790294647.104591743] [sage_energy_monitor]: ENERGY | remaining=67.8 % | voltage=15.62 V | drain_rate=0.040 %/s | home_distance=26.7 m | return_time=27 s | return_cost=1.1 % | margin_after_return=46.8 %
[INFO] [1790294648.105611222] [sage_energy_monitor]: ENERGY | remaining=67.8 % | voltage=15.62 V | drain_rate=0.040 %/s | home_distance=26.7 m | return_time=27 s | return_cost=1.1 % | margin_after_return=46.7 %
[INFO] [1790294649.105765403] [sage_energy_monitor]: ENERGY | remaining=67.7 % | voltage=15.62 V | drain_rate=0.040 %/s | home_distance=26.7 m | return_time=27 s | return_cost=1.1 % | margin_after_return=46.7 %
[INFO] [1790294650.102805752] [sage_energy_monitor]: ENERGY | remaining=67.7 % | voltage=15.62 V | drain_rate=0.040 %/s | home_distance=26.7 m | return_time=27 s | return_cost=1.1 % | margin_after_return=46.6 %
[INFO] [1790294651.105253418] [sage_energy_monitor]: ENERGY | remaining=67.7 % | voltage=15.62 V | drain_rate=0.040 %/s | home_distance=26.7 m | return_time=27 s | return_cost=1.1 % | margin_after_return=46.6 %
[INFO] [1790294652.102951271] [sage_energy_monitor]: ENERGY | remaining=67.6 % | voltage=15.62 V | drain_rate=0.040 %/s | home_distance=26.7 m | return_time=27 s | return_cost=1.1 % | margin_after_return=46.5 %
[INFO] [1790294653.105379977] [sage_energy_monitor]: ENERGY | remaining=67.6 % | voltage=15.62 V | drain_rate=0.040 %/s | home_distance=26.7 m | return_time=27 s | return_cost=1.1 % | margin_after_return=46.5 %
[INFO] [1790294654.104818443] [sage_energy_monitor]: ENERGY | remaining=67.5 % | voltage=15.61 V | drain_rate=0.040 %/s | home_distance=26.7 m | return_time=27 s | return_cost=1.1 % | margin_after_return=46.5 %
[INFO] [1790294655.102818671] [sage_energy_monitor]: ENERGY | remaining=67.5 % | voltage=15.61 V | drain_rate=0.040 %/s | home_distance=26.7 m | return_time=27 s | return_cost=1.1 % | margin_after_return=46.4 %
[INFO] [1790294656.105806705] [sage_energy_monitor]: ENERGY | remaining=67.5 % | voltage=15.61 V | drain_rate=0.040 %/s | home_distance=26.7 m | return_time=27 s | return_cost=1.1 % | margin_after_return=46.4 %
[INFO] [1790294657.105010699] [sage_energy_monitor]: ENERGY | remaining=67.4 % | voltage=15.61 V | drain_rate=0.040 %/s | home_distance=26.7 m | return_time=27 s | return_cost=1.1 % | margin_after_return=46.3 %
[INFO] [1790294658.110344186] [sage_energy_monitor]: ENERGY | remaining=67.4 % | voltage=15.61 V | drain_rate=0.040 %/s | home_distance=26.7 m | return_time=27 s | return_cost=1.1 % | margin_after_return=46.3 %
[INFO] [1790294659.114258620] [sage_energy_monitor]: ENERGY | remaining=67.3 % | voltage=15.61 V | drain_rate=0.040 %/s | home_distance=26.7 m | return_time=27 s | return_cost=1.1 % | margin_after_return=46.3 %
[INFO] [1790294660.106112069] [sage_energy_monitor]: ENERGY | remaining=67.3 % | voltage=15.61 V | drain_rate=0.040 %/s | home_distance=26.7 m | return_time=27 s | return_cost=1.1 % | margin_after_return=46.2 %
[INFO] [1790294661.114993588] [sage_energy_monitor]: ENERGY | remaining=67.3 % | voltage=15.61 V | drain_rate=0.040 %/s | home_distance=26.7 m | return_time=27 s | return_cost=1.1 % | margin_after_return=46.2 %
[INFO] [1790294662.105562564] [sage_energy_monitor]: ENERGY | remaining=67.2 % | voltage=15.61 V | drain_rate=0.041 %/s | home_distance=26.7 m | return_time=27 s | return_cost=1.1 % | margin_after_return=46.1 %
[INFO] [1790294663.104838919] [sage_energy_monitor]: ENERGY | remaining=67.2 % | voltage=15.61 V | drain_rate=0.041 %/s | home_distance=26.7 m | return_time=27 s | return_cost=1.1 % | margin_after_return=46.1 %
[INFO] [1790294664.105519952] [sage_energy_monitor]: ENERGY | remaining=67.1 % | voltage=15.61 V | drain_rate=0.041 %/s | home_distance=26.7 m | return_time=27 s | return_cost=1.1 % | margin_after_return=46.0 %
[INFO] [1790294665.108483262] [sage_energy_monitor]: ENERGY | remaining=67.1 % | voltage=15.61 V | drain_rate=0.041 %/s | home_distance=26.7 m | return_time=27 s | return_cost=1.1 % | margin_after_return=46.0 %
[INFO] [1790294666.111790067] [sage_energy_monitor]: ENERGY | remaining=67.1 % | voltage=15.61 V | drain_rate=0.041 %/s | home_distance=26.7 m | return_time=27 s | return_cost=1.1 % | margin_after_return=46.0 %
[INFO] [1790294667.105238510] [sage_energy_monitor]: ENERGY | remaining=67.0 % | voltage=15.61 V | drain_rate=0.041 %/s | home_distance=26.7 m | return_time=27 s | return_cost=1.1 % | margin_after_return=45.9 %
[INFO] [1790294668.104855380] [sage_energy_monitor]: ENERGY | remaining=67.0 % | voltage=15.60 V | drain_rate=0.041 %/s | home_distance=26.7 m | return_time=27 s | return_cost=1.1 % | margin_after_return=45.9 %
[INFO] [1790294669.114601616] [sage_energy_monitor]: ENERGY | remaining=66.9 % | voltage=15.60 V | drain_rate=0.041 %/s | home_distance=26.7 m | return_time=27 s | return_cost=1.1 % | margin_after_return=45.8 %
[INFO] [1790294670.105574926] [sage_energy_monitor]: ENERGY | remaining=66.9 % | voltage=15.60 V | drain_rate=0.041 %/s | home_distance=26.7 m | return_time=27 s | return_cost=1.1 % | margin_after_return=45.8 %
[INFO] [1790294671.106886230] [sage_energy_monitor]: ENERGY | remaining=66.9 % | voltage=15.60 V | drain_rate=0.041 %/s | home_distance=26.7 m | return_time=27 s | return_cost=1.1 % | margin_after_return=45.8 %
[INFO] [1790294672.111659053] [sage_energy_monitor]: ENERGY | remaining=66.8 % | voltage=15.60 V | drain_rate=0.040 %/s | home_distance=26.7 m | return_time=27 s | return_cost=1.1 % | margin_after_return=45.7 %
[INFO] [1790294673.108461743] [sage_energy_monitor]: ENERGY | remaining=66.8 % | voltage=15.60 V | drain_rate=0.040 %/s | home_distance=26.7 m | return_time=27 s | return_cost=1.1 % | margin_after_return=45.7 %
[INFO] [1790294674.104229906] [sage_energy_monitor]: ENERGY | remaining=66.7 % | voltage=15.60 V | drain_rate=0.040 %/s | home_distance=26.7 m | return_time=27 s | return_cost=1.1 % | margin_after_return=45.7 %
[INFO] [1790294675.107475317] [sage_energy_monitor]: ENERGY | remaining=66.7 % | voltage=15.60 V | drain_rate=0.040 %/s | home_distance=26.7 m | return_time=27 s | return_cost=1.1 % | margin_after_return=45.7 %
[INFO] [1790294676.106271678] [sage_energy_monitor]: ENERGY | remaining=66.7 % | voltage=15.60 V | drain_rate=0.040 %/s | home_distance=26.7 m | return_time=27 s | return_cost=1.1 % | margin_after_return=45.6 %
[INFO] [1790294677.108800263] [sage_energy_monitor]: ENERGY | remaining=66.6 % | voltage=15.60 V | drain_rate=0.039 %/s | home_distance=26.7 m | return_time=27 s | return_cost=1.1 % | margin_after_return=45.6 %
[INFO] [1790294678.106635067] [sage_energy_monitor]: ENERGY | remaining=66.6 % | voltage=15.60 V | drain_rate=0.039 %/s | home_distance=26.7 m | return_time=27 s | return_cost=1.1 % | margin_after_return=45.6 %
[INFO] [1790294679.102666664] [sage_energy_monitor]: ENERGY | remaining=66.6 % | voltage=15.60 V | drain_rate=0.039 %/s | home_distance=26.7 m | return_time=27 s | return_cost=1.1 % | margin_after_return=45.5 %
[INFO] [1790294680.103405915] [sage_energy_monitor]: ENERGY | remaining=66.5 % | voltage=15.60 V | drain_rate=0.039 %/s | home_distance=26.7 m | return_time=27 s | return_cost=1.1 % | margin_after_return=45.5 %
[INFO] [1790294681.104281119] [sage_energy_monitor]: ENERGY | remaining=66.5 % | voltage=15.60 V | drain_rate=0.039 %/s | home_distance=26.7 m | return_time=27 s | return_cost=1.1 % | margin_after_return=45.4 %
[INFO] [1790294682.103534152] [sage_energy_monitor]: ENERGY | remaining=66.4 % | voltage=15.60 V | drain_rate=0.039 %/s | home_distance=26.7 m | return_time=27 s | return_cost=1.1 % | margin_after_return=45.4 %
[INFO] [1790294683.106803650] [sage_energy_monitor]: ENERGY | remaining=66.4 % | voltage=15.59 V | drain_rate=0.039 %/s | home_distance=26.7 m | return_time=27 s | return_cost=1.0 % | margin_after_return=45.4 %
[INFO] [1790294684.103080503] [sage_energy_monitor]: ENERGY | remaining=66.4 % | voltage=15.59 V | drain_rate=0.039 %/s | home_distance=26.7 m | return_time=27 s | return_cost=1.0 % | margin_after_return=45.3 %
[INFO] [1790294685.102892299] [sage_energy_monitor]: ENERGY | remaining=66.3 % | voltage=15.59 V | drain_rate=0.039 %/s | home_distance=26.7 m | return_time=27 s | return_cost=1.0 % | margin_after_return=45.3 %
[INFO] [1790294686.108117358] [sage_energy_monitor]: ENERGY | remaining=66.3 % | voltage=15.59 V | drain_rate=0.038 %/s | home_distance=26.7 m | return_time=27 s | return_cost=1.0 % | margin_after_return=45.3 %
[INFO] [1790294687.102824627] [sage_energy_monitor]: ENERGY | remaining=66.3 % | voltage=15.59 V | drain_rate=0.038 %/s | home_distance=26.7 m | return_time=27 s | return_cost=1.0 % | margin_after_return=45.2 %
[INFO] [1790294688.107161662] [sage_energy_monitor]: ENERGY | remaining=66.2 % | voltage=15.59 V | drain_rate=0.038 %/s | home_distance=26.7 m | return_time=27 s | return_cost=1.0 % | margin_after_return=45.2 %
[INFO] [1790294689.108495297] [sage_energy_monitor]: ENERGY | remaining=66.2 % | voltage=15.59 V | drain_rate=0.038 %/s | home_distance=26.7 m | return_time=27 s | return_cost=1.0 % | margin_after_return=45.2 %
[INFO] [1790294690.106630485] [sage_energy_monitor]: ENERGY | remaining=66.2 % | voltage=15.59 V | drain_rate=0.038 %/s | home_distance=26.7 m | return_time=27 s | return_cost=1.0 % | margin_after_return=45.1 %
[INFO] [1790294691.105069294] [sage_energy_monitor]: ENERGY | remaining=66.1 % | voltage=15.59 V | drain_rate=0.038 %/s | home_distance=26.7 m | return_time=27 s | return_cost=1.0 % | margin_after_return=45.1 %
[INFO] [1790294692.102944184] [sage_energy_monitor]: ENERGY | remaining=66.1 % | voltage=15.59 V | drain_rate=0.038 %/s | home_distance=26.7 m | return_time=27 s | return_cost=1.0 % | margin_after_return=45.1 %
[INFO] [1790294693.113332278] [sage_energy_monitor]: ENERGY | remaining=66.0 % | voltage=15.59 V | drain_rate=0.038 %/s | home_distance=26.7 m | return_time=27 s | return_cost=1.0 % | margin_after_return=45.0 %
[INFO] [1790294694.106705183] [sage_energy_monitor]: ENERGY | remaining=66.0 % | voltage=15.59 V | drain_rate=0.037 %/s | home_distance=26.7 m | return_time=27 s | return_cost=1.0 % | margin_after_return=45.0 %
[INFO] [1790294695.105712725] [sage_energy_monitor]: ENERGY | remaining=66.0 % | voltage=15.59 V | drain_rate=0.037 %/s | home_distance=26.7 m | return_time=27 s | return_cost=1.0 % | margin_after_return=45.0 %
[INFO] [1790294696.104248253] [sage_energy_monitor]: ENERGY | remaining=65.9 % | voltage=15.59 V | drain_rate=0.037 %/s | home_distance=26.7 m | return_time=27 s | return_cost=1.0 % | margin_after_return=44.9 %
[INFO] [1790294697.115160187] [sage_energy_monitor]: ENERGY | remaining=65.9 % | voltage=15.59 V | drain_rate=0.037 %/s | home_distance=26.7 m | return_time=27 s | return_cost=1.0 % | margin_after_return=44.9 %
[INFO] [1790294698.106586641] [sage_energy_monitor]: ENERGY | remaining=65.9 % | voltage=15.58 V | drain_rate=0.037 %/s | home_distance=26.7 m | return_time=27 s | return_cost=1.0 % | margin_after_return=44.9 %
[INFO] [1790294699.104575873] [sage_energy_monitor]: ENERGY | remaining=65.8 % | voltage=15.58 V | drain_rate=0.037 %/s | home_distance=26.7 m | return_time=27 s | return_cost=1.0 % | margin_after_return=44.8 %
[INFO] [1790294700.105666647] [sage_energy_monitor]: ENERGY | remaining=65.8 % | voltage=15.58 V | drain_rate=0.037 %/s | home_distance=26.7 m | return_time=27 s | return_cost=1.0 % | margin_after_return=44.8 %
[INFO] [1790294701.105605926] [sage_energy_monitor]: ENERGY | remaining=65.7 % | voltage=15.58 V | drain_rate=0.037 %/s | home_distance=26.7 m | return_time=27 s | return_cost=1.0 % | margin_after_return=44.7 %
[INFO] [1790294702.102635853] [sage_energy_monitor]: ENERGY | remaining=65.7 % | voltage=15.58 V | drain_rate=0.037 %/s | home_distance=26.7 m | return_time=27 s | return_cost=1.0 % | margin_after_return=44.7 %
[INFO] [1790294703.107886834] [sage_energy_monitor]: ENERGY | remaining=65.7 % | voltage=15.58 V | drain_rate=0.037 %/s | home_distance=26.7 m | return_time=27 s | return_cost=1.0 % | margin_after_return=44.7 %
[INFO] [1790294704.106186623] [sage_energy_monitor]: ENERGY | remaining=65.6 % | voltage=15.58 V | drain_rate=0.037 %/s | home_distance=26.7 m | return_time=27 s | return_cost=1.0 % | margin_after_return=44.6 %
[INFO] [1790294705.112172010] [sage_energy_monitor]: ENERGY | remaining=65.6 % | voltage=15.58 V | drain_rate=0.037 %/s | home_distance=26.7 m | return_time=27 s | return_cost=1.0 % | margin_after_return=44.6 %
[INFO] [1790294706.105818955] [sage_energy_monitor]: ENERGY | remaining=65.6 % | voltage=15.58 V | drain_rate=0.037 %/s | home_distance=26.7 m | return_time=27 s | return_cost=1.0 % | margin_after_return=44.6 %
[INFO] [1790294707.102636714] [sage_energy_monitor]: ENERGY | remaining=65.5 % | voltage=15.58 V | drain_rate=0.037 %/s | home_distance=26.7 m | return_time=27 s | return_cost=1.0 % | margin_after_return=44.5 %
[INFO] [1790294708.106825747] [sage_energy_monitor]: ENERGY | remaining=65.5 % | voltage=15.58 V | drain_rate=0.037 %/s | home_distance=26.7 m | return_time=27 s | return_cost=1.0 % | margin_after_return=44.5 %
[INFO] [1790294709.103355348] [sage_energy_monitor]: ENERGY | remaining=65.4 % | voltage=15.58 V | drain_rate=0.037 %/s | home_distance=26.7 m | return_time=27 s | return_cost=1.0 % | margin_after_return=44.4 %
[INFO] [1790294710.102822794] [sage_energy_monitor]: ENERGY | remaining=65.4 % | voltage=15.58 V | drain_rate=0.037 %/s | home_distance=26.7 m | return_time=27 s | return_cost=1.0 % | margin_after_return=44.4 %
[INFO] [1790294711.110697582] [sage_energy_monitor]: ENERGY | remaining=65.4 % | voltage=15.58 V | drain_rate=0.037 %/s | home_distance=26.7 m | return_time=27 s | return_cost=1.0 % | margin_after_return=44.4 %
[INFO] [1790294712.107096071] [sage_energy_monitor]: ENERGY | remaining=65.3 % | voltage=15.57 V | drain_rate=0.037 %/s | home_distance=26.7 m | return_time=27 s | return_cost=1.0 % | margin_after_return=44.3 %
[INFO] [1790294713.104582820] [sage_energy_monitor]: ENERGY | remaining=65.3 % | voltage=15.57 V | drain_rate=0.037 %/s | home_distance=26.7 m | return_time=27 s | return_cost=1.0 % | margin_after_return=44.3 %
[INFO] [1790294714.103022235] [sage_energy_monitor]: ENERGY | remaining=65.3 % | voltage=15.57 V | drain_rate=0.037 %/s | home_distance=26.7 m | return_time=27 s | return_cost=1.0 % | margin_after_return=44.3 %
[INFO] [1790294715.106124458] [sage_energy_monitor]: ENERGY | remaining=65.2 % | voltage=15.57 V | drain_rate=0.037 %/s | home_distance=26.7 m | return_time=27 s | return_cost=1.0 % | margin_after_return=44.2 %
[INFO] [1790294716.104213535] [sage_energy_monitor]: ENERGY | remaining=65.2 % | voltage=15.57 V | drain_rate=0.037 %/s | home_distance=26.7 m | return_time=27 s | return_cost=1.0 % | margin_after_return=44.2 %
[INFO] [1790294717.104229895] [sage_energy_monitor]: ENERGY | remaining=65.2 % | voltage=15.57 V | drain_rate=0.037 %/s | home_distance=26.7 m | return_time=27 s | return_cost=1.0 % | margin_after_return=44.2 %
[INFO] [1790294718.109897923] [sage_energy_monitor]: ENERGY | remaining=65.1 % | voltage=15.57 V | drain_rate=0.037 %/s | home_distance=26.7 m | return_time=27 s | return_cost=1.0 % | margin_after_return=44.1 %
[INFO] [1790294719.103338322] [sage_energy_monitor]: ENERGY | remaining=65.1 % | voltage=15.57 V | drain_rate=0.037 %/s | home_distance=26.7 m | return_time=27 s | return_cost=1.0 % | margin_after_return=44.1 %
[INFO] [1790294720.102786446] [sage_energy_monitor]: ENERGY | remaining=65.0 % | voltage=15.57 V | drain_rate=0.037 %/s | home_distance=26.7 m | return_time=27 s | return_cost=1.0 % | margin_after_return=44.0 %
[INFO] [1790294721.102664338] [sage_energy_monitor]: ENERGY | remaining=65.0 % | voltage=15.57 V | drain_rate=0.037 %/s | home_distance=26.7 m | return_time=27 s | return_cost=1.0 % | margin_after_return=44.0 %
[INFO] [1790294722.102846281] [sage_energy_monitor]: ENERGY | remaining=65.0 % | voltage=15.57 V | drain_rate=0.037 %/s | home_distance=26.7 m | return_time=27 s | return_cost=1.0 % | margin_after_return=44.0 %
[INFO] [1790294723.109812083] [sage_energy_monitor]: ENERGY | remaining=64.9 % | voltage=15.57 V | drain_rate=0.037 %/s | home_distance=26.7 m | return_time=27 s | return_cost=1.0 % | margin_after_return=43.9 %
[INFO] [1790294724.111744263] [sage_energy_monitor]: ENERGY | remaining=64.9 % | voltage=15.57 V | drain_rate=0.038 %/s | home_distance=26.7 m | return_time=27 s | return_cost=1.0 % | margin_after_return=43.9 %
[INFO] [1790294725.103628785] [sage_energy_monitor]: ENERGY | remaining=64.8 % | voltage=15.57 V | drain_rate=0.038 %/s | home_distance=26.7 m | return_time=27 s | return_cost=1.0 % | margin_after_return=43.8 %
[INFO] [1790294726.108904184] [sage_energy_monitor]: ENERGY | remaining=64.8 % | voltage=15.57 V | drain_rate=0.038 %/s | home_distance=26.7 m | return_time=27 s | return_cost=1.0 % | margin_after_return=43.8 %
[INFO] [1790294727.103013723] [sage_energy_monitor]: ENERGY | remaining=64.8 % | voltage=15.56 V | drain_rate=0.038 %/s | home_distance=26.7 m | return_time=27 s | return_cost=1.0 % | margin_after_return=43.8 %
[INFO] [1790294728.104581720] [sage_energy_monitor]: ENERGY | remaining=64.7 % | voltage=15.56 V | drain_rate=0.037 %/s | home_distance=26.7 m | return_time=27 s | return_cost=1.0 % | margin_after_return=43.7 %
[INFO] [1790294729.103275709] [sage_energy_monitor]: ENERGY | remaining=64.7 % | voltage=15.56 V | drain_rate=0.037 %/s | home_distance=26.7 m | return_time=27 s | return_cost=1.0 % | margin_after_return=43.7 %
[INFO] [1790294730.112491803] [sage_energy_monitor]: ENERGY | remaining=64.7 % | voltage=15.56 V | drain_rate=0.037 %/s | home_distance=26.7 m | return_time=27 s | return_cost=1.0 % | margin_after_return=43.7 %
[INFO] [1790294731.102941567] [sage_energy_monitor]: ENERGY | remaining=64.6 % | voltage=15.56 V | drain_rate=0.037 %/s | home_distance=26.7 m | return_time=27 s | return_cost=1.0 % | margin_after_return=43.6 %
[INFO] [1790294732.104151008] [sage_energy_monitor]: ENERGY | remaining=64.6 % | voltage=15.56 V | drain_rate=0.037 %/s | home_distance=26.6 m | return_time=27 s | return_cost=1.0 % | margin_after_return=43.6 %
[INFO] [1790294733.106854053] [sage_energy_monitor]: ENERGY | remaining=64.6 % | voltage=15.56 V | drain_rate=0.037 %/s | home_distance=26.7 m | return_time=27 s | return_cost=1.0 % | margin_after_return=43.6 %
[INFO] [1790294734.102868935] [sage_energy_monitor]: ENERGY | remaining=64.5 % | voltage=15.56 V | drain_rate=0.037 %/s | home_distance=26.7 m | return_time=27 s | return_cost=1.0 % | margin_after_return=43.5 %
[INFO] [1790294735.108163385] [sage_energy_monitor]: ENERGY | remaining=64.5 % | voltage=15.56 V | drain_rate=0.037 %/s | home_distance=26.7 m | return_time=27 s | return_cost=1.0 % | margin_after_return=43.5 %
[INFO] [1790294736.105688046] [sage_energy_monitor]: ENERGY | remaining=64.4 % | voltage=15.56 V | drain_rate=0.037 %/s | home_distance=26.7 m | return_time=27 s | return_cost=1.0 % | margin_after_return=43.4 %
[INFO] [1790294737.110531808] [sage_energy_monitor]: ENERGY | remaining=64.4 % | voltage=15.56 V | drain_rate=0.037 %/s | home_distance=26.7 m | return_time=27 s | return_cost=1.0 % | margin_after_return=43.4 %
[INFO] [1790294738.105843423] [sage_energy_monitor]: ENERGY | remaining=64.4 % | voltage=15.56 V | drain_rate=0.037 %/s | home_distance=26.7 m | return_time=27 s | return_cost=1.0 % | margin_after_return=43.3 %
[INFO] [1790294739.107435307] [sage_energy_monitor]: ENERGY | remaining=64.3 % | voltage=15.56 V | drain_rate=0.037 %/s | home_distance=26.7 m | return_time=27 s | return_cost=1.0 % | margin_after_return=43.3 %
[INFO] [1790294740.108981611] [sage_energy_monitor]: ENERGY | remaining=64.3 % | voltage=15.56 V | drain_rate=0.037 %/s | home_distance=26.7 m | return_time=27 s | return_cost=1.0 % | margin_after_return=43.3 %
[INFO] [1790294741.104302609] [sage_energy_monitor]: ENERGY | remaining=64.2 % | voltage=15.56 V | drain_rate=0.038 %/s | home_distance=26.7 m | return_time=27 s | return_cost=1.0 % | margin_after_return=43.2 %
[INFO] [1790294742.103524050] [sage_energy_monitor]: ENERGY | remaining=64.2 % | voltage=15.55 V | drain_rate=0.038 %/s | home_distance=26.7 m | return_time=27 s | return_cost=1.0 % | margin_after_return=43.2 %
[INFO] [1790294743.102542841] [sage_energy_monitor]: ENERGY | remaining=64.2 % | voltage=15.55 V | drain_rate=0.038 %/s | home_distance=26.7 m | return_time=27 s | return_cost=1.0 % | margin_after_return=43.1 %
[INFO] [1790294744.103595194] [sage_energy_monitor]: ENERGY | remaining=64.1 % | voltage=15.55 V | drain_rate=0.038 %/s | home_distance=26.7 m | return_time=27 s | return_cost=1.0 % | margin_after_return=43.1 %
[INFO] [1790294745.104213539] [sage_energy_monitor]: ENERGY | remaining=64.1 % | voltage=15.55 V | drain_rate=0.038 %/s | home_distance=26.7 m | return_time=27 s | return_cost=1.0 % | margin_after_return=43.1 %
[INFO] [1790294746.103200214] [sage_energy_monitor]: ENERGY | remaining=64.1 % | voltage=15.55 V | drain_rate=0.038 %/s | home_distance=26.7 m | return_time=27 s | return_cost=1.0 % | margin_after_return=43.0 %
[INFO] [1790294747.104070185] [sage_energy_monitor]: ENERGY | remaining=64.0 % | voltage=15.55 V | drain_rate=0.038 %/s | home_distance=26.7 m | return_time=27 s | return_cost=1.0 % | margin_after_return=43.0 %
[INFO] [1790294748.104199229] [sage_energy_monitor]: ENERGY | remaining=64.0 % | voltage=15.55 V | drain_rate=0.038 %/s | home_distance=26.7 m | return_time=27 s | return_cost=1.0 % | margin_after_return=43.0 %
[INFO] [1790294749.103357368] [sage_energy_monitor]: ENERGY | remaining=63.9 % | voltage=15.55 V | drain_rate=0.038 %/s | home_distance=26.7 m | return_time=27 s | return_cost=1.0 % | margin_after_return=42.9 %
[INFO] [1790294750.109836596] [sage_energy_monitor]: ENERGY | remaining=63.9 % | voltage=15.55 V | drain_rate=0.038 %/s | home_distance=26.7 m | return_time=27 s | return_cost=1.0 % | margin_after_return=42.9 %
[INFO] [1790294751.102975132] [sage_energy_monitor]: ENERGY | remaining=63.9 % | voltage=15.55 V | drain_rate=0.038 %/s | home_distance=26.7 m | return_time=27 s | return_cost=1.0 % | margin_after_return=42.9 %
[INFO] [1790294752.103921167] [sage_energy_monitor]: ENERGY | remaining=63.8 % | voltage=15.55 V | drain_rate=0.038 %/s | home_distance=26.7 m | return_time=27 s | return_cost=1.0 % | margin_after_return=42.8 %
[INFO] [1790294753.107939460] [sage_energy_monitor]: ENERGY | remaining=63.8 % | voltage=15.55 V | drain_rate=0.038 %/s | home_distance=26.7 m | return_time=27 s | return_cost=1.0 % | margin_after_return=42.8 %
[INFO] [1790294754.104430038] [sage_energy_monitor]: ENERGY | remaining=63.8 % | voltage=15.55 V | drain_rate=0.038 %/s | home_distance=26.7 m | return_time=27 s | return_cost=1.0 % | margin_after_return=42.7 %
[INFO] [1790294755.106111372] [sage_energy_monitor]: ENERGY | remaining=63.7 % | voltage=15.55 V | drain_rate=0.038 %/s | home_distance=26.7 m | return_time=27 s | return_cost=1.0 % | margin_after_return=42.7 %
[INFO] [1790294756.106455312] [sage_energy_monitor]: ENERGY | remaining=63.7 % | voltage=15.55 V | drain_rate=0.038 %/s | home_distance=26.7 m | return_time=27 s | return_cost=1.0 % | margin_after_return=42.6 %
[INFO] [1790294757.105973748] [sage_energy_monitor]: ENERGY | remaining=63.6 % | voltage=15.54 V | drain_rate=0.038 %/s | home_distance=26.7 m | return_time=27 s | return_cost=1.0 % | margin_after_return=42.6 %
[INFO] [1790294758.108273746] [sage_energy_monitor]: ENERGY | remaining=63.6 % | voltage=15.54 V | drain_rate=0.038 %/s | home_distance=26.7 m | return_time=27 s | return_cost=1.0 % | margin_after_return=42.6 %
[INFO] [1790294759.102761667] [sage_energy_monitor]: ENERGY | remaining=63.6 % | voltage=15.54 V | drain_rate=0.038 %/s | home_distance=26.7 m | return_time=27 s | return_cost=1.0 % | margin_after_return=42.5 %
[INFO] [1790294760.104941656] [sage_energy_monitor]: ENERGY | remaining=63.5 % | voltage=15.54 V | drain_rate=0.039 %/s | home_distance=26.7 m | return_time=27 s | return_cost=1.0 % | margin_after_return=42.5 %
[INFO] [1790294761.112099076] [sage_energy_monitor]: ENERGY | remaining=63.5 % | voltage=15.54 V | drain_rate=0.039 %/s | home_distance=26.7 m | return_time=27 s | return_cost=1.1 % | margin_after_return=42.4 %
[INFO] [1790294762.107576275] [sage_energy_monitor]: ENERGY | remaining=63.4 % | voltage=15.54 V | drain_rate=0.039 %/s | home_distance=26.7 m | return_time=27 s | return_cost=1.1 % | margin_after_return=42.4 %
[INFO] [1790294763.115373876] [sage_energy_monitor]: ENERGY | remaining=63.4 % | voltage=15.54 V | drain_rate=0.039 %/s | home_distance=26.7 m | return_time=27 s | return_cost=1.1 % | margin_after_return=42.3 %
[INFO] [1790294764.106260850] [sage_energy_monitor]: ENERGY | remaining=63.3 % | voltage=15.54 V | drain_rate=0.040 %/s | home_distance=26.7 m | return_time=27 s | return_cost=1.1 % | margin_after_return=42.3 %
[INFO] [1790294765.104420920] [sage_energy_monitor]: ENERGY | remaining=63.3 % | voltage=15.54 V | drain_rate=0.040 %/s | home_distance=26.7 m | return_time=27 s | return_cost=1.1 % | margin_after_return=42.2 %
[INFO] [1790294766.105729279] [sage_energy_monitor]: ENERGY | remaining=63.3 % | voltage=15.54 V | drain_rate=0.040 %/s | home_distance=26.7 m | return_time=27 s | return_cost=1.1 % | margin_after_return=42.2 %
[INFO] [1790294767.104862854] [sage_energy_monitor]: ENERGY | remaining=63.2 % | voltage=15.54 V | drain_rate=0.040 %/s | home_distance=26.7 m | return_time=27 s | return_cost=1.1 % | margin_after_return=42.2 %
[INFO] [1790294768.110746676] [sage_energy_monitor]: ENERGY | remaining=63.2 % | voltage=15.54 V | drain_rate=0.040 %/s | home_distance=26.7 m | return_time=27 s | return_cost=1.1 % | margin_after_return=42.1 %
[INFO] [1790294769.107079827] [sage_energy_monitor]: ENERGY | remaining=63.1 % | voltage=15.54 V | drain_rate=0.040 %/s | home_distance=26.7 m | return_time=27 s | return_cost=1.1 % | margin_after_return=42.1 %
[INFO] [1790294770.105058004] [sage_energy_monitor]: ENERGY | remaining=63.1 % | voltage=15.53 V | drain_rate=0.040 %/s | home_distance=26.7 m | return_time=27 s | return_cost=1.1 % | margin_after_return=42.0 %
[INFO] [1790294771.104232518] [sage_energy_monitor]: ENERGY | remaining=63.0 % | voltage=15.53 V | drain_rate=0.040 %/s | home_distance=26.7 m | return_time=27 s | return_cost=1.1 % | margin_after_return=42.0 %
[INFO] [1790294772.102804203] [sage_energy_monitor]: ENERGY | remaining=63.0 % | voltage=15.53 V | drain_rate=0.040 %/s | home_distance=26.7 m | return_time=27 s | return_cost=1.1 % | margin_after_return=41.9 %
[INFO] [1790294773.109589510] [sage_energy_monitor]: ENERGY | remaining=63.0 % | voltage=15.53 V | drain_rate=0.040 %/s | home_distance=26.7 m | return_time=27 s | return_cost=1.1 % | margin_after_return=41.9 %
[INFO] [1790294774.108315207] [sage_energy_monitor]: ENERGY | remaining=62.9 % | voltage=15.53 V | drain_rate=0.040 %/s | home_distance=26.7 m | return_time=27 s | return_cost=1.1 % | margin_after_return=41.9 %
[INFO] [1790294775.105422134] [sage_energy_monitor]: ENERGY | remaining=62.9 % | voltage=15.53 V | drain_rate=0.040 %/s | home_distance=26.7 m | return_time=27 s | return_cost=1.1 % | margin_after_return=41.8 %
[INFO] [1790294776.104539044] [sage_energy_monitor]: ENERGY | remaining=62.8 % | voltage=15.53 V | drain_rate=0.040 %/s | home_distance=26.7 m | return_time=27 s | return_cost=1.1 % | margin_after_return=41.8 %
[INFO] [1790294777.104669351] [sage_energy_monitor]: ENERGY | remaining=62.8 % | voltage=15.53 V | drain_rate=0.040 %/s | home_distance=26.7 m | return_time=27 s | return_cost=1.1 % | margin_after_return=41.7 %
[INFO] [1790294778.103330566] [sage_energy_monitor]: ENERGY | remaining=62.8 % | voltage=15.53 V | drain_rate=0.040 %/s | home_distance=26.7 m | return_time=27 s | return_cost=1.1 % | margin_after_return=41.7 %
[INFO] [1790294779.108275564] [sage_energy_monitor]: ENERGY | remaining=62.7 % | voltage=15.53 V | drain_rate=0.041 %/s | home_distance=26.7 m | return_time=27 s | return_cost=1.1 % | margin_after_return=41.6 %
