[INFO] [1790306692.226009009] [sage_energy_monitor]: SAGE energy monitor started.
[INFO] [1790306692.226807078] [sage_energy_monitor]: Cruise speed 1.0 m/s | reserve 0.20
[INFO] [1790306695.134703543] [sage_energy_monitor]: ENERGY | remaining=99.1 % | voltage=16.18 V | drain_rate=n/a | home_distance=0.6 m | return_time=4 s | return_cost=n/a | margin_after_return=n/a
[INFO] [1790306696.133892416] [sage_energy_monitor]: ENERGY | remaining=99.0 % | voltage=16.18 V | drain_rate=n/a | home_distance=1.3 m | return_time=5 s | return_cost=n/a | margin_after_return=n/a
[INFO] [1790306697.138359703] [sage_energy_monitor]: ENERGY | remaining=99.0 % | voltage=16.18 V | drain_rate=n/a | home_distance=1.9 m | return_time=5 s | return_cost=n/a | margin_after_return=n/a
[INFO] [1790306698.135207796] [sage_energy_monitor]: ENERGY | remaining=99.0 % | voltage=16.18 V | drain_rate=n/a | home_distance=2.2 m | return_time=5 s | return_cost=n/a | margin_after_return=n/a
[INFO] [1790306699.134462239] [sage_energy_monitor]: ENERGY | remaining=98.9 % | voltage=16.18 V | drain_rate=n/a | home_distance=2.1 m | return_time=5 s | return_cost=n/a | margin_after_return=n/a
[INFO] [1790306700.135625708] [sage_energy_monitor]: ENERGY | remaining=98.9 % | voltage=16.18 V | drain_rate=0.045 %/s | home_distance=2.0 m | return_time=5 s | return_cost=0.2 % | margin_after_return=78.6 %
[INFO] [1790306701.134066909] [sage_energy_monitor]: ENERGY | remaining=98.8 % | voltage=16.18 V | drain_rate=0.044 %/s | home_distance=1.8 m | return_time=5 s | return_cost=0.2 % | margin_after_return=78.6 %
[INFO] [1790306702.136439625] [sage_energy_monitor]: ENERGY | remaining=98.8 % | voltage=16.18 V | drain_rate=0.044 %/s | home_distance=1.6 m | return_time=5 s | return_cost=0.2 % | margin_after_return=78.6 %
[INFO] [1790306703.133673043] [sage_energy_monitor]: ENERGY | remaining=98.7 % | voltage=16.18 V | drain_rate=0.043 %/s | home_distance=1.4 m | return_time=4 s | return_cost=0.2 % | margin_after_return=78.6 %
[INFO] [1790306704.135060059] [sage_energy_monitor]: ENERGY | remaining=98.7 % | voltage=16.18 V | drain_rate=0.043 %/s | home_distance=1.3 m | return_time=4 s | return_cost=0.2 % | margin_after_return=78.5 %
[INFO] [1790306705.133971116] [sage_energy_monitor]: ENERGY | remaining=98.7 % | voltage=16.17 V | drain_rate=0.043 %/s | home_distance=1.4 m | return_time=4 s | return_cost=0.2 % | margin_after_return=78.5 %
[INFO] [1790306706.134240792] [sage_energy_monitor]: ENERGY | remaining=98.6 % | voltage=16.17 V | drain_rate=0.043 %/s | home_distance=1.6 m | return_time=4 s | return_cost=0.2 % | margin_after_return=78.4 %
[INFO] [1790306707.133889555] [sage_energy_monitor]: ENERGY | remaining=98.6 % | voltage=16.17 V | drain_rate=0.042 %/s | home_distance=1.6 m | return_time=4 s | return_cost=0.2 % | margin_after_return=78.4 %
[INFO] [1790306708.133991670] [sage_energy_monitor]: ENERGY | remaining=98.5 % | voltage=16.17 V | drain_rate=0.042 %/s | home_distance=1.4 m | return_time=4 s | return_cost=0.2 % | margin_after_return=78.4 %
[INFO] [1790306709.135224834] [sage_energy_monitor]: ENERGY | remaining=98.5 % | voltage=16.17 V | drain_rate=0.042 %/s | home_distance=1.3 m | return_time=4 s | return_cost=0.2 % | margin_after_return=78.3 %
[INFO] [1790306710.135226800] [sage_energy_monitor]: ENERGY | remaining=98.5 % | voltage=16.17 V | drain_rate=0.042 %/s | home_distance=1.3 m | return_time=4 s | return_cost=0.2 % | margin_after_return=78.3 %
[INFO] [1790306711.133847054] [sage_energy_monitor]: ENERGY | remaining=98.4 % | voltage=16.17 V | drain_rate=0.042 %/s | home_distance=1.4 m | return_time=4 s | return_cost=0.2 % | margin_after_return=78.2 %
[INFO] [1790306712.135111195] [sage_energy_monitor]: ENERGY | remaining=98.4 % | voltage=16.17 V | drain_rate=0.042 %/s | home_distance=1.5 m | return_time=5 s | return_cost=0.2 % | margin_after_return=78.2 %
[INFO] [1790306713.137942604] [sage_energy_monitor]: ENERGY | remaining=98.3 % | voltage=16.17 V | drain_rate=0.042 %/s | home_distance=1.6 m | return_time=5 s | return_cost=0.2 % | margin_after_return=78.1 %
[INFO] [1790306714.133805552] [sage_energy_monitor]: ENERGY | remaining=98.3 % | voltage=16.17 V | drain_rate=0.042 %/s | home_distance=1.7 m | return_time=5 s | return_cost=0.2 % | margin_after_return=78.1 %
[INFO] [1790306715.134524117] [sage_energy_monitor]: ENERGY | remaining=98.3 % | voltage=16.17 V | drain_rate=0.041 %/s | home_distance=1.7 m | return_time=5 s | return_cost=0.2 % | margin_after_return=78.0 %
[INFO] [1790306716.141571781] [sage_energy_monitor]: ENERGY | remaining=98.2 % | voltage=16.17 V | drain_rate=0.041 %/s | home_distance=1.8 m | return_time=5 s | return_cost=0.2 % | margin_after_return=78.0 %
[INFO] [1790306717.136291253] [sage_energy_monitor]: ENERGY | remaining=98.2 % | voltage=16.17 V | drain_rate=0.041 %/s | home_distance=1.9 m | return_time=6 s | return_cost=0.2 % | margin_after_return=78.0 %
[INFO] [1790306718.135252477] [sage_energy_monitor]: ENERGY | remaining=98.1 % | voltage=16.17 V | drain_rate=0.041 %/s | home_distance=2.1 m | return_time=6 s | return_cost=0.2 % | margin_after_return=77.9 %
[INFO] [1790306719.135638855] [sage_energy_monitor]: ENERGY | remaining=98.1 % | voltage=16.16 V | drain_rate=0.041 %/s | home_distance=2.2 m | return_time=6 s | return_cost=0.2 % | margin_after_return=77.9 %
[INFO] [1790306720.136119751] [sage_energy_monitor]: ENERGY | remaining=98.1 % | voltage=16.16 V | drain_rate=0.041 %/s | home_distance=2.3 m | return_time=6 s | return_cost=0.3 % | margin_after_return=77.8 %
[INFO] [1790306721.135309927] [sage_energy_monitor]: ENERGY | remaining=98.0 % | voltage=16.16 V | drain_rate=0.041 %/s | home_distance=2.3 m | return_time=6 s | return_cost=0.3 % | margin_after_return=77.8 %
[INFO] [1790306722.134074995] [sage_energy_monitor]: ENERGY | remaining=98.0 % | voltage=16.16 V | drain_rate=0.041 %/s | home_distance=2.4 m | return_time=6 s | return_cost=0.3 % | margin_after_return=77.7 %
[INFO] [1790306723.135245918] [sage_energy_monitor]: ENERGY | remaining=97.9 % | voltage=16.16 V | drain_rate=0.041 %/s | home_distance=2.5 m | return_time=6 s | return_cost=0.3 % | margin_after_return=77.7 %
[INFO] [1790306724.134903981] [sage_energy_monitor]: ENERGY | remaining=97.9 % | voltage=16.16 V | drain_rate=0.041 %/s | home_distance=2.4 m | return_time=6 s | return_cost=0.2 % | margin_after_return=77.7 %
[INFO] [1790306725.133734041] [sage_energy_monitor]: ENERGY | remaining=97.9 % | voltage=16.16 V | drain_rate=0.041 %/s | home_distance=2.4 m | return_time=6 s | return_cost=0.2 % | margin_after_return=77.6 %
[INFO] [1790306726.135558341] [sage_energy_monitor]: ENERGY | remaining=97.8 % | voltage=16.16 V | drain_rate=0.040 %/s | home_distance=2.2 m | return_time=6 s | return_cost=0.2 % | margin_after_return=77.6 %
[INFO] [1790306727.138416728] [sage_energy_monitor]: ENERGY | remaining=97.8 % | voltage=16.16 V | drain_rate=0.040 %/s | home_distance=2.1 m | return_time=6 s | return_cost=0.2 % | margin_after_return=77.6 %
[INFO] [1790306728.134245755] [sage_energy_monitor]: ENERGY | remaining=97.8 % | voltage=16.16 V | drain_rate=0.040 %/s | home_distance=2.0 m | return_time=6 s | return_cost=0.2 % | margin_after_return=77.5 %
[INFO] [1790306729.134500491] [sage_energy_monitor]: ENERGY | remaining=97.7 % | voltage=16.16 V | drain_rate=0.040 %/s | home_distance=1.9 m | return_time=6 s | return_cost=0.2 % | margin_after_return=77.5 %
[INFO] [1790306730.137521564] [sage_energy_monitor]: ENERGY | remaining=97.7 % | voltage=16.16 V | drain_rate=0.040 %/s | home_distance=1.8 m | return_time=6 s | return_cost=0.2 % | margin_after_return=77.5 %
[INFO] [1790306731.141776125] [sage_energy_monitor]: ENERGY | remaining=97.6 % | voltage=16.16 V | drain_rate=0.040 %/s | home_distance=1.7 m | return_time=6 s | return_cost=0.2 % | margin_after_return=77.4 %
[INFO] [1790306732.134775456] [sage_energy_monitor]: ENERGY | remaining=97.6 % | voltage=16.16 V | drain_rate=0.040 %/s | home_distance=1.5 m | return_time=5 s | return_cost=0.2 % | margin_after_return=77.4 %
[INFO] [1790306733.134194057] [sage_energy_monitor]: ENERGY | remaining=97.6 % | voltage=16.16 V | drain_rate=0.040 %/s | home_distance=1.4 m | return_time=5 s | return_cost=0.2 % | margin_after_return=77.3 %
[INFO] [1790306734.134642815] [sage_energy_monitor]: ENERGY | remaining=97.5 % | voltage=16.15 V | drain_rate=0.039 %/s | home_distance=1.4 m | return_time=5 s | return_cost=0.2 % | margin_after_return=77.3 %
[INFO] [1790306735.135151722] [sage_energy_monitor]: ENERGY | remaining=97.5 % | voltage=16.15 V | drain_rate=0.039 %/s | home_distance=1.4 m | return_time=5 s | return_cost=0.2 % | margin_after_return=77.3 %
[INFO] [1790306736.138012106] [sage_energy_monitor]: ENERGY | remaining=97.5 % | voltage=16.15 V | drain_rate=0.038 %/s | home_distance=1.4 m | return_time=5 s | return_cost=0.2 % | margin_after_return=77.3 %
[INFO] [1790306737.136740095] [sage_energy_monitor]: ENERGY | remaining=97.4 % | voltage=16.15 V | drain_rate=0.038 %/s | home_distance=1.4 m | return_time=5 s | return_cost=0.2 % | margin_after_return=77.2 %
[INFO] [1790306738.138624274] [sage_energy_monitor]: ENERGY | remaining=97.4 % | voltage=16.15 V | drain_rate=0.038 %/s | home_distance=1.4 m | return_time=6 s | return_cost=0.2 % | margin_after_return=77.2 %
[INFO] [1790306739.136393383] [sage_energy_monitor]: ENERGY | remaining=97.4 % | voltage=16.15 V | drain_rate=0.038 %/s | home_distance=1.4 m | return_time=5 s | return_cost=0.2 % | margin_after_return=77.2 %
[INFO] [1790306740.134422973] [sage_energy_monitor]: ENERGY | remaining=97.3 % | voltage=16.15 V | drain_rate=0.038 %/s | home_distance=1.3 m | return_time=5 s | return_cost=0.2 % | margin_after_return=77.1 %
[INFO] [1790306741.133893801] [sage_energy_monitor]: ENERGY | remaining=97.3 % | voltage=16.15 V | drain_rate=0.037 %/s | home_distance=1.3 m | return_time=5 s | return_cost=0.2 % | margin_after_return=77.1 %
[INFO] [1790306742.138724189] [sage_energy_monitor]: ENERGY | remaining=97.3 % | voltage=16.15 V | drain_rate=0.037 %/s | home_distance=1.2 m | return_time=5 s | return_cost=0.2 % | margin_after_return=77.1 %
[INFO] [1790306743.138546647] [sage_energy_monitor]: ENERGY | remaining=97.2 % | voltage=16.15 V | drain_rate=0.037 %/s | home_distance=1.2 m | return_time=5 s | return_cost=0.2 % | margin_after_return=77.0 %
[INFO] [1790306744.135835445] [sage_energy_monitor]: ENERGY | remaining=97.2 % | voltage=16.15 V | drain_rate=0.037 %/s | home_distance=1.2 m | return_time=5 s | return_cost=0.2 % | margin_after_return=77.0 %
[INFO] [1790306745.134599521] [sage_energy_monitor]: ENERGY | remaining=97.1 % | voltage=16.15 V | drain_rate=0.037 %/s | home_distance=1.2 m | return_time=5 s | return_cost=0.2 % | margin_after_return=76.9 %
[INFO] [1790306746.135783546] [sage_energy_monitor]: ENERGY | remaining=97.1 % | voltage=16.15 V | drain_rate=0.037 %/s | home_distance=1.3 m | return_time=5 s | return_cost=0.2 % | margin_after_return=76.9 %
[INFO] [1790306747.134471561] [sage_energy_monitor]: ENERGY | remaining=97.1 % | voltage=16.15 V | drain_rate=0.037 %/s | home_distance=1.3 m | return_time=5 s | return_cost=0.2 % | margin_after_return=76.9 %
[INFO] [1790306748.134096402] [sage_energy_monitor]: ENERGY | remaining=97.0 % | voltage=16.15 V | drain_rate=0.037 %/s | home_distance=1.3 m | return_time=5 s | return_cost=0.2 % | margin_after_return=76.9 %
[INFO] [1790306749.137887663] [sage_energy_monitor]: ENERGY | remaining=97.0 % | voltage=16.15 V | drain_rate=0.036 %/s | home_distance=1.2 m | return_time=5 s | return_cost=0.2 % | margin_after_return=76.8 %
[INFO] [1790306750.135113428] [sage_energy_monitor]: ENERGY | remaining=97.0 % | voltage=16.14 V | drain_rate=0.036 %/s | home_distance=1.2 m | return_time=5 s | return_cost=0.2 % | margin_after_return=76.8 %
[INFO] [1790306751.138628067] [sage_energy_monitor]: ENERGY | remaining=97.0 % | voltage=16.14 V | drain_rate=0.036 %/s | home_distance=1.2 m | return_time=5 s | return_cost=0.2 % | margin_after_return=76.8 %
[INFO] [1790306752.134643473] [sage_energy_monitor]: ENERGY | remaining=96.9 % | voltage=16.14 V | drain_rate=0.035 %/s | home_distance=1.6 m | return_time=5 s | return_cost=0.2 % | margin_after_return=76.7 %
[INFO] [1790306753.230659350] [sage_energy_monitor]: ENERGY | remaining=96.9 % | voltage=16.14 V | drain_rate=0.035 %/s | home_distance=2.1 m | return_time=6 s | return_cost=0.2 % | margin_after_return=76.7 %
[INFO] [1790306754.139645125] [sage_energy_monitor]: ENERGY | remaining=96.9 % | voltage=16.14 V | drain_rate=0.035 %/s | home_distance=3.8 m | return_time=8 s | return_cost=0.3 % | margin_after_return=76.6 %
[INFO] [1790306755.136073258] [sage_energy_monitor]: ENERGY | remaining=96.8 % | voltage=16.14 V | drain_rate=0.035 %/s | home_distance=4.8 m | return_time=9 s | return_cost=0.3 % | margin_after_return=76.5 %
[INFO] [1790306756.135307036] [sage_energy_monitor]: ENERGY | remaining=96.8 % | voltage=16.14 V | drain_rate=0.035 %/s | home_distance=4.9 m | return_time=9 s | return_cost=0.3 % | margin_after_return=76.5 %
[INFO] [1790306757.135147510] [sage_energy_monitor]: ENERGY | remaining=96.7 % | voltage=16.14 V | drain_rate=0.035 %/s | home_distance=3.6 m | return_time=8 s | return_cost=0.3 % | margin_after_return=76.5 %
[INFO] [1790306758.135161857] [sage_energy_monitor]: ENERGY | remaining=96.7 % | voltage=16.14 V | drain_rate=0.035 %/s | home_distance=2.4 m | return_time=6 s | return_cost=0.2 % | margin_after_return=76.5 %
[INFO] [1790306759.134278900] [sage_energy_monitor]: ENERGY | remaining=96.7 % | voltage=16.14 V | drain_rate=0.035 %/s | home_distance=0.9 m | return_time=5 s | return_cost=0.2 % | margin_after_return=76.5 %
[INFO] [1790306760.135698398] [sage_energy_monitor]: ENERGY | remaining=96.6 % | voltage=16.14 V | drain_rate=0.034 %/s | home_distance=0.8 m | return_time=5 s | return_cost=0.2 % | margin_after_return=76.5 %
[INFO] [1790306761.138170706] [sage_energy_monitor]: ENERGY | remaining=96.6 % | voltage=16.14 V | drain_rate=0.034 %/s | home_distance=2.1 m | return_time=6 s | return_cost=0.2 % | margin_after_return=76.4 %
[INFO] [1790306762.139223913] [sage_energy_monitor]: ENERGY | remaining=96.6 % | voltage=16.14 V | drain_rate=0.034 %/s | home_distance=3.1 m | return_time=7 s | return_cost=0.2 % | margin_after_return=76.3 %
[INFO] [1790306763.139002488] [sage_energy_monitor]: ENERGY | remaining=96.5 % | voltage=16.14 V | drain_rate=0.034 %/s | home_distance=3.7 m | return_time=7 s | return_cost=0.3 % | margin_after_return=76.3 %
[INFO] [1790306764.140752431] [sage_energy_monitor]: ENERGY | remaining=96.5 % | voltage=16.14 V | drain_rate=0.034 %/s | home_distance=3.7 m | return_time=7 s | return_cost=0.3 % | margin_after_return=76.2 %
[INFO] [1790306765.140428907] [sage_energy_monitor]: ENERGY | remaining=96.5 % | voltage=16.14 V | drain_rate=0.035 %/s | home_distance=3.4 m | return_time=7 s | return_cost=0.2 % | margin_after_return=76.2 %
[INFO] [1790306766.135023108] [sage_energy_monitor]: ENERGY | remaining=96.4 % | voltage=16.13 V | drain_rate=0.035 %/s | home_distance=2.8 m | return_time=7 s | return_cost=0.2 % | margin_after_return=76.2 %
[INFO] [1790306767.135031234] [sage_energy_monitor]: ENERGY | remaining=96.4 % | voltage=16.13 V | drain_rate=0.035 %/s | home_distance=2.1 m | return_time=6 s | return_cost=0.2 % | margin_after_return=76.2 %
[INFO] [1790306768.136014251] [sage_energy_monitor]: ENERGY | remaining=96.4 % | voltage=16.13 V | drain_rate=0.035 %/s | home_distance=1.7 m | return_time=6 s | return_cost=0.2 % | margin_after_return=76.2 %
[INFO] [1790306769.135015504] [sage_energy_monitor]: ENERGY | remaining=96.3 % | voltage=16.13 V | drain_rate=0.035 %/s | home_distance=1.8 m | return_time=6 s | return_cost=0.2 % | margin_after_return=76.1 %
[INFO] [1790306770.134689125] [sage_energy_monitor]: ENERGY | remaining=96.3 % | voltage=16.13 V | drain_rate=0.035 %/s | home_distance=2.1 m | return_time=6 s | return_cost=0.2 % | margin_after_return=76.1 %
[INFO] [1790306771.135506922] [sage_energy_monitor]: ENERGY | remaining=96.2 % | voltage=16.13 V | drain_rate=0.035 %/s | home_distance=2.6 m | return_time=7 s | return_cost=0.2 % | margin_after_return=76.0 %
[INFO] [1790306772.133923555] [sage_energy_monitor]: ENERGY | remaining=96.2 % | voltage=16.13 V | drain_rate=0.035 %/s | home_distance=3.6 m | return_time=8 s | return_cost=0.3 % | margin_after_return=75.9 %
[INFO] [1790306773.137161032] [sage_energy_monitor]: ENERGY | remaining=96.2 % | voltage=16.13 V | drain_rate=0.035 %/s | home_distance=4.6 m | return_time=9 s | return_cost=0.3 % | margin_after_return=75.9 %
[INFO] [1790306774.134897958] [sage_energy_monitor]: ENERGY | remaining=96.1 % | voltage=16.13 V | drain_rate=0.034 %/s | home_distance=4.4 m | return_time=8 s | return_cost=0.3 % | margin_after_return=75.9 %
[INFO] [1790306775.134757369] [sage_energy_monitor]: ENERGY | remaining=96.1 % | voltage=16.13 V | drain_rate=0.034 %/s | home_distance=4.1 m | return_time=8 s | return_cost=0.3 % | margin_after_return=75.8 %
[INFO] [1790306776.136950059] [sage_energy_monitor]: ENERGY | remaining=96.1 % | voltage=16.13 V | drain_rate=0.034 %/s | home_distance=4.3 m | return_time=9 s | return_cost=0.3 % | margin_after_return=75.8 %
[INFO] [1790306777.140572698] [sage_energy_monitor]: ENERGY | remaining=96.0 % | voltage=16.13 V | drain_rate=0.034 %/s | home_distance=5.1 m | return_time=9 s | return_cost=0.3 % | margin_after_return=75.7 %
[INFO] [1790306778.136080372] [sage_energy_monitor]: ENERGY | remaining=96.0 % | voltage=16.13 V | drain_rate=0.035 %/s | home_distance=6.6 m | return_time=11 s | return_cost=0.4 % | margin_after_return=75.6 %
[INFO] [1790306779.135631026] [sage_energy_monitor]: ENERGY | remaining=96.0 % | voltage=16.13 V | drain_rate=0.035 %/s | home_distance=8.1 m | return_time=12 s | return_cost=0.4 % | margin_after_return=75.6 %
[INFO] [1790306780.138479717] [sage_energy_monitor]: ENERGY | remaining=95.9 % | voltage=16.13 V | drain_rate=0.035 %/s | home_distance=9.1 m | return_time=13 s | return_cost=0.4 % | margin_after_return=75.5 %
[INFO] [1790306781.135872403] [sage_energy_monitor]: ENERGY | remaining=95.9 % | voltage=16.13 V | drain_rate=0.035 %/s | home_distance=10.5 m | return_time=15 s | return_cost=0.5 % | margin_after_return=75.4 %
[INFO] [1790306782.136589531] [sage_energy_monitor]: ENERGY | remaining=95.9 % | voltage=16.12 V | drain_rate=0.035 %/s | home_distance=11.6 m | return_time=16 s | return_cost=0.6 % | margin_after_return=75.3 %
[INFO] [1790306783.135586217] [sage_energy_monitor]: ENERGY | remaining=95.8 % | voltage=16.12 V | drain_rate=0.035 %/s | home_distance=12.4 m | return_time=17 s | return_cost=0.6 % | margin_after_return=75.3 %
[INFO] [1790306784.136851070] [sage_energy_monitor]: ENERGY | remaining=95.8 % | voltage=16.12 V | drain_rate=0.035 %/s | home_distance=12.9 m | return_time=17 s | return_cost=0.6 % | margin_after_return=75.2 %
[INFO] [1790306785.134388539] [sage_energy_monitor]: ENERGY | remaining=95.8 % | voltage=16.12 V | drain_rate=0.035 %/s | home_distance=13.3 m | return_time=17 s | return_cost=0.6 % | margin_after_return=75.2 %
[INFO] [1790306786.138439158] [sage_energy_monitor]: ENERGY | remaining=95.7 % | voltage=16.12 V | drain_rate=0.035 %/s | home_distance=13.5 m | return_time=17 s | return_cost=0.6 % | margin_after_return=75.1 %
[INFO] [1790306787.135533158] [sage_energy_monitor]: ENERGY | remaining=95.7 % | voltage=16.12 V | drain_rate=0.035 %/s | home_distance=12.7 m | return_time=17 s | return_cost=0.6 % | margin_after_return=75.1 %
[INFO] [1790306788.136581541] [sage_energy_monitor]: ENERGY | remaining=95.7 % | voltage=16.12 V | drain_rate=0.035 %/s | home_distance=11.1 m | return_time=15 s | return_cost=0.5 % | margin_after_return=75.1 %
[INFO] [1790306789.136325295] [sage_energy_monitor]: ENERGY | remaining=95.6 % | voltage=16.12 V | drain_rate=0.035 %/s | home_distance=10.1 m | return_time=14 s | return_cost=0.5 % | margin_after_return=75.1 %
[INFO] [1790306790.136998650] [sage_energy_monitor]: ENERGY | remaining=95.6 % | voltage=16.12 V | drain_rate=0.035 %/s | home_distance=9.8 m | return_time=14 s | return_cost=0.5 % | margin_after_return=75.1 %
[INFO] [1790306791.135807109] [sage_energy_monitor]: ENERGY | remaining=95.6 % | voltage=16.12 V | drain_rate=0.035 %/s | home_distance=10.5 m | return_time=14 s | return_cost=0.5 % | margin_after_return=75.1 %
[INFO] [1790306792.138934118] [sage_energy_monitor]: ENERGY | remaining=95.5 % | voltage=16.12 V | drain_rate=0.035 %/s | home_distance=11.8 m | return_time=16 s | return_cost=0.5 % | margin_after_return=75.0 %
[INFO] [1790306793.136378030] [sage_energy_monitor]: ENERGY | remaining=95.5 % | voltage=16.12 V | drain_rate=0.035 %/s | home_distance=12.8 m | return_time=17 s | return_cost=0.6 % | margin_after_return=74.9 %
[INFO] [1790306794.140933514] [sage_energy_monitor]: ENERGY | remaining=95.5 % | voltage=16.12 V | drain_rate=0.035 %/s | home_distance=13.0 m | return_time=17 s | return_cost=0.6 % | margin_after_return=74.9 %
[INFO] [1790306795.134164376] [sage_energy_monitor]: ENERGY | remaining=95.4 % | voltage=16.12 V | drain_rate=0.035 %/s | home_distance=12.8 m | return_time=17 s | return_cost=0.6 % | margin_after_return=74.8 %
[INFO] [1790306796.138883174] [sage_energy_monitor]: ENERGY | remaining=95.4 % | voltage=16.12 V | drain_rate=0.035 %/s | home_distance=12.3 m | return_time=16 s | return_cost=0.6 % | margin_after_return=74.8 %
[INFO] [1790306797.139509478] [sage_energy_monitor]: ENERGY | remaining=95.4 % | voltage=16.12 V | drain_rate=0.034 %/s | home_distance=11.8 m | return_time=16 s | return_cost=0.5 % | margin_after_return=74.8 %
[INFO] [1790306798.135292997] [sage_energy_monitor]: ENERGY | remaining=95.3 % | voltage=16.11 V | drain_rate=0.034 %/s | home_distance=11.4 m | return_time=15 s | return_cost=0.5 % | margin_after_return=74.8 %
[INFO] [1790306799.135893455] [sage_energy_monitor]: ENERGY | remaining=95.3 % | voltage=16.11 V | drain_rate=0.034 %/s | home_distance=11.3 m | return_time=15 s | return_cost=0.5 % | margin_after_return=74.8 %
[INFO] [1790306800.143107374] [sage_energy_monitor]: ENERGY | remaining=95.3 % | voltage=16.11 V | drain_rate=0.034 %/s | home_distance=11.5 m | return_time=15 s | return_cost=0.5 % | margin_after_return=74.7 %
[INFO] [1790306801.136994683] [sage_energy_monitor]: ENERGY | remaining=95.2 % | voltage=16.11 V | drain_rate=0.034 %/s | home_distance=11.1 m | return_time=15 s | return_cost=0.5 % | margin_after_return=74.7 %
[INFO] [1790306802.134867068] [sage_energy_monitor]: ENERGY | remaining=95.2 % | voltage=16.11 V | drain_rate=0.034 %/s | home_distance=9.4 m | return_time=13 s | return_cost=0.5 % | margin_after_return=74.7 %
[INFO] [1790306803.134867068] [sage_energy_monitor]: ENERGY | remaining=95.1 % | voltage=16.11 V | drain_rate=0.034 %/s | home_distance=7.6 m | return_time=12 s | return_cost=0.4 % | margin_after_return=74.7 %
[INFO] [1790306804.133961177] [sage_energy_monitor]: ENERGY | remaining=95.1 % | voltage=16.11 V | drain_rate=0.034 %/s | home_distance=6.0 m | return_time=10 s | return_cost=0.3 % | margin_after_return=74.8 %
[INFO] [1790306805.135359073] [sage_energy_monitor]: ENERGY | remaining=95.1 % | voltage=16.11 V | drain_rate=0.034 %/s | home_distance=4.5 m | return_time=9 s | return_cost=0.3 % | margin_after_return=74.8 %
[INFO] [1790306806.136239055] [sage_energy_monitor]: ENERGY | remaining=95.0 % | voltage=16.11 V | drain_rate=0.034 %/s | home_distance=3.2 m | return_time=7 s | return_cost=0.2 % | margin_after_return=74.8 %
[INFO] [1790306807.144709721] [sage_energy_monitor]: ENERGY | remaining=95.0 % | voltage=16.11 V | drain_rate=0.035 %/s | home_distance=2.9 m | return_time=7 s | return_cost=0.2 % | margin_after_return=74.8 %
[INFO] [1790306808.143176818] [sage_energy_monitor]: ENERGY | remaining=95.0 % | voltage=16.11 V | drain_rate=0.035 %/s | home_distance=3.6 m | return_time=7 s | return_cost=0.3 % | margin_after_return=74.7 %
[INFO] [1790306809.135907656] [sage_energy_monitor]: ENERGY | remaining=94.9 % | voltage=16.11 V | drain_rate=0.035 %/s | home_distance=5.0 m | return_time=9 s | return_cost=0.3 % | margin_after_return=74.6 %
[INFO] [1790306810.136448509] [sage_energy_monitor]: ENERGY | remaining=94.9 % | voltage=16.11 V | drain_rate=0.035 %/s | home_distance=6.5 m | return_time=10 s | return_cost=0.4 % | margin_after_return=74.6 %
[INFO] [1790306811.140408793] [sage_energy_monitor]: ENERGY | remaining=94.9 % | voltage=16.11 V | drain_rate=0.035 %/s | home_distance=8.0 m | return_time=12 s | return_cost=0.4 % | margin_after_return=74.5 %
[INFO] [1790306812.134033887] [sage_energy_monitor]: ENERGY | remaining=94.8 % | voltage=16.11 V | drain_rate=0.034 %/s | home_distance=9.2 m | return_time=13 s | return_cost=0.4 % | margin_after_return=74.4 %
[INFO] [1790306813.138277289] [sage_energy_monitor]: ENERGY | remaining=94.8 % | voltage=16.11 V | drain_rate=0.034 %/s | home_distance=10.0 m | return_time=14 s | return_cost=0.5 % | margin_after_return=74.3 %
[INFO] [1790306814.134853227] [sage_energy_monitor]: ENERGY | remaining=94.8 % | voltage=16.10 V | drain_rate=0.034 %/s | home_distance=10.1 m | return_time=14 s | return_cost=0.5 % | margin_after_return=74.3 %
[INFO] [1790306815.140214963] [sage_energy_monitor]: ENERGY | remaining=94.7 % | voltage=16.10 V | drain_rate=0.034 %/s | home_distance=9.0 m | return_time=13 s | return_cost=0.4 % | margin_after_return=74.3 %
[INFO] [1790306816.137248932] [sage_energy_monitor]: ENERGY | remaining=94.7 % | voltage=16.10 V | drain_rate=0.035 %/s | home_distance=7.7 m | return_time=12 s | return_cost=0.4 % | margin_after_return=74.3 %
[INFO] [1790306817.133885902] [sage_energy_monitor]: ENERGY | remaining=94.7 % | voltage=16.10 V | drain_rate=0.035 %/s | home_distance=7.2 m | return_time=11 s | return_cost=0.4 % | margin_after_return=74.3 %
[INFO] [1790306818.149495562] [sage_energy_monitor]: ENERGY | remaining=94.6 % | voltage=16.10 V | drain_rate=0.035 %/s | home_distance=7.3 m | return_time=11 s | return_cost=0.4 % | margin_after_return=74.2 %
[INFO] [1790306819.144514459] [sage_energy_monitor]: ENERGY | remaining=94.6 % | voltage=16.10 V | drain_rate=0.035 %/s | home_distance=7.7 m | return_time=12 s | return_cost=0.4 % | margin_after_return=74.2 %
[INFO] [1790306820.142229071] [sage_energy_monitor]: ENERGY | remaining=94.6 % | voltage=16.10 V | drain_rate=0.035 %/s | home_distance=9.0 m | return_time=13 s | return_cost=0.5 % | margin_after_return=74.1 %
[INFO] [1790306821.137187003] [sage_energy_monitor]: ENERGY | remaining=94.5 % | voltage=16.10 V | drain_rate=0.035 %/s | home_distance=10.6 m | return_time=15 s | return_cost=0.5 % | margin_after_return=74.0 %
[INFO] [1790306822.138241540] [sage_energy_monitor]: ENERGY | remaining=94.5 % | voltage=16.10 V | drain_rate=0.035 %/s | home_distance=11.6 m | return_time=16 s | return_cost=0.5 % | margin_after_return=73.9 %
[INFO] [1790306823.141077173] [sage_energy_monitor]: ENERGY | remaining=94.5 % | voltage=16.10 V | drain_rate=0.035 %/s | home_distance=11.9 m | return_time=16 s | return_cost=0.5 % | margin_after_return=73.9 %
[INFO] [1790306824.135789295] [sage_energy_monitor]: ENERGY | remaining=94.4 % | voltage=16.10 V | drain_rate=0.035 %/s | home_distance=12.3 m | return_time=16 s | return_cost=0.6 % | margin_after_return=73.9 %
[INFO] [1790306825.134553367] [sage_energy_monitor]: ENERGY | remaining=94.4 % | voltage=16.10 V | drain_rate=0.035 %/s | home_distance=13.0 m | return_time=17 s | return_cost=0.6 % | margin_after_return=73.8 %
[INFO] [1790306826.135377418] [sage_energy_monitor]: ENERGY | remaining=94.3 % | voltage=16.10 V | drain_rate=0.035 %/s | home_distance=13.1 m | return_time=17 s | return_cost=0.6 % | margin_after_return=73.7 %
[INFO] [1790306827.138842473] [sage_energy_monitor]: ENERGY | remaining=94.3 % | voltage=16.10 V | drain_rate=0.035 %/s | home_distance=12.7 m | return_time=17 s | return_cost=0.6 % | margin_after_return=73.7 %
[INFO] [1790306828.135846782] [sage_energy_monitor]: ENERGY | remaining=94.3 % | voltage=16.10 V | drain_rate=0.035 %/s | home_distance=12.3 m | return_time=17 s | return_cost=0.6 % | margin_after_return=73.7 %
[INFO] [1790306829.137028943] [sage_energy_monitor]: ENERGY | remaining=94.2 % | voltage=16.10 V | drain_rate=0.035 %/s | home_distance=12.1 m | return_time=16 s | return_cost=0.6 % | margin_after_return=73.7 %
[INFO] [1790306830.135976722] [sage_energy_monitor]: ENERGY | remaining=94.2 % | voltage=16.09 V | drain_rate=0.035 %/s | home_distance=13.1 m | return_time=17 s | return_cost=0.6 % | margin_after_return=73.6 %
[INFO] [1790306831.135860769] [sage_energy_monitor]: ENERGY | remaining=94.2 % | voltage=16.09 V | drain_rate=0.035 %/s | home_distance=14.6 m | return_time=19 s | return_cost=0.7 % | margin_after_return=73.5 %
[INFO] [1790306832.135390258] [sage_energy_monitor]: ENERGY | remaining=94.1 % | voltage=16.09 V | drain_rate=0.035 %/s | home_distance=15.4 m | return_time=20 s | return_cost=0.7 % | margin_after_return=73.5 %
[INFO] [1790306833.142255836] [sage_energy_monitor]: ENERGY | remaining=94.1 % | voltage=16.09 V | drain_rate=0.035 %/s | home_distance=15.5 m | return_time=20 s | return_cost=0.7 % | margin_after_return=73.4 %
[INFO] [1790306834.139073942] [sage_energy_monitor]: ENERGY | remaining=94.1 % | voltage=16.09 V | drain_rate=0.035 %/s | home_distance=15.1 m | return_time=19 s | return_cost=0.7 % | margin_after_return=73.4 %
[INFO] [1790306835.139577485] [sage_energy_monitor]: ENERGY | remaining=94.0 % | voltage=16.09 V | drain_rate=0.035 %/s | home_distance=14.6 m | return_time=19 s | return_cost=0.7 % | margin_after_return=73.4 %
[INFO] [1790306836.134643171] [sage_energy_monitor]: ENERGY | remaining=94.0 % | voltage=16.09 V | drain_rate=0.035 %/s | home_distance=14.4 m | return_time=19 s | return_cost=0.6 % | margin_after_return=73.3 %
[INFO] [1790306837.136016569] [sage_energy_monitor]: ENERGY | remaining=94.0 % | voltage=16.09 V | drain_rate=0.035 %/s | home_distance=14.5 m | return_time=19 s | return_cost=0.7 % | margin_after_return=73.3 %
[INFO] [1790306838.135319158] [sage_energy_monitor]: ENERGY | remaining=93.9 % | voltage=16.09 V | drain_rate=0.035 %/s | home_distance=14.0 m | return_time=18 s | return_cost=0.6 % | margin_after_return=73.3 %
[INFO] [1790306839.133853033] [sage_energy_monitor]: ENERGY | remaining=93.9 % | voltage=16.09 V | drain_rate=0.035 %/s | home_distance=12.4 m | return_time=17 s | return_cost=0.6 % | margin_after_return=73.3 %
[INFO] [1790306840.134603972] [sage_energy_monitor]: ENERGY | remaining=93.9 % | voltage=16.09 V | drain_rate=0.035 %/s | home_distance=11.3 m | return_time=15 s | return_cost=0.5 % | margin_after_return=73.3 %
[INFO] [1790306841.148861129] [sage_energy_monitor]: ENERGY | remaining=93.8 % | voltage=16.09 V | drain_rate=0.035 %/s | home_distance=11.0 m | return_time=15 s | return_cost=0.5 % | margin_after_return=73.3 %
[INFO] [1790306842.136848697] [sage_energy_monitor]: ENERGY | remaining=93.8 % | voltage=16.09 V | drain_rate=0.035 %/s | home_distance=12.2 m | return_time=16 s | return_cost=0.6 % | margin_after_return=73.2 %
[INFO] [1790306843.139123439] [sage_energy_monitor]: ENERGY | remaining=93.8 % | voltage=16.09 V | drain_rate=0.035 %/s | home_distance=13.6 m | return_time=18 s | return_cost=0.6 % | margin_after_return=73.1 %
[INFO] [1790306844.136902642] [sage_energy_monitor]: ENERGY | remaining=93.7 % | voltage=16.09 V | drain_rate=0.035 %/s | home_distance=14.5 m | return_time=19 s | return_cost=0.7 % | margin_after_return=73.1 %
[INFO] [1790306845.138523054] [sage_energy_monitor]: ENERGY | remaining=93.7 % | voltage=16.09 V | drain_rate=0.035 %/s | home_distance=14.8 m | return_time=19 s | return_cost=0.7 % | margin_after_return=73.0 %
[INFO] [1790306846.136821017] [sage_energy_monitor]: ENERGY | remaining=93.7 % | voltage=16.08 V | drain_rate=0.035 %/s | home_distance=14.8 m | return_time=19 s | return_cost=0.7 % | margin_after_return=73.0 %
[INFO] [1790306847.133742075] [sage_energy_monitor]: ENERGY | remaining=93.6 % | voltage=16.08 V | drain_rate=0.035 %/s | home_distance=15.0 m | return_time=19 s | return_cost=0.7 % | margin_after_return=73.0 %
[INFO] [1790306848.138246539] [sage_energy_monitor]: ENERGY | remaining=93.6 % | voltage=16.08 V | drain_rate=0.035 %/s | home_distance=15.3 m | return_time=19 s | return_cost=0.7 % | margin_after_return=72.9 %
[INFO] [1790306849.133752508] [sage_energy_monitor]: ENERGY | remaining=93.6 % | voltage=16.08 V | drain_rate=0.035 %/s | home_distance=15.5 m | return_time=20 s | return_cost=0.7 % | margin_after_return=72.9 %
[INFO] [1790306850.136072765] [sage_energy_monitor]: ENERGY | remaining=93.5 % | voltage=16.08 V | drain_rate=0.035 %/s | home_distance=15.1 m | return_time=19 s | return_cost=0.7 % | margin_after_return=72.8 %
[INFO] [1790306851.149237571] [sage_energy_monitor]: ENERGY | remaining=93.5 % | voltage=16.08 V | drain_rate=0.035 %/s | home_distance=13.7 m | return_time=18 s | return_cost=0.6 % | margin_after_return=72.9 %
[INFO] [1790306852.136236814] [sage_energy_monitor]: ENERGY | remaining=93.5 % | voltage=16.08 V | drain_rate=0.035 %/s | home_distance=12.0 m | return_time=16 s | return_cost=0.6 % | margin_after_return=72.9 %
[INFO] [1790306853.136947189] [sage_energy_monitor]: ENERGY | remaining=93.4 % | voltage=16.08 V | drain_rate=0.035 %/s | home_distance=10.2 m | return_time=14 s | return_cost=0.5 % | margin_after_return=72.9 %
[INFO] [1790306854.134520733] [sage_energy_monitor]: ENERGY | remaining=93.4 % | voltage=16.08 V | drain_rate=0.034 %/s | home_distance=8.9 m | return_time=13 s | return_cost=0.4 % | margin_after_return=72.9 %
[INFO] [1790306855.140263507] [sage_energy_monitor]: ENERGY | remaining=93.3 % | voltage=16.08 V | drain_rate=0.034 %/s | home_distance=7.6 m | return_time=11 s | return_cost=0.4 % | margin_after_return=73.0 %
[INFO] [1790306856.135930116] [sage_energy_monitor]: ENERGY | remaining=93.3 % | voltage=16.08 V | drain_rate=0.034 %/s | home_distance=5.8 m | return_time=10 s | return_cost=0.3 % | margin_after_return=73.0 %
[INFO] [1790306857.137860697] [sage_energy_monitor]: ENERGY | remaining=93.3 % | voltage=16.08 V | drain_rate=0.034 %/s | home_distance=4.0 m | return_time=8 s | return_cost=0.3 % | margin_after_return=73.0 %
[INFO] [1790306858.136280505] [sage_energy_monitor]: ENERGY | remaining=93.2 % | voltage=16.08 V | drain_rate=0.034 %/s | home_distance=2.2 m | return_time=6 s | return_cost=0.2 % | margin_after_return=73.0 %
[INFO] [1790306859.134555161] [sage_energy_monitor]: ENERGY | remaining=93.2 % | voltage=16.08 V | drain_rate=0.034 %/s | home_distance=0.6 m | return_time=5 s | return_cost=0.2 % | margin_after_return=73.1 %
[INFO] [1790306860.137346549] [sage_energy_monitor]: ENERGY | remaining=93.2 % | voltage=16.08 V | drain_rate=0.034 %/s | home_distance=1.6 m | return_time=6 s | return_cost=0.2 % | margin_after_return=73.0 %
[INFO] [1790306861.136323610] [sage_energy_monitor]: ENERGY | remaining=93.1 % | voltage=16.08 V | drain_rate=0.034 %/s | home_distance=3.5 m | return_time=8 s | return_cost=0.3 % | margin_after_return=72.9 %
[INFO] [1790306862.135800525] [sage_energy_monitor]: ENERGY | remaining=93.1 % | voltage=16.07 V | drain_rate=0.034 %/s | home_distance=5.4 m | return_time=10 s | return_cost=0.3 % | margin_after_return=72.8 %
[INFO] [1790306863.134418825] [sage_energy_monitor]: ENERGY | remaining=93.1 % | voltage=16.07 V | drain_rate=0.034 %/s | home_distance=7.3 m | return_time=12 s | return_cost=0.4 % | margin_after_return=72.7 %
[INFO] [1790306864.135448400] [sage_energy_monitor]: ENERGY | remaining=93.0 % | voltage=16.07 V | drain_rate=0.034 %/s | home_distance=9.2 m | return_time=13 s | return_cost=0.5 % | margin_after_return=72.6 %
[INFO] [1790306865.145234688] [sage_energy_monitor]: ENERGY | remaining=93.0 % | voltage=16.07 V | drain_rate=0.034 %/s | home_distance=10.8 m | return_time=15 s | return_cost=0.5 % | margin_after_return=72.5 %
[INFO] [1790306866.135160068] [sage_energy_monitor]: ENERGY | remaining=93.0 % | voltage=16.07 V | drain_rate=0.034 %/s | home_distance=11.8 m | return_time=16 s | return_cost=0.5 % | margin_after_return=72.4 %
[INFO] [1790306867.134072993] [sage_energy_monitor]: ENERGY | remaining=92.9 % | voltage=16.07 V | drain_rate=0.035 %/s | home_distance=12.0 m | return_time=16 s | return_cost=0.6 % | margin_after_return=72.4 %
[INFO] [1790306868.136265330] [sage_energy_monitor]: ENERGY | remaining=92.9 % | voltage=16.07 V | drain_rate=0.034 %/s | home_distance=11.1 m | return_time=15 s | return_cost=0.5 % | margin_after_return=72.4 %
[INFO] [1790306869.138714084] [sage_energy_monitor]: ENERGY | remaining=92.9 % | voltage=16.07 V | drain_rate=0.035 %/s | home_distance=9.1 m | return_time=13 s | return_cost=0.5 % | margin_after_return=72.4 %
[INFO] [1790306870.137698147] [sage_energy_monitor]: ENERGY | remaining=92.8 % | voltage=16.07 V | drain_rate=0.034 %/s | home_distance=8.1 m | return_time=12 s | return_cost=0.4 % | margin_after_return=72.4 %
[INFO] [1790306871.137923558] [sage_energy_monitor]: ENERGY | remaining=92.8 % | voltage=16.07 V | drain_rate=0.035 %/s | home_distance=7.8 m | return_time=12 s | return_cost=0.4 % | margin_after_return=72.4 %
[INFO] [1790306872.135269867] [sage_energy_monitor]: ENERGY | remaining=92.7 % | voltage=16.07 V | drain_rate=0.035 %/s | home_distance=8.6 m | return_time=13 s | return_cost=0.4 % | margin_after_return=72.3 %
[INFO] [1790306873.136395624] [sage_energy_monitor]: ENERGY | remaining=92.7 % | voltage=16.07 V | drain_rate=0.035 %/s | home_distance=9.9 m | return_time=14 s | return_cost=0.5 % | margin_after_return=72.2 %
[INFO] [1790306874.136762693] [sage_energy_monitor]: ENERGY | remaining=92.7 % | voltage=16.07 V | drain_rate=0.035 %/s | home_distance=10.7 m | return_time=15 s | return_cost=0.5 % | margin_after_return=72.2 %
[INFO] [1790306875.135183912] [sage_energy_monitor]: ENERGY | remaining=92.6 % | voltage=16.07 V | drain_rate=0.035 %/s | home_distance=11.1 m | return_time=15 s | return_cost=0.5 % | margin_after_return=72.1 %
[INFO] [1790306876.141316245] [sage_energy_monitor]: ENERGY | remaining=92.6 % | voltage=16.07 V | drain_rate=0.035 %/s | home_distance=11.9 m | return_time=16 s | return_cost=0.6 % | margin_after_return=72.1 %
[INFO] [1790306877.138013103] [sage_energy_monitor]: ENERGY | remaining=92.6 % | voltage=16.07 V | drain_rate=0.035 %/s | home_distance=12.9 m | return_time=17 s | return_cost=0.6 % | margin_after_return=72.0 %
[INFO] [1790306878.137708696] [sage_energy_monitor]: ENERGY | remaining=92.5 % | voltage=16.06 V | drain_rate=0.035 %/s | home_distance=13.4 m | return_time=18 s | return_cost=0.6 % | margin_after_return=71.9 %
[INFO] [1790306879.135754105] [sage_energy_monitor]: ENERGY | remaining=92.5 % | voltage=16.06 V | drain_rate=0.035 %/s | home_distance=13.6 m | return_time=18 s | return_cost=0.6 % | margin_after_return=71.9 %
[INFO] [1790306880.134329532] [sage_energy_monitor]: ENERGY | remaining=92.5 % | voltage=16.06 V | drain_rate=0.035 %/s | home_distance=13.2 m | return_time=17 s | return_cost=0.6 % | margin_after_return=71.9 %
[INFO] [1790306881.140378263] [sage_energy_monitor]: ENERGY | remaining=92.4 % | voltage=16.06 V | drain_rate=0.035 %/s | home_distance=12.7 m | return_time=17 s | return_cost=0.6 % | margin_after_return=71.9 %
[INFO] [1790306882.134602782] [sage_energy_monitor]: ENERGY | remaining=92.4 % | voltage=16.06 V | drain_rate=0.035 %/s | home_distance=12.5 m | return_time=17 s | return_cost=0.6 % | margin_after_return=71.8 %
[INFO] [1790306883.141234096] [sage_energy_monitor]: ENERGY | remaining=92.4 % | voltage=16.06 V | drain_rate=0.035 %/s | home_distance=12.6 m | return_time=17 s | return_cost=0.6 % | margin_after_return=71.8 %
[INFO] [1790306884.136948533] [sage_energy_monitor]: ENERGY | remaining=92.3 % | voltage=16.06 V | drain_rate=0.035 %/s | home_distance=12.8 m | return_time=17 s | return_cost=0.6 % | margin_after_return=71.8 %
[INFO] [1790306885.135434467] [sage_energy_monitor]: ENERGY | remaining=92.3 % | voltage=16.06 V | drain_rate=0.035 %/s | home_distance=13.0 m | return_time=17 s | return_cost=0.6 % | margin_after_return=71.7 %
[INFO] [1790306886.139457302] [sage_energy_monitor]: ENERGY | remaining=92.3 % | voltage=16.06 V | drain_rate=0.035 %/s | home_distance=13.0 m | return_time=17 s | return_cost=0.6 % | margin_after_return=71.7 %
[INFO] [1790306887.135814256] [sage_energy_monitor]: ENERGY | remaining=92.2 % | voltage=16.06 V | drain_rate=0.035 %/s | home_distance=13.0 m | return_time=17 s | return_cost=0.6 % | margin_after_return=71.7 %
[INFO] [1790306888.138741340] [sage_energy_monitor]: ENERGY | remaining=92.2 % | voltage=16.06 V | drain_rate=0.035 %/s | home_distance=12.3 m | return_time=16 s | return_cost=0.6 % | margin_after_return=71.6 %
[INFO] [1790306889.134469674] [sage_energy_monitor]: ENERGY | remaining=92.2 % | voltage=16.06 V | drain_rate=0.035 %/s | home_distance=10.7 m | return_time=15 s | return_cost=0.5 % | margin_after_return=71.7 %
[INFO] [1790306890.135395728] [sage_energy_monitor]: ENERGY | remaining=92.1 % | voltage=16.06 V | drain_rate=0.035 %/s | home_distance=8.8 m | return_time=13 s | return_cost=0.5 % | margin_after_return=71.7 %
[INFO] [1790306891.136752362] [sage_energy_monitor]: ENERGY | remaining=92.1 % | voltage=16.06 V | drain_rate=0.035 %/s | home_distance=7.3 m | return_time=12 s | return_cost=0.4 % | margin_after_return=71.7 %
[INFO] [1790306892.134604926] [sage_energy_monitor]: ENERGY | remaining=92.1 % | voltage=16.06 V | drain_rate=0.035 %/s | home_distance=5.6 m | return_time=10 s | return_cost=0.3 % | margin_after_return=71.7 %
[INFO] [1790306893.136176630] [sage_energy_monitor]: ENERGY | remaining=92.0 % | voltage=16.06 V | drain_rate=0.035 %/s | home_distance=3.9 m | return_time=8 s | return_cost=0.3 % | margin_after_return=71.8 %
[INFO] [1790306894.137818232] [sage_energy_monitor]: ENERGY | remaining=92.0 % | voltage=16.05 V | drain_rate=0.034 %/s | home_distance=3.0 m | return_time=7 s | return_cost=0.2 % | margin_after_return=71.8 %
[INFO] [1790306895.135671467] [sage_energy_monitor]: ENERGY | remaining=92.0 % | voltage=16.05 V | drain_rate=0.034 %/s | home_distance=3.4 m | return_time=8 s | return_cost=0.3 % | margin_after_return=71.7 %
[INFO] [1790306896.143166959] [sage_energy_monitor]: ENERGY | remaining=91.9 % | voltage=16.05 V | drain_rate=0.034 %/s | home_distance=4.7 m | return_time=9 s | return_cost=0.3 % | margin_after_return=71.6 %
[INFO] [1790306897.134939095] [sage_energy_monitor]: ENERGY | remaining=91.9 % | voltage=16.05 V | drain_rate=0.034 %/s | home_distance=5.8 m | return_time=10 s | return_cost=0.3 % | margin_after_return=71.6 %
[INFO] [1790306898.135665221] [sage_energy_monitor]: ENERGY | remaining=91.9 % | voltage=16.05 V | drain_rate=0.034 %/s | home_distance=6.2 m | return_time=10 s | return_cost=0.3 % | margin_after_return=71.5 %
[INFO] [1790306899.136989151] [sage_energy_monitor]: ENERGY | remaining=91.8 % | voltage=16.05 V | drain_rate=0.034 %/s | home_distance=5.3 m | return_time=9 s | return_cost=0.3 % | margin_after_return=71.5 %
[INFO] [1790306900.137601300] [sage_energy_monitor]: ENERGY | remaining=91.8 % | voltage=16.05 V | drain_rate=0.034 %/s | home_distance=4.3 m | return_time=8 s | return_cost=0.3 % | margin_after_return=71.5 %
[INFO] [1790306901.135163525] [sage_energy_monitor]: ENERGY | remaining=91.8 % | voltage=16.05 V | drain_rate=0.034 %/s | home_distance=3.7 m | return_time=8 s | return_cost=0.3 % | margin_after_return=71.5 %
[INFO] [1790306902.134223249] [sage_energy_monitor]: ENERGY | remaining=91.7 % | voltage=16.05 V | drain_rate=0.034 %/s | home_distance=3.4 m | return_time=7 s | return_cost=0.3 % | margin_after_return=71.5 %
[INFO] [1790306903.136981411] [sage_energy_monitor]: ENERGY | remaining=91.7 % | voltage=16.05 V | drain_rate=0.034 %/s | home_distance=3.1 m | return_time=7 s | return_cost=0.2 % | margin_after_return=71.4 %
[INFO] [1790306904.135515773] [sage_energy_monitor]: ENERGY | remaining=91.7 % | voltage=16.05 V | drain_rate=0.034 %/s | home_distance=3.1 m | return_time=7 s | return_cost=0.2 % | margin_after_return=71.4 %
[INFO] [1790306905.137264133] [sage_energy_monitor]: ENERGY | remaining=91.6 % | voltage=16.05 V | drain_rate=0.034 %/s | home_distance=4.0 m | return_time=8 s | return_cost=0.3 % | margin_after_return=71.3 %
[INFO] [1790306906.136896140] [sage_energy_monitor]: ENERGY | remaining=91.6 % | voltage=16.05 V | drain_rate=0.034 %/s | home_distance=5.3 m | return_time=9 s | return_cost=0.3 % | margin_after_return=71.3 %
[INFO] [1790306907.136850428] [sage_energy_monitor]: ENERGY | remaining=91.5 % | voltage=16.05 V | drain_rate=0.034 %/s | home_distance=7.0 m | return_time=11 s | return_cost=0.4 % | margin_after_return=71.2 %
[INFO] [1790306908.133936798] [sage_energy_monitor]: ENERGY | remaining=91.5 % | voltage=16.05 V | drain_rate=0.034 %/s | home_distance=8.8 m | return_time=13 s | return_cost=0.4 % | margin_after_return=71.1 %
[INFO] [1790306909.137756660] [sage_energy_monitor]: ENERGY | remaining=91.5 % | voltage=16.05 V | drain_rate=0.034 %/s | home_distance=10.4 m | return_time=14 s | return_cost=0.5 % | margin_after_return=71.0 %
[INFO] [1790306910.135564900] [sage_energy_monitor]: ENERGY | remaining=91.4 % | voltage=16.05 V | drain_rate=0.034 %/s | home_distance=11.9 m | return_time=16 s | return_cost=0.5 % | margin_after_return=70.9 %
[INFO] [1790306911.136179343] [sage_energy_monitor]: ENERGY | remaining=91.4 % | voltage=16.04 V | drain_rate=0.034 %/s | home_distance=12.6 m | return_time=17 s | return_cost=0.6 % | margin_after_return=70.8 %
[INFO] [1790306912.137467722] [sage_energy_monitor]: ENERGY | remaining=91.4 % | voltage=16.04 V | drain_rate=0.034 %/s | home_distance=12.9 m | return_time=17 s | return_cost=0.6 % | margin_after_return=70.8 %
[INFO] [1790306913.137079482] [sage_energy_monitor]: ENERGY | remaining=91.3 % | voltage=16.04 V | drain_rate=0.034 %/s | home_distance=13.0 m | return_time=17 s | return_cost=0.6 % | margin_after_return=70.8 %
[INFO] [1790306914.134558891] [sage_energy_monitor]: ENERGY | remaining=91.3 % | voltage=16.04 V | drain_rate=0.035 %/s | home_distance=12.9 m | return_time=17 s | return_cost=0.6 % | margin_after_return=70.7 %
[INFO] [1790306915.134483747] [sage_energy_monitor]: ENERGY | remaining=91.3 % | voltage=16.04 V | drain_rate=0.035 %/s | home_distance=12.9 m | return_time=17 s | return_cost=0.6 % | margin_after_return=70.7 %
[INFO] [1790306916.135966818] [sage_energy_monitor]: ENERGY | remaining=91.2 % | voltage=16.04 V | drain_rate=0.035 %/s | home_distance=12.9 m | return_time=17 s | return_cost=0.6 % | margin_after_return=70.7 %
[INFO] [1790306917.136127179] [sage_energy_monitor]: ENERGY | remaining=91.2 % | voltage=16.04 V | drain_rate=0.034 %/s | home_distance=12.9 m | return_time=17 s | return_cost=0.6 % | margin_after_return=70.6 %
[INFO] [1790306918.134987584] [sage_energy_monitor]: ENERGY | remaining=91.2 % | voltage=16.04 V | drain_rate=0.035 %/s | home_distance=12.8 m | return_time=17 s | return_cost=0.6 % | margin_after_return=70.6 %
[INFO] [1790306919.138757316] [sage_energy_monitor]: ENERGY | remaining=91.1 % | voltage=16.04 V | drain_rate=0.035 %/s | home_distance=12.7 m | return_time=17 s | return_cost=0.6 % | margin_after_return=70.6 %
[INFO] [1790306920.146946904] [sage_energy_monitor]: ENERGY | remaining=91.1 % | voltage=16.04 V | drain_rate=0.035 %/s | home_distance=12.6 m | return_time=16 s | return_cost=0.6 % | margin_after_return=70.5 %
[INFO] [1790306921.135729541] [sage_energy_monitor]: ENERGY | remaining=91.1 % | voltage=16.04 V | drain_rate=0.035 %/s | home_distance=11.9 m | return_time=16 s | return_cost=0.6 % | margin_after_return=70.5 %
[INFO] [1790306922.135261430] [sage_energy_monitor]: ENERGY | remaining=91.0 % | voltage=16.04 V | drain_rate=0.035 %/s | home_distance=11.2 m | return_time=15 s | return_cost=0.5 % | margin_after_return=70.5 %
[INFO] [1790306923.134602125] [sage_energy_monitor]: ENERGY | remaining=91.0 % | voltage=16.04 V | drain_rate=0.035 %/s | home_distance=10.6 m | return_time=15 s | return_cost=0.5 % | margin_after_return=70.5 %
[INFO] [1790306924.137523765] [sage_energy_monitor]: ENERGY | remaining=91.0 % | voltage=16.04 V | drain_rate=0.035 %/s | home_distance=10.4 m | return_time=14 s | return_cost=0.5 % | margin_after_return=70.5 %
[INFO] [1790306925.137906477] [sage_energy_monitor]: ENERGY | remaining=90.9 % | voltage=16.04 V | drain_rate=0.035 %/s | home_distance=10.5 m | return_time=15 s | return_cost=0.5 % | margin_after_return=70.4 %
[INFO] [1790306926.138133653] [sage_energy_monitor]: ENERGY | remaining=90.9 % | voltage=16.04 V | drain_rate=0.035 %/s | home_distance=10.6 m | return_time=15 s | return_cost=0.5 % | margin_after_return=70.4 %
[INFO] [1790306927.135669390] [sage_energy_monitor]: ENERGY | remaining=90.9 % | voltage=16.03 V | drain_rate=0.035 %/s | home_distance=10.7 m | return_time=15 s | return_cost=0.5 % | margin_after_return=70.4 %
[INFO] [1790306928.137322214] [sage_energy_monitor]: ENERGY | remaining=90.8 % | voltage=16.03 V | drain_rate=0.034 %/s | home_distance=10.6 m | return_time=15 s | return_cost=0.5 % | margin_after_return=70.3 %
[INFO] [1790306929.135718241] [sage_energy_monitor]: ENERGY | remaining=90.8 % | voltage=16.03 V | drain_rate=0.035 %/s | home_distance=10.5 m | return_time=14 s | return_cost=0.5 % | margin_after_return=70.3 %
[INFO] [1790306930.135888754] [sage_energy_monitor]: ENERGY | remaining=90.8 % | voltage=16.03 V | drain_rate=0.035 %/s | home_distance=10.4 m | return_time=14 s | return_cost=0.5 % | margin_after_return=70.3 %
[INFO] [1790306931.139193881] [sage_energy_monitor]: ENERGY | remaining=90.7 % | voltage=16.03 V | drain_rate=0.035 %/s | home_distance=10.3 m | return_time=14 s | return_cost=0.5 % | margin_after_return=70.2 %
[INFO] [1790306932.135785686] [sage_energy_monitor]: ENERGY | remaining=90.7 % | voltage=16.03 V | drain_rate=0.035 %/s | home_distance=10.3 m | return_time=14 s | return_cost=0.5 % | margin_after_return=70.2 %
[INFO] [1790306933.136694814] [sage_energy_monitor]: ENERGY | remaining=90.6 % | voltage=16.03 V | drain_rate=0.035 %/s | home_distance=10.2 m | return_time=14 s | return_cost=0.5 % | margin_after_return=70.2 %
[INFO] [1790306934.135971566] [sage_energy_monitor]: ENERGY | remaining=90.6 % | voltage=16.03 V | drain_rate=0.035 %/s | home_distance=10.2 m | return_time=14 s | return_cost=0.5 % | margin_after_return=70.1 %
[INFO] [1790306935.134694818] [sage_energy_monitor]: ENERGY | remaining=90.6 % | voltage=16.03 V | drain_rate=0.035 %/s | home_distance=10.3 m | return_time=14 s | return_cost=0.5 % | margin_after_return=70.1 %
[INFO] [1790306936.135010164] [sage_energy_monitor]: ENERGY | remaining=90.5 % | voltage=16.03 V | drain_rate=0.035 %/s | home_distance=10.3 m | return_time=14 s | return_cost=0.5 % | margin_after_return=70.0 %
[INFO] [1790306937.138505724] [sage_energy_monitor]: ENERGY | remaining=90.5 % | voltage=16.03 V | drain_rate=0.035 %/s | home_distance=10.3 m | return_time=14 s | return_cost=0.5 % | margin_after_return=70.0 %
[INFO] [1790306938.139610369] [sage_energy_monitor]: ENERGY | remaining=90.5 % | voltage=16.03 V | drain_rate=0.035 %/s | home_distance=9.8 m | return_time=14 s | return_cost=0.5 % | margin_after_return=70.0 %
[INFO] [1790306939.139295207] [sage_energy_monitor]: ENERGY | remaining=90.4 % | voltage=16.03 V | drain_rate=0.035 %/s | home_distance=8.6 m | return_time=12 s | return_cost=0.4 % | margin_after_return=70.0 %
[INFO] [1790306940.135312065] [sage_energy_monitor]: ENERGY | remaining=90.4 % | voltage=16.03 V | drain_rate=0.035 %/s | home_distance=6.9 m | return_time=11 s | return_cost=0.4 % | margin_after_return=70.0 %
[INFO] [1790306941.134446251] [sage_energy_monitor]: ENERGY | remaining=90.4 % | voltage=16.03 V | drain_rate=0.035 %/s | home_distance=5.2 m | return_time=9 s | return_cost=0.3 % | margin_after_return=70.1 %
[INFO] [1790306942.135595429] [sage_energy_monitor]: ENERGY | remaining=90.3 % | voltage=16.03 V | drain_rate=0.035 %/s | home_distance=3.8 m | return_time=8 s | return_cost=0.3 % | margin_after_return=70.1 %
[INFO] [1790306943.136111626] [sage_energy_monitor]: ENERGY | remaining=90.3 % | voltage=16.02 V | drain_rate=0.035 %/s | home_distance=3.1 m | return_time=7 s | return_cost=0.2 % | margin_after_return=70.1 %
[INFO] [1790306944.135612173] [sage_energy_monitor]: ENERGY | remaining=90.3 % | voltage=16.02 V | drain_rate=0.034 %/s | home_distance=3.7 m | return_time=8 s | return_cost=0.3 % | margin_after_return=70.0 %
[INFO] [1790306945.134214580] [sage_energy_monitor]: ENERGY | remaining=90.2 % | voltage=16.02 V | drain_rate=0.034 %/s | home_distance=5.1 m | return_time=9 s | return_cost=0.3 % | margin_after_return=69.9 %
[INFO] [1790306946.134615608] [sage_energy_monitor]: ENERGY | remaining=90.2 % | voltage=16.02 V | drain_rate=0.034 %/s | home_distance=6.7 m | return_time=11 s | return_cost=0.4 % | margin_after_return=69.8 %
[INFO] [1790306947.135753188] [sage_energy_monitor]: ENERGY | remaining=90.2 % | voltage=16.02 V | drain_rate=0.034 %/s | home_distance=8.5 m | return_time=13 s | return_cost=0.4 % | margin_after_return=69.7 %
[INFO] [1790306948.137557569] [sage_energy_monitor]: ENERGY | remaining=90.1 % | voltage=16.02 V | drain_rate=0.034 %/s | home_distance=10.2 m | return_time=14 s | return_cost=0.5 % | margin_after_return=69.7 %
[INFO] [1790306949.134569591] [sage_energy_monitor]: ENERGY | remaining=90.1 % | voltage=16.02 V | drain_rate=0.034 %/s | home_distance=11.7 m | return_time=16 s | return_cost=0.5 % | margin_after_return=69.6 %
[INFO] [1790306950.139692574] [sage_energy_monitor]: ENERGY | remaining=90.1 % | voltage=16.02 V | drain_rate=0.034 %/s | home_distance=12.7 m | return_time=17 s | return_cost=0.6 % | margin_after_return=69.5 %
[INFO] [1790306951.134638334] [sage_energy_monitor]: ENERGY | remaining=90.0 % | voltage=16.02 V | drain_rate=0.034 %/s | home_distance=13.1 m | return_time=17 s | return_cost=0.6 % | margin_after_return=69.5 %
[INFO] [1790306952.136331860] [sage_energy_monitor]: ENERGY | remaining=90.0 % | voltage=16.02 V | drain_rate=0.034 %/s | home_distance=13.4 m | return_time=17 s | return_cost=0.6 % | margin_after_return=69.4 %
[INFO] [1790306953.134679316] [sage_energy_monitor]: ENERGY | remaining=90.0 % | voltage=16.02 V | drain_rate=0.034 %/s | home_distance=13.8 m | return_time=18 s | return_cost=0.6 % | margin_after_return=69.4 %
[INFO] [1790306954.134351082] [sage_energy_monitor]: ENERGY | remaining=89.9 % | voltage=16.02 V | drain_rate=0.034 %/s | home_distance=14.1 m | return_time=18 s | return_cost=0.6 % | margin_after_return=69.3 %
[INFO] [1790306955.137009770] [sage_energy_monitor]: ENERGY | remaining=89.9 % | voltage=16.02 V | drain_rate=0.034 %/s | home_distance=14.2 m | return_time=18 s | return_cost=0.6 % | margin_after_return=69.3 %
[INFO] [1790306956.136411655] [sage_energy_monitor]: ENERGY | remaining=89.9 % | voltage=16.02 V | drain_rate=0.034 %/s | home_distance=13.9 m | return_time=18 s | return_cost=0.6 % | margin_after_return=69.3 %
[INFO] [1790306957.139162915] [sage_energy_monitor]: ENERGY | remaining=89.8 % | voltage=16.02 V | drain_rate=0.034 %/s | home_distance=13.5 m | return_time=18 s | return_cost=0.6 % | margin_after_return=69.2 %
[INFO] [1790306958.141004123] [sage_energy_monitor]: ENERGY | remaining=89.8 % | voltage=16.02 V | drain_rate=0.034 %/s | home_distance=13.5 m | return_time=18 s | return_cost=0.6 % | margin_after_return=69.2 %
[INFO] [1790306959.136151121] [sage_energy_monitor]: ENERGY | remaining=89.8 % | voltage=16.01 V | drain_rate=0.034 %/s | home_distance=13.4 m | return_time=17 s | return_cost=0.6 % | margin_after_return=69.2 %
[INFO] [1790306960.142117687] [sage_energy_monitor]: ENERGY | remaining=89.7 % | voltage=16.01 V | drain_rate=0.034 %/s | home_distance=12.3 m | return_time=16 s | return_cost=0.6 % | margin_after_return=69.2 %
[INFO] [1790306961.145338346] [sage_energy_monitor]: ENERGY | remaining=89.7 % | voltage=16.01 V | drain_rate=0.034 %/s | home_distance=10.7 m | return_time=15 s | return_cost=0.5 % | margin_after_return=69.2 %
[INFO] [1790306962.139435676] [sage_energy_monitor]: ENERGY | remaining=89.7 % | voltage=16.01 V | drain_rate=0.034 %/s | home_distance=9.7 m | return_time=14 s | return_cost=0.5 % | margin_after_return=69.2 %
[INFO] [1790306963.135394683] [sage_energy_monitor]: ENERGY | remaining=89.6 % | voltage=16.01 V | drain_rate=0.034 %/s | home_distance=8.5 m | return_time=13 s | return_cost=0.4 % | margin_after_return=69.2 %
[INFO] [1790306964.135505540] [sage_energy_monitor]: ENERGY | remaining=89.6 % | voltage=16.01 V | drain_rate=0.034 %/s | home_distance=6.8 m | return_time=11 s | return_cost=0.4 % | margin_after_return=69.2 %
[INFO] [1790306965.141181886] [sage_energy_monitor]: ENERGY | remaining=89.6 % | voltage=16.01 V | drain_rate=0.033 %/s | home_distance=5.1 m | return_time=9 s | return_cost=0.3 % | margin_after_return=69.3 %
[INFO] [1790306966.134848765] [sage_energy_monitor]: ENERGY | remaining=89.5 % | voltage=16.01 V | drain_rate=0.033 %/s | home_distance=4.0 m | return_time=8 s | return_cost=0.3 % | margin_after_return=69.3 %
[INFO] [1790306967.137775956] [sage_energy_monitor]: ENERGY | remaining=89.5 % | voltage=16.01 V | drain_rate=0.033 %/s | home_distance=3.5 m | return_time=8 s | return_cost=0.3 % | margin_after_return=69.2 %
[INFO] [1790306968.135596865] [sage_energy_monitor]: ENERGY | remaining=89.5 % | voltage=16.01 V | drain_rate=0.034 %/s | home_distance=3.5 m | return_time=7 s | return_cost=0.2 % | margin_after_return=69.2 %
[INFO] [1790306969.137439209] [sage_energy_monitor]: ENERGY | remaining=89.4 % | voltage=16.01 V | drain_rate=0.034 %/s | home_distance=4.7 m | return_time=8 s | return_cost=0.3 % | margin_after_return=69.2 %
[INFO] [1790306970.134297834] [sage_energy_monitor]: ENERGY | remaining=89.4 % | voltage=16.01 V | drain_rate=0.034 %/s | home_distance=6.6 m | return_time=11 s | return_cost=0.4 % | margin_after_return=69.0 %
[INFO] [1790306971.140536512] [sage_energy_monitor]: ENERGY | remaining=89.4 % | voltage=16.01 V | drain_rate=0.033 %/s | home_distance=7.9 m | return_time=12 s | return_cost=0.4 % | margin_after_return=69.0 %
[INFO] [1790306972.134197172] [sage_energy_monitor]: ENERGY | remaining=89.3 % | voltage=16.01 V | drain_rate=0.033 %/s | home_distance=8.7 m | return_time=13 s | return_cost=0.4 % | margin_after_return=68.9 %
[INFO] [1790306973.134740141] [sage_energy_monitor]: ENERGY | remaining=89.3 % | voltage=16.01 V | drain_rate=0.034 %/s | home_distance=9.6 m | return_time=14 s | return_cost=0.5 % | margin_after_return=68.8 %
[INFO] [1790306974.147839920] [sage_energy_monitor]: ENERGY | remaining=89.3 % | voltage=16.01 V | drain_rate=0.034 %/s | home_distance=10.1 m | return_time=14 s | return_cost=0.5 % | margin_after_return=68.8 %
[INFO] [1790306975.140388089] [sage_energy_monitor]: ENERGY | remaining=89.2 % | voltage=16.01 V | drain_rate=0.034 %/s | home_distance=10.2 m | return_time=14 s | return_cost=0.5 % | margin_after_return=68.8 %
[INFO] [1790306976.140086686] [sage_energy_monitor]: ENERGY | remaining=89.2 % | voltage=16.00 V | drain_rate=0.034 %/s | home_distance=9.6 m | return_time=14 s | return_cost=0.5 % | margin_after_return=68.7 %
[INFO] [1790306977.139756649] [sage_energy_monitor]: ENERGY | remaining=89.2 % | voltage=16.00 V | drain_rate=0.034 %/s | home_distance=9.2 m | return_time=13 s | return_cost=0.4 % | margin_after_return=68.7 %
[INFO] [1790306978.141362512] [sage_energy_monitor]: ENERGY | remaining=89.1 % | voltage=16.00 V | drain_rate=0.034 %/s | home_distance=9.1 m | return_time=13 s | return_cost=0.4 % | margin_after_return=68.7 %
[INFO] [1790306979.140699073] [sage_energy_monitor]: ENERGY | remaining=89.1 % | voltage=16.00 V | drain_rate=0.034 %/s | home_distance=9.0 m | return_time=13 s | return_cost=0.4 % | margin_after_return=68.6 %
[INFO] [1790306980.138691019] [sage_energy_monitor]: ENERGY | remaining=89.1 % | voltage=16.00 V | drain_rate=0.034 %/s | home_distance=10.0 m | return_time=14 s | return_cost=0.5 % | margin_after_return=68.6 %
[INFO] [1790306981.135552572] [sage_energy_monitor]: ENERGY | remaining=89.0 % | voltage=16.00 V | drain_rate=0.034 %/s | home_distance=11.7 m | return_time=16 s | return_cost=0.5 % | margin_after_return=68.5 %
[INFO] [1790306982.136148001] [sage_energy_monitor]: ENERGY | remaining=89.0 % | voltage=16.00 V | drain_rate=0.034 %/s | home_distance=12.8 m | return_time=17 s | return_cost=0.6 % | margin_after_return=68.4 %
[INFO] [1790306983.135151716] [sage_energy_monitor]: ENERGY | remaining=89.0 % | voltage=16.00 V | drain_rate=0.034 %/s | home_distance=13.3 m | return_time=17 s | return_cost=0.6 % | margin_after_return=68.4 %
[INFO] [1790306984.136167208] [sage_energy_monitor]: ENERGY | remaining=88.9 % | voltage=16.00 V | drain_rate=0.034 %/s | home_distance=13.5 m | return_time=17 s | return_cost=0.6 % | margin_after_return=68.3 %
[INFO] [1790306985.137082448] [sage_energy_monitor]: ENERGY | remaining=88.9 % | voltage=16.00 V | drain_rate=0.034 %/s | home_distance=13.6 m | return_time=18 s | return_cost=0.6 % | margin_after_return=68.3 %
[INFO] [1790306986.134059795] [sage_energy_monitor]: ENERGY | remaining=88.8 % | voltage=16.00 V | drain_rate=0.034 %/s | home_distance=13.9 m | return_time=18 s | return_cost=0.6 % | margin_after_return=68.2 %
[INFO] [1790306987.135586435] [sage_energy_monitor]: ENERGY | remaining=88.8 % | voltage=16.00 V | drain_rate=0.035 %/s | home_distance=14.2 m | return_time=18 s | return_cost=0.6 % | margin_after_return=68.2 %
[INFO] [1790306988.136717969] [sage_energy_monitor]: ENERGY | remaining=88.8 % | voltage=16.00 V | drain_rate=0.035 %/s | home_distance=14.3 m | return_time=18 s | return_cost=0.6 % | margin_after_return=68.1 %
[INFO] [1790306989.137301391] [sage_energy_monitor]: ENERGY | remaining=88.7 % | voltage=16.00 V | drain_rate=0.035 %/s | home_distance=13.9 m | return_time=18 s | return_cost=0.6 % | margin_after_return=68.1 %
[INFO] [1790306990.137301529] [sage_energy_monitor]: ENERGY | remaining=88.7 % | voltage=16.00 V | drain_rate=0.035 %/s | home_distance=13.7 m | return_time=18 s | return_cost=0.6 % | margin_after_return=68.1 %
[INFO] [1790306991.134348262] [sage_energy_monitor]: ENERGY | remaining=88.7 % | voltage=16.00 V | drain_rate=0.035 %/s | home_distance=13.6 m | return_time=18 s | return_cost=0.6 % | margin_after_return=68.1 %
[INFO] [1790306992.137399173] [sage_energy_monitor]: ENERGY | remaining=88.6 % | voltage=15.99 V | drain_rate=0.034 %/s | home_distance=13.5 m | return_time=17 s | return_cost=0.6 % | margin_after_return=68.0 %
[INFO] [1790306993.140321767] [sage_energy_monitor]: ENERGY | remaining=88.6 % | voltage=15.99 V | drain_rate=0.035 %/s | home_distance=12.4 m | return_time=16 s | return_cost=0.6 % | margin_after_return=68.0 %
[INFO] [1790306994.137147394] [sage_energy_monitor]: ENERGY | remaining=88.6 % | voltage=15.99 V | drain_rate=0.035 %/s | home_distance=10.5 m | return_time=15 s | return_cost=0.5 % | margin_after_return=68.1 %
[INFO] [1790306995.134873093] [sage_energy_monitor]: ENERGY | remaining=88.5 % | voltage=15.99 V | drain_rate=0.035 %/s | home_distance=9.3 m | return_time=13 s | return_cost=0.5 % | margin_after_return=68.1 %
[INFO] [1790306996.134772076] [sage_energy_monitor]: ENERGY | remaining=88.5 % | voltage=15.99 V | drain_rate=0.035 %/s | home_distance=8.8 m | return_time=13 s | return_cost=0.4 % | margin_after_return=68.0 %
[INFO] [1790306997.137673187] [sage_energy_monitor]: ENERGY | remaining=88.4 % | voltage=15.99 V | drain_rate=0.035 %/s | home_distance=7.6 m | return_time=11 s | return_cost=0.4 % | margin_after_return=68.1 %
[INFO] [1790306998.137570807] [sage_energy_monitor]: ENERGY | remaining=88.4 % | voltage=15.99 V | drain_rate=0.035 %/s | home_distance=6.0 m | return_time=10 s | return_cost=0.4 % | margin_after_return=68.1 %
[INFO] [1790306999.134697222] [sage_energy_monitor]: ENERGY | remaining=88.4 % | voltage=15.99 V | drain_rate=0.035 %/s | home_distance=4.7 m | return_time=9 s | return_cost=0.3 % | margin_after_return=68.1 %
[INFO] [1790307000.134823196] [sage_energy_monitor]: ENERGY | remaining=88.3 % | voltage=15.99 V | drain_rate=0.035 %/s | home_distance=3.7 m | return_time=8 s | return_cost=0.3 % | margin_after_return=68.1 %
[INFO] [1790307001.135904444] [sage_energy_monitor]: ENERGY | remaining=88.3 % | voltage=15.99 V | drain_rate=0.035 %/s | home_distance=2.8 m | return_time=7 s | return_cost=0.2 % | margin_after_return=68.1 %
[INFO] [1790307002.138609574] [sage_energy_monitor]: ENERGY | remaining=88.3 % | voltage=15.99 V | drain_rate=0.035 %/s | home_distance=2.7 m | return_time=7 s | return_cost=0.2 % | margin_after_return=68.0 %
[INFO] [1790307003.141613736] [sage_energy_monitor]: ENERGY | remaining=88.2 % | voltage=15.99 V | drain_rate=0.035 %/s | home_distance=3.8 m | return_time=8 s | return_cost=0.3 % | margin_after_return=68.0 %
[INFO] [1790307004.137752050] [sage_energy_monitor]: ENERGY | remaining=88.2 % | voltage=15.99 V | drain_rate=0.035 %/s | home_distance=5.3 m | return_time=9 s | return_cost=0.3 % | margin_after_return=67.9 %
[INFO] [1790307005.136644638] [sage_energy_monitor]: ENERGY | remaining=88.2 % | voltage=15.99 V | drain_rate=0.035 %/s | home_distance=6.7 m | return_time=11 s | return_cost=0.4 % | margin_after_return=67.8 %
[INFO] [1790307006.136093760] [sage_energy_monitor]: ENERGY | remaining=88.1 % | voltage=15.99 V | drain_rate=0.035 %/s | home_distance=7.4 m | return_time=11 s | return_cost=0.4 % | margin_after_return=67.7 %
[INFO] [1790307007.136793559] [sage_energy_monitor]: ENERGY | remaining=88.1 % | voltage=15.99 V | drain_rate=0.035 %/s | home_distance=7.0 m | return_time=11 s | return_cost=0.4 % | margin_after_return=67.7 %
[INFO] [1790307008.137533082] [sage_energy_monitor]: ENERGY | remaining=88.1 % | voltage=15.98 V | drain_rate=0.035 %/s | home_distance=5.8 m | return_time=10 s | return_cost=0.3 % | margin_after_return=67.7 %
[INFO] [1790307009.134833915] [sage_energy_monitor]: ENERGY | remaining=88.0 % | voltage=15.98 V | drain_rate=0.035 %/s | home_distance=4.8 m | return_time=9 s | return_cost=0.3 % | margin_after_return=67.7 %
[INFO] [1790307010.134039766] [sage_energy_monitor]: ENERGY | remaining=88.0 % | voltage=15.98 V | drain_rate=0.035 %/s | home_distance=4.4 m | return_time=8 s | return_cost=0.3 % | margin_after_return=67.7 %
[INFO] [1790307011.139048921] [sage_energy_monitor]: ENERGY | remaining=88.0 % | voltage=15.98 V | drain_rate=0.035 %/s | home_distance=3.7 m | return_time=7 s | return_cost=0.3 % | margin_after_return=67.7 %
[INFO] [1790307012.137223373] [sage_energy_monitor]: ENERGY | remaining=87.9 % | voltage=15.98 V | drain_rate=0.035 %/s | home_distance=2.3 m | return_time=6 s | return_cost=0.2 % | margin_after_return=67.7 %
[INFO] [1790307013.136007632] [sage_energy_monitor]: ENERGY | remaining=87.9 % | voltage=15.98 V | drain_rate=0.035 %/s | home_distance=1.7 m | return_time=6 s | return_cost=0.2 % | margin_after_return=67.7 %
[INFO] [1790307014.134681686] [sage_energy_monitor]: ENERGY | remaining=87.9 % | voltage=15.98 V | drain_rate=0.035 %/s | home_distance=1.6 m | return_time=6 s | return_cost=0.2 % | margin_after_return=67.7 %
[INFO] [1790307015.136494625] [sage_energy_monitor]: ENERGY | remaining=87.8 % | voltage=15.98 V | drain_rate=0.035 %/s | home_distance=2.2 m | return_time=6 s | return_cost=0.2 % | margin_after_return=67.6 %
[INFO] [1790307016.134310183] [sage_energy_monitor]: ENERGY | remaining=87.8 % | voltage=15.98 V | drain_rate=0.034 %/s | home_distance=3.9 m | return_time=8 s | return_cost=0.3 % | margin_after_return=67.5 %
[INFO] [1790307017.140043283] [sage_energy_monitor]: ENERGY | remaining=87.8 % | voltage=15.98 V | drain_rate=0.034 %/s | home_distance=5.2 m | return_time=9 s | return_cost=0.3 % | margin_after_return=67.5 %
[INFO] [1790307018.134393650] [sage_energy_monitor]: ENERGY | remaining=87.7 % | voltage=15.98 V | drain_rate=0.034 %/s | home_distance=6.0 m | return_time=10 s | return_cost=0.3 % | margin_after_return=67.4 %
[INFO] [1790307019.138604713] [sage_energy_monitor]: ENERGY | remaining=87.7 % | voltage=15.98 V | drain_rate=0.034 %/s | home_distance=7.2 m | return_time=11 s | return_cost=0.4 % | margin_after_return=67.3 %
[INFO] [1790307020.134401249] [sage_energy_monitor]: ENERGY | remaining=87.7 % | voltage=15.98 V | drain_rate=0.034 %/s | home_distance=8.6 m | return_time=13 s | return_cost=0.4 % | margin_after_return=67.2 %
[INFO] [1790307021.142374611] [sage_energy_monitor]: ENERGY | remaining=87.6 % | voltage=15.98 V | drain_rate=0.034 %/s | home_distance=9.8 m | return_time=14 s | return_cost=0.5 % | margin_after_return=67.2 %
[INFO] [1790307022.136793184] [sage_energy_monitor]: ENERGY | remaining=87.6 % | voltage=15.98 V | drain_rate=0.034 %/s | home_distance=10.9 m | return_time=15 s | return_cost=0.5 % | margin_after_return=67.1 %
[INFO] [1790307023.138184473] [sage_energy_monitor]: ENERGY | remaining=87.6 % | voltage=15.98 V | drain_rate=0.034 %/s | home_distance=11.3 m | return_time=15 s | return_cost=0.5 % | margin_after_return=67.1 %
[INFO] [1790307024.139148956] [sage_energy_monitor]: ENERGY | remaining=87.5 % | voltage=15.97 V | drain_rate=0.034 %/s | home_distance=10.4 m | return_time=14 s | return_cost=0.5 % | margin_after_return=67.1 %
[INFO] [1790307025.138759069] [sage_energy_monitor]: ENERGY | remaining=87.5 % | voltage=15.97 V | drain_rate=0.034 %/s | home_distance=8.6 m | return_time=12 s | return_cost=0.4 % | margin_after_return=67.1 %
[INFO] [1790307026.134723526] [sage_energy_monitor]: ENERGY | remaining=87.5 % | voltage=15.97 V | drain_rate=0.034 %/s | home_distance=6.9 m | return_time=11 s | return_cost=0.4 % | margin_after_return=67.1 %
[INFO] [1790307027.140665539] [sage_energy_monitor]: ENERGY | remaining=87.4 % | voltage=15.97 V | drain_rate=0.033 %/s | home_distance=5.1 m | return_time=9 s | return_cost=0.3 % | margin_after_return=67.1 %
[INFO] [1790307028.134940995] [sage_energy_monitor]: ENERGY | remaining=87.4 % | voltage=15.97 V | drain_rate=0.034 %/s | home_distance=3.2 m | return_time=7 s | return_cost=0.2 % | margin_after_return=67.2 %
[INFO] [1790307029.134446807] [sage_energy_monitor]: ENERGY | remaining=87.4 % | voltage=15.97 V | drain_rate=0.034 %/s | home_distance=1.8 m | return_time=6 s | return_cost=0.2 % | margin_after_return=67.2 %
[INFO] [1790307030.141193921] [sage_energy_monitor]: ENERGY | remaining=87.3 % | voltage=15.97 V | drain_rate=0.033 %/s | home_distance=1.8 m | return_time=6 s | return_cost=0.2 % | margin_after_return=67.1 %
[INFO] [1790307031.135311346] [sage_energy_monitor]: ENERGY | remaining=87.3 % | voltage=15.97 V | drain_rate=0.034 %/s | home_distance=3.5 m | return_time=8 s | return_cost=0.3 % | margin_after_return=67.1 %
[INFO] [1790307032.134566755] [sage_energy_monitor]: ENERGY | remaining=87.3 % | voltage=15.97 V | drain_rate=0.034 %/s | home_distance=5.3 m | return_time=9 s | return_cost=0.3 % | margin_after_return=67.0 %
[INFO] [1790307033.134367088] [sage_energy_monitor]: ENERGY | remaining=87.2 % | voltage=15.97 V | drain_rate=0.034 %/s | home_distance=7.3 m | return_time=11 s | return_cost=0.4 % | margin_after_return=66.9 %
[INFO] [1790307034.134957580] [sage_energy_monitor]: ENERGY | remaining=87.2 % | voltage=15.97 V | drain_rate=0.034 %/s | home_distance=9.3 m | return_time=13 s | return_cost=0.4 % | margin_after_return=66.7 %
[INFO] [1790307035.137239683] [sage_energy_monitor]: ENERGY | remaining=87.2 % | voltage=15.97 V | drain_rate=0.034 %/s | home_distance=11.2 m | return_time=15 s | return_cost=0.5 % | margin_after_return=66.6 %
[INFO] [1790307036.134253317] [sage_energy_monitor]: ENERGY | remaining=87.1 % | voltage=15.97 V | drain_rate=0.034 %/s | home_distance=13.2 m | return_time=17 s | return_cost=0.6 % | margin_after_return=66.5 %
[INFO] [1790307037.136572817] [sage_energy_monitor]: ENERGY | remaining=87.1 % | voltage=15.97 V | drain_rate=0.034 %/s | home_distance=14.5 m | return_time=18 s | return_cost=0.6 % | margin_after_return=66.5 %
[INFO] [1790307038.135632772] [sage_energy_monitor]: ENERGY | remaining=87.1 % | voltage=15.97 V | drain_rate=0.034 %/s | home_distance=15.1 m | return_time=19 s | return_cost=0.6 % | margin_after_return=66.4 %
[INFO] [1790307039.136714893] [sage_energy_monitor]: ENERGY | remaining=87.0 % | voltage=15.97 V | drain_rate=0.034 %/s | home_distance=15.1 m | return_time=19 s | return_cost=0.6 % | margin_after_return=66.4 %
[INFO] [1790307040.138795578] [sage_energy_monitor]: ENERGY | remaining=87.0 % | voltage=15.96 V | drain_rate=0.034 %/s | home_distance=14.8 m | return_time=19 s | return_cost=0.6 % | margin_after_return=66.3 %
[INFO] [1790307041.133852920] [sage_energy_monitor]: ENERGY | remaining=86.9 % | voltage=15.96 V | drain_rate=0.034 %/s | home_distance=14.7 m | return_time=19 s | return_cost=0.6 % | margin_after_return=66.3 %
[INFO] [1790307042.133846526] [sage_energy_monitor]: ENERGY | remaining=86.9 % | voltage=15.96 V | drain_rate=0.034 %/s | home_distance=14.7 m | return_time=19 s | return_cost=0.6 % | margin_after_return=66.3 %
[INFO] [1790307043.134482193] [sage_energy_monitor]: ENERGY | remaining=86.9 % | voltage=15.96 V | drain_rate=0.034 %/s | home_distance=15.4 m | return_time=19 s | return_cost=0.7 % | margin_after_return=66.2 %
[INFO] [1790307044.135529837] [sage_energy_monitor]: ENERGY | remaining=86.8 % | voltage=15.96 V | drain_rate=0.035 %/s | home_distance=17.0 m | return_time=21 s | return_cost=0.7 % | margin_after_return=66.1 %
[INFO] [1790307045.136934200] [sage_energy_monitor]: ENERGY | remaining=86.8 % | voltage=15.96 V | drain_rate=0.035 %/s | home_distance=18.3 m | return_time=23 s | return_cost=0.8 % | margin_after_return=66.0 %
[INFO] [1790307046.140770309] [sage_energy_monitor]: ENERGY | remaining=86.8 % | voltage=15.96 V | drain_rate=0.034 %/s | home_distance=18.7 m | return_time=23 s | return_cost=0.8 % | margin_after_return=66.0 %
[INFO] [1790307047.138249906] [sage_energy_monitor]: ENERGY | remaining=86.7 % | voltage=15.96 V | drain_rate=0.035 %/s | home_distance=17.6 m | return_time=21 s | return_cost=0.7 % | margin_after_return=66.0 %
[INFO] [1790307048.135233168] [sage_energy_monitor]: ENERGY | remaining=86.7 % | voltage=15.96 V | drain_rate=0.035 %/s | home_distance=15.8 m | return_time=20 s | return_cost=0.7 % | margin_after_return=66.0 %
[INFO] [1790307049.136604709] [sage_energy_monitor]: ENERGY | remaining=86.7 % | voltage=15.96 V | drain_rate=0.035 %/s | home_distance=14.0 m | return_time=18 s | return_cost=0.6 % | margin_after_return=66.0 %
[INFO] [1790307050.135620822] [sage_energy_monitor]: ENERGY | remaining=86.6 % | voltage=15.96 V | drain_rate=0.035 %/s | home_distance=11.9 m | return_time=16 s | return_cost=0.6 % | margin_after_return=66.1 %
[INFO] [1790307051.134674026] [sage_energy_monitor]: ENERGY | remaining=86.6 % | voltage=15.96 V | drain_rate=0.035 %/s | home_distance=9.9 m | return_time=14 s | return_cost=0.5 % | margin_after_return=66.1 %
[INFO] [1790307052.135284066] [sage_energy_monitor]: ENERGY | remaining=86.6 % | voltage=15.96 V | drain_rate=0.035 %/s | home_distance=8.1 m | return_time=12 s | return_cost=0.4 % | margin_after_return=66.1 %
[INFO] [1790307053.141250384] [sage_energy_monitor]: ENERGY | remaining=86.5 % | voltage=15.96 V | drain_rate=0.035 %/s | home_distance=6.2 m | return_time=10 s | return_cost=0.4 % | margin_after_return=66.2 %
[INFO] [1790307054.140575936] [sage_energy_monitor]: ENERGY | remaining=86.5 % | voltage=15.96 V | drain_rate=0.035 %/s | home_distance=4.3 m | return_time=8 s | return_cost=0.3 % | margin_after_return=66.2 %
[INFO] [1790307055.137188310] [sage_energy_monitor]: ENERGY | remaining=86.5 % | voltage=15.96 V | drain_rate=0.035 %/s | home_distance=2.7 m | return_time=7 s | return_cost=0.2 % | margin_after_return=66.2 %
[INFO] [1790307056.134630255] [sage_energy_monitor]: ENERGY | remaining=86.4 % | voltage=15.95 V | drain_rate=0.035 %/s | home_distance=1.0 m | return_time=5 s | return_cost=0.2 % | margin_after_return=66.2 %
[INFO] [1790307057.139569190] [sage_energy_monitor]: ENERGY | remaining=86.4 % | voltage=15.95 V | drain_rate=0.035 %/s | home_distance=0.7 m | return_time=5 s | return_cost=0.2 % | margin_after_return=66.2 %
[INFO] [1790307058.136691120] [sage_energy_monitor]: ENERGY | remaining=86.4 % | voltage=15.95 V | drain_rate=0.035 %/s | home_distance=2.4 m | return_time=7 s | return_cost=0.2 % | margin_after_return=66.1 %
[INFO] [1790307059.134299288] [sage_energy_monitor]: ENERGY | remaining=86.3 % | voltage=15.95 V | drain_rate=0.035 %/s | home_distance=4.3 m | return_time=8 s | return_cost=0.3 % | margin_after_return=66.0 %
[INFO] [1790307060.142527727] [sage_energy_monitor]: ENERGY | remaining=86.3 % | voltage=15.95 V | drain_rate=0.035 %/s | home_distance=6.2 m | return_time=10 s | return_cost=0.4 % | margin_after_return=65.9 %
[INFO] [1790307061.137319624] [sage_energy_monitor]: ENERGY | remaining=86.3 % | voltage=15.95 V | drain_rate=0.035 %/s | home_distance=7.8 m | return_time=12 s | return_cost=0.4 % | margin_after_return=65.8 %
[INFO] [1790307062.134180542] [sage_energy_monitor]: ENERGY | remaining=86.2 % | voltage=15.95 V | drain_rate=0.035 %/s | home_distance=8.7 m | return_time=13 s | return_cost=0.5 % | margin_after_return=65.8 %
[INFO] [1790307063.133936091] [sage_energy_monitor]: ENERGY | remaining=86.2 % | voltage=15.95 V | drain_rate=0.035 %/s | home_distance=8.7 m | return_time=13 s | return_cost=0.4 % | margin_after_return=65.7 %
[INFO] [1790307064.133789922] [sage_energy_monitor]: ENERGY | remaining=86.1 % | voltage=15.95 V | drain_rate=0.035 %/s | home_distance=7.7 m | return_time=12 s | return_cost=0.4 % | margin_after_return=65.7 %
[INFO] [1790307065.136642371] [sage_energy_monitor]: ENERGY | remaining=86.1 % | voltage=15.95 V | drain_rate=0.035 %/s | home_distance=6.9 m | return_time=11 s | return_cost=0.4 % | margin_after_return=65.7 %
[INFO] [1790307066.138420911] [sage_energy_monitor]: ENERGY | remaining=86.1 % | voltage=15.95 V | drain_rate=0.035 %/s | home_distance=6.4 m | return_time=11 s | return_cost=0.4 % | margin_after_return=65.7 %
[INFO] [1790307067.135345732] [sage_energy_monitor]: ENERGY | remaining=86.0 % | voltage=15.95 V | drain_rate=0.035 %/s | home_distance=6.3 m | return_time=10 s | return_cost=0.4 % | margin_after_return=65.7 %
[INFO] [1790307068.134146338] [sage_energy_monitor]: ENERGY | remaining=86.0 % | voltage=15.95 V | drain_rate=0.035 %/s | home_distance=7.5 m | return_time=12 s | return_cost=0.4 % | margin_after_return=65.6 %
[INFO] [1790307069.141351002] [sage_energy_monitor]: ENERGY | remaining=86.0 % | voltage=15.95 V | drain_rate=0.035 %/s | home_distance=8.9 m | return_time=13 s | return_cost=0.5 % | margin_after_return=65.5 %
[INFO] [1790307070.137230901] [sage_energy_monitor]: ENERGY | remaining=85.9 % | voltage=15.95 V | drain_rate=0.035 %/s | home_distance=9.4 m | return_time=14 s | return_cost=0.5 % | margin_after_return=65.5 %
[INFO] [1790307071.139935014] [sage_energy_monitor]: ENERGY | remaining=85.9 % | voltage=15.95 V | drain_rate=0.035 %/s | home_distance=9.5 m | return_time=14 s | return_cost=0.5 % | margin_after_return=65.4 %
[INFO] [1790307072.134071894] [sage_energy_monitor]: ENERGY | remaining=85.9 % | voltage=15.94 V | drain_rate=0.035 %/s | home_distance=9.3 m | return_time=13 s | return_cost=0.5 % | margin_after_return=65.4 %
[INFO] [1790307073.134964541] [sage_energy_monitor]: ENERGY | remaining=85.8 % | voltage=15.94 V | drain_rate=0.035 %/s | home_distance=9.3 m | return_time=13 s | return_cost=0.5 % | margin_after_return=65.4 %
[INFO] [1790307074.139799597] [sage_energy_monitor]: ENERGY | remaining=85.8 % | voltage=15.94 V | drain_rate=0.035 %/s | home_distance=9.7 m | return_time=14 s | return_cost=0.5 % | margin_after_return=65.3 %
[INFO] [1790307075.133971365] [sage_energy_monitor]: ENERGY | remaining=85.8 % | voltage=15.94 V | drain_rate=0.035 %/s | home_distance=10.3 m | return_time=14 s | return_cost=0.5 % | margin_after_return=65.3 %
[INFO] [1790307076.136896961] [sage_energy_monitor]: ENERGY | remaining=85.7 % | voltage=15.94 V | drain_rate=0.035 %/s | home_distance=10.6 m | return_time=15 s | return_cost=0.5 % | margin_after_return=65.2 %
[INFO] [1790307077.141503381] [sage_energy_monitor]: ENERGY | remaining=85.7 % | voltage=15.94 V | drain_rate=0.035 %/s | home_distance=10.7 m | return_time=15 s | return_cost=0.5 % | margin_after_return=65.2 %
[INFO] [1790307078.134674028] [sage_energy_monitor]: ENERGY | remaining=85.7 % | voltage=15.94 V | drain_rate=0.035 %/s | home_distance=10.7 m | return_time=15 s | return_cost=0.5 % | margin_after_return=65.1 %
[INFO] [1790307079.133948282] [sage_energy_monitor]: ENERGY | remaining=85.6 % | voltage=15.94 V | drain_rate=0.035 %/s | home_distance=10.9 m | return_time=15 s | return_cost=0.5 % | margin_after_return=65.1 %
[INFO] [1790307080.141322009] [sage_energy_monitor]: ENERGY | remaining=85.6 % | voltage=15.94 V | drain_rate=0.035 %/s | home_distance=11.0 m | return_time=15 s | return_cost=0.5 % | margin_after_return=65.1 %
[INFO] [1790307081.135710570] [sage_energy_monitor]: ENERGY | remaining=85.6 % | voltage=15.94 V | drain_rate=0.035 %/s | home_distance=11.0 m | return_time=15 s | return_cost=0.5 % | margin_after_return=65.0 %
[INFO] [1790307082.137139561] [sage_energy_monitor]: ENERGY | remaining=85.5 % | voltage=15.94 V | drain_rate=0.035 %/s | home_distance=11.0 m | return_time=15 s | return_cost=0.5 % | margin_after_return=65.0 %
[INFO] [1790307083.138138174] [sage_energy_monitor]: ENERGY | remaining=85.5 % | voltage=15.94 V | drain_rate=0.035 %/s | home_distance=10.9 m | return_time=15 s | return_cost=0.5 % | margin_after_return=65.0 %
[INFO] [1790307084.135063876] [sage_energy_monitor]: ENERGY | remaining=85.5 % | voltage=15.94 V | drain_rate=0.034 %/s | home_distance=10.7 m | return_time=15 s | return_cost=0.5 % | margin_after_return=64.9 %
[INFO] [1790307085.134983693] [sage_energy_monitor]: ENERGY | remaining=85.4 % | voltage=15.94 V | drain_rate=0.035 %/s | home_distance=9.7 m | return_time=14 s | return_cost=0.5 % | margin_after_return=64.9 %
[INFO] [1790307086.144362246] [sage_energy_monitor]: ENERGY | remaining=85.4 % | voltage=15.94 V | drain_rate=0.035 %/s | home_distance=8.4 m | return_time=13 s | return_cost=0.4 % | margin_after_return=64.9 %
[INFO] [1790307087.138534562] [sage_energy_monitor]: ENERGY | remaining=85.3 % | voltage=15.94 V | drain_rate=0.035 %/s | home_distance=7.7 m | return_time=12 s | return_cost=0.4 % | margin_after_return=64.9 %
[INFO] [1790307088.134283669] [sage_energy_monitor]: ENERGY | remaining=85.3 % | voltage=15.93 V | drain_rate=0.035 %/s | home_distance=7.9 m | return_time=12 s | return_cost=0.4 % | margin_after_return=64.9 %
[INFO] [1790307089.134087316] [sage_energy_monitor]: ENERGY | remaining=85.3 % | voltage=15.93 V | drain_rate=0.035 %/s | home_distance=8.8 m | return_time=13 s | return_cost=0.4 % | margin_after_return=64.8 %
[INFO] [1790307090.140403166] [sage_energy_monitor]: ENERGY | remaining=85.2 % | voltage=15.93 V | drain_rate=0.035 %/s | home_distance=9.4 m | return_time=13 s | return_cost=0.5 % | margin_after_return=64.8 %
[INFO] [1790307091.136313968] [sage_energy_monitor]: ENERGY | remaining=85.2 % | voltage=15.93 V | drain_rate=0.035 %/s | home_distance=9.7 m | return_time=13 s | return_cost=0.5 % | margin_after_return=64.7 %
[INFO] [1790307092.142836088] [sage_energy_monitor]: ENERGY | remaining=85.2 % | voltage=15.93 V | drain_rate=0.035 %/s | home_distance=10.6 m | return_time=14 s | return_cost=0.5 % | margin_after_return=64.7 %
[INFO] [1790307093.134596687] [sage_energy_monitor]: ENERGY | remaining=85.1 % | voltage=15.93 V | drain_rate=0.035 %/s | home_distance=11.5 m | return_time=15 s | return_cost=0.5 % | margin_after_return=64.6 %
[INFO] [1790307094.136484155] [sage_energy_monitor]: ENERGY | remaining=85.1 % | voltage=15.93 V | drain_rate=0.035 %/s | home_distance=12.1 m | return_time=16 s | return_cost=0.6 % | margin_after_return=64.6 %
[INFO] [1790307095.134721614] [sage_energy_monitor]: ENERGY | remaining=85.1 % | voltage=15.93 V | drain_rate=0.035 %/s | home_distance=12.1 m | return_time=16 s | return_cost=0.5 % | margin_after_return=64.5 %
[INFO] [1790307096.136184858] [sage_energy_monitor]: ENERGY | remaining=85.0 % | voltage=15.93 V | drain_rate=0.035 %/s | home_distance=10.8 m | return_time=15 s | return_cost=0.5 % | margin_after_return=64.5 %
[INFO] [1790307097.137117955] [sage_energy_monitor]: ENERGY | remaining=85.0 % | voltage=15.93 V | drain_rate=0.035 %/s | home_distance=9.3 m | return_time=13 s | return_cost=0.5 % | margin_after_return=64.5 %
[INFO] [1790307098.138548634] [sage_energy_monitor]: ENERGY | remaining=85.0 % | voltage=15.93 V | drain_rate=0.034 %/s | home_distance=8.5 m | return_time=12 s | return_cost=0.4 % | margin_after_return=64.5 %
[INFO] [1790307099.137871960] [sage_energy_monitor]: ENERGY | remaining=84.9 % | voltage=15.93 V | drain_rate=0.034 %/s | home_distance=8.1 m | return_time=12 s | return_cost=0.4 % | margin_after_return=64.5 %
[INFO] [1790307100.137384902] [sage_energy_monitor]: ENERGY | remaining=84.9 % | voltage=15.93 V | drain_rate=0.034 %/s | home_distance=7.6 m | return_time=11 s | return_cost=0.4 % | margin_after_return=64.5 %
[INFO] [1790307101.139556891] [sage_energy_monitor]: ENERGY | remaining=84.9 % | voltage=15.93 V | drain_rate=0.034 %/s | home_distance=6.5 m | return_time=11 s | return_cost=0.4 % | margin_after_return=64.5 %
[INFO] [1790307102.135310120] [sage_energy_monitor]: ENERGY | remaining=84.8 % | voltage=15.93 V | drain_rate=0.035 %/s | home_distance=5.8 m | return_time=10 s | return_cost=0.3 % | margin_after_return=64.5 %
[INFO] [1790307103.137197045] [sage_energy_monitor]: ENERGY | remaining=84.8 % | voltage=15.93 V | drain_rate=0.035 %/s | home_distance=5.7 m | return_time=10 s | return_cost=0.3 % | margin_after_return=64.5 %
[INFO] [1790307104.136797428] [sage_energy_monitor]: ENERGY | remaining=84.8 % | voltage=15.92 V | drain_rate=0.035 %/s | home_distance=5.8 m | return_time=10 s | return_cost=0.3 % | margin_after_return=64.4 %
[INFO] [1790307105.137674896] [sage_energy_monitor]: ENERGY | remaining=84.7 % | voltage=15.92 V | drain_rate=0.034 %/s | home_distance=6.6 m | return_time=11 s | return_cost=0.4 % | margin_after_return=64.4 %
[INFO] [1790307106.136085265] [sage_energy_monitor]: ENERGY | remaining=84.7 % | voltage=15.92 V | drain_rate=0.034 %/s | home_distance=8.3 m | return_time=12 s | return_cost=0.4 % | margin_after_return=64.3 %
[INFO] [1790307107.136822911] [sage_energy_monitor]: ENERGY | remaining=84.7 % | voltage=15.92 V | drain_rate=0.034 %/s | home_distance=9.7 m | return_time=14 s | return_cost=0.5 % | margin_after_return=64.2 %
[INFO] [1790307108.147076125] [sage_energy_monitor]: ENERGY | remaining=84.6 % | voltage=15.92 V | drain_rate=0.035 %/s | home_distance=10.6 m | return_time=15 s | return_cost=0.5 % | margin_after_return=64.1 %
[INFO] [1790307109.134889819] [sage_energy_monitor]: ENERGY | remaining=84.6 % | voltage=15.92 V | drain_rate=0.035 %/s | home_distance=10.8 m | return_time=15 s | return_cost=0.5 % | margin_after_return=64.1 %
[INFO] [1790307110.143132428] [sage_energy_monitor]: ENERGY | remaining=84.6 % | voltage=15.92 V | drain_rate=0.035 %/s | home_distance=10.8 m | return_time=15 s | return_cost=0.5 % | margin_after_return=64.0 %
[INFO] [1790307111.134354584] [sage_energy_monitor]: ENERGY | remaining=84.5 % | voltage=15.92 V | drain_rate=0.034 %/s | home_distance=10.6 m | return_time=15 s | return_cost=0.5 % | margin_after_return=64.0 %
[INFO] [1790307112.139421413] [sage_energy_monitor]: ENERGY | remaining=84.5 % | voltage=15.92 V | drain_rate=0.035 %/s | home_distance=10.3 m | return_time=14 s | return_cost=0.5 % | margin_after_return=64.0 %
[INFO] [1790307113.134661607] [sage_energy_monitor]: ENERGY | remaining=84.5 % | voltage=15.92 V | drain_rate=0.035 %/s | home_distance=9.6 m | return_time=14 s | return_cost=0.5 % | margin_after_return=64.0 %
[INFO] [1790307114.136098656] [sage_energy_monitor]: ENERGY | remaining=84.4 % | voltage=15.92 V | drain_rate=0.034 %/s | home_distance=8.9 m | return_time=13 s | return_cost=0.4 % | margin_after_return=64.0 %
[INFO] [1790307115.138616978] [sage_energy_monitor]: ENERGY | remaining=84.4 % | voltage=15.92 V | drain_rate=0.034 %/s | home_distance=8.6 m | return_time=13 s | return_cost=0.4 % | margin_after_return=64.0 %
[INFO] [1790307116.136211525] [sage_energy_monitor]: ENERGY | remaining=84.4 % | voltage=15.92 V | drain_rate=0.034 %/s | home_distance=8.4 m | return_time=12 s | return_cost=0.4 % | margin_after_return=63.9 %
[INFO] [1790307117.137716126] [sage_energy_monitor]: ENERGY | remaining=84.3 % | voltage=15.92 V | drain_rate=0.034 %/s | home_distance=7.4 m | return_time=11 s | return_cost=0.4 % | margin_after_return=63.9 %
[INFO] [1790307118.134434519] [sage_energy_monitor]: ENERGY | remaining=84.3 % | voltage=15.92 V | drain_rate=0.034 %/s | home_distance=6.0 m | return_time=10 s | return_cost=0.3 % | margin_after_return=63.9 %
[INFO] [1790307119.142203858] [sage_energy_monitor]: ENERGY | remaining=84.3 % | voltage=15.92 V | drain_rate=0.034 %/s | home_distance=5.4 m | return_time=9 s | return_cost=0.3 % | margin_after_return=63.9 %
[INFO] [1790307120.136302956] [sage_energy_monitor]: ENERGY | remaining=84.2 % | voltage=15.91 V | drain_rate=0.034 %/s | home_distance=4.9 m | return_time=9 s | return_cost=0.3 % | margin_after_return=63.9 %
[INFO] [1790307121.138833698] [sage_energy_monitor]: ENERGY | remaining=84.2 % | voltage=15.91 V | drain_rate=0.034 %/s | home_distance=3.5 m | return_time=8 s | return_cost=0.3 % | margin_after_return=63.9 %
[INFO] [1790307122.136804409] [sage_energy_monitor]: ENERGY | remaining=84.2 % | voltage=15.91 V | drain_rate=0.034 %/s | home_distance=2.3 m | return_time=6 s | return_cost=0.2 % | margin_after_return=63.9 %
[INFO] [1790307123.136656746] [sage_energy_monitor]: ENERGY | remaining=84.1 % | voltage=15.91 V | drain_rate=0.034 %/s | home_distance=1.6 m | return_time=6 s | return_cost=0.2 % | margin_after_return=63.9 %
[INFO] [1790307124.135488459] [sage_energy_monitor]: ENERGY | remaining=84.1 % | voltage=15.91 V | drain_rate=0.034 %/s | home_distance=1.5 m | return_time=5 s | return_cost=0.2 % | margin_after_return=63.9 %
[INFO] [1790307125.142147504] [sage_energy_monitor]: ENERGY | remaining=84.1 % | voltage=15.91 V | drain_rate=0.034 %/s | home_distance=2.3 m | return_time=6 s | return_cost=0.2 % | margin_after_return=63.8 %
[INFO] [1790307126.137639996] [sage_energy_monitor]: ENERGY | remaining=84.0 % | voltage=15.91 V | drain_rate=0.034 %/s | home_distance=3.9 m | return_time=8 s | return_cost=0.3 % | margin_after_return=63.8 %
[INFO] [1790307127.139580015] [sage_energy_monitor]: ENERGY | remaining=84.0 % | voltage=15.91 V | drain_rate=0.034 %/s | home_distance=4.9 m | return_time=9 s | return_cost=0.3 % | margin_after_return=63.7 %
[INFO] [1790307128.134414828] [sage_energy_monitor]: ENERGY | remaining=84.0 % | voltage=15.91 V | drain_rate=0.034 %/s | home_distance=5.4 m | return_time=9 s | return_cost=0.3 % | margin_after_return=63.6 %
[INFO] [1790307129.134746932] [sage_energy_monitor]: ENERGY | remaining=83.9 % | voltage=15.91 V | drain_rate=0.034 %/s | home_distance=5.6 m | return_time=9 s | return_cost=0.3 % | margin_after_return=63.6 %
[INFO] [1790307130.136153742] [sage_energy_monitor]: ENERGY | remaining=83.9 % | voltage=15.91 V | drain_rate=0.034 %/s | home_distance=5.8 m | return_time=10 s | return_cost=0.3 % | margin_after_return=63.6 %
[INFO] [1790307131.139490133] [sage_energy_monitor]: ENERGY | remaining=83.9 % | voltage=15.91 V | drain_rate=0.033 %/s | home_distance=5.9 m | return_time=10 s | return_cost=0.3 % | margin_after_return=63.6 %
[INFO] [1790307132.138446226] [sage_energy_monitor]: ENERGY | remaining=83.8 % | voltage=15.91 V | drain_rate=0.033 %/s | home_distance=6.2 m | return_time=10 s | return_cost=0.3 % | margin_after_return=63.5 %
[INFO] [1790307133.133927933] [sage_energy_monitor]: ENERGY | remaining=83.8 % | voltage=15.91 V | drain_rate=0.033 %/s | home_distance=6.4 m | return_time=10 s | return_cost=0.3 % | margin_after_return=63.5 %
[INFO] [1790307134.134001402] [sage_energy_monitor]: ENERGY | remaining=83.8 % | voltage=15.91 V | drain_rate=0.033 %/s | home_distance=5.8 m | return_time=10 s | return_cost=0.3 % | margin_after_return=63.5 %
[INFO] [1790307135.134933829] [sage_energy_monitor]: ENERGY | remaining=83.7 % | voltage=15.91 V | drain_rate=0.033 %/s | home_distance=4.7 m | return_time=9 s | return_cost=0.3 % | margin_after_return=63.5 %
[INFO] [1790307136.135970468] [sage_energy_monitor]: ENERGY | remaining=83.7 % | voltage=15.91 V | drain_rate=0.033 %/s | home_distance=4.2 m | return_time=8 s | return_cost=0.3 % | margin_after_return=63.4 %
[INFO] [1790307137.135283877] [sage_energy_monitor]: ENERGY | remaining=83.7 % | voltage=15.91 V | drain_rate=0.033 %/s | home_distance=5.2 m | return_time=9 s | return_cost=0.3 % | margin_after_return=63.4 %
[INFO] [1790307138.140085087] [sage_energy_monitor]: ENERGY | remaining=83.6 % | voltage=15.90 V | drain_rate=0.033 %/s | home_distance=7.1 m | return_time=11 s | return_cost=0.4 % | margin_after_return=63.3 %
[INFO] [1790307139.134181514] [sage_energy_monitor]: ENERGY | remaining=83.6 % | voltage=15.90 V | drain_rate=0.033 %/s | home_distance=8.8 m | return_time=13 s | return_cost=0.4 % | margin_after_return=63.2 %
[INFO] [1790307140.150786246] [sage_energy_monitor]: ENERGY | remaining=83.6 % | voltage=15.90 V | drain_rate=0.033 %/s | home_distance=10.1 m | return_time=14 s | return_cost=0.5 % | margin_after_return=63.1 %
[INFO] [1790307141.134319900] [sage_energy_monitor]: ENERGY | remaining=83.5 % | voltage=15.90 V | drain_rate=0.033 %/s | home_distance=10.6 m | return_time=15 s | return_cost=0.5 % | margin_after_return=63.0 %
[INFO] [1790307142.133878642] [sage_energy_monitor]: ENERGY | remaining=83.5 % | voltage=15.90 V | drain_rate=0.033 %/s | home_distance=10.7 m | return_time=15 s | return_cost=0.5 % | margin_after_return=63.0 %
[INFO] [1790307143.134487889] [sage_energy_monitor]: ENERGY | remaining=83.5 % | voltage=15.90 V | drain_rate=0.033 %/s | home_distance=10.6 m | return_time=14 s | return_cost=0.5 % | margin_after_return=63.0 %
[INFO] [1790307144.135195168] [sage_energy_monitor]: ENERGY | remaining=83.4 % | voltage=15.90 V | drain_rate=0.033 %/s | home_distance=10.5 m | return_time=14 s | return_cost=0.5 % | margin_after_return=63.0 %
[INFO] [1790307145.134776562] [sage_energy_monitor]: ENERGY | remaining=83.4 % | voltage=15.90 V | drain_rate=0.033 %/s | home_distance=10.4 m | return_time=14 s | return_cost=0.5 % | margin_after_return=62.9 %
[INFO] [1790307146.146090499] [sage_energy_monitor]: ENERGY | remaining=83.4 % | voltage=15.90 V | drain_rate=0.033 %/s | home_distance=10.3 m | return_time=14 s | return_cost=0.5 % | margin_after_return=62.9 %
[INFO] [1790307147.140961896] [sage_energy_monitor]: ENERGY | remaining=83.3 % | voltage=15.90 V | drain_rate=0.033 %/s | home_distance=10.3 m | return_time=14 s | return_cost=0.5 % | margin_after_return=62.8 %
[INFO] [1790307148.135558914] [sage_energy_monitor]: ENERGY | remaining=83.3 % | voltage=15.90 V | drain_rate=0.033 %/s | home_distance=10.3 m | return_time=14 s | return_cost=0.5 % | margin_after_return=62.8 %
[INFO] [1790307149.139021140] [sage_energy_monitor]: ENERGY | remaining=83.3 % | voltage=15.90 V | drain_rate=0.033 %/s | home_distance=10.4 m | return_time=15 s | return_cost=0.5 % | margin_after_return=62.8 %
[INFO] [1790307150.137867923] [sage_energy_monitor]: ENERGY | remaining=83.2 % | voltage=15.90 V | drain_rate=0.033 %/s | home_distance=10.4 m | return_time=15 s | return_cost=0.5 % | margin_after_return=62.7 %
[INFO] [1790307151.134876769] [sage_energy_monitor]: ENERGY | remaining=83.2 % | voltage=15.90 V | drain_rate=0.033 %/s | home_distance=10.2 m | return_time=14 s | return_cost=0.5 % | margin_after_return=62.7 %
[INFO] [1790307152.138539962] [sage_energy_monitor]: ENERGY | remaining=83.2 % | voltage=15.90 V | drain_rate=0.033 %/s | home_distance=9.8 m | return_time=14 s | return_cost=0.5 % | margin_after_return=62.7 %
[INFO] [1790307153.139716823] [sage_energy_monitor]: ENERGY | remaining=83.1 % | voltage=15.90 V | drain_rate=0.033 %/s | home_distance=9.6 m | return_time=14 s | return_cost=0.5 % | margin_after_return=62.7 %
[INFO] [1790307154.134455810] [sage_energy_monitor]: ENERGY | remaining=83.1 % | voltage=15.89 V | drain_rate=0.033 %/s | home_distance=9.8 m | return_time=14 s | return_cost=0.5 % | margin_after_return=62.6 %
[INFO] [1790307155.135319165] [sage_energy_monitor]: ENERGY | remaining=83.1 % | voltage=15.89 V | drain_rate=0.034 %/s | home_distance=10.1 m | return_time=14 s | return_cost=0.5 % | margin_after_return=62.6 %
[INFO] [1790307156.135269588] [sage_energy_monitor]: ENERGY | remaining=83.0 % | voltage=15.89 V | drain_rate=0.033 %/s | home_distance=10.2 m | return_time=14 s | return_cost=0.5 % | margin_after_return=62.5 %
[INFO] [1790307157.141971997] [sage_energy_monitor]: ENERGY | remaining=83.0 % | voltage=15.89 V | drain_rate=0.033 %/s | home_distance=10.2 m | return_time=14 s | return_cost=0.5 % | margin_after_return=62.5 %
[INFO] [1790307158.140165180] [sage_energy_monitor]: ENERGY | remaining=83.0 % | voltage=15.89 V | drain_rate=0.033 %/s | home_distance=10.2 m | return_time=14 s | return_cost=0.5 % | margin_after_return=62.5 %
[INFO] [1790307159.134826269] [sage_energy_monitor]: ENERGY | remaining=82.9 % | voltage=15.89 V | drain_rate=0.034 %/s | home_distance=10.3 m | return_time=14 s | return_cost=0.5 % | margin_after_return=62.4 %
[INFO] [1790307160.139038488] [sage_energy_monitor]: ENERGY | remaining=82.9 % | voltage=15.89 V | drain_rate=0.034 %/s | home_distance=10.4 m | return_time=14 s | return_cost=0.5 % | margin_after_return=62.4 %
[INFO] [1790307161.136770264] [sage_energy_monitor]: ENERGY | remaining=82.9 % | voltage=15.89 V | drain_rate=0.034 %/s | home_distance=10.6 m | return_time=14 s | return_cost=0.5 % | margin_after_return=62.4 %
[INFO] [1790307162.141262518] [sage_energy_monitor]: ENERGY | remaining=82.8 % | voltage=15.89 V | drain_rate=0.034 %/s | home_distance=10.5 m | return_time=14 s | return_cost=0.5 % | margin_after_return=62.3 %
[INFO] [1790307163.139607721] [sage_energy_monitor]: ENERGY | remaining=82.8 % | voltage=15.89 V | drain_rate=0.034 %/s | home_distance=9.6 m | return_time=14 s | return_cost=0.5 % | margin_after_return=62.3 %
[INFO] [1790307164.137188526] [sage_energy_monitor]: ENERGY | remaining=82.8 % | voltage=15.89 V | drain_rate=0.034 %/s | home_distance=8.2 m | return_time=12 s | return_cost=0.4 % | margin_after_return=62.3 %
[INFO] [1790307165.134677354] [sage_energy_monitor]: ENERGY | remaining=82.7 % | voltage=15.89 V | drain_rate=0.034 %/s | home_distance=7.1 m | return_time=11 s | return_cost=0.4 % | margin_after_return=62.3 %
[INFO] [1790307166.134276299] [sage_energy_monitor]: ENERGY | remaining=82.7 % | voltage=15.89 V | drain_rate=0.034 %/s | home_distance=6.5 m | return_time=10 s | return_cost=0.4 % | margin_after_return=62.3 %
[INFO] [1790307167.135324616] [sage_energy_monitor]: ENERGY | remaining=82.7 % | voltage=15.89 V | drain_rate=0.034 %/s | home_distance=5.8 m | return_time=10 s | return_cost=0.3 % | margin_after_return=62.3 %
[INFO] [1790307168.135934168] [sage_energy_monitor]: ENERGY | remaining=82.6 % | voltage=15.89 V | drain_rate=0.034 %/s | home_distance=4.3 m | return_time=8 s | return_cost=0.3 % | margin_after_return=62.3 %
[INFO] [1790307169.134441123] [sage_energy_monitor]: ENERGY | remaining=82.6 % | voltage=15.89 V | drain_rate=0.034 %/s | home_distance=3.6 m | return_time=8 s | return_cost=0.3 % | margin_after_return=62.3 %
[INFO] [1790307170.134395065] [sage_energy_monitor]: ENERGY | remaining=82.5 % | voltage=15.88 V | drain_rate=0.034 %/s | home_distance=4.2 m | return_time=8 s | return_cost=0.3 % | margin_after_return=62.3 %
[INFO] [1790307171.136324136] [sage_energy_monitor]: ENERGY | remaining=82.5 % | voltage=15.88 V | drain_rate=0.034 %/s | home_distance=4.7 m | return_time=9 s | return_cost=0.3 % | margin_after_return=62.2 %
[INFO] [1790307172.138640265] [sage_energy_monitor]: ENERGY | remaining=82.5 % | voltage=15.88 V | drain_rate=0.034 %/s | home_distance=5.0 m | return_time=9 s | return_cost=0.3 % | margin_after_return=62.2 %
[INFO] [1790307173.136230141] [sage_energy_monitor]: ENERGY | remaining=82.4 % | voltage=15.88 V | drain_rate=0.034 %/s | home_distance=5.6 m | return_time=10 s | return_cost=0.3 % | margin_after_return=62.1 %
[INFO] [1790307174.137657214] [sage_energy_monitor]: ENERGY | remaining=82.4 % | voltage=15.88 V | drain_rate=0.034 %/s | home_distance=7.1 m | return_time=11 s | return_cost=0.4 % | margin_after_return=62.0 %
[INFO] [1790307175.135472086] [sage_energy_monitor]: ENERGY | remaining=82.4 % | voltage=15.88 V | drain_rate=0.034 %/s | home_distance=8.1 m | return_time=12 s | return_cost=0.4 % | margin_after_return=62.0 %
[INFO] [1790307176.135440895] [sage_energy_monitor]: ENERGY | remaining=82.3 % | voltage=15.88 V | drain_rate=0.034 %/s | home_distance=8.5 m | return_time=13 s | return_cost=0.4 % | margin_after_return=61.9 %
[INFO] [1790307177.136085341] [sage_energy_monitor]: ENERGY | remaining=82.3 % | voltage=15.88 V | drain_rate=0.034 %/s | home_distance=8.0 m | return_time=12 s | return_cost=0.4 % | margin_after_return=61.9 %
[INFO] [1790307178.135834473] [sage_energy_monitor]: ENERGY | remaining=82.3 % | voltage=15.88 V | drain_rate=0.034 %/s | home_distance=6.2 m | return_time=10 s | return_cost=0.4 % | margin_after_return=61.9 %
[INFO] [1790307179.147211466] [sage_energy_monitor]: ENERGY | remaining=82.2 % | voltage=15.88 V | drain_rate=0.034 %/s | home_distance=4.5 m | return_time=9 s | return_cost=0.3 % | margin_after_return=61.9 %
[INFO] [1790307180.138033947] [sage_energy_monitor]: ENERGY | remaining=82.2 % | voltage=15.88 V | drain_rate=0.034 %/s | home_distance=3.6 m | return_time=8 s | return_cost=0.3 % | margin_after_return=61.9 %
[INFO] [1790307181.147516068] [sage_energy_monitor]: ENERGY | remaining=82.2 % | voltage=15.88 V | drain_rate=0.034 %/s | home_distance=4.2 m | return_time=8 s | return_cost=0.3 % | margin_after_return=61.9 %
[INFO] [1790307182.141086319] [sage_energy_monitor]: ENERGY | remaining=82.1 % | voltage=15.88 V | drain_rate=0.034 %/s | home_distance=5.7 m | return_time=10 s | return_cost=0.3 % | margin_after_return=61.8 %
[INFO] [1790307183.136338356] [sage_energy_monitor]: ENERGY | remaining=82.1 % | voltage=15.88 V | drain_rate=0.034 %/s | home_distance=7.5 m | return_time=12 s | return_cost=0.4 % | margin_after_return=61.7 %
[INFO] [1790307184.140282249] [sage_energy_monitor]: ENERGY | remaining=82.1 % | voltage=15.88 V | drain_rate=0.034 %/s | home_distance=8.9 m | return_time=13 s | return_cost=0.4 % | margin_after_return=61.6 %
[INFO] [1790307185.134773865] [sage_energy_monitor]: ENERGY | remaining=82.0 % | voltage=15.88 V | drain_rate=0.034 %/s | home_distance=9.8 m | return_time=14 s | return_cost=0.5 % | margin_after_return=61.6 %
[INFO] [1790307186.135945646] [sage_energy_monitor]: ENERGY | remaining=82.0 % | voltage=15.88 V | drain_rate=0.034 %/s | home_distance=10.2 m | return_time=14 s | return_cost=0.5 % | margin_after_return=61.5 %
[INFO] [1790307187.143628815] [sage_energy_monitor]: ENERGY | remaining=82.0 % | voltage=15.87 V | drain_rate=0.034 %/s | home_distance=10.2 m | return_time=14 s | return_cost=0.5 % | margin_after_return=61.5 %
[INFO] [1790307188.140526893] [sage_energy_monitor]: ENERGY | remaining=81.9 % | voltage=15.87 V | drain_rate=0.034 %/s | home_distance=10.2 m | return_time=14 s | return_cost=0.5 % | margin_after_return=61.4 %
[INFO] [1790307189.136870916] [sage_energy_monitor]: ENERGY | remaining=81.9 % | voltage=15.87 V | drain_rate=0.034 %/s | home_distance=10.1 m | return_time=14 s | return_cost=0.5 % | margin_after_return=61.4 %
[INFO] [1790307190.140548761] [sage_energy_monitor]: ENERGY | remaining=81.9 % | voltage=15.87 V | drain_rate=0.034 %/s | home_distance=10.1 m | return_time=14 s | return_cost=0.5 % | margin_after_return=61.4 %
[INFO] [1790307191.133785262] [sage_energy_monitor]: ENERGY | remaining=81.8 % | voltage=15.87 V | drain_rate=0.034 %/s | home_distance=10.1 m | return_time=14 s | return_cost=0.5 % | margin_after_return=61.3 %
[INFO] [1790307192.149103813] [sage_energy_monitor]: ENERGY | remaining=81.8 % | voltage=15.87 V | drain_rate=0.034 %/s | home_distance=10.1 m | return_time=14 s | return_cost=0.5 % | margin_after_return=61.3 %
[INFO] [1790307193.137287524] [sage_energy_monitor]: ENERGY | remaining=81.8 % | voltage=15.87 V | drain_rate=0.034 %/s | home_distance=10.0 m | return_time=14 s | return_cost=0.5 % | margin_after_return=61.3 %
[INFO] [1790307194.140508835] [sage_energy_monitor]: ENERGY | remaining=81.7 % | voltage=15.87 V | drain_rate=0.034 %/s | home_distance=10.0 m | return_time=14 s | return_cost=0.5 % | margin_after_return=61.2 %
[INFO] [1790307195.135719795] [sage_energy_monitor]: ENERGY | remaining=81.7 % | voltage=15.87 V | drain_rate=0.034 %/s | home_distance=10.0 m | return_time=14 s | return_cost=0.5 % | margin_after_return=61.2 %
[INFO] [1790307196.143489010] [sage_energy_monitor]: ENERGY | remaining=81.7 % | voltage=15.87 V | drain_rate=0.034 %/s | home_distance=10.2 m | return_time=14 s | return_cost=0.5 % | margin_after_return=61.2 %
[INFO] [1790307197.136221532] [sage_energy_monitor]: ENERGY | remaining=81.6 % | voltage=15.87 V | drain_rate=0.034 %/s | home_distance=10.9 m | return_time=15 s | return_cost=0.5 % | margin_after_return=61.1 %
[INFO] [1790307198.144403997] [sage_energy_monitor]: ENERGY | remaining=81.6 % | voltage=15.87 V | drain_rate=0.034 %/s | home_distance=11.8 m | return_time=16 s | return_cost=0.5 % | margin_after_return=61.1 %
[INFO] [1790307199.134311055] [sage_energy_monitor]: ENERGY | remaining=81.6 % | voltage=15.87 V | drain_rate=0.034 %/s | home_distance=12.7 m | return_time=17 s | return_cost=0.6 % | margin_after_return=61.0 %
[INFO] [1790307200.142995718] [sage_energy_monitor]: ENERGY | remaining=81.5 % | voltage=15.87 V | drain_rate=0.034 %/s | home_distance=13.0 m | return_time=17 s | return_cost=0.6 % | margin_after_return=60.9 %
[INFO] [1790307201.136409110] [sage_energy_monitor]: ENERGY | remaining=81.5 % | voltage=15.87 V | drain_rate=0.034 %/s | home_distance=13.1 m | return_time=17 s | return_cost=0.6 % | margin_after_return=60.9 %
[INFO] [1790307202.134426049] [sage_energy_monitor]: ENERGY | remaining=81.4 % | voltage=15.87 V | drain_rate=0.034 %/s | home_distance=13.0 m | return_time=17 s | return_cost=0.6 % | margin_after_return=60.9 %
[INFO] [1790307203.134241374] [sage_energy_monitor]: ENERGY | remaining=81.4 % | voltage=15.86 V | drain_rate=0.034 %/s | home_distance=13.1 m | return_time=17 s | return_cost=0.6 % | margin_after_return=60.8 %
[INFO] [1790307204.134604596] [sage_energy_monitor]: ENERGY | remaining=81.4 % | voltage=15.86 V | drain_rate=0.034 %/s | home_distance=13.1 m | return_time=17 s | return_cost=0.6 % | margin_after_return=60.8 %
[INFO] [1790307205.136714418] [sage_energy_monitor]: ENERGY | remaining=81.3 % | voltage=15.86 V | drain_rate=0.034 %/s | home_distance=13.1 m | return_time=17 s | return_cost=0.6 % | margin_after_return=60.8 %
[INFO] [1790307206.134031928] [sage_energy_monitor]: ENERGY | remaining=81.3 % | voltage=15.86 V | drain_rate=0.034 %/s | home_distance=13.1 m | return_time=17 s | return_cost=0.6 % | margin_after_return=60.7 %
[INFO] [1790307207.136657244] [sage_energy_monitor]: ENERGY | remaining=81.3 % | voltage=15.86 V | drain_rate=0.034 %/s | home_distance=13.1 m | return_time=17 s | return_cost=0.6 % | margin_after_return=60.7 %
[INFO] [1790307208.138869956] [sage_energy_monitor]: ENERGY | remaining=81.2 % | voltage=15.86 V | drain_rate=0.035 %/s | home_distance=13.1 m | return_time=17 s | return_cost=0.6 % | margin_after_return=60.6 %
[INFO] [1790307209.140090591] [sage_energy_monitor]: ENERGY | remaining=81.2 % | voltage=15.86 V | drain_rate=0.035 %/s | home_distance=13.3 m | return_time=17 s | return_cost=0.6 % | margin_after_return=60.6 %
[INFO] [1790307210.134053555] [sage_energy_monitor]: ENERGY | remaining=81.2 % | voltage=15.86 V | drain_rate=0.035 %/s | home_distance=13.0 m | return_time=17 s | return_cost=0.6 % | margin_after_return=60.6 %
[INFO] [1790307211.138151708] [sage_energy_monitor]: ENERGY | remaining=81.1 % | voltage=15.86 V | drain_rate=0.035 %/s | home_distance=12.2 m | return_time=16 s | return_cost=0.6 % | margin_after_return=60.6 %
[INFO] [1790307212.143196522] [sage_energy_monitor]: ENERGY | remaining=81.1 % | voltage=15.86 V | drain_rate=0.035 %/s | home_distance=11.5 m | return_time=16 s | return_cost=0.5 % | margin_after_return=60.6 %
[INFO] [1790307213.139806834] [sage_energy_monitor]: ENERGY | remaining=81.1 % | voltage=15.86 V | drain_rate=0.035 %/s | home_distance=10.9 m | return_time=15 s | return_cost=0.5 % | margin_after_return=60.5 %
[INFO] [1790307214.135256824] [sage_energy_monitor]: ENERGY | remaining=81.0 % | voltage=15.86 V | drain_rate=0.035 %/s | home_distance=10.1 m | return_time=14 s | return_cost=0.5 % | margin_after_return=60.5 %
[INFO] [1790307215.135617190] [sage_energy_monitor]: ENERGY | remaining=81.0 % | voltage=15.86 V | drain_rate=0.035 %/s | home_distance=9.7 m | return_time=14 s | return_cost=0.5 % | margin_after_return=60.5 %
[INFO] [1790307216.135515942] [sage_energy_monitor]: ENERGY | remaining=81.0 % | voltage=15.86 V | drain_rate=0.035 %/s | home_distance=9.6 m | return_time=14 s | return_cost=0.5 % | margin_after_return=60.5 %
[INFO] [1790307217.134079008] [sage_energy_monitor]: ENERGY | remaining=80.9 % | voltage=15.86 V | drain_rate=0.035 %/s | home_distance=9.5 m | return_time=14 s | return_cost=0.5 % | margin_after_return=60.5 %
[INFO] [1790307218.141111996] [sage_energy_monitor]: ENERGY | remaining=80.9 % | voltage=15.86 V | drain_rate=0.035 %/s | home_distance=9.4 m | return_time=14 s | return_cost=0.5 % | margin_after_return=60.4 %
[INFO] [1790307219.138871702] [sage_energy_monitor]: ENERGY | remaining=80.9 % | voltage=15.85 V | drain_rate=0.035 %/s | home_distance=9.3 m | return_time=13 s | return_cost=0.5 % | margin_after_return=60.4 %
[INFO] [1790307220.135458455] [sage_energy_monitor]: ENERGY | remaining=80.8 % | voltage=15.85 V | drain_rate=0.035 %/s | home_distance=9.2 m | return_time=13 s | return_cost=0.5 % | margin_after_return=60.4 %
[INFO] [1790307221.137004862] [sage_energy_monitor]: ENERGY | remaining=80.8 % | voltage=15.85 V | drain_rate=0.035 %/s | home_distance=9.1 m | return_time=13 s | return_cost=0.5 % | margin_after_return=60.3 %
[INFO] [1790307222.134631867] [sage_energy_monitor]: ENERGY | remaining=80.8 % | voltage=15.85 V | drain_rate=0.035 %/s | home_distance=9.1 m | return_time=13 s | return_cost=0.5 % | margin_after_return=60.3 %
[INFO] [1790307223.134022445] [sage_energy_monitor]: ENERGY | remaining=80.7 % | voltage=15.85 V | drain_rate=0.035 %/s | home_distance=9.1 m | return_time=13 s | return_cost=0.5 % | margin_after_return=60.3 %
[INFO] [1790307224.135826471] [sage_energy_monitor]: ENERGY | remaining=80.7 % | voltage=15.85 V | drain_rate=0.035 %/s | home_distance=9.2 m | return_time=13 s | return_cost=0.5 % | margin_after_return=60.2 %
[INFO] [1790307225.136045996] [sage_energy_monitor]: ENERGY | remaining=80.7 % | voltage=15.85 V | drain_rate=0.035 %/s | home_distance=8.6 m | return_time=13 s | return_cost=0.4 % | margin_after_return=60.2 %
[INFO] [1790307226.134267087] [sage_energy_monitor]: ENERGY | remaining=80.6 % | voltage=15.85 V | drain_rate=0.035 %/s | home_distance=7.0 m | return_time=11 s | return_cost=0.4 % | margin_after_return=60.2 %
[INFO] [1790307227.134734602] [sage_energy_monitor]: ENERGY | remaining=80.6 % | voltage=15.85 V | drain_rate=0.035 %/s | home_distance=5.4 m | return_time=10 s | return_cost=0.3 % | margin_after_return=60.2 %
[INFO] [1790307228.142553590] [sage_energy_monitor]: ENERGY | remaining=80.5 % | voltage=15.85 V | drain_rate=0.035 %/s | home_distance=4.3 m | return_time=8 s | return_cost=0.3 % | margin_after_return=60.3 %
[INFO] [1790307229.136673781] [sage_energy_monitor]: ENERGY | remaining=80.5 % | voltage=15.85 V | drain_rate=0.035 %/s | home_distance=3.7 m | return_time=8 s | return_cost=0.3 % | margin_after_return=60.2 %
[INFO] [1790307230.134688033] [sage_energy_monitor]: ENERGY | remaining=80.5 % | voltage=15.85 V | drain_rate=0.035 %/s | home_distance=3.5 m | return_time=8 s | return_cost=0.3 % | margin_after_return=60.2 %
[INFO] [1790307231.134161266] [sage_energy_monitor]: ENERGY | remaining=80.4 % | voltage=15.85 V | drain_rate=0.035 %/s | home_distance=3.5 m | return_time=8 s | return_cost=0.3 % | margin_after_return=60.2 %
[INFO] [1790307232.135296560] [sage_energy_monitor]: ENERGY | remaining=80.4 % | voltage=15.85 V | drain_rate=0.034 %/s | home_distance=3.6 m | return_time=8 s | return_cost=0.3 % | margin_after_return=60.1 %
[INFO] [1790307233.135372950] [sage_energy_monitor]: ENERGY | remaining=80.4 % | voltage=15.85 V | drain_rate=0.034 %/s | home_distance=3.7 m | return_time=8 s | return_cost=0.3 % | margin_after_return=60.1 %
[INFO] [1790307234.135799631] [sage_energy_monitor]: ENERGY | remaining=80.3 % | voltage=15.85 V | drain_rate=0.035 %/s | home_distance=3.7 m | return_time=8 s | return_cost=0.3 % | margin_after_return=60.1 %
[INFO] [1790307235.138602283] [sage_energy_monitor]: ENERGY | remaining=80.3 % | voltage=15.84 V | drain_rate=0.035 %/s | home_distance=3.8 m | return_time=8 s | return_cost=0.3 % | margin_after_return=60.0 %
[INFO] [1790307236.139493982] [sage_energy_monitor]: ENERGY | remaining=80.3 % | voltage=15.84 V | drain_rate=0.034 %/s | home_distance=3.8 m | return_time=8 s | return_cost=0.3 % | margin_after_return=60.0 %
[INFO] [1790307237.139783174] [sage_energy_monitor]: ENERGY | remaining=80.2 % | voltage=15.84 V | drain_rate=0.034 %/s | home_distance=3.8 m | return_time=8 s | return_cost=0.3 % | margin_after_return=60.0 %
[INFO] [1790307238.133933658] [sage_energy_monitor]: ENERGY | remaining=80.2 % | voltage=15.84 V | drain_rate=0.034 %/s | home_distance=3.3 m | return_time=7 s | return_cost=0.3 % | margin_after_return=60.0 %
[INFO] [1790307239.140153583] [sage_energy_monitor]: ENERGY | remaining=80.2 % | voltage=15.84 V | drain_rate=0.034 %/s | home_distance=2.8 m | return_time=7 s | return_cost=0.2 % | margin_after_return=59.9 %
[INFO] [1790307240.136196855] [sage_energy_monitor]: ENERGY | remaining=80.1 % | voltage=15.84 V | drain_rate=0.034 %/s | home_distance=3.4 m | return_time=7 s | return_cost=0.2 % | margin_after_return=59.9 %
[INFO] [1790307241.135176573] [sage_energy_monitor]: ENERGY | remaining=80.1 % | voltage=15.84 V | drain_rate=0.035 %/s | home_distance=4.1 m | return_time=8 s | return_cost=0.3 % | margin_after_return=59.8 %
[INFO] [1790307242.139181268] [sage_energy_monitor]: ENERGY | remaining=80.1 % | voltage=15.84 V | drain_rate=0.035 %/s | home_distance=4.3 m | return_time=8 s | return_cost=0.3 % | margin_after_return=59.8 %
[INFO] [1790307243.134408428] [sage_energy_monitor]: ENERGY | remaining=80.0 % | voltage=15.84 V | drain_rate=0.035 %/s | home_distance=4.3 m | return_time=8 s | return_cost=0.3 % | margin_after_return=59.7 %
[INFO] [1790307244.135971743] [sage_energy_monitor]: ENERGY | remaining=80.0 % | voltage=15.84 V | drain_rate=0.035 %/s | home_distance=4.2 m | return_time=8 s | return_cost=0.3 % | margin_after_return=59.7 %
[INFO] [1790307245.136443668] [sage_energy_monitor]: ENERGY | remaining=80.0 % | voltage=15.84 V | drain_rate=0.035 %/s | home_distance=4.2 m | return_time=8 s | return_cost=0.3 % | margin_after_return=59.7 %
[INFO] [1790307246.141277690] [sage_energy_monitor]: ENERGY | remaining=79.9 % | voltage=15.84 V | drain_rate=0.035 %/s | home_distance=4.2 m | return_time=8 s | return_cost=0.3 % | margin_after_return=59.6 %
[INFO] [1790307247.134949998] [sage_energy_monitor]: ENERGY | remaining=79.9 % | voltage=15.84 V | drain_rate=0.035 %/s | home_distance=4.2 m | return_time=8 s | return_cost=0.3 % | margin_after_return=59.6 %
[INFO] [1790307248.136314180] [sage_energy_monitor]: ENERGY | remaining=79.9 % | voltage=15.84 V | drain_rate=0.035 %/s | home_distance=4.3 m | return_time=8 s | return_cost=0.3 % | margin_after_return=59.6 %
[INFO] [1790307249.134047696] [sage_energy_monitor]: ENERGY | remaining=79.8 % | voltage=15.84 V | drain_rate=0.035 %/s | home_distance=4.3 m | return_time=8 s | return_cost=0.3 % | margin_after_return=59.5 %
[INFO] [1790307250.137005569] [sage_energy_monitor]: ENERGY | remaining=79.8 % | voltage=15.84 V | drain_rate=0.035 %/s | home_distance=4.3 m | return_time=8 s | return_cost=0.3 % | margin_after_return=59.5 %
[INFO] [1790307251.134169837] [sage_energy_monitor]: ENERGY | remaining=79.8 % | voltage=15.83 V | drain_rate=0.035 %/s | home_distance=5.1 m | return_time=9 s | return_cost=0.3 % | margin_after_return=59.4 %
[INFO] [1790307252.141405053] [sage_energy_monitor]: ENERGY | remaining=79.7 % | voltage=15.83 V | drain_rate=0.035 %/s | home_distance=6.5 m | return_time=11 s | return_cost=0.4 % | margin_after_return=59.3 %
[INFO] [1790307253.135443564] [sage_energy_monitor]: ENERGY | remaining=79.7 % | voltage=15.83 V | drain_rate=0.035 %/s | home_distance=8.0 m | return_time=12 s | return_cost=0.4 % | margin_after_return=59.3 %
[INFO] [1790307254.149038973] [sage_energy_monitor]: ENERGY | remaining=79.6 % | voltage=15.83 V | drain_rate=0.035 %/s | home_distance=9.2 m | return_time=13 s | return_cost=0.5 % | margin_after_return=59.2 %
[INFO] [1790307255.137461431] [sage_energy_monitor]: ENERGY | remaining=79.6 % | voltage=15.83 V | drain_rate=0.035 %/s | home_distance=9.7 m | return_time=14 s | return_cost=0.5 % | margin_after_return=59.1 %
[INFO] [1790307256.137167812] [sage_energy_monitor]: ENERGY | remaining=79.6 % | voltage=15.83 V | drain_rate=0.035 %/s | home_distance=9.7 m | return_time=14 s | return_cost=0.5 % | margin_after_return=59.1 %
[INFO] [1790307257.134162065] [sage_energy_monitor]: ENERGY | remaining=79.5 % | voltage=15.83 V | drain_rate=0.035 %/s | home_distance=9.7 m | return_time=14 s | return_cost=0.5 % | margin_after_return=59.1 %
[INFO] [1790307258.137392017] [sage_energy_monitor]: ENERGY | remaining=79.5 % | voltage=15.83 V | drain_rate=0.035 %/s | home_distance=9.6 m | return_time=14 s | return_cost=0.5 % | margin_after_return=59.0 %
[INFO] [1790307259.137506575] [sage_energy_monitor]: ENERGY | remaining=79.5 % | voltage=15.83 V | drain_rate=0.035 %/s | home_distance=9.6 m | return_time=14 s | return_cost=0.5 % | margin_after_return=59.0 %
[INFO] [1790307260.134831198] [sage_energy_monitor]: ENERGY | remaining=79.4 % | voltage=15.83 V | drain_rate=0.035 %/s | home_distance=9.6 m | return_time=14 s | return_cost=0.5 % | margin_after_return=59.0 %
[INFO] [1790307261.136976036] [sage_energy_monitor]: ENERGY | remaining=79.4 % | voltage=15.83 V | drain_rate=0.035 %/s | home_distance=9.6 m | return_time=14 s | return_cost=0.5 % | margin_after_return=58.9 %
[INFO] [1790307262.135530615] [sage_energy_monitor]: ENERGY | remaining=79.4 % | voltage=15.83 V | drain_rate=0.035 %/s | home_distance=9.5 m | return_time=14 s | return_cost=0.5 % | margin_after_return=58.9 %
[INFO] [1790307263.136756072] [sage_energy_monitor]: ENERGY | remaining=79.3 % | voltage=15.83 V | drain_rate=0.034 %/s | home_distance=9.5 m | return_time=14 s | return_cost=0.5 % | margin_after_return=58.9 %
[INFO] [1790307264.134518698] [sage_energy_monitor]: ENERGY | remaining=79.3 % | voltage=15.83 V | drain_rate=0.034 %/s | home_distance=9.9 m | return_time=14 s | return_cost=0.5 % | margin_after_return=58.8 %
[INFO] [1790307265.135289796] [sage_energy_monitor]: ENERGY | remaining=79.3 % | voltage=15.83 V | drain_rate=0.035 %/s | home_distance=10.3 m | return_time=14 s | return_cost=0.5 % | margin_after_return=58.8 %
[INFO] [1790307266.138963297] [sage_energy_monitor]: ENERGY | remaining=79.2 % | voltage=15.83 V | drain_rate=0.035 %/s | home_distance=10.6 m | return_time=15 s | return_cost=0.5 % | margin_after_return=58.7 %
[INFO] [1790307267.140750952] [sage_energy_monitor]: ENERGY | remaining=79.2 % | voltage=15.82 V | drain_rate=0.035 %/s | home_distance=10.6 m | return_time=15 s | return_cost=0.5 % | margin_after_return=58.7 %
[INFO] [1790307268.139279481] [sage_energy_monitor]: ENERGY | remaining=79.2 % | voltage=15.82 V | drain_rate=0.035 %/s | home_distance=10.1 m | return_time=14 s | return_cost=0.5 % | margin_after_return=58.7 %
[INFO] [1790307269.139720775] [sage_energy_monitor]: ENERGY | remaining=79.1 % | voltage=15.82 V | drain_rate=0.035 %/s | home_distance=9.8 m | return_time=14 s | return_cost=0.5 % | margin_after_return=58.7 %
[INFO] [1790307270.133717753] [sage_energy_monitor]: ENERGY | remaining=79.1 % | voltage=15.82 V | drain_rate=0.035 %/s | home_distance=9.6 m | return_time=14 s | return_cost=0.5 % | margin_after_return=58.6 %
[INFO] [1790307271.141847205] [sage_energy_monitor]: ENERGY | remaining=79.1 % | voltage=15.82 V | drain_rate=0.035 %/s | home_distance=9.6 m | return_time=14 s | return_cost=0.5 % | margin_after_return=58.6 %
[INFO] [1790307272.145834590] [sage_energy_monitor]: ENERGY | remaining=79.0 % | voltage=15.82 V | drain_rate=0.035 %/s | home_distance=9.5 m | return_time=13 s | return_cost=0.5 % | margin_after_return=58.6 %
[INFO] [1790307273.137293791] [sage_energy_monitor]: ENERGY | remaining=79.0 % | voltage=15.82 V | drain_rate=0.035 %/s | home_distance=9.5 m | return_time=13 s | return_cost=0.5 % | margin_after_return=58.5 %
[INFO] [1790307274.138381532] [sage_energy_monitor]: ENERGY | remaining=79.0 % | voltage=15.82 V | drain_rate=0.035 %/s | home_distance=9.5 m | return_time=13 s | return_cost=0.5 % | margin_after_return=58.5 %
[INFO] [1790307275.140358527] [sage_energy_monitor]: ENERGY | remaining=78.9 % | voltage=15.82 V | drain_rate=0.035 %/s | home_distance=9.5 m | return_time=13 s | return_cost=0.5 % | margin_after_return=58.5 %
[INFO] [1790307276.143350060] [sage_energy_monitor]: ENERGY | remaining=78.9 % | voltage=15.82 V | drain_rate=0.035 %/s | home_distance=9.5 m | return_time=13 s | return_cost=0.5 % | margin_after_return=58.4 %
[INFO] [1790307277.134983810] [sage_energy_monitor]: ENERGY | remaining=78.8 % | voltage=15.82 V | drain_rate=0.035 %/s | home_distance=9.5 m | return_time=13 s | return_cost=0.5 % | margin_after_return=58.4 %
[INFO] [1790307278.136593116] [sage_energy_monitor]: ENERGY | remaining=78.8 % | voltage=15.82 V | drain_rate=0.035 %/s | home_distance=9.6 m | return_time=14 s | return_cost=0.5 % | margin_after_return=58.3 %
[INFO] [1790307279.141388103] [sage_energy_monitor]: ENERGY | remaining=78.8 % | voltage=15.82 V | drain_rate=0.035 %/s | home_distance=10.1 m | return_time=14 s | return_cost=0.5 % | margin_after_return=58.3 %
[INFO] [1790307280.136894780] [sage_energy_monitor]: ENERGY | remaining=78.7 % | voltage=15.82 V | drain_rate=0.035 %/s | home_distance=10.3 m | return_time=14 s | return_cost=0.5 % | margin_after_return=58.2 %
[INFO] [1790307281.137925796] [sage_energy_monitor]: ENERGY | remaining=78.7 % | voltage=15.82 V | drain_rate=0.035 %/s | home_distance=10.5 m | return_time=15 s | return_cost=0.5 % | margin_after_return=58.2 %
[INFO] [1790307282.137037098] [sage_energy_monitor]: ENERGY | remaining=78.7 % | voltage=15.82 V | drain_rate=0.035 %/s | home_distance=9.9 m | return_time=14 s | return_cost=0.5 % | margin_after_return=58.2 %
[INFO] [1790307283.151197330] [sage_energy_monitor]: ENERGY | remaining=78.6 % | voltage=15.81 V | drain_rate=0.035 %/s | home_distance=8.5 m | return_time=12 s | return_cost=0.4 % | margin_after_return=58.2 %
[INFO] [1790307284.140151574] [sage_energy_monitor]: ENERGY | remaining=78.6 % | voltage=15.81 V | drain_rate=0.035 %/s | home_distance=6.9 m | return_time=11 s | return_cost=0.4 % | margin_after_return=58.2 %
[INFO] [1790307285.137483502] [sage_energy_monitor]: ENERGY | remaining=78.6 % | voltage=15.81 V | drain_rate=0.035 %/s | home_distance=5.3 m | return_time=9 s | return_cost=0.3 % | margin_after_return=58.2 %
[INFO] [1790307286.143898567] [sage_energy_monitor]: ENERGY | remaining=78.5 % | voltage=15.81 V | drain_rate=0.035 %/s | home_distance=3.8 m | return_time=8 s | return_cost=0.3 % | margin_after_return=58.3 %
[INFO] [1790307287.137343959] [sage_energy_monitor]: ENERGY | remaining=78.5 % | voltage=15.81 V | drain_rate=0.035 %/s | home_distance=3.1 m | return_time=7 s | return_cost=0.2 % | margin_after_return=58.3 %
[INFO] [1790307288.134726826] [sage_energy_monitor]: ENERGY | remaining=78.5 % | voltage=15.81 V | drain_rate=0.035 %/s | home_distance=3.4 m | return_time=7 s | return_cost=0.3 % | margin_after_return=58.2 %
[INFO] [1790307289.134843392] [sage_energy_monitor]: ENERGY | remaining=78.4 % | voltage=15.81 V | drain_rate=0.035 %/s | home_distance=3.8 m | return_time=8 s | return_cost=0.3 % | margin_after_return=58.2 %
[INFO] [1790307290.137331491] [sage_energy_monitor]: ENERGY | remaining=78.4 % | voltage=15.81 V | drain_rate=0.035 %/s | home_distance=4.0 m | return_time=8 s | return_cost=0.3 % | margin_after_return=58.1 %
[INFO] [1790307291.134053322] [sage_energy_monitor]: ENERGY | remaining=78.4 % | voltage=15.81 V | drain_rate=0.035 %/s | home_distance=4.0 m | return_time=8 s | return_cost=0.3 % | margin_after_return=58.1 %
[INFO] [1790307292.136542543] [sage_energy_monitor]: ENERGY | remaining=78.3 % | voltage=15.81 V | drain_rate=0.035 %/s | home_distance=4.0 m | return_time=8 s | return_cost=0.3 % | margin_after_return=58.1 %
[INFO] [1790307293.140209929] [sage_energy_monitor]: ENERGY | remaining=78.3 % | voltage=15.81 V | drain_rate=0.035 %/s | home_distance=3.9 m | return_time=8 s | return_cost=0.3 % | margin_after_return=58.0 %
[INFO] [1790307294.137234971] [sage_energy_monitor]: ENERGY | remaining=78.3 % | voltage=15.81 V | drain_rate=0.035 %/s | home_distance=3.9 m | return_time=8 s | return_cost=0.3 % | margin_after_return=58.0 %
[INFO] [1790307295.134117680] [sage_energy_monitor]: ENERGY | remaining=78.2 % | voltage=15.81 V | drain_rate=0.035 %/s | home_distance=4.0 m | return_time=8 s | return_cost=0.3 % | margin_after_return=58.0 %
[INFO] [1790307296.146645156] [sage_energy_monitor]: ENERGY | remaining=78.2 % | voltage=15.81 V | drain_rate=0.035 %/s | home_distance=3.9 m | return_time=8 s | return_cost=0.3 % | margin_after_return=57.9 %
[INFO] [1790307297.134066856] [sage_energy_monitor]: ENERGY | remaining=78.2 % | voltage=15.81 V | drain_rate=0.035 %/s | home_distance=3.9 m | return_time=8 s | return_cost=0.3 % | margin_after_return=57.9 %
[INFO] [1790307298.136087919] [sage_energy_monitor]: ENERGY | remaining=78.1 % | voltage=15.81 V | drain_rate=0.034 %/s | home_distance=3.7 m | return_time=7 s | return_cost=0.3 % | margin_after_return=57.9 %
[INFO] [1790307299.134940044] [sage_energy_monitor]: ENERGY | remaining=78.1 % | voltage=15.80 V | drain_rate=0.034 %/s | home_distance=2.8 m | return_time=6 s | return_cost=0.2 % | margin_after_return=57.9 %
[INFO] [1790307300.139670018] [sage_energy_monitor]: ENERGY | remaining=78.1 % | voltage=15.80 V | drain_rate=0.034 %/s | home_distance=2.6 m | return_time=7 s | return_cost=0.2 % | margin_after_return=57.8 %
[INFO] [1790307301.135180526] [sage_energy_monitor]: ENERGY | remaining=78.0 % | voltage=15.80 V | drain_rate=0.034 %/s | home_distance=3.4 m | return_time=7 s | return_cost=0.3 % | margin_after_return=57.8 %
[INFO] [1790307302.144199207] [sage_energy_monitor]: ENERGY | remaining=78.0 % | voltage=15.80 V | drain_rate=0.034 %/s | home_distance=4.1 m | return_time=8 s | return_cost=0.3 % | margin_after_return=57.7 %
[INFO] [1790307303.145574429] [sage_energy_monitor]: ENERGY | remaining=78.0 % | voltage=15.80 V | drain_rate=0.034 %/s | home_distance=4.4 m | return_time=8 s | return_cost=0.3 % | margin_after_return=57.7 %
[INFO] [1790307304.134472115] [sage_energy_monitor]: ENERGY | remaining=77.9 % | voltage=15.80 V | drain_rate=0.034 %/s | home_distance=4.4 m | return_time=8 s | return_cost=0.3 % | margin_after_return=57.6 %
[INFO] [1790307305.139353775] [sage_energy_monitor]: ENERGY | remaining=77.9 % | voltage=15.80 V | drain_rate=0.034 %/s | home_distance=4.4 m | return_time=8 s | return_cost=0.3 % | margin_after_return=57.6 %
[INFO] [1790307306.133974392] [sage_energy_monitor]: ENERGY | remaining=77.9 % | voltage=15.80 V | drain_rate=0.034 %/s | home_distance=4.3 m | return_time=8 s | return_cost=0.3 % | margin_after_return=57.6 %
[INFO] [1790307307.140107931] [sage_energy_monitor]: ENERGY | remaining=77.8 % | voltage=15.80 V | drain_rate=0.034 %/s | home_distance=4.3 m | return_time=8 s | return_cost=0.3 % | margin_after_return=57.5 %
[INFO] [1790307308.140731520] [sage_energy_monitor]: ENERGY | remaining=77.8 % | voltage=15.80 V | drain_rate=0.034 %/s | home_distance=4.3 m | return_time=8 s | return_cost=0.3 % | margin_after_return=57.5 %
[INFO] [1790307309.136214037] [sage_energy_monitor]: ENERGY | remaining=77.8 % | voltage=15.80 V | drain_rate=0.034 %/s | home_distance=4.3 m | return_time=8 s | return_cost=0.3 % | margin_after_return=57.5 %
[INFO] [1790307310.133886653] [sage_energy_monitor]: ENERGY | remaining=77.7 % | voltage=15.80 V | drain_rate=0.034 %/s | home_distance=4.3 m | return_time=8 s | return_cost=0.3 % | margin_after_return=57.4 %
[INFO] [1790307311.136199532] [sage_energy_monitor]: ENERGY | remaining=77.7 % | voltage=15.80 V | drain_rate=0.034 %/s | home_distance=4.4 m | return_time=8 s | return_cost=0.3 % | margin_after_return=57.4 %
[INFO] [1790307312.134202650] [sage_energy_monitor]: ENERGY | remaining=77.7 % | voltage=15.80 V | drain_rate=0.034 %/s | home_distance=5.4 m | return_time=9 s | return_cost=0.3 % | margin_after_return=57.3 %
[INFO] [1790307313.134198513] [sage_energy_monitor]: ENERGY | remaining=77.6 % | voltage=15.80 V | drain_rate=0.034 %/s | home_distance=7.0 m | return_time=11 s | return_cost=0.4 % | margin_after_return=57.2 %
[INFO] [1790307314.134385260] [sage_energy_monitor]: ENERGY | remaining=77.6 % | voltage=15.80 V | drain_rate=0.034 %/s | home_distance=8.5 m | return_time=13 s | return_cost=0.4 % | margin_after_return=57.2 %
[INFO] [1790307315.136079887] [sage_energy_monitor]: ENERGY | remaining=77.5 % | voltage=15.79 V | drain_rate=0.034 %/s | home_distance=9.3 m | return_time=13 s | return_cost=0.5 % | margin_after_return=57.1 %
[INFO] [1790307316.134879027] [sage_energy_monitor]: ENERGY | remaining=77.5 % | voltage=15.79 V | drain_rate=0.034 %/s | home_distance=9.5 m | return_time=14 s | return_cost=0.5 % | margin_after_return=57.0 %
[INFO] [1790307317.135720343] [sage_energy_monitor]: ENERGY | remaining=77.5 % | voltage=15.79 V | drain_rate=0.034 %/s | home_distance=9.5 m | return_time=14 s | return_cost=0.5 % | margin_after_return=57.0 %
[INFO] [1790307318.156411202] [sage_energy_monitor]: ENERGY | remaining=77.4 % | voltage=15.79 V | drain_rate=0.034 %/s | home_distance=9.5 m | return_time=14 s | return_cost=0.5 % | margin_after_return=57.0 %
[INFO] [1790307319.137074692] [sage_energy_monitor]: ENERGY | remaining=77.4 % | voltage=15.79 V | drain_rate=0.034 %/s | home_distance=9.4 m | return_time=14 s | return_cost=0.5 % | margin_after_return=56.9 %
[INFO] [1790307320.136755967] [sage_energy_monitor]: ENERGY | remaining=77.4 % | voltage=15.79 V | drain_rate=0.034 %/s | home_distance=9.5 m | return_time=14 s | return_cost=0.5 % | margin_after_return=56.9 %
[INFO] [1790307321.137170341] [sage_energy_monitor]: ENERGY | remaining=77.3 % | voltage=15.79 V | drain_rate=0.034 %/s | home_distance=9.5 m | return_time=14 s | return_cost=0.5 % | margin_after_return=56.9 %
[INFO] [1790307322.136656077] [sage_energy_monitor]: ENERGY | remaining=77.3 % | voltage=15.79 V | drain_rate=0.034 %/s | home_distance=9.5 m | return_time=14 s | return_cost=0.5 % | margin_after_return=56.8 %
[INFO] [1790307323.141330695] [sage_energy_monitor]: ENERGY | remaining=77.3 % | voltage=15.79 V | drain_rate=0.034 %/s | home_distance=9.5 m | return_time=14 s | return_cost=0.5 % | margin_after_return=56.8 %
[INFO] [1790307324.138793704] [sage_energy_monitor]: ENERGY | remaining=77.2 % | voltage=15.79 V | drain_rate=0.034 %/s | home_distance=9.5 m | return_time=14 s | return_cost=0.5 % | margin_after_return=56.8 %
[INFO] [1790307325.136394546] [sage_energy_monitor]: ENERGY | remaining=77.2 % | voltage=15.79 V | drain_rate=0.034 %/s | home_distance=10.0 m | return_time=14 s | return_cost=0.5 % | margin_after_return=56.7 %
[INFO] [1790307326.139350594] [sage_energy_monitor]: ENERGY | remaining=77.2 % | voltage=15.79 V | drain_rate=0.034 %/s | home_distance=10.8 m | return_time=15 s | return_cost=0.5 % | margin_after_return=56.7 %
[INFO] [1790307327.134775551] [sage_energy_monitor]: ENERGY | remaining=77.1 % | voltage=15.79 V | drain_rate=0.035 %/s | home_distance=11.9 m | return_time=16 s | return_cost=0.6 % | margin_after_return=56.6 %
[INFO] [1790307328.145679946] [sage_energy_monitor]: ENERGY | remaining=77.1 % | voltage=15.79 V | drain_rate=0.035 %/s | home_distance=12.6 m | return_time=17 s | return_cost=0.6 % | margin_after_return=56.5 %
[INFO] [1790307329.144753814] [sage_energy_monitor]: ENERGY | remaining=77.1 % | voltage=15.79 V | drain_rate=0.035 %/s | home_distance=12.9 m | return_time=17 s | return_cost=0.6 % | margin_after_return=56.5 %
[INFO] [1790307330.134055471] [sage_energy_monitor]: ENERGY | remaining=77.0 % | voltage=15.79 V | drain_rate=0.035 %/s | home_distance=13.0 m | return_time=17 s | return_cost=0.6 % | margin_after_return=56.4 %
[INFO] [1790307331.134435080] [sage_energy_monitor]: ENERGY | remaining=77.0 % | voltage=15.78 V | drain_rate=0.034 %/s | home_distance=13.0 m | return_time=17 s | return_cost=0.6 % | margin_after_return=56.4 %
[INFO] [1790307332.146465009] [sage_energy_monitor]: ENERGY | remaining=77.0 % | voltage=15.78 V | drain_rate=0.034 %/s | home_distance=13.0 m | return_time=17 s | return_cost=0.6 % | margin_after_return=56.4 %
[INFO] [1790307333.134391233] [sage_energy_monitor]: ENERGY | remaining=76.9 % | voltage=15.78 V | drain_rate=0.034 %/s | home_distance=12.9 m | return_time=17 s | return_cost=0.6 % | margin_after_return=56.3 %
[INFO] [1790307334.136661919] [sage_energy_monitor]: ENERGY | remaining=76.9 % | voltage=15.78 V | drain_rate=0.034 %/s | home_distance=12.8 m | return_time=17 s | return_cost=0.6 % | margin_after_return=56.3 %
[INFO] [1790307335.135483311] [sage_energy_monitor]: ENERGY | remaining=76.9 % | voltage=15.78 V | drain_rate=0.035 %/s | home_distance=12.7 m | return_time=17 s | return_cost=0.6 % | margin_after_return=56.3 %
[INFO] [1790307336.137196322] [sage_energy_monitor]: ENERGY | remaining=76.8 % | voltage=15.78 V | drain_rate=0.035 %/s | home_distance=12.7 m | return_time=17 s | return_cost=0.6 % | margin_after_return=56.2 %
[INFO] [1790307337.134770199] [sage_energy_monitor]: ENERGY | remaining=76.8 % | voltage=15.78 V | drain_rate=0.034 %/s | home_distance=12.6 m | return_time=17 s | return_cost=0.6 % | margin_after_return=56.2 %
[INFO] [1790307338.140271261] [sage_energy_monitor]: ENERGY | remaining=76.8 % | voltage=15.78 V | drain_rate=0.034 %/s | home_distance=11.8 m | return_time=16 s | return_cost=0.5 % | margin_after_return=56.2 %
[INFO] [1790307339.138714796] [sage_energy_monitor]: ENERGY | remaining=76.7 % | voltage=15.78 V | drain_rate=0.035 %/s | home_distance=10.6 m | return_time=15 s | return_cost=0.5 % | margin_after_return=56.2 %
[INFO] [1790307340.136344810] [sage_energy_monitor]: ENERGY | remaining=76.7 % | voltage=15.78 V | drain_rate=0.035 %/s | home_distance=9.8 m | return_time=14 s | return_cost=0.5 % | margin_after_return=56.2 %
[INFO] [1790307341.134775794] [sage_energy_monitor]: ENERGY | remaining=76.6 % | voltage=15.78 V | drain_rate=0.035 %/s | home_distance=9.4 m | return_time=14 s | return_cost=0.5 % | margin_after_return=56.2 %
[INFO] [1790307342.138638092] [sage_energy_monitor]: ENERGY | remaining=76.6 % | voltage=15.78 V | drain_rate=0.035 %/s | home_distance=9.4 m | return_time=14 s | return_cost=0.5 % | margin_after_return=56.1 %
[INFO] [1790307343.134719765] [sage_energy_monitor]: ENERGY | remaining=76.6 % | voltage=15.78 V | drain_rate=0.035 %/s | home_distance=9.5 m | return_time=14 s | return_cost=0.5 % | margin_after_return=56.1 %
[INFO] [1790307344.135084683] [sage_energy_monitor]: ENERGY | remaining=76.5 % | voltage=15.78 V | drain_rate=0.035 %/s | home_distance=9.6 m | return_time=14 s | return_cost=0.5 % | margin_after_return=56.1 %
[INFO] [1790307345.134949235] [sage_energy_monitor]: ENERGY | remaining=76.5 % | voltage=15.78 V | drain_rate=0.035 %/s | home_distance=9.6 m | return_time=14 s | return_cost=0.5 % | margin_after_return=56.0 %
[INFO] [1790307346.136071590] [sage_energy_monitor]: ENERGY | remaining=76.5 % | voltage=15.78 V | drain_rate=0.034 %/s | home_distance=9.6 m | return_time=14 s | return_cost=0.5 % | margin_after_return=56.0 %
[INFO] [1790307347.135047477] [sage_energy_monitor]: ENERGY | remaining=76.4 % | voltage=15.77 V | drain_rate=0.034 %/s | home_distance=9.6 m | return_time=14 s | return_cost=0.5 % | margin_after_return=56.0 %
[INFO] [1790307348.144011749] [sage_energy_monitor]: ENERGY | remaining=76.4 % | voltage=15.77 V | drain_rate=0.034 %/s | home_distance=9.5 m | return_time=14 s | return_cost=0.5 % | margin_after_return=55.9 %
[INFO] [1790307349.135161459] [sage_energy_monitor]: ENERGY | remaining=76.4 % | voltage=15.77 V | drain_rate=0.035 %/s | home_distance=9.5 m | return_time=14 s | return_cost=0.5 % | margin_after_return=55.9 %
[INFO] [1790307350.136125784] [sage_energy_monitor]: ENERGY | remaining=76.3 % | voltage=15.77 V | drain_rate=0.035 %/s | home_distance=9.5 m | return_time=14 s | return_cost=0.5 % | margin_after_return=55.9 %
[INFO] [1790307351.137764840] [sage_energy_monitor]: ENERGY | remaining=76.3 % | voltage=15.77 V | drain_rate=0.035 %/s | home_distance=10.1 m | return_time=14 s | return_cost=0.5 % | margin_after_return=55.8 %
[INFO] [1790307352.140175629] [sage_energy_monitor]: ENERGY | remaining=76.3 % | voltage=15.77 V | drain_rate=0.035 %/s | home_distance=11.6 m | return_time=16 s | return_cost=0.5 % | margin_after_return=55.7 %
[INFO] [1790307353.135827550] [sage_energy_monitor]: ENERGY | remaining=76.2 % | voltage=15.77 V | drain_rate=0.035 %/s | home_distance=13.1 m | return_time=17 s | return_cost=0.6 % | margin_after_return=55.6 %
[INFO] [1790307354.136452392] [sage_energy_monitor]: ENERGY | remaining=76.2 % | voltage=15.77 V | drain_rate=0.035 %/s | home_distance=13.4 m | return_time=18 s | return_cost=0.6 % | margin_after_return=55.6 %
[INFO] [1790307355.136794612] [sage_energy_monitor]: ENERGY | remaining=76.2 % | voltage=15.77 V | drain_rate=0.035 %/s | home_distance=13.1 m | return_time=17 s | return_cost=0.6 % | margin_after_return=55.6 %
[INFO] [1790307356.138366684] [sage_energy_monitor]: ENERGY | remaining=76.1 % | voltage=15.77 V | drain_rate=0.035 %/s | home_distance=12.2 m | return_time=16 s | return_cost=0.6 % | margin_after_return=55.5 %
[INFO] [1790307357.134056216] [sage_energy_monitor]: ENERGY | remaining=76.1 % | voltage=15.77 V | drain_rate=0.035 %/s | home_distance=11.2 m | return_time=15 s | return_cost=0.5 % | margin_after_return=55.5 %
[INFO] [1790307358.137359630] [sage_energy_monitor]: ENERGY | remaining=76.0 % | voltage=15.77 V | drain_rate=0.035 %/s | home_distance=10.5 m | return_time=15 s | return_cost=0.5 % | margin_after_return=55.5 %
[INFO] [1790307359.138674878] [sage_energy_monitor]: ENERGY | remaining=76.0 % | voltage=15.77 V | drain_rate=0.035 %/s | home_distance=10.1 m | return_time=14 s | return_cost=0.5 % | margin_after_return=55.5 %
[INFO] [1790307360.136560491] [sage_energy_monitor]: ENERGY | remaining=76.0 % | voltage=15.77 V | drain_rate=0.035 %/s | home_distance=10.0 m | return_time=14 s | return_cost=0.5 % | margin_after_return=55.5 %
[INFO] [1790307361.135769559] [sage_energy_monitor]: ENERGY | remaining=76.0 % | voltage=15.77 V | drain_rate=0.035 %/s | home_distance=10.0 m | return_time=14 s | return_cost=0.5 % | margin_after_return=55.5 %
[INFO] [1790307362.135886829] [sage_energy_monitor]: ENERGY | remaining=75.9 % | voltage=15.77 V | drain_rate=0.035 %/s | home_distance=10.0 m | return_time=14 s | return_cost=0.5 % | margin_after_return=55.4 %
[INFO] [1790307363.138603063] [sage_energy_monitor]: ENERGY | remaining=75.9 % | voltage=15.76 V | drain_rate=0.035 %/s | home_distance=10.0 m | return_time=14 s | return_cost=0.5 % | margin_after_return=55.4 %
[INFO] [1790307364.137093069] [sage_energy_monitor]: ENERGY | remaining=75.9 % | voltage=15.76 V | drain_rate=0.035 %/s | home_distance=10.0 m | return_time=14 s | return_cost=0.5 % | margin_after_return=55.4 %
[INFO] [1790307365.138814509] [sage_energy_monitor]: ENERGY | remaining=75.8 % | voltage=15.76 V | drain_rate=0.035 %/s | home_distance=10.0 m | return_time=14 s | return_cost=0.5 % | margin_after_return=55.3 %
[INFO] [1790307366.137402521] [sage_energy_monitor]: ENERGY | remaining=75.8 % | voltage=15.76 V | drain_rate=0.035 %/s | home_distance=10.0 m | return_time=14 s | return_cost=0.5 % | margin_after_return=55.3 %
[INFO] [1790307367.134415449] [sage_energy_monitor]: ENERGY | remaining=75.7 % | voltage=15.76 V | drain_rate=0.035 %/s | home_distance=10.0 m | return_time=14 s | return_cost=0.5 % | margin_after_return=55.3 %
[INFO] [1790307368.134232923] [sage_energy_monitor]: ENERGY | remaining=75.7 % | voltage=15.76 V | drain_rate=0.035 %/s | home_distance=10.0 m | return_time=14 s | return_cost=0.5 % | margin_after_return=55.2 %
[INFO] [1790307369.144225605] [sage_energy_monitor]: ENERGY | remaining=75.7 % | voltage=15.76 V | drain_rate=0.034 %/s | home_distance=10.2 m | return_time=14 s | return_cost=0.5 % | margin_after_return=55.2 %
[INFO] [1790307370.136174837] [sage_energy_monitor]: ENERGY | remaining=75.6 % | voltage=15.76 V | drain_rate=0.035 %/s | home_distance=10.4 m | return_time=14 s | return_cost=0.5 % | margin_after_return=55.1 %
[INFO] [1790307371.134922615] [sage_energy_monitor]: ENERGY | remaining=75.6 % | voltage=15.76 V | drain_rate=0.035 %/s | home_distance=11.0 m | return_time=15 s | return_cost=0.5 % | margin_after_return=55.1 %
[INFO] [1790307372.135259053] [sage_energy_monitor]: ENERGY | remaining=75.6 % | voltage=15.76 V | drain_rate=0.035 %/s | home_distance=11.8 m | return_time=16 s | return_cost=0.6 % | margin_after_return=55.0 %
[INFO] [1790307373.134461124] [sage_energy_monitor]: ENERGY | remaining=75.5 % | voltage=15.76 V | drain_rate=0.035 %/s | home_distance=12.1 m | return_time=16 s | return_cost=0.6 % | margin_after_return=55.0 %
[INFO] [1790307374.134992335] [sage_energy_monitor]: ENERGY | remaining=75.5 % | voltage=15.76 V | drain_rate=0.035 %/s | home_distance=12.2 m | return_time=16 s | return_cost=0.6 % | margin_after_return=54.9 %
[INFO] [1790307375.136905972] [sage_energy_monitor]: ENERGY | remaining=75.5 % | voltage=15.76 V | drain_rate=0.035 %/s | home_distance=12.1 m | return_time=16 s | return_cost=0.6 % | margin_after_return=54.9 %
[INFO] [1790307376.135487304] [sage_energy_monitor]: ENERGY | remaining=75.4 % | voltage=15.76 V | drain_rate=0.035 %/s | home_distance=12.2 m | return_time=16 s | return_cost=0.6 % | margin_after_return=54.9 %
[INFO] [1790307377.136175767] [sage_energy_monitor]: ENERGY | remaining=75.4 % | voltage=15.76 V | drain_rate=0.035 %/s | home_distance=12.1 m | return_time=16 s | return_cost=0.6 % | margin_after_return=54.8 %
[INFO] [1790307378.138213217] [sage_energy_monitor]: ENERGY | remaining=75.4 % | voltage=15.76 V | drain_rate=0.035 %/s | home_distance=12.1 m | return_time=16 s | return_cost=0.6 % | margin_after_return=54.8 %
[INFO] [1790307379.137719592] [sage_energy_monitor]: ENERGY | remaining=75.3 % | voltage=15.75 V | drain_rate=0.035 %/s | home_distance=12.1 m | return_time=16 s | return_cost=0.6 % | margin_after_return=54.8 %
[INFO] [1790307380.136231482] [sage_energy_monitor]: ENERGY | remaining=75.3 % | voltage=15.75 V | drain_rate=0.035 %/s | home_distance=12.1 m | return_time=16 s | return_cost=0.6 % | margin_after_return=54.7 %
[INFO] [1790307381.134053270] [sage_energy_monitor]: ENERGY | remaining=75.3 % | voltage=15.75 V | drain_rate=0.035 %/s | home_distance=12.1 m | return_time=16 s | return_cost=0.6 % | margin_after_return=54.7 %
[INFO] [1790307382.140461304] [sage_energy_monitor]: ENERGY | remaining=75.2 % | voltage=15.75 V | drain_rate=0.035 %/s | home_distance=11.9 m | return_time=16 s | return_cost=0.6 % | margin_after_return=54.7 %
[INFO] [1790307383.137862550] [sage_energy_monitor]: ENERGY | remaining=75.2 % | voltage=15.75 V | drain_rate=0.035 %/s | home_distance=11.2 m | return_time=15 s | return_cost=0.5 % | margin_after_return=54.6 %
[INFO] [1790307384.136732404] [sage_energy_monitor]: ENERGY | remaining=75.1 % | voltage=15.75 V | drain_rate=0.035 %/s | home_distance=10.5 m | return_time=15 s | return_cost=0.5 % | margin_after_return=54.6 %
[INFO] [1790307385.140369895] [sage_energy_monitor]: ENERGY | remaining=75.1 % | voltage=15.75 V | drain_rate=0.035 %/s | home_distance=9.7 m | return_time=14 s | return_cost=0.5 % | margin_after_return=54.6 %
[INFO] [1790307386.135202335] [sage_energy_monitor]: ENERGY | remaining=75.1 % | voltage=15.75 V | drain_rate=0.035 %/s | home_distance=8.9 m | return_time=13 s | return_cost=0.5 % | margin_after_return=54.6 %
[INFO] [1790307387.137137115] [sage_energy_monitor]: ENERGY | remaining=75.0 % | voltage=15.75 V | drain_rate=0.035 %/s | home_distance=8.0 m | return_time=12 s | return_cost=0.4 % | margin_after_return=54.6 %
[INFO] [1790307388.136637367] [sage_energy_monitor]: ENERGY | remaining=75.0 % | voltage=15.75 V | drain_rate=0.035 %/s | home_distance=7.2 m | return_time=11 s | return_cost=0.4 % | margin_after_return=54.6 %
[INFO] [1790307389.134191897] [sage_energy_monitor]: ENERGY | remaining=75.0 % | voltage=15.75 V | drain_rate=0.035 %/s | home_distance=6.3 m | return_time=10 s | return_cost=0.4 % | margin_after_return=54.6 %
[INFO] [1790307390.134691636] [sage_energy_monitor]: ENERGY | remaining=74.9 % | voltage=15.75 V | drain_rate=0.035 %/s | home_distance=5.5 m | return_time=10 s | return_cost=0.3 % | margin_after_return=54.6 %
[INFO] [1790307391.143770054] [sage_energy_monitor]: ENERGY | remaining=74.9 % | voltage=15.75 V | drain_rate=0.036 %/s | home_distance=4.7 m | return_time=9 s | return_cost=0.3 % | margin_after_return=54.6 %
[INFO] [1790307392.137809131] [sage_energy_monitor]: ENERGY | remaining=74.9 % | voltage=15.75 V | drain_rate=0.036 %/s | home_distance=3.9 m | return_time=8 s | return_cost=0.3 % | margin_after_return=54.6 %
[INFO] [1790307393.135619343] [sage_energy_monitor]: ENERGY | remaining=74.8 % | voltage=15.75 V | drain_rate=0.035 %/s | home_distance=3.2 m | return_time=7 s | return_cost=0.3 % | margin_after_return=54.6 %
[INFO] [1790307394.133997975] [sage_energy_monitor]: ENERGY | remaining=74.8 % | voltage=15.75 V | drain_rate=0.036 %/s | home_distance=2.4 m | return_time=7 s | return_cost=0.2 % | margin_after_return=54.6 %
[INFO] [1790307395.137808868] [sage_energy_monitor]: ENERGY | remaining=74.8 % | voltage=15.74 V | drain_rate=0.036 %/s | home_distance=1.7 m | return_time=6 s | return_cost=0.2 % | margin_after_return=54.5 %
[INFO] [1790307396.136100249] [sage_energy_monitor]: ENERGY | remaining=74.7 % | voltage=15.74 V | drain_rate=0.036 %/s | home_distance=0.8 m | return_time=5 s | return_cost=0.2 % | margin_after_return=54.5 %
[INFO] [1790307397.134823427] [sage_energy_monitor]: ENERGY | remaining=74.7 % | voltage=15.74 V | drain_rate=0.036 %/s | home_distance=0.2 m | return_time=4 s | return_cost=0.2 % | margin_after_return=54.5 %
[INFO] [1790307398.139147139] [sage_energy_monitor]: ENERGY | remaining=74.6 % | voltage=15.74 V | drain_rate=0.036 %/s | home_distance=0.1 m | return_time=4 s | return_cost=0.1 % | margin_after_return=54.5 %
[INFO] [1790307399.138897701] [sage_energy_monitor]: ENERGY | remaining=74.6 % | voltage=15.74 V | drain_rate=0.036 %/s | home_distance=0.2 m | return_time=4 s | return_cost=0.1 % | margin_after_return=54.5 %
[INFO] [1790307400.136061856] [sage_energy_monitor]: ENERGY | remaining=74.6 % | voltage=15.74 V | drain_rate=0.036 %/s | home_distance=0.3 m | return_time=3 s | return_cost=0.1 % | margin_after_return=54.5 %
[INFO] [1790307401.137785529] [sage_energy_monitor]: ENERGY | remaining=74.5 % | voltage=15.74 V | drain_rate=0.035 %/s | home_distance=0.3 m | return_time=2 s | return_cost=0.1 % | margin_after_return=54.5 %
[INFO] [1790307402.140770779] [sage_energy_monitor]: ENERGY | remaining=74.5 % | voltage=15.74 V | drain_rate=0.035 %/s | home_distance=0.3 m | return_time=1 s | return_cost=0.0 % | margin_after_return=54.5 %
[INFO] [1790307403.142334511] [sage_energy_monitor]: ENERGY | remaining=74.5 % | voltage=15.74 V | drain_rate=0.035 %/s | home_distance=0.3 m | return_time=1 s | return_cost=0.0 % | margin_after_return=54.5 %
[INFO] [1790307404.134246472] [sage_energy_monitor]: ENERGY | remaining=74.4 % | voltage=15.74 V | drain_rate=0.035 %/s | home_distance=0.4 m | return_time=1 s | return_cost=0.0 % | margin_after_return=54.4 %
[INFO] [1790307405.137478260] [sage_energy_monitor]: ENERGY | remaining=74.4 % | voltage=15.74 V | drain_rate=0.035 %/s | home_distance=0.4 m | return_time=1 s | return_cost=0.0 % | margin_after_return=54.4 %
