[INFO] [1790300200.924095844] [sage_energy_monitor]: SAGE energy monitor started.
[INFO] [1790300200.925006791] [sage_energy_monitor]: Cruise speed 1.0 m/s | reserve 0.20
[INFO] [1790300201.777397622] [sage_energy_monitor]: ENERGY | remaining=99.2 % | voltage=16.18 V | drain_rate=n/a | home_distance=0.2 m | return_time=4 s | return_cost=n/a | margin_after_return=n/a
[INFO] [1790300202.785516927] [sage_energy_monitor]: ENERGY | remaining=99.1 % | voltage=16.18 V | drain_rate=n/a | home_distance=0.1 m | return_time=4 s | return_cost=n/a | margin_after_return=n/a
[INFO] [1790300203.779575267] [sage_energy_monitor]: ENERGY | remaining=99.1 % | voltage=16.18 V | drain_rate=n/a | home_distance=0.1 m | return_time=3 s | return_cost=n/a | margin_after_return=n/a
[INFO] [1790300204.778969792] [sage_energy_monitor]: ENERGY | remaining=99.0 % | voltage=16.18 V | drain_rate=n/a | home_distance=0.1 m | return_time=3 s | return_cost=n/a | margin_after_return=n/a
[INFO] [1790300205.777253089] [sage_energy_monitor]: ENERGY | remaining=98.9 % | voltage=16.18 V | drain_rate=n/a | home_distance=0.2 m | return_time=4 s | return_cost=n/a | margin_after_return=n/a
[INFO] [1790300206.777872133] [sage_energy_monitor]: ENERGY | remaining=98.9 % | voltage=16.18 V | drain_rate=0.054 %/s | home_distance=0.2 m | return_time=4 s | return_cost=0.2 % | margin_after_return=78.7 %
[INFO] [1790300207.776263028] [sage_energy_monitor]: ENERGY | remaining=98.8 % | voltage=16.18 V | drain_rate=0.054 %/s | home_distance=0.2 m | return_time=4 s | return_cost=0.2 % | margin_after_return=78.6 %
[INFO] [1790300208.776769482] [sage_energy_monitor]: ENERGY | remaining=98.8 % | voltage=16.18 V | drain_rate=0.053 %/s | home_distance=0.1 m | return_time=4 s | return_cost=0.2 % | margin_after_return=78.6 %
[INFO] [1790300209.776305407] [sage_energy_monitor]: ENERGY | remaining=98.7 % | voltage=16.18 V | drain_rate=0.053 %/s | home_distance=0.1 m | return_time=4 s | return_cost=0.2 % | margin_after_return=78.5 %
[INFO] [1790300210.779302916] [sage_energy_monitor]: ENERGY | remaining=98.7 % | voltage=16.18 V | drain_rate=0.052 %/s | home_distance=0.1 m | return_time=4 s | return_cost=0.2 % | margin_after_return=78.5 %
[INFO] [1790300211.777017594] [sage_energy_monitor]: ENERGY | remaining=98.7 % | voltage=16.17 V | drain_rate=0.051 %/s | home_distance=0.1 m | return_time=4 s | return_cost=0.2 % | margin_after_return=78.5 %
[INFO] [1790300212.775793519] [sage_energy_monitor]: ENERGY | remaining=98.6 % | voltage=16.17 V | drain_rate=0.050 %/s | home_distance=0.1 m | return_time=4 s | return_cost=0.2 % | margin_after_return=78.4 %
[INFO] [1790300213.776110658] [sage_energy_monitor]: ENERGY | remaining=98.6 % | voltage=16.17 V | drain_rate=0.050 %/s | home_distance=0.1 m | return_time=4 s | return_cost=0.2 % | margin_after_return=78.4 %
[INFO] [1790300214.782336551] [sage_energy_monitor]: ENERGY | remaining=98.5 % | voltage=16.17 V | drain_rate=0.050 %/s | home_distance=0.1 m | return_time=4 s | return_cost=0.2 % | margin_after_return=78.3 %
[INFO] [1790300215.776381801] [sage_energy_monitor]: ENERGY | remaining=98.5 % | voltage=16.17 V | drain_rate=0.049 %/s | home_distance=0.0 m | return_time=4 s | return_cost=0.2 % | margin_after_return=78.3 %
[INFO] [1790300216.781713460] [sage_energy_monitor]: ENERGY | remaining=98.4 % | voltage=16.17 V | drain_rate=0.049 %/s | home_distance=0.0 m | return_time=4 s | return_cost=0.2 % | margin_after_return=78.2 %
[INFO] [1790300217.777204429] [sage_energy_monitor]: ENERGY | remaining=98.4 % | voltage=16.17 V | drain_rate=0.049 %/s | home_distance=0.0 m | return_time=4 s | return_cost=0.2 % | margin_after_return=78.2 %
[INFO] [1790300218.776818906] [sage_energy_monitor]: ENERGY | remaining=98.3 % | voltage=16.17 V | drain_rate=0.049 %/s | home_distance=0.0 m | return_time=4 s | return_cost=0.2 % | margin_after_return=78.1 %
[INFO] [1790300219.779504991] [sage_energy_monitor]: ENERGY | remaining=98.3 % | voltage=16.17 V | drain_rate=0.049 %/s | home_distance=0.0 m | return_time=4 s | return_cost=0.2 % | margin_after_return=78.1 %
[INFO] [1790300220.776606660] [sage_energy_monitor]: ENERGY | remaining=98.2 % | voltage=16.17 V | drain_rate=0.049 %/s | home_distance=0.0 m | return_time=4 s | return_cost=0.2 % | margin_after_return=78.0 %
[INFO] [1790300221.777820619] [sage_energy_monitor]: ENERGY | remaining=98.2 % | voltage=16.17 V | drain_rate=0.048 %/s | home_distance=0.0 m | return_time=4 s | return_cost=0.2 % | margin_after_return=78.0 %
[INFO] [1790300222.777084623] [sage_energy_monitor]: ENERGY | remaining=98.2 % | voltage=16.17 V | drain_rate=0.048 %/s | home_distance=0.1 m | return_time=4 s | return_cost=0.2 % | margin_after_return=77.9 %
[INFO] [1790300223.776039691] [sage_energy_monitor]: ENERGY | remaining=98.1 % | voltage=16.16 V | drain_rate=0.048 %/s | home_distance=0.0 m | return_time=4 s | return_cost=0.2 % | margin_after_return=77.9 %
[INFO] [1790300224.776908677] [sage_energy_monitor]: ENERGY | remaining=98.1 % | voltage=16.16 V | drain_rate=0.048 %/s | home_distance=0.0 m | return_time=4 s | return_cost=0.2 % | margin_after_return=77.9 %
[INFO] [1790300225.782378265] [sage_energy_monitor]: ENERGY | remaining=98.0 % | voltage=16.16 V | drain_rate=0.048 %/s | home_distance=0.0 m | return_time=4 s | return_cost=0.2 % | margin_after_return=77.8 %
[INFO] [1790300226.781224462] [sage_energy_monitor]: ENERGY | remaining=98.0 % | voltage=16.16 V | drain_rate=0.048 %/s | home_distance=0.0 m | return_time=4 s | return_cost=0.2 % | margin_after_return=77.8 %
[INFO] [1790300227.778120760] [sage_energy_monitor]: ENERGY | remaining=97.9 % | voltage=16.16 V | drain_rate=0.048 %/s | home_distance=0.0 m | return_time=4 s | return_cost=0.2 % | margin_after_return=77.7 %
[INFO] [1790300228.777131096] [sage_energy_monitor]: ENERGY | remaining=97.9 % | voltage=16.16 V | drain_rate=0.048 %/s | home_distance=0.0 m | return_time=4 s | return_cost=0.2 % | margin_after_return=77.7 %
[INFO] [1790300229.775889799] [sage_energy_monitor]: ENERGY | remaining=97.8 % | voltage=16.16 V | drain_rate=0.048 %/s | home_distance=0.0 m | return_time=4 s | return_cost=0.2 % | margin_after_return=77.6 %
[INFO] [1790300230.778519398] [sage_energy_monitor]: ENERGY | remaining=97.8 % | voltage=16.16 V | drain_rate=0.048 %/s | home_distance=0.0 m | return_time=4 s | return_cost=0.2 % | margin_after_return=77.6 %
[INFO] [1790300231.776010489] [sage_energy_monitor]: ENERGY | remaining=97.7 % | voltage=16.16 V | drain_rate=0.047 %/s | home_distance=0.0 m | return_time=4 s | return_cost=0.2 % | margin_after_return=77.6 %
[INFO] [1790300232.775642302] [sage_energy_monitor]: ENERGY | remaining=97.7 % | voltage=16.16 V | drain_rate=0.047 %/s | home_distance=0.0 m | return_time=4 s | return_cost=0.2 % | margin_after_return=77.5 %
[INFO] [1790300233.776262583] [sage_energy_monitor]: ENERGY | remaining=97.7 % | voltage=16.16 V | drain_rate=0.047 %/s | home_distance=0.0 m | return_time=4 s | return_cost=0.2 % | margin_after_return=77.5 %
[INFO] [1790300234.776033835] [sage_energy_monitor]: ENERGY | remaining=97.6 % | voltage=16.16 V | drain_rate=0.046 %/s | home_distance=0.0 m | return_time=4 s | return_cost=0.2 % | margin_after_return=77.4 %
[INFO] [1790300235.776062763] [sage_energy_monitor]: ENERGY | remaining=97.6 % | voltage=16.16 V | drain_rate=0.046 %/s | home_distance=0.0 m | return_time=4 s | return_cost=0.2 % | margin_after_return=77.4 %
[INFO] [1790300236.777501106] [sage_energy_monitor]: ENERGY | remaining=97.5 % | voltage=16.15 V | drain_rate=0.046 %/s | home_distance=0.0 m | return_time=4 s | return_cost=0.2 % | margin_after_return=77.3 %
[INFO] [1790300237.777036089] [sage_energy_monitor]: ENERGY | remaining=97.5 % | voltage=16.15 V | drain_rate=0.046 %/s | home_distance=0.0 m | return_time=4 s | return_cost=0.2 % | margin_after_return=77.3 %
[INFO] [1790300238.783598219] [sage_energy_monitor]: ENERGY | remaining=97.4 % | voltage=16.15 V | drain_rate=0.045 %/s | home_distance=0.0 m | return_time=4 s | return_cost=0.2 % | margin_after_return=77.2 %
[INFO] [1790300239.776635835] [sage_energy_monitor]: ENERGY | remaining=97.4 % | voltage=16.15 V | drain_rate=0.045 %/s | home_distance=0.0 m | return_time=4 s | return_cost=0.2 % | margin_after_return=77.2 %
[INFO] [1790300240.778862339] [sage_energy_monitor]: ENERGY | remaining=97.3 % | voltage=16.15 V | drain_rate=0.045 %/s | home_distance=0.0 m | return_time=4 s | return_cost=0.2 % | margin_after_return=77.2 %
[INFO] [1790300241.776091083] [sage_energy_monitor]: ENERGY | remaining=97.3 % | voltage=16.15 V | drain_rate=0.045 %/s | home_distance=0.0 m | return_time=4 s | return_cost=0.2 % | margin_after_return=77.1 %
[INFO] [1790300242.780055472] [sage_energy_monitor]: ENERGY | remaining=97.3 % | voltage=16.15 V | drain_rate=0.045 %/s | home_distance=0.0 m | return_time=4 s | return_cost=0.2 % | margin_after_return=77.1 %
[INFO] [1790300243.779039995] [sage_energy_monitor]: ENERGY | remaining=97.2 % | voltage=16.15 V | drain_rate=0.045 %/s | home_distance=0.0 m | return_time=4 s | return_cost=0.2 % | margin_after_return=77.1 %
[INFO] [1790300244.776123218] [sage_energy_monitor]: ENERGY | remaining=97.2 % | voltage=16.15 V | drain_rate=0.044 %/s | home_distance=0.0 m | return_time=4 s | return_cost=0.2 % | margin_after_return=77.0 %
[INFO] [1790300245.779412204] [sage_energy_monitor]: ENERGY | remaining=97.2 % | voltage=16.15 V | drain_rate=0.044 %/s | home_distance=0.0 m | return_time=4 s | return_cost=0.2 % | margin_after_return=77.0 %
[INFO] [1790300246.780082252] [sage_energy_monitor]: ENERGY | remaining=97.1 % | voltage=16.15 V | drain_rate=0.043 %/s | home_distance=0.0 m | return_time=4 s | return_cost=0.2 % | margin_after_return=77.0 %
[INFO] [1790300247.780719991] [sage_energy_monitor]: ENERGY | remaining=97.1 % | voltage=16.15 V | drain_rate=0.043 %/s | home_distance=0.0 m | return_time=4 s | return_cost=0.2 % | margin_after_return=76.9 %
[INFO] [1790300248.779103689] [sage_energy_monitor]: ENERGY | remaining=97.1 % | voltage=16.15 V | drain_rate=0.043 %/s | home_distance=0.0 m | return_time=4 s | return_cost=0.2 % | margin_after_return=76.9 %
[INFO] [1790300249.779162653] [sage_energy_monitor]: ENERGY | remaining=97.0 % | voltage=16.15 V | drain_rate=0.043 %/s | home_distance=0.0 m | return_time=4 s | return_cost=0.2 % | margin_after_return=76.8 %
[INFO] [1790300250.783963621] [sage_energy_monitor]: ENERGY | remaining=97.0 % | voltage=16.14 V | drain_rate=0.043 %/s | home_distance=0.0 m | return_time=4 s | return_cost=0.2 % | margin_after_return=76.8 %
[INFO] [1790300251.780641284] [sage_energy_monitor]: ENERGY | remaining=96.9 % | voltage=16.14 V | drain_rate=0.043 %/s | home_distance=0.0 m | return_time=4 s | return_cost=0.2 % | margin_after_return=76.8 %
[INFO] [1790300252.789829107] [sage_energy_monitor]: ENERGY | remaining=96.9 % | voltage=16.14 V | drain_rate=0.042 %/s | home_distance=0.0 m | return_time=4 s | return_cost=0.2 % | margin_after_return=76.7 %
[INFO] [1790300253.779650933] [sage_energy_monitor]: ENERGY | remaining=96.8 % | voltage=16.14 V | drain_rate=0.042 %/s | home_distance=0.0 m | return_time=4 s | return_cost=0.2 % | margin_after_return=76.7 %
[INFO] [1790300254.777601019] [sage_energy_monitor]: ENERGY | remaining=96.8 % | voltage=16.14 V | drain_rate=0.042 %/s | home_distance=0.0 m | return_time=4 s | return_cost=0.2 % | margin_after_return=76.6 %
[INFO] [1790300255.777364934] [sage_energy_monitor]: ENERGY | remaining=96.8 % | voltage=16.14 V | drain_rate=0.042 %/s | home_distance=0.0 m | return_time=4 s | return_cost=0.2 % | margin_after_return=76.6 %
[INFO] [1790300256.776321518] [sage_energy_monitor]: ENERGY | remaining=96.7 % | voltage=16.14 V | drain_rate=0.042 %/s | home_distance=0.0 m | return_time=4 s | return_cost=0.2 % | margin_after_return=76.6 %
[INFO] [1790300257.777867663] [sage_energy_monitor]: ENERGY | remaining=96.7 % | voltage=16.14 V | drain_rate=0.041 %/s | home_distance=0.0 m | return_time=4 s | return_cost=0.2 % | margin_after_return=76.5 %
[INFO] [1790300258.782725097] [sage_energy_monitor]: ENERGY | remaining=96.6 % | voltage=16.14 V | drain_rate=0.041 %/s | home_distance=0.6 m | return_time=5 s | return_cost=0.2 % | margin_after_return=76.5 %
[INFO] [1790300259.776740599] [sage_energy_monitor]: ENERGY | remaining=96.6 % | voltage=16.14 V | drain_rate=0.041 %/s | home_distance=2.5 m | return_time=7 s | return_cost=0.3 % | margin_after_return=76.3 %
[INFO] [1790300260.782002104] [sage_energy_monitor]: ENERGY | remaining=96.6 % | voltage=16.14 V | drain_rate=0.041 %/s | home_distance=4.2 m | return_time=8 s | return_cost=0.3 % | margin_after_return=76.2 %
[INFO] [1790300261.777341369] [sage_energy_monitor]: ENERGY | remaining=96.5 % | voltage=16.14 V | drain_rate=0.041 %/s | home_distance=4.9 m | return_time=9 s | return_cost=0.4 % | margin_after_return=76.2 %
[INFO] [1790300262.780648589] [sage_energy_monitor]: ENERGY | remaining=96.5 % | voltage=16.14 V | drain_rate=0.041 %/s | home_distance=4.7 m | return_time=9 s | return_cost=0.4 % | margin_after_return=76.1 %
[INFO] [1790300263.776420850] [sage_energy_monitor]: ENERGY | remaining=96.4 % | voltage=16.13 V | drain_rate=0.041 %/s | home_distance=3.3 m | return_time=8 s | return_cost=0.3 % | margin_after_return=76.1 %
[INFO] [1790300264.788088275] [sage_energy_monitor]: ENERGY | remaining=96.4 % | voltage=16.13 V | drain_rate=0.041 %/s | home_distance=2.6 m | return_time=7 s | return_cost=0.3 % | margin_after_return=76.1 %
[INFO] [1790300265.777062424] [sage_energy_monitor]: ENERGY | remaining=96.4 % | voltage=16.13 V | drain_rate=0.040 %/s | home_distance=2.3 m | return_time=6 s | return_cost=0.3 % | margin_after_return=76.1 %
[INFO] [1790300266.783304213] [sage_energy_monitor]: ENERGY | remaining=96.3 % | voltage=16.13 V | drain_rate=0.040 %/s | home_distance=2.9 m | return_time=7 s | return_cost=0.3 % | margin_after_return=76.0 %
[INFO] [1790300267.778507479] [sage_energy_monitor]: ENERGY | remaining=96.3 % | voltage=16.13 V | drain_rate=0.040 %/s | home_distance=4.6 m | return_time=9 s | return_cost=0.4 % | margin_after_return=75.9 %
[INFO] [1790300268.777298641] [sage_energy_monitor]: ENERGY | remaining=96.2 % | voltage=16.13 V | drain_rate=0.040 %/s | home_distance=5.8 m | return_time=10 s | return_cost=0.4 % | margin_after_return=75.8 %
[INFO] [1790300269.776266703] [sage_energy_monitor]: ENERGY | remaining=96.2 % | voltage=16.13 V | drain_rate=0.040 %/s | home_distance=6.3 m | return_time=10 s | return_cost=0.4 % | margin_after_return=75.8 %
[INFO] [1790300270.776574929] [sage_energy_monitor]: ENERGY | remaining=96.1 % | voltage=16.13 V | drain_rate=0.040 %/s | home_distance=6.4 m | return_time=10 s | return_cost=0.4 % | margin_after_return=75.7 %
[INFO] [1790300271.777158231] [sage_energy_monitor]: ENERGY | remaining=96.1 % | voltage=16.13 V | drain_rate=0.040 %/s | home_distance=5.6 m | return_time=10 s | return_cost=0.4 % | margin_after_return=75.7 %
[INFO] [1790300272.778845067] [sage_energy_monitor]: ENERGY | remaining=96.1 % | voltage=16.13 V | drain_rate=0.040 %/s | home_distance=4.7 m | return_time=9 s | return_cost=0.3 % | margin_after_return=75.7 %
[INFO] [1790300273.776729598] [sage_energy_monitor]: ENERGY | remaining=96.0 % | voltage=16.13 V | drain_rate=0.040 %/s | home_distance=4.5 m | return_time=8 s | return_cost=0.3 % | margin_after_return=75.7 %
[INFO] [1790300274.780825078] [sage_energy_monitor]: ENERGY | remaining=96.0 % | voltage=16.13 V | drain_rate=0.041 %/s | home_distance=4.0 m | return_time=8 s | return_cost=0.3 % | margin_after_return=75.7 %
[INFO] [1790300275.779069799] [sage_energy_monitor]: ENERGY | remaining=95.9 % | voltage=16.13 V | drain_rate=0.041 %/s | home_distance=3.1 m | return_time=7 s | return_cost=0.3 % | margin_after_return=75.6 %
[INFO] [1790300276.785697054] [sage_energy_monitor]: ENERGY | remaining=95.9 % | voltage=16.12 V | drain_rate=0.041 %/s | home_distance=2.6 m | return_time=7 s | return_cost=0.3 % | margin_after_return=75.6 %
[INFO] [1790300277.777947526] [sage_energy_monitor]: ENERGY | remaining=95.9 % | voltage=16.12 V | drain_rate=0.042 %/s | home_distance=2.8 m | return_time=7 s | return_cost=0.3 % | margin_after_return=75.6 %
[INFO] [1790300278.777957618] [sage_energy_monitor]: ENERGY | remaining=95.8 % | voltage=16.12 V | drain_rate=0.041 %/s | home_distance=4.3 m | return_time=8 s | return_cost=0.4 % | margin_after_return=75.5 %
[INFO] [1790300279.781581568] [sage_energy_monitor]: ENERGY | remaining=95.8 % | voltage=16.12 V | drain_rate=0.041 %/s | home_distance=6.0 m | return_time=10 s | return_cost=0.4 % | margin_after_return=75.4 %
[INFO] [1790300280.781530732] [sage_energy_monitor]: ENERGY | remaining=95.7 % | voltage=16.12 V | drain_rate=0.041 %/s | home_distance=6.7 m | return_time=11 s | return_cost=0.4 % | margin_after_return=75.3 %
[INFO] [1790300281.777841456] [sage_energy_monitor]: ENERGY | remaining=95.7 % | voltage=16.12 V | drain_rate=0.041 %/s | home_distance=7.0 m | return_time=11 s | return_cost=0.4 % | margin_after_return=75.2 %
[INFO] [1790300282.784855796] [sage_energy_monitor]: ENERGY | remaining=95.7 % | voltage=16.12 V | drain_rate=0.041 %/s | home_distance=7.1 m | return_time=11 s | return_cost=0.5 % | margin_after_return=75.2 %
[INFO] [1790300283.785950767] [sage_energy_monitor]: ENERGY | remaining=95.6 % | voltage=16.12 V | drain_rate=0.041 %/s | home_distance=7.5 m | return_time=12 s | return_cost=0.5 % | margin_after_return=75.1 %
[INFO] [1790300284.777259439] [sage_energy_monitor]: ENERGY | remaining=95.6 % | voltage=16.12 V | drain_rate=0.041 %/s | home_distance=8.1 m | return_time=12 s | return_cost=0.5 % | margin_after_return=75.1 %
[INFO] [1790300285.779470962] [sage_energy_monitor]: ENERGY | remaining=95.5 % | voltage=16.12 V | drain_rate=0.041 %/s | home_distance=9.2 m | return_time=13 s | return_cost=0.5 % | margin_after_return=75.0 %
[INFO] [1790300286.780940946] [sage_energy_monitor]: ENERGY | remaining=95.5 % | voltage=16.12 V | drain_rate=0.041 %/s | home_distance=9.7 m | return_time=14 s | return_cost=0.6 % | margin_after_return=74.9 %
[INFO] [1790300287.777093930] [sage_energy_monitor]: ENERGY | remaining=95.4 % | voltage=16.12 V | drain_rate=0.041 %/s | home_distance=10.5 m | return_time=15 s | return_cost=0.6 % | margin_after_return=74.8 %
[INFO] [1790300288.777461907] [sage_energy_monitor]: ENERGY | remaining=95.4 % | voltage=16.12 V | drain_rate=0.041 %/s | home_distance=11.9 m | return_time=16 s | return_cost=0.7 % | margin_after_return=74.7 %
[INFO] [1790300289.782008893] [sage_energy_monitor]: ENERGY | remaining=95.4 % | voltage=16.12 V | drain_rate=0.041 %/s | home_distance=12.7 m | return_time=17 s | return_cost=0.7 % | margin_after_return=74.7 %
[INFO] [1790300290.776797498] [sage_energy_monitor]: ENERGY | remaining=95.3 % | voltage=16.11 V | drain_rate=0.041 %/s | home_distance=12.8 m | return_time=17 s | return_cost=0.7 % | margin_after_return=74.6 %
[INFO] [1790300291.776859801] [sage_energy_monitor]: ENERGY | remaining=95.3 % | voltage=16.11 V | drain_rate=0.041 %/s | home_distance=12.6 m | return_time=16 s | return_cost=0.7 % | margin_after_return=74.6 %
[INFO] [1790300292.777438928] [sage_energy_monitor]: ENERGY | remaining=95.2 % | voltage=16.11 V | drain_rate=0.041 %/s | home_distance=12.7 m | return_time=16 s | return_cost=0.7 % | margin_after_return=74.6 %
[INFO] [1790300293.777283321] [sage_energy_monitor]: ENERGY | remaining=95.2 % | voltage=16.11 V | drain_rate=0.041 %/s | home_distance=13.0 m | return_time=17 s | return_cost=0.7 % | margin_after_return=74.5 %
[INFO] [1790300294.776408284] [sage_energy_monitor]: ENERGY | remaining=95.2 % | voltage=16.11 V | drain_rate=0.041 %/s | home_distance=13.1 m | return_time=17 s | return_cost=0.7 % | margin_after_return=74.5 %
[INFO] [1790300295.777016281] [sage_energy_monitor]: ENERGY | remaining=95.1 % | voltage=16.11 V | drain_rate=0.041 %/s | home_distance=12.1 m | return_time=16 s | return_cost=0.6 % | margin_after_return=74.5 %
[INFO] [1790300296.777024302] [sage_energy_monitor]: ENERGY | remaining=95.1 % | voltage=16.11 V | drain_rate=0.041 %/s | home_distance=10.0 m | return_time=14 s | return_cost=0.6 % | margin_after_return=74.5 %
[INFO] [1790300297.779780682] [sage_energy_monitor]: ENERGY | remaining=95.0 % | voltage=16.11 V | drain_rate=0.041 %/s | home_distance=8.9 m | return_time=13 s | return_cost=0.5 % | margin_after_return=74.5 %
[INFO] [1790300298.776530180] [sage_energy_monitor]: ENERGY | remaining=95.0 % | voltage=16.11 V | drain_rate=0.041 %/s | home_distance=8.6 m | return_time=13 s | return_cost=0.5 % | margin_after_return=74.5 %
[INFO] [1790300299.778618039] [sage_energy_monitor]: ENERGY | remaining=95.0 % | voltage=16.11 V | drain_rate=0.041 %/s | home_distance=8.7 m | return_time=13 s | return_cost=0.5 % | margin_after_return=74.4 %
[INFO] [1790300300.785123136] [sage_energy_monitor]: ENERGY | remaining=94.9 % | voltage=16.11 V | drain_rate=0.041 %/s | home_distance=8.7 m | return_time=13 s | return_cost=0.5 % | margin_after_return=74.4 %
[INFO] [1790300301.776091805] [sage_energy_monitor]: ENERGY | remaining=94.9 % | voltage=16.11 V | drain_rate=0.041 %/s | home_distance=7.7 m | return_time=12 s | return_cost=0.5 % | margin_after_return=74.4 %
[INFO] [1790300302.778528686] [sage_energy_monitor]: ENERGY | remaining=94.8 % | voltage=16.11 V | drain_rate=0.041 %/s | home_distance=5.8 m | return_time=10 s | return_cost=0.4 % | margin_after_return=74.4 %
[INFO] [1790300303.778223398] [sage_energy_monitor]: ENERGY | remaining=94.8 % | voltage=16.11 V | drain_rate=0.041 %/s | home_distance=3.9 m | return_time=8 s | return_cost=0.3 % | margin_after_return=74.5 %
[INFO] [1790300304.780380559] [sage_energy_monitor]: ENERGY | remaining=94.8 % | voltage=16.10 V | drain_rate=0.040 %/s | home_distance=2.4 m | return_time=6 s | return_cost=0.3 % | margin_after_return=74.5 %
[INFO] [1790300305.776168867] [sage_energy_monitor]: ENERGY | remaining=94.7 % | voltage=16.10 V | drain_rate=0.040 %/s | home_distance=2.2 m | return_time=6 s | return_cost=0.3 % | margin_after_return=74.5 %
[INFO] [1790300306.777447601] [sage_energy_monitor]: ENERGY | remaining=94.7 % | voltage=16.10 V | drain_rate=0.040 %/s | home_distance=3.8 m | return_time=8 s | return_cost=0.3 % | margin_after_return=74.4 %
[INFO] [1790300307.778819915] [sage_energy_monitor]: ENERGY | remaining=94.6 % | voltage=16.10 V | drain_rate=0.040 %/s | home_distance=5.7 m | return_time=10 s | return_cost=0.4 % | margin_after_return=74.2 %
[INFO] [1790300308.777671373] [sage_energy_monitor]: ENERGY | remaining=94.6 % | voltage=16.10 V | drain_rate=0.041 %/s | home_distance=7.6 m | return_time=12 s | return_cost=0.5 % | margin_after_return=74.1 %
[INFO] [1790300309.780241636] [sage_energy_monitor]: ENERGY | remaining=94.6 % | voltage=16.10 V | drain_rate=0.041 %/s | home_distance=9.3 m | return_time=13 s | return_cost=0.5 % | margin_after_return=74.0 %
[INFO] [1790300310.778449098] [sage_energy_monitor]: ENERGY | remaining=94.5 % | voltage=16.10 V | drain_rate=0.041 %/s | home_distance=10.2 m | return_time=14 s | return_cost=0.6 % | margin_after_return=73.9 %
[INFO] [1790300311.780273171] [sage_energy_monitor]: ENERGY | remaining=94.5 % | voltage=16.10 V | drain_rate=0.041 %/s | home_distance=10.7 m | return_time=15 s | return_cost=0.6 % | margin_after_return=73.9 %
[INFO] [1790300312.776745637] [sage_energy_monitor]: ENERGY | remaining=94.4 % | voltage=16.10 V | drain_rate=0.041 %/s | home_distance=10.8 m | return_time=15 s | return_cost=0.6 % | margin_after_return=73.8 %
[INFO] [1790300313.776032658] [sage_energy_monitor]: ENERGY | remaining=94.4 % | voltage=16.10 V | drain_rate=0.040 %/s | home_distance=10.3 m | return_time=14 s | return_cost=0.6 % | margin_after_return=73.8 %
[INFO] [1790300314.777660074] [sage_energy_monitor]: ENERGY | remaining=94.4 % | voltage=16.10 V | drain_rate=0.040 %/s | home_distance=8.9 m | return_time=13 s | return_cost=0.5 % | margin_after_return=73.8 %
[INFO] [1790300315.780222069] [sage_energy_monitor]: ENERGY | remaining=94.3 % | voltage=16.10 V | drain_rate=0.041 %/s | home_distance=6.8 m | return_time=11 s | return_cost=0.4 % | margin_after_return=73.9 %
[INFO] [1790300316.791015106] [sage_energy_monitor]: ENERGY | remaining=94.3 % | voltage=16.10 V | drain_rate=0.041 %/s | home_distance=4.6 m | return_time=9 s | return_cost=0.3 % | margin_after_return=73.9 %
[INFO] [1790300317.778531684] [sage_energy_monitor]: ENERGY | remaining=94.2 % | voltage=16.10 V | drain_rate=0.041 %/s | home_distance=2.7 m | return_time=7 s | return_cost=0.3 % | margin_after_return=74.0 %
[INFO] [1790300318.780433463] [sage_energy_monitor]: ENERGY | remaining=94.2 % | voltage=16.09 V | drain_rate=0.041 %/s | home_distance=1.9 m | return_time=6 s | return_cost=0.2 % | margin_after_return=73.9 %
[INFO] [1790300319.777146844] [sage_energy_monitor]: ENERGY | remaining=94.1 % | voltage=16.09 V | drain_rate=0.041 %/s | home_distance=1.9 m | return_time=6 s | return_cost=0.2 % | margin_after_return=73.9 %
[INFO] [1790300320.777259756] [sage_energy_monitor]: ENERGY | remaining=94.1 % | voltage=16.09 V | drain_rate=0.041 %/s | home_distance=2.0 m | return_time=6 s | return_cost=0.2 % | margin_after_return=73.9 %
[INFO] [1790300321.776821104] [sage_energy_monitor]: ENERGY | remaining=94.1 % | voltage=16.09 V | drain_rate=0.041 %/s | home_distance=2.2 m | return_time=6 s | return_cost=0.3 % | margin_after_return=73.8 %
[INFO] [1790300322.776533261] [sage_energy_monitor]: ENERGY | remaining=94.0 % | voltage=16.09 V | drain_rate=0.041 %/s | home_distance=3.6 m | return_time=8 s | return_cost=0.3 % | margin_after_return=73.7 %
[INFO] [1790300323.777383712] [sage_energy_monitor]: ENERGY | remaining=94.0 % | voltage=16.09 V | drain_rate=0.041 %/s | home_distance=5.6 m | return_time=10 s | return_cost=0.4 % | margin_after_return=73.6 %
[INFO] [1790300324.779235308] [sage_energy_monitor]: ENERGY | remaining=93.9 % | voltage=16.09 V | drain_rate=0.041 %/s | home_distance=7.2 m | return_time=11 s | return_cost=0.5 % | margin_after_return=73.5 %
[INFO] [1790300325.780898488] [sage_energy_monitor]: ENERGY | remaining=93.9 % | voltage=16.09 V | drain_rate=0.041 %/s | home_distance=7.9 m | return_time=12 s | return_cost=0.5 % | margin_after_return=73.4 %
[INFO] [1790300326.777359653] [sage_energy_monitor]: ENERGY | remaining=93.9 % | voltage=16.09 V | drain_rate=0.041 %/s | home_distance=6.9 m | return_time=11 s | return_cost=0.4 % | margin_after_return=73.4 %
[INFO] [1790300327.775932610] [sage_energy_monitor]: ENERGY | remaining=93.8 % | voltage=16.09 V | drain_rate=0.041 %/s | home_distance=5.4 m | return_time=9 s | return_cost=0.4 % | margin_after_return=73.4 %
[INFO] [1790300328.777083865] [sage_energy_monitor]: ENERGY | remaining=93.8 % | voltage=16.09 V | drain_rate=0.041 %/s | home_distance=5.0 m | return_time=9 s | return_cost=0.4 % | margin_after_return=73.4 %
[INFO] [1790300329.778750737] [sage_energy_monitor]: ENERGY | remaining=93.7 % | voltage=16.09 V | drain_rate=0.041 %/s | home_distance=4.6 m | return_time=8 s | return_cost=0.3 % | margin_after_return=73.4 %
[INFO] [1790300330.783758145] [sage_energy_monitor]: ENERGY | remaining=93.7 % | voltage=16.09 V | drain_rate=0.041 %/s | home_distance=3.2 m | return_time=7 s | return_cost=0.3 % | margin_after_return=73.4 %
[INFO] [1790300331.780927478] [sage_energy_monitor]: ENERGY | remaining=93.7 % | voltage=16.08 V | drain_rate=0.041 %/s | home_distance=2.2 m | return_time=6 s | return_cost=0.3 % | margin_after_return=73.4 %
[INFO] [1790300332.776731060] [sage_energy_monitor]: ENERGY | remaining=93.6 % | voltage=16.08 V | drain_rate=0.041 %/s | home_distance=1.7 m | return_time=6 s | return_cost=0.2 % | margin_after_return=73.4 %
[INFO] [1790300333.778965374] [sage_energy_monitor]: ENERGY | remaining=93.6 % | voltage=16.08 V | drain_rate=0.041 %/s | home_distance=2.1 m | return_time=6 s | return_cost=0.2 % | margin_after_return=73.3 %
[INFO] [1790300334.781659234] [sage_energy_monitor]: ENERGY | remaining=93.5 % | voltage=16.08 V | drain_rate=0.041 %/s | home_distance=3.9 m | return_time=8 s | return_cost=0.3 % | margin_after_return=73.2 %
[INFO] [1790300335.779254615] [sage_energy_monitor]: ENERGY | remaining=93.5 % | voltage=16.08 V | drain_rate=0.041 %/s | home_distance=5.2 m | return_time=9 s | return_cost=0.4 % | margin_after_return=73.1 %
[INFO] [1790300336.784817554] [sage_energy_monitor]: ENERGY | remaining=93.4 % | voltage=16.08 V | drain_rate=0.041 %/s | home_distance=5.6 m | return_time=9 s | return_cost=0.4 % | margin_after_return=73.1 %
[INFO] [1790300337.775987160] [sage_energy_monitor]: ENERGY | remaining=93.4 % | voltage=16.08 V | drain_rate=0.041 %/s | home_distance=4.8 m | return_time=9 s | return_cost=0.4 % | margin_after_return=73.0 %
[INFO] [1790300338.776121463] [sage_energy_monitor]: ENERGY | remaining=93.4 % | voltage=16.08 V | drain_rate=0.041 %/s | home_distance=4.2 m | return_time=8 s | return_cost=0.3 % | margin_after_return=73.0 %
[INFO] [1790300339.776124650] [sage_energy_monitor]: ENERGY | remaining=93.3 % | voltage=16.08 V | drain_rate=0.041 %/s | home_distance=4.4 m | return_time=9 s | return_cost=0.4 % | margin_after_return=73.0 %
[INFO] [1790300340.780826272] [sage_energy_monitor]: ENERGY | remaining=93.3 % | voltage=16.08 V | drain_rate=0.041 %/s | home_distance=4.7 m | return_time=9 s | return_cost=0.4 % | margin_after_return=72.9 %
[INFO] [1790300341.777603524] [sage_energy_monitor]: ENERGY | remaining=93.2 % | voltage=16.08 V | drain_rate=0.041 %/s | home_distance=4.4 m | return_time=8 s | return_cost=0.3 % | margin_after_return=72.9 %
[INFO] [1790300342.784384211] [sage_energy_monitor]: ENERGY | remaining=93.2 % | voltage=16.08 V | drain_rate=0.041 %/s | home_distance=3.0 m | return_time=7 s | return_cost=0.3 % | margin_after_return=72.9 %
[INFO] [1790300343.786957158] [sage_energy_monitor]: ENERGY | remaining=93.2 % | voltage=16.08 V | drain_rate=0.041 %/s | home_distance=2.0 m | return_time=6 s | return_cost=0.2 % | margin_after_return=72.9 %
[INFO] [1790300344.776464388] [sage_energy_monitor]: ENERGY | remaining=93.1 % | voltage=16.08 V | drain_rate=0.041 %/s | home_distance=1.7 m | return_time=6 s | return_cost=0.2 % | margin_after_return=72.9 %
[INFO] [1790300345.776212534] [sage_energy_monitor]: ENERGY | remaining=93.1 % | voltage=16.07 V | drain_rate=0.041 %/s | home_distance=2.9 m | return_time=7 s | return_cost=0.3 % | margin_after_return=72.8 %
[INFO] [1790300346.777707892] [sage_energy_monitor]: ENERGY | remaining=93.0 % | voltage=16.07 V | drain_rate=0.041 %/s | home_distance=3.3 m | return_time=7 s | return_cost=0.3 % | margin_after_return=72.7 %
[INFO] [1790300347.778646892] [sage_energy_monitor]: ENERGY | remaining=93.0 % | voltage=16.07 V | drain_rate=0.041 %/s | home_distance=3.9 m | return_time=8 s | return_cost=0.3 % | margin_after_return=72.7 %
[INFO] [1790300348.776055310] [sage_energy_monitor]: ENERGY | remaining=93.0 % | voltage=16.07 V | drain_rate=0.041 %/s | home_distance=5.1 m | return_time=9 s | return_cost=0.4 % | margin_after_return=72.6 %
[INFO] [1790300349.779579690] [sage_energy_monitor]: ENERGY | remaining=92.9 % | voltage=16.07 V | drain_rate=0.041 %/s | home_distance=6.8 m | return_time=11 s | return_cost=0.4 % | margin_after_return=72.5 %
[INFO] [1790300350.790186366] [sage_energy_monitor]: ENERGY | remaining=92.9 % | voltage=16.07 V | drain_rate=0.041 %/s | home_distance=8.5 m | return_time=13 s | return_cost=0.5 % | margin_after_return=72.4 %
[INFO] [1790300351.780105720] [sage_energy_monitor]: ENERGY | remaining=92.8 % | voltage=16.07 V | drain_rate=0.041 %/s | home_distance=10.0 m | return_time=14 s | return_cost=0.6 % | margin_after_return=72.3 %
[INFO] [1790300352.777384090] [sage_energy_monitor]: ENERGY | remaining=92.8 % | voltage=16.07 V | drain_rate=0.041 %/s | home_distance=10.6 m | return_time=15 s | return_cost=0.6 % | margin_after_return=72.2 %
[INFO] [1790300353.777974618] [sage_energy_monitor]: ENERGY | remaining=92.8 % | voltage=16.07 V | drain_rate=0.041 %/s | home_distance=10.8 m | return_time=15 s | return_cost=0.6 % | margin_after_return=72.1 %
[INFO] [1790300354.779847108] [sage_energy_monitor]: ENERGY | remaining=92.7 % | voltage=16.07 V | drain_rate=0.041 %/s | home_distance=11.0 m | return_time=15 s | return_cost=0.6 % | margin_after_return=72.1 %
[INFO] [1790300355.781886322] [sage_energy_monitor]: ENERGY | remaining=92.7 % | voltage=16.07 V | drain_rate=0.041 %/s | home_distance=11.4 m | return_time=15 s | return_cost=0.6 % | margin_after_return=72.0 %
[INFO] [1790300356.776990436] [sage_energy_monitor]: ENERGY | remaining=92.6 % | voltage=16.07 V | drain_rate=0.041 %/s | home_distance=12.0 m | return_time=16 s | return_cost=0.7 % | margin_after_return=72.0 %
[INFO] [1790300357.777311495] [sage_energy_monitor]: ENERGY | remaining=92.6 % | voltage=16.07 V | drain_rate=0.041 %/s | home_distance=12.3 m | return_time=16 s | return_cost=0.7 % | margin_after_return=71.9 %
[INFO] [1790300358.782314830] [sage_energy_monitor]: ENERGY | remaining=92.5 % | voltage=16.06 V | drain_rate=0.041 %/s | home_distance=12.3 m | return_time=16 s | return_cost=0.7 % | margin_after_return=71.9 %
[INFO] [1790300359.783478409] [sage_energy_monitor]: ENERGY | remaining=92.5 % | voltage=16.06 V | drain_rate=0.041 %/s | home_distance=12.2 m | return_time=16 s | return_cost=0.7 % | margin_after_return=71.8 %
[INFO] [1790300360.778547677] [sage_energy_monitor]: ENERGY | remaining=92.5 % | voltage=16.06 V | drain_rate=0.041 %/s | home_distance=12.1 m | return_time=16 s | return_cost=0.7 % | margin_after_return=71.8 %
[INFO] [1790300361.787084576] [sage_energy_monitor]: ENERGY | remaining=92.4 % | voltage=16.06 V | drain_rate=0.041 %/s | home_distance=12.0 m | return_time=16 s | return_cost=0.7 % | margin_after_return=71.7 %
[INFO] [1790300362.778373910] [sage_energy_monitor]: ENERGY | remaining=92.4 % | voltage=16.06 V | drain_rate=0.041 %/s | home_distance=12.0 m | return_time=16 s | return_cost=0.7 % | margin_after_return=71.7 %
[INFO] [1790300363.779509375] [sage_energy_monitor]: ENERGY | remaining=92.3 % | voltage=16.06 V | drain_rate=0.041 %/s | home_distance=12.0 m | return_time=16 s | return_cost=0.7 % | margin_after_return=71.7 %
[INFO] [1790300364.776669750] [sage_energy_monitor]: ENERGY | remaining=92.3 % | voltage=16.06 V | drain_rate=0.041 %/s | home_distance=12.0 m | return_time=16 s | return_cost=0.7 % | margin_after_return=71.6 %
[INFO] [1790300365.778003806] [sage_energy_monitor]: ENERGY | remaining=92.3 % | voltage=16.06 V | drain_rate=0.041 %/s | home_distance=11.7 m | return_time=16 s | return_cost=0.7 % | margin_after_return=71.6 %
[INFO] [1790300366.779246338] [sage_energy_monitor]: ENERGY | remaining=92.2 % | voltage=16.06 V | drain_rate=0.041 %/s | home_distance=11.0 m | return_time=15 s | return_cost=0.6 % | margin_after_return=71.6 %
[INFO] [1790300367.778242492] [sage_energy_monitor]: ENERGY | remaining=92.2 % | voltage=16.06 V | drain_rate=0.041 %/s | home_distance=10.6 m | return_time=15 s | return_cost=0.6 % | margin_after_return=71.6 %
[INFO] [1790300368.780523167] [sage_energy_monitor]: ENERGY | remaining=92.1 % | voltage=16.06 V | drain_rate=0.041 %/s | home_distance=10.6 m | return_time=15 s | return_cost=0.6 % | margin_after_return=71.5 %
[INFO] [1790300369.779031420] [sage_energy_monitor]: ENERGY | remaining=92.1 % | voltage=16.06 V | drain_rate=0.041 %/s | home_distance=10.7 m | return_time=15 s | return_cost=0.6 % | margin_after_return=71.5 %
[INFO] [1790300370.776625347] [sage_energy_monitor]: ENERGY | remaining=92.0 % | voltage=16.06 V | drain_rate=0.041 %/s | home_distance=11.0 m | return_time=15 s | return_cost=0.6 % | margin_after_return=71.4 %
[INFO] [1790300371.776823236] [sage_energy_monitor]: ENERGY | remaining=92.0 % | voltage=16.06 V | drain_rate=0.041 %/s | home_distance=11.3 m | return_time=15 s | return_cost=0.6 % | margin_after_return=71.4 %
[INFO] [1790300372.776766464] [sage_energy_monitor]: ENERGY | remaining=92.0 % | voltage=16.05 V | drain_rate=0.041 %/s | home_distance=11.7 m | return_time=16 s | return_cost=0.6 % | margin_after_return=71.3 %
[INFO] [1790300373.782804699] [sage_energy_monitor]: ENERGY | remaining=91.9 % | voltage=16.05 V | drain_rate=0.041 %/s | home_distance=12.0 m | return_time=16 s | return_cost=0.7 % | margin_after_return=71.3 %
[INFO] [1790300374.777287846] [sage_energy_monitor]: ENERGY | remaining=91.9 % | voltage=16.05 V | drain_rate=0.041 %/s | home_distance=12.2 m | return_time=16 s | return_cost=0.7 % | margin_after_return=71.2 %
[INFO] [1790300375.776878638] [sage_energy_monitor]: ENERGY | remaining=91.8 % | voltage=16.05 V | drain_rate=0.041 %/s | home_distance=12.6 m | return_time=17 s | return_cost=0.7 % | margin_after_return=71.1 %
[INFO] [1790300376.776543930] [sage_energy_monitor]: ENERGY | remaining=91.8 % | voltage=16.05 V | drain_rate=0.041 %/s | home_distance=13.1 m | return_time=17 s | return_cost=0.7 % | margin_after_return=71.1 %
[INFO] [1790300377.780896856] [sage_energy_monitor]: ENERGY | remaining=91.8 % | voltage=16.05 V | drain_rate=0.041 %/s | home_distance=13.1 m | return_time=17 s | return_cost=0.7 % | margin_after_return=71.0 %
[INFO] [1790300378.778799004] [sage_energy_monitor]: ENERGY | remaining=91.7 % | voltage=16.05 V | drain_rate=0.042 %/s | home_distance=12.7 m | return_time=17 s | return_cost=0.7 % | margin_after_return=71.0 %
[INFO] [1790300379.779100128] [sage_energy_monitor]: ENERGY | remaining=91.7 % | voltage=16.05 V | drain_rate=0.042 %/s | home_distance=11.5 m | return_time=16 s | return_cost=0.7 % | margin_after_return=71.0 %
[INFO] [1790300380.780540861] [sage_energy_monitor]: ENERGY | remaining=91.6 % | voltage=16.05 V | drain_rate=0.042 %/s | home_distance=10.8 m | return_time=15 s | return_cost=0.6 % | margin_after_return=71.0 %
[INFO] [1790300381.777088993] [sage_energy_monitor]: ENERGY | remaining=91.6 % | voltage=16.05 V | drain_rate=0.042 %/s | home_distance=10.5 m | return_time=14 s | return_cost=0.6 % | margin_after_return=71.0 %
[INFO] [1790300382.782990755] [sage_energy_monitor]: ENERGY | remaining=91.5 % | voltage=16.05 V | drain_rate=0.041 %/s | home_distance=10.0 m | return_time=14 s | return_cost=0.6 % | margin_after_return=71.0 %
[INFO] [1790300383.777643269] [sage_energy_monitor]: ENERGY | remaining=91.5 % | voltage=16.05 V | drain_rate=0.041 %/s | home_distance=9.3 m | return_time=14 s | return_cost=0.6 % | margin_after_return=70.9 %
[INFO] [1790300384.783815972] [sage_energy_monitor]: ENERGY | remaining=91.5 % | voltage=16.05 V | drain_rate=0.042 %/s | home_distance=9.0 m | return_time=13 s | return_cost=0.5 % | margin_after_return=70.9 %
[INFO] [1790300385.781638998] [sage_energy_monitor]: ENERGY | remaining=91.4 % | voltage=16.04 V | drain_rate=0.042 %/s | home_distance=9.1 m | return_time=13 s | return_cost=0.6 % | margin_after_return=70.9 %
[INFO] [1790300386.778605111] [sage_energy_monitor]: ENERGY | remaining=91.4 % | voltage=16.04 V | drain_rate=0.042 %/s | home_distance=9.5 m | return_time=13 s | return_cost=0.6 % | margin_after_return=70.8 %
[INFO] [1790300387.776489159] [sage_energy_monitor]: ENERGY | remaining=91.3 % | voltage=16.04 V | drain_rate=0.042 %/s | home_distance=10.2 m | return_time=14 s | return_cost=0.6 % | margin_after_return=70.7 %
[INFO] [1790300388.778567763] [sage_energy_monitor]: ENERGY | remaining=91.3 % | voltage=16.04 V | drain_rate=0.042 %/s | home_distance=10.7 m | return_time=15 s | return_cost=0.6 % | margin_after_return=70.7 %
[INFO] [1790300389.777595926] [sage_energy_monitor]: ENERGY | remaining=91.3 % | voltage=16.04 V | drain_rate=0.042 %/s | home_distance=10.4 m | return_time=14 s | return_cost=0.6 % | margin_after_return=70.7 %
[INFO] [1790300390.777939666] [sage_energy_monitor]: ENERGY | remaining=91.2 % | voltage=16.04 V | drain_rate=0.041 %/s | home_distance=10.6 m | return_time=14 s | return_cost=0.6 % | margin_after_return=70.6 %
[INFO] [1790300391.777325781] [sage_energy_monitor]: ENERGY | remaining=91.2 % | voltage=16.04 V | drain_rate=0.041 %/s | home_distance=12.3 m | return_time=16 s | return_cost=0.7 % | margin_after_return=70.5 %
[INFO] [1790300392.780547937] [sage_energy_monitor]: ENERGY | remaining=91.1 % | voltage=16.04 V | drain_rate=0.041 %/s | home_distance=13.6 m | return_time=18 s | return_cost=0.7 % | margin_after_return=70.4 %
[INFO] [1790300393.780973851] [sage_energy_monitor]: ENERGY | remaining=91.1 % | voltage=16.04 V | drain_rate=0.041 %/s | home_distance=13.9 m | return_time=18 s | return_cost=0.7 % | margin_after_return=70.3 %
[INFO] [1790300394.779343149] [sage_energy_monitor]: ENERGY | remaining=91.0 % | voltage=16.04 V | drain_rate=0.042 %/s | home_distance=12.3 m | return_time=16 s | return_cost=0.7 % | margin_after_return=70.4 %
[INFO] [1790300395.775906681] [sage_energy_monitor]: ENERGY | remaining=91.0 % | voltage=16.04 V | drain_rate=0.042 %/s | home_distance=10.5 m | return_time=15 s | return_cost=0.6 % | margin_after_return=70.4 %
[INFO] [1790300396.777694986] [sage_energy_monitor]: ENERGY | remaining=91.0 % | voltage=16.04 V | drain_rate=0.042 %/s | home_distance=9.7 m | return_time=14 s | return_cost=0.6 % | margin_after_return=70.4 %
[INFO] [1790300397.776837120] [sage_energy_monitor]: ENERGY | remaining=90.9 % | voltage=16.04 V | drain_rate=0.042 %/s | home_distance=9.6 m | return_time=14 s | return_cost=0.6 % | margin_after_return=70.4 %
[INFO] [1790300398.780592986] [sage_energy_monitor]: ENERGY | remaining=90.9 % | voltage=16.03 V | drain_rate=0.042 %/s | home_distance=9.6 m | return_time=14 s | return_cost=0.6 % | margin_after_return=70.3 %
[INFO] [1790300399.785632904] [sage_energy_monitor]: ENERGY | remaining=90.8 % | voltage=16.03 V | drain_rate=0.042 %/s | home_distance=10.1 m | return_time=14 s | return_cost=0.6 % | margin_after_return=70.2 %
[INFO] [1790300400.782771982] [sage_energy_monitor]: ENERGY | remaining=90.8 % | voltage=16.03 V | drain_rate=0.042 %/s | home_distance=10.3 m | return_time=14 s | return_cost=0.6 % | margin_after_return=70.2 %
[INFO] [1790300401.777823204] [sage_energy_monitor]: ENERGY | remaining=90.8 % | voltage=16.03 V | drain_rate=0.042 %/s | home_distance=10.0 m | return_time=14 s | return_cost=0.6 % | margin_after_return=70.2 %
[INFO] [1790300402.775898546] [sage_energy_monitor]: ENERGY | remaining=90.7 % | voltage=16.03 V | drain_rate=0.042 %/s | home_distance=8.9 m | return_time=13 s | return_cost=0.5 % | margin_after_return=70.2 %
[INFO] [1790300403.776713891] [sage_energy_monitor]: ENERGY | remaining=90.7 % | voltage=16.03 V | drain_rate=0.041 %/s | home_distance=8.1 m | return_time=12 s | return_cost=0.5 % | margin_after_return=70.2 %
[INFO] [1790300404.786562596] [sage_energy_monitor]: ENERGY | remaining=90.6 % | voltage=16.03 V | drain_rate=0.041 %/s | home_distance=7.6 m | return_time=12 s | return_cost=0.5 % | margin_after_return=70.2 %
[INFO] [1790300405.776415833] [sage_energy_monitor]: ENERGY | remaining=90.6 % | voltage=16.03 V | drain_rate=0.041 %/s | home_distance=6.2 m | return_time=10 s | return_cost=0.4 % | margin_after_return=70.2 %
[INFO] [1790300406.776072536] [sage_energy_monitor]: ENERGY | remaining=90.6 % | voltage=16.03 V | drain_rate=0.041 %/s | home_distance=5.1 m | return_time=9 s | return_cost=0.4 % | margin_after_return=70.2 %
[INFO] [1790300407.776137130] [sage_energy_monitor]: ENERGY | remaining=90.5 % | voltage=16.03 V | drain_rate=0.041 %/s | home_distance=4.7 m | return_time=9 s | return_cost=0.4 % | margin_after_return=70.2 %
[INFO] [1790300408.776256665] [sage_energy_monitor]: ENERGY | remaining=90.5 % | voltage=16.03 V | drain_rate=0.041 %/s | home_distance=4.4 m | return_time=8 s | return_cost=0.3 % | margin_after_return=70.1 %
[INFO] [1790300409.776596958] [sage_energy_monitor]: ENERGY | remaining=90.4 % | voltage=16.03 V | drain_rate=0.041 %/s | home_distance=5.1 m | return_time=9 s | return_cost=0.4 % | margin_after_return=70.1 %
[INFO] [1790300410.787614200] [sage_energy_monitor]: ENERGY | remaining=90.4 % | voltage=16.03 V | drain_rate=0.041 %/s | home_distance=6.4 m | return_time=11 s | return_cost=0.4 % | margin_after_return=70.0 %
[INFO] [1790300411.779792609] [sage_energy_monitor]: ENERGY | remaining=90.4 % | voltage=16.03 V | drain_rate=0.041 %/s | home_distance=7.1 m | return_time=11 s | return_cost=0.5 % | margin_after_return=69.9 %
[INFO] [1790300412.782973212] [sage_energy_monitor]: ENERGY | remaining=90.3 % | voltage=16.02 V | drain_rate=0.041 %/s | home_distance=8.5 m | return_time=13 s | return_cost=0.5 % | margin_after_return=69.8 %
[INFO] [1790300413.778989408] [sage_energy_monitor]: ENERGY | remaining=90.3 % | voltage=16.02 V | drain_rate=0.041 %/s | home_distance=10.7 m | return_time=15 s | return_cost=0.6 % | margin_after_return=69.7 %
[INFO] [1790300414.780058811] [sage_energy_monitor]: ENERGY | remaining=90.2 % | voltage=16.02 V | drain_rate=0.041 %/s | home_distance=12.3 m | return_time=16 s | return_cost=0.7 % | margin_after_return=69.6 %
[INFO] [1790300415.784458610] [sage_energy_monitor]: ENERGY | remaining=90.2 % | voltage=16.02 V | drain_rate=0.041 %/s | home_distance=12.9 m | return_time=17 s | return_cost=0.7 % | margin_after_return=69.5 %
[INFO] [1790300416.777733764] [sage_energy_monitor]: ENERGY | remaining=90.2 % | voltage=16.02 V | drain_rate=0.041 %/s | home_distance=11.6 m | return_time=16 s | return_cost=0.6 % | margin_after_return=69.5 %
[INFO] [1790300417.782811801] [sage_energy_monitor]: ENERGY | remaining=90.1 % | voltage=16.02 V | drain_rate=0.041 %/s | home_distance=9.7 m | return_time=14 s | return_cost=0.6 % | margin_after_return=69.5 %
[INFO] [1790300418.783375901] [sage_energy_monitor]: ENERGY | remaining=90.1 % | voltage=16.02 V | drain_rate=0.041 %/s | home_distance=8.6 m | return_time=13 s | return_cost=0.5 % | margin_after_return=69.5 %
[INFO] [1790300419.777491137] [sage_energy_monitor]: ENERGY | remaining=90.0 % | voltage=16.02 V | drain_rate=0.041 %/s | home_distance=8.3 m | return_time=12 s | return_cost=0.5 % | margin_after_return=69.5 %
[INFO] [1790300420.777966367] [sage_energy_monitor]: ENERGY | remaining=90.0 % | voltage=16.02 V | drain_rate=0.041 %/s | home_distance=8.7 m | return_time=13 s | return_cost=0.5 % | margin_after_return=69.5 %
[INFO] [1790300421.776247121] [sage_energy_monitor]: ENERGY | remaining=89.9 % | voltage=16.02 V | drain_rate=0.041 %/s | home_distance=9.0 m | return_time=13 s | return_cost=0.5 % | margin_after_return=69.4 %
[INFO] [1790300422.778535699] [sage_energy_monitor]: ENERGY | remaining=89.9 % | voltage=16.02 V | drain_rate=0.041 %/s | home_distance=9.1 m | return_time=13 s | return_cost=0.5 % | margin_after_return=69.4 %
[INFO] [1790300423.781504325] [sage_energy_monitor]: ENERGY | remaining=89.9 % | voltage=16.02 V | drain_rate=0.041 %/s | home_distance=9.5 m | return_time=13 s | return_cost=0.5 % | margin_after_return=69.3 %
[INFO] [1790300424.776451419] [sage_energy_monitor]: ENERGY | remaining=89.8 % | voltage=16.02 V | drain_rate=0.041 %/s | home_distance=10.6 m | return_time=14 s | return_cost=0.6 % | margin_after_return=69.2 %
[INFO] [1790300425.776252155] [sage_energy_monitor]: ENERGY | remaining=89.8 % | voltage=16.01 V | drain_rate=0.041 %/s | home_distance=12.5 m | return_time=16 s | return_cost=0.7 % | margin_after_return=69.1 %
[INFO] [1790300426.779445225] [sage_energy_monitor]: ENERGY | remaining=89.7 % | voltage=16.01 V | drain_rate=0.041 %/s | home_distance=13.7 m | return_time=18 s | return_cost=0.7 % | margin_after_return=69.0 %
[INFO] [1790300427.776959843] [sage_energy_monitor]: ENERGY | remaining=89.7 % | voltage=16.01 V | drain_rate=0.041 %/s | home_distance=13.7 m | return_time=17 s | return_cost=0.7 % | margin_after_return=69.0 %
[INFO] [1790300428.778101339] [sage_energy_monitor]: ENERGY | remaining=89.6 % | voltage=16.01 V | drain_rate=0.041 %/s | home_distance=11.7 m | return_time=16 s | return_cost=0.6 % | margin_after_return=69.0 %
[INFO] [1790300429.776350799] [sage_energy_monitor]: ENERGY | remaining=89.6 % | voltage=16.01 V | drain_rate=0.041 %/s | home_distance=10.0 m | return_time=14 s | return_cost=0.6 % | margin_after_return=69.0 %
[INFO] [1790300430.782238494] [sage_energy_monitor]: ENERGY | remaining=89.6 % | voltage=16.01 V | drain_rate=0.041 %/s | home_distance=9.4 m | return_time=13 s | return_cost=0.6 % | margin_after_return=69.0 %
[INFO] [1790300431.782828920] [sage_energy_monitor]: ENERGY | remaining=89.5 % | voltage=16.01 V | drain_rate=0.041 %/s | home_distance=9.4 m | return_time=13 s | return_cost=0.6 % | margin_after_return=69.0 %
[INFO] [1790300432.776058642] [sage_energy_monitor]: ENERGY | remaining=89.5 % | voltage=16.01 V | drain_rate=0.042 %/s | home_distance=9.5 m | return_time=13 s | return_cost=0.6 % | margin_after_return=68.9 %
[INFO] [1790300433.777194198] [sage_energy_monitor]: ENERGY | remaining=89.4 % | voltage=16.01 V | drain_rate=0.042 %/s | home_distance=10.3 m | return_time=14 s | return_cost=0.6 % | margin_after_return=68.8 %
[INFO] [1790300434.779622788] [sage_energy_monitor]: ENERGY | remaining=89.4 % | voltage=16.01 V | drain_rate=0.042 %/s | home_distance=11.2 m | return_time=15 s | return_cost=0.6 % | margin_after_return=68.8 %
[INFO] [1790300435.775678986] [sage_energy_monitor]: ENERGY | remaining=89.4 % | voltage=16.01 V | drain_rate=0.042 %/s | home_distance=11.7 m | return_time=16 s | return_cost=0.7 % | margin_after_return=68.7 %
[INFO] [1790300436.777907651] [sage_energy_monitor]: ENERGY | remaining=89.3 % | voltage=16.01 V | drain_rate=0.042 %/s | home_distance=12.3 m | return_time=16 s | return_cost=0.7 % | margin_after_return=68.6 %
[INFO] [1790300437.777459846] [sage_energy_monitor]: ENERGY | remaining=89.3 % | voltage=16.01 V | drain_rate=0.042 %/s | home_distance=13.9 m | return_time=18 s | return_cost=0.7 % | margin_after_return=68.5 %
[INFO] [1790300438.787628265] [sage_energy_monitor]: ENERGY | remaining=89.2 % | voltage=16.00 V | drain_rate=0.042 %/s | home_distance=15.2 m | return_time=19 s | return_cost=0.8 % | margin_after_return=68.4 %
[INFO] [1790300439.782773571] [sage_energy_monitor]: ENERGY | remaining=89.2 % | voltage=16.00 V | drain_rate=0.042 %/s | home_distance=15.4 m | return_time=19 s | return_cost=0.8 % | margin_after_return=68.4 %
[INFO] [1790300440.775869728] [sage_energy_monitor]: ENERGY | remaining=89.1 % | voltage=16.00 V | drain_rate=0.042 %/s | home_distance=14.1 m | return_time=18 s | return_cost=0.8 % | margin_after_return=68.4 %
[INFO] [1790300441.777983026] [sage_energy_monitor]: ENERGY | remaining=89.1 % | voltage=16.00 V | drain_rate=0.042 %/s | home_distance=12.5 m | return_time=16 s | return_cost=0.7 % | margin_after_return=68.4 %
[INFO] [1790300442.781786142] [sage_energy_monitor]: ENERGY | remaining=89.1 % | voltage=16.00 V | drain_rate=0.042 %/s | home_distance=11.8 m | return_time=16 s | return_cost=0.7 % | margin_after_return=68.4 %
[INFO] [1790300443.776776839] [sage_energy_monitor]: ENERGY | remaining=89.0 % | voltage=16.00 V | drain_rate=0.042 %/s | home_distance=11.4 m | return_time=15 s | return_cost=0.6 % | margin_after_return=68.4 %
[INFO] [1790300444.775979717] [sage_energy_monitor]: ENERGY | remaining=89.0 % | voltage=16.00 V | drain_rate=0.042 %/s | home_distance=10.3 m | return_time=14 s | return_cost=0.6 % | margin_after_return=68.4 %
[INFO] [1790300445.777357028] [sage_energy_monitor]: ENERGY | remaining=88.9 % | voltage=16.00 V | drain_rate=0.042 %/s | home_distance=9.6 m | return_time=14 s | return_cost=0.6 % | margin_after_return=68.4 %
[INFO] [1790300446.777112210] [sage_energy_monitor]: ENERGY | remaining=88.9 % | voltage=16.00 V | drain_rate=0.042 %/s | home_distance=9.5 m | return_time=13 s | return_cost=0.6 % | margin_after_return=68.3 %
[INFO] [1790300447.776793594] [sage_energy_monitor]: ENERGY | remaining=88.8 % | voltage=16.00 V | drain_rate=0.042 %/s | home_distance=10.6 m | return_time=15 s | return_cost=0.6 % | margin_after_return=68.2 %
[INFO] [1790300448.781285025] [sage_energy_monitor]: ENERGY | remaining=88.8 % | voltage=16.00 V | drain_rate=0.042 %/s | home_distance=11.5 m | return_time=16 s | return_cost=0.7 % | margin_after_return=68.2 %
[INFO] [1790300449.777362446] [sage_energy_monitor]: ENERGY | remaining=88.8 % | voltage=16.00 V | drain_rate=0.042 %/s | home_distance=12.0 m | return_time=16 s | return_cost=0.7 % | margin_after_return=68.1 %
[INFO] [1790300450.778479772] [sage_energy_monitor]: ENERGY | remaining=88.7 % | voltage=16.00 V | drain_rate=0.042 %/s | home_distance=13.0 m | return_time=17 s | return_cost=0.7 % | margin_after_return=68.0 %
[INFO] [1790300451.776731411] [sage_energy_monitor]: ENERGY | remaining=88.7 % | voltage=16.00 V | drain_rate=0.042 %/s | home_distance=13.7 m | return_time=18 s | return_cost=0.7 % | margin_after_return=67.9 %
[INFO] [1790300452.780196156] [sage_energy_monitor]: ENERGY | remaining=88.6 % | voltage=15.99 V | drain_rate=0.042 %/s | home_distance=13.1 m | return_time=17 s | return_cost=0.7 % | margin_after_return=67.9 %
[INFO] [1790300453.782810393] [sage_energy_monitor]: ENERGY | remaining=88.6 % | voltage=15.99 V | drain_rate=0.042 %/s | home_distance=11.0 m | return_time=15 s | return_cost=0.6 % | margin_after_return=68.0 %
[INFO] [1790300454.777390640] [sage_energy_monitor]: ENERGY | remaining=88.6 % | voltage=15.99 V | drain_rate=0.042 %/s | home_distance=9.6 m | return_time=14 s | return_cost=0.6 % | margin_after_return=68.0 %
[INFO] [1790300455.789089285] [sage_energy_monitor]: ENERGY | remaining=88.5 % | voltage=15.99 V | drain_rate=0.042 %/s | home_distance=9.0 m | return_time=13 s | return_cost=0.5 % | margin_after_return=68.0 %
[INFO] [1790300456.785936843] [sage_energy_monitor]: ENERGY | remaining=88.5 % | voltage=15.99 V | drain_rate=0.042 %/s | home_distance=8.6 m | return_time=12 s | return_cost=0.5 % | margin_after_return=67.9 %
[INFO] [1790300457.782540860] [sage_energy_monitor]: ENERGY | remaining=88.4 % | voltage=15.99 V | drain_rate=0.042 %/s | home_distance=8.8 m | return_time=12 s | return_cost=0.5 % | margin_after_return=67.9 %
[INFO] [1790300458.777037812] [sage_energy_monitor]: ENERGY | remaining=88.4 % | voltage=15.99 V | drain_rate=0.042 %/s | home_distance=9.5 m | return_time=14 s | return_cost=0.6 % | margin_after_return=67.8 %
[INFO] [1790300459.779298542] [sage_energy_monitor]: ENERGY | remaining=88.3 % | voltage=15.99 V | drain_rate=0.042 %/s | home_distance=10.4 m | return_time=15 s | return_cost=0.6 % | margin_after_return=67.7 %
[INFO] [1790300460.787544187] [sage_energy_monitor]: ENERGY | remaining=88.3 % | voltage=15.99 V | drain_rate=0.042 %/s | home_distance=10.8 m | return_time=15 s | return_cost=0.6 % | margin_after_return=67.7 %
[INFO] [1790300461.780734589] [sage_energy_monitor]: ENERGY | remaining=88.3 % | voltage=15.99 V | drain_rate=0.042 %/s | home_distance=10.9 m | return_time=15 s | return_cost=0.6 % | margin_after_return=67.6 %
[INFO] [1790300462.777072371] [sage_energy_monitor]: ENERGY | remaining=88.2 % | voltage=15.99 V | drain_rate=0.042 %/s | home_distance=11.1 m | return_time=15 s | return_cost=0.6 % | margin_after_return=67.6 %
[INFO] [1790300463.777577175] [sage_energy_monitor]: ENERGY | remaining=88.2 % | voltage=15.99 V | drain_rate=0.042 %/s | home_distance=11.4 m | return_time=16 s | return_cost=0.6 % | margin_after_return=67.5 %
[INFO] [1790300464.778258799] [sage_energy_monitor]: ENERGY | remaining=88.1 % | voltage=15.99 V | drain_rate=0.042 %/s | home_distance=11.9 m | return_time=16 s | return_cost=0.7 % | margin_after_return=67.5 %
[INFO] [1790300465.784391061] [sage_energy_monitor]: ENERGY | remaining=88.1 % | voltage=15.98 V | drain_rate=0.042 %/s | home_distance=12.2 m | return_time=16 s | return_cost=0.7 % | margin_after_return=67.4 %
[INFO] [1790300466.776987440] [sage_energy_monitor]: ENERGY | remaining=88.1 % | voltage=15.98 V | drain_rate=0.041 %/s | home_distance=12.3 m | return_time=16 s | return_cost=0.7 % | margin_after_return=67.4 %
[INFO] [1790300467.777420702] [sage_energy_monitor]: ENERGY | remaining=88.0 % | voltage=15.98 V | drain_rate=0.041 %/s | home_distance=12.3 m | return_time=16 s | return_cost=0.7 % | margin_after_return=67.3 %
[INFO] [1790300468.782237865] [sage_energy_monitor]: ENERGY | remaining=88.0 % | voltage=15.98 V | drain_rate=0.041 %/s | home_distance=12.2 m | return_time=16 s | return_cost=0.7 % | margin_after_return=67.3 %
[INFO] [1790300469.777711735] [sage_energy_monitor]: ENERGY | remaining=87.9 % | voltage=15.98 V | drain_rate=0.041 %/s | home_distance=12.1 m | return_time=16 s | return_cost=0.7 % | margin_after_return=67.3 %
[INFO] [1790300470.776587587] [sage_energy_monitor]: ENERGY | remaining=87.9 % | voltage=15.98 V | drain_rate=0.041 %/s | home_distance=12.1 m | return_time=16 s | return_cost=0.7 % | margin_after_return=67.2 %
[INFO] [1790300471.782112070] [sage_energy_monitor]: ENERGY | remaining=87.9 % | voltage=15.98 V | drain_rate=0.041 %/s | home_distance=12.0 m | return_time=16 s | return_cost=0.7 % | margin_after_return=67.2 %
[INFO] [1790300472.779247581] [sage_energy_monitor]: ENERGY | remaining=87.8 % | voltage=15.98 V | drain_rate=0.041 %/s | home_distance=12.0 m | return_time=16 s | return_cost=0.7 % | margin_after_return=67.2 %
[INFO] [1790300473.778726908] [sage_energy_monitor]: ENERGY | remaining=87.8 % | voltage=15.98 V | drain_rate=0.041 %/s | home_distance=12.1 m | return_time=16 s | return_cost=0.7 % | margin_after_return=67.1 %
[INFO] [1790300474.778210856] [sage_energy_monitor]: ENERGY | remaining=87.7 % | voltage=15.98 V | drain_rate=0.041 %/s | home_distance=11.7 m | return_time=16 s | return_cost=0.7 % | margin_after_return=67.1 %
[INFO] [1790300475.786096327] [sage_energy_monitor]: ENERGY | remaining=87.7 % | voltage=15.98 V | drain_rate=0.041 %/s | home_distance=10.9 m | return_time=15 s | return_cost=0.6 % | margin_after_return=67.1 %
[INFO] [1790300476.776007601] [sage_energy_monitor]: ENERGY | remaining=87.6 % | voltage=15.98 V | drain_rate=0.041 %/s | home_distance=10.5 m | return_time=15 s | return_cost=0.6 % | margin_after_return=67.0 %
[INFO] [1790300477.780315751] [sage_energy_monitor]: ENERGY | remaining=87.6 % | voltage=15.98 V | drain_rate=0.041 %/s | home_distance=10.1 m | return_time=14 s | return_cost=0.6 % | margin_after_return=67.0 %
[INFO] [1790300478.776380116] [sage_energy_monitor]: ENERGY | remaining=87.6 % | voltage=15.98 V | drain_rate=0.041 %/s | home_distance=9.9 m | return_time=14 s | return_cost=0.6 % | margin_after_return=67.0 %
[INFO] [1790300479.780061312] [sage_energy_monitor]: ENERGY | remaining=87.5 % | voltage=15.97 V | drain_rate=0.041 %/s | home_distance=9.8 m | return_time=14 s | return_cost=0.6 % | margin_after_return=66.9 %
[INFO] [1790300480.780932823] [sage_energy_monitor]: ENERGY | remaining=87.5 % | voltage=15.97 V | drain_rate=0.041 %/s | home_distance=9.8 m | return_time=14 s | return_cost=0.6 % | margin_after_return=66.9 %
[INFO] [1790300481.778025880] [sage_energy_monitor]: ENERGY | remaining=87.4 % | voltage=15.97 V | drain_rate=0.041 %/s | home_distance=9.9 m | return_time=14 s | return_cost=0.6 % | margin_after_return=66.9 %
[INFO] [1790300482.780143764] [sage_energy_monitor]: ENERGY | remaining=87.4 % | voltage=15.97 V | drain_rate=0.041 %/s | home_distance=9.9 m | return_time=14 s | return_cost=0.6 % | margin_after_return=66.8 %
[INFO] [1790300483.783494504] [sage_energy_monitor]: ENERGY | remaining=87.4 % | voltage=15.97 V | drain_rate=0.041 %/s | home_distance=9.9 m | return_time=14 s | return_cost=0.6 % | margin_after_return=66.8 %
[INFO] [1790300484.776267780] [sage_energy_monitor]: ENERGY | remaining=87.3 % | voltage=15.97 V | drain_rate=0.041 %/s | home_distance=9.9 m | return_time=14 s | return_cost=0.6 % | margin_after_return=66.7 %
[INFO] [1790300485.777510266] [sage_energy_monitor]: ENERGY | remaining=87.3 % | voltage=15.97 V | drain_rate=0.041 %/s | home_distance=10.0 m | return_time=14 s | return_cost=0.6 % | margin_after_return=66.7 %
[INFO] [1790300486.777088701] [sage_energy_monitor]: ENERGY | remaining=87.2 % | voltage=15.97 V | drain_rate=0.041 %/s | home_distance=10.1 m | return_time=14 s | return_cost=0.6 % | margin_after_return=66.7 %
[INFO] [1790300487.777132586] [sage_energy_monitor]: ENERGY | remaining=87.2 % | voltage=15.97 V | drain_rate=0.041 %/s | home_distance=10.6 m | return_time=15 s | return_cost=0.6 % | margin_after_return=66.6 %
[INFO] [1790300488.776463844] [sage_energy_monitor]: ENERGY | remaining=87.2 % | voltage=15.97 V | drain_rate=0.041 %/s | home_distance=11.5 m | return_time=16 s | return_cost=0.6 % | margin_after_return=66.5 %
[INFO] [1790300489.789102034] [sage_energy_monitor]: ENERGY | remaining=87.1 % | voltage=15.97 V | drain_rate=0.041 %/s | home_distance=12.7 m | return_time=17 s | return_cost=0.7 % | margin_after_return=66.4 %
[INFO] [1790300490.780886670] [sage_energy_monitor]: ENERGY | remaining=87.1 % | voltage=15.97 V | drain_rate=0.041 %/s | home_distance=13.4 m | return_time=17 s | return_cost=0.7 % | margin_after_return=66.4 %
[INFO] [1790300491.777136080] [sage_energy_monitor]: ENERGY | remaining=87.0 % | voltage=15.97 V | drain_rate=0.041 %/s | home_distance=13.7 m | return_time=18 s | return_cost=0.7 % | margin_after_return=66.3 %
[INFO] [1790300492.778864861] [sage_energy_monitor]: ENERGY | remaining=87.0 % | voltage=15.96 V | drain_rate=0.041 %/s | home_distance=12.6 m | return_time=17 s | return_cost=0.7 % | margin_after_return=66.3 %
[INFO] [1790300493.779352224] [sage_energy_monitor]: ENERGY | remaining=86.9 % | voltage=15.96 V | drain_rate=0.041 %/s | home_distance=11.0 m | return_time=15 s | return_cost=0.6 % | margin_after_return=66.3 %
[INFO] [1790300494.787000038] [sage_energy_monitor]: ENERGY | remaining=86.9 % | voltage=15.96 V | drain_rate=0.041 %/s | home_distance=10.0 m | return_time=14 s | return_cost=0.6 % | margin_after_return=66.3 %
[INFO] [1790300495.779622796] [sage_energy_monitor]: ENERGY | remaining=86.9 % | voltage=15.96 V | drain_rate=0.042 %/s | home_distance=9.7 m | return_time=14 s | return_cost=0.6 % | margin_after_return=66.3 %
[INFO] [1790300496.776273013] [sage_energy_monitor]: ENERGY | remaining=86.8 % | voltage=15.96 V | drain_rate=0.042 %/s | home_distance=9.8 m | return_time=14 s | return_cost=0.6 % | margin_after_return=66.2 %
[INFO] [1790300497.776612557] [sage_energy_monitor]: ENERGY | remaining=86.8 % | voltage=15.96 V | drain_rate=0.042 %/s | home_distance=10.0 m | return_time=14 s | return_cost=0.6 % | margin_after_return=66.2 %
[INFO] [1790300498.781297400] [sage_energy_monitor]: ENERGY | remaining=86.7 % | voltage=15.96 V | drain_rate=0.042 %/s | home_distance=10.7 m | return_time=15 s | return_cost=0.6 % | margin_after_return=66.1 %
[INFO] [1790300499.780346285] [sage_energy_monitor]: ENERGY | remaining=86.7 % | voltage=15.96 V | drain_rate=0.042 %/s | home_distance=12.8 m | return_time=17 s | return_cost=0.7 % | margin_after_return=66.0 %
[INFO] [1790300500.779040319] [sage_energy_monitor]: ENERGY | remaining=86.6 % | voltage=15.96 V | drain_rate=0.042 %/s | home_distance=14.3 m | return_time=18 s | return_cost=0.8 % | margin_after_return=65.9 %
[INFO] [1790300501.782195685] [sage_energy_monitor]: ENERGY | remaining=86.6 % | voltage=15.96 V | drain_rate=0.042 %/s | home_distance=14.8 m | return_time=19 s | return_cost=0.8 % | margin_after_return=65.8 %
[INFO] [1790300502.780649012] [sage_energy_monitor]: ENERGY | remaining=86.6 % | voltage=15.96 V | drain_rate=0.042 %/s | home_distance=14.8 m | return_time=19 s | return_cost=0.8 % | margin_after_return=65.8 %
[INFO] [1790300503.782263078] [sage_energy_monitor]: ENERGY | remaining=86.5 % | voltage=15.96 V | drain_rate=0.042 %/s | home_distance=14.9 m | return_time=19 s | return_cost=0.8 % | margin_after_return=65.7 %
[INFO] [1790300504.785627396] [sage_energy_monitor]: ENERGY | remaining=86.5 % | voltage=15.96 V | drain_rate=0.042 %/s | home_distance=15.2 m | return_time=19 s | return_cost=0.8 % | margin_after_return=65.7 %
[INFO] [1790300505.778418180] [sage_energy_monitor]: ENERGY | remaining=86.4 % | voltage=15.96 V | drain_rate=0.041 %/s | home_distance=15.6 m | return_time=20 s | return_cost=0.8 % | margin_after_return=65.6 %
[INFO] [1790300506.783769233] [sage_energy_monitor]: ENERGY | remaining=86.4 % | voltage=15.95 V | drain_rate=0.041 %/s | home_distance=15.7 m | return_time=20 s | return_cost=0.8 % | margin_after_return=65.6 %
[INFO] [1790300507.779374121] [sage_energy_monitor]: ENERGY | remaining=86.4 % | voltage=15.95 V | drain_rate=0.041 %/s | home_distance=14.4 m | return_time=19 s | return_cost=0.8 % | margin_after_return=65.6 %
[INFO] [1790300508.785063685] [sage_energy_monitor]: ENERGY | remaining=86.3 % | voltage=15.95 V | drain_rate=0.041 %/s | home_distance=12.5 m | return_time=17 s | return_cost=0.7 % | margin_after_return=65.6 %
[INFO] [1790300509.777487275] [sage_energy_monitor]: ENERGY | remaining=86.3 % | voltage=15.95 V | drain_rate=0.041 %/s | home_distance=10.9 m | return_time=15 s | return_cost=0.6 % | margin_after_return=65.7 %
[INFO] [1790300510.778261655] [sage_energy_monitor]: ENERGY | remaining=86.2 % | voltage=15.95 V | drain_rate=0.041 %/s | home_distance=10.1 m | return_time=14 s | return_cost=0.6 % | margin_after_return=65.6 %
[INFO] [1790300511.777190799] [sage_energy_monitor]: ENERGY | remaining=86.2 % | voltage=15.95 V | drain_rate=0.041 %/s | home_distance=9.9 m | return_time=14 s | return_cost=0.6 % | margin_after_return=65.6 %
[INFO] [1790300512.777034562] [sage_energy_monitor]: ENERGY | remaining=86.2 % | voltage=15.95 V | drain_rate=0.041 %/s | home_distance=9.6 m | return_time=14 s | return_cost=0.6 % | margin_after_return=65.6 %
[INFO] [1790300513.779746388] [sage_energy_monitor]: ENERGY | remaining=86.1 % | voltage=15.95 V | drain_rate=0.041 %/s | home_distance=8.7 m | return_time=13 s | return_cost=0.5 % | margin_after_return=65.6 %
[INFO] [1790300514.775882963] [sage_energy_monitor]: ENERGY | remaining=86.1 % | voltage=15.95 V | drain_rate=0.041 %/s | home_distance=7.8 m | return_time=12 s | return_cost=0.5 % | margin_after_return=65.6 %
[INFO] [1790300515.778629277] [sage_energy_monitor]: ENERGY | remaining=86.0 % | voltage=15.95 V | drain_rate=0.041 %/s | home_distance=7.5 m | return_time=12 s | return_cost=0.5 % | margin_after_return=65.6 %
[INFO] [1790300516.777009036] [sage_energy_monitor]: ENERGY | remaining=86.0 % | voltage=15.95 V | drain_rate=0.041 %/s | home_distance=7.5 m | return_time=11 s | return_cost=0.5 % | margin_after_return=65.5 %
[INFO] [1790300517.782146636] [sage_energy_monitor]: ENERGY | remaining=86.0 % | voltage=15.95 V | drain_rate=0.041 %/s | home_distance=7.1 m | return_time=11 s | return_cost=0.5 % | margin_after_return=65.5 %
[INFO] [1790300518.776966728] [sage_energy_monitor]: ENERGY | remaining=85.9 % | voltage=15.95 V | drain_rate=0.041 %/s | home_distance=5.9 m | return_time=10 s | return_cost=0.4 % | margin_after_return=65.5 %
[INFO] [1790300519.777702209] [sage_energy_monitor]: ENERGY | remaining=85.9 % | voltage=15.94 V | drain_rate=0.041 %/s | home_distance=5.4 m | return_time=10 s | return_cost=0.4 % | margin_after_return=65.5 %
[INFO] [1790300520.778619498] [sage_energy_monitor]: ENERGY | remaining=85.8 % | voltage=15.94 V | drain_rate=0.041 %/s | home_distance=5.7 m | return_time=10 s | return_cost=0.4 % | margin_after_return=65.4 %
[INFO] [1790300521.779562252] [sage_energy_monitor]: ENERGY | remaining=85.8 % | voltage=15.94 V | drain_rate=0.041 %/s | home_distance=5.9 m | return_time=10 s | return_cost=0.4 % | margin_after_return=65.4 %
[INFO] [1790300522.781069501] [sage_energy_monitor]: ENERGY | remaining=85.7 % | voltage=15.94 V | drain_rate=0.041 %/s | home_distance=6.1 m | return_time=10 s | return_cost=0.4 % | margin_after_return=65.3 %
[INFO] [1790300523.786758783] [sage_energy_monitor]: ENERGY | remaining=85.7 % | voltage=15.94 V | drain_rate=0.041 %/s | home_distance=6.3 m | return_time=10 s | return_cost=0.4 % | margin_after_return=65.3 %
[INFO] [1790300524.778432526] [sage_energy_monitor]: ENERGY | remaining=85.7 % | voltage=15.94 V | drain_rate=0.041 %/s | home_distance=7.4 m | return_time=11 s | return_cost=0.5 % | margin_after_return=65.2 %
[INFO] [1790300525.778958116] [sage_energy_monitor]: ENERGY | remaining=85.6 % | voltage=15.94 V | drain_rate=0.041 %/s | home_distance=8.7 m | return_time=13 s | return_cost=0.5 % | margin_after_return=65.1 %
[INFO] [1790300526.781996130] [sage_energy_monitor]: ENERGY | remaining=85.6 % | voltage=15.94 V | drain_rate=0.041 %/s | home_distance=10.3 m | return_time=14 s | return_cost=0.6 % | margin_after_return=65.0 %
[INFO] [1790300527.776355888] [sage_energy_monitor]: ENERGY | remaining=85.5 % | voltage=15.94 V | drain_rate=0.041 %/s | home_distance=11.5 m | return_time=15 s | return_cost=0.6 % | margin_after_return=64.9 %
[INFO] [1790300528.776890512] [sage_energy_monitor]: ENERGY | remaining=85.5 % | voltage=15.94 V | drain_rate=0.041 %/s | home_distance=12.0 m | return_time=16 s | return_cost=0.6 % | margin_after_return=64.9 %
[INFO] [1790300529.780897504] [sage_energy_monitor]: ENERGY | remaining=85.5 % | voltage=15.94 V | drain_rate=0.041 %/s | home_distance=12.7 m | return_time=17 s | return_cost=0.7 % | margin_after_return=64.8 %
[INFO] [1790300530.779929970] [sage_energy_monitor]: ENERGY | remaining=85.4 % | voltage=15.94 V | drain_rate=0.041 %/s | home_distance=13.8 m | return_time=18 s | return_cost=0.7 % | margin_after_return=64.7 %
[INFO] [1790300531.776951271] [sage_energy_monitor]: ENERGY | remaining=85.4 % | voltage=15.94 V | drain_rate=0.041 %/s | home_distance=14.4 m | return_time=18 s | return_cost=0.8 % | margin_after_return=64.6 %
[INFO] [1790300532.777108958] [sage_energy_monitor]: ENERGY | remaining=85.3 % | voltage=15.94 V | drain_rate=0.041 %/s | home_distance=14.4 m | return_time=18 s | return_cost=0.7 % | margin_after_return=64.6 %
[INFO] [1790300533.785477191] [sage_energy_monitor]: ENERGY | remaining=85.3 % | voltage=15.93 V | drain_rate=0.041 %/s | home_distance=13.7 m | return_time=18 s | return_cost=0.7 % | margin_after_return=64.6 %
[INFO] [1790300534.776700024] [sage_energy_monitor]: ENERGY | remaining=85.3 % | voltage=15.93 V | drain_rate=0.041 %/s | home_distance=13.6 m | return_time=17 s | return_cost=0.7 % | margin_after_return=64.6 %
[INFO] [1790300535.778183530] [sage_energy_monitor]: ENERGY | remaining=85.2 % | voltage=15.93 V | drain_rate=0.041 %/s | home_distance=14.6 m | return_time=18 s | return_cost=0.8 % | margin_after_return=64.5 %
[INFO] [1790300536.777740606] [sage_energy_monitor]: ENERGY | remaining=85.2 % | voltage=15.93 V | drain_rate=0.041 %/s | home_distance=15.2 m | return_time=19 s | return_cost=0.8 % | margin_after_return=64.4 %
[INFO] [1790300537.780512617] [sage_energy_monitor]: ENERGY | remaining=85.1 % | voltage=15.93 V | drain_rate=0.041 %/s | home_distance=15.2 m | return_time=19 s | return_cost=0.8 % | margin_after_return=64.4 %
[INFO] [1790300538.780111397] [sage_energy_monitor]: ENERGY | remaining=85.1 % | voltage=15.93 V | drain_rate=0.041 %/s | home_distance=14.7 m | return_time=18 s | return_cost=0.8 % | margin_after_return=64.4 %
[INFO] [1790300539.782186419] [sage_energy_monitor]: ENERGY | remaining=85.1 % | voltage=15.93 V | drain_rate=0.041 %/s | home_distance=14.5 m | return_time=18 s | return_cost=0.7 % | margin_after_return=64.3 %
[INFO] [1790300540.778536306] [sage_energy_monitor]: ENERGY | remaining=85.0 % | voltage=15.93 V | drain_rate=0.040 %/s | home_distance=14.6 m | return_time=18 s | return_cost=0.7 % | margin_after_return=64.3 %
[INFO] [1790300541.782965622] [sage_energy_monitor]: ENERGY | remaining=85.0 % | voltage=15.93 V | drain_rate=0.040 %/s | home_distance=15.8 m | return_time=20 s | return_cost=0.8 % | margin_after_return=64.2 %
[INFO] [1790300542.776091319] [sage_energy_monitor]: ENERGY | remaining=84.9 % | voltage=15.93 V | drain_rate=0.040 %/s | home_distance=17.6 m | return_time=21 s | return_cost=0.9 % | margin_after_return=64.1 %
[INFO] [1790300543.780202508] [sage_energy_monitor]: ENERGY | remaining=84.9 % | voltage=15.93 V | drain_rate=0.040 %/s | home_distance=18.8 m | return_time=23 s | return_cost=0.9 % | margin_after_return=64.0 %
[INFO] [1790300544.784512653] [sage_energy_monitor]: ENERGY | remaining=84.9 % | voltage=15.93 V | drain_rate=0.040 %/s | home_distance=19.1 m | return_time=23 s | return_cost=0.9 % | margin_after_return=64.0 %
[INFO] [1790300545.776235210] [sage_energy_monitor]: ENERGY | remaining=84.8 % | voltage=15.93 V | drain_rate=0.040 %/s | home_distance=19.0 m | return_time=23 s | return_cost=0.9 % | margin_after_return=63.9 %
[INFO] [1790300546.775820851] [sage_energy_monitor]: ENERGY | remaining=84.8 % | voltage=15.93 V | drain_rate=0.040 %/s | home_distance=18.9 m | return_time=23 s | return_cost=0.9 % | margin_after_return=63.9 %
[INFO] [1790300547.779777565] [sage_energy_monitor]: ENERGY | remaining=84.8 % | voltage=15.92 V | drain_rate=0.040 %/s | home_distance=18.9 m | return_time=23 s | return_cost=0.9 % | margin_after_return=63.8 %
[INFO] [1790300548.776699341] [sage_energy_monitor]: ENERGY | remaining=84.7 % | voltage=15.92 V | drain_rate=0.040 %/s | home_distance=19.1 m | return_time=23 s | return_cost=0.9 % | margin_after_return=63.8 %
[INFO] [1790300549.777503383] [sage_energy_monitor]: ENERGY | remaining=84.7 % | voltage=15.92 V | drain_rate=0.040 %/s | home_distance=19.3 m | return_time=23 s | return_cost=0.9 % | margin_after_return=63.8 %
[INFO] [1790300550.778657387] [sage_energy_monitor]: ENERGY | remaining=84.6 % | voltage=15.92 V | drain_rate=0.040 %/s | home_distance=19.3 m | return_time=23 s | return_cost=0.9 % | margin_after_return=63.7 %
[INFO] [1790300551.779653122] [sage_energy_monitor]: ENERGY | remaining=84.6 % | voltage=15.92 V | drain_rate=0.040 %/s | home_distance=19.1 m | return_time=23 s | return_cost=0.9 % | margin_after_return=63.7 %
[INFO] [1790300552.788400327] [sage_energy_monitor]: ENERGY | remaining=84.6 % | voltage=15.92 V | drain_rate=0.040 %/s | home_distance=19.1 m | return_time=23 s | return_cost=0.9 % | margin_after_return=63.6 %
[INFO] [1790300553.778011017] [sage_energy_monitor]: ENERGY | remaining=84.5 % | voltage=15.92 V | drain_rate=0.040 %/s | home_distance=19.1 m | return_time=23 s | return_cost=0.9 % | margin_after_return=63.6 %
[INFO] [1790300554.780756326] [sage_energy_monitor]: ENERGY | remaining=84.5 % | voltage=15.92 V | drain_rate=0.040 %/s | home_distance=17.9 m | return_time=22 s | return_cost=0.9 % | margin_after_return=63.6 %
[INFO] [1790300555.776823505] [sage_energy_monitor]: ENERGY | remaining=84.4 % | voltage=15.92 V | drain_rate=0.040 %/s | home_distance=15.9 m | return_time=20 s | return_cost=0.8 % | margin_after_return=63.6 %
[INFO] [1790300556.776640077] [sage_energy_monitor]: ENERGY | remaining=84.4 % | voltage=15.92 V | drain_rate=0.040 %/s | home_distance=14.7 m | return_time=19 s | return_cost=0.7 % | margin_after_return=63.7 %
[INFO] [1790300557.782587051] [sage_energy_monitor]: ENERGY | remaining=84.4 % | voltage=15.92 V | drain_rate=0.040 %/s | home_distance=14.5 m | return_time=18 s | return_cost=0.7 % | margin_after_return=63.6 %
[INFO] [1790300558.777021000] [sage_energy_monitor]: ENERGY | remaining=84.3 % | voltage=15.92 V | drain_rate=0.040 %/s | home_distance=14.6 m | return_time=19 s | return_cost=0.7 % | margin_after_return=63.6 %
[INFO] [1790300559.776830146] [sage_energy_monitor]: ENERGY | remaining=84.3 % | voltage=15.92 V | drain_rate=0.039 %/s | home_distance=14.6 m | return_time=18 s | return_cost=0.7 % | margin_after_return=63.6 %
[INFO] [1790300560.779304849] [sage_energy_monitor]: ENERGY | remaining=84.2 % | voltage=15.92 V | drain_rate=0.039 %/s | home_distance=13.2 m | return_time=17 s | return_cost=0.7 % | margin_after_return=63.6 %
[INFO] [1790300561.777339159] [sage_energy_monitor]: ENERGY | remaining=84.2 % | voltage=15.91 V | drain_rate=0.039 %/s | home_distance=11.8 m | return_time=16 s | return_cost=0.6 % | margin_after_return=63.6 %
[INFO] [1790300562.777948217] [sage_energy_monitor]: ENERGY | remaining=84.2 % | voltage=15.91 V | drain_rate=0.039 %/s | home_distance=10.6 m | return_time=15 s | return_cost=0.6 % | margin_after_return=63.6 %
[INFO] [1790300563.777931955] [sage_energy_monitor]: ENERGY | remaining=84.1 % | voltage=15.91 V | drain_rate=0.039 %/s | home_distance=9.8 m | return_time=14 s | return_cost=0.5 % | margin_after_return=63.6 %
[INFO] [1790300564.778165416] [sage_energy_monitor]: ENERGY | remaining=84.1 % | voltage=15.91 V | drain_rate=0.039 %/s | home_distance=9.5 m | return_time=14 s | return_cost=0.5 % | margin_after_return=63.6 %
[INFO] [1790300565.778098919] [sage_energy_monitor]: ENERGY | remaining=84.0 % | voltage=15.91 V | drain_rate=0.039 %/s | home_distance=9.4 m | return_time=13 s | return_cost=0.5 % | margin_after_return=63.5 %
[INFO] [1790300566.788098530] [sage_energy_monitor]: ENERGY | remaining=84.0 % | voltage=15.91 V | drain_rate=0.039 %/s | home_distance=9.4 m | return_time=13 s | return_cost=0.5 % | margin_after_return=63.5 %
[INFO] [1790300567.786781311] [sage_energy_monitor]: ENERGY | remaining=84.0 % | voltage=15.91 V | drain_rate=0.039 %/s | home_distance=9.5 m | return_time=14 s | return_cost=0.5 % | margin_after_return=63.4 %
[INFO] [1790300568.778070822] [sage_energy_monitor]: ENERGY | remaining=83.9 % | voltage=15.91 V | drain_rate=0.039 %/s | home_distance=8.8 m | return_time=13 s | return_cost=0.5 % | margin_after_return=63.4 %
[INFO] [1790300569.778343820] [sage_energy_monitor]: ENERGY | remaining=83.9 % | voltage=15.91 V | drain_rate=0.039 %/s | home_distance=7.1 m | return_time=11 s | return_cost=0.4 % | margin_after_return=63.5 %
[INFO] [1790300570.777873727] [sage_energy_monitor]: ENERGY | remaining=83.9 % | voltage=15.91 V | drain_rate=0.039 %/s | home_distance=5.4 m | return_time=9 s | return_cost=0.4 % | margin_after_return=63.5 %
[INFO] [1790300571.782159619] [sage_energy_monitor]: ENERGY | remaining=83.8 % | voltage=15.91 V | drain_rate=0.039 %/s | home_distance=3.6 m | return_time=8 s | return_cost=0.3 % | margin_after_return=63.5 %
[INFO] [1790300572.788429878] [sage_energy_monitor]: ENERGY | remaining=83.8 % | voltage=15.91 V | drain_rate=0.039 %/s | home_distance=1.4 m | return_time=6 s | return_cost=0.2 % | margin_after_return=63.6 %
[INFO] [1790300573.778472437] [sage_energy_monitor]: ENERGY | remaining=83.7 % | voltage=15.91 V | drain_rate=0.039 %/s | home_distance=0.8 m | return_time=5 s | return_cost=0.2 % | margin_after_return=63.5 %
[INFO] [1790300574.776425235] [sage_energy_monitor]: ENERGY | remaining=83.7 % | voltage=15.91 V | drain_rate=0.039 %/s | home_distance=3.0 m | return_time=7 s | return_cost=0.3 % | margin_after_return=63.4 %
[INFO] [1790300575.781005129] [sage_energy_monitor]: ENERGY | remaining=83.7 % | voltage=15.90 V | drain_rate=0.039 %/s | home_distance=5.1 m | return_time=9 s | return_cost=0.4 % | margin_after_return=63.3 %
[INFO] [1790300576.778441963] [sage_energy_monitor]: ENERGY | remaining=83.6 % | voltage=15.90 V | drain_rate=0.039 %/s | home_distance=7.3 m | return_time=11 s | return_cost=0.4 % | margin_after_return=63.2 %
[INFO] [1790300577.780532729] [sage_energy_monitor]: ENERGY | remaining=83.6 % | voltage=15.90 V | drain_rate=0.039 %/s | home_distance=9.4 m | return_time=14 s | return_cost=0.5 % | margin_after_return=63.1 %
[INFO] [1790300578.777170145] [sage_energy_monitor]: ENERGY | remaining=83.5 % | voltage=15.90 V | drain_rate=0.039 %/s | home_distance=11.3 m | return_time=15 s | return_cost=0.6 % | margin_after_return=62.9 %
[INFO] [1790300579.777111816] [sage_energy_monitor]: ENERGY | remaining=83.5 % | voltage=15.90 V | drain_rate=0.039 %/s | home_distance=13.5 m | return_time=18 s | return_cost=0.7 % | margin_after_return=62.8 %
[INFO] [1790300580.792499030] [sage_energy_monitor]: ENERGY | remaining=83.5 % | voltage=15.90 V | drain_rate=0.039 %/s | home_distance=15.0 m | return_time=19 s | return_cost=0.8 % | margin_after_return=62.7 %
[INFO] [1790300581.780104388] [sage_energy_monitor]: ENERGY | remaining=83.4 % | voltage=15.90 V | drain_rate=0.039 %/s | home_distance=15.4 m | return_time=20 s | return_cost=0.8 % | margin_after_return=62.6 %
[INFO] [1790300582.776442616] [sage_energy_monitor]: ENERGY | remaining=83.4 % | voltage=15.90 V | drain_rate=0.039 %/s | home_distance=14.3 m | return_time=18 s | return_cost=0.7 % | margin_after_return=62.6 %
[INFO] [1790300583.776775154] [sage_energy_monitor]: ENERGY | remaining=83.3 % | voltage=15.90 V | drain_rate=0.040 %/s | home_distance=12.3 m | return_time=17 s | return_cost=0.7 % | margin_after_return=62.7 %
[INFO] [1790300584.780144497] [sage_energy_monitor]: ENERGY | remaining=83.3 % | voltage=15.90 V | drain_rate=0.040 %/s | home_distance=11.3 m | return_time=16 s | return_cost=0.6 % | margin_after_return=62.7 %
[INFO] [1790300585.779170726] [sage_energy_monitor]: ENERGY | remaining=83.2 % | voltage=15.90 V | drain_rate=0.040 %/s | home_distance=11.1 m | return_time=15 s | return_cost=0.6 % | margin_after_return=62.7 %
[INFO] [1790300586.779332942] [sage_energy_monitor]: ENERGY | remaining=83.2 % | voltage=15.90 V | drain_rate=0.040 %/s | home_distance=9.6 m | return_time=13 s | return_cost=0.5 % | margin_after_return=62.7 %
[INFO] [1790300587.779135041] [sage_energy_monitor]: ENERGY | remaining=83.2 % | voltage=15.90 V | drain_rate=0.040 %/s | home_distance=7.4 m | return_time=11 s | return_cost=0.5 % | margin_after_return=62.7 %
[INFO] [1790300588.777006058] [sage_energy_monitor]: ENERGY | remaining=83.1 % | voltage=15.90 V | drain_rate=0.040 %/s | home_distance=5.4 m | return_time=9 s | return_cost=0.4 % | margin_after_return=62.7 %
[INFO] [1790300589.778226575] [sage_energy_monitor]: ENERGY | remaining=83.1 % | voltage=15.89 V | drain_rate=0.040 %/s | home_distance=4.4 m | return_time=9 s | return_cost=0.3 % | margin_after_return=62.7 %
[INFO] [1790300590.779188828] [sage_energy_monitor]: ENERGY | remaining=83.0 % | voltage=15.89 V | drain_rate=0.040 %/s | home_distance=4.2 m | return_time=8 s | return_cost=0.3 % | margin_after_return=62.7 %
[INFO] [1790300591.776567790] [sage_energy_monitor]: ENERGY | remaining=83.0 % | voltage=15.89 V | drain_rate=0.040 %/s | home_distance=4.7 m | return_time=9 s | return_cost=0.4 % | margin_after_return=62.7 %
[INFO] [1790300592.779493518] [sage_energy_monitor]: ENERGY | remaining=83.0 % | voltage=15.89 V | drain_rate=0.040 %/s | home_distance=7.0 m | return_time=11 s | return_cost=0.4 % | margin_after_return=62.5 %
[INFO] [1790300593.777652599] [sage_energy_monitor]: ENERGY | remaining=82.9 % | voltage=15.89 V | drain_rate=0.040 %/s | home_distance=9.3 m | return_time=13 s | return_cost=0.5 % | margin_after_return=62.4 %
[INFO] [1790300594.784410185] [sage_energy_monitor]: ENERGY | remaining=82.9 % | voltage=15.89 V | drain_rate=0.040 %/s | home_distance=11.5 m | return_time=15 s | return_cost=0.6 % | margin_after_return=62.3 %
[INFO] [1790300595.778204680] [sage_energy_monitor]: ENERGY | remaining=82.8 % | voltage=15.89 V | drain_rate=0.040 %/s | home_distance=13.6 m | return_time=17 s | return_cost=0.7 % | margin_after_return=62.1 %
[INFO] [1790300596.777835596] [sage_energy_monitor]: ENERGY | remaining=82.8 % | voltage=15.89 V | drain_rate=0.040 %/s | home_distance=15.5 m | return_time=19 s | return_cost=0.8 % | margin_after_return=62.0 %
[INFO] [1790300597.776972606] [sage_energy_monitor]: ENERGY | remaining=82.8 % | voltage=15.89 V | drain_rate=0.040 %/s | home_distance=16.7 m | return_time=20 s | return_cost=0.8 % | margin_after_return=61.9 %
[INFO] [1790300598.780849134] [sage_energy_monitor]: ENERGY | remaining=82.7 % | voltage=15.89 V | drain_rate=0.040 %/s | home_distance=16.7 m | return_time=20 s | return_cost=0.8 % | margin_after_return=61.9 %
[INFO] [1790300599.778335920] [sage_energy_monitor]: ENERGY | remaining=82.7 % | voltage=15.89 V | drain_rate=0.041 %/s | home_distance=14.9 m | return_time=19 s | return_cost=0.8 % | margin_after_return=61.9 %
[INFO] [1790300600.779119380] [sage_energy_monitor]: ENERGY | remaining=82.6 % | voltage=15.89 V | drain_rate=0.041 %/s | home_distance=12.9 m | return_time=17 s | return_cost=0.7 % | margin_after_return=62.0 %
[INFO] [1790300601.778012277] [sage_energy_monitor]: ENERGY | remaining=82.6 % | voltage=15.89 V | drain_rate=0.041 %/s | home_distance=11.4 m | return_time=15 s | return_cost=0.6 % | margin_after_return=62.0 %
[INFO] [1790300602.776628226] [sage_energy_monitor]: ENERGY | remaining=82.5 % | voltage=15.88 V | drain_rate=0.041 %/s | home_distance=10.9 m | return_time=14 s | return_cost=0.6 % | margin_after_return=62.0 %
[INFO] [1790300603.776170752] [sage_energy_monitor]: ENERGY | remaining=82.5 % | voltage=15.88 V | drain_rate=0.041 %/s | home_distance=11.0 m | return_time=14 s | return_cost=0.6 % | margin_after_return=61.9 %
[INFO] [1790300604.777734242] [sage_energy_monitor]: ENERGY | remaining=82.5 % | voltage=15.88 V | drain_rate=0.041 %/s | home_distance=11.0 m | return_time=15 s | return_cost=0.6 % | margin_after_return=61.9 %
[INFO] [1790300605.777965968] [sage_energy_monitor]: ENERGY | remaining=82.4 % | voltage=15.88 V | drain_rate=0.041 %/s | home_distance=10.8 m | return_time=14 s | return_cost=0.6 % | margin_after_return=61.8 %
[INFO] [1790300606.776780949] [sage_energy_monitor]: ENERGY | remaining=82.4 % | voltage=15.88 V | drain_rate=0.041 %/s | home_distance=10.7 m | return_time=15 s | return_cost=0.6 % | margin_after_return=61.8 %
[INFO] [1790300607.780324894] [sage_energy_monitor]: ENERGY | remaining=82.3 % | voltage=15.88 V | drain_rate=0.041 %/s | home_distance=10.7 m | return_time=15 s | return_cost=0.6 % | margin_after_return=61.7 %
[INFO] [1790300608.776575655] [sage_energy_monitor]: ENERGY | remaining=82.3 % | voltage=15.88 V | drain_rate=0.041 %/s | home_distance=10.7 m | return_time=14 s | return_cost=0.6 % | margin_after_return=61.7 %
[INFO] [1790300609.781744534] [sage_energy_monitor]: ENERGY | remaining=82.3 % | voltage=15.88 V | drain_rate=0.041 %/s | home_distance=10.5 m | return_time=15 s | return_cost=0.6 % | margin_after_return=61.7 %
[INFO] [1790300610.777681335] [sage_energy_monitor]: ENERGY | remaining=82.2 % | voltage=15.88 V | drain_rate=0.041 %/s | home_distance=9.5 m | return_time=14 s | return_cost=0.6 % | margin_after_return=61.7 %
[INFO] [1790300611.783417312] [sage_energy_monitor]: ENERGY | remaining=82.2 % | voltage=15.88 V | drain_rate=0.041 %/s | home_distance=9.0 m | return_time=13 s | return_cost=0.5 % | margin_after_return=61.6 %
[INFO] [1790300612.776934894] [sage_energy_monitor]: ENERGY | remaining=82.1 % | voltage=15.88 V | drain_rate=0.041 %/s | home_distance=8.6 m | return_time=13 s | return_cost=0.5 % | margin_after_return=61.6 %
[INFO] [1790300613.778001601] [sage_energy_monitor]: ENERGY | remaining=82.1 % | voltage=15.88 V | drain_rate=0.041 %/s | home_distance=7.0 m | return_time=11 s | return_cost=0.5 % | margin_after_return=61.6 %
[INFO] [1790300614.780867211] [sage_energy_monitor]: ENERGY | remaining=82.1 % | voltage=15.88 V | drain_rate=0.041 %/s | home_distance=5.6 m | return_time=10 s | return_cost=0.4 % | margin_after_return=61.7 %
[INFO] [1790300615.779032350] [sage_energy_monitor]: ENERGY | remaining=82.0 % | voltage=15.88 V | drain_rate=0.041 %/s | home_distance=5.0 m | return_time=9 s | return_cost=0.4 % | margin_after_return=61.6 %
[INFO] [1790300616.776549552] [sage_energy_monitor]: ENERGY | remaining=82.0 % | voltage=15.87 V | drain_rate=0.041 %/s | home_distance=5.2 m | return_time=9 s | return_cost=0.4 % | margin_after_return=61.6 %
[INFO] [1790300617.776932589] [sage_energy_monitor]: ENERGY | remaining=81.9 % | voltage=15.87 V | drain_rate=0.041 %/s | home_distance=6.6 m | return_time=11 s | return_cost=0.4 % | margin_after_return=61.5 %
[INFO] [1790300618.785740394] [sage_energy_monitor]: ENERGY | remaining=81.9 % | voltage=15.87 V | drain_rate=0.041 %/s | home_distance=7.7 m | return_time=12 s | return_cost=0.5 % | margin_after_return=61.4 %
[INFO] [1790300619.779540437] [sage_energy_monitor]: ENERGY | remaining=81.9 % | voltage=15.87 V | drain_rate=0.041 %/s | home_distance=7.9 m | return_time=12 s | return_cost=0.5 % | margin_after_return=61.4 %
[INFO] [1790300620.780831379] [sage_energy_monitor]: ENERGY | remaining=81.8 % | voltage=15.87 V | drain_rate=0.041 %/s | home_distance=8.4 m | return_time=13 s | return_cost=0.5 % | margin_after_return=61.3 %
[INFO] [1790300621.777220386] [sage_energy_monitor]: ENERGY | remaining=81.8 % | voltage=15.87 V | drain_rate=0.041 %/s | home_distance=9.2 m | return_time=13 s | return_cost=0.5 % | margin_after_return=61.2 %
[INFO] [1790300622.776188910] [sage_energy_monitor]: ENERGY | remaining=81.7 % | voltage=15.87 V | drain_rate=0.041 %/s | home_distance=10.1 m | return_time=14 s | return_cost=0.6 % | margin_after_return=61.2 %
[INFO] [1790300623.779126576] [sage_energy_monitor]: ENERGY | remaining=81.7 % | voltage=15.87 V | drain_rate=0.041 %/s | home_distance=10.7 m | return_time=15 s | return_cost=0.6 % | margin_after_return=61.1 %
[INFO] [1790300624.781561883] [sage_energy_monitor]: ENERGY | remaining=81.7 % | voltage=15.87 V | drain_rate=0.041 %/s | home_distance=11.0 m | return_time=15 s | return_cost=0.6 % | margin_after_return=61.0 %
[INFO] [1790300625.781077211] [sage_energy_monitor]: ENERGY | remaining=81.6 % | voltage=15.87 V | drain_rate=0.041 %/s | home_distance=10.7 m | return_time=15 s | return_cost=0.6 % | margin_after_return=61.0 %
[INFO] [1790300626.777500275] [sage_energy_monitor]: ENERGY | remaining=81.6 % | voltage=15.87 V | drain_rate=0.041 %/s | home_distance=9.6 m | return_time=14 s | return_cost=0.6 % | margin_after_return=61.0 %
[INFO] [1790300627.778215781] [sage_energy_monitor]: ENERGY | remaining=81.5 % | voltage=15.87 V | drain_rate=0.041 %/s | home_distance=9.1 m | return_time=13 s | return_cost=0.5 % | margin_after_return=61.0 %
[INFO] [1790300628.775972598] [sage_energy_monitor]: ENERGY | remaining=81.5 % | voltage=15.87 V | drain_rate=0.041 %/s | home_distance=9.1 m | return_time=13 s | return_cost=0.5 % | margin_after_return=61.0 %
[INFO] [1790300629.776125243] [sage_energy_monitor]: ENERGY | remaining=81.4 % | voltage=15.87 V | drain_rate=0.041 %/s | home_distance=7.9 m | return_time=12 s | return_cost=0.5 % | margin_after_return=61.0 %
[INFO] [1790300630.787700832] [sage_energy_monitor]: ENERGY | remaining=81.4 % | voltage=15.86 V | drain_rate=0.041 %/s | home_distance=6.9 m | return_time=11 s | return_cost=0.4 % | margin_after_return=61.0 %
[INFO] [1790300631.788573122] [sage_energy_monitor]: ENERGY | remaining=81.4 % | voltage=15.86 V | drain_rate=0.041 %/s | home_distance=4.8 m | return_time=9 s | return_cost=0.4 % | margin_after_return=61.0 %
[INFO] [1790300632.780466064] [sage_energy_monitor]: ENERGY | remaining=81.3 % | voltage=15.86 V | drain_rate=0.041 %/s | home_distance=2.7 m | return_time=7 s | return_cost=0.3 % | margin_after_return=61.0 %
[INFO] [1790300633.777291368] [sage_energy_monitor]: ENERGY | remaining=81.3 % | voltage=15.86 V | drain_rate=0.041 %/s | home_distance=1.9 m | return_time=6 s | return_cost=0.3 % | margin_after_return=61.0 %
[INFO] [1790300634.782868315] [sage_energy_monitor]: ENERGY | remaining=81.2 % | voltage=15.86 V | drain_rate=0.041 %/s | home_distance=2.8 m | return_time=7 s | return_cost=0.3 % | margin_after_return=61.0 %
[INFO] [1790300635.775983206] [sage_energy_monitor]: ENERGY | remaining=81.2 % | voltage=15.86 V | drain_rate=0.041 %/s | home_distance=3.9 m | return_time=8 s | return_cost=0.3 % | margin_after_return=60.9 %
[INFO] [1790300636.776325223] [sage_energy_monitor]: ENERGY | remaining=81.2 % | voltage=15.86 V | drain_rate=0.041 %/s | home_distance=4.6 m | return_time=9 s | return_cost=0.3 % | margin_after_return=60.8 %
[INFO] [1790300637.776259866] [sage_energy_monitor]: ENERGY | remaining=81.1 % | voltage=15.86 V | drain_rate=0.041 %/s | home_distance=4.8 m | return_time=9 s | return_cost=0.4 % | margin_after_return=60.8 %
[INFO] [1790300638.776292063] [sage_energy_monitor]: ENERGY | remaining=81.1 % | voltage=15.86 V | drain_rate=0.041 %/s | home_distance=4.5 m | return_time=8 s | return_cost=0.3 % | margin_after_return=60.7 %
[INFO] [1790300639.776015106] [sage_energy_monitor]: ENERGY | remaining=81.0 % | voltage=15.86 V | drain_rate=0.041 %/s | home_distance=3.8 m | return_time=8 s | return_cost=0.3 % | margin_after_return=60.7 %
[INFO] [1790300640.776618252] [sage_energy_monitor]: ENERGY | remaining=81.0 % | voltage=15.86 V | drain_rate=0.040 %/s | home_distance=3.5 m | return_time=7 s | return_cost=0.3 % | margin_after_return=60.7 %
[INFO] [1790300641.785987586] [sage_energy_monitor]: ENERGY | remaining=81.0 % | voltage=15.86 V | drain_rate=0.040 %/s | home_distance=3.4 m | return_time=7 s | return_cost=0.3 % | margin_after_return=60.7 %
[INFO] [1790300642.777556312] [sage_energy_monitor]: ENERGY | remaining=80.9 % | voltage=15.86 V | drain_rate=0.040 %/s | home_distance=4.2 m | return_time=8 s | return_cost=0.3 % | margin_after_return=60.6 %
[INFO] [1790300643.788000279] [sage_energy_monitor]: ENERGY | remaining=80.9 % | voltage=15.86 V | drain_rate=0.040 %/s | home_distance=5.2 m | return_time=9 s | return_cost=0.4 % | margin_after_return=60.5 %
[INFO] [1790300644.775997190] [sage_energy_monitor]: ENERGY | remaining=80.9 % | voltage=15.85 V | drain_rate=0.040 %/s | home_distance=5.4 m | return_time=9 s | return_cost=0.4 % | margin_after_return=60.5 %
[INFO] [1790300645.780616447] [sage_energy_monitor]: ENERGY | remaining=80.8 % | voltage=15.85 V | drain_rate=0.040 %/s | home_distance=4.6 m | return_time=9 s | return_cost=0.3 % | margin_after_return=60.5 %
[INFO] [1790300646.777446443] [sage_energy_monitor]: ENERGY | remaining=80.8 % | voltage=15.85 V | drain_rate=0.040 %/s | home_distance=3.2 m | return_time=7 s | return_cost=0.3 % | margin_after_return=60.5 %
[INFO] [1790300647.780427080] [sage_energy_monitor]: ENERGY | remaining=80.7 % | voltage=15.85 V | drain_rate=0.040 %/s | home_distance=2.7 m | return_time=7 s | return_cost=0.3 % | margin_after_return=60.5 %
[INFO] [1790300648.779492033] [sage_energy_monitor]: ENERGY | remaining=80.7 % | voltage=15.85 V | drain_rate=0.040 %/s | home_distance=2.8 m | return_time=7 s | return_cost=0.3 % | margin_after_return=60.4 %
[INFO] [1790300649.776922531] [sage_energy_monitor]: ENERGY | remaining=80.6 % | voltage=15.85 V | drain_rate=0.040 %/s | home_distance=3.0 m | return_time=7 s | return_cost=0.3 % | margin_after_return=60.4 %
[INFO] [1790300650.780682692] [sage_energy_monitor]: ENERGY | remaining=80.6 % | voltage=15.85 V | drain_rate=0.040 %/s | home_distance=3.3 m | return_time=7 s | return_cost=0.3 % | margin_after_return=60.3 %
[INFO] [1790300651.779155118] [sage_energy_monitor]: ENERGY | remaining=80.6 % | voltage=15.85 V | drain_rate=0.040 %/s | home_distance=4.7 m | return_time=9 s | return_cost=0.3 % | margin_after_return=60.2 %
[INFO] [1790300652.784897921] [sage_energy_monitor]: ENERGY | remaining=80.5 % | voltage=15.85 V | drain_rate=0.040 %/s | home_distance=6.5 m | return_time=10 s | return_cost=0.4 % | margin_after_return=60.1 %
[INFO] [1790300653.780588411] [sage_energy_monitor]: ENERGY | remaining=80.5 % | voltage=15.85 V | drain_rate=0.040 %/s | home_distance=7.7 m | return_time=12 s | return_cost=0.5 % | margin_after_return=60.0 %
[INFO] [1790300654.777803666] [sage_energy_monitor]: ENERGY | remaining=80.4 % | voltage=15.85 V | drain_rate=0.040 %/s | home_distance=7.9 m | return_time=12 s | return_cost=0.5 % | margin_after_return=60.0 %
[INFO] [1790300655.777197564] [sage_energy_monitor]: ENERGY | remaining=80.4 % | voltage=15.85 V | drain_rate=0.040 %/s | home_distance=7.8 m | return_time=11 s | return_cost=0.5 % | margin_after_return=59.9 %
[INFO] [1790300656.777444366] [sage_energy_monitor]: ENERGY | remaining=80.4 % | voltage=15.85 V | drain_rate=0.040 %/s | home_distance=8.2 m | return_time=12 s | return_cost=0.5 % | margin_after_return=59.9 %
[INFO] [1790300657.777795498] [sage_energy_monitor]: ENERGY | remaining=80.3 % | voltage=15.84 V | drain_rate=0.040 %/s | home_distance=9.2 m | return_time=13 s | return_cost=0.5 % | margin_after_return=59.8 %
[INFO] [1790300658.778719143] [sage_energy_monitor]: ENERGY | remaining=80.3 % | voltage=15.84 V | drain_rate=0.040 %/s | home_distance=10.0 m | return_time=14 s | return_cost=0.6 % | margin_after_return=59.7 %
[INFO] [1790300659.778563592] [sage_energy_monitor]: ENERGY | remaining=80.2 % | voltage=15.84 V | drain_rate=0.040 %/s | home_distance=10.3 m | return_time=14 s | return_cost=0.6 % | margin_after_return=59.7 %
[INFO] [1790300660.776854653] [sage_energy_monitor]: ENERGY | remaining=80.2 % | voltage=15.84 V | drain_rate=0.040 %/s | home_distance=11.1 m | return_time=15 s | return_cost=0.6 % | margin_after_return=59.6 %
[INFO] [1790300661.778651875] [sage_energy_monitor]: ENERGY | remaining=80.2 % | voltage=15.84 V | drain_rate=0.040 %/s | home_distance=13.1 m | return_time=17 s | return_cost=0.7 % | margin_after_return=59.5 %
[INFO] [1790300662.777300775] [sage_energy_monitor]: ENERGY | remaining=80.1 % | voltage=15.84 V | drain_rate=0.040 %/s | home_distance=13.8 m | return_time=18 s | return_cost=0.7 % | margin_after_return=59.4 %
[INFO] [1790300663.777541409] [sage_energy_monitor]: ENERGY | remaining=80.1 % | voltage=15.84 V | drain_rate=0.041 %/s | home_distance=13.6 m | return_time=18 s | return_cost=0.7 % | margin_after_return=59.3 %
[INFO] [1790300664.783188983] [sage_energy_monitor]: ENERGY | remaining=80.0 % | voltage=15.84 V | drain_rate=0.041 %/s | home_distance=13.1 m | return_time=17 s | return_cost=0.7 % | margin_after_return=59.3 %
[INFO] [1790300665.777163992] [sage_energy_monitor]: ENERGY | remaining=80.0 % | voltage=15.84 V | drain_rate=0.041 %/s | home_distance=12.7 m | return_time=17 s | return_cost=0.7 % | margin_after_return=59.3 %
[INFO] [1790300666.777149131] [sage_energy_monitor]: ENERGY | remaining=79.9 % | voltage=15.84 V | drain_rate=0.041 %/s | home_distance=12.5 m | return_time=16 s | return_cost=0.7 % | margin_after_return=59.3 %
[INFO] [1790300667.777052867] [sage_energy_monitor]: ENERGY | remaining=79.9 % | voltage=15.84 V | drain_rate=0.041 %/s | home_distance=12.4 m | return_time=16 s | return_cost=0.7 % | margin_after_return=59.2 %
[INFO] [1790300668.782879185] [sage_energy_monitor]: ENERGY | remaining=79.9 % | voltage=15.84 V | drain_rate=0.041 %/s | home_distance=12.8 m | return_time=17 s | return_cost=0.7 % | margin_after_return=59.2 %
[INFO] [1790300669.779306617] [sage_energy_monitor]: ENERGY | remaining=79.8 % | voltage=15.84 V | drain_rate=0.041 %/s | home_distance=13.6 m | return_time=18 s | return_cost=0.7 % | margin_after_return=59.1 %
[INFO] [1790300670.777586377] [sage_energy_monitor]: ENERGY | remaining=79.8 % | voltage=15.83 V | drain_rate=0.041 %/s | home_distance=14.3 m | return_time=18 s | return_cost=0.8 % | margin_after_return=59.0 %
[INFO] [1790300671.780407974] [sage_energy_monitor]: ENERGY | remaining=79.7 % | voltage=15.83 V | drain_rate=0.041 %/s | home_distance=15.0 m | return_time=19 s | return_cost=0.8 % | margin_after_return=58.9 %
[INFO] [1790300672.777574566] [sage_energy_monitor]: ENERGY | remaining=79.7 % | voltage=15.83 V | drain_rate=0.041 %/s | home_distance=15.3 m | return_time=19 s | return_cost=0.8 % | margin_after_return=58.9 %
[INFO] [1790300673.781282703] [sage_energy_monitor]: ENERGY | remaining=79.7 % | voltage=15.83 V | drain_rate=0.041 %/s | home_distance=15.4 m | return_time=19 s | return_cost=0.8 % | margin_after_return=58.9 %
[INFO] [1790300674.778857249] [sage_energy_monitor]: ENERGY | remaining=79.6 % | voltage=15.83 V | drain_rate=0.041 %/s | home_distance=15.1 m | return_time=19 s | return_cost=0.8 % | margin_after_return=58.8 %
[INFO] [1790300675.783147930] [sage_energy_monitor]: ENERGY | remaining=79.6 % | voltage=15.83 V | drain_rate=0.041 %/s | home_distance=14.4 m | return_time=19 s | return_cost=0.8 % | margin_after_return=58.8 %
[INFO] [1790300676.779391330] [sage_energy_monitor]: ENERGY | remaining=79.5 % | voltage=15.83 V | drain_rate=0.041 %/s | home_distance=14.0 m | return_time=18 s | return_cost=0.7 % | margin_after_return=58.8 %
[INFO] [1790300677.778561239] [sage_energy_monitor]: ENERGY | remaining=79.5 % | voltage=15.83 V | drain_rate=0.041 %/s | home_distance=12.9 m | return_time=17 s | return_cost=0.7 % | margin_after_return=58.8 %
[INFO] [1790300678.777190724] [sage_energy_monitor]: ENERGY | remaining=79.4 % | voltage=15.83 V | drain_rate=0.041 %/s | home_distance=11.8 m | return_time=16 s | return_cost=0.7 % | margin_after_return=58.8 %
[INFO] [1790300679.790317798] [sage_energy_monitor]: ENERGY | remaining=79.4 % | voltage=15.83 V | drain_rate=0.041 %/s | home_distance=11.0 m | return_time=15 s | return_cost=0.6 % | margin_after_return=58.8 %
[INFO] [1790300680.777182100] [sage_energy_monitor]: ENERGY | remaining=79.4 % | voltage=15.83 V | drain_rate=0.041 %/s | home_distance=9.3 m | return_time=14 s | return_cost=0.6 % | margin_after_return=58.8 %
[INFO] [1790300681.777917410] [sage_energy_monitor]: ENERGY | remaining=79.3 % | voltage=15.83 V | drain_rate=0.041 %/s | home_distance=7.2 m | return_time=11 s | return_cost=0.5 % | margin_after_return=58.8 %
[INFO] [1790300682.777637029] [sage_energy_monitor]: ENERGY | remaining=79.3 % | voltage=15.83 V | drain_rate=0.041 %/s | home_distance=5.0 m | return_time=9 s | return_cost=0.4 % | margin_after_return=58.9 %
[INFO] [1790300683.783887084] [sage_energy_monitor]: ENERGY | remaining=79.2 % | voltage=15.83 V | drain_rate=0.041 %/s | home_distance=3.0 m | return_time=7 s | return_cost=0.3 % | margin_after_return=58.9 %
[INFO] [1790300684.777256356] [sage_energy_monitor]: ENERGY | remaining=79.2 % | voltage=15.82 V | drain_rate=0.041 %/s | home_distance=1.1 m | return_time=5 s | return_cost=0.2 % | margin_after_return=59.0 %
[INFO] [1790300685.778476598] [sage_energy_monitor]: ENERGY | remaining=79.2 % | voltage=15.82 V | drain_rate=0.041 %/s | home_distance=0.9 m | return_time=5 s | return_cost=0.2 % | margin_after_return=59.0 %
[INFO] [1790300686.776759064] [sage_energy_monitor]: ENERGY | remaining=79.1 % | voltage=15.82 V | drain_rate=0.041 %/s | home_distance=3.1 m | return_time=7 s | return_cost=0.3 % | margin_after_return=58.8 %
[INFO] [1790300687.777636209] [sage_energy_monitor]: ENERGY | remaining=79.1 % | voltage=15.82 V | drain_rate=0.041 %/s | home_distance=5.2 m | return_time=9 s | return_cost=0.4 % | margin_after_return=58.7 %
[INFO] [1790300688.777578459] [sage_energy_monitor]: ENERGY | remaining=79.0 % | voltage=15.82 V | drain_rate=0.041 %/s | home_distance=7.2 m | return_time=11 s | return_cost=0.5 % | margin_after_return=58.6 %
[INFO] [1790300689.776822451] [sage_energy_monitor]: ENERGY | remaining=79.0 % | voltage=15.82 V | drain_rate=0.041 %/s | home_distance=9.4 m | return_time=13 s | return_cost=0.6 % | margin_after_return=58.4 %
[INFO] [1790300690.778736507] [sage_energy_monitor]: ENERGY | remaining=79.0 % | voltage=15.82 V | drain_rate=0.041 %/s | home_distance=11.4 m | return_time=15 s | return_cost=0.6 % | margin_after_return=58.3 %
[INFO] [1790300691.779203135] [sage_energy_monitor]: ENERGY | remaining=78.9 % | voltage=15.82 V | drain_rate=0.041 %/s | home_distance=13.6 m | return_time=18 s | return_cost=0.7 % | margin_after_return=58.2 %
[INFO] [1790300692.777764539] [sage_energy_monitor]: ENERGY | remaining=78.9 % | voltage=15.82 V | drain_rate=0.041 %/s | home_distance=15.7 m | return_time=20 s | return_cost=0.8 % | margin_after_return=58.1 %
[INFO] [1790300693.777067891] [sage_energy_monitor]: ENERGY | remaining=78.8 % | voltage=15.82 V | drain_rate=0.041 %/s | home_distance=17.2 m | return_time=21 s | return_cost=0.9 % | margin_after_return=58.0 %
[INFO] [1790300694.779366767] [sage_energy_monitor]: ENERGY | remaining=78.8 % | voltage=15.82 V | drain_rate=0.041 %/s | home_distance=17.6 m | return_time=22 s | return_cost=0.9 % | margin_after_return=57.9 %
[INFO] [1790300695.780072233] [sage_energy_monitor]: ENERGY | remaining=78.8 % | voltage=15.82 V | drain_rate=0.041 %/s | home_distance=16.4 m | return_time=20 s | return_cost=0.8 % | margin_after_return=57.9 %
[INFO] [1790300696.778738815] [sage_energy_monitor]: ENERGY | remaining=78.7 % | voltage=15.82 V | drain_rate=0.041 %/s | home_distance=14.3 m | return_time=18 s | return_cost=0.8 % | margin_after_return=57.9 %
[INFO] [1790300697.777211111] [sage_energy_monitor]: ENERGY | remaining=78.7 % | voltage=15.81 V | drain_rate=0.041 %/s | home_distance=13.2 m | return_time=17 s | return_cost=0.7 % | margin_after_return=57.9 %
[INFO] [1790300698.776171702] [sage_energy_monitor]: ENERGY | remaining=78.6 % | voltage=15.81 V | drain_rate=0.041 %/s | home_distance=13.1 m | return_time=17 s | return_cost=0.7 % | margin_after_return=57.9 %
[INFO] [1790300699.777366869] [sage_energy_monitor]: ENERGY | remaining=78.6 % | voltage=15.81 V | drain_rate=0.041 %/s | home_distance=13.6 m | return_time=18 s | return_cost=0.7 % | margin_after_return=57.8 %
[INFO] [1790300700.776056768] [sage_energy_monitor]: ENERGY | remaining=78.5 % | voltage=15.81 V | drain_rate=0.041 %/s | home_distance=14.1 m | return_time=18 s | return_cost=0.8 % | margin_after_return=57.8 %
[INFO] [1790300701.778285130] [sage_energy_monitor]: ENERGY | remaining=78.5 % | voltage=15.81 V | drain_rate=0.041 %/s | home_distance=14.3 m | return_time=18 s | return_cost=0.8 % | margin_after_return=57.7 %
[INFO] [1790300702.785549119] [sage_energy_monitor]: ENERGY | remaining=78.5 % | voltage=15.81 V | drain_rate=0.041 %/s | home_distance=15.4 m | return_time=20 s | return_cost=0.8 % | margin_after_return=57.6 %
[INFO] [1790300703.788748008] [sage_energy_monitor]: ENERGY | remaining=78.4 % | voltage=15.81 V | drain_rate=0.041 %/s | home_distance=17.2 m | return_time=22 s | return_cost=0.9 % | margin_after_return=57.5 %
[INFO] [1790300704.778259215] [sage_energy_monitor]: ENERGY | remaining=78.4 % | voltage=15.81 V | drain_rate=0.041 %/s | home_distance=17.3 m | return_time=21 s | return_cost=0.9 % | margin_after_return=57.5 %
[INFO] [1790300705.776026068] [sage_energy_monitor]: ENERGY | remaining=78.3 % | voltage=15.81 V | drain_rate=0.041 %/s | home_distance=15.4 m | return_time=20 s | return_cost=0.8 % | margin_after_return=57.5 %
[INFO] [1790300706.779021099] [sage_energy_monitor]: ENERGY | remaining=78.3 % | voltage=15.81 V | drain_rate=0.041 %/s | home_distance=13.4 m | return_time=18 s | return_cost=0.7 % | margin_after_return=57.6 %
[INFO] [1790300707.778228068] [sage_energy_monitor]: ENERGY | remaining=78.3 % | voltage=15.81 V | drain_rate=0.041 %/s | home_distance=11.4 m | return_time=16 s | return_cost=0.6 % | margin_after_return=57.6 %
[INFO] [1790300708.776186356] [sage_energy_monitor]: ENERGY | remaining=78.2 % | voltage=15.81 V | drain_rate=0.041 %/s | home_distance=9.5 m | return_time=14 s | return_cost=0.6 % | margin_after_return=57.7 %
[INFO] [1790300709.776257346] [sage_energy_monitor]: ENERGY | remaining=78.2 % | voltage=15.81 V | drain_rate=0.041 %/s | home_distance=7.5 m | return_time=12 s | return_cost=0.5 % | margin_after_return=57.7 %
[INFO] [1790300710.778820730] [sage_energy_monitor]: ENERGY | remaining=78.1 % | voltage=15.81 V | drain_rate=0.041 %/s | home_distance=5.6 m | return_time=10 s | return_cost=0.4 % | margin_after_return=57.7 %
[INFO] [1790300711.781326263] [sage_energy_monitor]: ENERGY | remaining=78.1 % | voltage=15.80 V | drain_rate=0.041 %/s | home_distance=3.6 m | return_time=8 s | return_cost=0.3 % | margin_after_return=57.8 %
[INFO] [1790300712.777041520] [sage_energy_monitor]: ENERGY | remaining=78.1 % | voltage=15.80 V | drain_rate=0.041 %/s | home_distance=1.6 m | return_time=6 s | return_cost=0.2 % | margin_after_return=57.8 %
[INFO] [1790300713.778043108] [sage_energy_monitor]: ENERGY | remaining=78.0 % | voltage=15.80 V | drain_rate=0.041 %/s | home_distance=0.4 m | return_time=4 s | return_cost=0.2 % | margin_after_return=57.8 %
[INFO] [1790300714.779417063] [sage_energy_monitor]: ENERGY | remaining=78.0 % | voltage=15.80 V | drain_rate=0.041 %/s | home_distance=2.4 m | return_time=7 s | return_cost=0.3 % | margin_after_return=57.7 %
[INFO] [1790300715.776382398] [sage_energy_monitor]: ENERGY | remaining=77.9 % | voltage=15.80 V | drain_rate=0.041 %/s | home_distance=4.6 m | return_time=9 s | return_cost=0.4 % | margin_after_return=57.6 %
[INFO] [1790300716.778411961] [sage_energy_monitor]: ENERGY | remaining=77.9 % | voltage=15.80 V | drain_rate=0.041 %/s | home_distance=6.6 m | return_time=11 s | return_cost=0.4 % | margin_after_return=57.5 %
[INFO] [1790300717.778431833] [sage_energy_monitor]: ENERGY | remaining=77.9 % | voltage=15.80 V | drain_rate=0.041 %/s | home_distance=8.4 m | return_time=13 s | return_cost=0.5 % | margin_after_return=57.3 %
[INFO] [1790300718.788850004] [sage_energy_monitor]: ENERGY | remaining=77.8 % | voltage=15.80 V | drain_rate=0.041 %/s | home_distance=9.5 m | return_time=14 s | return_cost=0.6 % | margin_after_return=57.3 %
[INFO] [1790300719.786988541] [sage_energy_monitor]: ENERGY | remaining=77.8 % | voltage=15.80 V | drain_rate=0.041 %/s | home_distance=9.8 m | return_time=14 s | return_cost=0.6 % | margin_after_return=57.2 %
[INFO] [1790300720.779259092] [sage_energy_monitor]: ENERGY | remaining=77.7 % | voltage=15.80 V | drain_rate=0.041 %/s | home_distance=9.7 m | return_time=14 s | return_cost=0.6 % | margin_after_return=57.2 %
[INFO] [1790300721.776576140] [sage_energy_monitor]: ENERGY | remaining=77.7 % | voltage=15.80 V | drain_rate=0.041 %/s | home_distance=9.7 m | return_time=14 s | return_cost=0.6 % | margin_after_return=57.1 %
[INFO] [1790300722.778773593] [sage_energy_monitor]: ENERGY | remaining=77.6 % | voltage=15.80 V | drain_rate=0.041 %/s | home_distance=9.6 m | return_time=14 s | return_cost=0.6 % | margin_after_return=57.1 %
[INFO] [1790300723.778525980] [sage_energy_monitor]: ENERGY | remaining=77.6 % | voltage=15.80 V | drain_rate=0.041 %/s | home_distance=9.6 m | return_time=14 s | return_cost=0.6 % | margin_after_return=57.1 %
[INFO] [1790300724.777290062] [sage_energy_monitor]: ENERGY | remaining=77.6 % | voltage=15.80 V | drain_rate=0.041 %/s | home_distance=9.6 m | return_time=14 s | return_cost=0.6 % | margin_after_return=57.0 %
[INFO] [1790300725.777175428] [sage_energy_monitor]: ENERGY | remaining=77.5 % | voltage=15.79 V | drain_rate=0.041 %/s | home_distance=9.5 m | return_time=14 s | return_cost=0.6 % | margin_after_return=57.0 %
[INFO] [1790300726.778637705] [sage_energy_monitor]: ENERGY | remaining=77.5 % | voltage=15.79 V | drain_rate=0.041 %/s | home_distance=9.5 m | return_time=14 s | return_cost=0.6 % | margin_after_return=56.9 %
[INFO] [1790300727.786636174] [sage_energy_monitor]: ENERGY | remaining=77.4 % | voltage=15.79 V | drain_rate=0.040 %/s | home_distance=9.5 m | return_time=13 s | return_cost=0.5 % | margin_after_return=56.9 %
[INFO] [1790300728.778648154] [sage_energy_monitor]: ENERGY | remaining=77.4 % | voltage=15.79 V | drain_rate=0.041 %/s | home_distance=10.3 m | return_time=14 s | return_cost=0.6 % | margin_after_return=56.8 %
[INFO] [1790300729.777922292] [sage_energy_monitor]: ENERGY | remaining=77.4 % | voltage=15.79 V | drain_rate=0.041 %/s | home_distance=11.4 m | return_time=16 s | return_cost=0.6 % | margin_after_return=56.7 %
[INFO] [1790300730.776553162] [sage_energy_monitor]: ENERGY | remaining=77.3 % | voltage=15.79 V | drain_rate=0.041 %/s | home_distance=12.5 m | return_time=17 s | return_cost=0.7 % | margin_after_return=56.6 %
[INFO] [1790300731.779630435] [sage_energy_monitor]: ENERGY | remaining=77.3 % | voltage=15.79 V | drain_rate=0.041 %/s | home_distance=12.8 m | return_time=17 s | return_cost=0.7 % | margin_after_return=56.6 %
[INFO] [1790300732.776697812] [sage_energy_monitor]: ENERGY | remaining=77.2 % | voltage=15.79 V | drain_rate=0.041 %/s | home_distance=12.7 m | return_time=17 s | return_cost=0.7 % | margin_after_return=56.5 %
[INFO] [1790300733.781815361] [sage_energy_monitor]: ENERGY | remaining=77.2 % | voltage=15.79 V | drain_rate=0.041 %/s | home_distance=12.7 m | return_time=17 s | return_cost=0.7 % | margin_after_return=56.5 %
[INFO] [1790300734.778983582] [sage_energy_monitor]: ENERGY | remaining=77.2 % | voltage=15.79 V | drain_rate=0.041 %/s | home_distance=12.7 m | return_time=17 s | return_cost=0.7 % | margin_after_return=56.5 %
[INFO] [1790300735.782973075] [sage_energy_monitor]: ENERGY | remaining=77.1 % | voltage=15.79 V | drain_rate=0.041 %/s | home_distance=12.7 m | return_time=17 s | return_cost=0.7 % | margin_after_return=56.4 %
[INFO] [1790300736.780037428] [sage_energy_monitor]: ENERGY | remaining=77.1 % | voltage=15.79 V | drain_rate=0.041 %/s | home_distance=12.8 m | return_time=17 s | return_cost=0.7 % | margin_after_return=56.4 %
[INFO] [1790300737.776703562] [sage_energy_monitor]: ENERGY | remaining=77.0 % | voltage=15.79 V | drain_rate=0.041 %/s | home_distance=12.8 m | return_time=17 s | return_cost=0.7 % | margin_after_return=56.3 %
[INFO] [1790300738.777433937] [sage_energy_monitor]: ENERGY | remaining=77.0 % | voltage=15.78 V | drain_rate=0.041 %/s | home_distance=12.8 m | return_time=17 s | return_cost=0.7 % | margin_after_return=56.3 %
[INFO] [1790300739.779738552] [sage_energy_monitor]: ENERGY | remaining=76.9 % | voltage=15.78 V | drain_rate=0.041 %/s | home_distance=12.8 m | return_time=17 s | return_cost=0.7 % | margin_after_return=56.3 %
[INFO] [1790300740.785387693] [sage_energy_monitor]: ENERGY | remaining=76.9 % | voltage=15.78 V | drain_rate=0.041 %/s | home_distance=12.4 m | return_time=16 s | return_cost=0.7 % | margin_after_return=56.2 %
[INFO] [1790300741.779433514] [sage_energy_monitor]: ENERGY | remaining=76.9 % | voltage=15.78 V | drain_rate=0.041 %/s | home_distance=11.4 m | return_time=15 s | return_cost=0.6 % | margin_after_return=56.2 %
[INFO] [1790300742.777648923] [sage_energy_monitor]: ENERGY | remaining=76.8 % | voltage=15.78 V | drain_rate=0.041 %/s | home_distance=10.5 m | return_time=14 s | return_cost=0.6 % | margin_after_return=56.2 %
[INFO] [1790300743.776228249] [sage_energy_monitor]: ENERGY | remaining=76.8 % | voltage=15.78 V | drain_rate=0.041 %/s | home_distance=9.7 m | return_time=14 s | return_cost=0.6 % | margin_after_return=56.2 %
[INFO] [1790300744.781454417] [sage_energy_monitor]: ENERGY | remaining=76.7 % | voltage=15.78 V | drain_rate=0.041 %/s | home_distance=9.3 m | return_time=13 s | return_cost=0.5 % | margin_after_return=56.2 %
[INFO] [1790300745.781021243] [sage_energy_monitor]: ENERGY | remaining=76.7 % | voltage=15.78 V | drain_rate=0.041 %/s | home_distance=9.1 m | return_time=13 s | return_cost=0.5 % | margin_after_return=56.2 %
[INFO] [1790300746.777037081] [sage_energy_monitor]: ENERGY | remaining=76.7 % | voltage=15.78 V | drain_rate=0.041 %/s | home_distance=9.1 m | return_time=13 s | return_cost=0.5 % | margin_after_return=56.1 %
[INFO] [1790300747.776639285] [sage_energy_monitor]: ENERGY | remaining=76.6 % | voltage=15.78 V | drain_rate=0.041 %/s | home_distance=9.2 m | return_time=13 s | return_cost=0.5 % | margin_after_return=56.1 %
[INFO] [1790300748.779574039] [sage_energy_monitor]: ENERGY | remaining=76.6 % | voltage=15.78 V | drain_rate=0.041 %/s | home_distance=9.3 m | return_time=13 s | return_cost=0.6 % | margin_after_return=56.0 %
[INFO] [1790300749.780134931] [sage_energy_monitor]: ENERGY | remaining=76.5 % | voltage=15.78 V | drain_rate=0.041 %/s | home_distance=9.4 m | return_time=14 s | return_cost=0.6 % | margin_after_return=56.0 %
[INFO] [1790300750.780391888] [sage_energy_monitor]: ENERGY | remaining=76.5 % | voltage=15.78 V | drain_rate=0.041 %/s | home_distance=9.5 m | return_time=14 s | return_cost=0.6 % | margin_after_return=55.9 %
[INFO] [1790300751.783283431] [sage_energy_monitor]: ENERGY | remaining=76.5 % | voltage=15.78 V | drain_rate=0.041 %/s | home_distance=9.5 m | return_time=14 s | return_cost=0.6 % | margin_after_return=55.9 %
[INFO] [1790300752.776903774] [sage_energy_monitor]: ENERGY | remaining=76.4 % | voltage=15.77 V | drain_rate=0.041 %/s | home_distance=9.5 m | return_time=14 s | return_cost=0.6 % | margin_after_return=55.9 %
[INFO] [1790300753.779604898] [sage_energy_monitor]: ENERGY | remaining=76.4 % | voltage=15.77 V | drain_rate=0.041 %/s | home_distance=8.4 m | return_time=12 s | return_cost=0.5 % | margin_after_return=55.9 %
[INFO] [1790300754.775944499] [sage_energy_monitor]: ENERGY | remaining=76.3 % | voltage=15.77 V | drain_rate=0.041 %/s | home_distance=6.4 m | return_time=11 s | return_cost=0.4 % | margin_after_return=55.9 %
[INFO] [1790300755.778399784] [sage_energy_monitor]: ENERGY | remaining=76.3 % | voltage=15.77 V | drain_rate=0.041 %/s | home_distance=4.6 m | return_time=9 s | return_cost=0.4 % | margin_after_return=55.9 %
[INFO] [1790300756.777730374] [sage_energy_monitor]: ENERGY | remaining=76.3 % | voltage=15.77 V | drain_rate=0.041 %/s | home_distance=4.0 m | return_time=8 s | return_cost=0.3 % | margin_after_return=55.9 %
[INFO] [1790300757.776483664] [sage_energy_monitor]: ENERGY | remaining=76.2 % | voltage=15.77 V | drain_rate=0.041 %/s | home_distance=2.6 m | return_time=7 s | return_cost=0.3 % | margin_after_return=55.9 %
[INFO] [1790300758.782333488] [sage_energy_monitor]: ENERGY | remaining=76.2 % | voltage=15.77 V | drain_rate=0.041 %/s | home_distance=1.4 m | return_time=6 s | return_cost=0.2 % | margin_after_return=55.9 %
[INFO] [1790300759.776189416] [sage_energy_monitor]: ENERGY | remaining=76.1 % | voltage=15.77 V | drain_rate=0.041 %/s | home_distance=2.0 m | return_time=6 s | return_cost=0.3 % | margin_after_return=55.9 %
[INFO] [1790300760.784836026] [sage_energy_monitor]: ENERGY | remaining=76.1 % | voltage=15.77 V | drain_rate=0.041 %/s | home_distance=3.8 m | return_time=8 s | return_cost=0.3 % | margin_after_return=55.8 %
[INFO] [1790300761.777493134] [sage_energy_monitor]: ENERGY | remaining=76.1 % | voltage=15.77 V | drain_rate=0.041 %/s | home_distance=5.3 m | return_time=9 s | return_cost=0.4 % | margin_after_return=55.7 %
[INFO] [1790300762.776897810] [sage_energy_monitor]: ENERGY | remaining=76.0 % | voltage=15.77 V | drain_rate=0.041 %/s | home_distance=6.0 m | return_time=10 s | return_cost=0.4 % | margin_after_return=55.6 %
[INFO] [1790300763.777727373] [sage_energy_monitor]: ENERGY | remaining=76.0 % | voltage=15.77 V | drain_rate=0.041 %/s | home_distance=5.9 m | return_time=10 s | return_cost=0.4 % | margin_after_return=55.6 %
[INFO] [1790300764.780726581] [sage_energy_monitor]: ENERGY | remaining=75.9 % | voltage=15.77 V | drain_rate=0.041 %/s | home_distance=6.1 m | return_time=10 s | return_cost=0.4 % | margin_after_return=55.5 %
[INFO] [1790300765.778969030] [sage_energy_monitor]: ENERGY | remaining=75.9 % | voltage=15.76 V | drain_rate=0.041 %/s | home_distance=6.4 m | return_time=10 s | return_cost=0.4 % | margin_after_return=55.5 %
[INFO] [1790300766.788487123] [sage_energy_monitor]: ENERGY | remaining=75.8 % | voltage=15.76 V | drain_rate=0.041 %/s | home_distance=5.7 m | return_time=10 s | return_cost=0.4 % | margin_after_return=55.5 %
[INFO] [1790300767.780698006] [sage_energy_monitor]: ENERGY | remaining=75.8 % | voltage=15.76 V | drain_rate=0.041 %/s | home_distance=3.9 m | return_time=8 s | return_cost=0.3 % | margin_after_return=55.5 %
[INFO] [1790300768.785057333] [sage_energy_monitor]: ENERGY | remaining=75.8 % | voltage=15.76 V | drain_rate=0.041 %/s | home_distance=2.7 m | return_time=7 s | return_cost=0.3 % | margin_after_return=55.5 %
[INFO] [1790300769.776120811] [sage_energy_monitor]: ENERGY | remaining=75.7 % | voltage=15.76 V | drain_rate=0.041 %/s | home_distance=2.6 m | return_time=7 s | return_cost=0.3 % | margin_after_return=55.4 %
[INFO] [1790300770.785907409] [sage_energy_monitor]: ENERGY | remaining=75.7 % | voltage=15.76 V | drain_rate=0.041 %/s | home_distance=1.9 m | return_time=6 s | return_cost=0.2 % | margin_after_return=55.4 %
[INFO] [1790300771.782198568] [sage_energy_monitor]: ENERGY | remaining=75.6 % | voltage=15.76 V | drain_rate=0.041 %/s | home_distance=1.3 m | return_time=5 s | return_cost=0.2 % | margin_after_return=55.4 %
[INFO] [1790300772.783081919] [sage_energy_monitor]: ENERGY | remaining=75.6 % | voltage=15.76 V | drain_rate=0.041 %/s | home_distance=2.1 m | return_time=6 s | return_cost=0.3 % | margin_after_return=55.3 %
[INFO] [1790300773.778703070] [sage_energy_monitor]: ENERGY | remaining=75.5 % | voltage=15.76 V | drain_rate=0.041 %/s | home_distance=2.1 m | return_time=6 s | return_cost=0.2 % | margin_after_return=55.3 %
[INFO] [1790300774.777432513] [sage_energy_monitor]: ENERGY | remaining=75.5 % | voltage=15.76 V | drain_rate=0.041 %/s | home_distance=1.2 m | return_time=5 s | return_cost=0.2 % | margin_after_return=55.3 %
[INFO] [1790300775.779484105] [sage_energy_monitor]: ENERGY | remaining=75.5 % | voltage=15.76 V | drain_rate=0.041 %/s | home_distance=2.0 m | return_time=6 s | return_cost=0.3 % | margin_after_return=55.2 %
[INFO] [1790300776.778207556] [sage_energy_monitor]: ENERGY | remaining=75.4 % | voltage=15.76 V | drain_rate=0.041 %/s | home_distance=2.7 m | return_time=7 s | return_cost=0.3 % | margin_after_return=55.2 %
[INFO] [1790300777.776899463] [sage_energy_monitor]: ENERGY | remaining=75.4 % | voltage=15.76 V | drain_rate=0.041 %/s | home_distance=2.9 m | return_time=7 s | return_cost=0.3 % | margin_after_return=55.1 %
[INFO] [1790300778.778856948] [sage_energy_monitor]: ENERGY | remaining=75.3 % | voltage=15.76 V | drain_rate=0.041 %/s | home_distance=3.8 m | return_time=8 s | return_cost=0.3 % | margin_after_return=55.0 %
[INFO] [1790300779.777944831] [sage_energy_monitor]: ENERGY | remaining=75.3 % | voltage=15.75 V | drain_rate=0.041 %/s | home_distance=5.6 m | return_time=10 s | return_cost=0.4 % | margin_after_return=54.9 %
[INFO] [1790300780.779909283] [sage_energy_monitor]: ENERGY | remaining=75.3 % | voltage=15.75 V | drain_rate=0.041 %/s | home_distance=6.7 m | return_time=11 s | return_cost=0.4 % | margin_after_return=54.8 %
[INFO] [1790300781.792263400] [sage_energy_monitor]: ENERGY | remaining=75.2 % | voltage=15.75 V | drain_rate=0.041 %/s | home_distance=6.7 m | return_time=11 s | return_cost=0.4 % | margin_after_return=54.8 %
[INFO] [1790300782.776740172] [sage_energy_monitor]: ENERGY | remaining=75.2 % | voltage=15.75 V | drain_rate=0.041 %/s | home_distance=5.2 m | return_time=9 s | return_cost=0.4 % | margin_after_return=54.8 %
[INFO] [1790300783.776586217] [sage_energy_monitor]: ENERGY | remaining=75.1 % | voltage=15.75 V | drain_rate=0.041 %/s | home_distance=3.3 m | return_time=7 s | return_cost=0.3 % | margin_after_return=54.8 %
[INFO] [1790300784.777457497] [sage_energy_monitor]: ENERGY | remaining=75.1 % | voltage=15.75 V | drain_rate=0.041 %/s | home_distance=1.4 m | return_time=5 s | return_cost=0.2 % | margin_after_return=54.9 %
[INFO] [1790300785.776260793] [sage_energy_monitor]: ENERGY | remaining=75.1 % | voltage=15.75 V | drain_rate=0.041 %/s | home_distance=0.5 m | return_time=4 s | return_cost=0.2 % | margin_after_return=54.9 %
[INFO] [1790300786.786963216] [sage_energy_monitor]: ENERGY | remaining=75.0 % | voltage=15.75 V | drain_rate=0.041 %/s | home_distance=2.4 m | return_time=6 s | return_cost=0.3 % | margin_after_return=54.8 %
[INFO] [1790300787.778201833] [sage_energy_monitor]: ENERGY | remaining=75.0 % | voltage=15.75 V | drain_rate=0.041 %/s | home_distance=3.5 m | return_time=7 s | return_cost=0.3 % | margin_after_return=54.7 %
[INFO] [1790300788.777567922] [sage_energy_monitor]: ENERGY | remaining=74.9 % | voltage=15.75 V | drain_rate=0.041 %/s | home_distance=2.4 m | return_time=6 s | return_cost=0.3 % | margin_after_return=54.7 %
[INFO] [1790300789.776811025] [sage_energy_monitor]: ENERGY | remaining=74.9 % | voltage=15.75 V | drain_rate=0.041 %/s | home_distance=1.8 m | return_time=6 s | return_cost=0.2 % | margin_after_return=54.7 %
[INFO] [1790300790.776648730] [sage_energy_monitor]: ENERGY | remaining=74.9 % | voltage=15.75 V | drain_rate=0.041 %/s | home_distance=3.0 m | return_time=7 s | return_cost=0.3 % | margin_after_return=54.6 %
[INFO] [1790300791.777797058] [sage_energy_monitor]: ENERGY | remaining=74.8 % | voltage=15.75 V | drain_rate=0.041 %/s | home_distance=4.2 m | return_time=8 s | return_cost=0.3 % | margin_after_return=54.5 %
[INFO] [1790300792.780822651] [sage_energy_monitor]: ENERGY | remaining=74.8 % | voltage=15.75 V | drain_rate=0.041 %/s | home_distance=4.7 m | return_time=9 s | return_cost=0.4 % | margin_after_return=54.4 %
[INFO] [1790300793.805003921] [sage_energy_monitor]: ENERGY | remaining=74.7 % | voltage=15.74 V | drain_rate=0.041 %/s | home_distance=4.2 m | return_time=8 s | return_cost=0.3 % | margin_after_return=54.4 %
[INFO] [1790300794.780245115] [sage_energy_monitor]: ENERGY | remaining=74.7 % | voltage=15.74 V | drain_rate=0.041 %/s | home_distance=3.2 m | return_time=7 s | return_cost=0.3 % | margin_after_return=54.4 %
[INFO] [1790300795.778534724] [sage_energy_monitor]: ENERGY | remaining=74.7 % | voltage=15.74 V | drain_rate=0.041 %/s | home_distance=3.6 m | return_time=8 s | return_cost=0.3 % | margin_after_return=54.3 %
[INFO] [1790300796.782070427] [sage_energy_monitor]: ENERGY | remaining=74.6 % | voltage=15.74 V | drain_rate=0.041 %/s | home_distance=3.8 m | return_time=8 s | return_cost=0.3 % | margin_after_return=54.3 %
[INFO] [1790300797.778818331] [sage_energy_monitor]: ENERGY | remaining=74.6 % | voltage=15.74 V | drain_rate=0.041 %/s | home_distance=2.4 m | return_time=6 s | return_cost=0.3 % | margin_after_return=54.3 %
[INFO] [1790300798.776396246] [sage_energy_monitor]: ENERGY | remaining=74.5 % | voltage=15.74 V | drain_rate=0.041 %/s | home_distance=1.1 m | return_time=5 s | return_cost=0.2 % | margin_after_return=54.3 %
[INFO] [1790300799.777146306] [sage_energy_monitor]: ENERGY | remaining=74.5 % | voltage=15.74 V | drain_rate=0.041 %/s | home_distance=1.3 m | return_time=5 s | return_cost=0.2 % | margin_after_return=54.3 %
[INFO] [1790300800.780010940] [sage_energy_monitor]: ENERGY | remaining=74.5 % | voltage=15.74 V | drain_rate=0.041 %/s | home_distance=1.1 m | return_time=5 s | return_cost=0.2 % | margin_after_return=54.3 %
[INFO] [1790300801.777162758] [sage_energy_monitor]: ENERGY | remaining=74.4 % | voltage=15.74 V | drain_rate=0.041 %/s | home_distance=1.2 m | return_time=5 s | return_cost=0.2 % | margin_after_return=54.2 %
[INFO] [1790300802.775663917] [sage_energy_monitor]: ENERGY | remaining=74.4 % | voltage=15.74 V | drain_rate=0.041 %/s | home_distance=2.7 m | return_time=7 s | return_cost=0.3 % | margin_after_return=54.1 %
[INFO] [1790300803.776371255] [sage_energy_monitor]: ENERGY | remaining=74.3 % | voltage=15.74 V | drain_rate=0.041 %/s | home_distance=3.3 m | return_time=7 s | return_cost=0.3 % | margin_after_return=54.0 %
[INFO] [1790300804.779241901] [sage_energy_monitor]: ENERGY | remaining=74.3 % | voltage=15.74 V | drain_rate=0.041 %/s | home_distance=2.3 m | return_time=6 s | return_cost=0.3 % | margin_after_return=54.0 %
[INFO] [1790300805.784601656] [sage_energy_monitor]: ENERGY | remaining=74.2 % | voltage=15.74 V | drain_rate=0.041 %/s | home_distance=0.9 m | return_time=5 s | return_cost=0.2 % | margin_after_return=54.0 %
[INFO] [1790300806.778009526] [sage_energy_monitor]: ENERGY | remaining=74.2 % | voltage=15.73 V | drain_rate=0.041 %/s | home_distance=1.2 m | return_time=5 s | return_cost=0.2 % | margin_after_return=54.0 %
[INFO] [1790300807.777130224] [sage_energy_monitor]: ENERGY | remaining=74.2 % | voltage=15.73 V | drain_rate=0.041 %/s | home_distance=1.3 m | return_time=5 s | return_cost=0.2 % | margin_after_return=53.9 %
[INFO] [1790300808.778492660] [sage_energy_monitor]: ENERGY | remaining=74.1 % | voltage=15.73 V | drain_rate=0.041 %/s | home_distance=1.2 m | return_time=5 s | return_cost=0.2 % | margin_after_return=53.9 %
[INFO] [1790300809.782492595] [sage_energy_monitor]: ENERGY | remaining=74.1 % | voltage=15.73 V | drain_rate=0.041 %/s | home_distance=2.8 m | return_time=7 s | return_cost=0.3 % | margin_after_return=53.8 %
[INFO] [1790300810.787587834] [sage_energy_monitor]: ENERGY | remaining=74.0 % | voltage=15.73 V | drain_rate=0.041 %/s | home_distance=3.9 m | return_time=8 s | return_cost=0.3 % | margin_after_return=53.7 %
[INFO] [1790300811.777136215] [sage_energy_monitor]: ENERGY | remaining=74.0 % | voltage=15.73 V | drain_rate=0.041 %/s | home_distance=3.9 m | return_time=8 s | return_cost=0.3 % | margin_after_return=53.7 %
[INFO] [1790300812.776642316] [sage_energy_monitor]: ENERGY | remaining=74.0 % | voltage=15.73 V | drain_rate=0.041 %/s | home_distance=3.4 m | return_time=8 s | return_cost=0.3 % | margin_after_return=53.6 %
[INFO] [1790300813.777395115] [sage_energy_monitor]: ENERGY | remaining=73.9 % | voltage=15.73 V | drain_rate=0.041 %/s | home_distance=3.7 m | return_time=8 s | return_cost=0.3 % | margin_after_return=53.6 %
[INFO] [1790300814.779477892] [sage_energy_monitor]: ENERGY | remaining=73.9 % | voltage=15.73 V | drain_rate=0.041 %/s | home_distance=4.1 m | return_time=8 s | return_cost=0.3 % | margin_after_return=53.5 %
[INFO] [1790300815.785276142] [sage_energy_monitor]: ENERGY | remaining=73.8 % | voltage=15.73 V | drain_rate=0.041 %/s | home_distance=5.1 m | return_time=9 s | return_cost=0.4 % | margin_after_return=53.5 %
[INFO] [1790300816.776172946] [sage_energy_monitor]: ENERGY | remaining=73.8 % | voltage=15.73 V | drain_rate=0.041 %/s | home_distance=6.6 m | return_time=11 s | return_cost=0.4 % | margin_after_return=53.4 %
[INFO] [1790300817.781009729] [sage_energy_monitor]: ENERGY | remaining=73.8 % | voltage=15.73 V | drain_rate=0.041 %/s | home_distance=8.4 m | return_time=12 s | return_cost=0.5 % | margin_after_return=53.2 %
[INFO] [1790300818.779476785] [sage_energy_monitor]: ENERGY | remaining=73.7 % | voltage=15.73 V | drain_rate=0.041 %/s | home_distance=10.5 m | return_time=14 s | return_cost=0.6 % | margin_after_return=53.1 %
[INFO] [1790300819.782443603] [sage_energy_monitor]: ENERGY | remaining=73.7 % | voltage=15.73 V | drain_rate=0.041 %/s | home_distance=12.7 m | return_time=17 s | return_cost=0.7 % | margin_after_return=53.0 %
[INFO] [1790300820.777637315] [sage_energy_monitor]: ENERGY | remaining=73.6 % | voltage=15.72 V | drain_rate=0.041 %/s | home_distance=15.0 m | return_time=19 s | return_cost=0.8 % | margin_after_return=52.9 %
[INFO] [1790300821.776370602] [sage_energy_monitor]: ENERGY | remaining=73.6 % | voltage=15.72 V | drain_rate=0.041 %/s | home_distance=16.7 m | return_time=21 s | return_cost=0.8 % | margin_after_return=52.8 %
[INFO] [1790300822.776326986] [sage_energy_monitor]: ENERGY | remaining=73.6 % | voltage=15.72 V | drain_rate=0.041 %/s | home_distance=17.3 m | return_time=21 s | return_cost=0.9 % | margin_after_return=52.7 %
[INFO] [1790300823.781326560] [sage_energy_monitor]: ENERGY | remaining=73.5 % | voltage=15.72 V | drain_rate=0.041 %/s | home_distance=16.9 m | return_time=21 s | return_cost=0.8 % | margin_after_return=52.7 %
[INFO] [1790300824.776205594] [sage_energy_monitor]: ENERGY | remaining=73.5 % | voltage=15.72 V | drain_rate=0.041 %/s | home_distance=14.8 m | return_time=19 s | return_cost=0.8 % | margin_after_return=52.7 %
[INFO] [1790300825.776889602] [sage_energy_monitor]: ENERGY | remaining=73.4 % | voltage=15.72 V | drain_rate=0.041 %/s | home_distance=13.2 m | return_time=17 s | return_cost=0.7 % | margin_after_return=52.7 %
[INFO] [1790300826.776314164] [sage_energy_monitor]: ENERGY | remaining=73.4 % | voltage=15.72 V | drain_rate=0.041 %/s | home_distance=12.8 m | return_time=17 s | return_cost=0.7 % | margin_after_return=52.7 %
[INFO] [1790300827.780251355] [sage_energy_monitor]: ENERGY | remaining=73.3 % | voltage=15.72 V | drain_rate=0.041 %/s | home_distance=13.0 m | return_time=17 s | return_cost=0.7 % | margin_after_return=52.7 %
[INFO] [1790300828.777917032] [sage_energy_monitor]: ENERGY | remaining=73.3 % | voltage=15.72 V | drain_rate=0.041 %/s | home_distance=13.5 m | return_time=18 s | return_cost=0.7 % | margin_after_return=52.6 %
[INFO] [1790300829.776063019] [sage_energy_monitor]: ENERGY | remaining=73.3 % | voltage=15.72 V | drain_rate=0.041 %/s | home_distance=13.8 m | return_time=18 s | return_cost=0.7 % | margin_after_return=52.5 %
[INFO] [1790300830.776291169] [sage_energy_monitor]: ENERGY | remaining=73.2 % | voltage=15.72 V | drain_rate=0.041 %/s | home_distance=13.3 m | return_time=17 s | return_cost=0.7 % | margin_after_return=52.5 %
[INFO] [1790300831.776422785] [sage_energy_monitor]: ENERGY | remaining=73.2 % | voltage=15.72 V | drain_rate=0.041 %/s | home_distance=11.1 m | return_time=15 s | return_cost=0.6 % | margin_after_return=52.6 %
[INFO] [1790300832.778650731] [sage_energy_monitor]: ENERGY | remaining=73.1 % | voltage=15.72 V | drain_rate=0.041 %/s | home_distance=9.3 m | return_time=13 s | return_cost=0.5 % | margin_after_return=52.6 %
[INFO] [1790300833.781830862] [sage_energy_monitor]: ENERGY | remaining=73.1 % | voltage=15.71 V | drain_rate=0.041 %/s | home_distance=8.7 m | return_time=13 s | return_cost=0.5 % | margin_after_return=52.6 %
[INFO] [1790300834.778908926] [sage_energy_monitor]: ENERGY | remaining=73.1 % | voltage=15.71 V | drain_rate=0.041 %/s | home_distance=10.1 m | return_time=14 s | return_cost=0.6 % | margin_after_return=52.5 %
[INFO] [1790300835.776130148] [sage_energy_monitor]: ENERGY | remaining=73.0 % | voltage=15.71 V | drain_rate=0.041 %/s | home_distance=11.5 m | return_time=16 s | return_cost=0.6 % | margin_after_return=52.4 %
[INFO] [1790300836.777869985] [sage_energy_monitor]: ENERGY | remaining=73.0 % | voltage=15.71 V | drain_rate=0.041 %/s | home_distance=11.9 m | return_time=16 s | return_cost=0.7 % | margin_after_return=52.3 %
[INFO] [1790300837.779506702] [sage_energy_monitor]: ENERGY | remaining=72.9 % | voltage=15.71 V | drain_rate=0.041 %/s | home_distance=11.5 m | return_time=16 s | return_cost=0.6 % | margin_after_return=52.3 %
[INFO] [1790300838.777367907] [sage_energy_monitor]: ENERGY | remaining=72.9 % | voltage=15.71 V | drain_rate=0.041 %/s | home_distance=9.3 m | return_time=13 s | return_cost=0.5 % | margin_after_return=52.3 %
[INFO] [1790300839.776508680] [sage_energy_monitor]: ENERGY | remaining=72.8 % | voltage=15.71 V | drain_rate=0.041 %/s | home_distance=7.0 m | return_time=11 s | return_cost=0.5 % | margin_after_return=52.4 %
[INFO] [1790300840.780239683] [sage_energy_monitor]: ENERGY | remaining=72.8 % | voltage=15.71 V | drain_rate=0.041 %/s | home_distance=4.8 m | return_time=9 s | return_cost=0.4 % | margin_after_return=52.4 %
[INFO] [1790300841.776254926] [sage_energy_monitor]: ENERGY | remaining=72.8 % | voltage=15.71 V | drain_rate=0.041 %/s | home_distance=2.6 m | return_time=7 s | return_cost=0.3 % | margin_after_return=52.5 %
[INFO] [1790300842.788975890] [sage_energy_monitor]: ENERGY | remaining=72.7 % | voltage=15.71 V | drain_rate=0.041 %/s | home_distance=0.4 m | return_time=5 s | return_cost=0.2 % | margin_after_return=52.5 %
[INFO] [1790300843.776353451] [sage_energy_monitor]: ENERGY | remaining=72.7 % | voltage=15.71 V | drain_rate=0.041 %/s | home_distance=1.7 m | return_time=6 s | return_cost=0.2 % | margin_after_return=52.4 %
[INFO] [1790300844.777531280] [sage_energy_monitor]: ENERGY | remaining=72.6 % | voltage=15.71 V | drain_rate=0.041 %/s | home_distance=3.6 m | return_time=8 s | return_cost=0.3 % | margin_after_return=52.3 %
[INFO] [1790300845.779446649] [sage_energy_monitor]: ENERGY | remaining=72.6 % | voltage=15.71 V | drain_rate=0.041 %/s | home_distance=4.5 m | return_time=9 s | return_cost=0.4 % | margin_after_return=52.2 %
[INFO] [1790300846.777125386] [sage_energy_monitor]: ENERGY | remaining=72.6 % | voltage=15.71 V | drain_rate=0.041 %/s | home_distance=4.6 m | return_time=9 s | return_cost=0.4 % | margin_after_return=52.2 %
[INFO] [1790300847.776503859] [sage_energy_monitor]: ENERGY | remaining=72.5 % | voltage=15.70 V | drain_rate=0.041 %/s | home_distance=4.5 m | return_time=9 s | return_cost=0.4 % | margin_after_return=52.2 %
[INFO] [1790300848.781352768] [sage_energy_monitor]: ENERGY | remaining=72.5 % | voltage=15.70 V | drain_rate=0.041 %/s | home_distance=4.3 m | return_time=8 s | return_cost=0.3 % | margin_after_return=52.1 %
[INFO] [1790300849.776400353] [sage_energy_monitor]: ENERGY | remaining=72.4 % | voltage=15.70 V | drain_rate=0.041 %/s | home_distance=4.3 m | return_time=8 s | return_cost=0.3 % | margin_after_return=52.1 %
[INFO] [1790300850.776213916] [sage_energy_monitor]: ENERGY | remaining=72.4 % | voltage=15.70 V | drain_rate=0.041 %/s | home_distance=4.2 m | return_time=8 s | return_cost=0.3 % | margin_after_return=52.1 %
[INFO] [1790300851.776065225] [sage_energy_monitor]: ENERGY | remaining=72.4 % | voltage=15.70 V | drain_rate=0.041 %/s | home_distance=4.2 m | return_time=8 s | return_cost=0.3 % | margin_after_return=52.0 %
[INFO] [1790300852.781222315] [sage_energy_monitor]: ENERGY | remaining=72.3 % | voltage=15.70 V | drain_rate=0.041 %/s | home_distance=4.2 m | return_time=8 s | return_cost=0.3 % | margin_after_return=52.0 %
[INFO] [1790300853.783396691] [sage_energy_monitor]: ENERGY | remaining=72.3 % | voltage=15.70 V | drain_rate=0.041 %/s | home_distance=4.2 m | return_time=8 s | return_cost=0.3 % | margin_after_return=51.9 %
[INFO] [1790300854.787489060] [sage_energy_monitor]: ENERGY | remaining=72.2 % | voltage=15.70 V | drain_rate=0.041 %/s | home_distance=3.7 m | return_time=8 s | return_cost=0.3 % | margin_after_return=51.9 %
[INFO] [1790300855.775874014] [sage_energy_monitor]: ENERGY | remaining=72.2 % | voltage=15.70 V | drain_rate=0.041 %/s | home_distance=2.6 m | return_time=7 s | return_cost=0.3 % | margin_after_return=51.9 %
[INFO] [1790300856.779171087] [sage_energy_monitor]: ENERGY | remaining=72.2 % | voltage=15.70 V | drain_rate=0.041 %/s | home_distance=2.8 m | return_time=7 s | return_cost=0.3 % | margin_after_return=51.9 %
[INFO] [1790300857.777530756] [sage_energy_monitor]: ENERGY | remaining=72.1 % | voltage=15.70 V | drain_rate=0.041 %/s | home_distance=3.6 m | return_time=8 s | return_cost=0.3 % | margin_after_return=51.8 %
[INFO] [1790300858.776862710] [sage_energy_monitor]: ENERGY | remaining=72.1 % | voltage=15.70 V | drain_rate=0.041 %/s | home_distance=4.0 m | return_time=8 s | return_cost=0.3 % | margin_after_return=51.7 %
[INFO] [1790300859.778070899] [sage_energy_monitor]: ENERGY | remaining=72.0 % | voltage=15.70 V | drain_rate=0.041 %/s | home_distance=4.0 m | return_time=8 s | return_cost=0.3 % | margin_after_return=51.7 %
[INFO] [1790300860.776860405] [sage_energy_monitor]: ENERGY | remaining=72.0 % | voltage=15.69 V | drain_rate=0.041 %/s | home_distance=4.0 m | return_time=8 s | return_cost=0.3 % | margin_after_return=51.7 %
[INFO] [1790300861.785732164] [sage_energy_monitor]: ENERGY | remaining=72.0 % | voltage=15.69 V | drain_rate=0.041 %/s | home_distance=4.0 m | return_time=8 s | return_cost=0.3 % | margin_after_return=51.6 %
[INFO] [1790300862.778295646] [sage_energy_monitor]: ENERGY | remaining=71.9 % | voltage=15.69 V | drain_rate=0.041 %/s | home_distance=4.0 m | return_time=8 s | return_cost=0.3 % | margin_after_return=51.6 %
[INFO] [1790300863.779382287] [sage_energy_monitor]: ENERGY | remaining=71.9 % | voltage=15.69 V | drain_rate=0.041 %/s | home_distance=4.0 m | return_time=8 s | return_cost=0.3 % | margin_after_return=51.5 %
[INFO] [1790300864.783213149] [sage_energy_monitor]: ENERGY | remaining=71.8 % | voltage=15.69 V | drain_rate=0.041 %/s | home_distance=3.9 m | return_time=8 s | return_cost=0.3 % | margin_after_return=51.5 %
[INFO] [1790300865.783782122] [sage_energy_monitor]: ENERGY | remaining=71.8 % | voltage=15.69 V | drain_rate=0.041 %/s | home_distance=3.9 m | return_time=8 s | return_cost=0.3 % | margin_after_return=51.5 %
[INFO] [1790300866.782453787] [sage_energy_monitor]: ENERGY | remaining=71.8 % | voltage=15.69 V | drain_rate=0.041 %/s | home_distance=3.9 m | return_time=8 s | return_cost=0.3 % | margin_after_return=51.4 %
[INFO] [1790300867.778229952] [sage_energy_monitor]: ENERGY | remaining=71.7 % | voltage=15.69 V | drain_rate=0.041 %/s | home_distance=3.3 m | return_time=7 s | return_cost=0.3 % | margin_after_return=51.4 %
[INFO] [1790300868.779039987] [sage_energy_monitor]: ENERGY | remaining=71.7 % | voltage=15.69 V | drain_rate=0.041 %/s | home_distance=3.3 m | return_time=7 s | return_cost=0.3 % | margin_after_return=51.4 %
[INFO] [1790300869.781192579] [sage_energy_monitor]: ENERGY | remaining=71.6 % | voltage=15.69 V | drain_rate=0.041 %/s | home_distance=4.6 m | return_time=9 s | return_cost=0.4 % | margin_after_return=51.3 %
[INFO] [1790300870.779160519] [sage_energy_monitor]: ENERGY | remaining=71.6 % | voltage=15.69 V | drain_rate=0.041 %/s | home_distance=6.6 m | return_time=11 s | return_cost=0.4 % | margin_after_return=51.2 %
[INFO] [1790300871.779553239] [sage_energy_monitor]: ENERGY | remaining=71.5 % | voltage=15.69 V | drain_rate=0.041 %/s | home_distance=8.6 m | return_time=13 s | return_cost=0.5 % | margin_after_return=51.0 %
[INFO] [1790300872.776821093] [sage_energy_monitor]: ENERGY | remaining=71.5 % | voltage=15.69 V | drain_rate=0.041 %/s | home_distance=10.2 m | return_time=14 s | return_cost=0.6 % | margin_after_return=50.9 %
[INFO] [1790300873.776609479] [sage_energy_monitor]: ENERGY | remaining=71.5 % | voltage=15.69 V | drain_rate=0.041 %/s | home_distance=10.9 m | return_time=15 s | return_cost=0.6 % | margin_after_return=50.9 %
[INFO] [1790300874.776858894] [sage_energy_monitor]: ENERGY | remaining=71.4 % | voltage=15.68 V | drain_rate=0.041 %/s | home_distance=10.9 m | return_time=15 s | return_cost=0.6 % | margin_after_return=50.8 %
[INFO] [1790300875.777560258] [sage_energy_monitor]: ENERGY | remaining=71.4 % | voltage=15.68 V | drain_rate=0.041 %/s | home_distance=10.4 m | return_time=14 s | return_cost=0.6 % | margin_after_return=50.8 %
[INFO] [1790300876.778690033] [sage_energy_monitor]: ENERGY | remaining=71.3 % | voltage=15.68 V | drain_rate=0.041 %/s | home_distance=9.9 m | return_time=14 s | return_cost=0.6 % | margin_after_return=50.8 %
[INFO] [1790300877.784260187] [sage_energy_monitor]: ENERGY | remaining=71.3 % | voltage=15.68 V | drain_rate=0.041 %/s | home_distance=9.6 m | return_time=14 s | return_cost=0.6 % | margin_after_return=50.7 %
[INFO] [1790300878.778435141] [sage_energy_monitor]: ENERGY | remaining=71.3 % | voltage=15.68 V | drain_rate=0.041 %/s | home_distance=9.5 m | return_time=13 s | return_cost=0.5 % | margin_after_return=50.7 %
[INFO] [1790300879.777272285] [sage_energy_monitor]: ENERGY | remaining=71.2 % | voltage=15.68 V | drain_rate=0.041 %/s | home_distance=9.5 m | return_time=13 s | return_cost=0.5 % | margin_after_return=50.7 %
[INFO] [1790300880.778333081] [sage_energy_monitor]: ENERGY | remaining=71.2 % | voltage=15.68 V | drain_rate=0.041 %/s | home_distance=9.4 m | return_time=13 s | return_cost=0.5 % | margin_after_return=50.6 %
[INFO] [1790300881.778087614] [sage_energy_monitor]: ENERGY | remaining=71.1 % | voltage=15.68 V | drain_rate=0.041 %/s | home_distance=9.4 m | return_time=13 s | return_cost=0.5 % | margin_after_return=50.6 %
[INFO] [1790300882.776602328] [sage_energy_monitor]: ENERGY | remaining=71.1 % | voltage=15.68 V | drain_rate=0.041 %/s | home_distance=9.4 m | return_time=13 s | return_cost=0.5 % | margin_after_return=50.5 %
[INFO] [1790300883.785897756] [sage_energy_monitor]: ENERGY | remaining=71.1 % | voltage=15.68 V | drain_rate=0.041 %/s | home_distance=9.4 m | return_time=13 s | return_cost=0.6 % | margin_after_return=50.5 %
[INFO] [1790300884.777987072] [sage_energy_monitor]: ENERGY | remaining=71.0 % | voltage=15.68 V | drain_rate=0.041 %/s | home_distance=9.4 m | return_time=13 s | return_cost=0.6 % | margin_after_return=50.5 %
[INFO] [1790300885.779780393] [sage_energy_monitor]: ENERGY | remaining=71.0 % | voltage=15.68 V | drain_rate=0.041 %/s | home_distance=9.4 m | return_time=13 s | return_cost=0.6 % | margin_after_return=50.4 %
[INFO] [1790300886.789025694] [sage_energy_monitor]: ENERGY | remaining=70.9 % | voltage=15.68 V | drain_rate=0.041 %/s | home_distance=9.4 m | return_time=13 s | return_cost=0.6 % | margin_after_return=50.4 %
[INFO] [1790300887.780657254] [sage_energy_monitor]: ENERGY | remaining=70.9 % | voltage=15.67 V | drain_rate=0.041 %/s | home_distance=9.6 m | return_time=14 s | return_cost=0.6 % | margin_after_return=50.3 %
[INFO] [1790300888.781293095] [sage_energy_monitor]: ENERGY | remaining=70.8 % | voltage=15.67 V | drain_rate=0.041 %/s | home_distance=10.2 m | return_time=14 s | return_cost=0.6 % | margin_after_return=50.3 %
[INFO] [1790300889.781843195] [sage_energy_monitor]: ENERGY | remaining=70.8 % | voltage=15.67 V | drain_rate=0.041 %/s | home_distance=10.4 m | return_time=14 s | return_cost=0.6 % | margin_after_return=50.2 %
[INFO] [1790300890.788139965] [sage_energy_monitor]: ENERGY | remaining=70.8 % | voltage=15.67 V | drain_rate=0.041 %/s | home_distance=10.4 m | return_time=14 s | return_cost=0.6 % | margin_after_return=50.2 %
[INFO] [1790300891.776961972] [sage_energy_monitor]: ENERGY | remaining=70.7 % | voltage=15.67 V | drain_rate=0.041 %/s | home_distance=9.9 m | return_time=14 s | return_cost=0.6 % | margin_after_return=50.2 %
[INFO] [1790300892.782690421] [sage_energy_monitor]: ENERGY | remaining=70.7 % | voltage=15.67 V | drain_rate=0.041 %/s | home_distance=9.7 m | return_time=14 s | return_cost=0.6 % | margin_after_return=50.1 %
[INFO] [1790300893.777900787] [sage_energy_monitor]: ENERGY | remaining=70.6 % | voltage=15.67 V | drain_rate=0.041 %/s | home_distance=9.6 m | return_time=14 s | return_cost=0.6 % | margin_after_return=50.1 %
[INFO] [1790300894.777749045] [sage_energy_monitor]: ENERGY | remaining=70.6 % | voltage=15.67 V | drain_rate=0.041 %/s | home_distance=9.6 m | return_time=14 s | return_cost=0.6 % | margin_after_return=50.0 %
[INFO] [1790300895.776732587] [sage_energy_monitor]: ENERGY | remaining=70.6 % | voltage=15.67 V | drain_rate=0.041 %/s | home_distance=9.6 m | return_time=14 s | return_cost=0.6 % | margin_after_return=50.0 %
[INFO] [1790300896.777708057] [sage_energy_monitor]: ENERGY | remaining=70.5 % | voltage=15.67 V | drain_rate=0.041 %/s | home_distance=9.5 m | return_time=14 s | return_cost=0.6 % | margin_after_return=50.0 %
[INFO] [1790300897.781999262] [sage_energy_monitor]: ENERGY | remaining=70.5 % | voltage=15.67 V | drain_rate=0.041 %/s | home_distance=9.5 m | return_time=14 s | return_cost=0.6 % | margin_after_return=49.9 %
[INFO] [1790300898.790229656] [sage_energy_monitor]: ENERGY | remaining=70.4 % | voltage=15.67 V | drain_rate=0.041 %/s | home_distance=9.4 m | return_time=13 s | return_cost=0.6 % | margin_after_return=49.9 %
[INFO] [1790300899.776453096] [sage_energy_monitor]: ENERGY | remaining=70.4 % | voltage=15.67 V | drain_rate=0.041 %/s | home_distance=9.4 m | return_time=13 s | return_cost=0.6 % | margin_after_return=49.8 %
[INFO] [1790300900.776320645] [sage_energy_monitor]: ENERGY | remaining=70.4 % | voltage=15.67 V | drain_rate=0.041 %/s | home_distance=9.4 m | return_time=13 s | return_cost=0.6 % | margin_after_return=49.8 %
[INFO] [1790300901.776689864] [sage_energy_monitor]: ENERGY | remaining=70.3 % | voltage=15.66 V | drain_rate=0.041 %/s | home_distance=9.1 m | return_time=13 s | return_cost=0.5 % | margin_after_return=49.8 %
[INFO] [1790300902.785228544] [sage_energy_monitor]: ENERGY | remaining=70.3 % | voltage=15.66 V | drain_rate=0.041 %/s | home_distance=7.5 m | return_time=12 s | return_cost=0.5 % | margin_after_return=49.8 %
[INFO] [1790300903.783384903] [sage_energy_monitor]: ENERGY | remaining=70.2 % | voltage=15.66 V | drain_rate=0.041 %/s | home_distance=5.5 m | return_time=9 s | return_cost=0.4 % | margin_after_return=49.8 %
[INFO] [1790300904.781121612] [sage_energy_monitor]: ENERGY | remaining=70.2 % | voltage=15.66 V | drain_rate=0.041 %/s | home_distance=4.4 m | return_time=8 s | return_cost=0.3 % | margin_after_return=49.8 %
[INFO] [1790300905.777820085] [sage_energy_monitor]: ENERGY | remaining=70.1 % | voltage=15.66 V | drain_rate=0.041 %/s | home_distance=4.2 m | return_time=8 s | return_cost=0.3 % | margin_after_return=49.8 %
[INFO] [1790300906.782541041] [sage_energy_monitor]: ENERGY | remaining=70.1 % | voltage=15.66 V | drain_rate=0.041 %/s | home_distance=4.3 m | return_time=8 s | return_cost=0.3 % | margin_after_return=49.8 %
[INFO] [1790300907.781671084] [sage_energy_monitor]: ENERGY | remaining=70.1 % | voltage=15.66 V | drain_rate=0.041 %/s | home_distance=4.4 m | return_time=8 s | return_cost=0.3 % | margin_after_return=49.7 %
[INFO] [1790300908.776674054] [sage_energy_monitor]: ENERGY | remaining=70.0 % | voltage=15.66 V | drain_rate=0.041 %/s | home_distance=4.3 m | return_time=8 s | return_cost=0.3 % | margin_after_return=49.7 %
[INFO] [1790300909.777467582] [sage_energy_monitor]: ENERGY | remaining=70.0 % | voltage=15.66 V | drain_rate=0.041 %/s | home_distance=4.3 m | return_time=8 s | return_cost=0.3 % | margin_after_return=49.6 %
[INFO] [1790300910.776486817] [sage_energy_monitor]: ENERGY | remaining=69.9 % | voltage=15.66 V | drain_rate=0.041 %/s | home_distance=4.2 m | return_time=8 s | return_cost=0.3 % | margin_after_return=49.6 %
[INFO] [1790300911.776221834] [sage_energy_monitor]: ENERGY | remaining=69.9 % | voltage=15.66 V | drain_rate=0.041 %/s | home_distance=4.6 m | return_time=8 s | return_cost=0.3 % | margin_after_return=49.6 %
[INFO] [1790300912.778237672] [sage_energy_monitor]: ENERGY | remaining=69.9 % | voltage=15.66 V | drain_rate=0.041 %/s | home_distance=6.4 m | return_time=10 s | return_cost=0.4 % | margin_after_return=49.4 %
[INFO] [1790300913.784515717] [sage_energy_monitor]: ENERGY | remaining=69.8 % | voltage=15.66 V | drain_rate=0.041 %/s | home_distance=8.4 m | return_time=12 s | return_cost=0.5 % | margin_after_return=49.3 %
[INFO] [1790300914.787315037] [sage_energy_monitor]: ENERGY | remaining=69.8 % | voltage=15.66 V | drain_rate=0.041 %/s | home_distance=10.3 m | return_time=14 s | return_cost=0.6 % | margin_after_return=49.2 %
[INFO] [1790300915.788512144] [sage_energy_monitor]: ENERGY | remaining=69.7 % | voltage=15.65 V | drain_rate=0.041 %/s | home_distance=11.4 m | return_time=15 s | return_cost=0.6 % | margin_after_return=49.1 %
[INFO] [1790300916.778586798] [sage_energy_monitor]: ENERGY | remaining=69.7 % | voltage=15.65 V | drain_rate=0.041 %/s | home_distance=11.5 m | return_time=15 s | return_cost=0.6 % | margin_after_return=49.1 %
[INFO] [1790300917.776462104] [sage_energy_monitor]: ENERGY | remaining=69.7 % | voltage=15.65 V | drain_rate=0.041 %/s | home_distance=10.8 m | return_time=15 s | return_cost=0.6 % | margin_after_return=49.1 %
[INFO] [1790300918.776156856] [sage_energy_monitor]: ENERGY | remaining=69.6 % | voltage=15.65 V | drain_rate=0.041 %/s | home_distance=10.4 m | return_time=14 s | return_cost=0.6 % | margin_after_return=49.0 %
[INFO] [1790300919.777613121] [sage_energy_monitor]: ENERGY | remaining=69.6 % | voltage=15.65 V | drain_rate=0.041 %/s | home_distance=10.7 m | return_time=15 s | return_cost=0.6 % | margin_after_return=49.0 %
[INFO] [1790300920.776883233] [sage_energy_monitor]: ENERGY | remaining=69.5 % | voltage=15.65 V | drain_rate=0.041 %/s | home_distance=12.4 m | return_time=17 s | return_cost=0.7 % | margin_after_return=48.9 %
[INFO] [1790300921.786318637] [sage_energy_monitor]: ENERGY | remaining=69.5 % | voltage=15.65 V | drain_rate=0.041 %/s | home_distance=13.8 m | return_time=18 s | return_cost=0.7 % | margin_after_return=48.8 %
[INFO] [1790300922.781666139] [sage_energy_monitor]: ENERGY | remaining=69.5 % | voltage=15.65 V | drain_rate=0.041 %/s | home_distance=14.1 m | return_time=18 s | return_cost=0.8 % | margin_after_return=48.7 %
[INFO] [1790300923.780756292] [sage_energy_monitor]: ENERGY | remaining=69.4 % | voltage=15.65 V | drain_rate=0.041 %/s | home_distance=12.9 m | return_time=17 s | return_cost=0.7 % | margin_after_return=48.7 %
[INFO] [1790300924.784486989] [sage_energy_monitor]: ENERGY | remaining=69.4 % | voltage=15.65 V | drain_rate=0.041 %/s | home_distance=10.8 m | return_time=15 s | return_cost=0.6 % | margin_after_return=48.8 %
[INFO] [1790300925.776820412] [sage_energy_monitor]: ENERGY | remaining=69.3 % | voltage=15.65 V | drain_rate=0.041 %/s | home_distance=8.6 m | return_time=13 s | return_cost=0.5 % | margin_after_return=48.8 %
[INFO] [1790300926.779292674] [sage_energy_monitor]: ENERGY | remaining=69.3 % | voltage=15.65 V | drain_rate=0.041 %/s | home_distance=6.3 m | return_time=10 s | return_cost=0.4 % | margin_after_return=48.9 %
[INFO] [1790300927.780216963] [sage_energy_monitor]: ENERGY | remaining=69.2 % | voltage=15.65 V | drain_rate=0.041 %/s | home_distance=4.6 m | return_time=9 s | return_cost=0.4 % | margin_after_return=48.9 %
[INFO] [1790300928.780044028] [sage_energy_monitor]: ENERGY | remaining=69.2 % | voltage=15.64 V | drain_rate=0.041 %/s | home_distance=4.0 m | return_time=8 s | return_cost=0.3 % | margin_after_return=48.9 %
[INFO] [1790300929.777114469] [sage_energy_monitor]: ENERGY | remaining=69.2 % | voltage=15.64 V | drain_rate=0.041 %/s | home_distance=3.9 m | return_time=8 s | return_cost=0.3 % | margin_after_return=48.9 %
[INFO] [1790300930.777362438] [sage_energy_monitor]: ENERGY | remaining=69.1 % | voltage=15.64 V | drain_rate=0.041 %/s | home_distance=4.0 m | return_time=8 s | return_cost=0.3 % | margin_after_return=48.8 %
[INFO] [1790300931.782875528] [sage_energy_monitor]: ENERGY | remaining=69.1 % | voltage=15.64 V | drain_rate=0.041 %/s | home_distance=4.1 m | return_time=8 s | return_cost=0.3 % | margin_after_return=48.8 %
[INFO] [1790300932.777067229] [sage_energy_monitor]: ENERGY | remaining=69.0 % | voltage=15.64 V | drain_rate=0.041 %/s | home_distance=4.1 m | return_time=8 s | return_cost=0.3 % | margin_after_return=48.7 %
[INFO] [1790300933.777396384] [sage_energy_monitor]: ENERGY | remaining=69.0 % | voltage=15.64 V | drain_rate=0.041 %/s | home_distance=4.2 m | return_time=8 s | return_cost=0.3 % | margin_after_return=48.7 %
[INFO] [1790300934.776427558] [sage_energy_monitor]: ENERGY | remaining=69.0 % | voltage=15.64 V | drain_rate=0.041 %/s | home_distance=4.2 m | return_time=8 s | return_cost=0.3 % | margin_after_return=48.6 %
[INFO] [1790300935.785784740] [sage_energy_monitor]: ENERGY | remaining=68.9 % | voltage=15.64 V | drain_rate=0.041 %/s | home_distance=4.2 m | return_time=8 s | return_cost=0.3 % | margin_after_return=48.6 %
[INFO] [1790300936.781880233] [sage_energy_monitor]: ENERGY | remaining=68.9 % | voltage=15.64 V | drain_rate=0.040 %/s | home_distance=4.1 m | return_time=8 s | return_cost=0.3 % | margin_after_return=48.6 %
[INFO] [1790300937.778834435] [sage_energy_monitor]: ENERGY | remaining=68.8 % | voltage=15.64 V | drain_rate=0.041 %/s | home_distance=3.3 m | return_time=7 s | return_cost=0.3 % | margin_after_return=48.5 %
[INFO] [1790300938.778250291] [sage_energy_monitor]: ENERGY | remaining=68.8 % | voltage=15.64 V | drain_rate=0.041 %/s | home_distance=2.4 m | return_time=6 s | return_cost=0.3 % | margin_after_return=48.5 %
[INFO] [1790300939.780542612] [sage_energy_monitor]: ENERGY | remaining=68.8 % | voltage=15.64 V | drain_rate=0.041 %/s | home_distance=3.0 m | return_time=7 s | return_cost=0.3 % | margin_after_return=48.5 %
[INFO] [1790300940.776750399] [sage_energy_monitor]: ENERGY | remaining=68.7 % | voltage=15.64 V | drain_rate=0.041 %/s | home_distance=3.8 m | return_time=8 s | return_cost=0.3 % | margin_after_return=48.4 %
[INFO] [1790300941.777279481] [sage_energy_monitor]: ENERGY | remaining=68.7 % | voltage=15.64 V | drain_rate=0.041 %/s | home_distance=4.1 m | return_time=8 s | return_cost=0.3 % | margin_after_return=48.4 %
[INFO] [1790300942.775963564] [sage_energy_monitor]: ENERGY | remaining=68.6 % | voltage=15.63 V | drain_rate=0.041 %/s | home_distance=4.1 m | return_time=8 s | return_cost=0.3 % | margin_after_return=48.3 %
[INFO] [1790300943.776970434] [sage_energy_monitor]: ENERGY | remaining=68.6 % | voltage=15.63 V | drain_rate=0.041 %/s | home_distance=4.0 m | return_time=8 s | return_cost=0.3 % | margin_after_return=48.3 %
[INFO] [1790300944.780686383] [sage_energy_monitor]: ENERGY | remaining=68.6 % | voltage=15.63 V | drain_rate=0.041 %/s | home_distance=4.0 m | return_time=8 s | return_cost=0.3 % | margin_after_return=48.2 %
[INFO] [1790300945.776098609] [sage_energy_monitor]: ENERGY | remaining=68.5 % | voltage=15.63 V | drain_rate=0.041 %/s | home_distance=3.9 m | return_time=8 s | return_cost=0.3 % | margin_after_return=48.2 %
[INFO] [1790300946.776835562] [sage_energy_monitor]: ENERGY | remaining=68.5 % | voltage=15.63 V | drain_rate=0.041 %/s | home_distance=4.3 m | return_time=8 s | return_cost=0.3 % | margin_after_return=48.1 %
[INFO] [1790300947.783892996] [sage_energy_monitor]: ENERGY | remaining=68.4 % | voltage=15.63 V | drain_rate=0.041 %/s | home_distance=5.5 m | return_time=9 s | return_cost=0.4 % | margin_after_return=48.0 %
[INFO] [1790300948.776990168] [sage_energy_monitor]: ENERGY | remaining=68.4 % | voltage=15.63 V | drain_rate=0.041 %/s | home_distance=7.2 m | return_time=11 s | return_cost=0.5 % | margin_after_return=47.9 %
[INFO] [1790300949.776887119] [sage_energy_monitor]: ENERGY | remaining=68.4 % | voltage=15.63 V | drain_rate=0.041 %/s | home_distance=9.1 m | return_time=13 s | return_cost=0.5 % | margin_after_return=47.8 %
[INFO] [1790300950.776954747] [sage_energy_monitor]: ENERGY | remaining=68.3 % | voltage=15.63 V | drain_rate=0.041 %/s | home_distance=11.2 m | return_time=15 s | return_cost=0.6 % | margin_after_return=47.7 %
[INFO] [1790300951.777462111] [sage_energy_monitor]: ENERGY | remaining=68.3 % | voltage=15.63 V | drain_rate=0.041 %/s | home_distance=12.6 m | return_time=17 s | return_cost=0.7 % | margin_after_return=47.6 %
[INFO] [1790300952.778421690] [sage_energy_monitor]: ENERGY | remaining=68.2 % | voltage=15.63 V | drain_rate=0.041 %/s | home_distance=13.1 m | return_time=17 s | return_cost=0.7 % | margin_after_return=47.5 %
[INFO] [1790300953.782253808] [sage_energy_monitor]: ENERGY | remaining=68.2 % | voltage=15.63 V | drain_rate=0.041 %/s | home_distance=13.6 m | return_time=17 s | return_cost=0.7 % | margin_after_return=47.5 %
[INFO] [1790300954.776217993] [sage_energy_monitor]: ENERGY | remaining=68.2 % | voltage=15.63 V | drain_rate=0.041 %/s | home_distance=14.5 m | return_time=19 s | return_cost=0.8 % | margin_after_return=47.4 %
[INFO] [1790300955.784137587] [sage_energy_monitor]: ENERGY | remaining=68.1 % | voltage=15.63 V | drain_rate=0.041 %/s | home_distance=15.0 m | return_time=19 s | return_cost=0.8 % | margin_after_return=47.3 %
[INFO] [1790300956.778644752] [sage_energy_monitor]: ENERGY | remaining=68.1 % | voltage=15.62 V | drain_rate=0.040 %/s | home_distance=15.1 m | return_time=19 s | return_cost=0.8 % | margin_after_return=47.3 %
[INFO] [1790300957.777348239] [sage_energy_monitor]: ENERGY | remaining=68.0 % | voltage=15.62 V | drain_rate=0.040 %/s | home_distance=15.0 m | return_time=19 s | return_cost=0.8 % | margin_after_return=47.3 %
[INFO] [1790300958.777270245] [sage_energy_monitor]: ENERGY | remaining=68.0 % | voltage=15.62 V | drain_rate=0.040 %/s | home_distance=13.9 m | return_time=18 s | return_cost=0.7 % | margin_after_return=47.3 %
[INFO] [1790300959.778718328] [sage_energy_monitor]: ENERGY | remaining=68.0 % | voltage=15.62 V | drain_rate=0.040 %/s | home_distance=12.5 m | return_time=17 s | return_cost=0.7 % | margin_after_return=47.3 %
[INFO] [1790300960.779026811] [sage_energy_monitor]: ENERGY | remaining=67.9 % | voltage=15.62 V | drain_rate=0.041 %/s | home_distance=10.8 m | return_time=15 s | return_cost=0.6 % | margin_after_return=47.3 %
[INFO] [1790300961.776992510] [sage_energy_monitor]: ENERGY | remaining=67.9 % | voltage=15.62 V | drain_rate=0.041 %/s | home_distance=9.1 m | return_time=13 s | return_cost=0.5 % | margin_after_return=47.3 %
[INFO] [1790300962.784293389] [sage_energy_monitor]: ENERGY | remaining=67.8 % | voltage=15.62 V | drain_rate=0.040 %/s | home_distance=8.2 m | return_time=12 s | return_cost=0.5 % | margin_after_return=47.3 %
[INFO] [1790300963.777712794] [sage_energy_monitor]: ENERGY | remaining=67.8 % | voltage=15.62 V | drain_rate=0.041 %/s | home_distance=8.0 m | return_time=12 s | return_cost=0.5 % | margin_after_return=47.3 %
[INFO] [1790300964.783416874] [sage_energy_monitor]: ENERGY | remaining=67.7 % | voltage=15.62 V | drain_rate=0.041 %/s | home_distance=8.0 m | return_time=12 s | return_cost=0.5 % | margin_after_return=47.3 %
[INFO] [1790300965.783646826] [sage_energy_monitor]: ENERGY | remaining=67.7 % | voltage=15.62 V | drain_rate=0.041 %/s | home_distance=7.5 m | return_time=11 s | return_cost=0.5 % | margin_after_return=47.2 %
[INFO] [1790300966.777386985] [sage_energy_monitor]: ENERGY | remaining=67.7 % | voltage=15.62 V | drain_rate=0.041 %/s | home_distance=6.0 m | return_time=10 s | return_cost=0.4 % | margin_after_return=47.3 %
[INFO] [1790300967.777672522] [sage_energy_monitor]: ENERGY | remaining=67.6 % | voltage=15.62 V | drain_rate=0.041 %/s | home_distance=4.5 m | return_time=9 s | return_cost=0.4 % | margin_after_return=47.3 %
[INFO] [1790300968.779975516] [sage_energy_monitor]: ENERGY | remaining=67.6 % | voltage=15.62 V | drain_rate=0.041 %/s | home_distance=3.9 m | return_time=8 s | return_cost=0.3 % | margin_after_return=47.3 %
[INFO] [1790300969.777375865] [sage_energy_monitor]: ENERGY | remaining=67.5 % | voltage=15.61 V | drain_rate=0.041 %/s | home_distance=3.9 m | return_time=8 s | return_cost=0.3 % | margin_after_return=47.2 %
[INFO] [1790300970.779010105] [sage_energy_monitor]: ENERGY | remaining=67.5 % | voltage=15.61 V | drain_rate=0.041 %/s | home_distance=3.4 m | return_time=7 s | return_cost=0.3 % | margin_after_return=47.2 %
[INFO] [1790300971.777870877] [sage_energy_monitor]: ENERGY | remaining=67.5 % | voltage=15.61 V | drain_rate=0.040 %/s | home_distance=3.2 m | return_time=7 s | return_cost=0.3 % | margin_after_return=47.2 %
[INFO] [1790300972.777926952] [sage_energy_monitor]: ENERGY | remaining=67.4 % | voltage=15.61 V | drain_rate=0.040 %/s | home_distance=4.2 m | return_time=8 s | return_cost=0.3 % | margin_after_return=47.1 %
[INFO] [1790300973.786341247] [sage_energy_monitor]: ENERGY | remaining=67.4 % | voltage=15.61 V | drain_rate=0.040 %/s | home_distance=5.4 m | return_time=10 s | return_cost=0.4 % | margin_after_return=47.0 %
[INFO] [1790300974.781320475] [sage_energy_monitor]: ENERGY | remaining=67.4 % | voltage=15.61 V | drain_rate=0.040 %/s | home_distance=7.3 m | return_time=11 s | return_cost=0.5 % | margin_after_return=46.9 %
[INFO] [1790300975.778218863] [sage_energy_monitor]: ENERGY | remaining=67.3 % | voltage=15.61 V | drain_rate=0.040 %/s | home_distance=9.3 m | return_time=13 s | return_cost=0.5 % | margin_after_return=46.8 %
[INFO] [1790300976.777283354] [sage_energy_monitor]: ENERGY | remaining=67.3 % | voltage=15.61 V | drain_rate=0.040 %/s | home_distance=11.1 m | return_time=15 s | return_cost=0.6 % | margin_after_return=46.7 %
[INFO] [1790300977.779818518] [sage_energy_monitor]: ENERGY | remaining=67.2 % | voltage=15.61 V | drain_rate=0.040 %/s | home_distance=11.9 m | return_time=16 s | return_cost=0.6 % | margin_after_return=46.6 %
[INFO] [1790300978.777388003] [sage_energy_monitor]: ENERGY | remaining=67.2 % | voltage=15.61 V | drain_rate=0.040 %/s | home_distance=11.2 m | return_time=15 s | return_cost=0.6 % | margin_after_return=46.6 %
[INFO] [1790300979.777934476] [sage_energy_monitor]: ENERGY | remaining=67.2 % | voltage=15.61 V | drain_rate=0.040 %/s | home_distance=8.8 m | return_time=13 s | return_cost=0.5 % | margin_after_return=46.6 %
[INFO] [1790300980.779055633] [sage_energy_monitor]: ENERGY | remaining=67.1 % | voltage=15.61 V | drain_rate=0.040 %/s | home_distance=7.0 m | return_time=11 s | return_cost=0.4 % | margin_after_return=46.7 %
[INFO] [1790300981.778908973] [sage_energy_monitor]: ENERGY | remaining=67.1 % | voltage=15.61 V | drain_rate=0.040 %/s | home_distance=6.1 m | return_time=10 s | return_cost=0.4 % | margin_after_return=46.7 %
[INFO] [1790300982.778726892] [sage_energy_monitor]: ENERGY | remaining=67.0 % | voltage=15.61 V | drain_rate=0.040 %/s | home_distance=6.0 m | return_time=9 s | return_cost=0.4 % | margin_after_return=46.7 %
[INFO] [1790300983.781433642] [sage_energy_monitor]: ENERGY | remaining=67.0 % | voltage=15.60 V | drain_rate=0.040 %/s | home_distance=5.0 m | return_time=8 s | return_cost=0.3 % | margin_after_return=46.7 %
[INFO] [1790300984.779168667] [sage_energy_monitor]: ENERGY | remaining=67.0 % | voltage=15.60 V | drain_rate=0.040 %/s | home_distance=3.5 m | return_time=7 s | return_cost=0.3 % | margin_after_return=46.7 %
[INFO] [1790300985.776082684] [sage_energy_monitor]: ENERGY | remaining=66.9 % | voltage=15.60 V | drain_rate=0.040 %/s | home_distance=3.0 m | return_time=7 s | return_cost=0.3 % | margin_after_return=46.6 %
[INFO] [1790300986.784256458] [sage_energy_monitor]: ENERGY | remaining=66.9 % | voltage=15.60 V | drain_rate=0.040 %/s | home_distance=3.4 m | return_time=7 s | return_cost=0.3 % | margin_after_return=46.6 %
[INFO] [1790300987.783958621] [sage_energy_monitor]: ENERGY | remaining=66.8 % | voltage=15.60 V | drain_rate=0.040 %/s | home_distance=3.5 m | return_time=7 s | return_cost=0.3 % | margin_after_return=46.5 %
[INFO] [1790300988.779941743] [sage_energy_monitor]: ENERGY | remaining=66.8 % | voltage=15.60 V | drain_rate=0.040 %/s | home_distance=2.5 m | return_time=6 s | return_cost=0.2 % | margin_after_return=46.5 %
[INFO] [1790300989.776757005] [sage_energy_monitor]: ENERGY | remaining=66.7 % | voltage=15.60 V | drain_rate=0.040 %/s | home_distance=0.8 m | return_time=5 s | return_cost=0.2 % | margin_after_return=46.6 %
[INFO] [1790300990.778787878] [sage_energy_monitor]: ENERGY | remaining=66.7 % | voltage=15.60 V | drain_rate=0.040 %/s | home_distance=1.9 m | return_time=6 s | return_cost=0.2 % | margin_after_return=46.5 %
[INFO] [1790300991.777496113] [sage_energy_monitor]: ENERGY | remaining=66.7 % | voltage=15.60 V | drain_rate=0.040 %/s | home_distance=2.5 m | return_time=6 s | return_cost=0.3 % | margin_after_return=46.4 %
[INFO] [1790300992.777641640] [sage_energy_monitor]: ENERGY | remaining=66.6 % | voltage=15.60 V | drain_rate=0.040 %/s | home_distance=2.7 m | return_time=6 s | return_cost=0.3 % | margin_after_return=46.4 %
[INFO] [1790300993.776388128] [sage_energy_monitor]: ENERGY | remaining=66.6 % | voltage=15.60 V | drain_rate=0.040 %/s | home_distance=4.2 m | return_time=8 s | return_cost=0.3 % | margin_after_return=46.3 %
[INFO] [1790300994.778402534] [sage_energy_monitor]: ENERGY | remaining=66.5 % | voltage=15.60 V | drain_rate=0.040 %/s | home_distance=5.7 m | return_time=10 s | return_cost=0.4 % | margin_after_return=46.2 %
[INFO] [1790300995.777847418] [sage_energy_monitor]: ENERGY | remaining=66.5 % | voltage=15.60 V | drain_rate=0.040 %/s | home_distance=6.4 m | return_time=10 s | return_cost=0.4 % | margin_after_return=46.1 %
[INFO] [1790300996.776385306] [sage_energy_monitor]: ENERGY | remaining=66.5 % | voltage=15.60 V | drain_rate=0.040 %/s | home_distance=6.6 m | return_time=10 s | return_cost=0.4 % | margin_after_return=46.0 %
[INFO] [1790300997.788431998] [sage_energy_monitor]: ENERGY | remaining=66.4 % | voltage=15.59 V | drain_rate=0.040 %/s | home_distance=8.0 m | return_time=12 s | return_cost=0.5 % | margin_after_return=45.9 %
[INFO] [1790300998.775960777] [sage_energy_monitor]: ENERGY | remaining=66.4 % | voltage=15.59 V | drain_rate=0.040 %/s | home_distance=10.1 m | return_time=14 s | return_cost=0.6 % | margin_after_return=45.8 %
[INFO] [1790300999.776840772] [sage_energy_monitor]: ENERGY | remaining=66.3 % | voltage=15.59 V | drain_rate=0.040 %/s | home_distance=11.9 m | return_time=16 s | return_cost=0.6 % | margin_after_return=45.7 %
[INFO] [1790301000.777635655] [sage_energy_monitor]: ENERGY | remaining=66.3 % | voltage=15.59 V | drain_rate=0.040 %/s | home_distance=13.3 m | return_time=17 s | return_cost=0.7 % | margin_after_return=45.6 %
[INFO] [1790301001.778591784] [sage_energy_monitor]: ENERGY | remaining=66.3 % | voltage=15.59 V | drain_rate=0.040 %/s | home_distance=13.7 m | return_time=18 s | return_cost=0.7 % | margin_after_return=45.6 %
[INFO] [1790301002.781721704] [sage_energy_monitor]: ENERGY | remaining=66.2 % | voltage=15.59 V | drain_rate=0.040 %/s | home_distance=13.1 m | return_time=17 s | return_cost=0.7 % | margin_after_return=45.5 %
[INFO] [1790301003.776088247] [sage_energy_monitor]: ENERGY | remaining=66.2 % | voltage=15.59 V | drain_rate=0.041 %/s | home_distance=11.7 m | return_time=15 s | return_cost=0.6 % | margin_after_return=45.6 %
[INFO] [1790301004.777650790] [sage_energy_monitor]: ENERGY | remaining=66.1 % | voltage=15.59 V | drain_rate=0.041 %/s | home_distance=10.1 m | return_time=14 s | return_cost=0.6 % | margin_after_return=45.6 %
[INFO] [1790301005.776151986] [sage_energy_monitor]: ENERGY | remaining=66.1 % | voltage=15.59 V | drain_rate=0.041 %/s | home_distance=9.4 m | return_time=13 s | return_cost=0.5 % | margin_after_return=45.6 %
[INFO] [1790301006.779964791] [sage_energy_monitor]: ENERGY | remaining=66.1 % | voltage=15.59 V | drain_rate=0.041 %/s | home_distance=9.4 m | return_time=13 s | return_cost=0.5 % | margin_after_return=45.5 %
[INFO] [1790301007.786121776] [sage_energy_monitor]: ENERGY | remaining=66.0 % | voltage=15.59 V | drain_rate=0.041 %/s | home_distance=9.9 m | return_time=14 s | return_cost=0.6 % | margin_after_return=45.4 %
[INFO] [1790301008.783114306] [sage_energy_monitor]: ENERGY | remaining=66.0 % | voltage=15.59 V | drain_rate=0.041 %/s | home_distance=10.5 m | return_time=15 s | return_cost=0.6 % | margin_after_return=45.4 %
[INFO] [1790301009.776369572] [sage_energy_monitor]: ENERGY | remaining=65.9 % | voltage=15.59 V | drain_rate=0.041 %/s | home_distance=9.5 m | return_time=14 s | return_cost=0.6 % | margin_after_return=45.4 %
[INFO] [1790301010.780022406] [sage_energy_monitor]: ENERGY | remaining=65.9 % | voltage=15.59 V | drain_rate=0.041 %/s | home_distance=8.4 m | return_time=12 s | return_cost=0.5 % | margin_after_return=45.4 %
[INFO] [1790301011.778425480] [sage_energy_monitor]: ENERGY | remaining=65.9 % | voltage=15.58 V | drain_rate=0.041 %/s | home_distance=8.7 m | return_time=13 s | return_cost=0.5 % | margin_after_return=45.3 %
[INFO] [1790301012.780830616] [sage_energy_monitor]: ENERGY | remaining=65.8 % | voltage=15.58 V | drain_rate=0.041 %/s | home_distance=9.5 m | return_time=14 s | return_cost=0.6 % | margin_after_return=45.3 %
[INFO] [1790301013.782017858] [sage_energy_monitor]: ENERGY | remaining=65.8 % | voltage=15.58 V | drain_rate=0.041 %/s | home_distance=10.4 m | return_time=14 s | return_cost=0.6 % | margin_after_return=45.2 %
[INFO] [1790301014.777993481] [sage_energy_monitor]: ENERGY | remaining=65.7 % | voltage=15.58 V | drain_rate=0.041 %/s | home_distance=10.7 m | return_time=15 s | return_cost=0.6 % | margin_after_return=45.1 %
[INFO] [1790301015.781509559] [sage_energy_monitor]: ENERGY | remaining=65.7 % | voltage=15.58 V | drain_rate=0.041 %/s | home_distance=10.8 m | return_time=15 s | return_cost=0.6 % | margin_after_return=45.1 %
[INFO] [1790301016.777246215] [sage_energy_monitor]: ENERGY | remaining=65.6 % | voltage=15.58 V | drain_rate=0.041 %/s | home_distance=9.8 m | return_time=14 s | return_cost=0.6 % | margin_after_return=45.1 %
[INFO] [1790301017.780634869] [sage_energy_monitor]: ENERGY | remaining=65.6 % | voltage=15.58 V | drain_rate=0.041 %/s | home_distance=7.7 m | return_time=12 s | return_cost=0.5 % | margin_after_return=45.1 %
[INFO] [1790301018.779260651] [sage_energy_monitor]: ENERGY | remaining=65.6 % | voltage=15.58 V | drain_rate=0.041 %/s | home_distance=5.6 m | return_time=10 s | return_cost=0.4 % | margin_after_return=45.2 %
[INFO] [1790301019.781800370] [sage_energy_monitor]: ENERGY | remaining=65.5 % | voltage=15.58 V | drain_rate=0.041 %/s | home_distance=3.8 m | return_time=8 s | return_cost=0.3 % | margin_after_return=45.2 %
[INFO] [1790301020.777933442] [sage_energy_monitor]: ENERGY | remaining=65.5 % | voltage=15.58 V | drain_rate=0.041 %/s | home_distance=2.6 m | return_time=7 s | return_cost=0.3 % | margin_after_return=45.2 %
[INFO] [1790301021.782075726] [sage_energy_monitor]: ENERGY | remaining=65.4 % | voltage=15.58 V | drain_rate=0.041 %/s | home_distance=2.9 m | return_time=7 s | return_cost=0.3 % | margin_after_return=45.2 %
[INFO] [1790301022.782158677] [sage_energy_monitor]: ENERGY | remaining=65.4 % | voltage=15.58 V | drain_rate=0.041 %/s | home_distance=3.6 m | return_time=8 s | return_cost=0.3 % | margin_after_return=45.1 %
[INFO] [1790301023.775929371] [sage_energy_monitor]: ENERGY | remaining=65.4 % | voltage=15.58 V | drain_rate=0.041 %/s | home_distance=3.8 m | return_time=8 s | return_cost=0.3 % | margin_after_return=45.0 %
[INFO] [1790301024.777259556] [sage_energy_monitor]: ENERGY | remaining=65.3 % | voltage=15.57 V | drain_rate=0.041 %/s | home_distance=3.7 m | return_time=8 s | return_cost=0.3 % | margin_after_return=45.0 %
[INFO] [1790301025.779641923] [sage_energy_monitor]: ENERGY | remaining=65.3 % | voltage=15.57 V | drain_rate=0.041 %/s | home_distance=3.7 m | return_time=8 s | return_cost=0.3 % | margin_after_return=45.0 %
[INFO] [1790301026.778006108] [sage_energy_monitor]: ENERGY | remaining=65.2 % | voltage=15.57 V | drain_rate=0.041 %/s | home_distance=3.8 m | return_time=8 s | return_cost=0.3 % | margin_after_return=44.9 %
[INFO] [1790301027.776981135] [sage_energy_monitor]: ENERGY | remaining=65.2 % | voltage=15.57 V | drain_rate=0.041 %/s | home_distance=3.9 m | return_time=8 s | return_cost=0.3 % | margin_after_return=44.9 %
[INFO] [1790301028.776809039] [sage_energy_monitor]: ENERGY | remaining=65.2 % | voltage=15.57 V | drain_rate=0.041 %/s | home_distance=3.9 m | return_time=8 s | return_cost=0.3 % | margin_after_return=44.8 %
[INFO] [1790301029.777219723] [sage_energy_monitor]: ENERGY | remaining=65.1 % | voltage=15.57 V | drain_rate=0.041 %/s | home_distance=4.0 m | return_time=8 s | return_cost=0.3 % | margin_after_return=44.8 %
[INFO] [1790301030.779318556] [sage_energy_monitor]: ENERGY | remaining=65.1 % | voltage=15.57 V | drain_rate=0.041 %/s | home_distance=4.0 m | return_time=8 s | return_cost=0.3 % | margin_after_return=44.8 %
[INFO] [1790301031.777721710] [sage_energy_monitor]: ENERGY | remaining=65.0 % | voltage=15.57 V | drain_rate=0.041 %/s | home_distance=4.1 m | return_time=8 s | return_cost=0.3 % | margin_after_return=44.7 %
[INFO] [1790301032.778061792] [sage_energy_monitor]: ENERGY | remaining=65.0 % | voltage=15.57 V | drain_rate=0.041 %/s | home_distance=5.4 m | return_time=9 s | return_cost=0.4 % | margin_after_return=44.6 %
[INFO] [1790301033.775895557] [sage_energy_monitor]: ENERGY | remaining=65.0 % | voltage=15.57 V | drain_rate=0.041 %/s | home_distance=7.4 m | return_time=11 s | return_cost=0.5 % | margin_after_return=44.5 %
[INFO] [1790301034.776315848] [sage_energy_monitor]: ENERGY | remaining=64.9 % | voltage=15.57 V | drain_rate=0.041 %/s | home_distance=8.9 m | return_time=13 s | return_cost=0.5 % | margin_after_return=44.4 %
[INFO] [1790301035.777791614] [sage_energy_monitor]: ENERGY | remaining=64.9 % | voltage=15.57 V | drain_rate=0.041 %/s | home_distance=9.4 m | return_time=13 s | return_cost=0.6 % | margin_after_return=44.3 %
[INFO] [1790301036.777213377] [sage_energy_monitor]: ENERGY | remaining=64.8 % | voltage=15.57 V | drain_rate=0.041 %/s | home_distance=9.5 m | return_time=14 s | return_cost=0.6 % | margin_after_return=44.3 %
[INFO] [1790301037.776902615] [sage_energy_monitor]: ENERGY | remaining=64.8 % | voltage=15.57 V | drain_rate=0.041 %/s | home_distance=9.4 m | return_time=14 s | return_cost=0.6 % | margin_after_return=44.2 %
[INFO] [1790301038.779314242] [sage_energy_monitor]: ENERGY | remaining=64.7 % | voltage=15.56 V | drain_rate=0.041 %/s | home_distance=9.4 m | return_time=14 s | return_cost=0.6 % | margin_after_return=44.2 %
[INFO] [1790301039.780193137] [sage_energy_monitor]: ENERGY | remaining=64.7 % | voltage=15.56 V | drain_rate=0.041 %/s | home_distance=9.4 m | return_time=13 s | return_cost=0.6 % | margin_after_return=44.2 %
[INFO] [1790301040.778546247] [sage_energy_monitor]: ENERGY | remaining=64.7 % | voltage=15.56 V | drain_rate=0.041 %/s | home_distance=9.4 m | return_time=13 s | return_cost=0.5 % | margin_after_return=44.1 %
[INFO] [1790301041.776669333] [sage_energy_monitor]: ENERGY | remaining=64.6 % | voltage=15.56 V | drain_rate=0.041 %/s | home_distance=9.4 m | return_time=13 s | return_cost=0.5 % | margin_after_return=44.1 %
[INFO] [1790301042.779791951] [sage_energy_monitor]: ENERGY | remaining=64.6 % | voltage=15.56 V | drain_rate=0.041 %/s | home_distance=9.3 m | return_time=13 s | return_cost=0.5 % | margin_after_return=44.0 %
[INFO] [1790301043.777951866] [sage_energy_monitor]: ENERGY | remaining=64.5 % | voltage=15.56 V | drain_rate=0.041 %/s | home_distance=9.3 m | return_time=13 s | return_cost=0.5 % | margin_after_return=44.0 %
[INFO] [1790301044.779225496] [sage_energy_monitor]: ENERGY | remaining=64.5 % | voltage=15.56 V | drain_rate=0.041 %/s | home_distance=10.0 m | return_time=14 s | return_cost=0.6 % | margin_after_return=43.9 %
[INFO] [1790301045.780666119] [sage_energy_monitor]: ENERGY | remaining=64.5 % | voltage=15.56 V | drain_rate=0.041 %/s | home_distance=11.2 m | return_time=15 s | return_cost=0.6 % | margin_after_return=43.8 %
[INFO] [1790301046.777836174] [sage_energy_monitor]: ENERGY | remaining=64.4 % | voltage=15.56 V | drain_rate=0.041 %/s | home_distance=12.4 m | return_time=16 s | return_cost=0.7 % | margin_after_return=43.7 %
[INFO] [1790301047.781161937] [sage_energy_monitor]: ENERGY | remaining=64.4 % | voltage=15.56 V | drain_rate=0.041 %/s | home_distance=13.5 m | return_time=18 s | return_cost=0.7 % | margin_after_return=43.7 %
[INFO] [1790301048.779105274] [sage_energy_monitor]: ENERGY | remaining=64.3 % | voltage=15.56 V | drain_rate=0.041 %/s | home_distance=13.7 m | return_time=18 s | return_cost=0.7 % | margin_after_return=43.6 %
[INFO] [1790301049.777963271] [sage_energy_monitor]: ENERGY | remaining=64.3 % | voltage=15.56 V | drain_rate=0.041 %/s | home_distance=13.4 m | return_time=17 s | return_cost=0.7 % | margin_after_return=43.6 %
[INFO] [1790301050.776872959] [sage_energy_monitor]: ENERGY | remaining=64.3 % | voltage=15.56 V | drain_rate=0.041 %/s | home_distance=13.2 m | return_time=17 s | return_cost=0.7 % | margin_after_return=43.5 %
[INFO] [1790301051.779183203] [sage_energy_monitor]: ENERGY | remaining=64.2 % | voltage=15.55 V | drain_rate=0.041 %/s | home_distance=13.1 m | return_time=17 s | return_cost=0.7 % | margin_after_return=43.5 %
[INFO] [1790301052.784241705] [sage_energy_monitor]: ENERGY | remaining=64.2 % | voltage=15.55 V | drain_rate=0.041 %/s | home_distance=13.1 m | return_time=17 s | return_cost=0.7 % | margin_after_return=43.5 %
[INFO] [1790301053.778956594] [sage_energy_monitor]: ENERGY | remaining=64.1 % | voltage=15.55 V | drain_rate=0.041 %/s | home_distance=13.1 m | return_time=17 s | return_cost=0.7 % | margin_after_return=43.4 %
[INFO] [1790301054.776804524] [sage_energy_monitor]: ENERGY | remaining=64.1 % | voltage=15.55 V | drain_rate=0.041 %/s | home_distance=13.1 m | return_time=17 s | return_cost=0.7 % | margin_after_return=43.4 %
[INFO] [1790301055.785055894] [sage_energy_monitor]: ENERGY | remaining=64.0 % | voltage=15.55 V | drain_rate=0.041 %/s | home_distance=13.1 m | return_time=17 s | return_cost=0.7 % | margin_after_return=43.3 %
[INFO] [1790301056.779835880] [sage_energy_monitor]: ENERGY | remaining=64.0 % | voltage=15.55 V | drain_rate=0.041 %/s | home_distance=13.1 m | return_time=17 s | return_cost=0.7 % | margin_after_return=43.3 %
[INFO] [1790301057.779728320] [sage_energy_monitor]: ENERGY | remaining=64.0 % | voltage=15.55 V | drain_rate=0.041 %/s | home_distance=13.1 m | return_time=17 s | return_cost=0.7 % | margin_after_return=43.3 %
[INFO] [1790301058.780011761] [sage_energy_monitor]: ENERGY | remaining=63.9 % | voltage=15.55 V | drain_rate=0.041 %/s | home_distance=13.0 m | return_time=17 s | return_cost=0.7 % | margin_after_return=43.2 %
[INFO] [1790301059.786238977] [sage_energy_monitor]: ENERGY | remaining=63.9 % | voltage=15.55 V | drain_rate=0.041 %/s | home_distance=12.2 m | return_time=16 s | return_cost=0.7 % | margin_after_return=43.2 %
[INFO] [1790301060.781591485] [sage_energy_monitor]: ENERGY | remaining=63.8 % | voltage=15.55 V | drain_rate=0.041 %/s | home_distance=11.0 m | return_time=15 s | return_cost=0.6 % | margin_after_return=43.2 %
[INFO] [1790301061.779965395] [sage_energy_monitor]: ENERGY | remaining=63.8 % | voltage=15.55 V | drain_rate=0.041 %/s | home_distance=10.3 m | return_time=14 s | return_cost=0.6 % | margin_after_return=43.2 %
[INFO] [1790301062.777184607] [sage_energy_monitor]: ENERGY | remaining=63.8 % | voltage=15.55 V | drain_rate=0.041 %/s | home_distance=10.0 m | return_time=14 s | return_cost=0.6 % | margin_after_return=43.2 %
[INFO] [1790301063.776075644] [sage_energy_monitor]: ENERGY | remaining=63.7 % | voltage=15.55 V | drain_rate=0.041 %/s | home_distance=9.9 m | return_time=14 s | return_cost=0.6 % | margin_after_return=43.1 %
[INFO] [1790301064.776694940] [sage_energy_monitor]: ENERGY | remaining=63.7 % | voltage=15.55 V | drain_rate=0.041 %/s | home_distance=9.9 m | return_time=14 s | return_cost=0.6 % | margin_after_return=43.1 %
[INFO] [1790301065.777055187] [sage_energy_monitor]: ENERGY | remaining=63.6 % | voltage=15.54 V | drain_rate=0.041 %/s | home_distance=10.0 m | return_time=14 s | return_cost=0.6 % | margin_after_return=43.1 %
[INFO] [1790301066.777889636] [sage_energy_monitor]: ENERGY | remaining=63.6 % | voltage=15.54 V | drain_rate=0.041 %/s | home_distance=10.0 m | return_time=14 s | return_cost=0.6 % | margin_after_return=43.0 %
[INFO] [1790301067.776810084] [sage_energy_monitor]: ENERGY | remaining=63.5 % | voltage=15.54 V | drain_rate=0.041 %/s | home_distance=10.0 m | return_time=14 s | return_cost=0.6 % | margin_after_return=43.0 %
[INFO] [1790301068.778397374] [sage_energy_monitor]: ENERGY | remaining=63.5 % | voltage=15.54 V | drain_rate=0.041 %/s | home_distance=10.0 m | return_time=14 s | return_cost=0.6 % | margin_after_return=42.9 %
[INFO] [1790301069.778830578] [sage_energy_monitor]: ENERGY | remaining=63.5 % | voltage=15.54 V | drain_rate=0.041 %/s | home_distance=10.0 m | return_time=14 s | return_cost=0.6 % | margin_after_return=42.9 %
[INFO] [1790301070.780941988] [sage_energy_monitor]: ENERGY | remaining=63.4 % | voltage=15.54 V | drain_rate=0.041 %/s | home_distance=10.0 m | return_time=14 s | return_cost=0.6 % | margin_after_return=42.8 %
[INFO] [1790301071.781766114] [sage_energy_monitor]: ENERGY | remaining=63.4 % | voltage=15.54 V | drain_rate=0.042 %/s | home_distance=10.0 m | return_time=14 s | return_cost=0.6 % | margin_after_return=42.8 %
[INFO] [1790301072.776517765] [sage_energy_monitor]: ENERGY | remaining=63.3 % | voltage=15.54 V | drain_rate=0.042 %/s | home_distance=10.0 m | return_time=14 s | return_cost=0.6 % | margin_after_return=42.8 %
[INFO] [1790301073.783261247] [sage_energy_monitor]: ENERGY | remaining=63.3 % | voltage=15.54 V | drain_rate=0.042 %/s | home_distance=10.3 m | return_time=14 s | return_cost=0.6 % | margin_after_return=42.7 %
[INFO] [1790301074.777748996] [sage_energy_monitor]: ENERGY | remaining=63.3 % | voltage=15.54 V | drain_rate=0.041 %/s | home_distance=10.4 m | return_time=15 s | return_cost=0.6 % | margin_after_return=42.7 %
[INFO] [1790301075.779290944] [sage_energy_monitor]: ENERGY | remaining=63.2 % | voltage=15.54 V | drain_rate=0.041 %/s | home_distance=10.4 m | return_time=14 s | return_cost=0.6 % | margin_after_return=42.6 %
[INFO] [1790301076.782959522] [sage_energy_monitor]: ENERGY | remaining=63.2 % | voltage=15.54 V | drain_rate=0.041 %/s | home_distance=10.3 m | return_time=14 s | return_cost=0.6 % | margin_after_return=42.6 %
[INFO] [1790301077.780565853] [sage_energy_monitor]: ENERGY | remaining=63.1 % | voltage=15.54 V | drain_rate=0.041 %/s | home_distance=10.3 m | return_time=14 s | return_cost=0.6 % | margin_after_return=42.5 %
[INFO] [1790301078.776377518] [sage_energy_monitor]: ENERGY | remaining=63.1 % | voltage=15.53 V | drain_rate=0.042 %/s | home_distance=10.3 m | return_time=14 s | return_cost=0.6 % | margin_after_return=42.5 %
[INFO] [1790301079.782566394] [sage_energy_monitor]: ENERGY | remaining=63.1 % | voltage=15.53 V | drain_rate=0.041 %/s | home_distance=10.3 m | return_time=14 s | return_cost=0.6 % | margin_after_return=42.5 %
[INFO] [1790301080.777364252] [sage_energy_monitor]: ENERGY | remaining=63.0 % | voltage=15.53 V | drain_rate=0.041 %/s | home_distance=10.4 m | return_time=14 s | return_cost=0.6 % | margin_after_return=42.4 %
[INFO] [1790301081.778562934] [sage_energy_monitor]: ENERGY | remaining=63.0 % | voltage=15.53 V | drain_rate=0.041 %/s | home_distance=10.3 m | return_time=14 s | return_cost=0.6 % | margin_after_return=42.4 %
[INFO] [1790301082.778334279] [sage_energy_monitor]: ENERGY | remaining=62.9 % | voltage=15.53 V | drain_rate=0.041 %/s | home_distance=9.4 m | return_time=13 s | return_cost=0.5 % | margin_after_return=42.4 %
[INFO] [1790301083.777381815] [sage_energy_monitor]: ENERGY | remaining=62.9 % | voltage=15.53 V | drain_rate=0.041 %/s | home_distance=7.5 m | return_time=12 s | return_cost=0.5 % | margin_after_return=42.4 %
[INFO] [1790301084.777469744] [sage_energy_monitor]: ENERGY | remaining=62.8 % | voltage=15.53 V | drain_rate=0.041 %/s | home_distance=5.5 m | return_time=10 s | return_cost=0.4 % | margin_after_return=42.4 %
[INFO] [1790301085.779302696] [sage_energy_monitor]: ENERGY | remaining=62.8 % | voltage=15.53 V | drain_rate=0.041 %/s | home_distance=3.7 m | return_time=8 s | return_cost=0.3 % | margin_after_return=42.5 %
[INFO] [1790301086.785769939] [sage_energy_monitor]: ENERGY | remaining=62.8 % | voltage=15.53 V | drain_rate=0.041 %/s | home_distance=3.7 m | return_time=8 s | return_cost=0.3 % | margin_after_return=42.4 %
[INFO] [1790301087.778237479] [sage_energy_monitor]: ENERGY | remaining=62.7 % | voltage=15.53 V | drain_rate=0.041 %/s | home_distance=5.2 m | return_time=9 s | return_cost=0.4 % | margin_after_return=42.3 %
[INFO] [1790301088.780257427] [sage_energy_monitor]: ENERGY | remaining=62.7 % | voltage=15.53 V | drain_rate=0.041 %/s | home_distance=6.3 m | return_time=10 s | return_cost=0.4 % | margin_after_return=42.3 %
[INFO] [1790301089.778926802] [sage_energy_monitor]: ENERGY | remaining=62.6 % | voltage=15.53 V | drain_rate=0.041 %/s | home_distance=6.4 m | return_time=10 s | return_cost=0.4 % | margin_after_return=42.2 %
[INFO] [1790301090.777159657] [sage_energy_monitor]: ENERGY | remaining=62.6 % | voltage=15.53 V | drain_rate=0.041 %/s | home_distance=5.1 m | return_time=9 s | return_cost=0.4 % | margin_after_return=42.2 %
[INFO] [1790301091.775933798] [sage_energy_monitor]: ENERGY | remaining=62.6 % | voltage=15.53 V | drain_rate=0.041 %/s | home_distance=4.2 m | return_time=8 s | return_cost=0.3 % | margin_after_return=42.2 %
[INFO] [1790301092.778311171] [sage_energy_monitor]: ENERGY | remaining=62.5 % | voltage=15.52 V | drain_rate=0.041 %/s | home_distance=4.1 m | return_time=8 s | return_cost=0.3 % | margin_after_return=42.2 %
[INFO] [1790301093.782908166] [sage_energy_monitor]: ENERGY | remaining=62.5 % | voltage=15.52 V | drain_rate=0.041 %/s | home_distance=4.9 m | return_time=9 s | return_cost=0.4 % | margin_after_return=42.1 %
[INFO] [1790301094.777183392] [sage_energy_monitor]: ENERGY | remaining=62.4 % | voltage=15.52 V | drain_rate=0.041 %/s | home_distance=6.7 m | return_time=11 s | return_cost=0.4 % | margin_after_return=42.0 %
[INFO] [1790301095.780294346] [sage_energy_monitor]: ENERGY | remaining=62.4 % | voltage=15.52 V | drain_rate=0.041 %/s | home_distance=7.6 m | return_time=12 s | return_cost=0.5 % | margin_after_return=41.9 %
[INFO] [1790301096.787611179] [sage_energy_monitor]: ENERGY | remaining=62.4 % | voltage=15.52 V | drain_rate=0.041 %/s | home_distance=7.9 m | return_time=12 s | return_cost=0.5 % | margin_after_return=41.9 %
[INFO] [1790301097.779520308] [sage_energy_monitor]: ENERGY | remaining=62.3 % | voltage=15.52 V | drain_rate=0.041 %/s | home_distance=8.0 m | return_time=12 s | return_cost=0.5 % | margin_after_return=41.8 %
[INFO] [1790301098.778172097] [sage_energy_monitor]: ENERGY | remaining=62.3 % | voltage=15.52 V | drain_rate=0.041 %/s | home_distance=8.5 m | return_time=13 s | return_cost=0.5 % | margin_after_return=41.8 %
[INFO] [1790301099.783694911] [sage_energy_monitor]: ENERGY | remaining=62.2 % | voltage=15.52 V | drain_rate=0.041 %/s | home_distance=8.8 m | return_time=13 s | return_cost=0.5 % | margin_after_return=41.7 %
[INFO] [1790301100.777262479] [sage_energy_monitor]: ENERGY | remaining=62.2 % | voltage=15.52 V | drain_rate=0.041 %/s | home_distance=8.0 m | return_time=12 s | return_cost=0.5 % | margin_after_return=41.7 %
[INFO] [1790301101.784462362] [sage_energy_monitor]: ENERGY | remaining=62.2 % | voltage=15.52 V | drain_rate=0.041 %/s | home_distance=6.6 m | return_time=11 s | return_cost=0.4 % | margin_after_return=41.7 %
[INFO] [1790301102.779265922] [sage_energy_monitor]: ENERGY | remaining=62.1 % | voltage=15.52 V | drain_rate=0.041 %/s | home_distance=5.9 m | return_time=10 s | return_cost=0.4 % | margin_after_return=41.7 %
[INFO] [1790301103.776466002] [sage_energy_monitor]: ENERGY | remaining=62.1 % | voltage=15.52 V | drain_rate=0.041 %/s | home_distance=5.8 m | return_time=10 s | return_cost=0.4 % | margin_after_return=41.7 %
[INFO] [1790301104.783670237] [sage_energy_monitor]: ENERGY | remaining=62.0 % | voltage=15.52 V | drain_rate=0.041 %/s | home_distance=5.4 m | return_time=9 s | return_cost=0.4 % | margin_after_return=41.7 %
[INFO] [1790301105.776162372] [sage_energy_monitor]: ENERGY | remaining=62.0 % | voltage=15.51 V | drain_rate=0.041 %/s | home_distance=4.7 m | return_time=9 s | return_cost=0.4 % | margin_after_return=41.6 %
[INFO] [1790301106.780193501] [sage_energy_monitor]: ENERGY | remaining=61.9 % | voltage=15.51 V | drain_rate=0.041 %/s | home_distance=4.3 m | return_time=8 s | return_cost=0.3 % | margin_after_return=41.6 %
[INFO] [1790301107.780502962] [sage_energy_monitor]: ENERGY | remaining=61.9 % | voltage=15.51 V | drain_rate=0.041 %/s | home_distance=2.6 m | return_time=6 s | return_cost=0.3 % | margin_after_return=41.6 %
[INFO] [1790301108.783743640] [sage_energy_monitor]: ENERGY | remaining=61.9 % | voltage=15.51 V | drain_rate=0.041 %/s | home_distance=2.1 m | return_time=6 s | return_cost=0.3 % | margin_after_return=41.6 %
[INFO] [1790301109.781258905] [sage_energy_monitor]: ENERGY | remaining=61.8 % | voltage=15.51 V | drain_rate=0.041 %/s | home_distance=2.9 m | return_time=7 s | return_cost=0.3 % | margin_after_return=41.6 %
[INFO] [1790301110.781369305] [sage_energy_monitor]: ENERGY | remaining=61.8 % | voltage=15.51 V | drain_rate=0.041 %/s | home_distance=4.8 m | return_time=9 s | return_cost=0.4 % | margin_after_return=41.4 %
[INFO] [1790301111.787518641] [sage_energy_monitor]: ENERGY | remaining=61.8 % | voltage=15.51 V | drain_rate=0.041 %/s | home_distance=6.7 m | return_time=11 s | return_cost=0.4 % | margin_after_return=41.3 %
[INFO] [1790301112.778330181] [sage_energy_monitor]: ENERGY | remaining=61.7 % | voltage=15.51 V | drain_rate=0.041 %/s | home_distance=8.5 m | return_time=13 s | return_cost=0.5 % | margin_after_return=41.2 %
[INFO] [1790301113.778808541] [sage_energy_monitor]: ENERGY | remaining=61.7 % | voltage=15.51 V | drain_rate=0.041 %/s | home_distance=9.9 m | return_time=14 s | return_cost=0.6 % | margin_after_return=41.1 %
[INFO] [1790301114.779879048] [sage_energy_monitor]: ENERGY | remaining=61.6 % | voltage=15.51 V | drain_rate=0.041 %/s | home_distance=10.7 m | return_time=15 s | return_cost=0.6 % | margin_after_return=41.0 %
[INFO] [1790301115.779263970] [sage_energy_monitor]: ENERGY | remaining=61.6 % | voltage=15.51 V | drain_rate=0.040 %/s | home_distance=10.8 m | return_time=15 s | return_cost=0.6 % | margin_after_return=41.0 %
[INFO] [1790301116.778043460] [sage_energy_monitor]: ENERGY | remaining=61.6 % | voltage=15.51 V | drain_rate=0.040 %/s | home_distance=9.8 m | return_time=14 s | return_cost=0.6 % | margin_after_return=41.0 %
[INFO] [1790301117.777023070] [sage_energy_monitor]: ENERGY | remaining=61.5 % | voltage=15.51 V | drain_rate=0.040 %/s | home_distance=11.2 m | return_time=14 s | return_cost=0.6 % | margin_after_return=40.9 %
[INFO] [1790301118.776820634] [sage_energy_monitor]: ENERGY | remaining=61.5 % | voltage=15.51 V | drain_rate=0.040 %/s | home_distance=13.1 m | return_time=13 s | return_cost=0.5 % | margin_after_return=40.9 %
[INFO] [1790301119.779444706] [sage_energy_monitor]: ENERGY | remaining=61.4 % | voltage=15.50 V | drain_rate=0.040 %/s | home_distance=13.3 m | return_time=14 s | return_cost=0.6 % | margin_after_return=40.8 %
[INFO] [1790301120.776243496] [sage_energy_monitor]: ENERGY | remaining=61.4 % | voltage=15.50 V | drain_rate=0.040 %/s | home_distance=11.4 m | return_time=14 s | return_cost=0.6 % | margin_after_return=40.8 %
[INFO] [1790301121.782907502] [sage_energy_monitor]: ENERGY | remaining=61.3 % | voltage=15.50 V | drain_rate=0.040 %/s | home_distance=9.4 m | return_time=12 s | return_cost=0.5 % | margin_after_return=40.9 %
[INFO] [1790301122.777497801] [sage_energy_monitor]: ENERGY | remaining=61.3 % | voltage=15.50 V | drain_rate=0.040 %/s | home_distance=12.1 m | return_time=13 s | return_cost=0.5 % | margin_after_return=40.8 %
[INFO] [1790301123.778292994] [sage_energy_monitor]: ENERGY | remaining=61.3 % | voltage=15.50 V | drain_rate=0.040 %/s | home_distance=13.2 m | return_time=15 s | return_cost=0.6 % | margin_after_return=40.7 %
[INFO] [1790301124.777746143] [sage_energy_monitor]: ENERGY | remaining=61.2 % | voltage=15.50 V | drain_rate=0.041 %/s | home_distance=12.9 m | return_time=13 s | return_cost=0.5 % | margin_after_return=40.7 %
[INFO] [1790301125.776767898] [sage_energy_monitor]: ENERGY | remaining=61.2 % | voltage=15.50 V | drain_rate=0.041 %/s | home_distance=11.7 m | return_time=13 s | return_cost=0.5 % | margin_after_return=40.7 %
[INFO] [1790301126.777867900] [sage_energy_monitor]: ENERGY | remaining=61.1 % | voltage=15.50 V | drain_rate=0.041 %/s | home_distance=10.0 m | return_time=17 s | return_cost=0.7 % | margin_after_return=40.4 %
[INFO] [1790301127.780628726] [sage_energy_monitor]: ENERGY | remaining=61.1 % | voltage=15.50 V | drain_rate=0.041 %/s | home_distance=10.0 m | return_time=18 s | return_cost=0.7 % | margin_after_return=40.4 %
[INFO] [1790301128.777016974] [sage_energy_monitor]: ENERGY | remaining=61.1 % | voltage=15.50 V | drain_rate=0.041 %/s | home_distance=8.2 m | return_time=14 s | return_cost=0.6 % | margin_after_return=40.5 %
[INFO] [1790301129.778949735] [sage_energy_monitor]: ENERGY | remaining=61.0 % | voltage=15.50 V | drain_rate=0.041 %/s | home_distance=9.4 m | return_time=16 s | return_cost=0.6 % | margin_after_return=40.4 %
[INFO] [1790301130.780315087] [sage_energy_monitor]: ENERGY | remaining=61.0 % | voltage=15.50 V | drain_rate=0.041 %/s | home_distance=4.9 m | return_time=8 s | return_cost=0.3 % | margin_after_return=40.7 %
[INFO] [1790301131.777625317] [sage_energy_monitor]: ENERGY | remaining=60.9 % | voltage=15.50 V | drain_rate=0.041 %/s | home_distance=3.5 m | return_time=4 s | return_cost=0.2 % | margin_after_return=40.8 %
[INFO] [1790301132.776796940] [sage_energy_monitor]: ENERGY | remaining=60.9 % | voltage=15.50 V | drain_rate=0.041 %/s | home_distance=4.3 m | return_time=6 s | return_cost=0.3 % | margin_after_return=40.6 %
[INFO] [1790301133.779288842] [sage_energy_monitor]: ENERGY | remaining=60.9 % | voltage=15.49 V | drain_rate=0.041 %/s | home_distance=6.3 m | return_time=10 s | return_cost=0.4 % | margin_after_return=40.4 %
[INFO] [1790301134.776251272] [sage_energy_monitor]: ENERGY | remaining=60.8 % | voltage=15.49 V | drain_rate=0.041 %/s | home_distance=10.2 m | return_time=15 s | return_cost=0.6 % | margin_after_return=40.2 %
[INFO] [1790301135.776617734] [sage_energy_monitor]: ENERGY | remaining=60.8 % | voltage=15.49 V | drain_rate=0.041 %/s | home_distance=17.0 m | return_time=22 s | return_cost=0.9 % | margin_after_return=39.8 %
[INFO] [1790301136.781724550] [sage_energy_monitor]: ENERGY | remaining=60.7 % | voltage=15.49 V | drain_rate=0.041 %/s | home_distance=18.9 m | return_time=24 s | return_cost=1.0 % | margin_after_return=39.7 %
[INFO] [1790301137.777783556] [sage_energy_monitor]: ENERGY | remaining=60.7 % | voltage=15.49 V | drain_rate=0.041 %/s | home_distance=18.8 m | return_time=24 s | return_cost=1.0 % | margin_after_return=39.7 %
[INFO] [1790301138.776471174] [sage_energy_monitor]: ENERGY | remaining=60.6 % | voltage=15.49 V | drain_rate=0.041 %/s | home_distance=18.2 m | return_time=24 s | return_cost=1.0 % | margin_after_return=39.7 %
[INFO] [1790301139.780335062] [sage_energy_monitor]: ENERGY | remaining=60.6 % | voltage=15.49 V | drain_rate=0.041 %/s | home_distance=17.3 m | return_time=22 s | return_cost=0.9 % | margin_after_return=39.7 %
[INFO] [1790301140.781364653] [sage_energy_monitor]: ENERGY | remaining=60.6 % | voltage=15.49 V | drain_rate=0.041 %/s | home_distance=16.0 m | return_time=21 s | return_cost=0.9 % | margin_after_return=39.7 %
[INFO] [1790301141.777708772] [sage_energy_monitor]: ENERGY | remaining=60.5 % | voltage=15.49 V | drain_rate=0.041 %/s | home_distance=14.1 m | return_time=19 s | return_cost=0.8 % | margin_after_return=39.7 %
[INFO] [1790301142.782072696] [sage_energy_monitor]: ENERGY | remaining=60.5 % | voltage=15.49 V | drain_rate=0.041 %/s | home_distance=11.8 m | return_time=16 s | return_cost=0.7 % | margin_after_return=39.8 %
[INFO] [1790301143.778816431] [sage_energy_monitor]: ENERGY | remaining=60.4 % | voltage=15.49 V | drain_rate=0.042 %/s | home_distance=9.5 m | return_time=14 s | return_cost=0.6 % | margin_after_return=39.9 %
[INFO] [1790301144.777982857] [sage_energy_monitor]: ENERGY | remaining=60.4 % | voltage=15.49 V | drain_rate=0.042 %/s | home_distance=7.4 m | return_time=11 s | return_cost=0.5 % | margin_after_return=39.9 %
[INFO] [1790301145.780961062] [sage_energy_monitor]: ENERGY | remaining=60.3 % | voltage=15.49 V | drain_rate=0.042 %/s | home_distance=6.2 m | return_time=10 s | return_cost=0.4 % | margin_after_return=39.9 %
[INFO] [1790301146.777615881] [sage_energy_monitor]: ENERGY | remaining=60.3 % | voltage=15.48 V | drain_rate=0.042 %/s | home_distance=5.9 m | return_time=10 s | return_cost=0.4 % | margin_after_return=39.9 %
[INFO] [1790301147.777168082] [sage_energy_monitor]: ENERGY | remaining=60.3 % | voltage=15.48 V | drain_rate=0.042 %/s | home_distance=6.0 m | return_time=10 s | return_cost=0.4 % | margin_after_return=39.9 %
[INFO] [1790301148.779217465] [sage_energy_monitor]: ENERGY | remaining=60.2 % | voltage=15.48 V | drain_rate=0.041 %/s | home_distance=6.1 m | return_time=10 s | return_cost=0.4 % | margin_after_return=39.8 %
[INFO] [1790301149.775981750] [sage_energy_monitor]: ENERGY | remaining=60.2 % | voltage=15.48 V | drain_rate=0.041 %/s | home_distance=6.1 m | return_time=10 s | return_cost=0.4 % | margin_after_return=39.8 %
[INFO] [1790301150.780249354] [sage_energy_monitor]: ENERGY | remaining=60.1 % | voltage=15.48 V | drain_rate=0.041 %/s | home_distance=6.1 m | return_time=10 s | return_cost=0.4 % | margin_after_return=39.7 %
[INFO] [1790301151.781446006] [sage_energy_monitor]: ENERGY | remaining=60.1 % | voltage=15.48 V | drain_rate=0.041 %/s | home_distance=6.1 m | return_time=10 s | return_cost=0.4 % | margin_after_return=39.7 %
[INFO] [1790301152.777870396] [sage_energy_monitor]: ENERGY | remaining=60.1 % | voltage=15.48 V | drain_rate=0.041 %/s | home_distance=6.2 m | return_time=10 s | return_cost=0.4 % | margin_after_return=39.6 %
[INFO] [1790301153.784757816] [sage_energy_monitor]: ENERGY | remaining=60.0 % | voltage=15.48 V | drain_rate=0.041 %/s | home_distance=6.3 m | return_time=10 s | return_cost=0.4 % | margin_after_return=39.6 %
[INFO] [1790301154.787583359] [sage_energy_monitor]: ENERGY | remaining=60.0 % | voltage=15.48 V | drain_rate=0.041 %/s | home_distance=6.3 m | return_time=10 s | return_cost=0.4 % | margin_after_return=39.6 %
[INFO] [1790301155.775938889] [sage_energy_monitor]: ENERGY | remaining=60.0 % | voltage=15.48 V | drain_rate=0.041 %/s | home_distance=6.3 m | return_time=10 s | return_cost=0.4 % | margin_after_return=39.5 %
[INFO] [1790301156.780351608] [sage_energy_monitor]: ENERGY | remaining=59.9 % | voltage=15.48 V | drain_rate=0.041 %/s | home_distance=6.4 m | return_time=10 s | return_cost=0.4 % | margin_after_return=39.5 %
[INFO] [1790301157.777428307] [sage_energy_monitor]: ENERGY | remaining=59.9 % | voltage=15.48 V | drain_rate=0.041 %/s | home_distance=6.4 m | return_time=10 s | return_cost=0.4 % | margin_after_return=39.4 %
[INFO] [1790301158.779016606] [sage_energy_monitor]: ENERGY | remaining=59.8 % | voltage=15.48 V | drain_rate=0.041 %/s | home_distance=6.2 m | return_time=10 s | return_cost=0.4 % | margin_after_return=39.4 %
[INFO] [1790301159.778253080] [sage_energy_monitor]: ENERGY | remaining=59.8 % | voltage=15.48 V | drain_rate=0.041 %/s | home_distance=5.2 m | return_time=9 s | return_cost=0.4 % | margin_after_return=39.4 %
[INFO] [1790301160.782866393] [sage_energy_monitor]: ENERGY | remaining=59.7 % | voltage=15.47 V | drain_rate=0.041 %/s | home_distance=4.2 m | return_time=8 s | return_cost=0.3 % | margin_after_return=39.4 %
[INFO] [1790301161.782065805] [sage_energy_monitor]: ENERGY | remaining=59.7 % | voltage=15.47 V | drain_rate=0.041 %/s | home_distance=3.2 m | return_time=7 s | return_cost=0.3 % | margin_after_return=39.4 %
[INFO] [1790301162.779473632] [sage_energy_monitor]: ENERGY | remaining=59.7 % | voltage=15.47 V | drain_rate=0.041 %/s | home_distance=2.2 m | return_time=6 s | return_cost=0.2 % | margin_after_return=39.4 %
[INFO] [1790301163.777555080] [sage_energy_monitor]: ENERGY | remaining=59.6 % | voltage=15.47 V | drain_rate=0.041 %/s | home_distance=1.2 m | return_time=5 s | return_cost=0.2 % | margin_after_return=39.4 %
[INFO] [1790301164.776257063] [sage_energy_monitor]: ENERGY | remaining=59.6 % | voltage=15.47 V | drain_rate=0.041 %/s | home_distance=0.4 m | return_time=4 s | return_cost=0.2 % | margin_after_return=39.4 %
[INFO] [1790301165.776108289] [sage_energy_monitor]: ENERGY | remaining=59.5 % | voltage=15.47 V | drain_rate=0.041 %/s | home_distance=0.1 m | return_time=4 s | return_cost=0.2 % | margin_after_return=39.4 %
[INFO] [1790301166.777841421] [sage_energy_monitor]: ENERGY | remaining=59.5 % | voltage=15.47 V | drain_rate=0.040 %/s | home_distance=0.3 m | return_time=3 s | return_cost=0.1 % | margin_after_return=39.4 %
[INFO] [1790301167.778788388] [sage_energy_monitor]: ENERGY | remaining=59.5 % | voltage=15.47 V | drain_rate=0.040 %/s | home_distance=0.3 m | return_time=2 s | return_cost=0.1 % | margin_after_return=39.4 %
[INFO] [1790301168.776258271] [sage_energy_monitor]: ENERGY | remaining=59.4 % | voltage=15.47 V | drain_rate=0.040 %/s | home_distance=0.4 m | return_time=1 s | return_cost=0.1 % | margin_after_return=39.4 %
[INFO] [1790301169.777229723] [sage_energy_monitor]: ENERGY | remaining=59.4 % | voltage=15.47 V | drain_rate=0.040 %/s | home_distance=0.4 m | return_time=1 s | return_cost=0.0 % | margin_after_return=39.3 %
[INFO] [1790301170.776507116] [sage_energy_monitor]: ENERGY | remaining=59.3 % | voltage=15.47 V | drain_rate=0.040 %/s | home_distance=0.4 m | return_time=1 s | return_cost=0.0 % | margin_after_return=39.3 %
[INFO] [1790301171.781524009] [sage_energy_monitor]: ENERGY | remaining=59.3 % | voltage=15.47 V | drain_rate=0.040 %/s | home_distance=0.4 m | return_time=1 s | return_cost=0.0 % | margin_after_return=39.3 %
[INFO] [1790301172.781113254] [sage_energy_monitor]: ENERGY | remaining=59.3 % | voltage=15.47 V | drain_rate=0.040 %/s | home_distance=0.4 m | return_time=1 s | return_cost=0.0 % | margin_after_return=39.2 %
[INFO] [1790301173.778925483] [sage_energy_monitor]: ENERGY | remaining=59.2 % | voltage=15.47 V | drain_rate=0.040 %/s | home_distance=0.5 m | return_time=1 s | return_cost=0.0 % | margin_after_return=39.2 %
[INFO] [1790301174.778986238] [sage_energy_monitor]: ENERGY | remaining=59.2 % | voltage=15.46 V | drain_rate=0.040 %/s | home_distance=0.5 m | return_time=1 s | return_cost=0.0 % | margin_after_return=39.2 %
[INFO] [1790301175.778504349] [sage_energy_monitor]: ENERGY | remaining=59.1 % | voltage=15.46 V | drain_rate=0.040 %/s | home_distance=0.5 m | return_time=1 s | return_cost=0.0 % | margin_after_return=39.1 %
[INFO] [1790301176.785143907] [sage_energy_monitor]: ENERGY | remaining=67.8 % | voltage=16.20 V | drain_rate=0.000 %/s | home_distance=0.5 m | return_time=1 s | return_cost=0.0 % | margin_after_return=47.8 %
[INFO] [1790301177.776958551] [sage_energy_monitor]: ENERGY | remaining=84.7 % | voltage=16.20 V | drain_rate=0.000 %/s | home_distance=0.5 m | return_time=1 s | return_cost=0.0 % | margin_after_return=64.7 %
[INFO] [1790301178.778373115] [sage_energy_monitor]: ENERGY | remaining=92.8 % | voltage=16.20 V | drain_rate=0.000 %/s | home_distance=0.5 m | return_time=1 s | return_cost=0.0 % | margin_after_return=72.8 %
[INFO] [1790301179.776605143] [sage_energy_monitor]: ENERGY | remaining=96.5 % | voltage=16.20 V | drain_rate=0.000 %/s | home_distance=0.5 m | return_time=1 s | return_cost=0.0 % | margin_after_return=76.5 %
[INFO] [1790301180.777940518] [sage_energy_monitor]: ENERGY | remaining=98.3 % | voltage=16.20 V | drain_rate=0.000 %/s | home_distance=0.5 m | return_time=1 s | return_cost=0.0 % | margin_after_return=78.3 %
[INFO] [1790301181.777630518] [sage_energy_monitor]: ENERGY | remaining=99.2 % | voltage=16.20 V | drain_rate=0.000 %/s | home_distance=0.5 m | return_time=1 s | return_cost=0.0 % | margin_after_return=79.2 %
[INFO] [1790301182.781559941] [sage_energy_monitor]: ENERGY | remaining=99.6 % | voltage=16.20 V | drain_rate=0.000 %/s | home_distance=0.5 m | return_time=1 s | return_cost=0.0 % | margin_after_return=79.6 %
[INFO] [1790301183.777881553] [sage_energy_monitor]: ENERGY | remaining=99.8 % | voltage=16.20 V | drain_rate=0.000 %/s | home_distance=0.5 m | return_time=1 s | return_cost=0.0 % | margin_after_return=79.8 %
[INFO] [1790301184.777202257] [sage_energy_monitor]: ENERGY | remaining=99.9 % | voltage=16.20 V | drain_rate=0.000 %/s | home_distance=0.5 m | return_time=1 s | return_cost=0.0 % | margin_after_return=79.9 %
