[INFO] [1790221283.293551889] [sage_mission_manager]: SAGE Mission Manager started.
[INFO] [1790221283.298356036] [sage_mission_manager]: Validation-only mode: NO PX4 flight commands.
[INFO] [1790221283.300467830] [sage_mission_manager]: Validated viewpoint output: /sage/mission/validated_viewpoint
[INFO] [1790221295.344602161] [sage_mission_manager]: VIEWPOINT ACCEPTED | position=(0.37, 0.61, -2.00) | distance_from_uav=0.70 m
[INFO] [1790221295.347428153] [sage_mission_manager]: VALIDATED VIEWPOINT PUBLISHED
[INFO] [1790221295.542480773] [sage_mission_manager]: VIEWPOINT ACCEPTED | position=(0.74, 1.20, -2.00) | distance_from_uav=1.40 m
[INFO] [1790221295.543203985] [sage_mission_manager]: VALIDATED VIEWPOINT PUBLISHED
[INFO] [1790221295.744835725] [sage_mission_manager]: VIEWPOINT ACCEPTED | position=(1.11, 1.80, -2.00) | distance_from_uav=2.10 m
[INFO] [1790221295.745735283] [sage_mission_manager]: VALIDATED VIEWPOINT PUBLISHED
[INFO] [1790221295.951736366] [sage_mission_manager]: VIEWPOINT ACCEPTED | position=(1.48, 2.39, -2.00) | distance_from_uav=2.78 m
[INFO] [1790221295.952687054] [sage_mission_manager]: VALIDATED VIEWPOINT PUBLISHED
[INFO] [1790221296.146621172] [sage_mission_manager]: VIEWPOINT ACCEPTED | position=(1.85, 2.98, -2.00) | distance_from_uav=3.43 m
[INFO] [1790221296.148237620] [sage_mission_manager]: VALIDATED VIEWPOINT PUBLISHED
[INFO] [1790221296.349614018] [sage_mission_manager]: VIEWPOINT ACCEPTED | position=(1.85, 2.98, -2.00) | distance_from_uav=3.32 m
[INFO] [1790221296.351513308] [sage_mission_manager]: VALIDATED VIEWPOINT PUBLISHED
[INFO] [1790221296.545246915] [sage_mission_manager]: VIEWPOINT ACCEPTED | position=(1.85, 2.98, -2.00) | distance_from_uav=3.15 m
[INFO] [1790221296.545941876] [sage_mission_manager]: VALIDATED VIEWPOINT PUBLISHED
[INFO] [1790221296.744541020] [sage_mission_manager]: VIEWPOINT ACCEPTED | position=(2.22, 3.58, -2.00) | distance_from_uav=3.62 m
[INFO] [1790221296.748789062] [sage_mission_manager]: VALIDATED VIEWPOINT PUBLISHED
[INFO] [1790221296.942911150] [sage_mission_manager]: VIEWPOINT ACCEPTED | position=(2.22, 3.58, -2.00) | distance_from_uav=3.33 m
[INFO] [1790221296.943589491] [sage_mission_manager]: VALIDATED VIEWPOINT PUBLISHED
[INFO] [1790221297.146227393] [sage_mission_manager]: VIEWPOINT ACCEPTED | position=(2.59, 4.17, -2.00) | distance_from_uav=3.67 m
[INFO] [1790221297.146880186] [sage_mission_manager]: VALIDATED VIEWPOINT PUBLISHED
[INFO] [1790221297.360036867] [sage_mission_manager]: VIEWPOINT ACCEPTED | position=(2.59, 4.17, -2.00) | distance_from_uav=3.14 m
[INFO] [1790221297.360547727] [sage_mission_manager]: VALIDATED VIEWPOINT PUBLISHED
[INFO] [1790221297.546267600] [sage_mission_manager]: VIEWPOINT ACCEPTED | position=(2.76, 4.45, -2.00) | distance_from_uav=3.14 m
[INFO] [1790221297.547653268] [sage_mission_manager]: VALIDATED VIEWPOINT PUBLISHED
[INFO] [1790221297.744618723] [sage_mission_manager]: VIEWPOINT ACCEPTED | position=(2.76, 4.45, -2.00) | distance_from_uav=2.71 m
[INFO] [1790221297.748013314] [sage_mission_manager]: VALIDATED VIEWPOINT PUBLISHED
[INFO] [1790221297.948844788] [sage_mission_manager]: VIEWPOINT ACCEPTED | position=(2.76, 4.45, -2.00) | distance_from_uav=2.26 m
[INFO] [1790221297.949441774] [sage_mission_manager]: VALIDATED VIEWPOINT PUBLISHED
[INFO] [1790221298.147774800] [sage_mission_manager]: VIEWPOINT ACCEPTED | position=(2.76, 4.45, -2.00) | distance_from_uav=1.88 m
[INFO] [1790221298.152917559] [sage_mission_manager]: VALIDATED VIEWPOINT PUBLISHED
[INFO] [1790221298.343312662] [sage_mission_manager]: VIEWPOINT ACCEPTED | position=(2.76, 4.45, -2.00) | distance_from_uav=1.54 m
[INFO] [1790221298.347737525] [sage_mission_manager]: VALIDATED VIEWPOINT PUBLISHED
[INFO] [1790221298.554762666] [sage_mission_manager]: VIEWPOINT ACCEPTED | position=(2.76, 4.45, -2.00) | distance_from_uav=1.15 m
[INFO] [1790221298.555561309] [sage_mission_manager]: VALIDATED VIEWPOINT PUBLISHED
[INFO] [1790221298.743439075] [sage_mission_manager]: VIEWPOINT ACCEPTED | position=(2.76, 4.45, -2.00) | distance_from_uav=0.86 m
[INFO] [1790221298.744864382] [sage_mission_manager]: VALIDATED VIEWPOINT PUBLISHED
[INFO] [1790221298.945344088] [sage_mission_manager]: VIEWPOINT ACCEPTED | position=(2.76, 4.45, -2.00) | distance_from_uav=0.61 m
[INFO] [1790221298.948717030] [sage_mission_manager]: VALIDATED VIEWPOINT PUBLISHED
[INFO] [1790221299.144953304] [sage_mission_manager]: VIEWPOINT ACCEPTED | position=(2.76, 4.45, -2.00) | distance_from_uav=0.43 m
[INFO] [1790221299.145704377] [sage_mission_manager]: VALIDATED VIEWPOINT PUBLISHED
[INFO] [1790221299.345082003] [sage_mission_manager]: VIEWPOINT ACCEPTED | position=(2.76, 4.45, -2.00) | distance_from_uav=0.29 m
[INFO] [1790221299.348056676] [sage_mission_manager]: VALIDATED VIEWPOINT PUBLISHED
[INFO] [1790221299.352948805] [sage_mission_manager]: VIEWPOINT ACCEPTED | position=(2.76, 4.45, -2.00) | distance_from_uav=0.29 m
[INFO] [1790221299.354032458] [sage_mission_manager]: VALIDATED VIEWPOINT PUBLISHED
[INFO] [1790221299.552095823] [sage_mission_manager]: VIEWPOINT ACCEPTED | position=(2.76, 4.45, -2.00) | distance_from_uav=0.23 m
[INFO] [1790221299.552798717] [sage_mission_manager]: VALIDATED VIEWPOINT PUBLISHED
[INFO] [1790221299.745522252] [sage_mission_manager]: VIEWPOINT ACCEPTED | position=(2.76, 4.45, -2.00) | distance_from_uav=0.26 m
[INFO] [1790221299.746233080] [sage_mission_manager]: VALIDATED VIEWPOINT PUBLISHED
[INFO] [1790221299.947872361] [sage_mission_manager]: VIEWPOINT ACCEPTED | position=(2.76, 4.45, -2.00) | distance_from_uav=0.32 m
[INFO] [1790221299.950689393] [sage_mission_manager]: VALIDATED VIEWPOINT PUBLISHED
[INFO] [1790221300.151008127] [sage_mission_manager]: VIEWPOINT ACCEPTED | position=(2.76, 4.45, -2.00) | distance_from_uav=0.40 m
[INFO] [1790221300.159060657] [sage_mission_manager]: VALIDATED VIEWPOINT PUBLISHED
[INFO] [1790221300.343679634] [sage_mission_manager]: VIEWPOINT ACCEPTED | position=(2.76, 4.45, -2.00) | distance_from_uav=0.46 m
[INFO] [1790221300.344609723] [sage_mission_manager]: VALIDATED VIEWPOINT PUBLISHED
[INFO] [1790221300.544474960] [sage_mission_manager]: VIEWPOINT ACCEPTED | position=(2.76, 4.45, -2.00) | distance_from_uav=0.51 m
[INFO] [1790221300.545044216] [sage_mission_manager]: VALIDATED VIEWPOINT PUBLISHED
[INFO] [1790221300.745986092] [sage_mission_manager]: VIEWPOINT ACCEPTED | position=(2.76, 4.45, -2.00) | distance_from_uav=0.53 m
[INFO] [1790221300.747000473] [sage_mission_manager]: VALIDATED VIEWPOINT PUBLISHED
[INFO] [1790221300.947052466] [sage_mission_manager]: VIEWPOINT ACCEPTED | position=(2.76, 4.45, -2.00) | distance_from_uav=0.54 m
[INFO] [1790221300.947636186] [sage_mission_manager]: VALIDATED VIEWPOINT PUBLISHED
[INFO] [1790221301.147009903] [sage_mission_manager]: VIEWPOINT ACCEPTED | position=(2.76, 4.45, -2.00) | distance_from_uav=0.54 m
[INFO] [1790221301.148087917] [sage_mission_manager]: VALIDATED VIEWPOINT PUBLISHED
[INFO] [1790221301.345639080] [sage_mission_manager]: VIEWPOINT ACCEPTED | position=(2.76, 4.45, -2.00) | distance_from_uav=0.54 m
[INFO] [1790221301.346504519] [sage_mission_manager]: VALIDATED VIEWPOINT PUBLISHED
[INFO] [1790221301.744593907] [sage_mission_manager]: VIEWPOINT ACCEPTED | position=(2.25, 5.32, -2.00) | distance_from_uav=0.70 m
[INFO] [1790221301.748560808] [sage_mission_manager]: VALIDATED VIEWPOINT PUBLISHED
[INFO] [1790221301.949410275] [sage_mission_manager]: VIEWPOINT ACCEPTED | position=(1.65, 5.68, -2.00) | distance_from_uav=1.42 m
[INFO] [1790221301.949971267] [sage_mission_manager]: VALIDATED VIEWPOINT PUBLISHED
[INFO] [1790221302.154090791] [sage_mission_manager]: VIEWPOINT ACCEPTED | position=(1.05, 6.05, -2.00) | distance_from_uav=2.12 m
[INFO] [1790221302.154916179] [sage_mission_manager]: VALIDATED VIEWPOINT PUBLISHED
[INFO] [1790221302.350048873] [sage_mission_manager]: VIEWPOINT ACCEPTED | position=(0.46, 6.42, -2.00) | distance_from_uav=2.81 m
[INFO] [1790221302.355608678] [sage_mission_manager]: VALIDATED VIEWPOINT PUBLISHED
[INFO] [1790221302.543819720] [sage_mission_manager]: VIEWPOINT ACCEPTED | position=(-0.14, 6.78, -2.00) | distance_from_uav=3.43 m
[INFO] [1790221302.547658414] [sage_mission_manager]: VALIDATED VIEWPOINT PUBLISHED
[INFO] [1790221302.748487208] [sage_mission_manager]: VIEWPOINT ACCEPTED | position=(-0.14, 6.78, -2.00) | distance_from_uav=3.30 m
[INFO] [1790221302.750856097] [sage_mission_manager]: VALIDATED VIEWPOINT PUBLISHED
[INFO] [1790221302.942143844] [sage_mission_manager]: VIEWPOINT ACCEPTED | position=(-0.14, 6.78, -2.00) | distance_from_uav=3.08 m
[INFO] [1790221302.942831168] [sage_mission_manager]: VALIDATED VIEWPOINT PUBLISHED
[INFO] [1790221303.153283382] [sage_mission_manager]: VIEWPOINT ACCEPTED | position=(-0.73, 7.15, -2.00) | distance_from_uav=3.51 m
[INFO] [1790221303.153875942] [sage_mission_manager]: VALIDATED VIEWPOINT PUBLISHED
[INFO] [1790221303.344563125] [sage_mission_manager]: VIEWPOINT ACCEPTED | position=(-0.73, 7.15, -2.00) | distance_from_uav=3.17 m
[INFO] [1790221303.347864630] [sage_mission_manager]: VALIDATED VIEWPOINT PUBLISHED
[INFO] [1790221303.547342858] [sage_mission_manager]: VIEWPOINT ACCEPTED | position=(-1.33, 7.52, -2.00) | distance_from_uav=3.47 m
[INFO] [1790221303.548060109] [sage_mission_manager]: VALIDATED VIEWPOINT PUBLISHED
[INFO] [1790221303.745421977] [sage_mission_manager]: VIEWPOINT ACCEPTED | position=(-1.33, 7.52, -2.00) | distance_from_uav=3.13 m
[INFO] [1790221303.745976564] [sage_mission_manager]: VALIDATED VIEWPOINT PUBLISHED
[INFO] [1790221303.947755125] [sage_mission_manager]: VIEWPOINT ACCEPTED | position=(-1.93, 7.88, -2.00) | distance_from_uav=3.45 m
[INFO] [1790221303.948330970] [sage_mission_manager]: VALIDATED VIEWPOINT PUBLISHED
[INFO] [1790221304.149599006] [sage_mission_manager]: VIEWPOINT ACCEPTED | position=(-1.93, 7.88, -2.00) | distance_from_uav=3.10 m
[INFO] [1790221304.152492370] [sage_mission_manager]: VALIDATED VIEWPOINT PUBLISHED
[INFO] [1790221304.343829283] [sage_mission_manager]: VIEWPOINT ACCEPTED | position=(-2.52, 8.25, -2.00) | distance_from_uav=3.45 m
[INFO] [1790221304.344573443] [sage_mission_manager]: VALIDATED VIEWPOINT PUBLISHED
[INFO] [1790221304.545952571] [sage_mission_manager]: VIEWPOINT ACCEPTED | position=(-2.52, 8.25, -2.00) | distance_from_uav=3.08 m
[INFO] [1790221304.546649678] [sage_mission_manager]: VALIDATED VIEWPOINT PUBLISHED
[INFO] [1790221304.753142428] [sage_mission_manager]: VIEWPOINT ACCEPTED | position=(-3.12, 8.61, -2.00) | distance_from_uav=3.36 m
[INFO] [1790221304.754358748] [sage_mission_manager]: VALIDATED VIEWPOINT PUBLISHED
[INFO] [1790221304.948274031] [sage_mission_manager]: VIEWPOINT ACCEPTED | position=(-3.72, 8.98, -2.00) | distance_from_uav=3.70 m
[INFO] [1790221304.949045685] [sage_mission_manager]: VALIDATED VIEWPOINT PUBLISHED
[INFO] [1790221305.149167838] [sage_mission_manager]: VIEWPOINT ACCEPTED | position=(-3.72, 8.98, -2.00) | distance_from_uav=3.31 m
[INFO] [1790221305.151842459] [sage_mission_manager]: VALIDATED VIEWPOINT PUBLISHED
[INFO] [1790221305.345995007] [sage_mission_manager]: VIEWPOINT ACCEPTED | position=(-3.72, 8.98, -2.00) | distance_from_uav=3.02 m
[INFO] [1790221305.346695986] [sage_mission_manager]: VALIDATED VIEWPOINT PUBLISHED
[INFO] [1790221305.554258327] [sage_mission_manager]: VIEWPOINT ACCEPTED | position=(-4.31, 9.35, -2.00) | distance_from_uav=3.27 m
[INFO] [1790221305.555950705] [sage_mission_manager]: VALIDATED VIEWPOINT PUBLISHED
[INFO] [1790221305.757863095] [sage_mission_manager]: VIEWPOINT ACCEPTED | position=(-4.91, 9.71, -2.00) | distance_from_uav=3.62 m
[INFO] [1790221305.758807894] [sage_mission_manager]: VALIDATED VIEWPOINT PUBLISHED
[INFO] [1790221305.944948616] [sage_mission_manager]: VIEWPOINT ACCEPTED | position=(-4.91, 9.71, -2.00) | distance_from_uav=3.28 m
[INFO] [1790221305.946052154] [sage_mission_manager]: VALIDATED VIEWPOINT PUBLISHED
[INFO] [1790221306.144009297] [sage_mission_manager]: VIEWPOINT ACCEPTED | position=(-5.21, 9.90, -2.00) | distance_from_uav=3.18 m
[INFO] [1790221306.145771374] [sage_mission_manager]: VALIDATED VIEWPOINT PUBLISHED
[INFO] [1790221306.344784198] [sage_mission_manager]: VIEWPOINT ACCEPTED | position=(-5.21, 9.90, -2.00) | distance_from_uav=2.81 m
[INFO] [1790221306.345572909] [sage_mission_manager]: VALIDATED VIEWPOINT PUBLISHED
[INFO] [1790221306.546864178] [sage_mission_manager]: VIEWPOINT ACCEPTED | position=(-5.21, 9.90, -2.00) | distance_from_uav=2.44 m
[INFO] [1790221306.549195598] [sage_mission_manager]: VALIDATED VIEWPOINT PUBLISHED
[INFO] [1790221306.748586828] [sage_mission_manager]: VIEWPOINT ACCEPTED | position=(-5.21, 9.90, -2.00) | distance_from_uav=2.07 m
[INFO] [1790221306.750719232] [sage_mission_manager]: VALIDATED VIEWPOINT PUBLISHED
[INFO] [1790221306.941983705] [sage_mission_manager]: VIEWPOINT ACCEPTED | position=(-5.21, 9.90, -2.00) | distance_from_uav=1.66 m
[INFO] [1790221306.944741119] [sage_mission_manager]: VALIDATED VIEWPOINT PUBLISHED
[INFO] [1790221307.143388128] [sage_mission_manager]: VIEWPOINT ACCEPTED | position=(-5.21, 9.90, -2.00) | distance_from_uav=1.39 m
[INFO] [1790221307.149888962] [sage_mission_manager]: VALIDATED VIEWPOINT PUBLISHED
[INFO] [1790221307.357532391] [sage_mission_manager]: VIEWPOINT ACCEPTED | position=(-5.21, 9.90, -2.00) | distance_from_uav=1.10 m
[INFO] [1790221307.358306802] [sage_mission_manager]: VALIDATED VIEWPOINT PUBLISHED
[INFO] [1790221307.558400580] [sage_mission_manager]: VIEWPOINT ACCEPTED | position=(-5.21, 9.90, -2.00) | distance_from_uav=0.80 m
[INFO] [1790221307.559063221] [sage_mission_manager]: VALIDATED VIEWPOINT PUBLISHED
[INFO] [1790221307.743287205] [sage_mission_manager]: VIEWPOINT ACCEPTED | position=(-5.21, 9.90, -2.00) | distance_from_uav=0.59 m
[INFO] [1790221307.747793479] [sage_mission_manager]: VALIDATED VIEWPOINT PUBLISHED
[INFO] [1790221307.946879080] [sage_mission_manager]: VIEWPOINT ACCEPTED | position=(-5.21, 9.90, -2.00) | distance_from_uav=0.39 m
[INFO] [1790221307.947636676] [sage_mission_manager]: VALIDATED VIEWPOINT PUBLISHED
[INFO] [1790221308.150260687] [sage_mission_manager]: VIEWPOINT ACCEPTED | position=(-5.21, 9.90, -2.00) | distance_from_uav=0.28 m
[INFO] [1790221308.151036643] [sage_mission_manager]: VALIDATED VIEWPOINT PUBLISHED
[INFO] [1790221308.343212566] [sage_mission_manager]: VIEWPOINT ACCEPTED | position=(-5.80, 10.27, -2.00) | distance_from_uav=0.87 m
[INFO] [1790221308.343877958] [sage_mission_manager]: VALIDATED VIEWPOINT PUBLISHED
[INFO] [1790221308.542166567] [sage_mission_manager]: VIEWPOINT ACCEPTED | position=(-6.38, 10.65, -2.00) | distance_from_uav=1.48 m
[INFO] [1790221308.546528917] [sage_mission_manager]: VALIDATED VIEWPOINT PUBLISHED
[INFO] [1790221308.747662016] [sage_mission_manager]: VIEWPOINT ACCEPTED | position=(-6.85, 10.95, -2.00) | distance_from_uav=1.96 m
[INFO] [1790221308.748287532] [sage_mission_manager]: VALIDATED VIEWPOINT PUBLISHED
[INFO] [1790221308.942785887] [sage_mission_manager]: VIEWPOINT ACCEPTED | position=(-6.85, 10.95, -2.00) | distance_from_uav=1.87 m
[INFO] [1790221308.943510623] [sage_mission_manager]: VALIDATED VIEWPOINT PUBLISHED
[INFO] [1790221309.145413538] [sage_mission_manager]: VIEWPOINT ACCEPTED | position=(-6.85, 10.95, -2.00) | distance_from_uav=1.76 m
[INFO] [1790221309.150233836] [sage_mission_manager]: VALIDATED VIEWPOINT PUBLISHED
[INFO] [1790221309.347720614] [sage_mission_manager]: VIEWPOINT ACCEPTED | position=(-6.85, 10.95, -2.00) | distance_from_uav=1.61 m
[INFO] [1790221309.348503902] [sage_mission_manager]: VALIDATED VIEWPOINT PUBLISHED
[INFO] [1790221309.549147593] [sage_mission_manager]: VIEWPOINT ACCEPTED | position=(-6.85, 10.95, -2.00) | distance_from_uav=1.39 m
[INFO] [1790221309.554941723] [sage_mission_manager]: VALIDATED VIEWPOINT PUBLISHED
[INFO] [1790221309.746972323] [sage_mission_manager]: VIEWPOINT ACCEPTED | position=(-6.85, 10.95, -2.00) | distance_from_uav=1.20 m
[INFO] [1790221309.749245410] [sage_mission_manager]: VALIDATED VIEWPOINT PUBLISHED
[INFO] [1790221309.947031461] [sage_mission_manager]: VIEWPOINT ACCEPTED | position=(-6.85, 10.95, -2.00) | distance_from_uav=1.00 m
[INFO] [1790221309.950320743] [sage_mission_manager]: VALIDATED VIEWPOINT PUBLISHED
[INFO] [1790221310.142120072] [sage_mission_manager]: VIEWPOINT ACCEPTED | position=(-6.85, 10.95, -2.00) | distance_from_uav=0.81 m
[INFO] [1790221310.142671938] [sage_mission_manager]: VALIDATED VIEWPOINT PUBLISHED
[INFO] [1790221310.351031580] [sage_mission_manager]: VIEWPOINT ACCEPTED | position=(-6.85, 10.95, -2.00) | distance_from_uav=0.64 m
[INFO] [1790221310.351855725] [sage_mission_manager]: VALIDATED VIEWPOINT PUBLISHED
[INFO] [1790221310.547257199] [sage_mission_manager]: VIEWPOINT ACCEPTED | position=(-6.85, 10.95, -2.00) | distance_from_uav=0.48 m
[INFO] [1790221310.547943386] [sage_mission_manager]: VALIDATED VIEWPOINT PUBLISHED
[INFO] [1790221310.752413695] [sage_mission_manager]: VIEWPOINT ACCEPTED | position=(-6.85, 10.95, -2.00) | distance_from_uav=0.32 m
[INFO] [1790221310.753092459] [sage_mission_manager]: VALIDATED VIEWPOINT PUBLISHED
[INFO] [1790221310.758555064] [sage_mission_manager]: VIEWPOINT ACCEPTED | position=(-6.85, 10.95, -2.00) | distance_from_uav=0.32 m
[INFO] [1790221310.759235229] [sage_mission_manager]: VALIDATED VIEWPOINT PUBLISHED
[INFO] [1790221310.945403001] [sage_mission_manager]: VIEWPOINT ACCEPTED | position=(-6.85, 10.95, -2.00) | distance_from_uav=0.19 m
[INFO] [1790221310.946048944] [sage_mission_manager]: VALIDATED VIEWPOINT PUBLISHED
[INFO] [1790221311.148695014] [sage_mission_manager]: VIEWPOINT ACCEPTED | position=(-6.85, 10.95, -2.00) | distance_from_uav=0.11 m
[INFO] [1790221311.152746723] [sage_mission_manager]: VALIDATED VIEWPOINT PUBLISHED
[INFO] [1790221311.346632975] [sage_mission_manager]: VIEWPOINT ACCEPTED | position=(-6.85, 10.95, -2.00) | distance_from_uav=0.08 m
[INFO] [1790221311.347170517] [sage_mission_manager]: VALIDATED VIEWPOINT PUBLISHED
[INFO] [1790221311.548181831] [sage_mission_manager]: VIEWPOINT ACCEPTED | position=(-6.85, 10.95, -2.00) | distance_from_uav=0.10 m
[INFO] [1790221311.548763784] [sage_mission_manager]: VALIDATED VIEWPOINT PUBLISHED
[INFO] [1790221311.746199506] [sage_mission_manager]: VIEWPOINT ACCEPTED | position=(-6.85, 10.95, -2.00) | distance_from_uav=0.13 m
[INFO] [1790221311.751408349] [sage_mission_manager]: VALIDATED VIEWPOINT PUBLISHED
[INFO] [1790221311.945423481] [sage_mission_manager]: VIEWPOINT ACCEPTED | position=(-6.85, 10.95, -2.00) | distance_from_uav=0.15 m
[INFO] [1790221311.945962139] [sage_mission_manager]: VALIDATED VIEWPOINT PUBLISHED
[INFO] [1790221312.144170719] [sage_mission_manager]: VIEWPOINT ACCEPTED | position=(-6.85, 10.95, -2.00) | distance_from_uav=0.18 m
[INFO] [1790221312.148903207] [sage_mission_manager]: VALIDATED VIEWPOINT PUBLISHED
[INFO] [1790221312.345925770] [sage_mission_manager]: VIEWPOINT ACCEPTED | position=(-6.85, 10.95, -2.00) | distance_from_uav=0.19 m
[INFO] [1790221312.346767948] [sage_mission_manager]: VALIDATED VIEWPOINT PUBLISHED
[INFO] [1790221312.546429148] [sage_mission_manager]: VIEWPOINT ACCEPTED | position=(-6.85, 10.95, -2.00) | distance_from_uav=0.21 m
[INFO] [1790221312.548691467] [sage_mission_manager]: VALIDATED VIEWPOINT PUBLISHED
[INFO] [1790221312.954771980] [sage_mission_manager]: VIEWPOINT ACCEPTED | position=(-6.40, 10.75, -2.00) | distance_from_uav=0.70 m
[INFO] [1790221312.955392076] [sage_mission_manager]: VALIDATED VIEWPOINT PUBLISHED
[INFO] [1790221313.142840949] [sage_mission_manager]: VIEWPOINT ACCEPTED | position=(-5.75, 10.50, -2.00) | distance_from_uav=1.40 m
[INFO] [1790221313.143555922] [sage_mission_manager]: VALIDATED VIEWPOINT PUBLISHED
[INFO] [1790221313.347672800] [sage_mission_manager]: VIEWPOINT ACCEPTED | position=(-5.10, 10.25, -2.00) | distance_from_uav=2.09 m
[INFO] [1790221313.353671554] [sage_mission_manager]: VALIDATED VIEWPOINT PUBLISHED
[INFO] [1790221313.551376516] [sage_mission_manager]: VIEWPOINT ACCEPTED | position=(-4.44, 9.99, -2.00) | distance_from_uav=2.76 m
[INFO] [1790221313.551925402] [sage_mission_manager]: VALIDATED VIEWPOINT PUBLISHED
[INFO] [1790221313.747078786] [sage_mission_manager]: VIEWPOINT ACCEPTED | position=(-3.79, 9.74, -2.00) | distance_from_uav=3.38 m
[INFO] [1790221313.747781381] [sage_mission_manager]: VALIDATED VIEWPOINT PUBLISHED
[INFO] [1790221313.958797201] [sage_mission_manager]: VIEWPOINT ACCEPTED | position=(-3.79, 9.74, -2.00) | distance_from_uav=3.20 m
[INFO] [1790221313.959644027] [sage_mission_manager]: VALIDATED VIEWPOINT PUBLISHED
[INFO] [1790221314.142257835] [sage_mission_manager]: VIEWPOINT ACCEPTED | position=(-3.13, 9.49, -2.00) | distance_from_uav=3.69 m
[INFO] [1790221314.149057618] [sage_mission_manager]: VALIDATED VIEWPOINT PUBLISHED
[INFO] [1790221314.346365290] [sage_mission_manager]: VIEWPOINT ACCEPTED | position=(-3.13, 9.49, -2.00) | distance_from_uav=3.42 m
[INFO] [1790221314.347165883] [sage_mission_manager]: VALIDATED VIEWPOINT PUBLISHED
[INFO] [1790221314.542438535] [sage_mission_manager]: VIEWPOINT ACCEPTED | position=(-3.13, 9.49, -2.00) | distance_from_uav=3.16 m
[INFO] [1790221314.545492052] [sage_mission_manager]: VALIDATED VIEWPOINT PUBLISHED
[INFO] [1790221314.747918172] [sage_mission_manager]: VIEWPOINT ACCEPTED | position=(-2.48, 9.24, -2.00) | distance_from_uav=3.51 m
[INFO] [1790221314.748735366] [sage_mission_manager]: VALIDATED VIEWPOINT PUBLISHED
[INFO] [1790221314.945776387] [sage_mission_manager]: VIEWPOINT ACCEPTED | position=(-2.48, 9.24, -2.00) | distance_from_uav=3.18 m
[INFO] [1790221314.946313733] [sage_mission_manager]: VALIDATED VIEWPOINT PUBLISHED
[INFO] [1790221315.145434119] [sage_mission_manager]: VIEWPOINT ACCEPTED | position=(-1.83, 8.99, -2.00) | distance_from_uav=3.53 m
[INFO] [1790221315.146426911] [sage_mission_manager]: VALIDATED VIEWPOINT PUBLISHED
[INFO] [1790221315.343837065] [sage_mission_manager]: VIEWPOINT ACCEPTED | position=(-1.83, 8.99, -2.00) | distance_from_uav=3.13 m
[INFO] [1790221315.346287842] [sage_mission_manager]: VALIDATED VIEWPOINT PUBLISHED
[INFO] [1790221315.543308064] [sage_mission_manager]: VIEWPOINT ACCEPTED | position=(-1.17, 8.74, -2.00) | distance_from_uav=3.38 m
[INFO] [1790221315.543875014] [sage_mission_manager]: VALIDATED VIEWPOINT PUBLISHED
[INFO] [1790221315.743404644] [sage_mission_manager]: VIEWPOINT ACCEPTED | position=(-1.17, 8.74, -2.00) | distance_from_uav=3.11 m
[INFO] [1790221315.745675333] [sage_mission_manager]: VALIDATED VIEWPOINT PUBLISHED
[INFO] [1790221315.942816441] [sage_mission_manager]: VIEWPOINT ACCEPTED | position=(-0.52, 8.49, -2.00) | distance_from_uav=3.44 m
[INFO] [1790221315.943421680] [sage_mission_manager]: VALIDATED VIEWPOINT PUBLISHED
[INFO] [1790221316.146312092] [sage_mission_manager]: VIEWPOINT ACCEPTED | position=(-0.52, 8.49, -2.00) | distance_from_uav=3.13 m
[INFO] [1790221316.148113008] [sage_mission_manager]: VALIDATED VIEWPOINT PUBLISHED
[INFO] [1790221316.346030307] [sage_mission_manager]: VIEWPOINT ACCEPTED | position=(0.13, 8.24, -2.00) | distance_from_uav=3.42 m
[INFO] [1790221316.349005991] [sage_mission_manager]: VALIDATED VIEWPOINT PUBLISHED
[INFO] [1790221316.553457305] [sage_mission_manager]: VIEWPOINT ACCEPTED | position=(0.13, 8.24, -2.00) | distance_from_uav=3.08 m
[INFO] [1790221316.562388494] [sage_mission_manager]: VALIDATED VIEWPOINT PUBLISHED
[INFO] [1790221316.742583078] [sage_mission_manager]: VIEWPOINT ACCEPTED | position=(0.79, 7.99, -2.00) | distance_from_uav=3.42 m
[INFO] [1790221316.745606426] [sage_mission_manager]: VALIDATED VIEWPOINT PUBLISHED
[INFO] [1790221316.944524148] [sage_mission_manager]: VIEWPOINT ACCEPTED | position=(1.44, 7.74, -2.00) | distance_from_uav=3.70 m
[INFO] [1790221316.945094235] [sage_mission_manager]: VALIDATED VIEWPOINT PUBLISHED
[INFO] [1790221317.141735107] [sage_mission_manager]: VIEWPOINT ACCEPTED | position=(1.44, 7.74, -2.00) | distance_from_uav=3.33 m
[INFO] [1790221317.142287496] [sage_mission_manager]: VALIDATED VIEWPOINT PUBLISHED
[INFO] [1790221317.343564622] [sage_mission_manager]: VIEWPOINT ACCEPTED | position=(2.10, 7.49, -2.00) | distance_from_uav=3.66 m
[INFO] [1790221317.347478118] [sage_mission_manager]: VALIDATED VIEWPOINT PUBLISHED
[INFO] [1790221317.540922171] [sage_mission_manager]: VIEWPOINT ACCEPTED | position=(2.10, 7.49, -2.00) | distance_from_uav=3.29 m
[INFO] [1790221317.542534225] [sage_mission_manager]: VALIDATED VIEWPOINT PUBLISHED
[INFO] [1790221317.749025072] [sage_mission_manager]: VIEWPOINT ACCEPTED | position=(2.75, 7.24, -2.00) | distance_from_uav=3.57 m
[INFO] [1790221317.751984628] [sage_mission_manager]: VALIDATED VIEWPOINT PUBLISHED
[INFO] [1790221317.942677039] [sage_mission_manager]: VIEWPOINT ACCEPTED | position=(2.75, 7.24, -2.00) | distance_from_uav=3.20 m
[INFO] [1790221317.945020384] [sage_mission_manager]: VALIDATED VIEWPOINT PUBLISHED
[INFO] [1790221318.141928361] [sage_mission_manager]: VIEWPOINT ACCEPTED | position=(3.40, 6.99, -2.00) | distance_from_uav=3.54 m
[INFO] [1790221318.142596988] [sage_mission_manager]: VALIDATED VIEWPOINT PUBLISHED
[INFO] [1790221318.343092461] [sage_mission_manager]: VIEWPOINT ACCEPTED | position=(3.40, 6.99, -2.00) | distance_from_uav=3.12 m
[INFO] [1790221318.343631834] [sage_mission_manager]: VALIDATED VIEWPOINT PUBLISHED
[INFO] [1790221318.551961645] [sage_mission_manager]: VIEWPOINT ACCEPTED | position=(4.06, 6.74, -2.00) | distance_from_uav=3.35 m
[INFO] [1790221318.552561113] [sage_mission_manager]: VALIDATED VIEWPOINT PUBLISHED
[INFO] [1790221318.744374613] [sage_mission_manager]: VIEWPOINT ACCEPTED | position=(4.06, 6.74, -2.00) | distance_from_uav=3.01 m
[INFO] [1790221318.744884543] [sage_mission_manager]: VALIDATED VIEWPOINT PUBLISHED
[INFO] [1790221318.946931989] [sage_mission_manager]: VIEWPOINT ACCEPTED | position=(4.71, 6.49, -2.00) | distance_from_uav=3.32 m
[INFO] [1790221318.947778222] [sage_mission_manager]: VALIDATED VIEWPOINT PUBLISHED
[INFO] [1790221319.148673856] [sage_mission_manager]: VIEWPOINT ACCEPTED | position=(5.36, 6.24, -2.00) | distance_from_uav=3.66 m
[INFO] [1790221319.150122831] [sage_mission_manager]: VALIDATED VIEWPOINT PUBLISHED
[INFO] [1790221319.352852283] [sage_mission_manager]: VIEWPOINT ACCEPTED | position=(5.36, 6.24, -2.00) | distance_from_uav=3.25 m
[INFO] [1790221319.354990880] [sage_mission_manager]: VALIDATED VIEWPOINT PUBLISHED
[INFO] [1790221319.546890339] [sage_mission_manager]: VIEWPOINT ACCEPTED | position=(6.00, 6.00, -2.00) | distance_from_uav=3.60 m
[INFO] [1790221319.550743844] [sage_mission_manager]: VALIDATED VIEWPOINT PUBLISHED
[INFO] [1790221319.743528075] [sage_mission_manager]: VIEWPOINT ACCEPTED | position=(6.00, 6.00, -2.00) | distance_from_uav=3.11 m
[INFO] [1790221319.745354108] [sage_mission_manager]: VALIDATED VIEWPOINT PUBLISHED
[INFO] [1790221319.945529856] [sage_mission_manager]: VIEWPOINT ACCEPTED | position=(6.00, 6.00, -2.00) | distance_from_uav=2.74 m
[INFO] [1790221319.946312241] [sage_mission_manager]: VALIDATED VIEWPOINT PUBLISHED
[INFO] [1790221320.143181647] [sage_mission_manager]: VIEWPOINT ACCEPTED | position=(6.00, 6.00, -2.00) | distance_from_uav=2.35 m
[INFO] [1790221320.144125044] [sage_mission_manager]: VALIDATED VIEWPOINT PUBLISHED
[INFO] [1790221320.344608777] [sage_mission_manager]: VIEWPOINT ACCEPTED | position=(6.00, 6.00, -2.00) | distance_from_uav=1.90 m
[INFO] [1790221320.350043469] [sage_mission_manager]: VALIDATED VIEWPOINT PUBLISHED
[INFO] [1790221320.544387461] [sage_mission_manager]: VIEWPOINT ACCEPTED | position=(6.00, 6.00, -2.00) | distance_from_uav=1.56 m
[INFO] [1790221320.548721140] [sage_mission_manager]: VALIDATED VIEWPOINT PUBLISHED
[INFO] [1790221320.746455105] [sage_mission_manager]: VIEWPOINT ACCEPTED | position=(6.00, 6.00, -2.00) | distance_from_uav=1.20 m
[INFO] [1790221320.747122118] [sage_mission_manager]: VALIDATED VIEWPOINT PUBLISHED
[INFO] [1790221320.944779224] [sage_mission_manager]: VIEWPOINT ACCEPTED | position=(6.00, 6.00, -2.00) | distance_from_uav=0.89 m
[INFO] [1790221320.945511289] [sage_mission_manager]: VALIDATED VIEWPOINT PUBLISHED
[INFO] [1790221321.143191257] [sage_mission_manager]: VIEWPOINT ACCEPTED | position=(6.00, 6.00, -2.00) | distance_from_uav=0.65 m
[INFO] [1790221321.145300628] [sage_mission_manager]: VALIDATED VIEWPOINT PUBLISHED
[INFO] [1790221321.344482921] [sage_mission_manager]: VIEWPOINT ACCEPTED | position=(6.00, 6.00, -2.00) | distance_from_uav=0.38 m
[INFO] [1790221321.345010263] [sage_mission_manager]: VALIDATED VIEWPOINT PUBLISHED
[INFO] [1790221321.556240365] [sage_mission_manager]: VIEWPOINT ACCEPTED | position=(6.00, 6.00, -2.00) | distance_from_uav=0.20 m
[INFO] [1790221321.556998380] [sage_mission_manager]: VALIDATED VIEWPOINT PUBLISHED
[INFO] [1790221321.741453432] [sage_mission_manager]: VIEWPOINT ACCEPTED | position=(6.00, 6.00, -2.00) | distance_from_uav=0.12 m
[INFO] [1790221321.742226378] [sage_mission_manager]: VALIDATED VIEWPOINT PUBLISHED
[INFO] [1790221321.945031532] [sage_mission_manager]: VIEWPOINT ACCEPTED | position=(6.00, 6.00, -2.00) | distance_from_uav=0.15 m
[INFO] [1790221321.947221804] [sage_mission_manager]: VALIDATED VIEWPOINT PUBLISHED
[INFO] [1790221322.146357328] [sage_mission_manager]: VIEWPOINT ACCEPTED | position=(6.00, 6.00, -2.00) | distance_from_uav=0.22 m
[INFO] [1790221322.147462297] [sage_mission_manager]: VALIDATED VIEWPOINT PUBLISHED
[INFO] [1790221322.342829007] [sage_mission_manager]: VIEWPOINT ACCEPTED | position=(6.00, 6.00, -2.00) | distance_from_uav=0.26 m
[INFO] [1790221322.345133965] [sage_mission_manager]: VALIDATED VIEWPOINT PUBLISHED
[INFO] [1790221322.553237251] [sage_mission_manager]: VIEWPOINT ACCEPTED | position=(6.00, 6.00, -2.00) | distance_from_uav=0.29 m
[INFO] [1790221322.554005926] [sage_mission_manager]: VALIDATED VIEWPOINT PUBLISHED
[INFO] [1790221322.744677230] [sage_mission_manager]: VIEWPOINT ACCEPTED | position=(6.00, 6.00, -2.00) | distance_from_uav=0.31 m
[INFO] [1790221322.753621724] [sage_mission_manager]: VALIDATED VIEWPOINT PUBLISHED
[INFO] [1790221322.945885816] [sage_mission_manager]: VIEWPOINT ACCEPTED | position=(6.00, 6.00, -2.00) | distance_from_uav=0.31 m
[INFO] [1790221322.946470841] [sage_mission_manager]: VALIDATED VIEWPOINT PUBLISHED
[INFO] [1790221323.145840277] [sage_mission_manager]: VIEWPOINT ACCEPTED | position=(6.00, 6.00, -2.00) | distance_from_uav=0.31 m
[INFO] [1790221323.146559700] [sage_mission_manager]: VALIDATED VIEWPOINT PUBLISHED
[INFO] [1790221323.349541270] [sage_mission_manager]: VIEWPOINT ACCEPTED | position=(6.00, 6.00, -2.00) | distance_from_uav=0.31 m
[INFO] [1790221323.352637669] [sage_mission_manager]: VALIDATED VIEWPOINT PUBLISHED
[INFO] [1790221323.546657795] [sage_mission_manager]: VIEWPOINT ACCEPTED | position=(6.00, 6.00, -2.00) | distance_from_uav=0.30 m
[INFO] [1790221323.550201017] [sage_mission_manager]: VALIDATED VIEWPOINT PUBLISHED
[INFO] [1790221323.742241202] [sage_mission_manager]: VIEWPOINT ACCEPTED | position=(6.00, 6.00, -2.00) | distance_from_uav=0.29 m
[INFO] [1790221323.742769220] [sage_mission_manager]: VALIDATED VIEWPOINT PUBLISHED
[INFO] [1790221323.943891487] [sage_mission_manager]: VIEWPOINT ACCEPTED | position=(6.00, 6.00, -2.00) | distance_from_uav=0.27 m
[INFO] [1790221323.945608134] [sage_mission_manager]: VALIDATED VIEWPOINT PUBLISHED
[INFO] [1790221324.145884433] [sage_mission_manager]: VIEWPOINT ACCEPTED | position=(6.00, 6.00, -2.00) | distance_from_uav=0.26 m
[INFO] [1790221324.146845568] [sage_mission_manager]: VALIDATED VIEWPOINT PUBLISHED
[INFO] [1790221324.349568732] [sage_mission_manager]: VIEWPOINT ACCEPTED | position=(6.00, 6.00, -2.00) | distance_from_uav=0.24 m
[INFO] [1790221324.350468024] [sage_mission_manager]: VALIDATED VIEWPOINT PUBLISHED
[INFO] [1790221324.546639669] [sage_mission_manager]: VIEWPOINT ACCEPTED | position=(6.00, 6.00, -2.00) | distance_from_uav=0.23 m
[INFO] [1790221324.547337676] [sage_mission_manager]: VALIDATED VIEWPOINT PUBLISHED
[INFO] [1790221324.745516571] [sage_mission_manager]: VIEWPOINT ACCEPTED | position=(6.00, 6.00, -2.00) | distance_from_uav=0.21 m
[INFO] [1790221324.748057983] [sage_mission_manager]: VALIDATED VIEWPOINT PUBLISHED
[INFO] [1790221324.942011619] [sage_mission_manager]: VIEWPOINT ACCEPTED | position=(6.00, 6.00, -2.00) | distance_from_uav=0.20 m
[INFO] [1790221324.947170369] [sage_mission_manager]: VALIDATED VIEWPOINT PUBLISHED
[INFO] [1790221325.144696569] [sage_mission_manager]: VIEWPOINT ACCEPTED | position=(6.00, 6.00, -2.00) | distance_from_uav=0.19 m
[INFO] [1790221325.145570593] [sage_mission_manager]: VALIDATED VIEWPOINT PUBLISHED
[INFO] [1790221325.356051133] [sage_mission_manager]: VIEWPOINT ACCEPTED | position=(6.00, 6.00, -2.00) | distance_from_uav=0.19 m
[INFO] [1790221325.357235669] [sage_mission_manager]: VALIDATED VIEWPOINT PUBLISHED
[INFO] [1790221325.547817639] [sage_mission_manager]: VIEWPOINT ACCEPTED | position=(6.00, 6.00, -2.00) | distance_from_uav=0.18 m
[INFO] [1790221325.548483397] [sage_mission_manager]: VALIDATED VIEWPOINT PUBLISHED
[INFO] [1790221325.747430209] [sage_mission_manager]: VIEWPOINT ACCEPTED | position=(6.00, 6.00, -2.00) | distance_from_uav=0.18 m
[INFO] [1790221325.751285744] [sage_mission_manager]: VALIDATED VIEWPOINT PUBLISHED
[INFO] [1790221325.941522673] [sage_mission_manager]: VIEWPOINT ACCEPTED | position=(6.00, 6.00, -2.00) | distance_from_uav=0.17 m
[INFO] [1790221325.942096378] [sage_mission_manager]: VALIDATED VIEWPOINT PUBLISHED
[INFO] [1790221326.146769711] [sage_mission_manager]: VIEWPOINT ACCEPTED | position=(6.00, 6.00, -2.00) | distance_from_uav=0.16 m
[INFO] [1790221326.147428018] [sage_mission_manager]: VALIDATED VIEWPOINT PUBLISHED
[INFO] [1790221326.343385782] [sage_mission_manager]: VIEWPOINT ACCEPTED | position=(6.00, 6.00, -2.00) | distance_from_uav=0.16 m
[INFO] [1790221326.344040351] [sage_mission_manager]: VALIDATED VIEWPOINT PUBLISHED
[INFO] [1790221326.542570430] [sage_mission_manager]: VIEWPOINT ACCEPTED | position=(6.00, 6.00, -2.00) | distance_from_uav=0.16 m
[INFO] [1790221326.545835197] [sage_mission_manager]: VALIDATED VIEWPOINT PUBLISHED
[INFO] [1790221326.749027284] [sage_mission_manager]: VIEWPOINT ACCEPTED | position=(6.00, 6.00, -2.00) | distance_from_uav=0.16 m
[INFO] [1790221326.749656159] [sage_mission_manager]: VALIDATED VIEWPOINT PUBLISHED
[INFO] [1790221326.951386942] [sage_mission_manager]: VIEWPOINT ACCEPTED | position=(6.00, 6.00, -2.00) | distance_from_uav=0.15 m
[INFO] [1790221326.955851328] [sage_mission_manager]: VALIDATED VIEWPOINT PUBLISHED
[INFO] [1790221327.145567048] [sage_mission_manager]: VIEWPOINT ACCEPTED | position=(6.00, 6.00, -2.00) | distance_from_uav=0.15 m
[INFO] [1790221327.146534751] [sage_mission_manager]: VALIDATED VIEWPOINT PUBLISHED
[INFO] [1790221327.345157539] [sage_mission_manager]: VIEWPOINT ACCEPTED | position=(6.00, 6.00, -2.00) | distance_from_uav=0.14 m
[INFO] [1790221327.348162044] [sage_mission_manager]: VALIDATED VIEWPOINT PUBLISHED
[INFO] [1790221327.544151861] [sage_mission_manager]: VIEWPOINT ACCEPTED | position=(6.00, 6.00, -2.00) | distance_from_uav=0.13 m
[INFO] [1790221327.544948932] [sage_mission_manager]: VALIDATED VIEWPOINT PUBLISHED
[INFO] [1790221327.746735107] [sage_mission_manager]: VIEWPOINT ACCEPTED | position=(6.16, 5.35, -2.00) | distance_from_uav=0.70 m
[INFO] [1790221327.747413458] [sage_mission_manager]: VALIDATED VIEWPOINT PUBLISHED
[INFO] [1790221327.945837458] [sage_mission_manager]: VIEWPOINT ACCEPTED | position=(6.21, 4.65, -2.00) | distance_from_uav=1.41 m
[INFO] [1790221327.946620748] [sage_mission_manager]: VALIDATED VIEWPOINT PUBLISHED
[INFO] [1790221328.149875504] [sage_mission_manager]: VIEWPOINT ACCEPTED | position=(6.25, 3.95, -2.00) | distance_from_uav=2.11 m
[INFO] [1790221328.152378317] [sage_mission_manager]: VALIDATED VIEWPOINT PUBLISHED
[INFO] [1790221328.345250519] [sage_mission_manager]: VIEWPOINT ACCEPTED | position=(6.30, 3.25, -2.00) | distance_from_uav=2.79 m
[INFO] [1790221328.346076174] [sage_mission_manager]: VALIDATED VIEWPOINT PUBLISHED
[INFO] [1790221328.546483970] [sage_mission_manager]: VIEWPOINT ACCEPTED | position=(6.34, 2.55, -2.00) | distance_from_uav=3.42 m
[INFO] [1790221328.547035763] [sage_mission_manager]: VALIDATED VIEWPOINT PUBLISHED
[INFO] [1790221328.753882443] [sage_mission_manager]: VIEWPOINT ACCEPTED | position=(6.34, 2.55, -2.00) | distance_from_uav=3.29 m
[INFO] [1790221328.754524719] [sage_mission_manager]: VALIDATED VIEWPOINT PUBLISHED
[INFO] [1790221328.948425501] [sage_mission_manager]: VIEWPOINT ACCEPTED | position=(6.34, 2.55, -2.00) | distance_from_uav=3.09 m
[INFO] [1790221328.949889340] [sage_mission_manager]: VALIDATED VIEWPOINT PUBLISHED
[INFO] [1790221329.150640910] [sage_mission_manager]: VIEWPOINT ACCEPTED | position=(6.39, 1.86, -2.00) | distance_from_uav=3.52 m
[INFO] [1790221329.151185522] [sage_mission_manager]: VALIDATED VIEWPOINT PUBLISHED
[INFO] [1790221329.353783579] [sage_mission_manager]: VIEWPOINT ACCEPTED | position=(6.39, 1.86, -2.00) | distance_from_uav=3.23 m
[INFO] [1790221329.356440214] [sage_mission_manager]: VALIDATED VIEWPOINT PUBLISHED
[INFO] [1790221329.545589673] [sage_mission_manager]: VIEWPOINT ACCEPTED | position=(6.43, 1.16, -2.00) | distance_from_uav=3.60 m
[INFO] [1790221329.546234686] [sage_mission_manager]: VALIDATED VIEWPOINT PUBLISHED
[INFO] [1790221329.747729238] [sage_mission_manager]: VIEWPOINT ACCEPTED | position=(6.43, 1.16, -2.00) | distance_from_uav=3.22 m
[INFO] [1790221329.748797781] [sage_mission_manager]: VALIDATED VIEWPOINT PUBLISHED
[INFO] [1790221329.950690926] [sage_mission_manager]: VIEWPOINT ACCEPTED | position=(6.48, 0.46, -2.00) | distance_from_uav=3.61 m
[INFO] [1790221329.951975008] [sage_mission_manager]: VALIDATED VIEWPOINT PUBLISHED
[INFO] [1790221330.146446197] [sage_mission_manager]: VIEWPOINT ACCEPTED | position=(6.48, 0.46, -2.00) | distance_from_uav=3.18 m
[INFO] [1790221330.147004449] [sage_mission_manager]: VALIDATED VIEWPOINT PUBLISHED
[INFO] [1790221330.341541240] [sage_mission_manager]: VIEWPOINT ACCEPTED | position=(6.53, -0.24, -2.00) | distance_from_uav=3.49 m
[INFO] [1790221330.342126106] [sage_mission_manager]: VALIDATED VIEWPOINT PUBLISHED
[INFO] [1790221330.549496505] [sage_mission_manager]: VIEWPOINT ACCEPTED | position=(6.53, -0.24, -2.00) | distance_from_uav=3.02 m
[INFO] [1790221330.550618027] [sage_mission_manager]: VALIDATED VIEWPOINT PUBLISHED
[INFO] [1790221330.745852152] [sage_mission_manager]: VIEWPOINT ACCEPTED | position=(6.57, -0.94, -2.00) | distance_from_uav=3.29 m
[INFO] [1790221330.753187590] [sage_mission_manager]: VALIDATED VIEWPOINT PUBLISHED
[INFO] [1790221330.945089072] [sage_mission_manager]: VIEWPOINT ACCEPTED | position=(6.62, -1.64, -2.00) | distance_from_uav=3.59 m
[INFO] [1790221330.947599570] [sage_mission_manager]: VALIDATED VIEWPOINT PUBLISHED
[INFO] [1790221331.145573508] [sage_mission_manager]: VIEWPOINT ACCEPTED | position=(6.62, -1.64, -2.00) | distance_from_uav=3.24 m
[INFO] [1790221331.146175761] [sage_mission_manager]: VALIDATED VIEWPOINT PUBLISHED
[INFO] [1790221331.344468772] [sage_mission_manager]: VIEWPOINT ACCEPTED | position=(6.66, -2.34, -2.00) | distance_from_uav=3.55 m
[INFO] [1790221331.345155002] [sage_mission_manager]: VALIDATED VIEWPOINT PUBLISHED
[INFO] [1790221331.547680067] [sage_mission_manager]: VIEWPOINT ACCEPTED | position=(6.66, -2.34, -2.00) | distance_from_uav=3.24 m
[INFO] [1790221331.548476706] [sage_mission_manager]: VALIDATED VIEWPOINT PUBLISHED
[INFO] [1790221331.747574372] [sage_mission_manager]: VIEWPOINT ACCEPTED | position=(6.71, -3.03, -2.00) | distance_from_uav=3.54 m
[INFO] [1790221331.748384708] [sage_mission_manager]: VALIDATED VIEWPOINT PUBLISHED
[INFO] [1790221331.948120455] [sage_mission_manager]: VIEWPOINT ACCEPTED | position=(6.71, -3.03, -2.00) | distance_from_uav=3.09 m
[INFO] [1790221331.949840837] [sage_mission_manager]: VALIDATED VIEWPOINT PUBLISHED
[INFO] [1790221332.156113822] [sage_mission_manager]: VIEWPOINT ACCEPTED | position=(6.75, -3.73, -2.00) | distance_from_uav=3.42 m
[INFO] [1790221332.156856044] [sage_mission_manager]: VALIDATED VIEWPOINT PUBLISHED
[INFO] [1790221332.346135637] [sage_mission_manager]: VIEWPOINT ACCEPTED | position=(6.75, -3.73, -2.00) | distance_from_uav=3.06 m
[INFO] [1790221332.349289617] [sage_mission_manager]: VALIDATED VIEWPOINT PUBLISHED
[INFO] [1790221332.547658981] [sage_mission_manager]: VIEWPOINT ACCEPTED | position=(6.80, -4.43, -2.00) | distance_from_uav=3.42 m
[INFO] [1790221332.550550517] [sage_mission_manager]: VALIDATED VIEWPOINT PUBLISHED
[INFO] [1790221332.743500714] [sage_mission_manager]: VIEWPOINT ACCEPTED | position=(6.80, -4.43, -2.00) | distance_from_uav=3.10 m
[INFO] [1790221332.745609945] [sage_mission_manager]: VALIDATED VIEWPOINT PUBLISHED
[INFO] [1790221332.945335480] [sage_mission_manager]: VIEWPOINT ACCEPTED | position=(6.84, -5.13, -2.00) | distance_from_uav=3.40 m
[INFO] [1790221332.951256055] [sage_mission_manager]: VALIDATED VIEWPOINT PUBLISHED
[INFO] [1790221333.142153445] [sage_mission_manager]: VIEWPOINT ACCEPTED | position=(6.84, -5.13, -2.00) | distance_from_uav=3.05 m
[INFO] [1790221333.151256380] [sage_mission_manager]: VALIDATED VIEWPOINT PUBLISHED
[INFO] [1790221333.346951579] [sage_mission_manager]: VIEWPOINT ACCEPTED | position=(6.89, -5.79, -2.00) | distance_from_uav=3.39 m
[INFO] [1790221333.348149681] [sage_mission_manager]: VALIDATED VIEWPOINT PUBLISHED
[INFO] [1790221333.543488285] [sage_mission_manager]: VIEWPOINT ACCEPTED | position=(6.89, -5.79, -2.00) | distance_from_uav=3.00 m
[INFO] [1790221333.544146432] [sage_mission_manager]: VALIDATED VIEWPOINT PUBLISHED
[INFO] [1790221333.745916480] [sage_mission_manager]: VIEWPOINT ACCEPTED | position=(6.89, -5.79, -2.00) | distance_from_uav=2.62 m
[INFO] [1790221333.746645640] [sage_mission_manager]: VALIDATED VIEWPOINT PUBLISHED
[INFO] [1790221333.946173117] [sage_mission_manager]: VIEWPOINT ACCEPTED | position=(6.89, -5.79, -2.00) | distance_from_uav=2.29 m
[INFO] [1790221333.947054983] [sage_mission_manager]: VALIDATED VIEWPOINT PUBLISHED
[INFO] [1790221334.146446152] [sage_mission_manager]: VIEWPOINT ACCEPTED | position=(6.89, -5.79, -2.00) | distance_from_uav=1.90 m
[INFO] [1790221334.147237864] [sage_mission_manager]: VALIDATED VIEWPOINT PUBLISHED
[INFO] [1790221334.347338560] [sage_mission_manager]: VIEWPOINT ACCEPTED | position=(6.89, -5.79, -2.00) | distance_from_uav=1.60 m
[INFO] [1790221334.348405841] [sage_mission_manager]: VALIDATED VIEWPOINT PUBLISHED
[INFO] [1790221334.549521789] [sage_mission_manager]: VIEWPOINT ACCEPTED | position=(6.89, -5.79, -2.00) | distance_from_uav=1.23 m
[INFO] [1790221334.550046201] [sage_mission_manager]: VALIDATED VIEWPOINT PUBLISHED
[INFO] [1790221334.743370056] [sage_mission_manager]: VIEWPOINT ACCEPTED | position=(6.89, -5.79, -2.00) | distance_from_uav=0.94 m
[INFO] [1790221334.743920150] [sage_mission_manager]: VALIDATED VIEWPOINT PUBLISHED
[INFO] [1790221334.955487230] [sage_mission_manager]: VIEWPOINT ACCEPTED | position=(6.89, -5.79, -2.00) | distance_from_uav=0.65 m
[INFO] [1790221334.956079469] [sage_mission_manager]: VALIDATED VIEWPOINT PUBLISHED
[INFO] [1790221335.155040786] [sage_mission_manager]: VIEWPOINT ACCEPTED | position=(6.89, -5.79, -2.00) | distance_from_uav=0.45 m
[INFO] [1790221335.155575499] [sage_mission_manager]: VALIDATED VIEWPOINT PUBLISHED
[INFO] [1790221335.356224909] [sage_mission_manager]: VIEWPOINT ACCEPTED | position=(6.89, -5.79, -2.00) | distance_from_uav=0.30 m
[INFO] [1790221335.359298835] [sage_mission_manager]: VALIDATED VIEWPOINT PUBLISHED
[INFO] [1790221335.544468289] [sage_mission_manager]: VIEWPOINT ACCEPTED | position=(6.39, -5.30, -2.00) | distance_from_uav=0.51 m
[INFO] [1790221335.547823215] [sage_mission_manager]: VALIDATED VIEWPOINT PUBLISHED
[INFO] [1790221335.744286359] [sage_mission_manager]: VIEWPOINT ACCEPTED | position=(5.90, -4.80, -2.00) | distance_from_uav=1.27 m
[INFO] [1790221335.745665965] [sage_mission_manager]: VALIDATED VIEWPOINT PUBLISHED
[INFO] [1790221335.953012098] [sage_mission_manager]: VIEWPOINT ACCEPTED | position=(5.40, -4.31, -2.00) | distance_from_uav=2.02 m
[INFO] [1790221335.954370589] [sage_mission_manager]: VALIDATED VIEWPOINT PUBLISHED
[INFO] [1790221336.150459289] [sage_mission_manager]: VIEWPOINT ACCEPTED | position=(4.91, -3.81, -2.00) | distance_from_uav=2.75 m
[INFO] [1790221336.153177859] [sage_mission_manager]: VALIDATED VIEWPOINT PUBLISHED
[INFO] [1790221336.343871496] [sage_mission_manager]: VIEWPOINT ACCEPTED | position=(4.41, -3.32, -2.00) | distance_from_uav=3.43 m
[INFO] [1790221336.344712718] [sage_mission_manager]: VALIDATED VIEWPOINT PUBLISHED
[INFO] [1790221336.544585420] [sage_mission_manager]: VIEWPOINT ACCEPTED | position=(4.41, -3.32, -2.00) | distance_from_uav=3.30 m
[INFO] [1790221336.545446200] [sage_mission_manager]: VALIDATED VIEWPOINT PUBLISHED
[INFO] [1790221336.743394555] [sage_mission_manager]: VIEWPOINT ACCEPTED | position=(4.41, -3.32, -2.00) | distance_from_uav=3.14 m
[INFO] [1790221336.744409926] [sage_mission_manager]: VALIDATED VIEWPOINT PUBLISHED
[INFO] [1790221336.947444330] [sage_mission_manager]: VIEWPOINT ACCEPTED | position=(3.92, -2.82, -2.00) | distance_from_uav=3.55 m
[INFO] [1790221336.948501145] [sage_mission_manager]: VALIDATED VIEWPOINT PUBLISHED
[INFO] [1790221337.145291280] [sage_mission_manager]: VIEWPOINT ACCEPTED | position=(3.92, -2.82, -2.00) | distance_from_uav=3.25 m
[INFO] [1790221337.153708694] [sage_mission_manager]: VALIDATED VIEWPOINT PUBLISHED
[INFO] [1790221337.345010947] [sage_mission_manager]: VIEWPOINT ACCEPTED | position=(3.89, -2.79, -2.00) | distance_from_uav=2.97 m
[INFO] [1790221337.345677302] [sage_mission_manager]: VALIDATED VIEWPOINT PUBLISHED
[INFO] [1790221337.544280031] [sage_mission_manager]: VIEWPOINT ACCEPTED | position=(3.89, -2.79, -2.00) | distance_from_uav=2.66 m
[INFO] [1790221337.544851711] [sage_mission_manager]: VALIDATED VIEWPOINT PUBLISHED
[INFO] [1790221337.744449666] [sage_mission_manager]: VIEWPOINT ACCEPTED | position=(3.89, -2.79, -2.00) | distance_from_uav=2.23 m
[INFO] [1790221337.745041727] [sage_mission_manager]: VALIDATED VIEWPOINT PUBLISHED
[INFO] [1790221337.946114261] [sage_mission_manager]: VIEWPOINT ACCEPTED | position=(3.89, -2.79, -2.00) | distance_from_uav=1.83 m
[INFO] [1790221337.946706382] [sage_mission_manager]: VALIDATED VIEWPOINT PUBLISHED
[INFO] [1790221338.145729301] [sage_mission_manager]: VIEWPOINT ACCEPTED | position=(3.89, -2.79, -2.00) | distance_from_uav=1.46 m
[INFO] [1790221338.146504371] [sage_mission_manager]: VALIDATED VIEWPOINT PUBLISHED
[INFO] [1790221338.347008411] [sage_mission_manager]: VIEWPOINT ACCEPTED | position=(3.89, -2.79, -2.00) | distance_from_uav=1.12 m
[INFO] [1790221338.347767351] [sage_mission_manager]: VALIDATED VIEWPOINT PUBLISHED
[INFO] [1790221338.552815314] [sage_mission_manager]: VIEWPOINT ACCEPTED | position=(3.89, -2.79, -2.00) | distance_from_uav=0.83 m
[INFO] [1790221338.556793405] [sage_mission_manager]: VALIDATED VIEWPOINT PUBLISHED
[INFO] [1790221338.742436895] [sage_mission_manager]: VIEWPOINT ACCEPTED | position=(3.89, -2.79, -2.00) | distance_from_uav=0.58 m
[INFO] [1790221338.743059923] [sage_mission_manager]: VALIDATED VIEWPOINT PUBLISHED
[INFO] [1790221338.945063439] [sage_mission_manager]: VIEWPOINT ACCEPTED | position=(3.89, -2.79, -2.00) | distance_from_uav=0.44 m
[INFO] [1790221338.945892156] [sage_mission_manager]: VALIDATED VIEWPOINT PUBLISHED
[INFO] [1790221339.147730781] [sage_mission_manager]: VIEWPOINT ACCEPTED | position=(3.89, -2.79, -2.00) | distance_from_uav=0.27 m
[INFO] [1790221339.149647247] [sage_mission_manager]: VALIDATED VIEWPOINT PUBLISHED
[INFO] [1790221339.347791840] [sage_mission_manager]: VIEWPOINT ACCEPTED | position=(3.52, -3.39, -2.00) | distance_from_uav=0.63 m
[INFO] [1790221339.348464744] [sage_mission_manager]: VALIDATED VIEWPOINT PUBLISHED
[INFO] [1790221339.545077499] [sage_mission_manager]: VIEWPOINT ACCEPTED | position=(3.16, -3.99, -2.00) | distance_from_uav=1.37 m
[INFO] [1790221339.551055633] [sage_mission_manager]: VALIDATED VIEWPOINT PUBLISHED
[INFO] [1790221339.749890825] [sage_mission_manager]: VIEWPOINT ACCEPTED | position=(2.80, -4.59, -2.00) | distance_from_uav=2.10 m
[INFO] [1790221339.753191632] [sage_mission_manager]: VALIDATED VIEWPOINT PUBLISHED
[INFO] [1790221339.950656862] [sage_mission_manager]: VIEWPOINT ACCEPTED | position=(2.43, -5.19, -2.00) | distance_from_uav=2.80 m
[INFO] [1790221339.952572381] [sage_mission_manager]: VALIDATED VIEWPOINT PUBLISHED
[INFO] [1790221340.148118152] [sage_mission_manager]: VIEWPOINT ACCEPTED | position=(2.07, -5.78, -2.00) | distance_from_uav=3.45 m
[INFO] [1790221340.157989878] [sage_mission_manager]: VALIDATED VIEWPOINT PUBLISHED
[INFO] [1790221340.348044793] [sage_mission_manager]: VIEWPOINT ACCEPTED | position=(2.07, -5.78, -2.00) | distance_from_uav=3.37 m
[INFO] [1790221340.348571421] [sage_mission_manager]: VALIDATED VIEWPOINT PUBLISHED
[INFO] [1790221340.556650711] [sage_mission_manager]: VIEWPOINT ACCEPTED | position=(2.07, -5.78, -2.00) | distance_from_uav=3.21 m
[INFO] [1790221340.560858102] [sage_mission_manager]: VALIDATED VIEWPOINT PUBLISHED
[INFO] [1790221340.753888634] [sage_mission_manager]: VIEWPOINT ACCEPTED | position=(1.71, -6.38, -2.00) | distance_from_uav=3.63 m
[INFO] [1790221340.754603324] [sage_mission_manager]: VALIDATED VIEWPOINT PUBLISHED
[INFO] [1790221340.945903793] [sage_mission_manager]: VIEWPOINT ACCEPTED | position=(1.71, -6.38, -2.00) | distance_from_uav=3.31 m
[INFO] [1790221340.947161794] [sage_mission_manager]: VALIDATED VIEWPOINT PUBLISHED
[INFO] [1790221341.158849868] [sage_mission_manager]: VIEWPOINT ACCEPTED | position=(1.42, -6.87, -2.00) | distance_from_uav=3.48 m
[INFO] [1790221341.159513567] [sage_mission_manager]: VALIDATED VIEWPOINT PUBLISHED
[INFO] [1790221341.347706595] [sage_mission_manager]: VIEWPOINT ACCEPTED | position=(1.42, -6.87, -2.00) | distance_from_uav=3.14 m
[INFO] [1790221341.349700125] [sage_mission_manager]: VALIDATED VIEWPOINT PUBLISHED
[INFO] [1790221341.552383461] [sage_mission_manager]: VIEWPOINT ACCEPTED | position=(1.42, -6.87, -2.00) | distance_from_uav=2.72 m
[INFO] [1790221341.556165753] [sage_mission_manager]: VALIDATED VIEWPOINT PUBLISHED
[INFO] [1790221341.757662102] [sage_mission_manager]: VIEWPOINT ACCEPTED | position=(1.42, -6.87, -2.00) | distance_from_uav=2.40 m
[INFO] [1790221341.758273621] [sage_mission_manager]: VALIDATED VIEWPOINT PUBLISHED
[INFO] [1790221341.947160651] [sage_mission_manager]: VIEWPOINT ACCEPTED | position=(1.42, -6.87, -2.00) | distance_from_uav=2.03 m
[INFO] [1790221341.947804582] [sage_mission_manager]: VALIDATED VIEWPOINT PUBLISHED
[INFO] [1790221342.152246611] [sage_mission_manager]: VIEWPOINT ACCEPTED | position=(1.42, -6.87, -2.00) | distance_from_uav=1.66 m
[INFO] [1790221342.152791646] [sage_mission_manager]: VALIDATED VIEWPOINT PUBLISHED
[INFO] [1790221342.346547615] [sage_mission_manager]: VIEWPOINT ACCEPTED | position=(1.42, -6.87, -2.00) | distance_from_uav=1.30 m
[INFO] [1790221342.348458692] [sage_mission_manager]: VALIDATED VIEWPOINT PUBLISHED
[INFO] [1790221342.549267757] [sage_mission_manager]: VIEWPOINT ACCEPTED | position=(1.42, -6.87, -2.00) | distance_from_uav=0.92 m
[INFO] [1790221342.550556741] [sage_mission_manager]: VALIDATED VIEWPOINT PUBLISHED
[INFO] [1790221342.745924948] [sage_mission_manager]: VIEWPOINT ACCEPTED | position=(1.42, -6.87, -2.00) | distance_from_uav=0.70 m
[INFO] [1790221342.749206447] [sage_mission_manager]: VALIDATED VIEWPOINT PUBLISHED
[INFO] [1790221342.956545070] [sage_mission_manager]: VIEWPOINT ACCEPTED | position=(1.42, -6.87, -2.00) | distance_from_uav=0.49 m
[INFO] [1790221342.957282250] [sage_mission_manager]: VALIDATED VIEWPOINT PUBLISHED
[INFO] [1790221343.146902997] [sage_mission_manager]: VIEWPOINT ACCEPTED | position=(1.42, -6.87, -2.00) | distance_from_uav=0.30 m
[INFO] [1790221343.148259640] [sage_mission_manager]: VALIDATED VIEWPOINT PUBLISHED
[INFO] [1790221343.349018726] [sage_mission_manager]: VIEWPOINT ACCEPTED | position=(2.03, -7.20, -2.00) | distance_from_uav=0.74 m
[INFO] [1790221343.351510063] [sage_mission_manager]: VALIDATED VIEWPOINT PUBLISHED
[INFO] [1790221343.752781590] [sage_mission_manager]: VIEWPOINT ACCEPTED | position=(1.57, -6.19, -2.00) | distance_from_uav=0.70 m
[INFO] [1790221343.755102931] [sage_mission_manager]: VALIDATED VIEWPOINT PUBLISHED
[INFO] [1790221343.942520977] [sage_mission_manager]: VIEWPOINT ACCEPTED | position=(1.81, -5.53, -2.00) | distance_from_uav=1.48 m
[INFO] [1790221343.943134067] [sage_mission_manager]: VALIDATED VIEWPOINT PUBLISHED
[INFO] [1790221344.146950507] [sage_mission_manager]: VIEWPOINT ACCEPTED | position=(2.05, -4.87, -2.00) | distance_from_uav=2.24 m
[INFO] [1790221344.150087660] [sage_mission_manager]: VALIDATED VIEWPOINT PUBLISHED
[INFO] [1790221344.349688318] [sage_mission_manager]: VIEWPOINT ACCEPTED | position=(2.29, -4.22, -2.00) | distance_from_uav=2.95 m
[INFO] [1790221344.353741135] [sage_mission_manager]: VALIDATED VIEWPOINT PUBLISHED
[INFO] [1790221344.543948346] [sage_mission_manager]: VIEWPOINT ACCEPTED | position=(2.52, -3.56, -2.00) | distance_from_uav=3.61 m
[INFO] [1790221344.544763163] [sage_mission_manager]: VALIDATED VIEWPOINT PUBLISHED
[INFO] [1790221344.748622301] [sage_mission_manager]: VIEWPOINT ACCEPTED | position=(2.52, -3.56, -2.00) | distance_from_uav=3.49 m
[INFO] [1790221344.749367280] [sage_mission_manager]: VALIDATED VIEWPOINT PUBLISHED
[INFO] [1790221344.942847791] [sage_mission_manager]: VIEWPOINT ACCEPTED | position=(2.52, -3.56, -2.00) | distance_from_uav=3.32 m
[INFO] [1790221344.943744884] [sage_mission_manager]: VALIDATED VIEWPOINT PUBLISHED
[INFO] [1790221345.147158904] [sage_mission_manager]: VIEWPOINT ACCEPTED | position=(2.52, -3.56, -2.00) | distance_from_uav=3.06 m
[INFO] [1790221345.152173064] [sage_mission_manager]: VALIDATED VIEWPOINT PUBLISHED
[INFO] [1790221345.344825234] [sage_mission_manager]: VIEWPOINT ACCEPTED | position=(2.76, -2.90, -2.00) | distance_from_uav=3.43 m
[INFO] [1790221345.345656453] [sage_mission_manager]: VALIDATED VIEWPOINT PUBLISHED
[INFO] [1790221345.542950946] [sage_mission_manager]: VIEWPOINT ACCEPTED | position=(2.76, -2.90, -2.00) | distance_from_uav=3.11 m
[INFO] [1790221345.543809274] [sage_mission_manager]: VALIDATED VIEWPOINT PUBLISHED
[INFO] [1790221345.742282336] [sage_mission_manager]: VIEWPOINT ACCEPTED | position=(3.00, -2.24, -2.00) | distance_from_uav=3.48 m
[INFO] [1790221345.743042649] [sage_mission_manager]: VALIDATED VIEWPOINT PUBLISHED
[INFO] [1790221345.950705648] [sage_mission_manager]: VIEWPOINT ACCEPTED | position=(3.00, -2.24, -2.00) | distance_from_uav=3.10 m
[INFO] [1790221345.952037739] [sage_mission_manager]: VALIDATED VIEWPOINT PUBLISHED
[INFO] [1790221346.144242857] [sage_mission_manager]: VIEWPOINT ACCEPTED | position=(3.24, -1.58, -2.00) | distance_from_uav=3.42 m
[INFO] [1790221346.145789202] [sage_mission_manager]: VALIDATED VIEWPOINT PUBLISHED
[INFO] [1790221346.349928803] [sage_mission_manager]: VIEWPOINT ACCEPTED | position=(3.24, -1.58, -2.00) | distance_from_uav=3.00 m
[INFO] [1790221346.350689881] [sage_mission_manager]: VALIDATED VIEWPOINT PUBLISHED
[INFO] [1790221346.553213657] [sage_mission_manager]: VIEWPOINT ACCEPTED | position=(3.48, -0.93, -2.00) | distance_from_uav=3.33 m
[INFO] [1790221346.554148943] [sage_mission_manager]: VALIDATED VIEWPOINT PUBLISHED
[INFO] [1790221346.742928293] [sage_mission_manager]: VIEWPOINT ACCEPTED | position=(3.72, -0.27, -2.00) | distance_from_uav=3.67 m
[INFO] [1790221346.743836309] [sage_mission_manager]: VALIDATED VIEWPOINT PUBLISHED
[INFO] [1790221346.953097110] [sage_mission_manager]: VIEWPOINT ACCEPTED | position=(3.72, -0.27, -2.00) | distance_from_uav=3.24 m
[INFO] [1790221346.953694683] [sage_mission_manager]: VALIDATED VIEWPOINT PUBLISHED
[INFO] [1790221347.145924875] [sage_mission_manager]: VIEWPOINT ACCEPTED | position=(3.96, 0.39, -2.00) | distance_from_uav=3.51 m
[INFO] [1790221347.146764101] [sage_mission_manager]: VALIDATED VIEWPOINT PUBLISHED
[INFO] [1790221347.348658348] [sage_mission_manager]: VIEWPOINT ACCEPTED | position=(3.96, 0.39, -2.00) | distance_from_uav=3.13 m
[INFO] [1790221347.349374307] [sage_mission_manager]: VALIDATED VIEWPOINT PUBLISHED
[INFO] [1790221347.548816449] [sage_mission_manager]: VIEWPOINT ACCEPTED | position=(4.20, 1.05, -2.00) | distance_from_uav=3.50 m
[INFO] [1790221347.550057120] [sage_mission_manager]: VALIDATED VIEWPOINT PUBLISHED
[INFO] [1790221347.744010223] [sage_mission_manager]: VIEWPOINT ACCEPTED | position=(4.20, 1.05, -2.00) | distance_from_uav=3.13 m
[INFO] [1790221347.746721421] [sage_mission_manager]: VALIDATED VIEWPOINT PUBLISHED
[INFO] [1790221347.946657797] [sage_mission_manager]: VIEWPOINT ACCEPTED | position=(4.44, 1.71, -2.00) | distance_from_uav=3.45 m
[INFO] [1790221347.947532733] [sage_mission_manager]: VALIDATED VIEWPOINT PUBLISHED
[INFO] [1790221348.148861012] [sage_mission_manager]: VIEWPOINT ACCEPTED | position=(4.44, 1.71, -2.00) | distance_from_uav=3.05 m
[INFO] [1790221348.152192838] [sage_mission_manager]: VALIDATED VIEWPOINT PUBLISHED
[INFO] [1790221348.343959014] [sage_mission_manager]: VIEWPOINT ACCEPTED | position=(4.68, 2.36, -2.00) | distance_from_uav=3.33 m
[INFO] [1790221348.344796718] [sage_mission_manager]: VALIDATED VIEWPOINT PUBLISHED
[INFO] [1790221348.542657274] [sage_mission_manager]: VIEWPOINT ACCEPTED | position=(4.92, 3.02, -2.00) | distance_from_uav=3.57 m
[INFO] [1790221348.546123708] [sage_mission_manager]: VALIDATED VIEWPOINT PUBLISHED
[INFO] [1790221348.742877607] [sage_mission_manager]: VIEWPOINT ACCEPTED | position=(4.92, 3.02, -2.00) | distance_from_uav=3.20 m
[INFO] [1790221348.743656626] [sage_mission_manager]: VALIDATED VIEWPOINT PUBLISHED
[INFO] [1790221348.947751162] [sage_mission_manager]: VIEWPOINT ACCEPTED | position=(5.16, 3.68, -2.00) | distance_from_uav=3.43 m
[INFO] [1790221348.948303724] [sage_mission_manager]: VALIDATED VIEWPOINT PUBLISHED
[INFO] [1790221349.145006425] [sage_mission_manager]: VIEWPOINT ACCEPTED | position=(5.16, 3.68, -2.00) | distance_from_uav=2.99 m
[INFO] [1790221349.148310198] [sage_mission_manager]: VALIDATED VIEWPOINT PUBLISHED
[INFO] [1790221349.345595667] [sage_mission_manager]: VIEWPOINT ACCEPTED | position=(5.40, 4.34, -2.00) | distance_from_uav=3.31 m
[INFO] [1790221349.346467216] [sage_mission_manager]: VALIDATED VIEWPOINT PUBLISHED
[INFO] [1790221349.549594419] [sage_mission_manager]: VIEWPOINT ACCEPTED | position=(5.63, 4.99, -2.00) | distance_from_uav=3.68 m
[INFO] [1790221349.550477751] [sage_mission_manager]: VALIDATED VIEWPOINT PUBLISHED
[INFO] [1790221349.752300687] [sage_mission_manager]: VIEWPOINT ACCEPTED | position=(5.63, 4.99, -2.00) | distance_from_uav=3.25 m
[INFO] [1790221349.753750539] [sage_mission_manager]: VALIDATED VIEWPOINT PUBLISHED
[INFO] [1790221349.945493845] [sage_mission_manager]: VIEWPOINT ACCEPTED | position=(5.87, 5.65, -2.00) | distance_from_uav=3.54 m
[INFO] [1790221349.946295102] [sage_mission_manager]: VALIDATED VIEWPOINT PUBLISHED
[INFO] [1790221350.145182458] [sage_mission_manager]: VIEWPOINT ACCEPTED | position=(5.87, 5.65, -2.00) | distance_from_uav=3.03 m
[INFO] [1790221350.146083090] [sage_mission_manager]: VALIDATED VIEWPOINT PUBLISHED
[INFO] [1790221350.344455356] [sage_mission_manager]: VIEWPOINT ACCEPTED | position=(6.00, 6.00, -2.00) | distance_from_uav=2.99 m
[INFO] [1790221350.345023953] [sage_mission_manager]: VALIDATED VIEWPOINT PUBLISHED
[INFO] [1790221350.545750784] [sage_mission_manager]: VIEWPOINT ACCEPTED | position=(6.00, 6.00, -2.00) | distance_from_uav=2.51 m
[INFO] [1790221350.548026311] [sage_mission_manager]: VALIDATED VIEWPOINT PUBLISHED
[INFO] [1790221350.745697222] [sage_mission_manager]: VIEWPOINT ACCEPTED | position=(6.00, 6.00, -2.00) | distance_from_uav=2.12 m
[INFO] [1790221350.747054833] [sage_mission_manager]: VALIDATED VIEWPOINT PUBLISHED
[INFO] [1790221350.951746952] [sage_mission_manager]: VIEWPOINT ACCEPTED | position=(6.00, 6.00, -2.00) | distance_from_uav=1.75 m
[INFO] [1790221350.952284328] [sage_mission_manager]: VALIDATED VIEWPOINT PUBLISHED
[INFO] [1790221351.149854119] [sage_mission_manager]: VIEWPOINT ACCEPTED | position=(6.00, 6.00, -2.00) | distance_from_uav=1.47 m
[INFO] [1790221351.152800086] [sage_mission_manager]: VALIDATED VIEWPOINT PUBLISHED
[INFO] [1790221351.343196269] [sage_mission_manager]: VIEWPOINT ACCEPTED | position=(6.00, 6.00, -2.00) | distance_from_uav=1.09 m
[INFO] [1790221351.343715550] [sage_mission_manager]: VALIDATED VIEWPOINT PUBLISHED
[INFO] [1790221351.546063599] [sage_mission_manager]: VIEWPOINT ACCEPTED | position=(6.00, 6.00, -2.00) | distance_from_uav=0.75 m
[INFO] [1790221351.548292711] [sage_mission_manager]: VALIDATED VIEWPOINT PUBLISHED
[INFO] [1790221351.748972085] [sage_mission_manager]: VIEWPOINT ACCEPTED | position=(6.00, 6.00, -2.00) | distance_from_uav=0.49 m
[INFO] [1790221351.752560688] [sage_mission_manager]: VALIDATED VIEWPOINT PUBLISHED
[INFO] [1790221351.945125247] [sage_mission_manager]: VIEWPOINT ACCEPTED | position=(6.00, 6.00, -2.00) | distance_from_uav=0.27 m
[INFO] [1790221351.945864099] [sage_mission_manager]: VALIDATED VIEWPOINT PUBLISHED
[INFO] [1790221352.145941665] [sage_mission_manager]: VIEWPOINT ACCEPTED | position=(6.00, 6.00, -2.00) | distance_from_uav=0.13 m
[INFO] [1790221352.151124769] [sage_mission_manager]: VALIDATED VIEWPOINT PUBLISHED
[INFO] [1790221352.349726904] [sage_mission_manager]: VIEWPOINT ACCEPTED | position=(6.00, 6.00, -2.00) | distance_from_uav=0.14 m
[INFO] [1790221352.350335467] [sage_mission_manager]: VALIDATED VIEWPOINT PUBLISHED
[INFO] [1790221352.543663269] [sage_mission_manager]: VIEWPOINT ACCEPTED | position=(6.00, 6.00, -2.00) | distance_from_uav=0.21 m
[INFO] [1790221352.544336269] [sage_mission_manager]: VALIDATED VIEWPOINT PUBLISHED
[INFO] [1790221352.749837075] [sage_mission_manager]: VIEWPOINT ACCEPTED | position=(6.00, 6.00, -2.00) | distance_from_uav=0.27 m
[INFO] [1790221352.751629660] [sage_mission_manager]: VALIDATED VIEWPOINT PUBLISHED
[INFO] [1790221352.945125291] [sage_mission_manager]: VIEWPOINT ACCEPTED | position=(6.00, 6.00, -2.00) | distance_from_uav=0.32 m
[INFO] [1790221352.945811842] [sage_mission_manager]: VALIDATED VIEWPOINT PUBLISHED
[INFO] [1790221353.147404252] [sage_mission_manager]: VIEWPOINT ACCEPTED | position=(6.00, 6.00, -2.00) | distance_from_uav=0.35 m
[INFO] [1790221353.150543669] [sage_mission_manager]: VALIDATED VIEWPOINT PUBLISHED
[INFO] [1790221353.343498669] [sage_mission_manager]: VIEWPOINT ACCEPTED | position=(6.00, 6.00, -2.00) | distance_from_uav=0.36 m
[INFO] [1790221353.344107201] [sage_mission_manager]: VALIDATED VIEWPOINT PUBLISHED
[INFO] [1790221353.541670432] [sage_mission_manager]: VIEWPOINT ACCEPTED | position=(6.00, 6.00, -2.00) | distance_from_uav=0.36 m
[INFO] [1790221353.544385197] [sage_mission_manager]: VALIDATED VIEWPOINT PUBLISHED
[INFO] [1790221353.747263068] [sage_mission_manager]: VIEWPOINT ACCEPTED | position=(6.00, 6.00, -2.00) | distance_from_uav=0.36 m
[INFO] [1790221353.747991592] [sage_mission_manager]: VALIDATED VIEWPOINT PUBLISHED
[INFO] [1790221353.950462791] [sage_mission_manager]: VIEWPOINT ACCEPTED | position=(6.00, 6.00, -2.00) | distance_from_uav=0.35 m
[INFO] [1790221353.951250105] [sage_mission_manager]: VALIDATED VIEWPOINT PUBLISHED
[INFO] [1790221354.154524731] [sage_mission_manager]: VIEWPOINT ACCEPTED | position=(6.00, 6.00, -2.00) | distance_from_uav=0.34 m
[INFO] [1790221354.155247390] [sage_mission_manager]: VALIDATED VIEWPOINT PUBLISHED
[INFO] [1790221354.342638369] [sage_mission_manager]: VIEWPOINT ACCEPTED | position=(6.00, 6.00, -2.00) | distance_from_uav=0.32 m
[INFO] [1790221354.343192253] [sage_mission_manager]: VALIDATED VIEWPOINT PUBLISHED
[INFO] [1790221354.543273358] [sage_mission_manager]: VIEWPOINT ACCEPTED | position=(6.00, 6.00, -2.00) | distance_from_uav=0.30 m
[INFO] [1790221354.545567155] [sage_mission_manager]: VALIDATED VIEWPOINT PUBLISHED
[INFO] [1790221354.749196707] [sage_mission_manager]: VIEWPOINT ACCEPTED | position=(6.00, 6.00, -2.00) | distance_from_uav=0.29 m
[INFO] [1790221354.753323960] [sage_mission_manager]: VALIDATED VIEWPOINT PUBLISHED
[INFO] [1790221354.945109490] [sage_mission_manager]: VIEWPOINT ACCEPTED | position=(6.00, 6.00, -2.00) | distance_from_uav=0.27 m
[INFO] [1790221354.945876543] [sage_mission_manager]: VALIDATED VIEWPOINT PUBLISHED
[INFO] [1790221355.146012752] [sage_mission_manager]: VIEWPOINT ACCEPTED | position=(6.00, 6.00, -2.00) | distance_from_uav=0.25 m
[INFO] [1790221355.148766488] [sage_mission_manager]: VALIDATED VIEWPOINT PUBLISHED
[INFO] [1790221355.352121292] [sage_mission_manager]: VIEWPOINT ACCEPTED | position=(6.00, 6.00, -2.00) | distance_from_uav=0.24 m
[INFO] [1790221355.354685818] [sage_mission_manager]: VALIDATED VIEWPOINT PUBLISHED
[INFO] [1790221355.542657516] [sage_mission_manager]: VIEWPOINT ACCEPTED | position=(6.00, 6.00, -2.00) | distance_from_uav=0.23 m
[INFO] [1790221355.543233643] [sage_mission_manager]: VALIDATED VIEWPOINT PUBLISHED
[INFO] [1790221355.744525135] [sage_mission_manager]: VIEWPOINT ACCEPTED | position=(6.00, 6.00, -2.00) | distance_from_uav=0.20 m
[INFO] [1790221355.745126598] [sage_mission_manager]: VALIDATED VIEWPOINT PUBLISHED
[INFO] [1790221355.941204006] [sage_mission_manager]: VIEWPOINT ACCEPTED | position=(6.00, 6.00, -2.00) | distance_from_uav=0.18 m
[INFO] [1790221355.944327132] [sage_mission_manager]: VALIDATED VIEWPOINT PUBLISHED
[INFO] [1790221356.141897948] [sage_mission_manager]: VIEWPOINT ACCEPTED | position=(6.00, 6.00, -2.00) | distance_from_uav=0.17 m
[INFO] [1790221356.143544760] [sage_mission_manager]: VALIDATED VIEWPOINT PUBLISHED
[INFO] [1790221356.342689980] [sage_mission_manager]: VIEWPOINT ACCEPTED | position=(6.00, 6.00, -2.00) | distance_from_uav=0.16 m
[INFO] [1790221356.346876533] [sage_mission_manager]: VALIDATED VIEWPOINT PUBLISHED
[INFO] [1790221356.544156969] [sage_mission_manager]: VIEWPOINT ACCEPTED | position=(6.00, 6.00, -2.00) | distance_from_uav=0.15 m
[INFO] [1790221356.544676885] [sage_mission_manager]: VALIDATED VIEWPOINT PUBLISHED
[INFO] [1790221356.744063459] [sage_mission_manager]: VIEWPOINT ACCEPTED | position=(6.00, 6.00, -2.00) | distance_from_uav=0.13 m
[INFO] [1790221356.744741328] [sage_mission_manager]: VALIDATED VIEWPOINT PUBLISHED
[INFO] [1790221356.944165520] [sage_mission_manager]: VIEWPOINT ACCEPTED | position=(6.00, 6.00, -2.00) | distance_from_uav=0.12 m
[INFO] [1790221356.944801099] [sage_mission_manager]: VALIDATED VIEWPOINT PUBLISHED
[INFO] [1790221357.141940341] [sage_mission_manager]: VIEWPOINT ACCEPTED | position=(6.00, 6.00, -2.00) | distance_from_uav=0.12 m
[INFO] [1790221357.142682830] [sage_mission_manager]: VALIDATED VIEWPOINT PUBLISHED
[INFO] [1790221357.353497687] [sage_mission_manager]: VIEWPOINT ACCEPTED | position=(6.00, 6.00, -2.00) | distance_from_uav=0.11 m
[INFO] [1790221357.355469696] [sage_mission_manager]: VALIDATED VIEWPOINT PUBLISHED
[INFO] [1790221357.550883144] [sage_mission_manager]: VIEWPOINT ACCEPTED | position=(6.00, 6.00, -2.00) | distance_from_uav=0.11 m
[INFO] [1790221357.551447996] [sage_mission_manager]: VALIDATED VIEWPOINT PUBLISHED
[INFO] [1790221357.742495590] [sage_mission_manager]: VIEWPOINT ACCEPTED | position=(6.00, 6.00, -2.00) | distance_from_uav=0.11 m
[INFO] [1790221357.744511476] [sage_mission_manager]: VALIDATED VIEWPOINT PUBLISHED
[INFO] [1790221357.944003009] [sage_mission_manager]: VIEWPOINT ACCEPTED | position=(6.00, 6.00, -2.00) | distance_from_uav=0.10 m
[INFO] [1790221357.944918986] [sage_mission_manager]: VALIDATED VIEWPOINT PUBLISHED
[INFO] [1790221358.146526031] [sage_mission_manager]: VIEWPOINT ACCEPTED | position=(6.00, 6.00, -2.00) | distance_from_uav=0.10 m
[INFO] [1790221358.150384723] [sage_mission_manager]: VALIDATED VIEWPOINT PUBLISHED
[INFO] [1790221358.346748916] [sage_mission_manager]: VIEWPOINT ACCEPTED | position=(6.00, 6.00, -2.00) | distance_from_uav=0.10 m
[INFO] [1790221358.347576146] [sage_mission_manager]: VALIDATED VIEWPOINT PUBLISHED
[INFO] [1790221358.546578832] [sage_mission_manager]: VIEWPOINT ACCEPTED | position=(6.00, 6.00, -2.00) | distance_from_uav=0.09 m
[INFO] [1790221358.549925708] [sage_mission_manager]: VALIDATED VIEWPOINT PUBLISHED
[INFO] [1790221358.745671777] [sage_mission_manager]: VIEWPOINT ACCEPTED | position=(6.00, 6.00, -2.00) | distance_from_uav=0.08 m
[INFO] [1790221358.748457443] [sage_mission_manager]: VALIDATED VIEWPOINT PUBLISHED
[INFO] [1790221358.946369999] [sage_mission_manager]: VIEWPOINT ACCEPTED | position=(6.00, 6.00, -2.00) | distance_from_uav=0.08 m
[INFO] [1790221358.947162626] [sage_mission_manager]: VALIDATED VIEWPOINT PUBLISHED
[INFO] [1790221359.144371852] [sage_mission_manager]: VIEWPOINT ACCEPTED | position=(6.00, 6.00, -2.00) | distance_from_uav=0.07 m
[INFO] [1790221359.149548339] [sage_mission_manager]: VALIDATED VIEWPOINT PUBLISHED
[INFO] [1790221359.344828559] [sage_mission_manager]: VIEWPOINT ACCEPTED | position=(6.00, 6.00, -2.00) | distance_from_uav=0.07 m
[INFO] [1790221359.345481508] [sage_mission_manager]: VALIDATED VIEWPOINT PUBLISHED
[INFO] [1790221359.549492828] [sage_mission_manager]: VIEWPOINT ACCEPTED | position=(6.00, 6.00, -2.00) | distance_from_uav=0.06 m
[INFO] [1790221359.551924946] [sage_mission_manager]: VALIDATED VIEWPOINT PUBLISHED
[INFO] [1790221359.745939849] [sage_mission_manager]: VIEWPOINT ACCEPTED | position=(6.00, 6.00, -2.00) | distance_from_uav=0.06 m
[INFO] [1790221359.746672669] [sage_mission_manager]: VALIDATED VIEWPOINT PUBLISHED
[INFO] [1790221359.947305326] [sage_mission_manager]: VIEWPOINT ACCEPTED | position=(6.00, 6.00, -2.00) | distance_from_uav=0.07 m
[INFO] [1790221359.949757482] [sage_mission_manager]: VALIDATED VIEWPOINT PUBLISHED
[INFO] [1790221360.145374964] [sage_mission_manager]: VIEWPOINT ACCEPTED | position=(6.00, 5.30, -2.00) | distance_from_uav=0.74 m
[INFO] [1790221360.146769953] [sage_mission_manager]: VALIDATED VIEWPOINT PUBLISHED
[INFO] [1790221360.353029063] [sage_mission_manager]: VIEWPOINT ACCEPTED | position=(6.00, 4.60, -2.00) | distance_from_uav=1.43 m
[INFO] [1790221360.353845101] [sage_mission_manager]: VALIDATED VIEWPOINT PUBLISHED
[INFO] [1790221360.547781577] [sage_mission_manager]: VIEWPOINT ACCEPTED | position=(6.00, 3.90, -2.00) | distance_from_uav=2.11 m
[INFO] [1790221360.548455939] [sage_mission_manager]: VALIDATED VIEWPOINT PUBLISHED
[INFO] [1790221360.748475770] [sage_mission_manager]: VIEWPOINT ACCEPTED | position=(6.00, 3.20, -2.00) | distance_from_uav=2.76 m
[INFO] [1790221360.748980859] [sage_mission_manager]: VALIDATED VIEWPOINT PUBLISHED
[INFO] [1790221360.945776790] [sage_mission_manager]: VIEWPOINT ACCEPTED | position=(6.00, 2.50, -2.00) | distance_from_uav=3.34 m
[INFO] [1790221360.946356061] [sage_mission_manager]: VALIDATED VIEWPOINT PUBLISHED
[INFO] [1790221361.144317275] [sage_mission_manager]: VIEWPOINT ACCEPTED | position=(6.00, 2.50, -2.00) | distance_from_uav=3.17 m
[INFO] [1790221361.144990814] [sage_mission_manager]: VALIDATED VIEWPOINT PUBLISHED
[INFO] [1790221361.343736429] [sage_mission_manager]: VIEWPOINT ACCEPTED | position=(6.00, 1.80, -2.00) | distance_from_uav=3.63 m
[INFO] [1790221361.344717650] [sage_mission_manager]: VALIDATED VIEWPOINT PUBLISHED
[INFO] [1790221361.555396098] [sage_mission_manager]: VIEWPOINT ACCEPTED | position=(6.00, 1.80, -2.00) | distance_from_uav=3.36 m
[INFO] [1790221361.556046882] [sage_mission_manager]: VALIDATED VIEWPOINT PUBLISHED
[INFO] [1790221361.742294467] [sage_mission_manager]: VIEWPOINT ACCEPTED | position=(6.00, 1.80, -2.00) | distance_from_uav=3.06 m
[INFO] [1790221361.742906414] [sage_mission_manager]: VALIDATED VIEWPOINT PUBLISHED
[INFO] [1790221361.942942747] [sage_mission_manager]: VIEWPOINT ACCEPTED | position=(6.00, 1.10, -2.00) | distance_from_uav=3.36 m
[INFO] [1790221361.943738720] [sage_mission_manager]: VALIDATED VIEWPOINT PUBLISHED
[INFO] [1790221362.147193656] [sage_mission_manager]: VIEWPOINT ACCEPTED | position=(6.00, 0.40, -2.00) | distance_from_uav=3.65 m
[INFO] [1790221362.148355975] [sage_mission_manager]: VALIDATED VIEWPOINT PUBLISHED
[INFO] [1790221362.345863522] [sage_mission_manager]: VIEWPOINT ACCEPTED | position=(6.00, 0.40, -2.00) | distance_from_uav=3.23 m
[INFO] [1790221362.346822639] [sage_mission_manager]: VALIDATED VIEWPOINT PUBLISHED
[INFO] [1790221362.545089893] [sage_mission_manager]: VIEWPOINT ACCEPTED | position=(6.00, 0.00, -2.00) | distance_from_uav=3.24 m
[INFO] [1790221362.545618424] [sage_mission_manager]: VALIDATED VIEWPOINT PUBLISHED
[INFO] [1790221362.751004657] [sage_mission_manager]: VIEWPOINT ACCEPTED | position=(6.00, 0.00, -2.00) | distance_from_uav=2.89 m
[INFO] [1790221362.755969983] [sage_mission_manager]: VALIDATED VIEWPOINT PUBLISHED
[INFO] [1790221362.942655384] [sage_mission_manager]: VIEWPOINT ACCEPTED | position=(6.00, 0.00, -2.00) | distance_from_uav=2.48 m
[INFO] [1790221362.948263660] [sage_mission_manager]: VALIDATED VIEWPOINT PUBLISHED
[INFO] [1790221363.144101589] [sage_mission_manager]: VIEWPOINT ACCEPTED | position=(6.00, 0.00, -2.00) | distance_from_uav=2.09 m
[INFO] [1790221363.144897810] [sage_mission_manager]: VALIDATED VIEWPOINT PUBLISHED
[INFO] [1790221363.340763017] [sage_mission_manager]: VIEWPOINT ACCEPTED | position=(6.00, 0.00, -2.00) | distance_from_uav=1.69 m
[INFO] [1790221363.341333830] [sage_mission_manager]: VALIDATED VIEWPOINT PUBLISHED
[INFO] [1790221363.543940075] [sage_mission_manager]: VIEWPOINT ACCEPTED | position=(6.00, 0.00, -2.00) | distance_from_uav=1.26 m
[INFO] [1790221363.547364607] [sage_mission_manager]: VALIDATED VIEWPOINT PUBLISHED
[INFO] [1790221363.743199760] [sage_mission_manager]: VIEWPOINT ACCEPTED | position=(6.00, 0.00, -2.00) | distance_from_uav=0.92 m
[INFO] [1790221363.743938804] [sage_mission_manager]: VALIDATED VIEWPOINT PUBLISHED
[INFO] [1790221363.942683486] [sage_mission_manager]: VIEWPOINT ACCEPTED | position=(6.00, 0.00, -2.00) | distance_from_uav=0.68 m
[INFO] [1790221363.946556020] [sage_mission_manager]: VALIDATED VIEWPOINT PUBLISHED
[INFO] [1790221364.141684450] [sage_mission_manager]: VIEWPOINT ACCEPTED | position=(6.00, 0.00, -2.00) | distance_from_uav=0.45 m
[INFO] [1790221364.144416492] [sage_mission_manager]: VALIDATED VIEWPOINT PUBLISHED
[INFO] [1790221364.351234304] [sage_mission_manager]: VIEWPOINT ACCEPTED | position=(6.00, 0.00, -2.00) | distance_from_uav=0.26 m
[INFO] [1790221364.353607529] [sage_mission_manager]: VALIDATED VIEWPOINT PUBLISHED
[INFO] [1790221364.547292600] [sage_mission_manager]: VIEWPOINT ACCEPTED | position=(6.00, 0.00, -2.00) | distance_from_uav=0.11 m
[INFO] [1790221364.547848987] [sage_mission_manager]: VALIDATED VIEWPOINT PUBLISHED
[INFO] [1790221364.745264137] [sage_mission_manager]: VIEWPOINT ACCEPTED | position=(6.00, 0.00, -2.00) | distance_from_uav=0.02 m
[INFO] [1790221364.745941633] [sage_mission_manager]: VALIDATED VIEWPOINT PUBLISHED
[INFO] [1790221364.944258809] [sage_mission_manager]: VIEWPOINT ACCEPTED | position=(6.00, 0.00, -2.00) | distance_from_uav=0.05 m
[INFO] [1790221364.948575231] [sage_mission_manager]: VALIDATED VIEWPOINT PUBLISHED
[INFO] [1790221365.150621449] [sage_mission_manager]: VIEWPOINT ACCEPTED | position=(6.00, 0.00, -2.00) | distance_from_uav=0.12 m
[INFO] [1790221365.151877846] [sage_mission_manager]: VALIDATED VIEWPOINT PUBLISHED
[INFO] [1790221365.341078731] [sage_mission_manager]: VIEWPOINT ACCEPTED | position=(6.00, 0.00, -2.00) | distance_from_uav=0.16 m
[INFO] [1790221365.341862982] [sage_mission_manager]: VALIDATED VIEWPOINT PUBLISHED
[INFO] [1790221365.548833910] [sage_mission_manager]: VIEWPOINT ACCEPTED | position=(6.00, 0.00, -2.00) | distance_from_uav=0.18 m
[INFO] [1790221365.551418603] [sage_mission_manager]: VALIDATED VIEWPOINT PUBLISHED
[INFO] [1790221365.756569919] [sage_mission_manager]: VIEWPOINT ACCEPTED | position=(6.00, 0.00, -2.00) | distance_from_uav=0.19 m
[INFO] [1790221365.757550006] [sage_mission_manager]: VALIDATED VIEWPOINT PUBLISHED
[INFO] [1790221365.944541757] [sage_mission_manager]: VIEWPOINT ACCEPTED | position=(6.00, 0.00, -2.00) | distance_from_uav=0.19 m
[INFO] [1790221365.946391062] [sage_mission_manager]: VALIDATED VIEWPOINT PUBLISHED
[INFO] [1790221366.147882407] [sage_mission_manager]: VIEWPOINT ACCEPTED | position=(6.00, 0.00, -2.00) | distance_from_uav=0.18 m
[INFO] [1790221366.150632082] [sage_mission_manager]: VALIDATED VIEWPOINT PUBLISHED
[INFO] [1790221366.353882506] [sage_mission_manager]: VIEWPOINT ACCEPTED | position=(6.00, 0.00, -2.00) | distance_from_uav=0.18 m
[INFO] [1790221366.357305168] [sage_mission_manager]: VALIDATED VIEWPOINT PUBLISHED
[INFO] [1790221366.545562225] [sage_mission_manager]: VIEWPOINT ACCEPTED | position=(6.45, -0.70, -2.00) | distance_from_uav=0.70 m
[INFO] [1790221366.546126540] [sage_mission_manager]: VALIDATED VIEWPOINT PUBLISHED
[INFO] [1790221366.746268210] [sage_mission_manager]: VIEWPOINT ACCEPTED | position=(6.90, -1.24, -2.00) | distance_from_uav=1.41 m
[INFO] [1790221366.751695160] [sage_mission_manager]: VALIDATED VIEWPOINT PUBLISHED
[INFO] [1790221366.942943837] [sage_mission_manager]: VIEWPOINT ACCEPTED | position=(7.35, -1.78, -2.00) | distance_from_uav=2.10 m
[INFO] [1790221366.945875835] [sage_mission_manager]: VALIDATED VIEWPOINT PUBLISHED
[INFO] [1790221367.144492075] [sage_mission_manager]: VIEWPOINT ACCEPTED | position=(7.80, -2.31, -2.00) | distance_from_uav=2.77 m
[INFO] [1790221367.145271423] [sage_mission_manager]: VALIDATED VIEWPOINT PUBLISHED
[INFO] [1790221367.342321661] [sage_mission_manager]: VIEWPOINT ACCEPTED | position=(8.25, -2.85, -2.00) | distance_from_uav=3.41 m
[INFO] [1790221367.345453189] [sage_mission_manager]: VALIDATED VIEWPOINT PUBLISHED
[INFO] [1790221367.544354725] [sage_mission_manager]: VIEWPOINT ACCEPTED | position=(8.25, -2.85, -2.00) | distance_from_uav=3.28 m
[INFO] [1790221367.545047745] [sage_mission_manager]: VALIDATED VIEWPOINT PUBLISHED
[INFO] [1790221367.758943934] [sage_mission_manager]: VIEWPOINT ACCEPTED | position=(8.25, -2.85, -2.00) | distance_from_uav=3.09 m
[INFO] [1790221367.759622112] [sage_mission_manager]: VALIDATED VIEWPOINT PUBLISHED
[INFO] [1790221367.946579338] [sage_mission_manager]: VIEWPOINT ACCEPTED | position=(8.36, -2.97, -2.00) | distance_from_uav=2.99 m
[INFO] [1790221367.947130402] [sage_mission_manager]: VALIDATED VIEWPOINT PUBLISHED
[INFO] [1790221368.148757813] [sage_mission_manager]: VIEWPOINT ACCEPTED | position=(8.36, -2.97, -2.00) | distance_from_uav=2.61 m
[INFO] [1790221368.149305606] [sage_mission_manager]: VALIDATED VIEWPOINT PUBLISHED
[INFO] [1790221368.354192994] [sage_mission_manager]: VIEWPOINT ACCEPTED | position=(8.36, -2.97, -2.00) | distance_from_uav=2.26 m
[INFO] [1790221368.355144493] [sage_mission_manager]: VALIDATED VIEWPOINT PUBLISHED
[INFO] [1790221368.548552804] [sage_mission_manager]: VIEWPOINT ACCEPTED | position=(8.36, -2.97, -2.00) | distance_from_uav=1.87 m
[INFO] [1790221368.549293800] [sage_mission_manager]: VALIDATED VIEWPOINT PUBLISHED
[INFO] [1790221368.746793659] [sage_mission_manager]: VIEWPOINT ACCEPTED | position=(8.36, -2.97, -2.00) | distance_from_uav=1.53 m
[INFO] [1790221368.753513092] [sage_mission_manager]: VALIDATED VIEWPOINT PUBLISHED
[INFO] [1790221368.956212694] [sage_mission_manager]: VIEWPOINT ACCEPTED | position=(8.36, -2.97, -2.00) | distance_from_uav=1.22 m
[INFO] [1790221368.957162336] [sage_mission_manager]: VALIDATED VIEWPOINT PUBLISHED
[INFO] [1790221369.155349379] [sage_mission_manager]: VIEWPOINT ACCEPTED | position=(8.36, -2.97, -2.00) | distance_from_uav=0.96 m
[INFO] [1790221369.163168460] [sage_mission_manager]: VALIDATED VIEWPOINT PUBLISHED
[INFO] [1790221369.344151733] [sage_mission_manager]: VIEWPOINT ACCEPTED | position=(8.36, -2.97, -2.00) | distance_from_uav=0.72 m
[INFO] [1790221369.345324436] [sage_mission_manager]: VALIDATED VIEWPOINT PUBLISHED
[INFO] [1790221369.544067303] [sage_mission_manager]: VIEWPOINT ACCEPTED | position=(8.36, -2.97, -2.00) | distance_from_uav=0.48 m
[INFO] [1790221369.544908993] [sage_mission_manager]: VALIDATED VIEWPOINT PUBLISHED
[INFO] [1790221369.750909927] [sage_mission_manager]: VIEWPOINT ACCEPTED | position=(8.36, -2.97, -2.00) | distance_from_uav=0.29 m
[INFO] [1790221369.753660527] [sage_mission_manager]: VALIDATED VIEWPOINT PUBLISHED
[INFO] [1790221369.757817883] [sage_mission_manager]: VIEWPOINT ACCEPTED | position=(8.36, -2.97, -2.00) | distance_from_uav=0.29 m
[INFO] [1790221369.760154288] [sage_mission_manager]: VALIDATED VIEWPOINT PUBLISHED
[INFO] [1790221369.946239034] [sage_mission_manager]: VIEWPOINT ACCEPTED | position=(8.36, -2.97, -2.00) | distance_from_uav=0.17 m
[INFO] [1790221369.952720067] [sage_mission_manager]: VALIDATED VIEWPOINT PUBLISHED
[INFO] [1790221370.158531264] [sage_mission_manager]: VIEWPOINT ACCEPTED | position=(8.36, -2.97, -2.00) | distance_from_uav=0.11 m
[INFO] [1790221370.159431022] [sage_mission_manager]: VALIDATED VIEWPOINT PUBLISHED
[INFO] [1790221370.363012103] [sage_mission_manager]: VIEWPOINT ACCEPTED | position=(7.66, -3.02, -2.00) | distance_from_uav=0.69 m
[INFO] [1790221370.363929363] [sage_mission_manager]: VALIDATED VIEWPOINT PUBLISHED
[INFO] [1790221370.543954212] [sage_mission_manager]: VIEWPOINT ACCEPTED | position=(6.96, -3.07, -2.00) | distance_from_uav=1.43 m
[INFO] [1790221370.546910288] [sage_mission_manager]: VALIDATED VIEWPOINT PUBLISHED
[INFO] [1790221370.747018255] [sage_mission_manager]: VIEWPOINT ACCEPTED | position=(6.26, -3.12, -2.00) | distance_from_uav=2.17 m
[INFO] [1790221370.747737419] [sage_mission_manager]: VALIDATED VIEWPOINT PUBLISHED
[INFO] [1790221370.953569312] [sage_mission_manager]: VIEWPOINT ACCEPTED | position=(5.57, -3.17, -2.00) | distance_from_uav=2.87 m
[INFO] [1790221370.955752406] [sage_mission_manager]: VALIDATED VIEWPOINT PUBLISHED
[INFO] [1790221371.148829039] [sage_mission_manager]: VIEWPOINT ACCEPTED | position=(5.46, -3.18, -2.00) | distance_from_uav=2.92 m
[INFO] [1790221371.149366984] [sage_mission_manager]: VALIDATED VIEWPOINT PUBLISHED
[INFO] [1790221371.347052118] [sage_mission_manager]: VIEWPOINT ACCEPTED | position=(5.46, -3.18, -2.00) | distance_from_uav=2.77 m
[INFO] [1790221371.352311760] [sage_mission_manager]: VALIDATED VIEWPOINT PUBLISHED
[INFO] [1790221371.546504240] [sage_mission_manager]: VIEWPOINT ACCEPTED | position=(5.46, -3.18, -2.00) | distance_from_uav=2.54 m
[INFO] [1790221371.552448988] [sage_mission_manager]: VALIDATED VIEWPOINT PUBLISHED
[INFO] [1790221371.747538506] [sage_mission_manager]: VIEWPOINT ACCEPTED | position=(5.46, -3.18, -2.00) | distance_from_uav=2.24 m
[INFO] [1790221371.750268084] [sage_mission_manager]: VALIDATED VIEWPOINT PUBLISHED
[INFO] [1790221371.949782383] [sage_mission_manager]: VIEWPOINT ACCEPTED | position=(5.46, -3.18, -2.00) | distance_from_uav=1.93 m
[INFO] [1790221371.950421002] [sage_mission_manager]: VALIDATED VIEWPOINT PUBLISHED
[INFO] [1790221372.152787367] [sage_mission_manager]: VIEWPOINT ACCEPTED | position=(5.46, -3.18, -2.00) | distance_from_uav=1.64 m
[INFO] [1790221372.155045784] [sage_mission_manager]: VALIDATED VIEWPOINT PUBLISHED
[INFO] [1790221372.347339631] [sage_mission_manager]: VIEWPOINT ACCEPTED | position=(5.46, -3.18, -2.00) | distance_from_uav=1.39 m
[INFO] [1790221372.348048601] [sage_mission_manager]: VALIDATED VIEWPOINT PUBLISHED
[INFO] [1790221372.545499137] [sage_mission_manager]: VIEWPOINT ACCEPTED | position=(5.46, -3.18, -2.00) | distance_from_uav=1.11 m
[INFO] [1790221372.548778648] [sage_mission_manager]: VALIDATED VIEWPOINT PUBLISHED
[INFO] [1790221372.747134903] [sage_mission_manager]: VIEWPOINT ACCEPTED | position=(5.46, -3.18, -2.00) | distance_from_uav=0.90 m
[INFO] [1790221372.749688778] [sage_mission_manager]: VALIDATED VIEWPOINT PUBLISHED
[INFO] [1790221372.946916941] [sage_mission_manager]: VIEWPOINT ACCEPTED | position=(5.46, -3.18, -2.00) | distance_from_uav=0.66 m
[INFO] [1790221372.947536184] [sage_mission_manager]: VALIDATED VIEWPOINT PUBLISHED
[INFO] [1790221373.147683337] [sage_mission_manager]: VIEWPOINT ACCEPTED | position=(5.46, -3.18, -2.00) | distance_from_uav=0.49 m
[INFO] [1790221373.148389253] [sage_mission_manager]: VALIDATED VIEWPOINT PUBLISHED
[INFO] [1790221373.342276563] [sage_mission_manager]: VIEWPOINT ACCEPTED | position=(5.46, -3.18, -2.00) | distance_from_uav=0.36 m
[INFO] [1790221373.342807064] [sage_mission_manager]: VALIDATED VIEWPOINT PUBLISHED
[INFO] [1790221373.544201031] [sage_mission_manager]: VIEWPOINT ACCEPTED | position=(5.46, -3.18, -2.00) | distance_from_uav=0.27 m
[INFO] [1790221373.545167503] [sage_mission_manager]: VALIDATED VIEWPOINT PUBLISHED
[INFO] [1790221373.745548723] [sage_mission_manager]: VIEWPOINT ACCEPTED | position=(4.95, -3.66, -2.00) | distance_from_uav=0.89 m
[INFO] [1790221373.748424470] [sage_mission_manager]: VALIDATED VIEWPOINT PUBLISHED
[INFO] [1790221373.942370480] [sage_mission_manager]: VIEWPOINT ACCEPTED | position=(4.44, -4.13, -2.00) | distance_from_uav=1.53 m
[INFO] [1790221373.944595122] [sage_mission_manager]: VALIDATED VIEWPOINT PUBLISHED
[INFO] [1790221374.148784752] [sage_mission_manager]: VIEWPOINT ACCEPTED | position=(3.93, -4.61, -2.00) | distance_from_uav=2.17 m
[INFO] [1790221374.149607123] [sage_mission_manager]: VALIDATED VIEWPOINT PUBLISHED
[INFO] [1790221374.547308071] [sage_mission_manager]: VIEWPOINT ACCEPTED | position=(5.46, -2.53, -2.00) | distance_from_uav=0.70 m
[INFO] [1790221374.551292034] [sage_mission_manager]: VALIDATED VIEWPOINT PUBLISHED
[INFO] [1790221374.746823231] [sage_mission_manager]: VIEWPOINT ACCEPTED | position=(5.61, -1.84, -2.00) | distance_from_uav=1.52 m
[INFO] [1790221374.754040495] [sage_mission_manager]: VALIDATED VIEWPOINT PUBLISHED
[INFO] [1790221374.941716548] [sage_mission_manager]: VIEWPOINT ACCEPTED | position=(5.75, -1.16, -2.00) | distance_from_uav=2.35 m
[INFO] [1790221374.944853884] [sage_mission_manager]: VALIDATED VIEWPOINT PUBLISHED
[INFO] [1790221375.144218262] [sage_mission_manager]: VIEWPOINT ACCEPTED | position=(5.90, -0.47, -2.00) | distance_from_uav=3.16 m
[INFO] [1790221375.144909925] [sage_mission_manager]: VALIDATED VIEWPOINT PUBLISHED
[INFO] [1790221375.357762053] [sage_mission_manager]: VIEWPOINT ACCEPTED | position=(5.90, -0.47, -2.00) | distance_from_uav=3.17 m
[INFO] [1790221375.364240566] [sage_mission_manager]: VALIDATED VIEWPOINT PUBLISHED
[INFO] [1790221375.553270834] [sage_mission_manager]: VIEWPOINT ACCEPTED | position=(5.90, -0.47, -2.00) | distance_from_uav=3.08 m
[INFO] [1790221375.554321888] [sage_mission_manager]: VALIDATED VIEWPOINT PUBLISHED
[INFO] [1790221375.744576359] [sage_mission_manager]: VIEWPOINT ACCEPTED | position=(6.00, 0.00, -2.00) | distance_from_uav=3.38 m
[INFO] [1790221375.745840076] [sage_mission_manager]: VALIDATED VIEWPOINT PUBLISHED
[INFO] [1790221375.945974913] [sage_mission_manager]: VIEWPOINT ACCEPTED | position=(6.00, 0.00, -2.00) | distance_from_uav=3.09 m
[INFO] [1790221375.954283821] [sage_mission_manager]: VALIDATED VIEWPOINT PUBLISHED
[INFO] [1790221376.152976762] [sage_mission_manager]: VIEWPOINT ACCEPTED | position=(6.00, 0.00, -2.00) | distance_from_uav=2.79 m
[INFO] [1790221376.155288259] [sage_mission_manager]: VALIDATED VIEWPOINT PUBLISHED
[INFO] [1790221376.341123598] [sage_mission_manager]: VIEWPOINT ACCEPTED | position=(6.00, 0.00, -2.00) | distance_from_uav=2.50 m
[INFO] [1790221376.341668822] [sage_mission_manager]: VALIDATED VIEWPOINT PUBLISHED
[INFO] [1790221376.553912808] [sage_mission_manager]: VIEWPOINT ACCEPTED | position=(6.00, 0.00, -2.00) | distance_from_uav=2.15 m
[INFO] [1790221376.554791938] [sage_mission_manager]: VALIDATED VIEWPOINT PUBLISHED
[INFO] [1790221376.744568574] [sage_mission_manager]: VIEWPOINT ACCEPTED | position=(6.00, 0.00, -2.00) | distance_from_uav=1.87 m
[INFO] [1790221376.748285212] [sage_mission_manager]: VALIDATED VIEWPOINT PUBLISHED
[INFO] [1790221376.951028279] [sage_mission_manager]: VIEWPOINT ACCEPTED | position=(6.00, 0.00, -2.00) | distance_from_uav=1.52 m
[INFO] [1790221376.953778937] [sage_mission_manager]: VALIDATED VIEWPOINT PUBLISHED
[INFO] [1790221377.146346896] [sage_mission_manager]: VIEWPOINT ACCEPTED | position=(6.00, 0.00, -2.00) | distance_from_uav=1.20 m
[INFO] [1790221377.148540907] [sage_mission_manager]: VALIDATED VIEWPOINT PUBLISHED
[INFO] [1790221377.350379325] [sage_mission_manager]: VIEWPOINT ACCEPTED | position=(6.00, 0.00, -2.00) | distance_from_uav=0.94 m
[INFO] [1790221377.353213786] [sage_mission_manager]: VALIDATED VIEWPOINT PUBLISHED
[INFO] [1790221377.542454861] [sage_mission_manager]: VIEWPOINT ACCEPTED | position=(6.00, 0.00, -2.00) | distance_from_uav=0.74 m
[INFO] [1790221377.543400421] [sage_mission_manager]: VALIDATED VIEWPOINT PUBLISHED
[INFO] [1790221377.745979787] [sage_mission_manager]: VIEWPOINT ACCEPTED | position=(6.00, 0.00, -2.00) | distance_from_uav=0.58 m
[INFO] [1790221377.746726076] [sage_mission_manager]: VALIDATED VIEWPOINT PUBLISHED
[INFO] [1790221377.945861302] [sage_mission_manager]: VIEWPOINT ACCEPTED | position=(6.00, 0.00, -2.00) | distance_from_uav=0.43 m
[INFO] [1790221377.946938327] [sage_mission_manager]: VALIDATED VIEWPOINT PUBLISHED
[INFO] [1790221378.141188822] [sage_mission_manager]: VIEWPOINT ACCEPTED | position=(6.00, 0.00, -2.00) | distance_from_uav=0.30 m
[INFO] [1790221378.141704247] [sage_mission_manager]: VALIDATED VIEWPOINT PUBLISHED
[INFO] [1790221378.344255588] [sage_mission_manager]: VIEWPOINT ACCEPTED | position=(6.00, 0.00, -2.00) | distance_from_uav=0.21 m
[INFO] [1790221378.344817663] [sage_mission_manager]: VALIDATED VIEWPOINT PUBLISHED
[INFO] [1790221378.544189783] [sage_mission_manager]: VIEWPOINT ACCEPTED | position=(6.00, 0.00, -2.00) | distance_from_uav=0.12 m
[INFO] [1790221378.544909295] [sage_mission_manager]: VALIDATED VIEWPOINT PUBLISHED
[INFO] [1790221378.746389072] [sage_mission_manager]: VIEWPOINT ACCEPTED | position=(6.00, 0.00, -2.00) | distance_from_uav=0.07 m
[INFO] [1790221378.747225131] [sage_mission_manager]: VALIDATED VIEWPOINT PUBLISHED
[INFO] [1790221378.947581170] [sage_mission_manager]: VIEWPOINT ACCEPTED | position=(6.00, 0.00, -2.00) | distance_from_uav=0.05 m
[INFO] [1790221378.950616512] [sage_mission_manager]: VALIDATED VIEWPOINT PUBLISHED
[INFO] [1790221379.145533180] [sage_mission_manager]: VIEWPOINT ACCEPTED | position=(6.00, 0.00, -2.00) | distance_from_uav=0.07 m
[INFO] [1790221379.148252078] [sage_mission_manager]: VALIDATED VIEWPOINT PUBLISHED
[INFO] [1790221379.342865504] [sage_mission_manager]: VIEWPOINT ACCEPTED | position=(6.00, 0.00, -2.00) | distance_from_uav=0.09 m
[INFO] [1790221379.343434807] [sage_mission_manager]: VALIDATED VIEWPOINT PUBLISHED
[INFO] [1790221379.546910681] [sage_mission_manager]: VIEWPOINT ACCEPTED | position=(6.00, 0.00, -2.00) | distance_from_uav=0.11 m
[INFO] [1790221379.550880523] [sage_mission_manager]: VALIDATED VIEWPOINT PUBLISHED
[INFO] [1790221379.746526093] [sage_mission_manager]: VIEWPOINT ACCEPTED | position=(6.00, 0.00, -2.00) | distance_from_uav=0.13 m
[INFO] [1790221379.749175999] [sage_mission_manager]: VALIDATED VIEWPOINT PUBLISHED
[INFO] [1790221379.943755866] [sage_mission_manager]: VIEWPOINT ACCEPTED | position=(6.00, 0.00, -2.00) | distance_from_uav=0.14 m
[INFO] [1790221379.944676999] [sage_mission_manager]: VALIDATED VIEWPOINT PUBLISHED
[INFO] [1790221380.145304735] [sage_mission_manager]: VIEWPOINT ACCEPTED | position=(6.00, 0.00, -2.00) | distance_from_uav=0.15 m
[INFO] [1790221380.146919645] [sage_mission_manager]: VALIDATED VIEWPOINT PUBLISHED
[INFO] [1790221380.340959974] [sage_mission_manager]: VIEWPOINT ACCEPTED | position=(6.00, 0.00, -2.00) | distance_from_uav=0.16 m
[INFO] [1790221380.341677550] [sage_mission_manager]: VALIDATED VIEWPOINT PUBLISHED
[INFO] [1790221380.544025500] [sage_mission_manager]: VIEWPOINT ACCEPTED | position=(6.00, 0.00, -2.00) | distance_from_uav=0.16 m
[INFO] [1790221380.544829646] [sage_mission_manager]: VALIDATED VIEWPOINT PUBLISHED
[INFO] [1790221380.740978896] [sage_mission_manager]: VIEWPOINT ACCEPTED | position=(6.00, 0.00, -2.00) | distance_from_uav=0.17 m
[INFO] [1790221380.741710836] [sage_mission_manager]: VALIDATED VIEWPOINT PUBLISHED
[INFO] [1790221380.941401855] [sage_mission_manager]: VIEWPOINT ACCEPTED | position=(6.00, 0.00, -2.00) | distance_from_uav=0.17 m
[INFO] [1790221380.946561595] [sage_mission_manager]: VALIDATED VIEWPOINT PUBLISHED
[INFO] [1790221381.145052121] [sage_mission_manager]: VIEWPOINT ACCEPTED | position=(6.00, 0.00, -2.00) | distance_from_uav=0.16 m
[INFO] [1790221381.146113276] [sage_mission_manager]: VALIDATED VIEWPOINT PUBLISHED
[INFO] [1790221381.342899396] [sage_mission_manager]: VIEWPOINT ACCEPTED | position=(6.00, 0.00, -2.00) | distance_from_uav=0.16 m
[INFO] [1790221381.343690942] [sage_mission_manager]: VALIDATED VIEWPOINT PUBLISHED
[INFO] [1790221381.546706661] [sage_mission_manager]: VIEWPOINT ACCEPTED | position=(6.00, 0.00, -2.00) | distance_from_uav=0.15 m
[INFO] [1790221381.547265760] [sage_mission_manager]: VALIDATED VIEWPOINT PUBLISHED
[INFO] [1790221381.751266776] [sage_mission_manager]: VIEWPOINT ACCEPTED | position=(6.00, 0.00, -2.00) | distance_from_uav=0.14 m
[INFO] [1790221381.751852729] [sage_mission_manager]: VALIDATED VIEWPOINT PUBLISHED
[INFO] [1790221381.947824360] [sage_mission_manager]: VIEWPOINT ACCEPTED | position=(6.00, 0.00, -2.00) | distance_from_uav=0.13 m
[INFO] [1790221381.950365033] [sage_mission_manager]: VALIDATED VIEWPOINT PUBLISHED
[INFO] [1790221382.153043500] [sage_mission_manager]: VIEWPOINT ACCEPTED | position=(6.00, 0.00, -2.00) | distance_from_uav=0.12 m
[INFO] [1790221382.153637281] [sage_mission_manager]: VALIDATED VIEWPOINT PUBLISHED
[INFO] [1790221382.347208091] [sage_mission_manager]: VIEWPOINT ACCEPTED | position=(6.00, 0.00, -2.00) | distance_from_uav=0.11 m
[INFO] [1790221382.349830891] [sage_mission_manager]: VALIDATED VIEWPOINT PUBLISHED
[INFO] [1790221382.541454502] [sage_mission_manager]: VIEWPOINT ACCEPTED | position=(6.00, 0.00, -2.00) | distance_from_uav=0.10 m
[INFO] [1790221382.545483625] [sage_mission_manager]: VALIDATED VIEWPOINT PUBLISHED
[INFO] [1790221382.751669865] [sage_mission_manager]: VIEWPOINT ACCEPTED | position=(6.00, 0.00, -2.00) | distance_from_uav=0.09 m
[INFO] [1790221382.752582031] [sage_mission_manager]: VALIDATED VIEWPOINT PUBLISHED
[INFO] [1790221382.944137316] [sage_mission_manager]: VIEWPOINT ACCEPTED | position=(6.00, 0.00, -2.00) | distance_from_uav=0.08 m
[INFO] [1790221382.949094949] [sage_mission_manager]: VALIDATED VIEWPOINT PUBLISHED
[INFO] [1790221383.149388864] [sage_mission_manager]: VIEWPOINT ACCEPTED | position=(6.00, 0.00, -2.00) | distance_from_uav=0.07 m
[INFO] [1790221383.151359414] [sage_mission_manager]: VALIDATED VIEWPOINT PUBLISHED
[INFO] [1790221383.344320949] [sage_mission_manager]: VIEWPOINT ACCEPTED | position=(6.00, 0.00, -2.00) | distance_from_uav=0.07 m
[INFO] [1790221383.344837431] [sage_mission_manager]: VALIDATED VIEWPOINT PUBLISHED
[INFO] [1790221383.548843794] [sage_mission_manager]: VIEWPOINT ACCEPTED | position=(6.00, 0.00, -2.00) | distance_from_uav=0.06 m
[INFO] [1790221383.549595570] [sage_mission_manager]: VALIDATED VIEWPOINT PUBLISHED
[INFO] [1790221383.743668590] [sage_mission_manager]: VIEWPOINT ACCEPTED | position=(6.00, 0.00, -2.00) | distance_from_uav=0.06 m
[INFO] [1790221383.746794181] [sage_mission_manager]: VALIDATED VIEWPOINT PUBLISHED
[INFO] [1790221383.944891673] [sage_mission_manager]: VIEWPOINT ACCEPTED | position=(6.00, 0.00, -2.00) | distance_from_uav=0.05 m
[INFO] [1790221383.945886151] [sage_mission_manager]: VALIDATED VIEWPOINT PUBLISHED
[INFO] [1790221384.143716071] [sage_mission_manager]: VIEWPOINT ACCEPTED | position=(6.00, 0.00, -2.00) | distance_from_uav=0.05 m
[INFO] [1790221384.147137211] [sage_mission_manager]: VALIDATED VIEWPOINT PUBLISHED
[INFO] [1790221384.341065234] [sage_mission_manager]: VIEWPOINT ACCEPTED | position=(6.00, 0.00, -2.00) | distance_from_uav=0.06 m
[INFO] [1790221384.341595004] [sage_mission_manager]: VALIDATED VIEWPOINT PUBLISHED
[INFO] [1790221384.545420798] [sage_mission_manager]: VIEWPOINT ACCEPTED | position=(6.00, 0.00, -2.00) | distance_from_uav=0.06 m
[INFO] [1790221384.547638419] [sage_mission_manager]: VALIDATED VIEWPOINT PUBLISHED
[INFO] [1790221384.743003204] [sage_mission_manager]: VIEWPOINT ACCEPTED | position=(6.00, 0.00, -2.00) | distance_from_uav=0.06 m
[INFO] [1790221384.744295010] [sage_mission_manager]: VALIDATED VIEWPOINT PUBLISHED
[INFO] [1790221384.941899702] [sage_mission_manager]: VIEWPOINT ACCEPTED | position=(6.00, 0.00, -2.00) | distance_from_uav=0.06 m
[INFO] [1790221384.942622895] [sage_mission_manager]: VALIDATED VIEWPOINT PUBLISHED
[INFO] [1790221385.146818962] [sage_mission_manager]: VIEWPOINT ACCEPTED | position=(6.00, 0.00, -2.00) | distance_from_uav=0.06 m
[INFO] [1790221385.147426858] [sage_mission_manager]: VALIDATED VIEWPOINT PUBLISHED
[INFO] [1790221385.341394154] [sage_mission_manager]: VIEWPOINT ACCEPTED | position=(6.00, 0.00, -2.00) | distance_from_uav=0.06 m
[INFO] [1790221385.341985609] [sage_mission_manager]: VALIDATED VIEWPOINT PUBLISHED
[INFO] [1790221385.543715248] [sage_mission_manager]: VIEWPOINT ACCEPTED | position=(6.00, 0.00, -2.00) | distance_from_uav=0.06 m
[INFO] [1790221385.553676323] [sage_mission_manager]: VALIDATED VIEWPOINT PUBLISHED
[INFO] [1790221385.750092199] [sage_mission_manager]: VIEWPOINT ACCEPTED | position=(6.00, 0.00, -2.00) | distance_from_uav=0.05 m
[INFO] [1790221385.763847321] [sage_mission_manager]: VALIDATED VIEWPOINT PUBLISHED
[INFO] [1790221385.954049317] [sage_mission_manager]: VIEWPOINT ACCEPTED | position=(6.00, 0.00, -2.00) | distance_from_uav=0.05 m
[INFO] [1790221385.955762621] [sage_mission_manager]: VALIDATED VIEWPOINT PUBLISHED
[INFO] [1790221386.141807281] [sage_mission_manager]: VIEWPOINT ACCEPTED | position=(6.00, 0.00, -2.00) | distance_from_uav=0.04 m
[INFO] [1790221386.142422773] [sage_mission_manager]: VALIDATED VIEWPOINT PUBLISHED
[INFO] [1790221386.353270364] [sage_mission_manager]: VIEWPOINT ACCEPTED | position=(6.00, -0.70, -2.00) | distance_from_uav=0.70 m
[INFO] [1790221386.353830897] [sage_mission_manager]: VALIDATED VIEWPOINT PUBLISHED
[INFO] [1790221386.542536241] [sage_mission_manager]: VIEWPOINT ACCEPTED | position=(6.00, -1.40, -2.00) | distance_from_uav=1.40 m
[INFO] [1790221386.543112313] [sage_mission_manager]: VALIDATED VIEWPOINT PUBLISHED
[INFO] [1790221386.753812099] [sage_mission_manager]: VIEWPOINT ACCEPTED | position=(6.00, -2.10, -2.00) | distance_from_uav=2.09 m
[INFO] [1790221386.758943190] [sage_mission_manager]: VALIDATED VIEWPOINT PUBLISHED
[INFO] [1790221386.948232134] [sage_mission_manager]: VIEWPOINT ACCEPTED | position=(6.00, -2.80, -2.00) | distance_from_uav=2.76 m
[INFO] [1790221386.949031684] [sage_mission_manager]: VALIDATED VIEWPOINT PUBLISHED
[INFO] [1790221387.145989184] [sage_mission_manager]: VIEWPOINT ACCEPTED | position=(6.00, -3.50, -2.00) | distance_from_uav=3.36 m
[INFO] [1790221387.146696626] [sage_mission_manager]: VALIDATED VIEWPOINT PUBLISHED
[INFO] [1790221387.343731175] [sage_mission_manager]: VIEWPOINT ACCEPTED | position=(6.00, -3.50, -2.00) | distance_from_uav=3.23 m
[INFO] [1790221387.344389981] [sage_mission_manager]: VALIDATED VIEWPOINT PUBLISHED
[INFO] [1790221387.551838523] [sage_mission_manager]: VIEWPOINT ACCEPTED | position=(6.00, -4.20, -2.00) | distance_from_uav=3.68 m
[INFO] [1790221387.553648819] [sage_mission_manager]: VALIDATED VIEWPOINT PUBLISHED
[INFO] [1790221387.747829910] [sage_mission_manager]: VIEWPOINT ACCEPTED | position=(6.00, -4.20, -2.00) | distance_from_uav=3.37 m
[INFO] [1790221387.751176781] [sage_mission_manager]: VALIDATED VIEWPOINT PUBLISHED
[INFO] [1790221387.943527766] [sage_mission_manager]: VIEWPOINT ACCEPTED | position=(6.00, -4.20, -2.00) | distance_from_uav=3.00 m
[INFO] [1790221387.946005293] [sage_mission_manager]: VALIDATED VIEWPOINT PUBLISHED
[INFO] [1790221388.155221497] [sage_mission_manager]: VIEWPOINT ACCEPTED | position=(6.00, -4.90, -2.00) | distance_from_uav=3.37 m
[INFO] [1790221388.155878124] [sage_mission_manager]: VALIDATED VIEWPOINT PUBLISHED
[INFO] [1790221388.341706966] [sage_mission_manager]: VIEWPOINT ACCEPTED | position=(6.00, -5.60, -2.00) | distance_from_uav=3.66 m
[INFO] [1790221388.342399541] [sage_mission_manager]: VALIDATED VIEWPOINT PUBLISHED
[INFO] [1790221388.545699388] [sage_mission_manager]: VIEWPOINT ACCEPTED | position=(6.00, -5.60, -2.00) | distance_from_uav=3.31 m
[INFO] [1790221388.546994895] [sage_mission_manager]: VALIDATED VIEWPOINT PUBLISHED
[INFO] [1790221388.744576854] [sage_mission_manager]: VIEWPOINT ACCEPTED | position=(6.00, -6.00, -2.00) | distance_from_uav=3.33 m
[INFO] [1790221388.745231784] [sage_mission_manager]: VALIDATED VIEWPOINT PUBLISHED
[INFO] [1790221388.950188555] [sage_mission_manager]: VIEWPOINT ACCEPTED | position=(6.00, -6.00, -2.00) | distance_from_uav=3.03 m
[INFO] [1790221388.950912761] [sage_mission_manager]: VALIDATED VIEWPOINT PUBLISHED
[INFO] [1790221389.146341053] [sage_mission_manager]: VIEWPOINT ACCEPTED | position=(6.00, -6.00, -2.00) | distance_from_uav=2.61 m
[INFO] [1790221389.151159305] [sage_mission_manager]: VALIDATED VIEWPOINT PUBLISHED
[INFO] [1790221389.344901167] [sage_mission_manager]: VIEWPOINT ACCEPTED | position=(6.00, -6.00, -2.00) | distance_from_uav=2.18 m
[INFO] [1790221389.345694724] [sage_mission_manager]: VALIDATED VIEWPOINT PUBLISHED
[INFO] [1790221389.544047104] [sage_mission_manager]: VIEWPOINT ACCEPTED | position=(6.00, -6.00, -2.00) | distance_from_uav=1.81 m
[INFO] [1790221389.548015416] [sage_mission_manager]: VALIDATED VIEWPOINT PUBLISHED
[INFO] [1790221389.744427496] [sage_mission_manager]: VIEWPOINT ACCEPTED | position=(6.00, -6.00, -2.00) | distance_from_uav=1.43 m
[INFO] [1790221389.747748394] [sage_mission_manager]: VALIDATED VIEWPOINT PUBLISHED
[INFO] [1790221389.943919904] [sage_mission_manager]: VIEWPOINT ACCEPTED | position=(6.00, -6.00, -2.00) | distance_from_uav=1.14 m
[INFO] [1790221389.944708298] [sage_mission_manager]: VALIDATED VIEWPOINT PUBLISHED
[INFO] [1790221390.147714902] [sage_mission_manager]: VIEWPOINT ACCEPTED | position=(6.00, -6.00, -2.00) | distance_from_uav=0.90 m
[INFO] [1790221390.149861882] [sage_mission_manager]: VALIDATED VIEWPOINT PUBLISHED
[INFO] [1790221390.342056445] [sage_mission_manager]: VIEWPOINT ACCEPTED | position=(6.00, -6.00, -2.00) | distance_from_uav=0.68 m
[INFO] [1790221390.342778602] [sage_mission_manager]: VALIDATED VIEWPOINT PUBLISHED
[INFO] [1790221390.547629045] [sage_mission_manager]: VIEWPOINT ACCEPTED | position=(6.00, -6.00, -2.00) | distance_from_uav=0.47 m
[INFO] [1790221390.548369310] [sage_mission_manager]: VALIDATED VIEWPOINT PUBLISHED
[INFO] [1790221390.744764934] [sage_mission_manager]: VIEWPOINT ACCEPTED | position=(6.00, -6.00, -2.00) | distance_from_uav=0.32 m
[INFO] [1790221390.745581740] [sage_mission_manager]: VALIDATED VIEWPOINT PUBLISHED
[INFO] [1790221390.945444308] [sage_mission_manager]: VIEWPOINT ACCEPTED | position=(6.00, -6.00, -2.00) | distance_from_uav=0.17 m
[INFO] [1790221390.951488098] [sage_mission_manager]: VALIDATED VIEWPOINT PUBLISHED
[INFO] [1790221391.144243160] [sage_mission_manager]: VIEWPOINT ACCEPTED | position=(6.00, -6.00, -2.00) | distance_from_uav=0.09 m
[INFO] [1790221391.148350355] [sage_mission_manager]: VALIDATED VIEWPOINT PUBLISHED
[INFO] [1790221391.341501198] [sage_mission_manager]: VIEWPOINT ACCEPTED | position=(6.00, -6.00, -2.00) | distance_from_uav=0.02 m
[INFO] [1790221391.342161484] [sage_mission_manager]: VALIDATED VIEWPOINT PUBLISHED
[INFO] [1790221391.554751923] [sage_mission_manager]: VIEWPOINT ACCEPTED | position=(6.00, -6.00, -2.00) | distance_from_uav=0.06 m
[INFO] [1790221391.556967060] [sage_mission_manager]: VALIDATED VIEWPOINT PUBLISHED
[INFO] [1790221391.744936531] [sage_mission_manager]: VIEWPOINT ACCEPTED | position=(6.00, -6.00, -2.00) | distance_from_uav=0.08 m
[INFO] [1790221391.748881919] [sage_mission_manager]: VALIDATED VIEWPOINT PUBLISHED
[INFO] [1790221391.941777828] [sage_mission_manager]: VIEWPOINT ACCEPTED | position=(6.00, -6.00, -2.00) | distance_from_uav=0.10 m
[INFO] [1790221391.943384073] [sage_mission_manager]: VALIDATED VIEWPOINT PUBLISHED
[INFO] [1790221392.150130487] [sage_mission_manager]: VIEWPOINT ACCEPTED | position=(6.00, -6.00, -2.00) | distance_from_uav=0.11 m
[INFO] [1790221392.150766465] [sage_mission_manager]: VALIDATED VIEWPOINT PUBLISHED
[INFO] [1790221392.344306886] [sage_mission_manager]: VIEWPOINT ACCEPTED | position=(6.00, -6.00, -2.00) | distance_from_uav=0.11 m
[INFO] [1790221392.344851062] [sage_mission_manager]: VALIDATED VIEWPOINT PUBLISHED
[INFO] [1790221392.544497156] [sage_mission_manager]: VIEWPOINT ACCEPTED | position=(6.00, -6.00, -2.00) | distance_from_uav=0.11 m
[INFO] [1790221392.546211748] [sage_mission_manager]: VALIDATED VIEWPOINT PUBLISHED
[INFO] [1790221392.744457657] [sage_mission_manager]: VIEWPOINT ACCEPTED | position=(6.00, -6.00, -2.00) | distance_from_uav=0.10 m
[INFO] [1790221392.745305409] [sage_mission_manager]: VALIDATED VIEWPOINT PUBLISHED
[INFO] [1790221392.944107786] [sage_mission_manager]: VIEWPOINT ACCEPTED | position=(6.00, -6.00, -2.00) | distance_from_uav=0.10 m
[INFO] [1790221392.944823542] [sage_mission_manager]: VALIDATED VIEWPOINT PUBLISHED
[INFO] [1790221393.143522769] [sage_mission_manager]: VIEWPOINT ACCEPTED | position=(6.00, -6.00, -2.00) | distance_from_uav=0.09 m
[INFO] [1790221393.144278959] [sage_mission_manager]: VALIDATED VIEWPOINT PUBLISHED
[INFO] [1790221393.343321682] [sage_mission_manager]: VIEWPOINT ACCEPTED | position=(6.00, -6.00, -2.00) | distance_from_uav=0.09 m
[INFO] [1790221393.343867102] [sage_mission_manager]: VALIDATED VIEWPOINT PUBLISHED
[INFO] [1790221393.541495795] [sage_mission_manager]: VIEWPOINT ACCEPTED | position=(6.00, -6.00, -2.00) | distance_from_uav=0.08 m
[INFO] [1790221393.544630469] [sage_mission_manager]: VALIDATED VIEWPOINT PUBLISHED
[INFO] [1790221393.742994493] [sage_mission_manager]: VIEWPOINT ACCEPTED | position=(6.00, -6.00, -2.00) | distance_from_uav=0.08 m
[INFO] [1790221393.747851463] [sage_mission_manager]: VALIDATED VIEWPOINT PUBLISHED
[INFO] [1790221393.944811400] [sage_mission_manager]: VIEWPOINT ACCEPTED | position=(6.00, -6.00, -2.00) | distance_from_uav=0.07 m
[INFO] [1790221393.946926211] [sage_mission_manager]: VALIDATED VIEWPOINT PUBLISHED
[INFO] [1790221394.144304959] [sage_mission_manager]: VIEWPOINT ACCEPTED | position=(6.00, -6.00, -2.00) | distance_from_uav=0.07 m
[INFO] [1790221394.146035617] [sage_mission_manager]: VALIDATED VIEWPOINT PUBLISHED
[INFO] [1790221394.346879751] [sage_mission_manager]: VIEWPOINT ACCEPTED | position=(6.00, -6.00, -2.00) | distance_from_uav=0.07 m
[INFO] [1790221394.347512381] [sage_mission_manager]: VALIDATED VIEWPOINT PUBLISHED
[INFO] [1790221394.553120670] [sage_mission_manager]: VIEWPOINT ACCEPTED | position=(6.00, -6.00, -2.00) | distance_from_uav=0.07 m
[INFO] [1790221394.554687849] [sage_mission_manager]: VALIDATED VIEWPOINT PUBLISHED
[INFO] [1790221394.742833539] [sage_mission_manager]: VIEWPOINT ACCEPTED | position=(6.00, -6.00, -2.00) | distance_from_uav=0.07 m
[INFO] [1790221394.743574646] [sage_mission_manager]: VALIDATED VIEWPOINT PUBLISHED
[INFO] [1790221394.945800897] [sage_mission_manager]: VIEWPOINT ACCEPTED | position=(6.00, -6.00, -2.00) | distance_from_uav=0.07 m
[INFO] [1790221394.946840424] [sage_mission_manager]: VALIDATED VIEWPOINT PUBLISHED
[INFO] [1790221395.146081946] [sage_mission_manager]: VIEWPOINT ACCEPTED | position=(6.00, -6.00, -2.00) | distance_from_uav=0.08 m
[INFO] [1790221395.146651688] [sage_mission_manager]: VALIDATED VIEWPOINT PUBLISHED
[INFO] [1790221395.343434080] [sage_mission_manager]: VIEWPOINT ACCEPTED | position=(6.00, -6.00, -2.00) | distance_from_uav=0.08 m
[INFO] [1790221395.349822447] [sage_mission_manager]: VALIDATED VIEWPOINT PUBLISHED
[INFO] [1790221395.548079812] [sage_mission_manager]: VIEWPOINT ACCEPTED | position=(6.00, -6.00, -2.00) | distance_from_uav=0.08 m
[INFO] [1790221395.548832843] [sage_mission_manager]: VALIDATED VIEWPOINT PUBLISHED
[INFO] [1790221395.747722391] [sage_mission_manager]: VIEWPOINT ACCEPTED | position=(6.00, -6.00, -2.00) | distance_from_uav=0.07 m
[INFO] [1790221395.748658561] [sage_mission_manager]: VALIDATED VIEWPOINT PUBLISHED
[INFO] [1790221395.944728852] [sage_mission_manager]: VIEWPOINT ACCEPTED | position=(6.00, -6.00, -2.00) | distance_from_uav=0.07 m
[INFO] [1790221395.945563803] [sage_mission_manager]: VALIDATED VIEWPOINT PUBLISHED
[INFO] [1790221396.147006644] [sage_mission_manager]: VIEWPOINT ACCEPTED | position=(6.00, -6.00, -2.00) | distance_from_uav=0.06 m
[INFO] [1790221396.149048248] [sage_mission_manager]: VALIDATED VIEWPOINT PUBLISHED
[INFO] [1790221396.344262580] [sage_mission_manager]: VIEWPOINT ACCEPTED | position=(6.00, -6.00, -2.00) | distance_from_uav=0.05 m
[INFO] [1790221396.348664260] [sage_mission_manager]: VALIDATED VIEWPOINT PUBLISHED
[INFO] [1790221396.542376189] [sage_mission_manager]: VIEWPOINT ACCEPTED | position=(6.00, -6.00, -2.00) | distance_from_uav=0.05 m
[INFO] [1790221396.544263667] [sage_mission_manager]: VALIDATED VIEWPOINT PUBLISHED
[INFO] [1790221396.743369426] [sage_mission_manager]: VIEWPOINT ACCEPTED | position=(6.00, -6.00, -2.00) | distance_from_uav=0.05 m
[INFO] [1790221396.748793271] [sage_mission_manager]: VALIDATED VIEWPOINT PUBLISHED
[INFO] [1790221396.951060344] [sage_mission_manager]: VIEWPOINT ACCEPTED | position=(6.00, -6.00, -2.00) | distance_from_uav=0.04 m
[INFO] [1790221396.951709404] [sage_mission_manager]: VALIDATED VIEWPOINT PUBLISHED
[INFO] [1790221397.142857699] [sage_mission_manager]: VIEWPOINT ACCEPTED | position=(6.00, -6.00, -2.00) | distance_from_uav=0.04 m
[INFO] [1790221397.143424507] [sage_mission_manager]: VALIDATED VIEWPOINT PUBLISHED
[INFO] [1790221397.345543509] [sage_mission_manager]: VIEWPOINT ACCEPTED | position=(6.00, -6.00, -2.00) | distance_from_uav=0.04 m
[INFO] [1790221397.346444592] [sage_mission_manager]: VALIDATED VIEWPOINT PUBLISHED
[INFO] [1790221397.554358086] [sage_mission_manager]: VIEWPOINT ACCEPTED | position=(5.75, -5.31, -2.00) | distance_from_uav=0.70 m
[INFO] [1790221397.557524324] [sage_mission_manager]: VALIDATED VIEWPOINT PUBLISHED
[INFO] [1790221397.747006922] [sage_mission_manager]: VIEWPOINT ACCEPTED | position=(5.49, -4.66, -2.00) | distance_from_uav=1.40 m
[INFO] [1790221397.749568245] [sage_mission_manager]: VALIDATED VIEWPOINT PUBLISHED
[INFO] [1790221397.944649462] [sage_mission_manager]: VIEWPOINT ACCEPTED | position=(5.23, -4.01, -2.00) | distance_from_uav=2.10 m
[INFO] [1790221397.945263771] [sage_mission_manager]: VALIDATED VIEWPOINT PUBLISHED
[INFO] [1790221398.162354831] [sage_mission_manager]: VIEWPOINT ACCEPTED | position=(4.97, -3.36, -2.00) | distance_from_uav=2.77 m
[INFO] [1790221398.162902577] [sage_mission_manager]: VALIDATED VIEWPOINT PUBLISHED
[INFO] [1790221398.350757738] [sage_mission_manager]: VIEWPOINT ACCEPTED | position=(4.71, -2.71, -2.00) | distance_from_uav=3.38 m
[INFO] [1790221398.351360813] [sage_mission_manager]: VALIDATED VIEWPOINT PUBLISHED
[INFO] [1790221398.553360734] [sage_mission_manager]: VIEWPOINT ACCEPTED | position=(4.71, -2.71, -2.00) | distance_from_uav=3.23 m
[INFO] [1790221398.553882952] [sage_mission_manager]: VALIDATED VIEWPOINT PUBLISHED
[INFO] [1790221398.754451787] [sage_mission_manager]: VIEWPOINT ACCEPTED | position=(4.71, -2.71, -2.00) | distance_from_uav=3.07 m
[INFO] [1790221398.756021072] [sage_mission_manager]: VALIDATED VIEWPOINT PUBLISHED
[INFO] [1790221398.950008367] [sage_mission_manager]: VIEWPOINT ACCEPTED | position=(4.46, -2.06, -2.00) | distance_from_uav=3.54 m
[INFO] [1790221398.950851897] [sage_mission_manager]: VALIDATED VIEWPOINT PUBLISHED
[INFO] [1790221399.155617997] [sage_mission_manager]: VIEWPOINT ACCEPTED | position=(4.46, -2.06, -2.00) | distance_from_uav=3.26 m
[INFO] [1790221399.156498481] [sage_mission_manager]: VALIDATED VIEWPOINT PUBLISHED
[INFO] [1790221399.344842372] [sage_mission_manager]: VIEWPOINT ACCEPTED | position=(4.46, -2.06, -2.00) | distance_from_uav=3.01 m
[INFO] [1790221399.345773315] [sage_mission_manager]: VALIDATED VIEWPOINT PUBLISHED
[INFO] [1790221399.554321511] [sage_mission_manager]: VIEWPOINT ACCEPTED | position=(4.20, -1.41, -2.00) | distance_from_uav=3.35 m
[INFO] [1790221399.555014688] [sage_mission_manager]: VALIDATED VIEWPOINT PUBLISHED
[INFO] [1790221399.750577158] [sage_mission_manager]: VIEWPOINT ACCEPTED | position=(3.94, -0.75, -2.00) | distance_from_uav=3.67 m
[INFO] [1790221399.751102889] [sage_mission_manager]: VALIDATED VIEWPOINT PUBLISHED
[INFO] [1790221399.948097996] [sage_mission_manager]: VIEWPOINT ACCEPTED | position=(3.94, -0.75, -2.00) | distance_from_uav=3.31 m
[INFO] [1790221399.948762963] [sage_mission_manager]: VALIDATED VIEWPOINT PUBLISHED
[INFO] [1790221400.150221426] [sage_mission_manager]: VIEWPOINT ACCEPTED | position=(3.68, -0.10, -2.00) | distance_from_uav=3.63 m
[INFO] [1790221400.151309465] [sage_mission_manager]: VALIDATED VIEWPOINT PUBLISHED
[INFO] [1790221400.346443614] [sage_mission_manager]: VIEWPOINT ACCEPTED | position=(3.68, -0.10, -2.00) | distance_from_uav=3.24 m
[INFO] [1790221400.347050957] [sage_mission_manager]: VALIDATED VIEWPOINT PUBLISHED
[INFO] [1790221400.546230316] [sage_mission_manager]: VIEWPOINT ACCEPTED | position=(3.42, 0.55, -2.00) | distance_from_uav=3.50 m
[INFO] [1790221400.548899654] [sage_mission_manager]: VALIDATED VIEWPOINT PUBLISHED
[INFO] [1790221400.747568631] [sage_mission_manager]: VIEWPOINT ACCEPTED | position=(3.42, 0.55, -2.00) | distance_from_uav=3.08 m
[INFO] [1790221400.748425829] [sage_mission_manager]: VALIDATED VIEWPOINT PUBLISHED
[INFO] [1790221400.943450720] [sage_mission_manager]: VIEWPOINT ACCEPTED | position=(3.16, 1.20, -2.00) | distance_from_uav=3.45 m
[INFO] [1790221400.947788807] [sage_mission_manager]: VALIDATED VIEWPOINT PUBLISHED
[INFO] [1790221401.143464319] [sage_mission_manager]: VIEWPOINT ACCEPTED | position=(3.16, 1.20, -2.00) | distance_from_uav=3.03 m
[INFO] [1790221401.146496622] [sage_mission_manager]: VALIDATED VIEWPOINT PUBLISHED
[INFO] [1790221401.344159328] [sage_mission_manager]: VIEWPOINT ACCEPTED | position=(2.90, 1.85, -2.00) | distance_from_uav=3.27 m
[INFO] [1790221401.344843566] [sage_mission_manager]: VALIDATED VIEWPOINT PUBLISHED
[INFO] [1790221401.545186288] [sage_mission_manager]: VIEWPOINT ACCEPTED | position=(2.65, 2.50, -2.00) | distance_from_uav=3.60 m
[INFO] [1790221401.545764886] [sage_mission_manager]: VALIDATED VIEWPOINT PUBLISHED
[INFO] [1790221401.748961892] [sage_mission_manager]: VIEWPOINT ACCEPTED | position=(2.65, 2.50, -2.00) | distance_from_uav=3.20 m
[INFO] [1790221401.749647185] [sage_mission_manager]: VALIDATED VIEWPOINT PUBLISHED
[INFO] [1790221401.947011837] [sage_mission_manager]: VIEWPOINT ACCEPTED | position=(2.39, 3.15, -2.00) | distance_from_uav=3.52 m
[INFO] [1790221401.947609339] [sage_mission_manager]: VALIDATED VIEWPOINT PUBLISHED
[INFO] [1790221402.146047404] [sage_mission_manager]: VIEWPOINT ACCEPTED | position=(2.39, 3.15, -2.00) | distance_from_uav=3.09 m
[INFO] [1790221402.146728036] [sage_mission_manager]: VALIDATED VIEWPOINT PUBLISHED
[INFO] [1790221402.344530140] [sage_mission_manager]: VIEWPOINT ACCEPTED | position=(2.13, 3.80, -2.00) | distance_from_uav=3.40 m
[INFO] [1790221402.345520355] [sage_mission_manager]: VALIDATED VIEWPOINT PUBLISHED
[INFO] [1790221402.544217377] [sage_mission_manager]: VIEWPOINT ACCEPTED | position=(2.13, 3.80, -2.00) | distance_from_uav=3.01 m
[INFO] [1790221402.547689207] [sage_mission_manager]: VALIDATED VIEWPOINT PUBLISHED
[INFO] [1790221402.747663989] [sage_mission_manager]: VIEWPOINT ACCEPTED | position=(1.87, 4.45, -2.00) | distance_from_uav=3.33 m
[INFO] [1790221402.749985682] [sage_mission_manager]: VALIDATED VIEWPOINT PUBLISHED
[INFO] [1790221402.948063614] [sage_mission_manager]: VIEWPOINT ACCEPTED | position=(1.61, 5.10, -2.00) | distance_from_uav=3.59 m
[INFO] [1790221402.950155699] [sage_mission_manager]: VALIDATED VIEWPOINT PUBLISHED
[INFO] [1790221403.146638008] [sage_mission_manager]: VIEWPOINT ACCEPTED | position=(1.61, 5.10, -2.00) | distance_from_uav=3.21 m
[INFO] [1790221403.147833309] [sage_mission_manager]: VALIDATED VIEWPOINT PUBLISHED
[INFO] [1790221403.343573131] [sage_mission_manager]: VIEWPOINT ACCEPTED | position=(1.35, 5.75, -2.00) | distance_from_uav=3.52 m
[INFO] [1790221403.347846394] [sage_mission_manager]: VALIDATED VIEWPOINT PUBLISHED
[INFO] [1790221403.552561210] [sage_mission_manager]: VIEWPOINT ACCEPTED | position=(1.35, 5.75, -2.00) | distance_from_uav=3.13 m
[INFO] [1790221403.553291840] [sage_mission_manager]: VALIDATED VIEWPOINT PUBLISHED
[INFO] [1790221403.753883993] [sage_mission_manager]: VIEWPOINT ACCEPTED | position=(1.10, 6.40, -2.00) | distance_from_uav=3.47 m
[INFO] [1790221403.754655871] [sage_mission_manager]: VALIDATED VIEWPOINT PUBLISHED
[INFO] [1790221403.943880911] [sage_mission_manager]: VIEWPOINT ACCEPTED | position=(1.10, 6.40, -2.00) | distance_from_uav=3.19 m
[INFO] [1790221403.946463520] [sage_mission_manager]: VALIDATED VIEWPOINT PUBLISHED
[INFO] [1790221404.146772865] [sage_mission_manager]: VIEWPOINT ACCEPTED | position=(0.84, 7.05, -2.00) | distance_from_uav=3.45 m
[INFO] [1790221404.148834669] [sage_mission_manager]: VALIDATED VIEWPOINT PUBLISHED
[INFO] [1790221404.345384455] [sage_mission_manager]: VIEWPOINT ACCEPTED | position=(0.58, 7.70, -2.00) | distance_from_uav=3.70 m
[INFO] [1790221404.347784573] [sage_mission_manager]: VALIDATED VIEWPOINT PUBLISHED
[INFO] [1790221404.547912762] [sage_mission_manager]: VIEWPOINT ACCEPTED | position=(0.58, 7.70, -2.00) | distance_from_uav=3.36 m
[INFO] [1790221404.549489363] [sage_mission_manager]: VALIDATED VIEWPOINT PUBLISHED
[INFO] [1790221404.746834769] [sage_mission_manager]: VIEWPOINT ACCEPTED | position=(0.58, 7.70, -2.00) | distance_from_uav=3.03 m
[INFO] [1790221404.747380363] [sage_mission_manager]: VALIDATED VIEWPOINT PUBLISHED
[INFO] [1790221404.947408226] [sage_mission_manager]: VIEWPOINT ACCEPTED | position=(0.47, 7.98, -2.00) | distance_from_uav=2.90 m
[INFO] [1790221404.947939738] [sage_mission_manager]: VALIDATED VIEWPOINT PUBLISHED
[INFO] [1790221405.149812199] [sage_mission_manager]: VIEWPOINT ACCEPTED | position=(0.47, 7.98, -2.00) | distance_from_uav=2.53 m
[INFO] [1790221405.150571428] [sage_mission_manager]: VALIDATED VIEWPOINT PUBLISHED
[INFO] [1790221405.354912414] [sage_mission_manager]: VIEWPOINT ACCEPTED | position=(0.47, 7.98, -2.00) | distance_from_uav=2.18 m
[INFO] [1790221405.358270277] [sage_mission_manager]: VALIDATED VIEWPOINT PUBLISHED
[INFO] [1790221405.551391215] [sage_mission_manager]: VIEWPOINT ACCEPTED | position=(0.47, 7.98, -2.00) | distance_from_uav=1.81 m
[INFO] [1790221405.555125913] [sage_mission_manager]: VALIDATED VIEWPOINT PUBLISHED
[INFO] [1790221405.742104743] [sage_mission_manager]: VIEWPOINT ACCEPTED | position=(0.47, 7.98, -2.00) | distance_from_uav=1.49 m
[INFO] [1790221405.742740679] [sage_mission_manager]: VALIDATED VIEWPOINT PUBLISHED
[INFO] [1790221405.950356719] [sage_mission_manager]: VIEWPOINT ACCEPTED | position=(0.47, 7.98, -2.00) | distance_from_uav=1.15 m
[INFO] [1790221405.951791264] [sage_mission_manager]: VALIDATED VIEWPOINT PUBLISHED
[INFO] [1790221406.154080483] [sage_mission_manager]: VIEWPOINT ACCEPTED | position=(0.47, 7.98, -2.00) | distance_from_uav=0.88 m
[INFO] [1790221406.154730569] [sage_mission_manager]: VALIDATED VIEWPOINT PUBLISHED
[INFO] [1790221406.347702621] [sage_mission_manager]: VIEWPOINT ACCEPTED | position=(0.47, 7.98, -2.00) | distance_from_uav=0.60 m
[INFO] [1790221406.348702994] [sage_mission_manager]: VALIDATED VIEWPOINT PUBLISHED
[INFO] [1790221406.550344815] [sage_mission_manager]: VIEWPOINT ACCEPTED | position=(0.47, 7.98, -2.00) | distance_from_uav=0.42 m
[INFO] [1790221406.551182234] [sage_mission_manager]: VALIDATED VIEWPOINT PUBLISHED
[INFO] [1790221406.748967692] [sage_mission_manager]: VIEWPOINT ACCEPTED | position=(0.47, 7.98, -2.00) | distance_from_uav=0.25 m
[INFO] [1790221406.754185765] [sage_mission_manager]: VALIDATED VIEWPOINT PUBLISHED
[INFO] [1790221406.948569323] [sage_mission_manager]: VIEWPOINT ACCEPTED | position=(-0.13, 7.62, -2.00) | distance_from_uav=0.78 m
[INFO] [1790221406.952295138] [sage_mission_manager]: VALIDATED VIEWPOINT PUBLISHED
[INFO] [1790221407.145781667] [sage_mission_manager]: VIEWPOINT ACCEPTED | position=(-0.73, 7.25, -2.00) | distance_from_uav=1.51 m
[INFO] [1790221407.146456970] [sage_mission_manager]: VALIDATED VIEWPOINT PUBLISHED
[INFO] [1790221407.346844684] [sage_mission_manager]: VIEWPOINT ACCEPTED | position=(-1.31, 6.89, -2.00) | distance_from_uav=2.21 m
[INFO] [1790221407.347610650] [sage_mission_manager]: VALIDATED VIEWPOINT PUBLISHED
[INFO] [1790221407.543955865] [sage_mission_manager]: VIEWPOINT ACCEPTED | position=(-1.31, 6.89, -2.00) | distance_from_uav=2.20 m
[INFO] [1790221407.544823297] [sage_mission_manager]: VALIDATED VIEWPOINT PUBLISHED
[INFO] [1790221407.743145312] [sage_mission_manager]: VIEWPOINT ACCEPTED | position=(-1.31, 6.89, -2.00) | distance_from_uav=2.14 m
[INFO] [1790221407.745408028] [sage_mission_manager]: VALIDATED VIEWPOINT PUBLISHED
[INFO] [1790221407.949027560] [sage_mission_manager]: VIEWPOINT ACCEPTED | position=(-1.31, 6.89, -2.00) | distance_from_uav=2.03 m
[INFO] [1790221407.951156049] [sage_mission_manager]: VALIDATED VIEWPOINT PUBLISHED
[INFO] [1790221408.148045716] [sage_mission_manager]: VIEWPOINT ACCEPTED | position=(-1.31, 6.89, -2.00) | distance_from_uav=1.86 m
[INFO] [1790221408.148986062] [sage_mission_manager]: VALIDATED VIEWPOINT PUBLISHED
[INFO] [1790221408.344257227] [sage_mission_manager]: VIEWPOINT ACCEPTED | position=(-1.31, 6.89, -2.00) | distance_from_uav=1.67 m
[INFO] [1790221408.344914686] [sage_mission_manager]: VALIDATED VIEWPOINT PUBLISHED
[INFO] [1790221408.544794276] [sage_mission_manager]: VIEWPOINT ACCEPTED | position=(-1.31, 6.89, -2.00) | distance_from_uav=1.45 m
[INFO] [1790221408.545425301] [sage_mission_manager]: VALIDATED VIEWPOINT PUBLISHED
[INFO] [1790221408.744079550] [sage_mission_manager]: VIEWPOINT ACCEPTED | position=(-1.31, 6.89, -2.00) | distance_from_uav=1.20 m
[INFO] [1790221408.744884230] [sage_mission_manager]: VALIDATED VIEWPOINT PUBLISHED
[INFO] [1790221408.945894740] [sage_mission_manager]: VIEWPOINT ACCEPTED | position=(-1.31, 6.89, -2.00) | distance_from_uav=0.96 m
[INFO] [1790221408.946608380] [sage_mission_manager]: VALIDATED VIEWPOINT PUBLISHED
[INFO] [1790221409.149221195] [sage_mission_manager]: VIEWPOINT ACCEPTED | position=(-1.31, 6.89, -2.00) | distance_from_uav=0.77 m
[INFO] [1790221409.149968032] [sage_mission_manager]: VALIDATED VIEWPOINT PUBLISHED
[INFO] [1790221409.342050242] [sage_mission_manager]: VIEWPOINT ACCEPTED | position=(-1.31, 6.89, -2.00) | distance_from_uav=0.60 m
[INFO] [1790221409.342601373] [sage_mission_manager]: VALIDATED VIEWPOINT PUBLISHED
[INFO] [1790221409.556638184] [sage_mission_manager]: VIEWPOINT ACCEPTED | position=(-1.31, 6.89, -2.00) | distance_from_uav=0.45 m
[INFO] [1790221409.557439180] [sage_mission_manager]: VALIDATED VIEWPOINT PUBLISHED
[INFO] [1790221409.745790290] [sage_mission_manager]: VIEWPOINT ACCEPTED | position=(-1.31, 6.89, -2.00) | distance_from_uav=0.34 m
[INFO] [1790221409.746644231] [sage_mission_manager]: VALIDATED VIEWPOINT PUBLISHED
[INFO] [1790221409.750988430] [sage_mission_manager]: VIEWPOINT ACCEPTED | position=(-1.31, 6.89, -2.00) | distance_from_uav=0.34 m
[INFO] [1790221409.753126648] [sage_mission_manager]: VALIDATED VIEWPOINT PUBLISHED
[INFO] [1790221409.944024407] [sage_mission_manager]: VIEWPOINT ACCEPTED | position=(-1.31, 6.89, -2.00) | distance_from_uav=0.24 m
[INFO] [1790221409.955970307] [sage_mission_manager]: VALIDATED VIEWPOINT PUBLISHED
[INFO] [1790221410.160211624] [sage_mission_manager]: VIEWPOINT ACCEPTED | position=(-1.31, 6.89, -2.00) | distance_from_uav=0.15 m
[INFO] [1790221410.160932666] [sage_mission_manager]: VALIDATED VIEWPOINT PUBLISHED
[INFO] [1790221410.356044890] [sage_mission_manager]: VIEWPOINT ACCEPTED | position=(-1.31, 6.89, -2.00) | distance_from_uav=0.07 m
[INFO] [1790221410.356601591] [sage_mission_manager]: VALIDATED VIEWPOINT PUBLISHED
[INFO] [1790221410.552006825] [sage_mission_manager]: VIEWPOINT ACCEPTED | position=(-1.31, 6.89, -2.00) | distance_from_uav=0.03 m
[INFO] [1790221410.554792705] [sage_mission_manager]: VALIDATED VIEWPOINT PUBLISHED
[INFO] [1790221410.744736050] [sage_mission_manager]: VIEWPOINT ACCEPTED | position=(-1.31, 6.89, -2.00) | distance_from_uav=0.05 m
[INFO] [1790221410.745788406] [sage_mission_manager]: VALIDATED VIEWPOINT PUBLISHED
[INFO] [1790221410.952621953] [sage_mission_manager]: VIEWPOINT ACCEPTED | position=(-1.31, 6.89, -2.00) | distance_from_uav=0.08 m
[INFO] [1790221410.953212036] [sage_mission_manager]: VALIDATED VIEWPOINT PUBLISHED
[INFO] [1790221411.143738060] [sage_mission_manager]: VIEWPOINT ACCEPTED | position=(-1.75, 6.35, -2.00) | distance_from_uav=0.61 m
[INFO] [1790221411.145975182] [sage_mission_manager]: VALIDATED VIEWPOINT PUBLISHED
[INFO] [1790221411.349546220] [sage_mission_manager]: VIEWPOINT ACCEPTED | position=(-2.19, 5.81, -2.00) | distance_from_uav=1.29 m
[INFO] [1790221411.350274256] [sage_mission_manager]: VALIDATED VIEWPOINT PUBLISHED
[INFO] [1790221411.545126633] [sage_mission_manager]: VIEWPOINT ACCEPTED | position=(-2.63, 5.26, -2.00) | distance_from_uav=1.97 m
[INFO] [1790221411.547263518] [sage_mission_manager]: VALIDATED VIEWPOINT PUBLISHED
[INFO] [1790221411.745478950] [sage_mission_manager]: VIEWPOINT ACCEPTED | position=(-3.07, 4.72, -2.00) | distance_from_uav=2.62 m
[INFO] [1790221411.746017613] [sage_mission_manager]: VALIDATED VIEWPOINT PUBLISHED
[INFO] [1790221411.942975081] [sage_mission_manager]: VIEWPOINT ACCEPTED | position=(-3.46, 4.23, -2.00) | distance_from_uav=3.15 m
[INFO] [1790221411.943721277] [sage_mission_manager]: VALIDATED VIEWPOINT PUBLISHED
[INFO] [1790221412.152990567] [sage_mission_manager]: VIEWPOINT ACCEPTED | position=(-3.46, 4.23, -2.00) | distance_from_uav=3.03 m
[INFO] [1790221412.153569174] [sage_mission_manager]: VALIDATED VIEWPOINT PUBLISHED
[INFO] [1790221412.353397767] [sage_mission_manager]: VIEWPOINT ACCEPTED | position=(-3.46, 4.23, -2.00) | distance_from_uav=2.84 m
[INFO] [1790221412.353981538] [sage_mission_manager]: VALIDATED VIEWPOINT PUBLISHED
[INFO] [1790221412.549490874] [sage_mission_manager]: VIEWPOINT ACCEPTED | position=(-3.46, 4.23, -2.00) | distance_from_uav=2.60 m
[INFO] [1790221412.550060711] [sage_mission_manager]: VALIDATED VIEWPOINT PUBLISHED
[INFO] [1790221412.948199358] [sage_mission_manager]: VIEWPOINT ACCEPTED | position=(-1.89, 5.27, -2.00) | distance_from_uav=0.69 m
[INFO] [1790221412.949145469] [sage_mission_manager]: VALIDATED VIEWPOINT PUBLISHED
[INFO] [1790221413.144396920] [sage_mission_manager]: VIEWPOINT ACCEPTED | position=(-1.49, 4.70, -2.00) | distance_from_uav=1.34 m
[INFO] [1790221413.145104219] [sage_mission_manager]: VALIDATED VIEWPOINT PUBLISHED
[INFO] [1790221413.351043588] [sage_mission_manager]: VIEWPOINT ACCEPTED | position=(-1.09, 4.13, -2.00) | distance_from_uav=2.00 m
[INFO] [1790221413.351584383] [sage_mission_manager]: VALIDATED VIEWPOINT PUBLISHED
[INFO] [1790221413.557846144] [sage_mission_manager]: VIEWPOINT ACCEPTED | position=(-0.68, 3.55, -2.00) | distance_from_uav=2.66 m
[INFO] [1790221413.560373772] [sage_mission_manager]: VALIDATED VIEWPOINT PUBLISHED
[INFO] [1790221413.742064403] [sage_mission_manager]: VIEWPOINT ACCEPTED | position=(-0.28, 2.98, -2.00) | distance_from_uav=3.27 m
[INFO] [1790221413.742792422] [sage_mission_manager]: VALIDATED VIEWPOINT PUBLISHED
[INFO] [1790221413.947943424] [sage_mission_manager]: VIEWPOINT ACCEPTED | position=(-0.28, 2.98, -2.00) | distance_from_uav=3.18 m
[INFO] [1790221413.951054368] [sage_mission_manager]: VALIDATED VIEWPOINT PUBLISHED
[INFO] [1790221414.142813910] [sage_mission_manager]: VIEWPOINT ACCEPTED | position=(-0.28, 2.98, -2.00) | distance_from_uav=3.02 m
[INFO] [1790221414.145293429] [sage_mission_manager]: VALIDATED VIEWPOINT PUBLISHED
[INFO] [1790221414.349557062] [sage_mission_manager]: VIEWPOINT ACCEPTED | position=(0.12, 2.41, -2.00) | distance_from_uav=3.51 m
[INFO] [1790221414.355945449] [sage_mission_manager]: VALIDATED VIEWPOINT PUBLISHED
[INFO] [1790221414.544201115] [sage_mission_manager]: VIEWPOINT ACCEPTED | position=(0.12, 2.41, -2.00) | distance_from_uav=3.23 m
[INFO] [1790221414.547677829] [sage_mission_manager]: VALIDATED VIEWPOINT PUBLISHED
[INFO] [1790221414.748729978] [sage_mission_manager]: VIEWPOINT ACCEPTED | position=(0.52, 1.83, -2.00) | distance_from_uav=3.61 m
[INFO] [1790221414.753052761] [sage_mission_manager]: VALIDATED VIEWPOINT PUBLISHED
[INFO] [1790221414.948595843] [sage_mission_manager]: VIEWPOINT ACCEPTED | position=(0.52, 1.83, -2.00) | distance_from_uav=3.16 m
[INFO] [1790221414.952654416] [sage_mission_manager]: VALIDATED VIEWPOINT PUBLISHED
[INFO] [1790221415.141707798] [sage_mission_manager]: VIEWPOINT ACCEPTED | position=(0.92, 1.26, -2.00) | distance_from_uav=3.49 m
[INFO] [1790221415.144106526] [sage_mission_manager]: VALIDATED VIEWPOINT PUBLISHED
[INFO] [1790221415.344325335] [sage_mission_manager]: VIEWPOINT ACCEPTED | position=(0.92, 1.26, -2.00) | distance_from_uav=3.10 m
[INFO] [1790221415.345111331] [sage_mission_manager]: VALIDATED VIEWPOINT PUBLISHED
[INFO] [1790221415.547633408] [sage_mission_manager]: VIEWPOINT ACCEPTED | position=(1.32, 0.69, -2.00) | distance_from_uav=3.45 m
[INFO] [1790221415.548528572] [sage_mission_manager]: VALIDATED VIEWPOINT PUBLISHED
[INFO] [1790221415.746342873] [sage_mission_manager]: VIEWPOINT ACCEPTED | position=(1.32, 0.69, -2.00) | distance_from_uav=3.12 m
[INFO] [1790221415.747067408] [sage_mission_manager]: VALIDATED VIEWPOINT PUBLISHED
[INFO] [1790221415.949582699] [sage_mission_manager]: VIEWPOINT ACCEPTED | position=(1.72, 0.11, -2.00) | distance_from_uav=3.45 m
[INFO] [1790221415.950529274] [sage_mission_manager]: VALIDATED VIEWPOINT PUBLISHED
[INFO] [1790221416.141511443] [sage_mission_manager]: VIEWPOINT ACCEPTED | position=(1.72, 0.11, -2.00) | distance_from_uav=3.10 m
[INFO] [1790221416.144709753] [sage_mission_manager]: VALIDATED VIEWPOINT PUBLISHED
[INFO] [1790221416.347476882] [sage_mission_manager]: VIEWPOINT ACCEPTED | position=(2.12, -0.46, -2.00) | distance_from_uav=3.42 m
[INFO] [1790221416.351013492] [sage_mission_manager]: VALIDATED VIEWPOINT PUBLISHED
[INFO] [1790221416.551544425] [sage_mission_manager]: VIEWPOINT ACCEPTED | position=(2.12, -0.46, -2.00) | distance_from_uav=3.08 m
[INFO] [1790221416.554352349] [sage_mission_manager]: VALIDATED VIEWPOINT PUBLISHED
[INFO] [1790221416.742214500] [sage_mission_manager]: VIEWPOINT ACCEPTED | position=(2.53, -1.03, -2.00) | distance_from_uav=3.46 m
[INFO] [1790221416.743646760] [sage_mission_manager]: VALIDATED VIEWPOINT PUBLISHED
[INFO] [1790221416.941199916] [sage_mission_manager]: VIEWPOINT ACCEPTED | position=(2.53, -1.03, -2.00) | distance_from_uav=3.09 m
[INFO] [1790221416.941769463] [sage_mission_manager]: VALIDATED VIEWPOINT PUBLISHED
[INFO] [1790221417.141662221] [sage_mission_manager]: VIEWPOINT ACCEPTED | position=(2.93, -1.61, -2.00) | distance_from_uav=3.41 m
[INFO] [1790221417.142451383] [sage_mission_manager]: VALIDATED VIEWPOINT PUBLISHED
[INFO] [1790221417.344570642] [sage_mission_manager]: VIEWPOINT ACCEPTED | position=(2.93, -1.61, -2.00) | distance_from_uav=3.12 m
[INFO] [1790221417.345755451] [sage_mission_manager]: VALIDATED VIEWPOINT PUBLISHED
[INFO] [1790221417.541184605] [sage_mission_manager]: VIEWPOINT ACCEPTED | position=(3.33, -2.18, -2.00) | distance_from_uav=3.45 m
[INFO] [1790221417.541726669] [sage_mission_manager]: VALIDATED VIEWPOINT PUBLISHED
[INFO] [1790221417.743607352] [sage_mission_manager]: VIEWPOINT ACCEPTED | position=(3.33, -2.18, -2.00) | distance_from_uav=3.09 m
[INFO] [1790221417.744138190] [sage_mission_manager]: VALIDATED VIEWPOINT PUBLISHED
[INFO] [1790221417.946099129] [sage_mission_manager]: VIEWPOINT ACCEPTED | position=(3.73, -2.76, -2.00) | distance_from_uav=3.38 m
[INFO] [1790221417.946856955] [sage_mission_manager]: VALIDATED VIEWPOINT PUBLISHED
[INFO] [1790221418.146728034] [sage_mission_manager]: VIEWPOINT ACCEPTED | position=(4.13, -3.33, -2.00) | distance_from_uav=3.67 m
[INFO] [1790221418.151815846] [sage_mission_manager]: VALIDATED VIEWPOINT PUBLISHED
[INFO] [1790221418.350768179] [sage_mission_manager]: VIEWPOINT ACCEPTED | position=(4.13, -3.33, -2.00) | distance_from_uav=3.43 m
[INFO] [1790221418.355016185] [sage_mission_manager]: VALIDATED VIEWPOINT PUBLISHED
[INFO] [1790221418.546028575] [sage_mission_manager]: VIEWPOINT ACCEPTED | position=(4.13, -3.33, -2.00) | distance_from_uav=3.02 m
[INFO] [1790221418.546686975] [sage_mission_manager]: VALIDATED VIEWPOINT PUBLISHED
[INFO] [1790221418.746754693] [sage_mission_manager]: VIEWPOINT ACCEPTED | position=(4.53, -3.90, -2.00) | distance_from_uav=3.38 m
[INFO] [1790221418.747583747] [sage_mission_manager]: VALIDATED VIEWPOINT PUBLISHED
[INFO] [1790221418.944143347] [sage_mission_manager]: VIEWPOINT ACCEPTED | position=(4.93, -4.48, -2.00) | distance_from_uav=3.69 m
[INFO] [1790221418.944659805] [sage_mission_manager]: VALIDATED VIEWPOINT PUBLISHED
[INFO] [1790221419.144006303] [sage_mission_manager]: VIEWPOINT ACCEPTED | position=(4.93, -4.48, -2.00) | distance_from_uav=3.28 m
[INFO] [1790221419.144645532] [sage_mission_manager]: VALIDATED VIEWPOINT PUBLISHED
[INFO] [1790221419.353975026] [sage_mission_manager]: VIEWPOINT ACCEPTED | position=(5.34, -5.05, -2.00) | distance_from_uav=3.56 m
[INFO] [1790221419.355343340] [sage_mission_manager]: VALIDATED VIEWPOINT PUBLISHED
[INFO] [1790221419.544168499] [sage_mission_manager]: VIEWPOINT ACCEPTED | position=(5.34, -5.05, -2.00) | distance_from_uav=3.08 m
[INFO] [1790221419.545341639] [sage_mission_manager]: VALIDATED VIEWPOINT PUBLISHED
[INFO] [1790221419.745658430] [sage_mission_manager]: VIEWPOINT ACCEPTED | position=(5.74, -5.62, -2.00) | distance_from_uav=3.37 m
[INFO] [1790221419.746254837] [sage_mission_manager]: VALIDATED VIEWPOINT PUBLISHED
[INFO] [1790221419.942053245] [sage_mission_manager]: VIEWPOINT ACCEPTED | position=(5.74, -5.62, -2.00) | distance_from_uav=3.08 m
[INFO] [1790221419.943505805] [sage_mission_manager]: VALIDATED VIEWPOINT PUBLISHED
[INFO] [1790221420.146275849] [sage_mission_manager]: VIEWPOINT ACCEPTED | position=(6.00, -6.00, -2.00) | distance_from_uav=3.16 m
[INFO] [1790221420.148946253] [sage_mission_manager]: VALIDATED VIEWPOINT PUBLISHED
[INFO] [1790221420.342952392] [sage_mission_manager]: VIEWPOINT ACCEPTED | position=(6.00, -6.00, -2.00) | distance_from_uav=2.80 m
[INFO] [1790221420.345739662] [sage_mission_manager]: VALIDATED VIEWPOINT PUBLISHED
[INFO] [1790221420.558563715] [sage_mission_manager]: VIEWPOINT ACCEPTED | position=(6.00, -6.00, -2.00) | distance_from_uav=2.45 m
[INFO] [1790221420.559461007] [sage_mission_manager]: VALIDATED VIEWPOINT PUBLISHED
[INFO] [1790221420.744329124] [sage_mission_manager]: VIEWPOINT ACCEPTED | position=(6.00, -6.00, -2.00) | distance_from_uav=2.04 m
[INFO] [1790221420.750737531] [sage_mission_manager]: VALIDATED VIEWPOINT PUBLISHED
[INFO] [1790221420.947703249] [sage_mission_manager]: VIEWPOINT ACCEPTED | position=(6.00, -6.00, -2.00) | distance_from_uav=1.64 m
[INFO] [1790221420.949653163] [sage_mission_manager]: VALIDATED VIEWPOINT PUBLISHED
[INFO] [1790221421.140627172] [sage_mission_manager]: VIEWPOINT ACCEPTED | position=(6.00, -6.00, -2.00) | distance_from_uav=1.36 m
[INFO] [1790221421.141156490] [sage_mission_manager]: VALIDATED VIEWPOINT PUBLISHED
[INFO] [1790221421.345352496] [sage_mission_manager]: VIEWPOINT ACCEPTED | position=(6.00, -6.00, -2.00) | distance_from_uav=1.03 m
[INFO] [1790221421.345885683] [sage_mission_manager]: VALIDATED VIEWPOINT PUBLISHED
[INFO] [1790221421.544421623] [sage_mission_manager]: VIEWPOINT ACCEPTED | position=(6.00, -6.00, -2.00) | distance_from_uav=0.81 m
[INFO] [1790221421.545850827] [sage_mission_manager]: VALIDATED VIEWPOINT PUBLISHED
[INFO] [1790221421.741951177] [sage_mission_manager]: VIEWPOINT ACCEPTED | position=(6.00, -6.00, -2.00) | distance_from_uav=0.56 m
[INFO] [1790221421.742807264] [sage_mission_manager]: VALIDATED VIEWPOINT PUBLISHED
[INFO] [1790221421.949043461] [sage_mission_manager]: VIEWPOINT ACCEPTED | position=(6.00, -6.00, -2.00) | distance_from_uav=0.40 m
[INFO] [1790221421.949623355] [sage_mission_manager]: VALIDATED VIEWPOINT PUBLISHED
[INFO] [1790221422.146214970] [sage_mission_manager]: VIEWPOINT ACCEPTED | position=(6.00, -6.00, -2.00) | distance_from_uav=0.25 m
[INFO] [1790221422.146802624] [sage_mission_manager]: VALIDATED VIEWPOINT PUBLISHED
[INFO] [1790221422.341416469] [sage_mission_manager]: VIEWPOINT ACCEPTED | position=(6.00, -6.00, -2.00) | distance_from_uav=0.13 m
[INFO] [1790221422.342356576] [sage_mission_manager]: VALIDATED VIEWPOINT PUBLISHED
[INFO] [1790221422.544215229] [sage_mission_manager]: VIEWPOINT ACCEPTED | position=(6.00, -6.00, -2.00) | distance_from_uav=0.11 m
[INFO] [1790221422.546542746] [sage_mission_manager]: VALIDATED VIEWPOINT PUBLISHED
[INFO] [1790221422.740779174] [sage_mission_manager]: VIEWPOINT ACCEPTED | position=(6.00, -6.00, -2.00) | distance_from_uav=0.16 m
[INFO] [1790221422.741504496] [sage_mission_manager]: VALIDATED VIEWPOINT PUBLISHED
[INFO] [1790221422.944355998] [sage_mission_manager]: VIEWPOINT ACCEPTED | position=(6.00, -6.00, -2.00) | distance_from_uav=0.20 m
[INFO] [1790221422.944956690] [sage_mission_manager]: VALIDATED VIEWPOINT PUBLISHED
[INFO] [1790221423.142698954] [sage_mission_manager]: VIEWPOINT ACCEPTED | position=(6.00, -6.00, -2.00) | distance_from_uav=0.25 m
[INFO] [1790221423.147871845] [sage_mission_manager]: VALIDATED VIEWPOINT PUBLISHED
[INFO] [1790221423.343655560] [sage_mission_manager]: VIEWPOINT ACCEPTED | position=(6.00, -6.00, -2.00) | distance_from_uav=0.27 m
[INFO] [1790221423.344866802] [sage_mission_manager]: VALIDATED VIEWPOINT PUBLISHED
[INFO] [1790221423.545285640] [sage_mission_manager]: VIEWPOINT ACCEPTED | position=(6.00, -6.00, -2.00) | distance_from_uav=0.29 m
[INFO] [1790221423.545846828] [sage_mission_manager]: VALIDATED VIEWPOINT PUBLISHED
[INFO] [1790221423.756291321] [sage_mission_manager]: VIEWPOINT ACCEPTED | position=(6.00, -6.00, -2.00) | distance_from_uav=0.30 m
[INFO] [1790221423.757258674] [sage_mission_manager]: VALIDATED VIEWPOINT PUBLISHED
[INFO] [1790221423.953148542] [sage_mission_manager]: VIEWPOINT ACCEPTED | position=(6.00, -6.00, -2.00) | distance_from_uav=0.29 m
[INFO] [1790221423.953683769] [sage_mission_manager]: VALIDATED VIEWPOINT PUBLISHED
[INFO] [1790221424.144941626] [sage_mission_manager]: VIEWPOINT ACCEPTED | position=(6.00, -6.00, -2.00) | distance_from_uav=0.29 m
[INFO] [1790221424.145569700] [sage_mission_manager]: VALIDATED VIEWPOINT PUBLISHED
[INFO] [1790221424.344607123] [sage_mission_manager]: VIEWPOINT ACCEPTED | position=(6.00, -6.00, -2.00) | distance_from_uav=0.28 m
[INFO] [1790221424.345572576] [sage_mission_manager]: VALIDATED VIEWPOINT PUBLISHED
[INFO] [1790221424.545890619] [sage_mission_manager]: VIEWPOINT ACCEPTED | position=(6.00, -6.00, -2.00) | distance_from_uav=0.28 m
[INFO] [1790221424.552208420] [sage_mission_manager]: VALIDATED VIEWPOINT PUBLISHED
[INFO] [1790221424.752337714] [sage_mission_manager]: VIEWPOINT ACCEPTED | position=(6.00, -6.00, -2.00) | distance_from_uav=0.27 m
[INFO] [1790221424.754859397] [sage_mission_manager]: VALIDATED VIEWPOINT PUBLISHED
[INFO] [1790221424.947588897] [sage_mission_manager]: VIEWPOINT ACCEPTED | position=(6.00, -6.00, -2.00) | distance_from_uav=0.26 m
[INFO] [1790221424.949782267] [sage_mission_manager]: VALIDATED VIEWPOINT PUBLISHED
[INFO] [1790221425.143390335] [sage_mission_manager]: VIEWPOINT ACCEPTED | position=(6.00, -6.00, -2.00) | distance_from_uav=0.25 m
[INFO] [1790221425.144605701] [sage_mission_manager]: VALIDATED VIEWPOINT PUBLISHED
[INFO] [1790221425.342371849] [sage_mission_manager]: VIEWPOINT ACCEPTED | position=(6.00, -6.00, -2.00) | distance_from_uav=0.24 m
[INFO] [1790221425.346349373] [sage_mission_manager]: VALIDATED VIEWPOINT PUBLISHED
[INFO] [1790221425.544738991] [sage_mission_manager]: VIEWPOINT ACCEPTED | position=(6.00, -6.00, -2.00) | distance_from_uav=0.23 m
[INFO] [1790221425.547678232] [sage_mission_manager]: VALIDATED VIEWPOINT PUBLISHED
[INFO] [1790221425.743044984] [sage_mission_manager]: VIEWPOINT ACCEPTED | position=(6.00, -6.00, -2.00) | distance_from_uav=0.22 m
[INFO] [1790221425.743594813] [sage_mission_manager]: VALIDATED VIEWPOINT PUBLISHED
[INFO] [1790221425.942432735] [sage_mission_manager]: VIEWPOINT ACCEPTED | position=(6.00, -6.00, -2.00) | distance_from_uav=0.21 m
[INFO] [1790221425.942981400] [sage_mission_manager]: VALIDATED VIEWPOINT PUBLISHED
[INFO] [1790221426.142020271] [sage_mission_manager]: VIEWPOINT ACCEPTED | position=(6.00, -6.00, -2.00) | distance_from_uav=0.20 m
[INFO] [1790221426.144567415] [sage_mission_manager]: VALIDATED VIEWPOINT PUBLISHED
[INFO] [1790221426.344348348] [sage_mission_manager]: VIEWPOINT ACCEPTED | position=(6.00, -6.00, -2.00) | distance_from_uav=0.19 m
[INFO] [1790221426.347409275] [sage_mission_manager]: VALIDATED VIEWPOINT PUBLISHED
[INFO] [1790221426.543993104] [sage_mission_manager]: VIEWPOINT ACCEPTED | position=(6.00, -6.00, -2.00) | distance_from_uav=0.18 m
[INFO] [1790221426.544747790] [sage_mission_manager]: VALIDATED VIEWPOINT PUBLISHED
[INFO] [1790221426.744453367] [sage_mission_manager]: VIEWPOINT ACCEPTED | position=(6.00, -6.00, -2.00) | distance_from_uav=0.17 m
[INFO] [1790221426.746425281] [sage_mission_manager]: VALIDATED VIEWPOINT PUBLISHED
[INFO] [1790221426.942663402] [sage_mission_manager]: VIEWPOINT ACCEPTED | position=(6.00, -6.00, -2.00) | distance_from_uav=0.16 m
[INFO] [1790221426.943221205] [sage_mission_manager]: VALIDATED VIEWPOINT PUBLISHED
[INFO] [1790221427.146694573] [sage_mission_manager]: VIEWPOINT ACCEPTED | position=(6.00, -6.00, -2.00) | distance_from_uav=0.14 m
[INFO] [1790221427.147368931] [sage_mission_manager]: VALIDATED VIEWPOINT PUBLISHED
[INFO] [1790221427.347622839] [sage_mission_manager]: VIEWPOINT ACCEPTED | position=(6.00, -6.00, -2.00) | distance_from_uav=0.13 m
[INFO] [1790221427.349017892] [sage_mission_manager]: VALIDATED VIEWPOINT PUBLISHED
[INFO] [1790221427.553905291] [sage_mission_manager]: VIEWPOINT ACCEPTED | position=(6.00, -6.00, -2.00) | distance_from_uav=0.11 m
[INFO] [1790221427.555977384] [sage_mission_manager]: VALIDATED VIEWPOINT PUBLISHED
[INFO] [1790221427.744475284] [sage_mission_manager]: VIEWPOINT ACCEPTED | position=(6.00, -6.00, -2.00) | distance_from_uav=0.10 m
[INFO] [1790221427.748997732] [sage_mission_manager]: VALIDATED VIEWPOINT PUBLISHED
[INFO] [1790221427.948713431] [sage_mission_manager]: VIEWPOINT ACCEPTED | position=(6.00, -6.00, -2.00) | distance_from_uav=0.08 m
[INFO] [1790221427.950509998] [sage_mission_manager]: VALIDATED VIEWPOINT PUBLISHED
[INFO] [1790221428.147541557] [sage_mission_manager]: VIEWPOINT ACCEPTED | position=(6.00, -6.00, -2.00) | distance_from_uav=0.07 m
[INFO] [1790221428.149763529] [sage_mission_manager]: VALIDATED VIEWPOINT PUBLISHED
[INFO] [1790221428.343580905] [sage_mission_manager]: VIEWPOINT ACCEPTED | position=(6.00, -6.00, -2.00) | distance_from_uav=0.06 m
[INFO] [1790221428.344351155] [sage_mission_manager]: VALIDATED VIEWPOINT PUBLISHED
[INFO] [1790221428.548512425] [sage_mission_manager]: VIEWPOINT ACCEPTED | position=(6.00, -6.00, -2.00) | distance_from_uav=0.04 m
[INFO] [1790221428.552415168] [sage_mission_manager]: VALIDATED VIEWPOINT PUBLISHED
[INFO] [1790221428.743201992] [sage_mission_manager]: VIEWPOINT ACCEPTED | position=(6.00, -6.00, -2.00) | distance_from_uav=0.04 m
[INFO] [1790221428.743731137] [sage_mission_manager]: VALIDATED VIEWPOINT PUBLISHED
[INFO] [1790221428.946887807] [sage_mission_manager]: VIEWPOINT ACCEPTED | position=(6.00, -6.00, -2.00) | distance_from_uav=0.03 m
[INFO] [1790221428.952013859] [sage_mission_manager]: VALIDATED VIEWPOINT PUBLISHED
[INFO] [1790221429.146449522] [sage_mission_manager]: VIEWPOINT ACCEPTED | position=(6.00, -6.00, -2.00) | distance_from_uav=0.03 m
[INFO] [1790221429.148701413] [sage_mission_manager]: VALIDATED VIEWPOINT PUBLISHED
[INFO] [1790221429.344333196] [sage_mission_manager]: VIEWPOINT ACCEPTED | position=(6.00, -6.00, -2.00) | distance_from_uav=0.03 m
[INFO] [1790221429.345208980] [sage_mission_manager]: VALIDATED VIEWPOINT PUBLISHED
[INFO] [1790221429.542015790] [sage_mission_manager]: VIEWPOINT ACCEPTED | position=(6.00, -6.00, -2.00) | distance_from_uav=0.03 m
[INFO] [1790221429.548970312] [sage_mission_manager]: VALIDATED VIEWPOINT PUBLISHED
[INFO] [1790221429.742481070] [sage_mission_manager]: VIEWPOINT ACCEPTED | position=(6.00, -6.00, -2.00) | distance_from_uav=0.03 m
[INFO] [1790221429.743961170] [sage_mission_manager]: VALIDATED VIEWPOINT PUBLISHED
[INFO] [1790221429.949979351] [sage_mission_manager]: VIEWPOINT ACCEPTED | position=(6.00, -6.00, -2.00) | distance_from_uav=0.03 m
[INFO] [1790221429.951729226] [sage_mission_manager]: VALIDATED VIEWPOINT PUBLISHED
[INFO] [1790221430.147720329] [sage_mission_manager]: VIEWPOINT ACCEPTED | position=(6.00, -6.00, -2.00) | distance_from_uav=0.03 m
[INFO] [1790221430.150043177] [sage_mission_manager]: VALIDATED VIEWPOINT PUBLISHED
[INFO] [1790221430.348778437] [sage_mission_manager]: VIEWPOINT ACCEPTED | position=(5.30, -6.00, -2.00) | distance_from_uav=0.72 m
[INFO] [1790221430.349816268] [sage_mission_manager]: VALIDATED VIEWPOINT PUBLISHED
[INFO] [1790221430.542506060] [sage_mission_manager]: VIEWPOINT ACCEPTED | position=(4.60, -6.00, -2.00) | distance_from_uav=1.42 m
[INFO] [1790221430.546184074] [sage_mission_manager]: VALIDATED VIEWPOINT PUBLISHED
[INFO] [1790221430.745497849] [sage_mission_manager]: VIEWPOINT ACCEPTED | position=(3.90, -6.00, -2.00) | distance_from_uav=2.12 m
[INFO] [1790221430.747695801] [sage_mission_manager]: VALIDATED VIEWPOINT PUBLISHED
[INFO] [1790221430.946419532] [sage_mission_manager]: VIEWPOINT ACCEPTED | position=(3.20, -6.00, -2.00) | distance_from_uav=2.81 m
[INFO] [1790221430.947757273] [sage_mission_manager]: VALIDATED VIEWPOINT PUBLISHED
[INFO] [1790221431.144998268] [sage_mission_manager]: VIEWPOINT ACCEPTED | position=(2.50, -6.00, -2.00) | distance_from_uav=3.44 m
[INFO] [1790221431.146140410] [sage_mission_manager]: VALIDATED VIEWPOINT PUBLISHED
[INFO] [1790221431.345838534] [sage_mission_manager]: VIEWPOINT ACCEPTED | position=(2.50, -6.00, -2.00) | distance_from_uav=3.31 m
[INFO] [1790221431.346418622] [sage_mission_manager]: VALIDATED VIEWPOINT PUBLISHED
[INFO] [1790221431.553052065] [sage_mission_manager]: VIEWPOINT ACCEPTED | position=(2.50, -6.00, -2.00) | distance_from_uav=3.07 m
[INFO] [1790221431.555454699] [sage_mission_manager]: VALIDATED VIEWPOINT PUBLISHED
[INFO] [1790221431.747882878] [sage_mission_manager]: VIEWPOINT ACCEPTED | position=(1.80, -6.00, -2.00) | distance_from_uav=3.41 m
[INFO] [1790221431.752284555] [sage_mission_manager]: VALIDATED VIEWPOINT PUBLISHED
[INFO] [1790221431.946523028] [sage_mission_manager]: VIEWPOINT ACCEPTED | position=(1.80, -6.00, -2.00) | distance_from_uav=3.06 m
[INFO] [1790221431.948199718] [sage_mission_manager]: VALIDATED VIEWPOINT PUBLISHED
[INFO] [1790221432.146014328] [sage_mission_manager]: VIEWPOINT ACCEPTED | position=(1.10, -6.00, -2.00) | distance_from_uav=3.39 m
[INFO] [1790221432.146723307] [sage_mission_manager]: VALIDATED VIEWPOINT PUBLISHED
[INFO] [1790221432.359025137] [sage_mission_manager]: VIEWPOINT ACCEPTED | position=(1.10, -6.00, -2.00) | distance_from_uav=3.00 m
[INFO] [1790221432.359865361] [sage_mission_manager]: VALIDATED VIEWPOINT PUBLISHED
[INFO] [1790221432.542719496] [sage_mission_manager]: VIEWPOINT ACCEPTED | position=(0.40, -6.00, -2.00) | distance_from_uav=3.35 m
[INFO] [1790221432.546598248] [sage_mission_manager]: VALIDATED VIEWPOINT PUBLISHED
[INFO] [1790221432.743286122] [sage_mission_manager]: VIEWPOINT ACCEPTED | position=(0.00, -6.00, -2.00) | distance_from_uav=3.38 m
[INFO] [1790221432.745714423] [sage_mission_manager]: VALIDATED VIEWPOINT PUBLISHED
[INFO] [1790221432.945517059] [sage_mission_manager]: VIEWPOINT ACCEPTED | position=(0.00, -6.00, -2.00) | distance_from_uav=3.00 m
[INFO] [1790221432.946060902] [sage_mission_manager]: VALIDATED VIEWPOINT PUBLISHED
[INFO] [1790221433.147521198] [sage_mission_manager]: VIEWPOINT ACCEPTED | position=(0.00, -6.00, -2.00) | distance_from_uav=2.58 m
[INFO] [1790221433.152930257] [sage_mission_manager]: VALIDATED VIEWPOINT PUBLISHED
[INFO] [1790221433.350046554] [sage_mission_manager]: VIEWPOINT ACCEPTED | position=(0.00, -6.00, -2.00) | distance_from_uav=2.24 m
[INFO] [1790221433.350640218] [sage_mission_manager]: VALIDATED VIEWPOINT PUBLISHED
[INFO] [1790221433.543524316] [sage_mission_manager]: VIEWPOINT ACCEPTED | position=(0.00, -6.00, -2.00) | distance_from_uav=1.90 m
[INFO] [1790221433.544207890] [sage_mission_manager]: VALIDATED VIEWPOINT PUBLISHED
[INFO] [1790221433.745911913] [sage_mission_manager]: VIEWPOINT ACCEPTED | position=(0.00, -6.00, -2.00) | distance_from_uav=1.60 m
[INFO] [1790221433.746699470] [sage_mission_manager]: VALIDATED VIEWPOINT PUBLISHED
[INFO] [1790221433.946278539] [sage_mission_manager]: VIEWPOINT ACCEPTED | position=(0.00, -6.00, -2.00) | distance_from_uav=1.30 m
[INFO] [1790221433.948708471] [sage_mission_manager]: VALIDATED VIEWPOINT PUBLISHED
[INFO] [1790221434.142998902] [sage_mission_manager]: VIEWPOINT ACCEPTED | position=(0.00, -6.00, -2.00) | distance_from_uav=1.01 m
[INFO] [1790221434.146059820] [sage_mission_manager]: VALIDATED VIEWPOINT PUBLISHED
[INFO] [1790221434.352992674] [sage_mission_manager]: VIEWPOINT ACCEPTED | position=(0.00, -6.00, -2.00) | distance_from_uav=0.74 m
[INFO] [1790221434.353650037] [sage_mission_manager]: VALIDATED VIEWPOINT PUBLISHED
[INFO] [1790221434.543372877] [sage_mission_manager]: VIEWPOINT ACCEPTED | position=(0.00, -6.00, -2.00) | distance_from_uav=0.51 m
[INFO] [1790221434.546796816] [sage_mission_manager]: VALIDATED VIEWPOINT PUBLISHED
[INFO] [1790221434.750438700] [sage_mission_manager]: VIEWPOINT ACCEPTED | position=(0.00, -6.00, -2.00) | distance_from_uav=0.33 m
[INFO] [1790221434.751988336] [sage_mission_manager]: VALIDATED VIEWPOINT PUBLISHED
[INFO] [1790221434.948387359] [sage_mission_manager]: VIEWPOINT ACCEPTED | position=(0.00, -6.00, -2.00) | distance_from_uav=0.20 m
[INFO] [1790221434.954165517] [sage_mission_manager]: VALIDATED VIEWPOINT PUBLISHED
[INFO] [1790221435.145421501] [sage_mission_manager]: VIEWPOINT ACCEPTED | position=(0.00, -6.00, -2.00) | distance_from_uav=0.09 m
[INFO] [1790221435.147491932] [sage_mission_manager]: VALIDATED VIEWPOINT PUBLISHED
[INFO] [1790221435.342419007] [sage_mission_manager]: VIEWPOINT ACCEPTED | position=(0.00, -6.00, -2.00) | distance_from_uav=0.05 m
[INFO] [1790221435.345239396] [sage_mission_manager]: VALIDATED VIEWPOINT PUBLISHED
[INFO] [1790221435.544709216] [sage_mission_manager]: VIEWPOINT ACCEPTED | position=(0.00, -6.00, -2.00) | distance_from_uav=0.09 m
[INFO] [1790221435.545382982] [sage_mission_manager]: VALIDATED VIEWPOINT PUBLISHED
[INFO] [1790221435.752247423] [sage_mission_manager]: VIEWPOINT ACCEPTED | position=(0.00, -6.00, -2.00) | distance_from_uav=0.14 m
[INFO] [1790221435.753247830] [sage_mission_manager]: VALIDATED VIEWPOINT PUBLISHED
[INFO] [1790221435.942393539] [sage_mission_manager]: VIEWPOINT ACCEPTED | position=(0.00, -6.00, -2.00) | distance_from_uav=0.18 m
[INFO] [1790221435.943519661] [sage_mission_manager]: VALIDATED VIEWPOINT PUBLISHED
[INFO] [1790221436.146993352] [sage_mission_manager]: VIEWPOINT ACCEPTED | position=(0.00, -6.00, -2.00) | distance_from_uav=0.20 m
[INFO] [1790221436.147564225] [sage_mission_manager]: VALIDATED VIEWPOINT PUBLISHED
[INFO] [1790221436.350146654] [sage_mission_manager]: VIEWPOINT ACCEPTED | position=(0.00, -6.00, -2.00) | distance_from_uav=0.22 m
[INFO] [1790221436.352067804] [sage_mission_manager]: VALIDATED VIEWPOINT PUBLISHED
[INFO] [1790221436.550769251] [sage_mission_manager]: VIEWPOINT ACCEPTED | position=(0.00, -6.00, -2.00) | distance_from_uav=0.22 m
[INFO] [1790221436.551545591] [sage_mission_manager]: VALIDATED VIEWPOINT PUBLISHED
[INFO] [1790221436.743038062] [sage_mission_manager]: VIEWPOINT ACCEPTED | position=(0.00, -6.00, -2.00) | distance_from_uav=0.22 m
[INFO] [1790221436.747120788] [sage_mission_manager]: VALIDATED VIEWPOINT PUBLISHED
[INFO] [1790221436.941592159] [sage_mission_manager]: VIEWPOINT ACCEPTED | position=(0.00, -6.00, -2.00) | distance_from_uav=0.22 m
[INFO] [1790221436.942522034] [sage_mission_manager]: VALIDATED VIEWPOINT PUBLISHED
[INFO] [1790221437.144808580] [sage_mission_manager]: VIEWPOINT ACCEPTED | position=(0.00, -6.00, -2.00) | distance_from_uav=0.21 m
[INFO] [1790221437.150045338] [sage_mission_manager]: VALIDATED VIEWPOINT PUBLISHED
[INFO] [1790221437.344591281] [sage_mission_manager]: VIEWPOINT ACCEPTED | position=(0.00, -6.00, -2.00) | distance_from_uav=0.19 m
[INFO] [1790221437.345257550] [sage_mission_manager]: VALIDATED VIEWPOINT PUBLISHED
[INFO] [1790221437.544343224] [sage_mission_manager]: VIEWPOINT ACCEPTED | position=(0.00, -6.00, -2.00) | distance_from_uav=0.17 m
[INFO] [1790221437.544889579] [sage_mission_manager]: VALIDATED VIEWPOINT PUBLISHED
[INFO] [1790221437.747490751] [sage_mission_manager]: VIEWPOINT ACCEPTED | position=(0.00, -6.00, -2.00) | distance_from_uav=0.15 m
[INFO] [1790221437.748260572] [sage_mission_manager]: VALIDATED VIEWPOINT PUBLISHED
[INFO] [1790221437.948665283] [sage_mission_manager]: VIEWPOINT ACCEPTED | position=(0.00, -6.00, -2.00) | distance_from_uav=0.14 m
[INFO] [1790221437.949466712] [sage_mission_manager]: VALIDATED VIEWPOINT PUBLISHED
[INFO] [1790221438.146473866] [sage_mission_manager]: VIEWPOINT ACCEPTED | position=(0.00, -6.00, -2.00) | distance_from_uav=0.12 m
[INFO] [1790221438.149667438] [sage_mission_manager]: VALIDATED VIEWPOINT PUBLISHED
[INFO] [1790221438.343616150] [sage_mission_manager]: VIEWPOINT ACCEPTED | position=(0.00, -6.00, -2.00) | distance_from_uav=0.10 m
[INFO] [1790221438.347831518] [sage_mission_manager]: VALIDATED VIEWPOINT PUBLISHED
[INFO] [1790221438.547125119] [sage_mission_manager]: VIEWPOINT ACCEPTED | position=(0.00, -6.00, -2.00) | distance_from_uav=0.08 m
[INFO] [1790221438.549489242] [sage_mission_manager]: VALIDATED VIEWPOINT PUBLISHED
[INFO] [1790221438.741100901] [sage_mission_manager]: VIEWPOINT ACCEPTED | position=(0.00, -6.00, -2.00) | distance_from_uav=0.07 m
[INFO] [1790221438.741836425] [sage_mission_manager]: VALIDATED VIEWPOINT PUBLISHED
[INFO] [1790221438.947548454] [sage_mission_manager]: VIEWPOINT ACCEPTED | position=(0.00, -6.00, -2.00) | distance_from_uav=0.06 m
[INFO] [1790221438.948205402] [sage_mission_manager]: VALIDATED VIEWPOINT PUBLISHED
[INFO] [1790221439.151885654] [sage_mission_manager]: VIEWPOINT ACCEPTED | position=(0.00, -6.00, -2.00) | distance_from_uav=0.05 m
[INFO] [1790221439.152674969] [sage_mission_manager]: VALIDATED VIEWPOINT PUBLISHED
[INFO] [1790221439.347021306] [sage_mission_manager]: VIEWPOINT ACCEPTED | position=(0.00, -6.00, -2.00) | distance_from_uav=0.04 m
[INFO] [1790221439.347947664] [sage_mission_manager]: VALIDATED VIEWPOINT PUBLISHED
[INFO] [1790221439.544630532] [sage_mission_manager]: VIEWPOINT ACCEPTED | position=(0.00, -6.00, -2.00) | distance_from_uav=0.04 m
[INFO] [1790221439.549449946] [sage_mission_manager]: VALIDATED VIEWPOINT PUBLISHED
[INFO] [1790221439.744875748] [sage_mission_manager]: VIEWPOINT ACCEPTED | position=(0.00, -6.00, -2.00) | distance_from_uav=0.04 m
[INFO] [1790221439.745767261] [sage_mission_manager]: VALIDATED VIEWPOINT PUBLISHED
[INFO] [1790221439.953064759] [sage_mission_manager]: VIEWPOINT ACCEPTED | position=(0.00, -6.00, -2.00) | distance_from_uav=0.04 m
[INFO] [1790221439.953844305] [sage_mission_manager]: VALIDATED VIEWPOINT PUBLISHED
[INFO] [1790221440.163238585] [sage_mission_manager]: VIEWPOINT ACCEPTED | position=(0.00, -6.00, -2.00) | distance_from_uav=0.04 m
[INFO] [1790221440.163857206] [sage_mission_manager]: VALIDATED VIEWPOINT PUBLISHED
[INFO] [1790221440.353912512] [sage_mission_manager]: VIEWPOINT ACCEPTED | position=(0.00, -6.00, -2.00) | distance_from_uav=0.03 m
[INFO] [1790221440.354671171] [sage_mission_manager]: VALIDATED VIEWPOINT PUBLISHED
[INFO] [1790221440.548601198] [sage_mission_manager]: VIEWPOINT ACCEPTED | position=(0.00, -6.00, -2.00) | distance_from_uav=0.03 m
[INFO] [1790221440.549367126] [sage_mission_manager]: VALIDATED VIEWPOINT PUBLISHED
[INFO] [1790221440.748039406] [sage_mission_manager]: VIEWPOINT ACCEPTED | position=(0.00, -6.00, -2.00) | distance_from_uav=0.02 m
[INFO] [1790221440.748797029] [sage_mission_manager]: VALIDATED VIEWPOINT PUBLISHED
[INFO] [1790221440.943010963] [sage_mission_manager]: VIEWPOINT ACCEPTED | position=(0.00, -6.00, -2.00) | distance_from_uav=0.01 m
[INFO] [1790221440.947026206] [sage_mission_manager]: VALIDATED VIEWPOINT PUBLISHED
[INFO] [1790221441.147462629] [sage_mission_manager]: VIEWPOINT ACCEPTED | position=(0.00, -6.00, -2.00) | distance_from_uav=0.01 m
[INFO] [1790221441.148025961] [sage_mission_manager]: VALIDATED VIEWPOINT PUBLISHED
[INFO] [1790221441.344028458] [sage_mission_manager]: VIEWPOINT ACCEPTED | position=(0.00, -6.00, -2.00) | distance_from_uav=0.00 m
[INFO] [1790221441.344556091] [sage_mission_manager]: VALIDATED VIEWPOINT PUBLISHED
[INFO] [1790221441.544170960] [sage_mission_manager]: VIEWPOINT ACCEPTED | position=(0.00, -6.00, -2.00) | distance_from_uav=0.00 m
[INFO] [1790221441.544766308] [sage_mission_manager]: VALIDATED VIEWPOINT PUBLISHED
[INFO] [1790221441.744145655] [sage_mission_manager]: VIEWPOINT ACCEPTED | position=(0.00, -6.00, -2.00) | distance_from_uav=0.01 m
[INFO] [1790221441.744841477] [sage_mission_manager]: VALIDATED VIEWPOINT PUBLISHED
[INFO] [1790221441.947793647] [sage_mission_manager]: VIEWPOINT ACCEPTED | position=(0.00, -6.00, -2.00) | distance_from_uav=0.01 m
[INFO] [1790221441.949905319] [sage_mission_manager]: VALIDATED VIEWPOINT PUBLISHED
[INFO] [1790221442.145802377] [sage_mission_manager]: VIEWPOINT ACCEPTED | position=(0.00, -6.00, -2.00) | distance_from_uav=0.02 m
[INFO] [1790221442.146937178] [sage_mission_manager]: VALIDATED VIEWPOINT PUBLISHED
[INFO] [1790221442.343550350] [sage_mission_manager]: VIEWPOINT ACCEPTED | position=(0.00, -6.00, -2.00) | distance_from_uav=0.02 m
[INFO] [1790221442.344089515] [sage_mission_manager]: VALIDATED VIEWPOINT PUBLISHED
[INFO] [1790221442.549026844] [sage_mission_manager]: VIEWPOINT ACCEPTED | position=(0.00, -6.00, -2.00) | distance_from_uav=0.03 m
[INFO] [1790221442.551221274] [sage_mission_manager]: VALIDATED VIEWPOINT PUBLISHED
[INFO] [1790221442.741954548] [sage_mission_manager]: VIEWPOINT ACCEPTED | position=(0.00, -6.00, -2.00) | distance_from_uav=0.04 m
[INFO] [1790221442.743120824] [sage_mission_manager]: VALIDATED VIEWPOINT PUBLISHED
[INFO] [1790221442.941819284] [sage_mission_manager]: VIEWPOINT ACCEPTED | position=(0.00, -6.00, -2.00) | distance_from_uav=0.04 m
[INFO] [1790221442.942372016] [sage_mission_manager]: VALIDATED VIEWPOINT PUBLISHED
[INFO] [1790221443.143633053] [sage_mission_manager]: VIEWPOINT ACCEPTED | position=(0.00, -5.30, -2.00) | distance_from_uav=0.69 m
[INFO] [1790221443.144267077] [sage_mission_manager]: VALIDATED VIEWPOINT PUBLISHED
[INFO] [1790221443.345286615] [sage_mission_manager]: VIEWPOINT ACCEPTED | position=(0.00, -4.60, -2.00) | distance_from_uav=1.39 m
[INFO] [1790221443.346867615] [sage_mission_manager]: VALIDATED VIEWPOINT PUBLISHED
[INFO] [1790221443.546536688] [sage_mission_manager]: VIEWPOINT ACCEPTED | position=(0.00, -3.90, -2.00) | distance_from_uav=2.08 m
[INFO] [1790221443.547668614] [sage_mission_manager]: VALIDATED VIEWPOINT PUBLISHED
[INFO] [1790221443.742919056] [sage_mission_manager]: VIEWPOINT ACCEPTED | position=(0.00, -3.20, -2.00) | distance_from_uav=2.74 m
[INFO] [1790221443.743935292] [sage_mission_manager]: VALIDATED VIEWPOINT PUBLISHED
[INFO] [1790221443.943234064] [sage_mission_manager]: VIEWPOINT ACCEPTED | position=(0.00, -2.50, -2.00) | distance_from_uav=3.36 m
[INFO] [1790221443.943818935] [sage_mission_manager]: VALIDATED VIEWPOINT PUBLISHED
[INFO] [1790221444.145206558] [sage_mission_manager]: VIEWPOINT ACCEPTED | position=(0.00, -2.50, -2.00) | distance_from_uav=3.26 m
[INFO] [1790221444.145996350] [sage_mission_manager]: VALIDATED VIEWPOINT PUBLISHED
[INFO] [1790221444.356170901] [sage_mission_manager]: VIEWPOINT ACCEPTED | position=(0.00, -2.50, -2.00) | distance_from_uav=3.05 m
[INFO] [1790221444.356842296] [sage_mission_manager]: VALIDATED VIEWPOINT PUBLISHED
[INFO] [1790221444.549005259] [sage_mission_manager]: VIEWPOINT ACCEPTED | position=(0.00, -1.80, -2.00) | distance_from_uav=3.55 m
[INFO] [1790221444.550617734] [sage_mission_manager]: VALIDATED VIEWPOINT PUBLISHED
[INFO] [1790221444.743411286] [sage_mission_manager]: VIEWPOINT ACCEPTED | position=(0.00, -1.80, -2.00) | distance_from_uav=3.26 m
[INFO] [1790221444.743995802] [sage_mission_manager]: VALIDATED VIEWPOINT PUBLISHED
[INFO] [1790221444.942481653] [sage_mission_manager]: VIEWPOINT ACCEPTED | position=(0.00, -1.10, -2.00) | distance_from_uav=3.53 m
[INFO] [1790221444.943187385] [sage_mission_manager]: VALIDATED VIEWPOINT PUBLISHED
[INFO] [1790221445.149331257] [sage_mission_manager]: VIEWPOINT ACCEPTED | position=(0.00, -1.10, -2.00) | distance_from_uav=3.06 m
[INFO] [1790221445.153230910] [sage_mission_manager]: VALIDATED VIEWPOINT PUBLISHED
[INFO] [1790221445.344812969] [sage_mission_manager]: VIEWPOINT ACCEPTED | position=(0.00, -0.40, -2.00) | distance_from_uav=3.38 m
[INFO] [1790221445.346039455] [sage_mission_manager]: VALIDATED VIEWPOINT PUBLISHED
[INFO] [1790221445.546038350] [sage_mission_manager]: VIEWPOINT ACCEPTED | position=(0.00, 0.00, -2.00) | distance_from_uav=3.33 m
[INFO] [1790221445.549005644] [sage_mission_manager]: VALIDATED VIEWPOINT PUBLISHED
[INFO] [1790221445.745185668] [sage_mission_manager]: VIEWPOINT ACCEPTED | position=(0.00, 0.00, -2.00) | distance_from_uav=3.03 m
[INFO] [1790221445.746704319] [sage_mission_manager]: VALIDATED VIEWPOINT PUBLISHED
[INFO] [1790221445.946511797] [sage_mission_manager]: VIEWPOINT ACCEPTED | position=(0.00, 0.00, -2.00) | distance_from_uav=2.67 m
[INFO] [1790221445.949271501] [sage_mission_manager]: VALIDATED VIEWPOINT PUBLISHED
[INFO] [1790221446.142588952] [sage_mission_manager]: VIEWPOINT ACCEPTED | position=(0.00, 0.00, -2.00) | distance_from_uav=2.27 m
[INFO] [1790221446.143632481] [sage_mission_manager]: VALIDATED VIEWPOINT PUBLISHED
[INFO] [1790221446.344756700] [sage_mission_manager]: VIEWPOINT ACCEPTED | position=(0.00, 0.00, -2.00) | distance_from_uav=1.85 m
[INFO] [1790221446.346560803] [sage_mission_manager]: VALIDATED VIEWPOINT PUBLISHED
[INFO] [1790221446.549976964] [sage_mission_manager]: VIEWPOINT ACCEPTED | position=(0.00, 0.00, -2.00) | distance_from_uav=1.39 m
[INFO] [1790221446.551495452] [sage_mission_manager]: VALIDATED VIEWPOINT PUBLISHED
[INFO] [1790221446.749350435] [sage_mission_manager]: VIEWPOINT ACCEPTED | position=(0.00, 0.00, -2.00) | distance_from_uav=1.02 m
[INFO] [1790221446.750268698] [sage_mission_manager]: VALIDATED VIEWPOINT PUBLISHED
[INFO] [1790221446.943870065] [sage_mission_manager]: VIEWPOINT ACCEPTED | position=(0.00, 0.00, -2.00) | distance_from_uav=0.75 m
[INFO] [1790221446.944701675] [sage_mission_manager]: VALIDATED VIEWPOINT PUBLISHED
[INFO] [1790221447.142598387] [sage_mission_manager]: VIEWPOINT ACCEPTED | position=(0.00, 0.00, -2.00) | distance_from_uav=0.46 m
[INFO] [1790221447.152975374] [sage_mission_manager]: VALIDATED VIEWPOINT PUBLISHED
[INFO] [1790221447.345885960] [sage_mission_manager]: VIEWPOINT ACCEPTED | position=(0.00, 0.00, -2.00) | distance_from_uav=0.29 m
[INFO] [1790221447.347494040] [sage_mission_manager]: VALIDATED VIEWPOINT PUBLISHED
[INFO] [1790221447.549900344] [sage_mission_manager]: VIEWPOINT ACCEPTED | position=(0.00, 0.00, -2.00) | distance_from_uav=0.11 m
[INFO] [1790221447.553232396] [sage_mission_manager]: VALIDATED VIEWPOINT PUBLISHED
[INFO] [1790221447.746612145] [sage_mission_manager]: VIEWPOINT ACCEPTED | position=(0.00, 0.00, -2.00) | distance_from_uav=0.04 m
[INFO] [1790221447.747351834] [sage_mission_manager]: VALIDATED VIEWPOINT PUBLISHED
[INFO] [1790221447.942918367] [sage_mission_manager]: VIEWPOINT ACCEPTED | position=(0.00, 0.00, -2.00) | distance_from_uav=0.14 m
[INFO] [1790221447.944436221] [sage_mission_manager]: VALIDATED VIEWPOINT PUBLISHED
[INFO] [1790221448.154094613] [sage_mission_manager]: VIEWPOINT ACCEPTED | position=(0.00, 0.00, -2.00) | distance_from_uav=0.23 m
[INFO] [1790221448.154950997] [sage_mission_manager]: VALIDATED VIEWPOINT PUBLISHED
[INFO] [1790221448.345342968] [sage_mission_manager]: VIEWPOINT ACCEPTED | position=(0.00, 0.00, -2.00) | distance_from_uav=0.28 m
[INFO] [1790221448.348216979] [sage_mission_manager]: VALIDATED VIEWPOINT PUBLISHED
[INFO] [1790221448.541634405] [sage_mission_manager]: VIEWPOINT ACCEPTED | position=(0.00, 0.00, -2.00) | distance_from_uav=0.31 m
[INFO] [1790221448.542286297] [sage_mission_manager]: VALIDATED VIEWPOINT PUBLISHED
[INFO] [1790221448.747477326] [sage_mission_manager]: VIEWPOINT ACCEPTED | position=(0.00, 0.00, -2.00) | distance_from_uav=0.33 m
[INFO] [1790221448.748445421] [sage_mission_manager]: VALIDATED VIEWPOINT PUBLISHED
[INFO] [1790221448.944031893] [sage_mission_manager]: VIEWPOINT ACCEPTED | position=(0.00, 0.00, -2.00) | distance_from_uav=0.34 m
[INFO] [1790221448.945603824] [sage_mission_manager]: VALIDATED VIEWPOINT PUBLISHED
[INFO] [1790221449.146532575] [sage_mission_manager]: VIEWPOINT ACCEPTED | position=(0.00, 0.00, -2.00) | distance_from_uav=0.34 m
[INFO] [1790221449.148416696] [sage_mission_manager]: VALIDATED VIEWPOINT PUBLISHED
[INFO] [1790221449.346004529] [sage_mission_manager]: VIEWPOINT ACCEPTED | position=(0.00, 0.00, -2.00) | distance_from_uav=0.34 m
[INFO] [1790221449.346798175] [sage_mission_manager]: VALIDATED VIEWPOINT PUBLISHED
[INFO] [1790221449.542394125] [sage_mission_manager]: VIEWPOINT ACCEPTED | position=(0.00, 0.00, -2.00) | distance_from_uav=0.33 m
[INFO] [1790221449.543096172] [sage_mission_manager]: VALIDATED VIEWPOINT PUBLISHED
[INFO] [1790221449.748966071] [sage_mission_manager]: VIEWPOINT ACCEPTED | position=(0.00, 0.00, -2.00) | distance_from_uav=0.32 m
[INFO] [1790221449.752240513] [sage_mission_manager]: VALIDATED VIEWPOINT PUBLISHED
[INFO] [1790221449.950594742] [sage_mission_manager]: VIEWPOINT ACCEPTED | position=(0.00, 0.00, -2.00) | distance_from_uav=0.31 m
[INFO] [1790221449.951969290] [sage_mission_manager]: VALIDATED VIEWPOINT PUBLISHED
[INFO] [1790221450.141082893] [sage_mission_manager]: VIEWPOINT ACCEPTED | position=(0.00, 0.00, -2.00) | distance_from_uav=0.30 m
[INFO] [1790221450.141818386] [sage_mission_manager]: VALIDATED VIEWPOINT PUBLISHED
[INFO] [1790221450.345828704] [sage_mission_manager]: VIEWPOINT ACCEPTED | position=(0.00, 0.00, -2.00) | distance_from_uav=0.28 m
[INFO] [1790221450.350027884] [sage_mission_manager]: VALIDATED VIEWPOINT PUBLISHED
[INFO] [1790221450.543284287] [sage_mission_manager]: VIEWPOINT ACCEPTED | position=(0.00, 0.00, -2.00) | distance_from_uav=0.27 m
[INFO] [1790221450.544045845] [sage_mission_manager]: VALIDATED VIEWPOINT PUBLISHED
[INFO] [1790221450.745033735] [sage_mission_manager]: VIEWPOINT ACCEPTED | position=(0.00, 0.00, -2.00) | distance_from_uav=0.27 m
[INFO] [1790221450.751740094] [sage_mission_manager]: VALIDATED VIEWPOINT PUBLISHED
[INFO] [1790221450.955907710] [sage_mission_manager]: VIEWPOINT ACCEPTED | position=(0.00, 0.00, -2.00) | distance_from_uav=0.25 m
[INFO] [1790221450.956855133] [sage_mission_manager]: VALIDATED VIEWPOINT PUBLISHED
[INFO] [1790221451.140835470] [sage_mission_manager]: VIEWPOINT ACCEPTED | position=(0.00, 0.00, -2.00) | distance_from_uav=0.24 m
[INFO] [1790221451.141612124] [sage_mission_manager]: VALIDATED VIEWPOINT PUBLISHED
[INFO] [1790221451.346503718] [sage_mission_manager]: VIEWPOINT ACCEPTED | position=(0.00, 0.00, -2.00) | distance_from_uav=0.23 m
[INFO] [1790221451.347026908] [sage_mission_manager]: VALIDATED VIEWPOINT PUBLISHED
[INFO] [1790221451.542624215] [sage_mission_manager]: VIEWPOINT ACCEPTED | position=(0.00, 0.00, -2.00) | distance_from_uav=0.22 m
[INFO] [1790221451.543140021] [sage_mission_manager]: VALIDATED VIEWPOINT PUBLISHED
[INFO] [1790221451.742873760] [sage_mission_manager]: VIEWPOINT ACCEPTED | position=(0.00, 0.00, -2.00) | distance_from_uav=0.21 m
[INFO] [1790221451.747465648] [sage_mission_manager]: VALIDATED VIEWPOINT PUBLISHED
[INFO] [1790221451.942610561] [sage_mission_manager]: VIEWPOINT ACCEPTED | position=(0.00, 0.00, -2.00) | distance_from_uav=0.20 m
[INFO] [1790221451.943498147] [sage_mission_manager]: VALIDATED VIEWPOINT PUBLISHED
[INFO] [1790221452.143606924] [sage_mission_manager]: VIEWPOINT ACCEPTED | position=(0.00, 0.00, -2.00) | distance_from_uav=0.20 m
[INFO] [1790221452.144317657] [sage_mission_manager]: VALIDATED VIEWPOINT PUBLISHED
[INFO] [1790221452.341853576] [sage_mission_manager]: VIEWPOINT ACCEPTED | position=(0.00, 0.00, -2.00) | distance_from_uav=0.19 m
[INFO] [1790221452.343191406] [sage_mission_manager]: VALIDATED VIEWPOINT PUBLISHED
[INFO] [1790221452.547100691] [sage_mission_manager]: VIEWPOINT ACCEPTED | position=(0.00, 0.00, -2.00) | distance_from_uav=0.18 m
[INFO] [1790221452.550663380] [sage_mission_manager]: VALIDATED VIEWPOINT PUBLISHED
[INFO] [1790221452.753197295] [sage_mission_manager]: VIEWPOINT ACCEPTED | position=(0.00, 0.00, -2.00) | distance_from_uav=0.17 m
[INFO] [1790221452.754473262] [sage_mission_manager]: VALIDATED VIEWPOINT PUBLISHED
[INFO] [1790221452.947717500] [sage_mission_manager]: VIEWPOINT ACCEPTED | position=(0.00, 0.00, -2.00) | distance_from_uav=0.16 m
[INFO] [1790221452.948441492] [sage_mission_manager]: VALIDATED VIEWPOINT PUBLISHED
[INFO] [1790221453.144762058] [sage_mission_manager]: VIEWPOINT ACCEPTED | position=(0.00, 0.00, -2.00) | distance_from_uav=0.15 m
[INFO] [1790221453.145819858] [sage_mission_manager]: VALIDATED VIEWPOINT PUBLISHED
[INFO] [1790221453.346847099] [sage_mission_manager]: VIEWPOINT ACCEPTED | position=(0.00, 0.00, -2.00) | distance_from_uav=0.13 m
[INFO] [1790221453.347653405] [sage_mission_manager]: VALIDATED VIEWPOINT PUBLISHED
[INFO] [1790221453.544285931] [sage_mission_manager]: VIEWPOINT ACCEPTED | position=(0.00, 0.00, -2.00) | distance_from_uav=0.13 m
[INFO] [1790221453.546536829] [sage_mission_manager]: VALIDATED VIEWPOINT PUBLISHED
[INFO] [1790221453.745099166] [sage_mission_manager]: VIEWPOINT ACCEPTED | position=(0.00, 0.00, -2.00) | distance_from_uav=0.13 m
[INFO] [1790221453.745672006] [sage_mission_manager]: VALIDATED VIEWPOINT PUBLISHED
[INFO] [1790221453.945739432] [sage_mission_manager]: VIEWPOINT ACCEPTED | position=(0.00, 0.00, -2.00) | distance_from_uav=0.12 m
[INFO] [1790221453.946810552] [sage_mission_manager]: VALIDATED VIEWPOINT PUBLISHED
[INFO] [1790221454.142557783] [sage_mission_manager]: VIEWPOINT ACCEPTED | position=(0.00, 0.00, -2.00) | distance_from_uav=0.12 m
[INFO] [1790221454.143777531] [sage_mission_manager]: VALIDATED VIEWPOINT PUBLISHED
[INFO] [1790221454.345755521] [sage_mission_manager]: VIEWPOINT ACCEPTED | position=(0.00, 0.00, -2.00) | distance_from_uav=0.11 m
[INFO] [1790221454.346437476] [sage_mission_manager]: VALIDATED VIEWPOINT PUBLISHED
[INFO] [1790221454.542862059] [sage_mission_manager]: VIEWPOINT ACCEPTED | position=(0.00, 0.00, -2.00) | distance_from_uav=0.11 m
[INFO] [1790221454.543426515] [sage_mission_manager]: VALIDATED VIEWPOINT PUBLISHED
[INFO] [1790221454.747720426] [sage_mission_manager]: VIEWPOINT ACCEPTED | position=(0.00, 0.00, -2.00) | distance_from_uav=0.10 m
[INFO] [1790221454.748350462] [sage_mission_manager]: VALIDATED VIEWPOINT PUBLISHED
[INFO] [1790221454.947285845] [sage_mission_manager]: VIEWPOINT ACCEPTED | position=(0.00, 0.00, -2.00) | distance_from_uav=0.10 m
[INFO] [1790221454.947916629] [sage_mission_manager]: VALIDATED VIEWPOINT PUBLISHED
[INFO] [1790221455.143129922] [sage_mission_manager]: VIEWPOINT ACCEPTED | position=(0.00, 0.00, -2.00) | distance_from_uav=0.10 m
[INFO] [1790221455.144785921] [sage_mission_manager]: VALIDATED VIEWPOINT PUBLISHED
[INFO] [1790221455.353900734] [sage_mission_manager]: VIEWPOINT ACCEPTED | position=(0.00, 0.00, -2.00) | distance_from_uav=0.09 m
[INFO] [1790221455.354913522] [sage_mission_manager]: VALIDATED VIEWPOINT PUBLISHED
[INFO] [1790221455.545269702] [sage_mission_manager]: VIEWPOINT ACCEPTED | position=(0.00, 0.70, -2.00) | distance_from_uav=0.63 m
[INFO] [1790221455.546571506] [sage_mission_manager]: VALIDATED VIEWPOINT PUBLISHED
[INFO] [1790221455.743764762] [sage_mission_manager]: VIEWPOINT ACCEPTED | position=(0.00, 1.40, -2.00) | distance_from_uav=1.33 m
[INFO] [1790221455.744445083] [sage_mission_manager]: VALIDATED VIEWPOINT PUBLISHED
[INFO] [1790221455.943228299] [sage_mission_manager]: VIEWPOINT ACCEPTED | position=(0.00, 2.10, -2.00) | distance_from_uav=2.03 m
[INFO] [1790221455.947298132] [sage_mission_manager]: VALIDATED VIEWPOINT PUBLISHED
[INFO] [1790221456.143760312] [sage_mission_manager]: VIEWPOINT ACCEPTED | position=(0.00, 2.80, -2.00) | distance_from_uav=2.71 m
[INFO] [1790221456.144285676] [sage_mission_manager]: VALIDATED VIEWPOINT PUBLISHED
[INFO] [1790221456.348142694] [sage_mission_manager]: VIEWPOINT ACCEPTED | position=(0.00, 3.50, -2.00) | distance_from_uav=3.35 m
[INFO] [1790221456.354576652] [sage_mission_manager]: VALIDATED VIEWPOINT PUBLISHED
[INFO] [1790221456.542716247] [sage_mission_manager]: VIEWPOINT ACCEPTED | position=(0.00, 3.50, -2.00) | distance_from_uav=3.24 m
[INFO] [1790221456.543316715] [sage_mission_manager]: VALIDATED VIEWPOINT PUBLISHED
[INFO] [1790221456.742660898] [sage_mission_manager]: VIEWPOINT ACCEPTED | position=(0.00, 3.50, -2.00) | distance_from_uav=3.07 m
[INFO] [1790221456.743281468] [sage_mission_manager]: VALIDATED VIEWPOINT PUBLISHED
[INFO] [1790221456.944980489] [sage_mission_manager]: VIEWPOINT ACCEPTED | position=(0.00, 4.20, -2.00) | distance_from_uav=3.52 m
[INFO] [1790221456.945951804] [sage_mission_manager]: VALIDATED VIEWPOINT PUBLISHED
[INFO] [1790221457.149776698] [sage_mission_manager]: VIEWPOINT ACCEPTED | position=(0.00, 4.20, -2.00) | distance_from_uav=3.18 m
[INFO] [1790221457.152327067] [sage_mission_manager]: VALIDATED VIEWPOINT PUBLISHED
[INFO] [1790221457.345607785] [sage_mission_manager]: VIEWPOINT ACCEPTED | position=(0.00, 4.90, -2.00) | distance_from_uav=3.54 m
[INFO] [1790221457.347887681] [sage_mission_manager]: VALIDATED VIEWPOINT PUBLISHED
[INFO] [1790221457.545164642] [sage_mission_manager]: VIEWPOINT ACCEPTED | position=(0.00, 4.90, -2.00) | distance_from_uav=3.21 m
[INFO] [1790221457.545922224] [sage_mission_manager]: VALIDATED VIEWPOINT PUBLISHED
[INFO] [1790221457.744928989] [sage_mission_manager]: VIEWPOINT ACCEPTED | position=(0.00, 5.60, -2.00) | distance_from_uav=3.53 m
[INFO] [1790221457.746148177] [sage_mission_manager]: VALIDATED VIEWPOINT PUBLISHED
[INFO] [1790221457.946962624] [sage_mission_manager]: VIEWPOINT ACCEPTED | position=(0.00, 5.60, -2.00) | distance_from_uav=3.16 m
[INFO] [1790221457.947710819] [sage_mission_manager]: VALIDATED VIEWPOINT PUBLISHED
[INFO] [1790221458.144088830] [sage_mission_manager]: VIEWPOINT ACCEPTED | position=(0.00, 6.00, -2.00) | distance_from_uav=3.12 m
[INFO] [1790221458.144817200] [sage_mission_manager]: VALIDATED VIEWPOINT PUBLISHED
[INFO] [1790221458.342727778] [sage_mission_manager]: VIEWPOINT ACCEPTED | position=(0.00, 6.00, -2.00) | distance_from_uav=2.72 m
[INFO] [1790221458.343468702] [sage_mission_manager]: VALIDATED VIEWPOINT PUBLISHED
[INFO] [1790221458.541030494] [sage_mission_manager]: VIEWPOINT ACCEPTED | position=(0.00, 6.00, -2.00) | distance_from_uav=2.27 m
[INFO] [1790221458.541584394] [sage_mission_manager]: VALIDATED VIEWPOINT PUBLISHED
[INFO] [1790221458.749711141] [sage_mission_manager]: VIEWPOINT ACCEPTED | position=(0.00, 6.00, -2.00) | distance_from_uav=1.81 m
[INFO] [1790221458.750977130] [sage_mission_manager]: VALIDATED VIEWPOINT PUBLISHED
[INFO] [1790221458.944628144] [sage_mission_manager]: VIEWPOINT ACCEPTED | position=(0.00, 6.00, -2.00) | distance_from_uav=1.46 m
[INFO] [1790221458.948010682] [sage_mission_manager]: VALIDATED VIEWPOINT PUBLISHED
[INFO] [1790221459.149250327] [sage_mission_manager]: VIEWPOINT ACCEPTED | position=(0.00, 6.00, -2.00) | distance_from_uav=1.12 m
[INFO] [1790221459.149939196] [sage_mission_manager]: VALIDATED VIEWPOINT PUBLISHED
[INFO] [1790221459.347639318] [sage_mission_manager]: VIEWPOINT ACCEPTED | position=(0.00, 6.00, -2.00) | distance_from_uav=0.83 m
[INFO] [1790221459.348379772] [sage_mission_manager]: VALIDATED VIEWPOINT PUBLISHED
[INFO] [1790221459.544418386] [sage_mission_manager]: VIEWPOINT ACCEPTED | position=(0.00, 6.00, -2.00) | distance_from_uav=0.58 m
[INFO] [1790221459.545642797] [sage_mission_manager]: VALIDATED VIEWPOINT PUBLISHED
[INFO] [1790221459.742430329] [sage_mission_manager]: VIEWPOINT ACCEPTED | position=(0.00, 6.00, -2.00) | distance_from_uav=0.36 m
[INFO] [1790221459.742960203] [sage_mission_manager]: VALIDATED VIEWPOINT PUBLISHED
[INFO] [1790221459.943122729] [sage_mission_manager]: VIEWPOINT ACCEPTED | position=(0.00, 6.00, -2.00) | distance_from_uav=0.14 m
[INFO] [1790221459.943895474] [sage_mission_manager]: VALIDATED VIEWPOINT PUBLISHED
[INFO] [1790221460.150203590] [sage_mission_manager]: VIEWPOINT ACCEPTED | position=(0.00, 6.00, -2.00) | distance_from_uav=0.03 m
[INFO] [1790221460.152383465] [sage_mission_manager]: VALIDATED VIEWPOINT PUBLISHED
[INFO] [1790221460.348915095] [sage_mission_manager]: VIEWPOINT ACCEPTED | position=(0.00, 6.00, -2.00) | distance_from_uav=0.12 m
[INFO] [1790221460.349764293] [sage_mission_manager]: VALIDATED VIEWPOINT PUBLISHED
[INFO] [1790221460.547194532] [sage_mission_manager]: VIEWPOINT ACCEPTED | position=(0.00, 6.00, -2.00) | distance_from_uav=0.22 m
[INFO] [1790221460.548206633] [sage_mission_manager]: VALIDATED VIEWPOINT PUBLISHED
[INFO] [1790221460.744278648] [sage_mission_manager]: VIEWPOINT ACCEPTED | position=(0.00, 6.00, -2.00) | distance_from_uav=0.28 m
[INFO] [1790221460.747595567] [sage_mission_manager]: VALIDATED VIEWPOINT PUBLISHED
[INFO] [1790221460.947304546] [sage_mission_manager]: VIEWPOINT ACCEPTED | position=(0.00, 6.00, -2.00) | distance_from_uav=0.32 m
[INFO] [1790221460.952736104] [sage_mission_manager]: VALIDATED VIEWPOINT PUBLISHED
[INFO] [1790221461.155441269] [sage_mission_manager]: VIEWPOINT ACCEPTED | position=(0.00, 6.00, -2.00) | distance_from_uav=0.36 m
[INFO] [1790221461.160203276] [sage_mission_manager]: VALIDATED VIEWPOINT PUBLISHED
[INFO] [1790221461.342684796] [sage_mission_manager]: VIEWPOINT ACCEPTED | position=(0.00, 6.00, -2.00) | distance_from_uav=0.38 m
[INFO] [1790221461.343362572] [sage_mission_manager]: VALIDATED VIEWPOINT PUBLISHED
[INFO] [1790221461.545444829] [sage_mission_manager]: VIEWPOINT ACCEPTED | position=(0.00, 6.00, -2.00) | distance_from_uav=0.39 m
[INFO] [1790221461.545974503] [sage_mission_manager]: VALIDATED VIEWPOINT PUBLISHED
[INFO] [1790221461.748576847] [sage_mission_manager]: VIEWPOINT ACCEPTED | position=(0.00, 6.00, -2.00) | distance_from_uav=0.40 m
[INFO] [1790221461.749443055] [sage_mission_manager]: VALIDATED VIEWPOINT PUBLISHED
[INFO] [1790221461.943521834] [sage_mission_manager]: VIEWPOINT ACCEPTED | position=(0.00, 6.00, -2.00) | distance_from_uav=0.40 m
[INFO] [1790221461.944303842] [sage_mission_manager]: VALIDATED VIEWPOINT PUBLISHED
[INFO] [1790221462.141182203] [sage_mission_manager]: VIEWPOINT ACCEPTED | position=(0.00, 6.00, -2.00) | distance_from_uav=0.40 m
[INFO] [1790221462.141922504] [sage_mission_manager]: VALIDATED VIEWPOINT PUBLISHED
[INFO] [1790221462.344392235] [sage_mission_manager]: VIEWPOINT ACCEPTED | position=(0.00, 6.00, -2.00) | distance_from_uav=0.39 m
[INFO] [1790221462.345129572] [sage_mission_manager]: VALIDATED VIEWPOINT PUBLISHED
[INFO] [1790221462.552327814] [sage_mission_manager]: VIEWPOINT ACCEPTED | position=(0.00, 6.00, -2.00) | distance_from_uav=0.38 m
[INFO] [1790221462.552904378] [sage_mission_manager]: VALIDATED VIEWPOINT PUBLISHED
[INFO] [1790221462.752336182] [sage_mission_manager]: VIEWPOINT ACCEPTED | position=(0.00, 6.00, -2.00) | distance_from_uav=0.37 m
[INFO] [1790221462.752861251] [sage_mission_manager]: VALIDATED VIEWPOINT PUBLISHED
[INFO] [1790221462.946620896] [sage_mission_manager]: VIEWPOINT ACCEPTED | position=(0.00, 6.00, -2.00) | distance_from_uav=0.36 m
[INFO] [1790221462.949398193] [sage_mission_manager]: VALIDATED VIEWPOINT PUBLISHED
[INFO] [1790221463.152051833] [sage_mission_manager]: VIEWPOINT ACCEPTED | position=(0.00, 6.00, -2.00) | distance_from_uav=0.35 m
[INFO] [1790221463.154658438] [sage_mission_manager]: VALIDATED VIEWPOINT PUBLISHED
[INFO] [1790221463.345573176] [sage_mission_manager]: VIEWPOINT ACCEPTED | position=(0.00, 6.00, -2.00) | distance_from_uav=0.33 m
[INFO] [1790221463.352064884] [sage_mission_manager]: VALIDATED VIEWPOINT PUBLISHED
[INFO] [1790221463.544905993] [sage_mission_manager]: VIEWPOINT ACCEPTED | position=(0.00, 6.00, -2.00) | distance_from_uav=0.31 m
[INFO] [1790221463.551281472] [sage_mission_manager]: VALIDATED VIEWPOINT PUBLISHED
[INFO] [1790221463.749955510] [sage_mission_manager]: VIEWPOINT ACCEPTED | position=(0.00, 6.00, -2.00) | distance_from_uav=0.29 m
[INFO] [1790221463.758257202] [sage_mission_manager]: VALIDATED VIEWPOINT PUBLISHED
[INFO] [1790221463.952178030] [sage_mission_manager]: VIEWPOINT ACCEPTED | position=(0.00, 6.00, -2.00) | distance_from_uav=0.27 m
[INFO] [1790221463.952800225] [sage_mission_manager]: VALIDATED VIEWPOINT PUBLISHED
[INFO] [1790221464.144750589] [sage_mission_manager]: VIEWPOINT ACCEPTED | position=(0.00, 6.00, -2.00) | distance_from_uav=0.25 m
[INFO] [1790221464.149671628] [sage_mission_manager]: VALIDATED VIEWPOINT PUBLISHED
[INFO] [1790221464.341017156] [sage_mission_manager]: VIEWPOINT ACCEPTED | position=(0.00, 6.00, -2.00) | distance_from_uav=0.23 m
[INFO] [1790221464.341672367] [sage_mission_manager]: VALIDATED VIEWPOINT PUBLISHED
[INFO] [1790221464.541346716] [sage_mission_manager]: VIEWPOINT ACCEPTED | position=(0.00, 6.00, -2.00) | distance_from_uav=0.20 m
[INFO] [1790221464.542442759] [sage_mission_manager]: VALIDATED VIEWPOINT PUBLISHED
[INFO] [1790221464.746184354] [sage_mission_manager]: VIEWPOINT ACCEPTED | position=(0.00, 6.00, -2.00) | distance_from_uav=0.18 m
[INFO] [1790221464.748516241] [sage_mission_manager]: VALIDATED VIEWPOINT PUBLISHED
[INFO] [1790221464.940595100] [sage_mission_manager]: VIEWPOINT ACCEPTED | position=(0.00, 6.00, -2.00) | distance_from_uav=0.16 m
[INFO] [1790221464.941297789] [sage_mission_manager]: VALIDATED VIEWPOINT PUBLISHED
[INFO] [1790221465.143873443] [sage_mission_manager]: VIEWPOINT ACCEPTED | position=(0.00, 6.00, -2.00) | distance_from_uav=0.14 m
[INFO] [1790221465.144392530] [sage_mission_manager]: VALIDATED VIEWPOINT PUBLISHED
[INFO] [1790221465.344815031] [sage_mission_manager]: VIEWPOINT ACCEPTED | position=(0.00, 6.00, -2.00) | distance_from_uav=0.12 m
[INFO] [1790221465.345636370] [sage_mission_manager]: VALIDATED VIEWPOINT PUBLISHED
[INFO] [1790221465.543709386] [sage_mission_manager]: VIEWPOINT ACCEPTED | position=(0.00, 6.00, -2.00) | distance_from_uav=0.10 m
[INFO] [1790221465.544241275] [sage_mission_manager]: VALIDATED VIEWPOINT PUBLISHED
[INFO] [1790221465.750528441] [sage_mission_manager]: VIEWPOINT ACCEPTED | position=(0.00, 6.00, -2.00) | distance_from_uav=0.07 m
[INFO] [1790221465.751302197] [sage_mission_manager]: VALIDATED VIEWPOINT PUBLISHED
[INFO] [1790221465.953918840] [sage_mission_manager]: VIEWPOINT ACCEPTED | position=(0.00, 6.00, -2.00) | distance_from_uav=0.05 m
[INFO] [1790221465.954474732] [sage_mission_manager]: VALIDATED VIEWPOINT PUBLISHED
[INFO] [1790221466.147391736] [sage_mission_manager]: VIEWPOINT ACCEPTED | position=(0.00, 6.00, -2.00) | distance_from_uav=0.03 m
[INFO] [1790221466.151228203] [sage_mission_manager]: VALIDATED VIEWPOINT PUBLISHED
[INFO] [1790221466.345736032] [sage_mission_manager]: VIEWPOINT ACCEPTED | position=(0.00, 6.00, -2.00) | distance_from_uav=0.02 m
[INFO] [1790221466.353805641] [sage_mission_manager]: VALIDATED VIEWPOINT PUBLISHED
[INFO] [1790221466.544222258] [sage_mission_manager]: VIEWPOINT ACCEPTED | position=(0.00, 6.00, -2.00) | distance_from_uav=0.02 m
[INFO] [1790221466.546708246] [sage_mission_manager]: VALIDATED VIEWPOINT PUBLISHED
[INFO] [1790221466.745359404] [sage_mission_manager]: VIEWPOINT ACCEPTED | position=(0.00, 6.00, -2.00) | distance_from_uav=0.03 m
[INFO] [1790221466.746298751] [sage_mission_manager]: VALIDATED VIEWPOINT PUBLISHED
[INFO] [1790221466.949614413] [sage_mission_manager]: VIEWPOINT ACCEPTED | position=(0.00, 6.00, -2.00) | distance_from_uav=0.04 m
[INFO] [1790221466.951588934] [sage_mission_manager]: VALIDATED VIEWPOINT PUBLISHED
[INFO] [1790221467.145675626] [sage_mission_manager]: VIEWPOINT ACCEPTED | position=(0.00, 6.00, -2.00) | distance_from_uav=0.04 m
[INFO] [1790221467.146515003] [sage_mission_manager]: VALIDATED VIEWPOINT PUBLISHED
[INFO] [1790221467.350929007] [sage_mission_manager]: VIEWPOINT ACCEPTED | position=(0.00, 6.00, -2.00) | distance_from_uav=0.05 m
[INFO] [1790221467.351812881] [sage_mission_manager]: VALIDATED VIEWPOINT PUBLISHED
[INFO] [1790221467.547312237] [sage_mission_manager]: VIEWPOINT ACCEPTED | position=(0.00, 6.00, -2.00) | distance_from_uav=0.06 m
[INFO] [1790221467.548019761] [sage_mission_manager]: VALIDATED VIEWPOINT PUBLISHED
[INFO] [1790221467.742096402] [sage_mission_manager]: VIEWPOINT ACCEPTED | position=(0.00, 6.00, -2.00) | distance_from_uav=0.06 m
[INFO] [1790221467.742870098] [sage_mission_manager]: VALIDATED VIEWPOINT PUBLISHED
[INFO] [1790221467.945149208] [sage_mission_manager]: VIEWPOINT ACCEPTED | position=(0.00, 6.00, -2.00) | distance_from_uav=0.07 m
[INFO] [1790221467.945811756] [sage_mission_manager]: VALIDATED VIEWPOINT PUBLISHED
[INFO] [1790221468.144876178] [sage_mission_manager]: VIEWPOINT ACCEPTED | position=(-0.70, 6.00, -2.00) | distance_from_uav=0.66 m
[INFO] [1790221468.145641529] [sage_mission_manager]: VALIDATED VIEWPOINT PUBLISHED
[INFO] [1790221468.343661444] [sage_mission_manager]: VIEWPOINT ACCEPTED | position=(-1.40, 6.00, -2.00) | distance_from_uav=1.36 m
[INFO] [1790221468.347467666] [sage_mission_manager]: VALIDATED VIEWPOINT PUBLISHED
[INFO] [1790221468.543436095] [sage_mission_manager]: VIEWPOINT ACCEPTED | position=(-2.10, 6.00, -2.00) | distance_from_uav=2.06 m
[INFO] [1790221468.545860857] [sage_mission_manager]: VALIDATED VIEWPOINT PUBLISHED
[INFO] [1790221468.745997240] [sage_mission_manager]: VIEWPOINT ACCEPTED | position=(-2.80, 6.00, -2.00) | distance_from_uav=2.75 m
[INFO] [1790221468.747349291] [sage_mission_manager]: VALIDATED VIEWPOINT PUBLISHED
[INFO] [1790221468.941423413] [sage_mission_manager]: VIEWPOINT ACCEPTED | position=(-3.50, 6.00, -2.00) | distance_from_uav=3.37 m
[INFO] [1790221468.947280502] [sage_mission_manager]: VALIDATED VIEWPOINT PUBLISHED
[INFO] [1790221469.148025992] [sage_mission_manager]: VIEWPOINT ACCEPTED | position=(-3.50, 6.00, -2.00) | distance_from_uav=3.21 m
[INFO] [1790221469.151730902] [sage_mission_manager]: VALIDATED VIEWPOINT PUBLISHED
[INFO] [1790221469.351917687] [sage_mission_manager]: VIEWPOINT ACCEPTED | position=(-3.50, 6.00, -2.00) | distance_from_uav=3.02 m
[INFO] [1790221469.355309326] [sage_mission_manager]: VALIDATED VIEWPOINT PUBLISHED
[INFO] [1790221469.543537635] [sage_mission_manager]: VIEWPOINT ACCEPTED | position=(-4.20, 6.00, -2.00) | distance_from_uav=3.37 m
[INFO] [1790221469.545743269] [sage_mission_manager]: VALIDATED VIEWPOINT PUBLISHED
[INFO] [1790221469.746422382] [sage_mission_manager]: VIEWPOINT ACCEPTED | position=(-4.20, 6.00, -2.00) | distance_from_uav=3.10 m
[INFO] [1790221469.748660580] [sage_mission_manager]: VALIDATED VIEWPOINT PUBLISHED
[INFO] [1790221469.943867916] [sage_mission_manager]: VIEWPOINT ACCEPTED | position=(-4.90, 6.00, -2.00) | distance_from_uav=3.55 m
[INFO] [1790221469.944833534] [sage_mission_manager]: VALIDATED VIEWPOINT PUBLISHED
[INFO] [1790221470.145543064] [sage_mission_manager]: VIEWPOINT ACCEPTED | position=(-4.90, 6.00, -2.00) | distance_from_uav=3.16 m
[INFO] [1790221470.147749564] [sage_mission_manager]: VALIDATED VIEWPOINT PUBLISHED
[INFO] [1790221470.342728104] [sage_mission_manager]: VIEWPOINT ACCEPTED | position=(-5.60, 6.00, -2.00) | distance_from_uav=3.51 m
[INFO] [1790221470.345151583] [sage_mission_manager]: VALIDATED VIEWPOINT PUBLISHED
[INFO] [1790221470.552876001] [sage_mission_manager]: VIEWPOINT ACCEPTED | position=(-5.60, 6.00, -2.00) | distance_from_uav=3.14 m
[INFO] [1790221470.553728487] [sage_mission_manager]: VALIDATED VIEWPOINT PUBLISHED
[INFO] [1790221470.752606975] [sage_mission_manager]: VIEWPOINT ACCEPTED | position=(-6.00, 6.00, -2.00) | distance_from_uav=3.08 m
[INFO] [1790221470.757249514] [sage_mission_manager]: VALIDATED VIEWPOINT PUBLISHED
[INFO] [1790221470.951309070] [sage_mission_manager]: VIEWPOINT ACCEPTED | position=(-6.00, 6.00, -2.00) | distance_from_uav=2.70 m
[INFO] [1790221470.951917086] [sage_mission_manager]: VALIDATED VIEWPOINT PUBLISHED
[INFO] [1790221471.144943266] [sage_mission_manager]: VIEWPOINT ACCEPTED | position=(-6.00, 6.00, -2.00) | distance_from_uav=2.26 m
[INFO] [1790221471.146751733] [sage_mission_manager]: VALIDATED VIEWPOINT PUBLISHED
[INFO] [1790221471.357606434] [sage_mission_manager]: VIEWPOINT ACCEPTED | position=(-6.00, 6.00, -2.00) | distance_from_uav=1.94 m
[INFO] [1790221471.358236836] [sage_mission_manager]: VALIDATED VIEWPOINT PUBLISHED
[INFO] [1790221471.544030956] [sage_mission_manager]: VIEWPOINT ACCEPTED | position=(-6.00, 6.00, -2.00) | distance_from_uav=1.55 m
[INFO] [1790221471.547904709] [sage_mission_manager]: VALIDATED VIEWPOINT PUBLISHED
[INFO] [1790221471.748370453] [sage_mission_manager]: VIEWPOINT ACCEPTED | position=(-6.00, 6.00, -2.00) | distance_from_uav=1.25 m
[INFO] [1790221471.751477115] [sage_mission_manager]: VALIDATED VIEWPOINT PUBLISHED
[INFO] [1790221471.941588508] [sage_mission_manager]: VIEWPOINT ACCEPTED | position=(-6.00, 6.00, -2.00) | distance_from_uav=0.88 m
[INFO] [1790221471.945066119] [sage_mission_manager]: VALIDATED VIEWPOINT PUBLISHED
[INFO] [1790221472.143565265] [sage_mission_manager]: VIEWPOINT ACCEPTED | position=(-6.00, 6.00, -2.00) | distance_from_uav=0.57 m
[INFO] [1790221472.144914503] [sage_mission_manager]: VALIDATED VIEWPOINT PUBLISHED
[INFO] [1790221472.344464798] [sage_mission_manager]: VIEWPOINT ACCEPTED | position=(-6.00, 6.00, -2.00) | distance_from_uav=0.34 m
[INFO] [1790221472.345218883] [sage_mission_manager]: VALIDATED VIEWPOINT PUBLISHED
[INFO] [1790221472.545852873] [sage_mission_manager]: VIEWPOINT ACCEPTED | position=(-6.00, 6.00, -2.00) | distance_from_uav=0.15 m
[INFO] [1790221472.546432705] [sage_mission_manager]: VALIDATED VIEWPOINT PUBLISHED
[INFO] [1790221472.745749331] [sage_mission_manager]: VIEWPOINT ACCEPTED | position=(-6.00, 6.00, -2.00) | distance_from_uav=0.08 m
[INFO] [1790221472.747618062] [sage_mission_manager]: VALIDATED VIEWPOINT PUBLISHED
[INFO] [1790221472.945059305] [sage_mission_manager]: VIEWPOINT ACCEPTED | position=(-6.00, 6.00, -2.00) | distance_from_uav=0.17 m
[INFO] [1790221472.945786443] [sage_mission_manager]: VALIDATED VIEWPOINT PUBLISHED
[INFO] [1790221473.147856539] [sage_mission_manager]: VIEWPOINT ACCEPTED | position=(-6.00, 6.00, -2.00) | distance_from_uav=0.26 m
[INFO] [1790221473.151960429] [sage_mission_manager]: VALIDATED VIEWPOINT PUBLISHED
[INFO] [1790221473.341193237] [sage_mission_manager]: VIEWPOINT ACCEPTED | position=(-6.00, 6.00, -2.00) | distance_from_uav=0.34 m
[INFO] [1790221473.342003502] [sage_mission_manager]: VALIDATED VIEWPOINT PUBLISHED
[INFO] [1790221473.543585833] [sage_mission_manager]: VIEWPOINT ACCEPTED | position=(-6.00, 6.00, -2.00) | distance_from_uav=0.44 m
[INFO] [1790221473.544313553] [sage_mission_manager]: VALIDATED VIEWPOINT PUBLISHED
[INFO] [1790221473.750545256] [sage_mission_manager]: VIEWPOINT ACCEPTED | position=(-6.00, 6.00, -2.00) | distance_from_uav=0.50 m
[INFO] [1790221473.751130188] [sage_mission_manager]: VALIDATED VIEWPOINT PUBLISHED
[INFO] [1790221473.941587341] [sage_mission_manager]: VIEWPOINT ACCEPTED | position=(-6.00, 6.00, -2.00) | distance_from_uav=0.57 m
[INFO] [1790221473.947294602] [sage_mission_manager]: VALIDATED VIEWPOINT PUBLISHED
[INFO] [1790221474.154702791] [sage_mission_manager]: VIEWPOINT ACCEPTED | position=(-6.00, 6.00, -2.00) | distance_from_uav=0.62 m
[INFO] [1790221474.156172269] [sage_mission_manager]: VALIDATED VIEWPOINT PUBLISHED
[INFO] [1790221474.345476455] [sage_mission_manager]: VIEWPOINT ACCEPTED | position=(-6.00, 6.00, -2.00) | distance_from_uav=0.66 m
[INFO] [1790221474.346153882] [sage_mission_manager]: VALIDATED VIEWPOINT PUBLISHED
[INFO] [1790221474.541702214] [sage_mission_manager]: VIEWPOINT ACCEPTED | position=(-6.00, 6.00, -2.00) | distance_from_uav=0.70 m
[INFO] [1790221474.542346389] [sage_mission_manager]: VALIDATED VIEWPOINT PUBLISHED
[INFO] [1790221474.744976203] [sage_mission_manager]: VIEWPOINT ACCEPTED | position=(-6.00, 6.00, -2.00) | distance_from_uav=0.73 m
[INFO] [1790221474.746876379] [sage_mission_manager]: VALIDATED VIEWPOINT PUBLISHED
[INFO] [1790221474.948003597] [sage_mission_manager]: VIEWPOINT ACCEPTED | position=(-6.00, 6.00, -2.00) | distance_from_uav=0.76 m
[INFO] [1790221474.948893452] [sage_mission_manager]: VALIDATED VIEWPOINT PUBLISHED
[INFO] [1790221475.141332088] [sage_mission_manager]: VIEWPOINT ACCEPTED | position=(-6.00, 6.00, -2.00) | distance_from_uav=0.77 m
[INFO] [1790221475.141982821] [sage_mission_manager]: VALIDATED VIEWPOINT PUBLISHED
[INFO] [1790221475.343804861] [sage_mission_manager]: VIEWPOINT ACCEPTED | position=(-6.00, 6.00, -2.00) | distance_from_uav=0.77 m
[INFO] [1790221475.344526458] [sage_mission_manager]: VALIDATED VIEWPOINT PUBLISHED
[INFO] [1790221475.543836998] [sage_mission_manager]: VIEWPOINT ACCEPTED | position=(-6.00, 6.00, -2.00) | distance_from_uav=0.76 m
[INFO] [1790221475.547279060] [sage_mission_manager]: VALIDATED VIEWPOINT PUBLISHED
[INFO] [1790221475.769922581] [sage_mission_manager]: VIEWPOINT ACCEPTED | position=(-6.00, 6.00, -2.00) | distance_from_uav=0.75 m
[INFO] [1790221475.770482968] [sage_mission_manager]: VALIDATED VIEWPOINT PUBLISHED
[INFO] [1790221475.944837828] [sage_mission_manager]: VIEWPOINT ACCEPTED | position=(-6.00, 6.00, -2.00) | distance_from_uav=0.71 m
[INFO] [1790221475.947485451] [sage_mission_manager]: VALIDATED VIEWPOINT PUBLISHED
[INFO] [1790221476.145611787] [sage_mission_manager]: VIEWPOINT ACCEPTED | position=(-5.50, 6.12, -2.00) | distance_from_uav=0.70 m
[INFO] [1790221476.147282584] [sage_mission_manager]: VALIDATED VIEWPOINT PUBLISHED
[INFO] [1790221476.347126705] [sage_mission_manager]: VIEWPOINT ACCEPTED | position=(-5.08, 5.56, -2.00) | distance_from_uav=1.35 m
[INFO] [1790221476.347634974] [sage_mission_manager]: VALIDATED VIEWPOINT PUBLISHED
[INFO] [1790221476.545419993] [sage_mission_manager]: VIEWPOINT ACCEPTED | position=(-4.67, 5.00, -2.00) | distance_from_uav=2.00 m
[INFO] [1790221476.546050631] [sage_mission_manager]: VALIDATED VIEWPOINT PUBLISHED
[INFO] [1790221476.752200221] [sage_mission_manager]: VIEWPOINT ACCEPTED | position=(-4.25, 4.44, -2.00) | distance_from_uav=2.64 m
[INFO] [1790221476.757539805] [sage_mission_manager]: VALIDATED VIEWPOINT PUBLISHED
[INFO] [1790221476.944693165] [sage_mission_manager]: VIEWPOINT ACCEPTED | position=(-3.83, 3.87, -2.00) | distance_from_uav=3.26 m
[INFO] [1790221476.949987635] [sage_mission_manager]: VALIDATED VIEWPOINT PUBLISHED
[INFO] [1790221477.144567156] [sage_mission_manager]: VIEWPOINT ACCEPTED | position=(-3.83, 3.87, -2.00) | distance_from_uav=3.16 m
[INFO] [1790221477.145111283] [sage_mission_manager]: VALIDATED VIEWPOINT PUBLISHED
[INFO] [1790221477.349858927] [sage_mission_manager]: VIEWPOINT ACCEPTED | position=(-3.41, 3.31, -2.00) | distance_from_uav=3.67 m
[INFO] [1790221477.350608237] [sage_mission_manager]: VALIDATED VIEWPOINT PUBLISHED
[INFO] [1790221477.550976027] [sage_mission_manager]: VIEWPOINT ACCEPTED | position=(-3.41, 3.31, -2.00) | distance_from_uav=3.40 m
[INFO] [1790221477.551712074] [sage_mission_manager]: VALIDATED VIEWPOINT PUBLISHED
[INFO] [1790221477.750913975] [sage_mission_manager]: VIEWPOINT ACCEPTED | position=(-3.41, 3.31, -2.00) | distance_from_uav=3.11 m
[INFO] [1790221477.755739715] [sage_mission_manager]: VALIDATED VIEWPOINT PUBLISHED
[INFO] [1790221477.944856240] [sage_mission_manager]: VIEWPOINT ACCEPTED | position=(-2.99, 2.75, -2.00) | distance_from_uav=3.51 m
[INFO] [1790221477.947988050] [sage_mission_manager]: VALIDATED VIEWPOINT PUBLISHED
[INFO] [1790221478.145225889] [sage_mission_manager]: VIEWPOINT ACCEPTED | position=(-2.99, 2.75, -2.00) | distance_from_uav=3.03 m
[INFO] [1790221478.152349300] [sage_mission_manager]: VALIDATED VIEWPOINT PUBLISHED
[INFO] [1790221478.342464261] [sage_mission_manager]: VIEWPOINT ACCEPTED | position=(-2.57, 2.19, -2.00) | distance_from_uav=3.39 m
[INFO] [1790221478.347117174] [sage_mission_manager]: VALIDATED VIEWPOINT PUBLISHED
[INFO] [1790221478.543736963] [sage_mission_manager]: VIEWPOINT ACCEPTED | position=(-2.57, 2.19, -2.00) | distance_from_uav=3.01 m
[INFO] [1790221478.547381742] [sage_mission_manager]: VALIDATED VIEWPOINT PUBLISHED
[INFO] [1790221478.746723247] [sage_mission_manager]: VIEWPOINT ACCEPTED | position=(-2.15, 1.63, -2.00) | distance_from_uav=3.32 m
[INFO] [1790221478.747847013] [sage_mission_manager]: VALIDATED VIEWPOINT PUBLISHED
[INFO] [1790221478.943130818] [sage_mission_manager]: VIEWPOINT ACCEPTED | position=(-1.74, 1.07, -2.00) | distance_from_uav=3.64 m
[INFO] [1790221478.944033801] [sage_mission_manager]: VALIDATED VIEWPOINT PUBLISHED
[INFO] [1790221479.149565884] [sage_mission_manager]: VIEWPOINT ACCEPTED | position=(-1.74, 1.07, -2.00) | distance_from_uav=3.23 m
[INFO] [1790221479.151192618] [sage_mission_manager]: VALIDATED VIEWPOINT PUBLISHED
[INFO] [1790221479.342881773] [sage_mission_manager]: VIEWPOINT ACCEPTED | position=(-1.32, 0.51, -2.00) | distance_from_uav=3.52 m
[INFO] [1790221479.347899499] [sage_mission_manager]: VALIDATED VIEWPOINT PUBLISHED
[INFO] [1790221479.552625219] [sage_mission_manager]: VIEWPOINT ACCEPTED | position=(-1.32, 0.51, -2.00) | distance_from_uav=3.14 m
[INFO] [1790221479.553321651] [sage_mission_manager]: VALIDATED VIEWPOINT PUBLISHED
[INFO] [1790221479.745044232] [sage_mission_manager]: VIEWPOINT ACCEPTED | position=(-0.90, -0.05, -2.00) | distance_from_uav=3.41 m
[INFO] [1790221479.745606394] [sage_mission_manager]: VALIDATED VIEWPOINT PUBLISHED
[INFO] [1790221479.943495375] [sage_mission_manager]: VIEWPOINT ACCEPTED | position=(-0.48, -0.62, -2.00) | distance_from_uav=3.72 m
[INFO] [1790221479.946144505] [sage_mission_manager]: VALIDATED VIEWPOINT PUBLISHED
[INFO] [1790221480.154548699] [sage_mission_manager]: VIEWPOINT ACCEPTED | position=(-0.48, -0.62, -2.00) | distance_from_uav=3.32 m
[INFO] [1790221480.155265846] [sage_mission_manager]: VALIDATED VIEWPOINT PUBLISHED
[INFO] [1790221480.344729004] [sage_mission_manager]: VIEWPOINT ACCEPTED | position=(-0.06, -1.18, -2.00) | distance_from_uav=3.67 m
[INFO] [1790221480.349247094] [sage_mission_manager]: VALIDATED VIEWPOINT PUBLISHED
[INFO] [1790221480.555946175] [sage_mission_manager]: VIEWPOINT ACCEPTED | position=(-0.06, -1.18, -2.00) | distance_from_uav=3.31 m
[INFO] [1790221480.557794427] [sage_mission_manager]: VALIDATED VIEWPOINT PUBLISHED
[INFO] [1790221480.751291931] [sage_mission_manager]: VIEWPOINT ACCEPTED | position=(0.36, -1.74, -2.00) | distance_from_uav=3.60 m
[INFO] [1790221480.753958615] [sage_mission_manager]: VALIDATED VIEWPOINT PUBLISHED
[INFO] [1790221480.944788166] [sage_mission_manager]: VIEWPOINT ACCEPTED | position=(0.36, -1.74, -2.00) | distance_from_uav=3.18 m
[INFO] [1790221480.945529945] [sage_mission_manager]: VALIDATED VIEWPOINT PUBLISHED
[INFO] [1790221481.157557094] [sage_mission_manager]: VIEWPOINT ACCEPTED | position=(0.77, -2.30, -2.00) | distance_from_uav=3.37 m
[INFO] [1790221481.158082515] [sage_mission_manager]: VALIDATED VIEWPOINT PUBLISHED
[INFO] [1790221481.346226083] [sage_mission_manager]: VIEWPOINT ACCEPTED | position=(1.19, -2.86, -2.00) | distance_from_uav=3.64 m
[INFO] [1790221481.346854243] [sage_mission_manager]: VALIDATED VIEWPOINT PUBLISHED
[INFO] [1790221481.544217395] [sage_mission_manager]: VIEWPOINT ACCEPTED | position=(1.19, -2.86, -2.00) | distance_from_uav=3.24 m
[INFO] [1790221481.544822086] [sage_mission_manager]: VALIDATED VIEWPOINT PUBLISHED
[INFO] [1790221481.752571005] [sage_mission_manager]: VIEWPOINT ACCEPTED | position=(1.61, -3.42, -2.00) | distance_from_uav=3.49 m
[INFO] [1790221481.756808485] [sage_mission_manager]: VALIDATED VIEWPOINT PUBLISHED
[INFO] [1790221481.942341949] [sage_mission_manager]: VIEWPOINT ACCEPTED | position=(1.61, -3.42, -2.00) | distance_from_uav=3.12 m
[INFO] [1790221481.942896707] [sage_mission_manager]: VALIDATED VIEWPOINT PUBLISHED
[INFO] [1790221482.145988970] [sage_mission_manager]: VIEWPOINT ACCEPTED | position=(2.03, -3.98, -2.00) | distance_from_uav=3.44 m
[INFO] [1790221482.146721021] [sage_mission_manager]: VALIDATED VIEWPOINT PUBLISHED
[INFO] [1790221482.348364278] [sage_mission_manager]: VIEWPOINT ACCEPTED | position=(2.03, -3.98, -2.00) | distance_from_uav=3.01 m
[INFO] [1790221482.348951797] [sage_mission_manager]: VALIDATED VIEWPOINT PUBLISHED
[INFO] [1790221482.542503780] [sage_mission_manager]: VIEWPOINT ACCEPTED | position=(2.45, -4.54, -2.00) | distance_from_uav=3.30 m
[INFO] [1790221482.543492309] [sage_mission_manager]: VALIDATED VIEWPOINT PUBLISHED
[INFO] [1790221482.746505684] [sage_mission_manager]: VIEWPOINT ACCEPTED | position=(2.87, -5.11, -2.00) | distance_from_uav=3.54 m
[INFO] [1790221482.750966860] [sage_mission_manager]: VALIDATED VIEWPOINT PUBLISHED
[INFO] [1790221482.945753133] [sage_mission_manager]: VIEWPOINT ACCEPTED | position=(2.87, -5.11, -2.00) | distance_from_uav=3.15 m
[INFO] [1790221482.948893514] [sage_mission_manager]: VALIDATED VIEWPOINT PUBLISHED
[INFO] [1790221483.152953429] [sage_mission_manager]: VIEWPOINT ACCEPTED | position=(3.28, -5.67, -2.00) | distance_from_uav=3.44 m
[INFO] [1790221483.155788620] [sage_mission_manager]: VALIDATED VIEWPOINT PUBLISHED
[INFO] [1790221483.347033138] [sage_mission_manager]: VIEWPOINT ACCEPTED | position=(3.28, -5.67, -2.00) | distance_from_uav=3.08 m
[INFO] [1790221483.357438167] [sage_mission_manager]: VALIDATED VIEWPOINT PUBLISHED
[INFO] [1790221483.551740644] [sage_mission_manager]: VIEWPOINT ACCEPTED | position=(3.70, -6.23, -2.00) | distance_from_uav=3.39 m
[INFO] [1790221483.552692408] [sage_mission_manager]: VALIDATED VIEWPOINT PUBLISHED
[INFO] [1790221483.743265239] [sage_mission_manager]: VIEWPOINT ACCEPTED | position=(3.70, -6.23, -2.00) | distance_from_uav=3.01 m
[INFO] [1790221483.743857621] [sage_mission_manager]: VALIDATED VIEWPOINT PUBLISHED
[INFO] [1790221483.951644570] [sage_mission_manager]: VIEWPOINT ACCEPTED | position=(4.12, -6.79, -2.00) | distance_from_uav=3.27 m
[INFO] [1790221483.952244865] [sage_mission_manager]: VALIDATED VIEWPOINT PUBLISHED
[INFO] [1790221484.145477500] [sage_mission_manager]: VIEWPOINT ACCEPTED | position=(4.48, -7.26, -2.00) | distance_from_uav=3.46 m
[INFO] [1790221484.148695894] [sage_mission_manager]: VALIDATED VIEWPOINT PUBLISHED
[INFO] [1790221484.345485293] [sage_mission_manager]: VIEWPOINT ACCEPTED | position=(4.48, -7.26, -2.00) | distance_from_uav=3.06 m
[INFO] [1790221484.346646462] [sage_mission_manager]: VALIDATED VIEWPOINT PUBLISHED
[INFO] [1790221484.551736335] [sage_mission_manager]: VIEWPOINT ACCEPTED | position=(4.48, -7.26, -2.00) | distance_from_uav=2.61 m
[INFO] [1790221484.552413908] [sage_mission_manager]: VALIDATED VIEWPOINT PUBLISHED
[INFO] [1790221484.745569447] [sage_mission_manager]: VIEWPOINT ACCEPTED | position=(4.48, -7.26, -2.00) | distance_from_uav=2.25 m
[INFO] [1790221484.746123792] [sage_mission_manager]: VALIDATED VIEWPOINT PUBLISHED
[INFO] [1790221484.948651841] [sage_mission_manager]: VIEWPOINT ACCEPTED | position=(4.48, -7.26, -2.00) | distance_from_uav=1.83 m
[INFO] [1790221484.949660067] [sage_mission_manager]: VALIDATED VIEWPOINT PUBLISHED
[INFO] [1790221485.149598374] [sage_mission_manager]: VIEWPOINT ACCEPTED | position=(4.48, -7.26, -2.00) | distance_from_uav=1.48 m
[INFO] [1790221485.150925885] [sage_mission_manager]: VALIDATED VIEWPOINT PUBLISHED
[INFO] [1790221485.346583015] [sage_mission_manager]: VIEWPOINT ACCEPTED | position=(4.48, -7.26, -2.00) | distance_from_uav=1.20 m
[INFO] [1790221485.347134507] [sage_mission_manager]: VALIDATED VIEWPOINT PUBLISHED
[INFO] [1790221485.550657289] [sage_mission_manager]: VIEWPOINT ACCEPTED | position=(4.48, -7.26, -2.00) | distance_from_uav=0.85 m
[INFO] [1790221485.553755054] [sage_mission_manager]: VALIDATED VIEWPOINT PUBLISHED
[INFO] [1790221485.741804982] [sage_mission_manager]: VIEWPOINT ACCEPTED | position=(4.48, -7.26, -2.00) | distance_from_uav=0.57 m
[INFO] [1790221485.742355167] [sage_mission_manager]: VALIDATED VIEWPOINT PUBLISHED
[INFO] [1790221485.949796552] [sage_mission_manager]: VIEWPOINT ACCEPTED | position=(4.48, -7.26, -2.00) | distance_from_uav=0.33 m
[INFO] [1790221485.954301607] [sage_mission_manager]: VALIDATED VIEWPOINT PUBLISHED
[INFO] [1790221486.155153928] [sage_mission_manager]: VIEWPOINT ACCEPTED | position=(3.98, -6.78, -2.00) | distance_from_uav=0.50 m
[INFO] [1790221486.155733439] [sage_mission_manager]: VALIDATED VIEWPOINT PUBLISHED
[INFO] [1790221486.355250003] [sage_mission_manager]: VIEWPOINT ACCEPTED | position=(3.48, -6.29, -2.00) | distance_from_uav=1.36 m
[INFO] [1790221486.356186916] [sage_mission_manager]: VALIDATED VIEWPOINT PUBLISHED
[INFO] [1790221486.548987843] [sage_mission_manager]: VIEWPOINT ACCEPTED | position=(2.97, -5.80, -2.00) | distance_from_uav=2.16 m
[INFO] [1790221486.549540877] [sage_mission_manager]: VALIDATED VIEWPOINT PUBLISHED
[INFO] [1790221486.743956938] [sage_mission_manager]: VIEWPOINT ACCEPTED | position=(2.47, -5.31, -2.00) | distance_from_uav=2.90 m
[INFO] [1790221486.744486753] [sage_mission_manager]: VALIDATED VIEWPOINT PUBLISHED
[INFO] [1790221486.950316800] [sage_mission_manager]: VIEWPOINT ACCEPTED | position=(1.97, -4.82, -2.00) | distance_from_uav=3.58 m
[INFO] [1790221486.952218316] [sage_mission_manager]: VALIDATED VIEWPOINT PUBLISHED
[INFO] [1790221487.146410453] [sage_mission_manager]: VIEWPOINT ACCEPTED | position=(1.97, -4.82, -2.00) | distance_from_uav=3.48 m
[INFO] [1790221487.147157336] [sage_mission_manager]: VALIDATED VIEWPOINT PUBLISHED
[INFO] [1790221487.346019680] [sage_mission_manager]: VIEWPOINT ACCEPTED | position=(1.97, -4.82, -2.00) | distance_from_uav=3.21 m
[INFO] [1790221487.347879424] [sage_mission_manager]: VALIDATED VIEWPOINT PUBLISHED
[INFO] [1790221487.549039446] [sage_mission_manager]: VIEWPOINT ACCEPTED | position=(1.47, -4.33, -2.00) | distance_from_uav=3.61 m
[INFO] [1790221487.549690667] [sage_mission_manager]: VALIDATED VIEWPOINT PUBLISHED
[INFO] [1790221487.754792578] [sage_mission_manager]: VIEWPOINT ACCEPTED | position=(1.47, -4.33, -2.00) | distance_from_uav=3.33 m
[INFO] [1790221487.756193320] [sage_mission_manager]: VALIDATED VIEWPOINT PUBLISHED
[INFO] [1790221487.948673157] [sage_mission_manager]: VIEWPOINT ACCEPTED | position=(1.34, -4.20, -2.00) | distance_from_uav=3.15 m
[INFO] [1790221487.952317053] [sage_mission_manager]: VALIDATED VIEWPOINT PUBLISHED
[INFO] [1790221488.151353237] [sage_mission_manager]: VIEWPOINT ACCEPTED | position=(1.34, -4.20, -2.00) | distance_from_uav=2.77 m
[INFO] [1790221488.151944155] [sage_mission_manager]: VALIDATED VIEWPOINT PUBLISHED
[INFO] [1790221488.345546671] [sage_mission_manager]: VIEWPOINT ACCEPTED | position=(1.34, -4.20, -2.00) | distance_from_uav=2.39 m
[INFO] [1790221488.347514065] [sage_mission_manager]: VALIDATED VIEWPOINT PUBLISHED
[INFO] [1790221488.551480766] [sage_mission_manager]: VIEWPOINT ACCEPTED | position=(1.34, -4.20, -2.00) | distance_from_uav=1.96 m
[INFO] [1790221488.552063158] [sage_mission_manager]: VALIDATED VIEWPOINT PUBLISHED
[INFO] [1790221488.753183736] [sage_mission_manager]: VIEWPOINT ACCEPTED | position=(1.34, -4.20, -2.00) | distance_from_uav=1.56 m
[INFO] [1790221488.753756792] [sage_mission_manager]: VALIDATED VIEWPOINT PUBLISHED
[INFO] [1790221488.948355472] [sage_mission_manager]: VIEWPOINT ACCEPTED | position=(1.34, -4.20, -2.00) | distance_from_uav=1.27 m
[INFO] [1790221488.950956090] [sage_mission_manager]: VALIDATED VIEWPOINT PUBLISHED
[INFO] [1790221489.150480188] [sage_mission_manager]: VIEWPOINT ACCEPTED | position=(1.34, -4.20, -2.00) | distance_from_uav=0.97 m
[INFO] [1790221489.152045182] [sage_mission_manager]: VALIDATED VIEWPOINT PUBLISHED
[INFO] [1790221489.345289135] [sage_mission_manager]: VIEWPOINT ACCEPTED | position=(1.34, -4.20, -2.00) | distance_from_uav=0.77 m
[INFO] [1790221489.346036720] [sage_mission_manager]: VALIDATED VIEWPOINT PUBLISHED
[INFO] [1790221489.547561098] [sage_mission_manager]: VIEWPOINT ACCEPTED | position=(1.34, -4.20, -2.00) | distance_from_uav=0.57 m
[INFO] [1790221489.551699463] [sage_mission_manager]: VALIDATED VIEWPOINT PUBLISHED
[INFO] [1790221489.744673159] [sage_mission_manager]: VIEWPOINT ACCEPTED | position=(1.34, -4.20, -2.00) | distance_from_uav=0.44 m
[INFO] [1790221489.747213509] [sage_mission_manager]: VALIDATED VIEWPOINT PUBLISHED
[INFO] [1790221489.955602231] [sage_mission_manager]: VIEWPOINT ACCEPTED | position=(1.34, -4.20, -2.00) | distance_from_uav=0.34 m
[INFO] [1790221489.956318916] [sage_mission_manager]: VALIDATED VIEWPOINT PUBLISHED
[INFO] [1790221490.145057541] [sage_mission_manager]: VIEWPOINT ACCEPTED | position=(0.84, -4.69, -2.00) | distance_from_uav=0.53 m
[INFO] [1790221490.145885339] [sage_mission_manager]: VALIDATED VIEWPOINT PUBLISHED
[INFO] [1790221490.341101567] [sage_mission_manager]: VIEWPOINT ACCEPTED | position=(0.35, -5.19, -2.00) | distance_from_uav=1.24 m
[INFO] [1790221490.341701398] [sage_mission_manager]: VALIDATED VIEWPOINT PUBLISHED
[INFO] [1790221490.544787001] [sage_mission_manager]: VIEWPOINT ACCEPTED | position=(-0.15, -5.68, -2.00) | distance_from_uav=1.96 m
[INFO] [1790221490.545590767] [sage_mission_manager]: VALIDATED VIEWPOINT PUBLISHED
[INFO] [1790221490.744017326] [sage_mission_manager]: VIEWPOINT ACCEPTED | position=(-0.64, -6.18, -2.00) | distance_from_uav=2.65 m
[INFO] [1790221490.744698630] [sage_mission_manager]: VALIDATED VIEWPOINT PUBLISHED
[INFO] [1790221490.945019368] [sage_mission_manager]: VIEWPOINT ACCEPTED | position=(-1.14, -6.67, -2.00) | distance_from_uav=3.29 m
[INFO] [1790221490.953403915] [sage_mission_manager]: VALIDATED VIEWPOINT PUBLISHED
[WARN] [1790221491.149380740] [sage_mission_manager]: VIEWPOINT REJECTED | viewpoint jump too large: 3.41 m
[WARN] [1790221491.343621217] [sage_mission_manager]: VIEWPOINT REJECTED | viewpoint jump too large: 3.75 m
[WARN] [1790221491.547804071] [sage_mission_manager]: VIEWPOINT REJECTED | viewpoint jump too large: 4.18 m
[WARN] [1790221491.742319353] [sage_mission_manager]: VIEWPOINT REJECTED | viewpoint jump too large: 4.68 m
[WARN] [1790221491.942170791] [sage_mission_manager]: VIEWPOINT REJECTED | viewpoint jump too large: 4.68 m
[WARN] [1790221492.143827435] [sage_mission_manager]: VIEWPOINT REJECTED | viewpoint jump too large: 4.68 m
[WARN] [1790221492.341367563] [sage_mission_manager]: VIEWPOINT REJECTED | viewpoint jump too large: 4.68 m
[WARN] [1790221492.541443238] [sage_mission_manager]: VIEWPOINT REJECTED | viewpoint jump too large: 4.68 m
[WARN] [1790221492.745494663] [sage_mission_manager]: VIEWPOINT REJECTED | viewpoint jump too large: 4.68 m
[WARN] [1790221492.942008408] [sage_mission_manager]: VIEWPOINT REJECTED | viewpoint jump too large: 4.68 m
[WARN] [1790221493.141677349] [sage_mission_manager]: VIEWPOINT REJECTED | viewpoint jump too large: 4.68 m
[WARN] [1790221493.344780298] [sage_mission_manager]: VIEWPOINT REJECTED | viewpoint jump too large: 4.68 m
[WARN] [1790221493.542251802] [sage_mission_manager]: VIEWPOINT REJECTED | viewpoint jump too large: 4.68 m
[WARN] [1790221493.741454065] [sage_mission_manager]: VIEWPOINT REJECTED | viewpoint jump too large: 4.68 m
[WARN] [1790221493.944177467] [sage_mission_manager]: VIEWPOINT REJECTED | viewpoint jump too large: 4.68 m
[INFO] [1790221494.143478369] [sage_mission_manager]: Previous viewpoint is stale: jump check reset.
[INFO] [1790221494.147295827] [sage_mission_manager]: VIEWPOINT ACCEPTED | position=(-0.53, -2.03, -2.00) | distance_from_uav=4.67 m
[INFO] [1790221494.149669126] [sage_mission_manager]: VALIDATED VIEWPOINT PUBLISHED
[INFO] [1790221494.343711324] [sage_mission_manager]: VIEWPOINT ACCEPTED | position=(-0.53, -2.03, -2.00) | distance_from_uav=4.70 m
[INFO] [1790221494.344543963] [sage_mission_manager]: VALIDATED VIEWPOINT PUBLISHED
[INFO] [1790221494.541405693] [sage_mission_manager]: VIEWPOINT ACCEPTED | position=(-0.53, -2.03, -2.00) | distance_from_uav=4.70 m
[INFO] [1790221494.541941991] [sage_mission_manager]: VALIDATED VIEWPOINT PUBLISHED
[INFO] [1790221494.748392473] [sage_mission_manager]: VIEWPOINT ACCEPTED | position=(-0.53, -2.03, -2.00) | distance_from_uav=4.64 m
[INFO] [1790221494.751985386] [sage_mission_manager]: VALIDATED VIEWPOINT PUBLISHED
[INFO] [1790221494.943756022] [sage_mission_manager]: VIEWPOINT ACCEPTED | position=(-0.53, -2.03, -2.00) | distance_from_uav=4.48 m
[INFO] [1790221494.946710801] [sage_mission_manager]: VALIDATED VIEWPOINT PUBLISHED
[INFO] [1790221495.144496851] [sage_mission_manager]: VIEWPOINT ACCEPTED | position=(-0.53, -2.03, -2.00) | distance_from_uav=4.26 m
[INFO] [1790221495.145764676] [sage_mission_manager]: VALIDATED VIEWPOINT PUBLISHED
[INFO] [1790221495.349590172] [sage_mission_manager]: VIEWPOINT ACCEPTED | position=(-0.53, -2.03, -2.00) | distance_from_uav=3.96 m
[INFO] [1790221495.353707638] [sage_mission_manager]: VALIDATED VIEWPOINT PUBLISHED
[INFO] [1790221495.544352302] [sage_mission_manager]: VIEWPOINT ACCEPTED | position=(-0.53, -2.03, -2.00) | distance_from_uav=3.64 m
[INFO] [1790221495.545318411] [sage_mission_manager]: VALIDATED VIEWPOINT PUBLISHED
[INFO] [1790221495.741704849] [sage_mission_manager]: VIEWPOINT ACCEPTED | position=(-0.53, -2.03, -2.00) | distance_from_uav=3.15 m
[INFO] [1790221495.742302514] [sage_mission_manager]: VALIDATED VIEWPOINT PUBLISHED
[INFO] [1790221495.945060049] [sage_mission_manager]: VIEWPOINT ACCEPTED | position=(-0.92, -1.45, -2.00) | distance_from_uav=3.22 m
[INFO] [1790221495.945990120] [sage_mission_manager]: VALIDATED VIEWPOINT PUBLISHED
[INFO] [1790221496.140637258] [sage_mission_manager]: VIEWPOINT ACCEPTED | position=(-1.32, -0.87, -2.00) | distance_from_uav=3.29 m
[INFO] [1790221496.141180413] [sage_mission_manager]: VALIDATED VIEWPOINT PUBLISHED
[INFO] [1790221496.341482460] [sage_mission_manager]: VIEWPOINT ACCEPTED | position=(-1.71, -0.30, -2.00) | distance_from_uav=3.49 m
[INFO] [1790221496.342858241] [sage_mission_manager]: VALIDATED VIEWPOINT PUBLISHED
[INFO] [1790221496.545957440] [sage_mission_manager]: VIEWPOINT ACCEPTED | position=(-1.71, -0.30, -2.00) | distance_from_uav=3.17 m
[INFO] [1790221496.546679807] [sage_mission_manager]: VALIDATED VIEWPOINT PUBLISHED
[INFO] [1790221496.748730366] [sage_mission_manager]: VIEWPOINT ACCEPTED | position=(-0.73, -2.28, -2.00) | distance_from_uav=0.70 m
[INFO] [1790221496.754685050] [sage_mission_manager]: VALIDATED VIEWPOINT PUBLISHED
[INFO] [1790221496.944091612] [sage_mission_manager]: VIEWPOINT ACCEPTED | position=(-0.59, -1.60, -2.00) | distance_from_uav=1.06 m
[INFO] [1790221496.944629458] [sage_mission_manager]: VALIDATED VIEWPOINT PUBLISHED
[INFO] [1790221497.143425462] [sage_mission_manager]: VIEWPOINT ACCEPTED | position=(-0.46, -0.91, -2.00) | distance_from_uav=1.43 m
[INFO] [1790221497.146957204] [sage_mission_manager]: VALIDATED VIEWPOINT PUBLISHED
[INFO] [1790221497.349027676] [sage_mission_manager]: VIEWPOINT ACCEPTED | position=(-0.32, -0.22, -2.00) | distance_from_uav=1.91 m
[INFO] [1790221497.351932208] [sage_mission_manager]: VALIDATED VIEWPOINT PUBLISHED
[INFO] [1790221497.549618755] [sage_mission_manager]: VIEWPOINT ACCEPTED | position=(-0.19, 0.47, -2.00) | distance_from_uav=2.42 m
[INFO] [1790221497.553869509] [sage_mission_manager]: VALIDATED VIEWPOINT PUBLISHED
[INFO] [1790221497.751993036] [sage_mission_manager]: VIEWPOINT ACCEPTED | position=(-0.06, 1.15, -2.00) | distance_from_uav=2.94 m
[INFO] [1790221497.752744483] [sage_mission_manager]: VALIDATED VIEWPOINT PUBLISHED
[INFO] [1790221497.943230611] [sage_mission_manager]: VIEWPOINT ACCEPTED | position=(0.08, 1.84, -2.00) | distance_from_uav=3.47 m
[INFO] [1790221497.949965056] [sage_mission_manager]: VALIDATED VIEWPOINT PUBLISHED
[INFO] [1790221498.144021259] [sage_mission_manager]: VIEWPOINT ACCEPTED | position=(0.08, 1.84, -2.00) | distance_from_uav=3.26 m
[INFO] [1790221498.144727666] [sage_mission_manager]: VALIDATED VIEWPOINT PUBLISHED
[INFO] [1790221498.349948887] [sage_mission_manager]: VIEWPOINT ACCEPTED | position=(0.08, 1.84, -2.00) | distance_from_uav=3.00 m
[INFO] [1790221498.350891849] [sage_mission_manager]: VALIDATED VIEWPOINT PUBLISHED
[INFO] [1790221498.548880089] [sage_mission_manager]: VIEWPOINT ACCEPTED | position=(0.21, 2.53, -2.00) | distance_from_uav=3.45 m
[INFO] [1790221498.554324456] [sage_mission_manager]: VALIDATED VIEWPOINT PUBLISHED
[INFO] [1790221498.761837745] [sage_mission_manager]: VIEWPOINT ACCEPTED | position=(0.21, 2.53, -2.00) | distance_from_uav=3.13 m
[INFO] [1790221498.772729805] [sage_mission_manager]: VALIDATED VIEWPOINT PUBLISHED
[INFO] [1790221498.949669743] [sage_mission_manager]: VIEWPOINT ACCEPTED | position=(0.35, 3.21, -2.00) | distance_from_uav=3.48 m
[INFO] [1790221498.953801383] [sage_mission_manager]: VALIDATED VIEWPOINT PUBLISHED
[INFO] [1790221499.147841746] [sage_mission_manager]: VIEWPOINT ACCEPTED | position=(0.35, 3.21, -2.00) | distance_from_uav=3.12 m
[INFO] [1790221499.148600745] [sage_mission_manager]: VALIDATED VIEWPOINT PUBLISHED
[INFO] [1790221499.348636738] [sage_mission_manager]: VIEWPOINT ACCEPTED | position=(0.36, 3.26, -2.00) | distance_from_uav=2.77 m
[INFO] [1790221499.349179876] [sage_mission_manager]: VALIDATED VIEWPOINT PUBLISHED
[INFO] [1790221499.543898638] [sage_mission_manager]: VIEWPOINT ACCEPTED | position=(0.36, 3.26, -2.00) | distance_from_uav=2.34 m
[INFO] [1790221499.546781805] [sage_mission_manager]: VALIDATED VIEWPOINT PUBLISHED
[INFO] [1790221499.748508592] [sage_mission_manager]: VIEWPOINT ACCEPTED | position=(0.36, 3.26, -2.00) | distance_from_uav=1.95 m
[INFO] [1790221499.749387235] [sage_mission_manager]: VALIDATED VIEWPOINT PUBLISHED
[INFO] [1790221499.949891154] [sage_mission_manager]: VIEWPOINT ACCEPTED | position=(0.36, 3.26, -2.00) | distance_from_uav=1.56 m
[INFO] [1790221499.950554196] [sage_mission_manager]: VALIDATED VIEWPOINT PUBLISHED
[INFO] [1790221500.154563856] [sage_mission_manager]: VIEWPOINT ACCEPTED | position=(0.36, 3.26, -2.00) | distance_from_uav=1.23 m
[INFO] [1790221500.155386932] [sage_mission_manager]: VALIDATED VIEWPOINT PUBLISHED
[INFO] [1790221500.345823487] [sage_mission_manager]: VIEWPOINT ACCEPTED | position=(0.36, 3.26, -2.00) | distance_from_uav=1.01 m
[INFO] [1790221500.346426857] [sage_mission_manager]: VALIDATED VIEWPOINT PUBLISHED
[INFO] [1790221500.549632208] [sage_mission_manager]: VIEWPOINT ACCEPTED | position=(0.36, 3.26, -2.00) | distance_from_uav=0.74 m
[INFO] [1790221500.550375681] [sage_mission_manager]: VALIDATED VIEWPOINT PUBLISHED
[INFO] [1790221500.744915222] [sage_mission_manager]: VIEWPOINT ACCEPTED | position=(0.36, 3.26, -2.00) | distance_from_uav=0.54 m
[INFO] [1790221500.746103489] [sage_mission_manager]: VALIDATED VIEWPOINT PUBLISHED
[INFO] [1790221500.941739848] [sage_mission_manager]: VIEWPOINT ACCEPTED | position=(0.36, 3.26, -2.00) | distance_from_uav=0.36 m
[INFO] [1790221500.942329112] [sage_mission_manager]: VALIDATED VIEWPOINT PUBLISHED
[INFO] [1790221501.144712020] [sage_mission_manager]: VIEWPOINT ACCEPTED | position=(0.36, 3.26, -2.00) | distance_from_uav=0.29 m
[INFO] [1790221501.147700944] [sage_mission_manager]: VALIDATED VIEWPOINT PUBLISHED
[INFO] [1790221501.351159306] [sage_mission_manager]: VIEWPOINT ACCEPTED | position=(-0.34, 3.31, -2.00) | distance_from_uav=0.99 m
[INFO] [1790221501.353337747] [sage_mission_manager]: VALIDATED VIEWPOINT PUBLISHED
[INFO] [1790221501.545851320] [sage_mission_manager]: VIEWPOINT ACCEPTED | position=(-1.04, 3.35, -2.00) | distance_from_uav=1.72 m
[INFO] [1790221501.546713559] [sage_mission_manager]: VALIDATED VIEWPOINT PUBLISHED
[INFO] [1790221501.754605357] [sage_mission_manager]: VIEWPOINT ACCEPTED | position=(-1.74, 3.40, -2.00) | distance_from_uav=2.44 m
[INFO] [1790221501.755480423] [sage_mission_manager]: VALIDATED VIEWPOINT PUBLISHED
[INFO] [1790221501.948365217] [sage_mission_manager]: VIEWPOINT ACCEPTED | position=(-2.44, 3.44, -2.00) | distance_from_uav=3.14 m
[INFO] [1790221501.951638599] [sage_mission_manager]: VALIDATED VIEWPOINT PUBLISHED
[INFO] [1790221502.142811047] [sage_mission_manager]: VIEWPOINT ACCEPTED | position=(-2.44, 3.44, -2.00) | distance_from_uav=3.08 m
[INFO] [1790221502.143396036] [sage_mission_manager]: VALIDATED VIEWPOINT PUBLISHED
[INFO] [1790221502.343307145] [sage_mission_manager]: VIEWPOINT ACCEPTED | position=(-3.13, 3.49, -2.00) | distance_from_uav=3.63 m
[INFO] [1790221502.345820901] [sage_mission_manager]: VALIDATED VIEWPOINT PUBLISHED
[INFO] [1790221502.549976174] [sage_mission_manager]: VIEWPOINT ACCEPTED | position=(-3.13, 3.49, -2.00) | distance_from_uav=3.44 m
[INFO] [1790221502.555329914] [sage_mission_manager]: VALIDATED VIEWPOINT PUBLISHED
[INFO] [1790221502.750799482] [sage_mission_manager]: VIEWPOINT ACCEPTED | position=(-3.13, 3.49, -2.00) | distance_from_uav=3.15 m
[INFO] [1790221502.751427425] [sage_mission_manager]: VALIDATED VIEWPOINT PUBLISHED
[INFO] [1790221502.944986582] [sage_mission_manager]: VIEWPOINT ACCEPTED | position=(-3.83, 3.53, -2.00) | distance_from_uav=3.53 m
[INFO] [1790221502.945613709] [sage_mission_manager]: VALIDATED VIEWPOINT PUBLISHED
[INFO] [1790221503.152154853] [sage_mission_manager]: VIEWPOINT ACCEPTED | position=(-3.83, 3.53, -2.00) | distance_from_uav=3.15 m
[INFO] [1790221503.152959774] [sage_mission_manager]: VALIDATED VIEWPOINT PUBLISHED
[INFO] [1790221503.348132794] [sage_mission_manager]: VIEWPOINT ACCEPTED | position=(-4.53, 3.58, -2.00) | distance_from_uav=3.47 m
[INFO] [1790221503.349353915] [sage_mission_manager]: VALIDATED VIEWPOINT PUBLISHED
[INFO] [1790221503.556869574] [sage_mission_manager]: VIEWPOINT ACCEPTED | position=(-4.53, 3.58, -2.00) | distance_from_uav=3.18 m
[INFO] [1790221503.557655526] [sage_mission_manager]: VALIDATED VIEWPOINT PUBLISHED
[INFO] [1790221503.746454715] [sage_mission_manager]: VIEWPOINT ACCEPTED | position=(-4.81, 3.60, -2.00) | distance_from_uav=3.01 m
[INFO] [1790221503.747304415] [sage_mission_manager]: VALIDATED VIEWPOINT PUBLISHED
[INFO] [1790221503.949597754] [sage_mission_manager]: VIEWPOINT ACCEPTED | position=(-4.81, 3.60, -2.00) | distance_from_uav=2.58 m
[INFO] [1790221503.952181014] [sage_mission_manager]: VALIDATED VIEWPOINT PUBLISHED
[INFO] [1790221504.144892598] [sage_mission_manager]: VIEWPOINT ACCEPTED | position=(-4.81, 3.60, -2.00) | distance_from_uav=2.21 m
[INFO] [1790221504.145574202] [sage_mission_manager]: VALIDATED VIEWPOINT PUBLISHED
[INFO] [1790221504.345826076] [sage_mission_manager]: VIEWPOINT ACCEPTED | position=(-4.81, 3.60, -2.00) | distance_from_uav=1.85 m
[INFO] [1790221504.350457082] [sage_mission_manager]: VALIDATED VIEWPOINT PUBLISHED
[INFO] [1790221504.550974091] [sage_mission_manager]: VIEWPOINT ACCEPTED | position=(-4.81, 3.60, -2.00) | distance_from_uav=1.52 m
[INFO] [1790221504.555008853] [sage_mission_manager]: VALIDATED VIEWPOINT PUBLISHED
[INFO] [1790221504.743450354] [sage_mission_manager]: VIEWPOINT ACCEPTED | position=(-4.81, 3.60, -2.00) | distance_from_uav=1.27 m
[INFO] [1790221504.745227250] [sage_mission_manager]: VALIDATED VIEWPOINT PUBLISHED
[INFO] [1790221504.950844127] [sage_mission_manager]: VIEWPOINT ACCEPTED | position=(-4.81, 3.60, -2.00) | distance_from_uav=0.96 m
[INFO] [1790221504.951808999] [sage_mission_manager]: VALIDATED VIEWPOINT PUBLISHED
[INFO] [1790221505.147456532] [sage_mission_manager]: VIEWPOINT ACCEPTED | position=(-4.81, 3.60, -2.00) | distance_from_uav=0.71 m
[INFO] [1790221505.148570191] [sage_mission_manager]: VALIDATED VIEWPOINT PUBLISHED
[INFO] [1790221505.345456534] [sage_mission_manager]: VIEWPOINT ACCEPTED | position=(-4.81, 3.60, -2.00) | distance_from_uav=0.52 m
[INFO] [1790221505.347259179] [sage_mission_manager]: VALIDATED VIEWPOINT PUBLISHED
[INFO] [1790221505.547034097] [sage_mission_manager]: VIEWPOINT ACCEPTED | position=(-4.81, 3.60, -2.00) | distance_from_uav=0.34 m
[INFO] [1790221505.547859706] [sage_mission_manager]: VALIDATED VIEWPOINT PUBLISHED
[INFO] [1790221505.555737672] [sage_mission_manager]: VIEWPOINT ACCEPTED | position=(-4.81, 3.60, -2.00) | distance_from_uav=0.32 m
[INFO] [1790221505.559511917] [sage_mission_manager]: VALIDATED VIEWPOINT PUBLISHED
[INFO] [1790221505.746489232] [sage_mission_manager]: VIEWPOINT ACCEPTED | position=(-4.81, 3.60, -2.00) | distance_from_uav=0.21 m
[INFO] [1790221505.747036772] [sage_mission_manager]: VALIDATED VIEWPOINT PUBLISHED
[INFO] [1790221505.954126360] [sage_mission_manager]: VIEWPOINT ACCEPTED | position=(-4.81, 3.60, -2.00) | distance_from_uav=0.11 m
[INFO] [1790221505.954989935] [sage_mission_manager]: VALIDATED VIEWPOINT PUBLISHED
[INFO] [1790221506.145583908] [sage_mission_manager]: VIEWPOINT ACCEPTED | position=(-4.81, 3.60, -2.00) | distance_from_uav=0.06 m
[INFO] [1790221506.149369558] [sage_mission_manager]: VALIDATED VIEWPOINT PUBLISHED
[INFO] [1790221506.353055909] [sage_mission_manager]: VIEWPOINT ACCEPTED | position=(-4.81, 3.60, -2.00) | distance_from_uav=0.08 m
[INFO] [1790221506.353892146] [sage_mission_manager]: VALIDATED VIEWPOINT PUBLISHED
[INFO] [1790221506.549704016] [sage_mission_manager]: VIEWPOINT ACCEPTED | position=(-4.81, 3.60, -2.00) | distance_from_uav=0.12 m
[INFO] [1790221506.550344247] [sage_mission_manager]: VALIDATED VIEWPOINT PUBLISHED
[INFO] [1790221506.746758981] [sage_mission_manager]: VIEWPOINT ACCEPTED | position=(-4.81, 3.60, -2.00) | distance_from_uav=0.14 m
[INFO] [1790221506.747461792] [sage_mission_manager]: VALIDATED VIEWPOINT PUBLISHED
[INFO] [1790221506.945933508] [sage_mission_manager]: VIEWPOINT ACCEPTED | position=(-4.81, 3.60, -2.00) | distance_from_uav=0.16 m
[INFO] [1790221506.953854366] [sage_mission_manager]: VALIDATED VIEWPOINT PUBLISHED
[INFO] [1790221507.344580424] [sage_mission_manager]: VIEWPOINT ACCEPTED | position=(-5.24, 4.34, -2.00) | distance_from_uav=0.70 m
[INFO] [1790221507.345842630] [sage_mission_manager]: VALIDATED VIEWPOINT PUBLISHED
[INFO] [1790221507.544667175] [sage_mission_manager]: VIEWPOINT ACCEPTED | position=(-5.53, 4.98, -2.00) | distance_from_uav=1.40 m
[INFO] [1790221507.546313112] [sage_mission_manager]: VALIDATED VIEWPOINT PUBLISHED
[INFO] [1790221507.744049902] [sage_mission_manager]: VIEWPOINT ACCEPTED | position=(-5.82, 5.61, -2.00) | distance_from_uav=2.09 m
[INFO] [1790221507.744727667] [sage_mission_manager]: VALIDATED VIEWPOINT PUBLISHED
[INFO] [1790221507.944995378] [sage_mission_manager]: VIEWPOINT ACCEPTED | position=(-6.00, 6.00, -2.00) | distance_from_uav=2.49 m
[INFO] [1790221507.945892464] [sage_mission_manager]: VALIDATED VIEWPOINT PUBLISHED
[INFO] [1790221508.146515413] [sage_mission_manager]: VIEWPOINT ACCEPTED | position=(-6.00, 6.00, -2.00) | distance_from_uav=2.40 m
[INFO] [1790221508.147276629] [sage_mission_manager]: VALIDATED VIEWPOINT PUBLISHED
[INFO] [1790221508.341358103] [sage_mission_manager]: VIEWPOINT ACCEPTED | position=(-6.00, 6.00, -2.00) | distance_from_uav=2.26 m
[INFO] [1790221508.341887573] [sage_mission_manager]: VALIDATED VIEWPOINT PUBLISHED
[INFO] [1790221508.544947240] [sage_mission_manager]: VIEWPOINT ACCEPTED | position=(-6.00, 6.00, -2.00) | distance_from_uav=2.03 m
[INFO] [1790221508.546102921] [sage_mission_manager]: VALIDATED VIEWPOINT PUBLISHED
[INFO] [1790221508.744458571] [sage_mission_manager]: VIEWPOINT ACCEPTED | position=(-6.00, 6.00, -2.00) | distance_from_uav=1.82 m
[INFO] [1790221508.744991116] [sage_mission_manager]: VALIDATED VIEWPOINT PUBLISHED
[INFO] [1790221508.945393161] [sage_mission_manager]: VIEWPOINT ACCEPTED | position=(-6.00, 6.00, -2.00) | distance_from_uav=1.57 m
[INFO] [1790221508.946719150] [sage_mission_manager]: VALIDATED VIEWPOINT PUBLISHED
[INFO] [1790221509.149062652] [sage_mission_manager]: VIEWPOINT ACCEPTED | position=(-6.00, 6.00, -2.00) | distance_from_uav=1.30 m
[INFO] [1790221509.151510619] [sage_mission_manager]: VALIDATED VIEWPOINT PUBLISHED
[INFO] [1790221509.351056563] [sage_mission_manager]: VIEWPOINT ACCEPTED | position=(-6.00, 6.00, -2.00) | distance_from_uav=1.06 m
[INFO] [1790221509.351854833] [sage_mission_manager]: VALIDATED VIEWPOINT PUBLISHED
[INFO] [1790221509.547915092] [sage_mission_manager]: VIEWPOINT ACCEPTED | position=(-6.00, 6.00, -2.00) | distance_from_uav=0.83 m
[INFO] [1790221509.548839996] [sage_mission_manager]: VALIDATED VIEWPOINT PUBLISHED
[INFO] [1790221509.741727646] [sage_mission_manager]: VIEWPOINT ACCEPTED | position=(-6.00, 6.00, -2.00) | distance_from_uav=0.60 m
[INFO] [1790221509.742272703] [sage_mission_manager]: VALIDATED VIEWPOINT PUBLISHED
[INFO] [1790221509.943318159] [sage_mission_manager]: VIEWPOINT ACCEPTED | position=(-6.00, 6.00, -2.00) | distance_from_uav=0.40 m
[INFO] [1790221509.945950407] [sage_mission_manager]: VALIDATED VIEWPOINT PUBLISHED
[INFO] [1790221510.146053711] [sage_mission_manager]: VIEWPOINT ACCEPTED | position=(-6.00, 6.00, -2.00) | distance_from_uav=0.23 m
[INFO] [1790221510.146617283] [sage_mission_manager]: VALIDATED VIEWPOINT PUBLISHED
[INFO] [1790221510.347395067] [sage_mission_manager]: VIEWPOINT ACCEPTED | position=(-6.00, 6.00, -2.00) | distance_from_uav=0.11 m
[INFO] [1790221510.348268358] [sage_mission_manager]: VALIDATED VIEWPOINT PUBLISHED
[INFO] [1790221510.543661013] [sage_mission_manager]: VIEWPOINT ACCEPTED | position=(-6.00, 6.00, -2.00) | distance_from_uav=0.01 m
[INFO] [1790221510.544444782] [sage_mission_manager]: VALIDATED VIEWPOINT PUBLISHED
[INFO] [1790221510.746006767] [sage_mission_manager]: VIEWPOINT ACCEPTED | position=(-6.00, 6.00, -2.00) | distance_from_uav=0.10 m
[INFO] [1790221510.746650126] [sage_mission_manager]: VALIDATED VIEWPOINT PUBLISHED
[INFO] [1790221510.944397644] [sage_mission_manager]: VIEWPOINT ACCEPTED | position=(-6.00, 6.00, -2.00) | distance_from_uav=0.17 m
[INFO] [1790221510.945613948] [sage_mission_manager]: VALIDATED VIEWPOINT PUBLISHED
[INFO] [1790221511.142119841] [sage_mission_manager]: VIEWPOINT ACCEPTED | position=(-6.00, 6.00, -2.00) | distance_from_uav=0.22 m
[INFO] [1790221511.143027166] [sage_mission_manager]: VALIDATED VIEWPOINT PUBLISHED
[INFO] [1790221511.344421374] [sage_mission_manager]: VIEWPOINT ACCEPTED | position=(-6.00, 6.00, -2.00) | distance_from_uav=0.26 m
[INFO] [1790221511.345209558] [sage_mission_manager]: VALIDATED VIEWPOINT PUBLISHED
[INFO] [1790221511.545345437] [sage_mission_manager]: VIEWPOINT ACCEPTED | position=(-6.00, 6.00, -2.00) | distance_from_uav=0.29 m
[INFO] [1790221511.546411176] [sage_mission_manager]: VALIDATED VIEWPOINT PUBLISHED
[INFO] [1790221511.743459244] [sage_mission_manager]: VIEWPOINT ACCEPTED | position=(-6.00, 6.00, -2.00) | distance_from_uav=0.31 m
[INFO] [1790221511.745826001] [sage_mission_manager]: VALIDATED VIEWPOINT PUBLISHED
[INFO] [1790221511.943529645] [sage_mission_manager]: VIEWPOINT ACCEPTED | position=(-6.00, 6.00, -2.00) | distance_from_uav=0.32 m
[INFO] [1790221511.944054611] [sage_mission_manager]: VALIDATED VIEWPOINT PUBLISHED
[INFO] [1790221512.147306747] [sage_mission_manager]: VIEWPOINT ACCEPTED | position=(-6.00, 6.00, -2.00) | distance_from_uav=0.32 m
[INFO] [1790221512.148960924] [sage_mission_manager]: VALIDATED VIEWPOINT PUBLISHED
[INFO] [1790221512.350022820] [sage_mission_manager]: VIEWPOINT ACCEPTED | position=(-6.00, 6.00, -2.00) | distance_from_uav=0.33 m
[INFO] [1790221512.353372200] [sage_mission_manager]: VALIDATED VIEWPOINT PUBLISHED
[INFO] [1790221512.543675965] [sage_mission_manager]: VIEWPOINT ACCEPTED | position=(-6.00, 6.00, -2.00) | distance_from_uav=0.32 m
[INFO] [1790221512.547637583] [sage_mission_manager]: VALIDATED VIEWPOINT PUBLISHED
[INFO] [1790221512.746823237] [sage_mission_manager]: VIEWPOINT ACCEPTED | position=(-6.00, 6.00, -2.00) | distance_from_uav=0.32 m
[INFO] [1790221512.751989048] [sage_mission_manager]: VALIDATED VIEWPOINT PUBLISHED
[INFO] [1790221512.948368122] [sage_mission_manager]: VIEWPOINT ACCEPTED | position=(-6.00, 6.00, -2.00) | distance_from_uav=0.31 m
[INFO] [1790221512.949496249] [sage_mission_manager]: VALIDATED VIEWPOINT PUBLISHED
[INFO] [1790221513.149856122] [sage_mission_manager]: VIEWPOINT ACCEPTED | position=(-6.00, 6.00, -2.00) | distance_from_uav=0.30 m
[INFO] [1790221513.151061764] [sage_mission_manager]: VALIDATED VIEWPOINT PUBLISHED
[INFO] [1790221513.343979772] [sage_mission_manager]: VIEWPOINT ACCEPTED | position=(-6.00, 6.00, -2.00) | distance_from_uav=0.28 m
[INFO] [1790221513.346561995] [sage_mission_manager]: VALIDATED VIEWPOINT PUBLISHED
[INFO] [1790221513.544928389] [sage_mission_manager]: VIEWPOINT ACCEPTED | position=(-6.00, 6.00, -2.00) | distance_from_uav=0.27 m
[INFO] [1790221513.545451444] [sage_mission_manager]: VALIDATED VIEWPOINT PUBLISHED
[INFO] [1790221513.745799465] [sage_mission_manager]: VIEWPOINT ACCEPTED | position=(-6.00, 6.00, -2.00) | distance_from_uav=0.25 m
[INFO] [1790221513.746542676] [sage_mission_manager]: VALIDATED VIEWPOINT PUBLISHED
[INFO] [1790221513.945253183] [sage_mission_manager]: VIEWPOINT ACCEPTED | position=(-6.00, 6.00, -2.00) | distance_from_uav=0.23 m
[INFO] [1790221513.952234106] [sage_mission_manager]: VALIDATED VIEWPOINT PUBLISHED
[INFO] [1790221514.143917385] [sage_mission_manager]: VIEWPOINT ACCEPTED | position=(-6.00, 6.00, -2.00) | distance_from_uav=0.23 m
[INFO] [1790221514.144495412] [sage_mission_manager]: VALIDATED VIEWPOINT PUBLISHED
[INFO] [1790221514.345687156] [sage_mission_manager]: VIEWPOINT ACCEPTED | position=(-6.00, 6.00, -2.00) | distance_from_uav=0.22 m
[INFO] [1790221514.346361911] [sage_mission_manager]: VALIDATED VIEWPOINT PUBLISHED
[INFO] [1790221514.551474976] [sage_mission_manager]: VIEWPOINT ACCEPTED | position=(-6.00, 6.00, -2.00) | distance_from_uav=0.21 m
[INFO] [1790221514.555117594] [sage_mission_manager]: VALIDATED VIEWPOINT PUBLISHED
[INFO] [1790221514.746933295] [sage_mission_manager]: VIEWPOINT ACCEPTED | position=(-6.00, 6.00, -2.00) | distance_from_uav=0.20 m
[INFO] [1790221514.747759796] [sage_mission_manager]: VALIDATED VIEWPOINT PUBLISHED
[INFO] [1790221514.944389788] [sage_mission_manager]: VIEWPOINT ACCEPTED | position=(-6.00, 6.00, -2.00) | distance_from_uav=0.18 m
[INFO] [1790221514.947660199] [sage_mission_manager]: VALIDATED VIEWPOINT PUBLISHED
[INFO] [1790221515.141507398] [sage_mission_manager]: VIEWPOINT ACCEPTED | position=(-6.00, 6.00, -2.00) | distance_from_uav=0.17 m
[INFO] [1790221515.142271818] [sage_mission_manager]: VALIDATED VIEWPOINT PUBLISHED
[INFO] [1790221515.349296648] [sage_mission_manager]: VIEWPOINT ACCEPTED | position=(-6.00, 6.00, -2.00) | distance_from_uav=0.16 m
[INFO] [1790221515.349860089] [sage_mission_manager]: VALIDATED VIEWPOINT PUBLISHED
[INFO] [1790221515.543691586] [sage_mission_manager]: VIEWPOINT ACCEPTED | position=(-6.00, 6.00, -2.00) | distance_from_uav=0.14 m
[INFO] [1790221515.547727894] [sage_mission_manager]: VALIDATED VIEWPOINT PUBLISHED
[INFO] [1790221515.746017600] [sage_mission_manager]: VIEWPOINT ACCEPTED | position=(-6.00, 6.00, -2.00) | distance_from_uav=0.13 m
[INFO] [1790221515.747020188] [sage_mission_manager]: VALIDATED VIEWPOINT PUBLISHED
[INFO] [1790221515.950913125] [sage_mission_manager]: VIEWPOINT ACCEPTED | position=(-6.00, 6.00, -2.00) | distance_from_uav=0.12 m
[INFO] [1790221515.957655718] [sage_mission_manager]: VALIDATED VIEWPOINT PUBLISHED
[INFO] [1790221516.145385332] [sage_mission_manager]: VIEWPOINT ACCEPTED | position=(-6.00, 6.00, -2.00) | distance_from_uav=0.10 m
[INFO] [1790221516.146064049] [sage_mission_manager]: VALIDATED VIEWPOINT PUBLISHED
[INFO] [1790221516.347514565] [sage_mission_manager]: VIEWPOINT ACCEPTED | position=(-6.00, 6.00, -2.00) | distance_from_uav=0.09 m
[INFO] [1790221516.356852665] [sage_mission_manager]: VALIDATED VIEWPOINT PUBLISHED
[INFO] [1790221516.544592051] [sage_mission_manager]: VIEWPOINT ACCEPTED | position=(-6.00, 6.00, -2.00) | distance_from_uav=0.08 m
[INFO] [1790221516.545623451] [sage_mission_manager]: VALIDATED VIEWPOINT PUBLISHED
[INFO] [1790221516.743516355] [sage_mission_manager]: VIEWPOINT ACCEPTED | position=(-6.00, 6.00, -2.00) | distance_from_uav=0.07 m
[INFO] [1790221516.744424690] [sage_mission_manager]: VALIDATED VIEWPOINT PUBLISHED
[INFO] [1790221516.955428869] [sage_mission_manager]: VIEWPOINT ACCEPTED | position=(-6.00, 6.00, -2.00) | distance_from_uav=0.06 m
[INFO] [1790221516.956194903] [sage_mission_manager]: VALIDATED VIEWPOINT PUBLISHED
[INFO] [1790221517.157584266] [sage_mission_manager]: VIEWPOINT ACCEPTED | position=(-6.00, 6.00, -2.00) | distance_from_uav=0.05 m
[INFO] [1790221517.161447583] [sage_mission_manager]: VALIDATED VIEWPOINT PUBLISHED
[INFO] [1790221517.345379852] [sage_mission_manager]: VIEWPOINT ACCEPTED | position=(-6.00, 6.00, -2.00) | distance_from_uav=0.03 m
[INFO] [1790221517.348501181] [sage_mission_manager]: VALIDATED VIEWPOINT PUBLISHED
[INFO] [1790221517.544223140] [sage_mission_manager]: VIEWPOINT ACCEPTED | position=(-6.00, 6.00, -2.00) | distance_from_uav=0.02 m
[INFO] [1790221517.544942163] [sage_mission_manager]: VALIDATED VIEWPOINT PUBLISHED
[INFO] [1790221517.744206900] [sage_mission_manager]: VIEWPOINT ACCEPTED | position=(-6.00, 6.00, -2.00) | distance_from_uav=0.01 m
[INFO] [1790221517.744870175] [sage_mission_manager]: VALIDATED VIEWPOINT PUBLISHED
[INFO] [1790221517.945061904] [sage_mission_manager]: VIEWPOINT ACCEPTED | position=(-6.00, 6.00, -2.00) | distance_from_uav=0.01 m
[INFO] [1790221517.948287199] [sage_mission_manager]: VALIDATED VIEWPOINT PUBLISHED
[INFO] [1790221518.145480809] [sage_mission_manager]: VIEWPOINT ACCEPTED | position=(-6.00, 6.00, -2.00) | distance_from_uav=0.01 m
[INFO] [1790221518.146264070] [sage_mission_manager]: VALIDATED VIEWPOINT PUBLISHED
[INFO] [1790221518.344001899] [sage_mission_manager]: VIEWPOINT ACCEPTED | position=(-6.00, 6.00, -2.00) | distance_from_uav=0.01 m
[INFO] [1790221518.346060174] [sage_mission_manager]: VALIDATED VIEWPOINT PUBLISHED
[INFO] [1790221518.544610317] [sage_mission_manager]: VIEWPOINT ACCEPTED | position=(-6.00, 5.30, -2.00) | distance_from_uav=0.69 m
[INFO] [1790221518.545239386] [sage_mission_manager]: VALIDATED VIEWPOINT PUBLISHED
[INFO] [1790221518.745111966] [sage_mission_manager]: VIEWPOINT ACCEPTED | position=(-6.00, 4.60, -2.00) | distance_from_uav=1.39 m
[INFO] [1790221518.745760220] [sage_mission_manager]: VALIDATED VIEWPOINT PUBLISHED
[INFO] [1790221518.942367727] [sage_mission_manager]: VIEWPOINT ACCEPTED | position=(-6.00, 3.90, -2.00) | distance_from_uav=2.08 m
[INFO] [1790221518.942907806] [sage_mission_manager]: VALIDATED VIEWPOINT PUBLISHED
[INFO] [1790221519.144647894] [sage_mission_manager]: VIEWPOINT ACCEPTED | position=(-6.00, 3.20, -2.00) | distance_from_uav=2.74 m
[INFO] [1790221519.146574827] [sage_mission_manager]: VALIDATED VIEWPOINT PUBLISHED
[INFO] [1790221519.349648347] [sage_mission_manager]: VIEWPOINT ACCEPTED | position=(-6.00, 2.50, -2.00) | distance_from_uav=3.34 m
[INFO] [1790221519.351020227] [sage_mission_manager]: VALIDATED VIEWPOINT PUBLISHED
[INFO] [1790221519.543022551] [sage_mission_manager]: VIEWPOINT ACCEPTED | position=(-6.00, 2.50, -2.00) | distance_from_uav=3.20 m
[INFO] [1790221519.543638861] [sage_mission_manager]: VALIDATED VIEWPOINT PUBLISHED
[INFO] [1790221519.743354022] [sage_mission_manager]: VIEWPOINT ACCEPTED | position=(-6.00, 1.80, -2.00) | distance_from_uav=3.68 m
[INFO] [1790221519.745219836] [sage_mission_manager]: VALIDATED VIEWPOINT PUBLISHED
[INFO] [1790221519.943646162] [sage_mission_manager]: VIEWPOINT ACCEPTED | position=(-6.00, 1.80, -2.00) | distance_from_uav=3.40 m
[INFO] [1790221519.951610834] [sage_mission_manager]: VALIDATED VIEWPOINT PUBLISHED
[INFO] [1790221520.147813970] [sage_mission_manager]: VIEWPOINT ACCEPTED | position=(-6.00, 1.80, -2.00) | distance_from_uav=3.02 m
[INFO] [1790221520.148572934] [sage_mission_manager]: VALIDATED VIEWPOINT PUBLISHED
[INFO] [1790221520.343452765] [sage_mission_manager]: VIEWPOINT ACCEPTED | position=(-6.00, 1.10, -2.00) | distance_from_uav=3.39 m
[INFO] [1790221520.345660635] [sage_mission_manager]: VALIDATED VIEWPOINT PUBLISHED
[INFO] [1790221520.550227178] [sage_mission_manager]: VIEWPOINT ACCEPTED | position=(-6.00, 0.40, -2.00) | distance_from_uav=3.62 m
[INFO] [1790221520.550745562] [sage_mission_manager]: VALIDATED VIEWPOINT PUBLISHED
[INFO] [1790221520.744827194] [sage_mission_manager]: VIEWPOINT ACCEPTED | position=(-6.00, 0.40, -2.00) | distance_from_uav=3.27 m
[INFO] [1790221520.751531005] [sage_mission_manager]: VALIDATED VIEWPOINT PUBLISHED
[INFO] [1790221520.946742335] [sage_mission_manager]: VIEWPOINT ACCEPTED | position=(-6.00, 0.00, -2.00) | distance_from_uav=3.27 m
[INFO] [1790221520.950830417] [sage_mission_manager]: VALIDATED VIEWPOINT PUBLISHED
[INFO] [1790221521.141533585] [sage_mission_manager]: VIEWPOINT ACCEPTED | position=(-6.00, 0.00, -2.00) | distance_from_uav=2.94 m
[INFO] [1790221521.146167277] [sage_mission_manager]: VALIDATED VIEWPOINT PUBLISHED
[INFO] [1790221521.342718578] [sage_mission_manager]: VIEWPOINT ACCEPTED | position=(-6.00, 0.00, -2.00) | distance_from_uav=2.49 m
[INFO] [1790221521.345580042] [sage_mission_manager]: VALIDATED VIEWPOINT PUBLISHED
[INFO] [1790221521.548911331] [sage_mission_manager]: VIEWPOINT ACCEPTED | position=(-6.00, 0.00, -2.00) | distance_from_uav=2.13 m
[INFO] [1790221521.551494353] [sage_mission_manager]: VALIDATED VIEWPOINT PUBLISHED
[INFO] [1790221521.746596406] [sage_mission_manager]: VIEWPOINT ACCEPTED | position=(-6.00, 0.00, -2.00) | distance_from_uav=1.82 m
[INFO] [1790221521.748697270] [sage_mission_manager]: VALIDATED VIEWPOINT PUBLISHED
[INFO] [1790221521.947639642] [sage_mission_manager]: VIEWPOINT ACCEPTED | position=(-6.00, 0.00, -2.00) | distance_from_uav=1.44 m
[INFO] [1790221521.954654222] [sage_mission_manager]: VALIDATED VIEWPOINT PUBLISHED
[INFO] [1790221522.140649684] [sage_mission_manager]: VIEWPOINT ACCEPTED | position=(-6.00, 0.00, -2.00) | distance_from_uav=1.08 m
[INFO] [1790221522.141245062] [sage_mission_manager]: VALIDATED VIEWPOINT PUBLISHED
[INFO] [1790221522.343241435] [sage_mission_manager]: VIEWPOINT ACCEPTED | position=(-6.00, 0.00, -2.00) | distance_from_uav=0.86 m
[INFO] [1790221522.343741983] [sage_mission_manager]: VALIDATED VIEWPOINT PUBLISHED
[INFO] [1790221522.548272929] [sage_mission_manager]: VIEWPOINT ACCEPTED | position=(-6.00, 0.00, -2.00) | distance_from_uav=0.59 m
[INFO] [1790221522.548792670] [sage_mission_manager]: VALIDATED VIEWPOINT PUBLISHED
[INFO] [1790221522.746321097] [sage_mission_manager]: VIEWPOINT ACCEPTED | position=(-6.00, 0.00, -2.00) | distance_from_uav=0.43 m
[INFO] [1790221522.746938170] [sage_mission_manager]: VALIDATED VIEWPOINT PUBLISHED
[INFO] [1790221522.942740243] [sage_mission_manager]: VIEWPOINT ACCEPTED | position=(-6.00, 0.00, -2.00) | distance_from_uav=0.28 m
[INFO] [1790221522.943620065] [sage_mission_manager]: VALIDATED VIEWPOINT PUBLISHED
[INFO] [1790221523.148030851] [sage_mission_manager]: VIEWPOINT ACCEPTED | position=(-6.00, 0.00, -2.00) | distance_from_uav=0.15 m
[INFO] [1790221523.154001234] [sage_mission_manager]: VALIDATED VIEWPOINT PUBLISHED
[INFO] [1790221523.349292149] [sage_mission_manager]: VIEWPOINT ACCEPTED | position=(-6.00, 0.00, -2.00) | distance_from_uav=0.11 m
[INFO] [1790221523.349843899] [sage_mission_manager]: VALIDATED VIEWPOINT PUBLISHED
[INFO] [1790221523.546481404] [sage_mission_manager]: VIEWPOINT ACCEPTED | position=(-6.00, 0.00, -2.00) | distance_from_uav=0.13 m
[INFO] [1790221523.553748873] [sage_mission_manager]: VALIDATED VIEWPOINT PUBLISHED
[INFO] [1790221523.741434259] [sage_mission_manager]: VIEWPOINT ACCEPTED | position=(-6.00, 0.00, -2.00) | distance_from_uav=0.15 m
[INFO] [1790221523.741972360] [sage_mission_manager]: VALIDATED VIEWPOINT PUBLISHED
[INFO] [1790221523.942600655] [sage_mission_manager]: VIEWPOINT ACCEPTED | position=(-6.00, 0.00, -2.00) | distance_from_uav=0.17 m
[INFO] [1790221523.944498234] [sage_mission_manager]: VALIDATED VIEWPOINT PUBLISHED
[INFO] [1790221524.144980592] [sage_mission_manager]: VIEWPOINT ACCEPTED | position=(-6.00, 0.00, -2.00) | distance_from_uav=0.18 m
[INFO] [1790221524.145603252] [sage_mission_manager]: VALIDATED VIEWPOINT PUBLISHED
[INFO] [1790221524.344007302] [sage_mission_manager]: VIEWPOINT ACCEPTED | position=(-6.00, 0.00, -2.00) | distance_from_uav=0.18 m
[INFO] [1790221524.344523759] [sage_mission_manager]: VALIDATED VIEWPOINT PUBLISHED
[INFO] [1790221524.541392163] [sage_mission_manager]: VIEWPOINT ACCEPTED | position=(-6.00, 0.00, -2.00) | distance_from_uav=0.17 m
[INFO] [1790221524.542957315] [sage_mission_manager]: VALIDATED VIEWPOINT PUBLISHED
[INFO] [1790221524.748357979] [sage_mission_manager]: VIEWPOINT ACCEPTED | position=(-6.00, 0.00, -2.00) | distance_from_uav=0.16 m
[INFO] [1790221524.753632533] [sage_mission_manager]: VALIDATED VIEWPOINT PUBLISHED
[INFO] [1790221524.941316442] [sage_mission_manager]: VIEWPOINT ACCEPTED | position=(-6.00, 0.00, -2.00) | distance_from_uav=0.15 m
[INFO] [1790221524.941970857] [sage_mission_manager]: VALIDATED VIEWPOINT PUBLISHED
[INFO] [1790221525.157496269] [sage_mission_manager]: VIEWPOINT ACCEPTED | position=(-6.00, 0.00, -2.00) | distance_from_uav=0.13 m
[INFO] [1790221525.158490339] [sage_mission_manager]: VALIDATED VIEWPOINT PUBLISHED
[INFO] [1790221525.343536958] [sage_mission_manager]: VIEWPOINT ACCEPTED | position=(-6.00, 0.00, -2.00) | distance_from_uav=0.13 m
[INFO] [1790221525.344238802] [sage_mission_manager]: VALIDATED VIEWPOINT PUBLISHED
[INFO] [1790221525.554018520] [sage_mission_manager]: VIEWPOINT ACCEPTED | position=(-6.00, 0.00, -2.00) | distance_from_uav=0.11 m
[INFO] [1790221525.558052742] [sage_mission_manager]: VALIDATED VIEWPOINT PUBLISHED
[INFO] [1790221525.746553652] [sage_mission_manager]: VIEWPOINT ACCEPTED | position=(-6.00, 0.00, -2.00) | distance_from_uav=0.11 m
[INFO] [1790221525.747624219] [sage_mission_manager]: VALIDATED VIEWPOINT PUBLISHED
[INFO] [1790221525.950192451] [sage_mission_manager]: VIEWPOINT ACCEPTED | position=(-6.00, 0.00, -2.00) | distance_from_uav=0.10 m
[INFO] [1790221525.951040154] [sage_mission_manager]: VALIDATED VIEWPOINT PUBLISHED
[INFO] [1790221526.146931704] [sage_mission_manager]: VIEWPOINT ACCEPTED | position=(-6.00, 0.00, -2.00) | distance_from_uav=0.09 m
[INFO] [1790221526.147641613] [sage_mission_manager]: VALIDATED VIEWPOINT PUBLISHED
[INFO] [1790221526.343724672] [sage_mission_manager]: VIEWPOINT ACCEPTED | position=(-6.00, 0.00, -2.00) | distance_from_uav=0.09 m
[INFO] [1790221526.344458355] [sage_mission_manager]: VALIDATED VIEWPOINT PUBLISHED
[INFO] [1790221526.547477516] [sage_mission_manager]: VIEWPOINT ACCEPTED | position=(-6.00, 0.00, -2.00) | distance_from_uav=0.09 m
[INFO] [1790221526.551585057] [sage_mission_manager]: VALIDATED VIEWPOINT PUBLISHED
[INFO] [1790221526.743897872] [sage_mission_manager]: VIEWPOINT ACCEPTED | position=(-6.00, 0.00, -2.00) | distance_from_uav=0.08 m
[INFO] [1790221526.744426064] [sage_mission_manager]: VALIDATED VIEWPOINT PUBLISHED
[INFO] [1790221526.944920247] [sage_mission_manager]: VIEWPOINT ACCEPTED | position=(-6.00, 0.00, -2.00) | distance_from_uav=0.08 m
[INFO] [1790221526.945665264] [sage_mission_manager]: VALIDATED VIEWPOINT PUBLISHED
[INFO] [1790221527.144438736] [sage_mission_manager]: VIEWPOINT ACCEPTED | position=(-6.00, 0.00, -2.00) | distance_from_uav=0.08 m
[INFO] [1790221527.144982534] [sage_mission_manager]: VALIDATED VIEWPOINT PUBLISHED
[INFO] [1790221527.342877968] [sage_mission_manager]: VIEWPOINT ACCEPTED | position=(-6.00, 0.00, -2.00) | distance_from_uav=0.08 m
[INFO] [1790221527.343580780] [sage_mission_manager]: VALIDATED VIEWPOINT PUBLISHED
[INFO] [1790221527.544752566] [sage_mission_manager]: VIEWPOINT ACCEPTED | position=(-6.00, 0.00, -2.00) | distance_from_uav=0.08 m
[INFO] [1790221527.545909298] [sage_mission_manager]: VALIDATED VIEWPOINT PUBLISHED
[INFO] [1790221527.752212320] [sage_mission_manager]: VIEWPOINT ACCEPTED | position=(-6.00, 0.00, -2.00) | distance_from_uav=0.07 m
[INFO] [1790221527.759469648] [sage_mission_manager]: VALIDATED VIEWPOINT PUBLISHED
[INFO] [1790221527.943576412] [sage_mission_manager]: VIEWPOINT ACCEPTED | position=(-6.00, 0.00, -2.00) | distance_from_uav=0.07 m
[INFO] [1790221527.944799055] [sage_mission_manager]: VALIDATED VIEWPOINT PUBLISHED
[INFO] [1790221528.142546738] [sage_mission_manager]: VIEWPOINT ACCEPTED | position=(-6.00, 0.00, -2.00) | distance_from_uav=0.07 m
[INFO] [1790221528.143437580] [sage_mission_manager]: VALIDATED VIEWPOINT PUBLISHED
[INFO] [1790221528.345111982] [sage_mission_manager]: VIEWPOINT ACCEPTED | position=(-6.00, 0.00, -2.00) | distance_from_uav=0.06 m
[INFO] [1790221528.345796909] [sage_mission_manager]: VALIDATED VIEWPOINT PUBLISHED
[INFO] [1790221528.543433847] [sage_mission_manager]: VIEWPOINT ACCEPTED | position=(-6.00, 0.00, -2.00) | distance_from_uav=0.06 m
[INFO] [1790221528.548892867] [sage_mission_manager]: VALIDATED VIEWPOINT PUBLISHED
[INFO] [1790221528.747310147] [sage_mission_manager]: VIEWPOINT ACCEPTED | position=(-6.00, 0.00, -2.00) | distance_from_uav=0.06 m
[INFO] [1790221528.747835793] [sage_mission_manager]: VALIDATED VIEWPOINT PUBLISHED
[INFO] [1790221528.951034651] [sage_mission_manager]: VIEWPOINT ACCEPTED | position=(-6.00, 0.00, -2.00) | distance_from_uav=0.06 m
[INFO] [1790221528.955504689] [sage_mission_manager]: VALIDATED VIEWPOINT PUBLISHED
[INFO] [1790221529.141705838] [sage_mission_manager]: VIEWPOINT ACCEPTED | position=(-6.00, 0.00, -2.00) | distance_from_uav=0.06 m
[INFO] [1790221529.142388432] [sage_mission_manager]: VALIDATED VIEWPOINT PUBLISHED
[INFO] [1790221529.353930830] [sage_mission_manager]: VIEWPOINT ACCEPTED | position=(-6.00, 0.00, -2.00) | distance_from_uav=0.06 m
[INFO] [1790221529.354595820] [sage_mission_manager]: VALIDATED VIEWPOINT PUBLISHED
[INFO] [1790221529.544855602] [sage_mission_manager]: VIEWPOINT ACCEPTED | position=(-6.00, 0.00, -2.00) | distance_from_uav=0.06 m
[INFO] [1790221529.547383020] [sage_mission_manager]: VALIDATED VIEWPOINT PUBLISHED
[INFO] [1790221529.743977518] [sage_mission_manager]: VIEWPOINT ACCEPTED | position=(-6.00, 0.00, -2.00) | distance_from_uav=0.06 m
[INFO] [1790221529.745260299] [sage_mission_manager]: VALIDATED VIEWPOINT PUBLISHED
[INFO] [1790221529.947184887] [sage_mission_manager]: VIEWPOINT ACCEPTED | position=(-6.00, 0.00, -2.00) | distance_from_uav=0.05 m
[INFO] [1790221529.947757684] [sage_mission_manager]: VALIDATED VIEWPOINT PUBLISHED
[INFO] [1790221530.148603345] [sage_mission_manager]: VIEWPOINT ACCEPTED | position=(-6.00, 0.00, -2.00) | distance_from_uav=0.05 m
[INFO] [1790221530.149239314] [sage_mission_manager]: VALIDATED VIEWPOINT PUBLISHED
[INFO] [1790221530.350188027] [sage_mission_manager]: VIEWPOINT ACCEPTED | position=(-6.00, 0.00, -2.00) | distance_from_uav=0.04 m
[INFO] [1790221530.351010103] [sage_mission_manager]: VALIDATED VIEWPOINT PUBLISHED
[INFO] [1790221530.551065350] [sage_mission_manager]: VIEWPOINT ACCEPTED | position=(-6.00, 0.00, -2.00) | distance_from_uav=0.04 m
[INFO] [1790221530.551641428] [sage_mission_manager]: VALIDATED VIEWPOINT PUBLISHED
[INFO] [1790221530.743033673] [sage_mission_manager]: VIEWPOINT ACCEPTED | position=(-6.00, 0.00, -2.00) | distance_from_uav=0.04 m
[INFO] [1790221530.745249130] [sage_mission_manager]: VALIDATED VIEWPOINT PUBLISHED
[INFO] [1790221530.949142392] [sage_mission_manager]: VIEWPOINT ACCEPTED | position=(-6.00, 0.00, -2.00) | distance_from_uav=0.03 m
[INFO] [1790221530.954310863] [sage_mission_manager]: VALIDATED VIEWPOINT PUBLISHED
[INFO] [1790221531.142373455] [sage_mission_manager]: VIEWPOINT ACCEPTED | position=(-6.00, -0.70, -2.00) | distance_from_uav=0.70 m
[INFO] [1790221531.144390374] [sage_mission_manager]: VALIDATED VIEWPOINT PUBLISHED
[INFO] [1790221531.344596860] [sage_mission_manager]: VIEWPOINT ACCEPTED | position=(-6.00, -1.40, -2.00) | distance_from_uav=1.40 m
[INFO] [1790221531.345250797] [sage_mission_manager]: VALIDATED VIEWPOINT PUBLISHED
[INFO] [1790221531.547263207] [sage_mission_manager]: VIEWPOINT ACCEPTED | position=(-6.00, -2.10, -2.00) | distance_from_uav=2.10 m
[INFO] [1790221531.553360716] [sage_mission_manager]: VALIDATED VIEWPOINT PUBLISHED
[INFO] [1790221531.743719442] [sage_mission_manager]: VIEWPOINT ACCEPTED | position=(-6.00, -2.80, -2.00) | distance_from_uav=2.77 m
[INFO] [1790221531.745826120] [sage_mission_manager]: VALIDATED VIEWPOINT PUBLISHED
[INFO] [1790221531.943561378] [sage_mission_manager]: VIEWPOINT ACCEPTED | position=(-6.00, -3.50, -2.00) | distance_from_uav=3.41 m
[INFO] [1790221531.944436243] [sage_mission_manager]: VALIDATED VIEWPOINT PUBLISHED
[INFO] [1790221532.144297627] [sage_mission_manager]: VIEWPOINT ACCEPTED | position=(-6.00, -3.50, -2.00) | distance_from_uav=3.29 m
[INFO] [1790221532.145984652] [sage_mission_manager]: VALIDATED VIEWPOINT PUBLISHED
[INFO] [1790221532.343251517] [sage_mission_manager]: VIEWPOINT ACCEPTED | position=(-6.00, -3.50, -2.00) | distance_from_uav=3.06 m
[INFO] [1790221532.345541676] [sage_mission_manager]: VALIDATED VIEWPOINT PUBLISHED
[INFO] [1790221532.543990504] [sage_mission_manager]: VIEWPOINT ACCEPTED | position=(-6.00, -4.20, -2.00) | distance_from_uav=3.49 m
[INFO] [1790221532.546159172] [sage_mission_manager]: VALIDATED VIEWPOINT PUBLISHED
[INFO] [1790221532.743321624] [sage_mission_manager]: VIEWPOINT ACCEPTED | position=(-6.00, -4.20, -2.00) | distance_from_uav=3.14 m
[INFO] [1790221532.751849858] [sage_mission_manager]: VALIDATED VIEWPOINT PUBLISHED
[INFO] [1790221532.943240947] [sage_mission_manager]: VIEWPOINT ACCEPTED | position=(-6.00, -4.90, -2.00) | distance_from_uav=3.47 m
[INFO] [1790221532.948916908] [sage_mission_manager]: VALIDATED VIEWPOINT PUBLISHED
[INFO] [1790221533.143935207] [sage_mission_manager]: VIEWPOINT ACCEPTED | position=(-6.00, -4.90, -2.00) | distance_from_uav=3.07 m
[INFO] [1790221533.148332463] [sage_mission_manager]: VALIDATED VIEWPOINT PUBLISHED
[INFO] [1790221533.341963020] [sage_mission_manager]: VIEWPOINT ACCEPTED | position=(-6.00, -5.60, -2.00) | distance_from_uav=3.47 m
[INFO] [1790221533.342626752] [sage_mission_manager]: VALIDATED VIEWPOINT PUBLISHED
[INFO] [1790221533.543241635] [sage_mission_manager]: VIEWPOINT ACCEPTED | position=(-6.00, -5.60, -2.00) | distance_from_uav=3.10 m
[INFO] [1790221533.544095696] [sage_mission_manager]: VALIDATED VIEWPOINT PUBLISHED
[INFO] [1790221533.744718228] [sage_mission_manager]: VIEWPOINT ACCEPTED | position=(-6.00, -6.00, -2.00) | distance_from_uav=3.11 m
[INFO] [1790221533.745426785] [sage_mission_manager]: VALIDATED VIEWPOINT PUBLISHED
[INFO] [1790221533.942372639] [sage_mission_manager]: VIEWPOINT ACCEPTED | position=(-6.00, -6.00, -2.00) | distance_from_uav=2.74 m
[INFO] [1790221533.945173118] [sage_mission_manager]: VALIDATED VIEWPOINT PUBLISHED
[INFO] [1790221534.142440662] [sage_mission_manager]: VIEWPOINT ACCEPTED | position=(-6.00, -6.00, -2.00) | distance_from_uav=2.29 m
[INFO] [1790221534.145793885] [sage_mission_manager]: VALIDATED VIEWPOINT PUBLISHED
[INFO] [1790221534.342426273] [sage_mission_manager]: VIEWPOINT ACCEPTED | position=(-6.00, -6.00, -2.00) | distance_from_uav=1.89 m
[INFO] [1790221534.344676739] [sage_mission_manager]: VALIDATED VIEWPOINT PUBLISHED
[INFO] [1790221534.547549489] [sage_mission_manager]: VIEWPOINT ACCEPTED | position=(-6.00, -6.00, -2.00) | distance_from_uav=1.52 m
[INFO] [1790221534.551211407] [sage_mission_manager]: VALIDATED VIEWPOINT PUBLISHED
[INFO] [1790221534.749636530] [sage_mission_manager]: VIEWPOINT ACCEPTED | position=(-6.00, -6.00, -2.00) | distance_from_uav=1.22 m
[INFO] [1790221534.750180501] [sage_mission_manager]: VALIDATED VIEWPOINT PUBLISHED
[INFO] [1790221534.945632593] [sage_mission_manager]: VIEWPOINT ACCEPTED | position=(-6.00, -6.00, -2.00) | distance_from_uav=0.92 m
[INFO] [1790221534.953573463] [sage_mission_manager]: VALIDATED VIEWPOINT PUBLISHED
[INFO] [1790221535.146865257] [sage_mission_manager]: VIEWPOINT ACCEPTED | position=(-6.00, -6.00, -2.00) | distance_from_uav=0.64 m
[INFO] [1790221535.152860808] [sage_mission_manager]: VALIDATED VIEWPOINT PUBLISHED
[INFO] [1790221535.355253606] [sage_mission_manager]: VIEWPOINT ACCEPTED | position=(-6.00, -6.00, -2.00) | distance_from_uav=0.40 m
[INFO] [1790221535.355912935] [sage_mission_manager]: VALIDATED VIEWPOINT PUBLISHED
[INFO] [1790221535.545394413] [sage_mission_manager]: VIEWPOINT ACCEPTED | position=(-6.00, -6.00, -2.00) | distance_from_uav=0.20 m
[INFO] [1790221535.546106331] [sage_mission_manager]: VALIDATED VIEWPOINT PUBLISHED
[INFO] [1790221535.744425305] [sage_mission_manager]: VIEWPOINT ACCEPTED | position=(-6.00, -6.00, -2.00) | distance_from_uav=0.05 m
[INFO] [1790221535.744963674] [sage_mission_manager]: VALIDATED VIEWPOINT PUBLISHED
[INFO] [1790221535.942784023] [sage_mission_manager]: VIEWPOINT ACCEPTED | position=(-6.00, -6.00, -2.00) | distance_from_uav=0.09 m
[INFO] [1790221535.943422965] [sage_mission_manager]: VALIDATED VIEWPOINT PUBLISHED
[INFO] [1790221536.144949763] [sage_mission_manager]: VIEWPOINT ACCEPTED | position=(-6.00, -6.00, -2.00) | distance_from_uav=0.18 m
[INFO] [1790221536.146012333] [sage_mission_manager]: VALIDATED VIEWPOINT PUBLISHED
[INFO] [1790221536.346838114] [sage_mission_manager]: VIEWPOINT ACCEPTED | position=(-6.00, -6.00, -2.00) | distance_from_uav=0.24 m
[INFO] [1790221536.347476075] [sage_mission_manager]: VALIDATED VIEWPOINT PUBLISHED
[INFO] [1790221536.547658857] [sage_mission_manager]: VIEWPOINT ACCEPTED | position=(-6.00, -6.00, -2.00) | distance_from_uav=0.28 m
[INFO] [1790221536.549559745] [sage_mission_manager]: VALIDATED VIEWPOINT PUBLISHED
[INFO] [1790221536.747815647] [sage_mission_manager]: VIEWPOINT ACCEPTED | position=(-6.00, -6.00, -2.00) | distance_from_uav=0.31 m
[INFO] [1790221536.748604196] [sage_mission_manager]: VALIDATED VIEWPOINT PUBLISHED
[INFO] [1790221536.941311472] [sage_mission_manager]: VIEWPOINT ACCEPTED | position=(-6.00, -6.00, -2.00) | distance_from_uav=0.32 m
[INFO] [1790221536.941996404] [sage_mission_manager]: VALIDATED VIEWPOINT PUBLISHED
[INFO] [1790221537.142533992] [sage_mission_manager]: VIEWPOINT ACCEPTED | position=(-6.00, -6.00, -2.00) | distance_from_uav=0.33 m
[INFO] [1790221537.143968640] [sage_mission_manager]: VALIDATED VIEWPOINT PUBLISHED
[INFO] [1790221537.346956458] [sage_mission_manager]: VIEWPOINT ACCEPTED | position=(-6.00, -6.00, -2.00) | distance_from_uav=0.32 m
[INFO] [1790221537.347960691] [sage_mission_manager]: VALIDATED VIEWPOINT PUBLISHED
[INFO] [1790221537.549810835] [sage_mission_manager]: VIEWPOINT ACCEPTED | position=(-6.00, -6.00, -2.00) | distance_from_uav=0.31 m
[INFO] [1790221537.563027621] [sage_mission_manager]: VALIDATED VIEWPOINT PUBLISHED
[INFO] [1790221537.744442319] [sage_mission_manager]: VIEWPOINT ACCEPTED | position=(-6.00, -6.00, -2.00) | distance_from_uav=0.30 m
[INFO] [1790221537.744999543] [sage_mission_manager]: VALIDATED VIEWPOINT PUBLISHED
[INFO] [1790221537.942751461] [sage_mission_manager]: VIEWPOINT ACCEPTED | position=(-6.00, -6.00, -2.00) | distance_from_uav=0.29 m
[INFO] [1790221537.944974750] [sage_mission_manager]: VALIDATED VIEWPOINT PUBLISHED
[INFO] [1790221538.146181730] [sage_mission_manager]: VIEWPOINT ACCEPTED | position=(-6.00, -6.00, -2.00) | distance_from_uav=0.27 m
[INFO] [1790221538.150358834] [sage_mission_manager]: VALIDATED VIEWPOINT PUBLISHED
[INFO] [1790221538.353411486] [sage_mission_manager]: VIEWPOINT ACCEPTED | position=(-6.00, -6.00, -2.00) | distance_from_uav=0.25 m
[INFO] [1790221538.354052271] [sage_mission_manager]: VALIDATED VIEWPOINT PUBLISHED
[INFO] [1790221538.541563817] [sage_mission_manager]: VIEWPOINT ACCEPTED | position=(-6.00, -6.00, -2.00) | distance_from_uav=0.24 m
[INFO] [1790221538.542089280] [sage_mission_manager]: VALIDATED VIEWPOINT PUBLISHED
[INFO] [1790221538.747777718] [sage_mission_manager]: VIEWPOINT ACCEPTED | position=(-6.00, -6.00, -2.00) | distance_from_uav=0.22 m
[INFO] [1790221538.748578434] [sage_mission_manager]: VALIDATED VIEWPOINT PUBLISHED
[INFO] [1790221538.943039633] [sage_mission_manager]: VIEWPOINT ACCEPTED | position=(-6.00, -6.00, -2.00) | distance_from_uav=0.20 m
[INFO] [1790221538.943866232] [sage_mission_manager]: VALIDATED VIEWPOINT PUBLISHED
[INFO] [1790221539.149841479] [sage_mission_manager]: VIEWPOINT ACCEPTED | position=(-6.00, -6.00, -2.00) | distance_from_uav=0.19 m
[INFO] [1790221539.150501731] [sage_mission_manager]: VALIDATED VIEWPOINT PUBLISHED
[INFO] [1790221539.341666507] [sage_mission_manager]: VIEWPOINT ACCEPTED | position=(-6.00, -6.00, -2.00) | distance_from_uav=0.18 m
[INFO] [1790221539.342780151] [sage_mission_manager]: VALIDATED VIEWPOINT PUBLISHED
[INFO] [1790221539.548901307] [sage_mission_manager]: VIEWPOINT ACCEPTED | position=(-6.00, -6.00, -2.00) | distance_from_uav=0.17 m
[INFO] [1790221539.550032245] [sage_mission_manager]: VALIDATED VIEWPOINT PUBLISHED
[INFO] [1790221539.745388491] [sage_mission_manager]: VIEWPOINT ACCEPTED | position=(-6.00, -6.00, -2.00) | distance_from_uav=0.16 m
[INFO] [1790221539.745957789] [sage_mission_manager]: VALIDATED VIEWPOINT PUBLISHED
[INFO] [1790221539.945641800] [sage_mission_manager]: VIEWPOINT ACCEPTED | position=(-6.00, -6.00, -2.00) | distance_from_uav=0.14 m
[INFO] [1790221539.946345574] [sage_mission_manager]: VALIDATED VIEWPOINT PUBLISHED
[INFO] [1790221540.155622681] [sage_mission_manager]: VIEWPOINT ACCEPTED | position=(-6.00, -6.00, -2.00) | distance_from_uav=0.13 m
[INFO] [1790221540.156373034] [sage_mission_manager]: VALIDATED VIEWPOINT PUBLISHED
[INFO] [1790221540.342000538] [sage_mission_manager]: VIEWPOINT ACCEPTED | position=(-6.00, -6.00, -2.00) | distance_from_uav=0.12 m
[INFO] [1790221540.342532277] [sage_mission_manager]: VALIDATED VIEWPOINT PUBLISHED
[INFO] [1790221540.552576313] [sage_mission_manager]: VIEWPOINT ACCEPTED | position=(-6.00, -6.00, -2.00) | distance_from_uav=0.11 m
[INFO] [1790221540.558629646] [sage_mission_manager]: VALIDATED VIEWPOINT PUBLISHED
[INFO] [1790221540.752218763] [sage_mission_manager]: VIEWPOINT ACCEPTED | position=(-6.00, -6.00, -2.00) | distance_from_uav=0.10 m
[INFO] [1790221540.760169946] [sage_mission_manager]: VALIDATED VIEWPOINT PUBLISHED
[INFO] [1790221540.947704099] [sage_mission_manager]: VIEWPOINT ACCEPTED | position=(-6.00, -6.00, -2.00) | distance_from_uav=0.09 m
[INFO] [1790221540.955448661] [sage_mission_manager]: VALIDATED VIEWPOINT PUBLISHED
[INFO] [1790221541.149940648] [sage_mission_manager]: VIEWPOINT ACCEPTED | position=(-6.00, -6.00, -2.00) | distance_from_uav=0.08 m
[INFO] [1790221541.152189742] [sage_mission_manager]: VALIDATED VIEWPOINT PUBLISHED
[INFO] [1790221541.346041032] [sage_mission_manager]: VIEWPOINT ACCEPTED | position=(-6.00, -6.00, -2.00) | distance_from_uav=0.07 m
[INFO] [1790221541.349318742] [sage_mission_manager]: VALIDATED VIEWPOINT PUBLISHED
[INFO] [1790221541.547964946] [sage_mission_manager]: VIEWPOINT ACCEPTED | position=(-6.00, -6.00, -2.00) | distance_from_uav=0.06 m
[INFO] [1790221541.549060912] [sage_mission_manager]: VALIDATED VIEWPOINT PUBLISHED
[INFO] [1790221541.747265301] [sage_mission_manager]: VIEWPOINT ACCEPTED | position=(-6.00, -6.00, -2.00) | distance_from_uav=0.05 m
[INFO] [1790221541.747827026] [sage_mission_manager]: VALIDATED VIEWPOINT PUBLISHED
[INFO] [1790221541.947922326] [sage_mission_manager]: VIEWPOINT ACCEPTED | position=(-6.00, -6.00, -2.00) | distance_from_uav=0.04 m
[INFO] [1790221541.948586572] [sage_mission_manager]: VALIDATED VIEWPOINT PUBLISHED
[INFO] [1790221542.145885642] [sage_mission_manager]: VIEWPOINT ACCEPTED | position=(-6.00, -6.00, -2.00) | distance_from_uav=0.04 m
[INFO] [1790221542.146611115] [sage_mission_manager]: VALIDATED VIEWPOINT PUBLISHED
[INFO] [1790221542.349668343] [sage_mission_manager]: VIEWPOINT ACCEPTED | position=(-6.00, -6.00, -2.00) | distance_from_uav=0.03 m
[INFO] [1790221542.350399331] [sage_mission_manager]: VALIDATED VIEWPOINT PUBLISHED
[INFO] [1790221542.543033686] [sage_mission_manager]: VIEWPOINT ACCEPTED | position=(-6.00, -6.00, -2.00) | distance_from_uav=0.04 m
[INFO] [1790221542.543751087] [sage_mission_manager]: VALIDATED VIEWPOINT PUBLISHED
[INFO] [1790221542.747674374] [sage_mission_manager]: VIEWPOINT ACCEPTED | position=(-6.00, -6.00, -2.00) | distance_from_uav=0.04 m
[INFO] [1790221542.753265474] [sage_mission_manager]: VALIDATED VIEWPOINT PUBLISHED
[INFO] [1790221542.941719604] [sage_mission_manager]: VIEWPOINT ACCEPTED | position=(-6.00, -6.00, -2.00) | distance_from_uav=0.04 m
[INFO] [1790221542.942261602] [sage_mission_manager]: VALIDATED VIEWPOINT PUBLISHED
[INFO] [1790221543.143962327] [sage_mission_manager]: VIEWPOINT ACCEPTED | position=(-6.00, -6.00, -2.00) | distance_from_uav=0.04 m
[INFO] [1790221543.147544965] [sage_mission_manager]: VALIDATED VIEWPOINT PUBLISHED
[INFO] [1790221543.344433255] [sage_mission_manager]: VIEWPOINT ACCEPTED | position=(-6.00, -6.00, -2.00) | distance_from_uav=0.04 m
[INFO] [1790221543.346432706] [sage_mission_manager]: VALIDATED VIEWPOINT PUBLISHED
[INFO] [1790221543.546564524] [sage_mission_manager]: VIEWPOINT ACCEPTED | position=(-6.00, -6.00, -2.00) | distance_from_uav=0.04 m
[INFO] [1790221543.547367572] [sage_mission_manager]: VALIDATED VIEWPOINT PUBLISHED
[INFO] [1790221543.748806985] [sage_mission_manager]: VIEWPOINT ACCEPTED | position=(-6.00, -6.00, -2.00) | distance_from_uav=0.04 m
[INFO] [1790221543.749900859] [sage_mission_manager]: VALIDATED VIEWPOINT PUBLISHED
[WARN] [1790221544.943300585] [sage_mission_manager]: RETURN HOME ACTIVE | planner viewpoints ignored.
[WARN] [1790221555.318994186] [sage_mission_manager]: HOME REACHED | requesting LAND.
