[INFO] [1790291539.764413504] [sage_energy_monitor]: SAGE energy monitor started.
[INFO] [1790291539.765558060] [sage_energy_monitor]: Cruise speed 1.0 m/s | reserve 0.20
[INFO] [1790291542.644205070] [sage_energy_monitor]: ENERGY | remaining=99.2 % | voltage=16.18 V | drain_rate=n/a | home_distance=0.0 m | return_time=4 s | return_cost=n/a | margin_after_return=n/a
[INFO] [1790291543.643773714] [sage_energy_monitor]: ENERGY | remaining=99.1 % | voltage=16.18 V | drain_rate=n/a | home_distance=0.0 m | return_time=4 s | return_cost=n/a | margin_after_return=n/a
[INFO] [1790291544.643866987] [sage_energy_monitor]: ENERGY | remaining=99.1 % | voltage=16.18 V | drain_rate=n/a | home_distance=0.0 m | return_time=4 s | return_cost=n/a | margin_after_return=n/a
[INFO] [1790291545.644796037] [sage_energy_monitor]: ENERGY | remaining=99.0 % | voltage=16.18 V | drain_rate=n/a | home_distance=0.0 m | return_time=4 s | return_cost=n/a | margin_after_return=n/a
[INFO] [1790291546.645976102] [sage_energy_monitor]: ENERGY | remaining=99.0 % | voltage=16.18 V | drain_rate=n/a | home_distance=0.0 m | return_time=4 s | return_cost=n/a | margin_after_return=n/a
[INFO] [1790291547.646304870] [sage_energy_monitor]: ENERGY | remaining=98.9 % | voltage=16.18 V | drain_rate=0.054 %/s | home_distance=0.0 m | return_time=4 s | return_cost=0.2 % | margin_after_return=78.7 %
[INFO] [1790291548.646120539] [sage_energy_monitor]: ENERGY | remaining=98.9 % | voltage=16.18 V | drain_rate=0.053 %/s | home_distance=0.0 m | return_time=4 s | return_cost=0.2 % | margin_after_return=78.7 %
[INFO] [1790291549.645881516] [sage_energy_monitor]: ENERGY | remaining=98.8 % | voltage=16.18 V | drain_rate=0.052 %/s | home_distance=0.0 m | return_time=4 s | return_cost=0.2 % | margin_after_return=78.6 %
[INFO] [1790291550.645760739] [sage_energy_monitor]: ENERGY | remaining=98.8 % | voltage=16.18 V | drain_rate=0.052 %/s | home_distance=0.0 m | return_time=4 s | return_cost=0.2 % | margin_after_return=78.6 %
[INFO] [1790291551.644143421] [sage_energy_monitor]: ENERGY | remaining=98.7 % | voltage=16.18 V | drain_rate=0.052 %/s | home_distance=0.0 m | return_time=4 s | return_cost=0.2 % | margin_after_return=78.5 %
[INFO] [1790291552.644509185] [sage_energy_monitor]: ENERGY | remaining=98.7 % | voltage=16.17 V | drain_rate=0.051 %/s | home_distance=0.0 m | return_time=4 s | return_cost=0.2 % | margin_after_return=78.5 %
[INFO] [1790291553.647430265] [sage_energy_monitor]: ENERGY | remaining=98.6 % | voltage=16.17 V | drain_rate=0.051 %/s | home_distance=0.0 m | return_time=4 s | return_cost=0.2 % | margin_after_return=78.4 %
[INFO] [1790291554.646224340] [sage_energy_monitor]: ENERGY | remaining=98.6 % | voltage=16.17 V | drain_rate=0.050 %/s | home_distance=0.0 m | return_time=4 s | return_cost=0.2 % | margin_after_return=78.4 %
[INFO] [1790291555.646035248] [sage_energy_monitor]: ENERGY | remaining=98.5 % | voltage=16.17 V | drain_rate=0.050 %/s | home_distance=0.0 m | return_time=4 s | return_cost=0.2 % | margin_after_return=78.3 %
[INFO] [1790291556.646862668] [sage_energy_monitor]: ENERGY | remaining=98.5 % | voltage=16.17 V | drain_rate=0.050 %/s | home_distance=0.0 m | return_time=4 s | return_cost=0.2 % | margin_after_return=78.3 %
[INFO] [1790291557.647817563] [sage_energy_monitor]: ENERGY | remaining=98.4 % | voltage=16.17 V | drain_rate=0.050 %/s | home_distance=0.0 m | return_time=4 s | return_cost=0.2 % | margin_after_return=78.2 %
[INFO] [1790291558.650921341] [sage_energy_monitor]: ENERGY | remaining=98.4 % | voltage=16.17 V | drain_rate=0.050 %/s | home_distance=0.0 m | return_time=4 s | return_cost=0.2 % | margin_after_return=78.2 %
[INFO] [1790291559.646045794] [sage_energy_monitor]: ENERGY | remaining=98.3 % | voltage=16.17 V | drain_rate=0.050 %/s | home_distance=0.0 m | return_time=4 s | return_cost=0.2 % | margin_after_return=78.1 %
[INFO] [1790291560.647443146] [sage_energy_monitor]: ENERGY | remaining=98.3 % | voltage=16.17 V | drain_rate=0.050 %/s | home_distance=0.0 m | return_time=4 s | return_cost=0.2 % | margin_after_return=78.1 %
[INFO] [1790291561.649165682] [sage_energy_monitor]: ENERGY | remaining=98.2 % | voltage=16.17 V | drain_rate=0.049 %/s | home_distance=0.0 m | return_time=4 s | return_cost=0.2 % | margin_after_return=78.0 %
[INFO] [1790291562.645712307] [sage_energy_monitor]: ENERGY | remaining=98.2 % | voltage=16.17 V | drain_rate=0.049 %/s | home_distance=0.0 m | return_time=4 s | return_cost=0.2 % | margin_after_return=78.0 %
[INFO] [1790291563.644770261] [sage_energy_monitor]: ENERGY | remaining=98.1 % | voltage=16.17 V | drain_rate=0.049 %/s | home_distance=0.0 m | return_time=4 s | return_cost=0.2 % | margin_after_return=77.9 %
[INFO] [1790291564.644354594] [sage_energy_monitor]: ENERGY | remaining=98.1 % | voltage=16.16 V | drain_rate=0.049 %/s | home_distance=0.0 m | return_time=4 s | return_cost=0.2 % | margin_after_return=77.9 %
[INFO] [1790291565.646088093] [sage_energy_monitor]: ENERGY | remaining=98.1 % | voltage=16.16 V | drain_rate=0.049 %/s | home_distance=0.0 m | return_time=4 s | return_cost=0.2 % | margin_after_return=77.9 %
[INFO] [1790291566.647875366] [sage_energy_monitor]: ENERGY | remaining=98.0 % | voltage=16.16 V | drain_rate=0.049 %/s | home_distance=0.0 m | return_time=4 s | return_cost=0.2 % | margin_after_return=77.8 %
[INFO] [1790291567.649783803] [sage_energy_monitor]: ENERGY | remaining=98.0 % | voltage=16.16 V | drain_rate=0.049 %/s | home_distance=0.0 m | return_time=4 s | return_cost=0.2 % | margin_after_return=77.8 %
[INFO] [1790291568.651539040] [sage_energy_monitor]: ENERGY | remaining=97.9 % | voltage=16.16 V | drain_rate=0.049 %/s | home_distance=0.0 m | return_time=4 s | return_cost=0.2 % | margin_after_return=77.7 %
[INFO] [1790291569.643840448] [sage_energy_monitor]: ENERGY | remaining=97.9 % | voltage=16.16 V | drain_rate=0.049 %/s | home_distance=0.0 m | return_time=4 s | return_cost=0.2 % | margin_after_return=77.7 %
[INFO] [1790291570.648610371] [sage_energy_monitor]: ENERGY | remaining=97.8 % | voltage=16.16 V | drain_rate=0.049 %/s | home_distance=0.0 m | return_time=4 s | return_cost=0.2 % | margin_after_return=77.6 %
[INFO] [1790291571.646847337] [sage_energy_monitor]: ENERGY | remaining=97.8 % | voltage=16.16 V | drain_rate=0.049 %/s | home_distance=0.0 m | return_time=4 s | return_cost=0.2 % | margin_after_return=77.6 %
[INFO] [1790291572.645888067] [sage_energy_monitor]: ENERGY | remaining=97.7 % | voltage=16.16 V | drain_rate=0.048 %/s | home_distance=0.0 m | return_time=4 s | return_cost=0.2 % | margin_after_return=77.5 %
[INFO] [1790291573.647275693] [sage_energy_monitor]: ENERGY | remaining=97.7 % | voltage=16.16 V | drain_rate=0.048 %/s | home_distance=0.0 m | return_time=4 s | return_cost=0.2 % | margin_after_return=77.5 %
[INFO] [1790291574.645358195] [sage_energy_monitor]: ENERGY | remaining=97.6 % | voltage=16.16 V | drain_rate=0.048 %/s | home_distance=0.0 m | return_time=4 s | return_cost=0.2 % | margin_after_return=77.4 %
[INFO] [1790291575.646534921] [sage_energy_monitor]: ENERGY | remaining=97.6 % | voltage=16.16 V | drain_rate=0.047 %/s | home_distance=0.0 m | return_time=4 s | return_cost=0.2 % | margin_after_return=77.4 %
[INFO] [1790291576.644908740] [sage_energy_monitor]: ENERGY | remaining=97.5 % | voltage=16.15 V | drain_rate=0.047 %/s | home_distance=0.0 m | return_time=4 s | return_cost=0.2 % | margin_after_return=77.4 %
[INFO] [1790291577.644139354] [sage_energy_monitor]: ENERGY | remaining=97.5 % | voltage=16.15 V | drain_rate=0.047 %/s | home_distance=0.0 m | return_time=4 s | return_cost=0.2 % | margin_after_return=77.3 %
[INFO] [1790291578.649681287] [sage_energy_monitor]: ENERGY | remaining=97.5 % | voltage=16.15 V | drain_rate=0.047 %/s | home_distance=0.0 m | return_time=4 s | return_cost=0.2 % | margin_after_return=77.3 %
[INFO] [1790291579.649235510] [sage_energy_monitor]: ENERGY | remaining=97.4 % | voltage=16.15 V | drain_rate=0.047 %/s | home_distance=0.0 m | return_time=4 s | return_cost=0.2 % | margin_after_return=77.2 %
[INFO] [1790291580.643876462] [sage_energy_monitor]: ENERGY | remaining=97.4 % | voltage=16.15 V | drain_rate=0.046 %/s | home_distance=0.0 m | return_time=4 s | return_cost=0.2 % | margin_after_return=77.2 %
[INFO] [1790291581.646662710] [sage_energy_monitor]: ENERGY | remaining=97.3 % | voltage=16.15 V | drain_rate=0.046 %/s | home_distance=0.0 m | return_time=4 s | return_cost=0.2 % | margin_after_return=77.1 %
[INFO] [1790291582.645326463] [sage_energy_monitor]: ENERGY | remaining=97.3 % | voltage=16.15 V | drain_rate=0.046 %/s | home_distance=0.0 m | return_time=4 s | return_cost=0.2 % | margin_after_return=77.1 %
[INFO] [1790291583.647038711] [sage_energy_monitor]: ENERGY | remaining=97.3 % | voltage=16.15 V | drain_rate=0.045 %/s | home_distance=0.0 m | return_time=4 s | return_cost=0.2 % | margin_after_return=77.1 %
[INFO] [1790291584.649341226] [sage_energy_monitor]: ENERGY | remaining=97.2 % | voltage=16.15 V | drain_rate=0.045 %/s | home_distance=0.0 m | return_time=4 s | return_cost=0.2 % | margin_after_return=77.0 %
[INFO] [1790291585.651215897] [sage_energy_monitor]: ENERGY | remaining=97.2 % | voltage=16.15 V | drain_rate=0.044 %/s | home_distance=0.0 m | return_time=4 s | return_cost=0.2 % | margin_after_return=77.0 %
[INFO] [1790291586.646562548] [sage_energy_monitor]: ENERGY | remaining=97.2 % | voltage=16.15 V | drain_rate=0.044 %/s | home_distance=0.0 m | return_time=4 s | return_cost=0.2 % | margin_after_return=77.0 %
[INFO] [1790291587.646113859] [sage_energy_monitor]: ENERGY | remaining=97.1 % | voltage=16.15 V | drain_rate=0.044 %/s | home_distance=0.0 m | return_time=4 s | return_cost=0.2 % | margin_after_return=76.9 %
[INFO] [1790291588.647691161] [sage_energy_monitor]: ENERGY | remaining=97.1 % | voltage=16.15 V | drain_rate=0.044 %/s | home_distance=0.0 m | return_time=4 s | return_cost=0.2 % | margin_after_return=76.9 %
[INFO] [1790291589.646766030] [sage_energy_monitor]: ENERGY | remaining=97.0 % | voltage=16.15 V | drain_rate=0.044 %/s | home_distance=0.0 m | return_time=4 s | return_cost=0.2 % | margin_after_return=76.8 %
[INFO] [1790291590.650996475] [sage_energy_monitor]: ENERGY | remaining=97.0 % | voltage=16.14 V | drain_rate=0.044 %/s | home_distance=0.0 m | return_time=4 s | return_cost=0.2 % | margin_after_return=76.8 %
[INFO] [1790291591.646680160] [sage_energy_monitor]: ENERGY | remaining=96.9 % | voltage=16.14 V | drain_rate=0.044 %/s | home_distance=0.0 m | return_time=4 s | return_cost=0.2 % | margin_after_return=76.8 %
[INFO] [1790291592.644166103] [sage_energy_monitor]: ENERGY | remaining=96.9 % | voltage=16.14 V | drain_rate=0.043 %/s | home_distance=0.0 m | return_time=4 s | return_cost=0.2 % | margin_after_return=76.7 %
[INFO] [1790291593.646406020] [sage_energy_monitor]: ENERGY | remaining=96.9 % | voltage=16.14 V | drain_rate=0.043 %/s | home_distance=0.0 m | return_time=4 s | return_cost=0.2 % | margin_after_return=76.7 %
[INFO] [1790291594.644166194] [sage_energy_monitor]: ENERGY | remaining=96.8 % | voltage=16.14 V | drain_rate=0.043 %/s | home_distance=0.0 m | return_time=4 s | return_cost=0.2 % | margin_after_return=76.7 %
[INFO] [1790291595.644730739] [sage_energy_monitor]: ENERGY | remaining=96.8 % | voltage=16.14 V | drain_rate=0.043 %/s | home_distance=0.1 m | return_time=4 s | return_cost=0.2 % | margin_after_return=76.6 %
[INFO] [1790291596.646566786] [sage_energy_monitor]: ENERGY | remaining=96.7 % | voltage=16.14 V | drain_rate=0.043 %/s | home_distance=1.2 m | return_time=5 s | return_cost=0.2 % | margin_after_return=76.5 %
[INFO] [1790291597.643789803] [sage_energy_monitor]: ENERGY | remaining=96.7 % | voltage=16.14 V | drain_rate=0.042 %/s | home_distance=3.5 m | return_time=7 s | return_cost=0.3 % | margin_after_return=76.4 %
[INFO] [1790291598.645598451] [sage_energy_monitor]: ENERGY | remaining=96.6 % | voltage=16.14 V | drain_rate=0.042 %/s | home_distance=5.4 m | return_time=9 s | return_cost=0.4 % | margin_after_return=76.3 %
[INFO] [1790291599.643873655] [sage_energy_monitor]: ENERGY | remaining=96.6 % | voltage=16.14 V | drain_rate=0.042 %/s | home_distance=6.4 m | return_time=10 s | return_cost=0.4 % | margin_after_return=76.2 %
[INFO] [1790291600.645307373] [sage_energy_monitor]: ENERGY | remaining=96.6 % | voltage=16.14 V | drain_rate=0.042 %/s | home_distance=6.9 m | return_time=11 s | return_cost=0.4 % | margin_after_return=76.1 %
[INFO] [1790291601.644708063] [sage_energy_monitor]: ENERGY | remaining=96.5 % | voltage=16.14 V | drain_rate=0.042 %/s | home_distance=7.8 m | return_time=12 s | return_cost=0.5 % | margin_after_return=76.0 %
[INFO] [1790291602.654480262] [sage_energy_monitor]: ENERGY | remaining=96.5 % | voltage=16.14 V | drain_rate=0.041 %/s | home_distance=8.3 m | return_time=12 s | return_cost=0.5 % | margin_after_return=76.0 %
[INFO] [1790291603.644707198] [sage_energy_monitor]: ENERGY | remaining=96.4 % | voltage=16.13 V | drain_rate=0.041 %/s | home_distance=8.3 m | return_time=12 s | return_cost=0.5 % | margin_after_return=75.9 %
[INFO] [1790291604.644256609] [sage_energy_monitor]: ENERGY | remaining=96.4 % | voltage=16.13 V | drain_rate=0.041 %/s | home_distance=7.8 m | return_time=12 s | return_cost=0.5 % | margin_after_return=75.9 %
[INFO] [1790291605.645605125] [sage_energy_monitor]: ENERGY | remaining=96.4 % | voltage=16.13 V | drain_rate=0.041 %/s | home_distance=7.5 m | return_time=12 s | return_cost=0.5 % | margin_after_return=75.9 %
[INFO] [1790291606.646694979] [sage_energy_monitor]: ENERGY | remaining=96.3 % | voltage=16.13 V | drain_rate=0.041 %/s | home_distance=7.4 m | return_time=11 s | return_cost=0.5 % | margin_after_return=75.9 %
[INFO] [1790291607.645999976] [sage_energy_monitor]: ENERGY | remaining=96.3 % | voltage=16.13 V | drain_rate=0.041 %/s | home_distance=7.4 m | return_time=11 s | return_cost=0.5 % | margin_after_return=75.8 %
[INFO] [1790291608.646556233] [sage_energy_monitor]: ENERGY | remaining=96.2 % | voltage=16.13 V | drain_rate=0.041 %/s | home_distance=7.6 m | return_time=12 s | return_cost=0.5 % | margin_after_return=75.8 %
[INFO] [1790291609.644042289] [sage_energy_monitor]: ENERGY | remaining=96.2 % | voltage=16.13 V | drain_rate=0.040 %/s | home_distance=7.7 m | return_time=12 s | return_cost=0.5 % | margin_after_return=75.7 %
[INFO] [1790291610.646879110] [sage_energy_monitor]: ENERGY | remaining=96.2 % | voltage=16.13 V | drain_rate=0.041 %/s | home_distance=7.9 m | return_time=12 s | return_cost=0.5 % | margin_after_return=75.7 %
[INFO] [1790291611.647870132] [sage_energy_monitor]: ENERGY | remaining=96.1 % | voltage=16.13 V | drain_rate=0.041 %/s | home_distance=9.5 m | return_time=14 s | return_cost=0.6 % | margin_after_return=75.6 %
[INFO] [1790291612.644034905] [sage_energy_monitor]: ENERGY | remaining=96.1 % | voltage=16.13 V | drain_rate=0.041 %/s | home_distance=11.0 m | return_time=15 s | return_cost=0.6 % | margin_after_return=75.5 %
[INFO] [1790291613.644479779] [sage_energy_monitor]: ENERGY | remaining=96.0 % | voltage=16.13 V | drain_rate=0.041 %/s | home_distance=11.2 m | return_time=15 s | return_cost=0.6 % | margin_after_return=75.4 %
[INFO] [1790291614.650409128] [sage_energy_monitor]: ENERGY | remaining=96.0 % | voltage=16.13 V | drain_rate=0.041 %/s | home_distance=10.9 m | return_time=15 s | return_cost=0.6 % | margin_after_return=75.4 %
[INFO] [1790291615.646906246] [sage_energy_monitor]: ENERGY | remaining=95.9 % | voltage=16.13 V | drain_rate=0.042 %/s | home_distance=10.7 m | return_time=15 s | return_cost=0.6 % | margin_after_return=75.3 %
[INFO] [1790291616.645461757] [sage_energy_monitor]: ENERGY | remaining=95.9 % | voltage=16.13 V | drain_rate=0.042 %/s | home_distance=10.7 m | return_time=15 s | return_cost=0.6 % | margin_after_return=75.3 %
[INFO] [1790291617.645235154] [sage_energy_monitor]: ENERGY | remaining=95.9 % | voltage=16.12 V | drain_rate=0.042 %/s | home_distance=10.9 m | return_time=15 s | return_cost=0.6 % | margin_after_return=75.2 %
[INFO] [1790291618.645976429] [sage_energy_monitor]: ENERGY | remaining=95.8 % | voltage=16.12 V | drain_rate=0.042 %/s | home_distance=11.4 m | return_time=15 s | return_cost=0.6 % | margin_after_return=75.2 %
[INFO] [1790291619.647958499] [sage_energy_monitor]: ENERGY | remaining=95.8 % | voltage=16.12 V | drain_rate=0.041 %/s | home_distance=11.4 m | return_time=15 s | return_cost=0.6 % | margin_after_return=75.1 %
[INFO] [1790291620.644035482] [sage_energy_monitor]: ENERGY | remaining=95.7 % | voltage=16.12 V | drain_rate=0.041 %/s | home_distance=12.4 m | return_time=16 s | return_cost=0.7 % | margin_after_return=75.1 %
[INFO] [1790291621.647385218] [sage_energy_monitor]: ENERGY | remaining=95.7 % | voltage=16.12 V | drain_rate=0.041 %/s | home_distance=13.9 m | return_time=18 s | return_cost=0.7 % | margin_after_return=75.0 %
[INFO] [1790291622.644210677] [sage_energy_monitor]: ENERGY | remaining=95.7 % | voltage=16.12 V | drain_rate=0.041 %/s | home_distance=14.6 m | return_time=19 s | return_cost=0.8 % | margin_after_return=74.9 %
[INFO] [1790291623.643820066] [sage_energy_monitor]: ENERGY | remaining=95.6 % | voltage=16.12 V | drain_rate=0.041 %/s | home_distance=14.9 m | return_time=19 s | return_cost=0.8 % | margin_after_return=74.8 %
[INFO] [1790291624.651181904] [sage_energy_monitor]: ENERGY | remaining=95.6 % | voltage=16.12 V | drain_rate=0.041 %/s | home_distance=14.8 m | return_time=19 s | return_cost=0.8 % | margin_after_return=74.8 %
[INFO] [1790291625.644318111] [sage_energy_monitor]: ENERGY | remaining=95.5 % | voltage=16.12 V | drain_rate=0.041 %/s | home_distance=13.6 m | return_time=17 s | return_cost=0.7 % | margin_after_return=74.8 %
[INFO] [1790291626.652602946] [sage_energy_monitor]: ENERGY | remaining=95.5 % | voltage=16.12 V | drain_rate=0.041 %/s | home_distance=12.0 m | return_time=16 s | return_cost=0.7 % | margin_after_return=74.8 %
[INFO] [1790291627.647432243] [sage_energy_monitor]: ENERGY | remaining=95.4 % | voltage=16.12 V | drain_rate=0.041 %/s | home_distance=11.2 m | return_time=15 s | return_cost=0.6 % | margin_after_return=74.8 %
[INFO] [1790291628.650409413] [sage_energy_monitor]: ENERGY | remaining=95.4 % | voltage=16.12 V | drain_rate=0.042 %/s | home_distance=11.1 m | return_time=15 s | return_cost=0.6 % | margin_after_return=74.8 %
[INFO] [1790291629.644295747] [sage_energy_monitor]: ENERGY | remaining=95.4 % | voltage=16.12 V | drain_rate=0.042 %/s | home_distance=11.4 m | return_time=15 s | return_cost=0.6 % | margin_after_return=74.7 %
[INFO] [1790291630.643833129] [sage_energy_monitor]: ENERGY | remaining=95.3 % | voltage=16.11 V | drain_rate=0.042 %/s | home_distance=11.5 m | return_time=15 s | return_cost=0.6 % | margin_after_return=74.7 %
[INFO] [1790291631.644357473] [sage_energy_monitor]: ENERGY | remaining=95.3 % | voltage=16.11 V | drain_rate=0.042 %/s | home_distance=11.6 m | return_time=15 s | return_cost=0.6 % | margin_after_return=74.6 %
[INFO] [1790291632.646553861] [sage_energy_monitor]: ENERGY | remaining=95.2 % | voltage=16.11 V | drain_rate=0.042 %/s | home_distance=13.0 m | return_time=17 s | return_cost=0.7 % | margin_after_return=74.5 %
[INFO] [1790291633.644061545] [sage_energy_monitor]: ENERGY | remaining=95.2 % | voltage=16.11 V | drain_rate=0.042 %/s | home_distance=14.5 m | return_time=19 s | return_cost=0.8 % | margin_after_return=74.4 %
[INFO] [1790291634.655119228] [sage_energy_monitor]: ENERGY | remaining=95.2 % | voltage=16.11 V | drain_rate=0.042 %/s | home_distance=15.4 m | return_time=19 s | return_cost=0.8 % | margin_after_return=74.3 %
[INFO] [1790291635.645864177] [sage_energy_monitor]: ENERGY | remaining=95.1 % | voltage=16.11 V | drain_rate=0.041 %/s | home_distance=15.7 m | return_time=20 s | return_cost=0.8 % | margin_after_return=74.3 %
[INFO] [1790291636.644281379] [sage_energy_monitor]: ENERGY | remaining=95.1 % | voltage=16.11 V | drain_rate=0.042 %/s | home_distance=15.2 m | return_time=19 s | return_cost=0.8 % | margin_after_return=74.3 %
[INFO] [1790291637.643722014] [sage_energy_monitor]: ENERGY | remaining=95.0 % | voltage=16.11 V | drain_rate=0.042 %/s | home_distance=14.2 m | return_time=18 s | return_cost=0.8 % | margin_after_return=74.3 %
[INFO] [1790291638.648600180] [sage_energy_monitor]: ENERGY | remaining=95.0 % | voltage=16.11 V | drain_rate=0.042 %/s | home_distance=13.5 m | return_time=18 s | return_cost=0.7 % | margin_after_return=74.3 %
[INFO] [1790291639.651249774] [sage_energy_monitor]: ENERGY | remaining=95.0 % | voltage=16.11 V | drain_rate=0.042 %/s | home_distance=13.4 m | return_time=17 s | return_cost=0.7 % | margin_after_return=74.2 %
[INFO] [1790291640.644380945] [sage_energy_monitor]: ENERGY | remaining=94.9 % | voltage=16.11 V | drain_rate=0.042 %/s | home_distance=13.5 m | return_time=17 s | return_cost=0.7 % | margin_after_return=74.2 %
[INFO] [1790291641.646040960] [sage_energy_monitor]: ENERGY | remaining=94.9 % | voltage=16.11 V | drain_rate=0.042 %/s | home_distance=13.7 m | return_time=18 s | return_cost=0.7 % | margin_after_return=74.1 %
[INFO] [1790291642.644559076] [sage_energy_monitor]: ENERGY | remaining=94.8 % | voltage=16.11 V | drain_rate=0.042 %/s | home_distance=14.2 m | return_time=18 s | return_cost=0.8 % | margin_after_return=74.1 %
[INFO] [1790291643.645209118] [sage_energy_monitor]: ENERGY | remaining=94.8 % | voltage=16.10 V | drain_rate=0.042 %/s | home_distance=15.0 m | return_time=19 s | return_cost=0.8 % | margin_after_return=74.0 %
[INFO] [1790291644.654806568] [sage_energy_monitor]: ENERGY | remaining=94.7 % | voltage=16.10 V | drain_rate=0.042 %/s | home_distance=15.5 m | return_time=19 s | return_cost=0.8 % | margin_after_return=73.9 %
[INFO] [1790291645.645188357] [sage_energy_monitor]: ENERGY | remaining=94.7 % | voltage=16.10 V | drain_rate=0.042 %/s | home_distance=15.5 m | return_time=19 s | return_cost=0.8 % | margin_after_return=73.9 %
[INFO] [1790291646.651170678] [sage_energy_monitor]: ENERGY | remaining=94.7 % | voltage=16.10 V | drain_rate=0.042 %/s | home_distance=15.2 m | return_time=19 s | return_cost=0.8 % | margin_after_return=73.8 %
[INFO] [1790291647.654061591] [sage_energy_monitor]: ENERGY | remaining=94.6 % | voltage=16.10 V | drain_rate=0.042 %/s | home_distance=15.2 m | return_time=19 s | return_cost=0.8 % | margin_after_return=73.8 %
[INFO] [1790291648.649188262] [sage_energy_monitor]: ENERGY | remaining=94.6 % | voltage=16.10 V | drain_rate=0.042 %/s | home_distance=15.5 m | return_time=19 s | return_cost=0.8 % | margin_after_return=73.8 %
[INFO] [1790291649.646893816] [sage_energy_monitor]: ENERGY | remaining=94.5 % | voltage=16.10 V | drain_rate=0.042 %/s | home_distance=14.7 m | return_time=19 s | return_cost=0.8 % | margin_after_return=73.8 %
[INFO] [1790291650.646859124] [sage_energy_monitor]: ENERGY | remaining=94.5 % | voltage=16.10 V | drain_rate=0.042 %/s | home_distance=14.2 m | return_time=18 s | return_cost=0.7 % | margin_after_return=73.7 %
[INFO] [1790291651.649113058] [sage_energy_monitor]: ENERGY | remaining=94.4 % | voltage=16.10 V | drain_rate=0.042 %/s | home_distance=13.8 m | return_time=18 s | return_cost=0.7 % | margin_after_return=73.7 %
[INFO] [1790291652.644860159] [sage_energy_monitor]: ENERGY | remaining=94.4 % | voltage=16.10 V | drain_rate=0.042 %/s | home_distance=13.4 m | return_time=18 s | return_cost=0.7 % | margin_after_return=73.7 %
[INFO] [1790291653.647425590] [sage_energy_monitor]: ENERGY | remaining=94.4 % | voltage=16.10 V | drain_rate=0.042 %/s | home_distance=13.1 m | return_time=17 s | return_cost=0.7 % | margin_after_return=73.6 %
[INFO] [1790291654.656347319] [sage_energy_monitor]: ENERGY | remaining=94.3 % | voltage=16.10 V | drain_rate=0.042 %/s | home_distance=13.0 m | return_time=17 s | return_cost=0.7 % | margin_after_return=73.6 %
[INFO] [1790291655.653366579] [sage_energy_monitor]: ENERGY | remaining=94.3 % | voltage=16.10 V | drain_rate=0.042 %/s | home_distance=12.9 m | return_time=17 s | return_cost=0.7 % | margin_after_return=73.6 %
[INFO] [1790291656.653175746] [sage_energy_monitor]: ENERGY | remaining=94.2 % | voltage=16.10 V | drain_rate=0.042 %/s | home_distance=12.5 m | return_time=16 s | return_cost=0.7 % | margin_after_return=73.6 %
[INFO] [1790291657.649536006] [sage_energy_monitor]: ENERGY | remaining=94.2 % | voltage=16.09 V | drain_rate=0.042 %/s | home_distance=17.5 m | return_time=22 s | return_cost=0.9 % | margin_after_return=73.3 %
[INFO] [1790291658.644460703] [sage_energy_monitor]: ENERGY | remaining=94.2 % | voltage=16.09 V | drain_rate=0.042 %/s | home_distance=22.7 m | return_time=26 s | return_cost=1.1 % | margin_after_return=73.1 %
[INFO] [1790291659.650107461] [sage_energy_monitor]: ENERGY | remaining=94.1 % | voltage=16.09 V | drain_rate=0.042 %/s | home_distance=24.8 m | return_time=29 s | return_cost=1.2 % | margin_after_return=72.9 %
[INFO] [1790291660.645146115] [sage_energy_monitor]: ENERGY | remaining=94.1 % | voltage=16.09 V | drain_rate=0.042 %/s | home_distance=24.3 m | return_time=28 s | return_cost=1.2 % | margin_after_return=72.9 %
[INFO] [1790291661.645176156] [sage_energy_monitor]: ENERGY | remaining=94.0 % | voltage=16.09 V | drain_rate=0.042 %/s | home_distance=23.0 m | return_time=27 s | return_cost=1.1 % | margin_after_return=72.9 %
[INFO] [1790291662.647949165] [sage_energy_monitor]: ENERGY | remaining=94.0 % | voltage=16.09 V | drain_rate=0.042 %/s | home_distance=21.2 m | return_time=25 s | return_cost=1.1 % | margin_after_return=72.9 %
[INFO] [1790291663.653751752] [sage_energy_monitor]: ENERGY | remaining=93.9 % | voltage=16.09 V | drain_rate=0.042 %/s | home_distance=19.2 m | return_time=23 s | return_cost=1.0 % | margin_after_return=73.0 %
[INFO] [1790291664.655403752] [sage_energy_monitor]: ENERGY | remaining=93.9 % | voltage=16.09 V | drain_rate=0.042 %/s | home_distance=17.1 m | return_time=21 s | return_cost=0.9 % | margin_after_return=73.0 %
[INFO] [1790291665.646454834] [sage_energy_monitor]: ENERGY | remaining=93.9 % | voltage=16.09 V | drain_rate=0.042 %/s | home_distance=15.1 m | return_time=19 s | return_cost=0.8 % | margin_after_return=73.1 %
[INFO] [1790291666.651139205] [sage_energy_monitor]: ENERGY | remaining=93.8 % | voltage=16.09 V | drain_rate=0.042 %/s | home_distance=13.2 m | return_time=17 s | return_cost=0.7 % | margin_after_return=73.1 %
[INFO] [1790291667.645637153] [sage_energy_monitor]: ENERGY | remaining=93.8 % | voltage=16.09 V | drain_rate=0.042 %/s | home_distance=11.5 m | return_time=16 s | return_cost=0.7 % | margin_after_return=73.1 %
[INFO] [1790291668.650825703] [sage_energy_monitor]: ENERGY | remaining=93.7 % | voltage=16.09 V | drain_rate=0.042 %/s | home_distance=9.8 m | return_time=14 s | return_cost=0.6 % | margin_after_return=73.2 %
[INFO] [1790291669.647151561] [sage_energy_monitor]: ENERGY | remaining=93.7 % | voltage=16.09 V | drain_rate=0.042 %/s | home_distance=8.4 m | return_time=12 s | return_cost=0.5 % | margin_after_return=73.2 %
[INFO] [1790291670.645438492] [sage_energy_monitor]: ENERGY | remaining=93.7 % | voltage=16.08 V | drain_rate=0.042 %/s | home_distance=9.0 m | return_time=13 s | return_cost=0.5 % | margin_after_return=73.1 %
[INFO] [1790291671.646214619] [sage_energy_monitor]: ENERGY | remaining=93.6 % | voltage=16.08 V | drain_rate=0.042 %/s | home_distance=10.7 m | return_time=15 s | return_cost=0.6 % | margin_after_return=73.0 %
[INFO] [1790291672.645327527] [sage_energy_monitor]: ENERGY | remaining=93.6 % | voltage=16.08 V | drain_rate=0.042 %/s | home_distance=11.5 m | return_time=16 s | return_cost=0.6 % | margin_after_return=72.9 %
[INFO] [1790291673.650160289] [sage_energy_monitor]: ENERGY | remaining=93.5 % | voltage=16.08 V | drain_rate=0.041 %/s | home_distance=11.6 m | return_time=16 s | return_cost=0.6 % | margin_after_return=72.9 %
[INFO] [1790291674.654162104] [sage_energy_monitor]: ENERGY | remaining=93.5 % | voltage=16.08 V | drain_rate=0.041 %/s | home_distance=10.6 m | return_time=15 s | return_cost=0.6 % | margin_after_return=72.9 %
[INFO] [1790291675.645466272] [sage_energy_monitor]: ENERGY | remaining=93.5 % | voltage=16.08 V | drain_rate=0.041 %/s | home_distance=9.1 m | return_time=13 s | return_cost=0.6 % | margin_after_return=72.9 %
[INFO] [1790291676.647919352] [sage_energy_monitor]: ENERGY | remaining=93.4 % | voltage=16.08 V | drain_rate=0.041 %/s | home_distance=8.4 m | return_time=13 s | return_cost=0.5 % | margin_after_return=72.9 %
[INFO] [1790291677.644123635] [sage_energy_monitor]: ENERGY | remaining=93.4 % | voltage=16.08 V | drain_rate=0.041 %/s | home_distance=8.4 m | return_time=13 s | return_cost=0.5 % | margin_after_return=72.9 %
[INFO] [1790291678.644182901] [sage_energy_monitor]: ENERGY | remaining=93.3 % | voltage=16.08 V | drain_rate=0.041 %/s | home_distance=8.4 m | return_time=12 s | return_cost=0.5 % | margin_after_return=72.8 %
[INFO] [1790291679.655132480] [sage_energy_monitor]: ENERGY | remaining=93.3 % | voltage=16.08 V | drain_rate=0.041 %/s | home_distance=8.4 m | return_time=13 s | return_cost=0.5 % | margin_after_return=72.8 %
[INFO] [1790291680.651669579] [sage_energy_monitor]: ENERGY | remaining=93.2 % | voltage=16.08 V | drain_rate=0.041 %/s | home_distance=8.8 m | return_time=13 s | return_cost=0.5 % | margin_after_return=72.7 %
[INFO] [1790291681.644370105] [sage_energy_monitor]: ENERGY | remaining=93.2 % | voltage=16.08 V | drain_rate=0.041 %/s | home_distance=9.5 m | return_time=14 s | return_cost=0.6 % | margin_after_return=72.6 %
[INFO] [1790291682.644231814] [sage_energy_monitor]: ENERGY | remaining=93.2 % | voltage=16.08 V | drain_rate=0.041 %/s | home_distance=9.8 m | return_time=14 s | return_cost=0.6 % | margin_after_return=72.6 %
[INFO] [1790291683.646948824] [sage_energy_monitor]: ENERGY | remaining=93.1 % | voltage=16.08 V | drain_rate=0.041 %/s | home_distance=10.1 m | return_time=14 s | return_cost=0.6 % | margin_after_return=72.5 %
[INFO] [1790291684.644200356] [sage_energy_monitor]: ENERGY | remaining=93.1 % | voltage=16.07 V | drain_rate=0.041 %/s | home_distance=11.8 m | return_time=16 s | return_cost=0.7 % | margin_after_return=72.4 %
[INFO] [1790291685.644262788] [sage_energy_monitor]: ENERGY | remaining=93.0 % | voltage=16.07 V | drain_rate=0.041 %/s | home_distance=13.3 m | return_time=17 s | return_cost=0.7 % | margin_after_return=72.3 %
[INFO] [1790291686.655659824] [sage_energy_monitor]: ENERGY | remaining=93.0 % | voltage=16.07 V | drain_rate=0.041 %/s | home_distance=14.0 m | return_time=18 s | return_cost=0.7 % | margin_after_return=72.3 %
[INFO] [1790291687.650588073] [sage_energy_monitor]: ENERGY | remaining=93.0 % | voltage=16.07 V | drain_rate=0.041 %/s | home_distance=13.5 m | return_time=17 s | return_cost=0.7 % | margin_after_return=72.2 %
[INFO] [1790291688.649580543] [sage_energy_monitor]: ENERGY | remaining=92.9 % | voltage=16.07 V | drain_rate=0.041 %/s | home_distance=11.5 m | return_time=16 s | return_cost=0.6 % | margin_after_return=72.3 %
[INFO] [1790291689.645765034] [sage_energy_monitor]: ENERGY | remaining=92.9 % | voltage=16.07 V | drain_rate=0.041 %/s | home_distance=9.7 m | return_time=14 s | return_cost=0.6 % | margin_after_return=72.3 %
[INFO] [1790291690.647024063] [sage_energy_monitor]: ENERGY | remaining=92.8 % | voltage=16.07 V | drain_rate=0.041 %/s | home_distance=8.2 m | return_time=13 s | return_cost=0.5 % | margin_after_return=72.3 %
[INFO] [1790291691.647423429] [sage_energy_monitor]: ENERGY | remaining=92.8 % | voltage=16.07 V | drain_rate=0.041 %/s | home_distance=7.2 m | return_time=11 s | return_cost=0.5 % | margin_after_return=72.3 %
[INFO] [1790291692.646746417] [sage_energy_monitor]: ENERGY | remaining=92.8 % | voltage=16.07 V | drain_rate=0.041 %/s | home_distance=6.6 m | return_time=11 s | return_cost=0.4 % | margin_after_return=72.3 %
[INFO] [1790291693.649355142] [sage_energy_monitor]: ENERGY | remaining=92.7 % | voltage=16.07 V | drain_rate=0.041 %/s | home_distance=6.6 m | return_time=11 s | return_cost=0.4 % | margin_after_return=72.3 %
[INFO] [1790291694.650368204] [sage_energy_monitor]: ENERGY | remaining=92.7 % | voltage=16.07 V | drain_rate=0.041 %/s | home_distance=6.8 m | return_time=11 s | return_cost=0.4 % | margin_after_return=72.2 %
[INFO] [1790291695.643900502] [sage_energy_monitor]: ENERGY | remaining=92.6 % | voltage=16.07 V | drain_rate=0.041 %/s | home_distance=7.9 m | return_time=12 s | return_cost=0.5 % | margin_after_return=72.1 %
[INFO] [1790291696.645669068] [sage_energy_monitor]: ENERGY | remaining=92.6 % | voltage=16.07 V | drain_rate=0.041 %/s | home_distance=9.6 m | return_time=14 s | return_cost=0.6 % | margin_after_return=72.0 %
[INFO] [1790291697.643851899] [sage_energy_monitor]: ENERGY | remaining=92.5 % | voltage=16.06 V | drain_rate=0.041 %/s | home_distance=10.7 m | return_time=15 s | return_cost=0.6 % | margin_after_return=71.9 %
[INFO] [1790291698.651574790] [sage_energy_monitor]: ENERGY | remaining=92.5 % | voltage=16.06 V | drain_rate=0.041 %/s | home_distance=10.4 m | return_time=14 s | return_cost=0.6 % | margin_after_return=71.9 %
[INFO] [1790291699.647222197] [sage_energy_monitor]: ENERGY | remaining=92.5 % | voltage=16.06 V | drain_rate=0.041 %/s | home_distance=9.5 m | return_time=14 s | return_cost=0.6 % | margin_after_return=71.9 %
[INFO] [1790291700.646327892] [sage_energy_monitor]: ENERGY | remaining=92.4 % | voltage=16.06 V | drain_rate=0.041 %/s | home_distance=8.9 m | return_time=13 s | return_cost=0.5 % | margin_after_return=71.9 %
[INFO] [1790291701.653802090] [sage_energy_monitor]: ENERGY | remaining=92.4 % | voltage=16.06 V | drain_rate=0.041 %/s | home_distance=8.8 m | return_time=13 s | return_cost=0.5 % | margin_after_return=71.9 %
[INFO] [1790291702.650673224] [sage_energy_monitor]: ENERGY | remaining=92.3 % | voltage=16.06 V | drain_rate=0.041 %/s | home_distance=9.8 m | return_time=14 s | return_cost=0.6 % | margin_after_return=71.8 %
[INFO] [1790291703.644228445] [sage_energy_monitor]: ENERGY | remaining=92.3 % | voltage=16.06 V | drain_rate=0.041 %/s | home_distance=11.9 m | return_time=16 s | return_cost=0.7 % | margin_after_return=71.6 %
[INFO] [1790291704.645361482] [sage_energy_monitor]: ENERGY | remaining=92.3 % | voltage=16.06 V | drain_rate=0.041 %/s | home_distance=13.4 m | return_time=17 s | return_cost=0.7 % | margin_after_return=71.5 %
[INFO] [1790291705.645890906] [sage_energy_monitor]: ENERGY | remaining=92.2 % | voltage=16.06 V | drain_rate=0.041 %/s | home_distance=13.8 m | return_time=18 s | return_cost=0.7 % | margin_after_return=71.5 %
[INFO] [1790291706.644749786] [sage_energy_monitor]: ENERGY | remaining=92.2 % | voltage=16.06 V | drain_rate=0.041 %/s | home_distance=13.4 m | return_time=17 s | return_cost=0.7 % | margin_after_return=71.5 %
[INFO] [1790291707.647089353] [sage_energy_monitor]: ENERGY | remaining=92.1 % | voltage=16.06 V | drain_rate=0.041 %/s | home_distance=13.0 m | return_time=17 s | return_cost=0.7 % | margin_after_return=71.4 %
[INFO] [1790291708.644528557] [sage_energy_monitor]: ENERGY | remaining=92.1 % | voltage=16.06 V | drain_rate=0.041 %/s | home_distance=13.0 m | return_time=17 s | return_cost=0.7 % | margin_after_return=71.4 %
[INFO] [1790291709.647018828] [sage_energy_monitor]: ENERGY | remaining=92.1 % | voltage=16.06 V | drain_rate=0.041 %/s | home_distance=12.9 m | return_time=17 s | return_cost=0.7 % | margin_after_return=71.4 %
[INFO] [1790291710.649687475] [sage_energy_monitor]: ENERGY | remaining=92.0 % | voltage=16.06 V | drain_rate=0.041 %/s | home_distance=12.5 m | return_time=16 s | return_cost=0.7 % | margin_after_return=71.3 %
[INFO] [1790291711.644110513] [sage_energy_monitor]: ENERGY | remaining=92.0 % | voltage=16.05 V | drain_rate=0.041 %/s | home_distance=12.4 m | return_time=16 s | return_cost=0.7 % | margin_after_return=71.3 %
[INFO] [1790291712.651359051] [sage_energy_monitor]: ENERGY | remaining=91.9 % | voltage=16.05 V | drain_rate=0.041 %/s | home_distance=12.3 m | return_time=16 s | return_cost=0.7 % | margin_after_return=71.3 %
[INFO] [1790291713.648414603] [sage_energy_monitor]: ENERGY | remaining=91.9 % | voltage=16.05 V | drain_rate=0.041 %/s | home_distance=11.9 m | return_time=16 s | return_cost=0.6 % | margin_after_return=71.2 %
[INFO] [1790291714.646490141] [sage_energy_monitor]: ENERGY | remaining=91.8 % | voltage=16.05 V | drain_rate=0.041 %/s | home_distance=11.0 m | return_time=15 s | return_cost=0.6 % | margin_after_return=71.2 %
[INFO] [1790291715.647136533] [sage_energy_monitor]: ENERGY | remaining=91.8 % | voltage=16.05 V | drain_rate=0.041 %/s | home_distance=10.7 m | return_time=15 s | return_cost=0.6 % | margin_after_return=71.2 %
[INFO] [1790291716.650908205] [sage_energy_monitor]: ENERGY | remaining=91.8 % | voltage=16.05 V | drain_rate=0.041 %/s | home_distance=10.7 m | return_time=15 s | return_cost=0.6 % | margin_after_return=71.2 %
[INFO] [1790291717.651493877] [sage_energy_monitor]: ENERGY | remaining=91.7 % | voltage=16.05 V | drain_rate=0.041 %/s | home_distance=11.3 m | return_time=15 s | return_cost=0.6 % | margin_after_return=71.1 %
[INFO] [1790291718.649523050] [sage_energy_monitor]: ENERGY | remaining=91.7 % | voltage=16.05 V | drain_rate=0.041 %/s | home_distance=12.0 m | return_time=16 s | return_cost=0.7 % | margin_after_return=71.0 %
[INFO] [1790291719.645984282] [sage_energy_monitor]: ENERGY | remaining=91.6 % | voltage=16.05 V | drain_rate=0.042 %/s | home_distance=12.2 m | return_time=16 s | return_cost=0.7 % | margin_after_return=71.0 %
[INFO] [1790291720.648091645] [sage_energy_monitor]: ENERGY | remaining=91.6 % | voltage=16.05 V | drain_rate=0.042 %/s | home_distance=12.3 m | return_time=16 s | return_cost=0.7 % | margin_after_return=70.9 %
[INFO] [1790291721.645983894] [sage_energy_monitor]: ENERGY | remaining=91.5 % | voltage=16.05 V | drain_rate=0.042 %/s | home_distance=11.9 m | return_time=15 s | return_cost=0.6 % | margin_after_return=70.9 %
[INFO] [1790291722.644755345] [sage_energy_monitor]: ENERGY | remaining=91.5 % | voltage=16.05 V | drain_rate=0.042 %/s | home_distance=12.1 m | return_time=15 s | return_cost=0.6 % | margin_after_return=70.9 %
[INFO] [1790291723.646599454] [sage_energy_monitor]: ENERGY | remaining=91.5 % | voltage=16.05 V | drain_rate=0.042 %/s | home_distance=11.9 m | return_time=16 s | return_cost=0.6 % | margin_after_return=70.8 %
[INFO] [1790291724.647100170] [sage_energy_monitor]: ENERGY | remaining=91.4 % | voltage=16.04 V | drain_rate=0.042 %/s | home_distance=11.7 m | return_time=16 s | return_cost=0.7 % | margin_after_return=70.8 %
[INFO] [1790291725.644197423] [sage_energy_monitor]: ENERGY | remaining=91.4 % | voltage=16.04 V | drain_rate=0.042 %/s | home_distance=11.5 m | return_time=15 s | return_cost=0.6 % | margin_after_return=70.7 %
[INFO] [1790291726.644543695] [sage_energy_monitor]: ENERGY | remaining=91.3 % | voltage=16.04 V | drain_rate=0.042 %/s | home_distance=11.4 m | return_time=15 s | return_cost=0.6 % | margin_after_return=70.7 %
[INFO] [1790291727.646184823] [sage_energy_monitor]: ENERGY | remaining=91.3 % | voltage=16.04 V | drain_rate=0.042 %/s | home_distance=11.5 m | return_time=15 s | return_cost=0.6 % | margin_after_return=70.7 %
[INFO] [1790291728.643972086] [sage_energy_monitor]: ENERGY | remaining=91.3 % | voltage=16.04 V | drain_rate=0.041 %/s | home_distance=11.6 m | return_time=15 s | return_cost=0.6 % | margin_after_return=70.6 %
[INFO] [1790291729.647153956] [sage_energy_monitor]: ENERGY | remaining=91.2 % | voltage=16.04 V | drain_rate=0.041 %/s | home_distance=11.5 m | return_time=15 s | return_cost=0.6 % | margin_after_return=70.6 %
[INFO] [1790291730.644234788] [sage_energy_monitor]: ENERGY | remaining=91.2 % | voltage=16.04 V | drain_rate=0.041 %/s | home_distance=11.0 m | return_time=15 s | return_cost=0.6 % | margin_after_return=70.6 %
[INFO] [1790291731.644065861] [sage_energy_monitor]: ENERGY | remaining=91.1 % | voltage=16.04 V | drain_rate=0.041 %/s | home_distance=10.8 m | return_time=15 s | return_cost=0.6 % | margin_after_return=70.5 %
[INFO] [1790291732.646631585] [sage_energy_monitor]: ENERGY | remaining=91.1 % | voltage=16.04 V | drain_rate=0.042 %/s | home_distance=11.4 m | return_time=15 s | return_cost=0.6 % | margin_after_return=70.5 %
[INFO] [1790291733.646184650] [sage_energy_monitor]: ENERGY | remaining=91.1 % | voltage=16.04 V | drain_rate=0.041 %/s | home_distance=12.8 m | return_time=17 s | return_cost=0.7 % | margin_after_return=70.4 %
[INFO] [1790291734.644680721] [sage_energy_monitor]: ENERGY | remaining=91.0 % | voltage=16.04 V | drain_rate=0.041 %/s | home_distance=13.7 m | return_time=18 s | return_cost=0.7 % | margin_after_return=70.3 %
[INFO] [1790291735.644669109] [sage_energy_monitor]: ENERGY | remaining=91.0 % | voltage=16.04 V | drain_rate=0.041 %/s | home_distance=13.9 m | return_time=18 s | return_cost=0.7 % | margin_after_return=70.2 %
[INFO] [1790291736.644101105] [sage_energy_monitor]: ENERGY | remaining=90.9 % | voltage=16.04 V | drain_rate=0.041 %/s | home_distance=13.6 m | return_time=18 s | return_cost=0.7 % | margin_after_return=70.2 %
[INFO] [1790291737.647970202] [sage_energy_monitor]: ENERGY | remaining=90.9 % | voltage=16.04 V | drain_rate=0.041 %/s | home_distance=13.4 m | return_time=17 s | return_cost=0.7 % | margin_after_return=70.2 %
[INFO] [1790291738.646082069] [sage_energy_monitor]: ENERGY | remaining=90.9 % | voltage=16.03 V | drain_rate=0.041 %/s | home_distance=13.2 m | return_time=17 s | return_cost=0.7 % | margin_after_return=70.2 %
[INFO] [1790291739.651881719] [sage_energy_monitor]: ENERGY | remaining=90.8 % | voltage=16.03 V | drain_rate=0.041 %/s | home_distance=12.7 m | return_time=16 s | return_cost=0.7 % | margin_after_return=70.1 %
[INFO] [1790291740.647413026] [sage_energy_monitor]: ENERGY | remaining=90.8 % | voltage=16.03 V | drain_rate=0.041 %/s | home_distance=10.9 m | return_time=15 s | return_cost=0.6 % | margin_after_return=70.2 %
[INFO] [1790291741.648802844] [sage_energy_monitor]: ENERGY | remaining=90.7 % | voltage=16.03 V | drain_rate=0.041 %/s | home_distance=8.9 m | return_time=13 s | return_cost=0.5 % | margin_after_return=70.2 %
[INFO] [1790291742.647055542] [sage_energy_monitor]: ENERGY | remaining=90.7 % | voltage=16.03 V | drain_rate=0.041 %/s | home_distance=7.8 m | return_time=12 s | return_cost=0.5 % | margin_after_return=70.2 %
[INFO] [1790291743.648513424] [sage_energy_monitor]: ENERGY | remaining=90.7 % | voltage=16.03 V | drain_rate=0.041 %/s | home_distance=7.5 m | return_time=11 s | return_cost=0.5 % | margin_after_return=70.2 %
[INFO] [1790291744.652741837] [sage_energy_monitor]: ENERGY | remaining=90.6 % | voltage=16.03 V | drain_rate=0.041 %/s | home_distance=7.3 m | return_time=11 s | return_cost=0.5 % | margin_after_return=70.1 %
[INFO] [1790291745.643906311] [sage_energy_monitor]: ENERGY | remaining=90.6 % | voltage=16.03 V | drain_rate=0.041 %/s | home_distance=7.5 m | return_time=11 s | return_cost=0.5 % | margin_after_return=70.1 %
[INFO] [1790291746.644974549] [sage_energy_monitor]: ENERGY | remaining=90.5 % | voltage=16.03 V | drain_rate=0.041 %/s | home_distance=7.7 m | return_time=12 s | return_cost=0.5 % | margin_after_return=70.0 %
[INFO] [1790291747.650604557] [sage_energy_monitor]: ENERGY | remaining=90.5 % | voltage=16.03 V | drain_rate=0.041 %/s | home_distance=7.2 m | return_time=11 s | return_cost=0.5 % | margin_after_return=70.0 %
[INFO] [1790291748.646315944] [sage_energy_monitor]: ENERGY | remaining=90.4 % | voltage=16.03 V | drain_rate=0.041 %/s | home_distance=5.4 m | return_time=9 s | return_cost=0.4 % | margin_after_return=70.1 %
[INFO] [1790291749.650416594] [sage_energy_monitor]: ENERGY | remaining=90.4 % | voltage=16.03 V | drain_rate=0.041 %/s | home_distance=4.1 m | return_time=8 s | return_cost=0.3 % | margin_after_return=70.1 %
[INFO] [1790291750.648498382] [sage_energy_monitor]: ENERGY | remaining=90.4 % | voltage=16.03 V | drain_rate=0.041 %/s | home_distance=3.8 m | return_time=8 s | return_cost=0.3 % | margin_after_return=70.0 %
[INFO] [1790291751.646682136] [sage_energy_monitor]: ENERGY | remaining=90.3 % | voltage=16.02 V | drain_rate=0.041 %/s | home_distance=4.0 m | return_time=8 s | return_cost=0.3 % | margin_after_return=70.0 %
[INFO] [1790291752.646035136] [sage_energy_monitor]: ENERGY | remaining=90.3 % | voltage=16.02 V | drain_rate=0.041 %/s | home_distance=4.8 m | return_time=9 s | return_cost=0.4 % | margin_after_return=69.9 %
[INFO] [1790291753.646603420] [sage_energy_monitor]: ENERGY | remaining=90.2 % | voltage=16.02 V | drain_rate=0.041 %/s | home_distance=5.2 m | return_time=9 s | return_cost=0.4 % | margin_after_return=69.8 %
[INFO] [1790291754.648326578] [sage_energy_monitor]: ENERGY | remaining=90.2 % | voltage=16.02 V | drain_rate=0.041 %/s | home_distance=5.3 m | return_time=9 s | return_cost=0.4 % | margin_after_return=69.8 %
[INFO] [1790291755.645267976] [sage_energy_monitor]: ENERGY | remaining=90.1 % | voltage=16.02 V | drain_rate=0.041 %/s | home_distance=6.3 m | return_time=10 s | return_cost=0.4 % | margin_after_return=69.7 %
[INFO] [1790291756.650275922] [sage_energy_monitor]: ENERGY | remaining=90.1 % | voltage=16.02 V | drain_rate=0.041 %/s | home_distance=7.8 m | return_time=12 s | return_cost=0.5 % | margin_after_return=69.6 %
[INFO] [1790291757.648856304] [sage_energy_monitor]: ENERGY | remaining=90.1 % | voltage=16.02 V | drain_rate=0.041 %/s | home_distance=8.5 m | return_time=12 s | return_cost=0.5 % | margin_after_return=69.6 %
[INFO] [1790291758.644012404] [sage_energy_monitor]: ENERGY | remaining=90.0 % | voltage=16.02 V | drain_rate=0.041 %/s | home_distance=8.4 m | return_time=12 s | return_cost=0.5 % | margin_after_return=69.5 %
[INFO] [1790291759.649318333] [sage_energy_monitor]: ENERGY | remaining=90.0 % | voltage=16.02 V | drain_rate=0.041 %/s | home_distance=8.0 m | return_time=12 s | return_cost=0.5 % | margin_after_return=69.5 %
[INFO] [1790291760.646800622] [sage_energy_monitor]: ENERGY | remaining=89.9 % | voltage=16.02 V | drain_rate=0.041 %/s | home_distance=8.1 m | return_time=12 s | return_cost=0.5 % | margin_after_return=69.4 %
[INFO] [1790291761.646932112] [sage_energy_monitor]: ENERGY | remaining=89.9 % | voltage=16.02 V | drain_rate=0.041 %/s | home_distance=8.1 m | return_time=12 s | return_cost=0.5 % | margin_after_return=69.4 %
[INFO] [1790291762.646644900] [sage_energy_monitor]: ENERGY | remaining=89.9 % | voltage=16.02 V | drain_rate=0.041 %/s | home_distance=7.1 m | return_time=11 s | return_cost=0.4 % | margin_after_return=69.4 %
[INFO] [1790291763.650427498] [sage_energy_monitor]: ENERGY | remaining=89.8 % | voltage=16.02 V | drain_rate=0.041 %/s | home_distance=5.9 m | return_time=10 s | return_cost=0.4 % | margin_after_return=69.4 %
[INFO] [1790291764.644117923] [sage_energy_monitor]: ENERGY | remaining=89.8 % | voltage=16.01 V | drain_rate=0.041 %/s | home_distance=5.5 m | return_time=9 s | return_cost=0.4 % | margin_after_return=69.4 %
[INFO] [1790291765.647664312] [sage_energy_monitor]: ENERGY | remaining=89.7 % | voltage=16.01 V | drain_rate=0.041 %/s | home_distance=5.5 m | return_time=9 s | return_cost=0.4 % | margin_after_return=69.3 %
[INFO] [1790291766.644803403] [sage_energy_monitor]: ENERGY | remaining=89.7 % | voltage=16.01 V | drain_rate=0.042 %/s | home_distance=6.8 m | return_time=11 s | return_cost=0.4 % | margin_after_return=69.2 %
[INFO] [1790291767.645986328] [sage_energy_monitor]: ENERGY | remaining=89.7 % | voltage=16.01 V | drain_rate=0.042 %/s | home_distance=8.1 m | return_time=12 s | return_cost=0.5 % | margin_after_return=69.2 %
[INFO] [1790291768.644206008] [sage_energy_monitor]: ENERGY | remaining=89.6 % | voltage=16.01 V | drain_rate=0.041 %/s | home_distance=8.5 m | return_time=12 s | return_cost=0.5 % | margin_after_return=69.1 %
[INFO] [1790291769.646941148] [sage_energy_monitor]: ENERGY | remaining=89.6 % | voltage=16.01 V | drain_rate=0.041 %/s | home_distance=7.9 m | return_time=12 s | return_cost=0.5 % | margin_after_return=69.1 %
[INFO] [1790291770.644158591] [sage_energy_monitor]: ENERGY | remaining=89.5 % | voltage=16.01 V | drain_rate=0.041 %/s | home_distance=7.2 m | return_time=11 s | return_cost=0.5 % | margin_after_return=69.1 %
[INFO] [1790291771.646294907] [sage_energy_monitor]: ENERGY | remaining=89.5 % | voltage=16.01 V | drain_rate=0.041 %/s | home_distance=6.8 m | return_time=11 s | return_cost=0.4 % | margin_after_return=69.0 %
[INFO] [1790291772.645940277] [sage_energy_monitor]: ENERGY | remaining=89.5 % | voltage=16.01 V | drain_rate=0.041 %/s | home_distance=4.6 m | return_time=9 s | return_cost=0.4 % | margin_after_return=69.1 %
[INFO] [1790291773.645144968] [sage_energy_monitor]: ENERGY | remaining=89.4 % | voltage=16.01 V | drain_rate=0.041 %/s | home_distance=2.3 m | return_time=6 s | return_cost=0.3 % | margin_after_return=69.2 %
[INFO] [1790291774.651943202] [sage_energy_monitor]: ENERGY | remaining=89.4 % | voltage=16.01 V | drain_rate=0.041 %/s | home_distance=0.3 m | return_time=4 s | return_cost=0.2 % | margin_after_return=69.2 %
[INFO] [1790291775.653425969] [sage_energy_monitor]: ENERGY | remaining=89.3 % | voltage=16.01 V | drain_rate=0.041 %/s | home_distance=2.5 m | return_time=6 s | return_cost=0.3 % | margin_after_return=69.1 %
[INFO] [1790291776.645283265] [sage_energy_monitor]: ENERGY | remaining=89.3 % | voltage=16.01 V | drain_rate=0.041 %/s | home_distance=4.7 m | return_time=9 s | return_cost=0.4 % | margin_after_return=68.9 %
[INFO] [1790291777.646704037] [sage_energy_monitor]: ENERGY | remaining=89.3 % | voltage=16.01 V | drain_rate=0.041 %/s | home_distance=6.5 m | return_time=11 s | return_cost=0.4 % | margin_after_return=68.8 %
[INFO] [1790291778.645131990] [sage_energy_monitor]: ENERGY | remaining=89.2 % | voltage=16.00 V | drain_rate=0.041 %/s | home_distance=8.0 m | return_time=12 s | return_cost=0.5 % | margin_after_return=68.7 %
[INFO] [1790291779.644100605] [sage_energy_monitor]: ENERGY | remaining=89.2 % | voltage=16.00 V | drain_rate=0.041 %/s | home_distance=8.5 m | return_time=12 s | return_cost=0.5 % | margin_after_return=68.7 %
[INFO] [1790291780.648552643] [sage_energy_monitor]: ENERGY | remaining=89.1 % | voltage=16.00 V | drain_rate=0.041 %/s | home_distance=8.4 m | return_time=12 s | return_cost=0.5 % | margin_after_return=68.6 %
[INFO] [1790291781.658221185] [sage_energy_monitor]: ENERGY | remaining=89.1 % | voltage=16.00 V | drain_rate=0.041 %/s | home_distance=8.3 m | return_time=12 s | return_cost=0.5 % | margin_after_return=68.6 %
[INFO] [1790291782.648009652] [sage_energy_monitor]: ENERGY | remaining=89.0 % | voltage=16.00 V | drain_rate=0.041 %/s | home_distance=8.1 m | return_time=12 s | return_cost=0.5 % | margin_after_return=68.6 %
[INFO] [1790291783.644343383] [sage_energy_monitor]: ENERGY | remaining=89.0 % | voltage=16.00 V | drain_rate=0.041 %/s | home_distance=8.3 m | return_time=12 s | return_cost=0.5 % | margin_after_return=68.5 %
[INFO] [1790291784.652408852] [sage_energy_monitor]: ENERGY | remaining=89.0 % | voltage=16.00 V | drain_rate=0.041 %/s | home_distance=8.2 m | return_time=12 s | return_cost=0.5 % | margin_after_return=68.5 %
[INFO] [1790291785.646939202] [sage_energy_monitor]: ENERGY | remaining=88.9 % | voltage=16.00 V | drain_rate=0.041 %/s | home_distance=7.0 m | return_time=11 s | return_cost=0.4 % | margin_after_return=68.5 %
[INFO] [1790291786.644043053] [sage_energy_monitor]: ENERGY | remaining=88.9 % | voltage=16.00 V | drain_rate=0.041 %/s | home_distance=6.0 m | return_time=10 s | return_cost=0.4 % | margin_after_return=68.5 %
[INFO] [1790291787.647858414] [sage_energy_monitor]: ENERGY | remaining=88.8 % | voltage=16.00 V | drain_rate=0.041 %/s | home_distance=5.7 m | return_time=10 s | return_cost=0.4 % | margin_after_return=68.4 %
[INFO] [1790291788.650794395] [sage_energy_monitor]: ENERGY | remaining=88.8 % | voltage=16.00 V | drain_rate=0.041 %/s | home_distance=5.7 m | return_time=10 s | return_cost=0.4 % | margin_after_return=68.4 %
[INFO] [1790291789.649130150] [sage_energy_monitor]: ENERGY | remaining=88.8 % | voltage=16.00 V | drain_rate=0.041 %/s | home_distance=5.6 m | return_time=9 s | return_cost=0.4 % | margin_after_return=68.4 %
[INFO] [1790291790.648834920] [sage_energy_monitor]: ENERGY | remaining=88.7 % | voltage=16.00 V | drain_rate=0.041 %/s | home_distance=5.0 m | return_time=9 s | return_cost=0.4 % | margin_after_return=68.3 %
[INFO] [1790291791.644990536] [sage_energy_monitor]: ENERGY | remaining=88.7 % | voltage=16.00 V | drain_rate=0.041 %/s | home_distance=4.9 m | return_time=9 s | return_cost=0.4 % | margin_after_return=68.3 %
[INFO] [1790291792.648651289] [sage_energy_monitor]: ENERGY | remaining=88.6 % | voltage=15.99 V | drain_rate=0.041 %/s | home_distance=4.9 m | return_time=9 s | return_cost=0.4 % | margin_after_return=68.3 %
[INFO] [1790291793.643961367] [sage_energy_monitor]: ENERGY | remaining=88.6 % | voltage=15.99 V | drain_rate=0.041 %/s | home_distance=5.2 m | return_time=9 s | return_cost=0.4 % | margin_after_return=68.2 %
[INFO] [1790291794.644703012] [sage_energy_monitor]: ENERGY | remaining=88.6 % | voltage=15.99 V | drain_rate=0.041 %/s | home_distance=5.8 m | return_time=9 s | return_cost=0.4 % | margin_after_return=68.2 %
[INFO] [1790291795.645562353] [sage_energy_monitor]: ENERGY | remaining=88.5 % | voltage=15.99 V | drain_rate=0.041 %/s | home_distance=7.3 m | return_time=11 s | return_cost=0.5 % | margin_after_return=68.1 %
[INFO] [1790291796.650497730] [sage_energy_monitor]: ENERGY | remaining=88.5 % | voltage=15.99 V | drain_rate=0.041 %/s | home_distance=9.0 m | return_time=13 s | return_cost=0.5 % | margin_after_return=67.9 %
[INFO] [1790291797.645087080] [sage_energy_monitor]: ENERGY | remaining=88.4 % | voltage=15.99 V | drain_rate=0.041 %/s | home_distance=10.0 m | return_time=14 s | return_cost=0.6 % | margin_after_return=67.9 %
[INFO] [1790291798.643964831] [sage_energy_monitor]: ENERGY | remaining=88.4 % | voltage=15.99 V | drain_rate=0.041 %/s | home_distance=10.4 m | return_time=14 s | return_cost=0.6 % | margin_after_return=67.8 %
[INFO] [1790291799.644426911] [sage_energy_monitor]: ENERGY | remaining=88.3 % | voltage=15.99 V | drain_rate=0.041 %/s | home_distance=10.6 m | return_time=14 s | return_cost=0.6 % | margin_after_return=67.7 %
[INFO] [1790291800.650572790] [sage_energy_monitor]: ENERGY | remaining=88.3 % | voltage=15.99 V | drain_rate=0.041 %/s | home_distance=10.9 m | return_time=15 s | return_cost=0.6 % | margin_after_return=67.7 %
[INFO] [1790291801.648575515] [sage_energy_monitor]: ENERGY | remaining=88.3 % | voltage=15.99 V | drain_rate=0.041 %/s | home_distance=11.4 m | return_time=15 s | return_cost=0.6 % | margin_after_return=67.6 %
[INFO] [1790291802.646316635] [sage_energy_monitor]: ENERGY | remaining=88.2 % | voltage=15.99 V | drain_rate=0.041 %/s | home_distance=11.9 m | return_time=16 s | return_cost=0.6 % | margin_after_return=67.6 %
[INFO] [1790291803.647462625] [sage_energy_monitor]: ENERGY | remaining=88.2 % | voltage=15.99 V | drain_rate=0.041 %/s | home_distance=12.2 m | return_time=16 s | return_cost=0.7 % | margin_after_return=67.5 %
[INFO] [1790291804.647163806] [sage_energy_monitor]: ENERGY | remaining=88.1 % | voltage=15.99 V | drain_rate=0.041 %/s | home_distance=12.2 m | return_time=16 s | return_cost=0.7 % | margin_after_return=67.5 %
[INFO] [1790291805.644022554] [sage_energy_monitor]: ENERGY | remaining=88.1 % | voltage=15.98 V | drain_rate=0.041 %/s | home_distance=12.1 m | return_time=16 s | return_cost=0.7 % | margin_after_return=67.4 %
[INFO] [1790291806.644147795] [sage_energy_monitor]: ENERGY | remaining=88.1 % | voltage=15.98 V | drain_rate=0.041 %/s | home_distance=12.1 m | return_time=16 s | return_cost=0.7 % | margin_after_return=67.4 %
[INFO] [1790291807.647175868] [sage_energy_monitor]: ENERGY | remaining=88.0 % | voltage=15.98 V | drain_rate=0.041 %/s | home_distance=12.1 m | return_time=16 s | return_cost=0.7 % | margin_after_return=67.3 %
[INFO] [1790291808.646871098] [sage_energy_monitor]: ENERGY | remaining=88.0 % | voltage=15.98 V | drain_rate=0.041 %/s | home_distance=12.1 m | return_time=16 s | return_cost=0.7 % | margin_after_return=67.3 %
[INFO] [1790291809.644027568] [sage_energy_monitor]: ENERGY | remaining=87.9 % | voltage=15.98 V | drain_rate=0.041 %/s | home_distance=12.2 m | return_time=16 s | return_cost=0.7 % | margin_after_return=67.3 %
[INFO] [1790291810.646302523] [sage_energy_monitor]: ENERGY | remaining=87.9 % | voltage=15.98 V | drain_rate=0.041 %/s | home_distance=12.2 m | return_time=16 s | return_cost=0.7 % | margin_after_return=67.2 %
[INFO] [1790291811.656791754] [sage_energy_monitor]: ENERGY | remaining=87.9 % | voltage=15.98 V | drain_rate=0.041 %/s | home_distance=12.2 m | return_time=16 s | return_cost=0.7 % | margin_after_return=67.2 %
[INFO] [1790291812.644420406] [sage_energy_monitor]: ENERGY | remaining=87.8 % | voltage=15.98 V | drain_rate=0.041 %/s | home_distance=11.3 m | return_time=15 s | return_cost=0.6 % | margin_after_return=67.2 %
[INFO] [1790291813.645685661] [sage_energy_monitor]: ENERGY | remaining=87.8 % | voltage=15.98 V | drain_rate=0.041 %/s | home_distance=10.8 m | return_time=15 s | return_cost=0.6 % | margin_after_return=67.1 %
[INFO] [1790291814.649499175] [sage_energy_monitor]: ENERGY | remaining=87.7 % | voltage=15.98 V | drain_rate=0.041 %/s | home_distance=10.4 m | return_time=14 s | return_cost=0.6 % | margin_after_return=67.1 %
[INFO] [1790291815.646788844] [sage_energy_monitor]: ENERGY | remaining=87.7 % | voltage=15.98 V | drain_rate=0.041 %/s | home_distance=10.0 m | return_time=14 s | return_cost=0.6 % | margin_after_return=67.1 %
[INFO] [1790291816.645561084] [sage_energy_monitor]: ENERGY | remaining=87.6 % | voltage=15.98 V | drain_rate=0.041 %/s | home_distance=9.9 m | return_time=14 s | return_cost=0.6 % | margin_after_return=67.1 %
[INFO] [1790291817.645010567] [sage_energy_monitor]: ENERGY | remaining=87.6 % | voltage=15.98 V | drain_rate=0.041 %/s | home_distance=9.9 m | return_time=14 s | return_cost=0.6 % | margin_after_return=67.0 %
[INFO] [1790291818.652339101] [sage_energy_monitor]: ENERGY | remaining=87.6 % | voltage=15.98 V | drain_rate=0.041 %/s | home_distance=10.1 m | return_time=14 s | return_cost=0.6 % | margin_after_return=67.0 %
[INFO] [1790291819.655314583] [sage_energy_monitor]: ENERGY | remaining=87.5 % | voltage=15.97 V | drain_rate=0.041 %/s | home_distance=9.9 m | return_time=14 s | return_cost=0.6 % | margin_after_return=66.9 %
[INFO] [1790291820.647124363] [sage_energy_monitor]: ENERGY | remaining=87.5 % | voltage=15.97 V | drain_rate=0.041 %/s | home_distance=9.8 m | return_time=14 s | return_cost=0.6 % | margin_after_return=66.9 %
[INFO] [1790291821.647679157] [sage_energy_monitor]: ENERGY | remaining=87.4 % | voltage=15.97 V | drain_rate=0.041 %/s | home_distance=9.9 m | return_time=14 s | return_cost=0.6 % | margin_after_return=66.9 %
[INFO] [1790291822.645029047] [sage_energy_monitor]: ENERGY | remaining=87.4 % | voltage=15.97 V | drain_rate=0.041 %/s | home_distance=10.4 m | return_time=14 s | return_cost=0.6 % | margin_after_return=66.8 %
[INFO] [1790291823.645534952] [sage_energy_monitor]: ENERGY | remaining=87.4 % | voltage=15.97 V | drain_rate=0.041 %/s | home_distance=10.7 m | return_time=15 s | return_cost=0.6 % | margin_after_return=66.7 %
[INFO] [1790291824.645876555] [sage_energy_monitor]: ENERGY | remaining=87.3 % | voltage=15.97 V | drain_rate=0.041 %/s | home_distance=10.7 m | return_time=15 s | return_cost=0.6 % | margin_after_return=66.7 %
[INFO] [1790291825.644433074] [sage_energy_monitor]: ENERGY | remaining=87.3 % | voltage=15.97 V | drain_rate=0.041 %/s | home_distance=10.7 m | return_time=15 s | return_cost=0.6 % | margin_after_return=66.7 %
[INFO] [1790291826.646378697] [sage_energy_monitor]: ENERGY | remaining=87.2 % | voltage=15.97 V | drain_rate=0.041 %/s | home_distance=10.8 m | return_time=15 s | return_cost=0.6 % | margin_after_return=66.6 %
[INFO] [1790291827.644834220] [sage_energy_monitor]: ENERGY | remaining=87.2 % | voltage=15.97 V | drain_rate=0.041 %/s | home_distance=11.1 m | return_time=15 s | return_cost=0.6 % | margin_after_return=66.6 %
[INFO] [1790291828.652205757] [sage_energy_monitor]: ENERGY | remaining=87.2 % | voltage=15.97 V | drain_rate=0.041 %/s | home_distance=11.7 m | return_time=16 s | return_cost=0.6 % | margin_after_return=66.5 %
[INFO] [1790291829.644073424] [sage_energy_monitor]: ENERGY | remaining=87.1 % | voltage=15.97 V | drain_rate=0.041 %/s | home_distance=12.6 m | return_time=17 s | return_cost=0.7 % | margin_after_return=66.4 %
[INFO] [1790291830.646002506] [sage_energy_monitor]: ENERGY | remaining=87.1 % | voltage=15.97 V | drain_rate=0.041 %/s | home_distance=13.2 m | return_time=17 s | return_cost=0.7 % | margin_after_return=66.4 %
[INFO] [1790291831.652741330] [sage_energy_monitor]: ENERGY | remaining=87.0 % | voltage=15.97 V | drain_rate=0.041 %/s | home_distance=13.1 m | return_time=17 s | return_cost=0.7 % | margin_after_return=66.3 %
[INFO] [1790291832.645934648] [sage_energy_monitor]: ENERGY | remaining=87.0 % | voltage=15.96 V | drain_rate=0.041 %/s | home_distance=11.4 m | return_time=15 s | return_cost=0.6 % | margin_after_return=66.3 %
[INFO] [1790291833.645405671] [sage_energy_monitor]: ENERGY | remaining=86.9 % | voltage=15.96 V | drain_rate=0.041 %/s | home_distance=9.5 m | return_time=13 s | return_cost=0.6 % | margin_after_return=66.4 %
[INFO] [1790291834.655270277] [sage_energy_monitor]: ENERGY | remaining=86.9 % | voltage=15.96 V | drain_rate=0.041 %/s | home_distance=8.4 m | return_time=12 s | return_cost=0.5 % | margin_after_return=66.4 %
[INFO] [1790291835.647063551] [sage_energy_monitor]: ENERGY | remaining=86.9 % | voltage=15.96 V | drain_rate=0.041 %/s | home_distance=8.2 m | return_time=12 s | return_cost=0.5 % | margin_after_return=66.4 %
[INFO] [1790291836.650305626] [sage_energy_monitor]: ENERGY | remaining=86.8 % | voltage=15.96 V | drain_rate=0.041 %/s | home_distance=8.7 m | return_time=13 s | return_cost=0.5 % | margin_after_return=66.3 %
[INFO] [1790291837.645193420] [sage_energy_monitor]: ENERGY | remaining=86.8 % | voltage=15.96 V | drain_rate=0.041 %/s | home_distance=9.2 m | return_time=13 s | return_cost=0.5 % | margin_after_return=66.2 %
[INFO] [1790291838.644142666] [sage_energy_monitor]: ENERGY | remaining=86.7 % | voltage=15.96 V | drain_rate=0.041 %/s | home_distance=9.5 m | return_time=13 s | return_cost=0.5 % | margin_after_return=66.2 %
[INFO] [1790291839.646250354] [sage_energy_monitor]: ENERGY | remaining=86.7 % | voltage=15.96 V | drain_rate=0.041 %/s | home_distance=10.6 m | return_time=14 s | return_cost=0.6 % | margin_after_return=66.1 %
[INFO] [1790291840.645171102] [sage_energy_monitor]: ENERGY | remaining=86.7 % | voltage=15.96 V | drain_rate=0.041 %/s | home_distance=11.9 m | return_time=16 s | return_cost=0.7 % | margin_after_return=66.0 %
[INFO] [1790291841.643718980] [sage_energy_monitor]: ENERGY | remaining=86.6 % | voltage=15.96 V | drain_rate=0.041 %/s | home_distance=12.7 m | return_time=17 s | return_cost=0.7 % | margin_after_return=65.9 %
[INFO] [1790291842.644029963] [sage_energy_monitor]: ENERGY | remaining=86.6 % | voltage=15.96 V | drain_rate=0.041 %/s | home_distance=12.9 m | return_time=17 s | return_cost=0.7 % | margin_after_return=65.9 %
[INFO] [1790291843.645274951] [sage_energy_monitor]: ENERGY | remaining=86.5 % | voltage=15.96 V | drain_rate=0.041 %/s | home_distance=12.5 m | return_time=16 s | return_cost=0.7 % | margin_after_return=65.9 %
[INFO] [1790291844.645964135] [sage_energy_monitor]: ENERGY | remaining=86.5 % | voltage=15.96 V | drain_rate=0.041 %/s | home_distance=12.2 m | return_time=16 s | return_cost=0.7 % | margin_after_return=65.8 %
[INFO] [1790291845.652666185] [sage_energy_monitor]: ENERGY | remaining=86.4 % | voltage=15.96 V | drain_rate=0.041 %/s | home_distance=12.2 m | return_time=16 s | return_cost=0.7 % | margin_after_return=65.8 %
[INFO] [1790291846.646951556] [sage_energy_monitor]: ENERGY | remaining=86.4 % | voltage=15.95 V | drain_rate=0.041 %/s | home_distance=11.9 m | return_time=16 s | return_cost=0.6 % | margin_after_return=65.8 %
[INFO] [1790291847.646691433] [sage_energy_monitor]: ENERGY | remaining=86.4 % | voltage=15.95 V | drain_rate=0.041 %/s | home_distance=11.3 m | return_time=15 s | return_cost=0.6 % | margin_after_return=65.8 %
[INFO] [1790291848.645637128] [sage_energy_monitor]: ENERGY | remaining=86.3 % | voltage=15.95 V | drain_rate=0.041 %/s | home_distance=12.1 m | return_time=15 s | return_cost=0.6 % | margin_after_return=65.7 %
[INFO] [1790291849.645921320] [sage_energy_monitor]: ENERGY | remaining=86.3 % | voltage=15.95 V | drain_rate=0.041 %/s | home_distance=13.3 m | return_time=17 s | return_cost=0.7 % | margin_after_return=65.6 %
[INFO] [1790291850.644212052] [sage_energy_monitor]: ENERGY | remaining=86.2 % | voltage=15.95 V | drain_rate=0.041 %/s | home_distance=14.3 m | return_time=18 s | return_cost=0.8 % | margin_after_return=65.5 %
[INFO] [1790291851.643931567] [sage_energy_monitor]: ENERGY | remaining=86.2 % | voltage=15.95 V | drain_rate=0.041 %/s | home_distance=15.1 m | return_time=19 s | return_cost=0.8 % | margin_after_return=65.4 %
[INFO] [1790291852.646416906] [sage_energy_monitor]: ENERGY | remaining=86.2 % | voltage=15.95 V | drain_rate=0.041 %/s | home_distance=14.8 m | return_time=19 s | return_cost=0.8 % | margin_after_return=65.4 %
[INFO] [1790291853.644008492] [sage_energy_monitor]: ENERGY | remaining=86.1 % | voltage=15.95 V | drain_rate=0.041 %/s | home_distance=14.0 m | return_time=18 s | return_cost=0.7 % | margin_after_return=65.4 %
[INFO] [1790291854.644178832] [sage_energy_monitor]: ENERGY | remaining=86.1 % | voltage=15.95 V | drain_rate=0.041 %/s | home_distance=13.1 m | return_time=17 s | return_cost=0.7 % | margin_after_return=65.4 %
[INFO] [1790291855.647951807] [sage_energy_monitor]: ENERGY | remaining=86.0 % | voltage=15.95 V | drain_rate=0.041 %/s | home_distance=12.2 m | return_time=16 s | return_cost=0.7 % | margin_after_return=65.4 %
[INFO] [1790291856.647979489] [sage_energy_monitor]: ENERGY | remaining=86.0 % | voltage=15.95 V | drain_rate=0.041 %/s | home_distance=11.8 m | return_time=16 s | return_cost=0.7 % | margin_after_return=65.3 %
[INFO] [1790291857.649459209] [sage_energy_monitor]: ENERGY | remaining=86.0 % | voltage=15.95 V | drain_rate=0.041 %/s | home_distance=11.7 m | return_time=16 s | return_cost=0.6 % | margin_after_return=65.3 %
[INFO] [1790291858.655645148] [sage_energy_monitor]: ENERGY | remaining=85.9 % | voltage=15.95 V | drain_rate=0.041 %/s | home_distance=12.1 m | return_time=16 s | return_cost=0.7 % | margin_after_return=65.3 %
[INFO] [1790291859.652447240] [sage_energy_monitor]: ENERGY | remaining=85.9 % | voltage=15.94 V | drain_rate=0.041 %/s | home_distance=13.6 m | return_time=18 s | return_cost=0.7 % | margin_after_return=65.2 %
[INFO] [1790291860.647697463] [sage_energy_monitor]: ENERGY | remaining=85.8 % | voltage=15.94 V | drain_rate=0.041 %/s | home_distance=15.4 m | return_time=19 s | return_cost=0.8 % | margin_after_return=65.0 %
[INFO] [1790291861.644924910] [sage_energy_monitor]: ENERGY | remaining=85.8 % | voltage=15.94 V | drain_rate=0.041 %/s | home_distance=16.9 m | return_time=21 s | return_cost=0.9 % | margin_after_return=64.9 %
[INFO] [1790291862.644150050] [sage_energy_monitor]: ENERGY | remaining=85.8 % | voltage=15.94 V | drain_rate=0.041 %/s | home_distance=17.6 m | return_time=22 s | return_cost=0.9 % | margin_after_return=64.9 %
[INFO] [1790291863.647173359] [sage_energy_monitor]: ENERGY | remaining=85.7 % | voltage=15.94 V | drain_rate=0.041 %/s | home_distance=17.7 m | return_time=22 s | return_cost=0.9 % | margin_after_return=64.8 %
[INFO] [1790291864.643806160] [sage_energy_monitor]: ENERGY | remaining=85.7 % | voltage=15.94 V | drain_rate=0.041 %/s | home_distance=17.6 m | return_time=22 s | return_cost=0.9 % | margin_after_return=64.8 %
[INFO] [1790291865.649128627] [sage_energy_monitor]: ENERGY | remaining=85.6 % | voltage=15.94 V | drain_rate=0.041 %/s | home_distance=17.6 m | return_time=22 s | return_cost=0.9 % | margin_after_return=64.7 %
[INFO] [1790291866.644989785] [sage_energy_monitor]: ENERGY | remaining=85.6 % | voltage=15.94 V | drain_rate=0.041 %/s | home_distance=17.7 m | return_time=22 s | return_cost=0.9 % | margin_after_return=64.7 %
[INFO] [1790291867.644341940] [sage_energy_monitor]: ENERGY | remaining=85.5 % | voltage=15.94 V | drain_rate=0.041 %/s | home_distance=17.8 m | return_time=22 s | return_cost=0.9 % | margin_after_return=64.7 %
[INFO] [1790291868.646376787] [sage_energy_monitor]: ENERGY | remaining=85.5 % | voltage=15.94 V | drain_rate=0.041 %/s | home_distance=16.7 m | return_time=21 s | return_cost=0.9 % | margin_after_return=64.7 %
[INFO] [1790291869.645847460] [sage_energy_monitor]: ENERGY | remaining=85.5 % | voltage=15.94 V | drain_rate=0.041 %/s | home_distance=14.8 m | return_time=19 s | return_cost=0.8 % | margin_after_return=64.7 %
[INFO] [1790291870.653344891] [sage_energy_monitor]: ENERGY | remaining=85.4 % | voltage=15.94 V | drain_rate=0.041 %/s | home_distance=13.8 m | return_time=18 s | return_cost=0.7 % | margin_after_return=64.7 %
[INFO] [1790291871.651256371] [sage_energy_monitor]: ENERGY | remaining=85.4 % | voltage=15.94 V | drain_rate=0.041 %/s | home_distance=13.0 m | return_time=17 s | return_cost=0.7 % | margin_after_return=64.7 %
[INFO] [1790291872.643966938] [sage_energy_monitor]: ENERGY | remaining=85.3 % | voltage=15.94 V | drain_rate=0.041 %/s | home_distance=11.2 m | return_time=15 s | return_cost=0.6 % | margin_after_return=64.7 %
[INFO] [1790291873.647199111] [sage_energy_monitor]: ENERGY | remaining=85.3 % | voltage=15.93 V | drain_rate=0.041 %/s | home_distance=9.2 m | return_time=13 s | return_cost=0.6 % | margin_after_return=64.7 %
[INFO] [1790291874.648947809] [sage_energy_monitor]: ENERGY | remaining=85.2 % | voltage=15.93 V | drain_rate=0.041 %/s | home_distance=7.8 m | return_time=12 s | return_cost=0.5 % | margin_after_return=64.8 %
[INFO] [1790291875.644362141] [sage_energy_monitor]: ENERGY | remaining=85.2 % | voltage=15.93 V | drain_rate=0.041 %/s | home_distance=7.2 m | return_time=11 s | return_cost=0.5 % | margin_after_return=64.7 %
[INFO] [1790291876.646593783] [sage_energy_monitor]: ENERGY | remaining=85.2 % | voltage=15.93 V | drain_rate=0.041 %/s | home_distance=7.3 m | return_time=11 s | return_cost=0.5 % | margin_after_return=64.7 %
[INFO] [1790291877.645606919] [sage_energy_monitor]: ENERGY | remaining=85.1 % | voltage=15.93 V | drain_rate=0.041 %/s | home_distance=8.1 m | return_time=12 s | return_cost=0.5 % | margin_after_return=64.6 %
[INFO] [1790291878.656625265] [sage_energy_monitor]: ENERGY | remaining=85.1 % | voltage=15.93 V | drain_rate=0.041 %/s | home_distance=8.7 m | return_time=13 s | return_cost=0.5 % | margin_after_return=64.5 %
[INFO] [1790291879.650095286] [sage_energy_monitor]: ENERGY | remaining=85.0 % | voltage=15.93 V | drain_rate=0.041 %/s | home_distance=9.0 m | return_time=13 s | return_cost=0.5 % | margin_after_return=64.5 %
[INFO] [1790291880.646967777] [sage_energy_monitor]: ENERGY | remaining=85.0 % | voltage=15.93 V | drain_rate=0.041 %/s | home_distance=9.0 m | return_time=13 s | return_cost=0.5 % | margin_after_return=64.5 %
[INFO] [1790291881.647636812] [sage_energy_monitor]: ENERGY | remaining=85.0 % | voltage=15.93 V | drain_rate=0.041 %/s | home_distance=7.7 m | return_time=12 s | return_cost=0.5 % | margin_after_return=64.5 %
[INFO] [1790291882.657808718] [sage_energy_monitor]: ENERGY | remaining=84.9 % | voltage=15.93 V | drain_rate=0.041 %/s | home_distance=5.8 m | return_time=10 s | return_cost=0.4 % | margin_after_return=64.5 %
[INFO] [1790291883.644205027] [sage_energy_monitor]: ENERGY | remaining=84.9 % | voltage=15.93 V | drain_rate=0.041 %/s | home_distance=4.6 m | return_time=9 s | return_cost=0.4 % | margin_after_return=64.5 %
[INFO] [1790291884.645181056] [sage_energy_monitor]: ENERGY | remaining=84.8 % | voltage=15.93 V | drain_rate=0.041 %/s | home_distance=3.9 m | return_time=8 s | return_cost=0.3 % | margin_after_return=64.5 %
[INFO] [1790291885.649469397] [sage_energy_monitor]: ENERGY | remaining=84.8 % | voltage=15.93 V | drain_rate=0.041 %/s | home_distance=3.9 m | return_time=8 s | return_cost=0.3 % | margin_after_return=64.5 %
[INFO] [1790291886.644176719] [sage_energy_monitor]: ENERGY | remaining=84.8 % | voltage=15.92 V | drain_rate=0.041 %/s | home_distance=3.9 m | return_time=8 s | return_cost=0.3 % | margin_after_return=64.4 %
[INFO] [1790291887.647333678] [sage_energy_monitor]: ENERGY | remaining=84.7 % | voltage=15.92 V | drain_rate=0.041 %/s | home_distance=3.9 m | return_time=8 s | return_cost=0.3 % | margin_after_return=64.4 %
[INFO] [1790291888.651326991] [sage_energy_monitor]: ENERGY | remaining=84.7 % | voltage=15.92 V | drain_rate=0.041 %/s | home_distance=3.8 m | return_time=8 s | return_cost=0.3 % | margin_after_return=64.4 %
[INFO] [1790291889.646350681] [sage_energy_monitor]: ENERGY | remaining=84.6 % | voltage=15.92 V | drain_rate=0.041 %/s | home_distance=3.5 m | return_time=8 s | return_cost=0.3 % | margin_after_return=64.3 %
[INFO] [1790291890.647756101] [sage_energy_monitor]: ENERGY | remaining=84.6 % | voltage=15.92 V | drain_rate=0.041 %/s | home_distance=4.4 m | return_time=8 s | return_cost=0.3 % | margin_after_return=64.3 %
[INFO] [1790291891.644046617] [sage_energy_monitor]: ENERGY | remaining=84.6 % | voltage=15.92 V | drain_rate=0.041 %/s | home_distance=6.2 m | return_time=10 s | return_cost=0.4 % | margin_after_return=64.2 %
[INFO] [1790291892.647837252] [sage_energy_monitor]: ENERGY | remaining=84.5 % | voltage=15.92 V | drain_rate=0.041 %/s | home_distance=8.2 m | return_time=12 s | return_cost=0.5 % | margin_after_return=64.0 %
[INFO] [1790291893.649093073] [sage_energy_monitor]: ENERGY | remaining=84.5 % | voltage=15.92 V | drain_rate=0.041 %/s | home_distance=9.6 m | return_time=13 s | return_cost=0.6 % | margin_after_return=63.9 %
[INFO] [1790291894.644174285] [sage_energy_monitor]: ENERGY | remaining=84.4 % | voltage=15.92 V | drain_rate=0.041 %/s | home_distance=10.1 m | return_time=14 s | return_cost=0.6 % | margin_after_return=63.9 %
[INFO] [1790291895.645190262] [sage_energy_monitor]: ENERGY | remaining=84.4 % | voltage=15.92 V | drain_rate=0.041 %/s | home_distance=9.6 m | return_time=14 s | return_cost=0.6 % | margin_after_return=63.8 %
[INFO] [1790291896.652149535] [sage_energy_monitor]: ENERGY | remaining=84.4 % | voltage=15.92 V | drain_rate=0.041 %/s | home_distance=8.2 m | return_time=12 s | return_cost=0.5 % | margin_after_return=63.8 %
[INFO] [1790291897.647044912] [sage_energy_monitor]: ENERGY | remaining=84.3 % | voltage=15.92 V | drain_rate=0.041 %/s | home_distance=7.6 m | return_time=12 s | return_cost=0.5 % | margin_after_return=63.8 %
[INFO] [1790291898.651049164] [sage_energy_monitor]: ENERGY | remaining=84.3 % | voltage=15.92 V | drain_rate=0.041 %/s | home_distance=7.7 m | return_time=12 s | return_cost=0.5 % | margin_after_return=63.8 %
[INFO] [1790291899.643893667] [sage_energy_monitor]: ENERGY | remaining=84.2 % | voltage=15.92 V | drain_rate=0.041 %/s | home_distance=9.4 m | return_time=13 s | return_cost=0.5 % | margin_after_return=63.7 %
[INFO] [1790291900.647538617] [sage_energy_monitor]: ENERGY | remaining=84.2 % | voltage=15.91 V | drain_rate=0.041 %/s | home_distance=10.9 m | return_time=15 s | return_cost=0.6 % | margin_after_return=63.6 %
[INFO] [1790291901.644289924] [sage_energy_monitor]: ENERGY | remaining=84.1 % | voltage=15.91 V | drain_rate=0.041 %/s | home_distance=11.5 m | return_time=15 s | return_cost=0.6 % | margin_after_return=63.5 %
[INFO] [1790291902.645369103] [sage_energy_monitor]: ENERGY | remaining=84.1 % | voltage=15.91 V | drain_rate=0.041 %/s | home_distance=11.9 m | return_time=16 s | return_cost=0.6 % | margin_after_return=63.5 %
[INFO] [1790291903.652792986] [sage_energy_monitor]: ENERGY | remaining=84.1 % | voltage=15.91 V | drain_rate=0.041 %/s | home_distance=12.6 m | return_time=17 s | return_cost=0.7 % | margin_after_return=63.4 %
[INFO] [1790291904.646391909] [sage_energy_monitor]: ENERGY | remaining=84.0 % | voltage=15.91 V | drain_rate=0.041 %/s | home_distance=13.2 m | return_time=17 s | return_cost=0.7 % | margin_after_return=63.3 %
[INFO] [1790291905.646772242] [sage_energy_monitor]: ENERGY | remaining=84.0 % | voltage=15.91 V | drain_rate=0.041 %/s | home_distance=13.4 m | return_time=17 s | return_cost=0.7 % | margin_after_return=63.3 %
[INFO] [1790291906.646879244] [sage_energy_monitor]: ENERGY | remaining=83.9 % | voltage=15.91 V | drain_rate=0.041 %/s | home_distance=12.0 m | return_time=16 s | return_cost=0.7 % | margin_after_return=63.3 %
[INFO] [1790291907.647600217] [sage_energy_monitor]: ENERGY | remaining=83.9 % | voltage=15.91 V | drain_rate=0.041 %/s | home_distance=10.4 m | return_time=15 s | return_cost=0.6 % | margin_after_return=63.3 %
[INFO] [1790291908.647850066] [sage_energy_monitor]: ENERGY | remaining=83.9 % | voltage=15.91 V | drain_rate=0.041 %/s | home_distance=9.7 m | return_time=14 s | return_cost=0.6 % | margin_after_return=63.3 %
[INFO] [1790291909.647370190] [sage_energy_monitor]: ENERGY | remaining=83.8 % | voltage=15.91 V | drain_rate=0.041 %/s | home_distance=9.5 m | return_time=14 s | return_cost=0.6 % | margin_after_return=63.3 %
[INFO] [1790291910.646703198] [sage_energy_monitor]: ENERGY | remaining=83.8 % | voltage=15.91 V | drain_rate=0.041 %/s | home_distance=9.5 m | return_time=13 s | return_cost=0.5 % | margin_after_return=63.2 %
[INFO] [1790291911.652285795] [sage_energy_monitor]: ENERGY | remaining=83.7 % | voltage=15.91 V | drain_rate=0.041 %/s | home_distance=9.0 m | return_time=13 s | return_cost=0.5 % | margin_after_return=63.2 %
[INFO] [1790291912.644687709] [sage_energy_monitor]: ENERGY | remaining=83.7 % | voltage=15.91 V | drain_rate=0.041 %/s | home_distance=8.7 m | return_time=13 s | return_cost=0.5 % | margin_after_return=63.2 %
[INFO] [1790291913.646065288] [sage_energy_monitor]: ENERGY | remaining=83.7 % | voltage=15.90 V | drain_rate=0.041 %/s | home_distance=8.7 m | return_time=13 s | return_cost=0.5 % | margin_after_return=63.1 %
[INFO] [1790291914.644291121] [sage_energy_monitor]: ENERGY | remaining=83.6 % | voltage=15.90 V | drain_rate=0.041 %/s | home_distance=9.2 m | return_time=13 s | return_cost=0.5 % | margin_after_return=63.1 %
[INFO] [1790291915.645144767] [sage_energy_monitor]: ENERGY | remaining=83.6 % | voltage=15.90 V | drain_rate=0.041 %/s | home_distance=10.6 m | return_time=15 s | return_cost=0.6 % | margin_after_return=63.0 %
[INFO] [1790291916.647499658] [sage_energy_monitor]: ENERGY | remaining=83.5 % | voltage=15.90 V | drain_rate=0.041 %/s | home_distance=12.0 m | return_time=16 s | return_cost=0.7 % | margin_after_return=62.9 %
[INFO] [1790291917.646606088] [sage_energy_monitor]: ENERGY | remaining=83.5 % | voltage=15.90 V | drain_rate=0.041 %/s | home_distance=13.3 m | return_time=17 s | return_cost=0.7 % | margin_after_return=62.8 %
[INFO] [1790291918.643757814] [sage_energy_monitor]: ENERGY | remaining=83.4 % | voltage=15.90 V | drain_rate=0.041 %/s | home_distance=13.7 m | return_time=18 s | return_cost=0.7 % | margin_after_return=62.7 %
[INFO] [1790291919.651900601] [sage_energy_monitor]: ENERGY | remaining=83.4 % | voltage=15.90 V | drain_rate=0.041 %/s | home_distance=13.3 m | return_time=17 s | return_cost=0.7 % | margin_after_return=62.7 %
[INFO] [1790291920.649427022] [sage_energy_monitor]: ENERGY | remaining=83.4 % | voltage=15.90 V | drain_rate=0.041 %/s | home_distance=12.2 m | return_time=16 s | return_cost=0.7 % | margin_after_return=62.7 %
[INFO] [1790291921.644259521] [sage_energy_monitor]: ENERGY | remaining=83.3 % | voltage=15.90 V | drain_rate=0.041 %/s | home_distance=11.0 m | return_time=15 s | return_cost=0.6 % | margin_after_return=62.7 %
[INFO] [1790291922.648736763] [sage_energy_monitor]: ENERGY | remaining=83.3 % | voltage=15.90 V | drain_rate=0.041 %/s | home_distance=10.2 m | return_time=14 s | return_cost=0.6 % | margin_after_return=62.7 %
[INFO] [1790291923.644977522] [sage_energy_monitor]: ENERGY | remaining=83.2 % | voltage=15.90 V | drain_rate=0.041 %/s | home_distance=9.8 m | return_time=14 s | return_cost=0.6 % | margin_after_return=62.7 %
[INFO] [1790291924.647863595] [sage_energy_monitor]: ENERGY | remaining=83.2 % | voltage=15.90 V | drain_rate=0.041 %/s | home_distance=9.6 m | return_time=14 s | return_cost=0.6 % | margin_after_return=62.6 %
[INFO] [1790291925.650403756] [sage_energy_monitor]: ENERGY | remaining=83.2 % | voltage=15.90 V | drain_rate=0.041 %/s | home_distance=9.6 m | return_time=13 s | return_cost=0.6 % | margin_after_return=62.6 %
[INFO] [1790291926.645368860] [sage_energy_monitor]: ENERGY | remaining=83.1 % | voltage=15.90 V | drain_rate=0.041 %/s | home_distance=9.8 m | return_time=14 s | return_cost=0.6 % | margin_after_return=62.6 %
[INFO] [1790291927.650540497] [sage_energy_monitor]: ENERGY | remaining=83.1 % | voltage=15.89 V | drain_rate=0.041 %/s | home_distance=10.0 m | return_time=14 s | return_cost=0.6 % | margin_after_return=62.5 %
[INFO] [1790291928.645228663] [sage_energy_monitor]: ENERGY | remaining=83.0 % | voltage=15.89 V | drain_rate=0.041 %/s | home_distance=10.7 m | return_time=15 s | return_cost=0.6 % | margin_after_return=62.4 %
[INFO] [1790291929.651574203] [sage_energy_monitor]: ENERGY | remaining=83.0 % | voltage=15.89 V | drain_rate=0.041 %/s | home_distance=11.9 m | return_time=16 s | return_cost=0.6 % | margin_after_return=62.4 %
[INFO] [1790291930.645403019] [sage_energy_monitor]: ENERGY | remaining=83.0 % | voltage=15.89 V | drain_rate=0.041 %/s | home_distance=12.9 m | return_time=17 s | return_cost=0.7 % | margin_after_return=62.3 %
[INFO] [1790291931.646459462] [sage_energy_monitor]: ENERGY | remaining=82.9 % | voltage=15.89 V | drain_rate=0.041 %/s | home_distance=13.7 m | return_time=18 s | return_cost=0.7 % | margin_after_return=62.2 %
[INFO] [1790291932.645805390] [sage_energy_monitor]: ENERGY | remaining=82.9 % | voltage=15.89 V | drain_rate=0.041 %/s | home_distance=13.4 m | return_time=17 s | return_cost=0.7 % | margin_after_return=62.2 %
[INFO] [1790291933.646193459] [sage_energy_monitor]: ENERGY | remaining=82.8 % | voltage=15.89 V | drain_rate=0.041 %/s | home_distance=12.6 m | return_time=17 s | return_cost=0.7 % | margin_after_return=62.1 %
[INFO] [1790291934.644794993] [sage_energy_monitor]: ENERGY | remaining=82.8 % | voltage=15.89 V | drain_rate=0.041 %/s | home_distance=11.7 m | return_time=16 s | return_cost=0.6 % | margin_after_return=62.1 %
[INFO] [1790291935.648303923] [sage_energy_monitor]: ENERGY | remaining=82.7 % | voltage=15.89 V | drain_rate=0.041 %/s | home_distance=11.2 m | return_time=15 s | return_cost=0.6 % | margin_after_return=62.1 %
[INFO] [1790291936.658009943] [sage_energy_monitor]: ENERGY | remaining=82.7 % | voltage=15.89 V | drain_rate=0.041 %/s | home_distance=11.1 m | return_time=15 s | return_cost=0.6 % | margin_after_return=62.1 %
[INFO] [1790291937.645674126] [sage_energy_monitor]: ENERGY | remaining=82.7 % | voltage=15.89 V | drain_rate=0.041 %/s | home_distance=11.5 m | return_time=16 s | return_cost=0.6 % | margin_after_return=62.0 %
[INFO] [1790291938.646416755] [sage_energy_monitor]: ENERGY | remaining=82.6 % | voltage=15.89 V | drain_rate=0.041 %/s | home_distance=12.2 m | return_time=16 s | return_cost=0.7 % | margin_after_return=62.0 %
[INFO] [1790291939.648487812] [sage_energy_monitor]: ENERGY | remaining=82.6 % | voltage=15.89 V | drain_rate=0.041 %/s | home_distance=12.7 m | return_time=17 s | return_cost=0.7 % | margin_after_return=61.9 %
[INFO] [1790291940.644649478] [sage_energy_monitor]: ENERGY | remaining=82.5 % | voltage=15.88 V | drain_rate=0.041 %/s | home_distance=12.8 m | return_time=17 s | return_cost=0.7 % | margin_after_return=61.8 %
[INFO] [1790291941.649895891] [sage_energy_monitor]: ENERGY | remaining=82.5 % | voltage=15.88 V | drain_rate=0.041 %/s | home_distance=12.9 m | return_time=17 s | return_cost=0.7 % | margin_after_return=61.8 %
[INFO] [1790291942.646089328] [sage_energy_monitor]: ENERGY | remaining=82.5 % | voltage=15.88 V | drain_rate=0.041 %/s | home_distance=13.4 m | return_time=18 s | return_cost=0.7 % | margin_after_return=61.7 %
[INFO] [1790291943.646735349] [sage_energy_monitor]: ENERGY | remaining=82.4 % | voltage=15.88 V | drain_rate=0.041 %/s | home_distance=14.0 m | return_time=18 s | return_cost=0.7 % | margin_after_return=61.7 %
[INFO] [1790291944.645614392] [sage_energy_monitor]: ENERGY | remaining=82.4 % | voltage=15.88 V | drain_rate=0.041 %/s | home_distance=14.4 m | return_time=19 s | return_cost=0.8 % | margin_after_return=61.6 %
[INFO] [1790291945.655176577] [sage_energy_monitor]: ENERGY | remaining=82.3 % | voltage=15.88 V | drain_rate=0.041 %/s | home_distance=14.2 m | return_time=18 s | return_cost=0.7 % | margin_after_return=61.6 %
[INFO] [1790291946.651339596] [sage_energy_monitor]: ENERGY | remaining=82.3 % | voltage=15.88 V | drain_rate=0.041 %/s | home_distance=13.0 m | return_time=17 s | return_cost=0.7 % | margin_after_return=61.6 %
[INFO] [1790291947.644456101] [sage_energy_monitor]: ENERGY | remaining=82.3 % | voltage=15.88 V | drain_rate=0.041 %/s | home_distance=12.1 m | return_time=16 s | return_cost=0.7 % | margin_after_return=61.6 %
[INFO] [1790291948.645256414] [sage_energy_monitor]: ENERGY | remaining=82.2 % | voltage=15.88 V | drain_rate=0.041 %/s | home_distance=11.9 m | return_time=16 s | return_cost=0.7 % | margin_after_return=61.6 %
[INFO] [1790291949.649931813] [sage_energy_monitor]: ENERGY | remaining=82.2 % | voltage=15.88 V | drain_rate=0.041 %/s | home_distance=11.1 m | return_time=15 s | return_cost=0.6 % | margin_after_return=61.6 %
[INFO] [1790291950.646233244] [sage_energy_monitor]: ENERGY | remaining=82.1 % | voltage=15.88 V | drain_rate=0.041 %/s | home_distance=9.1 m | return_time=13 s | return_cost=0.5 % | margin_after_return=61.6 %
[INFO] [1790291951.646316001] [sage_energy_monitor]: ENERGY | remaining=82.1 % | voltage=15.88 V | drain_rate=0.041 %/s | home_distance=7.8 m | return_time=12 s | return_cost=0.5 % | margin_after_return=61.6 %
[INFO] [1790291952.649883826] [sage_energy_monitor]: ENERGY | remaining=82.0 % | voltage=15.88 V | drain_rate=0.041 %/s | home_distance=8.0 m | return_time=12 s | return_cost=0.5 % | margin_after_return=61.5 %
[INFO] [1790291953.645569678] [sage_energy_monitor]: ENERGY | remaining=82.0 % | voltage=15.88 V | drain_rate=0.041 %/s | home_distance=9.5 m | return_time=14 s | return_cost=0.6 % | margin_after_return=61.4 %
[INFO] [1790291954.645403017] [sage_energy_monitor]: ENERGY | remaining=82.0 % | voltage=15.87 V | drain_rate=0.041 %/s | home_distance=11.4 m | return_time=16 s | return_cost=0.6 % | margin_after_return=61.3 %
[INFO] [1790291955.646369316] [sage_energy_monitor]: ENERGY | remaining=81.9 % | voltage=15.87 V | drain_rate=0.042 %/s | home_distance=13.0 m | return_time=17 s | return_cost=0.7 % | margin_after_return=61.2 %
[INFO] [1790291956.646440649] [sage_energy_monitor]: ENERGY | remaining=81.9 % | voltage=15.87 V | drain_rate=0.042 %/s | home_distance=13.5 m | return_time=18 s | return_cost=0.7 % | margin_after_return=61.1 %
[INFO] [1790291957.649627860] [sage_energy_monitor]: ENERGY | remaining=81.8 % | voltage=15.87 V | drain_rate=0.042 %/s | home_distance=13.0 m | return_time=17 s | return_cost=0.7 % | margin_after_return=61.1 %
[INFO] [1790291958.649834455] [sage_energy_monitor]: ENERGY | remaining=81.8 % | voltage=15.87 V | drain_rate=0.042 %/s | home_distance=11.9 m | return_time=16 s | return_cost=0.7 % | margin_after_return=61.1 %
[INFO] [1790291959.651315482] [sage_energy_monitor]: ENERGY | remaining=81.7 % | voltage=15.87 V | drain_rate=0.042 %/s | home_distance=10.9 m | return_time=15 s | return_cost=0.6 % | margin_after_return=61.1 %
[INFO] [1790291960.644659167] [sage_energy_monitor]: ENERGY | remaining=81.7 % | voltage=15.87 V | drain_rate=0.042 %/s | home_distance=10.2 m | return_time=14 s | return_cost=0.6 % | margin_after_return=61.1 %
[INFO] [1790291961.647574507] [sage_energy_monitor]: ENERGY | remaining=81.7 % | voltage=15.87 V | drain_rate=0.042 %/s | home_distance=10.1 m | return_time=14 s | return_cost=0.6 % | margin_after_return=61.1 %
[INFO] [1790291962.647811324] [sage_energy_monitor]: ENERGY | remaining=81.6 % | voltage=15.87 V | drain_rate=0.042 %/s | home_distance=10.1 m | return_time=14 s | return_cost=0.6 % | margin_after_return=61.0 %
[INFO] [1790291963.651196481] [sage_energy_monitor]: ENERGY | remaining=81.6 % | voltage=15.87 V | drain_rate=0.042 %/s | home_distance=10.1 m | return_time=14 s | return_cost=0.6 % | margin_after_return=61.0 %
[INFO] [1790291964.652046052] [sage_energy_monitor]: ENERGY | remaining=81.5 % | voltage=15.87 V | drain_rate=0.041 %/s | home_distance=10.1 m | return_time=14 s | return_cost=0.6 % | margin_after_return=61.0 %
[INFO] [1790291965.646939892] [sage_energy_monitor]: ENERGY | remaining=81.5 % | voltage=15.87 V | drain_rate=0.041 %/s | home_distance=10.3 m | return_time=14 s | return_cost=0.6 % | margin_after_return=60.9 %
[INFO] [1790291966.644819058] [sage_energy_monitor]: ENERGY | remaining=81.5 % | voltage=15.87 V | drain_rate=0.041 %/s | home_distance=10.1 m | return_time=14 s | return_cost=0.6 % | margin_after_return=60.9 %
[INFO] [1790291967.648261163] [sage_energy_monitor]: ENERGY | remaining=81.4 % | voltage=15.86 V | drain_rate=0.041 %/s | home_distance=9.8 m | return_time=14 s | return_cost=0.6 % | margin_after_return=60.9 %
[INFO] [1790291968.652288747] [sage_energy_monitor]: ENERGY | remaining=81.4 % | voltage=15.86 V | drain_rate=0.041 %/s | home_distance=10.0 m | return_time=14 s | return_cost=0.6 % | margin_after_return=60.8 %
[INFO] [1790291969.649100078] [sage_energy_monitor]: ENERGY | remaining=81.3 % | voltage=15.86 V | drain_rate=0.041 %/s | home_distance=10.5 m | return_time=15 s | return_cost=0.6 % | margin_after_return=60.7 %
[INFO] [1790291970.645498901] [sage_energy_monitor]: ENERGY | remaining=81.3 % | voltage=15.86 V | drain_rate=0.041 %/s | home_distance=10.8 m | return_time=15 s | return_cost=0.6 % | margin_after_return=60.7 %
[INFO] [1790291971.647066293] [sage_energy_monitor]: ENERGY | remaining=81.3 % | voltage=15.86 V | drain_rate=0.042 %/s | home_distance=10.9 m | return_time=15 s | return_cost=0.6 % | margin_after_return=60.6 %
[INFO] [1790291972.648232155] [sage_energy_monitor]: ENERGY | remaining=81.2 % | voltage=15.86 V | drain_rate=0.041 %/s | home_distance=10.5 m | return_time=15 s | return_cost=0.6 % | margin_after_return=60.6 %
[INFO] [1790291973.644316185] [sage_energy_monitor]: ENERGY | remaining=81.2 % | voltage=15.86 V | drain_rate=0.041 %/s | home_distance=9.4 m | return_time=14 s | return_cost=0.6 % | margin_after_return=60.6 %
[INFO] [1790291974.645369580] [sage_energy_monitor]: ENERGY | remaining=81.1 % | voltage=15.86 V | drain_rate=0.042 %/s | home_distance=8.1 m | return_time=12 s | return_cost=0.5 % | margin_after_return=60.6 %
[INFO] [1790291975.646220600] [sage_energy_monitor]: ENERGY | remaining=81.1 % | voltage=15.86 V | drain_rate=0.041 %/s | home_distance=7.2 m | return_time=11 s | return_cost=0.5 % | margin_after_return=60.6 %
[INFO] [1790291976.643949532] [sage_energy_monitor]: ENERGY | remaining=81.0 % | voltage=15.86 V | drain_rate=0.041 %/s | home_distance=6.8 m | return_time=11 s | return_cost=0.4 % | margin_after_return=60.6 %
[INFO] [1790291977.644463784] [sage_energy_monitor]: ENERGY | remaining=81.0 % | voltage=15.86 V | drain_rate=0.042 %/s | home_distance=6.7 m | return_time=11 s | return_cost=0.4 % | margin_after_return=60.6 %
[INFO] [1790291978.643803369] [sage_energy_monitor]: ENERGY | remaining=81.0 % | voltage=15.86 V | drain_rate=0.042 %/s | home_distance=6.5 m | return_time=10 s | return_cost=0.4 % | margin_after_return=60.5 %
[INFO] [1790291979.643888861] [sage_energy_monitor]: ENERGY | remaining=80.9 % | voltage=15.86 V | drain_rate=0.042 %/s | home_distance=6.4 m | return_time=11 s | return_cost=0.4 % | margin_after_return=60.5 %
[INFO] [1790291980.648247754] [sage_energy_monitor]: ENERGY | remaining=80.9 % | voltage=15.85 V | drain_rate=0.042 %/s | home_distance=6.6 m | return_time=11 s | return_cost=0.4 % | margin_after_return=60.4 %
[INFO] [1790291981.643668079] [sage_energy_monitor]: ENERGY | remaining=80.8 % | voltage=15.85 V | drain_rate=0.041 %/s | home_distance=6.6 m | return_time=11 s | return_cost=0.4 % | margin_after_return=60.4 %
[INFO] [1790291982.644157013] [sage_energy_monitor]: ENERGY | remaining=80.8 % | voltage=15.85 V | drain_rate=0.041 %/s | home_distance=5.2 m | return_time=9 s | return_cost=0.4 % | margin_after_return=60.4 %
[INFO] [1790291983.644730751] [sage_energy_monitor]: ENERGY | remaining=80.8 % | voltage=15.85 V | drain_rate=0.041 %/s | home_distance=3.4 m | return_time=7 s | return_cost=0.3 % | margin_after_return=60.5 %
[INFO] [1790291984.644444282] [sage_energy_monitor]: ENERGY | remaining=80.7 % | voltage=15.85 V | drain_rate=0.041 %/s | home_distance=2.7 m | return_time=7 s | return_cost=0.3 % | margin_after_return=60.4 %
[INFO] [1790291985.648750295] [sage_energy_monitor]: ENERGY | remaining=80.7 % | voltage=15.85 V | drain_rate=0.041 %/s | home_distance=2.7 m | return_time=7 s | return_cost=0.3 % | margin_after_return=60.4 %
[INFO] [1790291986.646830198] [sage_energy_monitor]: ENERGY | remaining=80.6 % | voltage=15.85 V | drain_rate=0.041 %/s | home_distance=2.1 m | return_time=6 s | return_cost=0.3 % | margin_after_return=60.4 %
[INFO] [1790291987.650173371] [sage_energy_monitor]: ENERGY | remaining=80.6 % | voltage=15.85 V | drain_rate=0.041 %/s | home_distance=2.5 m | return_time=7 s | return_cost=0.3 % | margin_after_return=60.3 %
[INFO] [1790291988.644498371] [sage_energy_monitor]: ENERGY | remaining=80.6 % | voltage=15.85 V | drain_rate=0.041 %/s | home_distance=3.1 m | return_time=7 s | return_cost=0.3 % | margin_after_return=60.3 %
[INFO] [1790291989.645137372] [sage_energy_monitor]: ENERGY | remaining=80.5 % | voltage=15.85 V | drain_rate=0.041 %/s | home_distance=3.0 m | return_time=7 s | return_cost=0.3 % | margin_after_return=60.2 %
[INFO] [1790291990.646155191] [sage_energy_monitor]: ENERGY | remaining=80.5 % | voltage=15.85 V | drain_rate=0.041 %/s | home_distance=2.5 m | return_time=6 s | return_cost=0.3 % | margin_after_return=60.2 %
[INFO] [1790291991.651872476] [sage_energy_monitor]: ENERGY | remaining=80.4 % | voltage=15.85 V | drain_rate=0.041 %/s | home_distance=2.5 m | return_time=7 s | return_cost=0.3 % | margin_after_return=60.2 %
[INFO] [1790291992.646320796] [sage_energy_monitor]: ENERGY | remaining=80.4 % | voltage=15.85 V | drain_rate=0.041 %/s | home_distance=3.8 m | return_time=8 s | return_cost=0.3 % | margin_after_return=60.1 %
[INFO] [1790291993.646951961] [sage_energy_monitor]: ENERGY | remaining=80.3 % | voltage=15.85 V | drain_rate=0.041 %/s | home_distance=4.7 m | return_time=9 s | return_cost=0.4 % | margin_after_return=60.0 %
[INFO] [1790291994.645428650] [sage_energy_monitor]: ENERGY | remaining=80.3 % | voltage=15.84 V | drain_rate=0.041 %/s | home_distance=4.8 m | return_time=9 s | return_cost=0.4 % | margin_after_return=59.9 %
[INFO] [1790291995.646602406] [sage_energy_monitor]: ENERGY | remaining=80.3 % | voltage=15.84 V | drain_rate=0.041 %/s | home_distance=3.7 m | return_time=8 s | return_cost=0.3 % | margin_after_return=60.0 %
[INFO] [1790291996.644516445] [sage_energy_monitor]: ENERGY | remaining=80.2 % | voltage=15.84 V | drain_rate=0.041 %/s | home_distance=2.6 m | return_time=7 s | return_cost=0.3 % | margin_after_return=60.0 %
[INFO] [1790291997.647766772] [sage_energy_monitor]: ENERGY | remaining=80.2 % | voltage=15.84 V | drain_rate=0.041 %/s | home_distance=2.3 m | return_time=6 s | return_cost=0.3 % | margin_after_return=59.9 %
[INFO] [1790291998.647390250] [sage_energy_monitor]: ENERGY | remaining=80.1 % | voltage=15.84 V | drain_rate=0.041 %/s | home_distance=3.7 m | return_time=8 s | return_cost=0.3 % | margin_after_return=59.8 %
[INFO] [1790291999.643965473] [sage_energy_monitor]: ENERGY | remaining=80.1 % | voltage=15.84 V | drain_rate=0.041 %/s | home_distance=5.6 m | return_time=10 s | return_cost=0.4 % | margin_after_return=59.7 %
[INFO] [1790292000.645033597] [sage_energy_monitor]: ENERGY | remaining=80.1 % | voltage=15.84 V | drain_rate=0.041 %/s | home_distance=6.5 m | return_time=11 s | return_cost=0.4 % | margin_after_return=59.6 %
[INFO] [1790292001.648347839] [sage_energy_monitor]: ENERGY | remaining=80.0 % | voltage=15.84 V | drain_rate=0.041 %/s | home_distance=6.8 m | return_time=11 s | return_cost=0.4 % | margin_after_return=59.6 %
[INFO] [1790292002.645228582] [sage_energy_monitor]: ENERGY | remaining=80.0 % | voltage=15.84 V | drain_rate=0.041 %/s | home_distance=7.6 m | return_time=12 s | return_cost=0.5 % | margin_after_return=59.5 %
[INFO] [1790292003.645903133] [sage_energy_monitor]: ENERGY | remaining=79.9 % | voltage=15.84 V | drain_rate=0.041 %/s | home_distance=9.7 m | return_time=14 s | return_cost=0.6 % | margin_after_return=59.4 %
[INFO] [1790292004.647339758] [sage_energy_monitor]: ENERGY | remaining=79.9 % | voltage=15.84 V | drain_rate=0.041 %/s | home_distance=11.9 m | return_time=16 s | return_cost=0.7 % | margin_after_return=59.2 %
[INFO] [1790292005.647403844] [sage_energy_monitor]: ENERGY | remaining=79.9 % | voltage=15.84 V | drain_rate=0.041 %/s | home_distance=13.8 m | return_time=18 s | return_cost=0.7 % | margin_after_return=59.1 %
[INFO] [1790292006.645455452] [sage_energy_monitor]: ENERGY | remaining=79.8 % | voltage=15.84 V | drain_rate=0.041 %/s | home_distance=14.2 m | return_time=18 s | return_cost=0.8 % | margin_after_return=59.1 %
[INFO] [1790292007.647351685] [sage_energy_monitor]: ENERGY | remaining=79.8 % | voltage=15.83 V | drain_rate=0.041 %/s | home_distance=13.6 m | return_time=18 s | return_cost=0.7 % | margin_after_return=59.0 %
[INFO] [1790292008.644196035] [sage_energy_monitor]: ENERGY | remaining=79.7 % | voltage=15.83 V | drain_rate=0.041 %/s | home_distance=12.4 m | return_time=17 s | return_cost=0.7 % | margin_after_return=59.1 %
[INFO] [1790292009.654195119] [sage_energy_monitor]: ENERGY | remaining=79.7 % | voltage=15.83 V | drain_rate=0.041 %/s | home_distance=10.9 m | return_time=15 s | return_cost=0.6 % | margin_after_return=59.1 %
[INFO] [1790292010.644064539] [sage_energy_monitor]: ENERGY | remaining=79.7 % | voltage=15.83 V | drain_rate=0.041 %/s | home_distance=10.1 m | return_time=14 s | return_cost=0.6 % | margin_after_return=59.1 %
[INFO] [1790292011.643845551] [sage_energy_monitor]: ENERGY | remaining=79.6 % | voltage=15.83 V | drain_rate=0.041 %/s | home_distance=9.7 m | return_time=14 s | return_cost=0.6 % | margin_after_return=59.0 %
[INFO] [1790292012.645735985] [sage_energy_monitor]: ENERGY | remaining=79.6 % | voltage=15.83 V | drain_rate=0.041 %/s | home_distance=9.5 m | return_time=14 s | return_cost=0.6 % | margin_after_return=59.0 %
[INFO] [1790292013.650075874] [sage_energy_monitor]: ENERGY | remaining=79.5 % | voltage=15.83 V | drain_rate=0.041 %/s | home_distance=9.7 m | return_time=14 s | return_cost=0.6 % | margin_after_return=59.0 %
[INFO] [1790292014.644625092] [sage_energy_monitor]: ENERGY | remaining=79.5 % | voltage=15.83 V | drain_rate=0.041 %/s | home_distance=9.8 m | return_time=14 s | return_cost=0.6 % | margin_after_return=58.9 %
[INFO] [1790292015.655187471] [sage_energy_monitor]: ENERGY | remaining=79.4 % | voltage=15.83 V | drain_rate=0.041 %/s | home_distance=9.9 m | return_time=14 s | return_cost=0.6 % | margin_after_return=58.9 %
[INFO] [1790292016.651385904] [sage_energy_monitor]: ENERGY | remaining=79.4 % | voltage=15.83 V | drain_rate=0.041 %/s | home_distance=9.9 m | return_time=14 s | return_cost=0.6 % | margin_after_return=58.8 %
[INFO] [1790292017.645424266] [sage_energy_monitor]: ENERGY | remaining=79.4 % | voltage=15.83 V | drain_rate=0.041 %/s | home_distance=9.9 m | return_time=14 s | return_cost=0.6 % | margin_after_return=58.8 %
[INFO] [1790292018.647809113] [sage_energy_monitor]: ENERGY | remaining=79.3 % | voltage=15.83 V | drain_rate=0.041 %/s | home_distance=10.0 m | return_time=14 s | return_cost=0.6 % | margin_after_return=58.7 %
[INFO] [1790292019.645309813] [sage_energy_monitor]: ENERGY | remaining=79.3 % | voltage=15.83 V | drain_rate=0.041 %/s | home_distance=10.1 m | return_time=14 s | return_cost=0.6 % | margin_after_return=58.7 %
[INFO] [1790292020.647750761] [sage_energy_monitor]: ENERGY | remaining=79.2 % | voltage=15.83 V | drain_rate=0.041 %/s | home_distance=10.8 m | return_time=15 s | return_cost=0.6 % | margin_after_return=58.6 %
[INFO] [1790292021.644604186] [sage_energy_monitor]: ENERGY | remaining=79.2 % | voltage=15.82 V | drain_rate=0.041 %/s | home_distance=12.0 m | return_time=16 s | return_cost=0.7 % | margin_after_return=58.5 %
[INFO] [1790292022.644617235] [sage_energy_monitor]: ENERGY | remaining=79.2 % | voltage=15.82 V | drain_rate=0.041 %/s | home_distance=13.1 m | return_time=17 s | return_cost=0.7 % | margin_after_return=58.4 %
[INFO] [1790292023.645705172] [sage_energy_monitor]: ENERGY | remaining=79.1 % | voltage=15.82 V | drain_rate=0.041 %/s | home_distance=13.8 m | return_time=18 s | return_cost=0.7 % | margin_after_return=58.4 %
[INFO] [1790292024.645230526] [sage_energy_monitor]: ENERGY | remaining=79.1 % | voltage=15.82 V | drain_rate=0.041 %/s | home_distance=13.3 m | return_time=18 s | return_cost=0.7 % | margin_after_return=58.4 %
[INFO] [1790292025.652025518] [sage_energy_monitor]: ENERGY | remaining=79.0 % | voltage=15.82 V | drain_rate=0.041 %/s | home_distance=11.8 m | return_time=16 s | return_cost=0.7 % | margin_after_return=58.4 %
[INFO] [1790292026.645247644] [sage_energy_monitor]: ENERGY | remaining=79.0 % | voltage=15.82 V | drain_rate=0.041 %/s | home_distance=10.3 m | return_time=15 s | return_cost=0.6 % | margin_after_return=58.4 %
[INFO] [1790292027.645797019] [sage_energy_monitor]: ENERGY | remaining=79.0 % | voltage=15.82 V | drain_rate=0.041 %/s | home_distance=9.6 m | return_time=14 s | return_cost=0.6 % | margin_after_return=58.4 %
[INFO] [1790292028.644421120] [sage_energy_monitor]: ENERGY | remaining=78.9 % | voltage=15.82 V | drain_rate=0.041 %/s | home_distance=9.4 m | return_time=14 s | return_cost=0.6 % | margin_after_return=58.4 %
[INFO] [1790292029.645202015] [sage_energy_monitor]: ENERGY | remaining=78.9 % | voltage=15.82 V | drain_rate=0.041 %/s | home_distance=9.4 m | return_time=14 s | return_cost=0.6 % | margin_after_return=58.3 %
[INFO] [1790292030.647375458] [sage_energy_monitor]: ENERGY | remaining=78.8 % | voltage=15.82 V | drain_rate=0.041 %/s | home_distance=9.3 m | return_time=13 s | return_cost=0.6 % | margin_after_return=58.3 %
[INFO] [1790292031.657420277] [sage_energy_monitor]: ENERGY | remaining=78.8 % | voltage=15.82 V | drain_rate=0.041 %/s | home_distance=9.4 m | return_time=13 s | return_cost=0.6 % | margin_after_return=58.2 %
[INFO] [1790292032.647098185] [sage_energy_monitor]: ENERGY | remaining=78.7 % | voltage=15.82 V | drain_rate=0.041 %/s | home_distance=9.4 m | return_time=14 s | return_cost=0.6 % | margin_after_return=58.2 %
[INFO] [1790292033.645866719] [sage_energy_monitor]: ENERGY | remaining=78.7 % | voltage=15.82 V | drain_rate=0.041 %/s | home_distance=9.4 m | return_time=14 s | return_cost=0.6 % | margin_after_return=58.2 %
[INFO] [1790292034.646381548] [sage_energy_monitor]: ENERGY | remaining=78.7 % | voltage=15.82 V | drain_rate=0.041 %/s | home_distance=9.5 m | return_time=14 s | return_cost=0.6 % | margin_after_return=58.1 %
[INFO] [1790292035.645172016] [sage_energy_monitor]: ENERGY | remaining=78.6 % | voltage=15.81 V | drain_rate=0.041 %/s | home_distance=9.5 m | return_time=14 s | return_cost=0.6 % | margin_after_return=58.1 %
[INFO] [1790292036.645198956] [sage_energy_monitor]: ENERGY | remaining=78.6 % | voltage=15.81 V | drain_rate=0.041 %/s | home_distance=9.5 m | return_time=14 s | return_cost=0.6 % | margin_after_return=58.0 %
[INFO] [1790292037.645552914] [sage_energy_monitor]: ENERGY | remaining=78.5 % | voltage=15.81 V | drain_rate=0.041 %/s | home_distance=9.8 m | return_time=14 s | return_cost=0.6 % | margin_after_return=58.0 %
[INFO] [1790292038.643761906] [sage_energy_monitor]: ENERGY | remaining=78.5 % | voltage=15.81 V | drain_rate=0.041 %/s | home_distance=10.7 m | return_time=15 s | return_cost=0.6 % | margin_after_return=57.9 %
[INFO] [1790292039.645689900] [sage_energy_monitor]: ENERGY | remaining=78.5 % | voltage=15.81 V | drain_rate=0.041 %/s | home_distance=11.9 m | return_time=16 s | return_cost=0.7 % | margin_after_return=57.8 %
[INFO] [1790292040.645170809] [sage_energy_monitor]: ENERGY | remaining=78.4 % | voltage=15.81 V | drain_rate=0.041 %/s | home_distance=12.6 m | return_time=17 s | return_cost=0.7 % | margin_after_return=57.7 %
[INFO] [1790292041.648833479] [sage_energy_monitor]: ENERGY | remaining=78.4 % | voltage=15.81 V | drain_rate=0.041 %/s | home_distance=12.8 m | return_time=17 s | return_cost=0.7 % | margin_after_return=57.7 %
[INFO] [1790292042.646141933] [sage_energy_monitor]: ENERGY | remaining=78.3 % | voltage=15.81 V | drain_rate=0.041 %/s | home_distance=12.7 m | return_time=17 s | return_cost=0.7 % | margin_after_return=57.6 %
[INFO] [1790292043.645274334] [sage_energy_monitor]: ENERGY | remaining=78.3 % | voltage=15.81 V | drain_rate=0.041 %/s | home_distance=12.7 m | return_time=17 s | return_cost=0.7 % | margin_after_return=57.6 %
[INFO] [1790292044.650714232] [sage_energy_monitor]: ENERGY | remaining=78.3 % | voltage=15.81 V | drain_rate=0.041 %/s | home_distance=12.7 m | return_time=17 s | return_cost=0.7 % | margin_after_return=57.6 %
[INFO] [1790292045.646103216] [sage_energy_monitor]: ENERGY | remaining=78.2 % | voltage=15.81 V | drain_rate=0.041 %/s | home_distance=12.7 m | return_time=17 s | return_cost=0.7 % | margin_after_return=57.5 %
[INFO] [1790292046.646469022] [sage_energy_monitor]: ENERGY | remaining=78.2 % | voltage=15.81 V | drain_rate=0.041 %/s | home_distance=12.8 m | return_time=17 s | return_cost=0.7 % | margin_after_return=57.5 %
[INFO] [1790292047.644436721] [sage_energy_monitor]: ENERGY | remaining=78.1 % | voltage=15.81 V | drain_rate=0.041 %/s | home_distance=12.8 m | return_time=17 s | return_cost=0.7 % | margin_after_return=57.4 %
[INFO] [1790292048.646990255] [sage_energy_monitor]: ENERGY | remaining=78.1 % | voltage=15.80 V | drain_rate=0.041 %/s | home_distance=12.8 m | return_time=17 s | return_cost=0.7 % | margin_after_return=57.4 %
[INFO] [1790292049.648893502] [sage_energy_monitor]: ENERGY | remaining=78.0 % | voltage=15.80 V | drain_rate=0.041 %/s | home_distance=12.7 m | return_time=17 s | return_cost=0.7 % | margin_after_return=57.4 %
[INFO] [1790292050.644140574] [sage_energy_monitor]: ENERGY | remaining=78.0 % | voltage=15.80 V | drain_rate=0.041 %/s | home_distance=12.0 m | return_time=16 s | return_cost=0.7 % | margin_after_return=57.3 %
[INFO] [1790292051.645616992] [sage_energy_monitor]: ENERGY | remaining=78.0 % | voltage=15.80 V | drain_rate=0.041 %/s | home_distance=10.9 m | return_time=15 s | return_cost=0.6 % | margin_after_return=57.3 %
[INFO] [1790292052.646062520] [sage_energy_monitor]: ENERGY | remaining=77.9 % | voltage=15.80 V | drain_rate=0.041 %/s | home_distance=10.1 m | return_time=14 s | return_cost=0.6 % | margin_after_return=57.3 %
[INFO] [1790292053.644851581] [sage_energy_monitor]: ENERGY | remaining=77.9 % | voltage=15.80 V | drain_rate=0.041 %/s | home_distance=9.6 m | return_time=14 s | return_cost=0.6 % | margin_after_return=57.3 %
[INFO] [1790292054.644196325] [sage_energy_monitor]: ENERGY | remaining=77.8 % | voltage=15.80 V | drain_rate=0.042 %/s | home_distance=9.3 m | return_time=13 s | return_cost=0.6 % | margin_after_return=57.3 %
[INFO] [1790292055.644028442] [sage_energy_monitor]: ENERGY | remaining=77.8 % | voltage=15.80 V | drain_rate=0.041 %/s | home_distance=9.2 m | return_time=13 s | return_cost=0.6 % | margin_after_return=57.2 %
[INFO] [1790292056.646176282] [sage_energy_monitor]: ENERGY | remaining=77.8 % | voltage=15.80 V | drain_rate=0.042 %/s | home_distance=9.3 m | return_time=13 s | return_cost=0.6 % | margin_after_return=57.2 %
[INFO] [1790292057.647402630] [sage_energy_monitor]: ENERGY | remaining=77.7 % | voltage=15.80 V | drain_rate=0.042 %/s | home_distance=9.4 m | return_time=13 s | return_cost=0.6 % | margin_after_return=57.2 %
[INFO] [1790292058.649785540] [sage_energy_monitor]: ENERGY | remaining=77.7 % | voltage=15.80 V | drain_rate=0.041 %/s | home_distance=9.4 m | return_time=13 s | return_cost=0.6 % | margin_after_return=57.1 %
[INFO] [1790292059.649442350] [sage_energy_monitor]: ENERGY | remaining=77.6 % | voltage=15.80 V | drain_rate=0.041 %/s | home_distance=9.5 m | return_time=13 s | return_cost=0.6 % | margin_after_return=57.1 %
[INFO] [1790292060.646514911] [sage_energy_monitor]: ENERGY | remaining=77.6 % | voltage=15.80 V | drain_rate=0.041 %/s | home_distance=9.5 m | return_time=13 s | return_cost=0.6 % | margin_after_return=57.0 %
[INFO] [1790292061.646228057] [sage_energy_monitor]: ENERGY | remaining=77.5 % | voltage=15.79 V | drain_rate=0.041 %/s | home_distance=9.4 m | return_time=13 s | return_cost=0.6 % | margin_after_return=57.0 %
[INFO] [1790292062.646424300] [sage_energy_monitor]: ENERGY | remaining=77.5 % | voltage=15.79 V | drain_rate=0.041 %/s | home_distance=8.7 m | return_time=12 s | return_cost=0.5 % | margin_after_return=57.0 %
[INFO] [1790292063.645029091] [sage_energy_monitor]: ENERGY | remaining=77.5 % | voltage=15.79 V | drain_rate=0.041 %/s | home_distance=6.8 m | return_time=11 s | return_cost=0.4 % | margin_after_return=57.0 %
[INFO] [1790292064.647456420] [sage_energy_monitor]: ENERGY | remaining=77.4 % | voltage=15.79 V | drain_rate=0.041 %/s | home_distance=4.8 m | return_time=9 s | return_cost=0.4 % | margin_after_return=57.1 %
[INFO] [1790292065.648138751] [sage_energy_monitor]: ENERGY | remaining=77.4 % | voltage=15.79 V | drain_rate=0.041 %/s | home_distance=3.0 m | return_time=7 s | return_cost=0.3 % | margin_after_return=57.1 %
[INFO] [1790292066.649770044] [sage_energy_monitor]: ENERGY | remaining=77.3 % | voltage=15.79 V | drain_rate=0.041 %/s | home_distance=1.4 m | return_time=5 s | return_cost=0.2 % | margin_after_return=57.1 %
[INFO] [1790292067.645372289] [sage_energy_monitor]: ENERGY | remaining=77.3 % | voltage=15.79 V | drain_rate=0.041 %/s | home_distance=2.0 m | return_time=6 s | return_cost=0.2 % | margin_after_return=57.1 %
[INFO] [1790292068.648163812] [sage_energy_monitor]: ENERGY | remaining=77.3 % | voltage=15.79 V | drain_rate=0.041 %/s | home_distance=3.8 m | return_time=8 s | return_cost=0.3 % | margin_after_return=56.9 %
[INFO] [1790292069.645084960] [sage_energy_monitor]: ENERGY | remaining=77.2 % | voltage=15.79 V | drain_rate=0.041 %/s | home_distance=5.9 m | return_time=10 s | return_cost=0.4 % | margin_after_return=56.8 %
[INFO] [1790292070.650457679] [sage_energy_monitor]: ENERGY | remaining=77.2 % | voltage=15.79 V | drain_rate=0.041 %/s | home_distance=7.3 m | return_time=11 s | return_cost=0.5 % | margin_after_return=56.7 %
[INFO] [1790292071.645857488] [sage_energy_monitor]: ENERGY | remaining=77.1 % | voltage=15.79 V | drain_rate=0.041 %/s | home_distance=7.7 m | return_time=12 s | return_cost=0.5 % | margin_after_return=56.7 %
[INFO] [1790292072.645357975] [sage_energy_monitor]: ENERGY | remaining=77.1 % | voltage=15.79 V | drain_rate=0.041 %/s | home_distance=6.3 m | return_time=10 s | return_cost=0.4 % | margin_after_return=56.7 %
[INFO] [1790292073.645338107] [sage_energy_monitor]: ENERGY | remaining=77.1 % | voltage=15.79 V | drain_rate=0.041 %/s | home_distance=4.4 m | return_time=9 s | return_cost=0.4 % | margin_after_return=56.7 %
[INFO] [1790292074.645098149] [sage_energy_monitor]: ENERGY | remaining=77.0 % | voltage=15.79 V | drain_rate=0.041 %/s | home_distance=3.4 m | return_time=8 s | return_cost=0.3 % | margin_after_return=56.7 %
[INFO] [1790292075.646721306] [sage_energy_monitor]: ENERGY | remaining=77.0 % | voltage=15.78 V | drain_rate=0.041 %/s | home_distance=3.4 m | return_time=7 s | return_cost=0.3 % | margin_after_return=56.7 %
[INFO] [1790292076.646519460] [sage_energy_monitor]: ENERGY | remaining=76.9 % | voltage=15.78 V | drain_rate=0.041 %/s | home_distance=3.4 m | return_time=7 s | return_cost=0.3 % | margin_after_return=56.6 %
[INFO] [1790292077.648126120] [sage_energy_monitor]: ENERGY | remaining=76.9 % | voltage=15.78 V | drain_rate=0.041 %/s | home_distance=3.3 m | return_time=7 s | return_cost=0.3 % | margin_after_return=56.6 %
[INFO] [1790292078.646647045] [sage_energy_monitor]: ENERGY | remaining=76.8 % | voltage=15.78 V | drain_rate=0.042 %/s | home_distance=4.5 m | return_time=9 s | return_cost=0.4 % | margin_after_return=56.5 %
[INFO] [1790292079.643876646] [sage_energy_monitor]: ENERGY | remaining=76.8 % | voltage=15.78 V | drain_rate=0.042 %/s | home_distance=6.6 m | return_time=11 s | return_cost=0.4 % | margin_after_return=56.4 %
[INFO] [1790292080.645720218] [sage_energy_monitor]: ENERGY | remaining=76.8 % | voltage=15.78 V | drain_rate=0.042 %/s | home_distance=8.8 m | return_time=13 s | return_cost=0.5 % | margin_after_return=56.2 %
[INFO] [1790292081.644018354] [sage_energy_monitor]: ENERGY | remaining=76.7 % | voltage=15.78 V | drain_rate=0.041 %/s | home_distance=10.4 m | return_time=14 s | return_cost=0.6 % | margin_after_return=56.1 %
[INFO] [1790292082.651840843] [sage_energy_monitor]: ENERGY | remaining=76.7 % | voltage=15.78 V | drain_rate=0.042 %/s | home_distance=10.9 m | return_time=15 s | return_cost=0.6 % | margin_after_return=56.1 %
[INFO] [1790292083.646950570] [sage_energy_monitor]: ENERGY | remaining=76.6 % | voltage=15.78 V | drain_rate=0.042 %/s | home_distance=10.9 m | return_time=15 s | return_cost=0.6 % | margin_after_return=56.0 %
[INFO] [1790292084.645797948] [sage_energy_monitor]: ENERGY | remaining=76.6 % | voltage=15.78 V | drain_rate=0.042 %/s | home_distance=10.0 m | return_time=14 s | return_cost=0.6 % | margin_after_return=56.0 %
[INFO] [1790292085.645747765] [sage_energy_monitor]: ENERGY | remaining=76.5 % | voltage=15.78 V | drain_rate=0.042 %/s | home_distance=8.9 m | return_time=13 s | return_cost=0.5 % | margin_after_return=56.0 %
[INFO] [1790292086.653147546] [sage_energy_monitor]: ENERGY | remaining=76.5 % | voltage=15.78 V | drain_rate=0.042 %/s | home_distance=8.3 m | return_time=12 s | return_cost=0.5 % | margin_after_return=56.0 %
[INFO] [1790292087.650206841] [sage_energy_monitor]: ENERGY | remaining=76.5 % | voltage=15.78 V | drain_rate=0.041 %/s | home_distance=8.5 m | return_time=12 s | return_cost=0.5 % | margin_after_return=56.0 %
[INFO] [1790292088.646658220] [sage_energy_monitor]: ENERGY | remaining=76.4 % | voltage=15.77 V | drain_rate=0.042 %/s | home_distance=9.5 m | return_time=14 s | return_cost=0.6 % | margin_after_return=55.9 %
[INFO] [1790292089.646797769] [sage_energy_monitor]: ENERGY | remaining=76.4 % | voltage=15.77 V | drain_rate=0.042 %/s | home_distance=10.5 m | return_time=15 s | return_cost=0.6 % | margin_after_return=55.8 %
[INFO] [1790292090.647669083] [sage_energy_monitor]: ENERGY | remaining=76.3 % | voltage=15.77 V | drain_rate=0.042 %/s | home_distance=11.0 m | return_time=15 s | return_cost=0.6 % | margin_after_return=55.7 %
[INFO] [1790292091.643977928] [sage_energy_monitor]: ENERGY | remaining=76.3 % | voltage=15.77 V | drain_rate=0.042 %/s | home_distance=11.4 m | return_time=15 s | return_cost=0.6 % | margin_after_return=55.7 %
[INFO] [1790292092.647373705] [sage_energy_monitor]: ENERGY | remaining=76.3 % | voltage=15.77 V | drain_rate=0.042 %/s | home_distance=11.9 m | return_time=16 s | return_cost=0.7 % | margin_after_return=55.6 %
[INFO] [1790292093.644531306] [sage_energy_monitor]: ENERGY | remaining=76.2 % | voltage=15.77 V | drain_rate=0.042 %/s | home_distance=12.7 m | return_time=17 s | return_cost=0.7 % | margin_after_return=55.5 %
[INFO] [1790292094.650007748] [sage_energy_monitor]: ENERGY | remaining=76.2 % | voltage=15.77 V | drain_rate=0.042 %/s | home_distance=13.4 m | return_time=17 s | return_cost=0.7 % | margin_after_return=55.5 %
[INFO] [1790292095.660940709] [sage_energy_monitor]: ENERGY | remaining=76.1 % | voltage=15.77 V | drain_rate=0.042 %/s | home_distance=13.7 m | return_time=18 s | return_cost=0.7 % | margin_after_return=55.4 %
[INFO] [1790292096.649676555] [sage_energy_monitor]: ENERGY | remaining=76.1 % | voltage=15.77 V | drain_rate=0.041 %/s | home_distance=13.0 m | return_time=17 s | return_cost=0.7 % | margin_after_return=55.4 %
[INFO] [1790292097.645258734] [sage_energy_monitor]: ENERGY | remaining=76.1 % | voltage=15.77 V | drain_rate=0.041 %/s | home_distance=11.9 m | return_time=16 s | return_cost=0.7 % | margin_after_return=55.4 %
[INFO] [1790292098.644318868] [sage_energy_monitor]: ENERGY | remaining=76.0 % | voltage=15.77 V | drain_rate=0.041 %/s | home_distance=10.8 m | return_time=15 s | return_cost=0.6 % | margin_after_return=55.4 %
[INFO] [1790292099.644034544] [sage_energy_monitor]: ENERGY | remaining=76.0 % | voltage=15.77 V | drain_rate=0.041 %/s | home_distance=10.0 m | return_time=14 s | return_cost=0.6 % | margin_after_return=55.4 %
[INFO] [1790292100.645819707] [sage_energy_monitor]: ENERGY | remaining=75.9 % | voltage=15.77 V | drain_rate=0.041 %/s | home_distance=9.6 m | return_time=14 s | return_cost=0.6 % | margin_after_return=55.4 %
[INFO] [1790292101.647796640] [sage_energy_monitor]: ENERGY | remaining=75.9 % | voltage=15.77 V | drain_rate=0.041 %/s | home_distance=9.6 m | return_time=14 s | return_cost=0.6 % | margin_after_return=55.3 %
[INFO] [1790292102.645905368] [sage_energy_monitor]: ENERGY | remaining=75.9 % | voltage=15.76 V | drain_rate=0.041 %/s | home_distance=9.6 m | return_time=14 s | return_cost=0.6 % | margin_after_return=55.3 %
[INFO] [1790292103.646867532] [sage_energy_monitor]: ENERGY | remaining=75.8 % | voltage=15.76 V | drain_rate=0.041 %/s | home_distance=9.5 m | return_time=14 s | return_cost=0.6 % | margin_after_return=55.3 %
[INFO] [1790292104.646267264] [sage_energy_monitor]: ENERGY | remaining=75.8 % | voltage=15.76 V | drain_rate=0.041 %/s | home_distance=9.5 m | return_time=14 s | return_cost=0.6 % | margin_after_return=55.2 %
[INFO] [1790292105.650667478] [sage_energy_monitor]: ENERGY | remaining=75.7 % | voltage=15.76 V | drain_rate=0.041 %/s | home_distance=9.4 m | return_time=14 s | return_cost=0.6 % | margin_after_return=55.2 %
[INFO] [1790292106.646438866] [sage_energy_monitor]: ENERGY | remaining=75.7 % | voltage=15.76 V | drain_rate=0.041 %/s | home_distance=9.4 m | return_time=14 s | return_cost=0.6 % | margin_after_return=55.1 %
[INFO] [1790292107.644863068] [sage_energy_monitor]: ENERGY | remaining=75.7 % | voltage=15.76 V | drain_rate=0.041 %/s | home_distance=9.4 m | return_time=14 s | return_cost=0.6 % | margin_after_return=55.1 %
[INFO] [1790292108.645014846] [sage_energy_monitor]: ENERGY | remaining=75.6 % | voltage=15.76 V | drain_rate=0.041 %/s | home_distance=9.4 m | return_time=13 s | return_cost=0.6 % | margin_after_return=55.1 %
[INFO] [1790292109.646649851] [sage_energy_monitor]: ENERGY | remaining=75.6 % | voltage=15.76 V | drain_rate=0.041 %/s | home_distance=9.4 m | return_time=13 s | return_cost=0.5 % | margin_after_return=55.0 %
[INFO] [1790292110.648838249] [sage_energy_monitor]: ENERGY | remaining=75.5 % | voltage=15.76 V | drain_rate=0.041 %/s | home_distance=8.4 m | return_time=12 s | return_cost=0.5 % | margin_after_return=55.0 %
[INFO] [1790292111.646929649] [sage_energy_monitor]: ENERGY | remaining=75.5 % | voltage=15.76 V | drain_rate=0.041 %/s | home_distance=6.4 m | return_time=10 s | return_cost=0.4 % | margin_after_return=55.1 %
[INFO] [1790292112.648650420] [sage_energy_monitor]: ENERGY | remaining=75.4 % | voltage=15.76 V | drain_rate=0.041 %/s | home_distance=4.8 m | return_time=9 s | return_cost=0.4 % | margin_after_return=55.1 %
[INFO] [1790292113.647765621] [sage_energy_monitor]: ENERGY | remaining=75.4 % | voltage=15.76 V | drain_rate=0.041 %/s | home_distance=4.2 m | return_time=8 s | return_cost=0.3 % | margin_after_return=55.1 %
[INFO] [1790292114.653771063] [sage_energy_monitor]: ENERGY | remaining=75.4 % | voltage=15.76 V | drain_rate=0.041 %/s | home_distance=4.1 m | return_time=8 s | return_cost=0.3 % | margin_after_return=55.0 %
[INFO] [1790292115.652733617] [sage_energy_monitor]: ENERGY | remaining=75.3 % | voltage=15.75 V | drain_rate=0.041 %/s | home_distance=4.2 m | return_time=8 s | return_cost=0.3 % | margin_after_return=55.0 %
[INFO] [1790292116.644234124] [sage_energy_monitor]: ENERGY | remaining=75.3 % | voltage=15.75 V | drain_rate=0.041 %/s | home_distance=4.2 m | return_time=8 s | return_cost=0.3 % | margin_after_return=55.0 %
[INFO] [1790292117.644607312] [sage_energy_monitor]: ENERGY | remaining=75.2 % | voltage=15.75 V | drain_rate=0.041 %/s | home_distance=4.2 m | return_time=8 s | return_cost=0.3 % | margin_after_return=54.9 %
[INFO] [1790292118.650247301] [sage_energy_monitor]: ENERGY | remaining=75.2 % | voltage=15.75 V | drain_rate=0.041 %/s | home_distance=4.2 m | return_time=8 s | return_cost=0.3 % | margin_after_return=54.9 %
[INFO] [1790292119.647673470] [sage_energy_monitor]: ENERGY | remaining=75.2 % | voltage=15.75 V | drain_rate=0.041 %/s | home_distance=4.2 m | return_time=8 s | return_cost=0.3 % | margin_after_return=54.8 %
[INFO] [1790292120.644210543] [sage_energy_monitor]: ENERGY | remaining=75.1 % | voltage=15.75 V | drain_rate=0.041 %/s | home_distance=4.2 m | return_time=8 s | return_cost=0.3 % | margin_after_return=54.8 %
[INFO] [1790292121.644474961] [sage_energy_monitor]: ENERGY | remaining=75.1 % | voltage=15.75 V | drain_rate=0.040 %/s | home_distance=4.2 m | return_time=8 s | return_cost=0.3 % | margin_after_return=54.8 %
[INFO] [1790292122.646606230] [sage_energy_monitor]: ENERGY | remaining=75.0 % | voltage=15.75 V | drain_rate=0.041 %/s | home_distance=3.9 m | return_time=8 s | return_cost=0.3 % | margin_after_return=54.7 %
[INFO] [1790292123.645601996] [sage_energy_monitor]: ENERGY | remaining=75.0 % | voltage=15.75 V | drain_rate=0.041 %/s | home_distance=2.6 m | return_time=7 s | return_cost=0.3 % | margin_after_return=54.7 %
[INFO] [1790292124.652586067] [sage_energy_monitor]: ENERGY | remaining=75.0 % | voltage=15.75 V | drain_rate=0.041 %/s | home_distance=2.4 m | return_time=6 s | return_cost=0.3 % | margin_after_return=54.7 %
[INFO] [1790292125.644528015] [sage_energy_monitor]: ENERGY | remaining=74.9 % | voltage=15.75 V | drain_rate=0.041 %/s | home_distance=3.2 m | return_time=7 s | return_cost=0.3 % | margin_after_return=54.6 %
[INFO] [1790292126.653194795] [sage_energy_monitor]: ENERGY | remaining=74.9 % | voltage=15.75 V | drain_rate=0.041 %/s | home_distance=2.7 m | return_time=7 s | return_cost=0.3 % | margin_after_return=54.6 %
[INFO] [1790292127.646830539] [sage_energy_monitor]: ENERGY | remaining=74.8 % | voltage=15.75 V | drain_rate=0.041 %/s | home_distance=3.1 m | return_time=7 s | return_cost=0.3 % | margin_after_return=54.5 %
[INFO] [1790292128.645373831] [sage_energy_monitor]: ENERGY | remaining=74.8 % | voltage=15.75 V | drain_rate=0.041 %/s | home_distance=4.8 m | return_time=9 s | return_cost=0.4 % | margin_after_return=54.4 %
[INFO] [1790292129.646829244] [sage_energy_monitor]: ENERGY | remaining=74.8 % | voltage=15.74 V | drain_rate=0.041 %/s | home_distance=6.9 m | return_time=11 s | return_cost=0.4 % | margin_after_return=54.3 %
[INFO] [1790292130.647231865] [sage_energy_monitor]: ENERGY | remaining=74.7 % | voltage=15.74 V | drain_rate=0.041 %/s | home_distance=9.1 m | return_time=13 s | return_cost=0.5 % | margin_after_return=54.2 %
[INFO] [1790292131.656630831] [sage_energy_monitor]: ENERGY | remaining=74.7 % | voltage=15.74 V | drain_rate=0.041 %/s | home_distance=11.2 m | return_time=15 s | return_cost=0.6 % | margin_after_return=54.0 %
[INFO] [1790292132.645417789] [sage_energy_monitor]: ENERGY | remaining=74.6 % | voltage=15.74 V | drain_rate=0.041 %/s | home_distance=12.6 m | return_time=17 s | return_cost=0.7 % | margin_after_return=53.9 %
[INFO] [1790292133.644150950] [sage_energy_monitor]: ENERGY | remaining=74.6 % | voltage=15.74 V | drain_rate=0.041 %/s | home_distance=13.1 m | return_time=17 s | return_cost=0.7 % | margin_after_return=53.9 %
[INFO] [1790292134.645760932] [sage_energy_monitor]: ENERGY | remaining=74.5 % | voltage=15.74 V | drain_rate=0.041 %/s | home_distance=11.9 m | return_time=16 s | return_cost=0.7 % | margin_after_return=53.9 %
[INFO] [1790292135.645686784] [sage_energy_monitor]: ENERGY | remaining=74.5 % | voltage=15.74 V | drain_rate=0.041 %/s | home_distance=10.0 m | return_time=14 s | return_cost=0.6 % | margin_after_return=53.9 %
[INFO] [1790292136.657803989] [sage_energy_monitor]: ENERGY | remaining=74.5 % | voltage=15.74 V | drain_rate=0.041 %/s | home_distance=8.9 m | return_time=13 s | return_cost=0.5 % | margin_after_return=53.9 %
[INFO] [1790292137.643971504] [sage_energy_monitor]: ENERGY | remaining=74.4 % | voltage=15.74 V | drain_rate=0.041 %/s | home_distance=8.7 m | return_time=13 s | return_cost=0.5 % | margin_after_return=53.9 %
[INFO] [1790292138.644707557] [sage_energy_monitor]: ENERGY | remaining=74.4 % | voltage=15.74 V | drain_rate=0.041 %/s | home_distance=9.8 m | return_time=14 s | return_cost=0.6 % | margin_after_return=53.8 %
[INFO] [1790292139.651073475] [sage_energy_monitor]: ENERGY | remaining=74.3 % | voltage=15.74 V | drain_rate=0.041 %/s | home_distance=10.5 m | return_time=15 s | return_cost=0.6 % | margin_after_return=53.7 %
[INFO] [1790292140.645136611] [sage_energy_monitor]: ENERGY | remaining=74.3 % | voltage=15.74 V | drain_rate=0.041 %/s | home_distance=10.6 m | return_time=14 s | return_cost=0.6 % | margin_after_return=53.7 %
[INFO] [1790292141.646727408] [sage_energy_monitor]: ENERGY | remaining=74.3 % | voltage=15.74 V | drain_rate=0.041 %/s | home_distance=9.1 m | return_time=13 s | return_cost=0.5 % | margin_after_return=53.7 %
[INFO] [1790292142.646777481] [sage_energy_monitor]: ENERGY | remaining=74.2 % | voltage=15.73 V | drain_rate=0.041 %/s | home_distance=7.0 m | return_time=11 s | return_cost=0.5 % | margin_after_return=53.8 %
[INFO] [1790292143.644237172] [sage_energy_monitor]: ENERGY | remaining=74.2 % | voltage=15.73 V | drain_rate=0.041 %/s | home_distance=5.1 m | return_time=9 s | return_cost=0.4 % | margin_after_return=53.8 %
[INFO] [1790292144.645442632] [sage_energy_monitor]: ENERGY | remaining=74.1 % | voltage=15.73 V | drain_rate=0.041 %/s | home_distance=3.8 m | return_time=8 s | return_cost=0.3 % | margin_after_return=53.8 %
[INFO] [1790292145.652562991] [sage_energy_monitor]: ENERGY | remaining=74.1 % | voltage=15.73 V | drain_rate=0.041 %/s | home_distance=3.2 m | return_time=7 s | return_cost=0.3 % | margin_after_return=53.8 %
[INFO] [1790292146.645999692] [sage_energy_monitor]: ENERGY | remaining=74.1 % | voltage=15.73 V | drain_rate=0.041 %/s | home_distance=3.5 m | return_time=8 s | return_cost=0.3 % | margin_after_return=53.7 %
[INFO] [1790292147.648010904] [sage_energy_monitor]: ENERGY | remaining=74.0 % | voltage=15.73 V | drain_rate=0.041 %/s | home_distance=3.8 m | return_time=8 s | return_cost=0.3 % | margin_after_return=53.7 %
[INFO] [1790292148.644897388] [sage_energy_monitor]: ENERGY | remaining=74.0 % | voltage=15.73 V | drain_rate=0.041 %/s | home_distance=3.8 m | return_time=8 s | return_cost=0.3 % | margin_after_return=53.7 %
[INFO] [1790292149.646216926] [sage_energy_monitor]: ENERGY | remaining=73.9 % | voltage=15.73 V | drain_rate=0.041 %/s | home_distance=3.7 m | return_time=8 s | return_cost=0.3 % | margin_after_return=53.6 %
[INFO] [1790292150.643727098] [sage_energy_monitor]: ENERGY | remaining=73.9 % | voltage=15.73 V | drain_rate=0.041 %/s | home_distance=3.7 m | return_time=8 s | return_cost=0.3 % | margin_after_return=53.6 %
[INFO] [1790292151.651906479] [sage_energy_monitor]: ENERGY | remaining=73.9 % | voltage=15.73 V | drain_rate=0.041 %/s | home_distance=3.7 m | return_time=8 s | return_cost=0.3 % | margin_after_return=53.5 %
[INFO] [1790292152.645224895] [sage_energy_monitor]: ENERGY | remaining=73.8 % | voltage=15.73 V | drain_rate=0.041 %/s | home_distance=3.8 m | return_time=8 s | return_cost=0.3 % | margin_after_return=53.5 %
[INFO] [1790292153.645500995] [sage_energy_monitor]: ENERGY | remaining=73.8 % | voltage=15.73 V | drain_rate=0.041 %/s | home_distance=3.9 m | return_time=8 s | return_cost=0.3 % | margin_after_return=53.5 %
[INFO] [1790292154.647042662] [sage_energy_monitor]: ENERGY | remaining=73.7 % | voltage=15.73 V | drain_rate=0.041 %/s | home_distance=3.9 m | return_time=8 s | return_cost=0.3 % | margin_after_return=53.4 %
[INFO] [1790292155.645083974] [sage_energy_monitor]: ENERGY | remaining=73.7 % | voltage=15.73 V | drain_rate=0.041 %/s | home_distance=3.9 m | return_time=8 s | return_cost=0.3 % | margin_after_return=53.4 %
[INFO] [1790292156.651195775] [sage_energy_monitor]: ENERGY | remaining=73.7 % | voltage=15.72 V | drain_rate=0.041 %/s | home_distance=3.8 m | return_time=8 s | return_cost=0.3 % | margin_after_return=53.3 %
[INFO] [1790292157.644351786] [sage_energy_monitor]: ENERGY | remaining=73.6 % | voltage=15.72 V | drain_rate=0.041 %/s | home_distance=3.2 m | return_time=7 s | return_cost=0.3 % | margin_after_return=53.3 %
[INFO] [1790292158.645857071] [sage_energy_monitor]: ENERGY | remaining=73.6 % | voltage=15.72 V | drain_rate=0.041 %/s | home_distance=3.5 m | return_time=8 s | return_cost=0.3 % | margin_after_return=53.3 %
[INFO] [1790292159.645983922] [sage_energy_monitor]: ENERGY | remaining=73.5 % | voltage=15.72 V | drain_rate=0.041 %/s | home_distance=5.3 m | return_time=9 s | return_cost=0.4 % | margin_after_return=53.1 %
[INFO] [1790292160.652694771] [sage_energy_monitor]: ENERGY | remaining=73.5 % | voltage=15.72 V | drain_rate=0.041 %/s | home_distance=7.4 m | return_time=11 s | return_cost=0.5 % | margin_after_return=53.0 %
[INFO] [1790292161.656444726] [sage_energy_monitor]: ENERGY | remaining=73.4 % | voltage=15.72 V | drain_rate=0.041 %/s | home_distance=9.4 m | return_time=13 s | return_cost=0.5 % | margin_after_return=52.9 %
[INFO] [1790292162.644795269] [sage_energy_monitor]: ENERGY | remaining=73.4 % | voltage=15.72 V | drain_rate=0.041 %/s | home_distance=10.9 m | return_time=15 s | return_cost=0.6 % | margin_after_return=52.8 %
[INFO] [1790292163.645772048] [sage_energy_monitor]: ENERGY | remaining=73.4 % | voltage=15.72 V | drain_rate=0.041 %/s | home_distance=11.3 m | return_time=15 s | return_cost=0.6 % | margin_after_return=52.7 %
[INFO] [1790292164.650751329] [sage_energy_monitor]: ENERGY | remaining=73.3 % | voltage=15.72 V | drain_rate=0.041 %/s | home_distance=11.2 m | return_time=15 s | return_cost=0.6 % | margin_after_return=52.7 %
[INFO] [1790292165.648709268] [sage_energy_monitor]: ENERGY | remaining=73.3 % | voltage=15.72 V | drain_rate=0.041 %/s | home_distance=10.4 m | return_time=14 s | return_cost=0.6 % | margin_after_return=52.7 %
[INFO] [1790292166.644944250] [sage_energy_monitor]: ENERGY | remaining=73.2 % | voltage=15.72 V | drain_rate=0.041 %/s | home_distance=9.8 m | return_time=14 s | return_cost=0.6 % | margin_after_return=52.7 %
[INFO] [1790292167.645775566] [sage_energy_monitor]: ENERGY | remaining=73.2 % | voltage=15.72 V | drain_rate=0.040 %/s | home_distance=9.6 m | return_time=14 s | return_cost=0.6 % | margin_after_return=52.7 %
[INFO] [1790292168.644407342] [sage_energy_monitor]: ENERGY | remaining=73.2 % | voltage=15.72 V | drain_rate=0.040 %/s | home_distance=9.4 m | return_time=14 s | return_cost=0.5 % | margin_after_return=52.6 %
[INFO] [1790292169.648151384] [sage_energy_monitor]: ENERGY | remaining=73.1 % | voltage=15.72 V | drain_rate=0.041 %/s | home_distance=9.4 m | return_time=14 s | return_cost=0.5 % | margin_after_return=52.6 %
[INFO] [1790292170.652239211] [sage_energy_monitor]: ENERGY | remaining=73.1 % | voltage=15.71 V | drain_rate=0.041 %/s | home_distance=9.4 m | return_time=13 s | return_cost=0.5 % | margin_after_return=52.5 %
[INFO] [1790292171.645734352] [sage_energy_monitor]: ENERGY | remaining=73.0 % | voltage=15.71 V | drain_rate=0.041 %/s | home_distance=9.4 m | return_time=13 s | return_cost=0.5 % | margin_after_return=52.5 %
[INFO] [1790292172.645371028] [sage_energy_monitor]: ENERGY | remaining=73.0 % | voltage=15.71 V | drain_rate=0.041 %/s | home_distance=9.4 m | return_time=13 s | return_cost=0.5 % | margin_after_return=52.5 %
[INFO] [1790292173.644215407] [sage_energy_monitor]: ENERGY | remaining=73.0 % | voltage=15.71 V | drain_rate=0.041 %/s | home_distance=9.4 m | return_time=13 s | return_cost=0.5 % | margin_after_return=52.4 %
[INFO] [1790292174.645756139] [sage_energy_monitor]: ENERGY | remaining=72.9 % | voltage=15.71 V | drain_rate=0.041 %/s | home_distance=9.4 m | return_time=13 s | return_cost=0.5 % | margin_after_return=52.4 %
[INFO] [1790292175.643974787] [sage_energy_monitor]: ENERGY | remaining=72.9 % | voltage=15.71 V | drain_rate=0.041 %/s | home_distance=9.4 m | return_time=13 s | return_cost=0.6 % | margin_after_return=52.3 %
[INFO] [1790292176.647285665] [sage_energy_monitor]: ENERGY | remaining=72.8 % | voltage=15.71 V | drain_rate=0.041 %/s | home_distance=9.4 m | return_time=14 s | return_cost=0.6 % | margin_after_return=52.3 %
[INFO] [1790292177.645974010] [sage_energy_monitor]: ENERGY | remaining=72.8 % | voltage=15.71 V | drain_rate=0.041 %/s | home_distance=9.9 m | return_time=14 s | return_cost=0.6 % | margin_after_return=52.2 %
[INFO] [1790292178.645505065] [sage_energy_monitor]: ENERGY | remaining=72.7 % | voltage=15.71 V | drain_rate=0.041 %/s | home_distance=10.3 m | return_time=14 s | return_cost=0.6 % | margin_after_return=52.2 %
[INFO] [1790292179.645075866] [sage_energy_monitor]: ENERGY | remaining=72.7 % | voltage=15.71 V | drain_rate=0.041 %/s | home_distance=10.5 m | return_time=15 s | return_cost=0.6 % | margin_after_return=52.1 %
[INFO] [1790292180.650116722] [sage_energy_monitor]: ENERGY | remaining=72.7 % | voltage=15.71 V | drain_rate=0.041 %/s | home_distance=10.2 m | return_time=14 s | return_cost=0.6 % | margin_after_return=52.1 %
[INFO] [1790292181.644226171] [sage_energy_monitor]: ENERGY | remaining=72.6 % | voltage=15.71 V | drain_rate=0.041 %/s | home_distance=9.7 m | return_time=14 s | return_cost=0.6 % | margin_after_return=52.1 %
[INFO] [1790292182.644353907] [sage_energy_monitor]: ENERGY | remaining=72.6 % | voltage=15.71 V | drain_rate=0.041 %/s | home_distance=9.4 m | return_time=13 s | return_cost=0.5 % | margin_after_return=52.0 %
[INFO] [1790292183.644336792] [sage_energy_monitor]: ENERGY | remaining=72.5 % | voltage=15.70 V | drain_rate=0.041 %/s | home_distance=9.3 m | return_time=13 s | return_cost=0.5 % | margin_after_return=52.0 %
[INFO] [1790292184.643623300] [sage_energy_monitor]: ENERGY | remaining=72.5 % | voltage=15.70 V | drain_rate=0.041 %/s | home_distance=9.4 m | return_time=13 s | return_cost=0.5 % | margin_after_return=52.0 %
[INFO] [1790292185.645298519] [sage_energy_monitor]: ENERGY | remaining=72.5 % | voltage=15.70 V | drain_rate=0.041 %/s | home_distance=9.5 m | return_time=14 s | return_cost=0.6 % | margin_after_return=51.9 %
[INFO] [1790292186.646629093] [sage_energy_monitor]: ENERGY | remaining=72.4 % | voltage=15.70 V | drain_rate=0.041 %/s | home_distance=9.5 m | return_time=14 s | return_cost=0.6 % | margin_after_return=51.9 %
[INFO] [1790292187.656777870] [sage_energy_monitor]: ENERGY | remaining=72.4 % | voltage=15.70 V | drain_rate=0.041 %/s | home_distance=9.5 m | return_time=13 s | return_cost=0.6 % | margin_after_return=51.8 %
[INFO] [1790292188.645976609] [sage_energy_monitor]: ENERGY | remaining=72.3 % | voltage=15.70 V | drain_rate=0.041 %/s | home_distance=9.5 m | return_time=13 s | return_cost=0.5 % | margin_after_return=51.8 %
[INFO] [1790292189.645002985] [sage_energy_monitor]: ENERGY | remaining=72.3 % | voltage=15.70 V | drain_rate=0.041 %/s | home_distance=9.5 m | return_time=13 s | return_cost=0.5 % | margin_after_return=51.8 %
[INFO] [1790292190.645904511] [sage_energy_monitor]: ENERGY | remaining=72.3 % | voltage=15.70 V | drain_rate=0.041 %/s | home_distance=9.1 m | return_time=13 s | return_cost=0.5 % | margin_after_return=51.7 %
[INFO] [1790292191.645187183] [sage_energy_monitor]: ENERGY | remaining=72.2 % | voltage=15.70 V | drain_rate=0.041 %/s | home_distance=7.6 m | return_time=11 s | return_cost=0.5 % | margin_after_return=51.8 %
[INFO] [1790292192.649503477] [sage_energy_monitor]: ENERGY | remaining=72.2 % | voltage=15.70 V | drain_rate=0.041 %/s | home_distance=5.7 m | return_time=9 s | return_cost=0.4 % | margin_after_return=51.8 %
[INFO] [1790292193.653078296] [sage_energy_monitor]: ENERGY | remaining=72.1 % | voltage=15.70 V | drain_rate=0.041 %/s | home_distance=4.5 m | return_time=8 s | return_cost=0.3 % | margin_after_return=51.8 %
[INFO] [1790292194.646438177] [sage_energy_monitor]: ENERGY | remaining=72.1 % | voltage=15.70 V | drain_rate=0.041 %/s | home_distance=3.2 m | return_time=7 s | return_cost=0.3 % | margin_after_return=51.8 %
[INFO] [1790292195.646120777] [sage_energy_monitor]: ENERGY | remaining=72.1 % | voltage=15.70 V | drain_rate=0.041 %/s | home_distance=1.3 m | return_time=5 s | return_cost=0.2 % | margin_after_return=51.8 %
[INFO] [1790292196.655814327] [sage_energy_monitor]: ENERGY | remaining=72.0 % | voltage=15.70 V | drain_rate=0.041 %/s | home_distance=1.7 m | return_time=5 s | return_cost=0.2 % | margin_after_return=51.8 %
[INFO] [1790292197.649190798] [sage_energy_monitor]: ENERGY | remaining=72.0 % | voltage=15.69 V | drain_rate=0.041 %/s | home_distance=3.2 m | return_time=7 s | return_cost=0.3 % | margin_after_return=51.7 %
[INFO] [1790292198.644251540] [sage_energy_monitor]: ENERGY | remaining=71.9 % | voltage=15.69 V | drain_rate=0.041 %/s | home_distance=3.9 m | return_time=8 s | return_cost=0.3 % | margin_after_return=51.6 %
[INFO] [1790292199.646108790] [sage_energy_monitor]: ENERGY | remaining=71.9 % | voltage=15.69 V | drain_rate=0.041 %/s | home_distance=3.5 m | return_time=7 s | return_cost=0.3 % | margin_after_return=51.6 %
[INFO] [1790292200.646518171] [sage_energy_monitor]: ENERGY | remaining=71.9 % | voltage=15.69 V | drain_rate=0.041 %/s | home_distance=2.8 m | return_time=7 s | return_cost=0.3 % | margin_after_return=51.6 %
[INFO] [1790292201.645741322] [sage_energy_monitor]: ENERGY | remaining=71.8 % | voltage=15.69 V | drain_rate=0.041 %/s | home_distance=2.7 m | return_time=7 s | return_cost=0.3 % | margin_after_return=51.5 %
[INFO] [1790292202.646176581] [sage_energy_monitor]: ENERGY | remaining=71.8 % | voltage=15.69 V | drain_rate=0.041 %/s | home_distance=3.0 m | return_time=7 s | return_cost=0.3 % | margin_after_return=51.5 %
[INFO] [1790292203.645531179] [sage_energy_monitor]: ENERGY | remaining=71.7 % | voltage=15.69 V | drain_rate=0.041 %/s | home_distance=4.7 m | return_time=9 s | return_cost=0.4 % | margin_after_return=51.4 %
[INFO] [1790292204.643752254] [sage_energy_monitor]: ENERGY | remaining=71.7 % | voltage=15.69 V | drain_rate=0.041 %/s | home_distance=6.7 m | return_time=11 s | return_cost=0.4 % | margin_after_return=51.2 %
[INFO] [1790292205.657500413] [sage_energy_monitor]: ENERGY | remaining=71.6 % | voltage=15.69 V | drain_rate=0.041 %/s | home_distance=7.7 m | return_time=12 s | return_cost=0.5 % | margin_after_return=51.2 %
[INFO] [1790292206.648863963] [sage_energy_monitor]: ENERGY | remaining=71.6 % | voltage=15.69 V | drain_rate=0.041 %/s | home_distance=7.9 m | return_time=12 s | return_cost=0.5 % | margin_after_return=51.1 %
[INFO] [1790292207.647554112] [sage_energy_monitor]: ENERGY | remaining=71.6 % | voltage=15.69 V | drain_rate=0.041 %/s | home_distance=7.2 m | return_time=11 s | return_cost=0.5 % | margin_after_return=51.1 %
[INFO] [1790292208.646322999] [sage_energy_monitor]: ENERGY | remaining=71.5 % | voltage=15.69 V | drain_rate=0.041 %/s | home_distance=6.9 m | return_time=11 s | return_cost=0.5 % | margin_after_return=51.1 %
[INFO] [1790292209.653782710] [sage_energy_monitor]: ENERGY | remaining=71.5 % | voltage=15.69 V | drain_rate=0.041 %/s | home_distance=7.4 m | return_time=11 s | return_cost=0.5 % | margin_after_return=51.0 %
[INFO] [1790292210.646616001] [sage_energy_monitor]: ENERGY | remaining=71.4 % | voltage=15.68 V | drain_rate=0.041 %/s | home_distance=8.0 m | return_time=12 s | return_cost=0.5 % | margin_after_return=50.9 %
[INFO] [1790292211.649655431] [sage_energy_monitor]: ENERGY | remaining=71.4 % | voltage=15.68 V | drain_rate=0.041 %/s | home_distance=8.0 m | return_time=12 s | return_cost=0.5 % | margin_after_return=50.9 %
[INFO] [1790292212.650513856] [sage_energy_monitor]: ENERGY | remaining=71.3 % | voltage=15.68 V | drain_rate=0.041 %/s | home_distance=7.3 m | return_time=11 s | return_cost=0.5 % | margin_after_return=50.9 %
[INFO] [1790292213.644152945] [sage_energy_monitor]: ENERGY | remaining=71.3 % | voltage=15.68 V | drain_rate=0.041 %/s | home_distance=6.9 m | return_time=11 s | return_cost=0.5 % | margin_after_return=50.9 %
[INFO] [1790292214.646945207] [sage_energy_monitor]: ENERGY | remaining=71.3 % | voltage=15.68 V | drain_rate=0.041 %/s | home_distance=6.5 m | return_time=11 s | return_cost=0.4 % | margin_after_return=50.8 %
[INFO] [1790292215.645108379] [sage_energy_monitor]: ENERGY | remaining=71.2 % | voltage=15.68 V | drain_rate=0.041 %/s | home_distance=6.7 m | return_time=11 s | return_cost=0.4 % | margin_after_return=50.8 %
[INFO] [1790292216.645717288] [sage_energy_monitor]: ENERGY | remaining=71.2 % | voltage=15.68 V | drain_rate=0.041 %/s | home_distance=8.6 m | return_time=13 s | return_cost=0.5 % | margin_after_return=50.7 %
[INFO] [1790292217.646603088] [sage_energy_monitor]: ENERGY | remaining=71.2 % | voltage=15.68 V | drain_rate=0.041 %/s | home_distance=10.5 m | return_time=15 s | return_cost=0.6 % | margin_after_return=50.6 %
[INFO] [1790292218.643943342] [sage_energy_monitor]: ENERGY | remaining=71.1 % | voltage=15.68 V | drain_rate=0.041 %/s | home_distance=12.4 m | return_time=16 s | return_cost=0.7 % | margin_after_return=50.4 %
[INFO] [1790292219.650987445] [sage_energy_monitor]: ENERGY | remaining=71.1 % | voltage=15.68 V | drain_rate=0.041 %/s | home_distance=13.8 m | return_time=18 s | return_cost=0.7 % | margin_after_return=50.3 %
[INFO] [1790292220.647651774] [sage_energy_monitor]: ENERGY | remaining=71.0 % | voltage=15.68 V | drain_rate=0.041 %/s | home_distance=14.2 m | return_time=18 s | return_cost=0.7 % | margin_after_return=50.3 %
[INFO] [1790292221.644414746] [sage_energy_monitor]: ENERGY | remaining=71.0 % | voltage=15.68 V | drain_rate=0.041 %/s | home_distance=14.5 m | return_time=19 s | return_cost=0.8 % | margin_after_return=50.2 %
[INFO] [1790292222.646174126] [sage_energy_monitor]: ENERGY | remaining=70.9 % | voltage=15.68 V | drain_rate=0.041 %/s | home_distance=14.7 m | return_time=19 s | return_cost=0.8 % | margin_after_return=50.2 %
[INFO] [1790292223.648362798] [sage_energy_monitor]: ENERGY | remaining=70.9 % | voltage=15.68 V | drain_rate=0.041 %/s | home_distance=14.7 m | return_time=19 s | return_cost=0.8 % | margin_after_return=50.1 %
[INFO] [1790292224.645804452] [sage_energy_monitor]: ENERGY | remaining=70.9 % | voltage=15.67 V | drain_rate=0.041 %/s | home_distance=14.7 m | return_time=19 s | return_cost=0.8 % | margin_after_return=50.1 %
[INFO] [1790292225.645755925] [sage_energy_monitor]: ENERGY | remaining=70.8 % | voltage=15.67 V | drain_rate=0.041 %/s | home_distance=14.6 m | return_time=18 s | return_cost=0.8 % | margin_after_return=50.1 %
[INFO] [1790292226.656377824] [sage_energy_monitor]: ENERGY | remaining=70.8 % | voltage=15.67 V | drain_rate=0.041 %/s | home_distance=14.3 m | return_time=18 s | return_cost=0.8 % | margin_after_return=50.0 %
[INFO] [1790292227.645173267] [sage_energy_monitor]: ENERGY | remaining=70.7 % | voltage=15.67 V | drain_rate=0.041 %/s | home_distance=14.1 m | return_time=18 s | return_cost=0.7 % | margin_after_return=50.0 %
[INFO] [1790292228.656259836] [sage_energy_monitor]: ENERGY | remaining=70.7 % | voltage=15.67 V | drain_rate=0.041 %/s | home_distance=14.0 m | return_time=18 s | return_cost=0.7 % | margin_after_return=50.0 %
[INFO] [1790292229.644932926] [sage_energy_monitor]: ENERGY | remaining=70.7 % | voltage=15.67 V | drain_rate=0.041 %/s | home_distance=12.7 m | return_time=17 s | return_cost=0.7 % | margin_after_return=50.0 %
[INFO] [1790292230.648856684] [sage_energy_monitor]: ENERGY | remaining=70.6 % | voltage=15.67 V | drain_rate=0.041 %/s | home_distance=10.3 m | return_time=14 s | return_cost=0.6 % | margin_after_return=50.0 %
[INFO] [1790292231.644719940] [sage_energy_monitor]: ENERGY | remaining=70.6 % | voltage=15.67 V | drain_rate=0.041 %/s | home_distance=8.6 m | return_time=13 s | return_cost=0.5 % | margin_after_return=50.1 %
[INFO] [1790292232.646940548] [sage_energy_monitor]: ENERGY | remaining=70.5 % | voltage=15.67 V | drain_rate=0.041 %/s | home_distance=8.1 m | return_time=12 s | return_cost=0.5 % | margin_after_return=50.1 %
[INFO] [1790292233.645330191] [sage_energy_monitor]: ENERGY | remaining=70.5 % | voltage=15.67 V | drain_rate=0.041 %/s | home_distance=9.2 m | return_time=13 s | return_cost=0.5 % | margin_after_return=50.0 %
[INFO] [1790292234.647021468] [sage_energy_monitor]: ENERGY | remaining=70.5 % | voltage=15.67 V | drain_rate=0.041 %/s | home_distance=10.7 m | return_time=15 s | return_cost=0.6 % | margin_after_return=49.9 %
[INFO] [1790292235.650108492] [sage_energy_monitor]: ENERGY | remaining=70.4 % | voltage=15.67 V | drain_rate=0.041 %/s | home_distance=11.3 m | return_time=15 s | return_cost=0.6 % | margin_after_return=49.8 %
[INFO] [1790292236.645491701] [sage_energy_monitor]: ENERGY | remaining=70.4 % | voltage=15.67 V | drain_rate=0.041 %/s | home_distance=10.9 m | return_time=15 s | return_cost=0.6 % | margin_after_return=49.8 %
[INFO] [1790292237.650580941] [sage_energy_monitor]: ENERGY | remaining=70.3 % | voltage=15.67 V | drain_rate=0.041 %/s | home_distance=9.2 m | return_time=13 s | return_cost=0.5 % | margin_after_return=49.8 %
[INFO] [1790292238.649293125] [sage_energy_monitor]: ENERGY | remaining=70.3 % | voltage=15.66 V | drain_rate=0.041 %/s | home_distance=7.1 m | return_time=11 s | return_cost=0.5 % | margin_after_return=49.8 %
[INFO] [1790292239.651531179] [sage_energy_monitor]: ENERGY | remaining=70.3 % | voltage=15.66 V | drain_rate=0.041 %/s | home_distance=5.3 m | return_time=9 s | return_cost=0.4 % | margin_after_return=49.9 %
[INFO] [1790292240.645089863] [sage_energy_monitor]: ENERGY | remaining=70.2 % | voltage=15.66 V | drain_rate=0.040 %/s | home_distance=3.7 m | return_time=8 s | return_cost=0.3 % | margin_after_return=49.9 %
[INFO] [1790292241.647322951] [sage_energy_monitor]: ENERGY | remaining=70.2 % | voltage=15.66 V | drain_rate=0.040 %/s | home_distance=2.8 m | return_time=7 s | return_cost=0.3 % | margin_after_return=49.9 %
[INFO] [1790292242.648779156] [sage_energy_monitor]: ENERGY | remaining=70.1 % | voltage=15.66 V | drain_rate=0.040 %/s | home_distance=3.4 m | return_time=7 s | return_cost=0.3 % | margin_after_return=49.8 %
[INFO] [1790292243.644605196] [sage_energy_monitor]: ENERGY | remaining=70.1 % | voltage=15.66 V | drain_rate=0.040 %/s | home_distance=5.0 m | return_time=9 s | return_cost=0.4 % | margin_after_return=49.7 %
[INFO] [1790292244.653398645] [sage_energy_monitor]: ENERGY | remaining=70.1 % | voltage=15.66 V | drain_rate=0.040 %/s | home_distance=6.9 m | return_time=11 s | return_cost=0.4 % | margin_after_return=49.6 %
[INFO] [1790292245.644180398] [sage_energy_monitor]: ENERGY | remaining=70.0 % | voltage=15.66 V | drain_rate=0.040 %/s | home_distance=8.7 m | return_time=13 s | return_cost=0.5 % | margin_after_return=49.5 %
[INFO] [1790292246.644314184] [sage_energy_monitor]: ENERGY | remaining=70.0 % | voltage=15.66 V | drain_rate=0.040 %/s | home_distance=10.4 m | return_time=14 s | return_cost=0.6 % | margin_after_return=49.4 %
[INFO] [1790292247.647698878] [sage_energy_monitor]: ENERGY | remaining=69.9 % | voltage=15.66 V | drain_rate=0.040 %/s | home_distance=11.7 m | return_time=16 s | return_cost=0.6 % | margin_after_return=49.3 %
[INFO] [1790292248.644128943] [sage_energy_monitor]: ENERGY | remaining=69.9 % | voltage=15.66 V | drain_rate=0.040 %/s | home_distance=12.3 m | return_time=16 s | return_cost=0.7 % | margin_after_return=49.2 %
[INFO] [1790292249.645046726] [sage_energy_monitor]: ENERGY | remaining=69.9 % | voltage=15.66 V | drain_rate=0.040 %/s | home_distance=12.4 m | return_time=16 s | return_cost=0.7 % | margin_after_return=49.2 %
[INFO] [1790292250.646339073] [sage_energy_monitor]: ENERGY | remaining=69.8 % | voltage=15.66 V | drain_rate=0.040 %/s | home_distance=11.8 m | return_time=16 s | return_cost=0.6 % | margin_after_return=49.2 %
[INFO] [1790292251.645596539] [sage_energy_monitor]: ENERGY | remaining=69.8 % | voltage=15.66 V | drain_rate=0.040 %/s | home_distance=11.4 m | return_time=15 s | return_cost=0.6 % | margin_after_return=49.2 %
[INFO] [1790292252.646508249] [sage_energy_monitor]: ENERGY | remaining=69.7 % | voltage=15.65 V | drain_rate=0.040 %/s | home_distance=11.5 m | return_time=15 s | return_cost=0.6 % | margin_after_return=49.1 %
[INFO] [1790292253.654373872] [sage_energy_monitor]: ENERGY | remaining=69.7 % | voltage=15.65 V | drain_rate=0.040 %/s | home_distance=10.3 m | return_time=14 s | return_cost=0.6 % | margin_after_return=49.1 %
[INFO] [1790292254.646243972] [sage_energy_monitor]: ENERGY | remaining=69.7 % | voltage=15.65 V | drain_rate=0.040 %/s | home_distance=8.6 m | return_time=13 s | return_cost=0.5 % | margin_after_return=49.1 %
[INFO] [1790292255.647205426] [sage_energy_monitor]: ENERGY | remaining=69.6 % | voltage=15.65 V | drain_rate=0.040 %/s | home_distance=7.5 m | return_time=12 s | return_cost=0.5 % | margin_after_return=49.2 %
[INFO] [1790292256.647446663] [sage_energy_monitor]: ENERGY | remaining=69.6 % | voltage=15.65 V | drain_rate=0.040 %/s | home_distance=7.2 m | return_time=11 s | return_cost=0.4 % | margin_after_return=49.1 %
[INFO] [1790292257.646168757] [sage_energy_monitor]: ENERGY | remaining=69.5 % | voltage=15.65 V | drain_rate=0.040 %/s | home_distance=8.3 m | return_time=12 s | return_cost=0.5 % | margin_after_return=49.0 %
[INFO] [1790292258.645365839] [sage_energy_monitor]: ENERGY | remaining=69.5 % | voltage=15.65 V | drain_rate=0.041 %/s | home_distance=10.0 m | return_time=14 s | return_cost=0.6 % | margin_after_return=48.9 %
[INFO] [1790292259.645053003] [sage_energy_monitor]: ENERGY | remaining=69.5 % | voltage=15.65 V | drain_rate=0.041 %/s | home_distance=10.8 m | return_time=15 s | return_cost=0.6 % | margin_after_return=48.8 %
[INFO] [1790292260.647719703] [sage_energy_monitor]: ENERGY | remaining=69.4 % | voltage=15.65 V | drain_rate=0.040 %/s | home_distance=10.9 m | return_time=15 s | return_cost=0.6 % | margin_after_return=48.8 %
[INFO] [1790292261.648250402] [sage_energy_monitor]: ENERGY | remaining=69.4 % | voltage=15.65 V | drain_rate=0.040 %/s | home_distance=10.8 m | return_time=15 s | return_cost=0.6 % | margin_after_return=48.8 %
[INFO] [1790292262.644379148] [sage_energy_monitor]: ENERGY | remaining=69.3 % | voltage=15.65 V | drain_rate=0.040 %/s | home_distance=9.6 m | return_time=14 s | return_cost=0.6 % | margin_after_return=48.8 %
[INFO] [1790292263.644060343] [sage_energy_monitor]: ENERGY | remaining=69.3 % | voltage=15.65 V | drain_rate=0.040 %/s | home_distance=7.9 m | return_time=12 s | return_cost=0.5 % | margin_after_return=48.8 %
[INFO] [1790292264.643851316] [sage_energy_monitor]: ENERGY | remaining=69.2 % | voltage=15.65 V | drain_rate=0.040 %/s | home_distance=6.2 m | return_time=10 s | return_cost=0.4 % | margin_after_return=48.8 %
[INFO] [1790292265.648610566] [sage_energy_monitor]: ENERGY | remaining=69.2 % | voltage=15.64 V | drain_rate=0.040 %/s | home_distance=5.1 m | return_time=9 s | return_cost=0.4 % | margin_after_return=48.8 %
[INFO] [1790292266.648435380] [sage_energy_monitor]: ENERGY | remaining=69.2 % | voltage=15.64 V | drain_rate=0.040 %/s | home_distance=4.5 m | return_time=9 s | return_cost=0.4 % | margin_after_return=48.8 %
[INFO] [1790292267.643862645] [sage_energy_monitor]: ENERGY | remaining=69.1 % | voltage=15.64 V | drain_rate=0.040 %/s | home_distance=2.9 m | return_time=7 s | return_cost=0.3 % | margin_after_return=48.9 %
[INFO] [1790292268.645790341] [sage_energy_monitor]: ENERGY | remaining=69.1 % | voltage=15.64 V | drain_rate=0.040 %/s | home_distance=0.8 m | return_time=5 s | return_cost=0.2 % | margin_after_return=48.9 %
[INFO] [1790292269.644900151] [sage_energy_monitor]: ENERGY | remaining=69.1 % | voltage=15.64 V | drain_rate=0.040 %/s | home_distance=1.2 m | return_time=5 s | return_cost=0.2 % | margin_after_return=48.8 %
[INFO] [1790292270.645109084] [sage_energy_monitor]: ENERGY | remaining=69.0 % | voltage=15.64 V | drain_rate=0.040 %/s | home_distance=3.4 m | return_time=7 s | return_cost=0.3 % | margin_after_return=48.7 %
[INFO] [1790292271.644344985] [sage_energy_monitor]: ENERGY | remaining=69.0 % | voltage=15.64 V | drain_rate=0.040 %/s | home_distance=4.8 m | return_time=9 s | return_cost=0.4 % | margin_after_return=48.6 %
[INFO] [1790292272.645156956] [sage_energy_monitor]: ENERGY | remaining=68.9 % | voltage=15.64 V | drain_rate=0.040 %/s | home_distance=5.5 m | return_time=9 s | return_cost=0.4 % | margin_after_return=48.5 %
[INFO] [1790292273.644237636] [sage_energy_monitor]: ENERGY | remaining=68.9 % | voltage=15.64 V | drain_rate=0.041 %/s | home_distance=6.7 m | return_time=11 s | return_cost=0.4 % | margin_after_return=48.5 %
[INFO] [1790292274.645188821] [sage_energy_monitor]: ENERGY | remaining=68.8 % | voltage=15.64 V | drain_rate=0.041 %/s | home_distance=8.7 m | return_time=13 s | return_cost=0.5 % | margin_after_return=48.3 %
[INFO] [1790292275.646466270] [sage_energy_monitor]: ENERGY | remaining=68.8 % | voltage=15.64 V | drain_rate=0.041 %/s | home_distance=9.9 m | return_time=14 s | return_cost=0.6 % | margin_after_return=48.2 %
[INFO] [1790292276.650973176] [sage_energy_monitor]: ENERGY | remaining=68.8 % | voltage=15.64 V | drain_rate=0.041 %/s | home_distance=10.3 m | return_time=14 s | return_cost=0.6 % | margin_after_return=48.2 %
[INFO] [1790292277.644307560] [sage_energy_monitor]: ENERGY | remaining=68.7 % | voltage=15.64 V | drain_rate=0.041 %/s | home_distance=10.1 m | return_time=14 s | return_cost=0.6 % | margin_after_return=48.2 %
[INFO] [1790292278.644874720] [sage_energy_monitor]: ENERGY | remaining=68.7 % | voltage=15.64 V | drain_rate=0.041 %/s | home_distance=8.8 m | return_time=13 s | return_cost=0.5 % | margin_after_return=48.2 %
[INFO] [1790292279.645246818] [sage_energy_monitor]: ENERGY | remaining=68.6 % | voltage=15.63 V | drain_rate=0.041 %/s | home_distance=6.5 m | return_time=11 s | return_cost=0.4 % | margin_after_return=48.2 %
[INFO] [1790292280.648787898] [sage_energy_monitor]: ENERGY | remaining=68.6 % | voltage=15.63 V | drain_rate=0.041 %/s | home_distance=4.4 m | return_time=8 s | return_cost=0.3 % | margin_after_return=48.3 %
[INFO] [1790292281.646241115] [sage_energy_monitor]: ENERGY | remaining=68.6 % | voltage=15.63 V | drain_rate=0.041 %/s | home_distance=2.4 m | return_time=6 s | return_cost=0.3 % | margin_after_return=48.3 %
[INFO] [1790292282.646395406] [sage_energy_monitor]: ENERGY | remaining=68.5 % | voltage=15.63 V | drain_rate=0.040 %/s | home_distance=0.6 m | return_time=5 s | return_cost=0.2 % | margin_after_return=48.3 %
[INFO] [1790292283.644982937] [sage_energy_monitor]: ENERGY | remaining=68.5 % | voltage=15.63 V | drain_rate=0.040 %/s | home_distance=1.6 m | return_time=6 s | return_cost=0.2 % | margin_after_return=48.3 %
[INFO] [1790292284.646862932] [sage_energy_monitor]: ENERGY | remaining=68.4 % | voltage=15.63 V | drain_rate=0.040 %/s | home_distance=2.7 m | return_time=6 s | return_cost=0.3 % | margin_after_return=48.2 %
[INFO] [1790292285.646544609] [sage_energy_monitor]: ENERGY | remaining=68.4 % | voltage=15.63 V | drain_rate=0.040 %/s | home_distance=4.5 m | return_time=8 s | return_cost=0.3 % | margin_after_return=48.1 %
[INFO] [1790292286.644273286] [sage_energy_monitor]: ENERGY | remaining=68.4 % | voltage=15.63 V | drain_rate=0.040 %/s | home_distance=6.5 m | return_time=10 s | return_cost=0.4 % | margin_after_return=47.9 %
[INFO] [1790292287.647684455] [sage_energy_monitor]: ENERGY | remaining=68.3 % | voltage=15.63 V | drain_rate=0.040 %/s | home_distance=8.5 m | return_time=12 s | return_cost=0.5 % | margin_after_return=47.8 %
[INFO] [1790292288.647775824] [sage_energy_monitor]: ENERGY | remaining=68.3 % | voltage=15.63 V | drain_rate=0.040 %/s | home_distance=10.8 m | return_time=15 s | return_cost=0.6 % | margin_after_return=47.7 %
[INFO] [1790292289.649788158] [sage_energy_monitor]: ENERGY | remaining=68.2 % | voltage=15.63 V | drain_rate=0.040 %/s | home_distance=13.0 m | return_time=17 s | return_cost=0.7 % | margin_after_return=47.6 %
[INFO] [1790292290.648528280] [sage_energy_monitor]: ENERGY | remaining=68.2 % | voltage=15.63 V | drain_rate=0.040 %/s | home_distance=15.1 m | return_time=19 s | return_cost=0.8 % | margin_after_return=47.4 %
[INFO] [1790292291.644184251] [sage_energy_monitor]: ENERGY | remaining=68.2 % | voltage=15.63 V | drain_rate=0.040 %/s | home_distance=16.6 m | return_time=21 s | return_cost=0.8 % | margin_after_return=47.3 %
[INFO] [1790292292.645420457] [sage_energy_monitor]: ENERGY | remaining=68.1 % | voltage=15.63 V | drain_rate=0.040 %/s | home_distance=17.1 m | return_time=21 s | return_cost=0.8 % | margin_after_return=47.3 %
[INFO] [1790292293.651919120] [sage_energy_monitor]: ENERGY | remaining=68.1 % | voltage=15.62 V | drain_rate=0.040 %/s | home_distance=16.2 m | return_time=20 s | return_cost=0.8 % | margin_after_return=47.3 %
[INFO] [1790292294.643850337] [sage_energy_monitor]: ENERGY | remaining=68.0 % | voltage=15.62 V | drain_rate=0.040 %/s | home_distance=14.9 m | return_time=19 s | return_cost=0.8 % | margin_after_return=47.3 %
[INFO] [1790292295.645143362] [sage_energy_monitor]: ENERGY | remaining=68.0 % | voltage=15.62 V | drain_rate=0.041 %/s | home_distance=14.2 m | return_time=18 s | return_cost=0.7 % | margin_after_return=47.3 %
[INFO] [1790292296.650240400] [sage_energy_monitor]: ENERGY | remaining=68.0 % | voltage=15.62 V | drain_rate=0.041 %/s | home_distance=14.0 m | return_time=18 s | return_cost=0.7 % | margin_after_return=47.2 %
[INFO] [1790292297.645382092] [sage_energy_monitor]: ENERGY | remaining=67.9 % | voltage=15.62 V | drain_rate=0.041 %/s | home_distance=14.0 m | return_time=18 s | return_cost=0.7 % | margin_after_return=47.2 %
[INFO] [1790292298.654834988] [sage_energy_monitor]: ENERGY | remaining=67.9 % | voltage=15.62 V | drain_rate=0.041 %/s | home_distance=12.6 m | return_time=17 s | return_cost=0.7 % | margin_after_return=47.2 %
[INFO] [1790292299.649448836] [sage_energy_monitor]: ENERGY | remaining=67.8 % | voltage=15.62 V | drain_rate=0.041 %/s | home_distance=10.9 m | return_time=15 s | return_cost=0.6 % | margin_after_return=47.2 %
[INFO] [1790292300.644236282] [sage_energy_monitor]: ENERGY | remaining=67.8 % | voltage=15.62 V | drain_rate=0.041 %/s | home_distance=10.0 m | return_time=14 s | return_cost=0.6 % | margin_after_return=47.2 %
[INFO] [1790292301.647960168] [sage_energy_monitor]: ENERGY | remaining=67.7 % | voltage=15.62 V | drain_rate=0.041 %/s | home_distance=9.6 m | return_time=14 s | return_cost=0.6 % | margin_after_return=47.2 %
[INFO] [1790292302.649360474] [sage_energy_monitor]: ENERGY | remaining=67.7 % | voltage=15.62 V | drain_rate=0.041 %/s | home_distance=9.2 m | return_time=13 s | return_cost=0.5 % | margin_after_return=47.2 %
[INFO] [1790292303.645865726] [sage_energy_monitor]: ENERGY | remaining=67.7 % | voltage=15.62 V | drain_rate=0.041 %/s | home_distance=9.1 m | return_time=13 s | return_cost=0.5 % | margin_after_return=47.1 %
[INFO] [1790292304.645458547] [sage_energy_monitor]: ENERGY | remaining=67.6 % | voltage=15.62 V | drain_rate=0.041 %/s | home_distance=8.9 m | return_time=13 s | return_cost=0.5 % | margin_after_return=47.1 %
[INFO] [1790292305.645330013] [sage_energy_monitor]: ENERGY | remaining=67.6 % | voltage=15.62 V | drain_rate=0.041 %/s | home_distance=8.4 m | return_time=12 s | return_cost=0.5 % | margin_after_return=47.1 %
[INFO] [1790292306.644755711] [sage_energy_monitor]: ENERGY | remaining=67.5 % | voltage=15.61 V | drain_rate=0.041 %/s | home_distance=8.2 m | return_time=12 s | return_cost=0.5 % | margin_after_return=47.0 %
[INFO] [1790292307.644069970] [sage_energy_monitor]: ENERGY | remaining=67.5 % | voltage=15.61 V | drain_rate=0.041 %/s | home_distance=8.4 m | return_time=12 s | return_cost=0.5 % | margin_after_return=47.0 %
[INFO] [1790292308.649901425] [sage_energy_monitor]: ENERGY | remaining=67.5 % | voltage=15.61 V | drain_rate=0.041 %/s | home_distance=8.6 m | return_time=13 s | return_cost=0.5 % | margin_after_return=46.9 %
[INFO] [1790292309.649306279] [sage_energy_monitor]: ENERGY | remaining=67.4 % | voltage=15.61 V | drain_rate=0.041 %/s | home_distance=7.8 m | return_time=12 s | return_cost=0.5 % | margin_after_return=46.9 %
[INFO] [1790292310.649681763] [sage_energy_monitor]: ENERGY | remaining=67.4 % | voltage=15.61 V | drain_rate=0.041 %/s | home_distance=6.0 m | return_time=10 s | return_cost=0.4 % | margin_after_return=47.0 %
[INFO] [1790292311.645075334] [sage_energy_monitor]: ENERGY | remaining=67.3 % | voltage=15.61 V | drain_rate=0.041 %/s | home_distance=4.7 m | return_time=9 s | return_cost=0.4 % | margin_after_return=47.0 %
[INFO] [1790292312.647988530] [sage_energy_monitor]: ENERGY | remaining=67.3 % | voltage=15.61 V | drain_rate=0.041 %/s | home_distance=4.3 m | return_time=9 s | return_cost=0.3 % | margin_after_return=47.0 %
[INFO] [1790292313.649674404] [sage_energy_monitor]: ENERGY | remaining=67.3 % | voltage=15.61 V | drain_rate=0.041 %/s | home_distance=4.2 m | return_time=8 s | return_cost=0.3 % | margin_after_return=46.9 %
[INFO] [1790292314.644928374] [sage_energy_monitor]: ENERGY | remaining=67.2 % | voltage=15.61 V | drain_rate=0.041 %/s | home_distance=4.2 m | return_time=8 s | return_cost=0.3 % | margin_after_return=46.9 %
[INFO] [1790292315.646945631] [sage_energy_monitor]: ENERGY | remaining=67.2 % | voltage=15.61 V | drain_rate=0.041 %/s | home_distance=4.3 m | return_time=8 s | return_cost=0.3 % | margin_after_return=46.8 %
[INFO] [1790292316.646098971] [sage_energy_monitor]: ENERGY | remaining=67.1 % | voltage=15.61 V | drain_rate=0.041 %/s | home_distance=4.2 m | return_time=8 s | return_cost=0.3 % | margin_after_return=46.8 %
[INFO] [1790292317.643813419] [sage_energy_monitor]: ENERGY | remaining=67.1 % | voltage=15.61 V | drain_rate=0.041 %/s | home_distance=4.2 m | return_time=8 s | return_cost=0.3 % | margin_after_return=46.8 %
[INFO] [1790292318.651272510] [sage_energy_monitor]: ENERGY | remaining=67.1 % | voltage=15.61 V | drain_rate=0.041 %/s | home_distance=4.2 m | return_time=8 s | return_cost=0.3 % | margin_after_return=46.7 %
[INFO] [1790292319.649223701] [sage_energy_monitor]: ENERGY | remaining=67.0 % | voltage=15.61 V | drain_rate=0.041 %/s | home_distance=4.2 m | return_time=8 s | return_cost=0.3 % | margin_after_return=46.7 %
[INFO] [1790292320.646229935] [sage_energy_monitor]: ENERGY | remaining=67.0 % | voltage=15.60 V | drain_rate=0.041 %/s | home_distance=4.2 m | return_time=8 s | return_cost=0.3 % | margin_after_return=46.6 %
[INFO] [1790292321.644267487] [sage_energy_monitor]: ENERGY | remaining=66.9 % | voltage=15.60 V | drain_rate=0.041 %/s | home_distance=3.6 m | return_time=8 s | return_cost=0.3 % | margin_after_return=46.6 %
[INFO] [1790292322.647216226] [sage_energy_monitor]: ENERGY | remaining=66.9 % | voltage=15.60 V | drain_rate=0.041 %/s | home_distance=2.4 m | return_time=7 s | return_cost=0.3 % | margin_after_return=46.6 %
[INFO] [1790292323.645805673] [sage_energy_monitor]: ENERGY | remaining=66.9 % | voltage=15.60 V | drain_rate=0.041 %/s | home_distance=2.7 m | return_time=7 s | return_cost=0.3 % | margin_after_return=46.6 %
[INFO] [1790292324.645378213] [sage_energy_monitor]: ENERGY | remaining=66.8 % | voltage=15.60 V | drain_rate=0.041 %/s | home_distance=3.6 m | return_time=8 s | return_cost=0.3 % | margin_after_return=46.5 %
[INFO] [1790292325.648474646] [sage_energy_monitor]: ENERGY | remaining=66.8 % | voltage=15.60 V | drain_rate=0.041 %/s | home_distance=4.0 m | return_time=8 s | return_cost=0.3 % | margin_after_return=46.4 %
[INFO] [1790292326.645611789] [sage_energy_monitor]: ENERGY | remaining=66.7 % | voltage=15.60 V | drain_rate=0.041 %/s | home_distance=4.1 m | return_time=8 s | return_cost=0.3 % | margin_after_return=46.4 %
[INFO] [1790292327.652593930] [sage_energy_monitor]: ENERGY | remaining=66.7 % | voltage=15.60 V | drain_rate=0.041 %/s | home_distance=4.1 m | return_time=8 s | return_cost=0.3 % | margin_after_return=46.4 %
[INFO] [1790292328.645095227] [sage_energy_monitor]: ENERGY | remaining=66.7 % | voltage=15.60 V | drain_rate=0.041 %/s | home_distance=4.0 m | return_time=8 s | return_cost=0.3 % | margin_after_return=46.3 %
[INFO] [1790292329.651066448] [sage_energy_monitor]: ENERGY | remaining=66.6 % | voltage=15.60 V | drain_rate=0.041 %/s | home_distance=3.9 m | return_time=8 s | return_cost=0.3 % | margin_after_return=46.3 %
[INFO] [1790292330.646894676] [sage_energy_monitor]: ENERGY | remaining=66.6 % | voltage=15.60 V | drain_rate=0.041 %/s | home_distance=3.9 m | return_time=8 s | return_cost=0.3 % | margin_after_return=46.3 %
[INFO] [1790292331.650735927] [sage_energy_monitor]: ENERGY | remaining=66.5 % | voltage=15.60 V | drain_rate=0.040 %/s | home_distance=3.9 m | return_time=8 s | return_cost=0.3 % | margin_after_return=46.2 %
[INFO] [1790292332.645464558] [sage_energy_monitor]: ENERGY | remaining=66.5 % | voltage=15.60 V | drain_rate=0.040 %/s | home_distance=3.9 m | return_time=8 s | return_cost=0.3 % | margin_after_return=46.2 %
[INFO] [1790292333.647615405] [sage_energy_monitor]: ENERGY | remaining=66.5 % | voltage=15.60 V | drain_rate=0.040 %/s | home_distance=3.9 m | return_time=8 s | return_cost=0.3 % | margin_after_return=46.1 %
[INFO] [1790292334.643896442] [sage_energy_monitor]: ENERGY | remaining=66.4 % | voltage=15.59 V | drain_rate=0.040 %/s | home_distance=5.0 m | return_time=9 s | return_cost=0.4 % | margin_after_return=46.0 %
[INFO] [1790292335.647246647] [sage_energy_monitor]: ENERGY | remaining=66.4 % | voltage=15.59 V | drain_rate=0.040 %/s | home_distance=6.9 m | return_time=11 s | return_cost=0.4 % | margin_after_return=45.9 %
[INFO] [1790292336.655607042] [sage_energy_monitor]: ENERGY | remaining=66.3 % | voltage=15.59 V | drain_rate=0.040 %/s | home_distance=8.8 m | return_time=13 s | return_cost=0.5 % | margin_after_return=45.8 %
[INFO] [1790292337.644670141] [sage_energy_monitor]: ENERGY | remaining=66.3 % | voltage=15.59 V | drain_rate=0.041 %/s | home_distance=9.7 m | return_time=14 s | return_cost=0.6 % | margin_after_return=45.7 %
[INFO] [1790292338.646278857] [sage_energy_monitor]: ENERGY | remaining=66.2 % | voltage=15.59 V | drain_rate=0.041 %/s | home_distance=9.9 m | return_time=14 s | return_cost=0.6 % | margin_after_return=45.7 %
[INFO] [1790292339.648430435] [sage_energy_monitor]: ENERGY | remaining=66.2 % | voltage=15.59 V | drain_rate=0.041 %/s | home_distance=9.8 m | return_time=14 s | return_cost=0.6 % | margin_after_return=45.6 %
[INFO] [1790292340.647299843] [sage_energy_monitor]: ENERGY | remaining=66.2 % | voltage=15.59 V | drain_rate=0.041 %/s | home_distance=9.6 m | return_time=14 s | return_cost=0.6 % | margin_after_return=45.6 %
[INFO] [1790292341.645640336] [sage_energy_monitor]: ENERGY | remaining=66.1 % | voltage=15.59 V | drain_rate=0.041 %/s | home_distance=9.4 m | return_time=13 s | return_cost=0.5 % | margin_after_return=45.6 %
[INFO] [1790292342.650426417] [sage_energy_monitor]: ENERGY | remaining=66.1 % | voltage=15.59 V | drain_rate=0.041 %/s | home_distance=9.3 m | return_time=13 s | return_cost=0.5 % | margin_after_return=45.5 %
[INFO] [1790292343.648605637] [sage_energy_monitor]: ENERGY | remaining=66.0 % | voltage=15.59 V | drain_rate=0.041 %/s | home_distance=9.3 m | return_time=13 s | return_cost=0.5 % | margin_after_return=45.5 %
[INFO] [1790292344.644155654] [sage_energy_monitor]: ENERGY | remaining=66.0 % | voltage=15.59 V | drain_rate=0.041 %/s | home_distance=9.4 m | return_time=13 s | return_cost=0.5 % | margin_after_return=45.5 %
[INFO] [1790292345.653131865] [sage_energy_monitor]: ENERGY | remaining=66.0 % | voltage=15.59 V | drain_rate=0.041 %/s | home_distance=9.4 m | return_time=13 s | return_cost=0.5 % | margin_after_return=45.4 %
[INFO] [1790292346.645811516] [sage_energy_monitor]: ENERGY | remaining=65.9 % | voltage=15.59 V | drain_rate=0.041 %/s | home_distance=10.0 m | return_time=14 s | return_cost=0.6 % | margin_after_return=45.4 %
[INFO] [1790292347.650263986] [sage_energy_monitor]: ENERGY | remaining=65.9 % | voltage=15.58 V | drain_rate=0.041 %/s | home_distance=11.2 m | return_time=15 s | return_cost=0.6 % | margin_after_return=45.3 %
[INFO] [1790292348.647164308] [sage_energy_monitor]: ENERGY | remaining=65.8 % | voltage=15.58 V | drain_rate=0.041 %/s | home_distance=12.5 m | return_time=17 s | return_cost=0.7 % | margin_after_return=45.2 %
[INFO] [1790292349.652082839] [sage_energy_monitor]: ENERGY | remaining=65.8 % | voltage=15.58 V | drain_rate=0.041 %/s | home_distance=13.6 m | return_time=18 s | return_cost=0.7 % | margin_after_return=45.1 %
[INFO] [1790292350.651076843] [sage_energy_monitor]: ENERGY | remaining=65.8 % | voltage=15.58 V | drain_rate=0.041 %/s | home_distance=14.0 m | return_time=18 s | return_cost=0.7 % | margin_after_return=45.0 %
[INFO] [1790292351.647114357] [sage_energy_monitor]: ENERGY | remaining=65.7 % | voltage=15.58 V | drain_rate=0.041 %/s | home_distance=13.6 m | return_time=18 s | return_cost=0.7 % | margin_after_return=45.0 %
[INFO] [1790292352.645568710] [sage_energy_monitor]: ENERGY | remaining=65.7 % | voltage=15.58 V | drain_rate=0.041 %/s | home_distance=13.2 m | return_time=17 s | return_cost=0.7 % | margin_after_return=45.0 %
[INFO] [1790292353.644395075] [sage_energy_monitor]: ENERGY | remaining=65.6 % | voltage=15.58 V | drain_rate=0.041 %/s | home_distance=12.9 m | return_time=17 s | return_cost=0.7 % | margin_after_return=44.9 %
[INFO] [1790292354.647017882] [sage_energy_monitor]: ENERGY | remaining=65.6 % | voltage=15.58 V | drain_rate=0.041 %/s | home_distance=12.9 m | return_time=17 s | return_cost=0.7 % | margin_after_return=44.9 %
[INFO] [1790292355.651952207] [sage_energy_monitor]: ENERGY | remaining=65.5 % | voltage=15.58 V | drain_rate=0.041 %/s | home_distance=12.9 m | return_time=17 s | return_cost=0.7 % | margin_after_return=44.8 %
[INFO] [1790292356.654241921] [sage_energy_monitor]: ENERGY | remaining=65.5 % | voltage=15.58 V | drain_rate=0.041 %/s | home_distance=13.0 m | return_time=17 s | return_cost=0.7 % | margin_after_return=44.8 %
[INFO] [1790292357.644196937] [sage_energy_monitor]: ENERGY | remaining=65.5 % | voltage=15.58 V | drain_rate=0.041 %/s | home_distance=13.0 m | return_time=17 s | return_cost=0.7 % | margin_after_return=44.8 %
[INFO] [1790292358.644417667] [sage_energy_monitor]: ENERGY | remaining=65.4 % | voltage=15.58 V | drain_rate=0.041 %/s | home_distance=13.0 m | return_time=17 s | return_cost=0.7 % | margin_after_return=44.7 %
[INFO] [1790292359.647390744] [sage_energy_monitor]: ENERGY | remaining=65.4 % | voltage=15.58 V | drain_rate=0.041 %/s | home_distance=13.1 m | return_time=17 s | return_cost=0.7 % | margin_after_return=44.7 %
[INFO] [1790292360.647734921] [sage_energy_monitor]: ENERGY | remaining=65.3 % | voltage=15.58 V | drain_rate=0.041 %/s | home_distance=13.1 m | return_time=17 s | return_cost=0.7 % | margin_after_return=44.6 %
[INFO] [1790292361.644874486] [sage_energy_monitor]: ENERGY | remaining=65.3 % | voltage=15.57 V | drain_rate=0.041 %/s | home_distance=13.1 m | return_time=17 s | return_cost=0.7 % | margin_after_return=44.6 %
[INFO] [1790292362.651757194] [sage_energy_monitor]: ENERGY | remaining=65.3 % | voltage=15.57 V | drain_rate=0.041 %/s | home_distance=13.1 m | return_time=17 s | return_cost=0.7 % | margin_after_return=44.5 %
[INFO] [1790292363.646923986] [sage_energy_monitor]: ENERGY | remaining=65.2 % | voltage=15.57 V | drain_rate=0.041 %/s | home_distance=13.1 m | return_time=17 s | return_cost=0.7 % | margin_after_return=44.5 %
[INFO] [1790292364.646009554] [sage_energy_monitor]: ENERGY | remaining=65.2 % | voltage=15.57 V | drain_rate=0.042 %/s | home_distance=12.4 m | return_time=16 s | return_cost=0.7 % | margin_after_return=44.5 %
[INFO] [1790292365.644421829] [sage_energy_monitor]: ENERGY | remaining=65.1 % | voltage=15.57 V | drain_rate=0.041 %/s | home_distance=11.3 m | return_time=16 s | return_cost=0.6 % | margin_after_return=44.5 %
[INFO] [1790292366.646661501] [sage_energy_monitor]: ENERGY | remaining=65.1 % | voltage=15.57 V | drain_rate=0.041 %/s | home_distance=10.6 m | return_time=15 s | return_cost=0.6 % | margin_after_return=44.5 %
[INFO] [1790292367.644868532] [sage_energy_monitor]: ENERGY | remaining=65.0 % | voltage=15.57 V | drain_rate=0.041 %/s | home_distance=10.4 m | return_time=15 s | return_cost=0.6 % | margin_after_return=44.4 %
[INFO] [1790292368.645756602] [sage_energy_monitor]: ENERGY | remaining=65.0 % | voltage=15.57 V | drain_rate=0.041 %/s | home_distance=10.4 m | return_time=14 s | return_cost=0.6 % | margin_after_return=44.4 %
[INFO] [1790292369.645047650] [sage_energy_monitor]: ENERGY | remaining=65.0 % | voltage=15.57 V | drain_rate=0.041 %/s | home_distance=10.4 m | return_time=14 s | return_cost=0.6 % | margin_after_return=44.4 %
[INFO] [1790292370.646258102] [sage_energy_monitor]: ENERGY | remaining=64.9 % | voltage=15.57 V | drain_rate=0.041 %/s | home_distance=10.3 m | return_time=14 s | return_cost=0.6 % | margin_after_return=44.3 %
[INFO] [1790292371.644556071] [sage_energy_monitor]: ENERGY | remaining=64.9 % | voltage=15.57 V | drain_rate=0.042 %/s | home_distance=10.2 m | return_time=14 s | return_cost=0.6 % | margin_after_return=44.3 %
[INFO] [1790292372.646972421] [sage_energy_monitor]: ENERGY | remaining=64.8 % | voltage=15.57 V | drain_rate=0.042 %/s | home_distance=10.1 m | return_time=14 s | return_cost=0.6 % | margin_after_return=44.2 %
[INFO] [1790292373.651378077] [sage_energy_monitor]: ENERGY | remaining=64.8 % | voltage=15.57 V | drain_rate=0.042 %/s | home_distance=10.1 m | return_time=14 s | return_cost=0.6 % | margin_after_return=44.2 %
[INFO] [1790292374.653127756] [sage_energy_monitor]: ENERGY | remaining=64.8 % | voltage=15.56 V | drain_rate=0.042 %/s | home_distance=10.0 m | return_time=14 s | return_cost=0.6 % | margin_after_return=44.2 %
[INFO] [1790292375.647945775] [sage_energy_monitor]: ENERGY | remaining=64.7 % | voltage=15.56 V | drain_rate=0.042 %/s | home_distance=10.0 m | return_time=14 s | return_cost=0.6 % | margin_after_return=44.1 %
[INFO] [1790292376.645825477] [sage_energy_monitor]: ENERGY | remaining=64.7 % | voltage=15.56 V | drain_rate=0.042 %/s | home_distance=10.0 m | return_time=14 s | return_cost=0.6 % | margin_after_return=44.1 %
[INFO] [1790292377.644251194] [sage_energy_monitor]: ENERGY | remaining=64.6 % | voltage=15.56 V | drain_rate=0.042 %/s | home_distance=9.9 m | return_time=14 s | return_cost=0.6 % | margin_after_return=44.0 %
[INFO] [1790292378.659041294] [sage_energy_monitor]: ENERGY | remaining=64.6 % | voltage=15.56 V | drain_rate=0.042 %/s | home_distance=9.9 m | return_time=14 s | return_cost=0.6 % | margin_after_return=44.0 %
[INFO] [1790292379.644820775] [sage_energy_monitor]: ENERGY | remaining=64.5 % | voltage=15.56 V | drain_rate=0.042 %/s | home_distance=9.9 m | return_time=14 s | return_cost=0.6 % | margin_after_return=44.0 %
[INFO] [1790292380.644710813] [sage_energy_monitor]: ENERGY | remaining=64.5 % | voltage=15.56 V | drain_rate=0.042 %/s | home_distance=9.6 m | return_time=13 s | return_cost=0.6 % | margin_after_return=43.9 %
[INFO] [1790292381.648284654] [sage_energy_monitor]: ENERGY | remaining=64.5 % | voltage=15.56 V | drain_rate=0.042 %/s | home_distance=8.4 m | return_time=12 s | return_cost=0.5 % | margin_after_return=43.9 %
[INFO] [1790292382.649967666] [sage_energy_monitor]: ENERGY | remaining=64.4 % | voltage=15.56 V | drain_rate=0.042 %/s | home_distance=6.8 m | return_time=11 s | return_cost=0.5 % | margin_after_return=44.0 %
[INFO] [1790292383.655136930] [sage_energy_monitor]: ENERGY | remaining=64.4 % | voltage=15.56 V | drain_rate=0.042 %/s | home_distance=6.2 m | return_time=10 s | return_cost=0.4 % | margin_after_return=44.0 %
[INFO] [1790292384.647701546] [sage_energy_monitor]: ENERGY | remaining=64.3 % | voltage=15.56 V | drain_rate=0.042 %/s | home_distance=6.7 m | return_time=11 s | return_cost=0.4 % | margin_after_return=43.9 %
[INFO] [1790292385.644511990] [sage_energy_monitor]: ENERGY | remaining=64.3 % | voltage=15.56 V | drain_rate=0.041 %/s | home_distance=7.9 m | return_time=12 s | return_cost=0.5 % | margin_after_return=43.8 %
[INFO] [1790292386.654659205] [sage_energy_monitor]: ENERGY | remaining=64.3 % | voltage=15.56 V | drain_rate=0.041 %/s | home_distance=9.3 m | return_time=13 s | return_cost=0.5 % | margin_after_return=43.7 %
[INFO] [1790292387.652778243] [sage_energy_monitor]: ENERGY | remaining=64.2 % | voltage=15.56 V | drain_rate=0.041 %/s | home_distance=10.5 m | return_time=14 s | return_cost=0.6 % | margin_after_return=43.6 %
[INFO] [1790292388.645044179] [sage_energy_monitor]: ENERGY | remaining=64.2 % | voltage=15.55 V | drain_rate=0.041 %/s | home_distance=10.9 m | return_time=15 s | return_cost=0.6 % | margin_after_return=43.6 %
[INFO] [1790292389.645397979] [sage_energy_monitor]: ENERGY | remaining=64.1 % | voltage=15.55 V | drain_rate=0.041 %/s | home_distance=11.2 m | return_time=15 s | return_cost=0.6 % | margin_after_return=43.5 %
[INFO] [1790292390.646964853] [sage_energy_monitor]: ENERGY | remaining=64.1 % | voltage=15.55 V | drain_rate=0.041 %/s | home_distance=12.1 m | return_time=16 s | return_cost=0.7 % | margin_after_return=43.4 %
[INFO] [1790292391.650902596] [sage_energy_monitor]: ENERGY | remaining=64.1 % | voltage=15.55 V | drain_rate=0.041 %/s | home_distance=12.7 m | return_time=17 s | return_cost=0.7 % | margin_after_return=43.4 %
[INFO] [1790292392.653289040] [sage_energy_monitor]: ENERGY | remaining=64.0 % | voltage=15.55 V | drain_rate=0.041 %/s | home_distance=12.8 m | return_time=16 s | return_cost=0.7 % | margin_after_return=43.3 %
[INFO] [1790292393.643978034] [sage_energy_monitor]: ENERGY | remaining=64.0 % | voltage=15.55 V | drain_rate=0.041 %/s | home_distance=11.9 m | return_time=16 s | return_cost=0.7 % | margin_after_return=43.3 %
[INFO] [1790292394.644213913] [sage_energy_monitor]: ENERGY | remaining=63.9 % | voltage=15.55 V | drain_rate=0.041 %/s | home_distance=11.0 m | return_time=15 s | return_cost=0.6 % | margin_after_return=43.3 %
[INFO] [1790292395.646880408] [sage_energy_monitor]: ENERGY | remaining=63.9 % | voltage=15.55 V | drain_rate=0.041 %/s | home_distance=10.8 m | return_time=15 s | return_cost=0.6 % | margin_after_return=43.3 %
[INFO] [1790292396.652386508] [sage_energy_monitor]: ENERGY | remaining=63.9 % | voltage=15.55 V | drain_rate=0.041 %/s | home_distance=10.5 m | return_time=15 s | return_cost=0.6 % | margin_after_return=43.3 %
[INFO] [1790292397.645118441] [sage_energy_monitor]: ENERGY | remaining=63.8 % | voltage=15.55 V | drain_rate=0.041 %/s | home_distance=8.8 m | return_time=13 s | return_cost=0.5 % | margin_after_return=43.3 %
[INFO] [1790292398.650121699] [sage_energy_monitor]: ENERGY | remaining=63.8 % | voltage=15.55 V | drain_rate=0.041 %/s | home_distance=7.5 m | return_time=12 s | return_cost=0.5 % | margin_after_return=43.3 %
[INFO] [1790292399.644092965] [sage_energy_monitor]: ENERGY | remaining=63.7 % | voltage=15.55 V | drain_rate=0.041 %/s | home_distance=7.0 m | return_time=11 s | return_cost=0.4 % | margin_after_return=43.3 %
[INFO] [1790292400.649113025] [sage_energy_monitor]: ENERGY | remaining=63.7 % | voltage=15.55 V | drain_rate=0.041 %/s | home_distance=8.1 m | return_time=12 s | return_cost=0.5 % | margin_after_return=43.2 %
[INFO] [1790292401.646240976] [sage_energy_monitor]: ENERGY | remaining=63.6 % | voltage=15.54 V | drain_rate=0.041 %/s | home_distance=9.9 m | return_time=14 s | return_cost=0.6 % | margin_after_return=43.1 %
[INFO] [1790292402.654899541] [sage_energy_monitor]: ENERGY | remaining=63.6 % | voltage=15.54 V | drain_rate=0.041 %/s | home_distance=10.8 m | return_time=15 s | return_cost=0.6 % | margin_after_return=43.0 %
[INFO] [1790292403.646741815] [sage_energy_monitor]: ENERGY | remaining=63.6 % | voltage=15.54 V | drain_rate=0.041 %/s | home_distance=10.9 m | return_time=15 s | return_cost=0.6 % | margin_after_return=43.0 %
[INFO] [1790292404.647729990] [sage_energy_monitor]: ENERGY | remaining=63.5 % | voltage=15.54 V | drain_rate=0.041 %/s | home_distance=10.8 m | return_time=15 s | return_cost=0.6 % | margin_after_return=42.9 %
[INFO] [1790292405.647154827] [sage_energy_monitor]: ENERGY | remaining=63.5 % | voltage=15.54 V | drain_rate=0.041 %/s | home_distance=10.8 m | return_time=15 s | return_cost=0.6 % | margin_after_return=42.9 %
[INFO] [1790292406.644073088] [sage_energy_monitor]: ENERGY | remaining=63.4 % | voltage=15.54 V | drain_rate=0.041 %/s | home_distance=10.7 m | return_time=15 s | return_cost=0.6 % | margin_after_return=42.8 %
[INFO] [1790292407.650108996] [sage_energy_monitor]: ENERGY | remaining=63.4 % | voltage=15.54 V | drain_rate=0.041 %/s | home_distance=10.7 m | return_time=15 s | return_cost=0.6 % | margin_after_return=42.8 %
[INFO] [1790292408.648242806] [sage_energy_monitor]: ENERGY | remaining=63.4 % | voltage=15.54 V | drain_rate=0.041 %/s | home_distance=10.7 m | return_time=15 s | return_cost=0.6 % | margin_after_return=42.8 %
[INFO] [1790292409.649110483] [sage_energy_monitor]: ENERGY | remaining=63.3 % | voltage=15.54 V | drain_rate=0.041 %/s | home_distance=10.7 m | return_time=15 s | return_cost=0.6 % | margin_after_return=42.7 %
[INFO] [1790292410.649666986] [sage_energy_monitor]: ENERGY | remaining=63.3 % | voltage=15.54 V | drain_rate=0.041 %/s | home_distance=10.4 m | return_time=14 s | return_cost=0.6 % | margin_after_return=42.7 %
[INFO] [1790292411.643871822] [sage_energy_monitor]: ENERGY | remaining=63.2 % | voltage=15.54 V | drain_rate=0.041 %/s | home_distance=10.2 m | return_time=14 s | return_cost=0.6 % | margin_after_return=42.7 %
[INFO] [1790292412.646374050] [sage_energy_monitor]: ENERGY | remaining=63.2 % | voltage=15.54 V | drain_rate=0.040 %/s | home_distance=10.4 m | return_time=14 s | return_cost=0.6 % | margin_after_return=42.6 %
[INFO] [1790292413.646533360] [sage_energy_monitor]: ENERGY | remaining=63.2 % | voltage=15.54 V | drain_rate=0.041 %/s | home_distance=10.9 m | return_time=15 s | return_cost=0.6 % | margin_after_return=42.6 %
[INFO] [1790292414.646988818] [sage_energy_monitor]: ENERGY | remaining=63.1 % | voltage=15.54 V | drain_rate=0.041 %/s | home_distance=10.8 m | return_time=15 s | return_cost=0.6 % | margin_after_return=42.5 %
[INFO] [1790292415.648967152] [sage_energy_monitor]: ENERGY | remaining=63.1 % | voltage=15.53 V | drain_rate=0.041 %/s | home_distance=10.6 m | return_time=15 s | return_cost=0.6 % | margin_after_return=42.5 %
[INFO] [1790292416.652670956] [sage_energy_monitor]: ENERGY | remaining=63.0 % | voltage=15.53 V | drain_rate=0.041 %/s | home_distance=10.4 m | return_time=15 s | return_cost=0.6 % | margin_after_return=42.4 %
[INFO] [1790292417.658269393] [sage_energy_monitor]: ENERGY | remaining=63.0 % | voltage=15.53 V | drain_rate=0.041 %/s | home_distance=10.4 m | return_time=14 s | return_cost=0.6 % | margin_after_return=42.4 %
[INFO] [1790292418.649021772] [sage_energy_monitor]: ENERGY | remaining=63.0 % | voltage=15.53 V | drain_rate=0.041 %/s | home_distance=10.3 m | return_time=14 s | return_cost=0.6 % | margin_after_return=42.4 %
[INFO] [1790292419.658508797] [sage_energy_monitor]: ENERGY | remaining=62.9 % | voltage=15.53 V | drain_rate=0.041 %/s | home_distance=10.3 m | return_time=14 s | return_cost=0.6 % | margin_after_return=42.3 %
[INFO] [1790292420.649956614] [sage_energy_monitor]: ENERGY | remaining=62.9 % | voltage=15.53 V | drain_rate=0.041 %/s | home_distance=10.3 m | return_time=14 s | return_cost=0.6 % | margin_after_return=42.3 %
[INFO] [1790292421.647040396] [sage_energy_monitor]: ENERGY | remaining=62.8 % | voltage=15.53 V | drain_rate=0.041 %/s | home_distance=10.3 m | return_time=14 s | return_cost=0.6 % | margin_after_return=42.3 %
[INFO] [1790292422.647708135] [sage_energy_monitor]: ENERGY | remaining=62.8 % | voltage=15.53 V | drain_rate=0.041 %/s | home_distance=10.3 m | return_time=14 s | return_cost=0.6 % | margin_after_return=42.2 %
[INFO] [1790292423.645189771] [sage_energy_monitor]: ENERGY | remaining=62.8 % | voltage=15.53 V | drain_rate=0.041 %/s | home_distance=10.3 m | return_time=14 s | return_cost=0.6 % | margin_after_return=42.2 %
[INFO] [1790292424.644765796] [sage_energy_monitor]: ENERGY | remaining=62.7 % | voltage=15.53 V | drain_rate=0.041 %/s | home_distance=10.5 m | return_time=14 s | return_cost=0.6 % | margin_after_return=42.1 %
[INFO] [1790292425.643867372] [sage_energy_monitor]: ENERGY | remaining=62.7 % | voltage=15.53 V | drain_rate=0.041 %/s | home_distance=11.1 m | return_time=15 s | return_cost=0.6 % | margin_after_return=42.1 %
[INFO] [1790292426.643935461] [sage_energy_monitor]: ENERGY | remaining=62.6 % | voltage=15.53 V | drain_rate=0.041 %/s | home_distance=12.1 m | return_time=16 s | return_cost=0.7 % | margin_after_return=42.0 %
[INFO] [1790292427.645937407] [sage_energy_monitor]: ENERGY | remaining=62.6 % | voltage=15.53 V | drain_rate=0.041 %/s | home_distance=12.7 m | return_time=17 s | return_cost=0.7 % | margin_after_return=41.9 %
[INFO] [1790292428.647027413] [sage_energy_monitor]: ENERGY | remaining=62.5 % | voltage=15.52 V | drain_rate=0.041 %/s | home_distance=12.8 m | return_time=17 s | return_cost=0.7 % | margin_after_return=41.9 %
[INFO] [1790292429.651700956] [sage_energy_monitor]: ENERGY | remaining=62.5 % | voltage=15.52 V | drain_rate=0.041 %/s | home_distance=12.7 m | return_time=17 s | return_cost=0.7 % | margin_after_return=41.8 %
[INFO] [1790292430.646264295] [sage_energy_monitor]: ENERGY | remaining=62.5 % | voltage=15.52 V | drain_rate=0.041 %/s | home_distance=12.7 m | return_time=17 s | return_cost=0.7 % | margin_after_return=41.8 %
[INFO] [1790292431.651726505] [sage_energy_monitor]: ENERGY | remaining=62.4 % | voltage=15.52 V | drain_rate=0.041 %/s | home_distance=12.7 m | return_time=17 s | return_cost=0.7 % | margin_after_return=41.7 %
[INFO] [1790292432.645680638] [sage_energy_monitor]: ENERGY | remaining=62.4 % | voltage=15.52 V | drain_rate=0.041 %/s | home_distance=12.7 m | return_time=17 s | return_cost=0.7 % | margin_after_return=41.7 %
[INFO] [1790292433.643878336] [sage_energy_monitor]: ENERGY | remaining=62.3 % | voltage=15.52 V | drain_rate=0.041 %/s | home_distance=12.7 m | return_time=17 s | return_cost=0.7 % | margin_after_return=41.7 %
[INFO] [1790292434.647661761] [sage_energy_monitor]: ENERGY | remaining=62.3 % | voltage=15.52 V | drain_rate=0.041 %/s | home_distance=12.7 m | return_time=17 s | return_cost=0.7 % | margin_after_return=41.6 %
[INFO] [1790292435.648702111] [sage_energy_monitor]: ENERGY | remaining=62.3 % | voltage=15.52 V | drain_rate=0.041 %/s | home_distance=12.7 m | return_time=17 s | return_cost=0.7 % | margin_after_return=41.6 %
[INFO] [1790292436.646230617] [sage_energy_monitor]: ENERGY | remaining=62.2 % | voltage=15.52 V | drain_rate=0.041 %/s | home_distance=12.7 m | return_time=17 s | return_cost=0.7 % | margin_after_return=41.5 %
[INFO] [1790292437.644406123] [sage_energy_monitor]: ENERGY | remaining=62.2 % | voltage=15.52 V | drain_rate=0.041 %/s | home_distance=11.9 m | return_time=16 s | return_cost=0.6 % | margin_after_return=41.5 %
[INFO] [1790292438.648342434] [sage_energy_monitor]: ENERGY | remaining=62.1 % | voltage=15.52 V | drain_rate=0.041 %/s | home_distance=9.9 m | return_time=14 s | return_cost=0.6 % | margin_after_return=41.6 %
[INFO] [1790292439.644035164] [sage_energy_monitor]: ENERGY | remaining=62.1 % | voltage=15.52 V | drain_rate=0.041 %/s | home_distance=7.7 m | return_time=12 s | return_cost=0.5 % | margin_after_return=41.6 %
[INFO] [1790292440.644127436] [sage_energy_monitor]: ENERGY | remaining=62.1 % | voltage=15.52 V | drain_rate=0.041 %/s | home_distance=5.5 m | return_time=9 s | return_cost=0.4 % | margin_after_return=41.7 %
[INFO] [1790292441.643766009] [sage_energy_monitor]: ENERGY | remaining=62.0 % | voltage=15.52 V | drain_rate=0.041 %/s | home_distance=3.7 m | return_time=7 s | return_cost=0.3 % | margin_after_return=41.7 %
[INFO] [1790292442.645833725] [sage_energy_monitor]: ENERGY | remaining=62.0 % | voltage=15.51 V | drain_rate=0.041 %/s | home_distance=3.1 m | return_time=7 s | return_cost=0.3 % | margin_after_return=41.7 %
[INFO] [1790292443.647565672] [sage_energy_monitor]: ENERGY | remaining=61.9 % | voltage=15.51 V | drain_rate=0.041 %/s | home_distance=4.2 m | return_time=8 s | return_cost=0.3 % | margin_after_return=41.6 %
[INFO] [1790292444.644625870] [sage_energy_monitor]: ENERGY | remaining=61.9 % | voltage=15.51 V | drain_rate=0.041 %/s | home_distance=5.7 m | return_time=10 s | return_cost=0.4 % | margin_after_return=41.5 %
[INFO] [1790292445.643954055] [sage_energy_monitor]: ENERGY | remaining=61.9 % | voltage=15.51 V | drain_rate=0.041 %/s | home_distance=6.5 m | return_time=10 s | return_cost=0.4 % | margin_after_return=41.4 %
[INFO] [1790292446.651228723] [sage_energy_monitor]: ENERGY | remaining=61.8 % | voltage=15.51 V | drain_rate=0.041 %/s | home_distance=5.5 m | return_time=9 s | return_cost=0.4 % | margin_after_return=41.4 %
[INFO] [1790292447.645396127] [sage_energy_monitor]: ENERGY | remaining=61.8 % | voltage=15.51 V | drain_rate=0.041 %/s | home_distance=4.3 m | return_time=8 s | return_cost=0.3 % | margin_after_return=41.4 %
[INFO] [1790292448.647011943] [sage_energy_monitor]: ENERGY | remaining=61.7 % | voltage=15.51 V | drain_rate=0.041 %/s | home_distance=3.7 m | return_time=8 s | return_cost=0.3 % | margin_after_return=41.4 %
[INFO] [1790292449.647724466] [sage_energy_monitor]: ENERGY | remaining=61.7 % | voltage=15.51 V | drain_rate=0.041 %/s | home_distance=3.5 m | return_time=7 s | return_cost=0.3 % | margin_after_return=41.4 %
[INFO] [1790292450.646163839] [sage_energy_monitor]: ENERGY | remaining=61.6 % | voltage=15.51 V | drain_rate=0.041 %/s | home_distance=4.4 m | return_time=9 s | return_cost=0.4 % | margin_after_return=41.3 %
[INFO] [1790292451.652139106] [sage_energy_monitor]: ENERGY | remaining=61.6 % | voltage=15.51 V | drain_rate=0.041 %/s | home_distance=5.4 m | return_time=9 s | return_cost=0.4 % | margin_after_return=41.2 %
[INFO] [1790292452.649244049] [sage_energy_monitor]: ENERGY | remaining=61.6 % | voltage=15.51 V | drain_rate=0.041 %/s | home_distance=5.7 m | return_time=10 s | return_cost=0.4 % | margin_after_return=41.2 %
[INFO] [1790292453.645378817] [sage_energy_monitor]: ENERGY | remaining=61.5 % | voltage=15.51 V | drain_rate=0.041 %/s | home_distance=6.6 m | return_time=11 s | return_cost=0.4 % | margin_after_return=41.1 %
[INFO] [1790292454.645061885] [sage_energy_monitor]: ENERGY | remaining=61.5 % | voltage=15.51 V | drain_rate=0.041 %/s | home_distance=7.8 m | return_time=12 s | return_cost=0.5 % | margin_after_return=41.0 %
[INFO] [1790292455.645841362] [sage_energy_monitor]: ENERGY | remaining=61.4 % | voltage=15.50 V | drain_rate=0.041 %/s | home_distance=7.5 m | return_time=11 s | return_cost=0.5 % | margin_after_return=41.0 %
[INFO] [1790292456.645500676] [sage_energy_monitor]: ENERGY | remaining=61.4 % | voltage=15.50 V | drain_rate=0.041 %/s | home_distance=6.6 m | return_time=11 s | return_cost=0.4 % | margin_after_return=41.0 %
[INFO] [1790292457.646978384] [sage_energy_monitor]: ENERGY | remaining=61.4 % | voltage=15.50 V | drain_rate=0.041 %/s | home_distance=5.7 m | return_time=10 s | return_cost=0.4 % | margin_after_return=41.0 %
[INFO] [1790292458.644549309] [sage_energy_monitor]: ENERGY | remaining=61.3 % | voltage=15.50 V | drain_rate=0.041 %/s | home_distance=4.9 m | return_time=9 s | return_cost=0.4 % | margin_after_return=41.0 %
[INFO] [1790292459.646162838] [sage_energy_monitor]: ENERGY | remaining=61.3 % | voltage=15.50 V | drain_rate=0.041 %/s | home_distance=4.0 m | return_time=8 s | return_cost=0.3 % | margin_after_return=40.9 %
[INFO] [1790292460.644497287] [sage_energy_monitor]: ENERGY | remaining=61.2 % | voltage=15.50 V | drain_rate=0.041 %/s | home_distance=3.1 m | return_time=7 s | return_cost=0.3 % | margin_after_return=40.9 %
[INFO] [1790292461.647085703] [sage_energy_monitor]: ENERGY | remaining=61.2 % | voltage=15.50 V | drain_rate=0.041 %/s | home_distance=2.2 m | return_time=6 s | return_cost=0.3 % | margin_after_return=40.9 %
[INFO] [1790292462.648786907] [sage_energy_monitor]: ENERGY | remaining=61.1 % | voltage=15.50 V | drain_rate=0.042 %/s | home_distance=1.1 m | return_time=5 s | return_cost=0.2 % | margin_after_return=40.9 %
[INFO] [1790292463.647558526] [sage_energy_monitor]: ENERGY | remaining=61.1 % | voltage=15.50 V | drain_rate=0.042 %/s | home_distance=0.3 m | return_time=4 s | return_cost=0.2 % | margin_after_return=40.9 %
[INFO] [1790292464.647016474] [sage_energy_monitor]: ENERGY | remaining=61.1 % | voltage=15.50 V | drain_rate=0.042 %/s | home_distance=0.2 m | return_time=4 s | return_cost=0.2 % | margin_after_return=40.9 %
[INFO] [1790292465.645176258] [sage_energy_monitor]: ENERGY | remaining=61.0 % | voltage=15.50 V | drain_rate=0.042 %/s | home_distance=0.3 m | return_time=3 s | return_cost=0.1 % | margin_after_return=40.9 %
[INFO] [1790292466.647001049] [sage_energy_monitor]: ENERGY | remaining=61.0 % | voltage=15.50 V | drain_rate=0.042 %/s | home_distance=0.4 m | return_time=2 s | return_cost=0.1 % | margin_after_return=40.9 %
[INFO] [1790292467.653989404] [sage_energy_monitor]: ENERGY | remaining=60.9 % | voltage=15.50 V | drain_rate=0.042 %/s | home_distance=0.4 m | return_time=1 s | return_cost=0.0 % | margin_after_return=40.9 %
[INFO] [1790292468.646186434] [sage_energy_monitor]: ENERGY | remaining=60.9 % | voltage=15.49 V | drain_rate=0.042 %/s | home_distance=0.4 m | return_time=1 s | return_cost=0.0 % | margin_after_return=40.9 %
[INFO] [1790292469.650635342] [sage_energy_monitor]: ENERGY | remaining=60.8 % | voltage=15.49 V | drain_rate=0.042 %/s | home_distance=0.4 m | return_time=1 s | return_cost=0.0 % | margin_after_return=40.8 %
[INFO] [1790292470.648213345] [sage_energy_monitor]: ENERGY | remaining=60.8 % | voltage=15.49 V | drain_rate=0.042 %/s | home_distance=0.5 m | return_time=1 s | return_cost=0.0 % | margin_after_return=40.8 %
[INFO] [1790292471.643895547] [sage_energy_monitor]: ENERGY | remaining=80.3 % | voltage=16.20 V | drain_rate=0.000 %/s | home_distance=0.5 m | return_time=1 s | return_cost=0.0 % | margin_after_return=60.3 %
[INFO] [1790292472.647348398] [sage_energy_monitor]: ENERGY | remaining=90.6 % | voltage=16.20 V | drain_rate=0.000 %/s | home_distance=0.5 m | return_time=1 s | return_cost=0.0 % | margin_after_return=70.6 %
[INFO] [1790292473.645375052] [sage_energy_monitor]: ENERGY | remaining=95.1 % | voltage=16.20 V | drain_rate=0.000 %/s | home_distance=0.4 m | return_time=1 s | return_cost=0.0 % | margin_after_return=75.1 %
[INFO] [1790292474.644695847] [sage_energy_monitor]: ENERGY | remaining=97.5 % | voltage=16.20 V | drain_rate=0.000 %/s | home_distance=0.4 m | return_time=1 s | return_cost=0.0 % | margin_after_return=77.5 %
[INFO] [1790292475.645081404] [sage_energy_monitor]: ENERGY | remaining=98.8 % | voltage=16.20 V | drain_rate=0.000 %/s | home_distance=0.4 m | return_time=1 s | return_cost=0.0 % | margin_after_return=78.8 %
[INFO] [1790292476.644747603] [sage_energy_monitor]: ENERGY | remaining=99.5 % | voltage=16.20 V | drain_rate=0.000 %/s | home_distance=0.4 m | return_time=1 s | return_cost=0.0 % | margin_after_return=79.5 %
[INFO] [1790292477.646353108] [sage_energy_monitor]: ENERGY | remaining=99.8 % | voltage=16.20 V | drain_rate=0.000 %/s | home_distance=0.4 m | return_time=1 s | return_cost=0.0 % | margin_after_return=79.8 %
[INFO] [1790292478.648542244] [sage_energy_monitor]: ENERGY | remaining=99.9 % | voltage=16.20 V | drain_rate=0.000 %/s | home_distance=0.4 m | return_time=1 s | return_cost=0.0 % | margin_after_return=79.9 %
