[INFO] [1790212131.769710179] [sage_semantic_world_model]: SAGE Semantic World Model started.
[INFO] [1790212131.770433492] [sage_semantic_world_model]: Position smoothing enabled | alpha=0.25
[INFO] [1790212131.771315816] [sage_semantic_world_model]: Target association enabled | gate=2.00 m
[INFO] [1790212131.772522340] [sage_semantic_world_model]: Velocity estimation enabled | window=5 observations
[INFO] [1790212131.774671263] [sage_semantic_world_model]: Persistent motion classification enabled | classification_window=10 observations
[INFO] [1790212131.779417193] [sage_semantic_world_model]: Motion requirements | net_displacement>=0.50 m | avg_speed>=0.20 m/s | straightness>=0.70 | direction_consistency>=0.70
[INFO] [1790212131.784649420] [sage_semantic_world_model]: Motion confirmation required | 3 consecutive strong windows
[INFO] [1790212138.365552471] [sage_semantic_world_model]: NEW TARGET | id=1 | class=person | position=(-0.23, 3.87, 0.00) | state=STATIONARY
[INFO] [1790212138.462945434] [sage_semantic_world_model]: Target 1 updated | association_distance=0.00 m | raw=(-0.23, 3.87, 0.00) | smoothed=(-0.23, 3.87, 0.00) | velocity=(0.00, 0.00, 0.00) m/s | speed=0.00 m/s | net=0.00 m | straightness=0.00 | direction=0.00 | state=STATIONARY | detections=2
[INFO] [1790212138.561753999] [sage_semantic_world_model]: Target 1 updated | association_distance=0.00 m | raw=(-0.23, 3.87, 0.00) | smoothed=(-0.23, 3.87, 0.00) | velocity=(0.00, 0.00, 0.00) m/s | speed=0.00 m/s | net=0.00 m | straightness=0.00 | direction=0.00 | state=STATIONARY | detections=3
[INFO] [1790212138.667297235] [sage_semantic_world_model]: Target 1 updated | association_distance=0.00 m | raw=(-0.23, 3.87, 0.00) | smoothed=(-0.23, 3.87, 0.00) | velocity=(0.00, 0.00, 0.00) m/s | speed=0.00 m/s | net=0.00 m | straightness=0.00 | direction=0.00 | state=STATIONARY | detections=4
[INFO] [1790212138.760471034] [sage_semantic_world_model]: Target 1 updated | association_distance=0.00 m | raw=(-0.23, 3.87, 0.00) | smoothed=(-0.23, 3.87, 0.00) | velocity=(0.00, 0.00, 0.00) m/s | speed=0.00 m/s | net=0.00 m | straightness=0.00 | direction=0.00 | state=STATIONARY | detections=5
[INFO] [1790212138.866798635] [sage_semantic_world_model]: Target 1 updated | association_distance=0.00 m | raw=(-0.23, 3.87, 0.00) | smoothed=(-0.23, 3.87, 0.00) | velocity=(0.00, 0.00, 0.00) m/s | speed=0.00 m/s | net=0.00 m | straightness=0.00 | direction=0.00 | state=STATIONARY | detections=6
[INFO] [1790212138.966512342] [sage_semantic_world_model]: Target 1 updated | association_distance=0.00 m | raw=(-0.23, 3.87, 0.00) | smoothed=(-0.23, 3.87, 0.00) | velocity=(0.00, 0.00, 0.00) m/s | speed=0.00 m/s | net=0.00 m | straightness=0.00 | direction=0.00 | state=STATIONARY | detections=7
[INFO] [1790212139.063193679] [sage_semantic_world_model]: Target 1 updated | association_distance=0.00 m | raw=(-0.23, 3.87, 0.00) | smoothed=(-0.23, 3.87, 0.00) | velocity=(0.00, 0.00, 0.00) m/s | speed=0.00 m/s | net=0.00 m | straightness=0.00 | direction=0.00 | state=STATIONARY | detections=8
[INFO] [1790212139.173798093] [sage_semantic_world_model]: Target 1 updated | association_distance=0.00 m | raw=(-0.23, 3.87, 0.00) | smoothed=(-0.23, 3.87, 0.00) | velocity=(0.00, 0.00, 0.00) m/s | speed=0.00 m/s | net=0.00 m | straightness=0.00 | direction=0.00 | state=STATIONARY | detections=9
[INFO] [1790212139.270851915] [sage_semantic_world_model]: Target 1 updated | association_distance=0.00 m | raw=(-0.23, 3.87, 0.00) | smoothed=(-0.23, 3.87, 0.00) | velocity=(0.00, 0.00, 0.00) m/s | speed=0.00 m/s | net=0.00 m | straightness=0.00 | direction=0.00 | state=STATIONARY | detections=10
[INFO] [1790212139.362380892] [sage_semantic_world_model]: Target 1 updated | association_distance=0.00 m | raw=(-0.23, 3.87, 0.00) | smoothed=(-0.23, 3.87, 0.00) | velocity=(0.00, 0.00, 0.00) m/s | speed=0.00 m/s | net=0.00 m | straightness=0.00 | direction=0.00 | state=STATIONARY | detections=11
[INFO] [1790212139.460642079] [sage_semantic_world_model]: Target 1 updated | association_distance=0.46 m | raw=(-0.11, 4.31, 0.00) | smoothed=(-0.20, 3.98, 0.00) | velocity=(0.07, 0.28, 0.00) m/s | speed=0.29 m/s | net=0.11 m | straightness=1.00 | direction=0.00 | state=STATIONARY | detections=12
[INFO] [1790212139.566157788] [sage_semantic_world_model]: Target 1 updated | association_distance=0.34 m | raw=(-0.11, 4.31, 0.00) | smoothed=(-0.18, 4.06, 0.00) | velocity=(0.13, 0.49, 0.00) m/s | speed=0.51 m/s | net=0.20 m | straightness=1.00 | direction=0.00 | state=STATIONARY | detections=13
[INFO] [1790212139.672208145] [sage_semantic_world_model]: Target 1 updated | association_distance=0.18 m | raw=(-0.13, 4.24, 0.00) | smoothed=(-0.17, 4.11, 0.00) | velocity=(0.16, 0.59, 0.00) m/s | speed=0.61 m/s | net=0.25 m | straightness=1.00 | direction=0.00 | state=STATIONARY | detections=14
[INFO] [1790212139.762866744] [sage_semantic_world_model]: Target 1 updated | association_distance=0.14 m | raw=(-0.13, 4.24, 0.00) | smoothed=(-0.16, 4.14, 0.00) | velocity=(0.19, 0.67, 0.00) m/s | speed=0.70 m/s | net=0.28 m | straightness=1.00 | direction=0.00 | state=STATIONARY | detections=15
[INFO] [1790212139.862600832] [sage_semantic_world_model]: Target 1 updated | association_distance=0.25 m | raw=(-0.13, 4.39, 0.00) | smoothed=(-0.15, 4.20, 0.00) | velocity=(0.13, 0.55, 0.00) m/s | speed=0.57 m/s | net=0.34 m | straightness=1.00 | direction=0.00 | state=STATIONARY | detections=16
[INFO] [1790212139.968749487] [sage_semantic_world_model]: Target 1 updated | association_distance=0.19 m | raw=(-0.13, 4.39, 0.00) | smoothed=(-0.15, 4.25, 0.00) | velocity=(0.08, 0.46, 0.00) m/s | speed=0.47 m/s | net=0.39 m | straightness=1.00 | direction=0.00 | state=STATIONARY | detections=17
[INFO] [1790212140.067701124] [sage_semantic_world_model]: Target 1 updated | association_distance=0.14 m | raw=(-0.13, 4.39, 0.00) | smoothed=(-0.14, 4.28, 0.00) | velocity=(0.05, 0.44, 0.00) m/s | speed=0.45 m/s | net=0.42 m | straightness=1.00 | direction=0.00 | state=STATIONARY | detections=18
[INFO] [1790212140.163762065] [sage_semantic_world_model]: Target 1 updated | association_distance=0.06 m | raw=(-0.14, 4.35, 0.00) | smoothed=(-0.14, 4.30, 0.00) | velocity=(0.03, 0.40, 0.00) m/s | speed=0.40 m/s | net=0.44 m | straightness=1.00 | direction=0.00 | state=STATIONARY | detections=19
[INFO] [1790212140.268310042] [sage_semantic_world_model]: Target 1 updated | association_distance=0.05 m | raw=(-0.14, 4.35, 0.00) | smoothed=(-0.14, 4.31, 0.00) | velocity=(0.02, 0.27, 0.00) m/s | speed=0.27 m/s | net=0.45 m | straightness=1.00 | direction=0.00 | state=STATIONARY | detections=20
[INFO] [1790212140.373033715] [sage_semantic_world_model]: Target 1 updated | association_distance=0.04 m | raw=(-0.14, 4.35, 0.00) | smoothed=(-0.14, 4.32, 0.00) | velocity=(0.01, 0.18, 0.00) m/s | speed=0.18 m/s | net=0.35 m | straightness=0.99 | direction=0.00 | state=STATIONARY | detections=21
[INFO] [1790212140.464116631] [sage_semantic_world_model]: Target 1 updated | association_distance=0.21 m | raw=(-0.15, 4.53, 0.00) | smoothed=(-0.14, 4.37, 0.00) | velocity=(-0.00, 0.22, 0.00) m/s | speed=0.22 m/s | net=0.31 m | straightness=0.99 | direction=0.00 | state=STATIONARY | detections=22
[INFO] [1790212140.567040874] [sage_semantic_world_model]: Target 1 updated | association_distance=0.16 m | raw=(-0.15, 4.53, 0.00) | smoothed=(-0.15, 4.41, 0.00) | velocity=(-0.01, 0.28, 0.00) m/s | speed=0.28 m/s | net=0.31 m | straightness=1.00 | direction=0.00 | state=STATIONARY | detections=23
[INFO] [1790212140.661755340] [sage_semantic_world_model]: Target 1 updated | association_distance=0.12 m | raw=(-0.15, 4.53, 0.00) | smoothed=(-0.15, 4.44, 0.00) | velocity=(-0.01, 0.32, 0.00) m/s | speed=0.32 m/s | net=0.30 m | straightness=1.00 | direction=0.00 | state=STATIONARY | detections=24
[INFO] [1790212140.770494473] [sage_semantic_world_model]: Target 1 updated | association_distance=0.02 m | raw=(-0.17, 4.43, 0.00) | smoothed=(-0.15, 4.44, 0.00) | velocity=(-0.02, 0.29, 0.00) m/s | speed=0.29 m/s | net=0.24 m | straightness=0.97 | direction=0.00 | state=STATIONARY | detections=25
[INFO] [1790212140.871393755] [sage_semantic_world_model]: Target 1 updated | association_distance=0.02 m | raw=(-0.17, 4.43, 0.00) | smoothed=(-0.16, 4.44, 0.00) | velocity=(-0.03, 0.16, 0.00) m/s | speed=0.16 m/s | net=0.19 m | straightness=0.93 | direction=0.00 | state=STATIONARY | detections=26
[INFO] [1790212140.963241547] [sage_semantic_world_model]: Target 1 updated | association_distance=0.07 m | raw=(-0.15, 4.36, 0.00) | smoothed=(-0.15, 4.42, 0.00) | velocity=(-0.02, 0.02, 0.00) m/s | speed=0.03 m/s | net=0.13 m | straightness=0.73 | direction=0.00 | state=STATIONARY | detections=27
[INFO] [1790212141.066591125] [sage_semantic_world_model]: Target 1 updated | association_distance=0.05 m | raw=(-0.15, 4.36, 0.00) | smoothed=(-0.15, 4.40, 0.00) | velocity=(-0.02, -0.09, 0.00) m/s | speed=0.09 m/s | net=0.10 m | straightness=0.58 | direction=0.00 | state=STATIONARY | detections=28
[INFO] [1790212141.160968764] [sage_semantic_world_model]: Target 1 updated | association_distance=0.04 m | raw=(-0.15, 4.36, 0.00) | smoothed=(-0.15, 4.39, 0.00) | velocity=(-0.00, -0.11, 0.00) m/s | speed=0.11 m/s | net=0.08 m | straightness=0.46 | direction=0.00 | state=STATIONARY | detections=29
[INFO] [1790212141.261399737] [sage_semantic_world_model]: Target 1 updated | association_distance=0.02 m | raw=(-0.18, 4.39, 0.00) | smoothed=(-0.16, 4.39, 0.00) | velocity=(-0.01, -0.11, 0.00) m/s | speed=0.11 m/s | net=0.07 m | straightness=0.42 | direction=0.00 | state=STATIONARY | detections=30
[INFO] [1790212141.372367903] [sage_semantic_world_model]: Target 1 updated | association_distance=0.16 m | raw=(-0.18, 4.55, 0.00) | smoothed=(-0.17, 4.43, 0.00) | velocity=(-0.03, 0.03, 0.00) m/s | speed=0.04 m/s | net=0.06 m | straightness=0.38 | direction=0.00 | state=STATIONARY | detections=31
[INFO] [1790212141.462347993] [sage_semantic_world_model]: Target 1 updated | association_distance=0.12 m | raw=(-0.18, 4.55, 0.00) | smoothed=(-0.17, 4.46, 0.00) | velocity=(-0.04, 0.14, 0.00) m/s | speed=0.15 m/s | net=0.05 m | straightness=0.35 | direction=0.00 | state=STATIONARY | detections=32
[INFO] [1790212141.571078464] [sage_semantic_world_model]: Target 1 updated | association_distance=0.09 m | raw=(-0.18, 4.55, 0.00) | smoothed=(-0.17, 4.48, 0.00) | velocity=(-0.05, 0.22, 0.00) m/s | speed=0.23 m/s | net=0.05 m | straightness=0.33 | direction=0.00 | state=STATIONARY | detections=33
[INFO] [1790212141.662714670] [sage_semantic_world_model]: Target 1 updated | association_distance=0.06 m | raw=(-0.19, 4.54, 0.00) | smoothed=(-0.18, 4.49, 0.00) | velocity=(-0.05, 0.26, 0.00) m/s | speed=0.26 m/s | net=0.06 m | straightness=0.40 | direction=0.00 | state=STATIONARY | detections=34
[INFO] [1790212141.763642159] [sage_semantic_world_model]: Target 1 updated | association_distance=0.04 m | raw=(-0.19, 4.54, 0.00) | smoothed=(-0.18, 4.50, 0.00) | velocity=(-0.04, 0.19, 0.00) m/s | speed=0.19 m/s | net=0.07 m | straightness=0.45 | direction=0.00 | state=STATIONARY | detections=35
[INFO] [1790212141.862479413] [sage_semantic_world_model]: Target 1 updated | association_distance=0.03 m | raw=(-0.19, 4.54, 0.00) | smoothed=(-0.18, 4.51, 0.00) | velocity=(-0.03, 0.13, 0.00) m/s | speed=0.14 m/s | net=0.10 m | straightness=0.65 | direction=0.00 | state=STATIONARY | detections=36
[INFO] [1790212141.966186483] [sage_semantic_world_model]: Target 1 updated | association_distance=0.24 m | raw=(-0.20, 4.76, 0.00) | smoothed=(-0.19, 4.57, 0.00) | velocity=(-0.03, 0.23, 0.00) m/s | speed=0.23 m/s | net=0.17 m | straightness=0.86 | direction=0.00 | state=STATIONARY | detections=37
[INFO] [1790212142.064181492] [sage_semantic_world_model]: Target 1 updated | association_distance=0.18 m | raw=(-0.20, 4.76, 0.00) | smoothed=(-0.19, 4.62, 0.00) | velocity=(-0.03, 0.31, 0.00) m/s | speed=0.31 m/s | net=0.23 m | straightness=0.97 | direction=0.00 | state=STATIONARY | detections=38
[INFO] [1790212142.163515615] [sage_semantic_world_model]: Target 1 updated | association_distance=0.14 m | raw=(-0.20, 4.76, 0.00) | smoothed=(-0.19, 4.65, 0.00) | velocity=(-0.03, 0.37, 0.00) m/s | speed=0.37 m/s | net=0.26 m | straightness=1.00 | direction=0.00 | state=STATIONARY | detections=39
[INFO] [1790212142.270527207] [sage_semantic_world_model]: Target 1 updated | association_distance=0.10 m | raw=(-0.20, 4.76, 0.00) | smoothed=(-0.19, 4.68, 0.00) | velocity=(-0.03, 0.42, 0.00) m/s | speed=0.42 m/s | net=0.25 m | straightness=1.00 | direction=0.00 | state=STATIONARY | detections=40
[INFO] [1790212142.360521320] [sage_semantic_world_model]: Target 1 updated | association_distance=0.07 m | raw=(-0.21, 4.74, 0.00) | smoothed=(-0.20, 4.70, 0.00) | velocity=(-0.03, 0.31, 0.00) m/s | speed=0.31 m/s | net=0.24 m | straightness=1.00 | direction=0.00 | state=STATIONARY | detections=41
[INFO] [1790212142.462989315] [sage_semantic_world_model]: Target 1 updated | association_distance=0.07 m | raw=(-0.20, 4.76, 0.00) | smoothed=(-0.20, 4.71, 0.00) | velocity=(-0.02, 0.23, 0.00) m/s | speed=0.23 m/s | net=0.23 m | straightness=0.99 | direction=0.00 | state=STATIONARY | detections=42
[INFO] [1790212142.564358160] [sage_semantic_world_model]: Target 1 updated | association_distance=0.05 m | raw=(-0.20, 4.76, 0.00) | smoothed=(-0.20, 4.73, 0.00) | velocity=(-0.01, 0.18, 0.00) m/s | speed=0.18 m/s | net=0.23 m | straightness=1.00 | direction=0.00 | state=STATIONARY | detections=43
[INFO] [1790212142.660414610] [sage_semantic_world_model]: Target 1 updated | association_distance=0.20 m | raw=(-0.20, 4.92, 0.00) | smoothed=(-0.20, 4.77, 0.00) | velocity=(-0.01, 0.24, 0.00) m/s | speed=0.24 m/s | net=0.27 m | straightness=1.00 | direction=0.00 | state=STATIONARY | detections=44
[INFO] [1790212142.763044026] [sage_semantic_world_model]: Target 1 updated | association_distance=0.15 m | raw=(-0.20, 4.92, 0.00) | smoothed=(-0.20, 4.81, 0.00) | velocity=(-0.00, 0.29, 0.00) m/s | speed=0.29 m/s | net=0.30 m | straightness=1.00 | direction=0.00 | state=STATIONARY | detections=45
[INFO] [1790212142.860467381] [sage_semantic_world_model]: Target 1 updated | association_distance=0.11 m | raw=(-0.20, 4.92, 0.00) | smoothed=(-0.20, 4.84, 0.00) | velocity=(-0.01, 0.32, 0.00) m/s | speed=0.32 m/s | net=0.26 m | straightness=1.00 | direction=0.00 | state=STATIONARY | detections=46
[INFO] [1790212142.970559034] [sage_semantic_world_model]: Target 1 updated | association_distance=0.14 m | raw=(-0.20, 4.98, 0.00) | smoothed=(-0.20, 4.87, 0.00) | velocity=(-0.01, 0.37, 0.00) m/s | speed=0.37 m/s | net=0.25 m | straightness=1.00 | direction=0.00 | state=STATIONARY | detections=47
[INFO] [1790212143.067748824] [sage_semantic_world_model]: Target 1 updated | association_distance=0.11 m | raw=(-0.20, 4.98, 0.00) | smoothed=(-0.20, 4.90, 0.00) | velocity=(-0.01, 0.31, 0.00) m/s | speed=0.31 m/s | net=0.25 m | straightness=1.00 | direction=0.00 | state=STATIONARY | detections=48
[INFO] [1790212143.167623909] [sage_semantic_world_model]: Target 1 updated | association_distance=0.08 m | raw=(-0.20, 4.98, 0.00) | smoothed=(-0.20, 4.92, 0.00) | velocity=(-0.00, 0.27, 0.00) m/s | speed=0.27 m/s | net=0.24 m | straightness=1.00 | direction=0.00 | state=STATIONARY | detections=49
[INFO] [1790212143.260462613] [sage_semantic_world_model]: Target 1 updated | association_distance=0.16 m | raw=(-0.22, 5.08, 0.00) | smoothed=(-0.20, 4.96, 0.00) | velocity=(-0.01, 0.30, 0.00) m/s | speed=0.30 m/s | net=0.26 m | straightness=1.00 | direction=0.00 | state=STATIONARY | detections=50
[INFO] [1790212143.370671780] [sage_semantic_world_model]: Target 1 updated | association_distance=0.12 m | raw=(-0.22, 5.08, 0.00) | smoothed=(-0.21, 4.99, 0.00) | velocity=(-0.02, 0.29, 0.00) m/s | speed=0.29 m/s | net=0.28 m | straightness=1.00 | direction=0.00 | state=STATIONARY | detections=51
[INFO] [1790212143.463815007] [sage_semantic_world_model]: Target 1 updated | association_distance=0.09 m | raw=(-0.22, 5.08, 0.00) | smoothed=(-0.21, 5.01, 0.00) | velocity=(-0.02, 0.28, 0.00) m/s | speed=0.28 m/s | net=0.29 m | straightness=1.00 | direction=0.00 | state=STATIONARY | detections=52
[INFO] [1790212143.564749745] [sage_semantic_world_model]: Target 1 updated | association_distance=0.26 m | raw=(-0.23, 5.27, 0.00) | smoothed=(-0.21, 5.08, 0.00) | velocity=(-0.03, 0.39, 0.00) m/s | speed=0.39 m/s | net=0.30 m | straightness=1.00 | direction=0.00 | state=STATIONARY | detections=53
[INFO] [1790212143.660743439] [sage_semantic_world_model]: Target 1 updated | association_distance=0.20 m | raw=(-0.23, 5.27, 0.00) | smoothed=(-0.22, 5.13, 0.00) | velocity=(-0.03, 0.41, 0.00) m/s | speed=0.42 m/s | net=0.31 m | straightness=1.00 | direction=0.00 | state=STATIONARY | detections=54
[INFO] [1790212143.763235366] [sage_semantic_world_model]: Target 1 updated | association_distance=0.15 m | raw=(-0.23, 5.27, 0.00) | smoothed=(-0.22, 5.16, 0.00) | velocity=(-0.03, 0.44, 0.00) m/s | speed=0.44 m/s | net=0.32 m | straightness=1.00 | direction=0.00 | state=STATIONARY | detections=55
[INFO] [1790212143.864770715] [sage_semantic_world_model]: Target 1 updated | association_distance=0.12 m | raw=(-0.23, 5.28, 0.00) | smoothed=(-0.22, 5.19, 0.00) | velocity=(-0.03, 0.45, 0.00) m/s | speed=0.45 m/s | net=0.32 m | straightness=1.00 | direction=0.00 | state=STATIONARY | detections=56
[INFO] [1790212144.169751700] [sage_semantic_world_model]: Target 1 updated | association_distance=0.21 m | raw=(-0.23, 5.40, 0.00) | smoothed=(-0.23, 5.24, 0.00) | velocity=(-0.02, 0.28, 0.00) m/s | speed=0.28 m/s | net=0.34 m | straightness=1.00 | direction=0.00 | state=STATIONARY | detections=57
[INFO] [1790212144.262802481] [sage_semantic_world_model]: Target 1 updated | association_distance=0.16 m | raw=(-0.23, 5.40, 0.00) | smoothed=(-0.23, 5.28, 0.00) | velocity=(-0.02, 0.26, 0.00) m/s | speed=0.26 m/s | net=0.36 m | straightness=1.00 | direction=0.00 | state=STATIONARY | detections=58
[INFO] [1790212144.367571074] [sage_semantic_world_model]: Target 1 updated | association_distance=0.12 m | raw=(-0.23, 5.40, 0.00) | smoothed=(-0.23, 5.31, 0.00) | velocity=(-0.01, 0.25, 0.00) m/s | speed=0.25 m/s | net=0.35 m | straightness=1.00 | direction=0.00 | state=STATIONARY | detections=59
[INFO] [1790212144.462681961] [sage_semantic_world_model]: Target 1 updated | association_distance=0.20 m | raw=(-0.26, 5.51, 0.00) | smoothed=(-0.24, 5.36, 0.00) | velocity=(-0.02, 0.29, 0.00) m/s | speed=0.29 m/s | net=0.37 m | straightness=1.00 | direction=0.00 | state=STATIONARY | detections=60
[INFO] [1790212144.564272355] [sage_semantic_world_model]: Target 1 updated | association_distance=0.15 m | raw=(-0.26, 5.51, 0.00) | smoothed=(-0.24, 5.40, 0.00) | velocity=(-0.04, 0.39, 0.00) m/s | speed=0.39 m/s | net=0.39 m | straightness=1.00 | direction=0.00 | state=STATIONARY | detections=61
[INFO] [1790212144.664131251] [sage_semantic_world_model]: Target 1 updated | association_distance=0.09 m | raw=(-0.27, 5.32, 0.00) | smoothed=(-0.25, 5.38, 0.00) | velocity=(-0.05, 0.23, 0.00) m/s | speed=0.24 m/s | net=0.30 m | straightness=0.88 | direction=0.00 | state=STATIONARY | detections=62
[INFO] [1790212144.761245767] [sage_semantic_world_model]: Target 1 updated | association_distance=0.07 m | raw=(-0.27, 5.32, 0.00) | smoothed=(-0.25, 5.36, 0.00) | velocity=(-0.06, 0.12, 0.00) m/s | speed=0.14 m/s | net=0.24 m | straightness=0.77 | direction=0.00 | state=STATIONARY | detections=63
[INFO] [1790212144.865018146] [sage_semantic_world_model]: Target 1 updated | association_distance=0.10 m | raw=(-0.30, 5.45, 0.00) | smoothed=(-0.26, 5.38, 0.00) | velocity=(-0.07, 0.06, 0.00) m/s | speed=0.09 m/s | net=0.23 m | straightness=0.76 | direction=0.00 | state=STATIONARY | detections=64
[INFO] [1790212144.963287287] [sage_semantic_world_model]: Target 1 updated | association_distance=0.07 m | raw=(-0.30, 5.45, 0.00) | smoothed=(-0.27, 5.40, 0.00) | velocity=(-0.08, 0.01, 0.00) m/s | speed=0.08 m/s | net=0.22 m | straightness=0.75 | direction=0.00 | state=STATIONARY | detections=65
[INFO] [1790212145.062803472] [sage_semantic_world_model]: Target 1 updated | association_distance=0.06 m | raw=(-0.30, 5.45, 0.00) | smoothed=(-0.28, 5.41, 0.00) | velocity=(-0.08, 0.09, 0.00) m/s | speed=0.12 m/s | net=0.18 m | straightness=0.71 | direction=0.00 | state=STATIONARY | detections=66
[INFO] [1790212145.460818681] [sage_semantic_world_model]: Target 1 updated | association_distance=0.34 m | raw=(-0.26, 5.07, 0.00) | smoothed=(-0.27, 5.33, 0.00) | velocity=(-0.03, -0.05, 0.00) m/s | speed=0.06 m/s | net=0.06 m | straightness=0.22 | direction=0.00 | state=STATIONARY | detections=67
[INFO] [1790212145.562064800] [sage_semantic_world_model]: Target 1 updated | association_distance=0.26 m | raw=(-0.26, 5.07, 0.00) | smoothed=(-0.27, 5.26, 0.00) | velocity=(-0.01, -0.17, 0.00) m/s | speed=0.17 m/s | net=0.07 m | straightness=0.20 | direction=0.00 | state=STATIONARY | detections=68
[INFO] [1790212145.668096627] [sage_semantic_world_model]: Target 1 updated | association_distance=0.19 m | raw=(-0.26, 5.07, 0.00) | smoothed=(-0.27, 5.21, 0.00) | velocity=(0.00, -0.27, 0.00) m/s | speed=0.27 m/s | net=0.15 m | straightness=0.46 | direction=0.00 | state=STATIONARY | detections=69
[INFO] [1790212145.764341224] [sage_semantic_world_model]: Target 1 updated | association_distance=0.15 m | raw=(-0.26, 5.07, 0.00) | smoothed=(-0.27, 5.18, 0.00) | velocity=(0.02, -0.34, 0.00) m/s | speed=0.34 m/s | net=0.22 m | straightness=0.67 | direction=0.00 | state=STATIONARY | detections=70
[INFO] [1790212145.868999069] [sage_semantic_world_model]: Target 1 updated | association_distance=0.12 m | raw=(-0.26, 5.05, 0.00) | smoothed=(-0.27, 5.15, 0.00) | velocity=(0.02, -0.45, 0.00) m/s | speed=0.45 m/s | net=0.23 m | straightness=0.68 | direction=0.00 | state=STATIONARY | detections=71
[INFO] [1790212145.964422883] [sage_semantic_world_model]: Target 1 updated | association_distance=0.09 m | raw=(-0.26, 5.05, 0.00) | smoothed=(-0.26, 5.12, 0.00) | velocity=(0.02, -0.35, 0.00) m/s | speed=0.35 m/s | net=0.24 m | straightness=0.69 | direction=0.00 | state=STATIONARY | detections=72
[INFO] [1790212146.069088423] [sage_semantic_world_model]: Target 1 updated | association_distance=0.07 m | raw=(-0.26, 5.05, 0.00) | smoothed=(-0.26, 5.11, 0.00) | velocity=(0.02, -0.27, 0.00) m/s | speed=0.27 m/s | net=0.28 m | straightness=0.82 | direction=0.00 | state=STATIONARY | detections=73
[INFO] [1790212146.160259609] [sage_semantic_world_model]: Target 1 updated | association_distance=0.26 m | raw=(-0.26, 4.84, 0.00) | smoothed=(-0.26, 5.04, 0.00) | velocity=(0.01, -0.34, 0.00) m/s | speed=0.34 m/s | net=0.36 m | straightness=0.93 | direction=0.00 | state=STATIONARY | detections=74
[INFO] [1790212146.265328972] [sage_semantic_world_model]: Target 1 updated | association_distance=0.20 m | raw=(-0.26, 4.84, 0.00) | smoothed=(-0.26, 4.99, 0.00) | velocity=(0.01, -0.39, 0.00) m/s | speed=0.39 m/s | net=0.42 m | straightness=1.00 | direction=0.00 | state=STATIONARY | detections=75
[INFO] [1790212146.363044933] [sage_semantic_world_model]: Target 1 updated | association_distance=0.17 m | raw=(-0.26, 4.82, 0.00) | smoothed=(-0.26, 4.95, 0.00) | velocity=(0.00, -0.44, 0.00) m/s | speed=0.44 m/s | net=0.38 m | straightness=1.00 | direction=0.00 | state=STATIONARY | detections=76
[INFO] [1790212146.464477612] [sage_semantic_world_model]: Target 1 updated | association_distance=0.13 m | raw=(-0.26, 4.82, 0.00) | smoothed=(-0.26, 4.92, 0.00) | velocity=(-0.00, -0.48, 0.00) m/s | speed=0.48 m/s | net=0.35 m | straightness=1.00 | direction=0.00 | state=STATIONARY | detections=77
[INFO] [1790212146.562739902] [sage_semantic_world_model]: Target 1 updated | association_distance=0.12 m | raw=(-0.25, 4.80, 0.00) | smoothed=(-0.26, 4.89, 0.00) | velocity=(0.01, -0.39, 0.00) m/s | speed=0.39 m/s | net=0.33 m | straightness=1.00 | direction=0.00 | state=STATIONARY | detections=78
[INFO] [1790212146.663302491] [sage_semantic_world_model]: Target 1 updated | association_distance=0.09 m | raw=(-0.25, 4.80, 0.00) | smoothed=(-0.26, 4.86, 0.00) | velocity=(0.01, -0.32, 0.00) m/s | speed=0.32 m/s | net=0.32 m | straightness=1.00 | direction=0.00 | state=STATIONARY | detections=79
[INFO] [1790212146.761160065] [sage_semantic_world_model]: Target 1 updated | association_distance=0.07 m | raw=(-0.25, 4.80, 0.00) | smoothed=(-0.26, 4.85, 0.00) | velocity=(0.02, -0.25, 0.00) m/s | speed=0.25 m/s | net=0.30 m | straightness=1.00 | direction=0.00 | state=STATIONARY | detections=80
[INFO] [1790212146.869435481] [sage_semantic_world_model]: Target 1 updated | association_distance=0.13 m | raw=(-0.23, 4.72, 0.00) | smoothed=(-0.25, 4.81, 0.00) | velocity=(0.03, -0.25, 0.00) m/s | speed=0.26 m/s | net=0.31 m | straightness=1.00 | direction=0.00 | state=STATIONARY | detections=81
[INFO] [1790212146.973051002] [sage_semantic_world_model]: Target 1 updated | association_distance=0.31 m | raw=(-0.18, 4.51, 0.00) | smoothed=(-0.23, 4.74, 0.00) | velocity=(0.07, -0.37, 0.00) m/s | speed=0.37 m/s | net=0.37 m | straightness=1.00 | direction=0.00 | state=STATIONARY | detections=82
[INFO] [1790212147.067318987] [sage_semantic_world_model]: Target 1 updated | association_distance=0.23 m | raw=(-0.18, 4.51, 0.00) | smoothed=(-0.22, 4.68, 0.00) | velocity=(0.10, -0.45, 0.00) m/s | speed=0.46 m/s | net=0.36 m | straightness=1.00 | direction=0.00 | state=STATIONARY | detections=83
[INFO] [1790212147.173350762] [sage_semantic_world_model]: Target 1 updated | association_distance=0.17 m | raw=(-0.18, 4.51, 0.00) | smoothed=(-0.21, 4.64, 0.00) | velocity=(0.11, -0.51, 0.00) m/s | speed=0.52 m/s | net=0.36 m | straightness=1.00 | direction=0.00 | state=STATIONARY | detections=84
[INFO] [1790212147.263429183] [sage_semantic_world_model]: Target 1 updated | association_distance=0.20 m | raw=(-0.19, 4.44, 0.00) | smoothed=(-0.21, 4.59, 0.00) | velocity=(0.11, -0.56, 0.00) m/s | speed=0.57 m/s | net=0.36 m | straightness=1.00 | direction=0.00 | state=STATIONARY | detections=85
[INFO] [1790212147.364242873] [sage_semantic_world_model]: Target 1 updated | association_distance=0.15 m | raw=(-0.19, 4.44, 0.00) | smoothed=(-0.20, 4.55, 0.00) | velocity=(0.07, -0.47, 0.00) m/s | speed=0.47 m/s | net=0.37 m | straightness=1.00 | direction=0.00 | state=STATIONARY | detections=86
[INFO] [1790212147.467904012] [sage_semantic_world_model]: Target 1 updated | association_distance=0.17 m | raw=(-0.17, 4.39, 0.00) | smoothed=(-0.20, 4.51, 0.00) | velocity=(0.06, -0.43, 0.00) m/s | speed=0.43 m/s | net=0.38 m | straightness=1.00 | direction=0.00 | state=STATIONARY | detections=87
[INFO] [1790212147.563627675] [sage_semantic_world_model]: Target 1 updated | association_distance=0.13 m | raw=(-0.17, 4.39, 0.00) | smoothed=(-0.19, 4.48, 0.00) | velocity=(0.05, -0.40, 0.00) m/s | speed=0.40 m/s | net=0.39 m | straightness=1.00 | direction=0.00 | state=STATIONARY | detections=88
[INFO] [1790212147.674587695] [sage_semantic_world_model]: Target 1 updated | association_distance=0.06 m | raw=(-0.17, 4.42, 0.00) | smoothed=(-0.19, 4.47, 0.00) | velocity=(0.05, -0.31, 0.00) m/s | speed=0.32 m/s | net=0.39 m | straightness=1.00 | direction=0.00 | state=STATIONARY | detections=89
[INFO] [1790212147.772182893] [sage_semantic_world_model]: Target 1 updated | association_distance=0.04 m | raw=(-0.17, 4.42, 0.00) | smoothed=(-0.18, 4.46, 0.00) | velocity=(0.05, -0.24, 0.00) m/s | speed=0.25 m/s | net=0.36 m | straightness=1.00 | direction=0.00 | state=STATIONARY | detections=90
[INFO] [1790212147.863148262] [sage_semantic_world_model]: Target 1 updated | association_distance=0.12 m | raw=(-0.11, 4.36, 0.00) | smoothed=(-0.16, 4.43, 0.00) | velocity=(0.08, -0.20, 0.00) m/s | speed=0.21 m/s | net=0.31 m | straightness=0.99 | direction=0.00 | state=STATIONARY | detections=91
[INFO] [1790212147.971469866] [sage_semantic_world_model]: Target 1 updated | association_distance=0.09 m | raw=(-0.11, 4.36, 0.00) | smoothed=(-0.15, 4.42, 0.00) | velocity=(0.10, -0.16, 0.00) m/s | speed=0.19 m/s | net=0.28 m | straightness=0.98 | direction=0.00 | state=STATIONARY | detections=92
[INFO] [1790212148.070276322] [sage_semantic_world_model]: Target 1 updated | association_distance=0.11 m | raw=(-0.13, 4.31, 0.00) | smoothed=(-0.14, 4.39, 0.00) | velocity=(0.10, -0.19, 0.00) m/s | speed=0.22 m/s | net=0.26 m | straightness=0.98 | direction=0.00 | state=STATIONARY | detections=93
[INFO] [1790212148.160850050] [sage_semantic_world_model]: Target 1 updated | association_distance=0.08 m | raw=(-0.13, 4.31, 0.00) | smoothed=(-0.14, 4.37, 0.00) | velocity=(0.11, -0.22, 0.00) m/s | speed=0.24 m/s | net=0.23 m | straightness=0.98 | direction=0.00 | state=STATIONARY | detections=94
[INFO] [1790212148.270530126] [sage_semantic_world_model]: Target 1 updated | association_distance=0.06 m | raw=(-0.13, 4.31, 0.00) | smoothed=(-0.14, 4.36, 0.00) | velocity=(0.07, -0.19, 0.00) m/s | speed=0.20 m/s | net=0.21 m | straightness=0.98 | direction=0.00 | state=STATIONARY | detections=95
[INFO] [1790212148.361687791] [sage_semantic_world_model]: Target 1 updated | association_distance=0.08 m | raw=(-0.13, 4.28, 0.00) | smoothed=(-0.13, 4.34, 0.00) | velocity=(0.04, -0.20, 0.00) m/s | speed=0.20 m/s | net=0.18 m | straightness=0.98 | direction=0.00 | state=STATIONARY | detections=96
[INFO] [1790212148.461301233] [sage_semantic_world_model]: Target 1 updated | association_distance=0.06 m | raw=(-0.13, 4.28, 0.00) | smoothed=(-0.13, 4.32, 0.00) | velocity=(0.03, -0.17, 0.00) m/s | speed=0.17 m/s | net=0.17 m | straightness=0.98 | direction=0.00 | state=STATIONARY | detections=97
[INFO] [1790212148.565233791] [sage_semantic_world_model]: Target 1 updated | association_distance=0.04 m | raw=(-0.13, 4.28, 0.00) | smoothed=(-0.13, 4.31, 0.00) | velocity=(0.02, -0.14, 0.00) m/s | speed=0.15 m/s | net=0.16 m | straightness=0.97 | direction=0.00 | state=STATIONARY | detections=98
[INFO] [1790212148.668445335] [sage_semantic_world_model]: NEW TARGET | id=2 | class=person | position=(-6.78, 7.74, 0.00) | state=STATIONARY
[INFO] [1790212148.766740498] [sage_semantic_world_model]: Target 2 updated | association_distance=0.00 m | raw=(-6.78, 7.74, 0.00) | smoothed=(-6.78, 7.74, 0.00) | velocity=(0.00, 0.00, 0.00) m/s | speed=0.00 m/s | net=0.00 m | straightness=0.00 | direction=0.00 | state=STATIONARY | detections=2
[INFO] [1790212148.864800202] [sage_semantic_world_model]: Target 2 updated | association_distance=0.00 m | raw=(-6.78, 7.74, 0.00) | smoothed=(-6.78, 7.74, 0.00) | velocity=(0.00, 0.00, 0.00) m/s | speed=0.00 m/s | net=0.00 m | straightness=0.00 | direction=0.00 | state=STATIONARY | detections=3
[INFO] [1790212148.978285285] [sage_semantic_world_model]: Target 2 updated | association_distance=0.00 m | raw=(-6.78, 7.74, 0.00) | smoothed=(-6.78, 7.74, 0.00) | velocity=(0.00, 0.00, 0.00) m/s | speed=0.00 m/s | net=0.00 m | straightness=0.00 | direction=0.00 | state=STATIONARY | detections=4
[INFO] [1790212149.065934688] [sage_semantic_world_model]: Target 2 updated | association_distance=0.00 m | raw=(-6.78, 7.74, 0.00) | smoothed=(-6.78, 7.74, 0.00) | velocity=(0.00, 0.00, 0.00) m/s | speed=0.00 m/s | net=0.00 m | straightness=0.00 | direction=0.00 | state=STATIONARY | detections=5
[INFO] [1790212149.172692679] [sage_semantic_world_model]: Target 2 updated | association_distance=0.00 m | raw=(-6.78, 7.74, 0.00) | smoothed=(-6.78, 7.74, 0.00) | velocity=(0.00, 0.00, 0.00) m/s | speed=0.00 m/s | net=0.00 m | straightness=0.00 | direction=0.00 | state=STATIONARY | detections=6
[INFO] [1790212149.271845082] [sage_semantic_world_model]: Target 2 updated | association_distance=0.07 m | raw=(-6.83, 7.77, 0.00) | smoothed=(-6.79, 7.75, 0.00) | velocity=(-0.04, 0.02, 0.00) m/s | speed=0.04 m/s | net=0.00 m | straightness=0.00 | direction=0.00 | state=STATIONARY | detections=7
[INFO] [1790212149.373032995] [sage_semantic_world_model]: Target 2 updated | association_distance=0.05 m | raw=(-6.83, 7.77, 0.00) | smoothed=(-6.80, 7.75, 0.00) | velocity=(-0.06, 0.04, 0.00) m/s | speed=0.07 m/s | net=0.00 m | straightness=0.00 | direction=0.00 | state=STATIONARY | detections=8
[INFO] [1790212149.461524450] [sage_semantic_world_model]: Target 2 updated | association_distance=0.04 m | raw=(-6.83, 7.77, 0.00) | smoothed=(-6.81, 7.76, 0.00) | velocity=(-0.08, 0.06, 0.00) m/s | speed=0.10 m/s | net=0.00 m | straightness=0.00 | direction=0.00 | state=STATIONARY | detections=9
[INFO] [1790212149.562669950] [sage_semantic_world_model]: Target 2 updated | association_distance=0.03 m | raw=(-6.83, 7.77, 0.00) | smoothed=(-6.82, 7.76, 0.00) | velocity=(-0.10, 0.07, 0.00) m/s | speed=0.12 m/s | net=0.05 m | straightness=1.00 | direction=0.00 | state=STATIONARY | detections=10
[INFO] [1790212149.664819508] [sage_semantic_world_model]: Target 2 updated | association_distance=0.02 m | raw=(-6.83, 7.77, 0.00) | smoothed=(-6.82, 7.77, 0.00) | velocity=(-0.07, 0.05, 0.00) m/s | speed=0.09 m/s | net=0.05 m | straightness=1.00 | direction=0.00 | state=STATIONARY | detections=11
[INFO] [1790212149.763436359] [sage_semantic_world_model]: Target 2 updated | association_distance=0.02 m | raw=(-6.83, 7.77, 0.00) | smoothed=(-6.82, 7.77, 0.00) | velocity=(-0.05, 0.04, 0.00) m/s | speed=0.07 m/s | net=0.06 m | straightness=1.00 | direction=0.00 | state=STATIONARY | detections=12
[INFO] [1790212149.860535202] [sage_semantic_world_model]: Target 2 updated | association_distance=0.01 m | raw=(-6.83, 7.77, 0.00) | smoothed=(-6.83, 7.77, 0.00) | velocity=(-0.04, 0.03, 0.00) m/s | speed=0.05 m/s | net=0.06 m | straightness=1.00 | direction=0.00 | state=STATIONARY | detections=13
[INFO] [1790212149.964509965] [sage_semantic_world_model]: Target 2 updated | association_distance=0.01 m | raw=(-6.83, 7.77, 0.00) | smoothed=(-6.83, 7.77, 0.00) | velocity=(-0.03, 0.02, 0.00) m/s | speed=0.04 m/s | net=0.06 m | straightness=1.00 | direction=0.00 | state=STATIONARY | detections=14
[INFO] [1790212150.062470077] [sage_semantic_world_model]: Target 2 updated | association_distance=0.01 m | raw=(-6.83, 7.77, 0.00) | smoothed=(-6.83, 7.77, 0.00) | velocity=(-0.02, 0.02, 0.00) m/s | speed=0.03 m/s | net=0.06 m | straightness=1.00 | direction=0.00 | state=STATIONARY | detections=15
[INFO] [1790212150.161536364] [sage_semantic_world_model]: Target 1 updated | association_distance=0.17 m | raw=(-0.19, 4.15, 0.00) | smoothed=(-0.15, 4.27, 0.00) | velocity=(-0.00, -0.04, 0.00) m/s | speed=0.04 m/s | net=0.19 m | straightness=0.94 | direction=0.00 | state=STATIONARY | detections=99
[INFO] [1790212150.269810120] [sage_semantic_world_model]: Target 1 updated | association_distance=0.13 m | raw=(-0.19, 4.15, 0.00) | smoothed=(-0.16, 4.24, 0.00) | velocity=(-0.01, -0.05, 0.00) m/s | speed=0.05 m/s | net=0.19 m | straightness=0.95 | direction=0.00 | state=STATIONARY | detections=100
[INFO] [1790212150.362328556] [sage_semantic_world_model]: Target 1 updated | association_distance=0.10 m | raw=(-0.19, 4.15, 0.00) | smoothed=(-0.16, 4.22, 0.00) | velocity=(-0.02, -0.05, 0.00) m/s | speed=0.06 m/s | net=0.20 m | straightness=0.97 | direction=0.00 | state=STATIONARY | detections=101
[INFO] [1790212150.462258699] [sage_semantic_world_model]: Target 1 updated | association_distance=0.06 m | raw=(-0.19, 4.16, 0.00) | smoothed=(-0.17, 4.20, 0.00) | velocity=(-0.02, -0.06, 0.00) m/s | speed=0.06 m/s | net=0.19 m | straightness=0.97 | direction=0.00 | state=STATIONARY | detections=102
[INFO] [1790212150.566284719] [sage_semantic_world_model]: Target 1 updated | association_distance=0.04 m | raw=(-0.19, 4.16, 0.00) | smoothed=(-0.17, 4.19, 0.00) | velocity=(-0.07, -0.19, 0.00) m/s | speed=0.20 m/s | net=0.18 m | straightness=0.97 | direction=0.00 | state=STATIONARY | detections=103
[INFO] [1790212150.661139853] [sage_semantic_world_model]: Target 1 updated | association_distance=0.10 m | raw=(-0.19, 4.10, 0.00) | smoothed=(-0.18, 4.17, 0.00) | velocity=(-0.05, -0.18, 0.00) m/s | speed=0.19 m/s | net=0.19 m | straightness=0.98 | direction=0.00 | state=STATIONARY | detections=104
[INFO] [1790212150.765151286] [sage_semantic_world_model]: Target 1 updated | association_distance=0.07 m | raw=(-0.19, 4.10, 0.00) | smoothed=(-0.18, 4.15, 0.00) | velocity=(-0.04, -0.17, 0.00) m/s | speed=0.17 m/s | net=0.19 m | straightness=0.99 | direction=0.00 | state=STATIONARY | detections=105
[INFO] [1790212150.865819615] [sage_semantic_world_model]: Target 1 updated | association_distance=0.05 m | raw=(-0.17, 4.10, 0.00) | smoothed=(-0.18, 4.14, 0.00) | velocity=(-0.02, -0.16, 0.00) m/s | speed=0.16 m/s | net=0.19 m | straightness=0.98 | direction=0.00 | state=STATIONARY | detections=106
[INFO] [1790212150.962719506] [sage_semantic_world_model]: Target 1 updated | association_distance=0.04 m | raw=(-0.17, 4.10, 0.00) | smoothed=(-0.17, 4.13, 0.00) | velocity=(-0.00, -0.16, 0.00) m/s | speed=0.16 m/s | net=0.19 m | straightness=0.98 | direction=0.00 | state=STATIONARY | detections=107
[INFO] [1790212151.066175026] [sage_semantic_world_model]: Target 1 updated | association_distance=0.10 m | raw=(-0.18, 4.03, 0.00) | smoothed=(-0.17, 4.10, 0.00) | velocity=(0.00, -0.16, 0.00) m/s | speed=0.16 m/s | net=0.17 m | straightness=0.98 | direction=0.00 | state=STATIONARY | detections=108
[INFO] [1790212151.163726222] [sage_semantic_world_model]: Target 1 updated | association_distance=0.08 m | raw=(-0.18, 4.03, 0.00) | smoothed=(-0.18, 4.09, 0.00) | velocity=(0.01, -0.16, 0.00) m/s | speed=0.16 m/s | net=0.16 m | straightness=0.98 | direction=0.00 | state=STATIONARY | detections=109
[INFO] [1790212151.262987747] [sage_semantic_world_model]: Target 1 updated | association_distance=0.07 m | raw=(-0.19, 4.02, 0.00) | smoothed=(-0.18, 4.07, 0.00) | velocity=(-0.01, -0.18, 0.00) m/s | speed=0.18 m/s | net=0.15 m | straightness=0.98 | direction=0.00 | state=STATIONARY | detections=110
[INFO] [1790212151.364594314] [sage_semantic_world_model]: Target 1 updated | association_distance=0.05 m | raw=(-0.19, 4.02, 0.00) | smoothed=(-0.18, 4.06, 0.00) | velocity=(-0.02, -0.19, 0.00) m/s | speed=0.19 m/s | net=0.15 m | straightness=0.99 | direction=0.00 | state=STATIONARY | detections=111
[INFO] [1790212151.473497263] [sage_semantic_world_model]: Target 1 updated | association_distance=0.04 m | raw=(-0.19, 4.02, 0.00) | smoothed=(-0.18, 4.05, 0.00) | velocity=(-0.02, -0.14, 0.00) m/s | speed=0.15 m/s | net=0.15 m | straightness=0.99 | direction=0.00 | state=STATIONARY | detections=112
[INFO] [1790212151.569420151] [sage_semantic_world_model]: Target 1 updated | association_distance=0.02 m | raw=(-0.19, 4.06, 0.00) | smoothed=(-0.18, 4.05, 0.00) | velocity=(-0.02, -0.09, 0.00) m/s | speed=0.09 m/s | net=0.12 m | straightness=0.92 | direction=0.00 | state=STATIONARY | detections=113
[INFO] [1790212151.673392627] [sage_semantic_world_model]: Target 1 updated | association_distance=0.01 m | raw=(-0.19, 4.06, 0.00) | smoothed=(-0.19, 4.05, 0.00) | velocity=(-0.01, -0.04, 0.00) m/s | speed=0.04 m/s | net=0.10 m | straightness=0.86 | direction=0.00 | state=STATIONARY | detections=114
[INFO] [1790212151.768679957] [sage_semantic_world_model]: Target 1 updated | association_distance=0.05 m | raw=(-0.19, 4.00, 0.00) | smoothed=(-0.19, 4.04, 0.00) | velocity=(-0.01, -0.04, 0.00) m/s | speed=0.04 m/s | net=0.10 m | straightness=0.87 | direction=0.00 | state=STATIONARY | detections=115
[INFO] [1790212151.868866110] [sage_semantic_world_model]: Target 1 updated | association_distance=0.04 m | raw=(-0.19, 4.00, 0.00) | smoothed=(-0.19, 4.03, 0.00) | velocity=(-0.01, -0.04, 0.00) m/s | speed=0.04 m/s | net=0.10 m | straightness=0.87 | direction=0.00 | state=STATIONARY | detections=116
[INFO] [1790212151.964457398] [sage_semantic_world_model]: Target 1 updated | association_distance=0.03 m | raw=(-0.19, 4.00, 0.00) | smoothed=(-0.19, 4.03, 0.00) | velocity=(-0.01, -0.06, 0.00) m/s | speed=0.06 m/s | net=0.08 m | straightness=0.85 | direction=0.00 | state=STATIONARY | detections=117
[INFO] [1790212152.064317315] [sage_semantic_world_model]: Target 1 updated | association_distance=0.02 m | raw=(-0.19, 4.00, 0.00) | smoothed=(-0.19, 4.02, 0.00) | velocity=(-0.01, -0.08, 0.00) m/s | speed=0.08 m/s | net=0.07 m | straightness=0.82 | direction=0.00 | state=STATIONARY | detections=118
[INFO] [1790212152.171120677] [sage_semantic_world_model]: Target 1 updated | association_distance=0.02 m | raw=(-0.19, 4.00, 0.00) | smoothed=(-0.19, 4.02, 0.00) | velocity=(-0.00, -0.06, 0.00) m/s | speed=0.06 m/s | net=0.05 m | straightness=0.79 | direction=0.00 | state=STATIONARY | detections=119
[INFO] [1790212152.265666317] [sage_semantic_world_model]: Target 1 updated | association_distance=0.01 m | raw=(-0.19, 4.00, 0.00) | smoothed=(-0.19, 4.01, 0.00) | velocity=(-0.00, -0.05, 0.00) m/s | speed=0.05 m/s | net=0.04 m | straightness=0.75 | direction=0.00 | state=STATIONARY | detections=120
[INFO] [1790212152.364642357] [sage_semantic_world_model]: Target 1 updated | association_distance=0.01 m | raw=(-0.19, 4.00, 0.00) | smoothed=(-0.19, 4.01, 0.00) | velocity=(-0.00, -0.04, 0.00) m/s | speed=0.04 m/s | net=0.04 m | straightness=0.71 | direction=0.00 | state=STATIONARY | detections=121
[INFO] [1790212152.462371173] [sage_semantic_world_model]: Target 1 updated | association_distance=0.01 m | raw=(-0.19, 4.00, 0.00) | smoothed=(-0.19, 4.01, 0.00) | velocity=(-0.00, -0.03, 0.00) m/s | speed=0.03 m/s | net=0.04 m | straightness=0.87 | direction=0.00 | state=STATIONARY | detections=122
[INFO] [1790212152.561999178] [sage_semantic_world_model]: Target 1 updated | association_distance=0.00 m | raw=(-0.19, 4.00, 0.00) | smoothed=(-0.19, 4.01, 0.00) | velocity=(-0.00, -0.02, 0.00) m/s | speed=0.02 m/s | net=0.05 m | straightness=1.00 | direction=0.00 | state=STATIONARY | detections=123
[INFO] [1790212152.669135531] [sage_semantic_world_model]: Target 1 updated | association_distance=0.00 m | raw=(-0.19, 4.00, 0.00) | smoothed=(-0.19, 4.01, 0.00) | velocity=(-0.00, -0.02, 0.00) m/s | speed=0.02 m/s | net=0.03 m | straightness=1.00 | direction=0.00 | state=STATIONARY | detections=124
[INFO] [1790212152.770517797] [sage_semantic_world_model]: Target 1 updated | association_distance=0.03 m | raw=(-0.19, 4.04, 0.00) | smoothed=(-0.19, 4.02, 0.00) | velocity=(-0.00, 0.01, 0.00) m/s | speed=0.01 m/s | net=0.02 m | straightness=0.49 | direction=0.00 | state=STATIONARY | detections=125
[INFO] [1790212152.866047340] [sage_semantic_world_model]: Target 1 updated | association_distance=0.03 m | raw=(-0.19, 4.04, 0.00) | smoothed=(-0.19, 4.02, 0.00) | velocity=(-0.00, 0.03, 0.00) m/s | speed=0.03 m/s | net=0.00 m | straightness=0.11 | direction=0.00 | state=STATIONARY | detections=126
[INFO] [1790212152.966931891] [sage_semantic_world_model]: Target 1 updated | association_distance=0.02 m | raw=(-0.19, 4.04, 0.00) | smoothed=(-0.19, 4.03, 0.00) | velocity=(-0.00, 0.05, 0.00) m/s | speed=0.05 m/s | net=0.01 m | straightness=0.23 | direction=0.00 | state=STATIONARY | detections=127
[INFO] [1790212153.061507039] [sage_semantic_world_model]: Target 1 updated | association_distance=0.01 m | raw=(-0.19, 4.04, 0.00) | smoothed=(-0.19, 4.03, 0.00) | velocity=(-0.00, 0.06, 0.00) m/s | speed=0.06 m/s | net=0.01 m | straightness=0.46 | direction=0.00 | state=STATIONARY | detections=128
[INFO] [1790212153.162719001] [sage_semantic_world_model]: Target 1 updated | association_distance=0.01 m | raw=(-0.19, 4.04, 0.00) | smoothed=(-0.19, 4.03, 0.00) | velocity=(-0.00, 0.04, 0.00) m/s | speed=0.04 m/s | net=0.02 m | straightness=0.60 | direction=0.00 | state=STATIONARY | detections=129
[INFO] [1790212153.264169918] [sage_semantic_world_model]: Target 1 updated | association_distance=0.00 m | raw=(-0.19, 4.04, 0.00) | smoothed=(-0.19, 4.03, 0.00) | velocity=(0.00, 0.03, 0.00) m/s | speed=0.03 m/s | net=0.02 m | straightness=0.73 | direction=0.00 | state=STATIONARY | detections=130
[INFO] [1790212153.362012460] [sage_semantic_world_model]: Target 1 updated | association_distance=0.00 m | raw=(-0.19, 4.04, 0.00) | smoothed=(-0.19, 4.03, 0.00) | velocity=(0.00, 0.02, 0.00) m/s | speed=0.02 m/s | net=0.02 m | straightness=0.83 | direction=0.00 | state=STATIONARY | detections=131
[INFO] [1790212153.470591730] [sage_semantic_world_model]: Target 1 updated | association_distance=0.02 m | raw=(-0.19, 4.01, 0.00) | smoothed=(-0.19, 4.03, 0.00) | velocity=(0.01, -0.01, 0.00) m/s | speed=0.01 m/s | net=0.02 m | straightness=0.61 | direction=0.00 | state=STATIONARY | detections=132
[INFO] [1790212153.564168770] [sage_semantic_world_model]: Target 1 updated | association_distance=0.02 m | raw=(-0.19, 4.01, 0.00) | smoothed=(-0.19, 4.03, 0.00) | velocity=(0.00, -0.02, 0.00) m/s | speed=0.02 m/s | net=0.02 m | straightness=0.49 | direction=0.00 | state=STATIONARY | detections=133
[INFO] [1790212153.662732258] [sage_semantic_world_model]: Target 1 updated | association_distance=0.01 m | raw=(-0.19, 4.01, 0.00) | smoothed=(-0.19, 4.02, 0.00) | velocity=(0.00, -0.03, 0.00) m/s | speed=0.03 m/s | net=0.01 m | straightness=0.20 | direction=0.00 | state=STATIONARY | detections=134
[INFO] [1790212153.769653346] [sage_semantic_world_model]: Target 1 updated | association_distance=0.00 m | raw=(-0.19, 4.02, 0.00) | smoothed=(-0.19, 4.02, 0.00) | velocity=(0.00, -0.03, 0.00) m/s | speed=0.03 m/s | net=0.00 m | straightness=0.10 | direction=0.00 | state=STATIONARY | detections=135
[INFO] [1790212153.861776664] [sage_semantic_world_model]: Target 1 updated | association_distance=0.00 m | raw=(-0.19, 4.02, 0.00) | smoothed=(-0.19, 4.02, 0.00) | velocity=(0.00, -0.02, 0.00) m/s | speed=0.02 m/s | net=0.01 m | straightness=0.31 | direction=0.00 | state=STATIONARY | detections=136
[INFO] [1790212153.970506427] [sage_semantic_world_model]: Target 1 updated | association_distance=0.01 m | raw=(-0.18, 4.02, 0.00) | smoothed=(-0.18, 4.02, 0.00) | velocity=(0.01, -0.01, 0.00) m/s | speed=0.01 m/s | net=0.01 m | straightness=0.62 | direction=0.00 | state=STATIONARY | detections=137
[INFO] [1790212154.065902476] [sage_semantic_world_model]: Target 1 updated | association_distance=0.01 m | raw=(-0.18, 4.02, 0.00) | smoothed=(-0.18, 4.02, 0.00) | velocity=(0.01, -0.00, 0.00) m/s | speed=0.01 m/s | net=0.01 m | straightness=0.70 | direction=0.00 | state=STATIONARY | detections=138
[INFO] [1790212154.171321757] [sage_semantic_world_model]: Target 1 updated | association_distance=0.02 m | raw=(-0.18, 4.04, 0.00) | smoothed=(-0.18, 4.02, 0.00) | velocity=(0.01, 0.01, 0.00) m/s | speed=0.01 m/s | net=0.01 m | straightness=0.52 | direction=0.00 | state=STATIONARY | detections=139
[INFO] [1790212154.261143108] [sage_semantic_world_model]: Target 1 updated | association_distance=0.01 m | raw=(-0.18, 4.04, 0.00) | smoothed=(-0.18, 4.03, 0.00) | velocity=(0.02, 0.01, 0.00) m/s | speed=0.02 m/s | net=0.01 m | straightness=0.43 | direction=0.00 | state=STATIONARY | detections=140
[INFO] [1790212154.363200074] [sage_semantic_world_model]: Target 1 updated | association_distance=0.01 m | raw=(-0.18, 4.04, 0.00) | smoothed=(-0.18, 4.03, 0.00) | velocity=(0.01, 0.02, 0.00) m/s | speed=0.02 m/s | net=0.01 m | straightness=0.41 | direction=0.00 | state=STATIONARY | detections=141
[INFO] [1790212154.462697081] [sage_semantic_world_model]: Target 1 updated | association_distance=0.03 m | raw=(-0.16, 4.05, 0.00) | smoothed=(-0.18, 4.03, 0.00) | velocity=(0.02, 0.03, 0.00) m/s | speed=0.04 m/s | net=0.02 m | straightness=0.69 | direction=0.00 | state=STATIONARY | detections=142
[INFO] [1790212154.567464373] [sage_semantic_world_model]: Target 1 updated | association_distance=0.02 m | raw=(-0.16, 4.05, 0.00) | smoothed=(-0.17, 4.04, 0.00) | velocity=(0.03, 0.03, 0.00) m/s | speed=0.04 m/s | net=0.02 m | straightness=0.90 | direction=0.00 | state=STATIONARY | detections=143
[INFO] [1790212154.666383577] [sage_semantic_world_model]: Target 1 updated | association_distance=0.01 m | raw=(-0.16, 4.05, 0.00) | smoothed=(-0.17, 4.04, 0.00) | velocity=(0.03, 0.03, 0.00) m/s | speed=0.04 m/s | net=0.03 m | straightness=0.91 | direction=0.00 | state=STATIONARY | detections=144
[INFO] [1790212154.767364903] [sage_semantic_world_model]: Target 1 updated | association_distance=0.02 m | raw=(-0.15, 4.02, 0.00) | smoothed=(-0.16, 4.04, 0.00) | velocity=(0.04, 0.02, 0.00) m/s | speed=0.04 m/s | net=0.03 m | straightness=0.78 | direction=0.00 | state=STATIONARY | detections=145
[INFO] [1790212154.868912441] [sage_semantic_world_model]: Target 1 updated | association_distance=0.02 m | raw=(-0.15, 4.02, 0.00) | smoothed=(-0.16, 4.03, 0.00) | velocity=(0.03, -0.00, 0.00) m/s | speed=0.03 m/s | net=0.03 m | straightness=0.73 | direction=0.00 | state=STATIONARY | detections=146
[INFO] [1790212154.966865090] [sage_semantic_world_model]: Target 1 updated | association_distance=0.01 m | raw=(-0.15, 4.02, 0.00) | smoothed=(-0.16, 4.03, 0.00) | velocity=(0.03, -0.02, 0.00) m/s | speed=0.04 m/s | net=0.03 m | straightness=0.70 | direction=0.00 | state=STATIONARY | detections=147
[INFO] [1790212155.064455245] [sage_semantic_world_model]: Target 1 updated | association_distance=0.01 m | raw=(-0.15, 4.02, 0.00) | smoothed=(-0.16, 4.03, 0.00) | velocity=(0.03, -0.03, 0.00) m/s | speed=0.04 m/s | net=0.03 m | straightness=0.70 | direction=0.00 | state=STATIONARY | detections=148
[INFO] [1790212155.161521527] [sage_semantic_world_model]: Target 1 updated | association_distance=0.01 m | raw=(-0.15, 4.02, 0.00) | smoothed=(-0.16, 4.03, 0.00) | velocity=(0.02, -0.02, 0.00) m/s | speed=0.03 m/s | net=0.03 m | straightness=0.71 | direction=0.00 | state=STATIONARY | detections=149
[INFO] [1790212155.262984369] [sage_semantic_world_model]: Target 1 updated | association_distance=0.02 m | raw=(-0.14, 4.03, 0.00) | smoothed=(-0.15, 4.03, 0.00) | velocity=(0.03, -0.01, 0.00) m/s | speed=0.03 m/s | net=0.03 m | straightness=0.76 | direction=0.00 | state=STATIONARY | detections=150
[INFO] [1790212155.363446024] [sage_semantic_world_model]: Target 1 updated | association_distance=0.01 m | raw=(-0.14, 4.03, 0.00) | smoothed=(-0.15, 4.03, 0.00) | velocity=(0.03, -0.01, 0.00) m/s | speed=0.03 m/s | net=0.03 m | straightness=0.80 | direction=0.00 | state=STATIONARY | detections=151
[INFO] [1790212155.464241461] [sage_semantic_world_model]: Target 1 updated | association_distance=0.01 m | raw=(-0.14, 4.03, 0.00) | smoothed=(-0.15, 4.03, 0.00) | velocity=(0.03, -0.00, 0.00) m/s | speed=0.03 m/s | net=0.03 m | straightness=0.86 | direction=0.00 | state=STATIONARY | detections=152
[INFO] [1790212155.569551733] [sage_semantic_world_model]: Target 1 updated | association_distance=0.01 m | raw=(-0.14, 4.03, 0.00) | smoothed=(-0.14, 4.03, 0.00) | velocity=(0.03, 0.00, 0.00) m/s | speed=0.03 m/s | net=0.03 m | straightness=0.91 | direction=0.00 | state=STATIONARY | detections=153
[INFO] [1790212155.667465987] [sage_semantic_world_model]: Target 1 updated | association_distance=0.01 m | raw=(-0.15, 4.03, 0.00) | smoothed=(-0.15, 4.03, 0.00) | velocity=(0.01, 0.00, 0.00) m/s | speed=0.02 m/s | net=0.02 m | straightness=0.80 | direction=0.00 | state=STATIONARY | detections=154
[INFO] [1790212155.761953543] [sage_semantic_world_model]: Target 1 updated | association_distance=0.00 m | raw=(-0.15, 4.03, 0.00) | smoothed=(-0.15, 4.03, 0.00) | velocity=(0.00, 0.00, 0.00) m/s | speed=0.01 m/s | net=0.02 m | straightness=0.70 | direction=0.00 | state=STATIONARY | detections=155
[INFO] [1790212155.868809939] [sage_semantic_world_model]: Target 1 updated | association_distance=0.00 m | raw=(-0.15, 4.03, 0.00) | smoothed=(-0.15, 4.03, 0.00) | velocity=(-0.00, 0.01, 0.00) m/s | speed=0.01 m/s | net=0.01 m | straightness=0.62 | direction=0.00 | state=STATIONARY | detections=156
[INFO] [1790212155.964747182] [sage_semantic_world_model]: Target 1 updated | association_distance=0.00 m | raw=(-0.15, 4.03, 0.00) | smoothed=(-0.15, 4.03, 0.00) | velocity=(-0.01, 0.01, 0.00) m/s | speed=0.01 m/s | net=0.01 m | straightness=0.57 | direction=0.00 | state=STATIONARY | detections=157
[INFO] [1790212156.071250117] [sage_semantic_world_model]: Target 1 updated | association_distance=0.00 m | raw=(-0.15, 4.03, 0.00) | smoothed=(-0.15, 4.03, 0.00) | velocity=(-0.01, 0.00, 0.00) m/s | speed=0.01 m/s | net=0.01 m | straightness=0.55 | direction=0.00 | state=STATIONARY | detections=158
[INFO] [1790212156.162341411] [sage_semantic_world_model]: Target 1 updated | association_distance=0.00 m | raw=(-0.15, 4.03, 0.00) | smoothed=(-0.15, 4.03, 0.00) | velocity=(-0.00, 0.00, 0.00) m/s | speed=0.01 m/s | net=0.00 m | straightness=0.41 | direction=0.00 | state=STATIONARY | detections=159
[INFO] [1790212156.266945323] [sage_semantic_world_model]: Target 1 updated | association_distance=0.00 m | raw=(-0.15, 4.03, 0.00) | smoothed=(-0.15, 4.03, 0.00) | velocity=(-0.00, 0.00, 0.00) m/s | speed=0.00 m/s | net=0.00 m | straightness=0.00 | direction=0.00 | state=STATIONARY | detections=160
[INFO] [1790212156.368716549] [sage_semantic_world_model]: Target 1 updated | association_distance=0.00 m | raw=(-0.15, 4.03, 0.00) | smoothed=(-0.15, 4.03, 0.00) | velocity=(-0.00, 0.00, 0.00) m/s | speed=0.00 m/s | net=0.00 m | straightness=0.00 | direction=0.00 | state=STATIONARY | detections=161
[INFO] [1790212156.464538604] [sage_semantic_world_model]: Target 1 updated | association_distance=0.02 m | raw=(-0.16, 4.03, 0.00) | smoothed=(-0.15, 4.03, 0.00) | velocity=(-0.01, 0.00, 0.00) m/s | speed=0.01 m/s | net=0.01 m | straightness=0.00 | direction=0.00 | state=STATIONARY | detections=162
[INFO] [1790212156.562753070] [sage_semantic_world_model]: Target 1 updated | association_distance=0.01 m | raw=(-0.16, 4.03, 0.00) | smoothed=(-0.16, 4.03, 0.00) | velocity=(-0.02, 0.00, 0.00) m/s | speed=0.02 m/s | net=0.01 m | straightness=0.98 | direction=0.00 | state=STATIONARY | detections=163
[INFO] [1790212156.682359402] [sage_semantic_world_model]: Target 1 updated | association_distance=0.01 m | raw=(-0.16, 4.03, 0.00) | smoothed=(-0.16, 4.03, 0.00) | velocity=(-0.02, 0.00, 0.00) m/s | speed=0.02 m/s | net=0.01 m | straightness=0.98 | direction=0.00 | state=STATIONARY | detections=164
[INFO] [1790212156.763637048] [sage_semantic_world_model]: Target 1 updated | association_distance=0.01 m | raw=(-0.16, 4.03, 0.00) | smoothed=(-0.16, 4.03, 0.00) | velocity=(-0.03, 0.00, 0.00) m/s | speed=0.03 m/s | net=0.01 m | straightness=0.99 | direction=0.00 | state=STATIONARY | detections=165
[INFO] [1790212156.865545012] [sage_semantic_world_model]: Target 1 updated | association_distance=0.01 m | raw=(-0.16, 4.03, 0.00) | smoothed=(-0.16, 4.03, 0.00) | velocity=(-0.02, 0.00, 0.00) m/s | speed=0.02 m/s | net=0.01 m | straightness=0.99 | direction=0.00 | state=STATIONARY | detections=166
[INFO] [1790212156.960951662] [sage_semantic_world_model]: Target 1 updated | association_distance=0.00 m | raw=(-0.16, 4.03, 0.00) | smoothed=(-0.16, 4.03, 0.00) | velocity=(-0.02, 0.00, 0.00) m/s | speed=0.02 m/s | net=0.01 m | straightness=0.99 | direction=0.00 | state=STATIONARY | detections=167
[INFO] [1790212157.067637001] [sage_semantic_world_model]: Target 1 updated | association_distance=0.00 m | raw=(-0.16, 4.03, 0.00) | smoothed=(-0.16, 4.03, 0.00) | velocity=(-0.01, 0.00, 0.00) m/s | speed=0.01 m/s | net=0.01 m | straightness=1.00 | direction=0.00 | state=STATIONARY | detections=168
[INFO] [1790212157.173910218] [sage_semantic_world_model]: Target 1 updated | association_distance=0.00 m | raw=(-0.16, 4.03, 0.00) | smoothed=(-0.16, 4.03, 0.00) | velocity=(-0.01, 0.00, 0.00) m/s | speed=0.01 m/s | net=0.01 m | straightness=1.00 | direction=0.00 | state=STATIONARY | detections=169
[INFO] [1790212157.262340091] [sage_semantic_world_model]: Target 1 updated | association_distance=0.00 m | raw=(-0.16, 4.03, 0.00) | smoothed=(-0.16, 4.03, 0.00) | velocity=(-0.01, 0.00, 0.00) m/s | speed=0.01 m/s | net=0.01 m | straightness=1.00 | direction=0.00 | state=STATIONARY | detections=170
[INFO] [1790212157.362813417] [sage_semantic_world_model]: Target 1 updated | association_distance=0.00 m | raw=(-0.16, 4.03, 0.00) | smoothed=(-0.16, 4.03, 0.00) | velocity=(-0.00, 0.00, 0.00) m/s | speed=0.00 m/s | net=0.01 m | straightness=1.00 | direction=0.00 | state=STATIONARY | detections=171
[INFO] [1790212157.462279115] [sage_semantic_world_model]: Target 1 updated | association_distance=0.00 m | raw=(-0.16, 4.03, 0.00) | smoothed=(-0.16, 4.03, 0.00) | velocity=(-0.00, 0.00, 0.00) m/s | speed=0.00 m/s | net=0.01 m | straightness=0.00 | direction=0.00 | state=STATIONARY | detections=172
[INFO] [1790212157.561466964] [sage_semantic_world_model]: Target 1 updated | association_distance=0.00 m | raw=(-0.16, 4.03, 0.00) | smoothed=(-0.16, 4.03, 0.00) | velocity=(-0.00, 0.00, 0.00) m/s | speed=0.00 m/s | net=0.01 m | straightness=0.00 | direction=0.00 | state=STATIONARY | detections=173
[INFO] [1790212157.668609561] [sage_semantic_world_model]: Target 1 updated | association_distance=0.00 m | raw=(-0.16, 4.03, 0.00) | smoothed=(-0.16, 4.03, 0.00) | velocity=(-0.00, 0.00, 0.00) m/s | speed=0.00 m/s | net=0.00 m | straightness=0.00 | direction=0.00 | state=STATIONARY | detections=174
[INFO] [1790212157.764778615] [sage_semantic_world_model]: Target 1 updated | association_distance=0.00 m | raw=(-0.16, 4.03, 0.00) | smoothed=(-0.16, 4.03, 0.00) | velocity=(-0.00, 0.00, 0.00) m/s | speed=0.00 m/s | net=0.00 m | straightness=0.00 | direction=0.00 | state=STATIONARY | detections=175
[INFO] [1790212157.865283787] [sage_semantic_world_model]: Target 1 updated | association_distance=0.00 m | raw=(-0.16, 4.03, 0.00) | smoothed=(-0.16, 4.03, 0.00) | velocity=(-0.00, 0.00, 0.00) m/s | speed=0.00 m/s | net=0.00 m | straightness=0.00 | direction=0.00 | state=STATIONARY | detections=176
[INFO] [1790212157.962006200] [sage_semantic_world_model]: Target 1 updated | association_distance=0.00 m | raw=(-0.16, 4.03, 0.00) | smoothed=(-0.16, 4.03, 0.00) | velocity=(-0.00, 0.00, 0.00) m/s | speed=0.00 m/s | net=0.00 m | straightness=0.00 | direction=0.00 | state=STATIONARY | detections=177
[INFO] [1790212158.072238828] [sage_semantic_world_model]: Target 1 updated | association_distance=0.00 m | raw=(-0.16, 4.03, 0.00) | smoothed=(-0.16, 4.03, 0.00) | velocity=(-0.00, 0.00, 0.00) m/s | speed=0.00 m/s | net=0.00 m | straightness=0.00 | direction=0.00 | state=STATIONARY | detections=178
[INFO] [1790212158.162277318] [sage_semantic_world_model]: Target 1 updated | association_distance=0.00 m | raw=(-0.16, 4.03, 0.00) | smoothed=(-0.16, 4.03, 0.00) | velocity=(-0.00, 0.00, 0.00) m/s | speed=0.00 m/s | net=0.00 m | straightness=0.00 | direction=0.00 | state=STATIONARY | detections=179
[INFO] [1790212158.277510177] [sage_semantic_world_model]: Target 1 updated | association_distance=0.00 m | raw=(-0.16, 4.03, 0.00) | smoothed=(-0.16, 4.03, 0.00) | velocity=(-0.00, 0.00, 0.00) m/s | speed=0.00 m/s | net=0.00 m | straightness=0.00 | direction=0.00 | state=STATIONARY | detections=180
[INFO] [1790212158.365155842] [sage_semantic_world_model]: Target 1 updated | association_distance=0.02 m | raw=(-0.18, 4.05, 0.00) | smoothed=(-0.17, 4.04, 0.00) | velocity=(-0.01, 0.01, 0.00) m/s | speed=0.01 m/s | net=0.01 m | straightness=0.00 | direction=0.00 | state=STATIONARY | detections=181
[INFO] [1790212158.474391643] [sage_semantic_world_model]: Target 1 updated | association_distance=0.02 m | raw=(-0.18, 4.05, 0.00) | smoothed=(-0.17, 4.04, 0.00) | velocity=(-0.02, 0.01, 0.00) m/s | speed=0.02 m/s | net=0.01 m | straightness=0.00 | direction=0.00 | state=STATIONARY | detections=182
[INFO] [1790212158.562730512] [sage_semantic_world_model]: Target 1 updated | association_distance=0.01 m | raw=(-0.18, 4.05, 0.00) | smoothed=(-0.17, 4.04, 0.00) | velocity=(-0.03, 0.02, 0.00) m/s | speed=0.03 m/s | net=0.01 m | straightness=1.00 | direction=0.00 | state=STATIONARY | detections=183
[INFO] [1790212158.662526531] [sage_semantic_world_model]: Target 1 updated | association_distance=0.01 m | raw=(-0.18, 4.05, 0.00) | smoothed=(-0.18, 4.04, 0.00) | velocity=(-0.03, 0.02, 0.00) m/s | speed=0.04 m/s | net=0.01 m | straightness=1.00 | direction=0.00 | state=STATIONARY | detections=184
[INFO] [1790212158.762412191] [sage_semantic_world_model]: Target 1 updated | association_distance=0.01 m | raw=(-0.18, 4.05, 0.00) | smoothed=(-0.18, 4.04, 0.00) | velocity=(-0.02, 0.01, 0.00) m/s | speed=0.03 m/s | net=0.02 m | straightness=1.00 | direction=0.00 | state=STATIONARY | detections=185
[INFO] [1790212158.862590849] [sage_semantic_world_model]: Target 1 updated | association_distance=0.00 m | raw=(-0.18, 4.05, 0.00) | smoothed=(-0.18, 4.04, 0.00) | velocity=(-0.02, 0.01, 0.00) m/s | speed=0.02 m/s | net=0.02 m | straightness=1.00 | direction=0.00 | state=STATIONARY | detections=186
[INFO] [1790212158.963795773] [sage_semantic_world_model]: Target 1 updated | association_distance=0.00 m | raw=(-0.18, 4.05, 0.00) | smoothed=(-0.18, 4.04, 0.00) | velocity=(-0.01, 0.01, 0.00) m/s | speed=0.01 m/s | net=0.02 m | straightness=1.00 | direction=0.00 | state=STATIONARY | detections=187
[INFO] [1790212159.067020628] [sage_semantic_world_model]: Target 1 updated | association_distance=0.00 m | raw=(-0.18, 4.05, 0.00) | smoothed=(-0.18, 4.04, 0.00) | velocity=(-0.01, 0.01, 0.00) m/s | speed=0.01 m/s | net=0.02 m | straightness=1.00 | direction=0.00 | state=STATIONARY | detections=188
[INFO] [1790212159.165634316] [sage_semantic_world_model]: Target 1 updated | association_distance=0.00 m | raw=(-0.18, 4.05, 0.00) | smoothed=(-0.18, 4.05, 0.00) | velocity=(-0.01, 0.00, 0.00) m/s | speed=0.01 m/s | net=0.02 m | straightness=1.00 | direction=0.00 | state=STATIONARY | detections=189
[INFO] [1790212159.266566242] [sage_semantic_world_model]: Target 1 updated | association_distance=0.00 m | raw=(-0.18, 4.05, 0.00) | smoothed=(-0.18, 4.05, 0.00) | velocity=(-0.01, 0.00, 0.00) m/s | speed=0.01 m/s | net=0.01 m | straightness=1.00 | direction=0.00 | state=STATIONARY | detections=190
[INFO] [1790212159.365430096] [sage_semantic_world_model]: Target 1 updated | association_distance=0.00 m | raw=(-0.18, 4.05, 0.00) | smoothed=(-0.18, 4.05, 0.00) | velocity=(-0.00, 0.00, 0.00) m/s | speed=0.00 m/s | net=0.01 m | straightness=1.00 | direction=0.00 | state=STATIONARY | detections=191
[INFO] [1790212159.461180418] [sage_semantic_world_model]: Target 1 updated | association_distance=0.00 m | raw=(-0.18, 4.05, 0.00) | smoothed=(-0.18, 4.05, 0.00) | velocity=(-0.00, 0.00, 0.00) m/s | speed=0.00 m/s | net=0.01 m | straightness=0.00 | direction=0.00 | state=STATIONARY | detections=192
[INFO] [1790212159.565597715] [sage_semantic_world_model]: Target 1 updated | association_distance=0.00 m | raw=(-0.18, 4.05, 0.00) | smoothed=(-0.18, 4.05, 0.00) | velocity=(-0.00, 0.00, 0.00) m/s | speed=0.00 m/s | net=0.01 m | straightness=0.00 | direction=0.00 | state=STATIONARY | detections=193
[INFO] [1790212159.665276672] [sage_semantic_world_model]: Target 1 updated | association_distance=0.00 m | raw=(-0.18, 4.05, 0.00) | smoothed=(-0.18, 4.05, 0.00) | velocity=(-0.00, 0.00, 0.00) m/s | speed=0.00 m/s | net=0.00 m | straightness=0.00 | direction=0.00 | state=STATIONARY | detections=194
[INFO] [1790212159.762090505] [sage_semantic_world_model]: Target 1 updated | association_distance=0.00 m | raw=(-0.18, 4.05, 0.00) | smoothed=(-0.18, 4.05, 0.00) | velocity=(-0.00, 0.00, 0.00) m/s | speed=0.00 m/s | net=0.00 m | straightness=0.00 | direction=0.00 | state=STATIONARY | detections=195
[INFO] [1790212159.861552834] [sage_semantic_world_model]: Target 1 updated | association_distance=0.00 m | raw=(-0.18, 4.05, 0.00) | smoothed=(-0.18, 4.05, 0.00) | velocity=(-0.00, 0.00, 0.00) m/s | speed=0.00 m/s | net=0.00 m | straightness=0.00 | direction=0.00 | state=STATIONARY | detections=196
[INFO] [1790212159.962354480] [sage_semantic_world_model]: Target 1 updated | association_distance=0.00 m | raw=(-0.18, 4.05, 0.00) | smoothed=(-0.18, 4.05, 0.00) | velocity=(-0.00, 0.00, 0.00) m/s | speed=0.00 m/s | net=0.00 m | straightness=0.00 | direction=0.00 | state=STATIONARY | detections=197
[INFO] [1790212160.062804804] [sage_semantic_world_model]: Target 1 updated | association_distance=0.00 m | raw=(-0.18, 4.05, 0.00) | smoothed=(-0.18, 4.05, 0.00) | velocity=(-0.00, 0.00, 0.00) m/s | speed=0.00 m/s | net=0.00 m | straightness=0.00 | direction=0.00 | state=STATIONARY | detections=198
[INFO] [1790212160.178605979] [sage_semantic_world_model]: Target 1 updated | association_distance=0.08 m | raw=(-0.11, 4.09, 0.00) | smoothed=(-0.16, 4.06, 0.00) | velocity=(0.04, 0.03, 0.00) m/s | speed=0.05 m/s | net=0.02 m | straightness=0.93 | direction=0.00 | state=STATIONARY | detections=199
[INFO] [1790212160.265081629] [sage_semantic_world_model]: Target 1 updated | association_distance=0.06 m | raw=(-0.11, 4.09, 0.00) | smoothed=(-0.15, 4.06, 0.00) | velocity=(0.08, 0.04, 0.00) m/s | speed=0.09 m/s | net=0.04 m | straightness=0.97 | direction=0.00 | state=STATIONARY | detections=200
[INFO] [1790212160.365457894] [sage_semantic_world_model]: Target 1 updated | association_distance=0.05 m | raw=(-0.11, 4.09, 0.00) | smoothed=(-0.14, 4.07, 0.00) | velocity=(0.10, 0.06, 0.00) m/s | speed=0.12 m/s | net=0.05 m | straightness=0.98 | direction=0.00 | state=STATIONARY | detections=201
[INFO] [1790212160.464163157] [sage_semantic_world_model]: Target 1 updated | association_distance=0.03 m | raw=(-0.11, 4.09, 0.00) | smoothed=(-0.13, 4.07, 0.00) | velocity=(0.12, 0.07, 0.00) m/s | speed=0.14 m/s | net=0.06 m | straightness=0.99 | direction=0.00 | state=STATIONARY | detections=202
[INFO] [1790212160.562330068] [sage_semantic_world_model]: Target 1 updated | association_distance=0.03 m | raw=(-0.11, 4.09, 0.00) | smoothed=(-0.13, 4.08, 0.00) | velocity=(0.09, 0.05, 0.00) m/s | speed=0.11 m/s | net=0.06 m | straightness=0.99 | direction=0.00 | state=STATIONARY | detections=203
[INFO] [1790212160.662665576] [sage_semantic_world_model]: Target 1 updated | association_distance=0.02 m | raw=(-0.11, 4.09, 0.00) | smoothed=(-0.12, 4.08, 0.00) | velocity=(0.07, 0.04, 0.00) m/s | speed=0.08 m/s | net=0.07 m | straightness=1.00 | direction=0.00 | state=STATIONARY | detections=204
[INFO] [1790212160.764336842] [sage_semantic_world_model]: Target 1 updated | association_distance=0.02 m | raw=(-0.14, 4.08, 0.00) | smoothed=(-0.13, 4.08, 0.00) | velocity=(0.03, 0.03, 0.00) m/s | speed=0.04 m/s | net=0.06 m | straightness=0.90 | direction=0.00 | state=STATIONARY | detections=205
[INFO] [1790212160.871874945] [sage_semantic_world_model]: Target 1 updated | association_distance=0.01 m | raw=(-0.14, 4.08, 0.00) | smoothed=(-0.13, 4.08, 0.00) | velocity=(0.01, 0.02, 0.00) m/s | speed=0.02 m/s | net=0.06 m | straightness=0.83 | direction=0.00 | state=STATIONARY | detections=206
[INFO] [1790212160.971796407] [sage_semantic_world_model]: Target 1 updated | association_distance=0.03 m | raw=(-0.16, 4.09, 0.00) | smoothed=(-0.14, 4.08, 0.00) | velocity=(-0.02, 0.02, 0.00) m/s | speed=0.03 m/s | net=0.06 m | straightness=0.72 | direction=0.00 | state=STATIONARY | detections=207
[INFO] [1790212161.066153656] [sage_semantic_world_model]: Target 1 updated | association_distance=0.02 m | raw=(-0.16, 4.09, 0.00) | smoothed=(-0.14, 4.09, 0.00) | velocity=(-0.05, 0.02, 0.00) m/s | speed=0.05 m/s | net=0.04 m | straightness=0.57 | direction=0.00 | state=STATIONARY | detections=208
[INFO] [1790212161.164386617] [sage_semantic_world_model]: Target 1 updated | association_distance=0.02 m | raw=(-0.16, 4.09, 0.00) | smoothed=(-0.14, 4.09, 0.00) | velocity=(-0.04, 0.02, 0.00) m/s | speed=0.05 m/s | net=0.03 m | straightness=0.46 | direction=0.00 | state=STATIONARY | detections=209
[INFO] [1790212161.268817122] [sage_semantic_world_model]: Target 1 updated | association_distance=0.04 m | raw=(-0.15, 4.12, 0.00) | smoothed=(-0.15, 4.10, 0.00) | velocity=(-0.04, 0.04, 0.00) m/s | speed=0.06 m/s | net=0.03 m | straightness=0.54 | direction=0.00 | state=STATIONARY | detections=210
[INFO] [1790212161.367810686] [sage_semantic_world_model]: Target 1 updated | association_distance=0.03 m | raw=(-0.15, 4.12, 0.00) | smoothed=(-0.15, 4.10, 0.00) | velocity=(-0.03, 0.05, 0.00) m/s | speed=0.06 m/s | net=0.03 m | straightness=0.66 | direction=0.00 | state=STATIONARY | detections=211
[INFO] [1790212161.461881882] [sage_semantic_world_model]: Target 1 updated | association_distance=0.02 m | raw=(-0.15, 4.12, 0.00) | smoothed=(-0.15, 4.11, 0.00) | velocity=(-0.02, 0.06, 0.00) m/s | speed=0.06 m/s | net=0.04 m | straightness=0.78 | direction=0.00 | state=STATIONARY | detections=212
[INFO] [1790212161.569047928] [sage_semantic_world_model]: Target 1 updated | association_distance=0.03 m | raw=(-0.15, 4.08, 0.00) | smoothed=(-0.15, 4.10, 0.00) | velocity=(-0.01, 0.03, 0.00) m/s | speed=0.04 m/s | net=0.04 m | straightness=0.68 | direction=0.00 | state=STATIONARY | detections=213
[INFO] [1790212161.675374791] [sage_semantic_world_model]: Target 1 updated | association_distance=0.02 m | raw=(-0.15, 4.08, 0.00) | smoothed=(-0.15, 4.10, 0.00) | velocity=(-0.01, -0.00, 0.00) m/s | speed=0.01 m/s | net=0.03 m | straightness=0.54 | direction=0.00 | state=STATIONARY | detections=214
[INFO] [1790212161.769009714] [sage_semantic_world_model]: Target 1 updated | association_distance=0.02 m | raw=(-0.15, 4.08, 0.00) | smoothed=(-0.15, 4.09, 0.00) | velocity=(-0.01, -0.03, 0.00) m/s | speed=0.03 m/s | net=0.02 m | straightness=0.45 | direction=0.00 | state=STATIONARY | detections=215
[INFO] [1790212161.863770449] [sage_semantic_world_model]: Target 1 updated | association_distance=0.02 m | raw=(-0.15, 4.07, 0.00) | smoothed=(-0.15, 4.09, 0.00) | velocity=(-0.01, -0.05, 0.00) m/s | speed=0.06 m/s | net=0.02 m | straightness=0.31 | direction=0.00 | state=STATIONARY | detections=216
[INFO] [1790212161.963741203] [sage_semantic_world_model]: Target 1 updated | association_distance=0.01 m | raw=(-0.15, 4.07, 0.00) | smoothed=(-0.15, 4.08, 0.00) | velocity=(-0.01, -0.05, 0.00) m/s | speed=0.05 m/s | net=0.01 m | straightness=0.24 | direction=0.00 | state=STATIONARY | detections=217
[INFO] [1790212162.069301849] [sage_semantic_world_model]: Target 1 updated | association_distance=0.10 m | raw=(-0.08, 4.14, 0.00) | smoothed=(-0.13, 4.10, 0.00) | velocity=(0.05, 0.01, 0.00) m/s | speed=0.05 m/s | net=0.01 m | straightness=0.21 | direction=0.00 | state=STATIONARY | detections=218
[INFO] [1790212162.168145994] [sage_semantic_world_model]: Target 1 updated | association_distance=0.07 m | raw=(-0.08, 4.14, 0.00) | smoothed=(-0.12, 4.11, 0.00) | velocity=(0.08, 0.04, 0.00) m/s | speed=0.09 m/s | net=0.03 m | straightness=0.37 | direction=0.00 | state=STATIONARY | detections=219
[INFO] [1790212162.262554497] [sage_semantic_world_model]: Target 1 updated | association_distance=0.06 m | raw=(-0.08, 4.14, 0.00) | smoothed=(-0.11, 4.12, 0.00) | velocity=(0.11, 0.08, 0.00) m/s | speed=0.14 m/s | net=0.04 m | straightness=0.48 | direction=0.00 | state=STATIONARY | detections=220
[INFO] [1790212162.360679795] [sage_semantic_world_model]: Target 1 updated | association_distance=0.04 m | raw=(-0.07, 4.12, 0.00) | smoothed=(-0.10, 4.12, 0.00) | velocity=(0.14, 0.09, 0.00) m/s | speed=0.16 m/s | net=0.05 m | straightness=0.56 | direction=0.00 | state=STATIONARY | detections=221
[INFO] [1790212162.464625469] [sage_semantic_world_model]: Target 1 updated | association_distance=0.03 m | raw=(-0.07, 4.12, 0.00) | smoothed=(-0.09, 4.12, 0.00) | velocity=(0.11, 0.05, 0.00) m/s | speed=0.12 m/s | net=0.06 m | straightness=0.67 | direction=0.00 | state=STATIONARY | detections=222
[INFO] [1790212162.572742630] [sage_semantic_world_model]: Target 1 updated | association_distance=0.02 m | raw=(-0.07, 4.14, 0.00) | smoothed=(-0.09, 4.12, 0.00) | velocity=(0.08, 0.03, 0.00) m/s | speed=0.09 m/s | net=0.07 m | straightness=0.76 | direction=0.00 | state=STATIONARY | detections=223
[INFO] [1790212162.662685859] [sage_semantic_world_model]: Target 1 updated | association_distance=0.02 m | raw=(-0.07, 4.14, 0.00) | smoothed=(-0.08, 4.13, 0.00) | velocity=(0.06, 0.02, 0.00) m/s | speed=0.07 m/s | net=0.08 m | straightness=0.83 | direction=0.00 | state=STATIONARY | detections=224
[INFO] [1790212162.764721385] [sage_semantic_world_model]: Target 1 updated | association_distance=0.01 m | raw=(-0.07, 4.14, 0.00) | smoothed=(-0.08, 4.13, 0.00) | velocity=(0.04, 0.03, 0.00) m/s | speed=0.05 m/s | net=0.08 m | straightness=0.91 | direction=0.00 | state=STATIONARY | detections=225
[INFO] [1790212162.864731048] [sage_semantic_world_model]: Target 1 updated | association_distance=0.01 m | raw=(-0.07, 4.14, 0.00) | smoothed=(-0.08, 4.13, 0.00) | velocity=(0.03, 0.03, 0.00) m/s | speed=0.04 m/s | net=0.09 m | straightness=0.97 | direction=0.00 | state=STATIONARY | detections=226
[INFO] [1790212162.964579757] [sage_semantic_world_model]: Target 1 updated | association_distance=0.01 m | raw=(-0.07, 4.14, 0.00) | smoothed=(-0.08, 4.13, 0.00) | velocity=(0.02, 0.03, 0.00) m/s | speed=0.03 m/s | net=0.07 m | straightness=0.96 | direction=0.00 | state=STATIONARY | detections=227
[INFO] [1790212163.074720689] [sage_semantic_world_model]: Target 1 updated | association_distance=0.02 m | raw=(-0.08, 4.11, 0.00) | smoothed=(-0.08, 4.13, 0.00) | velocity=(0.02, 0.01, 0.00) m/s | speed=0.02 m/s | net=0.05 m | straightness=0.82 | direction=0.00 | state=STATIONARY | detections=228
[INFO] [1790212163.168896481] [sage_semantic_world_model]: Target 1 updated | association_distance=0.01 m | raw=(-0.08, 4.11, 0.00) | smoothed=(-0.08, 4.12, 0.00) | velocity=(0.01, -0.01, 0.00) m/s | speed=0.01 m/s | net=0.03 m | straightness=0.70 | direction=0.00 | state=STATIONARY | detections=229
[INFO] [1790212163.266728501] [sage_semantic_world_model]: Target 1 updated | association_distance=0.01 m | raw=(-0.08, 4.11, 0.00) | smoothed=(-0.08, 4.12, 0.00) | velocity=(0.01, -0.02, 0.00) m/s | speed=0.02 m/s | net=0.02 m | straightness=0.56 | direction=0.00 | state=STATIONARY | detections=230
[INFO] [1790212163.371204170] [sage_semantic_world_model]: Target 1 updated | association_distance=0.01 m | raw=(-0.08, 4.11, 0.00) | smoothed=(-0.08, 4.12, 0.00) | velocity=(0.00, -0.03, 0.00) m/s | speed=0.03 m/s | net=0.01 m | straightness=0.43 | direction=0.00 | state=STATIONARY | detections=231
[INFO] [1790212163.467851731] [sage_semantic_world_model]: Target 1 updated | association_distance=0.03 m | raw=(-0.07, 4.09, 0.00) | smoothed=(-0.08, 4.11, 0.00) | velocity=(0.00, -0.04, 0.00) m/s | speed=0.04 m/s | net=0.01 m | straightness=0.42 | direction=0.00 | state=STATIONARY | detections=232
[INFO] [1790212163.565917823] [sage_semantic_world_model]: Target 1 updated | association_distance=0.02 m | raw=(-0.07, 4.09, 0.00) | smoothed=(-0.08, 4.11, 0.00) | velocity=(0.00, -0.04, 0.00) m/s | speed=0.04 m/s | net=0.02 m | straightness=0.57 | direction=0.00 | state=STATIONARY | detections=233
[INFO] [1790212163.662979150] [sage_semantic_world_model]: Target 1 updated | association_distance=0.02 m | raw=(-0.07, 4.09, 0.00) | smoothed=(-0.08, 4.10, 0.00) | velocity=(0.00, -0.05, 0.00) m/s | speed=0.05 m/s | net=0.03 m | straightness=0.71 | direction=0.00 | state=STATIONARY | detections=234
[INFO] [1790212163.766173035] [sage_semantic_world_model]: Target 1 updated | association_distance=0.01 m | raw=(-0.07, 4.09, 0.00) | smoothed=(-0.08, 4.10, 0.00) | velocity=(0.00, -0.05, 0.00) m/s | speed=0.05 m/s | net=0.03 m | straightness=0.87 | direction=0.00 | state=STATIONARY | detections=235
[INFO] [1790212163.862759861] [sage_semantic_world_model]: Target 1 updated | association_distance=0.01 m | raw=(-0.07, 4.09, 0.00) | smoothed=(-0.08, 4.10, 0.00) | velocity=(0.00, -0.04, 0.00) m/s | speed=0.04 m/s | net=0.04 m | straightness=1.00 | direction=0.00 | state=STATIONARY | detections=236
[INFO] [1790212163.972167554] [sage_semantic_world_model]: Target 1 updated | association_distance=0.01 m | raw=(-0.07, 4.09, 0.00) | smoothed=(-0.08, 4.10, 0.00) | velocity=(0.00, -0.03, 0.00) m/s | speed=0.03 m/s | net=0.03 m | straightness=1.00 | direction=0.00 | state=STATIONARY | detections=237
[INFO] [1790212164.069915855] [sage_semantic_world_model]: Target 1 updated | association_distance=0.01 m | raw=(-0.07, 4.09, 0.00) | smoothed=(-0.08, 4.09, 0.00) | velocity=(0.00, -0.02, 0.00) m/s | speed=0.02 m/s | net=0.03 m | straightness=1.00 | direction=0.00 | state=STATIONARY | detections=238
[INFO] [1790212164.163790990] [sage_semantic_world_model]: Target 1 updated | association_distance=0.00 m | raw=(-0.07, 4.09, 0.00) | smoothed=(-0.07, 4.09, 0.00) | velocity=(0.00, -0.02, 0.00) m/s | speed=0.02 m/s | net=0.03 m | straightness=1.00 | direction=0.00 | state=STATIONARY | detections=239
[INFO] [1790212164.276771326] [sage_semantic_world_model]: Target 1 updated | association_distance=0.00 m | raw=(-0.07, 4.09, 0.00) | smoothed=(-0.07, 4.09, 0.00) | velocity=(0.00, -0.01, 0.00) m/s | speed=0.01 m/s | net=0.03 m | straightness=1.00 | direction=0.00 | state=STATIONARY | detections=240
[INFO] [1790212164.369724470] [sage_semantic_world_model]: Target 1 updated | association_distance=0.02 m | raw=(-0.06, 4.08, 0.00) | smoothed=(-0.07, 4.09, 0.00) | velocity=(0.01, -0.02, 0.00) m/s | speed=0.02 m/s | net=0.02 m | straightness=0.98 | direction=0.00 | state=STATIONARY | detections=241
[INFO] [1790212164.465560599] [sage_semantic_world_model]: Target 1 updated | association_distance=0.01 m | raw=(-0.06, 4.08, 0.00) | smoothed=(-0.07, 4.09, 0.00) | velocity=(0.01, -0.02, 0.00) m/s | speed=0.02 m/s | net=0.02 m | straightness=0.97 | direction=0.00 | state=STATIONARY | detections=242
[INFO] [1790212164.564086876] [sage_semantic_world_model]: Target 1 updated | association_distance=0.01 m | raw=(-0.06, 4.08, 0.00) | smoothed=(-0.07, 4.08, 0.00) | velocity=(0.01, -0.02, 0.00) m/s | speed=0.03 m/s | net=0.02 m | straightness=0.96 | direction=0.00 | state=STATIONARY | detections=243
[INFO] [1790212164.664031420] [sage_semantic_world_model]: Target 1 updated | association_distance=0.02 m | raw=(-0.06, 4.07, 0.00) | smoothed=(-0.07, 4.08, 0.00) | velocity=(0.02, -0.03, 0.00) m/s | speed=0.04 m/s | net=0.02 m | straightness=0.97 | direction=0.00 | state=STATIONARY | detections=244
[INFO] [1790212164.772330290] [sage_semantic_world_model]: Target 1 updated | association_distance=0.01 m | raw=(-0.06, 4.07, 0.00) | smoothed=(-0.07, 4.08, 0.00) | velocity=(0.02, -0.03, 0.00) m/s | speed=0.03 m/s | net=0.02 m | straightness=0.98 | direction=0.00 | state=STATIONARY | detections=245
[INFO] [1790212164.876871875] [sage_semantic_world_model]: Target 1 updated | association_distance=0.01 m | raw=(-0.06, 4.07, 0.00) | smoothed=(-0.06, 4.07, 0.00) | velocity=(0.02, -0.03, 0.00) m/s | speed=0.03 m/s | net=0.02 m | straightness=0.99 | direction=0.00 | state=STATIONARY | detections=246
[INFO] [1790212164.970129872] [sage_semantic_world_model]: Target 1 updated | association_distance=0.01 m | raw=(-0.06, 4.07, 0.00) | smoothed=(-0.06, 4.07, 0.00) | velocity=(0.01, -0.03, 0.00) m/s | speed=0.03 m/s | net=0.02 m | straightness=0.99 | direction=0.00 | state=STATIONARY | detections=247
[INFO] [1790212165.065035145] [sage_semantic_world_model]: Target 1 updated | association_distance=0.01 m | raw=(-0.06, 4.07, 0.00) | smoothed=(-0.06, 4.07, 0.00) | velocity=(0.01, -0.02, 0.00) m/s | speed=0.02 m/s | net=0.02 m | straightness=1.00 | direction=0.00 | state=STATIONARY | detections=248
[INFO] [1790212165.167822666] [sage_semantic_world_model]: Target 1 updated | association_distance=0.04 m | raw=(-0.05, 4.10, 0.00) | smoothed=(-0.06, 4.08, 0.00) | velocity=(0.02, 0.01, 0.00) m/s | speed=0.02 m/s | net=0.02 m | straightness=0.61 | direction=0.00 | state=STATIONARY | detections=249
[INFO] [1790212165.269981233] [sage_semantic_world_model]: Target 1 updated | association_distance=0.03 m | raw=(-0.05, 4.10, 0.00) | smoothed=(-0.06, 4.09, 0.00) | velocity=(0.02, 0.03, 0.00) m/s | speed=0.04 m/s | net=0.02 m | straightness=0.46 | direction=0.00 | state=STATIONARY | detections=250
[INFO] [1790212165.365188746] [sage_semantic_world_model]: Target 1 updated | association_distance=0.02 m | raw=(-0.05, 4.10, 0.00) | smoothed=(-0.06, 4.09, 0.00) | velocity=(0.02, 0.04, 0.00) m/s | speed=0.05 m/s | net=0.02 m | straightness=0.43 | direction=0.00 | state=STATIONARY | detections=251
[INFO] [1790212165.467033676] [sage_semantic_world_model]: Target 1 updated | association_distance=0.01 m | raw=(-0.05, 4.10, 0.00) | smoothed=(-0.06, 4.09, 0.00) | velocity=(0.02, 0.06, 0.00) m/s | speed=0.06 m/s | net=0.02 m | straightness=0.47 | direction=0.00 | state=STATIONARY | detections=252
[INFO] [1790212165.573018319] [sage_semantic_world_model]: Target 1 updated | association_distance=0.01 m | raw=(-0.06, 4.09, 0.00) | smoothed=(-0.06, 4.09, 0.00) | velocity=(0.01, 0.03, 0.00) m/s | speed=0.03 m/s | net=0.02 m | straightness=0.49 | direction=0.00 | state=STATIONARY | detections=253
[INFO] [1790212165.663722609] [sage_semantic_world_model]: Target 1 updated | association_distance=0.01 m | raw=(-0.06, 4.09, 0.00) | smoothed=(-0.06, 4.09, 0.00) | velocity=(-0.00, 0.01, 0.00) m/s | speed=0.02 m/s | net=0.02 m | straightness=0.53 | direction=0.00 | state=STATIONARY | detections=254
[INFO] [1790212165.766156003] [sage_semantic_world_model]: Target 1 updated | association_distance=0.00 m | raw=(-0.06, 4.09, 0.00) | smoothed=(-0.06, 4.09, 0.00) | velocity=(-0.01, 0.00, 0.00) m/s | speed=0.01 m/s | net=0.02 m | straightness=0.58 | direction=0.00 | state=STATIONARY | detections=255
[INFO] [1790212165.862715052] [sage_semantic_world_model]: Target 1 updated | association_distance=0.01 m | raw=(-0.06, 4.08, 0.00) | smoothed=(-0.06, 4.09, 0.00) | velocity=(-0.01, -0.01, 0.00) m/s | speed=0.02 m/s | net=0.02 m | straightness=0.54 | direction=0.00 | state=STATIONARY | detections=256
[INFO] [1790212165.970848807] [sage_semantic_world_model]: Target 1 updated | association_distance=0.01 m | raw=(-0.06, 4.08, 0.00) | smoothed=(-0.06, 4.09, 0.00) | velocity=(-0.01, -0.01, 0.00) m/s | speed=0.02 m/s | net=0.02 m | straightness=0.52 | direction=0.00 | state=STATIONARY | detections=257
[INFO] [1790212166.063787656] [sage_semantic_world_model]: Target 1 updated | association_distance=0.01 m | raw=(-0.06, 4.08, 0.00) | smoothed=(-0.06, 4.09, 0.00) | velocity=(-0.01, -0.01, 0.00) m/s | speed=0.02 m/s | net=0.01 m | straightness=0.32 | direction=0.00 | state=STATIONARY | detections=258
[INFO] [1790212166.163607534] [sage_semantic_world_model]: Target 1 updated | association_distance=0.00 m | raw=(-0.06, 4.08, 0.00) | smoothed=(-0.06, 4.09, 0.00) | velocity=(-0.01, -0.01, 0.00) m/s | speed=0.02 m/s | net=0.01 m | straightness=0.32 | direction=0.00 | state=STATIONARY | detections=259
[INFO] [1790212166.263936234] [sage_semantic_world_model]: Target 1 updated | association_distance=0.04 m | raw=(-0.10, 4.10, 0.00) | smoothed=(-0.07, 4.09, 0.00) | velocity=(-0.03, 0.00, 0.00) m/s | speed=0.03 m/s | net=0.01 m | straightness=0.64 | direction=0.00 | state=STATIONARY | detections=260
[INFO] [1790212166.362838079] [sage_semantic_world_model]: Target 1 updated | association_distance=0.06 m | raw=(-0.13, 4.09, 0.00) | smoothed=(-0.08, 4.09, 0.00) | velocity=(-0.06, 0.01, 0.00) m/s | speed=0.06 m/s | net=0.03 m | straightness=0.87 | direction=0.00 | state=STATIONARY | detections=261
[INFO] [1790212166.462114081] [sage_semantic_world_model]: Target 1 updated | association_distance=0.04 m | raw=(-0.13, 4.09, 0.00) | smoothed=(-0.10, 4.09, 0.00) | velocity=(-0.08, 0.01, 0.00) m/s | speed=0.08 m/s | net=0.04 m | straightness=0.90 | direction=0.00 | state=STATIONARY | detections=262
[INFO] [1790212166.570699102] [sage_semantic_world_model]: Target 1 updated | association_distance=0.03 m | raw=(-0.13, 4.09, 0.00) | smoothed=(-0.10, 4.09, 0.00) | velocity=(-0.10, 0.02, 0.00) m/s | speed=0.10 m/s | net=0.05 m | straightness=0.92 | direction=0.00 | state=STATIONARY | detections=263
[INFO] [1790212166.664473009] [sage_semantic_world_model]: Target 1 updated | association_distance=0.06 m | raw=(-0.14, 4.05, 0.00) | smoothed=(-0.11, 4.08, 0.00) | velocity=(-0.10, -0.02, 0.00) m/s | speed=0.11 m/s | net=0.05 m | straightness=0.88 | direction=0.00 | state=STATIONARY | detections=264
[INFO] [1790212166.763441857] [sage_semantic_world_model]: Target 1 updated | association_distance=0.04 m | raw=(-0.14, 4.05, 0.00) | smoothed=(-0.12, 4.07, 0.00) | velocity=(-0.09, -0.04, 0.00) m/s | speed=0.10 m/s | net=0.06 m | straightness=0.87 | direction=0.00 | state=STATIONARY | detections=265
[INFO] [1790212166.862306396] [sage_semantic_world_model]: Target 1 updated | association_distance=0.03 m | raw=(-0.14, 4.05, 0.00) | smoothed=(-0.13, 4.07, 0.00) | velocity=(-0.08, -0.06, 0.00) m/s | speed=0.10 m/s | net=0.07 m | straightness=0.87 | direction=0.00 | state=STATIONARY | detections=266
[INFO] [1790212166.978405804] [sage_semantic_world_model]: Target 1 updated | association_distance=0.06 m | raw=(-0.17, 4.04, 0.00) | smoothed=(-0.14, 4.06, 0.00) | velocity=(-0.08, -0.08, 0.00) m/s | speed=0.12 m/s | net=0.08 m | straightness=0.89 | direction=0.00 | state=STATIONARY | detections=267
[INFO] [1790212167.064529469] [sage_semantic_world_model]: Target 1 updated | association_distance=0.04 m | raw=(-0.17, 4.04, 0.00) | smoothed=(-0.15, 4.06, 0.00) | velocity=(-0.08, -0.07, 0.00) m/s | speed=0.11 m/s | net=0.09 m | straightness=0.90 | direction=0.00 | state=STATIONARY | detections=268
[INFO] [1790212167.166495688] [sage_semantic_world_model]: Target 1 updated | association_distance=0.05 m | raw=(-0.20, 4.06, 0.00) | smoothed=(-0.16, 4.06, 0.00) | velocity=(-0.10, -0.05, 0.00) m/s | speed=0.11 m/s | net=0.09 m | straightness=0.92 | direction=0.00 | state=STATIONARY | detections=269
[INFO] [1790212167.265698260] [sage_semantic_world_model]: Target 1 updated | association_distance=0.04 m | raw=(-0.20, 4.06, 0.00) | smoothed=(-0.17, 4.06, 0.00) | velocity=(-0.11, -0.03, 0.00) m/s | speed=0.11 m/s | net=0.09 m | straightness=0.92 | direction=0.00 | state=STATIONARY | detections=270
[INFO] [1790212167.364619005] [sage_semantic_world_model]: Target 1 updated | association_distance=0.03 m | raw=(-0.20, 4.06, 0.00) | smoothed=(-0.18, 4.06, 0.00) | velocity=(-0.10, -0.01, 0.00) m/s | speed=0.10 m/s | net=0.09 m | straightness=0.93 | direction=0.00 | state=STATIONARY | detections=271
[INFO] [1790212167.465661493] [sage_semantic_world_model]: Target 1 updated | association_distance=0.02 m | raw=(-0.20, 4.06, 0.00) | smoothed=(-0.18, 4.06, 0.00) | velocity=(-0.09, 0.00, 0.00) m/s | speed=0.09 m/s | net=0.09 m | straightness=0.93 | direction=0.00 | state=STATIONARY | detections=272
[INFO] [1790212167.562055805] [sage_semantic_world_model]: Target 1 updated | association_distance=0.06 m | raw=(-0.23, 4.02, 0.00) | smoothed=(-0.19, 4.05, 0.00) | velocity=(-0.09, -0.02, 0.00) m/s | speed=0.09 m/s | net=0.09 m | straightness=0.94 | direction=0.00 | state=STATIONARY | detections=273
[INFO] [1790212167.663065935] [sage_semantic_world_model]: Target 1 updated | association_distance=0.05 m | raw=(-0.23, 4.02, 0.00) | smoothed=(-0.20, 4.04, 0.00) | velocity=(-0.09, -0.04, 0.00) m/s | speed=0.10 m/s | net=0.09 m | straightness=0.95 | direction=0.00 | state=STATIONARY | detections=274
[INFO] [1790212167.763133851] [sage_semantic_world_model]: Target 1 updated | association_distance=0.04 m | raw=(-0.23, 4.02, 0.00) | smoothed=(-0.21, 4.03, 0.00) | velocity=(-0.09, -0.05, 0.00) m/s | speed=0.10 m/s | net=0.09 m | straightness=0.95 | direction=0.00 | state=STATIONARY | detections=275
[INFO] [1790212167.865344377] [sage_semantic_world_model]: Target 1 updated | association_distance=0.03 m | raw=(-0.24, 4.04, 0.00) | smoothed=(-0.22, 4.04, 0.00) | velocity=(-0.09, -0.05, 0.00) m/s | speed=0.10 m/s | net=0.08 m | straightness=0.94 | direction=0.00 | state=STATIONARY | detections=276
[INFO] [1790212167.963970722] [sage_semantic_world_model]: Target 1 updated | association_distance=0.02 m | raw=(-0.24, 4.04, 0.00) | smoothed=(-0.22, 4.04, 0.00) | velocity=(-0.07, -0.02, 0.00) m/s | speed=0.08 m/s | net=0.08 m | straightness=0.93 | direction=0.00 | state=STATIONARY | detections=277
[INFO] [1790212168.062748261] [sage_semantic_world_model]: Target 1 updated | association_distance=0.02 m | raw=(-0.24, 4.04, 0.00) | smoothed=(-0.23, 4.04, 0.00) | velocity=(-0.06, -0.00, 0.00) m/s | speed=0.06 m/s | net=0.07 m | straightness=0.92 | direction=0.00 | state=STATIONARY | detections=278
[INFO] [1790212168.164487463] [sage_semantic_world_model]: Target 1 updated | association_distance=0.04 m | raw=(-0.22, 4.00, 0.00) | smoothed=(-0.23, 4.03, 0.00) | velocity=(-0.04, -0.01, 0.00) m/s | speed=0.04 m/s | net=0.06 m | straightness=0.82 | direction=0.00 | state=STATIONARY | detections=279
[INFO] [1790212168.265294965] [sage_semantic_world_model]: Target 1 updated | association_distance=0.03 m | raw=(-0.22, 4.00, 0.00) | smoothed=(-0.22, 4.02, 0.00) | velocity=(-0.02, -0.04, 0.00) m/s | speed=0.04 m/s | net=0.06 m | straightness=0.78 | direction=0.00 | state=STATIONARY | detections=280
[INFO] [1790212168.365775063] [sage_semantic_world_model]: Target 1 updated | association_distance=0.02 m | raw=(-0.22, 4.00, 0.00) | smoothed=(-0.22, 4.02, 0.00) | velocity=(-0.00, -0.05, 0.00) m/s | speed=0.05 m/s | net=0.06 m | straightness=0.76 | direction=0.00 | state=STATIONARY | detections=281
[INFO] [1790212168.464025068] [sage_semantic_world_model]: Target 1 updated | association_distance=0.02 m | raw=(-0.22, 4.00, 0.00) | smoothed=(-0.22, 4.01, 0.00) | velocity=(0.01, -0.07, 0.00) m/s | speed=0.07 m/s | net=0.04 m | straightness=0.69 | direction=0.00 | state=STATIONARY | detections=282
[INFO] [1790212168.564348582] [sage_semantic_world_model]: Target 1 updated | association_distance=0.01 m | raw=(-0.22, 4.01, 0.00) | smoothed=(-0.22, 4.01, 0.00) | velocity=(0.01, -0.05, 0.00) m/s | speed=0.05 m/s | net=0.03 m | straightness=0.63 | direction=0.00 | state=STATIONARY | detections=283
[INFO] [1790212168.661189358] [sage_semantic_world_model]: Target 1 updated | association_distance=0.00 m | raw=(-0.22, 4.01, 0.00) | smoothed=(-0.22, 4.01, 0.00) | velocity=(0.01, -0.03, 0.00) m/s | speed=0.03 m/s | net=0.03 m | straightness=0.58 | direction=0.00 | state=STATIONARY | detections=284
[INFO] [1790212168.765607278] [sage_semantic_world_model]: Target 1 updated | association_distance=0.00 m | raw=(-0.22, 4.01, 0.00) | smoothed=(-0.22, 4.01, 0.00) | velocity=(0.00, -0.02, 0.00) m/s | speed=0.02 m/s | net=0.03 m | straightness=0.69 | direction=0.00 | state=STATIONARY | detections=285
[INFO] [1790212168.866662641] [sage_semantic_world_model]: Target 1 updated | association_distance=0.00 m | raw=(-0.22, 4.01, 0.00) | smoothed=(-0.22, 4.01, 0.00) | velocity=(0.00, -0.01, 0.00) m/s | speed=0.01 m/s | net=0.03 m | straightness=0.84 | direction=0.00 | state=STATIONARY | detections=286
[INFO] [1790212168.965203243] [sage_semantic_world_model]: Target 1 updated | association_distance=0.01 m | raw=(-0.23, 4.01, 0.00) | smoothed=(-0.22, 4.01, 0.00) | velocity=(-0.01, -0.01, 0.00) m/s | speed=0.01 m/s | net=0.03 m | straightness=0.88 | direction=0.00 | state=STATIONARY | detections=287
[INFO] [1790212169.066190126] [sage_semantic_world_model]: Target 1 updated | association_distance=0.01 m | raw=(-0.23, 4.01, 0.00) | smoothed=(-0.23, 4.01, 0.00) | velocity=(-0.01, -0.00, 0.00) m/s | speed=0.01 m/s | net=0.02 m | straightness=0.75 | direction=0.00 | state=STATIONARY | detections=288
[INFO] [1790212169.169265938] [sage_semantic_world_model]: Target 1 updated | association_distance=0.01 m | raw=(-0.23, 4.01, 0.00) | smoothed=(-0.23, 4.01, 0.00) | velocity=(-0.02, 0.00, 0.00) m/s | speed=0.02 m/s | net=0.01 m | straightness=0.63 | direction=0.00 | state=STATIONARY | detections=289
[INFO] [1790212169.263599718] [sage_semantic_world_model]: Target 1 updated | association_distance=0.01 m | raw=(-0.23, 4.00, 0.00) | smoothed=(-0.23, 4.01, 0.00) | velocity=(-0.02, -0.00, 0.00) m/s | speed=0.02 m/s | net=0.01 m | straightness=0.59 | direction=0.00 | state=STATIONARY | detections=290
[INFO] [1790212169.361023378] [sage_semantic_world_model]: Target 1 updated | association_distance=0.01 m | raw=(-0.23, 4.00, 0.00) | smoothed=(-0.23, 4.01, 0.00) | velocity=(-0.01, -0.01, 0.00) m/s | speed=0.01 m/s | net=0.01 m | straightness=0.58 | direction=0.00 | state=STATIONARY | detections=291
[INFO] [1790212169.473673066] [sage_semantic_world_model]: Target 1 updated | association_distance=0.00 m | raw=(-0.23, 4.00, 0.00) | smoothed=(-0.23, 4.01, 0.00) | velocity=(-0.00, -0.01, 0.00) m/s | speed=0.01 m/s | net=0.01 m | straightness=0.60 | direction=0.00 | state=STATIONARY | detections=292
[INFO] [1790212169.563036113] [sage_semantic_world_model]: Target 1 updated | association_distance=0.02 m | raw=(-0.23, 4.02, 0.00) | smoothed=(-0.23, 4.01, 0.00) | velocity=(-0.00, 0.00, 0.00) m/s | speed=0.00 m/s | net=0.01 m | straightness=0.39 | direction=0.00 | state=STATIONARY | detections=293
[INFO] [1790212169.661507684] [sage_semantic_world_model]: Target 1 updated | association_distance=0.01 m | raw=(-0.23, 4.02, 0.00) | smoothed=(-0.23, 4.01, 0.00) | velocity=(-0.00, 0.01, 0.00) m/s | speed=0.01 m/s | net=0.01 m | straightness=0.42 | direction=0.00 | state=STATIONARY | detections=294
[INFO] [1790212169.762364065] [sage_semantic_world_model]: Target 1 updated | association_distance=0.01 m | raw=(-0.23, 4.02, 0.00) | smoothed=(-0.23, 4.02, 0.00) | velocity=(-0.00, 0.02, 0.00) m/s | speed=0.02 m/s | net=0.01 m | straightness=0.48 | direction=0.00 | state=STATIONARY | detections=295
[INFO] [1790212169.862655690] [sage_semantic_world_model]: Target 1 updated | association_distance=0.03 m | raw=(-0.23, 3.98, 0.00) | smoothed=(-0.23, 4.01, 0.00) | velocity=(0.00, 0.01, 0.00) m/s | speed=0.01 m/s | net=0.00 m | straightness=0.14 | direction=0.00 | state=STATIONARY | detections=296
[INFO] [1790212169.960917274] [sage_semantic_world_model]: Target 1 updated | association_distance=0.02 m | raw=(-0.23, 3.98, 0.00) | smoothed=(-0.23, 4.00, 0.00) | velocity=(0.00, -0.02, 0.00) m/s | speed=0.02 m/s | net=0.01 m | straightness=0.24 | direction=0.00 | state=STATIONARY | detections=297
[INFO] [1790212170.071958711] [sage_semantic_world_model]: Target 1 updated | association_distance=0.02 m | raw=(-0.23, 3.98, 0.00) | smoothed=(-0.23, 4.00, 0.00) | velocity=(0.00, -0.04, 0.00) m/s | speed=0.04 m/s | net=0.01 m | straightness=0.37 | direction=0.00 | state=STATIONARY | detections=298
[INFO] [1790212170.162844516] [sage_semantic_world_model]: Target 1 updated | association_distance=0.01 m | raw=(-0.23, 3.98, 0.00) | smoothed=(-0.23, 3.99, 0.00) | velocity=(0.01, -0.05, 0.00) m/s | speed=0.05 m/s | net=0.01 m | straightness=0.40 | direction=0.00 | state=STATIONARY | detections=299
[INFO] [1790212170.263788909] [sage_semantic_world_model]: Target 1 updated | association_distance=0.02 m | raw=(-0.21, 3.98, 0.00) | smoothed=(-0.22, 3.99, 0.00) | velocity=(0.01, -0.04, 0.00) m/s | speed=0.05 m/s | net=0.02 m | straightness=0.44 | direction=0.00 | state=STATIONARY | detections=300
[INFO] [1790212170.362731119] [sage_semantic_world_model]: Target 1 updated | association_distance=0.02 m | raw=(-0.21, 3.98, 0.00) | smoothed=(-0.22, 3.99, 0.00) | velocity=(0.02, -0.04, 0.00) m/s | speed=0.04 m/s | net=0.02 m | straightness=0.47 | direction=0.00 | state=STATIONARY | detections=301
[INFO] [1790212170.478327813] [sage_semantic_world_model]: Target 1 updated | association_distance=0.01 m | raw=(-0.21, 3.98, 0.00) | smoothed=(-0.22, 3.99, 0.00) | velocity=(0.02, -0.03, 0.00) m/s | speed=0.04 m/s | net=0.03 m | straightness=0.67 | direction=0.00 | state=STATIONARY | detections=302
[INFO] [1790212170.570516873] [sage_semantic_world_model]: Target 1 updated | association_distance=0.01 m | raw=(-0.21, 3.98, 0.00) | smoothed=(-0.22, 3.98, 0.00) | velocity=(0.02, -0.03, 0.00) m/s | speed=0.03 m/s | net=0.03 m | straightness=0.83 | direction=0.00 | state=STATIONARY | detections=303
[INFO] [1790212170.667076905] [sage_semantic_world_model]: Target 1 updated | association_distance=0.01 m | raw=(-0.21, 3.98, 0.00) | smoothed=(-0.22, 3.98, 0.00) | velocity=(0.02, -0.02, 0.00) m/s | speed=0.03 m/s | net=0.04 m | straightness=0.96 | direction=0.00 | state=STATIONARY | detections=304
[INFO] [1790212170.763163294] [sage_semantic_world_model]: Target 1 updated | association_distance=0.00 m | raw=(-0.21, 3.98, 0.00) | smoothed=(-0.22, 3.98, 0.00) | velocity=(0.01, -0.01, 0.00) m/s | speed=0.02 m/s | net=0.03 m | straightness=0.95 | direction=0.00 | state=STATIONARY | detections=305
[INFO] [1790212170.870285025] [sage_semantic_world_model]: Target 1 updated | association_distance=0.00 m | raw=(-0.21, 3.98, 0.00) | smoothed=(-0.21, 3.98, 0.00) | velocity=(0.01, -0.01, 0.00) m/s | speed=0.01 m/s | net=0.02 m | straightness=0.96 | direction=0.00 | state=STATIONARY | detections=306
[INFO] [1790212170.963026689] [sage_semantic_world_model]: Target 1 updated | association_distance=0.00 m | raw=(-0.21, 3.98, 0.00) | smoothed=(-0.21, 3.98, 0.00) | velocity=(0.01, -0.01, 0.00) m/s | speed=0.01 m/s | net=0.02 m | straightness=0.98 | direction=0.00 | state=STATIONARY | detections=307
[INFO] [1790212171.079121950] [sage_semantic_world_model]: Target 1 updated | association_distance=0.04 m | raw=(-0.20, 4.02, 0.00) | smoothed=(-0.21, 3.99, 0.00) | velocity=(0.02, 0.02, 0.00) m/s | speed=0.02 m/s | net=0.02 m | straightness=0.60 | direction=0.00 | state=STATIONARY | detections=308
[INFO] [1790212171.162831869] [sage_semantic_world_model]: Target 1 updated | association_distance=0.03 m | raw=(-0.20, 4.02, 0.00) | smoothed=(-0.21, 4.00, 0.00) | velocity=(0.02, 0.04, 0.00) m/s | speed=0.05 m/s | net=0.02 m | straightness=0.57 | direction=0.00 | state=STATIONARY | detections=309
[INFO] [1790212177.161502653] [sage_semantic_world_model]: Target 1 updated | association_distance=0.61 m | raw=(0.38, 3.84, 0.00) | smoothed=(-0.06, 3.96, 0.00) | velocity=(0.02, -0.00, 0.00) m/s | speed=0.02 m/s | net=0.16 m | straightness=0.91 | direction=0.00 | state=STATIONARY | detections=310
[INFO] [1790212177.268632571] [sage_semantic_world_model]: Target 1 updated | association_distance=0.46 m | raw=(0.38, 3.84, 0.00) | smoothed=(0.05, 3.93, 0.00) | velocity=(0.04, -0.01, 0.00) m/s | speed=0.04 m/s | net=0.27 m | straightness=0.95 | direction=0.00 | state=STATIONARY | detections=311
[INFO] [1790212177.362483149] [sage_semantic_world_model]: Target 1 updated | association_distance=0.21 m | raw=(-0.16, 3.91, 0.00) | smoothed=(-0.00, 3.92, 0.00) | velocity=(0.03, -0.01, 0.00) m/s | speed=0.03 m/s | net=0.22 m | straightness=0.66 | direction=0.00 | state=STATIONARY | detections=312
[INFO] [1790212177.473252703] [sage_semantic_world_model]: Target 1 updated | association_distance=0.16 m | raw=(-0.16, 3.91, 0.00) | smoothed=(-0.04, 3.92, 0.00) | velocity=(0.03, -0.01, 0.00) m/s | speed=0.03 m/s | net=0.19 m | straightness=0.50 | direction=0.00 | state=STATIONARY | detections=313
[INFO] [1790212177.575844968] [sage_semantic_world_model]: Target 1 updated | association_distance=0.04 m | raw=(-0.07, 3.89, 0.00) | smoothed=(-0.05, 3.91, 0.00) | velocity=(0.03, -0.11, 0.00) m/s | speed=0.12 m/s | net=0.18 m | straightness=0.47 | direction=0.00 | state=STATIONARY | detections=314
[INFO] [1790212177.675004374] [sage_semantic_world_model]: Target 1 updated | association_distance=0.03 m | raw=(-0.07, 3.89, 0.00) | smoothed=(-0.05, 3.91, 0.00) | velocity=(-0.26, -0.05, 0.00) m/s | speed=0.27 m/s | net=0.18 m | straightness=0.45 | direction=0.00 | state=STATIONARY | detections=315
[INFO] [1790212177.771315242] [sage_semantic_world_model]: Target 1 updated | association_distance=0.18 m | raw=(-0.23, 3.91, 0.00) | smoothed=(-0.10, 3.91, 0.00) | velocity=(-0.24, -0.04, 0.00) m/s | speed=0.25 m/s | net=0.14 m | straightness=0.31 | direction=0.00 | state=STATIONARY | detections=316
[INFO] [1790212177.870660108] [sage_semantic_world_model]: Target 1 updated | association_distance=0.13 m | raw=(-0.23, 3.91, 0.00) | smoothed=(-0.13, 3.91, 0.00) | velocity=(-0.23, -0.02, 0.00) m/s | speed=0.23 m/s | net=0.11 m | straightness=0.24 | direction=0.00 | state=STATIONARY | detections=317
[INFO] [1790212177.966425424] [sage_semantic_world_model]: Target 1 updated | association_distance=0.10 m | raw=(-0.23, 3.91, 0.00) | smoothed=(-0.16, 3.91, 0.00) | velocity=(-0.28, -0.01, 0.00) m/s | speed=0.28 m/s | net=0.10 m | straightness=0.21 | direction=0.00 | state=STATIONARY | detections=318
[INFO] [1790212178.064195960] [sage_semantic_world_model]: Target 1 updated | association_distance=0.08 m | raw=(-0.23, 3.91, 0.00) | smoothed=(-0.18, 3.91, 0.00) | velocity=(-0.31, 0.01, 0.00) m/s | speed=0.31 m/s | net=0.13 m | straightness=0.37 | direction=0.00 | state=STATIONARY | detections=319
[INFO] [1790212178.172745775] [sage_semantic_world_model]: Target 1 updated | association_distance=0.02 m | raw=(-0.16, 3.90, 0.00) | smoothed=(-0.17, 3.91, 0.00) | velocity=(-0.18, -0.00, 0.00) m/s | speed=0.18 m/s | net=0.22 m | straightness=0.95 | direction=0.00 | state=STATIONARY | detections=320
[INFO] [1790212178.266691256] [sage_semantic_world_model]: Target 1 updated | association_distance=0.01 m | raw=(-0.16, 3.90, 0.00) | smoothed=(-0.17, 3.91, 0.00) | velocity=(-0.09, -0.01, 0.00) m/s | speed=0.09 m/s | net=0.17 m | straightness=0.91 | direction=0.00 | state=STATIONARY | detections=321
[INFO] [1790212178.367118019] [sage_semantic_world_model]: Target 1 updated | association_distance=0.01 m | raw=(-0.16, 3.90, 0.00) | smoothed=(-0.17, 3.90, 0.00) | velocity=(-0.03, -0.01, 0.00) m/s | speed=0.03 m/s | net=0.13 m | straightness=0.85 | direction=0.00 | state=STATIONARY | detections=322
[INFO] [1790212178.467582465] [sage_semantic_world_model]: Target 1 updated | association_distance=0.06 m | raw=(-0.11, 3.88, 0.00) | smoothed=(-0.15, 3.90, 0.00) | velocity=(0.06, -0.03, 0.00) m/s | speed=0.06 m/s | net=0.11 m | straightness=0.68 | direction=0.00 | state=STATIONARY | detections=323
[INFO] [1790212178.567823268] [sage_semantic_world_model]: Target 1 updated | association_distance=0.05 m | raw=(-0.11, 3.88, 0.00) | smoothed=(-0.14, 3.89, 0.00) | velocity=(0.08, -0.04, 0.00) m/s | speed=0.08 m/s | net=0.09 m | straightness=0.56 | direction=0.00 | state=STATIONARY | detections=324
[INFO] [1790212178.666352202] [sage_semantic_world_model]: Target 1 updated | association_distance=0.04 m | raw=(-0.11, 3.88, 0.00) | smoothed=(-0.13, 3.89, 0.00) | velocity=(0.09, -0.04, 0.00) m/s | speed=0.10 m/s | net=0.04 m | straightness=0.32 | direction=0.00 | state=STATIONARY | detections=325
[INFO] [1790212178.763657493] [sage_semantic_world_model]: Target 1 updated | association_distance=0.03 m | raw=(-0.11, 3.88, 0.00) | smoothed=(-0.13, 3.89, 0.00) | velocity=(0.10, -0.04, 0.00) m/s | speed=0.11 m/s | net=0.02 m | straightness=0.23 | direction=0.00 | state=STATIONARY | detections=326
[INFO] [1790212178.863006087] [sage_semantic_world_model]: Target 1 updated | association_distance=0.02 m | raw=(-0.11, 3.88, 0.00) | smoothed=(-0.12, 3.89, 0.00) | velocity=(0.07, -0.03, 0.00) m/s | speed=0.08 m/s | net=0.04 m | straightness=0.54 | direction=0.00 | state=STATIONARY | detections=327
[INFO] [1790212178.966768504] [sage_semantic_world_model]: Target 1 updated | association_distance=0.04 m | raw=(-0.09, 3.88, 0.00) | smoothed=(-0.12, 3.88, 0.00) | velocity=(0.07, -0.02, 0.00) m/s | speed=0.07 m/s | net=0.07 m | straightness=0.99 | direction=0.00 | state=STATIONARY | detections=328
[INFO] [1790212179.068025830] [sage_semantic_world_model]: Target 1 updated | association_distance=0.03 m | raw=(-0.09, 3.88, 0.00) | smoothed=(-0.11, 3.88, 0.00) | velocity=(0.07, -0.01, 0.00) m/s | speed=0.07 m/s | net=0.07 m | straightness=0.99 | direction=0.00 | state=STATIONARY | detections=329
[INFO] [1790212179.162871607] [sage_semantic_world_model]: Target 1 updated | association_distance=0.02 m | raw=(-0.09, 3.88, 0.00) | smoothed=(-0.10, 3.88, 0.00) | velocity=(0.06, -0.01, 0.00) m/s | speed=0.07 m/s | net=0.07 m | straightness=0.99 | direction=0.00 | state=STATIONARY | detections=330
[INFO] [1790212179.267277610] [sage_semantic_world_model]: Target 1 updated | association_distance=0.02 m | raw=(-0.09, 3.88, 0.00) | smoothed=(-0.10, 3.88, 0.00) | velocity=(0.06, -0.01, 0.00) m/s | speed=0.06 m/s | net=0.07 m | straightness=0.99 | direction=0.00 | state=STATIONARY | detections=331
[INFO] [1790212179.363031548] [sage_semantic_world_model]: Target 1 updated | association_distance=0.11 m | raw=(-0.21, 3.91, 0.00) | smoothed=(-0.13, 3.89, 0.00) | velocity=(-0.03, 0.01, 0.00) m/s | speed=0.03 m/s | net=0.03 m | straightness=0.33 | direction=0.00 | state=STATIONARY | detections=332
[INFO] [1790212179.465897246] [sage_semantic_world_model]: Target 1 updated | association_distance=0.08 m | raw=(-0.21, 3.91, 0.00) | smoothed=(-0.15, 3.89, 0.00) | velocity=(-0.10, 0.03, 0.00) m/s | speed=0.10 m/s | net=0.00 m | straightness=0.05 | direction=0.00 | state=STATIONARY | detections=333
[INFO] [1790212179.565456400] [sage_semantic_world_model]: Target 1 updated | association_distance=0.18 m | raw=(-0.32, 3.94, 0.00) | smoothed=(-0.19, 3.91, 0.00) | velocity=(-0.22, 0.06, 0.00) m/s | speed=0.23 m/s | net=0.06 m | straightness=0.44 | direction=0.00 | state=STATIONARY | detections=334
[INFO] [1790212179.667755594] [sage_semantic_world_model]: Target 1 updated | association_distance=0.14 m | raw=(-0.32, 3.94, 0.00) | smoothed=(-0.22, 3.91, 0.00) | velocity=(-0.31, 0.08, 0.00) m/s | speed=0.32 m/s | net=0.10 m | straightness=0.62 | direction=0.00 | state=STATIONARY | detections=335
[INFO] [1790212179.772959824] [sage_semantic_world_model]: Target 1 updated | association_distance=0.10 m | raw=(-0.32, 3.94, 0.00) | smoothed=(-0.25, 3.92, 0.00) | velocity=(-0.30, 0.08, 0.00) m/s | speed=0.31 m/s | net=0.13 m | straightness=0.72 | direction=0.00 | state=STATIONARY | detections=336
[INFO] [1790212179.863928718] [sage_semantic_world_model]: Target 1 updated | association_distance=0.16 m | raw=(-0.39, 3.99, 0.00) | smoothed=(-0.28, 3.94, 0.00) | velocity=(-0.34, 0.11, 0.00) m/s | speed=0.36 m/s | net=0.18 m | straightness=0.85 | direction=0.00 | state=STATIONARY | detections=337
[INFO] [1790212179.969435677] [sage_semantic_world_model]: Target 1 updated | association_distance=0.12 m | raw=(-0.39, 3.99, 0.00) | smoothed=(-0.31, 3.95, 0.00) | velocity=(-0.30, 0.11, 0.00) m/s | speed=0.32 m/s | net=0.21 m | straightness=0.92 | direction=0.00 | state=STATIONARY | detections=338
[INFO] [1790212180.069558560] [sage_semantic_world_model]: Target 1 updated | association_distance=0.15 m | raw=(-0.44, 4.03, 0.00) | smoothed=(-0.34, 3.97, 0.00) | velocity=(-0.30, 0.14, 0.00) m/s | speed=0.33 m/s | net=0.26 m | straightness=0.96 | direction=0.00 | state=STATIONARY | detections=339
[INFO] [1790212180.174936941] [sage_semantic_world_model]: Target 1 updated | association_distance=0.11 m | raw=(-0.44, 4.03, 0.00) | smoothed=(-0.37, 3.99, 0.00) | velocity=(-0.29, 0.16, 0.00) m/s | speed=0.33 m/s | net=0.29 m | straightness=0.99 | direction=0.00 | state=STATIONARY | detections=340
[INFO] [1790212180.266844776] [sage_semantic_world_model]: Target 1 updated | association_distance=0.08 m | raw=(-0.44, 4.03, 0.00) | smoothed=(-0.39, 4.00, 0.00) | velocity=(-0.25, 0.14, 0.00) m/s | speed=0.29 m/s | net=0.28 m | straightness=0.99 | direction=0.00 | state=STATIONARY | detections=341
[INFO] [1790212180.363217582] [sage_semantic_world_model]: Target 1 updated | association_distance=0.06 m | raw=(-0.44, 4.03, 0.00) | smoothed=(-0.40, 4.00, 0.00) | velocity=(-0.22, 0.13, 0.00) m/s | speed=0.26 m/s | net=0.27 m | straightness=0.99 | direction=0.00 | state=STATIONARY | detections=342
[INFO] [1790212180.465003709] [sage_semantic_world_model]: Target 1 updated | association_distance=0.05 m | raw=(-0.44, 4.03, 0.00) | smoothed=(-0.41, 4.01, 0.00) | velocity=(-0.17, 0.10, 0.00) m/s | speed=0.19 m/s | net=0.24 m | straightness=0.99 | direction=0.00 | state=STATIONARY | detections=343
[INFO] [1790212180.564314878] [sage_semantic_world_model]: Target 1 updated | association_distance=0.12 m | raw=(-0.31, 3.94, 0.00) | smoothed=(-0.39, 3.99, 0.00) | velocity=(-0.05, 0.02, 0.00) m/s | speed=0.05 m/s | net=0.18 m | straightness=0.75 | direction=0.00 | state=STATIONARY | detections=344
[INFO] [1790212180.668776245] [sage_semantic_world_model]: Target 1 updated | association_distance=0.09 m | raw=(-0.31, 3.94, 0.00) | smoothed=(-0.37, 3.98, 0.00) | velocity=(0.04, -0.04, 0.00) m/s | speed=0.06 m/s | net=0.13 m | straightness=0.57 | direction=0.00 | state=STATIONARY | detections=345
[INFO] [1790212180.767174129] [sage_semantic_world_model]: Target 1 updated | association_distance=0.07 m | raw=(-0.31, 3.94, 0.00) | smoothed=(-0.35, 3.97, 0.00) | velocity=(0.11, -0.08, 0.00) m/s | speed=0.14 m/s | net=0.08 m | straightness=0.37 | direction=0.00 | state=STATIONARY | detections=346
[INFO] [1790212180.864891380] [sage_semantic_world_model]: Target 1 updated | association_distance=0.05 m | raw=(-0.31, 3.94, 0.00) | smoothed=(-0.34, 3.96, 0.00) | velocity=(0.16, -0.12, 0.00) m/s | speed=0.20 m/s | net=0.04 m | straightness=0.19 | direction=0.00 | state=STATIONARY | detections=347
[INFO] [1790212182.564912880] [sage_semantic_world_model]: Target 1 updated | association_distance=1.98 m | raw=(-1.07, 5.81, 0.00) | smoothed=(-0.53, 4.42, 0.00) | velocity=(-0.07, 0.22, 0.00) m/s | speed=0.23 m/s | net=0.49 m | straightness=0.75 | direction=0.00 | state=STATIONARY | detections=348
[INFO] [1790212182.663127248] [sage_semantic_world_model]: Target 1 updated | association_distance=1.49 m | raw=(-1.07, 5.81, 0.00) | smoothed=(-0.66, 4.77, 0.00) | velocity=(-0.15, 0.39, 0.00) m/s | speed=0.42 m/s | net=0.84 m | straightness=0.84 | direction=0.56 | state=STATIONARY | detections=349
[INFO] [1790212182.762514619] [sage_semantic_world_model]: Target 1 updated | association_distance=1.11 m | raw=(-1.07, 5.81, 0.00) | smoothed=(-0.76, 5.03, 0.00) | velocity=(-0.21, 0.53, 0.00) m/s | speed=0.57 m/s | net=1.10 m | straightness=0.88 | direction=0.56 | state=STATIONARY | detections=350
[INFO] [1790212182.862150043] [sage_semantic_world_model]: Target 1 updated | association_distance=0.25 m | raw=(-0.60, 4.83, 0.00) | smoothed=(-0.72, 4.98, 0.00) | velocity=(-0.19, 0.51, 0.00) m/s | speed=0.54 m/s | net=1.03 m | straightness=0.79 | direction=0.44 | state=STATIONARY | detections=351
[INFO] [1790212182.971818795] [sage_semantic_world_model]: Target 1 updated | association_distance=0.19 m | raw=(-0.60, 4.83, 0.00) | smoothed=(-0.69, 4.94, 0.00) | velocity=(-0.42, 1.30, 0.00) m/s | speed=1.36 m/s | net=0.98 m | straightness=0.73 | direction=0.33 | state=STATIONARY | detections=352
[INFO] [1790212183.063503076] [sage_semantic_world_model]: Target 1 updated | association_distance=0.14 m | raw=(-0.60, 4.83, 0.00) | smoothed=(-0.67, 4.92, 0.00) | velocity=(-0.02, 0.37, 0.00) m/s | speed=0.37 m/s | net=0.97 m | straightness=0.72 | direction=0.33 | state=STATIONARY | detections=353
[INFO] [1790212183.167059234] [sage_semantic_world_model]: Target 1 updated | association_distance=0.11 m | raw=(-0.60, 4.83, 0.00) | smoothed=(-0.65, 4.89, 0.00) | velocity=(0.28, -0.34, 0.00) m/s | speed=0.43 m/s | net=0.96 m | straightness=0.71 | direction=0.33 | state=STATIONARY | detections=354
[INFO] [1790212183.262795746] [sage_semantic_world_model]: Target 1 updated | association_distance=0.08 m | raw=(-0.60, 4.83, 0.00) | smoothed=(-0.64, 4.88, 0.00) | velocity=(0.21, -0.25, 0.00) m/s | speed=0.33 m/s | net=0.95 m | straightness=0.71 | direction=0.33 | state=STATIONARY | detections=355
[INFO] [1790212183.364486097] [sage_semantic_world_model]: Target 1 updated | association_distance=0.06 m | raw=(-0.60, 4.83, 0.00) | smoothed=(-0.63, 4.87, 0.00) | velocity=(0.15, -0.19, 0.00) m/s | speed=0.24 m/s | net=0.95 m | straightness=0.70 | direction=0.33 | state=STATIONARY | detections=356
[INFO] [1790212184.065723549] [sage_semantic_world_model]: Target 1 updated | association_distance=0.96 m | raw=(-0.26, 3.99, 0.00) | smoothed=(-0.54, 4.65, 0.00) | velocity=(0.13, -0.27, 0.00) m/s | speed=0.30 m/s | net=0.22 m | straightness=0.20 | direction=0.00 | state=STATIONARY | detections=357
[INFO] [1790212184.165283226] [sage_semantic_world_model]: Target 1 updated | association_distance=0.72 m | raw=(-0.26, 3.99, 0.00) | smoothed=(-0.47, 4.48, 0.00) | velocity=(0.19, -0.41, 0.00) m/s | speed=0.45 m/s | net=0.35 m | straightness=0.38 | direction=0.00 | state=STATIONARY | detections=358
[INFO] [1790212184.271730312] [sage_semantic_world_model]: Target 1 updated | association_distance=0.54 m | raw=(-0.26, 3.99, 0.00) | smoothed=(-0.42, 4.36, 0.00) | velocity=(0.22, -0.52, 0.00) m/s | speed=0.57 m/s | net=0.76 m | straightness=0.99 | direction=1.00 | state=STATIONARY | detections=359
[INFO] [1790212184.366616330] [sage_semantic_world_model]: Target 1 updated | association_distance=0.40 m | raw=(-0.26, 3.99, 0.00) | smoothed=(-0.38, 4.26, 0.00) | velocity=(0.25, -0.60, 0.00) m/s | speed=0.65 m/s | net=0.79 m | straightness=0.99 | direction=1.00 | state=STATIONARY | detections=360
[INFO] [1790212184.470715756] [sage_semantic_world_model]: Target 2 updated | association_distance=1.41 m | raw=(-8.17, 8.22, 0.00) | smoothed=(-7.16, 7.88, 0.00) | velocity=(-0.01, 0.00, 0.00) m/s | speed=0.01 m/s | net=0.40 m | straightness=1.00 | direction=0.00 | state=STATIONARY | detections=16
[INFO] [1790212184.565284210] [sage_semantic_world_model]: Target 2 updated | association_distance=1.06 m | raw=(-8.17, 8.22, 0.00) | smoothed=(-7.41, 7.97, 0.00) | velocity=(-0.02, 0.01, 0.00) m/s | speed=0.02 m/s | net=0.65 m | straightness=1.00 | direction=1.00 | state=STATIONARY | detections=17
[INFO] [1790212184.675033366] [sage_semantic_world_model]: Target 2 updated | association_distance=0.79 m | raw=(-8.17, 8.22, 0.00) | smoothed=(-7.60, 8.03, 0.00) | velocity=(-0.02, 0.01, 0.00) m/s | speed=0.02 m/s | net=0.84 m | straightness=1.00 | direction=1.00 | state=STATIONARY | detections=18
[INFO] [1790212184.768966970] [sage_semantic_world_model]: Target 2 updated | association_distance=0.60 m | raw=(-8.17, 8.22, 0.00) | smoothed=(-7.74, 8.08, 0.00) | velocity=(-0.03, 0.01, 0.00) m/s | speed=0.03 m/s | net=0.98 m | straightness=1.00 | direction=1.00 | state=STATIONARY | detections=19
[INFO] [1790212184.864881796] [sage_semantic_world_model]: Target 2 updated | association_distance=0.45 m | raw=(-8.17, 8.22, 0.00) | smoothed=(-7.85, 8.12, 0.00) | velocity=(-1.72, 0.58, 0.00) m/s | speed=1.82 m/s | net=1.09 m | straightness=1.00 | direction=1.00 | state=STATIONARY | detections=20
[INFO] [1790212187.065301253] [sage_semantic_world_model]: NEW TARGET | id=3 | class=person | position=(-5.28, 7.52, 0.00) | state=STATIONARY
[INFO] [1790212187.163103088] [sage_semantic_world_model]: Target 3 updated | association_distance=0.00 m | raw=(-5.28, 7.52, 0.00) | smoothed=(-5.28, 7.52, 0.00) | velocity=(0.00, 0.00, 0.00) m/s | speed=0.00 m/s | net=0.00 m | straightness=0.00 | direction=0.00 | state=STATIONARY | detections=2
[INFO] [1790212187.264882967] [sage_semantic_world_model]: Target 3 updated | association_distance=0.00 m | raw=(-5.28, 7.52, 0.00) | smoothed=(-5.28, 7.52, 0.00) | velocity=(0.00, 0.00, 0.00) m/s | speed=0.00 m/s | net=0.00 m | straightness=0.00 | direction=0.00 | state=STATIONARY | detections=3
[INFO] [1790212187.377544078] [sage_semantic_world_model]: Target 3 updated | association_distance=0.47 m | raw=(-5.69, 7.29, 0.00) | smoothed=(-5.38, 7.46, 0.00) | velocity=(0.00, 0.00, 0.00) m/s | speed=0.00 m/s | net=0.00 m | straightness=0.00 | direction=0.00 | state=STATIONARY | detections=4
[INFO] [1790212187.469594394] [sage_semantic_world_model]: Target 3 updated | association_distance=0.35 m | raw=(-5.69, 7.29, 0.00) | smoothed=(-5.46, 7.42, 0.00) | velocity=(-0.45, -0.25, 0.00) m/s | speed=0.51 m/s | net=0.00 m | straightness=0.00 | direction=0.00 | state=STATIONARY | detections=5
[INFO] [1790212187.560908921] [sage_semantic_world_model]: Target 3 updated | association_distance=0.26 m | raw=(-5.69, 7.29, 0.00) | smoothed=(-5.52, 7.39, 0.00) | velocity=(-0.59, -0.33, 0.00) m/s | speed=0.68 m/s | net=0.00 m | straightness=0.00 | direction=0.00 | state=STATIONARY | detections=6
[INFO] [1790212193.770108249] [sage_semantic_world_model]: Target 3 updated | association_distance=0.41 m | raw=(-5.85, 7.62, 0.00) | smoothed=(-5.60, 7.45, 0.00) | velocity=(-0.05, -0.01, 0.00) m/s | speed=0.05 m/s | net=0.00 m | straightness=0.00 | direction=0.00 | state=STATIONARY | detections=7
[INFO] [1790212193.872539350] [sage_semantic_world_model]: Target 3 updated | association_distance=0.30 m | raw=(-5.85, 7.62, 0.00) | smoothed=(-5.66, 7.49, 0.00) | velocity=(-0.04, 0.00, 0.00) m/s | speed=0.04 m/s | net=0.00 m | straightness=0.00 | direction=0.00 | state=STATIONARY | detections=8
[INFO] [1790212193.970462569] [sage_semantic_world_model]: Target 3 updated | association_distance=0.23 m | raw=(-5.85, 7.62, 0.00) | smoothed=(-5.71, 7.52, 0.00) | velocity=(-0.04, 0.02, 0.00) m/s | speed=0.04 m/s | net=0.00 m | straightness=0.00 | direction=0.00 | state=STATIONARY | detections=9
[INFO] [1790212194.069665955] [sage_semantic_world_model]: Target 3 updated | association_distance=0.54 m | raw=(-6.23, 7.37, 0.00) | smoothed=(-5.84, 7.49, 0.00) | velocity=(-0.05, 0.01, 0.00) m/s | speed=0.05 m/s | net=0.56 m | straightness=0.87 | direction=1.00 | state=STATIONARY | detections=10
[INFO] [1790212194.163682186] [sage_semantic_world_model]: Target 3 updated | association_distance=0.41 m | raw=(-6.23, 7.37, 0.00) | smoothed=(-5.94, 7.46, 0.00) | velocity=(-0.84, 0.02, 0.00) m/s | speed=0.84 m/s | net=0.66 m | straightness=0.89 | direction=1.00 | state=STATIONARY | detections=11
[INFO] [1790212194.265877407] [sage_semantic_world_model]: Target 3 updated | association_distance=0.31 m | raw=(-6.23, 7.37, 0.00) | smoothed=(-6.01, 7.44, 0.00) | velocity=(-0.87, -0.14, 0.00) m/s | speed=0.88 m/s | net=0.73 m | straightness=0.90 | direction=1.00 | state=STATIONARY | detections=12
[INFO] [1790212195.662337119] [sage_semantic_world_model]: Target 3 updated | association_distance=0.62 m | raw=(-5.40, 7.34, 0.00) | smoothed=(-5.86, 7.41, 0.00) | velocity=(-0.09, -0.07, 0.00) m/s | speed=0.11 m/s | net=0.48 m | straightness=0.56 | direction=0.00 | state=STATIONARY | detections=13
[INFO] [1790212195.769863813] [sage_semantic_world_model]: Target 3 updated | association_distance=0.46 m | raw=(-5.40, 7.34, 0.00) | smoothed=(-5.75, 7.39, 0.00) | velocity=(0.06, -0.06, 0.00) m/s | speed=0.08 m/s | net=0.29 m | straightness=0.32 | direction=0.00 | state=STATIONARY | detections=14
[INFO] [1790212195.869837939] [sage_semantic_world_model]: Target 3 updated | association_distance=0.35 m | raw=(-5.40, 7.34, 0.00) | smoothed=(-5.66, 7.38, 0.00) | velocity=(0.16, -0.05, 0.00) m/s | speed=0.17 m/s | net=0.14 m | straightness=0.16 | direction=0.00 | state=STATIONARY | detections=15
[INFO] [1790212195.965231434] [sage_semantic_world_model]: Target 3 updated | association_distance=0.30 m | raw=(-5.81, 7.12, 0.00) | smoothed=(-5.70, 7.31, 0.00) | velocity=(0.18, -0.07, 0.00) m/s | speed=0.20 m/s | net=0.17 m | straightness=0.19 | direction=0.00 | state=STATIONARY | detections=16
[INFO] [1790212196.064934768] [sage_semantic_world_model]: Target 3 updated | association_distance=0.22 m | raw=(-5.81, 7.12, 0.00) | smoothed=(-5.73, 7.27, 0.00) | velocity=(0.33, -0.36, 0.00) m/s | speed=0.48 m/s | net=0.23 m | straightness=0.27 | direction=0.00 | state=STATIONARY | detections=17
[INFO] [1790212196.172183456] [sage_semantic_world_model]: Target 3 updated | association_distance=0.14 m | raw=(-5.86, 7.22, 0.00) | smoothed=(-5.76, 7.26, 0.00) | velocity=(-0.04, -0.34, 0.00) m/s | speed=0.34 m/s | net=0.27 m | straightness=0.33 | direction=0.00 | state=STATIONARY | detections=18
[INFO] [1790212196.278746313] [sage_semantic_world_model]: Target 3 updated | association_distance=0.10 m | raw=(-5.86, 7.22, 0.00) | smoothed=(-5.79, 7.25, 0.00) | velocity=(-0.32, -0.33, 0.00) m/s | speed=0.46 m/s | net=0.24 m | straightness=0.34 | direction=0.00 | state=STATIONARY | detections=19
[INFO] [1790212196.375206695] [sage_semantic_world_model]: Target 3 updated | association_distance=0.08 m | raw=(-5.86, 7.22, 0.00) | smoothed=(-5.80, 7.24, 0.00) | velocity=(-0.26, -0.18, 0.00) m/s | speed=0.32 m/s | net=0.25 m | straightness=0.40 | direction=0.00 | state=STATIONARY | detections=20
[INFO] [1790212196.467976797] [sage_semantic_world_model]: Target 3 updated | association_distance=0.06 m | raw=(-5.86, 7.22, 0.00) | smoothed=(-5.82, 7.24, 0.00) | velocity=(-0.22, -0.08, 0.00) m/s | speed=0.24 m/s | net=0.28 m | straightness=0.48 | direction=0.00 | state=STATIONARY | detections=21
[INFO] [1790212196.569691337] [sage_semantic_world_model]: Target 3 updated | association_distance=0.04 m | raw=(-5.86, 7.22, 0.00) | smoothed=(-5.83, 7.23, 0.00) | velocity=(-0.17, -0.06, 0.00) m/s | speed=0.18 m/s | net=0.18 m | straightness=0.41 | direction=0.00 | state=STATIONARY | detections=22
[INFO] [1790212196.669681857] [sage_semantic_world_model]: Target 3 updated | association_distance=0.03 m | raw=(-5.86, 7.22, 0.00) | smoothed=(-5.84, 7.23, 0.00) | velocity=(-0.13, -0.04, 0.00) m/s | speed=0.13 m/s | net=0.18 m | straightness=0.56 | direction=0.00 | state=STATIONARY | detections=23
[INFO] [1790212197.465398963] [sage_semantic_world_model]: NEW TARGET | id=4 | class=person | position=(6.01, -6.83, 0.00) | state=STATIONARY
[INFO] [1790212197.574332890] [sage_semantic_world_model]: Target 4 updated | association_distance=0.00 m | raw=(6.01, -6.83, 0.00) | smoothed=(6.01, -6.83, 0.00) | velocity=(0.00, 0.00, 0.00) m/s | speed=0.00 m/s | net=0.00 m | straightness=0.00 | direction=0.00 | state=STATIONARY | detections=2
[INFO] [1790212197.662587640] [sage_semantic_world_model]: Target 4 updated | association_distance=0.00 m | raw=(6.01, -6.83, 0.00) | smoothed=(6.01, -6.83, 0.00) | velocity=(0.00, 0.00, 0.00) m/s | speed=0.00 m/s | net=0.00 m | straightness=0.00 | direction=0.00 | state=STATIONARY | detections=3
[INFO] [1790212197.768157980] [sage_semantic_world_model]: Target 4 updated | association_distance=0.00 m | raw=(6.01, -6.83, 0.00) | smoothed=(6.01, -6.83, 0.00) | velocity=(0.00, 0.00, 0.00) m/s | speed=0.00 m/s | net=0.00 m | straightness=0.00 | direction=0.00 | state=STATIONARY | detections=4
[INFO] [1790212197.874271535] [sage_semantic_world_model]: Target 4 updated | association_distance=0.00 m | raw=(6.01, -6.83, 0.00) | smoothed=(6.01, -6.83, 0.00) | velocity=(0.00, 0.00, 0.00) m/s | speed=0.00 m/s | net=0.00 m | straightness=0.00 | direction=0.00 | state=STATIONARY | detections=5
[INFO] [1790212197.972818322] [sage_semantic_world_model]: Target 4 updated | association_distance=0.00 m | raw=(6.01, -6.83, 0.00) | smoothed=(6.01, -6.83, 0.00) | velocity=(0.00, 0.00, 0.00) m/s | speed=0.00 m/s | net=0.00 m | straightness=0.00 | direction=0.00 | state=STATIONARY | detections=6
[INFO] [1790212198.069258551] [sage_semantic_world_model]: Target 4 updated | association_distance=0.00 m | raw=(6.01, -6.83, 0.00) | smoothed=(6.01, -6.83, 0.00) | velocity=(0.00, 0.00, 0.00) m/s | speed=0.00 m/s | net=0.00 m | straightness=0.00 | direction=0.00 | state=STATIONARY | detections=7
[INFO] [1790212198.164539451] [sage_semantic_world_model]: Target 4 updated | association_distance=0.00 m | raw=(6.01, -6.83, 0.00) | smoothed=(6.01, -6.83, 0.00) | velocity=(0.00, 0.00, 0.00) m/s | speed=0.00 m/s | net=0.00 m | straightness=0.00 | direction=0.00 | state=STATIONARY | detections=8
[INFO] [1790212198.263654747] [sage_semantic_world_model]: Target 3 updated | association_distance=0.03 m | raw=(-5.84, 7.26, 0.00) | smoothed=(-5.84, 7.24, 0.00) | velocity=(-0.02, -0.00, 0.00) m/s | speed=0.02 m/s | net=0.23 m | straightness=0.90 | direction=0.00 | state=STATIONARY | detections=24
[INFO] [1790212198.363433670] [sage_semantic_world_model]: Target 3 updated | association_distance=0.02 m | raw=(-5.84, 7.26, 0.00) | smoothed=(-5.84, 7.24, 0.00) | velocity=(-0.01, 0.00, 0.00) m/s | speed=0.01 m/s | net=0.16 m | straightness=0.86 | direction=0.00 | state=STATIONARY | detections=25
[INFO] [1790212204.263410286] [sage_semantic_world_model]: Target 3 updated | association_distance=0.37 m | raw=(-5.82, 6.88, 0.00) | smoothed=(-5.83, 7.15, 0.00) | velocity=(-0.00, -0.01, 0.00) m/s | speed=0.01 m/s | net=0.16 m | straightness=0.72 | direction=0.00 | state=STATIONARY | detections=26
[INFO] [1790212204.363059006] [sage_semantic_world_model]: Target 3 updated | association_distance=0.28 m | raw=(-5.82, 6.88, 0.00) | smoothed=(-5.83, 7.08, 0.00) | velocity=(0.00, -0.02, 0.00) m/s | speed=0.02 m/s | net=0.19 m | straightness=0.74 | direction=0.00 | state=STATIONARY | detections=27
[INFO] [1790212204.481391012] [sage_semantic_world_model]: Target 3 updated | association_distance=0.21 m | raw=(-5.82, 6.88, 0.00) | smoothed=(-5.83, 7.03, 0.00) | velocity=(0.00, -0.03, 0.00) m/s | speed=0.03 m/s | net=0.22 m | straightness=0.79 | direction=0.00 | state=STATIONARY | detections=28
[INFO] [1790212205.868990522] [sage_semantic_world_model]: Target 3 updated | association_distance=0.09 m | raw=(-5.78, 6.96, 0.00) | smoothed=(-5.82, 7.01, 0.00) | velocity=(0.00, -0.03, 0.00) m/s | speed=0.03 m/s | net=0.23 m | straightness=0.82 | direction=0.00 | state=STATIONARY | detections=29
[INFO] [1790212205.963579126] [sage_semantic_world_model]: Target 3 updated | association_distance=0.07 m | raw=(-5.78, 6.96, 0.00) | smoothed=(-5.81, 7.00, 0.00) | velocity=(0.02, -0.09, 0.00) m/s | speed=0.09 m/s | net=0.24 m | straightness=0.84 | direction=0.00 | state=STATIONARY | detections=30
[INFO] [1790212206.065712997] [sage_semantic_world_model]: Target 4 updated | association_distance=0.43 m | raw=(5.61, -6.69, 0.00) | smoothed=(5.91, -6.80, 0.00) | velocity=(-0.01, 0.00, 0.00) m/s | speed=0.01 m/s | net=0.00 m | straightness=0.00 | direction=0.00 | state=STATIONARY | detections=9
[INFO] [1790212206.161638153] [sage_semantic_world_model]: Target 4 updated | association_distance=0.32 m | raw=(5.61, -6.69, 0.00) | smoothed=(5.83, -6.77, 0.00) | velocity=(-0.02, 0.01, 0.00) m/s | speed=0.02 m/s | net=0.19 m | straightness=1.00 | direction=0.00 | state=STATIONARY | detections=10
[INFO] [1790212206.276435814] [sage_semantic_world_model]: Target 4 updated | association_distance=0.24 m | raw=(5.61, -6.69, 0.00) | smoothed=(5.78, -6.75, 0.00) | velocity=(-0.03, 0.01, 0.00) m/s | speed=0.03 m/s | net=0.25 m | straightness=1.00 | direction=0.00 | state=STATIONARY | detections=11
[INFO] [1790212206.366149151] [sage_semantic_world_model]: Target 4 updated | association_distance=0.18 m | raw=(5.61, -6.69, 0.00) | smoothed=(5.74, -6.73, 0.00) | velocity=(-0.03, 0.01, 0.00) m/s | speed=0.04 m/s | net=0.29 m | straightness=1.00 | direction=0.00 | state=STATIONARY | detections=12
[INFO] [1790212206.465051985] [sage_semantic_world_model]: Target 4 updated | association_distance=0.13 m | raw=(5.61, -6.69, 0.00) | smoothed=(5.70, -6.72, 0.00) | velocity=(-0.51, 0.19, 0.00) m/s | speed=0.55 m/s | net=0.32 m | straightness=1.00 | direction=0.00 | state=STATIONARY | detections=13
[INFO] [1790212206.563787327] [sage_semantic_world_model]: Target 4 updated | association_distance=0.10 m | raw=(5.61, -6.69, 0.00) | smoothed=(5.68, -6.71, 0.00) | velocity=(-0.38, 0.14, 0.00) m/s | speed=0.41 m/s | net=0.35 m | straightness=1.00 | direction=0.00 | state=STATIONARY | detections=14
[INFO] [1790212206.662731219] [sage_semantic_world_model]: Target 4 updated | association_distance=0.08 m | raw=(5.61, -6.69, 0.00) | smoothed=(5.66, -6.71, 0.00) | velocity=(-0.29, 0.11, 0.00) m/s | speed=0.31 m/s | net=0.37 m | straightness=1.00 | direction=0.00 | state=STATIONARY | detections=15
[INFO] [1790212206.762833628] [sage_semantic_world_model]: Target 4 updated | association_distance=0.06 m | raw=(5.61, -6.69, 0.00) | smoothed=(5.65, -6.70, 0.00) | velocity=(-0.22, 0.08, 0.00) m/s | speed=0.23 m/s | net=0.38 m | straightness=1.00 | direction=0.00 | state=STATIONARY | detections=16
[INFO] [1790212206.864509943] [sage_semantic_world_model]: Target 4 updated | association_distance=0.04 m | raw=(5.61, -6.69, 0.00) | smoothed=(5.64, -6.70, 0.00) | velocity=(-0.16, 0.06, 0.00) m/s | speed=0.17 m/s | net=0.39 m | straightness=1.00 | direction=0.00 | state=STATIONARY | detections=17
[INFO] [1790212206.966585366] [sage_semantic_world_model]: Target 4 updated | association_distance=0.03 m | raw=(5.61, -6.69, 0.00) | smoothed=(5.63, -6.70, 0.00) | velocity=(-0.12, 0.04, 0.00) m/s | speed=0.13 m/s | net=0.30 m | straightness=1.00 | direction=0.00 | state=STATIONARY | detections=18
[INFO] [1790212207.063530670] [sage_semantic_world_model]: Target 3 updated | association_distance=0.62 m | raw=(-5.31, 6.63, 0.00) | smoothed=(-5.68, 6.91, 0.00) | velocity=(0.05, -0.07, 0.00) m/s | speed=0.08 m/s | net=0.36 m | straightness=0.84 | direction=0.00 | state=STATIONARY | detections=31
[INFO] [1790212207.173413828] [sage_semantic_world_model]: Target 3 updated | association_distance=0.46 m | raw=(-5.31, 6.63, 0.00) | smoothed=(-5.59, 6.84, 0.00) | velocity=(0.09, -0.07, 0.00) m/s | speed=0.11 m/s | net=0.46 m | straightness=0.87 | direction=0.00 | state=STATIONARY | detections=32
[INFO] [1790212217.363889269] [sage_semantic_world_model]: Target 3 updated | association_distance=0.78 m | raw=(-5.72, 7.60, 0.00) | smoothed=(-5.62, 7.03, 0.00) | velocity=(0.02, 0.00, 0.00) m/s | speed=0.02 m/s | net=0.30 m | straightness=0.42 | direction=0.00 | state=STATIONARY | detections=33
[INFO] [1790212217.463591588] [sage_semantic_world_model]: Target 3 updated | association_distance=0.58 m | raw=(-5.72, 7.60, 0.00) | smoothed=(-5.65, 7.17, 0.00) | velocity=(0.01, 0.02, 0.00) m/s | speed=0.02 m/s | net=0.20 m | straightness=0.24 | direction=0.00 | state=STATIONARY | detections=34
[INFO] [1790212219.161969095] [sage_semantic_world_model]: Target 3 updated | association_distance=0.49 m | raw=(-5.46, 7.63, 0.00) | smoothed=(-5.60, 7.29, 0.00) | velocity=(0.01, 0.03, 0.00) m/s | speed=0.03 m/s | net=0.27 m | straightness=0.30 | direction=0.00 | state=STATIONARY | detections=35
[INFO] [1790212219.263879932] [sage_semantic_world_model]: Target 3 updated | association_distance=0.37 m | raw=(-5.46, 7.63, 0.00) | smoothed=(-5.57, 7.37, 0.00) | velocity=(0.00, 0.04, 0.00) m/s | speed=0.04 m/s | net=0.39 m | straightness=0.43 | direction=0.00 | state=STATIONARY | detections=36
[INFO] [1790212219.366928332] [sage_semantic_world_model]: Target 3 updated | association_distance=0.28 m | raw=(-5.46, 7.63, 0.00) | smoothed=(-5.54, 7.44, 0.00) | velocity=(0.04, 0.20, 0.00) m/s | speed=0.21 m/s | net=0.50 m | straightness=0.53 | direction=0.00 | state=STATIONARY | detections=37
[INFO] [1790212219.465019030] [sage_semantic_world_model]: Target 3 updated | association_distance=0.48 m | raw=(-6.00, 7.29, 0.00) | smoothed=(-5.65, 7.40, 0.00) | velocity=(-0.00, 0.11, 0.00) m/s | speed=0.11 m/s | net=0.42 m | straightness=0.41 | direction=0.00 | state=STATIONARY | detections=38
[INFO] [1790212219.566940832] [sage_semantic_world_model]: Target 3 updated | association_distance=0.36 m | raw=(-6.00, 7.29, 0.00) | smoothed=(-5.74, 7.37, 0.00) | velocity=(-0.35, 0.21, 0.00) m/s | speed=0.41 m/s | net=0.38 m | straightness=0.34 | direction=0.00 | state=STATIONARY | detections=39
[INFO] [1790212219.670990079] [sage_semantic_world_model]: Target 3 updated | association_distance=0.31 m | raw=(-5.91, 7.11, 0.00) | smoothed=(-5.78, 7.31, 0.00) | velocity=(-0.54, -0.16, 0.00) m/s | speed=0.56 m/s | net=0.41 m | straightness=0.40 | direction=0.00 | state=STATIONARY | detections=40
[INFO] [1790212219.768392712] [sage_semantic_world_model]: Target 3 updated | association_distance=0.23 m | raw=(-5.91, 7.11, 0.00) | smoothed=(-5.82, 7.26, 0.00) | velocity=(-0.69, -0.44, 0.00) m/s | speed=0.82 m/s | net=0.48 m | straightness=0.49 | direction=0.00 | state=STATIONARY | detections=41
[INFO] [1790212219.869949561] [sage_semantic_world_model]: Target 3 updated | association_distance=0.17 m | raw=(-5.91, 7.11, 0.00) | smoothed=(-5.84, 7.22, 0.00) | velocity=(-0.46, -0.44, 0.00) m/s | speed=0.64 m/s | net=0.29 m | straightness=0.35 | direction=0.00 | state=STATIONARY | detections=42
[INFO] [1790212220.963840701] [sage_semantic_world_model]: Target 3 updated | association_distance=0.10 m | raw=(-5.79, 7.31, 0.00) | smoothed=(-5.83, 7.24, 0.00) | velocity=(-0.06, -0.09, 0.00) m/s | speed=0.11 m/s | net=0.20 m | straightness=0.28 | direction=0.00 | state=STATIONARY | detections=43
[INFO] [1790212221.073516445] [sage_semantic_world_model]: Target 3 updated | association_distance=0.08 m | raw=(-5.79, 7.31, 0.00) | smoothed=(-5.82, 7.26, 0.00) | velocity=(-0.03, -0.03, 0.00) m/s | speed=0.04 m/s | net=0.22 m | straightness=0.37 | direction=0.00 | state=STATIONARY | detections=44
[INFO] [1790212221.164762966] [sage_semantic_world_model]: Target 3 updated | association_distance=0.06 m | raw=(-5.79, 7.31, 0.00) | smoothed=(-5.81, 7.27, 0.00) | velocity=(0.00, 0.01, 0.00) m/s | speed=0.01 m/s | net=0.27 m | straightness=0.51 | direction=0.00 | state=STATIONARY | detections=45
[INFO] [1790212221.263535901] [sage_semantic_world_model]: Target 3 updated | association_distance=0.07 m | raw=(-5.88, 7.26, 0.00) | smoothed=(-5.83, 7.27, 0.00) | velocity=(0.01, 0.03, 0.00) m/s | speed=0.03 m/s | net=0.34 m | straightness=0.72 | direction=0.00 | state=STATIONARY | detections=46
[INFO] [1790212221.373440528] [sage_semantic_world_model]: Target 3 updated | association_distance=0.05 m | raw=(-5.88, 7.26, 0.00) | smoothed=(-5.84, 7.27, 0.00) | velocity=(-0.04, 0.05, 0.00) m/s | speed=0.07 m/s | net=0.23 m | straightness=0.64 | direction=0.00 | state=STATIONARY | detections=47
[INFO] [1790212221.475991080] [sage_semantic_world_model]: Target 3 updated | association_distance=0.04 m | raw=(-5.88, 7.26, 0.00) | smoothed=(-5.85, 7.26, 0.00) | velocity=(-0.08, 0.01, 0.00) m/s | speed=0.08 m/s | net=0.16 m | straightness=0.56 | direction=0.00 | state=STATIONARY | detections=48
[INFO] [1790212221.566531603] [sage_semantic_world_model]: Target 3 updated | association_distance=0.03 m | raw=(-5.88, 7.26, 0.00) | smoothed=(-5.86, 7.26, 0.00) | velocity=(-0.12, -0.03, 0.00) m/s | speed=0.12 m/s | net=0.09 m | straightness=0.43 | direction=0.00 | state=STATIONARY | detections=49
[INFO] [1790212221.670293978] [sage_semantic_world_model]: Target 3 updated | association_distance=0.05 m | raw=(-5.82, 7.23, 0.00) | smoothed=(-5.85, 7.26, 0.00) | velocity=(-0.05, -0.04, 0.00) m/s | speed=0.06 m/s | net=0.04 m | straightness=0.22 | direction=0.00 | state=STATIONARY | detections=50
[INFO] [1790212221.767318937] [sage_semantic_world_model]: Target 3 updated | association_distance=0.04 m | raw=(-5.82, 7.23, 0.00) | smoothed=(-5.84, 7.25, 0.00) | velocity=(-0.00, -0.04, 0.00) m/s | speed=0.04 m/s | net=0.03 m | straightness=0.22 | direction=0.00 | state=STATIONARY | detections=51
[INFO] [1790212221.869221753] [sage_semantic_world_model]: Target 3 updated | association_distance=0.19 m | raw=(-5.66, 7.32, 0.00) | smoothed=(-5.80, 7.27, 0.00) | velocity=(0.14, 0.01, 0.00) m/s | speed=0.14 m/s | net=0.04 m | straightness=0.25 | direction=0.00 | state=STATIONARY | detections=52
[INFO] [1790212221.971432630] [sage_semantic_world_model]: Target 3 updated | association_distance=0.15 m | raw=(-5.66, 7.32, 0.00) | smoothed=(-5.76, 7.28, 0.00) | velocity=(0.24, 0.05, 0.00) m/s | speed=0.24 m/s | net=0.06 m | straightness=0.34 | direction=0.00 | state=STATIONARY | detections=53
[INFO] [1790212225.363411940] [sage_semantic_world_model]: Target 1 updated | association_distance=1.34 m | raw=(0.80, 3.62, 0.00) | smoothed=(-0.08, 4.10, 0.00) | velocity=(0.01, -0.01, 0.00) m/s | speed=0.02 m/s | net=1.04 m | straightness=0.95 | direction=1.00 | state=STATIONARY | detections=361
[INFO] [1790212225.466896838] [sage_semantic_world_model]: Target 1 updated | association_distance=1.01 m | raw=(0.80, 3.62, 0.00) | smoothed=(0.14, 3.98, 0.00) | velocity=(0.01, -0.01, 0.00) m/s | speed=0.02 m/s | net=1.23 m | straightness=0.95 | direction=1.00 | state=STATIONARY | detections=362
[INFO] [1790212225.567379158] [sage_semantic_world_model]: Target 1 updated | association_distance=0.75 m | raw=(0.80, 3.62, 0.00) | smoothed=(0.30, 3.89, 0.00) | velocity=(0.02, -0.01, 0.00) m/s | speed=0.02 m/s | net=1.39 m | straightness=0.95 | direction=1.00 | state=STATIONARY | detections=363
[INFO] [1790212225.667384557] [sage_semantic_world_model]: Target 1 updated | association_distance=0.57 m | raw=(0.80, 3.62, 0.00) | smoothed=(0.43, 3.82, 0.00) | velocity=(0.02, -0.01, 0.00) m/s | speed=0.02 m/s | net=1.50 m | straightness=0.95 | direction=1.00 | state=STATIONARY | detections=364
[INFO] [1790212225.769634645] [sage_semantic_world_model]: Target 1 updated | association_distance=0.42 m | raw=(0.80, 3.62, 0.00) | smoothed=(0.52, 3.77, 0.00) | velocity=(1.51, -0.83, 0.00) m/s | speed=1.72 m/s | net=1.59 m | straightness=0.95 | direction=1.00 | state=STATIONARY | detections=365
[INFO] [1790212225.860846611] [sage_semantic_world_model]: Target 1 updated | association_distance=0.32 m | raw=(0.80, 3.62, 0.00) | smoothed=(0.59, 3.73, 0.00) | velocity=(1.13, -0.62, 0.00) m/s | speed=1.29 m/s | net=1.45 m | straightness=0.96 | direction=1.00 | state=STATIONARY | detections=366
[INFO] [1790212225.971209029] [sage_semantic_world_model]: Target 1 updated | association_distance=0.24 m | raw=(0.80, 3.62, 0.00) | smoothed=(0.64, 3.71, 0.00) | velocity=(0.85, -0.47, 0.00) m/s | speed=0.97 m/s | net=1.35 m | straightness=0.97 | direction=1.00 | state=STATIONARY | detections=367
[INFO] [1790212226.062348235] [sage_semantic_world_model]: Target 1 updated | association_distance=0.18 m | raw=(0.80, 3.62, 0.00) | smoothed=(0.68, 3.68, 0.00) | velocity=(0.63, -0.35, 0.00) m/s | speed=0.72 m/s | net=1.29 m | straightness=0.98 | direction=1.00 | state=STATIONARY | detections=368
[INFO] [1790212226.165505870] [sage_semantic_world_model]: Target 1 updated | association_distance=0.13 m | raw=(0.80, 3.62, 0.00) | smoothed=(0.71, 3.67, 0.00) | velocity=(0.47, -0.26, 0.00) m/s | speed=0.54 m/s | net=1.24 m | straightness=1.00 | direction=1.00 | state=STATIONARY | detections=369
[INFO] [1790212227.480575107] [sage_semantic_world_model]: Target 1 updated | association_distance=0.54 m | raw=(1.25, 3.70, 0.00) | smoothed=(0.84, 3.68, 0.00) | velocity=(0.16, -0.04, 0.00) m/s | speed=0.16 m/s | net=1.02 m | straightness=0.98 | direction=1.00 | state=STATIONARY | detections=370
[INFO] [1790212227.565695998] [sage_semantic_world_model]: Target 1 updated | association_distance=0.41 m | raw=(1.25, 3.70, 0.00) | smoothed=(0.94, 3.68, 0.00) | velocity=(0.19, -0.02, 0.00) m/s | speed=0.19 m/s | net=0.86 m | straightness=0.97 | direction=1.00 | state=STATIONARY | detections=371
[INFO] [1790212227.661211339] [sage_semantic_world_model]: Target 1 confirmed MOVING | net=0.75 m | avg_speed=0.36 m/s | straightness=0.96 | direction=1.00
[INFO] [1790212227.664054884] [sage_semantic_world_model]: Target 1 updated | association_distance=0.30 m | raw=(1.25, 3.70, 0.00) | smoothed=(1.02, 3.68, 0.00) | velocity=(0.21, 0.00, 0.00) m/s | speed=0.21 m/s | net=0.75 m | straightness=0.96 | direction=1.00 | state=MOVING | detections=372
[INFO] [1790212227.765272797] [sage_semantic_world_model]: Target 1 updated | association_distance=0.23 m | raw=(1.25, 3.70, 0.00) | smoothed=(1.08, 3.69, 0.00) | velocity=(0.23, 0.01, 0.00) m/s | speed=0.23 m/s | net=0.67 m | straightness=0.96 | direction=1.00 | state=MOVING | detections=373
[INFO] [1790212227.864142226] [sage_semantic_world_model]: Target 3 updated | association_distance=0.19 m | raw=(-5.82, 7.10, 0.00) | smoothed=(-5.78, 7.24, 0.00) | velocity=(0.01, -0.00, 0.00) m/s | speed=0.01 m/s | net=0.05 m | straightness=0.26 | direction=0.00 | state=STATIONARY | detections=54
[INFO] [1790212227.964312008] [sage_semantic_world_model]: Target 3 updated | association_distance=0.14 m | raw=(-5.82, 7.10, 0.00) | smoothed=(-5.79, 7.20, 0.00) | velocity=(0.01, -0.01, 0.00) m/s | speed=0.01 m/s | net=0.08 m | straightness=0.37 | direction=0.00 | state=STATIONARY | detections=55
[INFO] [1790212229.581053756] [sage_semantic_world_model]: Target 3 updated | association_distance=0.18 m | raw=(-5.91, 7.07, 0.00) | smoothed=(-5.82, 7.17, 0.00) | velocity=(-0.00, -0.01, 0.00) m/s | speed=0.01 m/s | net=0.10 m | straightness=0.40 | direction=0.00 | state=STATIONARY | detections=56
[INFO] [1790212229.665328494] [sage_semantic_world_model]: Target 3 updated | association_distance=0.13 m | raw=(-5.91, 7.07, 0.00) | smoothed=(-5.84, 7.15, 0.00) | velocity=(-0.01, -0.02, 0.00) m/s | speed=0.02 m/s | net=0.12 m | straightness=0.44 | direction=0.00 | state=STATIONARY | detections=57
[INFO] [1790212229.764304100] [sage_semantic_world_model]: Target 3 updated | association_distance=0.10 m | raw=(-5.91, 7.07, 0.00) | smoothed=(-5.86, 7.13, 0.00) | velocity=(-0.04, -0.06, 0.00) m/s | speed=0.07 m/s | net=0.14 m | straightness=0.47 | direction=0.00 | state=STATIONARY | detections=58
[INFO] [1790212229.871059571] [sage_semantic_world_model]: Target 4 updated | association_distance=0.54 m | raw=(6.05, -7.03, 0.00) | smoothed=(5.74, -6.78, 0.00) | velocity=(0.00, -0.00, 0.00) m/s | speed=0.00 m/s | net=0.10 m | straightness=0.28 | direction=0.00 | state=STATIONARY | detections=19
[INFO] [1790212229.974867805] [sage_semantic_world_model]: Target 4 updated | association_distance=0.40 m | raw=(6.05, -7.03, 0.00) | smoothed=(5.82, -6.84, 0.00) | velocity=(0.01, -0.01, 0.00) m/s | speed=0.01 m/s | net=0.10 m | straightness=0.25 | direction=0.00 | state=STATIONARY | detections=20
[INFO] [1790212230.072033957] [sage_semantic_world_model]: Target 4 updated | association_distance=0.30 m | raw=(6.05, -7.03, 0.00) | smoothed=(5.88, -6.89, 0.00) | velocity=(0.01, -0.01, 0.00) m/s | speed=0.01 m/s | net=0.21 m | straightness=0.49 | direction=0.00 | state=STATIONARY | detections=21
[INFO] [1790212230.166692315] [sage_semantic_world_model]: Target 4 updated | association_distance=0.23 m | raw=(6.05, -7.03, 0.00) | smoothed=(5.92, -6.92, 0.00) | velocity=(0.01, -0.01, 0.00) m/s | speed=0.02 m/s | net=0.29 m | straightness=0.66 | direction=0.00 | state=STATIONARY | detections=22
[INFO] [1790212230.268917344] [sage_semantic_world_model]: Target 3 updated | association_distance=0.18 m | raw=(-5.68, 7.11, 0.00) | smoothed=(-5.81, 7.12, 0.00) | velocity=(-0.01, -0.04, 0.00) m/s | speed=0.04 m/s | net=0.14 m | straightness=0.43 | direction=0.00 | state=STATIONARY | detections=59
[INFO] [1790212230.366201613] [sage_semantic_world_model]: Target 3 updated | association_distance=0.14 m | raw=(-5.68, 7.11, 0.00) | smoothed=(-5.78, 7.12, 0.00) | velocity=(0.05, -0.06, 0.00) m/s | speed=0.08 m/s | net=0.15 m | straightness=0.42 | direction=0.00 | state=STATIONARY | detections=60
[INFO] [1790212230.464812200] [sage_semantic_world_model]: Target 3 updated | association_distance=0.10 m | raw=(-5.68, 7.11, 0.00) | smoothed=(-5.75, 7.12, 0.00) | velocity=(0.11, -0.04, 0.00) m/s | speed=0.11 m/s | net=0.16 m | straightness=0.49 | direction=0.00 | state=STATIONARY | detections=61
[INFO] [1790212230.566841219] [sage_semantic_world_model]: Target 3 updated | association_distance=0.08 m | raw=(-5.68, 7.11, 0.00) | smoothed=(-5.73, 7.11, 0.00) | velocity=(0.15, -0.02, 0.00) m/s | speed=0.16 m/s | net=0.17 m | straightness=0.55 | direction=0.00 | state=STATIONARY | detections=62
[INFO] [1790212230.664237786] [sage_semantic_world_model]: Target 3 updated | association_distance=0.06 m | raw=(-5.68, 7.11, 0.00) | smoothed=(-5.72, 7.11, 0.00) | velocity=(0.23, -0.03, 0.00) m/s | speed=0.23 m/s | net=0.14 m | straightness=0.50 | direction=0.00 | state=STATIONARY | detections=63
[INFO] [1790212230.766787176] [sage_semantic_world_model]: Target 3 updated | association_distance=0.61 m | raw=(-6.27, 7.37, 0.00) | smoothed=(-5.86, 7.18, 0.00) | velocity=(-0.20, 0.14, 0.00) m/s | speed=0.24 m/s | net=0.07 m | straightness=0.19 | direction=0.00 | state=STATIONARY | detections=64
[INFO] [1790212230.865821106] [sage_semantic_world_model]: Target 3 updated | association_distance=0.46 m | raw=(-6.27, 7.37, 0.00) | smoothed=(-5.96, 7.22, 0.00) | velocity=(-0.52, 0.27, 0.00) m/s | speed=0.59 m/s | net=0.15 m | straightness=0.33 | direction=0.00 | state=STATIONARY | detections=65
[INFO] [1790212230.964895354] [sage_semantic_world_model]: Target 3 updated | association_distance=0.33 m | raw=(-5.86, 7.54, 0.00) | smoothed=(-5.94, 7.30, 0.00) | velocity=(-0.50, 0.48, 0.00) m/s | speed=0.69 m/s | net=0.19 m | straightness=0.36 | direction=0.00 | state=STATIONARY | detections=66
[INFO] [1790212231.062907526] [sage_semantic_world_model]: Target 3 updated | association_distance=0.25 m | raw=(-5.86, 7.54, 0.00) | smoothed=(-5.92, 7.36, 0.00) | velocity=(-0.49, 0.63, 0.00) m/s | speed=0.80 m/s | net=0.24 m | straightness=0.44 | direction=0.00 | state=STATIONARY | detections=67
[INFO] [1790212231.165551294] [sage_semantic_world_model]: Target 3 updated | association_distance=0.19 m | raw=(-5.86, 7.54, 0.00) | smoothed=(-5.90, 7.41, 0.00) | velocity=(-0.11, 0.58, 0.00) m/s | speed=0.59 m/s | net=0.30 m | straightness=0.55 | direction=0.00 | state=STATIONARY | detections=68
[INFO] [1790212231.279377717] [sage_semantic_world_model]: Target 3 updated | association_distance=0.86 m | raw=(-5.06, 7.59, 0.00) | smoothed=(-5.69, 7.45, 0.00) | velocity=(0.67, 0.57, 0.00) m/s | speed=0.88 m/s | net=0.35 m | straightness=0.47 | direction=0.00 | state=STATIONARY | detections=69
[INFO] [1790212231.376151685] [sage_semantic_world_model]: Target 3 updated | association_distance=0.65 m | raw=(-5.06, 7.59, 0.00) | smoothed=(-5.53, 7.49, 0.00) | velocity=(1.00, 0.46, 0.00) m/s | speed=1.10 m/s | net=0.43 m | straightness=0.50 | direction=0.00 | state=STATIONARY | detections=70
[INFO] [1790212231.465163577] [sage_semantic_world_model]: Target 3 updated | association_distance=0.49 m | raw=(-5.06, 7.59, 0.00) | smoothed=(-5.41, 7.51, 0.00) | velocity=(1.26, 0.37, 0.00) m/s | speed=1.31 m/s | net=0.51 m | straightness=0.53 | direction=0.78 | state=STATIONARY | detections=71
[INFO] [1790212231.565854680] [sage_semantic_world_model]: Target 3 updated | association_distance=0.36 m | raw=(-5.06, 7.59, 0.00) | smoothed=(-5.33, 7.53, 0.00) | velocity=(1.44, 0.31, 0.00) m/s | speed=1.47 m/s | net=0.58 m | straightness=0.55 | direction=0.78 | state=STATIONARY | detections=72
[INFO] [1790212238.877416487] [sage_semantic_world_model]: Target 3 updated | association_distance=1.29 m | raw=(-6.57, 7.89, 0.00) | smoothed=(-5.64, 7.62, 0.00) | velocity=(0.01, 0.02, 0.00) m/s | speed=0.02 m/s | net=0.50 m | straightness=0.41 | direction=0.00 | state=STATIONARY | detections=73
[INFO] [1790212238.965422065] [sage_semantic_world_model]: Target 3 updated | association_distance=0.97 m | raw=(-6.57, 7.89, 0.00) | smoothed=(-5.87, 7.69, 0.00) | velocity=(-0.04, 0.03, 0.00) m/s | speed=0.05 m/s | net=0.47 m | straightness=0.35 | direction=0.00 | state=STATIONARY | detections=74
[INFO] [1790212239.065185052] [sage_semantic_world_model]: Target 3 updated | association_distance=0.73 m | raw=(-6.57, 7.89, 0.00) | smoothed=(-6.04, 7.74, 0.00) | velocity=(-0.08, 0.03, 0.00) m/s | speed=0.09 m/s | net=0.45 m | straightness=0.31 | direction=0.00 | state=STATIONARY | detections=75
[INFO] [1790212239.168186470] [sage_semantic_world_model]: Target 3 updated | association_distance=0.35 m | raw=(-6.38, 7.67, 0.00) | smoothed=(-6.13, 7.72, 0.00) | velocity=(-0.11, 0.02, 0.00) m/s | speed=0.11 m/s | net=0.42 m | straightness=0.28 | direction=0.00 | state=STATIONARY | detections=76
[INFO] [1790212239.264554078] [sage_semantic_world_model]: Target 3 updated | association_distance=0.26 m | raw=(-6.38, 7.67, 0.00) | smoothed=(-6.19, 7.71, 0.00) | velocity=(-1.42, 0.22, 0.00) m/s | speed=1.43 m/s | net=0.42 m | straightness=0.28 | direction=0.00 | state=STATIONARY | detections=77
[INFO] [1790212239.373382774] [sage_semantic_world_model]: Target 3 updated | association_distance=0.20 m | raw=(-6.38, 7.67, 0.00) | smoothed=(-6.24, 7.70, 0.00) | velocity=(-0.92, 0.03, 0.00) m/s | speed=0.92 m/s | net=0.60 m | straightness=0.45 | direction=0.67 | state=STATIONARY | detections=78
[INFO] [1790212239.481026435] [sage_semantic_world_model]: Target 3 updated | association_distance=0.17 m | raw=(-6.31, 7.55, 0.00) | smoothed=(-6.26, 7.66, 0.00) | velocity=(-0.54, -0.19, 0.00) m/s | speed=0.57 m/s | net=0.75 m | straightness=0.62 | direction=0.67 | state=STATIONARY | detections=79
[INFO] [1790212239.572466136] [sage_semantic_world_model]: Target 3 updated | association_distance=0.12 m | raw=(-6.31, 7.55, 0.00) | smoothed=(-6.27, 7.63, 0.00) | velocity=(-0.36, -0.22, 0.00) m/s | speed=0.42 m/s | net=0.87 m | straightness=0.78 | direction=0.67 | state=STATIONARY | detections=80
[INFO] [1790212239.666115667] [sage_semantic_world_model]: Target 3 updated | association_distance=0.46 m | raw=(-6.26, 7.18, 0.00) | smoothed=(-6.27, 7.52, 0.00) | velocity=(-0.19, -0.47, 0.00) m/s | speed=0.51 m/s | net=0.94 m | straightness=0.83 | direction=0.67 | state=STATIONARY | detections=81
[INFO] [1790212239.770525714] [sage_semantic_world_model]: Target 3 updated | association_distance=0.34 m | raw=(-6.26, 7.18, 0.00) | smoothed=(-6.27, 7.44, 0.00) | velocity=(-0.07, -0.66, 0.00) m/s | speed=0.66 m/s | net=0.66 m | straightness=0.73 | direction=0.78 | state=STATIONARY | detections=82
[INFO] [1790212241.468898061] [sage_semantic_world_model]: Target 4 updated | association_distance=1.17 m | raw=(6.81, -7.68, 0.00) | smoothed=(6.14, -7.11, 0.00) | velocity=(0.03, -0.03, 0.00) m/s | speed=0.05 m/s | net=0.61 m | straightness=0.86 | direction=0.56 | state=STATIONARY | detections=23
[INFO] [1790212241.563702865] [sage_semantic_world_model]: Target 4 updated | association_distance=0.88 m | raw=(6.81, -7.68, 0.00) | smoothed=(6.31, -7.26, 0.00) | velocity=(0.04, -0.04, 0.00) m/s | speed=0.06 m/s | net=0.85 m | straightness=0.93 | direction=0.67 | state=STATIONARY | detections=24
[INFO] [1790212241.664954777] [sage_semantic_world_model]: Target 4 updated | association_distance=0.66 m | raw=(6.81, -7.68, 0.00) | smoothed=(6.43, -7.36, 0.00) | velocity=(0.05, -0.04, 0.00) m/s | speed=0.06 m/s | net=1.02 m | straightness=0.97 | direction=0.78 | state=STATIONARY | detections=25
[INFO] [1790212241.771204838] [sage_semantic_world_model]: Target 4 updated | association_distance=0.49 m | raw=(6.81, -7.68, 0.00) | smoothed=(6.53, -7.44, 0.00) | velocity=(0.05, -0.04, 0.00) m/s | speed=0.07 m/s | net=1.16 m | straightness=0.99 | direction=0.89 | state=STATIONARY | detections=26
[INFO] [1790212241.875990268] [sage_semantic_world_model]: Target 4 updated | association_distance=0.37 m | raw=(6.81, -7.68, 0.00) | smoothed=(6.60, -7.50, 0.00) | velocity=(1.14, -0.97, 0.00) m/s | speed=1.50 m/s | net=1.26 m | straightness=1.00 | direction=1.00 | state=STATIONARY | detections=27
[INFO] [1790212241.963493850] [sage_semantic_world_model]: Target 4 updated | association_distance=0.28 m | raw=(6.81, -7.68, 0.00) | smoothed=(6.65, -7.55, 0.00) | velocity=(0.85, -0.73, 0.00) m/s | speed=1.12 m/s | net=1.19 m | straightness=1.00 | direction=1.00 | state=STATIONARY | detections=28
[INFO] [1790212242.062741473] [sage_semantic_world_model]: Target 1 updated | association_distance=1.20 m | raw=(0.28, 4.59, 0.00) | smoothed=(0.88, 3.91, 0.00) | velocity=(0.00, 0.02, 0.00) m/s | speed=0.02 m/s | net=0.39 m | straightness=0.44 | direction=0.00 | state=MOVING | detections=374
[INFO] [1790212242.171425695] [sage_semantic_world_model]: Target 1 updated | association_distance=0.90 m | raw=(0.28, 4.59, 0.00) | smoothed=(0.73, 4.08, 0.00) | velocity=(-0.01, 0.03, 0.00) m/s | speed=0.03 m/s | net=0.37 m | straightness=0.36 | direction=0.00 | state=MOVING | detections=375
[INFO] [1790212242.262834546] [sage_semantic_world_model]: Target 1 updated | association_distance=0.68 m | raw=(0.28, 4.59, 0.00) | smoothed=(0.62, 4.21, 0.00) | velocity=(-0.03, 0.04, 0.00) m/s | speed=0.05 m/s | net=0.50 m | straightness=0.44 | direction=0.33 | state=MOVING | detections=376
[INFO] [1790212242.366720735] [sage_semantic_world_model]: Target 1 updated | association_distance=0.51 m | raw=(0.28, 4.59, 0.00) | smoothed=(0.53, 4.30, 0.00) | velocity=(-0.04, 0.04, 0.00) m/s | speed=0.06 m/s | net=0.63 m | straightness=0.52 | direction=0.44 | state=MOVING | detections=377
[INFO] [1790212242.466864520] [sage_semantic_world_model]: Target 1 updated | association_distance=0.38 m | raw=(0.28, 4.59, 0.00) | smoothed=(0.47, 4.37, 0.00) | velocity=(-1.01, 1.14, 0.00) m/s | speed=1.53 m/s | net=0.74 m | straightness=0.58 | direction=0.56 | state=MOVING | detections=378
[INFO] [1790212242.564975481] [sage_semantic_world_model]: Target 1 updated | association_distance=0.28 m | raw=(0.28, 4.59, 0.00) | smoothed=(0.42, 4.43, 0.00) | velocity=(-0.77, 0.87, 0.00) m/s | speed=1.16 m/s | net=0.86 m | straightness=0.70 | direction=0.67 | state=MOVING | detections=379
[INFO] [1790212242.665546163] [sage_semantic_world_model]: Target 1 updated | association_distance=0.21 m | raw=(0.28, 4.59, 0.00) | smoothed=(0.39, 4.47, 0.00) | velocity=(-0.57, 0.65, 0.00) m/s | speed=0.86 m/s | net=0.96 m | straightness=0.82 | direction=0.78 | state=MOVING | detections=380
[INFO] [1790212245.567746644] [sage_semantic_world_model]: Target 3 updated | association_distance=1.98 m | raw=(-5.19, 5.77, 0.00) | smoothed=(-6.00, 7.02, 0.00) | velocity=(0.04, -0.11, 0.00) m/s | speed=0.11 m/s | net=0.68 m | straightness=0.59 | direction=0.56 | state=STATIONARY | detections=83
[INFO] [1790212245.668116366] [sage_semantic_world_model]: Target 3 updated | association_distance=1.49 m | raw=(-5.19, 5.77, 0.00) | smoothed=(-5.80, 6.71, 0.00) | velocity=(0.08, -0.15, 0.00) m/s | speed=0.17 m/s | net=1.06 m | straightness=0.79 | direction=0.67 | state=STATIONARY | detections=84
[INFO] [1790212245.762941812] [sage_semantic_world_model]: Target 3 updated | association_distance=0.71 m | raw=(-5.28, 6.22, 0.00) | smoothed=(-5.67, 6.59, 0.00) | velocity=(0.10, -0.15, 0.00) m/s | speed=0.18 m/s | net=1.23 m | straightness=0.86 | direction=0.78 | state=STATIONARY | detections=85
[INFO] [1790212245.865154699] [sage_semantic_world_model]: Target 3 updated | association_distance=0.53 m | raw=(-5.28, 6.22, 0.00) | smoothed=(-5.57, 6.49, 0.00) | velocity=(0.11, -0.15, 0.00) m/s | speed=0.19 m/s | net=1.37 m | straightness=0.91 | direction=0.89 | state=STATIONARY | detections=86
[INFO] [1790212245.965749309] [sage_semantic_world_model]: Target 3 updated | association_distance=0.14 m | raw=(-5.55, 6.64, 0.00) | smoothed=(-5.56, 6.53, 0.00) | velocity=(1.09, -1.23, 0.00) m/s | speed=1.64 m/s | net=1.35 m | straightness=0.91 | direction=0.89 | state=STATIONARY | detections=87
[INFO] [1790212246.066628676] [sage_semantic_world_model]: Target 3 updated | association_distance=0.11 m | raw=(-5.55, 6.64, 0.00) | smoothed=(-5.56, 6.56, 0.00) | velocity=(0.59, -0.37, 0.00) m/s | speed=0.70 m/s | net=1.31 m | straightness=0.89 | direction=0.78 | state=STATIONARY | detections=88
[INFO] [1790212246.165443571] [sage_semantic_world_model]: Target 3 updated | association_distance=0.08 m | raw=(-5.55, 6.64, 0.00) | smoothed=(-5.56, 6.58, 0.00) | velocity=(0.27, -0.02, 0.00) m/s | speed=0.27 m/s | net=1.28 m | straightness=0.87 | direction=0.67 | state=STATIONARY | detections=89
[INFO] [1790212246.267908128] [sage_semantic_world_model]: Target 3 updated | association_distance=0.18 m | raw=(-5.56, 6.76, 0.00) | smoothed=(-5.56, 6.62, 0.00) | velocity=(0.02, 0.32, 0.00) m/s | speed=0.32 m/s | net=1.14 m | straightness=0.82 | direction=0.56 | state=STATIONARY | detections=90
[INFO] [1790212246.367351146] [sage_semantic_world_model]: Target 3 updated | association_distance=0.14 m | raw=(-5.56, 6.76, 0.00) | smoothed=(-5.56, 6.66, 0.00) | velocity=(0.01, 0.31, 0.00) m/s | speed=0.31 m/s | net=1.05 m | straightness=0.78 | direction=0.44 | state=STATIONARY | detections=91
[INFO] [1790212246.465715768] [sage_semantic_world_model]: Target 3 updated | association_distance=0.10 m | raw=(-5.56, 6.76, 0.00) | smoothed=(-5.56, 6.68, 0.00) | velocity=(-0.00, 0.31, 0.00) m/s | speed=0.31 m/s | net=0.55 m | straightness=0.63 | direction=0.33 | state=STATIONARY | detections=92
[INFO] [1790212246.565782456] [sage_semantic_world_model]: Target 3 updated | association_distance=0.16 m | raw=(-5.58, 6.84, 0.00) | smoothed=(-5.57, 6.72, 0.00) | velocity=(-0.02, 0.36, 0.00) m/s | speed=0.36 m/s | net=0.23 m | straightness=0.43 | direction=0.00 | state=STATIONARY | detections=93
[INFO] [1790212246.664827979] [sage_semantic_world_model]: Target 3 updated | association_distance=0.12 m | raw=(-5.58, 6.84, 0.00) | smoothed=(-5.57, 6.75, 0.00) | velocity=(-0.02, 0.33, 0.00) m/s | speed=0.33 m/s | net=0.19 m | straightness=0.49 | direction=0.00 | state=STATIONARY | detections=94
[INFO] [1790212246.771495640] [sage_semantic_world_model]: Target 3 updated | association_distance=0.09 m | raw=(-5.58, 6.84, 0.00) | smoothed=(-5.57, 6.77, 0.00) | velocity=(-0.02, 0.30, 0.00) m/s | speed=0.30 m/s | net=0.28 m | straightness=1.00 | direction=0.00 | state=STATIONARY | detections=95
[INFO] [1790212246.865140135] [sage_semantic_world_model]: Target 3 updated | association_distance=0.03 m | raw=(-5.60, 6.78, 0.00) | smoothed=(-5.58, 6.78, 0.00) | velocity=(-0.04, 0.24, 0.00) m/s | speed=0.24 m/s | net=0.25 m | straightness=0.98 | direction=0.00 | state=STATIONARY | detections=96
[INFO] [1790212246.969579972] [sage_semantic_world_model]: Target 3 updated | association_distance=0.02 m | raw=(-5.60, 6.78, 0.00) | smoothed=(-5.58, 6.78, 0.00) | velocity=(-0.04, 0.14, 0.00) m/s | speed=0.14 m/s | net=0.22 m | straightness=0.96 | direction=0.00 | state=STATIONARY | detections=97
[INFO] [1790212247.065835907] [sage_semantic_world_model]: Target 3 updated | association_distance=0.02 m | raw=(-5.60, 6.78, 0.00) | smoothed=(-5.59, 6.78, 0.00) | velocity=(-0.04, 0.06, 0.00) m/s | speed=0.08 m/s | net=0.20 m | straightness=0.95 | direction=0.00 | state=STATIONARY | detections=98
[INFO] [1790212247.163396116] [sage_semantic_world_model]: Target 3 updated | association_distance=0.01 m | raw=(-5.60, 6.78, 0.00) | smoothed=(-5.59, 6.78, 0.00) | velocity=(-0.05, 0.01, 0.00) m/s | speed=0.05 m/s | net=0.16 m | straightness=0.92 | direction=0.00 | state=STATIONARY | detections=99
[INFO] [1790212247.264756931] [sage_semantic_world_model]: Target 3 updated | association_distance=0.05 m | raw=(-5.61, 6.73, 0.00) | smoothed=(-5.59, 6.77, 0.00) | velocity=(-0.04, -0.03, 0.00) m/s | speed=0.05 m/s | net=0.11 m | straightness=0.75 | direction=0.00 | state=STATIONARY | detections=100
[INFO] [1790212247.375466184] [sage_semantic_world_model]: Target 3 updated | association_distance=0.04 m | raw=(-5.61, 6.73, 0.00) | smoothed=(-5.60, 6.76, 0.00) | velocity=(-0.03, -0.05, 0.00) m/s | speed=0.06 m/s | net=0.08 m | straightness=0.60 | direction=0.00 | state=STATIONARY | detections=101
[INFO] [1790212247.477424542] [sage_semantic_world_model]: Target 3 updated | association_distance=0.03 m | raw=(-5.61, 6.73, 0.00) | smoothed=(-5.60, 6.75, 0.00) | velocity=(-0.03, -0.07, 0.00) m/s | speed=0.08 m/s | net=0.04 m | straightness=0.41 | direction=0.00 | state=STATIONARY | detections=102
[INFO] [1790212247.573113482] [sage_semantic_world_model]: Target 3 updated | association_distance=0.02 m | raw=(-5.61, 6.73, 0.00) | smoothed=(-5.60, 6.74, 0.00) | velocity=(-0.03, -0.09, 0.00) m/s | speed=0.09 m/s | net=0.03 m | straightness=0.42 | direction=0.00 | state=STATIONARY | detections=103
[INFO] [1790212249.063955978] [sage_semantic_world_model]: Target 1 updated | association_distance=0.81 m | raw=(0.67, 3.71, 0.00) | smoothed=(0.46, 4.28, 0.00) | velocity=(-0.01, -0.00, 0.00) m/s | speed=0.01 m/s | net=0.82 m | straightness=0.63 | direction=0.78 | state=MOVING | detections=381
[INFO] [1790212249.173053231] [sage_semantic_world_model]: Target 1 updated | association_distance=0.61 m | raw=(0.67, 3.71, 0.00) | smoothed=(0.51, 4.13, 0.00) | velocity=(0.01, -0.04, 0.00) m/s | speed=0.04 m/s | net=0.72 m | straightness=0.52 | direction=0.78 | state=MOVING | detections=382
[INFO] [1790212249.262334783] [sage_semantic_world_model]: Target 1 updated | association_distance=0.55 m | raw=(0.91, 3.76, 0.00) | smoothed=(0.61, 4.04, 0.00) | velocity=(0.03, -0.06, 0.00) m/s | speed=0.06 m/s | net=0.30 m | straightness=0.24 | direction=0.00 | state=MOVING | detections=383
[INFO] [1790212249.362819664] [sage_semantic_world_model]: Target 1 updated | association_distance=0.41 m | raw=(0.91, 3.76, 0.00) | smoothed=(0.69, 3.97, 0.00) | velocity=(0.04, -0.07, 0.00) m/s | speed=0.09 m/s | net=0.12 m | straightness=0.11 | direction=0.00 | state=MOVING | detections=384
[INFO] [1790212249.462373127] [sage_semantic_world_model]: Target 1 updated | association_distance=0.31 m | raw=(0.91, 3.76, 0.00) | smoothed=(0.74, 3.92, 0.00) | velocity=(0.71, -0.90, 0.00) m/s | speed=1.15 m/s | net=0.32 m | straightness=0.31 | direction=0.00 | state=MOVING | detections=385
[INFO] [1790212249.564737919] [sage_semantic_world_model]: Target 1 updated | association_distance=0.23 m | raw=(0.91, 3.76, 0.00) | smoothed=(0.79, 3.88, 0.00) | velocity=(0.70, -0.65, 0.00) m/s | speed=0.95 m/s | net=0.49 m | straightness=0.52 | direction=0.00 | state=MOVING | detections=386
[INFO] [1790212250.466497298] [sage_semantic_world_model]: Target 3 updated | association_distance=0.65 m | raw=(-5.56, 7.40, 0.00) | smoothed=(-5.59, 6.91, 0.00) | velocity=(0.00, 0.04, 0.00) m/s | speed=0.04 m/s | net=0.13 m | straightness=0.61 | direction=0.00 | state=STATIONARY | detections=104
[INFO] [1790212250.566312162] [sage_semantic_world_model]: Target 3 updated | association_distance=0.49 m | raw=(-5.56, 7.40, 0.00) | smoothed=(-5.58, 7.03, 0.00) | velocity=(0.00, 0.09, 0.00) m/s | speed=0.09 m/s | net=0.25 m | straightness=0.75 | direction=0.00 | state=STATIONARY | detections=105
[INFO] [1790212250.672338244] [sage_semantic_world_model]: Target 3 updated | association_distance=0.37 m | raw=(-5.56, 7.40, 0.00) | smoothed=(-5.57, 7.12, 0.00) | velocity=(0.01, 0.12, 0.00) m/s | speed=0.12 m/s | net=0.34 m | straightness=0.81 | direction=0.00 | state=STATIONARY | detections=106
[INFO] [1790212254.767913492] [sage_semantic_world_model]: Target 3 updated | association_distance=0.81 m | raw=(-6.37, 7.23, 0.00) | smoothed=(-5.77, 7.15, 0.00) | velocity=(-0.02, 0.06, 0.00) m/s | speed=0.06 m/s | net=0.42 m | straightness=0.67 | direction=0.00 | state=STATIONARY | detections=107
[INFO] [1790212254.868162148] [sage_semantic_world_model]: Target 3 updated | association_distance=0.60 m | raw=(-6.37, 7.23, 0.00) | smoothed=(-5.92, 7.17, 0.00) | velocity=(-0.08, 0.06, 0.00) m/s | speed=0.10 m/s | net=0.51 m | straightness=0.67 | direction=0.56 | state=STATIONARY | detections=108
[INFO] [1790212254.967897751] [sage_semantic_world_model]: Target 3 updated | association_distance=0.45 m | raw=(-6.37, 7.23, 0.00) | smoothed=(-6.04, 7.18, 0.00) | velocity=(-0.10, 0.04, 0.00) m/s | speed=0.11 m/s | net=0.61 m | straightness=0.70 | direction=0.67 | state=STATIONARY | detections=109
[INFO] [1790212255.066470493] [sage_semantic_world_model]: Target 3 updated | association_distance=0.26 m | raw=(-6.22, 7.37, 0.00) | smoothed=(-6.08, 7.23, 0.00) | velocity=(-0.12, 0.02, 0.00) m/s | speed=0.12 m/s | net=0.68 m | straightness=0.74 | direction=0.78 | state=STATIONARY | detections=110
[INFO] [1790212255.170884083] [sage_semantic_world_model]: Target 3 updated | association_distance=0.20 m | raw=(-6.22, 7.37, 0.00) | smoothed=(-6.12, 7.26, 0.00) | velocity=(-0.86, 0.29, 0.00) m/s | speed=0.91 m/s | net=0.73 m | straightness=0.76 | direction=0.89 | state=STATIONARY | detections=111
[INFO] [1790212255.267813680] [sage_semantic_world_model]: Target 3 updated | association_distance=0.15 m | raw=(-6.22, 7.37, 0.00) | smoothed=(-6.14, 7.29, 0.00) | velocity=(-0.54, 0.31, 0.00) m/s | speed=0.62 m/s | net=0.77 m | straightness=0.77 | direction=1.00 | state=STATIONARY | detections=112
[INFO] [1790212255.369121112] [sage_semantic_world_model]: Target 3 updated | association_distance=0.11 m | raw=(-6.22, 7.37, 0.00) | smoothed=(-6.16, 7.31, 0.00) | velocity=(-0.31, 0.32, 0.00) m/s | speed=0.45 m/s | net=0.70 m | straightness=0.82 | direction=1.00 | state=STATIONARY | detections=113
[INFO] [1790212255.475814895] [sage_semantic_world_model]: Target 3 updated | association_distance=0.42 m | raw=(-6.45, 7.62, 0.00) | smoothed=(-6.23, 7.39, 0.00) | velocity=(-0.38, 0.39, 0.00) m/s | speed=0.55 m/s | net=0.74 m | straightness=0.89 | direction=0.89 | state=STATIONARY | detections=114
[INFO] [1790212255.565585780] [sage_semantic_world_model]: Target 3 updated | association_distance=0.32 m | raw=(-6.45, 7.62, 0.00) | smoothed=(-6.29, 7.44, 0.00) | velocity=(-0.43, 0.45, 0.00) m/s | speed=0.62 m/s | net=0.78 m | straightness=0.95 | direction=1.00 | state=STATIONARY | detections=115
[INFO] [1790212255.672734653] [sage_semantic_world_model]: Target 3 updated | association_distance=0.24 m | raw=(-6.45, 7.62, 0.00) | smoothed=(-6.33, 7.49, 0.00) | velocity=(-0.47, 0.49, 0.00) m/s | speed=0.68 m/s | net=0.65 m | straightness=0.95 | direction=1.00 | state=STATIONARY | detections=116
[INFO] [1790212255.767058264] [sage_semantic_world_model]: Target 3 updated | association_distance=0.18 m | raw=(-6.45, 7.62, 0.00) | smoothed=(-6.36, 7.52, 0.00) | velocity=(-0.49, 0.52, 0.00) m/s | speed=0.72 m/s | net=0.56 m | straightness=0.97 | direction=1.00 | state=STATIONARY | detections=117
[INFO] [1790212255.866924596] [sage_semantic_world_model]: Target 3 updated | association_distance=0.13 m | raw=(-6.45, 7.62, 0.00) | smoothed=(-6.38, 7.54, 0.00) | velocity=(-0.37, 0.39, 0.00) m/s | speed=0.54 m/s | net=0.50 m | straightness=1.00 | direction=0.00 | state=STATIONARY | detections=118
[INFO] [1790212255.971815018] [sage_semantic_world_model]: Target 3 updated | association_distance=0.10 m | raw=(-6.45, 7.62, 0.00) | smoothed=(-6.40, 7.56, 0.00) | velocity=(-0.28, 0.29, 0.00) m/s | speed=0.40 m/s | net=0.46 m | straightness=1.00 | direction=0.00 | state=STATIONARY | detections=119
[INFO] [1790212256.063465474] [sage_semantic_world_model]: Target 3 updated | association_distance=0.07 m | raw=(-6.45, 7.62, 0.00) | smoothed=(-6.41, 7.58, 0.00) | velocity=(-0.21, 0.22, 0.00) m/s | speed=0.30 m/s | net=0.43 m | straightness=1.00 | direction=0.00 | state=STATIONARY | detections=120
[INFO] [1790212256.179019583] [sage_semantic_world_model]: Target 3 updated | association_distance=0.06 m | raw=(-6.45, 7.62, 0.00) | smoothed=(-6.42, 7.59, 0.00) | velocity=(-0.16, 0.16, 0.00) m/s | speed=0.23 m/s | net=0.41 m | straightness=1.00 | direction=0.00 | state=STATIONARY | detections=121
[INFO] [1790212256.277982468] [sage_semantic_world_model]: Target 3 updated | association_distance=0.04 m | raw=(-6.45, 7.62, 0.00) | smoothed=(-6.43, 7.59, 0.00) | velocity=(-0.12, 0.12, 0.00) m/s | speed=0.17 m/s | net=0.39 m | straightness=1.00 | direction=0.00 | state=STATIONARY | detections=122
[INFO] [1790212256.367707183] [sage_semantic_world_model]: NEW TARGET | id=5 | class=person | position=(-9.11, 10.45, 0.00) | state=STATIONARY
[INFO] [1790212256.462343817] [sage_semantic_world_model]: Target 5 updated | association_distance=0.00 m | raw=(-9.11, 10.45, 0.00) | smoothed=(-9.11, 10.45, 0.00) | velocity=(0.00, 0.00, 0.00) m/s | speed=0.00 m/s | net=0.00 m | straightness=0.00 | direction=0.00 | state=STATIONARY | detections=2
[INFO] [1790212256.574211484] [sage_semantic_world_model]: Target 5 updated | association_distance=0.00 m | raw=(-9.11, 10.45, 0.00) | smoothed=(-9.11, 10.45, 0.00) | velocity=(0.00, 0.00, 0.00) m/s | speed=0.00 m/s | net=0.00 m | straightness=0.00 | direction=0.00 | state=STATIONARY | detections=3
[INFO] [1790212256.669898779] [sage_semantic_world_model]: Target 5 updated | association_distance=0.00 m | raw=(-9.11, 10.45, 0.00) | smoothed=(-9.11, 10.45, 0.00) | velocity=(0.00, 0.00, 0.00) m/s | speed=0.00 m/s | net=0.00 m | straightness=0.00 | direction=0.00 | state=STATIONARY | detections=4
[INFO] [1790212258.682321085] [sage_semantic_world_model]: Target 3 updated | association_distance=0.71 m | raw=(-5.99, 7.04, 0.00) | smoothed=(-6.32, 7.45, 0.00) | velocity=(0.03, -0.04, 0.00) m/s | speed=0.05 m/s | net=0.11 m | straightness=0.24 | direction=0.00 | state=STATIONARY | detections=123
[INFO] [1790212258.769983925] [sage_semantic_world_model]: Target 3 updated | association_distance=0.53 m | raw=(-5.99, 7.04, 0.00) | smoothed=(-6.24, 7.35, 0.00) | velocity=(0.07, -0.08, 0.00) m/s | speed=0.11 m/s | net=0.11 m | straightness=0.21 | direction=0.00 | state=STATIONARY | detections=124
[INFO] [1790212258.866008411] [sage_semantic_world_model]: Target 3 updated | association_distance=0.46 m | raw=(-5.94, 7.00, 0.00) | smoothed=(-6.16, 7.26, 0.00) | velocity=(0.10, -0.12, 0.00) m/s | speed=0.15 m/s | net=0.28 m | straightness=0.49 | direction=0.00 | state=STATIONARY | detections=125
[INFO] [1790212258.963691067] [sage_semantic_world_model]: Target 3 updated | association_distance=0.35 m | raw=(-5.94, 7.00, 0.00) | smoothed=(-6.11, 7.20, 0.00) | velocity=(0.12, -0.15, 0.00) m/s | speed=0.19 m/s | net=0.41 m | straightness=0.67 | direction=0.00 | state=STATIONARY | detections=126
[INFO] [1790212259.070262062] [sage_semantic_world_model]: Target 3 updated | association_distance=0.26 m | raw=(-5.94, 7.00, 0.00) | smoothed=(-6.06, 7.15, 0.00) | velocity=(0.64, -0.77, 0.00) m/s | speed=1.00 m/s | net=0.51 m | straightness=0.79 | direction=0.56 | state=STATIONARY | detections=127
[INFO] [1790212259.163702112] [sage_semantic_world_model]: Target 3 updated | association_distance=0.19 m | raw=(-5.94, 7.00, 0.00) | smoothed=(-6.03, 7.11, 0.00) | velocity=(0.51, -0.61, 0.00) m/s | speed=0.80 m/s | net=0.58 m | straightness=0.87 | direction=0.67 | state=STATIONARY | detections=128
[INFO] [1790212259.279640745] [sage_semantic_world_model]: Target 3 updated | association_distance=0.15 m | raw=(-5.94, 7.00, 0.00) | smoothed=(-6.01, 7.08, 0.00) | velocity=(0.37, -0.44, 0.00) m/s | speed=0.58 m/s | net=0.64 m | straightness=0.93 | direction=0.78 | state=STATIONARY | detections=129
[INFO] [1790212259.378428764] [sage_semantic_world_model]: Target 3 updated | association_distance=0.11 m | raw=(-5.94, 7.00, 0.00) | smoothed=(-5.99, 7.06, 0.00) | velocity=(0.28, -0.34, 0.00) m/s | speed=0.44 m/s | net=0.68 m | straightness=0.97 | direction=0.89 | state=STATIONARY | detections=130
[INFO] [1790212259.468831787] [sage_semantic_world_model]: Target 3 updated | association_distance=0.08 m | raw=(-5.94, 7.00, 0.00) | smoothed=(-5.98, 7.05, 0.00) | velocity=(0.21, -0.25, 0.00) m/s | speed=0.33 m/s | net=0.71 m | straightness=1.00 | direction=1.00 | state=STATIONARY | detections=131
[INFO] [1790212259.567400970] [sage_semantic_world_model]: Target 3 confirmed MOVING | net=0.55 m | avg_speed=0.61 m/s | straightness=1.00 | direction=1.00
[INFO] [1790212259.568933223] [sage_semantic_world_model]: Target 3 updated | association_distance=0.06 m | raw=(-5.94, 7.00, 0.00) | smoothed=(-5.97, 7.03, 0.00) | velocity=(0.16, -0.19, 0.00) m/s | speed=0.25 m/s | net=0.55 m | straightness=1.00 | direction=1.00 | state=MOVING | detections=132
[INFO] [1790212259.661974686] [sage_semantic_world_model]: Target 3 updated | association_distance=0.05 m | raw=(-5.94, 7.00, 0.00) | smoothed=(-5.96, 7.02, 0.00) | velocity=(0.12, -0.15, 0.00) m/s | speed=0.19 m/s | net=0.43 m | straightness=1.00 | direction=0.00 | state=MOVING | detections=133
[INFO] [1790212259.766663403] [sage_semantic_world_model]: Target 3 updated | association_distance=0.03 m | raw=(-5.94, 7.00, 0.00) | smoothed=(-5.96, 7.02, 0.00) | velocity=(0.09, -0.11, 0.00) m/s | speed=0.14 m/s | net=0.32 m | straightness=1.00 | direction=0.00 | state=MOVING | detections=134
[INFO] [1790212259.882369526] [sage_semantic_world_model]: Target 3 updated | association_distance=0.82 m | raw=(-6.54, 7.59, 0.00) | smoothed=(-6.10, 7.16, 0.00) | velocity=(-0.31, 0.29, 0.00) m/s | speed=0.43 m/s | net=0.04 m | straightness=0.08 | direction=0.00 | state=MOVING | detections=135
[INFO] [1790212259.967823081] [sage_semantic_world_model]: Target 3 updated | association_distance=0.61 m | raw=(-6.54, 7.59, 0.00) | smoothed=(-6.21, 7.27, 0.00) | velocity=(-0.61, 0.59, 0.00) m/s | speed=0.85 m/s | net=0.19 m | straightness=0.36 | direction=0.00 | state=MOVING | detections=136
[INFO] [1790212261.471156064] [sage_semantic_world_model]: Target 3 updated | association_distance=0.09 m | raw=(-6.29, 7.30, 0.00) | smoothed=(-6.23, 7.28, 0.00) | velocity=(-0.15, 0.14, 0.00) m/s | speed=0.21 m/s | net=0.26 m | straightness=0.52 | direction=0.00 | state=MOVING | detections=137
[INFO] [1790212261.576241508] [sage_semantic_world_model]: Target 3 updated | association_distance=0.06 m | raw=(-6.29, 7.30, 0.00) | smoothed=(-6.25, 7.28, 0.00) | velocity=(-0.16, 0.15, 0.00) m/s | speed=0.22 m/s | net=0.31 m | straightness=0.65 | direction=0.00 | state=MOVING | detections=138
[INFO] [1790212261.671960666] [sage_semantic_world_model]: Target 3 updated | association_distance=0.05 m | raw=(-6.29, 7.30, 0.00) | smoothed=(-6.26, 7.29, 0.00) | velocity=(-0.09, 0.07, 0.00) m/s | speed=0.11 m/s | net=0.35 m | straightness=0.75 | direction=0.00 | state=MOVING | detections=139
[INFO] [1790212262.165332733] [sage_semantic_world_model]: Target 3 updated | association_distance=0.28 m | raw=(-6.46, 7.49, 0.00) | smoothed=(-6.31, 7.34, 0.00) | velocity=(-0.04, 0.03, 0.00) m/s | speed=0.05 m/s | net=0.44 m | straightness=0.86 | direction=0.00 | state=MOVING | detections=140
[INFO] [1790212262.263946197] [sage_semantic_world_model]: Target 3 updated | association_distance=0.21 m | raw=(-6.46, 7.49, 0.00) | smoothed=(-6.34, 7.38, 0.00) | velocity=(-0.14, 0.13, 0.00) m/s | speed=0.19 m/s | net=0.51 m | straightness=0.92 | direction=0.78 | state=MOVING | detections=141
[INFO] [1790212262.372340189] [sage_semantic_world_model]: Target 3 updated | association_distance=0.13 m | raw=(-6.45, 7.46, 0.00) | smoothed=(-6.37, 7.40, 0.00) | velocity=(-0.16, 0.14, 0.00) m/s | speed=0.21 m/s | net=0.55 m | straightness=0.97 | direction=0.89 | state=MOVING | detections=142
[INFO] [1790212262.461711547] [sage_semantic_world_model]: Target 3 updated | association_distance=0.10 m | raw=(-6.45, 7.46, 0.00) | smoothed=(-6.39, 7.41, 0.00) | velocity=(-0.17, 0.16, 0.00) m/s | speed=0.23 m/s | net=0.59 m | straightness=1.00 | direction=1.00 | state=MOVING | detections=143
[INFO] [1790212262.566477422] [sage_semantic_world_model]: Target 3 updated | association_distance=0.08 m | raw=(-6.45, 7.46, 0.00) | smoothed=(-6.41, 7.43, 0.00) | velocity=(-0.24, 0.22, 0.00) m/s | speed=0.33 m/s | net=0.40 m | straightness=0.99 | direction=0.00 | state=MOVING | detections=144
[INFO] [1790212262.663942090] [sage_semantic_world_model]: Target 3 updated | association_distance=0.11 m | raw=(-6.34, 7.33, 0.00) | smoothed=(-6.39, 7.40, 0.00) | velocity=(-0.11, 0.06, 0.00) m/s | speed=0.13 m/s | net=0.22 m | straightness=0.79 | direction=0.00 | state=MOVING | detections=145
[INFO] [1790212262.773527488] [sage_semantic_world_model]: Target 3 updated | association_distance=0.08 m | raw=(-6.34, 7.33, 0.00) | smoothed=(-6.38, 7.39, 0.00) | velocity=(-0.02, -0.03, 0.00) m/s | speed=0.04 m/s | net=0.18 m | straightness=0.65 | direction=0.00 | state=MOVING | detections=146
[INFO] [1790212262.868422207] [sage_semantic_world_model]: Target 3 confirmed STATIONARY | net=0.15 m | avg_speed=0.12 m/s
[INFO] [1790212262.872963024] [sage_semantic_world_model]: Target 3 updated | association_distance=0.06 m | raw=(-6.34, 7.33, 0.00) | smoothed=(-6.37, 7.37, 0.00) | velocity=(0.06, -0.10, 0.00) m/s | speed=0.12 m/s | net=0.15 m | straightness=0.54 | direction=0.00 | state=STATIONARY | detections=147
[INFO] [1790212264.670313979] [sage_semantic_world_model]: Target 3 updated | association_distance=0.03 m | raw=(-6.37, 7.40, 0.00) | smoothed=(-6.37, 7.38, 0.00) | velocity=(0.02, -0.02, 0.00) m/s | speed=0.03 m/s | net=0.14 m | straightness=0.52 | direction=0.00 | state=STATIONARY | detections=148
[INFO] [1790212264.782767815] [sage_semantic_world_model]: Target 3 updated | association_distance=0.02 m | raw=(-6.37, 7.40, 0.00) | smoothed=(-6.37, 7.38, 0.00) | velocity=(0.01, -0.01, 0.00) m/s | speed=0.01 m/s | net=0.08 m | straightness=0.37 | direction=0.00 | state=STATIONARY | detections=149
[INFO] [1790212264.869043005] [sage_semantic_world_model]: Target 3 updated | association_distance=0.01 m | raw=(-6.37, 7.40, 0.00) | smoothed=(-6.37, 7.39, 0.00) | velocity=(0.00, 0.00, 0.00) m/s | speed=0.00 m/s | net=0.03 m | straightness=0.17 | direction=0.00 | state=STATIONARY | detections=150
[INFO] [1790212264.975522298] [sage_semantic_world_model]: Target 3 updated | association_distance=0.02 m | raw=(-6.38, 7.41, 0.00) | smoothed=(-6.37, 7.39, 0.00) | velocity=(-0.00, 0.01, 0.00) m/s | speed=0.01 m/s | net=0.01 m | straightness=0.05 | direction=0.00 | state=STATIONARY | detections=151
[INFO] [1790212265.072661718] [sage_semantic_world_model]: Target 3 updated | association_distance=0.02 m | raw=(-6.38, 7.41, 0.00) | smoothed=(-6.37, 7.40, 0.00) | velocity=(-0.01, 0.04, 0.00) m/s | speed=0.04 m/s | net=0.03 m | straightness=0.23 | direction=0.00 | state=STATIONARY | detections=152
[INFO] [1790212265.179834906] [sage_semantic_world_model]: Target 3 updated | association_distance=0.01 m | raw=(-6.38, 7.41, 0.00) | smoothed=(-6.38, 7.40, 0.00) | velocity=(-0.01, 0.04, 0.00) m/s | speed=0.04 m/s | net=0.04 m | straightness=0.45 | direction=0.00 | state=STATIONARY | detections=153
[INFO] [1790212265.272153477] [sage_semantic_world_model]: Target 3 updated | association_distance=0.01 m | raw=(-6.37, 7.40, 0.00) | smoothed=(-6.37, 7.40, 0.00) | velocity=(-0.01, 0.03, 0.00) m/s | speed=0.03 m/s | net=0.02 m | straightness=0.25 | direction=0.00 | state=STATIONARY | detections=154
[INFO] [1790212265.368483809] [sage_semantic_world_model]: Target 3 updated | association_distance=0.01 m | raw=(-6.37, 7.40, 0.00) | smoothed=(-6.37, 7.40, 0.00) | velocity=(0.00, 0.02, 0.00) m/s | speed=0.02 m/s | net=0.01 m | straightness=0.32 | direction=0.00 | state=STATIONARY | detections=155
[INFO] [1790212265.464687415] [sage_semantic_world_model]: Target 3 updated | association_distance=0.01 m | raw=(-6.37, 7.40, 0.00) | smoothed=(-6.37, 7.40, 0.00) | velocity=(0.01, 0.01, 0.00) m/s | speed=0.01 m/s | net=0.03 m | straightness=0.86 | direction=0.00 | state=STATIONARY | detections=156
[INFO] [1790212265.563420844] [sage_semantic_world_model]: Target 3 updated | association_distance=0.00 m | raw=(-6.37, 7.40, 0.00) | smoothed=(-6.37, 7.40, 0.00) | velocity=(0.01, 0.01, 0.00) m/s | speed=0.02 m/s | net=0.02 m | straightness=0.80 | direction=0.00 | state=STATIONARY | detections=157
[INFO] [1790212265.673181553] [sage_semantic_world_model]: Target 3 updated | association_distance=0.05 m | raw=(-6.33, 7.36, 0.00) | smoothed=(-6.36, 7.39, 0.00) | velocity=(0.03, -0.02, 0.00) m/s | speed=0.04 m/s | net=0.01 m | straightness=0.33 | direction=0.00 | state=STATIONARY | detections=158
[INFO] [1790212265.778982740] [sage_semantic_world_model]: Target 3 updated | association_distance=0.04 m | raw=(-6.33, 7.36, 0.00) | smoothed=(-6.35, 7.38, 0.00) | velocity=(0.05, -0.04, 0.00) m/s | speed=0.06 m/s | net=0.02 m | straightness=0.41 | direction=0.00 | state=STATIONARY | detections=159
[INFO] [1790212265.867767850] [sage_semantic_world_model]: Target 3 updated | association_distance=0.03 m | raw=(-6.33, 7.36, 0.00) | smoothed=(-6.35, 7.38, 0.00) | velocity=(0.05, -0.05, 0.00) m/s | speed=0.08 m/s | net=0.03 m | straightness=0.63 | direction=0.00 | state=STATIONARY | detections=160
[INFO] [1790212265.972513617] [sage_semantic_world_model]: Target 3 updated | association_distance=0.02 m | raw=(-6.33, 7.36, 0.00) | smoothed=(-6.34, 7.38, 0.00) | velocity=(0.06, -0.06, 0.00) m/s | speed=0.09 m/s | net=0.04 m | straightness=0.80 | direction=0.00 | state=STATIONARY | detections=161
[INFO] [1790212266.069441663] [sage_semantic_world_model]: Target 3 updated | association_distance=0.02 m | raw=(-6.33, 7.36, 0.00) | smoothed=(-6.34, 7.37, 0.00) | velocity=(0.05, -0.05, 0.00) m/s | speed=0.07 m/s | net=0.04 m | straightness=0.93 | direction=0.00 | state=STATIONARY | detections=162
[INFO] [1790212266.168697168] [sage_semantic_world_model]: Target 3 updated | association_distance=0.09 m | raw=(-6.41, 7.42, 0.00) | smoothed=(-6.36, 7.38, 0.00) | velocity=(-0.01, 0.00, 0.00) m/s | speed=0.01 m/s | net=0.02 m | straightness=0.30 | direction=0.00 | state=STATIONARY | detections=163
[INFO] [1790212266.261983140] [sage_semantic_world_model]: Target 3 updated | association_distance=0.07 m | raw=(-6.41, 7.42, 0.00) | smoothed=(-6.37, 7.39, 0.00) | velocity=(-0.06, 0.04, 0.00) m/s | speed=0.07 m/s | net=0.01 m | straightness=0.07 | direction=0.00 | state=STATIONARY | detections=164
[INFO] [1790212266.377669854] [sage_semantic_world_model]: Target 3 updated | association_distance=0.05 m | raw=(-6.41, 7.42, 0.00) | smoothed=(-6.38, 7.40, 0.00) | velocity=(-0.09, 0.06, 0.00) m/s | speed=0.11 m/s | net=0.01 m | straightness=0.14 | direction=0.00 | state=STATIONARY | detections=165
[INFO] [1790212266.465521919] [sage_semantic_world_model]: Target 3 updated | association_distance=0.03 m | raw=(-6.37, 7.37, 0.00) | smoothed=(-6.38, 7.39, 0.00) | velocity=(-0.09, 0.05, 0.00) m/s | speed=0.11 m/s | net=0.01 m | straightness=0.12 | direction=0.00 | state=STATIONARY | detections=166
[INFO] [1790212266.573725057] [sage_semantic_world_model]: Target 3 updated | association_distance=0.02 m | raw=(-6.37, 7.37, 0.00) | smoothed=(-6.38, 7.39, 0.00) | velocity=(-0.04, 0.01, 0.00) m/s | speed=0.04 m/s | net=0.02 m | straightness=0.18 | direction=0.00 | state=STATIONARY | detections=167
[INFO] [1790212266.672923071] [sage_semantic_world_model]: Target 3 updated | association_distance=0.02 m | raw=(-6.37, 7.37, 0.00) | smoothed=(-6.37, 7.38, 0.00) | velocity=(-0.00, -0.02, 0.00) m/s | speed=0.02 m/s | net=0.02 m | straightness=0.25 | direction=0.00 | state=STATIONARY | detections=168
[INFO] [1790212266.779339164] [sage_semantic_world_model]: Target 3 updated | association_distance=0.01 m | raw=(-6.37, 7.37, 0.00) | smoothed=(-6.37, 7.38, 0.00) | velocity=(0.03, -0.05, 0.00) m/s | speed=0.05 m/s | net=0.02 m | straightness=0.31 | direction=0.00 | state=STATIONARY | detections=169
[INFO] [1790212266.874887446] [sage_semantic_world_model]: Target 3 updated | association_distance=0.04 m | raw=(-6.39, 7.42, 0.00) | smoothed=(-6.38, 7.39, 0.00) | velocity=(0.01, -0.01, 0.00) m/s | speed=0.01 m/s | net=0.04 m | straightness=0.42 | direction=0.00 | state=STATIONARY | detections=170
[INFO] [1790212266.967291499] [sage_semantic_world_model]: Target 3 updated | association_distance=0.03 m | raw=(-6.39, 7.42, 0.00) | smoothed=(-6.38, 7.40, 0.00) | velocity=(-0.01, 0.02, 0.00) m/s | speed=0.02 m/s | net=0.05 m | straightness=0.52 | direction=0.00 | state=STATIONARY | detections=171
[INFO] [1790212267.074492856] [sage_semantic_world_model]: Target 3 updated | association_distance=0.02 m | raw=(-6.39, 7.42, 0.00) | smoothed=(-6.38, 7.40, 0.00) | velocity=(-0.02, 0.04, 0.00) m/s | speed=0.05 m/s | net=0.03 m | straightness=0.40 | direction=0.00 | state=STATIONARY | detections=172
[INFO] [1790212267.163604468] [sage_semantic_world_model]: Target 3 updated | association_distance=0.10 m | raw=(-6.30, 7.46, 0.00) | smoothed=(-6.36, 7.42, 0.00) | velocity=(0.03, 0.09, 0.00) m/s | speed=0.09 m/s | net=0.03 m | straightness=0.31 | direction=0.00 | state=STATIONARY | detections=173
[INFO] [1790212267.263831550] [sage_semantic_world_model]: Target 3 updated | association_distance=0.07 m | raw=(-6.30, 7.46, 0.00) | smoothed=(-6.35, 7.43, 0.00) | velocity=(0.07, 0.09, 0.00) m/s | speed=0.12 m/s | net=0.04 m | straightness=0.51 | direction=0.00 | state=STATIONARY | detections=174
[INFO] [1790212267.374921516] [sage_semantic_world_model]: Target 3 updated | association_distance=0.06 m | raw=(-6.30, 7.46, 0.00) | smoothed=(-6.34, 7.44, 0.00) | velocity=(0.11, 0.10, 0.00) m/s | speed=0.14 m/s | net=0.06 m | straightness=0.64 | direction=0.00 | state=STATIONARY | detections=175
[INFO] [1790212267.464970883] [sage_semantic_world_model]: Target 3 updated | association_distance=0.04 m | raw=(-6.30, 7.46, 0.00) | smoothed=(-6.33, 7.44, 0.00) | velocity=(0.14, 0.10, 0.00) m/s | speed=0.17 m/s | net=0.07 m | straightness=0.74 | direction=0.00 | state=STATIONARY | detections=176
[INFO] [1790212269.964592460] [sage_semantic_world_model]: Target 3 updated | association_distance=0.11 m | raw=(-6.22, 7.44, 0.00) | smoothed=(-6.30, 7.44, 0.00) | velocity=(0.02, 0.01, 0.00) m/s | speed=0.02 m/s | net=0.09 m | straightness=0.77 | direction=0.00 | state=STATIONARY | detections=177
[INFO] [1790212270.066768132] [sage_semantic_world_model]: Target 3 updated | association_distance=0.08 m | raw=(-6.22, 7.44, 0.00) | smoothed=(-6.28, 7.44, 0.00) | velocity=(0.02, 0.01, 0.00) m/s | speed=0.02 m/s | net=0.11 m | straightness=0.80 | direction=0.00 | state=STATIONARY | detections=178
[INFO] [1790212270.174489924] [sage_semantic_world_model]: Target 3 updated | association_distance=0.06 m | raw=(-6.22, 7.44, 0.00) | smoothed=(-6.26, 7.44, 0.00) | velocity=(0.03, 0.00, 0.00) m/s | speed=0.03 m/s | net=0.12 m | straightness=0.86 | direction=0.00 | state=STATIONARY | detections=179
[INFO] [1790212270.279774546] [sage_semantic_world_model]: Target 3 updated | association_distance=0.05 m | raw=(-6.22, 7.44, 0.00) | smoothed=(-6.25, 7.44, 0.00) | velocity=(0.03, -0.00, 0.00) m/s | speed=0.03 m/s | net=0.14 m | straightness=0.91 | direction=0.00 | state=STATIONARY | detections=180
[INFO] [1790212270.366174647] [sage_semantic_world_model]: Target 3 updated | association_distance=0.03 m | raw=(-6.23, 7.43, 0.00) | smoothed=(-6.25, 7.44, 0.00) | velocity=(0.14, -0.01, 0.00) m/s | speed=0.14 m/s | net=0.14 m | straightness=0.94 | direction=0.00 | state=STATIONARY | detections=181
[INFO] [1790212270.472935781] [sage_semantic_world_model]: Target 3 updated | association_distance=0.02 m | raw=(-6.23, 7.43, 0.00) | smoothed=(-6.24, 7.44, 0.00) | velocity=(0.09, -0.01, 0.00) m/s | speed=0.10 m/s | net=0.12 m | straightness=0.94 | direction=0.00 | state=STATIONARY | detections=182
[INFO] [1790212270.576460438] [sage_semantic_world_model]: Target 3 updated | association_distance=0.09 m | raw=(-6.33, 7.46, 0.00) | smoothed=(-6.26, 7.44, 0.00) | velocity=(0.00, 0.00, 0.00) m/s | speed=0.00 m/s | net=0.09 m | straightness=0.64 | direction=0.00 | state=STATIONARY | detections=183
[INFO] [1790212270.668591434] [sage_semantic_world_model]: Target 3 updated | association_distance=0.07 m | raw=(-6.33, 7.46, 0.00) | smoothed=(-6.28, 7.45, 0.00) | velocity=(-0.07, 0.01, 0.00) m/s | speed=0.07 m/s | net=0.06 m | straightness=0.42 | direction=0.00 | state=STATIONARY | detections=184
[INFO] [1790212270.770324240] [sage_semantic_world_model]: Target 3 updated | association_distance=0.05 m | raw=(-6.33, 7.46, 0.00) | smoothed=(-6.29, 7.45, 0.00) | velocity=(-0.11, 0.03, 0.00) m/s | speed=0.12 m/s | net=0.04 m | straightness=0.27 | direction=0.00 | state=STATIONARY | detections=185
[INFO] [1790212270.866468842] [sage_semantic_world_model]: Target 3 updated | association_distance=0.09 m | raw=(-6.38, 7.46, 0.00) | smoothed=(-6.31, 7.45, 0.00) | velocity=(-0.18, 0.04, 0.00) m/s | speed=0.19 m/s | net=0.02 m | straightness=0.13 | direction=0.00 | state=STATIONARY | detections=186
[INFO] [1790212270.964812803] [sage_semantic_world_model]: Target 3 updated | association_distance=0.07 m | raw=(-6.38, 7.46, 0.00) | smoothed=(-6.33, 7.46, 0.00) | velocity=(-0.17, 0.03, 0.00) m/s | speed=0.17 m/s | net=0.05 m | straightness=0.40 | direction=0.00 | state=STATIONARY | detections=187
[INFO] [1790212271.068403557] [sage_semantic_world_model]: Target 3 updated | association_distance=0.05 m | raw=(-6.38, 7.46, 0.00) | smoothed=(-6.34, 7.46, 0.00) | velocity=(-0.16, 0.02, 0.00) m/s | speed=0.16 m/s | net=0.08 m | straightness=0.63 | direction=0.00 | state=STATIONARY | detections=188
[INFO] [1790212271.164614038] [sage_semantic_world_model]: Target 3 updated | association_distance=0.04 m | raw=(-6.38, 7.46, 0.00) | smoothed=(-6.35, 7.46, 0.00) | velocity=(-0.15, 0.02, 0.00) m/s | speed=0.16 m/s | net=0.10 m | straightness=0.81 | direction=0.00 | state=STATIONARY | detections=189
[INFO] [1790212271.274398316] [sage_semantic_world_model]: Target 3 updated | association_distance=0.12 m | raw=(-6.45, 7.52, 0.00) | smoothed=(-6.38, 7.47, 0.00) | velocity=(-0.16, 0.05, 0.00) m/s | speed=0.16 m/s | net=0.14 m | straightness=0.92 | direction=0.00 | state=STATIONARY | detections=190
[INFO] [1790212271.371832139] [sage_semantic_world_model]: Target 3 updated | association_distance=0.09 m | raw=(-6.45, 7.52, 0.00) | smoothed=(-6.40, 7.49, 0.00) | velocity=(-0.16, 0.07, 0.00) m/s | speed=0.18 m/s | net=0.16 m | straightness=0.98 | direction=0.00 | state=STATIONARY | detections=191
[INFO] [1790212271.462179185] [sage_semantic_world_model]: Target 3 updated | association_distance=0.07 m | raw=(-6.45, 7.52, 0.00) | smoothed=(-6.41, 7.49, 0.00) | velocity=(-0.17, 0.09, 0.00) m/s | speed=0.19 m/s | net=0.16 m | straightness=0.98 | direction=0.00 | state=STATIONARY | detections=192
[INFO] [1790212271.561100336] [sage_semantic_world_model]: Target 3 updated | association_distance=0.04 m | raw=(-6.42, 7.45, 0.00) | smoothed=(-6.41, 7.48, 0.00) | velocity=(-0.15, 0.06, 0.00) m/s | speed=0.16 m/s | net=0.14 m | straightness=0.90 | direction=0.00 | state=STATIONARY | detections=193
[INFO] [1790212271.671267884] [sage_semantic_world_model]: Target 3 updated | association_distance=0.03 m | raw=(-6.42, 7.45, 0.00) | smoothed=(-6.41, 7.48, 0.00) | velocity=(-0.09, 0.01, 0.00) m/s | speed=0.09 m/s | net=0.12 m | straightness=0.85 | direction=0.00 | state=STATIONARY | detections=194
[INFO] [1790212271.773975762] [sage_semantic_world_model]: Target 3 updated | association_distance=0.09 m | raw=(-6.50, 7.49, 0.00) | smoothed=(-6.44, 7.48, 0.00) | velocity=(-0.10, -0.02, 0.00) m/s | speed=0.10 m/s | net=0.12 m | straightness=0.85 | direction=0.00 | state=STATIONARY | detections=195
[INFO] [1790212271.866622870] [sage_semantic_world_model]: Target 3 updated | association_distance=0.07 m | raw=(-6.50, 7.49, 0.00) | smoothed=(-6.45, 7.48, 0.00) | velocity=(-0.11, -0.03, 0.00) m/s | speed=0.11 m/s | net=0.13 m | straightness=0.85 | direction=0.00 | state=STATIONARY | detections=196
[INFO] [1790212271.963496420] [sage_semantic_world_model]: Target 3 updated | association_distance=0.05 m | raw=(-6.50, 7.49, 0.00) | smoothed=(-6.47, 7.48, 0.00) | velocity=(-0.14, -0.00, 0.00) m/s | speed=0.14 m/s | net=0.13 m | straightness=0.85 | direction=0.00 | state=STATIONARY | detections=197
[INFO] [1790212272.065341450] [sage_semantic_world_model]: Target 3 updated | association_distance=0.04 m | raw=(-6.50, 7.49, 0.00) | smoothed=(-6.48, 7.48, 0.00) | velocity=(-0.16, 0.02, 0.00) m/s | speed=0.16 m/s | net=0.13 m | straightness=0.85 | direction=0.00 | state=STATIONARY | detections=198
[INFO] [1790212272.167869580] [sage_semantic_world_model]: Target 3 updated | association_distance=0.18 m | raw=(-6.35, 7.35, 0.00) | smoothed=(-6.45, 7.45, 0.00) | velocity=(-0.02, -0.07, 0.00) m/s | speed=0.07 m/s | net=0.07 m | straightness=0.44 | direction=0.00 | state=STATIONARY | detections=199
[INFO] [1790212272.265430823] [sage_semantic_world_model]: Target 3 updated | association_distance=0.13 m | raw=(-6.35, 7.35, 0.00) | smoothed=(-6.42, 7.43, 0.00) | velocity=(0.08, -0.14, 0.00) m/s | speed=0.16 m/s | net=0.06 m | straightness=0.37 | direction=0.00 | state=STATIONARY | detections=200
[INFO] [1790212272.364828819] [sage_semantic_world_model]: Target 3 updated | association_distance=0.10 m | raw=(-6.35, 7.35, 0.00) | smoothed=(-6.41, 7.41, 0.00) | velocity=(0.15, -0.18, 0.00) m/s | speed=0.24 m/s | net=0.09 m | straightness=0.47 | direction=0.00 | state=STATIONARY | detections=201
[INFO] [1790212272.467061880] [sage_semantic_world_model]: Target 3 updated | association_distance=0.05 m | raw=(-6.46, 7.42, 0.00) | smoothed=(-6.42, 7.41, 0.00) | velocity=(0.14, -0.18, 0.00) m/s | speed=0.23 m/s | net=0.07 m | straightness=0.39 | direction=0.00 | state=STATIONARY | detections=202
[INFO] [1790212272.569001141] [sage_semantic_world_model]: Target 3 updated | association_distance=0.04 m | raw=(-6.46, 7.42, 0.00) | smoothed=(-6.43, 7.41, 0.00) | velocity=(0.04, -0.09, 0.00) m/s | speed=0.10 m/s | net=0.06 m | straightness=0.34 | direction=0.00 | state=STATIONARY | detections=203
[INFO] [1790212272.665359841] [sage_semantic_world_model]: Target 3 updated | association_distance=0.03 m | raw=(-6.46, 7.42, 0.00) | smoothed=(-6.43, 7.41, 0.00) | velocity=(-0.03, -0.03, 0.00) m/s | speed=0.04 m/s | net=0.06 m | straightness=0.37 | direction=0.00 | state=STATIONARY | detections=204
[INFO] [1790212272.763758493] [sage_semantic_world_model]: Target 3 updated | association_distance=0.03 m | raw=(-6.47, 7.42, 0.00) | smoothed=(-6.44, 7.42, 0.00) | velocity=(-0.09, 0.02, 0.00) m/s | speed=0.10 m/s | net=0.07 m | straightness=0.40 | direction=0.00 | state=STATIONARY | detections=205
[INFO] [1790212272.863827829] [sage_semantic_world_model]: Target 3 updated | association_distance=0.03 m | raw=(-6.47, 7.42, 0.00) | smoothed=(-6.45, 7.42, 0.00) | velocity=(-0.08, 0.01, 0.00) m/s | speed=0.08 m/s | net=0.07 m | straightness=0.43 | direction=0.00 | state=STATIONARY | detections=206
[INFO] [1790212272.971101391] [sage_semantic_world_model]: Target 3 updated | association_distance=0.05 m | raw=(-6.49, 7.44, 0.00) | smoothed=(-6.46, 7.42, 0.00) | velocity=(-0.08, 0.03, 0.00) m/s | speed=0.09 m/s | net=0.06 m | straightness=0.39 | direction=0.00 | state=STATIONARY | detections=207
[INFO] [1790212273.067814885] [sage_semantic_world_model]: Target 3 updated | association_distance=0.04 m | raw=(-6.49, 7.44, 0.00) | smoothed=(-6.47, 7.43, 0.00) | velocity=(-0.08, 0.03, 0.00) m/s | speed=0.09 m/s | net=0.03 m | straightness=0.26 | direction=0.00 | state=STATIONARY | detections=208
[INFO] [1790212273.168310155] [sage_semantic_world_model]: Target 3 updated | association_distance=0.10 m | raw=(-6.55, 7.49, 0.00) | smoothed=(-6.49, 7.44, 0.00) | velocity=(-0.11, 0.07, 0.00) m/s | speed=0.13 m/s | net=0.07 m | straightness=0.58 | direction=0.00 | state=STATIONARY | detections=209
[INFO] [1790212273.280658554] [sage_semantic_world_model]: Target 3 updated | association_distance=0.08 m | raw=(-6.55, 7.49, 0.00) | smoothed=(-6.50, 7.46, 0.00) | velocity=(-0.13, 0.10, 0.00) m/s | speed=0.17 m/s | net=0.11 m | straightness=0.97 | direction=0.00 | state=STATIONARY | detections=210
[INFO] [1790212273.364754704] [sage_semantic_world_model]: Target 3 updated | association_distance=0.03 m | raw=(-6.49, 7.43, 0.00) | smoothed=(-6.50, 7.45, 0.00) | velocity=(-0.10, 0.07, 0.00) m/s | speed=0.12 m/s | net=0.09 m | straightness=0.86 | direction=0.00 | state=STATIONARY | detections=211
[INFO] [1790212273.462504593] [sage_semantic_world_model]: Target 3 updated | association_distance=0.02 m | raw=(-6.49, 7.43, 0.00) | smoothed=(-6.50, 7.44, 0.00) | velocity=(-0.08, 0.04, 0.00) m/s | speed=0.09 m/s | net=0.08 m | straightness=0.76 | direction=0.00 | state=STATIONARY | detections=212
[INFO] [1790212273.568027119] [sage_semantic_world_model]: Target 3 updated | association_distance=0.04 m | raw=(-6.49, 7.41, 0.00) | smoothed=(-6.50, 7.44, 0.00) | velocity=(-0.02, -0.02, 0.00) m/s | speed=0.03 m/s | net=0.07 m | straightness=0.62 | direction=0.00 | state=STATIONARY | detections=213
[INFO] [1790212273.668295276] [sage_semantic_world_model]: Target 3 updated | association_distance=0.03 m | raw=(-6.49, 7.41, 0.00) | smoothed=(-6.49, 7.43, 0.00) | velocity=(0.02, -0.07, 0.00) m/s | speed=0.07 m/s | net=0.05 m | straightness=0.52 | direction=0.00 | state=STATIONARY | detections=214
[INFO] [1790212273.765865728] [sage_semantic_world_model]: Target 3 updated | association_distance=0.02 m | raw=(-6.49, 7.41, 0.00) | smoothed=(-6.49, 7.42, 0.00) | velocity=(0.02, -0.06, 0.00) m/s | speed=0.07 m/s | net=0.04 m | straightness=0.43 | direction=0.00 | state=STATIONARY | detections=215
[INFO] [1790212273.865838554] [sage_semantic_world_model]: Target 3 updated | association_distance=0.02 m | raw=(-6.51, 7.41, 0.00) | smoothed=(-6.50, 7.42, 0.00) | velocity=(0.00, -0.06, 0.00) m/s | speed=0.06 m/s | net=0.04 m | straightness=0.40 | direction=0.00 | state=STATIONARY | detections=216
[INFO] [1790212273.965473550] [sage_semantic_world_model]: Target 3 updated | association_distance=0.01 m | raw=(-6.51, 7.41, 0.00) | smoothed=(-6.50, 7.42, 0.00) | velocity=(-0.01, -0.04, 0.00) m/s | speed=0.04 m/s | net=0.03 m | straightness=0.38 | direction=0.00 | state=STATIONARY | detections=217
[INFO] [1790212274.066021353] [sage_semantic_world_model]: Target 3 updated | association_distance=0.01 m | raw=(-6.51, 7.41, 0.00) | smoothed=(-6.50, 7.42, 0.00) | velocity=(-0.02, -0.03, 0.00) m/s | speed=0.03 m/s | net=0.03 m | straightness=0.46 | direction=0.00 | state=STATIONARY | detections=218
[INFO] [1790212274.162458200] [sage_semantic_world_model]: Target 3 updated | association_distance=0.03 m | raw=(-6.49, 7.39, 0.00) | smoothed=(-6.50, 7.41, 0.00) | velocity=(-0.02, -0.03, 0.00) m/s | speed=0.03 m/s | net=0.05 m | straightness=0.85 | direction=0.00 | state=STATIONARY | detections=219
[INFO] [1790212274.269638440] [sage_semantic_world_model]: Target 3 updated | association_distance=0.02 m | raw=(-6.49, 7.39, 0.00) | smoothed=(-6.50, 7.41, 0.00) | velocity=(0.00, -0.04, 0.00) m/s | speed=0.04 m/s | net=0.04 m | straightness=0.84 | direction=0.00 | state=STATIONARY | detections=220
[INFO] [1790212274.365845988] [sage_semantic_world_model]: Target 3 updated | association_distance=0.17 m | raw=(-6.62, 7.52, 0.00) | smoothed=(-6.53, 7.43, 0.00) | velocity=(-0.07, 0.04, 0.00) m/s | speed=0.08 m/s | net=0.03 m | straightness=0.35 | direction=0.00 | state=STATIONARY | detections=221
[INFO] [1790212274.464226511] [sage_semantic_world_model]: Target 3 updated | association_distance=0.13 m | raw=(-6.62, 7.52, 0.00) | smoothed=(-6.55, 7.46, 0.00) | velocity=(-0.12, 0.09, 0.00) m/s | speed=0.15 m/s | net=0.06 m | straightness=0.53 | direction=0.00 | state=STATIONARY | detections=222
[INFO] [1790212274.564571454] [sage_semantic_world_model]: Target 3 updated | association_distance=0.10 m | raw=(-6.62, 7.52, 0.00) | smoothed=(-6.57, 7.47, 0.00) | velocity=(-0.18, 0.15, 0.00) m/s | speed=0.23 m/s | net=0.09 m | straightness=0.68 | direction=0.00 | state=STATIONARY | detections=223
[INFO] [1790212274.667048896] [sage_semantic_world_model]: Target 3 updated | association_distance=0.08 m | raw=(-6.63, 7.52, 0.00) | smoothed=(-6.59, 7.48, 0.00) | velocity=(-0.22, 0.20, 0.00) m/s | speed=0.30 m/s | net=0.11 m | straightness=0.77 | direction=0.00 | state=STATIONARY | detections=224
[INFO] [1790212274.768195405] [sage_semantic_world_model]: Target 3 updated | association_distance=0.06 m | raw=(-6.63, 7.52, 0.00) | smoothed=(-6.60, 7.49, 0.00) | velocity=(-0.17, 0.15, 0.00) m/s | speed=0.23 m/s | net=0.12 m | straightness=0.81 | direction=0.00 | state=STATIONARY | detections=225
[INFO] [1790212274.861921255] [sage_semantic_world_model]: Target 3 updated | association_distance=0.05 m | raw=(-6.63, 7.52, 0.00) | smoothed=(-6.61, 7.50, 0.00) | velocity=(-0.14, 0.12, 0.00) m/s | speed=0.18 m/s | net=0.13 m | straightness=0.83 | direction=0.00 | state=STATIONARY | detections=226
[INFO] [1790212274.973853006] [sage_semantic_world_model]: Target 3 updated | association_distance=0.02 m | raw=(-6.62, 7.50, 0.00) | smoothed=(-6.61, 7.50, 0.00) | velocity=(-0.10, 0.08, 0.00) m/s | speed=0.13 m/s | net=0.14 m | straightness=0.83 | direction=0.00 | state=STATIONARY | detections=227
[INFO] [1790212275.063082095] [sage_semantic_world_model]: Target 3 updated | association_distance=0.01 m | raw=(-6.62, 7.50, 0.00) | smoothed=(-6.61, 7.50, 0.00) | velocity=(-0.07, 0.04, 0.00) m/s | speed=0.08 m/s | net=0.15 m | straightness=0.92 | direction=0.00 | state=STATIONARY | detections=228
[INFO] [1790212275.164670077] [sage_semantic_world_model]: Target 3 updated | association_distance=0.01 m | raw=(-6.62, 7.50, 0.00) | smoothed=(-6.62, 7.50, 0.00) | velocity=(-0.05, 0.02, 0.00) m/s | speed=0.05 m/s | net=0.15 m | straightness=0.99 | direction=0.00 | state=STATIONARY | detections=229
[INFO] [1790212275.273787555] [sage_semantic_world_model]: Target 3 updated | association_distance=0.06 m | raw=(-6.66, 7.54, 0.00) | smoothed=(-6.63, 7.51, 0.00) | velocity=(-0.05, 0.02, 0.00) m/s | speed=0.05 m/s | net=0.12 m | straightness=0.98 | direction=0.00 | state=STATIONARY | detections=230
[INFO] [1790212275.369474434] [sage_semantic_world_model]: Target 3 updated | association_distance=0.04 m | raw=(-6.66, 7.54, 0.00) | smoothed=(-6.64, 7.52, 0.00) | velocity=(-0.06, 0.04, 0.00) m/s | speed=0.07 m/s | net=0.10 m | straightness=0.98 | direction=0.00 | state=STATIONARY | detections=231
[INFO] [1790212275.470526894] [sage_semantic_world_model]: Target 3 updated | association_distance=0.03 m | raw=(-6.66, 7.54, 0.00) | smoothed=(-6.64, 7.52, 0.00) | velocity=(-0.07, 0.05, 0.00) m/s | speed=0.08 m/s | net=0.09 m | straightness=0.98 | direction=0.00 | state=STATIONARY | detections=232
[INFO] [1790212275.565262016] [sage_semantic_world_model]: Target 3 updated | association_distance=0.12 m | raw=(-6.71, 7.62, 0.00) | smoothed=(-6.66, 7.55, 0.00) | velocity=(-0.10, 0.11, 0.00) m/s | speed=0.15 m/s | net=0.09 m | straightness=0.97 | direction=0.00 | state=STATIONARY | detections=233
[INFO] [1790212275.666053214] [sage_semantic_world_model]: Target 3 updated | association_distance=0.09 m | raw=(-6.71, 7.62, 0.00) | smoothed=(-6.67, 7.56, 0.00) | velocity=(-0.11, 0.13, 0.00) m/s | speed=0.17 m/s | net=0.10 m | straightness=0.96 | direction=0.00 | state=STATIONARY | detections=234
[INFO] [1790212275.766615993] [sage_semantic_world_model]: Target 3 updated | association_distance=0.07 m | raw=(-6.71, 7.62, 0.00) | smoothed=(-6.68, 7.58, 0.00) | velocity=(-0.11, 0.15, 0.00) m/s | speed=0.19 m/s | net=0.10 m | straightness=0.96 | direction=0.00 | state=STATIONARY | detections=235
[INFO] [1790212275.872825979] [sage_semantic_world_model]: Target 3 updated | association_distance=0.05 m | raw=(-6.71, 7.62, 0.00) | smoothed=(-6.69, 7.59, 0.00) | velocity=(-0.11, 0.17, 0.00) m/s | speed=0.20 m/s | net=0.11 m | straightness=0.98 | direction=0.00 | state=STATIONARY | detections=236
[INFO] [1790212275.966089420] [sage_semantic_world_model]: Target 3 updated | association_distance=0.05 m | raw=(-6.64, 7.59, 0.00) | smoothed=(-6.67, 7.59, 0.00) | velocity=(-0.04, 0.10, 0.00) m/s | speed=0.11 m/s | net=0.10 m | straightness=0.83 | direction=0.00 | state=STATIONARY | detections=237
[INFO] [1790212276.067848001] [sage_semantic_world_model]: Target 3 updated | association_distance=0.03 m | raw=(-6.64, 7.59, 0.00) | smoothed=(-6.67, 7.59, 0.00) | velocity=(0.01, 0.06, 0.00) m/s | speed=0.06 m/s | net=0.10 m | straightness=0.74 | direction=0.00 | state=STATIONARY | detections=238
[INFO] [1790212276.164902236] [sage_semantic_world_model]: Target 3 updated | association_distance=0.09 m | raw=(-6.72, 7.65, 0.00) | smoothed=(-6.68, 7.60, 0.00) | velocity=(-0.00, 0.06, 0.00) m/s | speed=0.06 m/s | net=0.11 m | straightness=0.76 | direction=0.00 | state=STATIONARY | detections=239
[INFO] [1790212276.264653323] [sage_semantic_world_model]: Target 3 updated | association_distance=0.06 m | raw=(-6.72, 7.65, 0.00) | smoothed=(-6.69, 7.62, 0.00) | velocity=(-0.01, 0.07, 0.00) m/s | speed=0.07 m/s | net=0.11 m | straightness=0.78 | direction=0.00 | state=STATIONARY | detections=240
[INFO] [1790212276.367449634] [sage_semantic_world_model]: Target 3 updated | association_distance=0.05 m | raw=(-6.72, 7.65, 0.00) | smoothed=(-6.70, 7.62, 0.00) | velocity=(-0.06, 0.09, 0.00) m/s | speed=0.11 m/s | net=0.12 m | straightness=0.79 | direction=0.00 | state=STATIONARY | detections=241
[INFO] [1790212276.466878995] [sage_semantic_world_model]: Target 3 updated | association_distance=0.04 m | raw=(-6.72, 7.65, 0.00) | smoothed=(-6.70, 7.63, 0.00) | velocity=(-0.09, 0.11, 0.00) m/s | speed=0.15 m/s | net=0.10 m | straightness=0.75 | direction=0.00 | state=STATIONARY | detections=242
[INFO] [1790212276.576009092] [sage_semantic_world_model]: Target 3 updated | association_distance=0.10 m | raw=(-6.62, 7.58, 0.00) | smoothed=(-6.68, 7.62, 0.00) | velocity=(-0.01, 0.04, 0.00) m/s | speed=0.04 m/s | net=0.06 m | straightness=0.43 | direction=0.00 | state=STATIONARY | detections=243
[INFO] [1790212276.662688003] [sage_semantic_world_model]: Target 3 updated | association_distance=0.07 m | raw=(-6.62, 7.58, 0.00) | smoothed=(-6.67, 7.61, 0.00) | velocity=(0.06, -0.01, 0.00) m/s | speed=0.06 m/s | net=0.04 m | straightness=0.27 | direction=0.00 | state=STATIONARY | detections=244
[INFO] [1790212276.766249349] [sage_semantic_world_model]: Target 3 updated | association_distance=0.05 m | raw=(-6.62, 7.58, 0.00) | smoothed=(-6.66, 7.60, 0.00) | velocity=(0.11, -0.05, 0.00) m/s | speed=0.12 m/s | net=0.04 m | straightness=0.26 | direction=0.00 | state=STATIONARY | detections=245
[INFO] [1790212276.866268224] [sage_semantic_world_model]: Target 3 updated | association_distance=0.44 m | raw=(-6.96, 7.92, 0.00) | smoothed=(-6.73, 7.68, 0.00) | velocity=(-0.07, 0.13, 0.00) m/s | speed=0.14 m/s | net=0.11 m | straightness=0.48 | direction=0.00 | state=STATIONARY | detections=246
[INFO] [1790212276.966961466] [sage_semantic_world_model]: Target 3 updated | association_distance=0.33 m | raw=(-6.96, 7.92, 0.00) | smoothed=(-6.79, 7.74, 0.00) | velocity=(-0.27, 0.31, 0.00) m/s | speed=0.41 m/s | net=0.20 m | straightness=0.64 | direction=0.00 | state=STATIONARY | detections=247
[INFO] [1790212277.066952495] [sage_semantic_world_model]: Target 3 updated | association_distance=0.19 m | raw=(-6.88, 7.91, 0.00) | smoothed=(-6.81, 7.78, 0.00) | velocity=(-0.36, 0.43, 0.00) m/s | speed=0.56 m/s | net=0.22 m | straightness=0.67 | direction=0.00 | state=STATIONARY | detections=248
[INFO] [1790212277.172258247] [sage_semantic_world_model]: Target 3 updated | association_distance=0.14 m | raw=(-6.88, 7.91, 0.00) | smoothed=(-6.83, 7.81, 0.00) | velocity=(-0.42, 0.52, 0.00) m/s | speed=0.67 m/s | net=0.24 m | straightness=0.69 | direction=0.00 | state=STATIONARY | detections=249
[INFO] [1790212277.269982570] [sage_semantic_world_model]: Target 3 updated | association_distance=0.04 m | raw=(-6.79, 7.80, 0.00) | smoothed=(-6.82, 7.81, 0.00) | velocity=(-0.21, 0.32, 0.00) m/s | speed=0.38 m/s | net=0.22 m | straightness=0.63 | direction=0.00 | state=STATIONARY | detections=250
[INFO] [1790212277.370403033] [sage_semantic_world_model]: Target 3 updated | association_distance=0.03 m | raw=(-6.79, 7.80, 0.00) | smoothed=(-6.81, 7.81, 0.00) | velocity=(-0.05, 0.17, 0.00) m/s | speed=0.18 m/s | net=0.21 m | straightness=0.59 | direction=0.00 | state=STATIONARY | detections=251
[INFO] [1790212277.468995846] [sage_semantic_world_model]: Target 3 updated | association_distance=0.03 m | raw=(-6.80, 7.78, 0.00) | smoothed=(-6.81, 7.80, 0.00) | velocity=(0.01, 0.05, 0.00) m/s | speed=0.05 m/s | net=0.22 m | straightness=0.67 | direction=0.00 | state=STATIONARY | detections=252
[INFO] [1790212277.565972584] [sage_semantic_world_model]: Target 3 updated | association_distance=0.02 m | raw=(-6.80, 7.78, 0.00) | smoothed=(-6.81, 7.80, 0.00) | velocity=(0.05, -0.04, 0.00) m/s | speed=0.07 m/s | net=0.23 m | straightness=0.73 | direction=0.00 | state=STATIONARY | detections=253
[INFO] [1790212277.675420849] [sage_semantic_world_model]: Target 3 updated | association_distance=0.02 m | raw=(-6.80, 7.78, 0.00) | smoothed=(-6.81, 7.79, 0.00) | velocity=(0.03, -0.04, 0.00) m/s | speed=0.05 m/s | net=0.24 m | straightness=0.79 | direction=0.00 | state=STATIONARY | detections=254
[INFO] [1790212277.771329690] [sage_semantic_world_model]: Target 3 updated | association_distance=0.01 m | raw=(-6.80, 7.78, 0.00) | smoothed=(-6.80, 7.79, 0.00) | velocity=(0.01, -0.04, 0.00) m/s | speed=0.05 m/s | net=0.13 m | straightness=0.65 | direction=0.00 | state=STATIONARY | detections=255
[INFO] [1790212277.876562030] [sage_semantic_world_model]: Target 3 updated | association_distance=0.01 m | raw=(-6.80, 7.78, 0.00) | smoothed=(-6.80, 7.79, 0.00) | velocity=(0.01, -0.03, 0.00) m/s | speed=0.03 m/s | net=0.05 m | straightness=0.41 | direction=0.00 | state=STATIONARY | detections=256
[INFO] [1790212277.966864005] [sage_semantic_world_model]: Target 3 updated | association_distance=0.10 m | raw=(-6.74, 7.71, 0.00) | smoothed=(-6.79, 7.77, 0.00) | velocity=(0.05, -0.07, 0.00) m/s | speed=0.08 m/s | net=0.03 m | straightness=0.26 | direction=0.00 | state=STATIONARY | detections=257
[INFO] [1790212278.073181300] [sage_semantic_world_model]: Target 3 updated | association_distance=0.08 m | raw=(-6.74, 7.71, 0.00) | smoothed=(-6.77, 7.76, 0.00) | velocity=(0.08, -0.09, 0.00) m/s | speed=0.12 m/s | net=0.08 m | straightness=0.94 | direction=0.00 | state=STATIONARY | detections=258
[INFO] [1790212278.178040619] [sage_semantic_world_model]: Target 3 updated | association_distance=0.06 m | raw=(-6.74, 7.71, 0.00) | smoothed=(-6.77, 7.75, 0.00) | velocity=(0.10, -0.11, 0.00) m/s | speed=0.15 m/s | net=0.08 m | straightness=0.96 | direction=0.00 | state=STATIONARY | detections=259
[INFO] [1790212278.267028886] [sage_semantic_world_model]: Target 3 updated | association_distance=0.17 m | raw=(-6.66, 7.62, 0.00) | smoothed=(-6.74, 7.71, 0.00) | velocity=(0.17, -0.19, 0.00) m/s | speed=0.25 m/s | net=0.12 m | straightness=0.98 | direction=0.00 | state=STATIONARY | detections=260
[INFO] [1790212278.366893000] [sage_semantic_world_model]: Target 3 updated | association_distance=0.13 m | raw=(-6.66, 7.62, 0.00) | smoothed=(-6.72, 7.69, 0.00) | velocity=(0.17, -0.20, 0.00) m/s | speed=0.26 m/s | net=0.14 m | straightness=0.99 | direction=0.00 | state=STATIONARY | detections=261
[INFO] [1790212278.468114486] [sage_semantic_world_model]: Target 3 updated | association_distance=0.03 m | raw=(-6.72, 7.66, 0.00) | smoothed=(-6.72, 7.68, 0.00) | velocity=(0.14, -0.19, 0.00) m/s | speed=0.23 m/s | net=0.15 m | straightness=0.98 | direction=0.00 | state=STATIONARY | detections=262
[INFO] [1790212278.573582900] [sage_semantic_world_model]: Target 3 updated | association_distance=0.03 m | raw=(-6.72, 7.66, 0.00) | smoothed=(-6.72, 7.68, 0.00) | velocity=(0.12, -0.18, 0.00) m/s | speed=0.22 m/s | net=0.15 m | straightness=0.97 | direction=0.00 | state=STATIONARY | detections=263
[INFO] [1790212278.666694823] [sage_semantic_world_model]: Target 3 updated | association_distance=0.02 m | raw=(-6.72, 7.66, 0.00) | smoothed=(-6.72, 7.67, 0.00) | velocity=(0.05, -0.11, 0.00) m/s | speed=0.12 m/s | net=0.15 m | straightness=0.97 | direction=0.00 | state=STATIONARY | detections=264
[INFO] [1790212278.766489140] [sage_semantic_world_model]: Target 3 updated | association_distance=0.15 m | raw=(-6.62, 7.56, 0.00) | smoothed=(-6.69, 7.64, 0.00) | velocity=(0.06, -0.12, 0.00) m/s | speed=0.14 m/s | net=0.18 m | straightness=0.98 | direction=0.00 | state=STATIONARY | detections=265
[INFO] [1790212278.874453879] [sage_semantic_world_model]: Target 3 updated | association_distance=0.11 m | raw=(-6.62, 7.56, 0.00) | smoothed=(-6.67, 7.62, 0.00) | velocity=(0.11, -0.15, 0.00) m/s | speed=0.19 m/s | net=0.19 m | straightness=0.98 | direction=0.00 | state=STATIONARY | detections=266
[INFO] [1790212278.965360177] [sage_semantic_world_model]: Target 3 updated | association_distance=0.08 m | raw=(-6.62, 7.56, 0.00) | smoothed=(-6.66, 7.61, 0.00) | velocity=(0.15, -0.17, 0.00) m/s | speed=0.23 m/s | net=0.19 m | straightness=0.98 | direction=0.00 | state=STATIONARY | detections=267
[INFO] [1790212279.062144870] [sage_semantic_world_model]: Target 3 updated | association_distance=0.06 m | raw=(-6.62, 7.56, 0.00) | smoothed=(-6.65, 7.59, 0.00) | velocity=(0.17, -0.19, 0.00) m/s | speed=0.26 m/s | net=0.19 m | straightness=0.98 | direction=0.00 | state=STATIONARY | detections=268
[INFO] [1790212279.164693135] [sage_semantic_world_model]: Target 3 updated | association_distance=0.05 m | raw=(-6.62, 7.56, 0.00) | smoothed=(-6.64, 7.58, 0.00) | velocity=(0.13, -0.14, 0.00) m/s | speed=0.19 m/s | net=0.16 m | straightness=0.97 | direction=0.00 | state=STATIONARY | detections=269
[INFO] [1790212279.268378955] [sage_semantic_world_model]: Target 3 updated | association_distance=0.04 m | raw=(-6.62, 7.56, 0.00) | smoothed=(-6.64, 7.58, 0.00) | velocity=(0.10, -0.11, 0.00) m/s | speed=0.14 m/s | net=0.14 m | straightness=0.97 | direction=0.00 | state=STATIONARY | detections=270
[INFO] [1790212279.371204878] [sage_semantic_world_model]: Target 3 updated | association_distance=0.03 m | raw=(-6.62, 7.56, 0.00) | smoothed=(-6.63, 7.57, 0.00) | velocity=(0.07, -0.08, 0.00) m/s | speed=0.11 m/s | net=0.14 m | straightness=0.98 | direction=0.00 | state=STATIONARY | detections=271
[INFO] [1790212279.464014035] [sage_semantic_world_model]: Target 3 updated | association_distance=0.20 m | raw=(-6.77, 7.72, 0.00) | smoothed=(-6.67, 7.61, 0.00) | velocity=(-0.04, 0.04, 0.00) m/s | speed=0.06 m/s | net=0.08 m | straightness=0.45 | direction=0.00 | state=STATIONARY | detections=272
[INFO] [1790212279.570646241] [sage_semantic_world_model]: Target 3 updated | association_distance=0.15 m | raw=(-6.77, 7.72, 0.00) | smoothed=(-6.69, 7.64, 0.00) | velocity=(-0.13, 0.13, 0.00) m/s | speed=0.18 m/s | net=0.04 m | straightness=0.19 | direction=0.00 | state=STATIONARY | detections=273
[INFO] [1790212279.664453693] [sage_semantic_world_model]: Target 3 updated | association_distance=0.11 m | raw=(-6.77, 7.72, 0.00) | smoothed=(-6.71, 7.66, 0.00) | velocity=(-0.19, 0.20, 0.00) m/s | speed=0.28 m/s | net=0.03 m | straightness=0.12 | direction=0.00 | state=STATIONARY | detections=274
[INFO] [1790212279.764699048] [sage_semantic_world_model]: Target 3 updated | association_distance=0.09 m | raw=(-6.77, 7.72, 0.00) | smoothed=(-6.73, 7.67, 0.00) | velocity=(-0.24, 0.25, 0.00) m/s | speed=0.35 m/s | net=0.08 m | straightness=0.37 | direction=0.00 | state=STATIONARY | detections=275
[INFO] [1790212279.867060425] [sage_semantic_world_model]: Target 3 updated | association_distance=0.18 m | raw=(-6.86, 7.79, 0.00) | smoothed=(-6.76, 7.70, 0.00) | velocity=(-0.23, 0.23, 0.00) m/s | speed=0.33 m/s | net=0.14 m | straightness=0.62 | direction=0.00 | state=STATIONARY | detections=276
[INFO] [1790212279.964203635] [sage_semantic_world_model]: Target 3 updated | association_distance=0.13 m | raw=(-6.86, 7.79, 0.00) | smoothed=(-6.78, 7.73, 0.00) | velocity=(-0.23, 0.22, 0.00) m/s | speed=0.32 m/s | net=0.19 m | straightness=0.77 | direction=0.00 | state=STATIONARY | detections=277
[INFO] [1790212280.062351088] [sage_semantic_world_model]: Target 3 updated | association_distance=0.10 m | raw=(-6.86, 7.79, 0.00) | smoothed=(-6.80, 7.74, 0.00) | velocity=(-0.23, 0.21, 0.00) m/s | speed=0.31 m/s | net=0.23 m | straightness=0.88 | direction=0.00 | state=STATIONARY | detections=278
[INFO] [1790212280.166355320] [sage_semantic_world_model]: Target 3 updated | association_distance=0.07 m | raw=(-6.86, 7.79, 0.00) | smoothed=(-6.82, 7.76, 0.00) | velocity=(-0.22, 0.21, 0.00) m/s | speed=0.30 m/s | net=0.25 m | straightness=0.95 | direction=0.00 | state=STATIONARY | detections=279
[INFO] [1790212280.265691499] [sage_semantic_world_model]: Target 3 updated | association_distance=0.06 m | raw=(-6.86, 7.79, 0.00) | smoothed=(-6.83, 7.77, 0.00) | velocity=(-0.17, 0.15, 0.00) m/s | speed=0.23 m/s | net=0.27 m | straightness=1.00 | direction=0.00 | state=STATIONARY | detections=280
[INFO] [1790212280.362799262] [sage_semantic_world_model]: Target 3 updated | association_distance=0.04 m | raw=(-6.86, 7.79, 0.00) | smoothed=(-6.83, 7.77, 0.00) | velocity=(-0.13, 0.12, 0.00) m/s | speed=0.17 m/s | net=0.23 m | straightness=1.00 | direction=0.00 | state=STATIONARY | detections=281
[INFO] [1790212280.462263821] [sage_semantic_world_model]: Target 3 updated | association_distance=0.03 m | raw=(-6.86, 7.79, 0.00) | smoothed=(-6.84, 7.78, 0.00) | velocity=(-0.09, 0.09, 0.00) m/s | speed=0.13 m/s | net=0.20 m | straightness=1.00 | direction=0.00 | state=STATIONARY | detections=282
[INFO] [1790212280.564024922] [sage_semantic_world_model]: Target 3 updated | association_distance=0.02 m | raw=(-6.86, 7.79, 0.00) | smoothed=(-6.84, 7.78, 0.00) | velocity=(-0.07, 0.06, 0.00) m/s | speed=0.10 m/s | net=0.18 m | straightness=1.00 | direction=0.00 | state=STATIONARY | detections=283
[INFO] [1790212280.674721355] [sage_semantic_world_model]: Target 3 updated | association_distance=0.23 m | raw=(-6.69, 7.61, 0.00) | smoothed=(-6.81, 7.74, 0.00) | velocity=(0.05, -0.06, 0.00) m/s | speed=0.08 m/s | net=0.10 m | straightness=0.48 | direction=0.00 | state=STATIONARY | detections=284
[INFO] [1790212280.767872544] [sage_semantic_world_model]: Target 3 updated | association_distance=0.17 m | raw=(-6.69, 7.61, 0.00) | smoothed=(-6.78, 7.71, 0.00) | velocity=(0.14, -0.16, 0.00) m/s | speed=0.21 m/s | net=0.02 m | straightness=0.09 | direction=0.00 | state=STATIONARY | detections=285
[INFO] [1790212280.870108044] [sage_semantic_world_model]: Target 3 updated | association_distance=0.13 m | raw=(-6.69, 7.61, 0.00) | smoothed=(-6.76, 7.68, 0.00) | velocity=(0.21, -0.23, 0.00) m/s | speed=0.31 m/s | net=0.05 m | straightness=0.24 | direction=0.00 | state=STATIONARY | detections=286
[INFO] [1790212280.969548670] [sage_semantic_world_model]: Target 3 updated | association_distance=0.10 m | raw=(-6.69, 7.61, 0.00) | smoothed=(-6.74, 7.67, 0.00) | velocity=(0.26, -0.29, 0.00) m/s | speed=0.39 m/s | net=0.10 m | straightness=0.46 | direction=0.00 | state=STATIONARY | detections=287
[INFO] [1790212281.070650616] [sage_semantic_world_model]: Target 3 updated | association_distance=0.07 m | raw=(-6.69, 7.61, 0.00) | smoothed=(-6.73, 7.65, 0.00) | velocity=(0.20, -0.22, 0.00) m/s | speed=0.29 m/s | net=0.13 m | straightness=0.64 | direction=0.00 | state=STATIONARY | detections=288
[INFO] [1790212281.166282778] [sage_semantic_world_model]: Target 3 updated | association_distance=0.05 m | raw=(-6.69, 7.61, 0.00) | smoothed=(-6.72, 7.64, 0.00) | velocity=(0.15, -0.16, 0.00) m/s | speed=0.22 m/s | net=0.16 m | straightness=0.77 | direction=0.00 | state=STATIONARY | detections=289
[INFO] [1790212281.267918212] [sage_semantic_world_model]: Target 3 updated | association_distance=0.04 m | raw=(-6.69, 7.61, 0.00) | smoothed=(-6.71, 7.64, 0.00) | velocity=(0.11, -0.12, 0.00) m/s | speed=0.16 m/s | net=0.18 m | straightness=0.87 | direction=0.00 | state=STATIONARY | detections=290
[INFO] [1790212281.373237359] [sage_semantic_world_model]: Target 3 updated | association_distance=0.03 m | raw=(-6.69, 7.61, 0.00) | smoothed=(-6.71, 7.63, 0.00) | velocity=(0.08, -0.09, 0.00) m/s | speed=0.12 m/s | net=0.20 m | straightness=0.94 | direction=0.00 | state=STATIONARY | detections=291
[INFO] [1790212281.465282945] [sage_semantic_world_model]: Target 3 updated | association_distance=0.02 m | raw=(-6.69, 7.61, 0.00) | smoothed=(-6.70, 7.63, 0.00) | velocity=(0.06, -0.07, 0.00) m/s | speed=0.09 m/s | net=0.21 m | straightness=1.00 | direction=0.00 | state=STATIONARY | detections=292
[INFO] [1790212281.565389854] [sage_semantic_world_model]: Target 3 updated | association_distance=0.06 m | raw=(-6.66, 7.59, 0.00) | smoothed=(-6.69, 7.62, 0.00) | velocity=(0.07, -0.06, 0.00) m/s | speed=0.09 m/s | net=0.17 m | straightness=1.00 | direction=0.00 | state=STATIONARY | detections=293
[INFO] [1790212281.660979136] [sage_semantic_world_model]: Target 3 updated | association_distance=0.04 m | raw=(-6.66, 7.59, 0.00) | smoothed=(-6.68, 7.61, 0.00) | velocity=(0.07, -0.06, 0.00) m/s | speed=0.09 m/s | net=0.13 m | straightness=0.99 | direction=0.00 | state=STATIONARY | detections=294
[INFO] [1790212281.776843640] [sage_semantic_world_model]: Target 3 updated | association_distance=0.03 m | raw=(-6.66, 7.59, 0.00) | smoothed=(-6.68, 7.61, 0.00) | velocity=(0.08, -0.05, 0.00) m/s | speed=0.09 m/s | net=0.11 m | straightness=0.99 | direction=0.00 | state=STATIONARY | detections=295
[INFO] [1790212281.862099660] [sage_semantic_world_model]: Target 3 updated | association_distance=0.11 m | raw=(-6.59, 7.53, 0.00) | smoothed=(-6.66, 7.59, 0.00) | velocity=(0.12, -0.09, 0.00) m/s | speed=0.15 m/s | net=0.12 m | straightness=0.99 | direction=0.00 | state=STATIONARY | detections=296
[INFO] [1790212281.971351744] [sage_semantic_world_model]: Target 3 updated | association_distance=0.09 m | raw=(-6.59, 7.53, 0.00) | smoothed=(-6.64, 7.57, 0.00) | velocity=(0.13, -0.11, 0.00) m/s | speed=0.17 m/s | net=0.12 m | straightness=0.99 | direction=0.00 | state=STATIONARY | detections=297
[INFO] [1790212282.072865374] [sage_semantic_world_model]: Target 3 updated | association_distance=0.07 m | raw=(-6.69, 7.62, 0.00) | smoothed=(-6.65, 7.58, 0.00) | velocity=(0.08, -0.07, 0.00) m/s | speed=0.10 m/s | net=0.09 m | straightness=0.73 | direction=0.00 | state=STATIONARY | detections=298
[INFO] [1790212282.167228548] [sage_semantic_world_model]: Target 3 updated | association_distance=0.05 m | raw=(-6.69, 7.62, 0.00) | smoothed=(-6.66, 7.59, 0.00) | velocity=(0.04, -0.04, 0.00) m/s | speed=0.05 m/s | net=0.07 m | straightness=0.54 | direction=0.00 | state=STATIONARY | detections=299
[INFO] [1790212282.269221067] [sage_semantic_world_model]: Target 3 updated | association_distance=0.04 m | raw=(-6.69, 7.62, 0.00) | smoothed=(-6.67, 7.60, 0.00) | velocity=(-0.03, 0.02, 0.00) m/s | speed=0.04 m/s | net=0.05 m | straightness=0.40 | direction=0.00 | state=STATIONARY | detections=300
[INFO] [1790212282.368385279] [sage_semantic_world_model]: Target 3 updated | association_distance=0.05 m | raw=(-6.62, 7.60, 0.00) | smoothed=(-6.66, 7.60, 0.00) | velocity=(-0.04, 0.06, 0.00) m/s | speed=0.07 m/s | net=0.06 m | straightness=0.42 | direction=0.00 | state=STATIONARY | detections=301
[INFO] [1790212282.463871665] [sage_semantic_world_model]: Target 3 updated | association_distance=0.04 m | raw=(-6.62, 7.60, 0.00) | smoothed=(-6.65, 7.60, 0.00) | velocity=(0.01, 0.03, 0.00) m/s | speed=0.03 m/s | net=0.05 m | straightness=0.39 | direction=0.00 | state=STATIONARY | detections=302
[INFO] [1790212282.572724910] [sage_semantic_world_model]: Target 3 updated | association_distance=0.03 m | raw=(-6.62, 7.60, 0.00) | smoothed=(-6.64, 7.60, 0.00) | velocity=(0.05, 0.01, 0.00) m/s | speed=0.05 m/s | net=0.05 m | straightness=0.37 | direction=0.00 | state=STATIONARY | detections=303
[INFO] [1790212282.666122359] [sage_semantic_world_model]: Target 3 updated | association_distance=0.09 m | raw=(-6.70, 7.66, 0.00) | smoothed=(-6.66, 7.61, 0.00) | velocity=(0.03, 0.04, 0.00) m/s | speed=0.05 m/s | net=0.02 m | straightness=0.16 | direction=0.00 | state=STATIONARY | detections=304
[INFO] [1790212282.775669138] [sage_semantic_world_model]: Target 3 updated | association_distance=0.07 m | raw=(-6.70, 7.66, 0.00) | smoothed=(-6.67, 7.63, 0.00) | velocity=(-0.03, 0.07, 0.00) m/s | speed=0.07 m/s | net=0.04 m | straightness=0.30 | direction=0.00 | state=STATIONARY | detections=305
[INFO] [1790212282.866903459] [sage_semantic_world_model]: Target 3 updated | association_distance=0.05 m | raw=(-6.70, 7.66, 0.00) | smoothed=(-6.68, 7.63, 0.00) | velocity=(-0.07, 0.09, 0.00) m/s | speed=0.12 m/s | net=0.07 m | straightness=0.60 | direction=0.00 | state=STATIONARY | detections=306
[INFO] [1790212282.970946219] [sage_semantic_world_model]: Target 3 updated | association_distance=0.24 m | raw=(-6.85, 7.81, 0.00) | smoothed=(-6.72, 7.68, 0.00) | velocity=(-0.20, 0.21, 0.00) m/s | speed=0.28 m/s | net=0.11 m | straightness=0.70 | direction=0.00 | state=STATIONARY | detections=307
[INFO] [1790212283.068226071] [sage_semantic_world_model]: Target 3 updated | association_distance=0.18 m | raw=(-6.85, 7.81, 0.00) | smoothed=(-6.75, 7.71, 0.00) | velocity=(-0.24, 0.24, 0.00) m/s | speed=0.34 m/s | net=0.15 m | straightness=0.75 | direction=0.00 | state=STATIONARY | detections=308
[INFO] [1790212283.161684866] [sage_semantic_world_model]: Target 3 updated | association_distance=0.14 m | raw=(-6.85, 7.81, 0.00) | smoothed=(-6.78, 7.74, 0.00) | velocity=(-0.27, 0.27, 0.00) m/s | speed=0.39 m/s | net=0.17 m | straightness=0.78 | direction=0.00 | state=STATIONARY | detections=309
[INFO] [1790212283.261014090] [sage_semantic_world_model]: Target 3 updated | association_distance=0.10 m | raw=(-6.85, 7.81, 0.00) | smoothed=(-6.79, 7.75, 0.00) | velocity=(-0.30, 0.30, 0.00) m/s | speed=0.42 m/s | net=0.21 m | straightness=0.88 | direction=0.00 | state=STATIONARY | detections=310
[INFO] [1790212283.366414726] [sage_semantic_world_model]: Target 3 updated | association_distance=0.16 m | raw=(-6.89, 7.88, 0.00) | smoothed=(-6.82, 7.79, 0.00) | velocity=(-0.25, 0.27, 0.00) m/s | speed=0.37 m/s | net=0.25 m | straightness=0.95 | direction=0.00 | state=STATIONARY | detections=311
[INFO] [1790212283.464017968] [sage_semantic_world_model]: Target 3 updated | association_distance=0.12 m | raw=(-6.89, 7.88, 0.00) | smoothed=(-6.84, 7.81, 0.00) | velocity=(-0.21, 0.25, 0.00) m/s | speed=0.33 m/s | net=0.29 m | straightness=1.00 | direction=0.00 | state=STATIONARY | detections=312
[INFO] [1790212283.567912554] [sage_semantic_world_model]: Target 3 updated | association_distance=0.09 m | raw=(-6.89, 7.88, 0.00) | smoothed=(-6.85, 7.83, 0.00) | velocity=(-0.19, 0.23, 0.00) m/s | speed=0.30 m/s | net=0.29 m | straightness=1.00 | direction=0.00 | state=STATIONARY | detections=313
[INFO] [1790212283.671787950] [sage_semantic_world_model]: Target 3 updated | association_distance=0.07 m | raw=(-6.89, 7.88, 0.00) | smoothed=(-6.86, 7.84, 0.00) | velocity=(-0.17, 0.22, 0.00) m/s | speed=0.27 m/s | net=0.29 m | straightness=1.00 | direction=0.00 | state=STATIONARY | detections=314
[INFO] [1790212283.770557764] [sage_semantic_world_model]: Target 3 updated | association_distance=0.05 m | raw=(-6.89, 7.88, 0.00) | smoothed=(-6.87, 7.85, 0.00) | velocity=(-0.13, 0.16, 0.00) m/s | speed=0.21 m/s | net=0.29 m | straightness=1.00 | direction=0.00 | state=STATIONARY | detections=315
[INFO] [1790212283.866006924] [sage_semantic_world_model]: Target 3 updated | association_distance=0.33 m | raw=(-7.05, 8.13, 0.00) | smoothed=(-6.91, 7.92, 0.00) | velocity=(-0.19, 0.28, 0.00) m/s | speed=0.34 m/s | net=0.31 m | straightness=1.00 | direction=0.00 | state=STATIONARY | detections=316
[INFO] [1790212283.964201481] [sage_semantic_world_model]: Target 3 updated | association_distance=0.25 m | raw=(-7.05, 8.13, 0.00) | smoothed=(-6.95, 7.97, 0.00) | velocity=(-0.25, 0.36, 0.00) m/s | speed=0.44 m/s | net=0.33 m | straightness=1.00 | direction=0.00 | state=STATIONARY | detections=317
[INFO] [1790212284.071376837] [sage_semantic_world_model]: Target 3 updated | association_distance=0.19 m | raw=(-7.05, 8.13, 0.00) | smoothed=(-6.97, 8.01, 0.00) | velocity=(-0.28, 0.42, 0.00) m/s | speed=0.51 m/s | net=0.34 m | straightness=1.00 | direction=0.00 | state=STATIONARY | detections=318
[INFO] [1790212284.171141603] [sage_semantic_world_model]: Target 3 updated | association_distance=0.17 m | raw=(-7.04, 8.17, 0.00) | smoothed=(-6.99, 8.05, 0.00) | velocity=(-0.31, 0.50, 0.00) m/s | speed=0.59 m/s | net=0.36 m | straightness=1.00 | direction=0.00 | state=STATIONARY | detections=319
[INFO] [1790212284.263569339] [sage_semantic_world_model]: Target 3 updated | association_distance=0.13 m | raw=(-7.04, 8.17, 0.00) | smoothed=(-7.00, 8.08, 0.00) | velocity=(-0.23, 0.40, 0.00) m/s | speed=0.46 m/s | net=0.35 m | straightness=1.00 | direction=0.00 | state=STATIONARY | detections=320
[INFO] [1790212284.362406715] [sage_semantic_world_model]: Target 3 updated | association_distance=0.06 m | raw=(-6.96, 8.12, 0.00) | smoothed=(-6.99, 8.09, 0.00) | velocity=(-0.11, 0.29, 0.00) m/s | speed=0.31 m/s | net=0.32 m | straightness=0.96 | direction=0.00 | state=STATIONARY | detections=321
[INFO] [1790212284.467835856] [sage_semantic_world_model]: Target 3 updated | association_distance=0.04 m | raw=(-6.96, 8.12, 0.00) | smoothed=(-6.99, 8.10, 0.00) | velocity=(-0.03, 0.21, 0.00) m/s | speed=0.21 m/s | net=0.30 m | straightness=0.94 | direction=0.00 | state=STATIONARY | detections=322
[INFO] [1790212284.569106788] [sage_semantic_world_model]: Target 3 updated | association_distance=0.03 m | raw=(-6.96, 8.12, 0.00) | smoothed=(-6.98, 8.10, 0.00) | velocity=(0.03, 0.13, 0.00) m/s | speed=0.13 m/s | net=0.29 m | straightness=0.92 | direction=0.00 | state=STATIONARY | detections=323
[INFO] [1790212284.672984586] [sage_semantic_world_model]: Target 3 updated | association_distance=0.13 m | raw=(-6.88, 8.02, 0.00) | smoothed=(-6.95, 8.08, 0.00) | velocity=(0.12, 0.00, 0.00) m/s | speed=0.12 m/s | net=0.24 m | straightness=0.74 | direction=0.00 | state=STATIONARY | detections=324
[INFO] [1790212284.766047910] [sage_semantic_world_model]: Target 3 updated | association_distance=0.10 m | raw=(-6.88, 8.02, 0.00) | smoothed=(-6.94, 8.06, 0.00) | velocity=(0.14, -0.06, 0.00) m/s | speed=0.16 m/s | net=0.14 m | straightness=0.53 | direction=0.00 | state=STATIONARY | detections=325
[INFO] [1790212284.870991098] [sage_semantic_world_model]: Target 3 updated | association_distance=0.05 m | raw=(-6.92, 8.01, 0.00) | smoothed=(-6.93, 8.05, 0.00) | velocity=(0.14, -0.11, 0.00) m/s | speed=0.18 m/s | net=0.08 m | straightness=0.36 | direction=0.00 | state=STATIONARY | detections=326
[INFO] [1790212284.964671357] [sage_semantic_world_model]: Target 3 updated | association_distance=0.04 m | raw=(-6.92, 8.01, 0.00) | smoothed=(-6.93, 8.04, 0.00) | velocity=(0.13, -0.15, 0.00) m/s | speed=0.20 m/s | net=0.06 m | straightness=0.29 | direction=0.00 | state=STATIONARY | detections=327
[INFO] [1790212285.066713948] [sage_semantic_world_model]: Target 3 updated | association_distance=0.03 m | raw=(-6.92, 8.01, 0.00) | smoothed=(-6.92, 8.03, 0.00) | velocity=(0.07, -0.11, 0.00) m/s | speed=0.13 m/s | net=0.07 m | straightness=0.44 | direction=0.00 | state=STATIONARY | detections=328
[INFO] [1790212285.168774516] [sage_semantic_world_model]: Target 3 updated | association_distance=0.15 m | raw=(-6.83, 7.91, 0.00) | smoothed=(-6.90, 8.00, 0.00) | velocity=(0.08, -0.15, 0.00) m/s | speed=0.17 m/s | net=0.13 m | straightness=0.79 | direction=0.00 | state=STATIONARY | detections=329
[INFO] [1790212285.262447191] [sage_semantic_world_model]: Target 3 updated | association_distance=0.11 m | raw=(-6.83, 7.91, 0.00) | smoothed=(-6.88, 7.98, 0.00) | velocity=(0.12, -0.18, 0.00) m/s | speed=0.21 m/s | net=0.15 m | straightness=0.88 | direction=0.00 | state=STATIONARY | detections=330
[INFO] [1790212285.373557568] [sage_semantic_world_model]: Target 3 updated | association_distance=0.09 m | raw=(-6.83, 7.91, 0.00) | smoothed=(-6.87, 7.96, 0.00) | velocity=(0.14, -0.20, 0.00) m/s | speed=0.24 m/s | net=0.17 m | straightness=0.94 | direction=0.00 | state=STATIONARY | detections=331
[INFO] [1790212285.470478701] [sage_semantic_world_model]: Target 3 updated | association_distance=0.24 m | raw=(-6.71, 7.79, 0.00) | smoothed=(-6.83, 7.92, 0.00) | velocity=(0.23, -0.29, 0.00) m/s | speed=0.37 m/s | net=0.23 m | straightness=0.99 | direction=0.00 | state=STATIONARY | detections=332
[INFO] [1790212285.563010946] [sage_semantic_world_model]: Target 3 updated | association_distance=0.18 m | raw=(-6.71, 7.79, 0.00) | smoothed=(-6.80, 7.89, 0.00) | velocity=(0.25, -0.30, 0.00) m/s | speed=0.39 m/s | net=0.25 m | straightness=0.99 | direction=0.00 | state=STATIONARY | detections=333
[INFO] [1790212285.661703517] [sage_semantic_world_model]: Target 3 updated | association_distance=0.13 m | raw=(-6.71, 7.79, 0.00) | smoothed=(-6.78, 7.86, 0.00) | velocity=(0.27, -0.30, 0.00) m/s | speed=0.40 m/s | net=0.26 m | straightness=0.99 | direction=0.00 | state=STATIONARY | detections=334
[INFO] [1790212285.763726017] [sage_semantic_world_model]: Target 3 updated | association_distance=0.03 m | raw=(-6.81, 7.87, 0.00) | smoothed=(-6.79, 7.86, 0.00) | velocity=(0.21, -0.25, 0.00) m/s | speed=0.33 m/s | net=0.24 m | straightness=0.94 | direction=0.00 | state=STATIONARY | detections=335
[INFO] [1790212285.863161588] [sage_semantic_world_model]: Target 3 updated | association_distance=0.02 m | raw=(-6.81, 7.87, 0.00) | smoothed=(-6.79, 7.86, 0.00) | velocity=(0.10, -0.14, 0.00) m/s | speed=0.17 m/s | net=0.22 m | straightness=0.90 | direction=0.00 | state=STATIONARY | detections=336
[INFO] [1790212286.465290395] [sage_semantic_world_model]: Target 3 updated | association_distance=0.40 m | raw=(-6.55, 7.55, 0.00) | smoothed=(-6.73, 7.79, 0.00) | velocity=(0.08, -0.11, 0.00) m/s | speed=0.14 m/s | net=0.31 m | straightness=0.93 | direction=0.00 | state=STATIONARY | detections=337
[INFO] [1790212286.571643894] [sage_semantic_world_model]: Target 3 updated | association_distance=0.30 m | raw=(-6.55, 7.55, 0.00) | smoothed=(-6.69, 7.73, 0.00) | velocity=(0.10, -0.15, 0.00) m/s | speed=0.18 m/s | net=0.35 m | straightness=0.93 | direction=0.00 | state=STATIONARY | detections=338
[INFO] [1790212286.661314145] [sage_semantic_world_model]: Target 3 updated | association_distance=0.22 m | raw=(-6.55, 7.55, 0.00) | smoothed=(-6.65, 7.68, 0.00) | velocity=(0.15, -0.20, 0.00) m/s | speed=0.25 m/s | net=0.38 m | straightness=0.94 | direction=0.00 | state=STATIONARY | detections=339
[INFO] [1790212287.663559282] [sage_semantic_world_model]: Target 3 updated | association_distance=0.03 m | raw=(-6.64, 7.71, 0.00) | smoothed=(-6.65, 7.69, 0.00) | velocity=(0.08, -0.10, 0.00) m/s | speed=0.13 m/s | net=0.35 m | straightness=0.91 | direction=0.00 | state=STATIONARY | detections=340
[INFO] [1790212287.762803837] [sage_semantic_world_model]: Target 3 updated | association_distance=0.02 m | raw=(-6.64, 7.71, 0.00) | smoothed=(-6.64, 7.70, 0.00) | velocity=(0.07, -0.07, 0.00) m/s | speed=0.10 m/s | net=0.29 m | straightness=0.87 | direction=0.00 | state=STATIONARY | detections=341
[INFO] [1790212287.866680021] [sage_semantic_world_model]: Target 3 updated | association_distance=0.02 m | raw=(-6.64, 7.71, 0.00) | smoothed=(-6.64, 7.70, 0.00) | velocity=(0.03, -0.02, 0.00) m/s | speed=0.04 m/s | net=0.24 m | straightness=0.83 | direction=0.00 | state=STATIONARY | detections=342
[INFO] [1790212287.961181611] [sage_semantic_world_model]: Target 3 updated | association_distance=0.01 m | raw=(-6.64, 7.71, 0.00) | smoothed=(-6.64, 7.70, 0.00) | velocity=(0.01, 0.02, 0.00) m/s | speed=0.02 m/s | net=0.21 m | straightness=0.79 | direction=0.00 | state=STATIONARY | detections=343
[INFO] [1790212288.064812641] [sage_semantic_world_model]: Target 3 updated | association_distance=0.01 m | raw=(-6.64, 7.71, 0.00) | smoothed=(-6.64, 7.71, 0.00) | velocity=(0.02, 0.04, 0.00) m/s | speed=0.04 m/s | net=0.22 m | straightness=0.83 | direction=0.00 | state=STATIONARY | detections=344
[INFO] [1790212288.162179494] [sage_semantic_world_model]: Target 3 updated | association_distance=0.01 m | raw=(-6.64, 7.71, 0.00) | smoothed=(-6.64, 7.71, 0.00) | velocity=(0.02, 0.03, 0.00) m/s | speed=0.03 m/s | net=0.22 m | straightness=0.86 | direction=0.00 | state=STATIONARY | detections=345
[INFO] [1790212288.272968280] [sage_semantic_world_model]: Target 3 updated | association_distance=0.01 m | raw=(-6.64, 7.71, 0.00) | smoothed=(-6.64, 7.71, 0.00) | velocity=(0.01, 0.02, 0.00) m/s | speed=0.02 m/s | net=0.12 m | straightness=0.76 | direction=0.00 | state=STATIONARY | detections=346
[INFO] [1790212288.375736191] [sage_semantic_world_model]: Target 3 updated | association_distance=0.12 m | raw=(-6.64, 7.59, 0.00) | smoothed=(-6.64, 7.68, 0.00) | velocity=(0.01, -0.06, 0.00) m/s | speed=0.06 m/s | net=0.07 m | straightness=0.59 | direction=0.00 | state=STATIONARY | detections=347
[INFO] [1790212288.461354775] [sage_semantic_world_model]: Target 3 updated | association_distance=0.09 m | raw=(-6.64, 7.59, 0.00) | smoothed=(-6.64, 7.66, 0.00) | velocity=(0.00, -0.12, 0.00) m/s | speed=0.12 m/s | net=0.03 m | straightness=0.36 | direction=0.00 | state=STATIONARY | detections=348
[INFO] [1790212288.563232255] [sage_semantic_world_model]: Target 3 updated | association_distance=0.07 m | raw=(-6.64, 7.59, 0.00) | smoothed=(-6.64, 7.64, 0.00) | velocity=(-0.00, -0.17, 0.00) m/s | speed=0.17 m/s | net=0.05 m | straightness=0.57 | direction=0.00 | state=STATIONARY | detections=349
[INFO] [1790212288.665031544] [sage_semantic_world_model]: Target 3 updated | association_distance=0.05 m | raw=(-6.64, 7.59, 0.00) | smoothed=(-6.64, 7.63, 0.00) | velocity=(-0.00, -0.20, 0.00) m/s | speed=0.20 m/s | net=0.07 m | straightness=0.72 | direction=0.00 | state=STATIONARY | detections=350
[INFO] [1790212288.768196019] [sage_semantic_world_model]: Target 3 updated | association_distance=0.04 m | raw=(-6.64, 7.59, 0.00) | smoothed=(-6.64, 7.62, 0.00) | velocity=(-0.00, -0.15, 0.00) m/s | speed=0.15 m/s | net=0.08 m | straightness=0.82 | direction=0.00 | state=STATIONARY | detections=351
[INFO] [1790212288.861003565] [sage_semantic_world_model]: Target 3 updated | association_distance=0.03 m | raw=(-6.64, 7.59, 0.00) | smoothed=(-6.64, 7.61, 0.00) | velocity=(-0.00, -0.11, 0.00) m/s | speed=0.11 m/s | net=0.09 m | straightness=0.89 | direction=0.00 | state=STATIONARY | detections=352
[INFO] [1790212288.969989816] [sage_semantic_world_model]: Target 3 updated | association_distance=0.02 m | raw=(-6.64, 7.59, 0.00) | smoothed=(-6.64, 7.61, 0.00) | velocity=(-0.00, -0.08, 0.00) m/s | speed=0.08 m/s | net=0.10 m | straightness=0.94 | direction=0.00 | state=STATIONARY | detections=353
[INFO] [1790212289.067629229] [sage_semantic_world_model]: Target 3 updated | association_distance=0.02 m | raw=(-6.64, 7.59, 0.00) | smoothed=(-6.64, 7.60, 0.00) | velocity=(-0.00, -0.06, 0.00) m/s | speed=0.06 m/s | net=0.10 m | straightness=0.97 | direction=0.00 | state=STATIONARY | detections=354
[INFO] [1790212289.167363512] [sage_semantic_world_model]: Target 3 updated | association_distance=0.01 m | raw=(-6.64, 7.59, 0.00) | smoothed=(-6.64, 7.60, 0.00) | velocity=(-0.00, -0.05, 0.00) m/s | speed=0.05 m/s | net=0.11 m | straightness=1.00 | direction=0.00 | state=STATIONARY | detections=355
[INFO] [1790212289.267050619] [sage_semantic_world_model]: Target 3 updated | association_distance=0.01 m | raw=(-6.64, 7.59, 0.00) | smoothed=(-6.64, 7.60, 0.00) | velocity=(-0.00, -0.04, 0.00) m/s | speed=0.04 m/s | net=0.08 m | straightness=1.00 | direction=0.00 | state=STATIONARY | detections=356
[INFO] [1790212289.377404728] [sage_semantic_world_model]: Target 3 updated | association_distance=0.01 m | raw=(-6.64, 7.59, 0.00) | smoothed=(-6.64, 7.60, 0.00) | velocity=(-0.00, -0.03, 0.00) m/s | speed=0.03 m/s | net=0.06 m | straightness=1.00 | direction=0.00 | state=STATIONARY | detections=357
[INFO] [1790212289.468298442] [sage_semantic_world_model]: Target 3 updated | association_distance=0.00 m | raw=(-6.64, 7.59, 0.00) | smoothed=(-6.64, 7.59, 0.00) | velocity=(-0.00, -0.02, 0.00) m/s | speed=0.02 m/s | net=0.05 m | straightness=1.00 | direction=0.00 | state=STATIONARY | detections=358
[INFO] [1790212289.564532851] [sage_semantic_world_model]: Target 3 updated | association_distance=0.00 m | raw=(-6.64, 7.59, 0.00) | smoothed=(-6.64, 7.59, 0.00) | velocity=(-0.00, -0.02, 0.00) m/s | speed=0.02 m/s | net=0.03 m | straightness=1.00 | direction=0.00 | state=STATIONARY | detections=359
[INFO] [1790212289.664967609] [sage_semantic_world_model]: Target 3 updated | association_distance=0.04 m | raw=(-6.61, 7.57, 0.00) | smoothed=(-6.63, 7.59, 0.00) | velocity=(0.02, -0.02, 0.00) m/s | speed=0.03 m/s | net=0.03 m | straightness=0.89 | direction=0.00 | state=STATIONARY | detections=360
[INFO] [1790212289.765178408] [sage_semantic_world_model]: Target 3 updated | association_distance=0.03 m | raw=(-6.61, 7.57, 0.00) | smoothed=(-6.63, 7.59, 0.00) | velocity=(0.04, -0.03, 0.00) m/s | speed=0.04 m/s | net=0.03 m | straightness=0.86 | direction=0.00 | state=STATIONARY | detections=361
[INFO] [1790212289.864245742] [sage_semantic_world_model]: Target 3 updated | association_distance=0.02 m | raw=(-6.61, 7.57, 0.00) | smoothed=(-6.62, 7.58, 0.00) | velocity=(0.05, -0.03, 0.00) m/s | speed=0.06 m/s | net=0.03 m | straightness=0.87 | direction=0.00 | state=STATIONARY | detections=362
[INFO] [1790212289.965460097] [sage_semantic_world_model]: Target 3 updated | association_distance=0.13 m | raw=(-6.67, 7.70, 0.00) | smoothed=(-6.63, 7.61, 0.00) | velocity=(0.01, 0.04, 0.00) m/s | speed=0.05 m/s | net=0.01 m | straightness=0.16 | direction=0.00 | state=STATIONARY | detections=363
[INFO] [1790212290.069396376] [sage_semantic_world_model]: Target 3 updated | association_distance=0.09 m | raw=(-6.67, 7.70, 0.00) | smoothed=(-6.64, 7.63, 0.00) | velocity=(-0.03, 0.11, 0.00) m/s | speed=0.11 m/s | net=0.03 m | straightness=0.40 | direction=0.00 | state=STATIONARY | detections=364
[INFO] [1790212290.168835051] [sage_semantic_world_model]: Target 3 updated | association_distance=0.07 m | raw=(-6.67, 7.70, 0.00) | smoothed=(-6.65, 7.65, 0.00) | velocity=(-0.06, 0.16, 0.00) m/s | speed=0.17 m/s | net=0.05 m | straightness=0.53 | direction=0.00 | state=STATIONARY | detections=365
[INFO] [1790212290.265306664] [sage_semantic_world_model]: Target 3 updated | association_distance=0.24 m | raw=(-6.84, 7.80, 0.00) | smoothed=(-6.70, 7.69, 0.00) | velocity=(-0.19, 0.26, 0.00) m/s | speed=0.32 m/s | net=0.11 m | straightness=0.69 | direction=0.00 | state=STATIONARY | detections=366
[INFO] [1790212290.364418967] [sage_semantic_world_model]: Target 3 updated | association_distance=0.18 m | raw=(-6.84, 7.80, 0.00) | smoothed=(-6.73, 7.71, 0.00) | velocity=(-0.24, 0.26, 0.00) m/s | speed=0.36 m/s | net=0.15 m | straightness=0.76 | direction=0.00 | state=STATIONARY | detections=367
[INFO] [1790212290.480853999] [sage_semantic_world_model]: Target 3 updated | association_distance=0.13 m | raw=(-6.84, 7.80, 0.00) | smoothed=(-6.76, 7.74, 0.00) | velocity=(-0.28, 0.26, 0.00) m/s | speed=0.38 m/s | net=0.18 m | straightness=0.79 | direction=0.00 | state=STATIONARY | detections=368
[INFO] [1790212290.567622769] [sage_semantic_world_model]: Target 3 updated | association_distance=0.10 m | raw=(-6.84, 7.80, 0.00) | smoothed=(-6.78, 7.75, 0.00) | velocity=(-0.31, 0.26, 0.00) m/s | speed=0.41 m/s | net=0.22 m | straightness=0.88 | direction=0.00 | state=STATIONARY | detections=369
[INFO] [1790212290.673368431] [sage_semantic_world_model]: Target 3 updated | association_distance=0.06 m | raw=(-6.72, 7.73, 0.00) | smoothed=(-6.76, 7.75, 0.00) | velocity=(-0.16, 0.15, 0.00) m/s | speed=0.22 m/s | net=0.21 m | straightness=0.83 | direction=0.00 | state=STATIONARY | detections=370
[INFO] [1790212290.770213234] [sage_semantic_world_model]: Target 3 updated | association_distance=0.04 m | raw=(-6.72, 7.73, 0.00) | smoothed=(-6.75, 7.74, 0.00) | velocity=(-0.05, 0.07, 0.00) m/s | speed=0.09 m/s | net=0.21 m | straightness=0.80 | direction=0.00 | state=STATIONARY | detections=371
[INFO] [1790212290.870424282] [sage_semantic_world_model]: Target 3 updated | association_distance=0.03 m | raw=(-6.72, 7.73, 0.00) | smoothed=(-6.75, 7.74, 0.00) | velocity=(0.03, 0.01, 0.00) m/s | speed=0.03 m/s | net=0.17 m | straightness=0.72 | direction=0.00 | state=STATIONARY | detections=372
[INFO] [1790212290.968615477] [sage_semantic_world_model]: Target 3 updated | association_distance=0.16 m | raw=(-6.82, 7.88, 0.00) | smoothed=(-6.76, 7.78, 0.00) | velocity=(0.04, 0.06, 0.00) m/s | speed=0.07 m/s | net=0.19 m | straightness=0.74 | direction=0.00 | state=STATIONARY | detections=373
[INFO] [1790212291.064343741] [sage_semantic_world_model]: Target 3 updated | association_distance=0.12 m | raw=(-6.82, 7.88, 0.00) | smoothed=(-6.78, 7.80, 0.00) | velocity=(-0.03, 0.14, 0.00) m/s | speed=0.14 m/s | net=0.20 m | straightness=0.75 | direction=0.00 | state=STATIONARY | detections=374
[INFO] [1790212291.163743798] [sage_semantic_world_model]: Target 3 updated | association_distance=0.09 m | raw=(-6.82, 7.88, 0.00) | smoothed=(-6.79, 7.82, 0.00) | velocity=(-0.08, 0.20, 0.00) m/s | speed=0.21 m/s | net=0.16 m | straightness=0.71 | direction=0.00 | state=STATIONARY | detections=375
[INFO] [1790212291.273880672] [sage_semantic_world_model]: Target 3 updated | association_distance=0.10 m | raw=(-6.81, 7.92, 0.00) | smoothed=(-6.79, 7.85, 0.00) | velocity=(-0.11, 0.26, 0.00) m/s | speed=0.28 m/s | net=0.14 m | straightness=0.69 | direction=0.00 | state=STATIONARY | detections=376
[INFO] [1790212291.363639851] [sage_semantic_world_model]: Target 3 updated | association_distance=0.07 m | raw=(-6.81, 7.92, 0.00) | smoothed=(-6.80, 7.86, 0.00) | velocity=(-0.08, 0.22, 0.00) m/s | speed=0.24 m/s | net=0.13 m | straightness=0.69 | direction=0.00 | state=STATIONARY | detections=377
[INFO] [1790212291.463517572] [sage_semantic_world_model]: Target 3 updated | association_distance=0.06 m | raw=(-6.81, 7.92, 0.00) | smoothed=(-6.80, 7.88, 0.00) | velocity=(-0.06, 0.19, 0.00) m/s | speed=0.20 m/s | net=0.13 m | straightness=0.70 | direction=0.00 | state=STATIONARY | detections=378
[INFO] [1790212291.568446926] [sage_semantic_world_model]: Target 3 updated | association_distance=0.14 m | raw=(-6.87, 8.00, 0.00) | smoothed=(-6.82, 7.91, 0.00) | velocity=(-0.08, 0.22, 0.00) m/s | speed=0.23 m/s | net=0.17 m | straightness=0.84 | direction=0.00 | state=STATIONARY | detections=379
[INFO] [1790212291.665773878] [sage_semantic_world_model]: Target 3 updated | association_distance=0.11 m | raw=(-6.87, 8.00, 0.00) | smoothed=(-6.83, 7.93, 0.00) | velocity=(-0.10, 0.22, 0.00) m/s | speed=0.24 m/s | net=0.20 m | straightness=0.93 | direction=0.00 | state=STATIONARY | detections=380
[INFO] [1790212291.762149937] [sage_semantic_world_model]: Target 3 updated | association_distance=0.08 m | raw=(-6.87, 8.00, 0.00) | smoothed=(-6.84, 7.95, 0.00) | velocity=(-0.11, 0.22, 0.00) m/s | speed=0.24 m/s | net=0.23 m | straightness=0.99 | direction=0.00 | state=STATIONARY | detections=381
[INFO] [1790212291.861903662] [sage_semantic_world_model]: Target 3 updated | association_distance=0.19 m | raw=(-6.93, 8.11, 0.00) | smoothed=(-6.86, 7.99, 0.00) | velocity=(-0.16, 0.28, 0.00) m/s | speed=0.33 m/s | net=0.24 m | straightness=0.99 | direction=0.00 | state=STATIONARY | detections=382
[INFO] [1790212291.962369964] [sage_semantic_world_model]: Target 3 updated | association_distance=0.14 m | raw=(-6.93, 8.11, 0.00) | smoothed=(-6.88, 8.02, 0.00) | velocity=(-0.16, 0.28, 0.00) m/s | speed=0.33 m/s | net=0.24 m | straightness=0.99 | direction=0.00 | state=STATIONARY | detections=383
[INFO] [1790212292.074585654] [sage_semantic_world_model]: Target 3 updated | association_distance=0.11 m | raw=(-6.93, 8.11, 0.00) | smoothed=(-6.89, 8.04, 0.00) | velocity=(-0.16, 0.28, 0.00) m/s | speed=0.32 m/s | net=0.25 m | straightness=0.99 | direction=0.00 | state=STATIONARY | detections=384
[INFO] [1790212292.172904779] [sage_semantic_world_model]: Target 3 updated | association_distance=0.14 m | raw=(-6.91, 7.90, 0.00) | smoothed=(-6.90, 8.01, 0.00) | velocity=(-0.14, 0.14, 0.00) m/s | speed=0.20 m/s | net=0.19 m | straightness=0.75 | direction=0.00 | state=STATIONARY | detections=385
[INFO] [1790212292.267625384] [sage_semantic_world_model]: Target 3 updated | association_distance=0.11 m | raw=(-6.91, 7.90, 0.00) | smoothed=(-6.90, 7.98, 0.00) | velocity=(-0.09, -0.02, 0.00) m/s | speed=0.09 m/s | net=0.16 m | straightness=0.59 | direction=0.00 | state=STATIONARY | detections=386
[INFO] [1790212292.368165016] [sage_semantic_world_model]: Target 3 updated | association_distance=0.27 m | raw=(-6.75, 7.76, 0.00) | smoothed=(-6.86, 7.93, 0.00) | velocity=(0.04, -0.23, 0.00) m/s | speed=0.24 m/s | net=0.08 m | straightness=0.26 | direction=0.00 | state=STATIONARY | detections=387
[INFO] [1790212292.465576175] [sage_semantic_world_model]: Target 3 updated | association_distance=0.20 m | raw=(-6.75, 7.76, 0.00) | smoothed=(-6.84, 7.89, 0.00) | velocity=(0.15, -0.40, 0.00) m/s | speed=0.42 m/s | net=0.03 m | straightness=0.09 | direction=0.00 | state=STATIONARY | detections=388
[INFO] [1790212292.563306433] [sage_semantic_world_model]: Target 3 updated | association_distance=0.15 m | raw=(-6.75, 7.76, 0.00) | smoothed=(-6.82, 7.85, 0.00) | velocity=(0.21, -0.40, 0.00) m/s | speed=0.45 m/s | net=0.08 m | straightness=0.23 | direction=0.00 | state=STATIONARY | detections=389
[INFO] [1790212292.676720650] [sage_semantic_world_model]: Target 3 updated | association_distance=0.27 m | raw=(-6.64, 7.65, 0.00) | smoothed=(-6.77, 7.80, 0.00) | velocity=(0.32, -0.45, 0.00) m/s | speed=0.56 m/s | net=0.16 m | straightness=0.42 | direction=0.00 | state=STATIONARY | detections=390
[INFO] [1790212292.764304855] [sage_semantic_world_model]: Target 3 updated | association_distance=0.21 m | raw=(-6.64, 7.65, 0.00) | smoothed=(-6.74, 7.76, 0.00) | velocity=(0.32, -0.41, 0.00) m/s | speed=0.52 m/s | net=0.26 m | straightness=0.66 | direction=0.00 | state=STATIONARY | detections=391
[INFO] [1790212292.864290813] [sage_semantic_world_model]: Target 3 updated | association_distance=0.15 m | raw=(-6.64, 7.65, 0.00) | smoothed=(-6.71, 7.73, 0.00) | velocity=(0.31, -0.38, 0.00) m/s | speed=0.49 m/s | net=0.33 m | straightness=0.83 | direction=0.00 | state=STATIONARY | detections=392
[INFO] [1790212292.962338161] [sage_semantic_world_model]: Target 3 updated | association_distance=0.22 m | raw=(-6.57, 7.56, 0.00) | smoothed=(-6.68, 7.69, 0.00) | velocity=(0.34, -0.41, 0.00) m/s | speed=0.54 m/s | net=0.42 m | straightness=0.97 | direction=0.00 | state=STATIONARY | detections=393
[INFO] [1790212293.069891147] [sage_semantic_world_model]: Target 3 updated | association_distance=0.17 m | raw=(-6.57, 7.56, 0.00) | smoothed=(-6.65, 7.66, 0.00) | velocity=(0.30, -0.36, 0.00) m/s | speed=0.47 m/s | net=0.43 m | straightness=0.98 | direction=0.00 | state=STATIONARY | detections=394
[INFO] [1790212293.171923567] [sage_semantic_world_model]: Target 3 updated | association_distance=0.13 m | raw=(-6.57, 7.56, 0.00) | smoothed=(-6.63, 7.63, 0.00) | velocity=(0.26, -0.33, 0.00) m/s | speed=0.42 m/s | net=0.44 m | straightness=1.00 | direction=0.00 | state=STATIONARY | detections=395
[INFO] [1790212293.561159861] [sage_semantic_world_model]: Target 3 updated | association_distance=0.18 m | raw=(-6.51, 7.51, 0.00) | smoothed=(-6.60, 7.60, 0.00) | velocity=(0.16, -0.19, 0.00) m/s | speed=0.25 m/s | net=0.42 m | straightness=1.00 | direction=0.00 | state=STATIONARY | detections=396
[INFO] [1790212293.663690449] [sage_semantic_world_model]: Target 3 updated | association_distance=0.13 m | raw=(-6.51, 7.51, 0.00) | smoothed=(-6.58, 7.58, 0.00) | velocity=(0.14, -0.16, 0.00) m/s | speed=0.21 m/s | net=0.40 m | straightness=1.00 | direction=0.00 | state=STATIONARY | detections=397
[INFO] [1790212293.764695176] [sage_semantic_world_model]: Target 3 updated | association_distance=0.09 m | raw=(-6.51, 7.51, 0.00) | smoothed=(-6.56, 7.56, 0.00) | velocity=(0.13, -0.13, 0.00) m/s | speed=0.19 m/s | net=0.39 m | straightness=1.00 | direction=0.00 | state=STATIONARY | detections=398
[INFO] [1790212293.869141573] [sage_semantic_world_model]: Target 3 updated | association_distance=0.07 m | raw=(-6.51, 7.51, 0.00) | smoothed=(-6.55, 7.55, 0.00) | velocity=(0.12, -0.12, 0.00) m/s | speed=0.17 m/s | net=0.34 m | straightness=1.00 | direction=0.00 | state=STATIONARY | detections=399
[INFO] [1790212293.965151062] [sage_semantic_world_model]: Target 3 updated | association_distance=0.05 m | raw=(-6.51, 7.51, 0.00) | smoothed=(-6.54, 7.54, 0.00) | velocity=(0.15, -0.15, 0.00) m/s | speed=0.22 m/s | net=0.30 m | straightness=1.00 | direction=0.00 | state=STATIONARY | detections=400
[INFO] [1790212294.064956382] [sage_semantic_world_model]: Target 3 updated | association_distance=0.01 m | raw=(-6.53, 7.54, 0.00) | smoothed=(-6.54, 7.54, 0.00) | velocity=(0.10, -0.10, 0.00) m/s | speed=0.14 m/s | net=0.26 m | straightness=1.00 | direction=0.00 | state=STATIONARY | detections=401
[INFO] [1790212294.166720116] [sage_semantic_world_model]: Target 3 updated | association_distance=0.01 m | raw=(-6.53, 7.54, 0.00) | smoothed=(-6.53, 7.54, 0.00) | velocity=(0.07, -0.06, 0.00) m/s | speed=0.09 m/s | net=0.21 m | straightness=1.00 | direction=0.00 | state=STATIONARY | detections=402
[INFO] [1790212294.267835826] [sage_semantic_world_model]: Target 3 updated | association_distance=0.01 m | raw=(-6.53, 7.54, 0.00) | smoothed=(-6.53, 7.54, 0.00) | velocity=(0.04, -0.03, 0.00) m/s | speed=0.05 m/s | net=0.17 m | straightness=1.00 | direction=0.00 | state=STATIONARY | detections=403
[INFO] [1790212294.361703768] [sage_semantic_world_model]: Target 3 updated | association_distance=0.02 m | raw=(-6.52, 7.52, 0.00) | smoothed=(-6.53, 7.53, 0.00) | velocity=(0.02, -0.02, 0.00) m/s | speed=0.03 m/s | net=0.14 m | straightness=0.99 | direction=0.00 | state=STATIONARY | detections=404
[INFO] [1790212294.463221395] [sage_semantic_world_model]: Target 3 updated | association_distance=0.02 m | raw=(-6.52, 7.52, 0.00) | smoothed=(-6.53, 7.53, 0.00) | velocity=(0.02, -0.03, 0.00) m/s | speed=0.03 m/s | net=0.10 m | straightness=0.99 | direction=0.00 | state=STATIONARY | detections=405
[INFO] [1790212294.564010742] [sage_semantic_world_model]: Target 3 updated | association_distance=0.08 m | raw=(-6.48, 7.47, 0.00) | smoothed=(-6.52, 7.51, 0.00) | velocity=(0.05, -0.06, 0.00) m/s | speed=0.08 m/s | net=0.09 m | straightness=0.99 | direction=0.00 | state=STATIONARY | detections=406
[INFO] [1790212294.672630002] [sage_semantic_world_model]: Target 3 updated | association_distance=0.06 m | raw=(-6.48, 7.47, 0.00) | smoothed=(-6.51, 7.50, 0.00) | velocity=(0.06, -0.09, 0.00) m/s | speed=0.11 m/s | net=0.08 m | straightness=0.99 | direction=0.00 | state=STATIONARY | detections=407
[INFO] [1790212294.771667152] [sage_semantic_world_model]: Target 3 updated | association_distance=0.04 m | raw=(-6.48, 7.47, 0.00) | smoothed=(-6.50, 7.49, 0.00) | velocity=(0.07, -0.10, 0.00) m/s | speed=0.12 m/s | net=0.07 m | straightness=0.99 | direction=0.00 | state=STATIONARY | detections=408
[INFO] [1790212294.868387514] [sage_semantic_world_model]: Target 3 updated | association_distance=0.03 m | raw=(-6.48, 7.47, 0.00) | smoothed=(-6.49, 7.49, 0.00) | velocity=(0.08, -0.10, 0.00) m/s | speed=0.13 m/s | net=0.07 m | straightness=0.99 | direction=0.00 | state=STATIONARY | detections=409
[INFO] [1790212294.965956322] [sage_semantic_world_model]: Target 3 updated | association_distance=0.07 m | raw=(-6.54, 7.53, 0.00) | smoothed=(-6.51, 7.50, 0.00) | velocity=(0.02, -0.04, 0.00) m/s | speed=0.04 m/s | net=0.05 m | straightness=0.60 | direction=0.00 | state=STATIONARY | detections=410
[INFO] [1790212295.075500287] [sage_semantic_world_model]: Target 3 updated | association_distance=0.05 m | raw=(-6.54, 7.53, 0.00) | smoothed=(-6.52, 7.51, 0.00) | velocity=(-0.03, 0.01, 0.00) m/s | speed=0.03 m/s | net=0.04 m | straightness=0.39 | direction=0.00 | state=STATIONARY | detections=411
[INFO] [1790212295.165849355] [sage_semantic_world_model]: Target 3 updated | association_distance=0.04 m | raw=(-6.54, 7.53, 0.00) | smoothed=(-6.52, 7.51, 0.00) | velocity=(-0.06, 0.05, 0.00) m/s | speed=0.08 m/s | net=0.03 m | straightness=0.27 | direction=0.00 | state=STATIONARY | detections=412
[INFO] [1790212295.270831387] [sage_semantic_world_model]: Target 5 updated | association_distance=1.71 m | raw=(-10.75, 10.92, 0.00) | smoothed=(-9.52, 10.57, 0.00) | velocity=(-0.01, 0.00, 0.00) m/s | speed=0.01 m/s | net=0.00 m | straightness=0.00 | direction=0.00 | state=STATIONARY | detections=5
[INFO] [1790212295.367588931] [sage_semantic_world_model]: Target 5 updated | association_distance=1.28 m | raw=(-10.75, 10.92, 0.00) | smoothed=(-9.83, 10.66, 0.00) | velocity=(-0.02, 0.01, 0.00) m/s | speed=0.02 m/s | net=0.00 m | straightness=0.00 | direction=0.00 | state=STATIONARY | detections=6
[INFO] [1790212295.467303613] [sage_semantic_world_model]: Target 2 updated | association_distance=1.13 m | raw=(-8.66, 8.90, 0.00) | smoothed=(-8.05, 8.31, 0.00) | velocity=(-0.01, 0.00, 0.00) m/s | speed=0.01 m/s | net=1.34 m | straightness=0.98 | direction=1.00 | state=STATIONARY | detections=21
[INFO] [1790212295.570686930] [sage_semantic_world_model]: Target 2 updated | association_distance=0.85 m | raw=(-8.66, 8.90, 0.00) | smoothed=(-8.20, 8.46, 0.00) | velocity=(-0.01, 0.00, 0.00) m/s | speed=0.01 m/s | net=1.54 m | straightness=0.98 | direction=1.00 | state=STATIONARY | detections=22
[INFO] [1790212295.680261411] [sage_semantic_world_model]: Target 2 updated | association_distance=0.64 m | raw=(-8.66, 8.90, 0.00) | smoothed=(-8.32, 8.57, 0.00) | velocity=(-0.01, 0.00, 0.00) m/s | speed=0.01 m/s | net=1.69 m | straightness=0.98 | direction=1.00 | state=STATIONARY | detections=23
[INFO] [1790212308.568946431] [sage_semantic_world_model]: Target 3 updated | association_distance=1.24 m | raw=(-6.49, 8.76, 0.00) | smoothed=(-6.52, 7.82, 0.00) | velocity=(-0.00, 0.02, 0.00) m/s | speed=0.02 m/s | net=0.29 m | straightness=0.72 | direction=0.00 | state=STATIONARY | detections=413
[INFO] [1790212308.664187905] [sage_semantic_world_model]: Target 3 updated | association_distance=0.93 m | raw=(-6.49, 8.76, 0.00) | smoothed=(-6.51, 8.06, 0.00) | velocity=(-0.00, 0.04, 0.00) m/s | speed=0.04 m/s | net=0.53 m | straightness=0.83 | direction=0.56 | state=STATIONARY | detections=414
[INFO] [1790212308.764429123] [sage_semantic_world_model]: Target 3 updated | association_distance=0.70 m | raw=(-6.49, 8.76, 0.00) | smoothed=(-6.51, 8.23, 0.00) | velocity=(0.00, 0.05, 0.00) m/s | speed=0.05 m/s | net=0.72 m | straightness=0.91 | direction=0.67 | state=STATIONARY | detections=415
[INFO] [1790212308.865780523] [sage_semantic_world_model]: Target 3 updated | association_distance=1.07 m | raw=(-5.85, 7.39, 0.00) | smoothed=(-6.34, 8.02, 0.00) | velocity=(0.01, 0.04, 0.00) m/s | speed=0.04 m/s | net=0.54 m | straightness=0.52 | direction=0.33 | state=STATIONARY | detections=416
[INFO] [1790212308.971814368] [sage_semantic_world_model]: Target 3 updated | association_distance=0.80 m | raw=(-5.85, 7.39, 0.00) | smoothed=(-6.22, 7.86, 0.00) | velocity=(0.75, 0.10, 0.00) m/s | speed=0.75 m/s | net=0.46 m | straightness=0.38 | direction=0.00 | state=STATIONARY | detections=417
[INFO] [1790212309.069932892] [sage_semantic_world_model]: Target 3 updated | association_distance=0.60 m | raw=(-5.85, 7.39, 0.00) | smoothed=(-6.13, 7.74, 0.00) | velocity=(0.96, -0.78, 0.00) m/s | speed=1.23 m/s | net=0.45 m | straightness=0.33 | direction=0.00 | state=STATIONARY | detections=418
[INFO] [1790212309.166878211] [sage_semantic_world_model]: Target 3 updated | association_distance=0.45 m | raw=(-5.85, 7.39, 0.00) | smoothed=(-6.06, 7.66, 0.00) | velocity=(1.12, -1.43, 0.00) m/s | speed=1.82 m/s | net=0.48 m | straightness=0.32 | direction=0.00 | state=STATIONARY | detections=419
[INFO] [1790212309.265724650] [sage_semantic_world_model]: Target 3 updated | association_distance=0.34 m | raw=(-5.85, 7.39, 0.00) | smoothed=(-6.00, 7.59, 0.00) | velocity=(0.84, -1.08, 0.00) m/s | speed=1.37 m/s | net=0.52 m | straightness=0.34 | direction=0.00 | state=STATIONARY | detections=420
[INFO] [1790212309.368031424] [sage_semantic_world_model]: Target 3 updated | association_distance=0.25 m | raw=(-5.85, 7.39, 0.00) | smoothed=(-5.97, 7.54, 0.00) | velocity=(0.63, -0.81, 0.00) m/s | speed=1.03 m/s | net=0.56 m | straightness=0.35 | direction=0.67 | state=STATIONARY | detections=421
[INFO] [1790212309.466100844] [sage_semantic_world_model]: Target 3 updated | association_distance=0.47 m | raw=(-5.50, 7.45, 0.00) | smoothed=(-5.85, 7.52, 0.00) | velocity=(0.70, -0.57, 0.00) m/s | speed=0.90 m/s | net=0.73 m | straightness=0.52 | direction=0.78 | state=STATIONARY | detections=422
[INFO] [1790212309.573181663] [sage_semantic_world_model]: Target 3 updated | association_distance=0.35 m | raw=(-5.50, 7.45, 0.00) | smoothed=(-5.76, 7.50, 0.00) | velocity=(0.73, -0.38, 0.00) m/s | speed=0.83 m/s | net=0.93 m | straightness=0.74 | direction=0.89 | state=STATIONARY | detections=423
[INFO] [1790212309.666576070] [sage_semantic_world_model]: Target 3 updated | association_distance=0.51 m | raw=(-5.83, 7.00, 0.00) | smoothed=(-5.78, 7.38, 0.00) | velocity=(0.56, -0.53, 0.00) m/s | speed=0.77 m/s | net=1.12 m | straightness=0.93 | direction=1.00 | state=STATIONARY | detections=424
[INFO] [1790212309.762155354] [sage_semantic_world_model]: Target 3 confirmed MOVING | net=0.92 m | avg_speed=1.02 m/s | straightness=0.89 | direction=1.00
[INFO] [1790212309.766541623] [sage_semantic_world_model]: Target 3 updated | association_distance=0.38 m | raw=(-5.83, 7.00, 0.00) | smoothed=(-5.79, 7.28, 0.00) | velocity=(0.43, -0.65, 0.00) m/s | speed=0.78 m/s | net=0.92 m | straightness=0.89 | direction=1.00 | state=MOVING | detections=425
[INFO] [1790212309.870231378] [sage_semantic_world_model]: Target 3 updated | association_distance=0.29 m | raw=(-5.83, 7.00, 0.00) | smoothed=(-5.80, 7.21, 0.00) | velocity=(0.12, -0.76, 0.00) m/s | speed=0.77 m/s | net=0.77 m | straightness=0.85 | direction=1.00 | state=MOVING | detections=426
[INFO] [1790212309.964607309] [sage_semantic_world_model]: Target 3 updated | association_distance=0.37 m | raw=(-5.80, 6.84, 0.00) | smoothed=(-5.80, 7.12, 0.00) | velocity=(-0.10, -0.96, 0.00) m/s | speed=0.97 m/s | net=0.71 m | straightness=0.83 | direction=1.00 | state=MOVING | detections=427
[INFO] [1790212310.061913819] [sage_semantic_world_model]: Target 3 updated | association_distance=0.28 m | raw=(-5.80, 6.84, 0.00) | smoothed=(-5.80, 7.05, 0.00) | velocity=(-0.05, -0.82, 0.00) m/s | speed=0.82 m/s | net=0.66 m | straightness=0.81 | direction=1.00 | state=MOVING | detections=428
[INFO] [1790212310.175407839] [sage_semantic_world_model]: Target 3 updated | association_distance=0.21 m | raw=(-5.80, 6.84, 0.00) | smoothed=(-5.80, 6.99, 0.00) | velocity=(-0.01, -0.71, 0.00) m/s | speed=0.71 m/s | net=0.63 m | straightness=0.81 | direction=0.78 | state=MOVING | detections=429
[INFO] [1790212310.277869408] [sage_semantic_world_model]: Target 3 updated | association_distance=0.16 m | raw=(-5.80, 6.84, 0.00) | smoothed=(-5.80, 6.96, 0.00) | velocity=(0.01, -0.64, 0.00) m/s | speed=0.64 m/s | net=0.61 m | straightness=0.80 | direction=0.78 | state=MOVING | detections=430
[INFO] [1790212310.364137586] [sage_semantic_world_model]: Target 3 updated | association_distance=0.33 m | raw=(-5.48, 6.87, 0.00) | smoothed=(-5.72, 6.93, 0.00) | velocity=(0.20, -0.46, 0.00) m/s | speed=0.50 m/s | net=0.60 m | straightness=0.83 | direction=0.78 | state=MOVING | detections=431
[INFO] [1790212310.463356626] [sage_semantic_world_model]: Target 3 updated | association_distance=0.25 m | raw=(-5.48, 6.87, 0.00) | smoothed=(-5.66, 6.92, 0.00) | velocity=(0.35, -0.33, 0.00) m/s | speed=0.48 m/s | net=0.59 m | straightness=0.86 | direction=0.78 | state=MOVING | detections=432
[INFO] [1790212310.566021170] [sage_semantic_world_model]: Target 3 updated | association_distance=0.18 m | raw=(-5.48, 6.87, 0.00) | smoothed=(-5.62, 6.90, 0.00) | velocity=(0.46, -0.23, 0.00) m/s | speed=0.51 m/s | net=0.50 m | straightness=0.82 | direction=0.00 | state=MOVING | detections=433
[INFO] [1790212310.664742373] [sage_semantic_world_model]: Target 3 updated | association_distance=0.20 m | raw=(-5.78, 7.03, 0.00) | smoothed=(-5.66, 6.94, 0.00) | velocity=(0.36, -0.05, 0.00) m/s | speed=0.36 m/s | net=0.37 m | straightness=0.66 | direction=0.00 | state=MOVING | detections=434
[INFO] [1790212310.773927357] [sage_semantic_world_model]: Target 3 updated | association_distance=0.15 m | raw=(-5.78, 7.03, 0.00) | smoothed=(-5.69, 6.96, 0.00) | velocity=(0.08, 0.06, 0.00) m/s | speed=0.10 m/s | net=0.28 m | straightness=0.52 | direction=0.00 | state=MOVING | detections=435
[INFO] [1790212310.866646854] [sage_semantic_world_model]: Target 3 updated | association_distance=0.11 m | raw=(-5.78, 7.03, 0.00) | smoothed=(-5.71, 6.98, 0.00) | velocity=(-0.12, 0.15, 0.00) m/s | speed=0.19 m/s | net=0.17 m | straightness=0.36 | direction=0.00 | state=MOVING | detections=436
[INFO] [1790212312.369635452] [sage_semantic_world_model]: NEW TARGET | id=6 | class=person | position=(3.15, -6.10, 0.00) | state=STATIONARY
[INFO] [1790212315.368099528] [sage_semantic_world_model]: Target 1 updated | association_distance=0.70 m | raw=(0.22, 4.28, 0.00) | smoothed=(0.64, 3.98, 0.00) | velocity=(0.00, -0.00, 0.00) m/s | speed=0.00 m/s | net=0.43 m | straightness=0.42 | direction=0.00 | state=MOVING | detections=387
[INFO] [1790212315.466291041] [sage_semantic_world_model]: Target 1 updated | association_distance=0.52 m | raw=(0.22, 4.28, 0.00) | smoothed=(0.54, 4.05, 0.00) | velocity=(-0.00, 0.00, 0.00) m/s | speed=0.00 m/s | net=0.39 m | straightness=0.36 | direction=0.00 | state=MOVING | detections=388
[INFO] [1790212315.571712506] [sage_semantic_world_model]: Target 1 updated | association_distance=0.39 m | raw=(0.22, 4.28, 0.00) | smoothed=(0.46, 4.11, 0.00) | velocity=(-0.00, 0.00, 0.00) m/s | speed=0.01 m/s | net=0.36 m | straightness=0.32 | direction=0.00 | state=MOVING | detections=389
[INFO] [1790212315.672425300] [sage_semantic_world_model]: Target 1 updated | association_distance=0.43 m | raw=(0.10, 4.35, 0.00) | smoothed=(0.37, 4.17, 0.00) | velocity=(-0.01, 0.00, 0.00) m/s | speed=0.01 m/s | net=0.14 m | straightness=0.13 | direction=0.00 | state=MOVING | detections=390
[INFO] [1790212315.776882919] [sage_semantic_world_model]: Target 1 updated | association_distance=0.32 m | raw=(0.10, 4.35, 0.00) | smoothed=(0.30, 4.21, 0.00) | velocity=(-0.85, 0.58, 0.00) m/s | speed=1.03 m/s | net=0.22 m | straightness=0.23 | direction=0.00 | state=MOVING | detections=391
[INFO] [1790212315.874088922] [sage_semantic_world_model]: Target 1 updated | association_distance=0.24 m | raw=(0.10, 4.35, 0.00) | smoothed=(0.25, 4.25, 0.00) | velocity=(-0.71, 0.48, 0.00) m/s | speed=0.85 m/s | net=0.41 m | straightness=0.47 | direction=0.00 | state=MOVING | detections=392
[INFO] [1790212315.977681462] [sage_semantic_world_model]: Target 1 updated | association_distance=0.18 m | raw=(0.10, 4.35, 0.00) | smoothed=(0.22, 4.27, 0.00) | velocity=(-0.61, 0.40, 0.00) m/s | speed=0.73 m/s | net=0.56 m | straightness=0.68 | direction=0.78 | state=MOVING | detections=393
[INFO] [1790212316.063686041] [sage_semantic_world_model]: Target 1 updated | association_distance=0.13 m | raw=(0.10, 4.35, 0.00) | smoothed=(0.19, 4.29, 0.00) | velocity=(-0.46, 0.30, 0.00) m/s | speed=0.55 m/s | net=0.67 m | straightness=0.85 | direction=0.89 | state=MOVING | detections=394
[INFO] [1790212316.166745873] [sage_semantic_world_model]: Target 1 updated | association_distance=0.10 m | raw=(0.10, 4.35, 0.00) | smoothed=(0.17, 4.30, 0.00) | velocity=(-0.35, 0.23, 0.00) m/s | speed=0.41 m/s | net=0.75 m | straightness=1.00 | direction=1.00 | state=MOVING | detections=395
[INFO] [1790212316.278802734] [sage_semantic_world_model]: Target 1 updated | association_distance=0.08 m | raw=(0.10, 4.35, 0.00) | smoothed=(0.15, 4.31, 0.00) | velocity=(-0.25, 0.17, 0.00) m/s | speed=0.30 m/s | net=0.60 m | straightness=1.00 | direction=1.00 | state=MOVING | detections=396
[INFO] [1790212316.366464139] [sage_semantic_world_model]: Target 1 updated | association_distance=0.27 m | raw=(-0.05, 4.13, 0.00) | smoothed=(0.10, 4.27, 0.00) | velocity=(-0.29, -0.01, 0.00) m/s | speed=0.29 m/s | net=0.49 m | straightness=0.91 | direction=0.00 | state=MOVING | detections=397
[INFO] [1790212316.467269109] [sage_semantic_world_model]: Target 1 updated | association_distance=0.20 m | raw=(-0.05, 4.13, 0.00) | smoothed=(0.06, 4.23, 0.00) | velocity=(-0.31, -0.14, 0.00) m/s | speed=0.34 m/s | net=0.41 m | straightness=0.85 | direction=0.00 | state=MOVING | detections=398
[INFO] [1790212316.578554333] [sage_semantic_world_model]: Target 1 updated | association_distance=0.15 m | raw=(-0.05, 4.13, 0.00) | smoothed=(0.04, 4.21, 0.00) | velocity=(-0.32, -0.23, 0.00) m/s | speed=0.40 m/s | net=0.34 m | straightness=0.80 | direction=0.00 | state=MOVING | detections=399
[INFO] [1790212316.664894400] [sage_semantic_world_model]: Target 1 updated | association_distance=0.50 m | raw=(-0.46, 4.27, 0.00) | smoothed=(-0.09, 4.22, 0.00) | velocity=(-0.61, -0.23, 0.00) m/s | speed=0.65 m/s | net=0.39 m | straightness=0.84 | direction=0.00 | state=MOVING | detections=400
[INFO] [1790212316.765992801] [sage_semantic_world_model]: Target 1 updated | association_distance=0.38 m | raw=(-0.46, 4.27, 0.00) | smoothed=(-0.18, 4.24, 0.00) | velocity=(-0.71, -0.08, 0.00) m/s | speed=0.71 m/s | net=0.44 m | straightness=0.87 | direction=0.00 | state=MOVING | detections=401
[INFO] [1790212316.867655283] [sage_semantic_world_model]: Target 1 updated | association_distance=0.28 m | raw=(-0.46, 4.27, 0.00) | smoothed=(-0.25, 4.25, 0.00) | velocity=(-0.78, 0.03, 0.00) m/s | speed=0.78 m/s | net=0.47 m | straightness=0.89 | direction=0.00 | state=MOVING | detections=402
[INFO] [1790212316.966000740] [sage_semantic_world_model]: Target 1 updated | association_distance=0.11 m | raw=(-0.36, 4.23, 0.00) | smoothed=(-0.28, 4.24, 0.00) | velocity=(-0.79, 0.09, 0.00) m/s | speed=0.80 m/s | net=0.47 m | straightness=0.91 | direction=0.00 | state=MOVING | detections=403
[INFO] [1790212317.074066574] [sage_semantic_world_model]: Target 1 updated | association_distance=0.08 m | raw=(-0.36, 4.23, 0.00) | smoothed=(-0.30, 4.24, 0.00) | velocity=(-0.53, 0.04, 0.00) m/s | speed=0.53 m/s | net=0.47 m | straightness=0.92 | direction=0.00 | state=MOVING | detections=404
[INFO] [1790212317.180050037] [sage_semantic_world_model]: Target 1 updated | association_distance=0.15 m | raw=(-0.45, 4.27, 0.00) | smoothed=(-0.34, 4.25, 0.00) | velocity=(-0.38, 0.02, 0.00) m/s | speed=0.38 m/s | net=0.49 m | straightness=0.92 | direction=0.00 | state=MOVING | detections=405
[INFO] [1790212317.274567963] [sage_semantic_world_model]: Target 1 updated | association_distance=0.11 m | raw=(-0.45, 4.27, 0.00) | smoothed=(-0.36, 4.25, 0.00) | velocity=(-0.28, 0.01, 0.00) m/s | speed=0.28 m/s | net=0.46 m | straightness=0.94 | direction=0.00 | state=MOVING | detections=406
[INFO] [1790212317.372758566] [sage_semantic_world_model]: Target 1 updated | association_distance=0.13 m | raw=(-0.23, 4.24, 0.00) | smoothed=(-0.33, 4.25, 0.00) | velocity=(-0.13, 0.01, 0.00) m/s | speed=0.13 m/s | net=0.39 m | straightness=0.83 | direction=0.00 | state=MOVING | detections=407
[INFO] [1790212317.470497504] [sage_semantic_world_model]: Target 1 updated | association_distance=0.10 m | raw=(-0.23, 4.24, 0.00) | smoothed=(-0.31, 4.24, 0.00) | velocity=(-0.02, 0.01, 0.00) m/s | speed=0.02 m/s | net=0.34 m | straightness=0.75 | direction=0.00 | state=MOVING | detections=408
[INFO] [1790212317.563020745] [sage_semantic_world_model]: Target 1 updated | association_distance=0.07 m | raw=(-0.23, 4.24, 0.00) | smoothed=(-0.29, 4.24, 0.00) | velocity=(0.12, -0.01, 0.00) m/s | speed=0.12 m/s | net=0.20 m | straightness=0.56 | direction=0.00 | state=MOVING | detections=409
[INFO] [1790212317.664416738] [sage_semantic_world_model]: Target 1 updated | association_distance=0.13 m | raw=(-0.35, 4.35, 0.00) | smoothed=(-0.30, 4.27, 0.00) | velocity=(0.15, 0.05, 0.00) m/s | speed=0.16 m/s | net=0.13 m | straightness=0.43 | direction=0.00 | state=MOVING | detections=410
[INFO] [1790212317.778154440] [sage_semantic_world_model]: Target 1 updated | association_distance=0.10 m | raw=(-0.35, 4.35, 0.00) | smoothed=(-0.32, 4.29, 0.00) | velocity=(0.03, 0.11, 0.00) m/s | speed=0.11 m/s | net=0.08 m | straightness=0.32 | direction=0.00 | state=MOVING | detections=411
[INFO] [1790212317.867925644] [sage_semantic_world_model]: Target 1 confirmed STATIONARY | net=0.08 m | avg_speed=0.09 m/s
[INFO] [1790212317.876855417] [sage_semantic_world_model]: Target 1 updated | association_distance=0.07 m | raw=(-0.35, 4.35, 0.00) | smoothed=(-0.33, 4.31, 0.00) | velocity=(-0.05, 0.15, 0.00) m/s | speed=0.16 m/s | net=0.08 m | straightness=0.33 | direction=0.00 | state=STATIONARY | detections=412
[INFO] [1790212317.970001092] [sage_semantic_world_model]: Target 1 updated | association_distance=0.15 m | raw=(-0.39, 4.45, 0.00) | smoothed=(-0.34, 4.34, 0.00) | velocity=(-0.13, 0.25, 0.00) m/s | speed=0.28 m/s | net=0.11 m | straightness=0.43 | direction=0.00 | state=STATIONARY | detections=413
[INFO] [1790212318.062676866] [sage_semantic_world_model]: Target 1 updated | association_distance=0.12 m | raw=(-0.39, 4.45, 0.00) | smoothed=(-0.35, 4.37, 0.00) | velocity=(-0.12, 0.24, 0.00) m/s | speed=0.27 m/s | net=0.12 m | straightness=0.50 | direction=0.00 | state=STATIONARY | detections=414
[INFO] [1790212318.170075490] [sage_semantic_world_model]: Target 1 updated | association_distance=0.40 m | raw=(-0.48, 4.75, 0.00) | smoothed=(-0.39, 4.46, 0.00) | velocity=(-0.17, 0.43, 0.00) m/s | speed=0.46 m/s | net=0.21 m | straightness=0.67 | direction=0.00 | state=STATIONARY | detections=415
[INFO] [1790212318.273878306] [sage_semantic_world_model]: Target 1 updated | association_distance=0.30 m | raw=(-0.48, 4.75, 0.00) | smoothed=(-0.41, 4.53, 0.00) | velocity=(-0.21, 0.57, 0.00) m/s | speed=0.61 m/s | net=0.30 m | straightness=0.82 | direction=0.00 | state=STATIONARY | detections=416
[INFO] [1790212318.369154368] [sage_semantic_world_model]: Target 5 updated | association_distance=0.96 m | raw=(-10.52, 11.33, 0.00) | smoothed=(-10.00, 10.82, 0.00) | velocity=(-0.01, 0.01, 0.00) m/s | speed=0.02 m/s | net=0.00 m | straightness=0.00 | direction=0.00 | state=STATIONARY | detections=7
[INFO] [1790212318.470478325] [sage_semantic_world_model]: Target 5 updated | association_distance=0.72 m | raw=(-10.52, 11.33, 0.00) | smoothed=(-10.13, 10.95, 0.00) | velocity=(-0.02, 0.01, 0.00) m/s | speed=0.02 m/s | net=0.00 m | straightness=0.00 | direction=0.00 | state=STATIONARY | detections=8
[INFO] [1790212318.568287665] [sage_semantic_world_model]: Target 5 updated | association_distance=0.54 m | raw=(-10.52, 11.33, 0.00) | smoothed=(-10.23, 11.05, 0.00) | velocity=(-0.03, 0.02, 0.00) m/s | speed=0.04 m/s | net=0.00 m | straightness=0.00 | direction=0.00 | state=STATIONARY | detections=9
[INFO] [1790212318.676134429] [sage_semantic_world_model]: Target 5 updated | association_distance=0.41 m | raw=(-10.52, 11.33, 0.00) | smoothed=(-10.30, 11.12, 0.00) | velocity=(-0.02, 0.02, 0.00) m/s | speed=0.03 m/s | net=1.36 m | straightness=0.97 | direction=1.00 | state=STATIONARY | detections=10
[INFO] [1790212318.762626842] [sage_semantic_world_model]: Target 2 updated | association_distance=0.98 m | raw=(-7.41, 8.21, 0.00) | smoothed=(-8.09, 8.48, 0.00) | velocity=(-0.00, 0.00, 0.00) m/s | speed=0.00 m/s | net=1.45 m | straightness=0.73 | direction=0.89 | state=STATIONARY | detections=24
[INFO] [1790212318.874237172] [sage_semantic_world_model]: Target 2 updated | association_distance=0.73 m | raw=(-7.41, 8.21, 0.00) | smoothed=(-7.92, 8.41, 0.00) | velocity=(0.01, 0.00, 0.00) m/s | speed=0.01 m/s | net=0.92 m | straightness=0.51 | direction=0.78 | state=STATIONARY | detections=25
[INFO] [1790212318.964920793] [sage_semantic_world_model]: Target 2 updated | association_distance=0.55 m | raw=(-7.41, 8.21, 0.00) | smoothed=(-7.79, 8.36, 0.00) | velocity=(0.02, -0.00, 0.00) m/s | speed=0.02 m/s | net=0.54 m | straightness=0.32 | direction=0.67 | state=STATIONARY | detections=26
[INFO] [1790212322.274300092] [sage_semantic_world_model]: Target 4 updated | association_distance=0.58 m | raw=(6.07, -7.58, 0.00) | smoothed=(6.50, -7.56, 0.00) | velocity=(0.00, -0.00, 0.00) m/s | speed=0.00 m/s | net=0.99 m | straightness=0.80 | direction=0.89 | state=STATIONARY | detections=29
[INFO] [1790212322.371715244] [sage_semantic_world_model]: Target 4 updated | association_distance=0.44 m | raw=(6.07, -7.58, 0.00) | smoothed=(6.40, -7.56, 0.00) | velocity=(-0.00, -0.00, 0.00) m/s | speed=0.00 m/s | net=0.85 m | straightness=0.67 | direction=0.78 | state=STATIONARY | detections=30
[INFO] [1790212322.464040949] [sage_semantic_world_model]: Target 4 updated | association_distance=0.33 m | raw=(6.07, -7.58, 0.00) | smoothed=(6.31, -7.57, 0.00) | velocity=(-0.00, -0.00, 0.00) m/s | speed=0.00 m/s | net=0.75 m | straightness=0.58 | direction=0.67 | state=STATIONARY | detections=31
[INFO] [1790212322.566554516] [sage_semantic_world_model]: Target 4 updated | association_distance=0.79 m | raw=(6.21, -6.78, 0.00) | smoothed=(6.29, -7.37, 0.00) | velocity=(-0.00, 0.00, 0.00) m/s | speed=0.00 m/s | net=0.30 m | straightness=0.25 | direction=0.00 | state=STATIONARY | detections=32
[INFO] [1790212322.664379879] [sage_semantic_world_model]: Target 4 updated | association_distance=0.59 m | raw=(6.21, -6.78, 0.00) | smoothed=(6.27, -7.22, 0.00) | velocity=(-0.59, 0.82, 0.00) m/s | speed=1.01 m/s | net=0.05 m | straightness=0.04 | direction=0.00 | state=STATIONARY | detections=33
[INFO] [1790212322.780770785] [sage_semantic_world_model]: Target 4 updated | association_distance=0.44 m | raw=(6.21, -6.78, 0.00) | smoothed=(6.26, -7.11, 0.00) | velocity=(-0.35, 1.12, 0.00) m/s | speed=1.17 m/s | net=0.31 m | straightness=0.28 | direction=0.00 | state=STATIONARY | detections=34
[INFO] [1790212325.778364081] [sage_semantic_world_model]: Target 4 updated | association_distance=1.06 m | raw=(6.03, -6.08, 0.00) | smoothed=(6.20, -6.86, 0.00) | velocity=(-0.03, 0.22, 0.00) m/s | speed=0.22 m/s | net=0.67 m | straightness=0.55 | direction=0.44 | state=STATIONARY | detections=35
[INFO] [1790212325.872797835] [sage_semantic_world_model]: Target 4 updated | association_distance=0.79 m | raw=(6.03, -6.08, 0.00) | smoothed=(6.16, -6.66, 0.00) | velocity=(-0.04, 0.21, 0.00) m/s | speed=0.22 m/s | net=0.95 m | straightness=0.71 | direction=0.56 | state=STATIONARY | detections=36
[INFO] [1790212325.966836972] [sage_semantic_world_model]: Target 4 updated | association_distance=0.59 m | raw=(6.03, -6.08, 0.00) | smoothed=(6.13, -6.52, 0.00) | velocity=(-0.04, 0.21, 0.00) m/s | speed=0.22 m/s | net=1.16 m | straightness=0.82 | direction=0.67 | state=STATIONARY | detections=37
[INFO] [1790212326.064311794] [sage_semantic_world_model]: Target 4 updated | association_distance=1.13 m | raw=(5.17, -5.92, 0.00) | smoothed=(5.89, -6.37, 0.00) | velocity=(-0.11, 0.23, 0.00) m/s | speed=0.25 m/s | net=1.34 m | straightness=0.87 | direction=0.78 | state=STATIONARY | detections=38
[INFO] [1790212326.166756856] [sage_semantic_world_model]: Target 4 updated | association_distance=0.84 m | raw=(5.17, -5.92, 0.00) | smoothed=(5.71, -6.26, 0.00) | velocity=(-1.23, 1.50, 0.00) m/s | speed=1.94 m/s | net=1.48 m | straightness=0.90 | direction=0.89 | state=STATIONARY | detections=39
[INFO] [1790212326.260864392] [sage_semantic_world_model]: Target 4 confirmed MOVING | net=1.58 m | avg_speed=0.42 m/s | straightness=0.92 | direction=1.00
[INFO] [1790212326.270946477] [sage_semantic_world_model]: Target 4 updated | association_distance=0.63 m | raw=(5.17, -5.92, 0.00) | smoothed=(5.58, -6.17, 0.00) | velocity=(-1.46, 1.23, 0.00) m/s | speed=1.91 m/s | net=1.58 m | straightness=0.92 | direction=1.00 | state=MOVING | detections=40
[INFO] [1790212326.371751500] [sage_semantic_world_model]: Target 4 updated | association_distance=0.48 m | raw=(5.17, -5.92, 0.00) | smoothed=(5.47, -6.11, 0.00) | velocity=(-1.64, 1.02, 0.00) m/s | speed=1.93 m/s | net=1.50 m | straightness=0.92 | direction=1.00 | state=MOVING | detections=41
[INFO] [1790212326.466892412] [sage_semantic_world_model]: Target 4 updated | association_distance=0.21 m | raw=(5.34, -5.95, 0.00) | smoothed=(5.44, -6.07, 0.00) | velocity=(-1.11, 0.74, 0.00) m/s | speed=1.34 m/s | net=1.42 m | straightness=0.92 | direction=1.00 | state=MOVING | detections=42
[INFO] [1790212326.573027151] [sage_semantic_world_model]: Target 4 updated | association_distance=0.16 m | raw=(5.34, -5.95, 0.00) | smoothed=(5.42, -6.04, 0.00) | velocity=(-0.74, 0.55, 0.00) m/s | speed=0.92 m/s | net=1.36 m | straightness=0.93 | direction=1.00 | state=MOVING | detections=43
[INFO] [1790212327.476818350] [sage_semantic_world_model]: Target 4 updated | association_distance=0.17 m | raw=(5.30, -6.16, 0.00) | smoothed=(5.39, -6.07, 0.00) | velocity=(-0.16, 0.09, 0.00) m/s | speed=0.18 m/s | net=1.13 m | straightness=0.90 | direction=0.89 | state=MOVING | detections=44
[INFO] [1790212327.576020489] [sage_semantic_world_model]: Target 4 updated | association_distance=0.13 m | raw=(5.30, -6.16, 0.00) | smoothed=(5.37, -6.09, 0.00) | velocity=(-0.09, 0.01, 0.00) m/s | speed=0.09 m/s | net=0.98 m | straightness=0.90 | direction=0.78 | state=MOVING | detections=45
[INFO] [1790212327.667647950] [sage_semantic_world_model]: Target 4 updated | association_distance=0.09 m | raw=(5.30, -6.16, 0.00) | smoothed=(5.35, -6.11, 0.00) | velocity=(-0.08, -0.03, 0.00) m/s | speed=0.08 m/s | net=0.88 m | straightness=0.92 | direction=0.67 | state=MOVING | detections=46
[INFO] [1790212327.769652746] [sage_semantic_world_model]: Target 4 updated | association_distance=0.05 m | raw=(5.31, -6.12, 0.00) | smoothed=(5.34, -6.11, 0.00) | velocity=(-0.06, -0.06, 0.00) m/s | speed=0.09 m/s | net=0.61 m | straightness=0.88 | direction=0.67 | state=MOVING | detections=47
[INFO] [1790212327.874316239] [sage_semantic_world_model]: Target 4 updated | association_distance=0.03 m | raw=(5.31, -6.12, 0.00) | smoothed=(5.33, -6.11, 0.00) | velocity=(-0.14, -0.11, 0.00) m/s | speed=0.18 m/s | net=0.40 m | straightness=0.83 | direction=0.00 | state=MOVING | detections=48
[INFO] [1790212327.971446038] [sage_semantic_world_model]: Target 4 updated | association_distance=0.03 m | raw=(5.31, -6.12, 0.00) | smoothed=(5.32, -6.12, 0.00) | velocity=(-0.11, -0.06, 0.00) m/s | speed=0.12 m/s | net=0.26 m | straightness=0.77 | direction=0.00 | state=MOVING | detections=49
[INFO] [1790212328.071421523] [sage_semantic_world_model]: Target 4 updated | association_distance=0.05 m | raw=(5.29, -6.15, 0.00) | smoothed=(5.32, -6.12, 0.00) | velocity=(-0.09, -0.03, 0.00) m/s | speed=0.09 m/s | net=0.16 m | straightness=0.70 | direction=0.00 | state=MOVING | detections=50
[INFO] [1790212328.164426157] [sage_semantic_world_model]: Target 4 updated | association_distance=0.04 m | raw=(5.29, -6.15, 0.00) | smoothed=(5.31, -6.13, 0.00) | velocity=(-0.08, -0.04, 0.00) m/s | speed=0.09 m/s | net=0.14 m | straightness=0.79 | direction=0.00 | state=MOVING | detections=51
[INFO] [1790212328.264422484] [sage_semantic_world_model]: Target 4 confirmed STATIONARY | net=0.14 m | avg_speed=0.08 m/s
[INFO] [1790212328.268265385] [sage_semantic_world_model]: Target 4 updated | association_distance=0.06 m | raw=(5.27, -6.09, 0.00) | smoothed=(5.30, -6.12, 0.00) | velocity=(-0.08, -0.01, 0.00) m/s | speed=0.08 m/s | net=0.14 m | straightness=0.89 | direction=0.00 | state=STATIONARY | detections=52
[INFO] [1790212328.363480773] [sage_semantic_world_model]: Target 4 updated | association_distance=0.04 m | raw=(5.27, -6.09, 0.00) | smoothed=(5.29, -6.11, 0.00) | velocity=(-0.08, 0.01, 0.00) m/s | speed=0.08 m/s | net=0.10 m | straightness=0.82 | direction=0.00 | state=STATIONARY | detections=53
[INFO] [1790212328.465658634] [sage_semantic_world_model]: Target 4 updated | association_distance=0.03 m | raw=(5.27, -6.09, 0.00) | smoothed=(5.29, -6.11, 0.00) | velocity=(-0.07, 0.05, 0.00) m/s | speed=0.08 m/s | net=0.08 m | straightness=0.77 | direction=0.00 | state=STATIONARY | detections=54
[INFO] [1790212328.566692217] [sage_semantic_world_model]: Target 4 updated | association_distance=0.05 m | raw=(5.25, -6.06, 0.00) | smoothed=(5.28, -6.09, 0.00) | velocity=(-0.08, 0.09, 0.00) m/s | speed=0.11 m/s | net=0.07 m | straightness=0.78 | direction=0.00 | state=STATIONARY | detections=55
[INFO] [1790212328.666981697] [sage_semantic_world_model]: Target 4 updated | association_distance=0.04 m | raw=(5.25, -6.06, 0.00) | smoothed=(5.27, -6.09, 0.00) | velocity=(-0.07, 0.08, 0.00) m/s | speed=0.11 m/s | net=0.07 m | straightness=0.78 | direction=0.00 | state=STATIONARY | detections=56
[INFO] [1790212328.767938722] [sage_semantic_world_model]: Target 4 updated | association_distance=0.04 m | raw=(5.26, -6.05, 0.00) | smoothed=(5.27, -6.08, 0.00) | velocity=(-0.06, 0.08, 0.00) m/s | speed=0.10 m/s | net=0.07 m | straightness=0.77 | direction=0.00 | state=STATIONARY | detections=57
[INFO] [1790212328.871970372] [sage_semantic_world_model]: Target 4 updated | association_distance=0.03 m | raw=(5.26, -6.05, 0.00) | smoothed=(5.27, -6.07, 0.00) | velocity=(-0.05, 0.09, 0.00) m/s | speed=0.10 m/s | net=0.07 m | straightness=0.77 | direction=0.00 | state=STATIONARY | detections=58
[INFO] [1790212328.966527241] [sage_semantic_world_model]: Target 4 updated | association_distance=0.02 m | raw=(5.26, -6.05, 0.00) | smoothed=(5.27, -6.06, 0.00) | velocity=(-0.04, 0.08, 0.00) m/s | speed=0.09 m/s | net=0.08 m | straightness=0.87 | direction=0.00 | state=STATIONARY | detections=59
[INFO] [1790212329.069830088] [sage_semantic_world_model]: Target 4 updated | association_distance=0.02 m | raw=(5.25, -6.05, 0.00) | smoothed=(5.26, -6.06, 0.00) | velocity=(-0.03, 0.07, 0.00) m/s | speed=0.07 m/s | net=0.08 m | straightness=0.98 | direction=0.00 | state=STATIONARY | detections=60
[INFO] [1790212329.165609450] [sage_semantic_world_model]: Target 4 updated | association_distance=0.01 m | raw=(5.25, -6.05, 0.00) | smoothed=(5.26, -6.06, 0.00) | velocity=(-0.02, 0.05, 0.00) m/s | speed=0.05 m/s | net=0.07 m | straightness=0.98 | direction=0.00 | state=STATIONARY | detections=61
[INFO] [1790212329.264948300] [sage_semantic_world_model]: Target 4 updated | association_distance=0.01 m | raw=(5.25, -6.05, 0.00) | smoothed=(5.26, -6.06, 0.00) | velocity=(-0.02, 0.03, 0.00) m/s | speed=0.04 m/s | net=0.07 m | straightness=0.98 | direction=0.00 | state=STATIONARY | detections=62
[INFO] [1790212329.366773248] [sage_semantic_world_model]: Target 4 updated | association_distance=0.03 m | raw=(5.23, -6.04, 0.00) | smoothed=(5.25, -6.05, 0.00) | velocity=(-0.04, 0.03, 0.00) m/s | speed=0.05 m/s | net=0.07 m | straightness=0.96 | direction=0.00 | state=STATIONARY | detections=63
[INFO] [1790212329.466019791] [sage_semantic_world_model]: Target 4 updated | association_distance=0.03 m | raw=(5.23, -6.04, 0.00) | smoothed=(5.24, -6.05, 0.00) | velocity=(-0.04, 0.03, 0.00) m/s | speed=0.05 m/s | net=0.06 m | straightness=0.95 | direction=0.00 | state=STATIONARY | detections=64
[INFO] [1790212329.572030053] [sage_semantic_world_model]: Target 4 updated | association_distance=0.06 m | raw=(5.31, -6.06, 0.00) | smoothed=(5.26, -6.05, 0.00) | velocity=(0.00, 0.02, 0.00) m/s | speed=0.02 m/s | net=0.04 m | straightness=0.57 | direction=0.00 | state=STATIONARY | detections=65
[INFO] [1790212329.676181946] [sage_semantic_world_model]: Target 4 updated | association_distance=0.05 m | raw=(5.31, -6.06, 0.00) | smoothed=(5.27, -6.05, 0.00) | velocity=(0.03, 0.01, 0.00) m/s | speed=0.04 m/s | net=0.02 m | straightness=0.36 | direction=0.00 | state=STATIONARY | detections=66
[INFO] [1790212329.775062845] [sage_semantic_world_model]: Target 4 updated | association_distance=0.04 m | raw=(5.31, -6.06, 0.00) | smoothed=(5.28, -6.05, 0.00) | velocity=(0.08, -0.00, 0.00) m/s | speed=0.08 m/s | net=0.02 m | straightness=0.31 | direction=0.00 | state=STATIONARY | detections=67
[INFO] [1790212329.868894548] [sage_semantic_world_model]: Target 4 updated | association_distance=0.02 m | raw=(5.27, -6.07, 0.00) | smoothed=(5.28, -6.06, 0.00) | velocity=(0.08, -0.02, 0.00) m/s | speed=0.08 m/s | net=0.01 m | straightness=0.21 | direction=0.00 | state=STATIONARY | detections=68
[INFO] [1790212329.968615946] [sage_semantic_world_model]: Target 4 updated | association_distance=0.01 m | raw=(5.27, -6.07, 0.00) | smoothed=(5.27, -6.06, 0.00) | velocity=(0.04, -0.02, 0.00) m/s | speed=0.04 m/s | net=0.01 m | straightness=0.19 | direction=0.00 | state=STATIONARY | detections=69
[INFO] [1790212330.066604960] [sage_semantic_world_model]: Target 4 updated | association_distance=0.01 m | raw=(5.27, -6.07, 0.00) | smoothed=(5.27, -6.06, 0.00) | velocity=(0.00, -0.02, 0.00) m/s | speed=0.02 m/s | net=0.01 m | straightness=0.20 | direction=0.00 | state=STATIONARY | detections=70
[INFO] [1790212330.177425566] [sage_semantic_world_model]: Target 4 updated | association_distance=0.01 m | raw=(5.28, -6.05, 0.00) | smoothed=(5.27, -6.06, 0.00) | velocity=(-0.02, -0.01, 0.00) m/s | speed=0.02 m/s | net=0.02 m | straightness=0.26 | direction=0.00 | state=STATIONARY | detections=71
[INFO] [1790212330.276435886] [sage_semantic_world_model]: Target 4 updated | association_distance=0.01 m | raw=(5.28, -6.05, 0.00) | smoothed=(5.28, -6.06, 0.00) | velocity=(-0.00, -0.00, 0.00) m/s | speed=0.00 m/s | net=0.03 m | straightness=0.45 | direction=0.00 | state=STATIONARY | detections=72
[INFO] [1790212330.364140539] [sage_semantic_world_model]: Target 4 updated | association_distance=0.01 m | raw=(5.28, -6.05, 0.00) | smoothed=(5.28, -6.06, 0.00) | velocity=(0.01, 0.01, 0.00) m/s | speed=0.01 m/s | net=0.03 m | straightness=0.62 | direction=0.00 | state=STATIONARY | detections=73
[INFO] [1790212330.471872610] [sage_semantic_world_model]: Target 4 updated | association_distance=0.03 m | raw=(5.25, -6.07, 0.00) | smoothed=(5.27, -6.06, 0.00) | velocity=(-0.00, 0.00, 0.00) m/s | speed=0.00 m/s | net=0.01 m | straightness=0.31 | direction=0.00 | state=STATIONARY | detections=74
[INFO] [1790212330.570336770] [sage_semantic_world_model]: Target 4 updated | association_distance=0.02 m | raw=(5.25, -6.07, 0.00) | smoothed=(5.27, -6.06, 0.00) | velocity=(-0.02, -0.01, 0.00) m/s | speed=0.02 m/s | net=0.01 m | straightness=0.26 | direction=0.00 | state=STATIONARY | detections=75
[INFO] [1790212330.665716606] [sage_semantic_world_model]: Target 4 updated | association_distance=0.01 m | raw=(5.25, -6.07, 0.00) | smoothed=(5.26, -6.06, 0.00) | velocity=(-0.03, -0.01, 0.00) m/s | speed=0.03 m/s | net=0.02 m | straightness=0.60 | direction=0.00 | state=STATIONARY | detections=76
[INFO] [1790212330.771912760] [sage_semantic_world_model]: Target 4 updated | association_distance=0.01 m | raw=(5.25, -6.07, 0.00) | smoothed=(5.26, -6.06, 0.00) | velocity=(-0.04, -0.02, 0.00) m/s | speed=0.04 m/s | net=0.02 m | straightness=0.58 | direction=0.00 | state=STATIONARY | detections=77
[INFO] [1790212330.873271014] [sage_semantic_world_model]: Target 4 updated | association_distance=0.02 m | raw=(5.24, -6.06, 0.00) | smoothed=(5.26, -6.06, 0.00) | velocity=(-0.04, -0.01, 0.00) m/s | speed=0.04 m/s | net=0.02 m | straightness=0.58 | direction=0.00 | state=STATIONARY | detections=78
[INFO] [1790212330.964831512] [sage_semantic_world_model]: Target 4 updated | association_distance=0.02 m | raw=(5.24, -6.06, 0.00) | smoothed=(5.25, -6.06, 0.00) | velocity=(-0.04, -0.00, 0.00) m/s | speed=0.04 m/s | net=0.02 m | straightness=0.59 | direction=0.00 | state=STATIONARY | detections=79
[INFO] [1790212331.064380395] [sage_semantic_world_model]: Target 4 updated | association_distance=0.01 m | raw=(5.24, -6.06, 0.00) | smoothed=(5.25, -6.06, 0.00) | velocity=(-0.03, 0.01, 0.00) m/s | speed=0.04 m/s | net=0.02 m | straightness=0.74 | direction=0.00 | state=STATIONARY | detections=80
[INFO] [1790212331.172269903] [sage_semantic_world_model]: Target 4 updated | association_distance=0.01 m | raw=(5.26, -6.05, 0.00) | smoothed=(5.25, -6.06, 0.00) | velocity=(-0.02, 0.01, 0.00) m/s | speed=0.03 m/s | net=0.02 m | straightness=0.70 | direction=0.00 | state=STATIONARY | detections=81
[INFO] [1790212331.268224248] [sage_semantic_world_model]: Target 4 updated | association_distance=0.01 m | raw=(5.26, -6.05, 0.00) | smoothed=(5.25, -6.06, 0.00) | velocity=(-0.01, 0.01, 0.00) m/s | speed=0.01 m/s | net=0.02 m | straightness=0.67 | direction=0.00 | state=STATIONARY | detections=82
[INFO] [1790212331.364917150] [sage_semantic_world_model]: Target 4 updated | association_distance=0.01 m | raw=(5.26, -6.05, 0.00) | smoothed=(5.26, -6.06, 0.00) | velocity=(0.01, 0.01, 0.00) m/s | speed=0.01 m/s | net=0.02 m | straightness=0.55 | direction=0.00 | state=STATIONARY | detections=83
[INFO] [1790212331.464545205] [sage_semantic_world_model]: Target 4 updated | association_distance=0.04 m | raw=(5.30, -6.04, 0.00) | smoothed=(5.27, -6.05, 0.00) | velocity=(0.04, 0.02, 0.00) m/s | speed=0.04 m/s | net=0.01 m | straightness=0.22 | direction=0.00 | state=STATIONARY | detections=84
[INFO] [1790212331.565713537] [sage_semantic_world_model]: Target 4 updated | association_distance=0.03 m | raw=(5.30, -6.04, 0.00) | smoothed=(5.27, -6.05, 0.00) | velocity=(0.05, 0.02, 0.00) m/s | speed=0.06 m/s | net=0.02 m | straightness=0.38 | direction=0.00 | state=STATIONARY | detections=85
[INFO] [1790212331.671386287] [sage_semantic_world_model]: Target 4 updated | association_distance=0.02 m | raw=(5.30, -6.04, 0.00) | smoothed=(5.28, -6.05, 0.00) | velocity=(0.06, 0.02, 0.00) m/s | speed=0.06 m/s | net=0.02 m | straightness=0.53 | direction=0.00 | state=STATIONARY | detections=86
[INFO] [1790212332.270967761] [sage_semantic_world_model]: Target 4 updated | association_distance=0.02 m | raw=(5.29, -6.06, 0.00) | smoothed=(5.28, -6.05, 0.00) | velocity=(0.03, 0.01, 0.00) m/s | speed=0.03 m/s | net=0.03 m | straightness=0.63 | direction=0.00 | state=STATIONARY | detections=87
[INFO] [1790212332.368283576] [sage_semantic_world_model]: Target 4 updated | association_distance=0.01 m | raw=(5.29, -6.06, 0.00) | smoothed=(5.28, -6.06, 0.00) | velocity=(0.02, -0.00, 0.00) m/s | speed=0.02 m/s | net=0.03 m | straightness=0.74 | direction=0.00 | state=STATIONARY | detections=88
[INFO] [1790212332.462598712] [sage_semantic_world_model]: Target 4 updated | association_distance=0.01 m | raw=(5.29, -6.06, 0.00) | smoothed=(5.28, -6.06, 0.00) | velocity=(0.01, -0.01, 0.00) m/s | speed=0.02 m/s | net=0.03 m | straightness=0.83 | direction=0.00 | state=STATIONARY | detections=89
[INFO] [1790212332.565812794] [sage_semantic_world_model]: Target 4 updated | association_distance=0.01 m | raw=(5.29, -6.06, 0.00) | smoothed=(5.29, -6.06, 0.00) | velocity=(0.01, -0.01, 0.00) m/s | speed=0.01 m/s | net=0.03 m | straightness=0.82 | direction=0.00 | state=STATIONARY | detections=90
[INFO] [1790212334.265815067] [sage_semantic_world_model]: NEW TARGET | id=7 | class=person | position=(-1.19, 9.29, 0.00) | state=STATIONARY
[INFO] [1790212334.365301746] [sage_semantic_world_model]: Target 7 updated | association_distance=0.00 m | raw=(-1.19, 9.29, 0.00) | smoothed=(-1.19, 9.29, 0.00) | velocity=(0.00, 0.00, 0.00) m/s | speed=0.00 m/s | net=0.00 m | straightness=0.00 | direction=0.00 | state=STATIONARY | detections=2
[INFO] [1790212334.469945358] [sage_semantic_world_model]: Target 7 updated | association_distance=0.00 m | raw=(-1.19, 9.29, 0.00) | smoothed=(-1.19, 9.29, 0.00) | velocity=(0.00, 0.00, 0.00) m/s | speed=0.00 m/s | net=0.00 m | straightness=0.00 | direction=0.00 | state=STATIONARY | detections=3
[INFO] [1790212334.561567787] [sage_semantic_world_model]: Target 7 updated | association_distance=0.00 m | raw=(-1.19, 9.29, 0.00) | smoothed=(-1.19, 9.29, 0.00) | velocity=(0.00, 0.00, 0.00) m/s | speed=0.00 m/s | net=0.00 m | straightness=0.00 | direction=0.00 | state=STATIONARY | detections=4
[INFO] [1790212334.672175807] [sage_semantic_world_model]: Target 7 updated | association_distance=0.00 m | raw=(-1.19, 9.29, 0.00) | smoothed=(-1.19, 9.29, 0.00) | velocity=(0.00, 0.00, 0.00) m/s | speed=0.00 m/s | net=0.00 m | straightness=0.00 | direction=0.00 | state=STATIONARY | detections=5
[INFO] [1790212334.770059560] [sage_semantic_world_model]: Target 7 updated | association_distance=0.00 m | raw=(-1.19, 9.29, 0.00) | smoothed=(-1.19, 9.29, 0.00) | velocity=(0.00, 0.00, 0.00) m/s | speed=0.00 m/s | net=0.00 m | straightness=0.00 | direction=0.00 | state=STATIONARY | detections=6
[INFO] [1790212334.867544706] [sage_semantic_world_model]: Target 7 updated | association_distance=0.00 m | raw=(-1.19, 9.29, 0.00) | smoothed=(-1.19, 9.29, 0.00) | velocity=(0.00, 0.00, 0.00) m/s | speed=0.00 m/s | net=0.00 m | straightness=0.00 | direction=0.00 | state=STATIONARY | detections=7
[INFO] [1790212334.965957878] [sage_semantic_world_model]: Target 7 updated | association_distance=0.00 m | raw=(-1.19, 9.29, 0.00) | smoothed=(-1.19, 9.29, 0.00) | velocity=(0.00, 0.00, 0.00) m/s | speed=0.00 m/s | net=0.00 m | straightness=0.00 | direction=0.00 | state=STATIONARY | detections=8
[INFO] [1790212338.268658779] [sage_semantic_world_model]: Target 4 updated | association_distance=0.16 m | raw=(5.14, -6.01, 0.00) | smoothed=(5.25, -6.05, 0.00) | velocity=(-0.01, 0.00, 0.00) m/s | speed=0.01 m/s | net=0.01 m | straightness=0.16 | direction=0.00 | state=STATIONARY | detections=91
[INFO] [1790212338.364209953] [sage_semantic_world_model]: Target 4 updated | association_distance=0.12 m | raw=(5.14, -6.01, 0.00) | smoothed=(5.22, -6.04, 0.00) | velocity=(-0.01, 0.00, 0.00) m/s | speed=0.01 m/s | net=0.04 m | straightness=0.38 | direction=0.00 | state=STATIONARY | detections=92
[INFO] [1790212338.463008113] [sage_semantic_world_model]: Target 4 updated | association_distance=0.09 m | raw=(5.14, -6.01, 0.00) | smoothed=(5.20, -6.03, 0.00) | velocity=(-0.01, 0.00, 0.00) m/s | speed=0.01 m/s | net=0.07 m | straightness=0.59 | direction=0.00 | state=STATIONARY | detections=93
[INFO] [1790212339.466896078] [sage_semantic_world_model]: Target 4 updated | association_distance=0.21 m | raw=(5.30, -5.85, 0.00) | smoothed=(5.23, -5.98, 0.00) | velocity=(-0.01, 0.01, 0.00) m/s | speed=0.01 m/s | net=0.08 m | straightness=0.51 | direction=0.00 | state=STATIONARY | detections=94
[INFO] [1790212339.580208967] [sage_semantic_world_model]: Target 4 updated | association_distance=0.16 m | raw=(5.30, -5.85, 0.00) | smoothed=(5.24, -5.95, 0.00) | velocity=(-0.00, 0.07, 0.00) m/s | speed=0.07 m/s | net=0.10 m | straightness=0.53 | direction=0.00 | state=STATIONARY | detections=95
[INFO] [1790212339.672805359] [sage_semantic_world_model]: Target 4 updated | association_distance=0.14 m | raw=(5.30, -5.82, 0.00) | smoothed=(5.26, -5.92, 0.00) | velocity=(0.03, 0.09, 0.00) m/s | speed=0.10 m/s | net=0.14 m | straightness=0.61 | direction=0.00 | state=STATIONARY | detections=96
[INFO] [1790212339.765709366] [sage_semantic_world_model]: Target 4 updated | association_distance=0.10 m | raw=(5.30, -5.82, 0.00) | smoothed=(5.27, -5.89, 0.00) | velocity=(0.05, 0.10, 0.00) m/s | speed=0.12 m/s | net=0.16 m | straightness=0.66 | direction=0.00 | state=STATIONARY | detections=97
[INFO] [1790212339.874327412] [sage_semantic_world_model]: Target 4 updated | association_distance=0.08 m | raw=(5.30, -5.82, 0.00) | smoothed=(5.27, -5.88, 0.00) | velocity=(0.12, 0.27, 0.00) m/s | speed=0.30 m/s | net=0.18 m | straightness=0.69 | direction=0.00 | state=STATIONARY | detections=98
[INFO] [1790212339.974559950] [sage_semantic_world_model]: Target 4 updated | association_distance=0.06 m | raw=(5.30, -5.82, 0.00) | smoothed=(5.28, -5.86, 0.00) | velocity=(0.09, 0.22, 0.00) m/s | speed=0.24 m/s | net=0.20 m | straightness=0.71 | direction=0.00 | state=STATIONARY | detections=99
[INFO] [1790212340.063024068] [sage_semantic_world_model]: Target 4 updated | association_distance=0.06 m | raw=(5.33, -5.83, 0.00) | smoothed=(5.29, -5.85, 0.00) | velocity=(0.09, 0.16, 0.00) m/s | speed=0.18 m/s | net=0.20 m | straightness=0.78 | direction=0.00 | state=STATIONARY | detections=100
[INFO] [1790212340.163615485] [sage_semantic_world_model]: Target 4 updated | association_distance=0.04 m | raw=(5.33, -5.83, 0.00) | smoothed=(5.30, -5.85, 0.00) | velocity=(0.09, 0.11, 0.00) m/s | speed=0.14 m/s | net=0.20 m | straightness=0.88 | direction=0.00 | state=STATIONARY | detections=101
[INFO] [1790212340.271788601] [sage_semantic_world_model]: Target 4 updated | association_distance=0.03 m | raw=(5.33, -5.83, 0.00) | smoothed=(5.31, -5.84, 0.00) | velocity=(0.08, 0.08, 0.00) m/s | speed=0.11 m/s | net=0.21 m | straightness=0.98 | direction=0.00 | state=STATIONARY | detections=102
[INFO] [1790212340.374353212] [sage_semantic_world_model]: Target 4 updated | association_distance=0.01 m | raw=(5.30, -5.85, 0.00) | smoothed=(5.31, -5.85, 0.00) | velocity=(0.07, 0.04, 0.00) m/s | speed=0.08 m/s | net=0.16 m | straightness=0.94 | direction=0.00 | state=STATIONARY | detections=103
[INFO] [1790212340.470577401] [sage_semantic_world_model]: Target 4 updated | association_distance=0.01 m | raw=(5.30, -5.85, 0.00) | smoothed=(5.31, -5.85, 0.00) | velocity=(0.04, 0.01, 0.00) m/s | speed=0.04 m/s | net=0.12 m | straightness=0.89 | direction=0.00 | state=STATIONARY | detections=104
[INFO] [1790212340.563042899] [sage_semantic_world_model]: Target 4 updated | association_distance=0.04 m | raw=(5.27, -5.86, 0.00) | smoothed=(5.30, -5.85, 0.00) | velocity=(-0.01, -0.01, 0.00) m/s | speed=0.01 m/s | net=0.08 m | straightness=0.72 | direction=0.00 | state=STATIONARY | detections=105
[INFO] [1790212340.666900776] [sage_semantic_world_model]: Target 4 updated | association_distance=0.03 m | raw=(5.27, -5.86, 0.00) | smoothed=(5.29, -5.85, 0.00) | velocity=(-0.05, -0.02, 0.00) m/s | speed=0.05 m/s | net=0.05 m | straightness=0.52 | direction=0.00 | state=STATIONARY | detections=106
[INFO] [1790212340.768996368] [sage_semantic_world_model]: Target 4 updated | association_distance=0.02 m | raw=(5.27, -5.86, 0.00) | smoothed=(5.28, -5.85, 0.00) | velocity=(-0.06, -0.02, 0.00) m/s | speed=0.06 m/s | net=0.02 m | straightness=0.31 | direction=0.00 | state=STATIONARY | detections=107
[INFO] [1790212340.861861184] [sage_semantic_world_model]: Target 4 updated | association_distance=0.04 m | raw=(5.31, -5.88, 0.00) | smoothed=(5.29, -5.86, 0.00) | velocity=(-0.04, -0.03, 0.00) m/s | speed=0.05 m/s | net=0.01 m | straightness=0.16 | direction=0.00 | state=STATIONARY | detections=108
[INFO] [1790212340.966215219] [sage_semantic_world_model]: Target 4 updated | association_distance=0.03 m | raw=(5.31, -5.88, 0.00) | smoothed=(5.30, -5.87, 0.00) | velocity=(-0.00, -0.04, 0.00) m/s | speed=0.04 m/s | net=0.01 m | straightness=0.19 | direction=0.00 | state=STATIONARY | detections=109
[INFO] [1790212341.067647787] [sage_semantic_world_model]: Target 4 updated | association_distance=0.02 m | raw=(5.31, -5.88, 0.00) | smoothed=(5.30, -5.87, 0.00) | velocity=(0.02, -0.04, 0.00) m/s | speed=0.05 m/s | net=0.02 m | straightness=0.36 | direction=0.00 | state=STATIONARY | detections=110
[INFO] [1790212341.176202317] [sage_semantic_world_model]: Target 4 updated | association_distance=0.02 m | raw=(5.31, -5.88, 0.00) | smoothed=(5.30, -5.87, 0.00) | velocity=(0.04, -0.04, 0.00) m/s | speed=0.06 m/s | net=0.03 m | straightness=0.53 | direction=0.00 | state=STATIONARY | detections=111
[INFO] [1790212341.270066278] [sage_semantic_world_model]: Target 4 updated | association_distance=0.01 m | raw=(5.31, -5.88, 0.00) | smoothed=(5.30, -5.87, 0.00) | velocity=(0.03, -0.03, 0.00) m/s | speed=0.05 m/s | net=0.03 m | straightness=0.51 | direction=0.00 | state=STATIONARY | detections=112
[INFO] [1790212341.368898945] [sage_semantic_world_model]: Target 4 updated | association_distance=0.01 m | raw=(5.31, -5.88, 0.00) | smoothed=(5.31, -5.88, 0.00) | velocity=(0.03, -0.02, 0.00) m/s | speed=0.04 m/s | net=0.03 m | straightness=0.50 | direction=0.00 | state=STATIONARY | detections=113
[INFO] [1790212341.466734933] [sage_semantic_world_model]: Target 4 updated | association_distance=0.01 m | raw=(5.31, -5.88, 0.00) | smoothed=(5.31, -5.88, 0.00) | velocity=(0.02, -0.02, 0.00) m/s | speed=0.03 m/s | net=0.03 m | straightness=0.61 | direction=0.00 | state=STATIONARY | detections=114
[INFO] [1790212341.566033244] [sage_semantic_world_model]: Target 4 updated | association_distance=0.00 m | raw=(5.31, -5.88, 0.00) | smoothed=(5.31, -5.88, 0.00) | velocity=(0.01, -0.01, 0.00) m/s | speed=0.02 m/s | net=0.03 m | straightness=0.79 | direction=0.00 | state=STATIONARY | detections=115
[INFO] [1790212341.674857714] [sage_semantic_world_model]: Target 4 updated | association_distance=0.07 m | raw=(5.24, -5.90, 0.00) | smoothed=(5.29, -5.88, 0.00) | velocity=(-0.03, -0.02, 0.00) m/s | speed=0.04 m/s | net=0.03 m | straightness=0.56 | direction=0.00 | state=STATIONARY | detections=116
[INFO] [1790212341.770596040] [sage_semantic_world_model]: Target 4 updated | association_distance=0.05 m | raw=(5.24, -5.90, 0.00) | smoothed=(5.28, -5.89, 0.00) | velocity=(-0.07, -0.02, 0.00) m/s | speed=0.07 m/s | net=0.03 m | straightness=0.51 | direction=0.00 | state=STATIONARY | detections=117
[INFO] [1790212341.873208483] [sage_semantic_world_model]: Target 4 updated | association_distance=0.04 m | raw=(5.24, -5.90, 0.00) | smoothed=(5.27, -5.89, 0.00) | velocity=(-0.10, -0.03, 0.00) m/s | speed=0.10 m/s | net=0.04 m | straightness=0.61 | direction=0.00 | state=STATIONARY | detections=118
[INFO] [1790212341.966369684] [sage_semantic_world_model]: Target 4 updated | association_distance=0.03 m | raw=(5.24, -5.90, 0.00) | smoothed=(5.26, -5.89, 0.00) | velocity=(-0.12, -0.03, 0.00) m/s | speed=0.12 m/s | net=0.04 m | straightness=0.72 | direction=0.00 | state=STATIONARY | detections=119
[INFO] [1790212342.065480986] [sage_semantic_world_model]: Target 4 updated | association_distance=0.02 m | raw=(5.27, -5.91, 0.00) | smoothed=(5.26, -5.89, 0.00) | velocity=(-0.07, -0.03, 0.00) m/s | speed=0.08 m/s | net=0.04 m | straightness=0.74 | direction=0.00 | state=STATIONARY | detections=120
[INFO] [1790212342.178164020] [sage_semantic_world_model]: Target 4 updated | association_distance=0.01 m | raw=(5.27, -5.91, 0.00) | smoothed=(5.26, -5.90, 0.00) | velocity=(-0.03, -0.03, 0.00) m/s | speed=0.05 m/s | net=0.05 m | straightness=0.75 | direction=0.00 | state=STATIONARY | detections=121
[INFO] [1790212342.274365785] [sage_semantic_world_model]: Target 4 updated | association_distance=0.01 m | raw=(5.27, -5.91, 0.00) | smoothed=(5.27, -5.90, 0.00) | velocity=(-0.01, -0.03, 0.00) m/s | speed=0.03 m/s | net=0.05 m | straightness=0.76 | direction=0.00 | state=STATIONARY | detections=122
[INFO] [1790212342.364015176] [sage_semantic_world_model]: Target 4 updated | association_distance=0.01 m | raw=(5.27, -5.91, 0.00) | smoothed=(5.27, -5.90, 0.00) | velocity=(0.01, -0.03, 0.00) m/s | speed=0.03 m/s | net=0.05 m | straightness=0.76 | direction=0.00 | state=STATIONARY | detections=123
[INFO] [1790212342.465824545] [sage_semantic_world_model]: Target 4 updated | association_distance=0.06 m | raw=(5.21, -5.93, 0.00) | smoothed=(5.25, -5.91, 0.00) | velocity=(-0.02, -0.04, 0.00) m/s | speed=0.04 m/s | net=0.06 m | straightness=0.83 | direction=0.00 | state=STATIONARY | detections=124
[INFO] [1790212342.576791067] [sage_semantic_world_model]: Target 4 updated | association_distance=0.04 m | raw=(5.21, -5.93, 0.00) | smoothed=(5.24, -5.91, 0.00) | velocity=(-0.05, -0.04, 0.00) m/s | speed=0.07 m/s | net=0.06 m | straightness=0.82 | direction=0.00 | state=STATIONARY | detections=125
[INFO] [1790212342.673408982] [sage_semantic_world_model]: Target 4 updated | association_distance=0.03 m | raw=(5.21, -5.93, 0.00) | smoothed=(5.24, -5.92, 0.00) | velocity=(-0.07, -0.04, 0.00) m/s | speed=0.09 m/s | net=0.05 m | straightness=0.82 | direction=0.00 | state=STATIONARY | detections=126
[INFO] [1790212342.778059703] [sage_semantic_world_model]: Target 4 updated | association_distance=0.02 m | raw=(5.25, -5.93, 0.00) | smoothed=(5.24, -5.92, 0.00) | velocity=(-0.07, -0.05, 0.00) m/s | speed=0.08 m/s | net=0.04 m | straightness=0.73 | direction=0.00 | state=STATIONARY | detections=127
[INFO] [1790212342.863120211] [sage_semantic_world_model]: Target 4 updated | association_distance=0.01 m | raw=(5.25, -5.93, 0.00) | smoothed=(5.24, -5.92, 0.00) | velocity=(-0.03, -0.04, 0.00) m/s | speed=0.04 m/s | net=0.04 m | straightness=0.68 | direction=0.00 | state=STATIONARY | detections=128
[INFO] [1790212342.964985076] [sage_semantic_world_model]: Target 4 updated | association_distance=0.01 m | raw=(5.25, -5.93, 0.00) | smoothed=(5.24, -5.92, 0.00) | velocity=(0.00, -0.03, 0.00) m/s | speed=0.03 m/s | net=0.04 m | straightness=0.66 | direction=0.00 | state=STATIONARY | detections=129
[INFO] [1790212343.063792579] [sage_semantic_world_model]: Target 4 updated | association_distance=0.07 m | raw=(5.19, -5.95, 0.00) | smoothed=(5.23, -5.93, 0.00) | velocity=(-0.01, -0.04, 0.00) m/s | speed=0.04 m/s | net=0.05 m | straightness=0.73 | direction=0.00 | state=STATIONARY | detections=130
[INFO] [1790212343.174031003] [sage_semantic_world_model]: Target 4 updated | association_distance=0.05 m | raw=(5.19, -5.95, 0.00) | smoothed=(5.22, -5.94, 0.00) | velocity=(-0.05, -0.04, 0.00) m/s | speed=0.07 m/s | net=0.06 m | straightness=0.78 | direction=0.00 | state=STATIONARY | detections=131
[INFO] [1790212343.274992125] [sage_semantic_world_model]: Target 4 updated | association_distance=0.02 m | raw=(5.22, -5.96, 0.00) | smoothed=(5.22, -5.94, 0.00) | velocity=(-0.06, -0.05, 0.00) m/s | speed=0.08 m/s | net=0.06 m | straightness=0.78 | direction=0.00 | state=STATIONARY | detections=132
[INFO] [1790212343.369621196] [sage_semantic_world_model]: Target 4 updated | association_distance=0.02 m | raw=(5.22, -5.96, 0.00) | smoothed=(5.22, -5.95, 0.00) | velocity=(-0.06, -0.06, 0.00) m/s | speed=0.08 m/s | net=0.05 m | straightness=0.74 | direction=0.00 | state=STATIONARY | detections=133
[INFO] [1790212343.467160470] [sage_semantic_world_model]: Target 4 updated | association_distance=0.06 m | raw=(5.28, -5.97, 0.00) | smoothed=(5.23, -5.95, 0.00) | velocity=(0.01, -0.05, 0.00) m/s | speed=0.05 m/s | net=0.04 m | straightness=0.53 | direction=0.00 | state=STATIONARY | detections=134
[INFO] [1790212343.567804258] [sage_semantic_world_model]: Target 4 updated | association_distance=0.05 m | raw=(5.28, -5.97, 0.00) | smoothed=(5.25, -5.96, 0.00) | velocity=(0.07, -0.05, 0.00) m/s | speed=0.08 m/s | net=0.04 m | straightness=0.51 | direction=0.00 | state=STATIONARY | detections=135
[INFO] [1790212343.667161482] [sage_semantic_world_model]: Target 4 updated | association_distance=0.03 m | raw=(5.28, -5.97, 0.00) | smoothed=(5.25, -5.96, 0.00) | velocity=(0.09, -0.04, 0.00) m/s | speed=0.09 m/s | net=0.04 m | straightness=0.50 | direction=0.00 | state=STATIONARY | detections=136
[INFO] [1790212343.762209028] [sage_semantic_world_model]: Target 4 updated | association_distance=0.26 m | raw=(5.48, -5.83, 0.00) | smoothed=(5.31, -5.93, 0.00) | velocity=(0.23, 0.05, 0.00) m/s | speed=0.24 m/s | net=0.07 m | straightness=0.48 | direction=0.00 | state=STATIONARY | detections=137
[INFO] [1790212343.866346192] [sage_semantic_world_model]: Target 4 updated | association_distance=0.20 m | raw=(5.48, -5.83, 0.00) | smoothed=(5.35, -5.90, 0.00) | velocity=(0.30, 0.12, 0.00) m/s | speed=0.32 m/s | net=0.11 m | straightness=0.59 | direction=0.00 | state=STATIONARY | detections=138
[INFO] [1790212343.963549699] [sage_semantic_world_model]: Target 4 updated | association_distance=0.15 m | raw=(5.48, -5.83, 0.00) | smoothed=(5.39, -5.89, 0.00) | velocity=(0.36, 0.17, 0.00) m/s | speed=0.40 m/s | net=0.16 m | straightness=0.78 | direction=0.00 | state=STATIONARY | detections=139
[INFO] [1790212344.076622996] [sage_semantic_world_model]: Target 4 updated | association_distance=0.11 m | raw=(5.48, -5.83, 0.00) | smoothed=(5.41, -5.87, 0.00) | velocity=(0.40, 0.21, 0.00) m/s | speed=0.45 m/s | net=0.20 m | straightness=0.90 | direction=0.00 | state=STATIONARY | detections=140
[INFO] [1790212344.169890986] [sage_semantic_world_model]: Target 4 updated | association_distance=0.08 m | raw=(5.48, -5.83, 0.00) | smoothed=(5.43, -5.86, 0.00) | velocity=(0.29, 0.16, 0.00) m/s | speed=0.33 m/s | net=0.23 m | straightness=0.94 | direction=0.00 | state=STATIONARY | detections=141
[INFO] [1790212344.267682512] [sage_semantic_world_model]: Target 4 updated | association_distance=0.06 m | raw=(5.48, -5.83, 0.00) | smoothed=(5.44, -5.86, 0.00) | velocity=(0.22, 0.12, 0.00) m/s | speed=0.25 m/s | net=0.24 m | straightness=0.96 | direction=0.00 | state=STATIONARY | detections=142
[INFO] [1790212344.365996082] [sage_semantic_world_model]: Target 4 updated | association_distance=0.05 m | raw=(5.48, -5.83, 0.00) | smoothed=(5.45, -5.85, 0.00) | velocity=(0.17, 0.09, 0.00) m/s | speed=0.19 m/s | net=0.24 m | straightness=0.98 | direction=0.00 | state=STATIONARY | detections=143
[INFO] [1790212347.368949854] [sage_semantic_world_model]: Target 4 updated | association_distance=0.26 m | raw=(5.50, -6.11, 0.00) | smoothed=(5.46, -5.91, 0.00) | velocity=(0.02, -0.01, 0.00) m/s | speed=0.02 m/s | net=0.22 m | straightness=0.74 | direction=0.00 | state=STATIONARY | detections=144
[INFO] [1790212347.468581601] [sage_semantic_world_model]: Target 4 updated | association_distance=0.20 m | raw=(5.50, -6.11, 0.00) | smoothed=(5.47, -5.96, 0.00) | velocity=(0.01, -0.03, 0.00) m/s | speed=0.03 m/s | net=0.22 m | straightness=0.64 | direction=0.00 | state=STATIONARY | detections=145
[INFO] [1790212348.964213523] [sage_semantic_world_model]: Target 1 updated | association_distance=1.75 m | raw=(-1.55, 5.85, 0.00) | smoothed=(-0.69, 4.86, 0.00) | velocity=(-0.01, 0.02, 0.00) m/s | speed=0.02 m/s | net=0.73 m | straightness=0.95 | direction=0.89 | state=STATIONARY | detections=417
[INFO] [1790212349.066866910] [sage_semantic_world_model]: Target 1 updated | association_distance=1.31 m | raw=(-1.55, 5.85, 0.00) | smoothed=(-0.91, 5.11, 0.00) | velocity=(-0.02, 0.02, 0.00) m/s | speed=0.03 m/s | net=1.07 m | straightness=0.99 | direction=1.00 | state=STATIONARY | detections=418
[INFO] [1790212349.168803430] [sage_semantic_world_model]: Target 1 updated | association_distance=0.98 m | raw=(-1.55, 5.85, 0.00) | smoothed=(-1.07, 5.30, 0.00) | velocity=(-0.02, 0.03, 0.00) m/s | speed=0.03 m/s | net=1.28 m | straightness=0.99 | direction=1.00 | state=STATIONARY | detections=419
[INFO] [1790212349.273148842] [sage_semantic_world_model]: Target 1 updated | association_distance=0.36 m | raw=(-0.76, 5.10, 0.00) | smoothed=(-0.99, 5.25, 0.00) | velocity=(-0.02, 0.02, 0.00) m/s | speed=0.03 m/s | net=1.17 m | straightness=0.86 | direction=0.89 | state=STATIONARY | detections=420
[INFO] [1790212349.371362549] [sage_semantic_world_model]: Target 1 updated | association_distance=0.27 m | raw=(-0.76, 5.10, 0.00) | smoothed=(-0.94, 5.21, 0.00) | velocity=(-0.60, 0.86, 0.00) m/s | speed=1.05 m/s | net=1.09 m | straightness=0.77 | direction=0.78 | state=STATIONARY | detections=421
[INFO] [1790212349.470030481] [sage_semantic_world_model]: Target 2 updated | association_distance=0.69 m | raw=(-7.43, 8.95, 0.00) | smoothed=(-7.70, 8.51, 0.00) | velocity=(0.01, -0.00, 0.00) m/s | speed=0.01 m/s | net=0.49 m | straightness=0.29 | direction=0.00 | state=STATIONARY | detections=27
[INFO] [1790212349.563849592] [sage_semantic_world_model]: Target 2 updated | association_distance=0.52 m | raw=(-7.43, 8.95, 0.00) | smoothed=(-7.63, 8.62, 0.00) | velocity=(0.01, 0.00, 0.00) m/s | speed=0.02 m/s | net=0.55 m | straightness=0.34 | direction=0.56 | state=STATIONARY | detections=28
[INFO] [1790212349.667137793] [sage_semantic_world_model]: Target 5 updated | association_distance=1.98 m | raw=(-8.33, 10.91, 0.00) | smoothed=(-9.81, 11.06, 0.00) | velocity=(0.01, 0.01, 0.00) m/s | speed=0.01 m/s | net=0.93 m | straightness=0.49 | direction=0.86 | state=STATIONARY | detections=11
[INFO] [1790212349.772094745] [sage_semantic_world_model]: Target 5 updated | association_distance=1.49 m | raw=(-8.33, 10.91, 0.00) | smoothed=(-9.44, 11.03, 0.00) | velocity=(0.02, 0.00, 0.00) m/s | speed=0.02 m/s | net=0.66 m | straightness=0.29 | direction=0.75 | state=STATIONARY | detections=12
[INFO] [1790212349.862784197] [sage_semantic_world_model]: Target 5 updated | association_distance=1.11 m | raw=(-8.33, 10.91, 0.00) | smoothed=(-9.16, 11.00, 0.00) | velocity=(0.03, -0.00, 0.00) m/s | speed=0.03 m/s | net=0.54 m | straightness=0.21 | direction=0.44 | state=STATIONARY | detections=13
[INFO] [1790212349.967523617] [sage_semantic_world_model]: Target 5 updated | association_distance=0.84 m | raw=(-8.33, 10.91, 0.00) | smoothed=(-8.95, 10.97, 0.00) | velocity=(0.04, -0.00, 0.00) m/s | speed=0.04 m/s | net=0.70 m | straightness=0.30 | direction=0.44 | state=STATIONARY | detections=14
[INFO] [1790212353.063965217] [sage_semantic_world_model]: Target 4 updated | association_distance=1.36 m | raw=(5.75, -7.29, 0.00) | smoothed=(5.54, -6.29, 0.00) | velocity=(0.01, -0.05, 0.00) m/s | speed=0.05 m/s | net=0.43 m | straightness=0.70 | direction=0.00 | state=STATIONARY | detections=146
[INFO] [1790212353.168029317] [sage_semantic_world_model]: Target 4 updated | association_distance=1.02 m | raw=(5.75, -7.29, 0.00) | smoothed=(5.60, -6.54, 0.00) | velocity=(0.02, -0.08, 0.00) m/s | speed=0.08 m/s | net=0.68 m | straightness=0.83 | direction=0.44 | state=STATIONARY | detections=147
[INFO] [1790212353.264664649] [sage_semantic_world_model]: Target 4 updated | association_distance=0.76 m | raw=(5.75, -7.29, 0.00) | smoothed=(5.63, -6.73, 0.00) | velocity=(0.03, -0.14, 0.00) m/s | speed=0.14 m/s | net=0.88 m | straightness=0.90 | direction=0.56 | state=STATIONARY | detections=148
[INFO] [1790212353.380719589] [sage_semantic_world_model]: Target 4 updated | association_distance=0.57 m | raw=(5.75, -7.29, 0.00) | smoothed=(5.66, -6.87, 0.00) | velocity=(0.03, -0.15, 0.00) m/s | speed=0.16 m/s | net=1.03 m | straightness=0.94 | direction=0.67 | state=STATIONARY | detections=149
[INFO] [1790212353.474305236] [sage_semantic_world_model]: Target 4 updated | association_distance=0.17 m | raw=(5.79, -6.76, 0.00) | smoothed=(5.70, -6.84, 0.00) | velocity=(0.38, -1.37, 0.00) m/s | speed=1.42 m/s | net=1.02 m | straightness=0.91 | direction=0.67 | state=STATIONARY | detections=150
[INFO] [1790212353.570930777] [sage_semantic_world_model]: Target 4 updated | association_distance=0.13 m | raw=(5.79, -6.76, 0.00) | smoothed=(5.72, -6.82, 0.00) | velocity=(0.31, -0.69, 0.00) m/s | speed=0.76 m/s | net=1.01 m | straightness=0.89 | direction=0.67 | state=STATIONARY | detections=151
[INFO] [1790212354.671328375] [sage_semantic_world_model]: Target 4 updated | association_distance=0.84 m | raw=(5.30, -6.09, 0.00) | smoothed=(5.62, -6.64, 0.00) | velocity=(-0.01, 0.06, 0.00) m/s | speed=0.07 m/s | net=0.81 m | straightness=0.61 | direction=0.67 | state=STATIONARY | detections=152
[INFO] [1790212354.772566137] [sage_semantic_world_model]: Target 4 updated | association_distance=0.63 m | raw=(5.30, -6.09, 0.00) | smoothed=(5.54, -6.50, 0.00) | velocity=(-0.09, 0.26, 0.00) m/s | speed=0.28 m/s | net=0.59 m | straightness=0.42 | direction=0.56 | state=STATIONARY | detections=153
[INFO] [1790212354.863296957] [sage_semantic_world_model]: Target 4 updated | association_distance=0.47 m | raw=(5.30, -6.09, 0.00) | smoothed=(5.48, -6.40, 0.00) | velocity=(-0.16, 0.32, 0.00) m/s | speed=0.35 m/s | net=0.44 m | straightness=0.29 | direction=0.00 | state=STATIONARY | detections=154
[INFO] [1790212360.575443926] [sage_semantic_world_model]: Target 1 updated | association_distance=1.18 m | raw=(-0.53, 4.10, 0.00) | smoothed=(-0.84, 4.94, 0.00) | velocity=(0.01, -0.02, 0.00) m/s | speed=0.02 m/s | net=0.77 m | straightness=0.46 | direction=0.67 | state=STATIONARY | detections=422
[INFO] [1790212360.665274081] [sage_semantic_world_model]: Target 1 updated | association_distance=0.88 m | raw=(-0.53, 4.10, 0.00) | smoothed=(-0.76, 4.73, 0.00) | velocity=(0.03, -0.05, 0.00) m/s | speed=0.06 m/s | net=0.54 m | straightness=0.29 | direction=0.56 | state=STATIONARY | detections=423
[INFO] [1790212360.778972608] [sage_semantic_world_model]: Target 1 updated | association_distance=0.66 m | raw=(-0.53, 4.10, 0.00) | smoothed=(-0.70, 4.57, 0.00) | velocity=(0.03, -0.06, 0.00) m/s | speed=0.06 m/s | net=0.34 m | straightness=0.17 | direction=0.00 | state=STATIONARY | detections=424
[INFO] [1790212361.166539903] [sage_semantic_world_model]: Target 1 updated | association_distance=0.41 m | raw=(-0.42, 4.27, 0.00) | smoothed=(-0.63, 4.50, 0.00) | velocity=(0.03, -0.06, 0.00) m/s | speed=0.07 m/s | net=0.23 m | straightness=0.12 | direction=0.00 | state=STATIONARY | detections=425
[INFO] [1790212361.263495692] [sage_semantic_world_model]: Target 1 updated | association_distance=0.31 m | raw=(-0.42, 4.27, 0.00) | smoothed=(-0.58, 4.44, 0.00) | velocity=(0.37, -0.71, 0.00) m/s | speed=0.80 m/s | net=0.44 m | straightness=0.28 | direction=0.00 | state=STATIONARY | detections=426
[INFO] [1790212365.966819925] [sage_semantic_world_model]: Target 3 updated | association_distance=0.56 m | raw=(-5.28, 7.33, 0.00) | smoothed=(-5.60, 7.06, 0.00) | velocity=(0.00, 0.00, 0.00) m/s | speed=0.00 m/s | net=0.20 m | straightness=0.37 | direction=0.00 | state=MOVING | detections=437
[INFO] [1790212366.064774650] [sage_semantic_world_model]: Target 3 updated | association_distance=0.42 m | raw=(-5.28, 7.33, 0.00) | smoothed=(-5.52, 7.13, 0.00) | velocity=(0.00, 0.00, 0.00) m/s | speed=0.00 m/s | net=0.31 m | straightness=0.53 | direction=0.00 | state=MOVING | detections=438
[INFO] [1790212366.165894540] [sage_semantic_world_model]: Target 3 updated | association_distance=0.31 m | raw=(-5.28, 7.33, 0.00) | smoothed=(-5.46, 7.18, 0.00) | velocity=(0.00, 0.00, 0.00) m/s | speed=0.01 m/s | net=0.41 m | straightness=0.65 | direction=0.00 | state=MOVING | detections=439
[INFO] [1790212366.267207288] [sage_semantic_world_model]: Target 3 updated | association_distance=0.23 m | raw=(-5.28, 7.33, 0.00) | smoothed=(-5.42, 7.22, 0.00) | velocity=(0.01, 0.00, 0.00) m/s | speed=0.01 m/s | net=0.42 m | straightness=0.69 | direction=0.00 | state=MOVING | detections=440
[INFO] [1790212366.366112509] [sage_semantic_world_model]: Target 3 updated | association_distance=0.18 m | raw=(-5.28, 7.33, 0.00) | smoothed=(-5.38, 7.25, 0.00) | velocity=(0.55, 0.46, 0.00) m/s | speed=0.72 m/s | net=0.43 m | straightness=0.74 | direction=0.00 | state=MOVING | detections=441
[INFO] [1790212366.467477236] [sage_semantic_world_model]: Target 3 updated | association_distance=0.13 m | raw=(-5.28, 7.33, 0.00) | smoothed=(-5.36, 7.27, 0.00) | velocity=(0.41, 0.34, 0.00) m/s | speed=0.53 m/s | net=0.45 m | straightness=0.78 | direction=0.00 | state=MOVING | detections=442
[INFO] [1790212366.568754257] [sage_semantic_world_model]: Target 3 updated | association_distance=0.10 m | raw=(-5.28, 7.33, 0.00) | smoothed=(-5.34, 7.28, 0.00) | velocity=(0.31, 0.26, 0.00) m/s | speed=0.40 m/s | net=0.47 m | straightness=0.86 | direction=0.00 | state=MOVING | detections=443
[INFO] [1790212366.665018457] [sage_semantic_world_model]: Target 3 updated | association_distance=0.07 m | raw=(-5.28, 7.33, 0.00) | smoothed=(-5.32, 7.29, 0.00) | velocity=(0.24, 0.19, 0.00) m/s | speed=0.30 m/s | net=0.49 m | straightness=0.94 | direction=0.00 | state=MOVING | detections=444
[INFO] [1790212366.767380861] [sage_semantic_world_model]: Target 1 updated | association_distance=0.94 m | raw=(-0.04, 3.67, 0.00) | smoothed=(-0.45, 4.25, 0.00) | velocity=(0.05, -0.08, 0.00) m/s | speed=0.09 m/s | net=0.98 m | straightness=0.65 | direction=0.89 | state=STATIONARY | detections=427
[INFO] [1790212366.866231868] [sage_semantic_world_model]: Target 1 updated | association_distance=0.71 m | raw=(-0.04, 3.67, 0.00) | smoothed=(-0.34, 4.10, 0.00) | velocity=(0.06, -0.08, 0.00) m/s | speed=0.10 m/s | net=1.40 m | straightness=0.98 | direction=1.00 | state=STATIONARY | detections=428
[INFO] [1790212366.962518432] [sage_semantic_world_model]: Target 1 updated | association_distance=0.53 m | raw=(-0.04, 3.67, 0.00) | smoothed=(-0.27, 3.99, 0.00) | velocity=(0.06, -0.09, 0.00) m/s | speed=0.11 m/s | net=1.45 m | straightness=0.98 | direction=1.00 | state=STATIONARY | detections=429
[INFO] [1790212374.066828388] [sage_semantic_world_model]: Target 1 updated | association_distance=0.89 m | raw=(0.43, 3.45, 0.00) | smoothed=(-0.09, 3.86, 0.00) | velocity=(0.04, -0.05, 0.00) m/s | speed=0.06 m/s | net=1.60 m | straightness=0.98 | direction=1.00 | state=STATIONARY | detections=430
[INFO] [1790212374.162744639] [sage_semantic_world_model]: Target 1 updated | association_distance=0.67 m | raw=(0.43, 3.45, 0.00) | smoothed=(0.04, 3.75, 0.00) | velocity=(0.07, -0.07, 0.00) m/s | speed=0.09 m/s | net=1.47 m | straightness=0.98 | direction=1.00 | state=STATIONARY | detections=431
[INFO] [1790212374.272037975] [sage_semantic_world_model]: Target 1 updated | association_distance=0.50 m | raw=(0.43, 3.45, 0.00) | smoothed=(0.14, 3.68, 0.00) | velocity=(0.07, -0.06, 0.00) m/s | speed=0.09 m/s | net=1.38 m | straightness=0.98 | direction=1.00 | state=STATIONARY | detections=432
[INFO] [1790212374.369561210] [sage_semantic_world_model]: Target 1 updated | association_distance=0.25 m | raw=(0.26, 3.45, 0.00) | smoothed=(0.17, 3.62, 0.00) | velocity=(0.06, -0.05, 0.00) m/s | speed=0.08 m/s | net=1.29 m | straightness=0.99 | direction=1.00 | state=STATIONARY | detections=433
[INFO] [1790212374.465832051] [sage_semantic_world_model]: Target 1 updated | association_distance=0.19 m | raw=(0.26, 3.45, 0.00) | smoothed=(0.19, 3.58, 0.00) | velocity=(0.71, -0.70, 0.00) m/s | speed=1.00 m/s | net=1.23 m | straightness=0.99 | direction=1.00 | state=STATIONARY | detections=434
[INFO] [1790212374.567552473] [sage_semantic_world_model]: Target 1 updated | association_distance=0.14 m | raw=(0.26, 3.45, 0.00) | smoothed=(0.21, 3.55, 0.00) | velocity=(0.41, -0.51, 0.00) m/s | speed=0.66 m/s | net=1.19 m | straightness=0.99 | direction=1.00 | state=STATIONARY | detections=435
[INFO] [1790212376.778742018] [sage_semantic_world_model]: Target 1 updated | association_distance=0.46 m | raw=(0.30, 4.00, 0.00) | smoothed=(0.23, 3.66, 0.00) | velocity=(0.04, -0.01, 0.00) m/s | speed=0.04 m/s | net=0.90 m | straightness=0.82 | direction=0.89 | state=STATIONARY | detections=436
[INFO] [1790212376.875576484] [sage_semantic_world_model]: Target 1 updated | association_distance=0.35 m | raw=(0.30, 4.00, 0.00) | smoothed=(0.25, 3.74, 0.00) | velocity=(0.03, 0.05, 0.00) m/s | speed=0.06 m/s | net=0.69 m | straightness=0.69 | direction=0.78 | state=STATIONARY | detections=437
[INFO] [1790212376.967745246] [sage_semantic_world_model]: Target 1 updated | association_distance=0.26 m | raw=(0.30, 4.00, 0.00) | smoothed=(0.26, 3.81, 0.00) | velocity=(0.03, 0.09, 0.00) m/s | speed=0.10 m/s | net=0.56 m | straightness=0.60 | direction=0.67 | state=STATIONARY | detections=438
[INFO] [1790212377.066131702] [sage_semantic_world_model]: Target 1 updated | association_distance=0.20 m | raw=(0.30, 4.00, 0.00) | smoothed=(0.27, 3.86, 0.00) | velocity=(0.03, 0.12, 0.00) m/s | speed=0.13 m/s | net=0.37 m | straightness=0.48 | direction=0.00 | state=STATIONARY | detections=439
[INFO] [1790212378.463802363] [sage_semantic_world_model]: Target 3 updated | association_distance=1.12 m | raw=(-6.20, 6.60, 0.00) | smoothed=(-5.54, 7.12, 0.00) | velocity=(-0.01, -0.01, 0.00) m/s | speed=0.02 m/s | net=0.22 m | straightness=0.28 | direction=0.00 | state=MOVING | detections=445
[INFO] [1790212378.565224224] [sage_semantic_world_model]: Target 3 updated | association_distance=0.84 m | raw=(-6.20, 6.60, 0.00) | smoothed=(-5.71, 6.99, 0.00) | velocity=(-0.03, -0.02, 0.00) m/s | speed=0.04 m/s | net=0.13 m | straightness=0.15 | direction=0.00 | state=MOVING | detections=446
[INFO] [1790212378.667790945] [sage_semantic_world_model]: Target 3 updated | association_distance=1.07 m | raw=(-6.65, 6.49, 0.00) | smoothed=(-5.94, 6.87, 0.00) | velocity=(-0.05, -0.03, 0.00) m/s | speed=0.06 m/s | net=0.50 m | straightness=0.49 | direction=0.00 | state=MOVING | detections=447
[INFO] [1790212378.764999425] [sage_semantic_world_model]: Target 3 updated | association_distance=0.80 m | raw=(-6.65, 6.49, 0.00) | smoothed=(-6.12, 6.77, 0.00) | velocity=(-0.07, -0.04, 0.00) m/s | speed=0.08 m/s | net=0.78 m | straightness=0.68 | direction=0.44 | state=MOVING | detections=448
[INFO] [1790212378.870289177] [sage_semantic_world_model]: Target 3 updated | association_distance=0.60 m | raw=(-6.65, 6.49, 0.00) | smoothed=(-6.25, 6.70, 0.00) | velocity=(-1.78, -1.05, 0.00) m/s | speed=2.06 m/s | net=0.98 m | straightness=0.80 | direction=0.56 | state=MOVING | detections=449
[INFO] [1790212378.971338106] [sage_semantic_world_model]: Target 3 updated | association_distance=0.39 m | raw=(-6.62, 6.58, 0.00) | smoothed=(-6.35, 6.67, 0.00) | velocity=(-1.57, -0.79, 0.00) m/s | speed=1.75 m/s | net=1.12 m | straightness=0.88 | direction=0.67 | state=MOVING | detections=450
[INFO] [1790212379.063918704] [sage_semantic_world_model]: Target 3 updated | association_distance=0.29 m | raw=(-6.62, 6.58, 0.00) | smoothed=(-6.42, 6.65, 0.00) | velocity=(-1.18, -0.55, 0.00) m/s | speed=1.30 m/s | net=1.23 m | straightness=0.93 | direction=0.78 | state=MOVING | detections=451
[INFO] [1790212379.170217546] [sage_semantic_world_model]: Target 3 updated | association_distance=0.22 m | raw=(-6.62, 6.58, 0.00) | smoothed=(-6.47, 6.63, 0.00) | velocity=(-0.86, -0.35, 0.00) m/s | speed=0.93 m/s | net=1.30 m | straightness=0.97 | direction=0.89 | state=MOVING | detections=452
[INFO] [1790212380.265704145] [sage_semantic_world_model]: Target 3 updated | association_distance=0.28 m | raw=(-6.19, 6.64, 0.00) | smoothed=(-6.40, 6.63, 0.00) | velocity=(-0.10, -0.05, 0.00) m/s | speed=0.11 m/s | net=1.26 m | straightness=0.90 | direction=0.89 | state=MOVING | detections=453
[INFO] [1790212380.366650415] [sage_semantic_world_model]: Target 3 updated | association_distance=0.21 m | raw=(-6.19, 6.64, 0.00) | smoothed=(-6.34, 6.64, 0.00) | velocity=(0.00, -0.03, 0.00) m/s | speed=0.03 m/s | net=0.94 m | straightness=0.80 | direction=0.78 | state=MOVING | detections=454
[INFO] [1790212380.472773015] [sage_semantic_world_model]: Target 3 updated | association_distance=0.16 m | raw=(-6.19, 6.64, 0.00) | smoothed=(-6.31, 6.64, 0.00) | velocity=(0.08, -0.01, 0.00) m/s | speed=0.08 m/s | net=0.70 m | straightness=0.69 | direction=0.67 | state=MOVING | detections=455
[INFO] [1790212380.567987082] [sage_semantic_world_model]: Target 3 updated | association_distance=0.13 m | raw=(-6.18, 6.59, 0.00) | smoothed=(-6.27, 6.62, 0.00) | velocity=(0.14, -0.00, 0.00) m/s | speed=0.14 m/s | net=0.41 m | straightness=0.53 | direction=0.00 | state=MOVING | detections=456
[INFO] [1790212380.667640567] [sage_semantic_world_model]: Target 3 updated | association_distance=0.10 m | raw=(-6.18, 6.59, 0.00) | smoothed=(-6.25, 6.62, 0.00) | velocity=(0.36, -0.04, 0.00) m/s | speed=0.37 m/s | net=0.20 m | straightness=0.34 | direction=0.00 | state=MOVING | detections=457
[INFO] [1790212380.767227305] [sage_semantic_world_model]: Target 3 updated | association_distance=0.07 m | raw=(-6.18, 6.59, 0.00) | smoothed=(-6.23, 6.61, 0.00) | velocity=(0.28, -0.07, 0.00) m/s | speed=0.29 m/s | net=0.10 m | straightness=0.21 | direction=0.00 | state=MOVING | detections=458
[INFO] [1790212380.860760423] [sage_semantic_world_model]: Target 3 confirmed STATIONARY | net=0.17 m | avg_speed=0.09 m/s
[INFO] [1790212380.865238238] [sage_semantic_world_model]: Target 3 updated | association_distance=0.19 m | raw=(-6.04, 6.62, 0.00) | smoothed=(-6.19, 6.61, 0.00) | velocity=(0.30, -0.06, 0.00) m/s | speed=0.31 m/s | net=0.17 m | straightness=0.41 | direction=0.00 | state=STATIONARY | detections=459
[INFO] [1790212380.965899122] [sage_semantic_world_model]: Target 3 updated | association_distance=0.14 m | raw=(-6.04, 6.62, 0.00) | smoothed=(-6.15, 6.62, 0.00) | velocity=(0.31, -0.02, 0.00) m/s | speed=0.31 m/s | net=0.27 m | straightness=0.71 | direction=0.00 | state=STATIONARY | detections=460
[INFO] [1790212383.064340079] [sage_semantic_world_model]: Target 3 updated | association_distance=0.56 m | raw=(-6.33, 7.15, 0.00) | smoothed=(-6.19, 6.75, 0.00) | velocity=(0.02, 0.06, 0.00) m/s | speed=0.06 m/s | net=0.30 m | straightness=0.64 | direction=0.00 | state=STATIONARY | detections=461
[INFO] [1790212383.168687356] [sage_semantic_world_model]: Target 3 updated | association_distance=0.42 m | raw=(-6.33, 7.15, 0.00) | smoothed=(-6.23, 6.85, 0.00) | velocity=(0.00, 0.10, 0.00) m/s | speed=0.10 m/s | net=0.27 m | straightness=0.55 | direction=0.00 | state=STATIONARY | detections=462
[INFO] [1790212383.276412305] [sage_semantic_world_model]: Target 3 updated | association_distance=0.31 m | raw=(-6.33, 7.15, 0.00) | smoothed=(-6.25, 6.92, 0.00) | velocity=(-0.03, 0.13, 0.00) m/s | speed=0.13 m/s | net=0.30 m | straightness=0.58 | direction=0.00 | state=STATIONARY | detections=463
[INFO] [1790212383.368336911] [sage_semantic_world_model]: Target 3 updated | association_distance=0.24 m | raw=(-6.33, 7.15, 0.00) | smoothed=(-6.27, 6.98, 0.00) | velocity=(-0.05, 0.15, 0.00) m/s | speed=0.16 m/s | net=0.34 m | straightness=0.63 | direction=0.00 | state=STATIONARY | detections=464
[INFO] [1790212383.469983137] [sage_semantic_world_model]: Target 3 updated | association_distance=0.10 m | raw=(-6.28, 7.08, 0.00) | smoothed=(-6.27, 7.00, 0.00) | velocity=(-0.20, 0.63, 0.00) m/s | speed=0.67 m/s | net=0.38 m | straightness=0.71 | direction=0.00 | state=STATIONARY | detections=465
[INFO] [1790212383.578223526] [sage_semantic_world_model]: Target 3 updated | association_distance=0.07 m | raw=(-6.28, 7.08, 0.00) | smoothed=(-6.28, 7.02, 0.00) | velocity=(-0.12, 0.42, 0.00) m/s | speed=0.44 m/s | net=0.41 m | straightness=0.77 | direction=0.00 | state=STATIONARY | detections=466
[INFO] [1790212383.664624204] [sage_semantic_world_model]: Target 3 updated | association_distance=0.06 m | raw=(-6.28, 7.08, 0.00) | smoothed=(-6.28, 7.03, 0.00) | velocity=(-0.07, 0.28, 0.00) m/s | speed=0.29 m/s | net=0.43 m | straightness=0.82 | direction=0.00 | state=STATIONARY | detections=467
[INFO] [1790212390.363064219] [sage_semantic_world_model]: Target 1 updated | association_distance=0.48 m | raw=(0.28, 3.38, 0.00) | smoothed=(0.27, 3.74, 0.00) | velocity=(0.00, 0.01, 0.00) m/s | speed=0.01 m/s | net=0.24 m | straightness=0.33 | direction=0.00 | state=STATIONARY | detections=440
[INFO] [1790212390.468538780] [sage_semantic_world_model]: Target 1 updated | association_distance=0.36 m | raw=(0.28, 3.38, 0.00) | smoothed=(0.28, 3.65, 0.00) | velocity=(0.00, -0.01, 0.00) m/s | speed=0.01 m/s | net=0.14 m | straightness=0.21 | direction=0.00 | state=STATIONARY | detections=441
[INFO] [1790212390.571444734] [sage_semantic_world_model]: Target 1 updated | association_distance=0.27 m | raw=(0.28, 3.38, 0.00) | smoothed=(0.28, 3.58, 0.00) | velocity=(0.00, -0.02, 0.00) m/s | speed=0.02 m/s | net=0.12 m | straightness=0.17 | direction=0.00 | state=STATIONARY | detections=442
[INFO] [1790212390.671756553] [sage_semantic_world_model]: Target 1 updated | association_distance=0.20 m | raw=(0.28, 3.38, 0.00) | smoothed=(0.28, 3.53, 0.00) | velocity=(0.00, -0.02, 0.00) m/s | speed=0.02 m/s | net=0.10 m | straightness=0.15 | direction=0.00 | state=STATIONARY | detections=443
[INFO] [1790212390.764682854] [sage_semantic_world_model]: Target 1 updated | association_distance=0.15 m | raw=(0.28, 3.38, 0.00) | smoothed=(0.28, 3.49, 0.00) | velocity=(0.01, -0.61, 0.00) m/s | speed=0.61 m/s | net=0.09 m | straightness=0.13 | direction=0.00 | state=STATIONARY | detections=444
[INFO] [1790212390.871088722] [sage_semantic_world_model]: Target 1 updated | association_distance=0.11 m | raw=(0.28, 3.38, 0.00) | smoothed=(0.28, 3.46, 0.00) | velocity=(0.00, -0.46, 0.00) m/s | speed=0.46 m/s | net=0.20 m | straightness=0.34 | direction=0.00 | state=STATIONARY | detections=445
[INFO] [1790212390.966901787] [sage_semantic_world_model]: Target 1 updated | association_distance=0.09 m | raw=(0.28, 3.38, 0.00) | smoothed=(0.28, 3.44, 0.00) | velocity=(0.00, -0.34, 0.00) m/s | speed=0.34 m/s | net=0.30 m | straightness=0.58 | direction=0.00 | state=STATIONARY | detections=446
[INFO] [1790212398.261675892] [sage_semantic_world_model]: Target 3 updated | association_distance=1.59 m | raw=(-4.69, 6.99, 0.00) | smoothed=(-5.88, 7.02, 0.00) | velocity=(0.03, 0.00, 0.00) m/s | speed=0.03 m/s | net=0.51 m | straightness=0.59 | direction=1.00 | state=STATIONARY | detections=468
[INFO] [1790212398.374495324] [sage_semantic_world_model]: Target 3 updated | association_distance=1.20 m | raw=(-4.69, 6.99, 0.00) | smoothed=(-5.58, 7.01, 0.00) | velocity=(0.05, 0.00, 0.00) m/s | speed=0.05 m/s | net=0.69 m | straightness=0.61 | direction=0.22 | state=STATIONARY | detections=469
[INFO] [1790212398.466788182] [sage_semantic_world_model]: Target 3 updated | association_distance=0.90 m | raw=(-4.69, 6.99, 0.00) | smoothed=(-5.36, 7.01, 0.00) | velocity=(0.06, -0.00, 0.00) m/s | speed=0.06 m/s | net=0.88 m | straightness=0.72 | direction=0.33 | state=STATIONARY | detections=470
[INFO] [1790212398.576972817] [sage_semantic_world_model]: Target 3 updated | association_distance=0.69 m | raw=(-4.67, 6.98, 0.00) | smoothed=(-5.18, 7.00, 0.00) | velocity=(0.07, -0.00, 0.00) m/s | speed=0.07 m/s | net=1.05 m | straightness=0.82 | direction=0.44 | state=STATIONARY | detections=471
[INFO] [1790212398.672814295] [sage_semantic_world_model]: Target 3 updated | association_distance=0.52 m | raw=(-4.67, 6.98, 0.00) | smoothed=(-5.06, 7.00, 0.00) | velocity=(2.05, -0.06, 0.00) m/s | speed=2.05 m/s | net=1.20 m | straightness=0.90 | direction=0.56 | state=STATIONARY | detections=472
[INFO] [1790212398.774156945] [sage_semantic_world_model]: Target 3 updated | association_distance=0.39 m | raw=(-4.67, 6.98, 0.00) | smoothed=(-4.96, 6.99, 0.00) | velocity=(1.55, -0.05, 0.00) m/s | speed=1.55 m/s | net=1.31 m | straightness=0.95 | direction=0.67 | state=STATIONARY | detections=473
[INFO] [1790212401.874666233] [sage_semantic_world_model]: Target 1 updated | association_distance=0.78 m | raw=(0.03, 2.70, 0.00) | smoothed=(0.22, 3.26, 0.00) | velocity=(-0.01, -0.02, 0.00) m/s | speed=0.02 m/s | net=0.55 m | straightness=0.84 | direction=0.89 | state=STATIONARY | detections=447
[INFO] [1790212401.970475335] [sage_semantic_world_model]: Target 1 updated | association_distance=0.58 m | raw=(0.03, 2.70, 0.00) | smoothed=(0.17, 3.12, 0.00) | velocity=(-0.01, -0.03, 0.00) m/s | speed=0.03 m/s | net=0.75 m | straightness=0.99 | direction=1.00 | state=STATIONARY | detections=448
[INFO] [1790212402.064579837] [sage_semantic_world_model]: Target 1 updated | association_distance=0.44 m | raw=(0.03, 2.70, 0.00) | smoothed=(0.13, 3.01, 0.00) | velocity=(-0.01, -0.04, 0.00) m/s | speed=0.04 m/s | net=0.74 m | straightness=0.99 | direction=1.00 | state=STATIONARY | detections=449
[INFO] [1790212402.164186840] [sage_semantic_world_model]: Target 1 updated | association_distance=0.33 m | raw=(0.03, 2.70, 0.00) | smoothed=(0.11, 2.94, 0.00) | velocity=(-0.02, -0.05, 0.00) m/s | speed=0.05 m/s | net=0.73 m | straightness=0.99 | direction=1.00 | state=STATIONARY | detections=450
[INFO] [1790212402.268504123] [sage_semantic_world_model]: Target 1 updated | association_distance=0.08 m | raw=(0.15, 3.00, 0.00) | smoothed=(0.12, 2.95, 0.00) | velocity=(-0.24, -0.77, 0.00) m/s | speed=0.80 m/s | net=0.65 m | straightness=0.94 | direction=0.89 | state=STATIONARY | detections=451
[INFO] [1790212402.372930843] [sage_semantic_world_model]: Target 1 updated | association_distance=0.06 m | raw=(0.15, 3.00, 0.00) | smoothed=(0.13, 2.96, 0.00) | velocity=(-0.10, -0.39, 0.00) m/s | speed=0.40 m/s | net=0.59 m | straightness=0.90 | direction=0.78 | state=STATIONARY | detections=452
[INFO] [1790212402.473373985] [sage_semantic_world_model]: Target 1 updated | association_distance=0.04 m | raw=(0.15, 3.00, 0.00) | smoothed=(0.13, 2.97, 0.00) | velocity=(0.00, -0.11, 0.00) m/s | speed=0.11 m/s | net=0.54 m | straightness=0.86 | direction=0.67 | state=STATIONARY | detections=453
[INFO] [1790212405.871961262] [sage_semantic_world_model]: Target 3 updated | association_distance=1.64 m | raw=(-6.58, 7.24, 0.00) | smoothed=(-5.36, 7.05, 0.00) | velocity=(-0.00, 0.01, 0.00) m/s | speed=0.01 m/s | net=0.91 m | straightness=0.52 | direction=0.67 | state=STATIONARY | detections=474
[INFO] [1790212405.965852368] [sage_semantic_world_model]: Target 3 updated | association_distance=1.23 m | raw=(-6.58, 7.24, 0.00) | smoothed=(-5.67, 7.10, 0.00) | velocity=(-0.07, 0.01, 0.00) m/s | speed=0.07 m/s | net=0.62 m | straightness=0.30 | direction=0.67 | state=STATIONARY | detections=475
[INFO] [1790212406.072191702] [sage_semantic_world_model]: Target 3 updated | association_distance=0.68 m | raw=(-6.28, 7.39, 0.00) | smoothed=(-5.82, 7.17, 0.00) | velocity=(-0.10, 0.02, 0.00) m/s | speed=0.11 m/s | net=0.48 m | straightness=0.22 | direction=0.00 | state=STATIONARY | detections=476
[INFO] [1790212406.173212992] [sage_semantic_world_model]: Target 3 updated | association_distance=0.51 m | raw=(-6.28, 7.39, 0.00) | smoothed=(-5.94, 7.23, 0.00) | velocity=(-0.13, 0.03, 0.00) m/s | speed=0.14 m/s | net=0.21 m | straightness=0.11 | direction=0.00 | state=STATIONARY | detections=477
[INFO] [1790212407.165327263] [sage_semantic_world_model]: Target 3 updated | association_distance=0.97 m | raw=(-5.09, 7.69, 0.00) | smoothed=(-5.72, 7.34, 0.00) | velocity=(-0.28, 0.22, 0.00) m/s | speed=0.36 m/s | net=0.36 m | straightness=0.19 | direction=0.00 | state=STATIONARY | detections=478
[INFO] [1790212407.267901218] [sage_semantic_world_model]: Target 3 updated | association_distance=0.72 m | raw=(-5.09, 7.69, 0.00) | smoothed=(-5.56, 7.43, 0.00) | velocity=(0.08, 0.25, 0.00) m/s | speed=0.26 m/s | net=0.47 m | straightness=0.25 | direction=0.00 | state=STATIONARY | detections=479
[INFO] [1790212418.374482256] [sage_semantic_world_model]: Target 3 updated | association_distance=1.55 m | raw=(-5.02, 8.87, 0.00) | smoothed=(-5.43, 7.79, 0.00) | velocity=(0.03, 0.05, 0.00) m/s | speed=0.06 m/s | net=0.82 m | straightness=0.40 | direction=0.33 | state=STATIONARY | detections=480
[INFO] [1790212418.481484025] [sage_semantic_world_model]: Target 3 updated | association_distance=1.16 m | raw=(-5.02, 8.87, 0.00) | smoothed=(-5.33, 8.06, 0.00) | velocity=(0.05, 0.07, 0.00) m/s | speed=0.08 m/s | net=1.10 m | straightness=0.50 | direction=0.44 | state=STATIONARY | detections=481
[INFO] [1790212418.568795648] [sage_semantic_world_model]: Target 3 updated | association_distance=0.87 m | raw=(-5.02, 8.87, 0.00) | smoothed=(-5.25, 8.26, 0.00) | velocity=(0.04, 0.08, 0.00) m/s | speed=0.09 m/s | net=1.30 m | straightness=0.56 | direction=0.56 | state=STATIONARY | detections=482
[INFO] [1790212418.680482539] [sage_semantic_world_model]: Target 3 updated | association_distance=0.65 m | raw=(-5.02, 8.87, 0.00) | smoothed=(-5.19, 8.42, 0.00) | velocity=(0.03, 0.09, 0.00) m/s | speed=0.09 m/s | net=1.37 m | straightness=0.66 | direction=0.67 | state=STATIONARY | detections=483
[INFO] [1790212418.767998642] [sage_semantic_world_model]: Target 3 updated | association_distance=0.49 m | raw=(-5.02, 8.87, 0.00) | smoothed=(-5.15, 8.53, 0.00) | velocity=(0.69, 1.85, 0.00) m/s | speed=1.97 m/s | net=1.52 m | straightness=0.80 | direction=0.78 | state=STATIONARY | detections=484
[INFO] [1790212419.164844274] [sage_semantic_world_model]: Target 3 updated | association_distance=1.65 m | raw=(-5.59, 6.94, 0.00) | smoothed=(-5.26, 8.13, 0.00) | velocity=(0.10, 0.10, 0.00) m/s | speed=0.14 m/s | net=1.11 m | straightness=0.52 | direction=0.78 | state=STATIONARY | detections=485
[INFO] [1790212419.266822047] [sage_semantic_world_model]: Target 3 updated | association_distance=1.24 m | raw=(-5.59, 6.94, 0.00) | smoothed=(-5.34, 7.83, 0.00) | velocity=(-0.13, -0.62, 0.00) m/s | speed=0.63 m/s | net=0.85 m | straightness=0.37 | direction=0.78 | state=STATIONARY | detections=486
[INFO] [1790212419.369066344] [sage_semantic_world_model]: Target 3 updated | association_distance=0.96 m | raw=(-5.40, 6.87, 0.00) | smoothed=(-5.36, 7.59, 0.00) | velocity=(-0.24, -1.18, 0.00) m/s | speed=1.21 m/s | net=0.45 m | straightness=0.19 | direction=0.00 | state=STATIONARY | detections=487
[INFO] [1790212419.462042960] [sage_semantic_world_model]: Target 3 updated | association_distance=0.72 m | raw=(-5.40, 6.87, 0.00) | smoothed=(-5.37, 7.41, 0.00) | velocity=(-0.31, -1.60, 0.00) m/s | speed=1.63 m/s | net=0.20 m | straightness=0.08 | direction=0.00 | state=STATIONARY | detections=488
[INFO] [1790212419.563754113] [sage_semantic_world_model]: Target 3 updated | association_distance=0.54 m | raw=(-5.40, 6.87, 0.00) | smoothed=(-5.38, 7.28, 0.00) | velocity=(-0.30, -2.14, 0.00) m/s | speed=2.16 m/s | net=0.51 m | straightness=0.25 | direction=0.56 | state=STATIONARY | detections=489
[INFO] [1790212419.664888444] [sage_semantic_world_model]: Target 1 updated | association_distance=1.28 m | raw=(0.92, 3.98, 0.00) | smoothed=(0.33, 3.22, 0.00) | velocity=(0.01, 0.02, 0.00) m/s | speed=0.02 m/s | net=0.25 m | straightness=0.27 | direction=0.00 | state=STATIONARY | detections=454
[INFO] [1790212419.766723959] [sage_semantic_world_model]: Target 1 updated | association_distance=0.96 m | raw=(0.92, 3.98, 0.00) | smoothed=(0.48, 3.41, 0.00) | velocity=(0.02, 0.03, 0.00) m/s | speed=0.03 m/s | net=0.20 m | straightness=0.18 | direction=0.00 | state=STATIONARY | detections=455
[INFO] [1790212419.876022529] [sage_semantic_world_model]: Target 1 updated | association_distance=0.72 m | raw=(0.92, 3.98, 0.00) | smoothed=(0.59, 3.55, 0.00) | velocity=(0.03, 0.03, 0.00) m/s | speed=0.04 m/s | net=0.48 m | straightness=0.43 | direction=0.00 | state=STATIONARY | detections=456
[INFO] [1790212419.968745764] [sage_semantic_world_model]: Target 3 updated | association_distance=0.38 m | raw=(-5.48, 6.92, 0.00) | smoothed=(-5.40, 7.19, 0.00) | velocity=(-0.09, -0.92, 0.00) m/s | speed=0.92 m/s | net=0.88 m | straightness=0.47 | direction=0.67 | state=STATIONARY | detections=490
[INFO] [1790212420.069437829] [sage_semantic_world_model]: Target 3 updated | association_distance=0.28 m | raw=(-5.48, 6.92, 0.00) | smoothed=(-5.42, 7.12, 0.00) | velocity=(-0.10, -0.68, 0.00) m/s | speed=0.69 m/s | net=1.16 m | straightness=0.67 | direction=0.78 | state=STATIONARY | detections=491
[INFO] [1790212420.178572434] [sage_semantic_world_model]: Target 3 updated | association_distance=0.21 m | raw=(-5.48, 6.92, 0.00) | smoothed=(-5.44, 7.07, 0.00) | velocity=(-0.10, -0.49, 0.00) m/s | speed=0.50 m/s | net=1.37 m | straightness=0.85 | direction=0.89 | state=STATIONARY | detections=492
[INFO] [1790212420.273584683] [sage_semantic_world_model]: Target 3 updated | association_distance=0.28 m | raw=(-5.38, 6.80, 0.00) | smoothed=(-5.42, 7.00, 0.00) | velocity=(-0.07, -0.39, 0.00) m/s | speed=0.40 m/s | net=1.56 m | straightness=0.99 | direction=1.00 | state=STATIONARY | detections=493
[INFO] [1790212420.365332327] [sage_semantic_world_model]: Target 3 confirmed MOVING | net=1.19 m | avg_speed=0.99 m/s | straightness=0.99 | direction=1.00
[INFO] [1790212420.376036248] [sage_semantic_world_model]: Target 3 updated | association_distance=0.21 m | raw=(-5.38, 6.80, 0.00) | smoothed=(-5.41, 6.95, 0.00) | velocity=(-0.02, -0.60, 0.00) m/s | speed=0.60 m/s | net=1.19 m | straightness=0.99 | direction=1.00 | state=MOVING | detections=494
[INFO] [1790212420.475984317] [sage_semantic_world_model]: Target 3 updated | association_distance=0.16 m | raw=(-5.38, 6.80, 0.00) | smoothed=(-5.41, 6.91, 0.00) | velocity=(0.05, -0.51, 0.00) m/s | speed=0.51 m/s | net=0.93 m | straightness=0.99 | direction=1.00 | state=MOVING | detections=495
[INFO] [1790212420.563943364] [sage_semantic_world_model]: Target 3 updated | association_distance=0.26 m | raw=(-5.66, 6.95, 0.00) | smoothed=(-5.47, 6.92, 0.00) | velocity=(-0.08, -0.37, 0.00) m/s | speed=0.38 m/s | net=0.68 m | straightness=0.90 | direction=0.89 | state=MOVING | detections=496
[INFO] [1790212420.665932920] [sage_semantic_world_model]: Target 3 updated | association_distance=0.19 m | raw=(-5.66, 6.95, 0.00) | smoothed=(-5.52, 6.93, 0.00) | velocity=(-0.24, -0.19, 0.00) m/s | speed=0.30 m/s | net=0.51 m | straightness=0.81 | direction=0.78 | state=MOVING | detections=497
[INFO] [1790212420.781587937] [sage_semantic_world_model]: Target 3 updated | association_distance=0.14 m | raw=(-5.66, 6.95, 0.00) | smoothed=(-5.55, 6.93, 0.00) | velocity=(-0.35, -0.05, 0.00) m/s | speed=0.35 m/s | net=0.39 m | straightness=0.74 | direction=0.00 | state=MOVING | detections=498
[INFO] [1790212420.879263248] [sage_semantic_world_model]: Target 3 updated | association_distance=0.29 m | raw=(-5.56, 7.22, 0.00) | smoothed=(-5.55, 7.00, 0.00) | velocity=(-0.38, 0.23, 0.00) m/s | speed=0.45 m/s | net=0.24 m | straightness=0.47 | direction=0.00 | state=MOVING | detections=499
[INFO] [1790212420.978145453] [sage_semantic_world_model]: Target 3 updated | association_distance=0.22 m | raw=(-5.56, 7.22, 0.00) | smoothed=(-5.56, 7.06, 0.00) | velocity=(-0.22, 0.34, 0.00) m/s | speed=0.41 m/s | net=0.15 m | straightness=0.30 | direction=0.00 | state=MOVING | detections=500
[INFO] [1790212421.080911416] [sage_semantic_world_model]: Target 3 updated | association_distance=0.03 m | raw=(-5.55, 7.03, 0.00) | smoothed=(-5.55, 7.05, 0.00) | velocity=(-0.09, 0.31, 0.00) m/s | speed=0.32 m/s | net=0.12 m | straightness=0.27 | direction=0.00 | state=MOVING | detections=501
[INFO] [1790212421.172945014] [sage_semantic_world_model]: Target 3 updated | association_distance=0.02 m | raw=(-5.55, 7.03, 0.00) | smoothed=(-5.55, 7.05, 0.00) | velocity=(-0.01, 0.29, 0.00) m/s | speed=0.29 m/s | net=0.14 m | straightness=0.37 | direction=0.00 | state=MOVING | detections=502
[INFO] [1790212421.567054761] [sage_semantic_world_model]: Target 3 updated | association_distance=0.29 m | raw=(-5.42, 7.30, 0.00) | smoothed=(-5.52, 7.11, 0.00) | velocity=(0.05, 0.15, 0.00) m/s | speed=0.16 m/s | net=0.19 m | straightness=0.49 | direction=0.00 | state=MOVING | detections=503
[INFO] [1790212421.665232097] [sage_semantic_world_model]: Target 3 updated | association_distance=0.22 m | raw=(-5.42, 7.30, 0.00) | smoothed=(-5.49, 7.16, 0.00) | velocity=(0.09, 0.14, 0.00) m/s | speed=0.17 m/s | net=0.26 m | straightness=0.64 | direction=0.00 | state=MOVING | detections=504
[INFO] [1790212421.764188066] [sage_semantic_world_model]: Target 3 updated | association_distance=0.16 m | raw=(-5.42, 7.30, 0.00) | smoothed=(-5.48, 7.19, 0.00) | velocity=(0.11, 0.21, 0.00) m/s | speed=0.24 m/s | net=0.27 m | straightness=0.70 | direction=0.00 | state=MOVING | detections=505
[INFO] [1790212422.370046534] [sage_semantic_world_model]: Target 4 updated | association_distance=0.83 m | raw=(4.65, -6.41, 0.00) | smoothed=(5.27, -6.40, 0.00) | velocity=(-0.01, 0.01, 0.00) m/s | speed=0.01 m/s | net=0.29 m | straightness=0.22 | direction=0.00 | state=STATIONARY | detections=155
[INFO] [1790212422.468316632] [sage_semantic_world_model]: Target 4 updated | association_distance=0.62 m | raw=(4.65, -6.41, 0.00) | smoothed=(5.12, -6.41, 0.00) | velocity=(-0.01, 0.00, 0.00) m/s | speed=0.01 m/s | net=0.50 m | straightness=0.40 | direction=0.00 | state=STATIONARY | detections=156
[INFO] [1790212422.574517711] [sage_semantic_world_model]: Target 4 updated | association_distance=0.46 m | raw=(4.65, -6.41, 0.00) | smoothed=(5.00, -6.41, 0.00) | velocity=(-0.01, 0.00, 0.00) m/s | speed=0.01 m/s | net=0.71 m | straightness=0.60 | direction=0.67 | state=STATIONARY | detections=157
[INFO] [1790212422.678584766] [sage_semantic_world_model]: Target 4 updated | association_distance=0.35 m | raw=(4.65, -6.41, 0.00) | smoothed=(4.91, -6.41, 0.00) | velocity=(-0.01, -0.00, 0.00) m/s | speed=0.01 m/s | net=0.88 m | straightness=0.78 | direction=0.78 | state=STATIONARY | detections=158
[INFO] [1790212422.775660726] [sage_semantic_world_model]: Target 4 updated | association_distance=0.55 m | raw=(5.35, -6.75, 0.00) | smoothed=(5.02, -6.49, 0.00) | velocity=(-0.63, -0.23, 0.00) m/s | speed=0.67 m/s | net=0.76 m | straightness=0.62 | direction=0.78 | state=STATIONARY | detections=159
[INFO] [1790212422.866540570] [sage_semantic_world_model]: Target 4 updated | association_distance=0.41 m | raw=(5.35, -6.75, 0.00) | smoothed=(5.10, -6.56, 0.00) | velocity=(-0.03, -0.38, 0.00) m/s | speed=0.38 m/s | net=0.67 m | straightness=0.52 | direction=0.78 | state=STATIONARY | detections=160
[INFO] [1790212422.967596011] [sage_semantic_world_model]: Target 4 updated | association_distance=0.53 m | raw=(5.62, -6.63, 0.00) | smoothed=(5.23, -6.57, 0.00) | velocity=(0.58, -0.42, 0.00) m/s | speed=0.72 m/s | net=0.39 m | straightness=0.32 | direction=0.00 | state=STATIONARY | detections=161
[INFO] [1790212423.068721036] [sage_semantic_world_model]: Target 4 updated | association_distance=0.39 m | raw=(5.62, -6.63, 0.00) | smoothed=(5.33, -6.59, 0.00) | velocity=(1.05, -0.45, 0.00) m/s | speed=1.14 m/s | net=0.22 m | straightness=0.19 | direction=0.00 | state=STATIONARY | detections=162
[INFO] [1790212423.164655156] [sage_semantic_world_model]: Target 4 updated | association_distance=0.30 m | raw=(5.62, -6.63, 0.00) | smoothed=(5.40, -6.60, 0.00) | velocity=(0.96, -0.26, 0.00) m/s | speed=1.00 m/s | net=0.21 m | straightness=0.19 | direction=0.00 | state=STATIONARY | detections=163
[INFO] [1790212423.480672136] [sage_semantic_world_model]: Target 4 updated | association_distance=0.29 m | raw=(5.28, -6.86, 0.00) | smoothed=(5.37, -6.66, 0.00) | velocity=(0.45, -0.18, 0.00) m/s | speed=0.48 m/s | net=0.28 m | straightness=0.29 | direction=0.00 | state=STATIONARY | detections=164
[INFO] [1790212423.565003626] [sage_semantic_world_model]: Target 4 updated | association_distance=0.22 m | raw=(5.28, -6.86, 0.00) | smoothed=(5.35, -6.71, 0.00) | velocity=(0.20, -0.23, 0.00) m/s | speed=0.30 m/s | net=0.39 m | straightness=0.44 | direction=0.00 | state=STATIONARY | detections=165
[INFO] [1790212423.666918566] [sage_semantic_world_model]: Target 4 updated | association_distance=0.16 m | raw=(5.28, -6.86, 0.00) | smoothed=(5.33, -6.75, 0.00) | velocity=(0.00, -0.27, 0.00) m/s | speed=0.27 m/s | net=0.48 m | straightness=0.60 | direction=0.00 | state=STATIONARY | detections=166
[INFO] [1790212423.766385358] [sage_semantic_world_model]: Target 4 updated | association_distance=0.12 m | raw=(5.28, -6.86, 0.00) | smoothed=(5.32, -6.78, 0.00) | velocity=(-0.14, -0.30, 0.00) m/s | speed=0.33 m/s | net=0.55 m | straightness=0.74 | direction=0.56 | state=STATIONARY | detections=167
[INFO] [1790212426.076614451] [sage_semantic_world_model]: Target 4 updated | association_distance=1.62 m | raw=(5.19, -5.16, 0.00) | smoothed=(5.29, -6.37, 0.00) | velocity=(-0.03, 0.11, 0.00) m/s | speed=0.12 m/s | net=0.29 m | straightness=0.29 | direction=0.00 | state=STATIONARY | detections=168
[INFO] [1790212426.168040015] [sage_semantic_world_model]: Target 4 updated | association_distance=1.22 m | raw=(5.19, -5.16, 0.00) | smoothed=(5.26, -6.07, 0.00) | velocity=(-0.03, 0.25, 0.00) m/s | speed=0.25 m/s | net=0.51 m | straightness=0.42 | direction=0.22 | state=STATIONARY | detections=169
[INFO] [1790212426.270369827] [sage_semantic_world_model]: Target 4 updated | association_distance=0.91 m | raw=(5.19, -5.16, 0.00) | smoothed=(5.25, -5.84, 0.00) | velocity=(-0.03, 0.35, 0.00) m/s | speed=0.35 m/s | net=0.73 m | straightness=0.56 | direction=0.33 | state=STATIONARY | detections=170
[INFO] [1790212426.365427729] [sage_semantic_world_model]: Target 4 updated | association_distance=0.68 m | raw=(5.19, -5.16, 0.00) | smoothed=(5.23, -5.67, 0.00) | velocity=(-0.03, 0.42, 0.00) m/s | speed=0.43 m/s | net=0.92 m | straightness=0.66 | direction=0.44 | state=STATIONARY | detections=171
[INFO] [1790212428.173526905] [sage_semantic_world_model]: Target 4 updated | association_distance=0.77 m | raw=(4.91, -6.38, 0.00) | smoothed=(5.15, -5.85, 0.00) | velocity=(-0.06, 0.25, 0.00) m/s | speed=0.26 m/s | net=0.79 m | straightness=0.53 | direction=0.44 | state=STATIONARY | detections=172
[INFO] [1790212428.274313838] [sage_semantic_world_model]: Target 4 updated | association_distance=0.58 m | raw=(4.91, -6.38, 0.00) | smoothed=(5.09, -5.98, 0.00) | velocity=(-0.08, 0.04, 0.00) m/s | speed=0.09 m/s | net=0.74 m | straightness=0.47 | direction=0.44 | state=STATIONARY | detections=173
[INFO] [1790212428.377945045] [sage_semantic_world_model]: Target 4 updated | association_distance=0.43 m | raw=(4.91, -6.38, 0.00) | smoothed=(5.05, -6.08, 0.00) | velocity=(-0.09, -0.11, 0.00) m/s | speed=0.15 m/s | net=0.70 m | straightness=0.43 | direction=0.44 | state=STATIONARY | detections=174
[INFO] [1790212428.462845262] [sage_semantic_world_model]: Target 4 updated | association_distance=0.16 m | raw=(4.93, -6.19, 0.00) | smoothed=(5.02, -6.11, 0.00) | velocity=(-0.10, -0.21, 0.00) m/s | speed=0.23 m/s | net=0.72 m | straightness=0.44 | direction=0.44 | state=STATIONARY | detections=175
[INFO] [1790212428.577978641] [sage_semantic_world_model]: Target 4 updated | association_distance=0.77 m | raw=(4.87, -6.87, 0.00) | smoothed=(4.98, -6.30, 0.00) | velocity=(-0.42, -1.10, 0.00) m/s | speed=1.18 m/s | net=0.59 m | straightness=0.33 | direction=0.44 | state=STATIONARY | detections=176
[INFO] [1790212428.668480720] [sage_semantic_world_model]: Target 4 updated | association_distance=0.58 m | raw=(4.87, -6.87, 0.00) | smoothed=(4.95, -6.44, 0.00) | velocity=(-0.35, -1.15, 0.00) m/s | speed=1.20 m/s | net=0.34 m | straightness=0.22 | direction=0.00 | state=STATIONARY | detections=177
[INFO] [1790212428.762719946] [sage_semantic_world_model]: Target 4 updated | association_distance=0.44 m | raw=(4.87, -6.87, 0.00) | smoothed=(4.93, -6.55, 0.00) | velocity=(-0.29, -1.16, 0.00) m/s | speed=1.20 m/s | net=0.58 m | straightness=0.43 | direction=0.78 | state=STATIONARY | detections=178
[INFO] [1790212428.865170314] [sage_semantic_world_model]: Target 4 updated | association_distance=0.33 m | raw=(4.87, -6.87, 0.00) | smoothed=(4.92, -6.63, 0.00) | velocity=(-0.25, -1.29, 0.00) m/s | speed=1.31 m/s | net=0.85 m | straightness=0.71 | direction=0.89 | state=STATIONARY | detections=179
[INFO] [1790212428.969233939] [sage_semantic_world_model]: Target 4 updated | association_distance=0.24 m | raw=(4.87, -6.87, 0.00) | smoothed=(4.91, -6.69, 0.00) | velocity=(-0.19, -0.98, 0.00) m/s | speed=1.00 m/s | net=1.06 m | straightness=0.99 | direction=1.00 | state=STATIONARY | detections=180
[INFO] [1790212432.766930367] [sage_semantic_world_model]: Target 1 updated | association_distance=1.66 m | raw=(-0.42, 4.86, 0.00) | smoothed=(0.34, 3.88, 0.00) | velocity=(0.01, 0.03, 0.00) m/s | speed=0.03 m/s | net=0.78 m | straightness=0.56 | direction=0.78 | state=STATIONARY | detections=457
[INFO] [1790212432.869119006] [sage_semantic_world_model]: Target 1 updated | association_distance=1.24 m | raw=(-0.42, 4.86, 0.00) | smoothed=(0.15, 4.13, 0.00) | velocity=(-0.01, 0.07, 0.00) m/s | speed=0.07 m/s | net=1.11 m | straightness=0.70 | direction=0.89 | state=STATIONARY | detections=458
[INFO] [1790212432.969285080] [sage_semantic_world_model]: Target 1 updated | association_distance=0.93 m | raw=(-0.42, 4.86, 0.00) | smoothed=(0.00, 4.31, 0.00) | velocity=(-0.04, 0.07, 0.00) m/s | speed=0.08 m/s | net=1.38 m | straightness=0.79 | direction=1.00 | state=STATIONARY | detections=459
[INFO] [1790212433.079565792] [sage_semantic_world_model]: Target 1 updated | association_distance=1.01 m | raw=(-0.94, 3.95, 0.00) | smoothed=(-0.23, 4.22, 0.00) | velocity=(-0.06, 0.05, 0.00) m/s | speed=0.08 m/s | net=1.32 m | straightness=0.67 | direction=0.89 | state=STATIONARY | detections=460
[INFO] [1790212433.175215836] [sage_semantic_world_model]: Target 1 updated | association_distance=0.76 m | raw=(-0.94, 3.95, 0.00) | smoothed=(-0.41, 4.15, 0.00) | velocity=(-1.84, 0.67, 0.00) m/s | speed=1.95 m/s | net=1.31 m | straightness=0.61 | direction=0.33 | state=STATIONARY | detections=461
[INFO] [1790212433.270430900] [sage_semantic_world_model]: Target 1 updated | association_distance=0.57 m | raw=(-0.94, 3.95, 0.00) | smoothed=(-0.54, 4.10, 0.00) | velocity=(-1.73, -0.06, 0.00) m/s | speed=1.73 m/s | net=1.32 m | straightness=0.58 | direction=0.33 | state=STATIONARY | detections=462
[INFO] [1790212435.068079622] [sage_semantic_world_model]: Target 1 updated | association_distance=0.70 m | raw=(-0.05, 4.60, 0.00) | smoothed=(-0.42, 4.23, 0.00) | velocity=(-0.20, -0.04, 0.00) m/s | speed=0.21 m/s | net=1.25 m | straightness=0.59 | direction=0.33 | state=STATIONARY | detections=463
[INFO] [1790212435.167832329] [sage_semantic_world_model]: Target 1 updated | association_distance=0.52 m | raw=(-0.05, 4.60, 0.00) | smoothed=(-0.33, 4.32, 0.00) | velocity=(-0.05, 0.05, 0.00) m/s | speed=0.07 m/s | net=1.21 m | straightness=0.60 | direction=0.33 | state=STATIONARY | detections=464
[INFO] [1790212435.266613729] [sage_semantic_world_model]: Target 1 updated | association_distance=0.39 m | raw=(-0.05, 4.60, 0.00) | smoothed=(-0.26, 4.39, 0.00) | velocity=(0.07, 0.11, 0.00) m/s | speed=0.13 m/s | net=1.19 m | straightness=0.61 | direction=0.33 | state=STATIONARY | detections=465
[INFO] [1790212435.375042543] [sage_semantic_world_model]: Target 1 updated | association_distance=0.24 m | raw=(-0.35, 4.61, 0.00) | smoothed=(-0.28, 4.45, 0.00) | velocity=(0.12, 0.16, 0.00) m/s | speed=0.20 m/s | net=0.84 m | straightness=0.53 | direction=0.33 | state=STATIONARY | detections=466
[INFO] [1790212435.469895063] [sage_semantic_world_model]: Target 1 updated | association_distance=0.18 m | raw=(-0.35, 4.61, 0.00) | smoothed=(-0.30, 4.49, 0.00) | velocity=(0.29, 0.65, 0.00) m/s | speed=0.71 m/s | net=0.57 m | straightness=0.43 | direction=0.67 | state=STATIONARY | detections=467
[INFO] [1790212435.575175970] [sage_semantic_world_model]: Target 1 updated | association_distance=0.14 m | raw=(-0.35, 4.61, 0.00) | smoothed=(-0.31, 4.52, 0.00) | velocity=(0.03, 0.50, 0.00) m/s | speed=0.50 m/s | net=0.38 m | straightness=0.34 | direction=0.00 | state=STATIONARY | detections=468
[INFO] [1790212435.667805129] [sage_semantic_world_model]: Target 1 updated | association_distance=0.10 m | raw=(-0.35, 4.61, 0.00) | smoothed=(-0.32, 4.54, 0.00) | velocity=(-0.16, 0.38, 0.00) m/s | speed=0.41 m/s | net=0.34 m | straightness=0.37 | direction=0.00 | state=STATIONARY | detections=469
[INFO] [1790212435.767287090] [sage_semantic_world_model]: Target 1 updated | association_distance=0.08 m | raw=(-0.35, 4.61, 0.00) | smoothed=(-0.33, 4.56, 0.00) | velocity=(-0.12, 0.29, 0.00) m/s | speed=0.32 m/s | net=0.41 m | straightness=0.57 | direction=0.00 | state=STATIONARY | detections=470
[INFO] [1790212435.870957598] [sage_semantic_world_model]: Target 1 updated | association_distance=0.06 m | raw=(-0.35, 4.61, 0.00) | smoothed=(-0.34, 4.57, 0.00) | velocity=(-0.09, 0.22, 0.00) m/s | speed=0.23 m/s | net=0.51 m | straightness=0.85 | direction=1.00 | state=STATIONARY | detections=471
[INFO] [1790212435.968412818] [sage_semantic_world_model]: Target 1 updated | association_distance=0.04 m | raw=(-0.35, 4.61, 0.00) | smoothed=(-0.34, 4.58, 0.00) | velocity=(-0.07, 0.16, 0.00) m/s | speed=0.18 m/s | net=0.37 m | straightness=0.83 | direction=0.00 | state=STATIONARY | detections=472
[INFO] [1790212436.070982264] [sage_semantic_world_model]: Target 1 updated | association_distance=0.03 m | raw=(-0.35, 4.61, 0.00) | smoothed=(-0.34, 4.59, 0.00) | velocity=(-0.05, 0.12, 0.00) m/s | speed=0.13 m/s | net=0.27 m | straightness=0.86 | direction=0.00 | state=STATIONARY | detections=473
[INFO] [1790212436.168532056] [sage_semantic_world_model]: Target 3 updated | association_distance=1.23 m | raw=(-6.69, 7.35, 0.00) | smoothed=(-5.78, 7.23, 0.00) | velocity=(-0.02, 0.01, 0.00) m/s | speed=0.02 m/s | net=0.40 m | straightness=0.63 | direction=0.00 | state=MOVING | detections=506
[INFO] [1790212436.264643027] [sage_semantic_world_model]: Target 3 updated | association_distance=0.92 m | raw=(-6.69, 7.35, 0.00) | smoothed=(-6.01, 7.26, 0.00) | velocity=(-0.03, 0.01, 0.00) m/s | speed=0.03 m/s | net=0.56 m | straightness=0.67 | direction=0.44 | state=MOVING | detections=507
[INFO] [1790212436.382733018] [sage_semantic_world_model]: Target 3 updated | association_distance=0.69 m | raw=(-6.69, 7.35, 0.00) | smoothed=(-6.18, 7.29, 0.00) | velocity=(-0.05, 0.01, 0.00) m/s | speed=0.05 m/s | net=0.69 m | straightness=0.73 | direction=0.33 | state=MOVING | detections=508
[INFO] [1790212436.474506614] [sage_semantic_world_model]: Target 3 updated | association_distance=0.52 m | raw=(-6.69, 7.35, 0.00) | smoothed=(-6.31, 7.30, 0.00) | velocity=(-0.06, 0.01, 0.00) m/s | speed=0.06 m/s | net=0.79 m | straightness=0.78 | direction=0.44 | state=MOVING | detections=509
[INFO] [1790212436.569834844] [sage_semantic_world_model]: Target 1 updated | association_distance=0.59 m | raw=(-0.39, 4.01, 0.00) | smoothed=(-0.36, 4.44, 0.00) | velocity=(-0.03, -0.14, 0.00) m/s | speed=0.15 m/s | net=0.11 m | straightness=0.31 | direction=0.00 | state=STATIONARY | detections=474
[INFO] [1790212436.670577561] [sage_semantic_world_model]: Target 1 updated | association_distance=0.44 m | raw=(-0.39, 4.01, 0.00) | smoothed=(-0.36, 4.34, 0.00) | velocity=(-0.03, -0.30, 0.00) m/s | speed=0.30 m/s | net=0.14 m | straightness=0.33 | direction=0.00 | state=STATIONARY | detections=475
[INFO] [1790212436.768427861] [sage_semantic_world_model]: Target 1 updated | association_distance=0.33 m | raw=(-0.39, 4.01, 0.00) | smoothed=(-0.37, 4.25, 0.00) | velocity=(-0.04, -0.41, 0.00) m/s | speed=0.41 m/s | net=0.24 m | straightness=0.54 | direction=0.00 | state=STATIONARY | detections=476
[INFO] [1790212436.872920471] [sage_semantic_world_model]: Target 1 updated | association_distance=0.25 m | raw=(-0.39, 4.01, 0.00) | smoothed=(-0.37, 4.19, 0.00) | velocity=(-0.04, -0.50, 0.00) m/s | speed=0.50 m/s | net=0.33 m | straightness=0.70 | direction=0.00 | state=STATIONARY | detections=477
[INFO] [1790212436.977375800] [sage_semantic_world_model]: Target 1 updated | association_distance=0.19 m | raw=(-0.39, 4.01, 0.00) | smoothed=(-0.38, 4.15, 0.00) | velocity=(-0.06, -0.75, 0.00) m/s | speed=0.75 m/s | net=0.40 m | straightness=0.80 | direction=0.00 | state=STATIONARY | detections=478
[INFO] [1790212437.064602330] [sage_semantic_world_model]: Target 1 updated | association_distance=0.34 m | raw=(-0.54, 3.84, 0.00) | smoothed=(-0.42, 4.07, 0.00) | velocity=(-0.14, -0.66, 0.00) m/s | speed=0.67 m/s | net=0.50 m | straightness=0.88 | direction=0.00 | state=STATIONARY | detections=479
[INFO] [1790212437.161851148] [sage_semantic_world_model]: Target 1 updated | association_distance=0.26 m | raw=(-0.54, 3.84, 0.00) | smoothed=(-0.45, 4.01, 0.00) | velocity=(-0.20, -0.61, 0.00) m/s | speed=0.64 m/s | net=0.57 m | straightness=0.93 | direction=0.78 | state=STATIONARY | detections=480
[INFO] [1790212437.261310532] [sage_semantic_world_model]: Target 1 updated | association_distance=0.19 m | raw=(-0.54, 3.84, 0.00) | smoothed=(-0.47, 3.97, 0.00) | velocity=(-0.24, -0.56, 0.00) m/s | speed=0.61 m/s | net=0.63 m | straightness=0.96 | direction=0.89 | state=STATIONARY | detections=481
[INFO] [1790212437.362420926] [sage_semantic_world_model]: Target 1 confirmed MOVING | net=0.59 m | avg_speed=0.45 m/s | straightness=0.80 | direction=0.89
[INFO] [1790212437.367685188] [sage_semantic_world_model]: Target 1 updated | association_distance=0.37 m | raw=(-0.13, 4.10, 0.00) | smoothed=(-0.39, 4.00, 0.00) | velocity=(-0.02, -0.36, 0.00) m/s | speed=0.36 m/s | net=0.59 m | straightness=0.80 | direction=0.89 | state=MOVING | detections=482
[INFO] [1790212437.465821458] [sage_semantic_world_model]: Target 1 updated | association_distance=0.27 m | raw=(-0.13, 4.10, 0.00) | smoothed=(-0.32, 4.03, 0.00) | velocity=(0.24, -0.10, 0.00) m/s | speed=0.26 m/s | net=0.42 m | straightness=0.63 | direction=0.00 | state=MOVING | detections=483
[INFO] [1790212437.567292037] [sage_semantic_world_model]: Target 1 updated | association_distance=0.21 m | raw=(-0.13, 4.10, 0.00) | smoothed=(-0.28, 4.05, 0.00) | velocity=(0.43, 0.08, 0.00) m/s | speed=0.44 m/s | net=0.30 m | straightness=0.50 | direction=0.00 | state=MOVING | detections=484
[INFO] [1790212437.665826901] [sage_semantic_world_model]: Target 1 updated | association_distance=0.15 m | raw=(-0.13, 4.10, 0.00) | smoothed=(-0.24, 4.06, 0.00) | velocity=(0.58, 0.23, 0.00) m/s | speed=0.62 m/s | net=0.23 m | straightness=0.42 | direction=0.00 | state=MOVING | detections=485
[INFO] [1790212437.774050775] [sage_semantic_world_model]: Target 1 updated | association_distance=0.12 m | raw=(-0.13, 4.10, 0.00) | smoothed=(-0.21, 4.07, 0.00) | velocity=(0.44, 0.17, 0.00) m/s | speed=0.47 m/s | net=0.20 m | straightness=0.39 | direction=0.00 | state=MOVING | detections=486
[INFO] [1790212437.877659654] [sage_semantic_world_model]: Target 1 updated | association_distance=0.09 m | raw=(-0.13, 4.10, 0.00) | smoothed=(-0.19, 4.08, 0.00) | velocity=(0.33, 0.13, 0.00) m/s | speed=0.35 m/s | net=0.20 m | straightness=0.40 | direction=0.00 | state=MOVING | detections=487
[INFO] [1790212437.972575106] [sage_semantic_world_model]: Target 1 updated | association_distance=0.06 m | raw=(-0.13, 4.10, 0.00) | smoothed=(-0.18, 4.08, 0.00) | velocity=(0.24, 0.09, 0.00) m/s | speed=0.26 m/s | net=0.24 m | straightness=0.56 | direction=0.00 | state=MOVING | detections=488
[INFO] [1790212438.069710684] [sage_semantic_world_model]: Target 4 updated | association_distance=0.86 m | raw=(4.21, -6.18, 0.00) | smoothed=(4.73, -6.56, 0.00) | velocity=(-0.02, -0.01, 0.00) m/s | speed=0.03 m/s | net=0.83 m | straightness=0.75 | direction=0.89 | state=STATIONARY | detections=181
[INFO] [1790212438.167641684] [sage_semantic_world_model]: Target 4 updated | association_distance=0.64 m | raw=(4.21, -6.18, 0.00) | smoothed=(4.60, -6.47, 0.00) | velocity=(-0.04, 0.01, 0.00) m/s | speed=0.04 m/s | net=0.69 m | straightness=0.62 | direction=0.78 | state=STATIONARY | detections=182
[INFO] [1790212438.262690115] [sage_semantic_world_model]: Target 4 updated | association_distance=0.48 m | raw=(4.21, -6.18, 0.00) | smoothed=(4.50, -6.39, 0.00) | velocity=(-0.04, 0.02, 0.00) m/s | speed=0.05 m/s | net=0.63 m | straightness=0.56 | direction=0.67 | state=STATIONARY | detections=183
[INFO] [1790212438.361975165] [sage_semantic_world_model]: Target 4 updated | association_distance=0.36 m | raw=(4.21, -6.18, 0.00) | smoothed=(4.43, -6.34, 0.00) | velocity=(-0.05, 0.04, 0.00) m/s | speed=0.06 m/s | net=0.63 m | straightness=0.54 | direction=1.00 | state=STATIONARY | detections=184
[INFO] [1790212438.764693647] [sage_semantic_world_model]: Target 4 updated | association_distance=0.28 m | raw=(4.69, -6.22, 0.00) | smoothed=(4.49, -6.31, 0.00) | velocity=(-0.34, 0.35, 0.00) m/s | speed=0.49 m/s | net=0.49 m | straightness=0.46 | direction=0.00 | state=STATIONARY | detections=185
[INFO] [1790212438.862742563] [sage_semantic_world_model]: Target 4 updated | association_distance=0.21 m | raw=(4.69, -6.22, 0.00) | smoothed=(4.54, -6.29, 0.00) | velocity=(-0.08, 0.25, 0.00) m/s | speed=0.27 m/s | net=0.44 m | straightness=0.45 | direction=0.00 | state=STATIONARY | detections=186
[INFO] [1790212438.964908435] [sage_semantic_world_model]: Target 4 updated | association_distance=0.16 m | raw=(4.69, -6.22, 0.00) | smoothed=(4.58, -6.27, 0.00) | velocity=(0.11, 0.17, 0.00) m/s | speed=0.20 m/s | net=0.45 m | straightness=0.50 | direction=0.00 | state=STATIONARY | detections=187
[INFO] [1790212439.066764504] [sage_semantic_world_model]: Target 4 updated | association_distance=0.12 m | raw=(4.69, -6.22, 0.00) | smoothed=(4.61, -6.26, 0.00) | velocity=(0.25, 0.12, 0.00) m/s | speed=0.28 m/s | net=0.48 m | straightness=0.57 | direction=0.00 | state=STATIONARY | detections=188
[INFO] [1790212439.974641065] [sage_semantic_world_model]: Target 4 updated | association_distance=0.74 m | raw=(5.35, -6.30, 0.00) | smoothed=(4.79, -6.27, 0.00) | velocity=(0.25, 0.03, 0.00) m/s | speed=0.25 m/s | net=0.43 m | straightness=0.45 | direction=0.00 | state=STATIONARY | detections=189
[INFO] [1790212440.068829964] [sage_semantic_world_model]: Target 4 updated | association_distance=0.56 m | raw=(5.35, -6.30, 0.00) | smoothed=(4.93, -6.28, 0.00) | velocity=(0.32, 0.01, 0.00) m/s | speed=0.32 m/s | net=0.34 m | straightness=0.39 | direction=0.00 | state=STATIONARY | detections=190
[INFO] [1790212440.166281195] [sage_semantic_world_model]: Target 4 updated | association_distance=0.42 m | raw=(5.35, -6.30, 0.00) | smoothed=(5.03, -6.28, 0.00) | velocity=(0.38, -0.01, 0.00) m/s | speed=0.38 m/s | net=0.47 m | straightness=0.56 | direction=0.00 | state=STATIONARY | detections=191
[INFO] [1790212440.270346596] [sage_semantic_world_model]: Target 4 updated | association_distance=0.31 m | raw=(5.35, -6.30, 0.00) | smoothed=(5.11, -6.29, 0.00) | velocity=(0.42, -0.02, 0.00) m/s | speed=0.42 m/s | net=0.62 m | straightness=0.78 | direction=0.89 | state=STATIONARY | detections=192
[INFO] [1790212440.366510345] [sage_semantic_world_model]: Target 4 updated | association_distance=0.23 m | raw=(5.35, -6.30, 0.00) | smoothed=(5.17, -6.29, 0.00) | velocity=(0.95, -0.05, 0.00) m/s | speed=0.95 m/s | net=0.74 m | straightness=0.98 | direction=1.00 | state=STATIONARY | detections=193
[INFO] [1790212440.476739533] [sage_semantic_world_model]: Target 4 confirmed MOVING | net=0.72 m | avg_speed=0.42 m/s | straightness=0.98 | direction=1.00
[INFO] [1790212440.482906799] [sage_semantic_world_model]: Target 4 updated | association_distance=0.18 m | raw=(5.35, -6.30, 0.00) | smoothed=(5.21, -6.30, 0.00) | velocity=(0.71, -0.04, 0.00) m/s | speed=0.71 m/s | net=0.72 m | straightness=0.98 | direction=1.00 | state=MOVING | detections=194
[INFO] [1790212440.574098277] [sage_semantic_world_model]: Target 4 updated | association_distance=0.13 m | raw=(5.35, -6.30, 0.00) | smoothed=(5.25, -6.30, 0.00) | velocity=(0.52, -0.03, 0.00) m/s | speed=0.53 m/s | net=0.70 m | straightness=0.99 | direction=1.00 | state=MOVING | detections=195
[INFO] [1790212442.671969753] [sage_semantic_world_model]: Target 4 updated | association_distance=0.16 m | raw=(5.09, -6.24, 0.00) | smoothed=(5.21, -6.28, 0.00) | velocity=(0.04, 0.00, 0.00) m/s | speed=0.04 m/s | net=0.63 m | straightness=0.88 | direction=0.89 | state=MOVING | detections=196
[INFO] [1790212442.766386619] [sage_semantic_world_model]: Target 4 updated | association_distance=0.12 m | raw=(5.09, -6.24, 0.00) | smoothed=(5.18, -6.27, 0.00) | velocity=(0.00, 0.01, 0.00) m/s | speed=0.01 m/s | net=0.57 m | straightness=0.81 | direction=0.78 | state=MOVING | detections=197
[INFO] [1790212442.865510392] [sage_semantic_world_model]: Target 4 updated | association_distance=0.19 m | raw=(5.13, -6.09, 0.00) | smoothed=(5.17, -6.23, 0.00) | velocity=(-0.02, 0.03, 0.00) m/s | speed=0.03 m/s | net=0.38 m | straightness=0.66 | direction=0.00 | state=MOVING | detections=198
[INFO] [1790212442.970016964] [sage_semantic_world_model]: Target 4 updated | association_distance=0.14 m | raw=(5.13, -6.09, 0.00) | smoothed=(5.16, -6.19, 0.00) | velocity=(-0.04, 0.04, 0.00) m/s | speed=0.06 m/s | net=0.24 m | straightness=0.52 | direction=0.00 | state=MOVING | detections=199
[INFO] [1790212443.065966928] [sage_semantic_world_model]: Target 4 updated | association_distance=0.11 m | raw=(5.13, -6.09, 0.00) | smoothed=(5.15, -6.17, 0.00) | velocity=(-0.14, 0.29, 0.00) m/s | speed=0.32 m/s | net=0.17 m | straightness=0.42 | direction=0.00 | state=MOVING | detections=200
[INFO] [1790212443.163565670] [sage_semantic_world_model]: Target 4 confirmed STATIONARY | net=0.14 m | avg_speed=0.05 m/s
[INFO] [1790212443.165762962] [sage_semantic_world_model]: Target 4 updated | association_distance=0.08 m | raw=(5.13, -6.09, 0.00) | smoothed=(5.15, -6.15, 0.00) | velocity=(-0.09, 0.31, 0.00) m/s | speed=0.32 m/s | net=0.14 m | straightness=0.43 | direction=0.00 | state=STATIONARY | detections=201
[INFO] [1790212443.271450320] [sage_semantic_world_model]: Target 4 updated | association_distance=0.40 m | raw=(4.93, -6.48, 0.00) | smoothed=(5.09, -6.23, 0.00) | velocity=(-0.19, -0.01, 0.00) m/s | speed=0.19 m/s | net=0.10 m | straightness=0.27 | direction=0.00 | state=STATIONARY | detections=202
[INFO] [1790212443.371845557] [sage_semantic_world_model]: Target 4 updated | association_distance=0.30 m | raw=(4.93, -6.48, 0.00) | smoothed=(5.05, -6.29, 0.00) | velocity=(-0.27, -0.25, 0.00) m/s | speed=0.37 m/s | net=0.16 m | straightness=0.40 | direction=0.00 | state=STATIONARY | detections=203
[INFO] [1790212443.468623116] [sage_semantic_world_model]: Target 4 updated | association_distance=0.22 m | raw=(4.93, -6.48, 0.00) | smoothed=(5.02, -6.34, 0.00) | velocity=(-0.33, -0.43, 0.00) m/s | speed=0.54 m/s | net=0.23 m | straightness=0.54 | direction=0.00 | state=STATIONARY | detections=204
[INFO] [1790212443.573855199] [sage_semantic_world_model]: Target 4 updated | association_distance=1.48 m | raw=(4.13, -7.52, 0.00) | smoothed=(4.80, -6.64, 0.00) | velocity=(-0.87, -1.22, 0.00) m/s | speed=1.50 m/s | net=0.54 m | straightness=0.71 | direction=0.56 | state=STATIONARY | detections=205
[INFO] [1790212443.664082660] [sage_semantic_world_model]: Target 4 updated | association_distance=1.11 m | raw=(4.13, -7.52, 0.00) | smoothed=(4.63, -6.86, 0.00) | velocity=(-1.16, -1.57, 0.00) m/s | speed=1.95 m/s | net=0.80 m | straightness=0.80 | direction=0.56 | state=STATIONARY | detections=206
[INFO] [1790212449.268813628] [sage_semantic_world_model]: NEW TARGET | id=8 | class=person | position=(1.88, 5.64, 0.00) | state=STATIONARY
[INFO] [1790212449.363957058] [sage_semantic_world_model]: Target 8 updated | association_distance=0.00 m | raw=(1.88, 5.64, 0.00) | smoothed=(1.88, 5.64, 0.00) | velocity=(0.00, 0.00, 0.00) m/s | speed=0.00 m/s | net=0.00 m | straightness=0.00 | direction=0.00 | state=STATIONARY | detections=2
[INFO] [1790212449.466166324] [sage_semantic_world_model]: Target 8 updated | association_distance=0.00 m | raw=(1.88, 5.64, 0.00) | smoothed=(1.88, 5.64, 0.00) | velocity=(0.00, 0.00, 0.00) m/s | speed=0.00 m/s | net=0.00 m | straightness=0.00 | direction=0.00 | state=STATIONARY | detections=3
[INFO] [1790212449.769362235] [sage_semantic_world_model]: Target 1 updated | association_distance=0.92 m | raw=(-0.45, 4.96, 0.00) | smoothed=(-0.24, 4.30, 0.00) | velocity=(-0.00, 0.02, 0.00) m/s | speed=0.02 m/s | net=0.36 m | straightness=0.60 | direction=0.00 | state=MOVING | detections=489
[INFO] [1790212449.867693288] [sage_semantic_world_model]: Target 1 updated | association_distance=0.69 m | raw=(-0.45, 4.96, 0.00) | smoothed=(-0.30, 4.47, 0.00) | velocity=(-0.01, 0.03, 0.00) m/s | speed=0.03 m/s | net=0.53 m | straightness=0.74 | direction=1.00 | state=MOVING | detections=490
[INFO] [1790212449.976313577] [sage_semantic_world_model]: Target 2 updated | association_distance=0.51 m | raw=(-7.98, 8.99, 0.00) | smoothed=(-7.72, 8.71, 0.00) | velocity=(0.00, 0.00, 0.00) m/s | speed=0.00 m/s | net=0.61 m | straightness=0.37 | direction=0.67 | state=STATIONARY | detections=29
[INFO] [1790212450.063761629] [sage_semantic_world_model]: Target 2 updated | association_distance=0.38 m | raw=(-7.98, 8.99, 0.00) | smoothed=(-7.79, 8.78, 0.00) | velocity=(0.00, 0.00, 0.00) m/s | speed=0.00 m/s | net=0.54 m | straightness=0.37 | direction=0.22 | state=STATIONARY | detections=30
[INFO] [1790212450.178767426] [sage_semantic_world_model]: Target 3 updated | association_distance=1.01 m | raw=(-7.10, 7.93, 0.00) | smoothed=(-6.50, 7.46, 0.00) | velocity=(-0.05, 0.02, 0.00) m/s | speed=0.05 m/s | net=1.03 m | straightness=0.82 | direction=0.56 | state=MOVING | detections=510
[INFO] [1790212450.274166659] [sage_semantic_world_model]: Target 3 updated | association_distance=0.76 m | raw=(-7.10, 7.93, 0.00) | smoothed=(-6.65, 7.58, 0.00) | velocity=(-0.05, 0.02, 0.00) m/s | speed=0.05 m/s | net=1.22 m | straightness=0.84 | direction=0.67 | state=MOVING | detections=511
[INFO] [1790212450.363705189] [sage_semantic_world_model]: Target 1 updated | association_distance=0.82 m | raw=(-0.84, 5.08, 0.00) | smoothed=(-0.43, 4.62, 0.00) | velocity=(-0.02, 0.04, 0.00) m/s | speed=0.05 m/s | net=0.62 m | straightness=0.75 | direction=0.33 | state=MOVING | detections=491
[INFO] [1790212450.474702301] [sage_semantic_world_model]: Target 1 updated | association_distance=0.61 m | raw=(-0.84, 5.08, 0.00) | smoothed=(-0.53, 4.74, 0.00) | velocity=(-0.03, 0.05, 0.00) m/s | speed=0.06 m/s | net=0.74 m | straightness=0.81 | direction=0.44 | state=MOVING | detections=492
[INFO] [1790212450.576644560] [sage_semantic_world_model]: Target 1 updated | association_distance=0.46 m | raw=(-0.84, 5.08, 0.00) | smoothed=(-0.61, 4.82, 0.00) | velocity=(-0.46, 0.65, 0.00) m/s | speed=0.79 m/s | net=0.84 m | straightness=0.86 | direction=0.56 | state=MOVING | detections=493
[INFO] [1790212453.067429845] [sage_semantic_world_model]: Target 3 updated | association_distance=0.74 m | raw=(-6.84, 6.86, 0.00) | smoothed=(-6.70, 7.40, 0.00) | velocity=(-0.03, 0.01, 0.00) m/s | speed=0.03 m/s | net=1.21 m | straightness=0.78 | direction=0.67 | state=MOVING | detections=512
[INFO] [1790212453.166318971] [sage_semantic_world_model]: Target 3 updated | association_distance=0.55 m | raw=(-6.84, 6.86, 0.00) | smoothed=(-6.74, 7.26, 0.00) | velocity=(-0.03, -0.00, 0.00) m/s | speed=0.03 m/s | net=1.25 m | straightness=0.76 | direction=0.67 | state=MOVING | detections=513
[INFO] [1790212453.262974813] [sage_semantic_world_model]: Target 3 updated | association_distance=0.31 m | raw=(-6.80, 6.96, 0.00) | smoothed=(-6.75, 7.19, 0.00) | velocity=(-0.08, -0.09, 0.00) m/s | speed=0.12 m/s | net=1.28 m | straightness=0.76 | direction=0.67 | state=MOVING | detections=514
[INFO] [1790212453.373792169] [sage_semantic_world_model]: Target 3 updated | association_distance=0.23 m | raw=(-6.80, 6.96, 0.00) | smoothed=(-6.77, 7.13, 0.00) | velocity=(-0.04, -0.14, 0.00) m/s | speed=0.15 m/s | net=0.99 m | straightness=0.69 | direction=0.56 | state=MOVING | detections=515
[INFO] [1790212453.465003732] [sage_semantic_world_model]: Target 3 updated | association_distance=0.17 m | raw=(-6.80, 6.96, 0.00) | smoothed=(-6.78, 7.09, 0.00) | velocity=(-0.19, -0.77, 0.00) m/s | speed=0.80 m/s | net=0.79 m | straightness=0.63 | direction=0.44 | state=MOVING | detections=516
[INFO] [1790212453.565686762] [sage_semantic_world_model]: Target 1 updated | association_distance=0.93 m | raw=(-0.27, 3.95, 0.00) | smoothed=(-0.52, 4.60, 0.00) | velocity=(-0.06, 0.04, 0.00) m/s | speed=0.07 m/s | net=0.61 m | straightness=0.52 | direction=0.56 | state=MOVING | detections=494
[INFO] [1790212453.665250393] [sage_semantic_world_model]: Target 1 updated | association_distance=0.70 m | raw=(-0.27, 3.95, 0.00) | smoothed=(-0.46, 4.44, 0.00) | velocity=(-0.01, -0.05, 0.00) m/s | speed=0.06 m/s | net=0.45 m | straightness=0.34 | direction=0.00 | state=MOVING | detections=495
[INFO] [1790212453.767426705] [sage_semantic_world_model]: Target 1 updated | association_distance=0.52 m | raw=(-0.27, 3.95, 0.00) | smoothed=(-0.41, 4.32, 0.00) | velocity=(0.04, -0.13, 0.00) m/s | speed=0.13 m/s | net=0.33 m | straightness=0.23 | direction=0.00 | state=MOVING | detections=496
[INFO] [1790212453.871064932] [sage_semantic_world_model]: Target 1 updated | association_distance=0.39 m | raw=(-0.27, 3.95, 0.00) | smoothed=(-0.38, 4.23, 0.00) | velocity=(0.07, -0.18, 0.00) m/s | speed=0.19 m/s | net=0.25 m | straightness=0.16 | direction=0.00 | state=MOVING | detections=497
[INFO] [1790212453.968828371] [sage_semantic_world_model]: Target 1 updated | association_distance=0.32 m | raw=(-0.20, 3.97, 0.00) | smoothed=(-0.33, 4.16, 0.00) | velocity=(0.48, -1.10, 0.00) m/s | speed=1.20 m/s | net=0.17 m | straightness=0.12 | direction=0.00 | state=MOVING | detections=498
[INFO] [1790212454.067670358] [sage_semantic_world_model]: Target 1 updated | association_distance=0.24 m | raw=(-0.20, 3.97, 0.00) | smoothed=(-0.30, 4.11, 0.00) | velocity=(0.40, -0.81, 0.00) m/s | speed=0.91 m/s | net=0.35 m | straightness=0.28 | direction=0.00 | state=MOVING | detections=499
[INFO] [1790212454.165816114] [sage_semantic_world_model]: Target 1 updated | association_distance=0.18 m | raw=(-0.20, 3.97, 0.00) | smoothed=(-0.28, 4.08, 0.00) | velocity=(0.35, -0.60, 0.00) m/s | speed=0.70 m/s | net=0.57 m | straightness=0.52 | direction=0.78 | state=MOVING | detections=500
[INFO] [1790212454.272249729] [sage_semantic_world_model]: Target 1 updated | association_distance=0.13 m | raw=(-0.20, 3.97, 0.00) | smoothed=(-0.26, 4.05, 0.00) | velocity=(0.30, -0.44, 0.00) m/s | speed=0.54 m/s | net=0.74 m | straightness=0.76 | direction=0.89 | state=MOVING | detections=501
[INFO] [1790212454.372645913] [sage_semantic_world_model]: Target 1 updated | association_distance=0.15 m | raw=(-0.39, 3.98, 0.00) | smoothed=(-0.29, 4.03, 0.00) | velocity=(0.11, -0.33, 0.00) m/s | speed=0.35 m/s | net=0.85 m | straightness=0.96 | direction=0.89 | state=MOVING | detections=502
[INFO] [1790212454.478163120] [sage_semantic_world_model]: Target 1 updated | association_distance=0.12 m | raw=(-0.39, 3.98, 0.00) | smoothed=(-0.32, 4.02, 0.00) | velocity=(-0.04, -0.24, 0.00) m/s | speed=0.24 m/s | net=0.62 m | straightness=0.91 | direction=0.78 | state=MOVING | detections=503
[INFO] [1790212454.565001055] [sage_semantic_world_model]: Target 1 updated | association_distance=0.09 m | raw=(-0.39, 3.98, 0.00) | smoothed=(-0.33, 4.01, 0.00) | velocity=(-0.15, -0.17, 0.00) m/s | speed=0.23 m/s | net=0.45 m | straightness=0.85 | direction=0.00 | state=MOVING | detections=504
[INFO] [1790212454.664783812] [sage_semantic_world_model]: Target 1 updated | association_distance=0.22 m | raw=(-0.29, 3.79, 0.00) | smoothed=(-0.32, 3.96, 0.00) | velocity=(-0.17, -0.24, 0.00) m/s | speed=0.29 m/s | net=0.38 m | straightness=0.82 | direction=0.00 | state=MOVING | detections=505
[INFO] [1790212454.769604743] [sage_semantic_world_model]: Target 1 updated | association_distance=0.17 m | raw=(-0.29, 3.79, 0.00) | smoothed=(-0.31, 3.91, 0.00) | velocity=(-0.06, -0.29, 0.00) m/s | speed=0.30 m/s | net=0.32 m | straightness=0.80 | direction=0.00 | state=MOVING | detections=506
[INFO] [1790212454.866213257] [sage_semantic_world_model]: Target 1 updated | association_distance=0.18 m | raw=(-0.20, 3.78, 0.00) | smoothed=(-0.29, 3.88, 0.00) | velocity=(0.08, -0.35, 0.00) m/s | speed=0.36 m/s | net=0.29 m | straightness=0.78 | direction=0.00 | state=MOVING | detections=507
[INFO] [1790212454.971355652] [sage_semantic_world_model]: Target 1 updated | association_distance=0.13 m | raw=(-0.20, 3.78, 0.00) | smoothed=(-0.26, 3.85, 0.00) | velocity=(0.18, -0.38, 0.00) m/s | speed=0.42 m/s | net=0.26 m | straightness=0.77 | direction=0.00 | state=MOVING | detections=508
[INFO] [1790212455.065169466] [sage_semantic_world_model]: Target 1 updated | association_distance=0.10 m | raw=(-0.20, 3.78, 0.00) | smoothed=(-0.25, 3.83, 0.00) | velocity=(0.19, -0.30, 0.00) m/s | speed=0.35 m/s | net=0.24 m | straightness=0.76 | direction=0.00 | state=MOVING | detections=509
[INFO] [1790212455.169400405] [sage_semantic_world_model]: Target 1 updated | association_distance=0.15 m | raw=(-0.10, 3.85, 0.00) | smoothed=(-0.21, 3.84, 0.00) | velocity=(0.25, -0.19, 0.00) m/s | speed=0.32 m/s | net=0.22 m | straightness=0.67 | direction=0.00 | state=MOVING | detections=510
[INFO] [1790212455.263019634] [sage_semantic_world_model]: Target 1 updated | association_distance=0.11 m | raw=(-0.10, 3.85, 0.00) | smoothed=(-0.18, 3.84, 0.00) | velocity=(0.25, -0.10, 0.00) m/s | speed=0.27 m/s | net=0.22 m | straightness=0.70 | direction=0.00 | state=MOVING | detections=511
[INFO] [1790212455.363485594] [sage_semantic_world_model]: Target 1 updated | association_distance=0.08 m | raw=(-0.10, 3.85, 0.00) | smoothed=(-0.16, 3.84, 0.00) | velocity=(0.25, -0.03, 0.00) m/s | speed=0.26 m/s | net=0.23 m | straightness=0.76 | direction=0.00 | state=MOVING | detections=512
[INFO] [1790212455.461813585] [sage_semantic_world_model]: Target 1 updated | association_distance=0.39 m | raw=(0.23, 3.83, 0.00) | smoothed=(-0.07, 3.84, 0.00) | velocity=(0.46, 0.01, 0.00) m/s | speed=0.46 m/s | net=0.32 m | straightness=0.83 | direction=0.00 | state=MOVING | detections=513
[INFO] [1790212455.564245722] [sage_semantic_world_model]: Target 1 updated | association_distance=0.29 m | raw=(0.23, 3.83, 0.00) | smoothed=(0.01, 3.84, 0.00) | velocity=(0.55, -0.01, 0.00) m/s | speed=0.55 m/s | net=0.35 m | straightness=0.88 | direction=0.00 | state=MOVING | detections=514
[INFO] [1790212455.663539737] [sage_semantic_world_model]: Target 1 updated | association_distance=0.22 m | raw=(0.23, 3.83, 0.00) | smoothed=(0.06, 3.83, 0.00) | velocity=(0.61, -0.01, 0.00) m/s | speed=0.61 m/s | net=0.38 m | straightness=0.93 | direction=0.00 | state=MOVING | detections=515
[INFO] [1790212457.465982160] [sage_semantic_world_model]: Target 3 updated | association_distance=0.65 m | raw=(-6.14, 7.22, 0.00) | smoothed=(-6.62, 7.12, 0.00) | velocity=(0.03, -0.03, 0.00) m/s | speed=0.04 m/s | net=0.47 m | straightness=0.38 | direction=0.00 | state=MOVING | detections=517
[INFO] [1790212457.567501611] [sage_semantic_world_model]: Target 3 updated | association_distance=0.49 m | raw=(-6.14, 7.22, 0.00) | smoothed=(-6.50, 7.15, 0.00) | velocity=(0.06, -0.01, 0.00) m/s | speed=0.06 m/s | net=0.25 m | straightness=0.20 | direction=0.00 | state=MOVING | detections=518
[INFO] [1790212457.673733049] [sage_semantic_world_model]: Target 3 updated | association_distance=0.26 m | raw=(-6.23, 7.17, 0.00) | smoothed=(-6.43, 7.15, 0.00) | velocity=(0.08, 0.00, 0.00) m/s | speed=0.08 m/s | net=0.32 m | straightness=0.30 | direction=0.00 | state=MOVING | detections=519
[INFO] [1790212457.770855646] [sage_semantic_world_model]: Target 3 updated | association_distance=0.20 m | raw=(-6.23, 7.17, 0.00) | smoothed=(-6.38, 7.16, 0.00) | velocity=(0.09, 0.02, 0.00) m/s | speed=0.09 m/s | net=0.50 m | straightness=0.56 | direction=0.56 | state=MOVING | detections=520
[INFO] [1790212458.067116134] [sage_semantic_world_model]: Target 3 updated | association_distance=0.49 m | raw=(-5.90, 7.05, 0.00) | smoothed=(-6.26, 7.13, 0.00) | velocity=(0.59, 0.01, 0.00) m/s | speed=0.59 m/s | net=0.51 m | straightness=0.61 | direction=0.56 | state=MOVING | detections=521
[INFO] [1790212458.170569315] [sage_semantic_world_model]: Target 3 updated | association_distance=0.37 m | raw=(-5.90, 7.05, 0.00) | smoothed=(-6.17, 7.11, 0.00) | velocity=(0.54, -0.06, 0.00) m/s | speed=0.54 m/s | net=0.59 m | straightness=0.74 | direction=0.67 | state=MOVING | detections=522
[INFO] [1790212458.269792823] [sage_semantic_world_model]: Target 3 updated | association_distance=0.28 m | raw=(-5.90, 7.05, 0.00) | smoothed=(-6.10, 7.10, 0.00) | velocity=(0.54, -0.09, 0.00) m/s | speed=0.55 m/s | net=0.66 m | straightness=0.84 | direction=0.78 | state=MOVING | detections=523
[INFO] [1790212458.364559045] [sage_semantic_world_model]: Target 3 updated | association_distance=0.19 m | raw=(-5.93, 7.03, 0.00) | smoothed=(-6.06, 7.08, 0.00) | velocity=(0.54, -0.12, 0.00) m/s | speed=0.55 m/s | net=0.71 m | straightness=0.91 | direction=0.89 | state=MOVING | detections=524
[INFO] [1790212458.474738801] [sage_semantic_world_model]: Target 3 updated | association_distance=0.14 m | raw=(-5.93, 7.03, 0.00) | smoothed=(-6.03, 7.07, 0.00) | velocity=(0.59, -0.15, 0.00) m/s | speed=0.61 m/s | net=0.75 m | straightness=0.98 | direction=1.00 | state=MOVING | detections=525
[INFO] [1790212458.565462546] [sage_semantic_world_model]: Target 3 updated | association_distance=0.25 m | raw=(-5.78, 7.02, 0.00) | smoothed=(-5.97, 7.06, 0.00) | velocity=(0.51, -0.14, 0.00) m/s | speed=0.53 m/s | net=0.65 m | straightness=0.98 | direction=1.00 | state=MOVING | detections=526
[INFO] [1790212458.665328988] [sage_semantic_world_model]: Target 3 updated | association_distance=0.19 m | raw=(-5.78, 7.02, 0.00) | smoothed=(-5.92, 7.05, 0.00) | velocity=(0.46, -0.13, 0.00) m/s | speed=0.47 m/s | net=0.58 m | straightness=0.99 | direction=1.00 | state=MOVING | detections=527
[INFO] [1790212458.768003974] [sage_semantic_world_model]: Target 3 updated | association_distance=0.15 m | raw=(-5.77, 7.02, 0.00) | smoothed=(-5.88, 7.04, 0.00) | velocity=(0.44, -0.10, 0.00) m/s | speed=0.45 m/s | net=0.56 m | straightness=0.99 | direction=1.00 | state=MOVING | detections=528
[INFO] [1790212458.868580063] [sage_semantic_world_model]: Target 3 updated | association_distance=0.12 m | raw=(-5.77, 7.02, 0.00) | smoothed=(-5.85, 7.04, 0.00) | velocity=(0.43, -0.08, 0.00) m/s | speed=0.44 m/s | net=0.54 m | straightness=1.00 | direction=1.00 | state=MOVING | detections=529
[INFO] [1790212458.963659031] [sage_semantic_world_model]: Target 3 updated | association_distance=0.09 m | raw=(-5.77, 7.02, 0.00) | smoothed=(-5.83, 7.03, 0.00) | velocity=(0.34, -0.06, 0.00) m/s | speed=0.34 m/s | net=0.44 m | straightness=1.00 | direction=0.00 | state=MOVING | detections=530
[INFO] [1790212459.068667978] [sage_semantic_world_model]: Target 3 updated | association_distance=0.04 m | raw=(-5.87, 7.03, 0.00) | smoothed=(-5.84, 7.03, 0.00) | velocity=(0.20, -0.04, 0.00) m/s | speed=0.20 m/s | net=0.34 m | straightness=0.95 | direction=0.00 | state=MOVING | detections=531
[INFO] [1790212459.179999144] [sage_semantic_world_model]: Target 3 updated | association_distance=0.03 m | raw=(-5.87, 7.03, 0.00) | smoothed=(-5.85, 7.03, 0.00) | velocity=(0.09, -0.02, 0.00) m/s | speed=0.09 m/s | net=0.26 m | straightness=0.89 | direction=0.00 | state=MOVING | detections=532
[INFO] [1790212459.265611393] [sage_semantic_world_model]: Target 3 updated | association_distance=0.02 m | raw=(-5.87, 7.03, 0.00) | smoothed=(-5.85, 7.03, 0.00) | velocity=(0.00, -0.01, 0.00) m/s | speed=0.01 m/s | net=0.21 m | straightness=0.83 | direction=0.00 | state=MOVING | detections=533
[INFO] [1790212459.368845205] [sage_semantic_world_model]: Target 3 updated | association_distance=0.02 m | raw=(-5.87, 7.03, 0.00) | smoothed=(-5.86, 7.03, 0.00) | velocity=(-0.06, -0.01, 0.00) m/s | speed=0.06 m/s | net=0.17 m | straightness=0.78 | direction=0.00 | state=MOVING | detections=534
[INFO] [1790212459.462868284] [sage_semantic_world_model]: Target 1 updated | association_distance=0.24 m | raw=(0.09, 4.07, 0.00) | smoothed=(0.07, 3.89, 0.00) | velocity=(0.06, 0.01, 0.00) m/s | speed=0.06 m/s | net=0.35 m | straightness=0.83 | direction=0.00 | state=MOVING | detections=516
[INFO] [1790212459.567627118] [sage_semantic_world_model]: Target 1 updated | association_distance=0.18 m | raw=(0.09, 4.07, 0.00) | smoothed=(0.07, 3.94, 0.00) | velocity=(0.03, 0.02, 0.00) m/s | speed=0.04 m/s | net=0.35 m | straightness=0.79 | direction=0.00 | state=MOVING | detections=517
[INFO] [1790212460.873645219] [sage_semantic_world_model]: Target 1 updated | association_distance=0.51 m | raw=(-0.33, 3.63, 0.00) | smoothed=(-0.03, 3.86, 0.00) | velocity=(-0.01, 0.00, 0.00) m/s | speed=0.01 m/s | net=0.22 m | straightness=0.41 | direction=0.00 | state=MOVING | detections=518
[INFO] [1790212460.971092381] [sage_semantic_world_model]: Target 1 updated | association_distance=0.38 m | raw=(-0.33, 3.63, 0.00) | smoothed=(-0.10, 3.80, 0.00) | velocity=(-0.03, -0.01, 0.00) m/s | speed=0.03 m/s | net=0.12 m | straightness=0.19 | direction=0.00 | state=MOVING | detections=519
[INFO] [1790212461.070930022] [sage_semantic_world_model]: Target 1 confirmed STATIONARY | net=0.09 m | avg_speed=0.01 m/s
[INFO] [1790212461.077577707] [sage_semantic_world_model]: Target 1 updated | association_distance=0.28 m | raw=(-0.33, 3.63, 0.00) | smoothed=(-0.16, 3.76, 0.00) | velocity=(-0.14, -0.08, 0.00) m/s | speed=0.16 m/s | net=0.09 m | straightness=0.13 | direction=0.00 | state=STATIONARY | detections=520
[INFO] [1790212461.182936989] [sage_semantic_world_model]: Target 1 updated | association_distance=0.21 m | raw=(-0.33, 3.63, 0.00) | smoothed=(-0.20, 3.73, 0.00) | velocity=(-0.17, -0.13, 0.00) m/s | speed=0.22 m/s | net=0.12 m | straightness=0.18 | direction=0.00 | state=STATIONARY | detections=521
[INFO] [1790212469.571124466] [sage_semantic_world_model]: Target 1 updated | association_distance=0.08 m | raw=(-0.27, 3.76, 0.00) | smoothed=(-0.22, 3.73, 0.00) | velocity=(-0.02, -0.01, 0.00) m/s | speed=0.03 m/s | net=0.18 m | straightness=0.31 | direction=0.00 | state=STATIONARY | detections=522
[INFO] [1790212469.671961429] [sage_semantic_world_model]: Target 1 updated | association_distance=0.06 m | raw=(-0.27, 3.76, 0.00) | smoothed=(-0.23, 3.74, 0.00) | velocity=(-0.01, -0.01, 0.00) m/s | speed=0.02 m/s | net=0.26 m | straightness=0.48 | direction=0.00 | state=STATIONARY | detections=523
[INFO] [1790212469.779334363] [sage_semantic_world_model]: Target 1 updated | association_distance=0.04 m | raw=(-0.27, 3.76, 0.00) | smoothed=(-0.24, 3.75, 0.00) | velocity=(-0.01, -0.00, 0.00) m/s | speed=0.01 m/s | net=0.31 m | straightness=0.64 | direction=0.00 | state=STATIONARY | detections=524
[INFO] [1790212469.879987969] [sage_semantic_world_model]: Target 1 updated | association_distance=0.14 m | raw=(-0.34, 3.84, 0.00) | smoothed=(-0.27, 3.77, 0.00) | velocity=(-0.01, 0.00, 0.00) m/s | speed=0.01 m/s | net=0.36 m | straightness=0.76 | direction=0.00 | state=STATIONARY | detections=525
[INFO] [1790212469.972189093] [sage_semantic_world_model]: Target 1 updated | association_distance=0.11 m | raw=(-0.34, 3.84, 0.00) | smoothed=(-0.28, 3.79, 0.00) | velocity=(-0.17, 0.13, 0.00) m/s | speed=0.22 m/s | net=0.39 m | straightness=0.86 | direction=0.00 | state=STATIONARY | detections=526
[INFO] [1790212470.070248158] [sage_semantic_world_model]: Target 1 updated | association_distance=0.08 m | raw=(-0.34, 3.84, 0.00) | smoothed=(-0.30, 3.80, 0.00) | velocity=(-0.17, 0.15, 0.00) m/s | speed=0.23 m/s | net=0.28 m | straightness=0.81 | direction=0.00 | state=STATIONARY | detections=527
[INFO] [1790212471.672846753] [sage_semantic_world_model]: Target 1 updated | association_distance=0.17 m | raw=(-0.13, 3.84, 0.00) | smoothed=(-0.26, 3.81, 0.00) | velocity=(-0.01, 0.03, 0.00) m/s | speed=0.04 m/s | net=0.16 m | straightness=0.54 | direction=0.00 | state=STATIONARY | detections=528
[INFO] [1790212471.769207824] [sage_semantic_world_model]: Target 1 updated | association_distance=0.13 m | raw=(-0.13, 3.84, 0.00) | smoothed=(-0.23, 3.82, 0.00) | velocity=(0.02, 0.03, 0.00) m/s | speed=0.03 m/s | net=0.09 m | straightness=0.36 | direction=0.00 | state=STATIONARY | detections=529
[INFO] [1790212471.876025981] [sage_semantic_world_model]: Target 1 updated | association_distance=0.10 m | raw=(-0.13, 3.84, 0.00) | smoothed=(-0.20, 3.82, 0.00) | velocity=(0.04, 0.02, 0.00) m/s | speed=0.05 m/s | net=0.10 m | straightness=0.43 | direction=0.00 | state=STATIONARY | detections=530
[INFO] [1790212471.963940498] [sage_semantic_world_model]: Target 1 updated | association_distance=0.07 m | raw=(-0.13, 3.84, 0.00) | smoothed=(-0.19, 3.83, 0.00) | velocity=(0.06, 0.01, 0.00) m/s | speed=0.06 m/s | net=0.10 m | straightness=0.44 | direction=0.00 | state=STATIONARY | detections=531
[INFO] [1790212472.078758575] [sage_semantic_world_model]: Target 1 updated | association_distance=0.05 m | raw=(-0.13, 3.84, 0.00) | smoothed=(-0.17, 3.83, 0.00) | velocity=(0.21, 0.05, 0.00) m/s | speed=0.22 m/s | net=0.11 m | straightness=0.48 | direction=0.00 | state=STATIONARY | detections=532
[INFO] [1790212472.177157548] [sage_semantic_world_model]: Target 1 updated | association_distance=0.04 m | raw=(-0.13, 3.84, 0.00) | smoothed=(-0.16, 3.83, 0.00) | velocity=(0.16, 0.04, 0.00) m/s | speed=0.16 m/s | net=0.12 m | straightness=0.53 | direction=0.00 | state=STATIONARY | detections=533
[INFO] [1790212472.269497920] [sage_semantic_world_model]: Target 1 updated | association_distance=0.03 m | raw=(-0.13, 3.84, 0.00) | smoothed=(-0.16, 3.83, 0.00) | velocity=(0.12, 0.03, 0.00) m/s | speed=0.12 m/s | net=0.13 m | straightness=0.66 | direction=0.00 | state=STATIONARY | detections=534
[INFO] [1790212472.365823451] [sage_semantic_world_model]: Target 1 updated | association_distance=0.02 m | raw=(-0.13, 3.84, 0.00) | smoothed=(-0.15, 3.84, 0.00) | velocity=(0.09, 0.02, 0.00) m/s | speed=0.09 m/s | net=0.14 m | straightness=0.83 | direction=0.00 | state=STATIONARY | detections=535
[INFO] [1790212472.469918530] [sage_semantic_world_model]: Target 1 updated | association_distance=0.02 m | raw=(-0.13, 3.84, 0.00) | smoothed=(-0.15, 3.84, 0.00) | velocity=(0.07, 0.02, 0.00) m/s | speed=0.07 m/s | net=0.16 m | straightness=1.00 | direction=0.00 | state=STATIONARY | detections=536
[INFO] [1790212472.569654620] [sage_semantic_world_model]: Target 1 updated | association_distance=0.01 m | raw=(-0.13, 3.84, 0.00) | smoothed=(-0.14, 3.84, 0.00) | velocity=(0.05, 0.01, 0.00) m/s | speed=0.05 m/s | net=0.12 m | straightness=1.00 | direction=0.00 | state=STATIONARY | detections=537
[INFO] [1790212472.665999849] [sage_semantic_world_model]: Target 1 updated | association_distance=0.01 m | raw=(-0.13, 3.84, 0.00) | smoothed=(-0.14, 3.84, 0.00) | velocity=(0.04, 0.01, 0.00) m/s | speed=0.04 m/s | net=0.09 m | straightness=1.00 | direction=0.00 | state=STATIONARY | detections=538
[INFO] [1790212472.768731927] [sage_semantic_world_model]: Target 1 updated | association_distance=0.01 m | raw=(-0.13, 3.84, 0.00) | smoothed=(-0.14, 3.84, 0.00) | velocity=(0.03, 0.01, 0.00) m/s | speed=0.03 m/s | net=0.07 m | straightness=1.00 | direction=0.00 | state=STATIONARY | detections=539
[INFO] [1790212472.872908256] [sage_semantic_world_model]: Target 1 updated | association_distance=0.01 m | raw=(-0.13, 3.84, 0.00) | smoothed=(-0.14, 3.84, 0.00) | velocity=(0.02, 0.00, 0.00) m/s | speed=0.02 m/s | net=0.05 m | straightness=1.00 | direction=0.00 | state=STATIONARY | detections=540
[INFO] [1790212472.967458992] [sage_semantic_world_model]: Target 1 updated | association_distance=0.00 m | raw=(-0.13, 3.84, 0.00) | smoothed=(-0.14, 3.84, 0.00) | velocity=(0.02, 0.00, 0.00) m/s | speed=0.02 m/s | net=0.04 m | straightness=1.00 | direction=0.00 | state=STATIONARY | detections=541
[INFO] [1790212473.970336315] [sage_semantic_world_model]: Target 3 updated | association_distance=0.86 m | raw=(-6.64, 7.40, 0.00) | smoothed=(-6.05, 7.12, 0.00) | velocity=(-0.01, 0.01, 0.00) m/s | speed=0.02 m/s | net=0.11 m | straightness=0.29 | direction=0.00 | state=MOVING | detections=535
[INFO] [1790212474.064964949] [sage_semantic_world_model]: Target 3 updated | association_distance=0.65 m | raw=(-6.64, 7.40, 0.00) | smoothed=(-6.20, 7.19, 0.00) | velocity=(-0.02, 0.01, 0.00) m/s | speed=0.03 m/s | net=0.31 m | straightness=0.64 | direction=0.00 | state=MOVING | detections=536
[INFO] [1790212474.371047202] [sage_semantic_world_model]: Target 1 updated | association_distance=0.19 m | raw=(-0.32, 3.91, 0.00) | smoothed=(-0.18, 3.86, 0.00) | velocity=(-0.02, 0.01, 0.00) m/s | speed=0.03 m/s | net=0.03 m | straightness=0.40 | direction=0.00 | state=STATIONARY | detections=542
[INFO] [1790212474.467715831] [sage_semantic_world_model]: Target 1 updated | association_distance=0.14 m | raw=(-0.32, 3.91, 0.00) | smoothed=(-0.22, 3.87, 0.00) | velocity=(-0.04, 0.02, 0.00) m/s | speed=0.05 m/s | net=0.07 m | straightness=0.67 | direction=0.00 | state=STATIONARY | detections=543
[INFO] [1790212480.769285469] [sage_semantic_world_model]: Target 4 updated | association_distance=1.66 m | raw=(6.08, -7.66, 0.00) | smoothed=(4.99, -7.06, 0.00) | velocity=(-0.00, -0.02, 0.00) m/s | speed=0.02 m/s | net=0.85 m | straightness=0.62 | direction=0.56 | state=STATIONARY | detections=207
[INFO] [1790212480.862809949] [sage_semantic_world_model]: Target 4 updated | association_distance=1.24 m | raw=(6.08, -7.66, 0.00) | smoothed=(5.26, -7.21, 0.00) | velocity=(0.01, -0.02, 0.00) m/s | speed=0.02 m/s | net=1.02 m | straightness=0.62 | direction=0.78 | state=STATIONARY | detections=208
[INFO] [1790212480.974063612] [sage_semantic_world_model]: Target 4 updated | association_distance=0.93 m | raw=(6.08, -7.66, 0.00) | smoothed=(5.47, -7.32, 0.00) | velocity=(0.02, -0.02, 0.00) m/s | speed=0.03 m/s | net=1.19 m | straightness=0.64 | direction=0.89 | state=STATIONARY | detections=209
[INFO] [1790212481.067365116] [sage_semantic_world_model]: Target 4 updated | association_distance=0.70 m | raw=(6.08, -7.66, 0.00) | smoothed=(5.62, -7.40, 0.00) | velocity=(0.03, -0.01, 0.00) m/s | speed=0.03 m/s | net=1.34 m | straightness=0.67 | direction=1.00 | state=STATIONARY | detections=210
[INFO] [1790212481.170386657] [sage_semantic_world_model]: Target 4 updated | association_distance=1.14 m | raw=(5.98, -8.49, 0.00) | smoothed=(5.71, -7.67, 0.00) | velocity=(1.78, -1.53, 0.00) m/s | speed=2.35 m/s | net=1.57 m | straightness=0.72 | direction=0.78 | state=STATIONARY | detections=211
[INFO] [1790212481.273336063] [sage_semantic_world_model]: Target 4 updated | association_distance=0.86 m | raw=(5.98, -8.49, 0.00) | smoothed=(5.78, -7.88, 0.00) | velocity=(1.27, -1.66, 0.00) m/s | speed=2.09 m/s | net=1.74 m | straightness=0.75 | direction=0.78 | state=STATIONARY | detections=212
[INFO] [1790212481.369339184] [sage_semantic_world_model]: Target 4 updated | association_distance=0.64 m | raw=(5.98, -8.49, 0.00) | smoothed=(5.83, -8.03, 0.00) | velocity=(0.89, -1.77, 0.00) m/s | speed=1.99 m/s | net=1.87 m | straightness=0.77 | direction=0.78 | state=STATIONARY | detections=213
[INFO] [1790212483.071987901] [sage_semantic_world_model]: Target 1 updated | association_distance=1.46 m | raw=(1.12, 3.30, 0.00) | smoothed=(0.12, 3.73, 0.00) | velocity=(0.03, -0.01, 0.00) m/s | speed=0.03 m/s | net=0.29 m | straightness=0.63 | direction=0.00 | state=STATIONARY | detections=544
[INFO] [1790212483.169922473] [sage_semantic_world_model]: Target 1 updated | association_distance=1.09 m | raw=(1.12, 3.30, 0.00) | smoothed=(0.37, 3.62, 0.00) | velocity=(0.05, -0.02, 0.00) m/s | speed=0.05 m/s | net=0.56 m | straightness=0.77 | direction=0.78 | state=STATIONARY | detections=545
[INFO] [1790212483.268055461] [sage_semantic_world_model]: Target 1 updated | association_distance=0.82 m | raw=(1.12, 3.30, 0.00) | smoothed=(0.56, 3.54, 0.00) | velocity=(0.08, -0.04, 0.00) m/s | speed=0.09 m/s | net=0.76 m | straightness=0.82 | direction=0.78 | state=STATIONARY | detections=546
[INFO] [1790212483.364963886] [sage_semantic_world_model]: Target 1 updated | association_distance=0.61 m | raw=(1.12, 3.30, 0.00) | smoothed=(0.70, 3.48, 0.00) | velocity=(0.10, -0.04, 0.00) m/s | speed=0.11 m/s | net=0.92 m | straightness=0.84 | direction=0.78 | state=STATIONARY | detections=547
[INFO] [1790212483.464850794] [sage_semantic_world_model]: Target 1 updated | association_distance=0.46 m | raw=(1.12, 3.30, 0.00) | smoothed=(0.81, 3.43, 0.00) | velocity=(1.72, -0.73, 0.00) m/s | speed=1.87 m/s | net=1.03 m | straightness=0.86 | direction=0.78 | state=STATIONARY | detections=548
[INFO] [1790212484.965654475] [sage_semantic_world_model]: Target 3 updated | association_distance=0.85 m | raw=(-6.89, 7.69, 0.00) | smoothed=(-6.37, 7.32, 0.00) | velocity=(-0.02, 0.01, 0.00) m/s | speed=0.02 m/s | net=0.56 m | straightness=0.84 | direction=0.78 | state=MOVING | detections=537
[INFO] [1790212485.066782090] [sage_semantic_world_model]: Target 3 updated | association_distance=0.64 m | raw=(-6.89, 7.69, 0.00) | smoothed=(-6.50, 7.41, 0.00) | velocity=(-0.03, 0.01, 0.00) m/s | speed=0.03 m/s | net=0.75 m | straightness=0.94 | direction=0.89 | state=MOVING | detections=538
[INFO] [1790212488.168663592] [sage_semantic_world_model]: NEW TARGET | id=9 | class=person | position=(-0.93, 4.72, 0.00) | state=STATIONARY
[INFO] [1790212488.266812327] [sage_semantic_world_model]: Target 9 updated | association_distance=0.00 m | raw=(-0.93, 4.72, 0.00) | smoothed=(-0.93, 4.72, 0.00) | velocity=(0.00, 0.00, 0.00) m/s | speed=0.00 m/s | net=0.00 m | straightness=0.00 | direction=0.00 | state=STATIONARY | detections=2
[INFO] [1790212488.368217118] [sage_semantic_world_model]: Target 9 updated | association_distance=0.00 m | raw=(-0.93, 4.72, 0.00) | smoothed=(-0.93, 4.72, 0.00) | velocity=(0.00, 0.00, 0.00) m/s | speed=0.00 m/s | net=0.00 m | straightness=0.00 | direction=0.00 | state=STATIONARY | detections=3
[INFO] [1790212488.471568221] [sage_semantic_world_model]: Target 9 updated | association_distance=0.00 m | raw=(-0.93, 4.72, 0.00) | smoothed=(-0.93, 4.72, 0.00) | velocity=(0.00, 0.00, 0.00) m/s | speed=0.00 m/s | net=0.00 m | straightness=0.00 | direction=0.00 | state=STATIONARY | detections=4
[INFO] [1790212489.864079058] [sage_semantic_world_model]: Target 1 updated | association_distance=1.02 m | raw=(-0.08, 3.94, 0.00) | smoothed=(0.58, 3.56, 0.00) | velocity=(0.03, -0.01, 0.00) m/s | speed=0.03 m/s | net=0.77 m | straightness=0.53 | direction=0.67 | state=STATIONARY | detections=549
[INFO] [1790212489.973527039] [sage_semantic_world_model]: Target 1 updated | association_distance=0.77 m | raw=(-0.08, 3.94, 0.00) | smoothed=(0.42, 3.65, 0.00) | velocity=(-0.02, 0.02, 0.00) m/s | speed=0.03 m/s | net=0.58 m | straightness=0.36 | direction=0.56 | state=STATIONARY | detections=550
[INFO] [1790212490.071235659] [sage_semantic_world_model]: Target 1 updated | association_distance=0.57 m | raw=(-0.08, 3.94, 0.00) | smoothed=(0.29, 3.72, 0.00) | velocity=(-0.06, 0.04, 0.00) m/s | speed=0.07 m/s | net=0.49 m | straightness=0.28 | direction=0.00 | state=STATIONARY | detections=551
[INFO] [1790212490.167870893] [sage_semantic_world_model]: Target 1 updated | association_distance=0.43 m | raw=(-0.08, 3.94, 0.00) | smoothed=(0.20, 3.78, 0.00) | velocity=(-0.09, 0.05, 0.00) m/s | speed=0.10 m/s | net=0.42 m | straightness=0.23 | direction=0.00 | state=STATIONARY | detections=552
[INFO] [1790212490.268055031] [sage_semantic_world_model]: Target 1 updated | association_distance=0.32 m | raw=(-0.08, 3.94, 0.00) | smoothed=(0.13, 3.82, 0.00) | velocity=(-1.14, 0.64, 0.00) m/s | speed=1.31 m/s | net=0.09 m | straightness=0.06 | direction=0.00 | state=STATIONARY | detections=553
[INFO] [1790212490.361605054] [sage_semantic_world_model]: Target 1 updated | association_distance=0.24 m | raw=(-0.08, 3.94, 0.00) | smoothed=(0.08, 3.85, 0.00) | velocity=(-0.86, 0.49, 0.00) m/s | speed=0.99 m/s | net=0.37 m | straightness=0.28 | direction=0.00 | state=STATIONARY | detections=554
[INFO] [1790212490.464066600] [sage_semantic_world_model]: Target 1 updated | association_distance=0.18 m | raw=(-0.08, 3.94, 0.00) | smoothed=(0.04, 3.87, 0.00) | velocity=(-0.64, 0.36, 0.00) m/s | speed=0.74 m/s | net=0.62 m | straightness=0.54 | direction=0.78 | state=STATIONARY | detections=555
[INFO] [1790212490.563815637] [sage_semantic_world_model]: Target 1 updated | association_distance=0.14 m | raw=(-0.08, 3.94, 0.00) | smoothed=(0.01, 3.89, 0.00) | velocity=(-0.49, 0.27, 0.00) m/s | speed=0.56 m/s | net=0.81 m | straightness=0.78 | direction=0.89 | state=STATIONARY | detections=556
[INFO] [1790212495.668031566] [sage_semantic_world_model]: NEW TARGET | id=10 | class=person | position=(6.36, -15.82, 0.00) | state=STATIONARY
[INFO] [1790212495.762792728] [sage_semantic_world_model]: Target 10 updated | association_distance=0.00 m | raw=(6.36, -15.82, 0.00) | smoothed=(6.36, -15.82, 0.00) | velocity=(0.00, 0.00, 0.00) m/s | speed=0.00 m/s | net=0.00 m | straightness=0.00 | direction=0.00 | state=STATIONARY | detections=2
[INFO] [1790212495.872763916] [sage_semantic_world_model]: Target 10 updated | association_distance=0.00 m | raw=(6.36, -15.82, 0.00) | smoothed=(6.36, -15.82, 0.00) | velocity=(0.00, 0.00, 0.00) m/s | speed=0.00 m/s | net=0.00 m | straightness=0.00 | direction=0.00 | state=STATIONARY | detections=3
[INFO] [1790212495.969194727] [sage_semantic_world_model]: Target 10 updated | association_distance=0.00 m | raw=(6.36, -15.82, 0.00) | smoothed=(6.36, -15.82, 0.00) | velocity=(0.00, 0.00, 0.00) m/s | speed=0.00 m/s | net=0.00 m | straightness=0.00 | direction=0.00 | state=STATIONARY | detections=4
[INFO] [1790212498.679274956] [sage_semantic_world_model]: Target 4 updated | association_distance=1.45 m | raw=(5.17, -6.74, 0.00) | smoothed=(5.66, -7.71, 0.00) | velocity=(0.00, -0.02, 0.00) m/s | speed=0.02 m/s | net=1.38 m | straightness=0.57 | direction=0.78 | state=STATIONARY | detections=214
[INFO] [1790212498.775894451] [sage_semantic_world_model]: Target 4 updated | association_distance=1.09 m | raw=(5.17, -6.74, 0.00) | smoothed=(5.54, -7.47, 0.00) | velocity=(-0.01, 0.01, 0.00) m/s | speed=0.02 m/s | net=1.09 m | straightness=0.45 | direction=0.78 | state=STATIONARY | detections=215
[INFO] [1790212498.867239926] [sage_semantic_world_model]: Target 4 updated | association_distance=0.81 m | raw=(5.17, -6.74, 0.00) | smoothed=(5.45, -7.28, 0.00) | velocity=(-0.02, 0.03, 0.00) m/s | speed=0.04 m/s | net=0.51 m | straightness=0.23 | direction=0.67 | state=STATIONARY | detections=216
[INFO] [1790212498.969452665] [sage_semantic_world_model]: Target 4 updated | association_distance=0.46 m | raw=(5.20, -6.90, 0.00) | smoothed=(5.38, -7.19, 0.00) | velocity=(-0.03, 0.05, 0.00) m/s | speed=0.05 m/s | net=0.12 m | straightness=0.06 | direction=0.00 | state=STATIONARY | detections=217
[INFO] [1790212499.067957813] [sage_semantic_world_model]: Target 4 updated | association_distance=0.34 m | raw=(5.20, -6.90, 0.00) | smoothed=(5.34, -7.12, 0.00) | velocity=(-0.82, 1.49, 0.00) m/s | speed=1.70 m/s | net=0.24 m | straightness=0.13 | direction=0.00 | state=STATIONARY | detections=218
[INFO] [1790212499.178977226] [sage_semantic_world_model]: Target 4 updated | association_distance=0.26 m | raw=(5.20, -6.90, 0.00) | smoothed=(5.30, -7.06, 0.00) | velocity=(-0.59, 1.01, 0.00) m/s | speed=1.17 m/s | net=0.47 m | straightness=0.27 | direction=0.00 | state=STATIONARY | detections=219
[INFO] [1790212499.668153580] [sage_semantic_world_model]: Target 4 updated | association_distance=0.50 m | raw=(5.16, -6.58, 0.00) | smoothed=(5.27, -6.94, 0.00) | velocity=(-0.23, 0.43, 0.00) m/s | speed=0.48 m/s | net=0.86 m | straightness=0.54 | direction=0.78 | state=STATIONARY | detections=220
[INFO] [1790212499.768813154] [sage_semantic_world_model]: Target 4 updated | association_distance=0.38 m | raw=(5.16, -6.58, 0.00) | smoothed=(5.24, -6.85, 0.00) | velocity=(-0.18, 0.42, 0.00) m/s | speed=0.46 m/s | net=1.16 m | straightness=0.78 | direction=0.89 | state=STATIONARY | detections=221
[INFO] [1790212499.866040419] [sage_semantic_world_model]: Target 4 updated | association_distance=0.28 m | raw=(5.16, -6.58, 0.00) | smoothed=(5.22, -6.78, 0.00) | velocity=(-0.15, 0.42, 0.00) m/s | speed=0.44 m/s | net=1.39 m | straightness=1.00 | direction=1.00 | state=STATIONARY | detections=222
[INFO] [1790212499.964998740] [sage_semantic_world_model]: Target 4 updated | association_distance=0.21 m | raw=(5.16, -6.58, 0.00) | smoothed=(5.20, -6.73, 0.00) | velocity=(-0.12, 0.41, 0.00) m/s | speed=0.43 m/s | net=1.08 m | straightness=0.99 | direction=1.00 | state=STATIONARY | detections=223
[INFO] [1790212500.064594380] [sage_semantic_world_model]: Target 4 updated | association_distance=0.16 m | raw=(5.16, -6.58, 0.00) | smoothed=(5.19, -6.69, 0.00) | velocity=(-0.19, 0.62, 0.00) m/s | speed=0.65 m/s | net=0.85 m | straightness=0.99 | direction=1.00 | state=STATIONARY | detections=224
[INFO] [1790212500.461163350] [sage_semantic_world_model]: Target 4 confirmed MOVING | net=0.81 m | avg_speed=0.51 m/s | straightness=0.98 | direction=1.00
[INFO] [1790212500.464339860] [sage_semantic_world_model]: Target 4 updated | association_distance=0.72 m | raw=(5.16, -5.98, 0.00) | smoothed=(5.18, -6.52, 0.00) | velocity=(-0.08, 0.48, 0.00) m/s | speed=0.48 m/s | net=0.81 m | straightness=0.98 | direction=1.00 | state=MOVING | detections=225
[INFO] [1790212500.569033924] [sage_semantic_world_model]: Target 4 updated | association_distance=0.54 m | raw=(5.16, -5.98, 0.00) | smoothed=(5.18, -6.38, 0.00) | velocity=(-0.06, 0.57, 0.00) m/s | speed=0.58 m/s | net=0.83 m | straightness=0.98 | direction=1.00 | state=MOVING | detections=226
[INFO] [1790212500.669380828] [sage_semantic_world_model]: Target 4 updated | association_distance=0.40 m | raw=(5.16, -5.98, 0.00) | smoothed=(5.17, -6.28, 0.00) | velocity=(-0.04, 0.64, 0.00) m/s | speed=0.65 m/s | net=0.85 m | straightness=0.99 | direction=1.00 | state=MOVING | detections=227
[INFO] [1790212500.772065538] [sage_semantic_world_model]: Target 4 updated | association_distance=0.30 m | raw=(5.16, -5.98, 0.00) | smoothed=(5.17, -6.21, 0.00) | velocity=(-0.03, 0.70, 0.00) m/s | speed=0.70 m/s | net=0.87 m | straightness=0.99 | direction=1.00 | state=MOVING | detections=228
[INFO] [1790212500.879544092] [sage_semantic_world_model]: Target 4 updated | association_distance=0.21 m | raw=(5.21, -6.00, 0.00) | smoothed=(5.18, -6.15, 0.00) | velocity=(-0.01, 0.89, 0.00) m/s | speed=0.89 m/s | net=0.79 m | straightness=0.99 | direction=1.00 | state=MOVING | detections=229
[INFO] [1790212500.975030186] [sage_semantic_world_model]: Target 4 updated | association_distance=0.16 m | raw=(5.21, -6.00, 0.00) | smoothed=(5.19, -6.11, 0.00) | velocity=(0.02, 0.67, 0.00) m/s | speed=0.67 m/s | net=0.74 m | straightness=0.99 | direction=1.00 | state=MOVING | detections=230
[INFO] [1790212501.079651940] [sage_semantic_world_model]: Target 4 updated | association_distance=0.12 m | raw=(5.21, -6.00, 0.00) | smoothed=(5.19, -6.09, 0.00) | velocity=(0.04, 0.48, 0.00) m/s | speed=0.49 m/s | net=0.70 m | straightness=0.99 | direction=1.00 | state=MOVING | detections=231
[INFO] [1790212501.863916099] [sage_semantic_world_model]: Target 4 updated | association_distance=1.40 m | raw=(5.17, -7.48, 0.00) | smoothed=(5.19, -6.43, 0.00) | velocity=(0.02, -0.21, 0.00) m/s | speed=0.21 m/s | net=0.30 m | straightness=0.30 | direction=0.00 | state=MOVING | detections=232
[INFO] [1790212501.970027647] [sage_semantic_world_model]: Target 4 updated | association_distance=1.05 m | raw=(5.17, -7.48, 0.00) | smoothed=(5.18, -6.70, 0.00) | velocity=(0.00, -0.50, 0.00) m/s | speed=0.50 m/s | net=0.01 m | straightness=0.01 | direction=0.00 | state=MOVING | detections=233
[INFO] [1790212502.078164105] [sage_semantic_world_model]: Target 4 updated | association_distance=0.79 m | raw=(5.17, -7.48, 0.00) | smoothed=(5.18, -6.89, 0.00) | velocity=(-0.01, -0.71, 0.00) m/s | speed=0.71 m/s | net=0.38 m | straightness=0.30 | direction=0.00 | state=MOVING | detections=234
[INFO] [1790212502.664820491] [sage_semantic_world_model]: Target 4 updated | association_distance=1.26 m | raw=(5.03, -5.64, 0.00) | smoothed=(5.14, -6.58, 0.00) | velocity=(-0.03, -0.31, 0.00) m/s | speed=0.31 m/s | net=0.20 m | straightness=0.14 | direction=0.00 | state=MOVING | detections=235
[INFO] [1790212502.774787448] [sage_semantic_world_model]: Target 4 updated | association_distance=0.95 m | raw=(5.03, -5.64, 0.00) | smoothed=(5.12, -6.35, 0.00) | velocity=(-0.08, 0.10, 0.00) m/s | speed=0.13 m/s | net=0.09 m | straightness=0.06 | direction=0.00 | state=MOVING | detections=236
[INFO] [1790212502.860573485] [sage_semantic_world_model]: Target 4 confirmed STATIONARY | net=0.14 m | avg_speed=0.07 m/s
[INFO] [1790212502.868822035] [sage_semantic_world_model]: Target 4 updated | association_distance=0.14 m | raw=(5.01, -6.25, 0.00) | smoothed=(5.09, -6.32, 0.00) | velocity=(-0.10, 0.42, 0.00) m/s | speed=0.43 m/s | net=0.14 m | straightness=0.09 | direction=0.00 | state=STATIONARY | detections=237
[INFO] [1790212502.964905869] [sage_semantic_world_model]: Target 4 updated | association_distance=0.11 m | raw=(5.01, -6.25, 0.00) | smoothed=(5.07, -6.30, 0.00) | velocity=(-0.12, 0.66, 0.00) m/s | speed=0.67 m/s | net=0.19 m | straightness=0.12 | direction=0.00 | state=STATIONARY | detections=238
[INFO] [1790212503.066948795] [sage_semantic_world_model]: Target 4 updated | association_distance=0.08 m | raw=(5.01, -6.25, 0.00) | smoothed=(5.05, -6.29, 0.00) | velocity=(-0.22, 0.72, 0.00) m/s | speed=0.75 m/s | net=0.22 m | straightness=0.15 | direction=0.00 | state=STATIONARY | detections=239
[INFO] [1790212503.178996766] [sage_semantic_world_model]: Target 4 updated | association_distance=1.22 m | raw=(4.89, -7.50, 0.00) | smoothed=(5.01, -6.59, 0.00) | velocity=(-0.25, -0.61, 0.00) m/s | speed=0.66 m/s | net=0.54 m | straightness=0.31 | direction=0.44 | state=STATIONARY | detections=240
[INFO] [1790212503.275349737] [sage_semantic_world_model]: Target 4 updated | association_distance=0.91 m | raw=(4.89, -7.50, 0.00) | smoothed=(4.98, -6.82, 0.00) | velocity=(-0.27, -1.24, 0.00) m/s | speed=1.27 m/s | net=0.43 m | straightness=0.27 | direction=0.00 | state=STATIONARY | detections=241
[INFO] [1790212503.367327862] [sage_semantic_world_model]: Target 4 updated | association_distance=0.68 m | raw=(4.89, -7.50, 0.00) | smoothed=(4.96, -6.99, 0.00) | velocity=(-0.28, -1.71, 0.00) m/s | speed=1.73 m/s | net=0.37 m | straightness=0.24 | direction=0.00 | state=STATIONARY | detections=242
[INFO] [1790212503.477890560] [sage_semantic_world_model]: NEW TARGET | id=11 | class=person | position=(4.24, -8.89, 0.00) | state=STATIONARY
[INFO] [1790212503.567014717] [sage_semantic_world_model]: Target 11 updated | association_distance=0.00 m | raw=(4.24, -8.89, 0.00) | smoothed=(4.24, -8.89, 0.00) | velocity=(0.00, 0.00, 0.00) m/s | speed=0.00 m/s | net=0.00 m | straightness=0.00 | direction=0.00 | state=STATIONARY | detections=2
[INFO] [1790212503.664690082] [sage_semantic_world_model]: Target 11 updated | association_distance=0.00 m | raw=(4.24, -8.89, 0.00) | smoothed=(4.24, -8.89, 0.00) | velocity=(0.00, 0.00, 0.00) m/s | speed=0.00 m/s | net=0.00 m | straightness=0.00 | direction=0.00 | state=STATIONARY | detections=3
[INFO] [1790212506.163413272] [sage_semantic_world_model]: Target 6 updated | association_distance=1.01 m | raw=(3.75, -5.28, 0.00) | smoothed=(3.30, -5.89, 0.00) | velocity=(0.00, 0.00, 0.00) m/s | speed=0.00 m/s | net=0.00 m | straightness=0.00 | direction=0.00 | state=STATIONARY | detections=2
[INFO] [1790212506.264890717] [sage_semantic_world_model]: Target 6 updated | association_distance=0.76 m | raw=(3.75, -5.28, 0.00) | smoothed=(3.41, -5.74, 0.00) | velocity=(0.00, 0.00, 0.00) m/s | speed=0.00 m/s | net=0.00 m | straightness=0.00 | direction=0.00 | state=STATIONARY | detections=3
[INFO] [1790212506.367124755] [sage_semantic_world_model]: Target 4 updated | association_distance=1.25 m | raw=(4.67, -5.77, 0.00) | smoothed=(4.89, -6.69, 0.00) | velocity=(-0.05, -0.12, 0.00) m/s | speed=0.13 m/s | net=0.36 m | straightness=0.22 | direction=0.00 | state=STATIONARY | detections=243
[INFO] [1790212506.467801512] [sage_semantic_world_model]: Target 4 updated | association_distance=0.94 m | raw=(4.67, -5.77, 0.00) | smoothed=(4.83, -6.46, 0.00) | velocity=(-0.06, 0.04, 0.00) m/s | speed=0.07 m/s | net=0.34 m | straightness=0.21 | direction=0.00 | state=STATIONARY | detections=244
[INFO] [1790212506.567125921] [sage_semantic_world_model]: Target 4 updated | association_distance=0.70 m | raw=(4.67, -5.77, 0.00) | smoothed=(4.79, -6.29, 0.00) | velocity=(-0.06, 0.16, 0.00) m/s | speed=0.17 m/s | net=0.33 m | straightness=0.22 | direction=0.00 | state=STATIONARY | detections=245
[INFO] [1790212506.674245146] [sage_semantic_world_model]: Target 4 updated | association_distance=0.53 m | raw=(4.67, -5.77, 0.00) | smoothed=(4.76, -6.16, 0.00) | velocity=(-0.06, 0.25, 0.00) m/s | speed=0.26 m/s | net=0.37 m | straightness=0.23 | direction=0.00 | state=STATIONARY | detections=246
[INFO] [1790212506.771427034] [sage_semantic_world_model]: Target 4 updated | association_distance=0.46 m | raw=(4.82, -5.71, 0.00) | smoothed=(4.77, -6.04, 0.00) | velocity=(-0.28, 1.59, 0.00) m/s | speed=1.61 m/s | net=0.39 m | straightness=0.23 | direction=0.00 | state=STATIONARY | detections=247
[INFO] [1790212506.868271996] [sage_semantic_world_model]: Target 4 updated | association_distance=0.34 m | raw=(4.82, -5.71, 0.00) | smoothed=(4.79, -5.96, 0.00) | velocity=(-0.11, 1.24, 0.00) m/s | speed=1.24 m/s | net=0.43 m | straightness=0.24 | direction=0.00 | state=STATIONARY | detections=248
[INFO] [1790212506.969691398] [sage_semantic_world_model]: Target 4 updated | association_distance=0.26 m | raw=(4.82, -5.71, 0.00) | smoothed=(4.80, -5.90, 0.00) | velocity=(0.01, 0.98, 0.00) m/s | speed=0.98 m/s | net=0.73 m | straightness=0.48 | direction=0.78 | state=STATIONARY | detections=249
[INFO] [1790212513.069064854] [sage_semantic_world_model]: Target 4 updated | association_distance=0.69 m | raw=(5.45, -5.69, 0.00) | smoothed=(4.96, -5.84, 0.00) | velocity=(0.03, 0.05, 0.00) m/s | speed=0.06 m/s | net=0.98 m | straightness=0.67 | direction=0.78 | state=STATIONARY | detections=250
[INFO] [1790212513.166770394] [sage_semantic_world_model]: Target 4 updated | association_distance=0.52 m | raw=(5.45, -5.69, 0.00) | smoothed=(5.08, -5.81, 0.00) | velocity=(0.05, 0.04, 0.00) m/s | speed=0.06 m/s | net=1.19 m | straightness=0.84 | direction=0.78 | state=STATIONARY | detections=251
[INFO] [1790212513.268507139] [sage_semantic_world_model]: Target 4 updated | association_distance=0.39 m | raw=(5.45, -5.69, 0.00) | smoothed=(5.17, -5.78, 0.00) | velocity=(0.06, 0.03, 0.00) m/s | speed=0.07 m/s | net=0.95 m | straightness=0.79 | direction=1.00 | state=STATIONARY | detections=252
[INFO] [1790212513.380406895] [sage_semantic_world_model]: Target 4 updated | association_distance=0.29 m | raw=(5.45, -5.69, 0.00) | smoothed=(5.24, -5.75, 0.00) | velocity=(0.07, 0.02, 0.00) m/s | speed=0.07 m/s | net=0.81 m | straightness=0.78 | direction=1.00 | state=STATIONARY | detections=253
[INFO] [1790212513.475668592] [sage_semantic_world_model]: Target 4 updated | association_distance=0.25 m | raw=(5.10, -5.97, 0.00) | smoothed=(5.21, -5.81, 0.00) | velocity=(0.62, 0.09, 0.00) m/s | speed=0.63 m/s | net=0.64 m | straightness=0.68 | direction=0.89 | state=STATIONARY | detections=254
[INFO] [1790212513.581004954] [sage_semantic_world_model]: Target 4 updated | association_distance=0.19 m | raw=(5.10, -5.97, 0.00) | smoothed=(5.18, -5.85, 0.00) | velocity=(0.25, -0.10, 0.00) m/s | speed=0.27 m/s | net=0.52 m | straightness=0.62 | direction=0.78 | state=STATIONARY | detections=255
[INFO] [1790212515.082573091] [sage_semantic_world_model]: Target 4 updated | association_distance=0.13 m | raw=(5.18, -5.98, 0.00) | smoothed=(5.18, -5.88, 0.00) | velocity=(0.00, -0.06, 0.00) m/s | speed=0.06 m/s | net=0.44 m | straightness=0.57 | direction=0.00 | state=STATIONARY | detections=256
[INFO] [1790212515.165669934] [sage_semantic_world_model]: Target 4 updated | association_distance=0.10 m | raw=(5.18, -5.98, 0.00) | smoothed=(5.18, -5.91, 0.00) | velocity=(-0.04, -0.08, 0.00) m/s | speed=0.09 m/s | net=0.40 m | straightness=0.56 | direction=0.00 | state=STATIONARY | detections=257
[INFO] [1790212515.272826121] [sage_semantic_world_model]: Target 4 updated | association_distance=0.07 m | raw=(5.18, -5.98, 0.00) | smoothed=(5.18, -5.92, 0.00) | velocity=(-0.02, -0.06, 0.00) m/s | speed=0.07 m/s | net=0.38 m | straightness=0.59 | direction=0.00 | state=STATIONARY | detections=258
[INFO] [1790212515.365531327] [sage_semantic_world_model]: Target 4 updated | association_distance=0.02 m | raw=(5.17, -5.91, 0.00) | smoothed=(5.18, -5.92, 0.00) | velocity=(-0.00, -0.04, 0.00) m/s | speed=0.04 m/s | net=0.23 m | straightness=0.47 | direction=0.00 | state=STATIONARY | detections=259
[INFO] [1790212515.462891993] [sage_semantic_world_model]: Target 4 updated | association_distance=0.01 m | raw=(5.17, -5.91, 0.00) | smoothed=(5.18, -5.92, 0.00) | velocity=(-0.01, -0.09, 0.00) m/s | speed=0.09 m/s | net=0.15 m | straightness=0.40 | direction=0.00 | state=STATIONARY | detections=260
[INFO] [1790212515.562122957] [sage_semantic_world_model]: Target 4 updated | association_distance=0.17 m | raw=(5.34, -5.93, 0.00) | smoothed=(5.22, -5.92, 0.00) | velocity=(0.10, -0.04, 0.00) m/s | speed=0.10 m/s | net=0.15 m | straightness=0.49 | direction=0.00 | state=STATIONARY | detections=261
[INFO] [1790212517.365785959] [sage_semantic_world_model]: Target 4 updated | association_distance=0.35 m | raw=(5.06, -5.60, 0.00) | smoothed=(5.18, -5.84, 0.00) | velocity=(0.00, 0.04, 0.00) m/s | speed=0.04 m/s | net=0.11 m | straightness=0.33 | direction=0.00 | state=STATIONARY | detections=262
[INFO] [1790212517.464249337] [sage_semantic_world_model]: Target 4 updated | association_distance=0.27 m | raw=(5.06, -5.60, 0.00) | smoothed=(5.15, -5.78, 0.00) | velocity=(-0.01, 0.07, 0.00) m/s | speed=0.07 m/s | net=0.06 m | straightness=0.19 | direction=0.00 | state=STATIONARY | detections=263
[INFO] [1790212517.573023440] [sage_semantic_world_model]: Target 4 updated | association_distance=0.17 m | raw=(5.19, -5.61, 0.00) | smoothed=(5.16, -5.74, 0.00) | velocity=(-0.01, 0.08, 0.00) m/s | speed=0.09 m/s | net=0.11 m | straightness=0.34 | direction=0.00 | state=STATIONARY | detections=264
[INFO] [1790212517.667326023] [sage_semantic_world_model]: Target 4 updated | association_distance=0.13 m | raw=(5.19, -5.61, 0.00) | smoothed=(5.17, -5.71, 0.00) | velocity=(-0.02, 0.10, 0.00) m/s | speed=0.10 m/s | net=0.17 m | straightness=0.54 | direction=0.00 | state=STATIONARY | detections=265
[INFO] [1790212517.789708593] [sage_semantic_world_model]: Target 4 updated | association_distance=0.10 m | raw=(5.19, -5.61, 0.00) | smoothed=(5.17, -5.68, 0.00) | velocity=(-0.02, 0.39, 0.00) m/s | speed=0.39 m/s | net=0.22 m | straightness=0.69 | direction=0.00 | state=STATIONARY | detections=266
[INFO] [1790212517.868304522] [sage_semantic_world_model]: Target 4 updated | association_distance=0.07 m | raw=(5.19, -5.61, 0.00) | smoothed=(5.17, -5.67, 0.00) | velocity=(0.06, 0.29, 0.00) m/s | speed=0.29 m/s | net=0.26 m | straightness=0.80 | direction=0.00 | state=STATIONARY | detections=267
[INFO] [1790212517.968597058] [sage_semantic_world_model]: Target 4 updated | association_distance=0.05 m | raw=(5.19, -5.61, 0.00) | smoothed=(5.18, -5.65, 0.00) | velocity=(0.04, 0.22, 0.00) m/s | speed=0.22 m/s | net=0.27 m | straightness=0.81 | direction=0.00 | state=STATIONARY | detections=268
[INFO] [1790212518.071890055] [sage_semantic_world_model]: Target 4 updated | association_distance=0.04 m | raw=(5.19, -5.61, 0.00) | smoothed=(5.18, -5.64, 0.00) | velocity=(0.03, 0.16, 0.00) m/s | speed=0.16 m/s | net=0.27 m | straightness=0.81 | direction=0.00 | state=STATIONARY | detections=269
[INFO] [1790212518.164718425] [sage_semantic_world_model]: Target 4 updated | association_distance=0.03 m | raw=(5.19, -5.61, 0.00) | smoothed=(5.18, -5.64, 0.00) | velocity=(0.02, 0.12, 0.00) m/s | speed=0.12 m/s | net=0.29 m | straightness=0.95 | direction=0.00 | state=STATIONARY | detections=270
[INFO] [1790212519.364882609] [sage_semantic_world_model]: Target 4 updated | association_distance=0.65 m | raw=(5.51, -5.08, 0.00) | smoothed=(5.26, -5.50, 0.00) | velocity=(0.06, 0.11, 0.00) m/s | speed=0.13 m/s | net=0.36 m | straightness=0.94 | direction=0.00 | state=STATIONARY | detections=271
[INFO] [1790212519.461652878] [sage_semantic_world_model]: Target 4 updated | association_distance=0.49 m | raw=(5.51, -5.08, 0.00) | smoothed=(5.33, -5.39, 0.00) | velocity=(0.10, 0.18, 0.00) m/s | speed=0.20 m/s | net=0.43 m | straightness=0.99 | direction=0.00 | state=STATIONARY | detections=272
[INFO] [1790212519.569869996] [sage_semantic_world_model]: Target 4 updated | association_distance=0.79 m | raw=(5.86, -4.80, 0.00) | smoothed=(5.46, -5.24, 0.00) | velocity=(0.19, 0.27, 0.00) m/s | speed=0.33 m/s | net=0.58 m | straightness=0.98 | direction=1.00 | state=STATIONARY | detections=273
[INFO] [1790212519.666854711] [sage_semantic_world_model]: Target 4 updated | association_distance=0.59 m | raw=(5.86, -4.80, 0.00) | smoothed=(5.56, -5.13, 0.00) | velocity=(0.25, 0.33, 0.00) m/s | speed=0.42 m/s | net=0.69 m | straightness=0.99 | direction=1.00 | state=STATIONARY | detections=274
[INFO] [1790212519.765442801] [sage_semantic_world_model]: Target 4 confirmed MOVING | net=0.78 m | avg_speed=0.39 m/s | straightness=0.99 | direction=1.00
[INFO] [1790212519.769681624] [sage_semantic_world_model]: Target 4 updated | association_distance=0.44 m | raw=(5.86, -4.80, 0.00) | smoothed=(5.63, -5.05, 0.00) | velocity=(0.91, 1.10, 0.00) m/s | speed=1.43 m/s | net=0.78 m | straightness=0.99 | direction=1.00 | state=MOVING | detections=275
[INFO] [1790212528.370143114] [sage_semantic_world_model]: Target 4 updated | association_distance=0.63 m | raw=(6.20, -5.33, 0.00) | smoothed=(5.77, -5.12, 0.00) | velocity=(0.05, 0.03, 0.00) m/s | speed=0.06 m/s | net=0.81 m | straightness=0.87 | direction=0.89 | state=MOVING | detections=276
[INFO] [1790212528.470739647] [sage_semantic_world_model]: Target 4 updated | association_distance=0.47 m | raw=(6.20, -5.33, 0.00) | smoothed=(5.88, -5.17, 0.00) | velocity=(0.05, 0.01, 0.00) m/s | speed=0.05 m/s | net=0.85 m | straightness=0.82 | direction=0.78 | state=MOVING | detections=277
[INFO] [1790212528.566958229] [sage_semantic_world_model]: Target 4 updated | association_distance=0.35 m | raw=(6.20, -5.33, 0.00) | smoothed=(5.96, -5.21, 0.00) | velocity=(0.05, -0.01, 0.00) m/s | speed=0.05 m/s | net=0.89 m | straightness=0.80 | direction=1.00 | state=MOVING | detections=278
[INFO] [1790212530.575853970] [sage_semantic_world_model]: Target 4 updated | association_distance=0.79 m | raw=(5.38, -5.75, 0.00) | smoothed=(5.82, -5.35, 0.00) | velocity=(0.02, -0.03, 0.00) m/s | speed=0.03 m/s | net=0.70 m | straightness=0.54 | direction=0.89 | state=MOVING | detections=279
[INFO] [1790212530.673470249] [sage_semantic_world_model]: Target 4 updated | association_distance=0.59 m | raw=(5.38, -5.75, 0.00) | smoothed=(5.71, -5.45, 0.00) | velocity=(-0.03, -0.14, 0.00) m/s | speed=0.14 m/s | net=0.45 m | straightness=0.35 | direction=0.00 | state=MOVING | detections=280
[INFO] [1790212530.774686972] [sage_semantic_world_model]: Target 4 updated | association_distance=0.44 m | raw=(5.38, -5.75, 0.00) | smoothed=(5.63, -5.52, 0.00) | velocity=(-0.11, -0.15, 0.00) m/s | speed=0.19 m/s | net=0.33 m | straightness=0.26 | direction=0.00 | state=MOVING | detections=281
[INFO] [1790212530.879042180] [sage_semantic_world_model]: Target 4 updated | association_distance=0.38 m | raw=(5.34, -5.77, 0.00) | smoothed=(5.56, -5.58, 0.00) | velocity=(-0.18, -0.16, 0.00) m/s | speed=0.24 m/s | net=0.35 m | straightness=0.30 | direction=0.00 | state=MOVING | detections=282
[INFO] [1790212530.966644284] [sage_semantic_world_model]: Target 4 updated | association_distance=0.28 m | raw=(5.34, -5.77, 0.00) | smoothed=(5.50, -5.63, 0.00) | velocity=(-0.78, -0.71, 0.00) m/s | speed=1.06 m/s | net=0.50 m | straightness=0.45 | direction=0.00 | state=MOVING | detections=283
[INFO] [1790212531.066150198] [sage_semantic_world_model]: Target 4 updated | association_distance=0.07 m | raw=(5.44, -5.65, 0.00) | smoothed=(5.49, -5.63, 0.00) | velocity=(-0.56, -0.47, 0.00) m/s | speed=0.73 m/s | net=0.60 m | straightness=0.60 | direction=0.56 | state=MOVING | detections=284
[INFO] [1790212531.170781647] [sage_semantic_world_model]: Target 4 updated | association_distance=0.05 m | raw=(5.44, -5.65, 0.00) | smoothed=(5.47, -5.64, 0.00) | velocity=(-0.38, -0.29, 0.00) m/s | speed=0.48 m/s | net=0.60 m | straightness=0.70 | direction=0.78 | state=MOVING | detections=285
[INFO] [1790212531.269013317] [sage_semantic_world_model]: Target 4 updated | association_distance=0.04 m | raw=(5.44, -5.65, 0.00) | smoothed=(5.46, -5.64, 0.00) | velocity=(-0.23, -0.14, 0.00) m/s | speed=0.27 m/s | net=0.62 m | straightness=0.84 | direction=0.89 | state=MOVING | detections=286
[INFO] [1790212531.365146956] [sage_semantic_world_model]: Target 4 updated | association_distance=0.03 m | raw=(5.44, -5.65, 0.00) | smoothed=(5.46, -5.64, 0.00) | velocity=(-0.11, -0.03, 0.00) m/s | speed=0.12 m/s | net=0.66 m | straightness=0.99 | direction=1.00 | state=MOVING | detections=287
[INFO] [1790212531.464824930] [sage_semantic_world_model]: Target 4 updated | association_distance=0.05 m | raw=(5.41, -5.64, 0.00) | smoothed=(5.45, -5.64, 0.00) | velocity=(-0.10, -0.02, 0.00) m/s | speed=0.10 m/s | net=0.47 m | straightness=0.99 | direction=0.00 | state=MOVING | detections=288
[INFO] [1790212531.570828893] [sage_semantic_world_model]: Target 4 updated | association_distance=0.04 m | raw=(5.41, -5.64, 0.00) | smoothed=(5.44, -5.64, 0.00) | velocity=(-0.09, -0.01, 0.00) m/s | speed=0.09 m/s | net=0.33 m | straightness=0.98 | direction=0.00 | state=MOVING | detections=289
[INFO] [1790212531.670450916] [sage_semantic_world_model]: Target 4 updated | association_distance=0.03 m | raw=(5.41, -5.64, 0.00) | smoothed=(5.43, -5.64, 0.00) | velocity=(-0.08, -0.01, 0.00) m/s | speed=0.09 m/s | net=0.23 m | straightness=0.97 | direction=0.00 | state=MOVING | detections=290
[INFO] [1790212531.772241838] [sage_semantic_world_model]: Target 4 updated | association_distance=0.02 m | raw=(5.41, -5.64, 0.00) | smoothed=(5.43, -5.64, 0.00) | velocity=(-0.08, -0.01, 0.00) m/s | speed=0.08 m/s | net=0.14 m | straightness=0.96 | direction=0.00 | state=MOVING | detections=291
[INFO] [1790212531.867144263] [sage_semantic_world_model]: Target 4 updated | association_distance=0.01 m | raw=(5.41, -5.64, 0.00) | smoothed=(5.42, -5.64, 0.00) | velocity=(-0.06, -0.00, 0.00) m/s | speed=0.06 m/s | net=0.08 m | straightness=1.00 | direction=0.00 | state=MOVING | detections=292
[INFO] [1790212531.968546711] [sage_semantic_world_model]: Target 4 updated | association_distance=0.07 m | raw=(5.45, -5.58, 0.00) | smoothed=(5.43, -5.63, 0.00) | velocity=(-0.02, 0.03, 0.00) m/s | speed=0.04 m/s | net=0.06 m | straightness=0.70 | direction=0.00 | state=MOVING | detections=293
[INFO] [1790212532.064665236] [sage_semantic_world_model]: Target 4 confirmed STATIONARY | net=0.04 m | avg_speed=0.05 m/s
[INFO] [1790212532.072891344] [sage_semantic_world_model]: Target 4 updated | association_distance=0.05 m | raw=(5.45, -5.58, 0.00) | smoothed=(5.43, -5.62, 0.00) | velocity=(0.01, 0.06, 0.00) m/s | speed=0.06 m/s | net=0.04 m | straightness=0.54 | direction=0.00 | state=STATIONARY | detections=294
[INFO] [1790212532.167812611] [sage_semantic_world_model]: Target 4 updated | association_distance=0.04 m | raw=(5.45, -5.58, 0.00) | smoothed=(5.44, -5.61, 0.00) | velocity=(0.03, 0.08, 0.00) m/s | speed=0.09 m/s | net=0.04 m | straightness=0.49 | direction=0.00 | state=STATIONARY | detections=295
[INFO] [1790212532.264885027] [sage_semantic_world_model]: Target 4 updated | association_distance=0.03 m | raw=(5.45, -5.58, 0.00) | smoothed=(5.44, -5.60, 0.00) | velocity=(0.05, 0.10, 0.00) m/s | speed=0.11 m/s | net=0.04 m | straightness=0.51 | direction=0.00 | state=STATIONARY | detections=296
[INFO] [1790212532.367267450] [sage_semantic_world_model]: Target 4 updated | association_distance=0.13 m | raw=(5.32, -5.63, 0.00) | smoothed=(5.41, -5.61, 0.00) | velocity=(-0.05, 0.05, 0.00) m/s | speed=0.06 m/s | net=0.05 m | straightness=0.47 | direction=0.00 | state=STATIONARY | detections=297
[INFO] [1790212532.481023139] [sage_semantic_world_model]: Target 4 updated | association_distance=0.09 m | raw=(5.32, -5.63, 0.00) | smoothed=(5.39, -5.62, 0.00) | velocity=(-0.12, 0.00, 0.00) m/s | speed=0.12 m/s | net=0.06 m | straightness=0.49 | direction=0.00 | state=STATIONARY | detections=298
[INFO] [1790212532.581094760] [sage_semantic_world_model]: Target 4 updated | association_distance=0.14 m | raw=(5.25, -5.67, 0.00) | smoothed=(5.35, -5.63, 0.00) | velocity=(-0.21, -0.05, 0.00) m/s | speed=0.21 m/s | net=0.08 m | straightness=0.54 | direction=0.00 | state=STATIONARY | detections=299
[INFO] [1790212532.678271475] [sage_semantic_world_model]: Target 4 updated | association_distance=0.11 m | raw=(5.25, -5.67, 0.00) | smoothed=(5.33, -5.64, 0.00) | velocity=(-0.28, -0.09, 0.00) m/s | speed=0.29 m/s | net=0.10 m | straightness=0.58 | direction=0.00 | state=STATIONARY | detections=300
[INFO] [1790212532.772391672] [sage_semantic_world_model]: Target 4 updated | association_distance=0.08 m | raw=(5.25, -5.67, 0.00) | smoothed=(5.31, -5.65, 0.00) | velocity=(-0.25, -0.09, 0.00) m/s | speed=0.27 m/s | net=0.11 m | straightness=0.61 | direction=0.00 | state=STATIONARY | detections=301
[INFO] [1790212532.871052087] [sage_semantic_world_model]: Target 4 updated | association_distance=0.06 m | raw=(5.25, -5.67, 0.00) | smoothed=(5.30, -5.65, 0.00) | velocity=(-0.23, -0.09, 0.00) m/s | speed=0.25 m/s | net=0.14 m | straightness=0.74 | direction=0.00 | state=STATIONARY | detections=302
[INFO] [1790212532.971734939] [sage_semantic_world_model]: Target 4 updated | association_distance=0.01 m | raw=(5.31, -5.64, 0.00) | smoothed=(5.30, -5.65, 0.00) | velocity=(-0.14, -0.05, 0.00) m/s | speed=0.15 m/s | net=0.14 m | straightness=0.81 | direction=0.00 | state=STATIONARY | detections=303
[INFO] [1790212533.075215188] [sage_semantic_world_model]: Target 4 updated | association_distance=0.01 m | raw=(5.31, -5.64, 0.00) | smoothed=(5.30, -5.65, 0.00) | velocity=(-0.07, -0.02, 0.00) m/s | speed=0.08 m/s | net=0.14 m | straightness=0.86 | direction=0.00 | state=STATIONARY | detections=304
[INFO] [1790212533.170886699] [sage_semantic_world_model]: Target 4 updated | association_distance=0.01 m | raw=(5.31, -5.64, 0.00) | smoothed=(5.30, -5.65, 0.00) | velocity=(-0.02, -0.00, 0.00) m/s | speed=0.02 m/s | net=0.15 m | straightness=0.91 | direction=0.00 | state=STATIONARY | detections=305
[INFO] [1790212533.266733557] [sage_semantic_world_model]: Target 4 updated | association_distance=0.04 m | raw=(5.34, -5.63, 0.00) | smoothed=(5.31, -5.64, 0.00) | velocity=(0.04, 0.02, 0.00) m/s | speed=0.05 m/s | net=0.10 m | straightness=0.74 | direction=0.00 | state=STATIONARY | detections=306
[INFO] [1790212533.371714028] [sage_semantic_world_model]: Target 4 updated | association_distance=0.03 m | raw=(5.34, -5.63, 0.00) | smoothed=(5.32, -5.64, 0.00) | velocity=(0.05, 0.03, 0.00) m/s | speed=0.06 m/s | net=0.07 m | straightness=0.58 | direction=0.00 | state=STATIONARY | detections=307
[INFO] [1790212533.466738777] [sage_semantic_world_model]: Target 4 updated | association_distance=0.02 m | raw=(5.34, -5.63, 0.00) | smoothed=(5.32, -5.64, 0.00) | velocity=(0.06, 0.03, 0.00) m/s | speed=0.07 m/s | net=0.03 m | straightness=0.32 | direction=0.00 | state=STATIONARY | detections=308
[INFO] [1790212533.565904541] [sage_semantic_world_model]: Target 4 updated | association_distance=0.09 m | raw=(5.30, -5.72, 0.00) | smoothed=(5.32, -5.66, 0.00) | velocity=(0.04, -0.03, 0.00) m/s | speed=0.05 m/s | net=0.02 m | straightness=0.24 | direction=0.00 | state=STATIONARY | detections=309
[INFO] [1790212533.677497992] [sage_semantic_world_model]: Target 4 updated | association_distance=0.07 m | raw=(5.30, -5.72, 0.00) | smoothed=(5.31, -5.67, 0.00) | velocity=(0.00, -0.07, 0.00) m/s | speed=0.07 m/s | net=0.03 m | straightness=0.31 | direction=0.00 | state=STATIONARY | detections=310
[INFO] [1790212533.767806950] [sage_semantic_world_model]: Target 4 updated | association_distance=0.06 m | raw=(5.26, -5.66, 0.00) | smoothed=(5.30, -5.67, 0.00) | velocity=(-0.05, -0.08, 0.00) m/s | speed=0.09 m/s | net=0.02 m | straightness=0.22 | direction=0.00 | state=STATIONARY | detections=311
[INFO] [1790212533.868908314] [sage_semantic_world_model]: Target 4 updated | association_distance=0.04 m | raw=(5.26, -5.66, 0.00) | smoothed=(5.29, -5.67, 0.00) | velocity=(-0.09, -0.08, 0.00) m/s | speed=0.12 m/s | net=0.02 m | straightness=0.21 | direction=0.00 | state=STATIONARY | detections=312
[INFO] [1790212533.972765227] [sage_semantic_world_model]: Target 4 updated | association_distance=0.07 m | raw=(5.22, -5.68, 0.00) | smoothed=(5.27, -5.67, 0.00) | velocity=(-0.11, -0.03, 0.00) m/s | speed=0.12 m/s | net=0.03 m | straightness=0.33 | direction=0.00 | state=STATIONARY | detections=313
[INFO] [1790212534.069198813] [sage_semantic_world_model]: Target 4 updated | association_distance=0.05 m | raw=(5.22, -5.68, 0.00) | smoothed=(5.26, -5.67, 0.00) | velocity=(-0.13, 0.00, 0.00) m/s | speed=0.13 m/s | net=0.05 m | straightness=0.41 | direction=0.00 | state=STATIONARY | detections=314
[INFO] [1790212534.164724475] [sage_semantic_world_model]: Target 4 updated | association_distance=0.04 m | raw=(5.22, -5.68, 0.00) | smoothed=(5.25, -5.67, 0.00) | velocity=(-0.12, -0.01, 0.00) m/s | speed=0.12 m/s | net=0.07 m | straightness=0.59 | direction=0.00 | state=STATIONARY | detections=315
[INFO] [1790212534.269822788] [sage_semantic_world_model]: Target 4 updated | association_distance=0.03 m | raw=(5.22, -5.68, 0.00) | smoothed=(5.24, -5.67, 0.00) | velocity=(-0.11, -0.02, 0.00) m/s | speed=0.11 m/s | net=0.08 m | straightness=0.72 | direction=0.00 | state=STATIONARY | detections=316
[INFO] [1790212534.371791799] [sage_semantic_world_model]: Target 4 updated | association_distance=0.06 m | raw=(5.30, -5.65, 0.00) | smoothed=(5.26, -5.67, 0.00) | velocity=(-0.04, 0.00, 0.00) m/s | speed=0.04 m/s | net=0.07 m | straightness=0.60 | direction=0.00 | state=STATIONARY | detections=317
[INFO] [1790212534.475274608] [sage_semantic_world_model]: Target 4 updated | association_distance=0.04 m | raw=(5.30, -5.65, 0.00) | smoothed=(5.27, -5.66, 0.00) | velocity=(0.02, 0.02, 0.00) m/s | speed=0.03 m/s | net=0.05 m | straightness=0.45 | direction=0.00 | state=STATIONARY | detections=318
[INFO] [1790212534.568384883] [sage_semantic_world_model]: Target 4 updated | association_distance=0.03 m | raw=(5.30, -5.65, 0.00) | smoothed=(5.28, -5.66, 0.00) | velocity=(0.06, 0.03, 0.00) m/s | speed=0.07 m/s | net=0.04 m | straightness=0.38 | direction=0.00 | state=STATIONARY | detections=319
[INFO] [1790212534.668681940] [sage_semantic_world_model]: Target 4 updated | association_distance=0.03 m | raw=(5.30, -5.65, 0.00) | smoothed=(5.28, -5.66, 0.00) | velocity=(0.09, 0.04, 0.00) m/s | speed=0.10 m/s | net=0.02 m | straightness=0.22 | direction=0.00 | state=STATIONARY | detections=320
[INFO] [1790212534.765930893] [sage_semantic_world_model]: Target 4 updated | association_distance=0.02 m | raw=(5.30, -5.65, 0.00) | smoothed=(5.29, -5.66, 0.00) | velocity=(0.07, 0.03, 0.00) m/s | speed=0.08 m/s | net=0.01 m | straightness=0.14 | direction=0.00 | state=STATIONARY | detections=321
[INFO] [1790212534.879461116] [sage_semantic_world_model]: Target 4 updated | association_distance=0.01 m | raw=(5.30, -5.65, 0.00) | smoothed=(5.29, -5.65, 0.00) | velocity=(0.05, 0.02, 0.00) m/s | speed=0.06 m/s | net=0.02 m | straightness=0.29 | direction=0.00 | state=STATIONARY | detections=322
[INFO] [1790212534.976010509] [sage_semantic_world_model]: Target 4 updated | association_distance=0.01 m | raw=(5.30, -5.65, 0.00) | smoothed=(5.29, -5.65, 0.00) | velocity=(0.04, 0.02, 0.00) m/s | speed=0.04 m/s | net=0.04 m | straightness=0.54 | direction=0.00 | state=STATIONARY | detections=323
[INFO] [1790212535.073628974] [sage_semantic_world_model]: Target 4 updated | association_distance=0.03 m | raw=(5.31, -5.63, 0.00) | smoothed=(5.30, -5.65, 0.00) | velocity=(0.04, 0.03, 0.00) m/s | speed=0.04 m/s | net=0.05 m | straightness=0.78 | direction=0.00 | state=STATIONARY | detections=324
[INFO] [1790212535.173460301] [sage_semantic_world_model]: Target 4 updated | association_distance=0.02 m | raw=(5.31, -5.63, 0.00) | smoothed=(5.30, -5.64, 0.00) | velocity=(0.03, 0.03, 0.00) m/s | speed=0.05 m/s | net=0.06 m | straightness=0.98 | direction=0.00 | state=STATIONARY | detections=325
[INFO] [1790212535.264508286] [sage_semantic_world_model]: Target 4 updated | association_distance=0.02 m | raw=(5.31, -5.63, 0.00) | smoothed=(5.30, -5.64, 0.00) | velocity=(0.03, 0.04, 0.00) m/s | speed=0.05 m/s | net=0.05 m | straightness=0.97 | direction=0.00 | state=STATIONARY | detections=326
[INFO] [1790212535.371199201] [sage_semantic_world_model]: Target 4 updated | association_distance=0.09 m | raw=(5.26, -5.71, 0.00) | smoothed=(5.29, -5.66, 0.00) | velocity=(0.00, -0.01, 0.00) m/s | speed=0.01 m/s | net=0.02 m | straightness=0.38 | direction=0.00 | state=STATIONARY | detections=327
[INFO] [1790212535.467480538] [sage_semantic_world_model]: Target 4 updated | association_distance=0.06 m | raw=(5.26, -5.71, 0.00) | smoothed=(5.28, -5.67, 0.00) | velocity=(-0.03, -0.06, 0.00) m/s | speed=0.07 m/s | net=0.01 m | straightness=0.20 | direction=0.00 | state=STATIONARY | detections=328
[INFO] [1790212535.575852685] [sage_semantic_world_model]: Target 4 updated | association_distance=0.05 m | raw=(5.26, -5.71, 0.00) | smoothed=(5.28, -5.68, 0.00) | velocity=(-0.05, -0.10, 0.00) m/s | speed=0.11 m/s | net=0.03 m | straightness=0.33 | direction=0.00 | state=STATIONARY | detections=329
[INFO] [1790212535.677854088] [sage_semantic_world_model]: Target 4 updated | association_distance=0.04 m | raw=(5.26, -5.71, 0.00) | smoothed=(5.27, -5.69, 0.00) | velocity=(-0.07, -0.13, 0.00) m/s | speed=0.14 m/s | net=0.04 m | straightness=0.45 | direction=0.00 | state=STATIONARY | detections=330
[INFO] [1790212535.775639024] [sage_semantic_world_model]: Target 4 updated | association_distance=0.03 m | raw=(5.26, -5.71, 0.00) | smoothed=(5.27, -5.70, 0.00) | velocity=(-0.05, -0.10, 0.00) m/s | speed=0.11 m/s | net=0.05 m | straightness=0.54 | direction=0.00 | state=STATIONARY | detections=331
[INFO] [1790212535.868948802] [sage_semantic_world_model]: Target 4 updated | association_distance=0.01 m | raw=(5.27, -5.71, 0.00) | smoothed=(5.27, -5.70, 0.00) | velocity=(-0.03, -0.07, 0.00) m/s | speed=0.08 m/s | net=0.05 m | straightness=0.60 | direction=0.00 | state=STATIONARY | detections=332
[INFO] [1790212535.963414313] [sage_semantic_world_model]: Target 4 updated | association_distance=0.01 m | raw=(5.27, -5.71, 0.00) | smoothed=(5.27, -5.70, 0.00) | velocity=(-0.02, -0.05, 0.00) m/s | speed=0.05 m/s | net=0.06 m | straightness=0.76 | direction=0.00 | state=STATIONARY | detections=333
[INFO] [1790212536.069214584] [sage_semantic_world_model]: Target 4 updated | association_distance=0.01 m | raw=(5.27, -5.71, 0.00) | smoothed=(5.27, -5.70, 0.00) | velocity=(-0.01, -0.03, 0.00) m/s | speed=0.03 m/s | net=0.07 m | straightness=0.89 | direction=0.00 | state=STATIONARY | detections=334
[INFO] [1790212536.169550364] [sage_semantic_world_model]: Target 4 updated | association_distance=0.04 m | raw=(5.26, -5.75, 0.00) | smoothed=(5.27, -5.71, 0.00) | velocity=(-0.01, -0.04, 0.00) m/s | speed=0.04 m/s | net=0.08 m | straightness=0.99 | direction=0.00 | state=STATIONARY | detections=335
[INFO] [1790212536.263471358] [sage_semantic_world_model]: Target 4 updated | association_distance=0.03 m | raw=(5.26, -5.75, 0.00) | smoothed=(5.27, -5.72, 0.00) | velocity=(-0.01, -0.06, 0.00) m/s | speed=0.06 m/s | net=0.07 m | straightness=0.99 | direction=0.00 | state=STATIONARY | detections=336
[INFO] [1790212536.376122278] [sage_semantic_world_model]: Target 4 updated | association_distance=0.03 m | raw=(5.26, -5.75, 0.00) | smoothed=(5.26, -5.73, 0.00) | velocity=(-0.01, -0.07, 0.00) m/s | speed=0.07 m/s | net=0.06 m | straightness=0.99 | direction=0.00 | state=STATIONARY | detections=337
[INFO] [1790212536.471627703] [sage_semantic_world_model]: Target 4 updated | association_distance=0.02 m | raw=(5.26, -5.75, 0.00) | smoothed=(5.26, -5.73, 0.00) | velocity=(-0.02, -0.08, 0.00) m/s | speed=0.08 m/s | net=0.05 m | straightness=0.99 | direction=0.00 | state=STATIONARY | detections=338
[INFO] [1790212536.573808350] [sage_semantic_world_model]: Target 4 updated | association_distance=0.06 m | raw=(5.21, -5.74, 0.00) | smoothed=(5.25, -5.73, 0.00) | velocity=(-0.05, -0.05, 0.00) m/s | speed=0.07 m/s | net=0.05 m | straightness=0.88 | direction=0.00 | state=STATIONARY | detections=339
[INFO] [1790212536.665538707] [sage_semantic_world_model]: Target 4 updated | association_distance=0.04 m | raw=(5.21, -5.74, 0.00) | smoothed=(5.24, -5.74, 0.00) | velocity=(-0.07, -0.04, 0.00) m/s | speed=0.08 m/s | net=0.05 m | straightness=0.83 | direction=0.00 | state=STATIONARY | detections=340
[INFO] [1790212536.765166411] [sage_semantic_world_model]: Target 4 updated | association_distance=0.03 m | raw=(5.21, -5.74, 0.00) | smoothed=(5.23, -5.74, 0.00) | velocity=(-0.09, -0.02, 0.00) m/s | speed=0.09 m/s | net=0.06 m | straightness=0.82 | direction=0.00 | state=STATIONARY | detections=341
[INFO] [1790212536.865594016] [sage_semantic_world_model]: Target 4 updated | association_distance=0.02 m | raw=(5.21, -5.74, 0.00) | smoothed=(5.22, -5.74, 0.00) | velocity=(-0.10, -0.02, 0.00) m/s | speed=0.10 m/s | net=0.06 m | straightness=0.82 | direction=0.00 | state=STATIONARY | detections=342
[INFO] [1790212536.970871940] [sage_semantic_world_model]: Target 4 updated | association_distance=0.02 m | raw=(5.21, -5.74, 0.00) | smoothed=(5.22, -5.74, 0.00) | velocity=(-0.07, -0.01, 0.00) m/s | speed=0.07 m/s | net=0.06 m | straightness=0.83 | direction=0.00 | state=STATIONARY | detections=343
[INFO] [1790212537.069212226] [sage_semantic_world_model]: Target 4 updated | association_distance=0.01 m | raw=(5.21, -5.74, 0.00) | smoothed=(5.22, -5.74, 0.00) | velocity=(-0.06, -0.01, 0.00) m/s | speed=0.06 m/s | net=0.06 m | straightness=0.86 | direction=0.00 | state=STATIONARY | detections=344
[INFO] [1790212537.174725964] [sage_semantic_world_model]: Target 4 updated | association_distance=0.01 m | raw=(5.21, -5.74, 0.00) | smoothed=(5.21, -5.74, 0.00) | velocity=(-0.04, -0.01, 0.00) m/s | speed=0.04 m/s | net=0.06 m | straightness=0.90 | direction=0.00 | state=STATIONARY | detections=345
[INFO] [1790212537.263793629] [sage_semantic_world_model]: Target 4 updated | association_distance=0.02 m | raw=(5.20, -5.76, 0.00) | smoothed=(5.21, -5.74, 0.00) | velocity=(-0.04, -0.01, 0.00) m/s | speed=0.04 m/s | net=0.06 m | straightness=0.94 | direction=0.00 | state=STATIONARY | detections=346
[INFO] [1790212537.373043050] [sage_semantic_world_model]: Target 4 updated | association_distance=0.02 m | raw=(5.20, -5.76, 0.00) | smoothed=(5.21, -5.75, 0.00) | velocity=(-0.03, -0.02, 0.00) m/s | speed=0.04 m/s | net=0.06 m | straightness=0.97 | direction=0.00 | state=STATIONARY | detections=347
[INFO] [1790212537.477946074] [sage_semantic_world_model]: Target 4 updated | association_distance=0.02 m | raw=(5.19, -5.75, 0.00) | smoothed=(5.20, -5.75, 0.00) | velocity=(-0.03, -0.02, 0.00) m/s | speed=0.04 m/s | net=0.05 m | straightness=0.96 | direction=0.00 | state=STATIONARY | detections=348
[INFO] [1790212537.570088309] [sage_semantic_world_model]: Target 4 updated | association_distance=0.01 m | raw=(5.19, -5.75, 0.00) | smoothed=(5.20, -5.75, 0.00) | velocity=(-0.04, -0.02, 0.00) m/s | speed=0.04 m/s | net=0.04 m | straightness=0.96 | direction=0.00 | state=STATIONARY | detections=349
[INFO] [1790212537.677438271] [sage_semantic_world_model]: Target 4 updated | association_distance=0.01 m | raw=(5.19, -5.75, 0.00) | smoothed=(5.20, -5.75, 0.00) | velocity=(-0.03, -0.02, 0.00) m/s | speed=0.03 m/s | net=0.04 m | straightness=0.96 | direction=0.00 | state=STATIONARY | detections=350
[INFO] [1790212537.768665996] [sage_semantic_world_model]: Target 4 updated | association_distance=0.05 m | raw=(5.23, -5.71, 0.00) | smoothed=(5.21, -5.74, 0.00) | velocity=(-0.01, 0.02, 0.00) m/s | speed=0.02 m/s | net=0.02 m | straightness=0.44 | direction=0.00 | state=STATIONARY | detections=351
[INFO] [1790212537.871618692] [sage_semantic_world_model]: Target 4 updated | association_distance=0.04 m | raw=(5.23, -5.71, 0.00) | smoothed=(5.21, -5.73, 0.00) | velocity=(0.02, 0.04, 0.00) m/s | speed=0.05 m/s | net=0.01 m | straightness=0.22 | direction=0.00 | state=STATIONARY | detections=352
[INFO] [1790212537.970702671] [sage_semantic_world_model]: Target 4 updated | association_distance=0.03 m | raw=(5.23, -5.71, 0.00) | smoothed=(5.22, -5.73, 0.00) | velocity=(0.04, 0.06, 0.00) m/s | speed=0.07 m/s | net=0.01 m | straightness=0.24 | direction=0.00 | state=STATIONARY | detections=353
[INFO] [1790212538.066025033] [sage_semantic_world_model]: Target 4 updated | association_distance=0.02 m | raw=(5.23, -5.71, 0.00) | smoothed=(5.22, -5.72, 0.00) | velocity=(0.05, 0.07, 0.00) m/s | speed=0.09 m/s | net=0.02 m | straightness=0.33 | direction=0.00 | state=STATIONARY | detections=354
[INFO] [1790212538.174445739] [sage_semantic_world_model]: Target 4 updated | association_distance=0.02 m | raw=(5.23, -5.71, 0.00) | smoothed=(5.22, -5.72, 0.00) | velocity=(0.04, 0.05, 0.00) m/s | speed=0.07 m/s | net=0.03 m | straightness=0.51 | direction=0.00 | state=STATIONARY | detections=355
[INFO] [1790212538.279304838] [sage_semantic_world_model]: Target 4 updated | association_distance=0.01 m | raw=(5.21, -5.73, 0.00) | smoothed=(5.22, -5.72, 0.00) | velocity=(0.02, 0.03, 0.00) m/s | speed=0.03 m/s | net=0.03 m | straightness=0.54 | direction=0.00 | state=STATIONARY | detections=356
[INFO] [1790212538.373343089] [sage_semantic_world_model]: Target 4 updated | association_distance=0.01 m | raw=(5.21, -5.73, 0.00) | smoothed=(5.22, -5.72, 0.00) | velocity=(0.00, 0.01, 0.00) m/s | speed=0.01 m/s | net=0.03 m | straightness=0.58 | direction=0.00 | state=STATIONARY | detections=357
[INFO] [1790212538.471665010] [sage_semantic_world_model]: Target 4 updated | association_distance=0.01 m | raw=(5.21, -5.73, 0.00) | smoothed=(5.22, -5.72, 0.00) | velocity=(-0.01, -0.00, 0.00) m/s | speed=0.01 m/s | net=0.03 m | straightness=0.62 | direction=0.00 | state=STATIONARY | detections=358
[INFO] [1790212538.580522944] [sage_semantic_world_model]: Target 4 updated | association_distance=0.06 m | raw=(5.24, -5.67, 0.00) | smoothed=(5.22, -5.71, 0.00) | velocity=(0.00, 0.02, 0.00) m/s | speed=0.02 m/s | net=0.05 m | straightness=0.76 | direction=0.00 | state=STATIONARY | detections=359
[INFO] [1790212538.674443229] [sage_semantic_world_model]: Target 4 updated | association_distance=0.04 m | raw=(5.24, -5.67, 0.00) | smoothed=(5.23, -5.70, 0.00) | velocity=(0.02, 0.05, 0.00) m/s | speed=0.05 m/s | net=0.05 m | straightness=0.76 | direction=0.00 | state=STATIONARY | detections=360
[INFO] [1790212538.773466172] [sage_semantic_world_model]: Target 4 updated | association_distance=0.03 m | raw=(5.24, -5.67, 0.00) | smoothed=(5.23, -5.69, 0.00) | velocity=(0.04, 0.07, 0.00) m/s | speed=0.08 m/s | net=0.04 m | straightness=0.75 | direction=0.00 | state=STATIONARY | detections=361
[INFO] [1790212538.862902308] [sage_semantic_world_model]: Target 4 updated | association_distance=0.03 m | raw=(5.24, -5.67, 0.00) | smoothed=(5.23, -5.69, 0.00) | velocity=(0.05, 0.09, 0.00) m/s | speed=0.10 m/s | net=0.04 m | straightness=0.75 | direction=0.00 | state=STATIONARY | detections=362
[INFO] [1790212538.971606355] [sage_semantic_world_model]: Target 4 updated | association_distance=0.03 m | raw=(5.24, -5.66, 0.00) | smoothed=(5.24, -5.68, 0.00) | velocity=(0.04, 0.07, 0.00) m/s | speed=0.08 m/s | net=0.04 m | straightness=0.76 | direction=0.00 | state=STATIONARY | detections=363
[INFO] [1790212539.067765753] [sage_semantic_world_model]: Target 4 updated | association_distance=0.02 m | raw=(5.24, -5.66, 0.00) | smoothed=(5.24, -5.68, 0.00) | velocity=(0.03, 0.06, 0.00) m/s | speed=0.07 m/s | net=0.05 m | straightness=0.76 | direction=0.00 | state=STATIONARY | detections=364
[INFO] [1790212539.169812441] [sage_semantic_world_model]: Target 4 updated | association_distance=0.01 m | raw=(5.24, -5.66, 0.00) | smoothed=(5.24, -5.67, 0.00) | velocity=(0.02, 0.05, 0.00) m/s | speed=0.05 m/s | net=0.05 m | straightness=0.87 | direction=0.00 | state=STATIONARY | detections=365
[INFO] [1790212539.278478413] [sage_semantic_world_model]: Target 4 updated | association_distance=0.01 m | raw=(5.24, -5.66, 0.00) | smoothed=(5.24, -5.67, 0.00) | velocity=(0.02, 0.04, 0.00) m/s | speed=0.04 m/s | net=0.06 m | straightness=0.94 | direction=0.00 | state=STATIONARY | detections=366
[INFO] [1790212539.372116020] [sage_semantic_world_model]: Target 4 updated | association_distance=0.01 m | raw=(5.24, -5.66, 0.00) | smoothed=(5.24, -5.67, 0.00) | velocity=(0.01, 0.03, 0.00) m/s | speed=0.03 m/s | net=0.06 m | straightness=1.00 | direction=0.00 | state=STATIONARY | detections=367
[INFO] [1790212539.474987231] [sage_semantic_world_model]: Target 4 updated | association_distance=0.01 m | raw=(5.24, -5.66, 0.00) | smoothed=(5.24, -5.67, 0.00) | velocity=(0.01, 0.03, 0.00) m/s | speed=0.03 m/s | net=0.05 m | straightness=1.00 | direction=0.00 | state=STATIONARY | detections=368
[INFO] [1790212539.564366079] [sage_semantic_world_model]: Target 4 updated | association_distance=0.01 m | raw=(5.24, -5.66, 0.00) | smoothed=(5.24, -5.67, 0.00) | velocity=(0.00, 0.02, 0.00) m/s | speed=0.02 m/s | net=0.04 m | straightness=0.99 | direction=0.00 | state=STATIONARY | detections=369
[INFO] [1790212539.667966982] [sage_semantic_world_model]: Target 4 updated | association_distance=0.00 m | raw=(5.24, -5.66, 0.00) | smoothed=(5.24, -5.66, 0.00) | velocity=(0.00, 0.02, 0.00) m/s | speed=0.02 m/s | net=0.03 m | straightness=0.99 | direction=0.00 | state=STATIONARY | detections=370
[INFO] [1790212539.765610004] [sage_semantic_world_model]: Target 4 updated | association_distance=0.00 m | raw=(5.24, -5.66, 0.00) | smoothed=(5.24, -5.66, 0.00) | velocity=(0.00, 0.01, 0.00) m/s | speed=0.01 m/s | net=0.03 m | straightness=0.99 | direction=0.00 | state=STATIONARY | detections=371
[INFO] [1790212539.863537077] [sage_semantic_world_model]: Target 4 updated | association_distance=0.00 m | raw=(5.24, -5.66, 0.00) | smoothed=(5.24, -5.66, 0.00) | velocity=(0.00, 0.01, 0.00) m/s | speed=0.01 m/s | net=0.02 m | straightness=0.99 | direction=0.00 | state=STATIONARY | detections=372
[INFO] [1790212539.966193798] [sage_semantic_world_model]: Target 4 updated | association_distance=0.05 m | raw=(5.21, -5.71, 0.00) | smoothed=(5.23, -5.67, 0.00) | velocity=(-0.02, -0.02, 0.00) m/s | speed=0.03 m/s | net=0.01 m | straightness=0.19 | direction=0.00 | state=STATIONARY | detections=373
[INFO] [1790212540.065616902] [sage_semantic_world_model]: Target 4 updated | association_distance=0.04 m | raw=(5.21, -5.71, 0.00) | smoothed=(5.23, -5.68, 0.00) | velocity=(-0.03, -0.04, 0.00) m/s | speed=0.06 m/s | net=0.01 m | straightness=0.43 | direction=0.00 | state=STATIONARY | detections=374
[INFO] [1790212540.173990549] [sage_semantic_world_model]: Target 4 updated | association_distance=0.03 m | raw=(5.21, -5.71, 0.00) | smoothed=(5.22, -5.69, 0.00) | velocity=(-0.04, -0.06, 0.00) m/s | speed=0.07 m/s | net=0.02 m | straightness=0.63 | direction=0.00 | state=STATIONARY | detections=375
[INFO] [1790212540.274880763] [sage_semantic_world_model]: Target 4 updated | association_distance=0.05 m | raw=(5.20, -5.74, 0.00) | smoothed=(5.22, -5.70, 0.00) | velocity=(-0.06, -0.09, 0.00) m/s | speed=0.11 m/s | net=0.04 m | straightness=0.79 | direction=0.00 | state=STATIONARY | detections=376
[INFO] [1790212540.376840972] [sage_semantic_world_model]: Target 4 updated | association_distance=0.04 m | raw=(5.20, -5.74, 0.00) | smoothed=(5.21, -5.71, 0.00) | velocity=(-0.05, -0.09, 0.00) m/s | speed=0.10 m/s | net=0.05 m | straightness=0.88 | direction=0.00 | state=STATIONARY | detections=377
[INFO] [1790212540.475966290] [sage_semantic_world_model]: Target 4 updated | association_distance=0.04 m | raw=(5.20, -5.75, 0.00) | smoothed=(5.21, -5.72, 0.00) | velocity=(-0.05, -0.09, 0.00) m/s | speed=0.10 m/s | net=0.06 m | straightness=0.93 | direction=0.00 | state=STATIONARY | detections=378
[INFO] [1790212540.571974366] [sage_semantic_world_model]: Target 4 updated | association_distance=0.03 m | raw=(5.20, -5.75, 0.00) | smoothed=(5.21, -5.73, 0.00) | velocity=(-0.04, -0.10, 0.00) m/s | speed=0.11 m/s | net=0.07 m | straightness=0.96 | direction=0.00 | state=STATIONARY | detections=379
[INFO] [1790212540.669342792] [sage_semantic_world_model]: Target 4 updated | association_distance=0.05 m | raw=(5.18, -5.77, 0.00) | smoothed=(5.20, -5.74, 0.00) | velocity=(-0.04, -0.09, 0.00) m/s | speed=0.10 m/s | net=0.08 m | straightness=0.98 | direction=0.00 | state=STATIONARY | detections=380
[INFO] [1790212540.770360270] [sage_semantic_world_model]: Target 4 updated | association_distance=0.03 m | raw=(5.18, -5.77, 0.00) | smoothed=(5.20, -5.74, 0.00) | velocity=(-0.04, -0.09, 0.00) m/s | speed=0.10 m/s | net=0.09 m | straightness=1.00 | direction=0.00 | state=STATIONARY | detections=381
[INFO] [1790212540.866585487] [sage_semantic_world_model]: Target 4 updated | association_distance=0.03 m | raw=(5.18, -5.77, 0.00) | smoothed=(5.19, -5.75, 0.00) | velocity=(-0.04, -0.08, 0.00) m/s | speed=0.09 m/s | net=0.09 m | straightness=1.00 | direction=0.00 | state=STATIONARY | detections=382
[INFO] [1790212540.981925991] [sage_semantic_world_model]: Target 4 updated | association_distance=0.02 m | raw=(5.18, -5.77, 0.00) | smoothed=(5.19, -5.75, 0.00) | velocity=(-0.04, -0.07, 0.00) m/s | speed=0.08 m/s | net=0.08 m | straightness=1.00 | direction=0.00 | state=STATIONARY | detections=383
[INFO] [1790212541.073762934] [sage_semantic_world_model]: Target 4 updated | association_distance=0.01 m | raw=(5.18, -5.77, 0.00) | smoothed=(5.19, -5.76, 0.00) | velocity=(-0.03, -0.05, 0.00) m/s | speed=0.06 m/s | net=0.08 m | straightness=1.00 | direction=0.00 | state=STATIONARY | detections=384
[INFO] [1790212541.171522630] [sage_semantic_world_model]: Target 4 updated | association_distance=0.05 m | raw=(5.18, -5.80, 0.00) | smoothed=(5.19, -5.77, 0.00) | velocity=(-0.03, -0.06, 0.00) m/s | speed=0.07 m/s | net=0.07 m | straightness=0.99 | direction=0.00 | state=STATIONARY | detections=385
[INFO] [1790212541.270679158] [sage_semantic_world_model]: Target 4 updated | association_distance=0.04 m | raw=(5.18, -5.80, 0.00) | smoothed=(5.18, -5.78, 0.00) | velocity=(-0.02, -0.07, 0.00) m/s | speed=0.07 m/s | net=0.07 m | straightness=0.99 | direction=0.00 | state=STATIONARY | detections=386
[INFO] [1790212541.374841459] [sage_semantic_world_model]: Target 4 updated | association_distance=0.05 m | raw=(5.18, -5.82, 0.00) | smoothed=(5.18, -5.79, 0.00) | velocity=(-0.02, -0.09, 0.00) m/s | speed=0.09 m/s | net=0.07 m | straightness=0.98 | direction=0.00 | state=STATIONARY | detections=387
[INFO] [1790212541.465706712] [sage_semantic_world_model]: Target 4 updated | association_distance=0.03 m | raw=(5.18, -5.82, 0.00) | smoothed=(5.18, -5.80, 0.00) | velocity=(-0.01, -0.10, 0.00) m/s | speed=0.10 m/s | net=0.07 m | straightness=0.97 | direction=0.00 | state=STATIONARY | detections=388
[INFO] [1790212541.571206195] [sage_semantic_world_model]: Target 4 updated | association_distance=0.03 m | raw=(5.18, -5.82, 0.00) | smoothed=(5.18, -5.80, 0.00) | velocity=(-0.01, -0.09, 0.00) m/s | speed=0.09 m/s | net=0.07 m | straightness=0.97 | direction=0.00 | state=STATIONARY | detections=389
[INFO] [1790212541.685217736] [sage_semantic_world_model]: Target 4 updated | association_distance=0.03 m | raw=(5.19, -5.84, 0.00) | smoothed=(5.18, -5.81, 0.00) | velocity=(0.00, -0.09, 0.00) m/s | speed=0.09 m/s | net=0.07 m | straightness=0.97 | direction=0.00 | state=STATIONARY | detections=390
[INFO] [1790212541.775256662] [sage_semantic_world_model]: Target 4 updated | association_distance=0.02 m | raw=(5.19, -5.84, 0.00) | smoothed=(5.19, -5.82, 0.00) | velocity=(0.00, -0.07, 0.00) m/s | speed=0.07 m/s | net=0.07 m | straightness=0.98 | direction=0.00 | state=STATIONARY | detections=391
[INFO] [1790212541.876866943] [sage_semantic_world_model]: Target 4 updated | association_distance=0.02 m | raw=(5.19, -5.84, 0.00) | smoothed=(5.19, -5.82, 0.00) | velocity=(0.01, -0.06, 0.00) m/s | speed=0.06 m/s | net=0.07 m | straightness=0.98 | direction=0.00 | state=STATIONARY | detections=392
[INFO] [1790212541.980778797] [sage_semantic_world_model]: Target 4 updated | association_distance=0.04 m | raw=(5.21, -5.85, 0.00) | smoothed=(5.19, -5.83, 0.00) | velocity=(0.03, -0.06, 0.00) m/s | speed=0.07 m/s | net=0.07 m | straightness=0.96 | direction=0.00 | state=STATIONARY | detections=393
[INFO] [1790212542.077422192] [sage_semantic_world_model]: Target 4 updated | association_distance=0.03 m | raw=(5.21, -5.85, 0.00) | smoothed=(5.20, -5.83, 0.00) | velocity=(0.04, -0.06, 0.00) m/s | speed=0.07 m/s | net=0.07 m | straightness=0.94 | direction=0.00 | state=STATIONARY | detections=394
[INFO] [1790212542.182388149] [sage_semantic_world_model]: Target 4 updated | association_distance=0.02 m | raw=(5.21, -5.85, 0.00) | smoothed=(5.20, -5.84, 0.00) | velocity=(0.04, -0.05, 0.00) m/s | speed=0.07 m/s | net=0.06 m | straightness=0.94 | direction=0.00 | state=STATIONARY | detections=395
[INFO] [1790212542.265503596] [sage_semantic_world_model]: Target 4 updated | association_distance=0.05 m | raw=(5.22, -5.88, 0.00) | smoothed=(5.21, -5.85, 0.00) | velocity=(0.05, -0.07, 0.00) m/s | speed=0.08 m/s | net=0.06 m | straightness=0.95 | direction=0.00 | state=STATIONARY | detections=396
[INFO] [1790212542.367566975] [sage_semantic_world_model]: Target 4 updated | association_distance=0.04 m | raw=(5.22, -5.88, 0.00) | smoothed=(5.21, -5.86, 0.00) | velocity=(0.04, -0.07, 0.00) m/s | speed=0.08 m/s | net=0.07 m | straightness=0.96 | direction=0.00 | state=STATIONARY | detections=397
[INFO] [1790212542.465570691] [sage_semantic_world_model]: Target 4 updated | association_distance=0.06 m | raw=(5.22, -5.91, 0.00) | smoothed=(5.21, -5.87, 0.00) | velocity=(0.03, -0.09, 0.00) m/s | speed=0.10 m/s | net=0.07 m | straightness=0.97 | direction=0.00 | state=STATIONARY | detections=398
[INFO] [1790212542.567363109] [sage_semantic_world_model]: Target 4 updated | association_distance=0.04 m | raw=(5.22, -5.91, 0.00) | smoothed=(5.21, -5.88, 0.00) | velocity=(0.03, -0.11, 0.00) m/s | speed=0.11 m/s | net=0.08 m | straightness=0.97 | direction=0.00 | state=STATIONARY | detections=399
[INFO] [1790212542.678324572] [sage_semantic_world_model]: Target 4 updated | association_distance=0.03 m | raw=(5.22, -5.91, 0.00) | smoothed=(5.21, -5.89, 0.00) | velocity=(0.02, -0.10, 0.00) m/s | speed=0.10 m/s | net=0.08 m | straightness=0.97 | direction=0.00 | state=STATIONARY | detections=400
[INFO] [1790212542.765678094] [sage_semantic_world_model]: Target 4 updated | association_distance=0.03 m | raw=(5.23, -5.91, 0.00) | smoothed=(5.22, -5.90, 0.00) | velocity=(0.02, -0.09, 0.00) m/s | speed=0.10 m/s | net=0.08 m | straightness=0.97 | direction=0.00 | state=STATIONARY | detections=401
[INFO] [1790212542.867502773] [sage_semantic_world_model]: Target 4 updated | association_distance=0.02 m | raw=(5.23, -5.91, 0.00) | smoothed=(5.22, -5.90, 0.00) | velocity=(0.02, -0.07, 0.00) m/s | speed=0.07 m/s | net=0.08 m | straightness=0.97 | direction=0.00 | state=STATIONARY | detections=402
[INFO] [1790212542.975005555] [sage_semantic_world_model]: Target 4 updated | association_distance=0.01 m | raw=(5.23, -5.91, 0.00) | smoothed=(5.22, -5.90, 0.00) | velocity=(0.02, -0.05, 0.00) m/s | speed=0.06 m/s | net=0.07 m | straightness=0.98 | direction=0.00 | state=STATIONARY | detections=403
[INFO] [1790212543.072996756] [sage_semantic_world_model]: Target 4 updated | association_distance=0.01 m | raw=(5.23, -5.91, 0.00) | smoothed=(5.22, -5.90, 0.00) | velocity=(0.02, -0.04, 0.00) m/s | speed=0.04 m/s | net=0.07 m | straightness=0.99 | direction=0.00 | state=STATIONARY | detections=404
[INFO] [1790212543.172344033] [sage_semantic_world_model]: Target 4 updated | association_distance=0.01 m | raw=(5.23, -5.91, 0.00) | smoothed=(5.22, -5.91, 0.00) | velocity=(0.02, -0.03, 0.00) m/s | speed=0.03 m/s | net=0.06 m | straightness=0.99 | direction=0.00 | state=STATIONARY | detections=405
[INFO] [1790212543.269042076] [sage_semantic_world_model]: Target 4 updated | association_distance=0.01 m | raw=(5.23, -5.91, 0.00) | smoothed=(5.23, -5.91, 0.00) | velocity=(0.01, -0.02, 0.00) m/s | speed=0.02 m/s | net=0.05 m | straightness=0.99 | direction=0.00 | state=STATIONARY | detections=406
[INFO] [1790212543.371454571] [sage_semantic_world_model]: Target 4 updated | association_distance=0.00 m | raw=(5.23, -5.91, 0.00) | smoothed=(5.23, -5.91, 0.00) | velocity=(0.01, -0.02, 0.00) m/s | speed=0.02 m/s | net=0.04 m | straightness=0.98 | direction=0.00 | state=STATIONARY | detections=407
[INFO] [1790212543.483363802] [sage_semantic_world_model]: Target 4 updated | association_distance=0.00 m | raw=(5.23, -5.91, 0.00) | smoothed=(5.23, -5.91, 0.00) | velocity=(0.01, -0.01, 0.00) m/s | speed=0.01 m/s | net=0.03 m | straightness=0.99 | direction=0.00 | state=STATIONARY | detections=408
[INFO] [1790212543.573343358] [sage_semantic_world_model]: Target 4 updated | association_distance=0.00 m | raw=(5.23, -5.91, 0.00) | smoothed=(5.23, -5.91, 0.00) | velocity=(0.01, -0.01, 0.00) m/s | speed=0.01 m/s | net=0.02 m | straightness=1.00 | direction=0.00 | state=STATIONARY | detections=409
[INFO] [1790212543.666950611] [sage_semantic_world_model]: Target 4 updated | association_distance=0.04 m | raw=(5.20, -5.87, 0.00) | smoothed=(5.22, -5.90, 0.00) | velocity=(-0.01, 0.02, 0.00) m/s | speed=0.02 m/s | net=0.01 m | straightness=0.23 | direction=0.00 | state=STATIONARY | detections=410
[INFO] [1790212543.764449034] [sage_semantic_world_model]: Target 4 updated | association_distance=0.03 m | raw=(5.20, -5.87, 0.00) | smoothed=(5.22, -5.89, 0.00) | velocity=(-0.02, 0.04, 0.00) m/s | speed=0.04 m/s | net=0.01 m | straightness=0.21 | direction=0.00 | state=STATIONARY | detections=411
[INFO] [1790212543.866982288] [sage_semantic_world_model]: Target 4 updated | association_distance=0.03 m | raw=(5.19, -5.88, 0.00) | smoothed=(5.21, -5.89, 0.00) | velocity=(-0.04, 0.05, 0.00) m/s | speed=0.07 m/s | net=0.02 m | straightness=0.50 | direction=0.00 | state=STATIONARY | detections=412
[INFO] [1790212543.970242080] [sage_semantic_world_model]: Target 4 updated | association_distance=0.03 m | raw=(5.19, -5.88, 0.00) | smoothed=(5.20, -5.89, 0.00) | velocity=(-0.06, 0.06, 0.00) m/s | speed=0.08 m/s | net=0.03 m | straightness=0.68 | direction=0.00 | state=STATIONARY | detections=413
[INFO] [1790212544.064747274] [sage_semantic_world_model]: Target 4 updated | association_distance=0.02 m | raw=(5.19, -5.88, 0.00) | smoothed=(5.20, -5.88, 0.00) | velocity=(-0.05, 0.04, 0.00) m/s | speed=0.07 m/s | net=0.03 m | straightness=0.79 | direction=0.00 | state=STATIONARY | detections=414
[INFO] [1790212544.162847208] [sage_semantic_world_model]: Target 4 updated | association_distance=0.01 m | raw=(5.19, -5.88, 0.00) | smoothed=(5.20, -5.88, 0.00) | velocity=(-0.05, 0.03, 0.00) m/s | speed=0.06 m/s | net=0.04 m | straightness=0.86 | direction=0.00 | state=STATIONARY | detections=415
[INFO] [1790212544.270238606] [sage_semantic_world_model]: Target 4 updated | association_distance=0.01 m | raw=(5.19, -5.88, 0.00) | smoothed=(5.19, -5.88, 0.00) | velocity=(-0.04, 0.02, 0.00) m/s | speed=0.04 m/s | net=0.04 m | straightness=0.91 | direction=0.00 | state=STATIONARY | detections=416
[INFO] [1790212544.371776153] [sage_semantic_world_model]: Target 4 updated | association_distance=0.01 m | raw=(5.19, -5.88, 0.00) | smoothed=(5.19, -5.88, 0.00) | velocity=(-0.03, 0.02, 0.00) m/s | speed=0.03 m/s | net=0.05 m | straightness=0.95 | direction=0.00 | state=STATIONARY | detections=417
[INFO] [1790212544.466138689] [sage_semantic_world_model]: Target 4 updated | association_distance=0.05 m | raw=(5.22, -5.84, 0.00) | smoothed=(5.20, -5.87, 0.00) | velocity=(0.00, 0.03, 0.00) m/s | speed=0.03 m/s | net=0.05 m | straightness=0.81 | direction=0.00 | state=STATIONARY | detections=418
[INFO] [1790212544.562767808] [sage_semantic_world_model]: Target 4 updated | association_distance=0.04 m | raw=(5.22, -5.84, 0.00) | smoothed=(5.21, -5.86, 0.00) | velocity=(0.02, 0.05, 0.00) m/s | speed=0.05 m/s | net=0.04 m | straightness=0.70 | direction=0.00 | state=STATIONARY | detections=419
[INFO] [1790212544.666677282] [sage_semantic_world_model]: Target 4 updated | association_distance=0.03 m | raw=(5.22, -5.84, 0.00) | smoothed=(5.21, -5.86, 0.00) | velocity=(0.04, 0.06, 0.00) m/s | speed=0.07 m/s | net=0.04 m | straightness=0.65 | direction=0.00 | state=STATIONARY | detections=420
[INFO] [1790212544.768166604] [sage_semantic_world_model]: Target 4 updated | association_distance=0.01 m | raw=(5.22, -5.85, 0.00) | smoothed=(5.21, -5.86, 0.00) | velocity=(0.05, 0.06, 0.00) m/s | speed=0.08 m/s | net=0.03 m | straightness=0.67 | direction=0.00 | state=STATIONARY | detections=421
[INFO] [1790212544.863912791] [sage_semantic_world_model]: Target 4 updated | association_distance=0.01 m | raw=(5.22, -5.85, 0.00) | smoothed=(5.21, -5.86, 0.00) | velocity=(0.03, 0.04, 0.00) m/s | speed=0.05 m/s | net=0.03 m | straightness=0.72 | direction=0.00 | state=STATIONARY | detections=422
[INFO] [1790212544.967297934] [sage_semantic_world_model]: Target 4 updated | association_distance=0.03 m | raw=(5.24, -5.85, 0.00) | smoothed=(5.22, -5.85, 0.00) | velocity=(0.03, 0.02, 0.00) m/s | speed=0.04 m/s | net=0.04 m | straightness=0.77 | direction=0.00 | state=STATIONARY | detections=423
[INFO] [1790212545.066164659] [sage_semantic_world_model]: Target 4 updated | association_distance=0.02 m | raw=(5.24, -5.85, 0.00) | smoothed=(5.22, -5.85, 0.00) | velocity=(0.03, 0.01, 0.00) m/s | speed=0.04 m/s | net=0.04 m | straightness=0.84 | direction=0.00 | state=STATIONARY | detections=424
[INFO] [1790212545.166031608] [sage_semantic_world_model]: Target 4 updated | association_distance=0.01 m | raw=(5.24, -5.85, 0.00) | smoothed=(5.23, -5.85, 0.00) | velocity=(0.04, 0.01, 0.00) m/s | speed=0.04 m/s | net=0.04 m | straightness=0.91 | direction=0.00 | state=STATIONARY | detections=425
[INFO] [1790212545.266045937] [sage_semantic_world_model]: Target 4 updated | association_distance=0.05 m | raw=(5.27, -5.83, 0.00) | smoothed=(5.24, -5.85, 0.00) | velocity=(0.06, 0.03, 0.00) m/s | speed=0.07 m/s | net=0.06 m | straightness=0.97 | direction=0.00 | state=STATIONARY | detections=426
[INFO] [1790212545.369661934] [sage_semantic_world_model]: Target 4 updated | association_distance=0.03 m | raw=(5.27, -5.83, 0.00) | smoothed=(5.24, -5.84, 0.00) | velocity=(0.06, 0.03, 0.00) m/s | speed=0.07 m/s | net=0.05 m | straightness=0.97 | direction=0.00 | state=STATIONARY | detections=427
[INFO] [1790212545.472043901] [sage_semantic_world_model]: Target 4 updated | association_distance=0.02 m | raw=(5.26, -5.84, 0.00) | smoothed=(5.25, -5.84, 0.00) | velocity=(0.06, 0.03, 0.00) m/s | speed=0.07 m/s | net=0.05 m | straightness=0.97 | direction=0.00 | state=STATIONARY | detections=428
[INFO] [1790212545.567836073] [sage_semantic_world_model]: Target 4 updated | association_distance=0.01 m | raw=(5.26, -5.84, 0.00) | smoothed=(5.25, -5.84, 0.00) | velocity=(0.06, 0.03, 0.00) m/s | speed=0.07 m/s | net=0.04 m | straightness=0.98 | direction=0.00 | state=STATIONARY | detections=429
[INFO] [1790212545.669619278] [sage_semantic_world_model]: Target 4 updated | association_distance=0.01 m | raw=(5.26, -5.84, 0.00) | smoothed=(5.25, -5.84, 0.00) | velocity=(0.04, 0.01, 0.00) m/s | speed=0.04 m/s | net=0.05 m | straightness=0.98 | direction=0.00 | state=STATIONARY | detections=430
[INFO] [1790212545.776218256] [sage_semantic_world_model]: Target 4 updated | association_distance=0.02 m | raw=(5.25, -5.86, 0.00) | smoothed=(5.25, -5.84, 0.00) | velocity=(0.02, -0.01, 0.00) m/s | speed=0.02 m/s | net=0.04 m | straightness=0.82 | direction=0.00 | state=STATIONARY | detections=431
[INFO] [1790212545.868503111] [sage_semantic_world_model]: Target 4 updated | association_distance=0.01 m | raw=(5.25, -5.86, 0.00) | smoothed=(5.25, -5.85, 0.00) | velocity=(0.01, -0.02, 0.00) m/s | speed=0.02 m/s | net=0.03 m | straightness=0.69 | direction=0.00 | state=STATIONARY | detections=432
[INFO] [1790212545.962991543] [sage_semantic_world_model]: Target 4 updated | association_distance=0.01 m | raw=(5.25, -5.86, 0.00) | smoothed=(5.25, -5.85, 0.00) | velocity=(-0.01, -0.02, 0.00) m/s | speed=0.02 m/s | net=0.03 m | straightness=0.58 | direction=0.00 | state=STATIONARY | detections=433
[INFO] [1790212546.066787799] [sage_semantic_world_model]: Target 4 updated | association_distance=0.03 m | raw=(5.27, -5.84, 0.00) | smoothed=(5.25, -5.85, 0.00) | velocity=(0.00, -0.02, 0.00) m/s | speed=0.02 m/s | net=0.03 m | straightness=0.60 | direction=0.00 | state=STATIONARY | detections=434
[INFO] [1790212546.166776239] [sage_semantic_world_model]: Target 4 updated | association_distance=0.02 m | raw=(5.27, -5.84, 0.00) | smoothed=(5.26, -5.85, 0.00) | velocity=(0.02, -0.01, 0.00) m/s | speed=0.02 m/s | net=0.02 m | straightness=0.57 | direction=0.00 | state=STATIONARY | detections=435
[INFO] [1790212546.268225817] [sage_semantic_world_model]: Target 4 updated | association_distance=0.04 m | raw=(5.24, -5.88, 0.00) | smoothed=(5.25, -5.86, 0.00) | velocity=(0.01, -0.02, 0.00) m/s | speed=0.02 m/s | net=0.02 m | straightness=0.44 | direction=0.00 | state=STATIONARY | detections=436
[INFO] [1790212546.374122338] [sage_semantic_world_model]: Target 4 updated | association_distance=0.03 m | raw=(5.24, -5.88, 0.00) | smoothed=(5.25, -5.86, 0.00) | velocity=(0.00, -0.03, 0.00) m/s | speed=0.03 m/s | net=0.02 m | straightness=0.49 | direction=0.00 | state=STATIONARY | detections=437
[INFO] [1790212546.480535057] [sage_semantic_world_model]: Target 4 updated | association_distance=0.02 m | raw=(5.24, -5.88, 0.00) | smoothed=(5.25, -5.87, 0.00) | velocity=(-0.02, -0.05, 0.00) m/s | speed=0.05 m/s | net=0.03 m | straightness=0.58 | direction=0.00 | state=STATIONARY | detections=438
[INFO] [1790212546.570628572] [sage_semantic_world_model]: Target 4 updated | association_distance=0.02 m | raw=(5.24, -5.88, 0.00) | smoothed=(5.25, -5.87, 0.00) | velocity=(-0.03, -0.06, 0.00) m/s | speed=0.07 m/s | net=0.03 m | straightness=0.65 | direction=0.00 | state=STATIONARY | detections=439
[INFO] [1790212546.670214350] [sage_semantic_world_model]: Target 4 updated | association_distance=0.01 m | raw=(5.24, -5.88, 0.00) | smoothed=(5.24, -5.87, 0.00) | velocity=(-0.03, -0.05, 0.00) m/s | speed=0.05 m/s | net=0.03 m | straightness=0.64 | direction=0.00 | state=STATIONARY | detections=440
[INFO] [1790212546.767218245] [sage_semantic_world_model]: Target 4 updated | association_distance=0.04 m | raw=(5.22, -5.91, 0.00) | smoothed=(5.24, -5.88, 0.00) | velocity=(-0.03, -0.05, 0.00) m/s | speed=0.06 m/s | net=0.04 m | straightness=0.67 | direction=0.00 | state=STATIONARY | detections=441
[INFO] [1790212546.869131751] [sage_semantic_world_model]: Target 4 updated | association_distance=0.03 m | raw=(5.22, -5.91, 0.00) | smoothed=(5.23, -5.89, 0.00) | velocity=(-0.04, -0.06, 0.00) m/s | speed=0.07 m/s | net=0.04 m | straightness=0.70 | direction=0.00 | state=STATIONARY | detections=442
[INFO] [1790212546.965402547] [sage_semantic_world_model]: Target 4 updated | association_distance=0.03 m | raw=(5.25, -5.91, 0.00) | smoothed=(5.24, -5.89, 0.00) | velocity=(-0.02, -0.06, 0.00) m/s | speed=0.06 m/s | net=0.05 m | straightness=0.79 | direction=0.00 | state=STATIONARY | detections=443
[INFO] [1790212547.076141493] [sage_semantic_world_model]: Target 4 updated | association_distance=0.02 m | raw=(5.25, -5.91, 0.00) | smoothed=(5.24, -5.90, 0.00) | velocity=(-0.01, -0.05, 0.00) m/s | speed=0.06 m/s | net=0.05 m | straightness=0.86 | direction=0.00 | state=STATIONARY | detections=444
[INFO] [1790212547.168380661] [sage_semantic_world_model]: Target 4 updated | association_distance=0.01 m | raw=(5.25, -5.91, 0.00) | smoothed=(5.24, -5.90, 0.00) | velocity=(0.02, -0.04, 0.00) m/s | speed=0.04 m/s | net=0.04 m | straightness=0.81 | direction=0.00 | state=STATIONARY | detections=445
[INFO] [1790212547.271262662] [sage_semantic_world_model]: Target 4 updated | association_distance=0.00 m | raw=(5.25, -5.90, 0.00) | smoothed=(5.24, -5.90, 0.00) | velocity=(0.03, -0.02, 0.00) m/s | speed=0.04 m/s | net=0.04 m | straightness=0.79 | direction=0.00 | state=STATIONARY | detections=446
[INFO] [1790212547.368653724] [sage_semantic_world_model]: Target 4 updated | association_distance=0.00 m | raw=(5.25, -5.90, 0.00) | smoothed=(5.25, -5.90, 0.00) | velocity=(0.02, -0.02, 0.00) m/s | speed=0.02 m/s | net=0.03 m | straightness=0.77 | direction=0.00 | state=STATIONARY | detections=447
[INFO] [1790212547.465937804] [sage_semantic_world_model]: Target 4 updated | association_distance=0.01 m | raw=(5.26, -5.89, 0.00) | smoothed=(5.25, -5.90, 0.00) | velocity=(0.02, -0.00, 0.00) m/s | speed=0.02 m/s | net=0.03 m | straightness=0.65 | direction=0.00 | state=STATIONARY | detections=448
[INFO] [1790212547.564270232] [sage_semantic_world_model]: Target 4 updated | association_distance=0.01 m | raw=(5.26, -5.89, 0.00) | smoothed=(5.25, -5.90, 0.00) | velocity=(0.02, 0.00, 0.00) m/s | speed=0.02 m/s | net=0.02 m | straightness=0.58 | direction=0.00 | state=STATIONARY | detections=449
[INFO] [1790212547.671085790] [sage_semantic_world_model]: Target 4 updated | association_distance=0.02 m | raw=(5.27, -5.89, 0.00) | smoothed=(5.26, -5.90, 0.00) | velocity=(0.03, 0.01, 0.00) m/s | speed=0.03 m/s | net=0.02 m | straightness=0.60 | direction=0.00 | state=STATIONARY | detections=450
[INFO] [1790212547.773885627] [sage_semantic_world_model]: Target 4 updated | association_distance=0.02 m | raw=(5.27, -5.89, 0.00) | smoothed=(5.26, -5.89, 0.00) | velocity=(0.04, 0.02, 0.00) m/s | speed=0.04 m/s | net=0.03 m | straightness=0.84 | direction=0.00 | state=STATIONARY | detections=451
[INFO] [1790212547.867812191] [sage_semantic_world_model]: Target 4 updated | association_distance=0.01 m | raw=(5.27, -5.89, 0.00) | smoothed=(5.26, -5.89, 0.00) | velocity=(0.03, 0.02, 0.00) m/s | speed=0.04 m/s | net=0.02 m | straightness=0.85 | direction=0.00 | state=STATIONARY | detections=452
[INFO] [1790212547.967725491] [sage_semantic_world_model]: Target 4 updated | association_distance=0.01 m | raw=(5.27, -5.89, 0.00) | smoothed=(5.26, -5.89, 0.00) | velocity=(0.03, 0.02, 0.00) m/s | speed=0.04 m/s | net=0.02 m | straightness=0.90 | direction=0.00 | state=STATIONARY | detections=453
[INFO] [1790212548.080264678] [sage_semantic_world_model]: Target 4 updated | association_distance=0.01 m | raw=(5.27, -5.89, 0.00) | smoothed=(5.27, -5.89, 0.00) | velocity=(0.03, 0.01, 0.00) m/s | speed=0.03 m/s | net=0.02 m | straightness=0.96 | direction=0.00 | state=STATIONARY | detections=454
[INFO] [1790212548.166896772] [sage_semantic_world_model]: Target 4 updated | association_distance=0.01 m | raw=(5.27, -5.89, 0.00) | smoothed=(5.27, -5.89, 0.00) | velocity=(0.02, 0.01, 0.00) m/s | speed=0.02 m/s | net=0.02 m | straightness=0.98 | direction=0.00 | state=STATIONARY | detections=455
[INFO] [1790212548.270955767] [sage_semantic_world_model]: Target 4 updated | association_distance=0.00 m | raw=(5.27, -5.89, 0.00) | smoothed=(5.27, -5.89, 0.00) | velocity=(0.02, 0.01, 0.00) m/s | speed=0.02 m/s | net=0.03 m | straightness=1.00 | direction=0.00 | state=STATIONARY | detections=456
[INFO] [1790212548.367004042] [sage_semantic_world_model]: Target 4 updated | association_distance=0.01 m | raw=(5.26, -5.90, 0.00) | smoothed=(5.27, -5.89, 0.00) | velocity=(0.00, -0.00, 0.00) m/s | speed=0.00 m/s | net=0.02 m | straightness=0.72 | direction=0.00 | state=STATIONARY | detections=457
[INFO] [1790212548.469325136] [sage_semantic_world_model]: Target 4 updated | association_distance=0.01 m | raw=(5.26, -5.90, 0.00) | smoothed=(5.26, -5.89, 0.00) | velocity=(-0.01, -0.01, 0.00) m/s | speed=0.01 m/s | net=0.01 m | straightness=0.51 | direction=0.00 | state=STATIONARY | detections=458
[INFO] [1790212548.568190873] [sage_semantic_world_model]: Target 4 updated | association_distance=0.01 m | raw=(5.26, -5.90, 0.00) | smoothed=(5.26, -5.89, 0.00) | velocity=(-0.01, -0.01, 0.00) m/s | speed=0.02 m/s | net=0.01 m | straightness=0.28 | direction=0.00 | state=STATIONARY | detections=459
[INFO] [1790212548.671323258] [sage_semantic_world_model]: Target 4 updated | association_distance=0.01 m | raw=(5.26, -5.89, 0.00) | smoothed=(5.26, -5.89, 0.00) | velocity=(-0.01, -0.01, 0.00) m/s | speed=0.02 m/s | net=0.00 m | straightness=0.17 | direction=0.00 | state=STATIONARY | detections=460
[INFO] [1790212548.776521333] [sage_semantic_world_model]: Target 4 updated | association_distance=0.01 m | raw=(5.26, -5.89, 0.00) | smoothed=(5.26, -5.89, 0.00) | velocity=(-0.01, 0.00, 0.00) m/s | speed=0.01 m/s | net=0.00 m | straightness=0.09 | direction=0.00 | state=STATIONARY | detections=461
[INFO] [1790212548.865644867] [sage_semantic_world_model]: Target 4 updated | association_distance=0.01 m | raw=(5.26, -5.89, 0.00) | smoothed=(5.26, -5.89, 0.00) | velocity=(0.00, 0.01, 0.00) m/s | speed=0.01 m/s | net=0.00 m | straightness=0.10 | direction=0.00 | state=STATIONARY | detections=462
[INFO] [1790212548.963983613] [sage_semantic_world_model]: Target 4 updated | association_distance=0.00 m | raw=(5.26, -5.89, 0.00) | smoothed=(5.26, -5.89, 0.00) | velocity=(0.00, 0.01, 0.00) m/s | speed=0.02 m/s | net=0.00 m | straightness=0.17 | direction=0.00 | state=STATIONARY | detections=463
[INFO] [1790212549.066846670] [sage_semantic_world_model]: Target 4 updated | association_distance=0.00 m | raw=(5.26, -5.89, 0.00) | smoothed=(5.26, -5.89, 0.00) | velocity=(0.00, 0.01, 0.00) m/s | speed=0.01 m/s | net=0.00 m | straightness=0.24 | direction=0.00 | state=STATIONARY | detections=464
[INFO] [1790212549.167752636] [sage_semantic_world_model]: Target 4 updated | association_distance=0.01 m | raw=(5.26, -5.88, 0.00) | smoothed=(5.26, -5.89, 0.00) | velocity=(0.00, 0.01, 0.00) m/s | speed=0.01 m/s | net=0.01 m | straightness=0.37 | direction=0.00 | state=STATIONARY | detections=465
[INFO] [1790212549.268726307] [sage_semantic_world_model]: Target 4 updated | association_distance=0.01 m | raw=(5.26, -5.88, 0.00) | smoothed=(5.26, -5.88, 0.00) | velocity=(-0.00, 0.01, 0.00) m/s | speed=0.01 m/s | net=0.01 m | straightness=0.51 | direction=0.00 | state=STATIONARY | detections=466
[INFO] [1790212549.369483207] [sage_semantic_world_model]: Target 4 updated | association_distance=0.00 m | raw=(5.26, -5.88, 0.00) | smoothed=(5.26, -5.88, 0.00) | velocity=(-0.00, 0.01, 0.00) m/s | speed=0.01 m/s | net=0.01 m | straightness=0.72 | direction=0.00 | state=STATIONARY | detections=467
[INFO] [1790212549.472013516] [sage_semantic_world_model]: Target 4 updated | association_distance=0.73 m | raw=(5.83, -5.43, 0.00) | smoothed=(5.40, -5.77, 0.00) | velocity=(0.35, 0.29, 0.00) m/s | speed=0.46 m/s | net=0.19 m | straightness=0.98 | direction=0.00 | state=STATIONARY | detections=468
[INFO] [1790212549.567389997] [sage_semantic_world_model]: Target 4 updated | association_distance=0.54 m | raw=(5.83, -5.43, 0.00) | smoothed=(5.51, -5.69, 0.00) | velocity=(0.62, 0.50, 0.00) m/s | speed=0.80 m/s | net=0.32 m | straightness=0.99 | direction=0.00 | state=STATIONARY | detections=469
[INFO] [1790212549.665496499] [sage_semantic_world_model]: Target 4 updated | association_distance=0.41 m | raw=(5.83, -5.43, 0.00) | smoothed=(5.59, -5.62, 0.00) | velocity=(0.82, 0.65, 0.00) m/s | speed=1.05 m/s | net=0.42 m | straightness=0.99 | direction=0.00 | state=STATIONARY | detections=470
[INFO] [1790212551.677342739] [sage_semantic_world_model]: Target 4 updated | association_distance=0.34 m | raw=(5.26, -5.55, 0.00) | smoothed=(5.51, -5.61, 0.00) | velocity=(0.11, 0.12, 0.00) m/s | speed=0.16 m/s | net=0.37 m | straightness=0.73 | direction=0.00 | state=STATIONARY | detections=471
[INFO] [1790212551.763607898] [sage_semantic_world_model]: Target 4 updated | association_distance=0.26 m | raw=(5.26, -5.55, 0.00) | smoothed=(5.44, -5.59, 0.00) | velocity=(0.02, 0.08, 0.00) m/s | speed=0.08 m/s | net=0.35 m | straightness=0.60 | direction=0.00 | state=STATIONARY | detections=472
[INFO] [1790212551.881586506] [sage_semantic_world_model]: Target 4 updated | association_distance=1.20 m | raw=(5.73, -4.42, 0.00) | smoothed=(5.52, -5.30, 0.00) | velocity=(0.00, 0.17, 0.00) m/s | speed=0.17 m/s | net=0.64 m | straightness=0.73 | direction=0.78 | state=STATIONARY | detections=473
[INFO] [1790212551.972803823] [sage_semantic_world_model]: Target 4 updated | association_distance=0.90 m | raw=(5.73, -4.42, 0.00) | smoothed=(5.57, -5.08, 0.00) | velocity=(-0.01, 0.24, 0.00) m/s | speed=0.24 m/s | net=0.86 m | straightness=0.78 | direction=0.78 | state=STATIONARY | detections=474
[INFO] [1790212552.068808207] [sage_semantic_world_model]: Target 4 confirmed MOVING | net=1.03 m | avg_speed=0.37 m/s | straightness=0.81 | direction=0.78
[INFO] [1790212552.085245787] [sage_semantic_world_model]: Target 4 updated | association_distance=0.68 m | raw=(5.73, -4.42, 0.00) | smoothed=(5.61, -4.92, 0.00) | velocity=(0.25, 1.73, 0.00) m/s | speed=1.75 m/s | net=1.03 m | straightness=0.81 | direction=0.78 | state=MOVING | detections=475
[INFO] [1790212552.172353339] [sage_semantic_world_model]: Target 4 updated | association_distance=0.51 m | raw=(5.73, -4.42, 0.00) | smoothed=(5.64, -4.79, 0.00) | velocity=(0.48, 1.99, 0.00) m/s | speed=2.05 m/s | net=1.15 m | straightness=0.83 | direction=0.78 | state=MOVING | detections=476
[INFO] [1790212557.971002176] [sage_semantic_world_model]: NEW TARGET | id=12 | class=person | position=(-5.35, 9.50, 0.00) | state=STATIONARY
[INFO] [1790212558.070540119] [sage_semantic_world_model]: Target 12 updated | association_distance=0.00 m | raw=(-5.35, 9.50, 0.00) | smoothed=(-5.35, 9.50, 0.00) | velocity=(0.00, 0.00, 0.00) m/s | speed=0.00 m/s | net=0.00 m | straightness=0.00 | direction=0.00 | state=STATIONARY | detections=2
[INFO] [1790212558.167250482] [sage_semantic_world_model]: Target 12 updated | association_distance=0.00 m | raw=(-5.35, 9.50, 0.00) | smoothed=(-5.35, 9.50, 0.00) | velocity=(0.00, 0.00, 0.00) m/s | speed=0.00 m/s | net=0.00 m | straightness=0.00 | direction=0.00 | state=STATIONARY | detections=3
[INFO] [1790212558.571281277] [sage_semantic_world_model]: Target 9 updated | association_distance=0.06 m | raw=(-0.99, 4.73, 0.00) | smoothed=(-0.94, 4.72, 0.00) | velocity=(-0.00, 0.00, 0.00) m/s | speed=0.00 m/s | net=0.00 m | straightness=0.00 | direction=0.00 | state=STATIONARY | detections=5
[INFO] [1790212558.665752787] [sage_semantic_world_model]: Target 9 updated | association_distance=0.05 m | raw=(-0.99, 4.73, 0.00) | smoothed=(-0.95, 4.72, 0.00) | velocity=(-0.00, 0.00, 0.00) m/s | speed=0.00 m/s | net=0.00 m | straightness=0.00 | direction=0.00 | state=STATIONARY | detections=6
[INFO] [1790212558.774609785] [sage_semantic_world_model]: Target 9 updated | association_distance=0.03 m | raw=(-0.99, 4.73, 0.00) | smoothed=(-0.96, 4.72, 0.00) | velocity=(-0.00, 0.00, 0.00) m/s | speed=0.00 m/s | net=0.00 m | straightness=0.00 | direction=0.00 | state=STATIONARY | detections=7
[INFO] [1790212558.873478993] [sage_semantic_world_model]: Target 9 updated | association_distance=0.03 m | raw=(-0.99, 4.73, 0.00) | smoothed=(-0.97, 4.72, 0.00) | velocity=(-0.00, 0.00, 0.00) m/s | speed=0.00 m/s | net=0.00 m | straightness=0.00 | direction=0.00 | state=STATIONARY | detections=8
[INFO] [1790212558.975558472] [sage_semantic_world_model]: Target 2 updated | association_distance=1.33 m | raw=(-7.95, 7.46, 0.00) | smoothed=(-7.83, 8.45, 0.00) | velocity=(-0.00, -0.00, 0.00) m/s | speed=0.00 m/s | net=0.38 m | straightness=0.24 | direction=0.00 | state=STATIONARY | detections=31
[INFO] [1790212559.062990764] [sage_semantic_world_model]: NEW TARGET | id=13 | class=person | position=(-2.60, 7.64, 0.00) | state=STATIONARY
[INFO] [1790212559.174788903] [sage_semantic_world_model]: Target 13 updated | association_distance=0.00 m | raw=(-2.60, 7.64, 0.00) | smoothed=(-2.60, 7.64, 0.00) | velocity=(0.00, 0.00, 0.00) m/s | speed=0.00 m/s | net=0.00 m | straightness=0.00 | direction=0.00 | state=STATIONARY | detections=2
[INFO] [1790212559.276331302] [sage_semantic_world_model]: Target 13 updated | association_distance=0.00 m | raw=(-2.60, 7.64, 0.00) | smoothed=(-2.60, 7.64, 0.00) | velocity=(0.00, 0.00, 0.00) m/s | speed=0.00 m/s | net=0.00 m | straightness=0.00 | direction=0.00 | state=STATIONARY | detections=3
[INFO] [1790212561.573735115] [sage_semantic_world_model]: Target 3 updated | association_distance=0.41 m | raw=(-6.50, 7.00, 0.00) | smoothed=(-6.50, 7.31, 0.00) | velocity=(-0.01, 0.00, 0.00) m/s | speed=0.01 m/s | net=0.72 m | straightness=0.82 | direction=0.89 | state=MOVING | detections=539
[INFO] [1790212561.674039904] [sage_semantic_world_model]: Target 3 updated | association_distance=0.31 m | raw=(-6.50, 7.00, 0.00) | smoothed=(-6.50, 7.23, 0.00) | velocity=(-0.00, 0.00, 0.00) m/s | speed=0.00 m/s | net=0.69 m | straightness=0.73 | direction=0.78 | state=MOVING | detections=540
[INFO] [1790212561.784029667] [sage_semantic_world_model]: Target 3 updated | association_distance=0.23 m | raw=(-6.50, 7.00, 0.00) | smoothed=(-6.50, 7.17, 0.00) | velocity=(-0.00, -0.00, 0.00) m/s | speed=0.00 m/s | net=0.67 m | straightness=0.67 | direction=0.67 | state=MOVING | detections=541
[INFO] [1790212561.868301142] [sage_semantic_world_model]: Target 3 updated | association_distance=0.17 m | raw=(-6.50, 7.00, 0.00) | smoothed=(-6.50, 7.13, 0.00) | velocity=(-0.00, -0.00, 0.00) m/s | speed=0.00 m/s | net=0.66 m | straightness=0.64 | direction=0.56 | state=MOVING | detections=542
[INFO] [1790212561.967785451] [sage_semantic_world_model]: Target 3 updated | association_distance=0.22 m | raw=(-6.55, 6.92, 0.00) | smoothed=(-6.52, 7.08, 0.00) | velocity=(-0.03, -0.57, 0.00) m/s | speed=0.57 m/s | net=0.66 m | straightness=0.61 | direction=0.44 | state=MOVING | detections=543
[INFO] [1790212562.065193645] [sage_semantic_world_model]: Target 3 updated | association_distance=0.16 m | raw=(-6.55, 6.92, 0.00) | smoothed=(-6.52, 7.04, 0.00) | velocity=(-0.06, -0.48, 0.00) m/s | speed=0.49 m/s | net=0.48 m | straightness=0.53 | direction=0.00 | state=MOVING | detections=544
[INFO] [1790212562.167171561] [sage_semantic_world_model]: Target 3 updated | association_distance=0.12 m | raw=(-6.55, 6.92, 0.00) | smoothed=(-6.53, 7.01, 0.00) | velocity=(-0.07, -0.41, 0.00) m/s | speed=0.42 m/s | net=0.38 m | straightness=0.49 | direction=0.00 | state=MOVING | detections=545
[INFO] [1790212562.268985866] [sage_semantic_world_model]: Target 3 updated | association_distance=0.09 m | raw=(-6.55, 6.92, 0.00) | smoothed=(-6.54, 6.99, 0.00) | velocity=(-0.08, -0.36, 0.00) m/s | speed=0.37 m/s | net=0.37 m | straightness=0.63 | direction=0.00 | state=MOVING | detections=546
[INFO] [1790212562.367119469] [sage_semantic_world_model]: Target 3 updated | association_distance=0.07 m | raw=(-6.55, 6.92, 0.00) | smoothed=(-6.54, 6.97, 0.00) | velocity=(-0.06, -0.27, 0.00) m/s | speed=0.28 m/s | net=0.44 m | straightness=0.99 | direction=0.00 | state=MOVING | detections=547
[INFO] [1790212562.473560621] [sage_semantic_world_model]: Target 3 updated | association_distance=0.05 m | raw=(-6.55, 6.92, 0.00) | smoothed=(-6.54, 6.96, 0.00) | velocity=(-0.05, -0.20, 0.00) m/s | speed=0.21 m/s | net=0.35 m | straightness=0.99 | direction=0.00 | state=MOVING | detections=548
[INFO] [1790212562.580127209] [sage_semantic_world_model]: Target 3 updated | association_distance=0.04 m | raw=(-6.55, 6.92, 0.00) | smoothed=(-6.55, 6.95, 0.00) | velocity=(-0.04, -0.15, 0.00) m/s | speed=0.16 m/s | net=0.29 m | straightness=0.99 | direction=0.00 | state=MOVING | detections=549
[INFO] [1790212562.672483933] [sage_semantic_world_model]: Target 3 updated | association_distance=0.03 m | raw=(-6.55, 6.92, 0.00) | smoothed=(-6.55, 6.94, 0.00) | velocity=(-0.03, -0.11, 0.00) m/s | speed=0.12 m/s | net=0.24 m | straightness=1.00 | direction=0.00 | state=MOVING | detections=550
[INFO] [1790212562.773142345] [sage_semantic_world_model]: Target 3 updated | association_distance=0.02 m | raw=(-6.55, 6.92, 0.00) | smoothed=(-6.55, 6.94, 0.00) | velocity=(-0.02, -0.09, 0.00) m/s | speed=0.09 m/s | net=0.20 m | straightness=1.00 | direction=0.00 | state=MOVING | detections=551
[INFO] [1790212562.871374154] [sage_semantic_world_model]: Target 3 updated | association_distance=0.02 m | raw=(-6.55, 6.92, 0.00) | smoothed=(-6.55, 6.93, 0.00) | velocity=(-0.01, -0.06, 0.00) m/s | speed=0.07 m/s | net=0.15 m | straightness=1.00 | direction=0.00 | state=MOVING | detections=552
[INFO] [1790212562.972733674] [sage_semantic_world_model]: Target 1 updated | association_distance=0.08 m | raw=(-0.05, 3.94, 0.00) | smoothed=(-0.01, 3.90, 0.00) | velocity=(-0.00, 0.00, 0.00) m/s | speed=0.00 m/s | net=0.94 m | straightness=1.00 | direction=1.00 | state=STATIONARY | detections=557
[INFO] [1790212563.073371679] [sage_semantic_world_model]: Target 1 updated | association_distance=0.06 m | raw=(-0.05, 3.94, 0.00) | smoothed=(-0.02, 3.91, 0.00) | velocity=(-0.00, 0.00, 0.00) m/s | speed=0.00 m/s | net=0.70 m | straightness=1.00 | direction=1.00 | state=STATIONARY | detections=558
[INFO] [1790212563.174099987] [sage_semantic_world_model]: Target 1 updated | association_distance=0.05 m | raw=(-0.05, 3.94, 0.00) | smoothed=(-0.03, 3.92, 0.00) | velocity=(-0.00, 0.00, 0.00) m/s | speed=0.00 m/s | net=0.52 m | straightness=1.00 | direction=1.00 | state=STATIONARY | detections=559
[INFO] [1790212563.278530614] [sage_semantic_world_model]: Target 1 updated | association_distance=0.06 m | raw=(-0.03, 3.86, 0.00) | smoothed=(-0.03, 3.90, 0.00) | velocity=(-0.00, 0.00, 0.00) m/s | speed=0.00 m/s | net=0.37 m | straightness=0.94 | direction=0.00 | state=STATIONARY | detections=560
[INFO] [1790212563.368056793] [sage_semantic_world_model]: Target 1 updated | association_distance=0.04 m | raw=(-0.03, 3.86, 0.00) | smoothed=(-0.03, 3.89, 0.00) | velocity=(-0.05, -0.02, 0.00) m/s | speed=0.06 m/s | net=0.26 m | straightness=0.87 | direction=0.00 | state=STATIONARY | detections=561
[INFO] [1790212563.474647659] [sage_semantic_world_model]: Target 1 updated | association_distance=0.03 m | raw=(-0.03, 3.86, 0.00) | smoothed=(-0.03, 3.88, 0.00) | velocity=(-0.03, -0.07, 0.00) m/s | speed=0.07 m/s | net=0.17 m | straightness=0.78 | direction=0.00 | state=STATIONARY | detections=562
[INFO] [1790212563.565346817] [sage_semantic_world_model]: Target 1 updated | association_distance=0.03 m | raw=(-0.03, 3.86, 0.00) | smoothed=(-0.03, 3.88, 0.00) | velocity=(-0.01, -0.10, 0.00) m/s | speed=0.10 m/s | net=0.11 m | straightness=0.66 | direction=0.00 | state=STATIONARY | detections=563
[INFO] [1790212563.680193255] [sage_semantic_world_model]: Target 1 updated | association_distance=0.02 m | raw=(-0.03, 3.86, 0.00) | smoothed=(-0.03, 3.87, 0.00) | velocity=(-0.01, -0.08, 0.00) m/s | speed=0.08 m/s | net=0.07 m | straightness=0.53 | direction=0.00 | state=STATIONARY | detections=564
[INFO] [1790212563.766312695] [sage_semantic_world_model]: Target 1 updated | association_distance=0.01 m | raw=(-0.03, 3.86, 0.00) | smoothed=(-0.03, 3.87, 0.00) | velocity=(-0.00, -0.06, 0.00) m/s | speed=0.06 m/s | net=0.04 m | straightness=0.43 | direction=0.00 | state=STATIONARY | detections=565
[INFO] [1790212563.870616499] [sage_semantic_world_model]: Target 1 updated | association_distance=0.01 m | raw=(-0.03, 3.86, 0.00) | smoothed=(-0.03, 3.87, 0.00) | velocity=(-0.00, -0.04, 0.00) m/s | speed=0.04 m/s | net=0.04 m | straightness=0.52 | direction=0.00 | state=STATIONARY | detections=566
[INFO] [1790212563.981780329] [sage_semantic_world_model]: Target 1 updated | association_distance=0.52 m | raw=(-0.40, 4.23, 0.00) | smoothed=(-0.12, 3.96, 0.00) | velocity=(-0.23, 0.20, 0.00) m/s | speed=0.31 m/s | net=0.11 m | straightness=0.59 | direction=0.00 | state=STATIONARY | detections=567
[INFO] [1790212564.087762283] [sage_semantic_world_model]: Target 1 updated | association_distance=0.39 m | raw=(-0.40, 4.23, 0.00) | smoothed=(-0.19, 4.03, 0.00) | velocity=(-0.40, 0.38, 0.00) m/s | speed=0.56 m/s | net=0.20 m | straightness=0.71 | direction=0.00 | state=STATIONARY | detections=568
[INFO] [1790212564.165590665] [sage_semantic_world_model]: Target 1 updated | association_distance=0.29 m | raw=(-0.40, 4.23, 0.00) | smoothed=(-0.25, 4.08, 0.00) | velocity=(-0.53, 0.52, 0.00) m/s | speed=0.75 m/s | net=0.28 m | straightness=0.82 | direction=0.00 | state=STATIONARY | detections=569
[INFO] [1790212564.265593280] [sage_semantic_world_model]: Target 1 updated | association_distance=0.22 m | raw=(-0.40, 4.23, 0.00) | smoothed=(-0.28, 4.12, 0.00) | velocity=(-0.63, 0.63, 0.00) m/s | speed=0.89 m/s | net=0.34 m | straightness=0.89 | direction=0.00 | state=STATIONARY | detections=570
[INFO] [1790212564.371331759] [sage_semantic_world_model]: Target 1 updated | association_distance=0.16 m | raw=(-0.40, 4.23, 0.00) | smoothed=(-0.31, 4.14, 0.00) | velocity=(-0.47, 0.46, 0.00) m/s | speed=0.66 m/s | net=0.38 m | straightness=0.93 | direction=0.00 | state=STATIONARY | detections=571
[INFO] [1790212564.468837641] [sage_semantic_world_model]: Target 1 updated | association_distance=0.12 m | raw=(-0.40, 4.23, 0.00) | smoothed=(-0.33, 4.17, 0.00) | velocity=(-0.35, 0.35, 0.00) m/s | speed=0.50 m/s | net=0.42 m | straightness=0.96 | direction=0.00 | state=STATIONARY | detections=572
[INFO] [1790212564.574797049] [sage_semantic_world_model]: Target 1 updated | association_distance=0.09 m | raw=(-0.40, 4.23, 0.00) | smoothed=(-0.35, 4.18, 0.00) | velocity=(-0.26, 0.26, 0.00) m/s | speed=0.37 m/s | net=0.44 m | straightness=0.98 | direction=0.00 | state=STATIONARY | detections=573
[INFO] [1790212564.668264862] [sage_semantic_world_model]: Target 3 updated | association_distance=0.95 m | raw=(-5.64, 6.67, 0.00) | smoothed=(-6.32, 6.87, 0.00) | velocity=(0.11, -0.04, 0.00) m/s | speed=0.11 m/s | net=0.27 m | straightness=0.77 | direction=0.00 | state=MOVING | detections=553
[INFO] [1790212564.771522760] [sage_semantic_world_model]: Target 3 updated | association_distance=0.71 m | raw=(-5.64, 6.67, 0.00) | smoothed=(-6.15, 6.82, 0.00) | velocity=(0.19, -0.06, 0.00) m/s | speed=0.20 m/s | net=0.43 m | straightness=0.86 | direction=0.00 | state=MOVING | detections=554
[INFO] [1790212565.170166059] [sage_semantic_world_model]: Target 3 updated | association_distance=0.51 m | raw=(-6.46, 7.22, 0.00) | smoothed=(-6.23, 6.92, 0.00) | velocity=(0.13, -0.01, 0.00) m/s | speed=0.13 m/s | net=0.32 m | straightness=0.53 | direction=0.00 | state=MOVING | detections=555
[INFO] [1790212565.269036578] [sage_semantic_world_model]: Target 3 updated | association_distance=0.38 m | raw=(-6.46, 7.22, 0.00) | smoothed=(-6.29, 6.99, 0.00) | velocity=(0.11, 0.03, 0.00) m/s | speed=0.11 m/s | net=0.25 m | straightness=0.38 | direction=0.00 | state=MOVING | detections=556
[INFO] [1790212566.263786974] [sage_semantic_world_model]: Target 3 updated | association_distance=0.72 m | raw=(-6.77, 7.53, 0.00) | smoothed=(-6.41, 7.13, 0.00) | velocity=(-0.05, 0.16, 0.00) m/s | speed=0.17 m/s | net=0.22 m | straightness=0.26 | direction=0.00 | state=MOVING | detections=557
[INFO] [1790212566.369019271] [sage_semantic_world_model]: Target 3 updated | association_distance=0.54 m | raw=(-6.77, 7.53, 0.00) | smoothed=(-6.50, 7.23, 0.00) | velocity=(-0.22, 0.26, 0.00) m/s | speed=0.34 m/s | net=0.28 m | straightness=0.29 | direction=0.00 | state=MOVING | detections=558
[INFO] [1790212566.972947671] [sage_semantic_world_model]: Target 3 updated | association_distance=1.67 m | raw=(-4.84, 6.98, 0.00) | smoothed=(-6.08, 7.17, 0.00) | velocity=(0.08, 0.14, 0.00) m/s | speed=0.16 m/s | net=0.52 m | straightness=0.37 | direction=0.33 | state=MOVING | detections=559
[INFO] [1790212567.074830378] [sage_semantic_world_model]: Target 3 updated | association_distance=1.26 m | raw=(-4.84, 6.98, 0.00) | smoothed=(-5.77, 7.12, 0.00) | velocity=(0.29, 0.07, 0.00) m/s | speed=0.29 m/s | net=0.80 m | straightness=0.47 | direction=0.44 | state=MOVING | detections=560
[INFO] [1790212567.179512849] [sage_semantic_world_model]: Target 3 updated | association_distance=0.94 m | raw=(-4.84, 6.98, 0.00) | smoothed=(-5.54, 7.09, 0.00) | velocity=(0.96, -0.05, 0.00) m/s | speed=0.96 m/s | net=1.02 m | straightness=0.53 | direction=0.56 | state=MOVING | detections=561
[INFO] [1790212567.280613784] [sage_semantic_world_model]: Target 3 updated | association_distance=0.71 m | raw=(-4.84, 6.98, 0.00) | smoothed=(-5.36, 7.06, 0.00) | velocity=(1.26, -0.19, 0.00) m/s | speed=1.27 m/s | net=0.98 m | straightness=0.52 | direction=0.56 | state=MOVING | detections=562
[INFO] [1790212567.375658052] [sage_semantic_world_model]: Target 3 updated | association_distance=0.53 m | raw=(-4.84, 6.98, 0.00) | smoothed=(-5.23, 7.04, 0.00) | velocity=(2.12, -0.32, 0.00) m/s | speed=2.14 m/s | net=0.94 m | straightness=0.52 | direction=0.56 | state=MOVING | detections=563
[INFO] [1790212567.472784795] [sage_semantic_world_model]: Target 3 updated | association_distance=0.40 m | raw=(-4.84, 6.98, 0.00) | smoothed=(-5.13, 7.03, 0.00) | velocity=(1.60, -0.24, 0.00) m/s | speed=1.62 m/s | net=1.10 m | straightness=0.61 | direction=0.67 | state=MOVING | detections=564
[INFO] [1790212567.580958526] [sage_semantic_world_model]: Target 3 updated | association_distance=1.20 m | raw=(-6.33, 7.09, 0.00) | smoothed=(-5.43, 7.04, 0.00) | velocity=(0.27, -0.12, 0.00) m/s | speed=0.29 m/s | net=0.86 m | straightness=0.43 | direction=0.67 | state=MOVING | detections=565
[INFO] [1790212567.676223430] [sage_semantic_world_model]: Target 3 updated | association_distance=0.90 m | raw=(-6.33, 7.09, 0.00) | smoothed=(-5.66, 7.05, 0.00) | velocity=(-0.73, -0.02, 0.00) m/s | speed=0.73 m/s | net=0.75 m | straightness=0.37 | direction=0.67 | state=MOVING | detections=566
[INFO] [1790212567.793114462] [sage_semantic_world_model]: Target 3 updated | association_distance=0.67 m | raw=(-6.33, 7.09, 0.00) | smoothed=(-5.83, 7.06, 0.00) | velocity=(-1.48, 0.05, 0.00) m/s | speed=1.48 m/s | net=0.69 m | straightness=0.33 | direction=0.67 | state=MOVING | detections=567
[INFO] [1790212574.176869648] [sage_semantic_world_model]: Target 3 updated | association_distance=1.85 m | raw=(-4.46, 5.82, 0.00) | smoothed=(-5.48, 6.75, 0.00) | velocity=(-0.05, -0.04, 0.00) m/s | speed=0.07 m/s | net=0.73 m | straightness=0.35 | direction=0.67 | state=MOVING | detections=568
[INFO] [1790212574.280432536] [sage_semantic_world_model]: Target 3 updated | association_distance=1.39 m | raw=(-4.46, 5.82, 0.00) | smoothed=(-5.23, 6.52, 0.00) | velocity=(0.03, -0.08, 0.00) m/s | speed=0.08 m/s | net=0.81 m | straightness=0.38 | direction=0.67 | state=MOVING | detections=569
[INFO] [1790212574.374023120] [sage_semantic_world_model]: Target 3 updated | association_distance=1.04 m | raw=(-4.46, 5.82, 0.00) | smoothed=(-5.03, 6.34, 0.00) | velocity=(0.09, -0.11, 0.00) m/s | speed=0.14 m/s | net=0.90 m | straightness=0.41 | direction=0.67 | state=MOVING | detections=570
[INFO] [1790212574.471048438] [sage_semantic_world_model]: Target 3 updated | association_distance=0.17 m | raw=(-5.05, 6.17, 0.00) | smoothed=(-5.04, 6.30, 0.00) | velocity=(0.12, -0.11, 0.00) m/s | speed=0.16 m/s | net=0.83 m | straightness=0.41 | direction=0.67 | state=MOVING | detections=571
[INFO] [1790212574.573938299] [sage_semantic_world_model]: Target 3 updated | association_distance=0.13 m | raw=(-5.05, 6.17, 0.00) | smoothed=(-5.04, 6.27, 0.00) | velocity=(1.11, -1.21, 0.00) m/s | speed=1.64 m/s | net=0.80 m | straightness=0.41 | direction=0.56 | state=MOVING | detections=572
[INFO] [1790212574.679894075] [sage_semantic_world_model]: Target 3 updated | association_distance=0.10 m | raw=(-5.05, 6.17, 0.00) | smoothed=(-5.04, 6.24, 0.00) | velocity=(0.46, -0.68, 0.00) m/s | speed=0.82 m/s | net=0.79 m | straightness=0.42 | direction=0.67 | state=MOVING | detections=573
[INFO] [1790212576.176334351] [sage_semantic_world_model]: Target 3 updated | association_distance=1.18 m | raw=(-5.97, 6.97, 0.00) | smoothed=(-5.27, 6.42, 0.00) | velocity=(-0.13, 0.04, 0.00) m/s | speed=0.14 m/s | net=0.64 m | straightness=0.34 | direction=0.67 | state=MOVING | detections=574
[INFO] [1790212576.270238036] [sage_semantic_world_model]: Target 3 updated | association_distance=0.88 m | raw=(-5.97, 6.97, 0.00) | smoothed=(-5.45, 6.56, 0.00) | velocity=(-0.23, 0.14, 0.00) m/s | speed=0.27 m/s | net=0.53 m | straightness=0.29 | direction=0.67 | state=MOVING | detections=575
[INFO] [1790212576.368443453] [sage_semantic_world_model]: Target 3 updated | association_distance=0.66 m | raw=(-5.97, 6.97, 0.00) | smoothed=(-5.58, 6.66, 0.00) | velocity=(-0.30, 0.22, 0.00) m/s | speed=0.37 m/s | net=0.47 m | straightness=0.25 | direction=0.00 | state=MOVING | detections=576
[INFO] [1790212576.466170263] [sage_semantic_world_model]: Target 3 updated | association_distance=0.50 m | raw=(-5.97, 6.97, 0.00) | smoothed=(-5.68, 6.74, 0.00) | velocity=(-0.36, 0.28, 0.00) m/s | speed=0.45 m/s | net=0.20 m | straightness=0.13 | direction=0.00 | state=MOVING | detections=577
[INFO] [1790212576.567915627] [sage_semantic_world_model]: Target 3 updated | association_distance=0.37 m | raw=(-5.97, 6.97, 0.00) | smoothed=(-5.75, 6.79, 0.00) | velocity=(-1.19, 0.92, 0.00) m/s | speed=1.51 m/s | net=0.59 m | straightness=0.47 | direction=0.56 | state=MOVING | detections=578
[INFO] [1790212578.269224698] [sage_semantic_world_model]: Target 3 updated | association_distance=0.55 m | raw=(-6.28, 6.62, 0.00) | smoothed=(-5.88, 6.75, 0.00) | velocity=(-0.22, 0.10, 0.00) m/s | speed=0.24 m/s | net=0.94 m | straightness=0.83 | direction=0.67 | state=MOVING | detections=579
[INFO] [1790212578.369583478] [sage_semantic_world_model]: Target 3 updated | association_distance=0.41 m | raw=(-6.28, 6.62, 0.00) | smoothed=(-5.98, 6.72, 0.00) | velocity=(-0.20, 0.03, 0.00) m/s | speed=0.20 m/s | net=1.03 m | straightness=0.86 | direction=0.78 | state=MOVING | detections=580
[INFO] [1790212578.465314999] [sage_semantic_world_model]: Target 3 updated | association_distance=0.31 m | raw=(-6.28, 6.62, 0.00) | smoothed=(-6.05, 6.69, 0.00) | velocity=(-0.19, -0.02, 0.00) m/s | speed=0.19 m/s | net=1.10 m | straightness=0.89 | direction=0.89 | state=MOVING | detections=581
[INFO] [1790212578.563889410] [sage_semantic_world_model]: Target 3 updated | association_distance=0.21 m | raw=(-6.16, 6.51, 0.00) | smoothed=(-6.08, 6.65, 0.00) | velocity=(-0.16, -0.07, 0.00) m/s | speed=0.18 m/s | net=1.12 m | straightness=0.88 | direction=0.89 | state=MOVING | detections=582
[INFO] [1790212578.665718966] [sage_semantic_world_model]: Target 3 updated | association_distance=0.16 m | raw=(-6.16, 6.51, 0.00) | smoothed=(-6.10, 6.61, 0.00) | velocity=(-0.54, -0.34, 0.00) m/s | speed=0.64 m/s | net=0.85 m | straightness=0.83 | direction=0.78 | state=MOVING | detections=583
[INFO] [1790212578.766550442] [sage_semantic_world_model]: Target 3 updated | association_distance=0.12 m | raw=(-6.16, 6.51, 0.00) | smoothed=(-6.11, 6.59, 0.00) | velocity=(-0.33, -0.33, 0.00) m/s | speed=0.47 m/s | net=0.67 m | straightness=0.81 | direction=0.67 | state=MOVING | detections=584
[INFO] [1790212579.670162910] [sage_semantic_world_model]: Target 1 updated | association_distance=1.53 m | raw=(0.87, 3.25, 0.00) | smoothed=(-0.05, 3.95, 0.00) | velocity=(0.02, -0.01, 0.00) m/s | speed=0.02 m/s | net=0.08 m | straightness=0.10 | direction=0.00 | state=STATIONARY | detections=574
[INFO] [1790212579.765653311] [sage_semantic_world_model]: Target 1 updated | association_distance=1.15 m | raw=(0.87, 3.25, 0.00) | smoothed=(0.18, 3.78, 0.00) | velocity=(0.03, -0.02, 0.00) m/s | speed=0.04 m/s | net=0.23 m | straightness=0.21 | direction=0.00 | state=STATIONARY | detections=575
[INFO] [1790212579.873708467] [sage_semantic_world_model]: Target 1 updated | association_distance=0.86 m | raw=(0.87, 3.25, 0.00) | smoothed=(0.35, 3.65, 0.00) | velocity=(0.04, -0.03, 0.00) m/s | speed=0.06 m/s | net=0.57 m | straightness=0.47 | direction=0.33 | state=STATIONARY | detections=576
[INFO] [1790212579.969867003] [sage_semantic_world_model]: Target 1 updated | association_distance=0.57 m | raw=(0.79, 3.28, 0.00) | smoothed=(0.46, 3.55, 0.00) | velocity=(0.05, -0.04, 0.00) m/s | speed=0.07 m/s | net=0.81 m | straightness=0.65 | direction=0.44 | state=STATIONARY | detections=577
[INFO] [1790212580.065761703] [sage_semantic_world_model]: Target 1 updated | association_distance=0.42 m | raw=(0.79, 3.28, 0.00) | smoothed=(0.54, 3.49, 0.00) | velocity=(1.48, -1.17, 0.00) m/s | speed=1.88 m/s | net=0.98 m | straightness=0.77 | direction=0.56 | state=STATIONARY | detections=578
[INFO] [1790212580.169922398] [sage_semantic_world_model]: Target 1 updated | association_distance=0.32 m | raw=(0.79, 3.28, 0.00) | smoothed=(0.60, 3.43, 0.00) | velocity=(1.05, -0.85, 0.00) m/s | speed=1.35 m/s | net=1.12 m | straightness=0.86 | direction=0.67 | state=STATIONARY | detections=579
[INFO] [1790212580.269620690] [sage_semantic_world_model]: Target 1 updated | association_distance=0.24 m | raw=(0.79, 3.28, 0.00) | smoothed=(0.65, 3.40, 0.00) | velocity=(0.73, -0.62, 0.00) m/s | speed=0.96 m/s | net=1.22 m | straightness=0.92 | direction=0.78 | state=STATIONARY | detections=580
[INFO] [1790212580.371539200] [sage_semantic_world_model]: Target 1 updated | association_distance=0.14 m | raw=(0.69, 3.27, 0.00) | smoothed=(0.66, 3.36, 0.00) | velocity=(0.49, -0.48, 0.00) m/s | speed=0.69 m/s | net=1.28 m | straightness=0.96 | direction=0.89 | state=STATIONARY | detections=581
[INFO] [1790212580.465711038] [sage_semantic_world_model]: Target 1 updated | association_distance=0.10 m | raw=(0.69, 3.27, 0.00) | smoothed=(0.67, 3.34, 0.00) | velocity=(0.31, -0.37, 0.00) m/s | speed=0.48 m/s | net=1.32 m | straightness=0.99 | direction=1.00 | state=STATIONARY | detections=582
[INFO] [1790212580.563949980] [sage_semantic_world_model]: Target 1 updated | association_distance=0.08 m | raw=(0.69, 3.27, 0.00) | smoothed=(0.67, 3.32, 0.00) | velocity=(0.17, -0.29, 0.00) m/s | speed=0.33 m/s | net=0.95 m | straightness=0.99 | direction=1.00 | state=STATIONARY | detections=583
[INFO] [1790212584.366913238] [sage_semantic_world_model]: Target 3 updated | association_distance=0.42 m | raw=(-6.06, 7.01, 0.00) | smoothed=(-6.10, 6.69, 0.00) | velocity=(-0.01, -0.00, 0.00) m/s | speed=0.01 m/s | net=0.52 m | straightness=0.68 | direction=0.56 | state=MOVING | detections=585
[INFO] [1790212584.477297309] [sage_semantic_world_model]: Target 3 updated | association_distance=0.32 m | raw=(-6.06, 7.01, 0.00) | smoothed=(-6.09, 6.77, 0.00) | velocity=(-0.00, 0.02, 0.00) m/s | speed=0.02 m/s | net=0.41 m | straightness=0.57 | direction=0.00 | state=MOVING | detections=586
[INFO] [1790212584.565058407] [sage_semantic_world_model]: Target 3 updated | association_distance=0.24 m | raw=(-6.06, 7.01, 0.00) | smoothed=(-6.08, 6.83, 0.00) | velocity=(0.00, 0.04, 0.00) m/s | speed=0.04 m/s | net=0.33 m | straightness=0.48 | direction=0.00 | state=MOVING | detections=587
[INFO] [1790212584.677702783] [sage_semantic_world_model]: Target 3 updated | association_distance=0.21 m | raw=(-5.98, 7.02, 0.00) | smoothed=(-6.06, 6.88, 0.00) | velocity=(0.01, 0.05, 0.00) m/s | speed=0.05 m/s | net=0.21 m | straightness=0.36 | direction=0.00 | state=MOVING | detections=588
[INFO] [1790212584.765086035] [sage_semantic_world_model]: Target 3 updated | association_distance=0.16 m | raw=(-5.98, 7.02, 0.00) | smoothed=(-6.04, 6.91, 0.00) | velocity=(0.16, 0.55, 0.00) m/s | speed=0.57 m/s | net=0.20 m | straightness=0.38 | direction=0.00 | state=MOVING | detections=589
[INFO] [1790212584.862790324] [sage_semantic_world_model]: Target 3 confirmed STATIONARY | net=0.25 m | avg_speed=0.04 m/s
[INFO] [1790212584.872606677] [sage_semantic_world_model]: Target 3 updated | association_distance=0.12 m | raw=(-5.98, 7.02, 0.00) | smoothed=(-6.02, 6.94, 0.00) | velocity=(0.16, 0.42, 0.00) m/s | speed=0.45 m/s | net=0.25 m | straightness=0.51 | direction=0.00 | state=STATIONARY | detections=590
[INFO] [1790212584.969945382] [sage_semantic_world_model]: Target 3 updated | association_distance=0.11 m | raw=(-5.93, 7.00, 0.00) | smoothed=(-6.00, 6.95, 0.00) | velocity=(0.20, 0.31, 0.00) m/s | speed=0.37 m/s | net=0.32 m | straightness=0.68 | direction=0.00 | state=STATIONARY | detections=591
[INFO] [1790212585.067173533] [sage_semantic_world_model]: Target 3 updated | association_distance=0.09 m | raw=(-5.93, 7.00, 0.00) | smoothed=(-5.98, 6.97, 0.00) | velocity=(0.18, 0.22, 0.00) m/s | speed=0.29 m/s | net=0.37 m | straightness=0.83 | direction=0.00 | state=STATIONARY | detections=592
[INFO] [1790212585.183345350] [sage_semantic_world_model]: Target 3 updated | association_distance=0.06 m | raw=(-5.93, 7.00, 0.00) | smoothed=(-5.97, 6.97, 0.00) | velocity=(0.17, 0.16, 0.00) m/s | speed=0.23 m/s | net=0.41 m | straightness=0.96 | direction=0.00 | state=STATIONARY | detections=593
[INFO] [1790212585.277384986] [sage_semantic_world_model]: Target 3 updated | association_distance=0.05 m | raw=(-5.93, 7.00, 0.00) | smoothed=(-5.96, 6.98, 0.00) | velocity=(0.16, 0.11, 0.00) m/s | speed=0.20 m/s | net=0.32 m | straightness=0.95 | direction=0.00 | state=STATIONARY | detections=594
[INFO] [1790212585.376167991] [sage_semantic_world_model]: Target 3 updated | association_distance=0.04 m | raw=(-5.93, 7.00, 0.00) | smoothed=(-5.95, 6.99, 0.00) | velocity=(0.12, 0.08, 0.00) m/s | speed=0.15 m/s | net=0.26 m | straightness=0.95 | direction=0.00 | state=STATIONARY | detections=595
[INFO] [1790212585.466232958] [sage_semantic_world_model]: Target 3 updated | association_distance=0.03 m | raw=(-5.93, 7.00, 0.00) | smoothed=(-5.95, 6.99, 0.00) | velocity=(0.09, 0.06, 0.00) m/s | speed=0.11 m/s | net=0.21 m | straightness=0.97 | direction=0.00 | state=STATIONARY | detections=596
[INFO] [1790212585.572851115] [sage_semantic_world_model]: Target 3 updated | association_distance=0.02 m | raw=(-5.93, 7.00, 0.00) | smoothed=(-5.94, 6.99, 0.00) | velocity=(0.07, 0.05, 0.00) m/s | speed=0.08 m/s | net=0.16 m | straightness=0.97 | direction=0.00 | state=STATIONARY | detections=597
[INFO] [1790212585.672688219] [sage_semantic_world_model]: Target 3 updated | association_distance=0.02 m | raw=(-5.93, 7.00, 0.00) | smoothed=(-5.94, 7.00, 0.00) | velocity=(0.05, 0.03, 0.00) m/s | speed=0.06 m/s | net=0.13 m | straightness=0.98 | direction=0.00 | state=STATIONARY | detections=598
[INFO] [1790212585.765649833] [sage_semantic_world_model]: Target 3 updated | association_distance=0.01 m | raw=(-5.93, 7.00, 0.00) | smoothed=(-5.94, 7.00, 0.00) | velocity=(0.04, 0.03, 0.00) m/s | speed=0.05 m/s | net=0.11 m | straightness=1.00 | direction=0.00 | state=STATIONARY | detections=599
[INFO] [1790212585.877765868] [sage_semantic_world_model]: Target 3 updated | association_distance=0.41 m | raw=(-5.59, 6.78, 0.00) | smoothed=(-5.85, 6.94, 0.00) | velocity=(0.24, -0.12, 0.00) m/s | speed=0.27 m/s | net=0.15 m | straightness=0.84 | direction=0.00 | state=STATIONARY | detections=600
[INFO] [1790212585.967611594] [sage_semantic_world_model]: Target 3 updated | association_distance=0.31 m | raw=(-5.59, 6.78, 0.00) | smoothed=(-5.78, 6.90, 0.00) | velocity=(0.40, -0.23, 0.00) m/s | speed=0.46 m/s | net=0.21 m | straightness=0.89 | direction=0.00 | state=STATIONARY | detections=601
[INFO] [1790212586.068566900] [sage_semantic_world_model]: Target 3 updated | association_distance=0.23 m | raw=(-5.59, 6.78, 0.00) | smoothed=(-5.74, 6.87, 0.00) | velocity=(0.51, -0.30, 0.00) m/s | speed=0.59 m/s | net=0.25 m | straightness=0.92 | direction=0.00 | state=STATIONARY | detections=602
[INFO] [1790212586.166961249] [sage_semantic_world_model]: Target 3 updated | association_distance=0.17 m | raw=(-5.59, 6.78, 0.00) | smoothed=(-5.70, 6.85, 0.00) | velocity=(0.59, -0.36, 0.00) m/s | speed=0.69 m/s | net=0.29 m | straightness=0.95 | direction=0.00 | state=STATIONARY | detections=603
[INFO] [1790212586.267897205] [sage_semantic_world_model]: Target 3 updated | association_distance=0.13 m | raw=(-5.59, 6.78, 0.00) | smoothed=(-5.67, 6.83, 0.00) | velocity=(0.45, -0.27, 0.00) m/s | speed=0.52 m/s | net=0.32 m | straightness=0.97 | direction=0.00 | state=STATIONARY | detections=604
[INFO] [1790212586.384006023] [sage_semantic_world_model]: Target 3 updated | association_distance=0.10 m | raw=(-5.59, 6.78, 0.00) | smoothed=(-5.65, 6.82, 0.00) | velocity=(0.33, -0.20, 0.00) m/s | speed=0.39 m/s | net=0.34 m | straightness=0.98 | direction=0.00 | state=STATIONARY | detections=605
[INFO] [1790212586.469063841] [sage_semantic_world_model]: Target 3 updated | association_distance=0.07 m | raw=(-5.59, 6.78, 0.00) | smoothed=(-5.64, 6.81, 0.00) | velocity=(0.25, -0.15, 0.00) m/s | speed=0.29 m/s | net=0.36 m | straightness=0.99 | direction=0.00 | state=STATIONARY | detections=606
[INFO] [1790212591.476947629] [sage_semantic_world_model]: Target 3 updated | association_distance=1.13 m | raw=(-6.75, 6.65, 0.00) | smoothed=(-5.91, 6.77, 0.00) | velocity=(-0.04, -0.02, 0.00) m/s | speed=0.04 m/s | net=0.23 m | straightness=0.35 | direction=0.00 | state=STATIONARY | detections=607
[INFO] [1790212591.566269450] [sage_semantic_world_model]: Target 3 updated | association_distance=0.84 m | raw=(-6.75, 6.65, 0.00) | smoothed=(-6.12, 6.74, 0.00) | velocity=(-0.09, -0.02, 0.00) m/s | speed=0.09 m/s | net=0.32 m | straightness=0.37 | direction=0.00 | state=STATIONARY | detections=608
[INFO] [1790212591.664174678] [sage_semantic_world_model]: Target 3 updated | association_distance=0.63 m | raw=(-6.75, 6.65, 0.00) | smoothed=(-6.28, 6.72, 0.00) | velocity=(-0.12, -0.02, 0.00) m/s | speed=0.12 m/s | net=0.49 m | straightness=0.54 | direction=0.00 | state=STATIONARY | detections=609
[INFO] [1790212591.772004766] [sage_semantic_world_model]: Target 3 updated | association_distance=0.13 m | raw=(-6.20, 6.61, 0.00) | smoothed=(-6.26, 6.69, 0.00) | velocity=(-0.12, -0.02, 0.00) m/s | speed=0.12 m/s | net=0.52 m | straightness=0.61 | direction=0.33 | state=STATIONARY | detections=610
[INFO] [1790212591.877809305] [sage_semantic_world_model]: Target 3 updated | association_distance=0.10 m | raw=(-6.20, 6.61, 0.00) | smoothed=(-6.24, 6.67, 0.00) | velocity=(-0.83, -0.25, 0.00) m/s | speed=0.86 m/s | net=0.55 m | straightness=0.66 | direction=0.33 | state=STATIONARY | detections=611
[INFO] [1790212591.965312515] [sage_semantic_world_model]: Target 3 updated | association_distance=0.07 m | raw=(-6.20, 6.61, 0.00) | smoothed=(-6.23, 6.66, 0.00) | velocity=(-0.28, -0.21, 0.00) m/s | speed=0.35 m/s | net=0.57 m | straightness=0.71 | direction=0.33 | state=STATIONARY | detections=612
[INFO] [1790212592.067906423] [sage_semantic_world_model]: Target 3 updated | association_distance=0.15 m | raw=(-6.09, 6.71, 0.00) | smoothed=(-6.20, 6.67, 0.00) | velocity=(0.20, -0.12, 0.00) m/s | speed=0.23 m/s | net=0.55 m | straightness=0.68 | direction=0.33 | state=STATIONARY | detections=613
[INFO] [1790212592.174450252] [sage_semantic_world_model]: Target 3 updated | association_distance=0.11 m | raw=(-6.09, 6.71, 0.00) | smoothed=(-6.17, 6.68, 0.00) | velocity=(0.22, -0.02, 0.00) m/s | speed=0.22 m/s | net=0.54 m | straightness=0.67 | direction=0.33 | state=STATIONARY | detections=614
[INFO] [1790212592.270118237] [sage_semantic_world_model]: Target 3 updated | association_distance=0.08 m | raw=(-6.09, 6.71, 0.00) | smoothed=(-6.15, 6.69, 0.00) | velocity=(0.23, 0.04, 0.00) m/s | speed=0.23 m/s | net=0.53 m | straightness=0.65 | direction=0.33 | state=STATIONARY | detections=615
[INFO] [1790212592.371618197] [sage_semantic_world_model]: Target 3 updated | association_distance=0.06 m | raw=(-6.09, 6.71, 0.00) | smoothed=(-6.14, 6.69, 0.00) | velocity=(0.23, 0.10, 0.00) m/s | speed=0.25 m/s | net=0.24 m | straightness=0.43 | direction=0.00 | state=STATIONARY | detections=616
[INFO] [1790212592.468283577] [sage_semantic_world_model]: Target 3 updated | association_distance=0.05 m | raw=(-6.09, 6.71, 0.00) | smoothed=(-6.13, 6.70, 0.00) | velocity=(0.18, 0.07, 0.00) m/s | speed=0.19 m/s | net=0.04 m | straightness=0.12 | direction=0.00 | state=STATIONARY | detections=617
[INFO] [1790212592.578813005] [sage_semantic_world_model]: Target 3 updated | association_distance=0.04 m | raw=(-6.09, 6.71, 0.00) | smoothed=(-6.12, 6.70, 0.00) | velocity=(0.13, 0.05, 0.00) m/s | speed=0.14 m/s | net=0.16 m | straightness=0.80 | direction=0.00 | state=STATIONARY | detections=618
[INFO] [1790212592.667100600] [sage_semantic_world_model]: Target 3 updated | association_distance=0.03 m | raw=(-6.09, 6.71, 0.00) | smoothed=(-6.11, 6.70, 0.00) | velocity=(0.10, 0.04, 0.00) m/s | speed=0.11 m/s | net=0.15 m | straightness=0.85 | direction=0.00 | state=STATIONARY | detections=619
[INFO] [1790212592.781029233] [sage_semantic_world_model]: Target 3 updated | association_distance=0.02 m | raw=(-6.09, 6.71, 0.00) | smoothed=(-6.11, 6.71, 0.00) | velocity=(0.08, 0.03, 0.00) m/s | speed=0.08 m/s | net=0.14 m | straightness=0.92 | direction=0.00 | state=STATIONARY | detections=620
[INFO] [1790212593.475992519] [sage_semantic_world_model]: Target 3 updated | association_distance=0.22 m | raw=(-6.18, 6.92, 0.00) | smoothed=(-6.13, 6.76, 0.00) | velocity=(0.00, 0.06, 0.00) m/s | speed=0.06 m/s | net=0.15 m | straightness=0.78 | direction=0.00 | state=STATIONARY | detections=621
[INFO] [1790212593.570119840] [sage_semantic_world_model]: Target 3 updated | association_distance=0.17 m | raw=(-6.18, 6.92, 0.00) | smoothed=(-6.14, 6.80, 0.00) | velocity=(-0.02, 0.10, 0.00) m/s | speed=0.10 m/s | net=0.14 m | straightness=0.72 | direction=0.00 | state=STATIONARY | detections=622
[INFO] [1790212593.664973264] [sage_semantic_world_model]: Target 3 updated | association_distance=0.13 m | raw=(-6.18, 6.92, 0.00) | smoothed=(-6.15, 6.83, 0.00) | velocity=(-0.04, 0.12, 0.00) m/s | speed=0.13 m/s | net=0.15 m | straightness=0.75 | direction=0.00 | state=STATIONARY | detections=623
[INFO] [1790212593.767685492] [sage_semantic_world_model]: Target 3 updated | association_distance=0.06 m | raw=(-6.17, 6.89, 0.00) | smoothed=(-6.16, 6.84, 0.00) | velocity=(-0.05, 0.14, 0.00) m/s | speed=0.15 m/s | net=0.16 m | straightness=0.80 | direction=0.00 | state=STATIONARY | detections=624
[INFO] [1790212593.869877004] [sage_semantic_world_model]: Target 3 updated | association_distance=0.05 m | raw=(-6.17, 6.89, 0.00) | smoothed=(-6.16, 6.86, 0.00) | velocity=(-0.08, 0.24, 0.00) m/s | speed=0.26 m/s | net=0.16 m | straightness=0.86 | direction=0.00 | state=STATIONARY | detections=625
[INFO] [1790212593.973223608] [sage_semantic_world_model]: Target 3 updated | association_distance=0.04 m | raw=(-6.17, 6.89, 0.00) | smoothed=(-6.16, 6.86, 0.00) | velocity=(-0.05, 0.16, 0.00) m/s | speed=0.17 m/s | net=0.17 m | straightness=0.90 | direction=0.00 | state=STATIONARY | detections=626
[INFO] [1790212594.079839926] [sage_semantic_world_model]: Target 3 updated | association_distance=0.11 m | raw=(-6.07, 6.92, 0.00) | smoothed=(-6.14, 6.88, 0.00) | velocity=(0.04, 0.13, 0.00) m/s | speed=0.13 m/s | net=0.18 m | straightness=0.86 | direction=0.00 | state=STATIONARY | detections=627
[INFO] [1790212594.172121912] [sage_semantic_world_model]: Target 3 updated | association_distance=0.09 m | raw=(-6.07, 6.92, 0.00) | smoothed=(-6.12, 6.89, 0.00) | velocity=(0.09, 0.12, 0.00) m/s | speed=0.15 m/s | net=0.19 m | straightness=0.84 | direction=0.00 | state=STATIONARY | detections=628
[INFO] [1790212594.272932274] [sage_semantic_world_model]: Target 3 updated | association_distance=0.06 m | raw=(-6.07, 6.92, 0.00) | smoothed=(-6.11, 6.90, 0.00) | velocity=(0.13, 0.11, 0.00) m/s | speed=0.17 m/s | net=0.19 m | straightness=0.83 | direction=0.00 | state=STATIONARY | detections=629
[INFO] [1790212594.675118239] [sage_semantic_world_model]: Target 3 updated | association_distance=0.09 m | raw=(-6.01, 6.91, 0.00) | smoothed=(-6.08, 6.90, 0.00) | velocity=(0.11, 0.05, 0.00) m/s | speed=0.12 m/s | net=0.15 m | straightness=0.75 | direction=0.00 | state=STATIONARY | detections=630
[INFO] [1790212594.770295890] [sage_semantic_world_model]: Target 3 updated | association_distance=0.07 m | raw=(-6.01, 6.91, 0.00) | smoothed=(-6.07, 6.90, 0.00) | velocity=(0.10, 0.04, 0.00) m/s | speed=0.11 m/s | net=0.13 m | straightness=0.74 | direction=0.00 | state=STATIONARY | detections=631
[INFO] [1790212594.866512779] [sage_semantic_world_model]: Target 3 updated | association_distance=0.05 m | raw=(-6.01, 6.91, 0.00) | smoothed=(-6.05, 6.91, 0.00) | velocity=(0.10, 0.02, 0.00) m/s | speed=0.10 m/s | net=0.13 m | straightness=0.81 | direction=0.00 | state=STATIONARY | detections=632
[INFO] [1790212594.970846426] [sage_semantic_world_model]: Target 3 updated | association_distance=0.04 m | raw=(-6.01, 6.91, 0.00) | smoothed=(-6.04, 6.91, 0.00) | velocity=(0.09, 0.01, 0.00) m/s | speed=0.09 m/s | net=0.13 m | straightness=0.87 | direction=0.00 | state=STATIONARY | detections=633
[INFO] [1790212595.266337023] [sage_semantic_world_model]: Target 3 updated | association_distance=0.05 m | raw=(-6.07, 6.87, 0.00) | smoothed=(-6.05, 6.90, 0.00) | velocity=(0.06, -0.01, 0.00) m/s | speed=0.06 m/s | net=0.12 m | straightness=0.79 | direction=0.00 | state=STATIONARY | detections=634
[INFO] [1790212595.365960192] [sage_semantic_world_model]: Target 3 updated | association_distance=0.03 m | raw=(-6.07, 6.87, 0.00) | smoothed=(-6.06, 6.89, 0.00) | velocity=(0.02, -0.02, 0.00) m/s | speed=0.03 m/s | net=0.11 m | straightness=0.74 | direction=0.00 | state=STATIONARY | detections=635
[INFO] [1790212595.471195684] [sage_semantic_world_model]: Target 3 updated | association_distance=0.09 m | raw=(-6.14, 6.84, 0.00) | smoothed=(-6.08, 6.88, 0.00) | velocity=(-0.04, -0.05, 0.00) m/s | speed=0.06 m/s | net=0.06 m | straightness=0.43 | direction=0.00 | state=STATIONARY | detections=636
[INFO] [1790212595.568842556] [sage_semantic_world_model]: Target 3 updated | association_distance=0.07 m | raw=(-6.14, 6.84, 0.00) | smoothed=(-6.09, 6.87, 0.00) | velocity=(-0.08, -0.06, 0.00) m/s | speed=0.10 m/s | net=0.04 m | straightness=0.25 | direction=0.00 | state=STATIONARY | detections=637
[INFO] [1790212595.668132508] [sage_semantic_world_model]: Target 3 updated | association_distance=0.01 m | raw=(-6.10, 6.87, 0.00) | smoothed=(-6.09, 6.87, 0.00) | velocity=(-0.10, -0.07, 0.00) m/s | speed=0.13 m/s | net=0.03 m | straightness=0.25 | direction=0.00 | state=STATIONARY | detections=638
[INFO] [1790212595.764009982] [sage_semantic_world_model]: Target 3 updated | association_distance=0.00 m | raw=(-6.10, 6.87, 0.00) | smoothed=(-6.09, 6.87, 0.00) | velocity=(-0.09, -0.05, 0.00) m/s | speed=0.11 m/s | net=0.03 m | straightness=0.32 | direction=0.00 | state=STATIONARY | detections=639
[INFO] [1790212595.866555676] [sage_semantic_world_model]: Target 3 updated | association_distance=0.00 m | raw=(-6.10, 6.87, 0.00) | smoothed=(-6.09, 6.87, 0.00) | velocity=(-0.05, -0.02, 0.00) m/s | speed=0.05 m/s | net=0.04 m | straightness=0.51 | direction=0.00 | state=STATIONARY | detections=640
[INFO] [1790212595.966276643] [sage_semantic_world_model]: Target 3 updated | association_distance=0.00 m | raw=(-6.10, 6.87, 0.00) | smoothed=(-6.09, 6.87, 0.00) | velocity=(-0.01, -0.00, 0.00) m/s | speed=0.01 m/s | net=0.06 m | straightness=0.73 | direction=0.00 | state=STATIONARY | detections=641
[INFO] [1790212596.080487839] [sage_semantic_world_model]: Target 3 updated | association_distance=0.00 m | raw=(-6.10, 6.87, 0.00) | smoothed=(-6.09, 6.87, 0.00) | velocity=(-0.01, -0.00, 0.00) m/s | speed=0.01 m/s | net=0.06 m | straightness=0.97 | direction=0.00 | state=STATIONARY | detections=642
[INFO] [1790212596.171129921] [sage_semantic_world_model]: Target 3 updated | association_distance=0.00 m | raw=(-6.10, 6.87, 0.00) | smoothed=(-6.10, 6.87, 0.00) | velocity=(-0.01, -0.00, 0.00) m/s | speed=0.01 m/s | net=0.05 m | straightness=0.98 | direction=0.00 | state=STATIONARY | detections=643
[INFO] [1790212596.266870804] [sage_semantic_world_model]: Target 3 updated | association_distance=0.00 m | raw=(-6.10, 6.87, 0.00) | smoothed=(-6.10, 6.87, 0.00) | velocity=(-0.00, -0.00, 0.00) m/s | speed=0.00 m/s | net=0.05 m | straightness=0.99 | direction=0.00 | state=STATIONARY | detections=644
[INFO] [1790212596.373969475] [sage_semantic_world_model]: Target 3 updated | association_distance=0.00 m | raw=(-6.10, 6.87, 0.00) | smoothed=(-6.10, 6.87, 0.00) | velocity=(-0.00, -0.00, 0.00) m/s | speed=0.00 m/s | net=0.02 m | straightness=0.98 | direction=0.00 | state=STATIONARY | detections=645
[INFO] [1790212596.465005752] [sage_semantic_world_model]: Target 3 updated | association_distance=0.00 m | raw=(-6.10, 6.87, 0.00) | smoothed=(-6.10, 6.87, 0.00) | velocity=(-0.00, -0.00, 0.00) m/s | speed=0.00 m/s | net=0.01 m | straightness=0.00 | direction=0.00 | state=STATIONARY | detections=646
[INFO] [1790212596.567255515] [sage_semantic_world_model]: Target 3 updated | association_distance=0.00 m | raw=(-6.10, 6.87, 0.00) | smoothed=(-6.10, 6.87, 0.00) | velocity=(-0.00, -0.00, 0.00) m/s | speed=0.00 m/s | net=0.00 m | straightness=0.00 | direction=0.00 | state=STATIONARY | detections=647
[INFO] [1790212597.877801123] [sage_semantic_world_model]: Target 3 updated | association_distance=0.45 m | raw=(-6.09, 6.42, 0.00) | smoothed=(-6.10, 6.76, 0.00) | velocity=(0.00, -0.07, 0.00) m/s | speed=0.07 m/s | net=0.11 m | straightness=0.98 | direction=0.00 | state=STATIONARY | detections=648
[INFO] [1790212597.965906226] [sage_semantic_world_model]: Target 3 updated | association_distance=0.34 m | raw=(-6.09, 6.42, 0.00) | smoothed=(-6.09, 6.67, 0.00) | velocity=(0.00, -0.12, 0.00) m/s | speed=0.12 m/s | net=0.20 m | straightness=0.99 | direction=0.00 | state=STATIONARY | detections=649
[INFO] [1790212598.072746390] [sage_semantic_world_model]: Target 3 updated | association_distance=0.26 m | raw=(-6.09, 6.42, 0.00) | smoothed=(-6.09, 6.61, 0.00) | velocity=(0.00, -0.16, 0.00) m/s | speed=0.16 m/s | net=0.26 m | straightness=0.99 | direction=0.00 | state=STATIONARY | detections=650
[INFO] [1790212598.176427800] [sage_semantic_world_model]: Target 3 updated | association_distance=0.23 m | raw=(-5.97, 6.42, 0.00) | smoothed=(-6.06, 6.56, 0.00) | velocity=(0.02, -0.19, 0.00) m/s | speed=0.19 m/s | net=0.31 m | straightness=0.97 | direction=0.00 | state=STATIONARY | detections=651
[INFO] [1790212598.277103786] [sage_semantic_world_model]: Target 3 updated | association_distance=0.17 m | raw=(-5.97, 6.42, 0.00) | smoothed=(-6.04, 6.52, 0.00) | velocity=(0.14, -0.56, 0.00) m/s | speed=0.58 m/s | net=0.35 m | straightness=0.96 | direction=0.00 | state=STATIONARY | detections=652
[INFO] [1790212598.373462156] [sage_semantic_world_model]: Target 3 updated | association_distance=0.13 m | raw=(-5.97, 6.42, 0.00) | smoothed=(-6.02, 6.50, 0.00) | velocity=(0.18, -0.43, 0.00) m/s | speed=0.47 m/s | net=0.38 m | straightness=0.96 | direction=0.00 | state=STATIONARY | detections=653
[INFO] [1790212598.467334781] [sage_semantic_world_model]: Target 3 updated | association_distance=0.10 m | raw=(-5.97, 6.42, 0.00) | smoothed=(-6.01, 6.48, 0.00) | velocity=(0.22, -0.33, 0.00) m/s | speed=0.39 m/s | net=0.40 m | straightness=0.96 | direction=0.00 | state=STATIONARY | detections=654
[INFO] [1790212598.563801347] [sage_semantic_world_model]: Target 3 updated | association_distance=0.07 m | raw=(-5.97, 6.42, 0.00) | smoothed=(-6.00, 6.46, 0.00) | velocity=(0.16, -0.24, 0.00) m/s | speed=0.29 m/s | net=0.42 m | straightness=0.96 | direction=0.00 | state=STATIONARY | detections=655
[INFO] [1790212599.568017587] [sage_semantic_world_model]: Target 1 updated | association_distance=0.64 m | raw=(0.05, 3.48, 0.00) | smoothed=(0.51, 3.36, 0.00) | velocity=(-0.01, -0.00, 0.00) m/s | speed=0.01 m/s | net=0.53 m | straightness=0.63 | direction=0.89 | state=STATIONARY | detections=584
[INFO] [1790212599.671621649] [sage_semantic_world_model]: Target 1 updated | association_distance=0.48 m | raw=(0.05, 3.48, 0.00) | smoothed=(0.40, 3.39, 0.00) | velocity=(-0.01, 0.00, 0.00) m/s | speed=0.01 m/s | net=0.26 m | straightness=0.34 | direction=0.00 | state=STATIONARY | detections=585
[INFO] [1790212599.773874919] [sage_semantic_world_model]: Target 1 updated | association_distance=0.36 m | raw=(0.05, 3.48, 0.00) | smoothed=(0.31, 3.42, 0.00) | velocity=(-0.02, 0.00, 0.00) m/s | speed=0.02 m/s | net=0.21 m | straightness=0.30 | direction=0.00 | state=STATIONARY | detections=586
[INFO] [1790212599.876676114] [sage_semantic_world_model]: Target 1 updated | association_distance=0.27 m | raw=(0.05, 3.48, 0.00) | smoothed=(0.24, 3.43, 0.00) | velocity=(-0.02, 0.01, 0.00) m/s | speed=0.02 m/s | net=0.30 m | straightness=0.46 | direction=0.00 | state=STATIONARY | detections=587
[INFO] [1790212606.476173455] [sage_semantic_world_model]: Target 1 updated | association_distance=1.03 m | raw=(0.65, 4.37, 0.00) | smoothed=(0.35, 3.67, 0.00) | velocity=(-0.02, 0.04, 0.00) m/s | speed=0.05 m/s | net=0.35 m | straightness=0.42 | direction=0.00 | state=STATIONARY | detections=588
[INFO] [1790212606.576358849] [sage_semantic_world_model]: Target 1 updated | association_distance=0.77 m | raw=(0.65, 4.37, 0.00) | smoothed=(0.42, 3.84, 0.00) | velocity=(0.00, 0.07, 0.00) m/s | speed=0.07 m/s | net=0.50 m | straightness=0.52 | direction=0.67 | state=STATIONARY | detections=589
[INFO] [1790212606.672175466] [sage_semantic_world_model]: Target 1 updated | association_distance=0.58 m | raw=(0.65, 4.37, 0.00) | smoothed=(0.48, 3.98, 0.00) | velocity=(0.02, 0.08, 0.00) m/s | speed=0.09 m/s | net=0.64 m | straightness=0.59 | direction=0.78 | state=STATIONARY | detections=590
[INFO] [1790212606.771171739] [sage_semantic_world_model]: Target 1 updated | association_distance=0.43 m | raw=(0.65, 4.37, 0.00) | smoothed=(0.52, 4.08, 0.00) | velocity=(0.04, 0.09, 0.00) m/s | speed=0.10 m/s | net=0.75 m | straightness=0.65 | direction=0.44 | state=STATIONARY | detections=591
[INFO] [1790212606.876023207] [sage_semantic_world_model]: Target 1 updated | association_distance=0.19 m | raw=(0.40, 4.22, 0.00) | smoothed=(0.49, 4.11, 0.00) | velocity=(0.36, 1.09, 0.00) m/s | speed=1.15 m/s | net=0.81 m | straightness=0.68 | direction=0.56 | state=STATIONARY | detections=592
[INFO] [1790212606.972266411] [sage_semantic_world_model]: Target 1 updated | association_distance=0.14 m | raw=(0.40, 4.22, 0.00) | smoothed=(0.47, 4.14, 0.00) | velocity=(0.12, 0.75, 0.00) m/s | speed=0.76 m/s | net=0.78 m | straightness=0.73 | direction=0.67 | state=STATIONARY | detections=593
[INFO] [1790212607.066391161] [sage_semantic_world_model]: Target 1 updated | association_distance=0.17 m | raw=(0.36, 4.01, 0.00) | smoothed=(0.44, 4.11, 0.00) | velocity=(-0.09, 0.33, 0.00) m/s | speed=0.34 m/s | net=0.72 m | straightness=0.73 | direction=0.67 | state=STATIONARY | detections=594
[INFO] [1790212607.171110046] [sage_semantic_world_model]: Target 1 updated | association_distance=0.13 m | raw=(0.36, 4.01, 0.00) | smoothed=(0.42, 4.08, 0.00) | velocity=(-0.25, 0.02, 0.00) m/s | speed=0.25 m/s | net=0.68 m | straightness=0.73 | direction=0.67 | state=STATIONARY | detections=595
[INFO] [1790212607.269151785] [sage_semantic_world_model]: Target 1 updated | association_distance=0.09 m | raw=(0.36, 4.01, 0.00) | smoothed=(0.41, 4.07, 0.00) | velocity=(-0.22, -0.12, 0.00) m/s | speed=0.25 m/s | net=0.65 m | straightness=0.74 | direction=0.67 | state=STATIONARY | detections=596
[INFO] [1790212607.371674201] [sage_semantic_world_model]: Target 1 updated | association_distance=0.16 m | raw=(0.27, 3.98, 0.00) | smoothed=(0.37, 4.04, 0.00) | velocity=(-0.24, -0.24, 0.00) m/s | speed=0.34 m/s | net=0.38 m | straightness=0.57 | direction=0.00 | state=STATIONARY | detections=597
[INFO] [1790212607.469040833] [sage_semantic_world_model]: Target 1 updated | association_distance=0.12 m | raw=(0.27, 3.98, 0.00) | smoothed=(0.35, 4.03, 0.00) | velocity=(-0.23, -0.20, 0.00) m/s | speed=0.31 m/s | net=0.20 m | straightness=0.39 | direction=0.00 | state=STATIONARY | detections=598
[INFO] [1790212607.575635711] [sage_semantic_world_model]: Target 1 updated | association_distance=0.09 m | raw=(0.27, 3.98, 0.00) | smoothed=(0.33, 4.02, 0.00) | velocity=(-0.23, -0.17, 0.00) m/s | speed=0.28 m/s | net=0.15 m | straightness=0.41 | direction=0.00 | state=STATIONARY | detections=599
[INFO] [1790212607.677234990] [sage_semantic_world_model]: Target 1 updated | association_distance=0.15 m | raw=(0.47, 4.04, 0.00) | smoothed=(0.37, 4.02, 0.00) | velocity=(-0.10, -0.11, 0.00) m/s | speed=0.14 m/s | net=0.17 m | straightness=0.54 | direction=0.00 | state=STATIONARY | detections=600
[INFO] [1790212607.772601665] [sage_semantic_world_model]: Target 1 updated | association_distance=0.11 m | raw=(0.47, 4.04, 0.00) | smoothed=(0.39, 4.03, 0.00) | velocity=(0.05, -0.04, 0.00) m/s | speed=0.06 m/s | net=0.13 m | straightness=0.45 | direction=0.00 | state=STATIONARY | detections=601
[INFO] [1790212607.867957411] [sage_semantic_world_model]: Target 1 updated | association_distance=0.08 m | raw=(0.47, 4.04, 0.00) | smoothed=(0.41, 4.03, 0.00) | velocity=(0.16, 0.01, 0.00) m/s | speed=0.16 m/s | net=0.12 m | straightness=0.45 | direction=0.00 | state=STATIONARY | detections=602
[INFO] [1790212607.975559264] [sage_semantic_world_model]: Target 1 updated | association_distance=0.22 m | raw=(0.21, 4.11, 0.00) | smoothed=(0.36, 4.05, 0.00) | velocity=(0.08, 0.09, 0.00) m/s | speed=0.12 m/s | net=0.10 m | straightness=0.34 | direction=0.00 | state=STATIONARY | detections=603
[INFO] [1790212608.079213333] [sage_semantic_world_model]: Target 1 updated | association_distance=0.17 m | raw=(0.21, 4.11, 0.00) | smoothed=(0.32, 4.07, 0.00) | velocity=(-0.11, 0.11, 0.00) m/s | speed=0.15 m/s | net=0.10 m | straightness=0.33 | direction=0.00 | state=STATIONARY | detections=604
[INFO] [1790212608.176995510] [sage_semantic_world_model]: Target 1 updated | association_distance=0.12 m | raw=(0.21, 4.11, 0.00) | smoothed=(0.29, 4.08, 0.00) | velocity=(-0.25, 0.13, 0.00) m/s | speed=0.28 m/s | net=0.11 m | straightness=0.37 | direction=0.00 | state=STATIONARY | detections=605
[INFO] [1790212608.267774441] [sage_semantic_world_model]: Target 1 updated | association_distance=0.11 m | raw=(0.31, 4.19, 0.00) | smoothed=(0.30, 4.10, 0.00) | velocity=(-0.28, 0.18, 0.00) m/s | speed=0.34 m/s | net=0.10 m | straightness=0.33 | direction=0.00 | state=STATIONARY | detections=606
[INFO] [1790212608.383259754] [sage_semantic_world_model]: Target 1 updated | association_distance=0.08 m | raw=(0.31, 4.19, 0.00) | smoothed=(0.30, 4.12, 0.00) | velocity=(-0.15, 0.18, 0.00) m/s | speed=0.23 m/s | net=0.11 m | straightness=0.38 | direction=0.00 | state=STATIONARY | detections=607
[INFO] [1790212608.484613086] [sage_semantic_world_model]: Target 1 updated | association_distance=0.06 m | raw=(0.31, 4.19, 0.00) | smoothed=(0.31, 4.14, 0.00) | velocity=(-0.04, 0.18, 0.00) m/s | speed=0.19 m/s | net=0.13 m | straightness=0.46 | direction=0.00 | state=STATIONARY | detections=608
[INFO] [1790212608.572837764] [sage_semantic_world_model]: Target 4 updated | association_distance=1.92 m | raw=(5.74, -6.71, 0.00) | smoothed=(5.66, -5.27, 0.00) | velocity=(0.00, 0.00, 0.00) m/s | speed=0.00 m/s | net=0.56 m | straightness=0.33 | direction=0.67 | state=MOVING | detections=477
[INFO] [1790212608.684335743] [sage_semantic_world_model]: Target 4 updated | association_distance=1.44 m | raw=(5.74, -6.71, 0.00) | smoothed=(5.68, -5.63, 0.00) | velocity=(0.00, -0.01, 0.00) m/s | speed=0.01 m/s | net=0.18 m | straightness=0.09 | direction=0.00 | state=MOVING | detections=478
[INFO] [1790212608.769379212] [sage_semantic_world_model]: Target 4 updated | association_distance=0.62 m | raw=(5.40, -6.17, 0.00) | smoothed=(5.61, -5.77, 0.00) | velocity=(0.00, -0.01, 0.00) m/s | speed=0.01 m/s | net=0.14 m | straightness=0.07 | direction=0.00 | state=MOVING | detections=479
[INFO] [1790212608.872950003] [sage_semantic_world_model]: Target 4 updated | association_distance=0.46 m | raw=(5.40, -6.17, 0.00) | smoothed=(5.56, -5.87, 0.00) | velocity=(-0.00, -0.02, 0.00) m/s | speed=0.02 m/s | net=0.27 m | straightness=0.13 | direction=0.00 | state=MOVING | detections=480
[INFO] [1790212608.984238479] [sage_semantic_world_model]: Target 4 updated | association_distance=0.37 m | raw=(5.36, -6.18, 0.00) | smoothed=(5.51, -5.95, 0.00) | velocity=(-0.39, -1.68, 0.00) m/s | speed=1.73 m/s | net=0.36 m | straightness=0.18 | direction=0.00 | state=MOVING | detections=481
[INFO] [1790212609.075596214] [sage_semantic_world_model]: Target 4 updated | association_distance=0.28 m | raw=(5.36, -6.18, 0.00) | smoothed=(5.47, -6.00, 0.00) | velocity=(-0.53, -0.94, 0.00) m/s | speed=1.08 m/s | net=0.71 m | straightness=0.39 | direction=0.67 | state=MOVING | detections=482
[INFO] [1790212609.163488404] [sage_semantic_world_model]: Target 4 updated | association_distance=0.21 m | raw=(5.36, -6.18, 0.00) | smoothed=(5.44, -6.05, 0.00) | velocity=(-0.43, -0.71, 0.00) m/s | speed=0.83 m/s | net=0.98 m | straightness=0.60 | direction=0.78 | state=MOVING | detections=483
[INFO] [1790212609.266962364] [sage_semantic_world_model]: Target 4 updated | association_distance=0.16 m | raw=(5.36, -6.18, 0.00) | smoothed=(5.42, -6.08, 0.00) | velocity=(-0.34, -0.53, 0.00) m/s | speed=0.63 m/s | net=1.18 m | straightness=0.79 | direction=0.89 | state=MOVING | detections=484
[INFO] [1790212609.369369344] [sage_semantic_world_model]: Target 4 updated | association_distance=0.29 m | raw=(5.19, -5.90, 0.00) | smoothed=(5.36, -6.04, 0.00) | velocity=(-0.37, -0.23, 0.00) m/s | speed=0.43 m/s | net=1.27 m | straightness=0.89 | direction=0.89 | state=MOVING | detections=485
[INFO] [1790212609.468991126] [sage_semantic_world_model]: Target 4 updated | association_distance=0.22 m | raw=(5.19, -5.90, 0.00) | smoothed=(5.32, -6.00, 0.00) | velocity=(-0.38, 0.00, 0.00) m/s | speed=0.38 m/s | net=0.81 m | straightness=0.80 | direction=0.78 | state=MOVING | detections=486
[INFO] [1790212609.571921009] [sage_semantic_world_model]: Target 4 updated | association_distance=0.17 m | raw=(5.19, -5.90, 0.00) | smoothed=(5.29, -5.98, 0.00) | velocity=(-0.39, 0.18, 0.00) m/s | speed=0.43 m/s | net=0.53 m | straightness=0.76 | direction=0.67 | state=MOVING | detections=487
[INFO] [1790212609.675080715] [sage_semantic_world_model]: Target 4 updated | association_distance=0.12 m | raw=(5.19, -5.90, 0.00) | smoothed=(5.26, -5.96, 0.00) | velocity=(-0.40, 0.30, 0.00) m/s | speed=0.50 m/s | net=0.40 m | straightness=0.70 | direction=0.00 | state=MOVING | detections=488
[INFO] [1790212612.474181572] [sage_semantic_world_model]: Target 3 updated | association_distance=0.71 m | raw=(-6.68, 6.66, 0.00) | smoothed=(-6.17, 6.51, 0.00) | velocity=(-0.01, -0.00, 0.00) m/s | speed=0.01 m/s | net=0.36 m | straightness=0.59 | direction=0.00 | state=STATIONARY | detections=656
[INFO] [1790212612.571361789] [sage_semantic_world_model]: Target 3 updated | association_distance=0.53 m | raw=(-6.68, 6.66, 0.00) | smoothed=(-6.30, 6.55, 0.00) | velocity=(-0.02, 0.00, 0.00) m/s | speed=0.02 m/s | net=0.29 m | straightness=0.46 | direction=0.00 | state=STATIONARY | detections=657
[INFO] [1790212613.082366852] [sage_semantic_world_model]: Target 3 updated | association_distance=0.82 m | raw=(-6.31, 7.37, 0.00) | smoothed=(-6.30, 6.75, 0.00) | velocity=(-0.02, 0.02, 0.00) m/s | speed=0.03 m/s | net=0.22 m | straightness=0.30 | direction=0.00 | state=STATIONARY | detections=658
[INFO] [1790212613.169523765] [sage_semantic_world_model]: Target 3 updated | association_distance=0.61 m | raw=(-6.31, 7.37, 0.00) | smoothed=(-6.31, 6.91, 0.00) | velocity=(-0.02, 0.03, 0.00) m/s | speed=0.04 m/s | net=0.37 m | straightness=0.44 | direction=0.00 | state=STATIONARY | detections=659
[INFO] [1790212613.267080766] [sage_semantic_world_model]: Target 3 updated | association_distance=0.63 m | raw=(-5.83, 7.32, 0.00) | smoothed=(-6.19, 7.01, 0.00) | velocity=(-0.02, 0.62, 0.00) m/s | speed=0.62 m/s | net=0.47 m | straightness=0.49 | direction=0.00 | state=STATIONARY | detections=660
[INFO] [1790212613.366501728] [sage_semantic_world_model]: Target 3 updated | association_distance=0.47 m | raw=(-5.83, 7.32, 0.00) | smoothed=(-6.10, 7.09, 0.00) | velocity=(0.25, 0.67, 0.00) m/s | speed=0.72 m/s | net=0.56 m | straightness=0.55 | direction=0.44 | state=STATIONARY | detections=661
[INFO] [1790212613.463154465] [sage_semantic_world_model]: Target 3 updated | association_distance=0.35 m | raw=(-5.83, 7.32, 0.00) | smoothed=(-6.03, 7.14, 0.00) | velocity=(0.70, 0.99, 0.00) m/s | speed=1.21 m/s | net=0.65 m | straightness=0.60 | direction=0.56 | state=STATIONARY | detections=662
[INFO] [1790212613.576118482] [sage_semantic_world_model]: Target 3 updated | association_distance=0.27 m | raw=(-5.83, 7.32, 0.00) | smoothed=(-5.98, 7.19, 0.00) | velocity=(0.81, 0.70, 0.00) m/s | speed=1.07 m/s | net=0.71 m | straightness=0.64 | direction=0.67 | state=STATIONARY | detections=663
[INFO] [1790212615.373255297] [sage_semantic_world_model]: Target 3 updated | association_distance=1.25 m | raw=(-4.74, 6.98, 0.00) | smoothed=(-5.67, 7.14, 0.00) | velocity=(0.25, 0.06, 0.00) m/s | speed=0.25 m/s | net=0.75 m | straightness=0.53 | direction=0.67 | state=STATIONARY | detections=664
[INFO] [1790212615.483114436] [sage_semantic_world_model]: Target 3 updated | association_distance=0.94 m | raw=(-4.74, 6.98, 0.00) | smoothed=(-5.44, 7.10, 0.00) | velocity=(0.31, 0.01, 0.00) m/s | speed=0.31 m/s | net=0.94 m | straightness=0.64 | direction=0.89 | state=STATIONARY | detections=665
[INFO] [1790212615.578123710] [sage_semantic_world_model]: Target 3 updated | association_distance=0.71 m | raw=(-4.74, 6.98, 0.00) | smoothed=(-5.26, 7.07, 0.00) | velocity=(0.36, -0.04, 0.00) m/s | speed=0.37 m/s | net=1.16 m | straightness=0.77 | direction=0.78 | state=STATIONARY | detections=666
[INFO] [1790212620.865191301] [sage_semantic_world_model]: Target 1 updated | association_distance=0.33 m | raw=(0.29, 3.81, 0.00) | smoothed=(0.30, 4.06, 0.00) | velocity=(0.00, -0.00, 0.00) m/s | speed=0.00 m/s | net=0.07 m | straightness=0.22 | direction=0.00 | state=STATIONARY | detections=609
[INFO] [1790212620.986029344] [sage_semantic_world_model]: Target 1 updated | association_distance=0.25 m | raw=(0.29, 3.81, 0.00) | smoothed=(0.30, 3.99, 0.00) | velocity=(-0.00, -0.01, 0.00) m/s | speed=0.01 m/s | net=0.10 m | straightness=0.28 | direction=0.00 | state=STATIONARY | detections=610
[INFO] [1790212621.067272495] [sage_semantic_world_model]: Target 1 updated | association_distance=0.19 m | raw=(0.29, 3.81, 0.00) | smoothed=(0.30, 3.95, 0.00) | velocity=(-0.00, -0.01, 0.00) m/s | speed=0.01 m/s | net=0.14 m | straightness=0.37 | direction=0.00 | state=STATIONARY | detections=611
[INFO] [1790212621.177267846] [sage_semantic_world_model]: Target 1 updated | association_distance=0.35 m | raw=(0.46, 3.64, 0.00) | smoothed=(0.34, 3.87, 0.00) | velocity=(0.00, -0.02, 0.00) m/s | speed=0.02 m/s | net=0.18 m | straightness=0.44 | direction=0.00 | state=STATIONARY | detections=612
[INFO] [1790212621.265820650] [sage_semantic_world_model]: Target 1 updated | association_distance=0.26 m | raw=(0.46, 3.64, 0.00) | smoothed=(0.37, 3.81, 0.00) | velocity=(0.17, -0.61, 0.00) m/s | speed=0.63 m/s | net=0.26 m | straightness=0.59 | direction=0.00 | state=STATIONARY | detections=613
[INFO] [1790212621.366233130] [sage_semantic_world_model]: Target 1 updated | association_distance=0.20 m | raw=(0.46, 3.64, 0.00) | smoothed=(0.39, 3.77, 0.00) | velocity=(0.23, -0.56, 0.00) m/s | speed=0.61 m/s | net=0.32 m | straightness=0.71 | direction=0.00 | state=STATIONARY | detections=614
[INFO] [1790212621.469334794] [sage_semantic_world_model]: Target 1 updated | association_distance=0.15 m | raw=(0.46, 3.64, 0.00) | smoothed=(0.41, 3.74, 0.00) | velocity=(0.28, -0.52, 0.00) m/s | speed=0.59 m/s | net=0.38 m | straightness=0.82 | direction=0.00 | state=STATIONARY | detections=615
[INFO] [1790212621.569268439] [sage_semantic_world_model]: Target 1 updated | association_distance=0.11 m | raw=(0.46, 3.64, 0.00) | smoothed=(0.42, 3.71, 0.00) | velocity=(0.21, -0.39, 0.00) m/s | speed=0.45 m/s | net=0.43 m | straightness=0.91 | direction=0.00 | state=STATIONARY | detections=616
[INFO] [1790212621.663807646] [sage_semantic_world_model]: Target 1 updated | association_distance=0.08 m | raw=(0.35, 3.75, 0.00) | smoothed=(0.40, 3.72, 0.00) | velocity=(0.09, -0.23, 0.00) m/s | speed=0.24 m/s | net=0.43 m | straightness=0.89 | direction=0.00 | state=STATIONARY | detections=617
[INFO] [1790212621.776903209] [sage_semantic_world_model]: Target 1 updated | association_distance=0.06 m | raw=(0.35, 3.75, 0.00) | smoothed=(0.39, 3.73, 0.00) | velocity=(-0.01, -0.10, 0.00) m/s | speed=0.10 m/s | net=0.34 m | straightness=0.82 | direction=0.00 | state=STATIONARY | detections=618
[INFO] [1790212622.967223427] [sage_semantic_world_model]: Target 1 updated | association_distance=0.06 m | raw=(0.36, 3.79, 0.00) | smoothed=(0.38, 3.74, 0.00) | velocity=(-0.02, 0.00, 0.00) m/s | speed=0.02 m/s | net=0.26 m | straightness=0.72 | direction=0.00 | state=STATIONARY | detections=619
[INFO] [1790212623.069551521] [sage_semantic_world_model]: Target 1 updated | association_distance=0.05 m | raw=(0.36, 3.79, 0.00) | smoothed=(0.38, 3.75, 0.00) | velocity=(-0.03, 0.03, 0.00) m/s | speed=0.04 m/s | net=0.21 m | straightness=0.63 | direction=0.00 | state=STATIONARY | detections=620
[INFO] [1790212623.171177346] [sage_semantic_world_model]: Target 1 updated | association_distance=0.03 m | raw=(0.36, 3.79, 0.00) | smoothed=(0.37, 3.76, 0.00) | velocity=(-0.02, 0.03, 0.00) m/s | speed=0.03 m/s | net=0.11 m | straightness=0.45 | direction=0.00 | state=STATIONARY | detections=621
[INFO] [1790212623.267662008] [sage_semantic_world_model]: Target 1 updated | association_distance=0.10 m | raw=(0.46, 3.73, 0.00) | smoothed=(0.39, 3.75, 0.00) | velocity=(0.00, 0.02, 0.00) m/s | speed=0.02 m/s | net=0.07 m | straightness=0.31 | direction=0.00 | state=STATIONARY | detections=622
[INFO] [1790212623.366013642] [sage_semantic_world_model]: Target 1 updated | association_distance=0.07 m | raw=(0.46, 3.73, 0.00) | smoothed=(0.41, 3.75, 0.00) | velocity=(0.07, 0.01, 0.00) m/s | speed=0.07 m/s | net=0.03 m | straightness=0.17 | direction=0.00 | state=STATIONARY | detections=623
[INFO] [1790212623.469574729] [sage_semantic_world_model]: Target 1 updated | association_distance=0.12 m | raw=(0.42, 3.62, 0.00) | smoothed=(0.41, 3.72, 0.00) | velocity=(0.10, -0.10, 0.00) m/s | speed=0.14 m/s | net=0.02 m | straightness=0.13 | direction=0.00 | state=STATIONARY | detections=624
[INFO] [1790212623.570887338] [sage_semantic_world_model]: Target 1 updated | association_distance=0.09 m | raw=(0.42, 3.62, 0.00) | smoothed=(0.42, 3.69, 0.00) | velocity=(0.11, -0.18, 0.00) m/s | speed=0.21 m/s | net=0.02 m | straightness=0.12 | direction=0.00 | state=STATIONARY | detections=625
[INFO] [1790212623.672687293] [sage_semantic_world_model]: Target 1 updated | association_distance=0.07 m | raw=(0.42, 3.62, 0.00) | smoothed=(0.42, 3.68, 0.00) | velocity=(0.06, -0.19, 0.00) m/s | speed=0.20 m/s | net=0.05 m | straightness=0.30 | direction=0.00 | state=STATIONARY | detections=626
[INFO] [1790212623.768812245] [sage_semantic_world_model]: Target 1 updated | association_distance=0.05 m | raw=(0.42, 3.62, 0.00) | smoothed=(0.42, 3.66, 0.00) | velocity=(0.02, -0.21, 0.00) m/s | speed=0.21 m/s | net=0.07 m | straightness=0.46 | direction=0.00 | state=STATIONARY | detections=627
[INFO] [1790212623.873315597] [sage_semantic_world_model]: Target 1 updated | association_distance=0.04 m | raw=(0.42, 3.62, 0.00) | smoothed=(0.42, 3.65, 0.00) | velocity=(0.02, -0.16, 0.00) m/s | speed=0.16 m/s | net=0.10 m | straightness=0.64 | direction=0.00 | state=STATIONARY | detections=628
[INFO] [1790212623.967846409] [sage_semantic_world_model]: Target 1 updated | association_distance=0.03 m | raw=(0.42, 3.62, 0.00) | smoothed=(0.42, 3.65, 0.00) | velocity=(0.01, -0.12, 0.00) m/s | speed=0.12 m/s | net=0.12 m | straightness=0.77 | direction=0.00 | state=STATIONARY | detections=629
[INFO] [1790212625.269824003] [sage_semantic_world_model]: Target 3 updated | association_distance=1.99 m | raw=(-7.08, 6.26, 0.00) | smoothed=(-5.72, 6.87, 0.00) | velocity=(0.02, -0.03, 0.00) m/s | speed=0.04 m/s | net=0.60 m | straightness=0.33 | direction=0.78 | state=STATIONARY | detections=667
[INFO] [1790212625.368957755] [sage_semantic_world_model]: Target 3 updated | association_distance=1.49 m | raw=(-7.08, 6.26, 0.00) | smoothed=(-6.06, 6.71, 0.00) | velocity=(-0.04, -0.04, 0.00) m/s | speed=0.06 m/s | net=0.31 m | straightness=0.16 | direction=0.00 | state=STATIONARY | detections=668
[INFO] [1790212625.473831367] [sage_semantic_world_model]: Target 3 updated | association_distance=0.53 m | raw=(-6.57, 6.84, 0.00) | smoothed=(-6.19, 6.74, 0.00) | velocity=(-0.07, -0.04, 0.00) m/s | speed=0.08 m/s | net=0.27 m | straightness=0.13 | direction=0.00 | state=STATIONARY | detections=669
[INFO] [1790212625.566055616] [sage_semantic_world_model]: Target 3 updated | association_distance=0.40 m | raw=(-6.57, 6.84, 0.00) | smoothed=(-6.28, 6.77, 0.00) | velocity=(-0.10, -0.03, 0.00) m/s | speed=0.11 m/s | net=0.37 m | straightness=0.19 | direction=0.00 | state=STATIONARY | detections=670
[INFO] [1790212625.666391632] [sage_semantic_world_model]: Target 3 updated | association_distance=0.30 m | raw=(-6.57, 6.84, 0.00) | smoothed=(-6.36, 6.78, 0.00) | velocity=(-1.60, -0.21, 0.00) m/s | speed=1.61 m/s | net=0.49 m | straightness=0.25 | direction=0.00 | state=STATIONARY | detections=671
[INFO] [1790212625.774765994] [sage_semantic_world_model]: Target 3 updated | association_distance=0.13 m | raw=(-6.48, 6.82, 0.00) | smoothed=(-6.39, 6.79, 0.00) | velocity=(-0.83, 0.20, 0.00) m/s | speed=0.85 m/s | net=0.57 m | straightness=0.29 | direction=0.67 | state=STATIONARY | detections=672
[INFO] [1790212625.871757905] [sage_semantic_world_model]: Target 3 updated | association_distance=0.10 m | raw=(-6.48, 6.82, 0.00) | smoothed=(-6.41, 6.80, 0.00) | velocity=(-0.57, 0.14, 0.00) m/s | speed=0.59 m/s | net=0.82 m | straightness=0.50 | direction=0.78 | state=STATIONARY | detections=673
[INFO] [1790212625.971850744] [sage_semantic_world_model]: Target 3 updated | association_distance=0.07 m | raw=(-6.48, 6.82, 0.00) | smoothed=(-6.43, 6.80, 0.00) | velocity=(-0.37, 0.09, 0.00) m/s | speed=0.38 m/s | net=1.04 m | straightness=0.72 | direction=0.89 | state=STATIONARY | detections=674
[INFO] [1790212629.471440466] [sage_semantic_world_model]: Target 1 updated | association_distance=0.24 m | raw=(0.57, 3.83, 0.00) | smoothed=(0.46, 3.69, 0.00) | velocity=(0.01, 0.00, 0.00) m/s | speed=0.01 m/s | net=0.11 m | straightness=0.55 | direction=0.00 | state=STATIONARY | detections=630
[INFO] [1790212629.568384300] [sage_semantic_world_model]: Target 1 updated | association_distance=0.18 m | raw=(0.57, 3.83, 0.00) | smoothed=(0.49, 3.73, 0.00) | velocity=(0.01, 0.01, 0.00) m/s | speed=0.02 m/s | net=0.10 m | straightness=0.43 | direction=0.00 | state=STATIONARY | detections=631
[INFO] [1790212629.665778364] [sage_semantic_world_model]: Target 1 updated | association_distance=0.13 m | raw=(0.57, 3.83, 0.00) | smoothed=(0.51, 3.75, 0.00) | velocity=(0.01, 0.02, 0.00) m/s | speed=0.02 m/s | net=0.10 m | straightness=0.40 | direction=0.00 | state=STATIONARY | detections=632
[INFO] [1790212630.665535793] [sage_semantic_world_model]: Target 1 updated | association_distance=0.19 m | raw=(0.40, 3.59, 0.00) | smoothed=(0.48, 3.71, 0.00) | velocity=(0.01, 0.01, 0.00) m/s | speed=0.01 m/s | net=0.07 m | straightness=0.26 | direction=0.00 | state=STATIONARY | detections=633
[INFO] [1790212630.777970222] [sage_semantic_world_model]: Target 1 updated | association_distance=0.14 m | raw=(0.40, 3.59, 0.00) | smoothed=(0.46, 3.68, 0.00) | velocity=(0.00, -0.01, 0.00) m/s | speed=0.01 m/s | net=0.04 m | straightness=0.17 | direction=0.00 | state=STATIONARY | detections=634
[INFO] [1790212630.865519925] [sage_semantic_world_model]: Target 1 updated | association_distance=0.11 m | raw=(0.40, 3.59, 0.00) | smoothed=(0.44, 3.66, 0.00) | velocity=(-0.03, -0.05, 0.00) m/s | speed=0.06 m/s | net=0.03 m | straightness=0.11 | direction=0.00 | state=STATIONARY | detections=635
[INFO] [1790212630.965338015] [sage_semantic_world_model]: Target 1 updated | association_distance=0.05 m | raw=(0.49, 3.64, 0.00) | smoothed=(0.45, 3.65, 0.00) | velocity=(-0.04, -0.07, 0.00) m/s | speed=0.08 m/s | net=0.04 m | straightness=0.13 | direction=0.00 | state=STATIONARY | detections=636
[INFO] [1790212631.065691541] [sage_semantic_world_model]: Target 1 updated | association_distance=0.04 m | raw=(0.49, 3.64, 0.00) | smoothed=(0.46, 3.65, 0.00) | velocity=(-0.04, -0.15, 0.00) m/s | speed=0.16 m/s | net=0.04 m | straightness=0.15 | direction=0.00 | state=STATIONARY | detections=637
[INFO] [1790212631.175825681] [sage_semantic_world_model]: Target 1 updated | association_distance=0.03 m | raw=(0.49, 3.64, 0.00) | smoothed=(0.47, 3.65, 0.00) | velocity=(0.02, -0.09, 0.00) m/s | speed=0.09 m/s | net=0.05 m | straightness=0.17 | direction=0.00 | state=STATIONARY | detections=638
[INFO] [1790212631.272176531] [sage_semantic_world_model]: Target 1 updated | association_distance=0.12 m | raw=(0.56, 3.56, 0.00) | smoothed=(0.49, 3.63, 0.00) | velocity=(0.12, -0.09, 0.00) m/s | speed=0.14 m/s | net=0.07 m | straightness=0.30 | direction=0.00 | state=STATIONARY | detections=639
[INFO] [1790212631.371276688] [sage_semantic_world_model]: Target 1 updated | association_distance=0.09 m | raw=(0.56, 3.56, 0.00) | smoothed=(0.51, 3.61, 0.00) | velocity=(0.13, -0.11, 0.00) m/s | speed=0.17 m/s | net=0.12 m | straightness=0.52 | direction=0.00 | state=STATIONARY | detections=640
[INFO] [1790212631.468321970] [sage_semantic_world_model]: Target 1 updated | association_distance=0.07 m | raw=(0.56, 3.56, 0.00) | smoothed=(0.52, 3.60, 0.00) | velocity=(0.14, -0.13, 0.00) m/s | speed=0.20 m/s | net=0.16 m | straightness=0.74 | direction=0.00 | state=STATIONARY | detections=641
[INFO] [1790212636.573530645] [sage_semantic_world_model]: Target 3 updated | association_distance=1.54 m | raw=(-4.89, 6.74, 0.00) | smoothed=(-6.04, 6.79, 0.00) | velocity=(0.03, 0.00, 0.00) m/s | speed=0.03 m/s | net=0.83 m | straightness=0.51 | direction=0.89 | state=STATIONARY | detections=675
[INFO] [1790212636.669180089] [sage_semantic_world_model]: Target 3 updated | association_distance=1.16 m | raw=(-4.89, 6.74, 0.00) | smoothed=(-5.76, 6.78, 0.00) | velocity=(0.06, -0.00, 0.00) m/s | speed=0.06 m/s | net=0.10 m | straightness=0.07 | direction=0.00 | state=STATIONARY | detections=676
[INFO] [1790212636.764770831] [sage_semantic_world_model]: Target 3 updated | association_distance=0.87 m | raw=(-4.89, 6.74, 0.00) | smoothed=(-5.54, 6.77, 0.00) | velocity=(0.08, -0.00, 0.00) m/s | speed=0.08 m/s | net=0.52 m | straightness=0.41 | direction=0.33 | state=STATIONARY | detections=677
[INFO] [1790212643.372572445] [sage_semantic_world_model]: Target 1 updated | association_distance=0.03 m | raw=(0.52, 3.57, 0.00) | smoothed=(0.52, 3.59, 0.00) | velocity=(0.00, -0.00, 0.00) m/s | speed=0.01 m/s | net=0.13 m | straightness=0.76 | direction=0.00 | state=STATIONARY | detections=642
[INFO] [1790212643.465513177] [sage_semantic_world_model]: Target 1 updated | association_distance=0.02 m | raw=(0.52, 3.57, 0.00) | smoothed=(0.52, 3.59, 0.00) | velocity=(0.00, -0.00, 0.00) m/s | speed=0.00 m/s | net=0.11 m | straightness=0.83 | direction=0.00 | state=STATIONARY | detections=643
[INFO] [1790212643.573819637] [sage_semantic_world_model]: Target 1 updated | association_distance=0.01 m | raw=(0.52, 3.57, 0.00) | smoothed=(0.52, 3.58, 0.00) | velocity=(0.00, -0.00, 0.00) m/s | speed=0.00 m/s | net=0.11 m | straightness=0.95 | direction=0.00 | state=STATIONARY | detections=644
[INFO] [1790212643.668406949] [sage_semantic_world_model]: Target 1 updated | association_distance=0.01 m | raw=(0.52, 3.57, 0.00) | smoothed=(0.52, 3.58, 0.00) | velocity=(0.00, -0.00, 0.00) m/s | speed=0.00 m/s | net=0.10 m | straightness=0.95 | direction=0.00 | state=STATIONARY | detections=645
[INFO] [1790212643.768312675] [sage_semantic_world_model]: Target 1 updated | association_distance=0.07 m | raw=(0.46, 3.55, 0.00) | smoothed=(0.50, 3.57, 0.00) | velocity=(-0.04, -0.05, 0.00) m/s | speed=0.06 m/s | net=0.09 m | straightness=0.79 | direction=0.00 | state=STATIONARY | detections=646
[INFO] [1790212643.880040705] [sage_semantic_world_model]: Target 1 updated | association_distance=0.05 m | raw=(0.46, 3.55, 0.00) | smoothed=(0.49, 3.57, 0.00) | velocity=(-0.07, -0.05, 0.00) m/s | speed=0.08 m/s | net=0.08 m | straightness=0.71 | direction=0.00 | state=STATIONARY | detections=647
[INFO] [1790212643.971515807] [sage_semantic_world_model]: Target 1 updated | association_distance=0.04 m | raw=(0.46, 3.55, 0.00) | smoothed=(0.48, 3.56, 0.00) | velocity=(-0.09, -0.05, 0.00) m/s | speed=0.10 m/s | net=0.06 m | straightness=0.65 | direction=0.00 | state=STATIONARY | detections=648
[INFO] [1790212644.072906900] [sage_semantic_world_model]: Target 1 updated | association_distance=0.03 m | raw=(0.46, 3.55, 0.00) | smoothed=(0.48, 3.56, 0.00) | velocity=(-0.11, -0.05, 0.00) m/s | speed=0.12 m/s | net=0.06 m | straightness=0.70 | direction=0.00 | state=STATIONARY | detections=649
[INFO] [1790212644.169327119] [sage_semantic_world_model]: Target 1 updated | association_distance=0.02 m | raw=(0.46, 3.55, 0.00) | smoothed=(0.47, 3.56, 0.00) | velocity=(-0.08, -0.04, 0.00) m/s | speed=0.09 m/s | net=0.06 m | straightness=0.87 | direction=0.00 | state=STATIONARY | detections=650
[INFO] [1790212644.267027933] [sage_semantic_world_model]: Target 1 updated | association_distance=0.07 m | raw=(0.51, 3.49, 0.00) | smoothed=(0.48, 3.54, 0.00) | velocity=(-0.03, -0.06, 0.00) m/s | speed=0.07 m/s | net=0.06 m | straightness=0.76 | direction=0.00 | state=STATIONARY | detections=651
[INFO] [1790212644.366289468] [sage_semantic_world_model]: Target 1 updated | association_distance=0.05 m | raw=(0.51, 3.49, 0.00) | smoothed=(0.49, 3.53, 0.00) | velocity=(0.01, -0.08, 0.00) m/s | speed=0.08 m/s | net=0.06 m | straightness=0.72 | direction=0.00 | state=STATIONARY | detections=652
[INFO] [1790212644.468640789] [sage_semantic_world_model]: Target 1 updated | association_distance=0.04 m | raw=(0.51, 3.49, 0.00) | smoothed=(0.49, 3.52, 0.00) | velocity=(0.04, -0.10, 0.00) m/s | speed=0.11 m/s | net=0.07 m | straightness=0.70 | direction=0.00 | state=STATIONARY | detections=653
[INFO] [1790212644.565007743] [sage_semantic_world_model]: Target 1 updated | association_distance=0.03 m | raw=(0.51, 3.49, 0.00) | smoothed=(0.50, 3.51, 0.00) | velocity=(0.06, -0.11, 0.00) m/s | speed=0.12 m/s | net=0.07 m | straightness=0.69 | direction=0.00 | state=STATIONARY | detections=654
[INFO] [1790212644.667869818] [sage_semantic_world_model]: Target 1 updated | association_distance=0.02 m | raw=(0.51, 3.49, 0.00) | smoothed=(0.50, 3.51, 0.00) | velocity=(0.04, -0.08, 0.00) m/s | speed=0.09 m/s | net=0.06 m | straightness=0.71 | direction=0.00 | state=STATIONARY | detections=655
[INFO] [1790212644.773442854] [sage_semantic_world_model]: Target 1 updated | association_distance=0.02 m | raw=(0.51, 3.49, 0.00) | smoothed=(0.50, 3.50, 0.00) | velocity=(0.03, -0.06, 0.00) m/s | speed=0.07 m/s | net=0.06 m | straightness=0.76 | direction=0.00 | state=STATIONARY | detections=656
[INFO] [1790212644.878329415] [sage_semantic_world_model]: Target 1 updated | association_distance=0.01 m | raw=(0.51, 3.49, 0.00) | smoothed=(0.50, 3.50, 0.00) | velocity=(0.02, -0.05, 0.00) m/s | speed=0.05 m/s | net=0.06 m | straightness=0.84 | direction=0.00 | state=STATIONARY | detections=657
[INFO] [1790212644.975282336] [sage_semantic_world_model]: Target 1 updated | association_distance=0.01 m | raw=(0.51, 3.49, 0.00) | smoothed=(0.50, 3.50, 0.00) | velocity=(0.02, -0.03, 0.00) m/s | speed=0.04 m/s | net=0.07 m | straightness=0.92 | direction=0.00 | state=STATIONARY | detections=658
[INFO] [1790212645.068359957] [sage_semantic_world_model]: Target 1 updated | association_distance=0.01 m | raw=(0.51, 3.49, 0.00) | smoothed=(0.51, 3.50, 0.00) | velocity=(0.01, -0.03, 0.00) m/s | speed=0.03 m/s | net=0.07 m | straightness=1.00 | direction=0.00 | state=STATIONARY | detections=659
[INFO] [1790212645.184614261] [sage_semantic_world_model]: Target 1 updated | association_distance=0.01 m | raw=(0.51, 3.49, 0.00) | smoothed=(0.51, 3.50, 0.00) | velocity=(0.01, -0.02, 0.00) m/s | speed=0.02 m/s | net=0.05 m | straightness=1.00 | direction=0.00 | state=STATIONARY | detections=660
[INFO] [1790212645.270748797] [sage_semantic_world_model]: Target 1 updated | association_distance=0.00 m | raw=(0.51, 3.49, 0.00) | smoothed=(0.51, 3.50, 0.00) | velocity=(0.01, -0.01, 0.00) m/s | speed=0.02 m/s | net=0.04 m | straightness=1.00 | direction=0.00 | state=STATIONARY | detections=661
[INFO] [1790212646.275461600] [sage_semantic_world_model]: Target 1 updated | association_distance=0.24 m | raw=(0.59, 3.72, 0.00) | smoothed=(0.53, 3.55, 0.00) | velocity=(0.02, 0.04, 0.00) m/s | speed=0.04 m/s | net=0.05 m | straightness=0.53 | direction=0.00 | state=STATIONARY | detections=662
[INFO] [1790212646.369216699] [sage_semantic_world_model]: Target 1 updated | association_distance=0.18 m | raw=(0.59, 3.72, 0.00) | smoothed=(0.54, 3.59, 0.00) | velocity=(0.03, 0.07, 0.00) m/s | speed=0.08 m/s | net=0.09 m | straightness=0.74 | direction=0.00 | state=STATIONARY | detections=663
[INFO] [1790212646.471602360] [sage_semantic_world_model]: Target 1 updated | association_distance=0.13 m | raw=(0.59, 3.72, 0.00) | smoothed=(0.55, 3.63, 0.00) | velocity=(0.04, 0.10, 0.00) m/s | speed=0.11 m/s | net=0.13 m | straightness=0.85 | direction=0.00 | state=STATIONARY | detections=664
[INFO] [1790212646.571128267] [sage_semantic_world_model]: Target 1 updated | association_distance=0.10 m | raw=(0.59, 3.72, 0.00) | smoothed=(0.56, 3.65, 0.00) | velocity=(0.04, 0.12, 0.00) m/s | speed=0.13 m/s | net=0.16 m | straightness=0.91 | direction=0.00 | state=STATIONARY | detections=665
[INFO] [1790212646.665755746] [sage_semantic_world_model]: Target 1 updated | association_distance=0.13 m | raw=(0.50, 3.77, 0.00) | smoothed=(0.55, 3.68, 0.00) | velocity=(0.05, 0.32, 0.00) m/s | speed=0.32 m/s | net=0.18 m | straightness=0.90 | direction=0.00 | state=STATIONARY | detections=666
[INFO] [1790212646.774251689] [sage_semantic_world_model]: Target 1 updated | association_distance=0.10 m | raw=(0.50, 3.77, 0.00) | smoothed=(0.54, 3.70, 0.00) | velocity=(-0.01, 0.27, 0.00) m/s | speed=0.27 m/s | net=0.21 m | straightness=0.91 | direction=0.00 | state=STATIONARY | detections=667
[INFO] [1790212646.873531535] [sage_semantic_world_model]: Target 1 updated | association_distance=0.02 m | raw=(0.54, 3.72, 0.00) | smoothed=(0.54, 3.71, 0.00) | velocity=(-0.04, 0.20, 0.00) m/s | speed=0.21 m/s | net=0.21 m | straightness=0.92 | direction=0.00 | state=STATIONARY | detections=668
[INFO] [1790212646.970856456] [sage_semantic_world_model]: Target 1 updated | association_distance=0.01 m | raw=(0.54, 3.72, 0.00) | smoothed=(0.54, 3.71, 0.00) | velocity=(-0.06, 0.15, 0.00) m/s | speed=0.16 m/s | net=0.22 m | straightness=0.94 | direction=0.00 | state=STATIONARY | detections=669
[INFO] [1790212647.071488035] [sage_semantic_world_model]: Target 1 updated | association_distance=0.01 m | raw=(0.54, 3.72, 0.00) | smoothed=(0.54, 3.71, 0.00) | velocity=(-0.03, 0.08, 0.00) m/s | speed=0.09 m/s | net=0.22 m | straightness=0.94 | direction=0.00 | state=STATIONARY | detections=670
[INFO] [1790212647.177247649] [sage_semantic_world_model]: Target 1 updated | association_distance=0.01 m | raw=(0.54, 3.72, 0.00) | smoothed=(0.54, 3.72, 0.00) | velocity=(0.00, 0.03, 0.00) m/s | speed=0.03 m/s | net=0.16 m | straightness=0.93 | direction=0.00 | state=STATIONARY | detections=671
[INFO] [1790212647.277047080] [sage_semantic_world_model]: Target 1 updated | association_distance=0.00 m | raw=(0.53, 3.72, 0.00) | smoothed=(0.54, 3.72, 0.00) | velocity=(-0.00, 0.02, 0.00) m/s | speed=0.02 m/s | net=0.12 m | straightness=0.92 | direction=0.00 | state=STATIONARY | detections=672
[INFO] [1790212647.374719839] [sage_semantic_world_model]: Target 1 updated | association_distance=0.00 m | raw=(0.53, 3.72, 0.00) | smoothed=(0.54, 3.72, 0.00) | velocity=(-0.00, 0.01, 0.00) m/s | speed=0.01 m/s | net=0.09 m | straightness=0.93 | direction=0.00 | state=STATIONARY | detections=673
[INFO] [1790212647.473363097] [sage_semantic_world_model]: Target 1 updated | association_distance=0.00 m | raw=(0.53, 3.72, 0.00) | smoothed=(0.53, 3.72, 0.00) | velocity=(-0.01, 0.00, 0.00) m/s | speed=0.01 m/s | net=0.07 m | straightness=0.96 | direction=0.00 | state=STATIONARY | detections=674
[INFO] [1790212647.576874166] [sage_semantic_world_model]: Target 1 updated | association_distance=0.00 m | raw=(0.53, 3.72, 0.00) | smoothed=(0.53, 3.72, 0.00) | velocity=(-0.01, -0.00, 0.00) m/s | speed=0.01 m/s | net=0.04 m | straightness=0.93 | direction=0.00 | state=STATIONARY | detections=675
[INFO] [1790212647.678253071] [sage_semantic_world_model]: Target 1 updated | association_distance=0.01 m | raw=(0.53, 3.70, 0.00) | smoothed=(0.53, 3.71, 0.00) | velocity=(-0.01, -0.01, 0.00) m/s | speed=0.01 m/s | net=0.01 m | straightness=0.56 | direction=0.00 | state=STATIONARY | detections=676
[INFO] [1790212647.764796726] [sage_semantic_world_model]: Target 1 updated | association_distance=0.01 m | raw=(0.53, 3.70, 0.00) | smoothed=(0.53, 3.71, 0.00) | velocity=(-0.01, -0.01, 0.00) m/s | speed=0.02 m/s | net=0.01 m | straightness=0.35 | direction=0.00 | state=STATIONARY | detections=677
[INFO] [1790212647.866401537] [sage_semantic_world_model]: Target 1 updated | association_distance=0.05 m | raw=(0.55, 3.67, 0.00) | smoothed=(0.54, 3.70, 0.00) | velocity=(0.01, -0.04, 0.00) m/s | speed=0.04 m/s | net=0.01 m | straightness=0.46 | direction=0.00 | state=STATIONARY | detections=678
[INFO] [1790212647.972349722] [sage_semantic_world_model]: Target 1 updated | association_distance=0.04 m | raw=(0.55, 3.67, 0.00) | smoothed=(0.54, 3.69, 0.00) | velocity=(0.02, -0.06, 0.00) m/s | speed=0.06 m/s | net=0.02 m | straightness=0.72 | direction=0.00 | state=STATIONARY | detections=679
[INFO] [1790212648.081599486] [sage_semantic_world_model]: Target 1 updated | association_distance=0.03 m | raw=(0.55, 3.67, 0.00) | smoothed=(0.54, 3.68, 0.00) | velocity=(0.03, -0.07, 0.00) m/s | speed=0.08 m/s | net=0.03 m | straightness=0.86 | direction=0.00 | state=STATIONARY | detections=680
[INFO] [1790212648.167000327] [sage_semantic_world_model]: Target 1 updated | association_distance=0.02 m | raw=(0.55, 3.67, 0.00) | smoothed=(0.55, 3.68, 0.00) | velocity=(0.04, -0.08, 0.00) m/s | speed=0.08 m/s | net=0.04 m | straightness=0.90 | direction=0.00 | state=STATIONARY | detections=681
[INFO] [1790212648.274750983] [sage_semantic_world_model]: Target 1 updated | association_distance=0.11 m | raw=(0.44, 3.70, 0.00) | smoothed=(0.52, 3.69, 0.00) | velocity=(-0.05, -0.03, 0.00) m/s | speed=0.06 m/s | net=0.03 m | straightness=0.50 | direction=0.00 | state=STATIONARY | detections=682
[INFO] [1790212648.370613545] [sage_semantic_world_model]: Target 1 updated | association_distance=0.08 m | raw=(0.44, 3.70, 0.00) | smoothed=(0.50, 3.69, 0.00) | velocity=(-0.11, -0.00, 0.00) m/s | speed=0.11 m/s | net=0.04 m | straightness=0.50 | direction=0.00 | state=STATIONARY | detections=683
[INFO] [1790212648.465319594] [sage_semantic_world_model]: Target 1 updated | association_distance=0.06 m | raw=(0.44, 3.70, 0.00) | smoothed=(0.48, 3.69, 0.00) | velocity=(-0.15, 0.02, 0.00) m/s | speed=0.15 m/s | net=0.06 m | straightness=0.54 | direction=0.00 | state=STATIONARY | detections=684
[INFO] [1790212648.568297655] [sage_semantic_world_model]: Target 1 updated | association_distance=0.03 m | raw=(0.46, 3.69, 0.00) | smoothed=(0.48, 3.69, 0.00) | velocity=(-0.17, 0.03, 0.00) m/s | speed=0.18 m/s | net=0.06 m | straightness=0.56 | direction=0.00 | state=STATIONARY | detections=685
[INFO] [1790212648.665530929] [sage_semantic_world_model]: Target 1 updated | association_distance=0.02 m | raw=(0.46, 3.69, 0.00) | smoothed=(0.47, 3.69, 0.00) | velocity=(-0.12, 0.01, 0.00) m/s | speed=0.12 m/s | net=0.06 m | straightness=0.58 | direction=0.00 | state=STATIONARY | detections=686
[INFO] [1790212648.767913197] [sage_semantic_world_model]: Target 1 updated | association_distance=0.02 m | raw=(0.46, 3.69, 0.00) | smoothed=(0.47, 3.69, 0.00) | velocity=(-0.08, 0.00, 0.00) m/s | speed=0.08 m/s | net=0.07 m | straightness=0.69 | direction=0.00 | state=STATIONARY | detections=687
[INFO] [1790212648.881002537] [sage_semantic_world_model]: Target 1 updated | association_distance=0.05 m | raw=(0.51, 3.67, 0.00) | smoothed=(0.48, 3.68, 0.00) | velocity=(-0.01, -0.02, 0.00) m/s | speed=0.03 m/s | net=0.06 m | straightness=0.61 | direction=0.00 | state=STATIONARY | detections=688
[INFO] [1790212648.974441783] [sage_semantic_world_model]: Target 1 updated | association_distance=0.04 m | raw=(0.51, 3.67, 0.00) | smoothed=(0.49, 3.68, 0.00) | velocity=(0.02, -0.03, 0.00) m/s | speed=0.04 m/s | net=0.06 m | straightness=0.55 | direction=0.00 | state=STATIONARY | detections=689
[INFO] [1790212649.078777193] [sage_semantic_world_model]: Target 1 updated | association_distance=0.11 m | raw=(0.40, 3.75, 0.00) | smoothed=(0.46, 3.70, 0.00) | velocity=(-0.02, 0.01, 0.00) m/s | speed=0.02 m/s | net=0.08 m | straightness=0.65 | direction=0.00 | state=STATIONARY | detections=690
[INFO] [1790212649.177405075] [sage_semantic_world_model]: Target 1 updated | association_distance=0.08 m | raw=(0.40, 3.75, 0.00) | smoothed=(0.45, 3.71, 0.00) | velocity=(-0.05, 0.05, 0.00) m/s | speed=0.07 m/s | net=0.08 m | straightness=0.62 | direction=0.00 | state=STATIONARY | detections=691
[INFO] [1790212649.272538207] [sage_semantic_world_model]: Target 1 updated | association_distance=0.06 m | raw=(0.40, 3.75, 0.00) | smoothed=(0.43, 3.72, 0.00) | velocity=(-0.11, 0.09, 0.00) m/s | speed=0.14 m/s | net=0.07 m | straightness=0.59 | direction=0.00 | state=STATIONARY | detections=692
[INFO] [1790212649.369794452] [sage_semantic_world_model]: Target 1 updated | association_distance=0.05 m | raw=(0.40, 3.75, 0.00) | smoothed=(0.43, 3.73, 0.00) | velocity=(-0.15, 0.11, 0.00) m/s | speed=0.19 m/s | net=0.07 m | straightness=0.58 | direction=0.00 | state=STATIONARY | detections=693
[INFO] [1790212649.469525864] [sage_semantic_world_model]: Target 1 updated | association_distance=0.02 m | raw=(0.41, 3.73, 0.00) | smoothed=(0.42, 3.73, 0.00) | velocity=(-0.10, 0.08, 0.00) m/s | speed=0.13 m/s | net=0.06 m | straightness=0.59 | direction=0.00 | state=STATIONARY | detections=694
[INFO] [1790212649.579354430] [sage_semantic_world_model]: Target 1 updated | association_distance=0.01 m | raw=(0.41, 3.73, 0.00) | smoothed=(0.42, 3.73, 0.00) | velocity=(-0.07, 0.05, 0.00) m/s | speed=0.08 m/s | net=0.06 m | straightness=0.59 | direction=0.00 | state=STATIONARY | detections=695
[INFO] [1790212649.680619289] [sage_semantic_world_model]: Target 1 updated | association_distance=0.09 m | raw=(0.51, 3.69, 0.00) | smoothed=(0.44, 3.72, 0.00) | velocity=(0.02, 0.00, 0.00) m/s | speed=0.02 m/s | net=0.04 m | straightness=0.31 | direction=0.00 | state=STATIONARY | detections=696
[INFO] [1790212649.776698575] [sage_semantic_world_model]: Target 1 updated | association_distance=0.13 m | raw=(0.56, 3.77, 0.00) | smoothed=(0.47, 3.73, 0.00) | velocity=(0.11, 0.02, 0.00) m/s | speed=0.11 m/s | net=0.05 m | straightness=0.34 | direction=0.00 | state=STATIONARY | detections=697
[INFO] [1790212649.872279861] [sage_semantic_world_model]: Target 1 updated | association_distance=0.09 m | raw=(0.56, 3.77, 0.00) | smoothed=(0.49, 3.74, 0.00) | velocity=(0.18, 0.04, 0.00) m/s | speed=0.18 m/s | net=0.06 m | straightness=0.40 | direction=0.00 | state=STATIONARY | detections=698
[INFO] [1790212649.965831656] [sage_semantic_world_model]: Target 1 updated | association_distance=0.07 m | raw=(0.56, 3.77, 0.00) | smoothed=(0.51, 3.75, 0.00) | velocity=(0.22, 0.06, 0.00) m/s | speed=0.23 m/s | net=0.07 m | straightness=0.46 | direction=0.00 | state=STATIONARY | detections=699
[INFO] [1790212650.071205517] [sage_semantic_world_model]: Target 1 updated | association_distance=0.12 m | raw=(0.54, 3.64, 0.00) | smoothed=(0.52, 3.72, 0.00) | velocity=(0.19, 0.01, 0.00) m/s | speed=0.19 m/s | net=0.07 m | straightness=0.45 | direction=0.00 | state=STATIONARY | detections=700
[INFO] [1790212650.169094220] [sage_semantic_world_model]: Target 1 updated | association_distance=0.09 m | raw=(0.54, 3.64, 0.00) | smoothed=(0.52, 3.70, 0.00) | velocity=(0.13, -0.08, 0.00) m/s | speed=0.15 m/s | net=0.09 m | straightness=0.54 | direction=0.00 | state=STATIONARY | detections=701
[INFO] [1790212651.665995772] [sage_semantic_world_model]: Target 3 updated | association_distance=1.90 m | raw=(-7.27, 5.98, 0.00) | smoothed=(-5.97, 6.57, 0.00) | velocity=(0.02, -0.01, 0.00) m/s | speed=0.02 m/s | net=0.28 m | straightness=0.17 | direction=0.00 | state=STATIONARY | detections=678
[INFO] [1790212651.771088053] [sage_semantic_world_model]: Target 3 updated | association_distance=1.43 m | raw=(-7.27, 5.98, 0.00) | smoothed=(-6.30, 6.42, 0.00) | velocity=(-0.02, -0.02, 0.00) m/s | speed=0.03 m/s | net=0.35 m | straightness=0.18 | direction=0.00 | state=STATIONARY | detections=679
[INFO] [1790212651.874691337] [sage_semantic_world_model]: Target 3 updated | association_distance=0.34 m | raw=(-6.32, 6.76, 0.00) | smoothed=(-6.30, 6.51, 0.00) | velocity=(-0.04, -0.02, 0.00) m/s | speed=0.04 m/s | net=0.28 m | straightness=0.15 | direction=0.00 | state=STATIONARY | detections=680
[INFO] [1790212651.974758439] [sage_semantic_world_model]: Target 3 updated | association_distance=0.25 m | raw=(-6.32, 6.76, 0.00) | smoothed=(-6.31, 6.57, 0.00) | velocity=(-0.05, -0.01, 0.00) m/s | speed=0.05 m/s | net=0.24 m | straightness=0.12 | direction=0.00 | state=STATIONARY | detections=681
[INFO] [1790212652.072137895] [sage_semantic_world_model]: Target 3 updated | association_distance=0.28 m | raw=(-6.23, 6.84, 0.00) | smoothed=(-6.29, 6.64, 0.00) | velocity=(-0.78, 0.17, 0.00) m/s | speed=0.80 m/s | net=0.20 m | straightness=0.10 | direction=0.00 | state=STATIONARY | detections=682
[INFO] [1790212652.170996232] [sage_semantic_world_model]: Target 3 updated | association_distance=0.21 m | raw=(-6.23, 6.84, 0.00) | smoothed=(-6.27, 6.69, 0.00) | velocity=(0.06, 0.67, 0.00) m/s | speed=0.67 m/s | net=0.19 m | straightness=0.10 | direction=0.00 | state=STATIONARY | detections=683
[INFO] [1790212652.274594944] [sage_semantic_world_model]: Target 3 updated | association_distance=0.16 m | raw=(-6.23, 6.84, 0.00) | smoothed=(-6.26, 6.73, 0.00) | velocity=(0.10, 0.55, 0.00) m/s | speed=0.56 m/s | net=0.23 m | straightness=0.14 | direction=0.00 | state=STATIONARY | detections=684
[INFO] [1790212655.170426634] [sage_semantic_world_model]: Target 1 updated | association_distance=0.58 m | raw=(-0.03, 3.86, 0.00) | smoothed=(0.38, 3.74, 0.00) | velocity=(-0.02, -0.00, 0.00) m/s | speed=0.02 m/s | net=0.04 m | straightness=0.15 | direction=0.00 | state=STATIONARY | detections=702
[INFO] [1790212655.269664244] [sage_semantic_world_model]: Target 1 updated | association_distance=0.43 m | raw=(-0.03, 3.86, 0.00) | smoothed=(0.28, 3.77, 0.00) | velocity=(-0.04, 0.00, 0.00) m/s | speed=0.04 m/s | net=0.15 m | straightness=0.37 | direction=0.00 | state=STATIONARY | detections=703
[INFO] [1790212655.368945143] [sage_semantic_world_model]: Target 1 updated | association_distance=0.32 m | raw=(-0.03, 3.86, 0.00) | smoothed=(0.20, 3.79, 0.00) | velocity=(-0.06, 0.01, 0.00) m/s | speed=0.06 m/s | net=0.23 m | straightness=0.47 | direction=0.00 | state=STATIONARY | detections=704
[INFO] [1790212655.464873958] [sage_semantic_world_model]: Target 1 updated | association_distance=0.24 m | raw=(-0.03, 3.84, 0.00) | smoothed=(0.14, 3.80, 0.00) | velocity=(-0.07, 0.02, 0.00) m/s | speed=0.07 m/s | net=0.31 m | straightness=0.60 | direction=0.00 | state=STATIONARY | detections=705
[INFO] [1790212655.574086813] [sage_semantic_world_model]: Target 1 updated | association_distance=0.18 m | raw=(-0.03, 3.84, 0.00) | smoothed=(0.10, 3.81, 0.00) | velocity=(-0.71, 0.17, 0.00) m/s | speed=0.73 m/s | net=0.38 m | straightness=0.71 | direction=0.00 | state=STATIONARY | detections=706
[INFO] [1790212655.669642746] [sage_semantic_world_model]: Target 1 updated | association_distance=0.13 m | raw=(-0.03, 3.84, 0.00) | smoothed=(0.07, 3.82, 0.00) | velocity=(-0.53, 0.12, 0.00) m/s | speed=0.55 m/s | net=0.43 m | straightness=0.80 | direction=0.00 | state=STATIONARY | detections=707
[INFO] [1790212655.767334013] [sage_semantic_world_model]: Target 1 updated | association_distance=0.21 m | raw=(-0.11, 3.92, 0.00) | smoothed=(0.02, 3.84, 0.00) | velocity=(-0.45, 0.13, 0.00) m/s | speed=0.47 m/s | net=0.49 m | straightness=0.86 | direction=0.00 | state=STATIONARY | detections=708
[INFO] [1790212655.873806863] [sage_semantic_world_model]: Target 1 updated | association_distance=0.15 m | raw=(-0.11, 3.92, 0.00) | smoothed=(-0.01, 3.86, 0.00) | velocity=(-0.39, 0.15, 0.00) m/s | speed=0.42 m/s | net=0.55 m | straightness=0.94 | direction=0.89 | state=STATIONARY | detections=709
[INFO] [1790212655.973414369] [sage_semantic_world_model]: Target 1 updated | association_distance=0.19 m | raw=(-0.13, 4.01, 0.00) | smoothed=(-0.04, 3.90, 0.00) | velocity=(-0.35, 0.22, 0.00) m/s | speed=0.41 m/s | net=0.60 m | straightness=0.98 | direction=1.00 | state=STATIONARY | detections=710
[INFO] [1790212656.065786342] [sage_semantic_world_model]: Target 1 updated | association_distance=0.14 m | raw=(-0.13, 4.01, 0.00) | smoothed=(-0.06, 3.93, 0.00) | velocity=(-0.32, 0.28, 0.00) m/s | speed=0.42 m/s | net=0.48 m | straightness=0.97 | direction=0.00 | state=STATIONARY | detections=711
[INFO] [1790212656.165697910] [sage_semantic_world_model]: Target 1 updated | association_distance=0.10 m | raw=(-0.13, 4.01, 0.00) | smoothed=(-0.08, 3.95, 0.00) | velocity=(-0.25, 0.26, 0.00) m/s | speed=0.36 m/s | net=0.40 m | straightness=0.96 | direction=0.00 | state=STATIONARY | detections=712
[INFO] [1790212656.264350979] [sage_semantic_world_model]: Target 1 updated | association_distance=0.06 m | raw=(-0.06, 3.90, 0.00) | smoothed=(-0.07, 3.94, 0.00) | velocity=(-0.15, 0.18, 0.00) m/s | speed=0.24 m/s | net=0.31 m | straightness=0.89 | direction=0.00 | state=STATIONARY | detections=713
[INFO] [1790212656.371846145] [sage_semantic_world_model]: Target 1 updated | association_distance=0.04 m | raw=(-0.06, 3.90, 0.00) | smoothed=(-0.07, 3.93, 0.00) | velocity=(-0.07, 0.06, 0.00) m/s | speed=0.10 m/s | net=0.25 m | straightness=0.82 | direction=0.00 | state=STATIONARY | detections=714
[INFO] [1790212656.468163078] [sage_semantic_world_model]: Target 1 updated | association_distance=0.03 m | raw=(-0.06, 3.90, 0.00) | smoothed=(-0.07, 3.92, 0.00) | velocity=(-0.01, -0.02, 0.00) m/s | speed=0.03 m/s | net=0.20 m | straightness=0.75 | direction=0.00 | state=STATIONARY | detections=715
[INFO] [1790212656.571031270] [sage_semantic_world_model]: Target 1 updated | association_distance=0.75 m | raw=(0.18, 3.21, 0.00) | smoothed=(-0.01, 3.74, 0.00) | velocity=(0.18, -0.51, 0.00) m/s | speed=0.55 m/s | net=0.10 m | straightness=0.25 | direction=0.00 | state=STATIONARY | detections=716
[INFO] [1790212656.671394483] [sage_semantic_world_model]: Target 1 updated | association_distance=0.56 m | raw=(0.18, 3.21, 0.00) | smoothed=(0.04, 3.61, 0.00) | velocity=(0.28, -0.81, 0.00) m/s | speed=0.86 m/s | net=0.24 m | straightness=0.47 | direction=0.00 | state=STATIONARY | detections=717
[INFO] [1790212656.776731948] [sage_semantic_world_model]: Target 1 updated | association_distance=0.42 m | raw=(0.18, 3.21, 0.00) | smoothed=(0.07, 3.51, 0.00) | velocity=(0.36, -1.03, 0.00) m/s | speed=1.09 m/s | net=0.36 m | straightness=0.64 | direction=0.00 | state=STATIONARY | detections=718
[INFO] [1790212657.079843436] [sage_semantic_world_model]: Target 4 updated | association_distance=0.74 m | raw=(5.46, -6.67, 0.00) | smoothed=(5.31, -6.14, 0.00) | velocity=(-0.00, -0.00, 0.00) m/s | speed=0.00 m/s | net=0.37 m | straightness=0.57 | direction=0.00 | state=MOVING | detections=489
[INFO] [1790212657.167660912] [sage_semantic_world_model]: Target 4 updated | association_distance=0.56 m | raw=(5.46, -6.67, 0.00) | smoothed=(5.35, -6.27, 0.00) | velocity=(0.00, -0.01, 0.00) m/s | speed=0.01 m/s | net=0.36 m | straightness=0.53 | direction=0.00 | state=MOVING | detections=490
[INFO] [1790212657.278559131] [sage_semantic_world_model]: Target 4 updated | association_distance=0.42 m | raw=(5.46, -6.67, 0.00) | smoothed=(5.38, -6.37, 0.00) | velocity=(0.00, -0.01, 0.00) m/s | speed=0.01 m/s | net=0.38 m | straightness=0.53 | direction=0.00 | state=MOVING | detections=491
[INFO] [1790212657.674118825] [sage_semantic_world_model]: Target 4 updated | association_distance=0.41 m | raw=(5.16, -6.02, 0.00) | smoothed=(5.32, -6.28, 0.00) | velocity=(0.00, -0.01, 0.00) m/s | speed=0.01 m/s | net=0.27 m | straightness=0.34 | direction=0.00 | state=MOVING | detections=492
[INFO] [1790212657.783660285] [sage_semantic_world_model]: Target 4 updated | association_distance=0.31 m | raw=(5.16, -6.02, 0.00) | smoothed=(5.28, -6.22, 0.00) | velocity=(-0.04, -0.11, 0.00) m/s | speed=0.12 m/s | net=0.20 m | straightness=0.24 | direction=0.00 | state=MOVING | detections=493
[INFO] [1790212657.870026730] [sage_semantic_world_model]: Target 4 updated | association_distance=0.23 m | raw=(5.16, -6.02, 0.00) | smoothed=(5.25, -6.17, 0.00) | velocity=(-0.14, 0.15, 0.00) m/s | speed=0.20 m/s | net=0.17 m | straightness=0.22 | direction=0.00 | state=MOVING | detections=494
[INFO] [1790212657.961108428] [sage_semantic_world_model]: Target 4 confirmed STATIONARY | net=0.16 m | avg_speed=0.00 m/s
[INFO] [1790212657.972525703] [sage_semantic_world_model]: Target 4 updated | association_distance=0.17 m | raw=(5.16, -6.02, 0.00) | smoothed=(5.23, -6.13, 0.00) | velocity=(-0.21, 0.34, 0.00) m/s | speed=0.40 m/s | net=0.16 m | straightness=0.20 | direction=0.00 | state=STATIONARY | detections=495
[INFO] [1790212660.369445280] [sage_semantic_world_model]: Target 4 updated | association_distance=0.24 m | raw=(5.12, -5.92, 0.00) | smoothed=(5.20, -6.08, 0.00) | velocity=(-0.04, 0.08, 0.00) m/s | speed=0.09 m/s | net=0.13 m | straightness=0.17 | direction=0.00 | state=STATIONARY | detections=496
[INFO] [1790212660.464125544] [sage_semantic_world_model]: Target 4 updated | association_distance=0.18 m | raw=(5.12, -5.92, 0.00) | smoothed=(5.18, -6.04, 0.00) | velocity=(-0.04, 0.07, 0.00) m/s | speed=0.08 m/s | net=0.12 m | straightness=0.14 | direction=0.00 | state=STATIONARY | detections=497
[INFO] [1790212660.573990568] [sage_semantic_world_model]: Target 4 updated | association_distance=0.13 m | raw=(5.12, -5.92, 0.00) | smoothed=(5.16, -6.01, 0.00) | velocity=(-0.03, 0.06, 0.00) m/s | speed=0.07 m/s | net=0.19 m | straightness=0.29 | direction=0.00 | state=STATIONARY | detections=498
[INFO] [1790212660.670580212] [sage_semantic_world_model]: Target 4 updated | association_distance=0.03 m | raw=(5.15, -5.99, 0.00) | smoothed=(5.16, -6.01, 0.00) | velocity=(-0.03, 0.05, 0.00) m/s | speed=0.05 m/s | net=0.33 m | straightness=0.62 | direction=0.00 | state=STATIONARY | detections=499
[INFO] [1790212660.775152843] [sage_semantic_world_model]: Target 4 updated | association_distance=0.02 m | raw=(5.15, -5.99, 0.00) | smoothed=(5.16, -6.00, 0.00) | velocity=(-0.11, 0.20, 0.00) m/s | speed=0.22 m/s | net=0.43 m | straightness=1.00 | direction=0.00 | state=STATIONARY | detections=500
[INFO] [1790212660.873516313] [sage_semantic_world_model]: Target 4 updated | association_distance=0.18 m | raw=(5.10, -5.83, 0.00) | smoothed=(5.14, -5.96, 0.00) | velocity=(-0.09, 0.20, 0.00) m/s | speed=0.22 m/s | net=0.37 m | straightness=1.00 | direction=0.00 | state=STATIONARY | detections=501
[INFO] [1790212660.962752165] [sage_semantic_world_model]: Target 4 updated | association_distance=0.14 m | raw=(5.10, -5.83, 0.00) | smoothed=(5.13, -5.93, 0.00) | velocity=(-0.08, 0.21, 0.00) m/s | speed=0.23 m/s | net=0.33 m | straightness=1.00 | direction=0.00 | state=STATIONARY | detections=502
[INFO] [1790212661.072744618] [sage_semantic_world_model]: Target 4 updated | association_distance=0.10 m | raw=(5.10, -5.83, 0.00) | smoothed=(5.12, -5.90, 0.00) | velocity=(-0.09, 0.26, 0.00) m/s | speed=0.27 m/s | net=0.30 m | straightness=1.00 | direction=0.00 | state=STATIONARY | detections=503
[INFO] [1790212661.174576029] [sage_semantic_world_model]: Target 4 updated | association_distance=0.14 m | raw=(5.10, -5.77, 0.00) | smoothed=(5.12, -5.87, 0.00) | velocity=(-0.09, 0.33, 0.00) m/s | speed=0.34 m/s | net=0.28 m | straightness=0.99 | direction=0.00 | state=STATIONARY | detections=504
[INFO] [1790212661.265273952] [sage_semantic_world_model]: Target 4 updated | association_distance=0.10 m | raw=(5.10, -5.77, 0.00) | smoothed=(5.12, -5.84, 0.00) | velocity=(-0.07, 0.29, 0.00) m/s | speed=0.29 m/s | net=0.25 m | straightness=0.99 | direction=0.00 | state=STATIONARY | detections=505
[INFO] [1790212661.365282047] [sage_semantic_world_model]: Target 4 updated | association_distance=0.08 m | raw=(5.10, -5.77, 0.00) | smoothed=(5.11, -5.82, 0.00) | velocity=(-0.05, 0.25, 0.00) m/s | speed=0.26 m/s | net=0.23 m | straightness=0.99 | direction=0.00 | state=STATIONARY | detections=506
[INFO] [1790212661.469706597] [sage_semantic_world_model]: Target 4 updated | association_distance=0.85 m | raw=(5.24, -6.67, 0.00) | smoothed=(5.14, -6.04, 0.00) | velocity=(0.05, -0.34, 0.00) m/s | speed=0.34 m/s | net=0.03 m | straightness=0.08 | direction=0.00 | state=STATIONARY | detections=507
[INFO] [1790212661.575701781] [sage_semantic_world_model]: Target 4 updated | association_distance=0.64 m | raw=(5.24, -6.67, 0.00) | smoothed=(5.17, -6.19, 0.00) | velocity=(0.12, -0.81, 0.00) m/s | speed=0.82 m/s | net=0.19 m | straightness=0.34 | direction=0.00 | state=STATIONARY | detections=508
[INFO] [1790212661.688529817] [sage_semantic_world_model]: Target 11 updated | association_distance=1.10 m | raw=(4.85, -7.98, 0.00) | smoothed=(4.40, -8.66, 0.00) | velocity=(0.00, 0.00, 0.00) m/s | speed=0.00 m/s | net=0.00 m | straightness=0.00 | direction=0.00 | state=STATIONARY | detections=4
[INFO] [1790212661.768687522] [sage_semantic_world_model]: Target 11 updated | association_distance=0.82 m | raw=(4.85, -7.98, 0.00) | smoothed=(4.51, -8.49, 0.00) | velocity=(0.00, 0.00, 0.00) m/s | speed=0.00 m/s | net=0.00 m | straightness=0.00 | direction=0.00 | state=STATIONARY | detections=5
[INFO] [1790212661.864858058] [sage_semantic_world_model]: Target 11 updated | association_distance=0.62 m | raw=(4.85, -7.98, 0.00) | smoothed=(4.60, -8.36, 0.00) | velocity=(0.00, 0.00, 0.00) m/s | speed=0.00 m/s | net=0.00 m | straightness=0.00 | direction=0.00 | state=STATIONARY | detections=6
[INFO] [1790212661.976624934] [sage_semantic_world_model]: Target 11 updated | association_distance=0.46 m | raw=(4.85, -7.98, 0.00) | smoothed=(4.66, -8.26, 0.00) | velocity=(0.00, 0.00, 0.00) m/s | speed=0.00 m/s | net=0.00 m | straightness=0.00 | direction=0.00 | state=STATIONARY | detections=7
[INFO] [1790212662.071093341] [sage_semantic_world_model]: Target 11 updated | association_distance=0.35 m | raw=(4.85, -7.98, 0.00) | smoothed=(4.71, -8.19, 0.00) | velocity=(0.79, 1.17, 0.00) m/s | speed=1.41 m/s | net=0.00 m | straightness=0.00 | direction=0.00 | state=STATIONARY | detections=8
[INFO] [1790212662.168657513] [sage_semantic_world_model]: Target 11 updated | association_distance=0.26 m | raw=(4.85, -7.98, 0.00) | smoothed=(4.75, -8.14, 0.00) | velocity=(0.59, 0.88, 0.00) m/s | speed=1.06 m/s | net=0.00 m | straightness=0.00 | direction=0.00 | state=STATIONARY | detections=9
[INFO] [1790212662.267559490] [sage_semantic_world_model]: Target 11 updated | association_distance=0.20 m | raw=(4.85, -7.98, 0.00) | smoothed=(4.77, -8.10, 0.00) | velocity=(0.44, 0.66, 0.00) m/s | speed=0.79 m/s | net=0.95 m | straightness=1.00 | direction=1.00 | state=STATIONARY | detections=10
[INFO] [1790212668.276901973] [sage_semantic_world_model]: Target 2 updated | association_distance=0.65 m | raw=(-7.72, 7.81, 0.00) | smoothed=(-7.80, 8.29, 0.00) | velocity=(-0.00, -0.00, 0.00) m/s | speed=0.00 m/s | net=0.59 m | straightness=0.37 | direction=0.44 | state=STATIONARY | detections=32
[INFO] [1790212668.369403113] [sage_semantic_world_model]: Target 2 updated | association_distance=0.49 m | raw=(-7.72, 7.81, 0.00) | smoothed=(-7.78, 8.17, 0.00) | velocity=(-0.00, -0.00, 0.00) m/s | speed=0.00 m/s | net=0.44 m | straightness=0.30 | direction=0.00 | state=STATIONARY | detections=33
[INFO] [1790212668.465963431] [sage_semantic_world_model]: Target 9 updated | association_distance=0.39 m | raw=(-0.96, 4.33, 0.00) | smoothed=(-0.97, 4.63, 0.00) | velocity=(-0.00, -0.00, 0.00) m/s | speed=0.00 m/s | net=0.00 m | straightness=0.00 | direction=0.00 | state=STATIONARY | detections=9
[INFO] [1790212668.572260799] [sage_semantic_world_model]: Target 9 updated | association_distance=0.30 m | raw=(-0.96, 4.33, 0.00) | smoothed=(-0.97, 4.55, 0.00) | velocity=(-0.00, -0.00, 0.00) m/s | speed=0.00 m/s | net=0.17 m | straightness=0.82 | direction=0.00 | state=STATIONARY | detections=10
[INFO] [1790212668.675331324] [sage_semantic_world_model]: Target 9 updated | association_distance=0.22 m | raw=(-0.96, 4.33, 0.00) | smoothed=(-0.97, 4.50, 0.00) | velocity=(-0.00, -0.00, 0.00) m/s | speed=0.00 m/s | net=0.23 m | straightness=0.85 | direction=0.00 | state=STATIONARY | detections=11
[INFO] [1790212668.769145789] [sage_semantic_world_model]: Target 9 updated | association_distance=0.17 m | raw=(-0.96, 4.33, 0.00) | smoothed=(-0.96, 4.46, 0.00) | velocity=(0.00, -0.00, 0.00) m/s | speed=0.00 m/s | net=0.27 m | straightness=0.87 | direction=0.00 | state=STATIONARY | detections=12
[INFO] [1790212668.865306419] [sage_semantic_world_model]: Target 9 updated | association_distance=0.12 m | raw=(-0.96, 4.33, 0.00) | smoothed=(-0.96, 4.42, 0.00) | velocity=(0.01, -0.50, 0.00) m/s | speed=0.50 m/s | net=0.30 m | straightness=0.88 | direction=0.00 | state=STATIONARY | detections=13
[INFO] [1790212668.966638421] [sage_semantic_world_model]: Target 9 updated | association_distance=0.09 m | raw=(-0.96, 4.33, 0.00) | smoothed=(-0.96, 4.40, 0.00) | velocity=(0.01, -0.38, 0.00) m/s | speed=0.38 m/s | net=0.32 m | straightness=0.92 | direction=0.00 | state=STATIONARY | detections=14
[INFO] [1790212669.065899521] [sage_semantic_world_model]: Target 9 updated | association_distance=0.07 m | raw=(-0.96, 4.33, 0.00) | smoothed=(-0.96, 4.38, 0.00) | velocity=(0.01, -0.28, 0.00) m/s | speed=0.28 m/s | net=0.34 m | straightness=0.96 | direction=0.00 | state=STATIONARY | detections=15
[INFO] [1790212669.169124695] [sage_semantic_world_model]: Target 9 updated | association_distance=0.43 m | raw=(-0.68, 4.71, 0.00) | smoothed=(-0.89, 4.46, 0.00) | velocity=(0.18, 0.02, 0.00) m/s | speed=0.18 m/s | net=0.27 m | straightness=0.59 | direction=0.00 | state=STATIONARY | detections=16
[INFO] [1790212669.262989189] [sage_semantic_world_model]: Target 9 updated | association_distance=0.32 m | raw=(-0.68, 4.71, 0.00) | smoothed=(-0.84, 4.52, 0.00) | velocity=(0.31, 0.25, 0.00) m/s | speed=0.40 m/s | net=0.24 m | straightness=0.45 | direction=0.00 | state=STATIONARY | detections=17
[INFO] [1790212669.367295132] [sage_semantic_world_model]: Target 9 updated | association_distance=0.24 m | raw=(-0.68, 4.71, 0.00) | smoothed=(-0.80, 4.57, 0.00) | velocity=(0.41, 0.42, 0.00) m/s | speed=0.59 m/s | net=0.18 m | straightness=0.36 | direction=0.00 | state=STATIONARY | detections=18
[INFO] [1790212669.473566642] [sage_semantic_world_model]: Target 9 updated | association_distance=0.18 m | raw=(-0.68, 4.71, 0.00) | smoothed=(-0.77, 4.60, 0.00) | velocity=(0.48, 0.55, 0.00) m/s | speed=0.73 m/s | net=0.20 m | straightness=0.44 | direction=0.00 | state=STATIONARY | detections=19
[INFO] [1790212669.568655167] [sage_semantic_world_model]: Target 9 updated | association_distance=0.14 m | raw=(-0.68, 4.71, 0.00) | smoothed=(-0.75, 4.63, 0.00) | velocity=(0.36, 0.41, 0.00) m/s | speed=0.55 m/s | net=0.25 m | straightness=0.58 | direction=0.00 | state=STATIONARY | detections=20
[INFO] [1790212669.667659038] [sage_semantic_world_model]: Target 9 updated | association_distance=0.10 m | raw=(-0.68, 4.71, 0.00) | smoothed=(-0.73, 4.65, 0.00) | velocity=(0.27, 0.31, 0.00) m/s | speed=0.41 m/s | net=0.30 m | straightness=0.71 | direction=0.00 | state=STATIONARY | detections=21
[INFO] [1790212669.778354692] [sage_semantic_world_model]: Target 9 updated | association_distance=0.08 m | raw=(-0.68, 4.71, 0.00) | smoothed=(-0.72, 4.66, 0.00) | velocity=(0.20, 0.23, 0.00) m/s | speed=0.31 m/s | net=0.34 m | straightness=0.83 | direction=0.00 | state=STATIONARY | detections=22
[INFO] [1790212669.884293692] [sage_semantic_world_model]: Target 9 updated | association_distance=0.06 m | raw=(-0.68, 4.71, 0.00) | smoothed=(-0.71, 4.67, 0.00) | velocity=(0.15, 0.17, 0.00) m/s | speed=0.23 m/s | net=0.37 m | straightness=0.92 | direction=0.00 | state=STATIONARY | detections=23
[INFO] [1790212669.978299936] [sage_semantic_world_model]: Target 9 updated | association_distance=0.76 m | raw=(-0.04, 5.02, 0.00) | smoothed=(-0.54, 4.76, 0.00) | velocity=(0.52, 0.32, 0.00) m/s | speed=0.61 m/s | net=0.57 m | straightness=0.98 | direction=1.00 | state=STATIONARY | detections=24
[INFO] [1790212670.083418716] [sage_semantic_world_model]: Target 9 updated | association_distance=0.57 m | raw=(-0.04, 5.02, 0.00) | smoothed=(-0.41, 4.82, 0.00) | velocity=(0.79, 0.43, 0.00) m/s | speed=0.90 m/s | net=0.60 m | straightness=0.98 | direction=1.00 | state=STATIONARY | detections=25
[INFO] [1790212670.174383338] [sage_semantic_world_model]: Target 9 confirmed MOVING | net=0.63 m | avg_speed=0.69 m/s | straightness=0.98 | direction=1.00
[INFO] [1790212670.179956661] [sage_semantic_world_model]: Target 9 updated | association_distance=0.43 m | raw=(-0.04, 5.02, 0.00) | smoothed=(-0.32, 4.87, 0.00) | velocity=(0.98, 0.51, 0.00) m/s | speed=1.11 m/s | net=0.63 m | straightness=0.98 | direction=1.00 | state=MOVING | detections=26
[INFO] [1790212670.272680844] [sage_semantic_world_model]: Target 9 updated | association_distance=0.32 m | raw=(-0.04, 5.02, 0.00) | smoothed=(-0.25, 4.91, 0.00) | velocity=(1.16, 0.59, 0.00) m/s | speed=1.30 m/s | net=0.65 m | straightness=0.99 | direction=1.00 | state=MOVING | detections=27
[INFO] [1790212670.365799666] [sage_semantic_world_model]: Target 9 updated | association_distance=0.24 m | raw=(-0.04, 5.02, 0.00) | smoothed=(-0.20, 4.93, 0.00) | velocity=(0.87, 0.44, 0.00) m/s | speed=0.97 m/s | net=0.66 m | straightness=0.99 | direction=1.00 | state=MOVING | detections=28
[INFO] [1790212670.463869418] [sage_semantic_world_model]: Target 9 updated | association_distance=0.18 m | raw=(-0.04, 5.02, 0.00) | smoothed=(-0.16, 4.96, 0.00) | velocity=(0.66, 0.33, 0.00) m/s | speed=0.74 m/s | net=0.68 m | straightness=0.99 | direction=1.00 | state=MOVING | detections=29
[INFO] [1790212670.567454483] [sage_semantic_world_model]: Target 12 updated | association_distance=0.58 m | raw=(-5.65, 9.00, 0.00) | smoothed=(-5.42, 9.38, 0.00) | velocity=(0.00, 0.00, 0.00) m/s | speed=0.00 m/s | net=0.00 m | straightness=0.00 | direction=0.00 | state=STATIONARY | detections=4
[INFO] [1790212670.663537777] [sage_semantic_world_model]: Target 12 updated | association_distance=0.44 m | raw=(-5.65, 9.00, 0.00) | smoothed=(-5.48, 9.28, 0.00) | velocity=(-0.00, -0.00, 0.00) m/s | speed=0.00 m/s | net=0.00 m | straightness=0.00 | direction=0.00 | state=STATIONARY | detections=5
[INFO] [1790212671.666430170] [sage_semantic_world_model]: Target 3 updated | association_distance=0.61 m | raw=(-6.60, 7.24, 0.00) | smoothed=(-6.35, 6.85, 0.00) | velocity=(-0.00, 0.01, 0.00) m/s | speed=0.01 m/s | net=0.60 m | straightness=0.39 | direction=0.33 | state=STATIONARY | detections=685
[INFO] [1790212671.772252260] [sage_semantic_world_model]: Target 3 updated | association_distance=0.46 m | raw=(-6.60, 7.24, 0.00) | smoothed=(-6.41, 6.95, 0.00) | velocity=(-0.01, 0.02, 0.00) m/s | speed=0.02 m/s | net=0.89 m | straightness=0.63 | direction=0.44 | state=STATIONARY | detections=686
[INFO] [1790212671.870406282] [sage_semantic_world_model]: Target 3 updated | association_distance=0.34 m | raw=(-6.60, 7.24, 0.00) | smoothed=(-6.46, 7.02, 0.00) | velocity=(-0.01, 0.02, 0.00) m/s | speed=0.02 m/s | net=0.66 m | straightness=0.65 | direction=0.56 | state=STATIONARY | detections=687
[INFO] [1790212671.968955310] [sage_semantic_world_model]: Target 3 updated | association_distance=0.26 m | raw=(-6.60, 7.24, 0.00) | smoothed=(-6.49, 7.08, 0.00) | velocity=(-0.01, 0.02, 0.00) m/s | speed=0.02 m/s | net=0.68 m | straightness=0.94 | direction=1.00 | state=STATIONARY | detections=688
[INFO] [1790212672.070331283] [sage_semantic_world_model]: Target 3 updated | association_distance=0.81 m | raw=(-6.84, 7.81, 0.00) | smoothed=(-6.58, 7.26, 0.00) | velocity=(-0.58, 1.01, 0.00) m/s | speed=1.16 m/s | net=0.80 m | straightness=0.95 | direction=1.00 | state=STATIONARY | detections=689
[INFO] [1790212672.175588492] [sage_semantic_world_model]: Target 3 updated | association_distance=0.61 m | raw=(-6.84, 7.81, 0.00) | smoothed=(-6.64, 7.40, 0.00) | velocity=(-0.58, 1.12, 0.00) m/s | speed=1.26 m/s | net=0.89 m | straightness=0.95 | direction=1.00 | state=STATIONARY | detections=690
[INFO] [1790212672.280889382] [sage_semantic_world_model]: Target 9 updated | association_distance=0.64 m | raw=(-0.45, 4.38, 0.00) | smoothed=(-0.23, 4.81, 0.00) | velocity=(0.04, -0.03, 0.00) m/s | speed=0.05 m/s | net=0.53 m | straightness=0.65 | direction=0.89 | state=MOVING | detections=30
[INFO] [1790212672.366123008] [sage_semantic_world_model]: Target 9 updated | association_distance=0.48 m | raw=(-0.45, 4.38, 0.00) | smoothed=(-0.28, 4.70, 0.00) | velocity=(-0.02, -0.10, 0.00) m/s | speed=0.10 m/s | net=0.44 m | straightness=0.48 | direction=0.00 | state=MOVING | detections=31
[INFO] [1790212672.471666426] [sage_semantic_world_model]: Target 9 updated | association_distance=0.36 m | raw=(-0.45, 4.38, 0.00) | smoothed=(-0.33, 4.62, 0.00) | velocity=(-0.06, -0.15, 0.00) m/s | speed=0.16 m/s | net=0.39 m | straightness=0.39 | direction=0.00 | state=MOVING | detections=32
[INFO] [1790212672.565580034] [sage_semantic_world_model]: Target 9 updated | association_distance=0.27 m | raw=(-0.45, 4.38, 0.00) | smoothed=(-0.36, 4.56, 0.00) | velocity=(-0.10, -0.19, 0.00) m/s | speed=0.21 m/s | net=0.27 m | straightness=0.31 | direction=0.00 | state=MOVING | detections=33
[INFO] [1790212672.670685049] [sage_semantic_world_model]: Target 9 updated | association_distance=0.27 m | raw=(-0.10, 4.50, 0.00) | smoothed=(-0.29, 4.55, 0.00) | velocity=(-0.16, -0.66, 0.00) m/s | speed=0.68 m/s | net=0.30 m | straightness=0.38 | direction=0.00 | state=MOVING | detections=34
[INFO] [1790212672.767348033] [sage_semantic_world_model]: Target 9 updated | association_distance=0.20 m | raw=(-0.10, 4.50, 0.00) | smoothed=(-0.24, 4.53, 0.00) | velocity=(0.10, -0.42, 0.00) m/s | speed=0.44 m/s | net=0.35 m | straightness=0.47 | direction=0.00 | state=MOVING | detections=35
[INFO] [1790212672.866920833] [sage_semantic_world_model]: Target 9 updated | association_distance=0.15 m | raw=(-0.10, 4.50, 0.00) | smoothed=(-0.21, 4.53, 0.00) | velocity=(0.30, -0.25, 0.00) m/s | speed=0.39 m/s | net=0.38 m | straightness=0.55 | direction=0.00 | state=MOVING | detections=36
[INFO] [1790212672.964171673] [sage_semantic_world_model]: Target 9 updated | association_distance=0.11 m | raw=(-0.10, 4.50, 0.00) | smoothed=(-0.18, 4.52, 0.00) | velocity=(0.45, -0.11, 0.00) m/s | speed=0.46 m/s | net=0.42 m | straightness=0.62 | direction=0.00 | state=MOVING | detections=37
[INFO] [1790212677.878394006] [sage_semantic_world_model]: Target 3 updated | association_distance=0.57 m | raw=(-6.18, 7.72, 0.00) | smoothed=(-6.53, 7.48, 0.00) | velocity=(-0.01, 0.08, 0.00) m/s | speed=0.08 m/s | net=0.88 m | straightness=0.87 | direction=0.89 | state=STATIONARY | detections=691
[INFO] [1790212677.966852004] [sage_semantic_world_model]: Target 3 updated | association_distance=0.43 m | raw=(-6.18, 7.72, 0.00) | smoothed=(-6.44, 7.54, 0.00) | velocity=(0.01, 0.08, 0.00) m/s | speed=0.08 m/s | net=0.87 m | straightness=0.82 | direction=0.78 | state=STATIONARY | detections=692
[INFO] [1790212678.071045997] [sage_semantic_world_model]: Target 3 updated | association_distance=0.32 m | raw=(-6.18, 7.72, 0.00) | smoothed=(-6.37, 7.59, 0.00) | velocity=(0.03, 0.05, 0.00) m/s | speed=0.06 m/s | net=0.87 m | straightness=0.79 | direction=0.67 | state=STATIONARY | detections=693
[INFO] [1790212678.169127575] [sage_semantic_world_model]: Target 3 updated | association_distance=0.24 m | raw=(-6.18, 7.72, 0.00) | smoothed=(-6.32, 7.62, 0.00) | velocity=(0.05, 0.04, 0.00) m/s | speed=0.06 m/s | net=0.77 m | straightness=0.76 | direction=1.00 | state=STATIONARY | detections=694
[INFO] [1790212681.278938575] [sage_semantic_world_model]: Target 4 updated | association_distance=0.80 m | raw=(5.08, -6.98, 0.00) | smoothed=(5.15, -6.39, 0.00) | velocity=(0.00, -0.03, 0.00) m/s | speed=0.03 m/s | net=0.39 m | straightness=0.52 | direction=0.00 | state=STATIONARY | detections=509
[INFO] [1790212681.379874170] [sage_semantic_world_model]: Target 4 updated | association_distance=0.60 m | raw=(5.08, -6.98, 0.00) | smoothed=(5.13, -6.54, 0.00) | velocity=(0.00, -0.04, 0.00) m/s | speed=0.04 m/s | net=0.58 m | straightness=0.68 | direction=0.44 | state=STATIONARY | detections=510
[INFO] [1790212681.474616019] [sage_semantic_world_model]: Target 4 updated | association_distance=0.08 m | raw=(5.20, -6.59, 0.00) | smoothed=(5.15, -6.55, 0.00) | velocity=(0.00, -0.03, 0.00) m/s | speed=0.03 m/s | net=0.63 m | straightness=0.74 | direction=0.56 | state=STATIONARY | detections=511
[INFO] [1790212681.565854616] [sage_semantic_world_model]: Target 4 updated | association_distance=0.06 m | raw=(5.20, -6.59, 0.00) | smoothed=(5.16, -6.56, 0.00) | velocity=(-0.00, -0.02, 0.00) m/s | speed=0.02 m/s | net=0.66 m | straightness=0.79 | direction=0.67 | state=STATIONARY | detections=512
[INFO] [1790212681.664592352] [sage_semantic_world_model]: Target 4 updated | association_distance=0.52 m | raw=(5.19, -6.04, 0.00) | smoothed=(5.17, -6.43, 0.00) | velocity=(0.05, -0.10, 0.00) m/s | speed=0.11 m/s | net=0.56 m | straightness=0.60 | direction=0.67 | state=STATIONARY | detections=513
[INFO] [1790212681.766610988] [sage_semantic_world_model]: Target 4 updated | association_distance=0.39 m | raw=(5.19, -6.04, 0.00) | smoothed=(5.17, -6.33, 0.00) | velocity=(0.11, 0.52, 0.00) m/s | speed=0.53 m/s | net=0.49 m | straightness=0.49 | direction=0.00 | state=STATIONARY | detections=514
[INFO] [1790212681.880439014] [sage_semantic_world_model]: Target 4 updated | association_distance=0.30 m | raw=(5.19, -6.04, 0.00) | smoothed=(5.18, -6.26, 0.00) | velocity=(0.08, 0.74, 0.00) m/s | speed=0.74 m/s | net=0.44 m | straightness=0.41 | direction=0.00 | state=STATIONARY | detections=515
[INFO] [1790212681.969324534] [sage_semantic_world_model]: Target 4 updated | association_distance=0.36 m | raw=(5.24, -5.90, 0.00) | smoothed=(5.20, -6.17, 0.00) | velocity=(0.09, 0.98, 0.00) m/s | speed=0.98 m/s | net=0.14 m | straightness=0.15 | direction=0.00 | state=STATIONARY | detections=516
[INFO] [1790212682.072122131] [sage_semantic_world_model]: Target 4 updated | association_distance=0.27 m | raw=(5.24, -5.90, 0.00) | smoothed=(5.21, -6.10, 0.00) | velocity=(0.10, 0.82, 0.00) m/s | speed=0.82 m/s | net=0.10 m | straightness=0.12 | direction=0.00 | state=STATIONARY | detections=517
[INFO] [1790212682.170651755] [sage_semantic_world_model]: Target 4 updated | association_distance=0.20 m | raw=(5.24, -5.90, 0.00) | smoothed=(5.22, -6.05, 0.00) | velocity=(0.10, 0.70, 0.00) m/s | speed=0.71 m/s | net=0.35 m | straightness=0.50 | direction=0.00 | state=STATIONARY | detections=518
[INFO] [1790212682.265637394] [sage_semantic_world_model]: Target 4 updated | association_distance=0.15 m | raw=(5.24, -5.90, 0.00) | smoothed=(5.22, -6.01, 0.00) | velocity=(0.11, 0.62, 0.00) m/s | speed=0.63 m/s | net=0.53 m | straightness=0.91 | direction=0.78 | state=STATIONARY | detections=519
[INFO] [1790212682.367915131] [sage_semantic_world_model]: Target 4 updated | association_distance=0.04 m | raw=(5.24, -5.98, 0.00) | smoothed=(5.23, -6.00, 0.00) | velocity=(0.08, 0.41, 0.00) m/s | speed=0.42 m/s | net=0.55 m | straightness=0.96 | direction=0.89 | state=STATIONARY | detections=520
[INFO] [1790212682.462819541] [sage_semantic_world_model]: Target 4 confirmed MOVING | net=0.57 m | avg_speed=0.63 m/s | straightness=1.00 | direction=1.00
[INFO] [1790212682.476033242] [sage_semantic_world_model]: Target 4 updated | association_distance=0.03 m | raw=(5.24, -5.98, 0.00) | smoothed=(5.23, -6.00, 0.00) | velocity=(0.05, 0.26, 0.00) m/s | speed=0.27 m/s | net=0.57 m | straightness=1.00 | direction=1.00 | state=MOVING | detections=521
[INFO] [1790212682.567784394] [sage_semantic_world_model]: Target 4 updated | association_distance=0.02 m | raw=(5.24, -5.98, 0.00) | smoothed=(5.23, -5.99, 0.00) | velocity=(0.04, 0.15, 0.00) m/s | speed=0.15 m/s | net=0.44 m | straightness=1.00 | direction=0.00 | state=MOVING | detections=522
[INFO] [1790212682.669984140] [sage_semantic_world_model]: Target 4 updated | association_distance=0.26 m | raw=(5.23, -5.73, 0.00) | smoothed=(5.23, -5.93, 0.00) | velocity=(0.02, 0.22, 0.00) m/s | speed=0.22 m/s | net=0.41 m | straightness=1.00 | direction=0.00 | state=MOVING | detections=523
[INFO] [1790212682.766504817] [sage_semantic_world_model]: Target 4 updated | association_distance=0.20 m | raw=(5.23, -5.73, 0.00) | smoothed=(5.23, -5.88, 0.00) | velocity=(0.01, 0.32, 0.00) m/s | speed=0.32 m/s | net=0.38 m | straightness=1.00 | direction=0.00 | state=MOVING | detections=524
[INFO] [1790212682.868171847] [sage_semantic_world_model]: Target 4 updated | association_distance=0.15 m | raw=(5.23, -5.73, 0.00) | smoothed=(5.23, -5.84, 0.00) | velocity=(0.01, 0.39, 0.00) m/s | speed=0.39 m/s | net=0.33 m | straightness=0.99 | direction=0.00 | state=MOVING | detections=525
[INFO] [1790212682.971266036] [sage_semantic_world_model]: Target 4 updated | association_distance=0.04 m | raw=(5.20, -5.87, 0.00) | smoothed=(5.22, -5.85, 0.00) | velocity=(-0.01, 0.36, 0.00) m/s | speed=0.36 m/s | net=0.25 m | straightness=0.94 | direction=0.00 | state=MOVING | detections=526
[INFO] [1790212683.069409954] [sage_semantic_world_model]: Target 4 updated | association_distance=0.03 m | raw=(5.20, -5.87, 0.00) | smoothed=(5.22, -5.85, 0.00) | velocity=(-0.03, 0.19, 0.00) m/s | speed=0.19 m/s | net=0.20 m | straightness=0.87 | direction=0.00 | state=MOVING | detections=527
[INFO] [1790212683.184335185] [sage_semantic_world_model]: Target 4 updated | association_distance=0.02 m | raw=(5.20, -5.87, 0.00) | smoothed=(5.22, -5.86, 0.00) | velocity=(-0.04, 0.05, 0.00) m/s | speed=0.07 m/s | net=0.16 m | straightness=0.81 | direction=0.00 | state=MOVING | detections=528
[INFO] [1790212683.278635196] [sage_semantic_world_model]: Target 4 updated | association_distance=0.02 m | raw=(5.20, -5.87, 0.00) | smoothed=(5.21, -5.86, 0.00) | velocity=(-0.05, -0.04, 0.00) m/s | speed=0.06 m/s | net=0.15 m | straightness=0.77 | direction=0.00 | state=MOVING | detections=529
[INFO] [1790212683.374639316] [sage_semantic_world_model]: Target 4 updated | association_distance=0.22 m | raw=(5.23, -6.08, 0.00) | smoothed=(5.22, -5.91, 0.00) | velocity=(-0.02, -0.16, 0.00) m/s | speed=0.17 m/s | net=0.08 m | straightness=0.36 | direction=0.00 | state=MOVING | detections=530
[INFO] [1790212683.472150407] [sage_semantic_world_model]: Target 4 updated | association_distance=0.17 m | raw=(5.23, -6.08, 0.00) | smoothed=(5.22, -5.95, 0.00) | velocity=(-0.00, -0.26, 0.00) m/s | speed=0.26 m/s | net=0.04 m | straightness=0.14 | direction=0.00 | state=MOVING | detections=531
[INFO] [1790212683.565401254] [sage_semantic_world_model]: Target 4 confirmed STATIONARY | net=0.06 m | avg_speed=0.07 m/s
[INFO] [1790212683.574023637] [sage_semantic_world_model]: Target 4 updated | association_distance=0.12 m | raw=(5.23, -6.08, 0.00) | smoothed=(5.22, -5.99, 0.00) | velocity=(0.01, -0.32, 0.00) m/s | speed=0.32 m/s | net=0.06 m | straightness=0.25 | direction=0.00 | state=STATIONARY | detections=532
[INFO] [1790212683.668720275] [sage_semantic_world_model]: Target 4 updated | association_distance=0.65 m | raw=(5.28, -6.63, 0.00) | smoothed=(5.24, -6.15, 0.00) | velocity=(0.06, -0.72, 0.00) m/s | speed=0.73 m/s | net=0.27 m | straightness=0.77 | direction=0.00 | state=STATIONARY | detections=533
[INFO] [1790212683.766065684] [sage_semantic_world_model]: Target 4 updated | association_distance=0.49 m | raw=(5.28, -6.63, 0.00) | smoothed=(5.25, -6.27, 0.00) | velocity=(0.08, -0.90, 0.00) m/s | speed=0.90 m/s | net=0.43 m | straightness=0.98 | direction=0.00 | state=STATIONARY | detections=534
[INFO] [1790212683.862916462] [sage_semantic_world_model]: Target 4 updated | association_distance=0.37 m | raw=(5.28, -6.63, 0.00) | smoothed=(5.26, -6.36, 0.00) | velocity=(0.10, -1.02, 0.00) m/s | speed=1.02 m/s | net=0.51 m | straightness=0.99 | direction=1.00 | state=STATIONARY | detections=535
[INFO] [1790212684.179253201] [sage_semantic_world_model]: Target 3 updated | association_distance=1.55 m | raw=(-4.80, 7.87, 0.00) | smoothed=(-5.94, 7.68, 0.00) | velocity=(0.09, 0.03, 0.00) m/s | speed=0.10 m/s | net=0.87 m | straightness=0.68 | direction=0.78 | state=STATIONARY | detections=695
[INFO] [1790212684.275930597] [sage_semantic_world_model]: Target 3 updated | association_distance=1.16 m | raw=(-4.80, 7.87, 0.00) | smoothed=(-5.66, 7.73, 0.00) | velocity=(0.12, 0.03, 0.00) m/s | speed=0.13 m/s | net=1.07 m | straightness=0.72 | direction=0.67 | state=STATIONARY | detections=696
[INFO] [1790212684.375981648] [sage_semantic_world_model]: Target 3 updated | association_distance=0.87 m | raw=(-4.80, 7.87, 0.00) | smoothed=(-5.44, 7.77, 0.00) | velocity=(0.15, 0.03, 0.00) m/s | speed=0.15 m/s | net=1.26 m | straightness=0.77 | direction=0.78 | state=STATIONARY | detections=697
[INFO] [1790212684.470451444] [sage_semantic_world_model]: Target 12 updated | association_distance=0.43 m | raw=(-5.54, 8.86, 0.00) | smoothed=(-5.50, 9.18, 0.00) | velocity=(-0.00, -0.00, 0.00) m/s | speed=0.00 m/s | net=0.00 m | straightness=0.00 | direction=0.00 | state=STATIONARY | detections=6
[INFO] [1790212684.569690928] [sage_semantic_world_model]: Target 12 updated | association_distance=0.32 m | raw=(-5.54, 8.86, 0.00) | smoothed=(-5.51, 9.10, 0.00) | velocity=(-0.00, -0.00, 0.00) m/s | speed=0.00 m/s | net=0.00 m | straightness=0.00 | direction=0.00 | state=STATIONARY | detections=7
[INFO] [1790212684.665313973] [sage_semantic_world_model]: Target 12 updated | association_distance=1.18 m | raw=(-6.51, 8.48, 0.00) | smoothed=(-5.76, 8.94, 0.00) | velocity=(-0.02, -0.03, 0.00) m/s | speed=0.04 m/s | net=0.00 m | straightness=0.00 | direction=0.00 | state=STATIONARY | detections=8
[INFO] [1790212684.766556328] [sage_semantic_world_model]: Target 12 updated | association_distance=0.89 m | raw=(-6.51, 8.48, 0.00) | smoothed=(-5.95, 8.83, 0.00) | velocity=(-0.03, -0.03, 0.00) m/s | speed=0.05 m/s | net=0.00 m | straightness=0.00 | direction=0.00 | state=STATIONARY | detections=9
[INFO] [1790212684.873336433] [sage_semantic_world_model]: Target 12 updated | association_distance=0.66 m | raw=(-6.51, 8.48, 0.00) | smoothed=(-6.09, 8.74, 0.00) | velocity=(-1.49, -1.09, 0.00) m/s | speed=1.85 m/s | net=1.06 m | straightness=0.94 | direction=1.00 | state=STATIONARY | detections=10
[INFO] [1790212684.978665538] [sage_semantic_world_model]: Target 9 updated | association_distance=0.36 m | raw=(-0.25, 4.87, 0.00) | smoothed=(-0.20, 4.61, 0.00) | velocity=(0.01, 0.00, 0.00) m/s | speed=0.01 m/s | net=0.35 m | straightness=0.49 | direction=0.00 | state=MOVING | detections=38
[INFO] [1790212685.074057364] [sage_semantic_world_model]: Target 9 updated | association_distance=0.27 m | raw=(-0.25, 4.87, 0.00) | smoothed=(-0.21, 4.67, 0.00) | velocity=(0.00, 0.01, 0.00) m/s | speed=0.01 m/s | net=0.14 m | straightness=0.22 | direction=0.00 | state=MOVING | detections=39
[INFO] [1790212685.165189080] [sage_semantic_world_model]: Target 9 updated | association_distance=0.20 m | raw=(-0.25, 4.87, 0.00) | smoothed=(-0.22, 4.72, 0.00) | velocity=(-0.00, 0.02, 0.00) m/s | speed=0.02 m/s | net=0.07 m | straightness=0.12 | direction=0.00 | state=MOVING | detections=40
[INFO] [1790212685.267745316] [sage_semantic_world_model]: Target 2 updated | association_distance=0.72 m | raw=(-7.06, 8.17, 0.00) | smoothed=(-7.60, 8.17, 0.00) | velocity=(0.00, -0.00, 0.00) m/s | speed=0.00 m/s | net=0.40 m | straightness=0.28 | direction=0.00 | state=STATIONARY | detections=34
[INFO] [1790212685.374302390] [sage_semantic_world_model]: Target 2 updated | association_distance=0.54 m | raw=(-7.06, 8.17, 0.00) | smoothed=(-7.46, 8.17, 0.00) | velocity=(0.00, -0.00, 0.00) m/s | speed=0.00 m/s | net=0.38 m | straightness=0.26 | direction=0.00 | state=STATIONARY | detections=35
[INFO] [1790212685.475623064] [sage_semantic_world_model]: Target 2 updated | association_distance=0.41 m | raw=(-7.06, 8.17, 0.00) | smoothed=(-7.36, 8.17, 0.00) | velocity=(0.03, -0.01, 0.00) m/s | speed=0.03 m/s | net=0.48 m | straightness=0.35 | direction=0.00 | state=STATIONARY | detections=36
[INFO] [1790212685.569172321] [sage_semantic_world_model]: Target 2 updated | association_distance=0.30 m | raw=(-7.06, 8.17, 0.00) | smoothed=(-7.28, 8.17, 0.00) | velocity=(0.03, -0.00, 0.00) m/s | speed=0.03 m/s | net=0.57 m | straightness=0.43 | direction=0.78 | state=STATIONARY | detections=37
[INFO] [1790212685.680546256] [sage_semantic_world_model]: Target 2 updated | association_distance=0.23 m | raw=(-7.06, 8.17, 0.00) | smoothed=(-7.23, 8.17, 0.00) | velocity=(0.92, -0.00, 0.00) m/s | speed=0.92 m/s | net=0.73 m | straightness=0.58 | direction=0.89 | state=STATIONARY | detections=38
[INFO] [1790212685.773097044] [sage_semantic_world_model]: Target 2 updated | association_distance=0.17 m | raw=(-7.06, 8.17, 0.00) | smoothed=(-7.19, 8.17, 0.00) | velocity=(0.69, -0.00, 0.00) m/s | speed=0.69 m/s | net=0.86 m | straightness=0.71 | direction=1.00 | state=STATIONARY | detections=39
[INFO] [1790212685.874744786] [sage_semantic_world_model]: Target 2 updated | association_distance=0.13 m | raw=(-7.06, 8.17, 0.00) | smoothed=(-7.15, 8.17, 0.00) | velocity=(0.51, -0.00, 0.00) m/s | speed=0.51 m/s | net=0.73 m | straightness=0.80 | direction=1.00 | state=STATIONARY | detections=40
[INFO] [1790212685.965954080] [sage_semantic_world_model]: Target 2 updated | association_distance=0.10 m | raw=(-7.06, 8.17, 0.00) | smoothed=(-7.13, 8.17, 0.00) | velocity=(0.39, -0.00, 0.00) m/s | speed=0.39 m/s | net=0.68 m | straightness=0.88 | direction=0.89 | state=STATIONARY | detections=41
[INFO] [1790212686.066502807] [sage_semantic_world_model]: Target 2 updated | association_distance=0.07 m | raw=(-7.06, 8.17, 0.00) | smoothed=(-7.11, 8.17, 0.00) | velocity=(0.29, -0.00, 0.00) m/s | speed=0.29 m/s | net=0.67 m | straightness=1.00 | direction=1.00 | state=STATIONARY | detections=42
[INFO] [1790212686.164532941] [sage_semantic_world_model]: Target 2 updated | association_distance=0.05 m | raw=(-7.06, 8.17, 0.00) | smoothed=(-7.10, 8.17, 0.00) | velocity=(0.22, -0.00, 0.00) m/s | speed=0.22 m/s | net=0.50 m | straightness=1.00 | direction=0.00 | state=STATIONARY | detections=43
[INFO] [1790212686.467690596] [sage_semantic_world_model]: Target 8 updated | association_distance=1.19 m | raw=(1.38, 4.56, 0.00) | smoothed=(1.76, 5.37, 0.00) | velocity=(0.00, 0.00, 0.00) m/s | speed=0.00 m/s | net=0.00 m | straightness=0.00 | direction=0.00 | state=STATIONARY | detections=4
[INFO] [1790212686.569792759] [sage_semantic_world_model]: Target 8 updated | association_distance=0.89 m | raw=(1.38, 4.56, 0.00) | smoothed=(1.66, 5.17, 0.00) | velocity=(-0.00, -0.00, 0.00) m/s | speed=0.00 m/s | net=0.00 m | straightness=0.00 | direction=0.00 | state=STATIONARY | detections=5
[INFO] [1790212686.668638297] [sage_semantic_world_model]: Target 9 updated | association_distance=1.04 m | raw=(0.79, 4.45, 0.00) | smoothed=(0.03, 4.66, 0.00) | velocity=(0.02, 0.01, 0.00) m/s | speed=0.02 m/s | net=0.36 m | straightness=0.50 | direction=0.00 | state=MOVING | detections=41
[INFO] [1790212686.765613998] [sage_semantic_world_model]: Target 9 updated | association_distance=0.78 m | raw=(0.79, 4.45, 0.00) | smoothed=(0.22, 4.60, 0.00) | velocity=(0.23, -0.00, 0.00) m/s | speed=0.23 m/s | net=0.58 m | straightness=0.68 | direction=0.67 | state=MOVING | detections=42
[INFO] [1790212686.874402369] [sage_semantic_world_model]: Target 3 updated | association_distance=0.91 m | raw=(-5.00, 8.56, 0.00) | smoothed=(-5.33, 7.96, 0.00) | velocity=(0.11, 0.04, 0.00) m/s | speed=0.12 m/s | net=1.43 m | straightness=0.86 | direction=0.89 | state=STATIONARY | detections=698
[INFO] [1790212686.966204778] [sage_semantic_world_model]: Target 3 updated | association_distance=0.68 m | raw=(-5.00, 8.56, 0.00) | smoothed=(-5.25, 8.11, 0.00) | velocity=(0.25, 0.15, 0.00) m/s | speed=0.29 m/s | net=1.57 m | straightness=0.93 | direction=1.00 | state=STATIONARY | detections=699
[INFO] [1790212687.076269433] [sage_semantic_world_model]: Target 3 updated | association_distance=0.51 m | raw=(-5.00, 8.56, 0.00) | smoothed=(-5.19, 8.23, 0.00) | velocity=(0.17, 0.18, 0.00) m/s | speed=0.24 m/s | net=1.53 m | straightness=0.92 | direction=1.00 | state=STATIONARY | detections=700
[INFO] [1790212687.168194761] [sage_semantic_world_model]: Target 3 updated | association_distance=0.38 m | raw=(-5.00, 8.56, 0.00) | smoothed=(-5.14, 8.31, 0.00) | velocity=(0.11, 0.19, 0.00) m/s | speed=0.22 m/s | net=1.51 m | straightness=0.91 | direction=1.00 | state=STATIONARY | detections=701
[INFO] [1790212694.068706615] [sage_semantic_world_model]: Target 1 updated | association_distance=0.84 m | raw=(-0.77, 3.56, 0.00) | smoothed=(-0.14, 3.52, 0.00) | velocity=(-0.00, -0.01, 0.00) m/s | speed=0.01 m/s | net=0.39 m | straightness=0.53 | direction=0.00 | state=STATIONARY | detections=719
[INFO] [1790212694.168626362] [sage_semantic_world_model]: Target 1 updated | association_distance=0.63 m | raw=(-0.77, 3.56, 0.00) | smoothed=(-0.29, 3.53, 0.00) | velocity=(-0.01, -0.01, 0.00) m/s | speed=0.01 m/s | net=0.46 m | straightness=0.53 | direction=0.00 | state=STATIONARY | detections=720
[INFO] [1790212694.277683478] [sage_semantic_world_model]: Target 1 updated | association_distance=0.47 m | raw=(-0.77, 3.56, 0.00) | smoothed=(-0.41, 3.54, 0.00) | velocity=(-0.01, -0.00, 0.00) m/s | speed=0.01 m/s | net=0.53 m | straightness=0.55 | direction=0.67 | state=STATIONARY | detections=721
[INFO] [1790212694.369982475] [sage_semantic_world_model]: Target 1 updated | association_distance=0.36 m | raw=(-0.77, 3.56, 0.00) | smoothed=(-0.50, 3.55, 0.00) | velocity=(-0.02, 0.00, 0.00) m/s | speed=0.02 m/s | net=0.58 m | straightness=0.56 | direction=0.44 | state=STATIONARY | detections=722
[INFO] [1790212694.476673622] [sage_semantic_world_model]: Target 1 updated | association_distance=0.27 m | raw=(-0.77, 3.56, 0.00) | smoothed=(-0.57, 3.55, 0.00) | velocity=(-1.07, 0.07, 0.00) m/s | speed=1.07 m/s | net=0.62 m | straightness=0.58 | direction=0.56 | state=STATIONARY | detections=723
[INFO] [1790212694.567987868] [sage_semantic_world_model]: Target 1 updated | association_distance=0.20 m | raw=(-0.77, 3.56, 0.00) | smoothed=(-0.62, 3.55, 0.00) | velocity=(-0.81, 0.05, 0.00) m/s | speed=0.81 m/s | net=0.66 m | straightness=0.59 | direction=0.67 | state=STATIONARY | detections=724
[INFO] [1790212694.675694819] [sage_semantic_world_model]: Target 1 updated | association_distance=0.65 m | raw=(-0.05, 3.88, 0.00) | smoothed=(-0.48, 3.64, 0.00) | velocity=(-0.16, 0.24, 0.00) m/s | speed=0.29 m/s | net=0.48 m | straightness=0.44 | direction=0.00 | state=STATIONARY | detections=725
[INFO] [1790212694.762997339] [sage_semantic_world_model]: Target 1 updated | association_distance=0.49 m | raw=(-0.05, 3.88, 0.00) | smoothed=(-0.37, 3.70, 0.00) | velocity=(0.33, 0.38, 0.00) m/s | speed=0.50 m/s | net=0.42 m | straightness=0.39 | direction=0.00 | state=STATIONARY | detections=726
[INFO] [1790212694.871304828] [sage_semantic_world_model]: Target 1 updated | association_distance=0.37 m | raw=(-0.05, 3.88, 0.00) | smoothed=(-0.29, 3.74, 0.00) | velocity=(0.69, 0.49, 0.00) m/s | speed=0.84 m/s | net=0.43 m | straightness=0.40 | direction=0.00 | state=STATIONARY | detections=727
[INFO] [1790212696.665363601] [sage_semantic_world_model]: Target 9 updated | association_distance=1.32 m | raw=(-0.58, 5.65, 0.00) | smoothed=(0.02, 4.87, 0.00) | velocity=(0.02, 0.02, 0.00) m/s | speed=0.03 m/s | net=0.45 m | straightness=0.40 | direction=0.00 | state=MOVING | detections=43
[INFO] [1790212696.783116509] [sage_semantic_world_model]: Target 9 updated | association_distance=0.99 m | raw=(-0.58, 5.65, 0.00) | smoothed=(-0.13, 5.06, 0.00) | velocity=(0.01, 0.03, 0.00) m/s | speed=0.03 m/s | net=0.54 m | straightness=0.41 | direction=0.56 | state=MOVING | detections=44
[INFO] [1790212696.880388414] [sage_semantic_world_model]: Target 9 updated | association_distance=0.74 m | raw=(-0.58, 5.65, 0.00) | smoothed=(-0.24, 5.21, 0.00) | velocity=(-0.03, 0.05, 0.00) m/s | speed=0.06 m/s | net=0.69 m | straightness=0.47 | direction=0.67 | state=MOVING | detections=45
[INFO] [1790212696.980916784] [sage_semantic_world_model]: Target 9 updated | association_distance=0.56 m | raw=(-0.58, 5.65, 0.00) | smoothed=(-0.33, 5.32, 0.00) | velocity=(-0.05, 0.07, 0.00) m/s | speed=0.09 m/s | net=0.81 m | straightness=0.52 | direction=0.78 | state=MOVING | detections=46
[INFO] [1790212697.566360657] [sage_semantic_world_model]: Target 4 updated | association_distance=0.20 m | raw=(5.35, -6.53, 0.00) | smoothed=(5.28, -6.40, 0.00) | velocity=(0.00, -0.03, 0.00) m/s | speed=0.03 m/s | net=0.55 m | straightness=0.99 | direction=1.00 | state=STATIONARY | detections=536
[INFO] [1790212697.669085047] [sage_semantic_world_model]: Target 4 updated | association_distance=0.15 m | raw=(5.35, -6.53, 0.00) | smoothed=(5.30, -6.44, 0.00) | velocity=(0.00, -0.02, 0.00) m/s | speed=0.02 m/s | net=0.59 m | straightness=0.99 | direction=1.00 | state=STATIONARY | detections=537
[INFO] [1790212697.768542062] [sage_semantic_world_model]: Target 4 updated | association_distance=0.11 m | raw=(5.35, -6.53, 0.00) | smoothed=(5.31, -6.46, 0.00) | velocity=(0.00, -0.01, 0.00) m/s | speed=0.01 m/s | net=0.61 m | straightness=0.99 | direction=1.00 | state=STATIONARY | detections=538
[INFO] [1790212697.871046082] [sage_semantic_world_model]: Target 4 updated | association_distance=0.08 m | raw=(5.35, -6.53, 0.00) | smoothed=(5.32, -6.48, 0.00) | velocity=(0.00, -0.01, 0.00) m/s | speed=0.01 m/s | net=0.57 m | straightness=0.99 | direction=1.00 | state=STATIONARY | detections=539
[INFO] [1790212697.971703924] [sage_semantic_world_model]: Target 4 updated | association_distance=0.05 m | raw=(5.36, -6.51, 0.00) | smoothed=(5.33, -6.48, 0.00) | velocity=(0.12, -0.21, 0.00) m/s | speed=0.24 m/s | net=0.54 m | straightness=0.98 | direction=1.00 | state=STATIONARY | detections=540
[INFO] [1790212698.065065462] [sage_semantic_world_model]: Target 4 updated | association_distance=0.04 m | raw=(5.36, -6.51, 0.00) | smoothed=(5.34, -6.49, 0.00) | velocity=(0.10, -0.14, 0.00) m/s | speed=0.17 m/s | net=0.52 m | straightness=0.97 | direction=1.00 | state=STATIONARY | detections=541
[INFO] [1790212698.175544752] [sage_semantic_world_model]: Target 4 updated | association_distance=0.03 m | raw=(5.36, -6.51, 0.00) | smoothed=(5.34, -6.49, 0.00) | velocity=(0.09, -0.08, 0.00) m/s | speed=0.12 m/s | net=0.36 m | straightness=0.96 | direction=0.00 | state=STATIONARY | detections=542
[INFO] [1790212698.276630492] [sage_semantic_world_model]: Target 4 updated | association_distance=0.14 m | raw=(5.34, -6.64, 0.00) | smoothed=(5.34, -6.53, 0.00) | velocity=(0.06, -0.13, 0.00) m/s | speed=0.14 m/s | net=0.28 m | straightness=0.96 | direction=0.00 | state=STATIONARY | detections=543
[INFO] [1790212698.382742525] [sage_semantic_world_model]: Target 4 updated | association_distance=0.18 m | raw=(5.38, -6.36, 0.00) | smoothed=(5.35, -6.49, 0.00) | velocity=(0.06, -0.00, 0.00) m/s | speed=0.06 m/s | net=0.16 m | straightness=0.65 | direction=0.00 | state=STATIONARY | detections=544
[INFO] [1790212698.473761271] [sage_semantic_world_model]: Target 4 updated | association_distance=0.13 m | raw=(5.38, -6.36, 0.00) | smoothed=(5.36, -6.45, 0.00) | velocity=(0.06, 0.09, 0.00) m/s | speed=0.11 m/s | net=0.10 m | straightness=0.42 | direction=0.00 | state=STATIONARY | detections=545
[INFO] [1790212698.567279987] [sage_semantic_world_model]: Target 4 updated | association_distance=0.10 m | raw=(5.38, -6.36, 0.00) | smoothed=(5.37, -6.43, 0.00) | velocity=(0.06, 0.16, 0.00) m/s | speed=0.17 m/s | net=0.07 m | straightness=0.32 | direction=0.00 | state=STATIONARY | detections=546
[INFO] [1790212698.678625656] [sage_semantic_world_model]: Target 4 updated | association_distance=0.26 m | raw=(5.33, -6.17, 0.00) | smoothed=(5.36, -6.37, 0.00) | velocity=(0.04, 0.41, 0.00) m/s | speed=0.41 m/s | net=0.11 m | straightness=0.42 | direction=0.00 | state=STATIONARY | detections=547
[INFO] [1790212698.773195193] [sage_semantic_world_model]: Target 4 updated | association_distance=0.19 m | raw=(5.33, -6.17, 0.00) | smoothed=(5.35, -6.32, 0.00) | velocity=(-0.00, 0.42, 0.00) m/s | speed=0.42 m/s | net=0.16 m | straightness=0.58 | direction=0.00 | state=STATIONARY | detections=548
[INFO] [1790212702.065842468] [sage_semantic_world_model]: Target 4 updated | association_distance=0.45 m | raw=(5.62, -5.96, 0.00) | smoothed=(5.42, -6.23, 0.00) | velocity=(0.02, 0.06, 0.00) m/s | speed=0.06 m/s | net=0.27 m | straightness=0.71 | direction=0.00 | state=STATIONARY | detections=549
[INFO] [1790212702.167907667] [sage_semantic_world_model]: Target 4 updated | association_distance=0.34 m | raw=(5.62, -5.96, 0.00) | smoothed=(5.47, -6.16, 0.00) | velocity=(0.03, 0.07, 0.00) m/s | speed=0.08 m/s | net=0.35 m | straightness=0.78 | direction=0.00 | state=STATIONARY | detections=550
[INFO] [1790212702.264637339] [sage_semantic_world_model]: Target 4 updated | association_distance=0.25 m | raw=(5.62, -5.96, 0.00) | smoothed=(5.51, -6.11, 0.00) | velocity=(0.04, 0.07, 0.00) m/s | speed=0.08 m/s | net=0.42 m | straightness=0.81 | direction=0.00 | state=STATIONARY | detections=551
[INFO] [1790212702.368621898] [sage_semantic_world_model]: Target 4 updated | association_distance=0.17 m | raw=(5.34, -6.09, 0.00) | smoothed=(5.47, -6.11, 0.00) | velocity=(0.03, 0.06, 0.00) m/s | speed=0.07 m/s | net=0.44 m | straightness=0.85 | direction=0.00 | state=STATIONARY | detections=552
[INFO] [1790212702.480419831] [sage_semantic_world_model]: Target 4 updated | association_distance=0.13 m | raw=(5.34, -6.09, 0.00) | smoothed=(5.43, -6.10, 0.00) | velocity=(0.03, 0.31, 0.00) m/s | speed=0.31 m/s | net=0.39 m | straightness=0.78 | direction=0.00 | state=STATIONARY | detections=553
[INFO] [1790212702.571378263] [sage_semantic_world_model]: Target 4 updated | association_distance=0.10 m | raw=(5.34, -6.09, 0.00) | smoothed=(5.41, -6.10, 0.00) | velocity=(-0.15, 0.16, 0.00) m/s | speed=0.22 m/s | net=0.36 m | straightness=0.72 | direction=0.00 | state=STATIONARY | detections=554
[INFO] [1790212702.667977685] [sage_semantic_world_model]: Target 4 updated | association_distance=0.07 m | raw=(5.34, -6.09, 0.00) | smoothed=(5.39, -6.10, 0.00) | velocity=(-0.29, 0.04, 0.00) m/s | speed=0.30 m/s | net=0.34 m | straightness=0.68 | direction=0.00 | state=STATIONARY | detections=555
[INFO] [1790212702.780308255] [sage_semantic_world_model]: Target 4 updated | association_distance=0.10 m | raw=(5.30, -6.13, 0.00) | smoothed=(5.37, -6.11, 0.00) | velocity=(-0.24, 0.00, 0.00) m/s | speed=0.24 m/s | net=0.26 m | straightness=0.58 | direction=0.00 | state=STATIONARY | detections=556
[INFO] [1790212702.873237873] [sage_semantic_world_model]: Target 4 updated | association_distance=0.08 m | raw=(5.30, -6.13, 0.00) | smoothed=(5.35, -6.11, 0.00) | velocity=(-0.21, -0.03, 0.00) m/s | speed=0.22 m/s | net=0.21 m | straightness=0.49 | direction=0.00 | state=STATIONARY | detections=557
[INFO] [1790212702.983167380] [sage_semantic_world_model]: Target 4 updated | association_distance=0.06 m | raw=(5.30, -6.13, 0.00) | smoothed=(5.34, -6.12, 0.00) | velocity=(-0.18, -0.05, 0.00) m/s | speed=0.19 m/s | net=0.14 m | straightness=0.43 | direction=0.00 | state=STATIONARY | detections=558
[INFO] [1790212703.070003517] [sage_semantic_world_model]: Target 4 updated | association_distance=0.16 m | raw=(5.26, -6.26, 0.00) | smoothed=(5.32, -6.15, 0.00) | velocity=(-0.19, -0.15, 0.00) m/s | speed=0.24 m/s | net=0.15 m | straightness=0.55 | direction=0.00 | state=STATIONARY | detections=559
[INFO] [1790212703.168927518] [sage_semantic_world_model]: Target 4 updated | association_distance=0.27 m | raw=(5.29, -6.42, 0.00) | smoothed=(5.31, -6.22, 0.00) | velocity=(-0.14, -0.29, 0.00) m/s | speed=0.32 m/s | net=0.23 m | straightness=0.79 | direction=0.00 | state=STATIONARY | detections=560
[INFO] [1790212703.270051124] [sage_semantic_world_model]: Target 4 updated | association_distance=0.20 m | raw=(5.29, -6.42, 0.00) | smoothed=(5.31, -6.27, 0.00) | velocity=(-0.11, -0.39, 0.00) m/s | speed=0.41 m/s | net=0.23 m | straightness=0.78 | direction=0.00 | state=STATIONARY | detections=561
[INFO] [1790212703.382390997] [sage_semantic_world_model]: Target 4 updated | association_distance=0.15 m | raw=(5.29, -6.42, 0.00) | smoothed=(5.30, -6.31, 0.00) | velocity=(-0.08, -0.47, 0.00) m/s | speed=0.48 m/s | net=0.24 m | straightness=0.82 | direction=0.00 | state=STATIONARY | detections=562
[INFO] [1790212703.470732332] [sage_semantic_world_model]: Target 4 updated | association_distance=0.14 m | raw=(5.44, -6.36, 0.00) | smoothed=(5.34, -6.32, 0.00) | velocity=(0.05, -0.41, 0.00) m/s | speed=0.42 m/s | net=0.23 m | straightness=0.76 | direction=0.00 | state=STATIONARY | detections=563
[INFO] [1790212703.570751226] [sage_semantic_world_model]: Target 4 updated | association_distance=0.11 m | raw=(5.44, -6.36, 0.00) | smoothed=(5.36, -6.33, 0.00) | velocity=(0.13, -0.28, 0.00) m/s | speed=0.30 m/s | net=0.24 m | straightness=0.75 | direction=0.00 | state=STATIONARY | detections=564
[INFO] [1790212703.666111179] [sage_semantic_world_model]: Target 4 updated | association_distance=0.08 m | raw=(5.44, -6.36, 0.00) | smoothed=(5.38, -6.34, 0.00) | velocity=(0.18, -0.17, 0.00) m/s | speed=0.25 m/s | net=0.23 m | straightness=0.75 | direction=0.00 | state=STATIONARY | detections=565
[INFO] [1790212703.767355296] [sage_semantic_world_model]: Target 4 updated | association_distance=0.06 m | raw=(5.44, -6.36, 0.00) | smoothed=(5.39, -6.34, 0.00) | velocity=(0.23, -0.09, 0.00) m/s | speed=0.24 m/s | net=0.24 m | straightness=0.77 | direction=0.00 | state=STATIONARY | detections=566
[INFO] [1790212705.079954541] [sage_semantic_world_model]: Target 1 updated | association_distance=0.63 m | raw=(0.19, 4.16, 0.00) | smoothed=(-0.17, 3.85, 0.00) | velocity=(0.04, 0.03, 0.00) m/s | speed=0.05 m/s | net=0.33 m | straightness=0.32 | direction=0.00 | state=STATIONARY | detections=728
[INFO] [1790212705.172483954] [sage_semantic_world_model]: Target 1 updated | association_distance=0.48 m | raw=(0.19, 4.16, 0.00) | smoothed=(-0.08, 3.93, 0.00) | velocity=(0.04, 0.03, 0.00) m/s | speed=0.05 m/s | net=0.45 m | straightness=0.46 | direction=0.00 | state=STATIONARY | detections=729
[INFO] [1790212705.277327527] [sage_semantic_world_model]: Target 1 updated | association_distance=0.36 m | raw=(0.19, 4.16, 0.00) | smoothed=(-0.01, 3.98, 0.00) | velocity=(0.03, 0.03, 0.00) m/s | speed=0.04 m/s | net=0.60 m | straightness=0.63 | direction=0.67 | state=STATIONARY | detections=730
[INFO] [1790212705.368405191] [sage_semantic_world_model]: Target 1 updated | association_distance=0.27 m | raw=(0.19, 4.16, 0.00) | smoothed=(0.04, 4.03, 0.00) | velocity=(0.03, 0.03, 0.00) m/s | speed=0.04 m/s | net=0.72 m | straightness=0.78 | direction=0.78 | state=STATIONARY | detections=731
[INFO] [1790212705.469126264] [sage_semantic_world_model]: Target 1 updated | association_distance=0.30 m | raw=(0.34, 4.07, 0.00) | smoothed=(0.11, 4.04, 0.00) | velocity=(0.71, 0.47, 0.00) m/s | speed=0.85 m/s | net=0.84 m | straightness=0.89 | direction=0.89 | state=STATIONARY | detections=732
[INFO] [1790212705.566422417] [sage_semantic_world_model]: Target 1 updated | association_distance=0.23 m | raw=(0.34, 4.07, 0.00) | smoothed=(0.17, 4.05, 0.00) | velocity=(0.63, 0.30, 0.00) m/s | speed=0.69 m/s | net=0.93 m | straightness=0.98 | direction=1.00 | state=STATIONARY | detections=733
[INFO] [1790212705.669388634] [sage_semantic_world_model]: Target 1 updated | association_distance=0.10 m | raw=(0.08, 4.09, 0.00) | smoothed=(0.15, 4.06, 0.00) | velocity=(0.40, 0.18, 0.00) m/s | speed=0.44 m/s | net=0.75 m | straightness=0.93 | direction=0.89 | state=STATIONARY | detections=734
[INFO] [1790212705.770335277] [sage_semantic_world_model]: Target 1 updated | association_distance=0.07 m | raw=(0.08, 4.09, 0.00) | smoothed=(0.13, 4.06, 0.00) | velocity=(0.23, 0.09, 0.00) m/s | speed=0.25 m/s | net=0.62 m | straightness=0.89 | direction=0.78 | state=STATIONARY | detections=735
[INFO] [1790212705.866856115] [sage_semantic_world_model]: Target 1 updated | association_distance=0.25 m | raw=(-0.12, 4.07, 0.00) | smoothed=(0.07, 4.07, 0.00) | velocity=(-0.11, 0.07, 0.00) m/s | speed=0.13 m/s | net=0.48 m | straightness=0.72 | direction=0.00 | state=STATIONARY | detections=736
[INFO] [1790212705.967161088] [sage_semantic_world_model]: Target 1 updated | association_distance=0.19 m | raw=(-0.12, 4.07, 0.00) | smoothed=(0.02, 4.07, 0.00) | velocity=(-0.37, 0.05, 0.00) m/s | speed=0.37 m/s | net=0.29 m | straightness=0.52 | direction=0.00 | state=STATIONARY | detections=737
[INFO] [1790212706.070897265] [sage_semantic_world_model]: Target 1 updated | association_distance=0.25 m | raw=(-0.22, 4.00, 0.00) | smoothed=(-0.04, 4.05, 0.00) | velocity=(-0.47, -0.02, 0.00) m/s | speed=0.47 m/s | net=0.13 m | straightness=0.26 | direction=0.00 | state=STATIONARY | detections=738
[INFO] [1790212706.168018932] [sage_semantic_world_model]: Target 1 updated | association_distance=0.19 m | raw=(-0.22, 4.00, 0.00) | smoothed=(-0.08, 4.04, 0.00) | velocity=(-0.54, -0.07, 0.00) m/s | speed=0.54 m/s | net=0.09 m | straightness=0.20 | direction=0.00 | state=STATIONARY | detections=739
[INFO] [1790212706.267666149] [sage_semantic_world_model]: Target 1 updated | association_distance=0.14 m | raw=(-0.22, 4.00, 0.00) | smoothed=(-0.12, 4.03, 0.00) | velocity=(-0.47, -0.09, 0.00) m/s | speed=0.48 m/s | net=0.16 m | straightness=0.36 | direction=0.00 | state=STATIONARY | detections=740
[INFO] [1790212706.377768637] [sage_semantic_world_model]: Target 1 updated | association_distance=0.20 m | raw=(-0.32, 4.00, 0.00) | smoothed=(-0.17, 4.02, 0.00) | velocity=(-0.48, -0.11, 0.00) m/s | speed=0.49 m/s | net=0.28 m | straightness=0.70 | direction=0.00 | state=STATIONARY | detections=741
[INFO] [1790212706.463944817] [sage_semantic_world_model]: Target 1 updated | association_distance=0.15 m | raw=(-0.32, 4.00, 0.00) | smoothed=(-0.21, 4.02, 0.00) | velocity=(-0.42, -0.09, 0.00) m/s | speed=0.43 m/s | net=0.38 m | straightness=0.98 | direction=0.00 | state=STATIONARY | detections=742
[INFO] [1790212706.573108962] [sage_semantic_world_model]: Target 2 updated | association_distance=0.96 m | raw=(-6.82, 7.25, 0.00) | smoothed=(-7.03, 7.94, 0.00) | velocity=(0.01, -0.01, 0.00) m/s | speed=0.01 m/s | net=0.49 m | straightness=0.81 | direction=0.00 | state=STATIONARY | detections=44
[INFO] [1790212706.676238466] [sage_semantic_world_model]: Target 2 updated | association_distance=0.72 m | raw=(-6.82, 7.25, 0.00) | smoothed=(-6.98, 7.77, 0.00) | velocity=(0.01, -0.02, 0.00) m/s | speed=0.02 m/s | net=0.56 m | straightness=0.81 | direction=1.00 | state=STATIONARY | detections=45
[INFO] [1790212706.765139523] [sage_semantic_world_model]: Target 2 updated | association_distance=0.54 m | raw=(-6.82, 7.25, 0.00) | smoothed=(-6.94, 7.64, 0.00) | velocity=(0.01, -0.03, 0.00) m/s | speed=0.03 m/s | net=0.64 m | straightness=0.86 | direction=1.00 | state=STATIONARY | detections=46
[INFO] [1790212706.871955053] [sage_semantic_world_model]: Target 2 updated | association_distance=0.53 m | raw=(-6.69, 7.17, 0.00) | smoothed=(-6.88, 7.52, 0.00) | velocity=(0.01, -0.03, 0.00) m/s | speed=0.03 m/s | net=0.74 m | straightness=0.90 | direction=0.44 | state=STATIONARY | detections=47
[INFO] [1790212706.964822963] [sage_semantic_world_model]: Target 2 updated | association_distance=0.40 m | raw=(-6.69, 7.17, 0.00) | smoothed=(-6.83, 7.43, 0.00) | velocity=(0.50, -1.27, 0.00) m/s | speed=1.37 m/s | net=0.82 m | straightness=0.94 | direction=0.56 | state=STATIONARY | detections=48
[INFO] [1790212707.067803618] [sage_semantic_world_model]: Target 2 updated | association_distance=0.30 m | raw=(-6.69, 7.17, 0.00) | smoothed=(-6.79, 7.37, 0.00) | velocity=(0.46, -0.99, 0.00) m/s | speed=1.09 m/s | net=0.88 m | straightness=0.96 | direction=0.67 | state=STATIONARY | detections=49
[INFO] [1790212707.165399494] [sage_semantic_world_model]: Target 1 updated | association_distance=0.10 m | raw=(-0.21, 4.12, 0.00) | smoothed=(-0.21, 4.04, 0.00) | velocity=(-0.12, 0.00, 0.00) m/s | speed=0.12 m/s | net=0.36 m | straightness=0.92 | direction=0.00 | state=STATIONARY | detections=743
[INFO] [1790212707.267668079] [sage_semantic_world_model]: Target 1 updated | association_distance=0.08 m | raw=(-0.21, 4.12, 0.00) | smoothed=(-0.21, 4.06, 0.00) | velocity=(-0.09, 0.03, 0.00) m/s | speed=0.10 m/s | net=0.34 m | straightness=0.88 | direction=0.00 | state=STATIONARY | detections=744
[INFO] [1790212707.367550683] [sage_semantic_world_model]: Target 1 updated | association_distance=0.06 m | raw=(-0.21, 4.12, 0.00) | smoothed=(-0.21, 4.08, 0.00) | velocity=(-0.04, 0.05, 0.00) m/s | speed=0.07 m/s | net=0.28 m | straightness=0.82 | direction=0.00 | state=STATIONARY | detections=745
[INFO] [1790212707.472810518] [sage_semantic_world_model]: Target 1 updated | association_distance=0.04 m | raw=(-0.21, 4.12, 0.00) | smoothed=(-0.21, 4.09, 0.00) | velocity=(-0.00, 0.07, 0.00) m/s | speed=0.07 m/s | net=0.23 m | straightness=0.77 | direction=0.00 | state=STATIONARY | detections=746
[INFO] [1790212707.572978931] [sage_semantic_world_model]: Target 2 updated | association_distance=0.66 m | raw=(-6.37, 7.86, 0.00) | smoothed=(-6.69, 7.49, 0.00) | velocity=(0.31, -0.18, 0.00) m/s | speed=0.36 m/s | net=0.81 m | straightness=0.77 | direction=0.89 | state=STATIONARY | detections=50
[INFO] [1790212707.675405282] [sage_semantic_world_model]: Target 2 updated | association_distance=0.49 m | raw=(-6.37, 7.86, 0.00) | smoothed=(-6.61, 7.58, 0.00) | velocity=(0.34, 0.08, 0.00) m/s | speed=0.34 m/s | net=0.77 m | straightness=0.66 | direction=0.78 | state=STATIONARY | detections=51
[INFO] [1790212707.781036593] [sage_semantic_world_model]: Target 2 updated | association_distance=0.47 m | raw=(-6.14, 7.67, 0.00) | smoothed=(-6.49, 7.61, 0.00) | velocity=(0.42, 0.22, 0.00) m/s | speed=0.47 m/s | net=0.83 m | straightness=0.65 | direction=0.78 | state=STATIONARY | detections=52
[INFO] [1790212707.880046177] [sage_semantic_world_model]: Target 2 updated | association_distance=0.35 m | raw=(-6.14, 7.67, 0.00) | smoothed=(-6.40, 7.62, 0.00) | velocity=(0.48, 0.32, 0.00) m/s | speed=0.57 m/s | net=0.70 m | straightness=0.63 | direction=0.78 | state=STATIONARY | detections=53
[INFO] [1790212707.990650164] [sage_semantic_world_model]: Target 2 updated | association_distance=0.26 m | raw=(-6.14, 7.67, 0.00) | smoothed=(-6.34, 7.63, 0.00) | velocity=(0.87, 0.36, 0.00) m/s | speed=0.94 m/s | net=0.65 m | straightness=0.65 | direction=0.67 | state=STATIONARY | detections=54
[INFO] [1790212708.066758971] [sage_semantic_world_model]: Target 1 updated | association_distance=0.49 m | raw=(0.26, 3.94, 0.00) | smoothed=(-0.09, 4.05, 0.00) | velocity=(0.13, 0.01, 0.00) m/s | speed=0.13 m/s | net=0.06 m | straightness=0.15 | direction=0.00 | state=STATIONARY | detections=747
[INFO] [1790212708.167490613] [sage_semantic_world_model]: Target 1 updated | association_distance=0.37 m | raw=(0.26, 3.94, 0.00) | smoothed=(-0.01, 4.02, 0.00) | velocity=(0.22, -0.04, 0.00) m/s | speed=0.23 m/s | net=0.08 m | straightness=0.19 | direction=0.00 | state=STATIONARY | detections=748
[INFO] [1790212708.866986053] [sage_semantic_world_model]: Target 2 updated | association_distance=0.36 m | raw=(-6.41, 7.29, 0.00) | smoothed=(-6.36, 7.55, 0.00) | velocity=(0.21, -0.03, 0.00) m/s | speed=0.21 m/s | net=0.59 m | straightness=0.62 | direction=0.89 | state=STATIONARY | detections=55
[INFO] [1790212708.976825503] [sage_semantic_world_model]: Target 2 updated | association_distance=0.27 m | raw=(-6.41, 7.29, 0.00) | smoothed=(-6.37, 7.48, 0.00) | velocity=(0.10, -0.10, 0.00) m/s | speed=0.14 m/s | net=0.51 m | straightness=0.57 | direction=0.78 | state=STATIONARY | detections=56
[INFO] [1790212709.075550563] [sage_semantic_world_model]: Target 2 updated | association_distance=0.20 m | raw=(-6.41, 7.29, 0.00) | smoothed=(-6.38, 7.43, 0.00) | velocity=(0.02, -0.16, 0.00) m/s | speed=0.16 m/s | net=0.45 m | straightness=0.53 | direction=0.00 | state=STATIONARY | detections=57
[INFO] [1790212709.965516857] [sage_semantic_world_model]: Target 2 updated | association_distance=0.34 m | raw=(-6.61, 7.18, 0.00) | smoothed=(-6.44, 7.37, 0.00) | velocity=(-0.05, -0.13, 0.00) m/s | speed=0.14 m/s | net=0.35 m | straightness=0.42 | direction=0.00 | state=STATIONARY | detections=58
[INFO] [1790212710.066078528] [sage_semantic_world_model]: Target 2 updated | association_distance=0.26 m | raw=(-6.61, 7.18, 0.00) | smoothed=(-6.48, 7.32, 0.00) | velocity=(-0.10, -0.19, 0.00) m/s | speed=0.22 m/s | net=0.27 m | straightness=0.36 | direction=0.00 | state=STATIONARY | detections=59
[INFO] [1790212710.168176572] [sage_semantic_world_model]: Target 2 updated | association_distance=0.19 m | raw=(-6.61, 7.18, 0.00) | smoothed=(-6.51, 7.28, 0.00) | velocity=(-0.12, -0.17, 0.00) m/s | speed=0.20 m/s | net=0.31 m | straightness=0.47 | direction=0.00 | state=STATIONARY | detections=60
[INFO] [1790212710.268960658] [sage_semantic_world_model]: Target 2 updated | association_distance=0.12 m | raw=(-6.64, 7.30, 0.00) | smoothed=(-6.54, 7.29, 0.00) | velocity=(-0.14, -0.12, 0.00) m/s | speed=0.18 m/s | net=0.32 m | straightness=0.55 | direction=0.00 | state=STATIONARY | detections=61
[INFO] [1790212710.384803955] [sage_semantic_world_model]: Target 2 updated | association_distance=0.09 m | raw=(-6.64, 7.30, 0.00) | smoothed=(-6.57, 7.29, 0.00) | velocity=(-0.32, -0.19, 0.00) m/s | speed=0.37 m/s | net=0.37 m | straightness=0.70 | direction=0.00 | state=STATIONARY | detections=62
[INFO] [1790212710.480501123] [sage_semantic_world_model]: Target 2 updated | association_distance=0.07 m | raw=(-6.64, 7.30, 0.00) | smoothed=(-6.58, 7.29, 0.00) | velocity=(-0.25, -0.07, 0.00) m/s | speed=0.26 m/s | net=0.42 m | straightness=0.88 | direction=0.00 | state=STATIONARY | detections=63
[INFO] [1790212710.575846441] [sage_semantic_world_model]: Target 2 updated | association_distance=0.39 m | raw=(-6.20, 7.35, 0.00) | smoothed=(-6.49, 7.31, 0.00) | velocity=(0.06, 0.06, 0.00) m/s | speed=0.09 m/s | net=0.27 m | straightness=0.56 | direction=0.00 | state=STATIONARY | detections=64
[INFO] [1790212710.673415778] [sage_semantic_world_model]: Target 2 updated | association_distance=0.29 m | raw=(-6.20, 7.35, 0.00) | smoothed=(-6.42, 7.32, 0.00) | velocity=(0.32, 0.08, 0.00) m/s | speed=0.33 m/s | net=0.17 m | straightness=0.34 | direction=0.00 | state=STATIONARY | detections=65
[INFO] [1790212710.769174379] [sage_semantic_world_model]: Target 2 updated | association_distance=0.22 m | raw=(-6.20, 7.35, 0.00) | smoothed=(-6.36, 7.33, 0.00) | velocity=(0.52, 0.09, 0.00) m/s | speed=0.53 m/s | net=0.11 m | straightness=0.22 | direction=0.00 | state=STATIONARY | detections=66
[INFO] [1790212711.767764569] [sage_semantic_world_model]: Target 4 updated | association_distance=0.65 m | raw=(4.99, -6.85, 0.00) | smoothed=(5.29, -6.47, 0.00) | velocity=(-0.01, -0.02, 0.00) m/s | speed=0.02 m/s | net=0.35 m | straightness=0.78 | direction=0.00 | state=STATIONARY | detections=567
[INFO] [1790212711.865661815] [sage_semantic_world_model]: Target 4 updated | association_distance=0.48 m | raw=(4.99, -6.85, 0.00) | smoothed=(5.22, -6.56, 0.00) | velocity=(-0.02, -0.03, 0.00) m/s | speed=0.03 m/s | net=0.42 m | straightness=0.79 | direction=0.00 | state=STATIONARY | detections=568
[INFO] [1790212711.975813273] [sage_semantic_world_model]: Target 4 updated | association_distance=0.36 m | raw=(4.99, -6.85, 0.00) | smoothed=(5.16, -6.63, 0.00) | velocity=(-0.03, -0.04, 0.00) m/s | speed=0.04 m/s | net=0.44 m | straightness=0.79 | direction=0.00 | state=STATIONARY | detections=569
[INFO] [1790212712.072751349] [sage_semantic_world_model]: Target 4 updated | association_distance=0.33 m | raw=(5.47, -6.75, 0.00) | smoothed=(5.24, -6.66, 0.00) | velocity=(-0.02, -0.04, 0.00) m/s | speed=0.04 m/s | net=0.40 m | straightness=0.68 | direction=0.00 | state=STATIONARY | detections=570
[INFO] [1790212712.168755518] [sage_semantic_world_model]: Target 4 updated | association_distance=0.25 m | raw=(5.47, -6.75, 0.00) | smoothed=(5.29, -6.69, 0.00) | velocity=(0.00, -0.54, 0.00) m/s | speed=0.54 m/s | net=0.38 m | straightness=0.62 | direction=0.00 | state=STATIONARY | detections=571
[INFO] [1790212712.270731134] [sage_semantic_world_model]: Target 4 updated | association_distance=0.19 m | raw=(5.47, -6.75, 0.00) | smoothed=(5.34, -6.70, 0.00) | velocity=(0.30, -0.35, 0.00) m/s | speed=0.46 m/s | net=0.38 m | straightness=0.61 | direction=0.00 | state=STATIONARY | detections=572
[INFO] [1790212712.367825677] [sage_semantic_world_model]: Target 4 updated | association_distance=0.49 m | raw=(5.78, -6.48, 0.00) | smoothed=(5.45, -6.65, 0.00) | velocity=(0.72, -0.03, 0.00) m/s | speed=0.73 m/s | net=0.33 m | straightness=0.45 | direction=0.00 | state=STATIONARY | detections=573
[INFO] [1790212712.472982384] [sage_semantic_world_model]: Target 4 updated | association_distance=0.37 m | raw=(5.78, -6.48, 0.00) | smoothed=(5.53, -6.61, 0.00) | velocity=(0.74, 0.15, 0.00) m/s | speed=0.75 m/s | net=0.31 m | straightness=0.39 | direction=0.00 | state=STATIONARY | detections=574
[INFO] [1790212712.564983429] [sage_semantic_world_model]: Target 4 updated | association_distance=0.28 m | raw=(5.78, -6.48, 0.00) | smoothed=(5.59, -6.57, 0.00) | velocity=(0.74, 0.28, 0.00) m/s | speed=0.80 m/s | net=0.30 m | straightness=0.36 | direction=0.00 | state=STATIONARY | detections=575
[INFO] [1790212712.666131326] [sage_semantic_world_model]: Target 4 updated | association_distance=0.21 m | raw=(5.78, -6.48, 0.00) | smoothed=(5.64, -6.55, 0.00) | velocity=(0.75, 0.38, 0.00) m/s | speed=0.84 m/s | net=0.35 m | straightness=0.48 | direction=0.00 | state=STATIONARY | detections=576
[INFO] [1790212712.763657019] [sage_semantic_world_model]: Target 4 updated | association_distance=0.41 m | raw=(5.73, -6.15, 0.00) | smoothed=(5.66, -6.45, 0.00) | velocity=(0.53, 0.49, 0.00) m/s | speed=0.72 m/s | net=0.46 m | straightness=0.64 | direction=0.00 | state=STATIONARY | detections=577
[INFO] [1790212712.870904269] [sage_semantic_world_model]: Target 4 updated | association_distance=0.30 m | raw=(5.73, -6.15, 0.00) | smoothed=(5.68, -6.38, 0.00) | velocity=(0.37, 0.57, 0.00) m/s | speed=0.68 m/s | net=0.58 m | straightness=0.82 | direction=1.00 | state=STATIONARY | detections=578
[INFO] [1790212712.974504692] [sage_semantic_world_model]: Target 4 updated | association_distance=0.23 m | raw=(5.73, -6.15, 0.00) | smoothed=(5.69, -6.32, 0.00) | velocity=(0.24, 0.63, 0.00) m/s | speed=0.67 m/s | net=0.57 m | straightness=0.84 | direction=1.00 | state=STATIONARY | detections=579
[INFO] [1790212713.065157841] [sage_semantic_world_model]: Target 4 confirmed MOVING | net=0.57 m | avg_speed=0.64 m/s | straightness=0.87 | direction=0.89
[INFO] [1790212713.070977088] [sage_semantic_world_model]: Target 4 updated | association_distance=0.17 m | raw=(5.73, -6.15, 0.00) | smoothed=(5.70, -6.28, 0.00) | velocity=(0.15, 0.68, 0.00) m/s | speed=0.70 m/s | net=0.57 m | straightness=0.87 | direction=0.89 | state=MOVING | detections=580
[INFO] [1790212713.169380559] [sage_semantic_world_model]: Target 4 updated | association_distance=0.13 m | raw=(5.73, -6.15, 0.00) | smoothed=(5.71, -6.25, 0.00) | velocity=(0.12, 0.51, 0.00) m/s | speed=0.52 m/s | net=0.59 m | straightness=0.91 | direction=1.00 | state=MOVING | detections=581
[INFO] [1790212713.267156383] [sage_semantic_world_model]: Target 4 updated | association_distance=0.10 m | raw=(5.73, -6.15, 0.00) | smoothed=(5.71, -6.22, 0.00) | velocity=(0.09, 0.38, 0.00) m/s | speed=0.39 m/s | net=0.50 m | straightness=0.91 | direction=0.00 | state=MOVING | detections=582
[INFO] [1790212713.367964991] [sage_semantic_world_model]: Target 4 updated | association_distance=0.07 m | raw=(5.73, -6.15, 0.00) | smoothed=(5.72, -6.21, 0.00) | velocity=(0.07, 0.29, 0.00) m/s | speed=0.29 m/s | net=0.44 m | straightness=0.93 | direction=0.00 | state=MOVING | detections=583
[INFO] [1790212713.469995410] [sage_semantic_world_model]: Target 4 updated | association_distance=0.15 m | raw=(5.86, -6.24, 0.00) | smoothed=(5.75, -6.22, 0.00) | velocity=(0.13, 0.16, 0.00) m/s | speed=0.21 m/s | net=0.39 m | straightness=0.89 | direction=0.00 | state=MOVING | detections=584
[INFO] [1790212713.567618966] [sage_semantic_world_model]: Target 4 updated | association_distance=0.11 m | raw=(5.86, -6.24, 0.00) | smoothed=(5.78, -6.22, 0.00) | velocity=(0.19, 0.06, 0.00) m/s | speed=0.20 m/s | net=0.36 m | straightness=0.85 | direction=0.00 | state=MOVING | detections=585
[INFO] [1790212713.670624160] [sage_semantic_world_model]: Target 4 updated | association_distance=0.09 m | raw=(5.86, -6.24, 0.00) | smoothed=(5.80, -6.23, 0.00) | velocity=(0.22, -0.01, 0.00) m/s | speed=0.22 m/s | net=0.26 m | straightness=0.78 | direction=0.00 | state=MOVING | detections=586
[INFO] [1790212719.269289756] [sage_semantic_world_model]: Target 4 updated | association_distance=0.60 m | raw=(5.63, -6.80, 0.00) | smoothed=(5.76, -6.37, 0.00) | velocity=(0.01, -0.03, 0.00) m/s | speed=0.03 m/s | net=0.08 m | straightness=0.20 | direction=0.00 | state=MOVING | detections=587
[INFO] [1790212719.369918319] [sage_semantic_world_model]: Target 4 updated | association_distance=0.45 m | raw=(5.63, -6.80, 0.00) | smoothed=(5.73, -6.48, 0.00) | velocity=(-0.00, -0.04, 0.00) m/s | speed=0.04 m/s | net=0.16 m | straightness=0.34 | direction=0.00 | state=MOVING | detections=588
[INFO] [1790212719.488045723] [sage_semantic_world_model]: Target 4 updated | association_distance=0.34 m | raw=(5.63, -6.80, 0.00) | smoothed=(5.70, -6.56, 0.00) | velocity=(-0.01, -0.06, 0.00) m/s | speed=0.06 m/s | net=0.28 m | straightness=0.55 | direction=0.00 | state=MOVING | detections=589
[INFO] [1790212719.572344063] [sage_semantic_world_model]: Target 4 updated | association_distance=0.49 m | raw=(5.27, -6.80, 0.00) | smoothed=(5.59, -6.62, 0.00) | velocity=(-0.03, -0.07, 0.00) m/s | speed=0.07 m/s | net=0.39 m | straightness=0.65 | direction=0.00 | state=MOVING | detections=590
[INFO] [1790212719.665747604] [sage_semantic_world_model]: Target 4 updated | association_distance=0.37 m | raw=(5.27, -6.80, 0.00) | smoothed=(5.51, -6.66, 0.00) | velocity=(-0.61, -0.73, 0.00) m/s | speed=0.95 m/s | net=0.48 m | straightness=0.72 | direction=0.00 | state=MOVING | detections=591
[INFO] [1790212725.571161590] [sage_semantic_world_model]: Target 3 updated | association_distance=1.31 m | raw=(-4.93, 7.01, 0.00) | smoothed=(-5.09, 7.99, 0.00) | velocity=(0.01, 0.00, 0.00) m/s | speed=0.01 m/s | net=1.35 m | straightness=0.71 | direction=0.89 | state=STATIONARY | detections=702
[INFO] [1790212725.668444042] [sage_semantic_world_model]: Target 3 updated | association_distance=0.99 m | raw=(-4.93, 7.01, 0.00) | smoothed=(-5.05, 7.74, 0.00) | velocity=(0.01, -0.01, 0.00) m/s | speed=0.01 m/s | net=1.28 m | straightness=0.61 | direction=0.78 | state=STATIONARY | detections=703
[INFO] [1790212725.771454605] [sage_semantic_world_model]: Target 3 updated | association_distance=0.74 m | raw=(-4.93, 7.01, 0.00) | smoothed=(-5.02, 7.56, 0.00) | velocity=(0.00, -0.02, 0.00) m/s | speed=0.02 m/s | net=0.93 m | straightness=0.49 | direction=0.22 | state=STATIONARY | detections=704
[INFO] [1790212725.877292451] [sage_semantic_world_model]: Target 2 updated | association_distance=0.33 m | raw=(-6.15, 7.07, 0.00) | smoothed=(-6.31, 7.26, 0.00) | velocity=(0.02, -0.00, 0.00) m/s | speed=0.02 m/s | net=0.17 m | straightness=0.34 | direction=0.00 | state=STATIONARY | detections=67
[INFO] [1790212725.971560923] [sage_semantic_world_model]: Target 2 updated | association_distance=0.25 m | raw=(-6.15, 7.07, 0.00) | smoothed=(-6.27, 7.21, 0.00) | velocity=(0.01, -0.01, 0.00) m/s | speed=0.02 m/s | net=0.24 m | straightness=0.48 | direction=0.00 | state=STATIONARY | detections=68
[INFO] [1790212726.067234420] [sage_semantic_world_model]: Target 2 updated | association_distance=0.19 m | raw=(-6.15, 7.07, 0.00) | smoothed=(-6.24, 7.18, 0.00) | velocity=(0.01, -0.01, 0.00) m/s | speed=0.01 m/s | net=0.29 m | straightness=0.60 | direction=0.00 | state=STATIONARY | detections=69
[INFO] [1790212726.178461285] [sage_semantic_world_model]: Target 2 updated | association_distance=0.14 m | raw=(-6.15, 7.07, 0.00) | smoothed=(-6.22, 7.15, 0.00) | velocity=(0.01, -0.01, 0.00) m/s | speed=0.01 m/s | net=0.36 m | straightness=0.72 | direction=0.00 | state=STATIONARY | detections=70
[INFO] [1790212726.274803223] [sage_semantic_world_model]: Target 2 updated | association_distance=0.27 m | raw=(-6.28, 6.89, 0.00) | smoothed=(-6.23, 7.09, 0.00) | velocity=(0.19, -0.44, 0.00) m/s | speed=0.48 m/s | net=0.39 m | straightness=0.73 | direction=0.00 | state=STATIONARY | detections=71
[INFO] [1790212726.365276374] [sage_semantic_world_model]: Target 2 updated | association_distance=0.20 m | raw=(-6.28, 6.89, 0.00) | smoothed=(-6.24, 7.04, 0.00) | velocity=(0.06, -0.44, 0.00) m/s | speed=0.45 m/s | net=0.43 m | straightness=0.75 | direction=0.00 | state=STATIONARY | detections=72
[INFO] [1790212726.464665463] [sage_semantic_world_model]: Target 3 updated | association_distance=0.89 m | raw=(-4.97, 6.67, 0.00) | smoothed=(-5.01, 7.34, 0.00) | velocity=(0.00, -0.02, 0.00) m/s | speed=0.02 m/s | net=0.76 m | straightness=0.42 | direction=0.56 | state=STATIONARY | detections=705
[INFO] [1790212726.575007571] [sage_semantic_world_model]: Target 3 updated | association_distance=0.67 m | raw=(-4.97, 6.67, 0.00) | smoothed=(-5.00, 7.17, 0.00) | velocity=(0.09, -0.82, 0.00) m/s | speed=0.82 m/s | net=0.74 m | straightness=0.42 | direction=0.56 | state=STATIONARY | detections=706
[INFO] [1790212726.672603256] [sage_semantic_world_model]: Target 3 updated | association_distance=0.50 m | raw=(-4.97, 6.67, 0.00) | smoothed=(-4.99, 7.04, 0.00) | velocity=(0.06, -0.70, 0.00) m/s | speed=0.70 m/s | net=0.98 m | straightness=0.59 | direction=0.67 | state=STATIONARY | detections=707
[INFO] [1790212726.769984029] [sage_semantic_world_model]: Target 3 updated | association_distance=0.38 m | raw=(-4.97, 6.67, 0.00) | smoothed=(-4.99, 6.95, 0.00) | velocity=(0.03, -0.61, 0.00) m/s | speed=0.61 m/s | net=1.19 m | straightness=0.75 | direction=0.78 | state=STATIONARY | detections=708
[INFO] [1790212726.870671193] [sage_semantic_world_model]: Target 3 updated | association_distance=0.34 m | raw=(-5.05, 6.62, 0.00) | smoothed=(-5.00, 6.87, 0.00) | velocity=(0.01, -1.17, 0.00) m/s | speed=1.17 m/s | net=1.37 m | straightness=0.88 | direction=0.89 | state=STATIONARY | detections=709
[INFO] [1790212726.966648322] [sage_semantic_world_model]: Target 3 updated | association_distance=0.25 m | raw=(-5.05, 6.62, 0.00) | smoothed=(-5.02, 6.81, 0.00) | velocity=(-0.04, -0.91, 0.00) m/s | speed=0.91 m/s | net=1.51 m | straightness=0.99 | direction=1.00 | state=STATIONARY | detections=710
[INFO] [1790212727.075178982] [sage_semantic_world_model]: Target 3 updated | association_distance=0.19 m | raw=(-5.05, 6.62, 0.00) | smoothed=(-5.02, 6.76, 0.00) | velocity=(-0.08, -0.71, 0.00) m/s | speed=0.72 m/s | net=1.23 m | straightness=0.99 | direction=1.00 | state=STATIONARY | detections=711
[INFO] [1790212727.172758242] [sage_semantic_world_model]: Target 3 updated | association_distance=0.14 m | raw=(-5.05, 6.62, 0.00) | smoothed=(-5.03, 6.72, 0.00) | velocity=(-0.11, -0.56, 0.00) m/s | speed=0.58 m/s | net=1.02 m | straightness=0.99 | direction=1.00 | state=STATIONARY | detections=712
[INFO] [1790212727.261514521] [sage_semantic_world_model]: Target 3 confirmed MOVING | net=0.80 m | avg_speed=0.53 m/s | straightness=0.91 | direction=0.89
[INFO] [1790212727.281960854] [sage_semantic_world_model]: Target 3 updated | association_distance=0.15 m | raw=(-5.04, 6.87, 0.00) | smoothed=(-5.03, 6.76, 0.00) | velocity=(-0.08, -0.27, 0.00) m/s | speed=0.28 m/s | net=0.80 m | straightness=0.91 | direction=0.89 | state=MOVING | detections=713
[INFO] [1790212727.380547221] [sage_semantic_world_model]: Target 3 updated | association_distance=0.11 m | raw=(-5.04, 6.87, 0.00) | smoothed=(-5.04, 6.79, 0.00) | velocity=(-0.05, -0.04, 0.00) m/s | speed=0.07 m/s | net=0.55 m | straightness=0.81 | direction=0.78 | state=MOVING | detections=714
[INFO] [1790212727.467688418] [sage_semantic_world_model]: Target 3 updated | association_distance=0.08 m | raw=(-5.04, 6.87, 0.00) | smoothed=(-5.04, 6.81, 0.00) | velocity=(-0.03, 0.12, 0.00) m/s | speed=0.13 m/s | net=0.36 m | straightness=0.68 | direction=0.00 | state=MOVING | detections=715
[INFO] [1790212727.567586816] [sage_semantic_world_model]: Target 3 updated | association_distance=0.06 m | raw=(-5.04, 6.87, 0.00) | smoothed=(-5.04, 6.82, 0.00) | velocity=(-0.02, 0.25, 0.00) m/s | speed=0.25 m/s | net=0.22 m | straightness=0.53 | direction=0.00 | state=MOVING | detections=716
[INFO] [1790212727.668570488] [sage_semantic_world_model]: Target 3 updated | association_distance=0.41 m | raw=(-4.92, 7.22, 0.00) | smoothed=(-5.01, 6.92, 0.00) | velocity=(0.06, 0.40, 0.00) m/s | speed=0.41 m/s | net=0.03 m | straightness=0.08 | direction=0.00 | state=MOVING | detections=717
[INFO] [1790212727.767148310] [sage_semantic_world_model]: Target 3 updated | association_distance=0.31 m | raw=(-4.92, 7.22, 0.00) | smoothed=(-4.99, 7.00, 0.00) | velocity=(0.13, 0.52, 0.00) m/s | speed=0.53 m/s | net=0.13 m | straightness=0.31 | direction=0.00 | state=MOVING | detections=718
[INFO] [1790212727.872633261] [sage_semantic_world_model]: Target 2 updated | association_distance=0.73 m | raw=(-6.13, 7.76, 0.00) | smoothed=(-6.22, 7.22, 0.00) | velocity=(0.01, 0.02, 0.00) m/s | speed=0.03 m/s | net=0.29 m | straightness=0.44 | direction=0.00 | state=STATIONARY | detections=73
[INFO] [1790212727.965939190] [sage_semantic_world_model]: Target 2 updated | association_distance=0.55 m | raw=(-6.13, 7.76, 0.00) | smoothed=(-6.19, 7.36, 0.00) | velocity=(0.01, 0.11, 0.00) m/s | speed=0.11 m/s | net=0.22 m | straightness=0.31 | direction=0.00 | state=STATIONARY | detections=74
[INFO] [1790212728.068473337] [sage_semantic_world_model]: Target 2 updated | association_distance=0.41 m | raw=(-6.13, 7.76, 0.00) | smoothed=(-6.18, 7.46, 0.00) | velocity=(0.03, 0.21, 0.00) m/s | speed=0.21 m/s | net=0.22 m | straightness=0.29 | direction=0.00 | state=STATIONARY | detections=75
[INFO] [1790212728.176418706] [sage_semantic_world_model]: Target 1 updated | association_distance=1.61 m | raw=(-0.55, 2.50, 0.00) | smoothed=(-0.14, 3.64, 0.00) | velocity=(0.00, -0.02, 0.00) m/s | speed=0.02 m/s | net=0.39 m | straightness=0.50 | direction=0.00 | state=STATIONARY | detections=749
[INFO] [1790212728.268695021] [sage_semantic_world_model]: Target 1 updated | association_distance=1.21 m | raw=(-0.55, 2.50, 0.00) | smoothed=(-0.24, 3.36, 0.00) | velocity=(-0.00, -0.04, 0.00) m/s | speed=0.04 m/s | net=0.67 m | straightness=0.65 | direction=0.22 | state=STATIONARY | detections=750
[INFO] [1790212728.392054810] [sage_semantic_world_model]: Target 1 updated | association_distance=0.53 m | raw=(-0.27, 2.83, 0.00) | smoothed=(-0.25, 3.23, 0.00) | velocity=(-0.01, -0.04, 0.00) m/s | speed=0.04 m/s | net=0.79 m | straightness=0.71 | direction=0.33 | state=STATIONARY | detections=751
[INFO] [1790212728.467399739] [sage_semantic_world_model]: Target 1 updated | association_distance=0.40 m | raw=(-0.27, 2.83, 0.00) | smoothed=(-0.25, 3.13, 0.00) | velocity=(-0.01, -0.04, 0.00) m/s | speed=0.05 m/s | net=0.92 m | straightness=0.77 | direction=0.44 | state=STATIONARY | detections=752
[INFO] [1790212728.587173272] [sage_semantic_world_model]: Target 1 updated | association_distance=0.34 m | raw=(-0.27, 2.79, 0.00) | smoothed=(-0.26, 3.04, 0.00) | velocity=(-0.29, -1.48, 0.00) m/s | speed=1.51 m/s | net=1.02 m | straightness=0.81 | direction=0.56 | state=STATIONARY | detections=753
[INFO] [1790212728.668534873] [sage_semantic_world_model]: Target 1 updated | association_distance=0.25 m | raw=(-0.27, 2.79, 0.00) | smoothed=(-0.26, 2.98, 0.00) | velocity=(-0.05, -0.95, 0.00) m/s | speed=0.95 m/s | net=1.10 m | straightness=0.84 | direction=0.67 | state=STATIONARY | detections=754
[INFO] [1790212728.786885993] [sage_semantic_world_model]: Target 1 updated | association_distance=0.30 m | raw=(-0.29, 2.68, 0.00) | smoothed=(-0.27, 2.90, 0.00) | velocity=(-0.05, -0.81, 0.00) m/s | speed=0.82 m/s | net=1.18 m | straightness=0.86 | direction=0.78 | state=STATIONARY | detections=755
[INFO] [1790212728.877621376] [sage_semantic_world_model]: Target 1 updated | association_distance=0.23 m | raw=(-0.29, 2.68, 0.00) | smoothed=(-0.27, 2.85, 0.00) | velocity=(-0.05, -0.70, 0.00) m/s | speed=0.70 m/s | net=1.22 m | straightness=0.93 | direction=0.89 | state=STATIONARY | detections=756
[INFO] [1790212728.978081637] [sage_semantic_world_model]: Target 1 updated | association_distance=0.17 m | raw=(-0.29, 2.68, 0.00) | smoothed=(-0.28, 2.81, 0.00) | velocity=(-0.05, -0.60, 0.00) m/s | speed=0.61 m/s | net=1.25 m | straightness=0.99 | direction=1.00 | state=STATIONARY | detections=757
[INFO] [1790212729.073904203] [sage_semantic_world_model]: Target 1 updated | association_distance=0.19 m | raw=(-0.21, 2.63, 0.00) | smoothed=(-0.26, 2.76, 0.00) | velocity=(0.00, -0.54, 0.00) m/s | speed=0.54 m/s | net=0.89 m | straightness=0.99 | direction=1.00 | state=STATIONARY | detections=758
[INFO] [1790212729.172582992] [sage_semantic_world_model]: Target 1 updated | association_distance=0.14 m | raw=(-0.21, 2.63, 0.00) | smoothed=(-0.25, 2.73, 0.00) | velocity=(0.05, -0.44, 0.00) m/s | speed=0.44 m/s | net=0.63 m | straightness=0.99 | direction=1.00 | state=STATIONARY | detections=759
[INFO] [1790212729.267802520] [sage_semantic_world_model]: Target 1 confirmed MOVING | net=0.52 m | avg_speed=0.58 m/s | straightness=0.99 | direction=1.00
[INFO] [1790212729.282371165] [sage_semantic_world_model]: Target 1 updated | association_distance=0.11 m | raw=(-0.21, 2.63, 0.00) | smoothed=(-0.24, 2.70, 0.00) | velocity=(0.08, -0.36, 0.00) m/s | speed=0.37 m/s | net=0.52 m | straightness=0.99 | direction=1.00 | state=MOVING | detections=760
[INFO] [1790212729.369588058] [sage_semantic_world_model]: Target 1 updated | association_distance=0.05 m | raw=(-0.21, 2.66, 0.00) | smoothed=(-0.23, 2.69, 0.00) | velocity=(0.11, -0.28, 0.00) m/s | speed=0.30 m/s | net=0.43 m | straightness=0.98 | direction=0.00 | state=MOVING | detections=761
[INFO] [1790212729.472342042] [sage_semantic_world_model]: Target 1 updated | association_distance=0.04 m | raw=(-0.21, 2.66, 0.00) | smoothed=(-0.23, 2.69, 0.00) | velocity=(0.09, -0.19, 0.00) m/s | speed=0.21 m/s | net=0.36 m | straightness=0.97 | direction=0.00 | state=MOVING | detections=762
[INFO] [1790212729.569234898] [sage_semantic_world_model]: Target 1 updated | association_distance=0.10 m | raw=(-0.17, 2.77, 0.00) | smoothed=(-0.21, 2.71, 0.00) | velocity=(0.09, -0.05, 0.00) m/s | speed=0.11 m/s | net=0.28 m | straightness=0.84 | direction=0.00 | state=MOVING | detections=763
[INFO] [1790212729.670128755] [sage_semantic_world_model]: Target 1 updated | association_distance=0.07 m | raw=(-0.17, 2.77, 0.00) | smoothed=(-0.20, 2.72, 0.00) | velocity=(0.10, 0.05, 0.00) m/s | speed=0.11 m/s | net=0.19 m | straightness=0.71 | direction=0.00 | state=MOVING | detections=764
[INFO] [1790212729.763834009] [sage_semantic_world_model]: Target 1 updated | association_distance=0.06 m | raw=(-0.17, 2.77, 0.00) | smoothed=(-0.19, 2.73, 0.00) | velocity=(0.10, 0.10, 0.00) m/s | speed=0.14 m/s | net=0.14 m | straightness=0.61 | direction=0.00 | state=MOVING | detections=765
[INFO] [1790212729.876825037] [sage_semantic_world_model]: Target 1 updated | association_distance=0.19 m | raw=(-0.13, 2.91, 0.00) | smoothed=(-0.18, 2.78, 0.00) | velocity=(0.12, 0.23, 0.00) m/s | speed=0.26 m/s | net=0.10 m | straightness=0.44 | direction=0.00 | state=MOVING | detections=766
[INFO] [1790212729.968311103] [sage_semantic_world_model]: Target 1 updated | association_distance=0.14 m | raw=(-0.13, 2.91, 0.00) | smoothed=(-0.17, 2.81, 0.00) | velocity=(0.11, 0.26, 0.00) m/s | speed=0.29 m/s | net=0.11 m | straightness=0.48 | direction=0.00 | state=MOVING | detections=767
[INFO] [1790212730.074041491] [sage_semantic_world_model]: Target 1 updated | association_distance=0.11 m | raw=(-0.13, 2.91, 0.00) | smoothed=(-0.16, 2.84, 0.00) | velocity=(0.11, 0.29, 0.00) m/s | speed=0.31 m/s | net=0.14 m | straightness=0.66 | direction=0.00 | state=MOVING | detections=768
[INFO] [1790212730.171886764] [sage_semantic_world_model]: Target 1 updated | association_distance=0.08 m | raw=(-0.13, 2.91, 0.00) | smoothed=(-0.15, 2.86, 0.00) | velocity=(0.10, 0.31, 0.00) m/s | speed=0.32 m/s | net=0.18 m | straightness=0.84 | direction=0.00 | state=MOVING | detections=769
[INFO] [1790212730.270678067] [sage_semantic_world_model]: Target 1 updated | association_distance=0.18 m | raw=(-0.28, 2.99, 0.00) | smoothed=(-0.18, 2.89, 0.00) | velocity=(-0.01, 0.28, 0.00) m/s | speed=0.28 m/s | net=0.20 m | straightness=0.83 | direction=0.00 | state=MOVING | detections=770
[INFO] [1790212730.366272554] [sage_semantic_world_model]: Target 1 updated | association_distance=0.14 m | raw=(-0.28, 2.99, 0.00) | smoothed=(-0.21, 2.91, 0.00) | velocity=(-0.10, 0.26, 0.00) m/s | speed=0.28 m/s | net=0.23 m | straightness=0.86 | direction=0.00 | state=MOVING | detections=771
[INFO] [1790212730.473235473] [sage_semantic_world_model]: Target 1 updated | association_distance=0.10 m | raw=(-0.28, 2.99, 0.00) | smoothed=(-0.22, 2.93, 0.00) | velocity=(-0.17, 0.24, 0.00) m/s | speed=0.29 m/s | net=0.23 m | straightness=0.85 | direction=0.00 | state=MOVING | detections=772
[INFO] [1790212730.578895833] [sage_semantic_world_model]: Target 1 updated | association_distance=0.08 m | raw=(-0.28, 2.99, 0.00) | smoothed=(-0.24, 2.95, 0.00) | velocity=(-0.21, 0.23, 0.00) m/s | speed=0.31 m/s | net=0.23 m | straightness=0.85 | direction=0.00 | state=MOVING | detections=773
[INFO] [1790212732.571098147] [sage_semantic_world_model]: Target 3 updated | association_distance=0.58 m | raw=(-5.51, 7.25, 0.00) | smoothed=(-5.12, 7.06, 0.00) | velocity=(-0.02, 0.05, 0.00) m/s | speed=0.05 m/s | net=0.27 m | straightness=0.54 | direction=0.00 | state=MOVING | detections=719
[INFO] [1790212732.669942470] [sage_semantic_world_model]: Target 3 updated | association_distance=0.44 m | raw=(-5.51, 7.25, 0.00) | smoothed=(-5.21, 7.11, 0.00) | velocity=(-0.03, 0.06, 0.00) m/s | speed=0.07 m/s | net=0.40 m | straightness=0.69 | direction=0.00 | state=MOVING | detections=720
[INFO] [1790212732.773374913] [sage_semantic_world_model]: Target 3 updated | association_distance=0.33 m | raw=(-5.51, 7.25, 0.00) | smoothed=(-5.29, 7.14, 0.00) | velocity=(-0.05, 0.04, 0.00) m/s | speed=0.07 m/s | net=0.49 m | straightness=0.80 | direction=0.00 | state=MOVING | detections=721
[INFO] [1790212732.868265318] [sage_semantic_world_model]: Target 3 updated | association_distance=0.25 m | raw=(-5.51, 7.25, 0.00) | smoothed=(-5.34, 7.17, 0.00) | velocity=(-0.07, 0.03, 0.00) m/s | speed=0.08 m/s | net=0.51 m | straightness=0.80 | direction=1.00 | state=MOVING | detections=722
[INFO] [1790212732.967874887] [sage_semantic_world_model]: Target 3 updated | association_distance=0.18 m | raw=(-5.51, 7.25, 0.00) | smoothed=(-5.39, 7.19, 0.00) | velocity=(-0.67, 0.32, 0.00) m/s | speed=0.75 m/s | net=0.53 m | straightness=0.80 | direction=1.00 | state=MOVING | detections=723
[INFO] [1790212733.073501704] [sage_semantic_world_model]: Target 2 updated | association_distance=0.47 m | raw=(-6.65, 7.46, 0.00) | smoothed=(-6.30, 7.46, 0.00) | velocity=(-0.01, 0.06, 0.00) m/s | speed=0.06 m/s | net=0.19 m | straightness=0.24 | direction=0.00 | state=STATIONARY | detections=76
[INFO] [1790212733.168612324] [sage_semantic_world_model]: Target 2 updated | association_distance=0.35 m | raw=(-6.65, 7.46, 0.00) | smoothed=(-6.38, 7.46, 0.00) | velocity=(-0.03, 0.04, 0.00) m/s | speed=0.06 m/s | net=0.27 m | straightness=0.32 | direction=0.00 | state=STATIONARY | detections=77
[INFO] [1790212733.267791400] [sage_semantic_world_model]: Target 2 updated | association_distance=0.27 m | raw=(-6.65, 7.46, 0.00) | smoothed=(-6.45, 7.46, 0.00) | velocity=(-0.05, 0.02, 0.00) m/s | speed=0.05 m/s | net=0.35 m | straightness=0.41 | direction=0.00 | state=STATIONARY | detections=78
[INFO] [1790212733.375382263] [sage_semantic_world_model]: Target 2 updated | association_distance=0.20 m | raw=(-6.65, 7.46, 0.00) | smoothed=(-6.50, 7.46, 0.00) | velocity=(-0.06, -0.00, 0.00) m/s | speed=0.06 m/s | net=0.42 m | straightness=0.48 | direction=0.00 | state=STATIONARY | detections=79
[INFO] [1790212733.481257772] [sage_semantic_world_model]: Target 2 updated | association_distance=0.15 m | raw=(-6.65, 7.46, 0.00) | smoothed=(-6.54, 7.46, 0.00) | velocity=(-0.60, -0.00, 0.00) m/s | speed=0.60 m/s | net=0.48 m | straightness=0.58 | direction=0.00 | state=STATIONARY | detections=80
[INFO] [1790212737.166239792] [sage_semantic_world_model]: Target 1 updated | association_distance=0.99 m | raw=(0.46, 3.65, 0.00) | smoothed=(-0.06, 3.12, 0.00) | velocity=(0.02, 0.03, 0.00) m/s | speed=0.04 m/s | net=0.41 m | straightness=0.82 | direction=0.00 | state=MOVING | detections=774
[INFO] [1790212737.271645187] [sage_semantic_world_model]: Target 1 updated | association_distance=0.74 m | raw=(0.46, 3.65, 0.00) | smoothed=(0.07, 3.25, 0.00) | velocity=(0.04, 0.05, 0.00) m/s | speed=0.06 m/s | net=0.54 m | straightness=0.84 | direction=0.56 | state=MOVING | detections=775
[INFO] [1790212737.378042341] [sage_semantic_world_model]: Target 1 updated | association_distance=0.56 m | raw=(0.46, 3.65, 0.00) | smoothed=(0.17, 3.35, 0.00) | velocity=(0.06, 0.06, 0.00) m/s | speed=0.08 m/s | net=0.63 m | straightness=0.85 | direction=0.56 | state=MOVING | detections=776
[INFO] [1790212737.468045742] [sage_semantic_world_model]: Target 1 updated | association_distance=0.68 m | raw=(0.57, 3.90, 0.00) | smoothed=(0.27, 3.49, 0.00) | velocity=(0.07, 0.08, 0.00) m/s | speed=0.11 m/s | net=0.78 m | straightness=0.88 | direction=0.56 | state=MOVING | detections=777
[INFO] [1790212737.567442909] [sage_semantic_world_model]: Target 1 updated | association_distance=0.51 m | raw=(0.57, 3.90, 0.00) | smoothed=(0.34, 3.59, 0.00) | velocity=(1.01, 1.17, 0.00) m/s | speed=1.55 m/s | net=0.89 m | straightness=0.89 | direction=0.56 | state=MOVING | detections=778
[INFO] [1790212737.680964329] [sage_semantic_world_model]: Target 1 updated | association_distance=0.38 m | raw=(0.57, 3.90, 0.00) | smoothed=(0.40, 3.67, 0.00) | velocity=(0.82, 1.02, 0.00) m/s | speed=1.31 m/s | net=0.97 m | straightness=0.93 | direction=0.67 | state=MOVING | detections=779
[INFO] [1790212737.767065348] [sage_semantic_world_model]: Target 1 updated | association_distance=0.29 m | raw=(0.57, 3.90, 0.00) | smoothed=(0.44, 3.73, 0.00) | velocity=(0.69, 0.93, 0.00) m/s | speed=1.16 m/s | net=1.04 m | straightness=0.96 | direction=0.78 | state=MOVING | detections=780
[INFO] [1790212737.884832709] [sage_semantic_world_model]: Target 4 updated | association_distance=0.50 m | raw=(5.48, -6.17, 0.00) | smoothed=(5.51, -6.54, 0.00) | velocity=(-0.01, -0.00, 0.00) m/s | speed=0.01 m/s | net=0.39 m | straightness=0.51 | direction=0.00 | state=MOVING | detections=592
[INFO] [1790212737.976236172] [sage_semantic_world_model]: Target 4 updated | association_distance=0.37 m | raw=(5.48, -6.17, 0.00) | smoothed=(5.50, -6.45, 0.00) | velocity=(-0.01, 0.01, 0.00) m/s | speed=0.01 m/s | net=0.34 m | straightness=0.42 | direction=0.00 | state=MOVING | detections=593
[INFO] [1790212738.077187531] [sage_semantic_world_model]: Target 4 updated | association_distance=0.28 m | raw=(5.48, -6.17, 0.00) | smoothed=(5.49, -6.38, 0.00) | velocity=(-0.01, 0.01, 0.00) m/s | speed=0.01 m/s | net=0.33 m | straightness=0.38 | direction=0.00 | state=MOVING | detections=594
[INFO] [1790212738.164749247] [sage_semantic_world_model]: Target 4 updated | association_distance=0.21 m | raw=(5.48, -6.17, 0.00) | smoothed=(5.49, -6.33, 0.00) | velocity=(-0.00, 0.02, 0.00) m/s | speed=0.02 m/s | net=0.33 m | straightness=0.36 | direction=0.00 | state=MOVING | detections=595
[INFO] [1790212738.267026040] [sage_semantic_world_model]: Target 1 updated | association_distance=0.49 m | raw=(0.71, 4.13, 0.00) | smoothed=(0.51, 3.83, 0.00) | velocity=(0.30, 0.42, 0.00) m/s | speed=0.52 m/s | net=1.16 m | straightness=0.98 | direction=0.89 | state=MOVING | detections=781
[INFO] [1790212738.365418386] [sage_semantic_world_model]: Target 1 updated | association_distance=0.36 m | raw=(0.71, 4.13, 0.00) | smoothed=(0.56, 3.90, 0.00) | velocity=(0.27, 0.39, 0.00) m/s | speed=0.48 m/s | net=1.24 m | straightness=1.00 | direction=1.00 | state=MOVING | detections=782
[INFO] [1790212738.466236588] [sage_semantic_world_model]: Target 1 updated | association_distance=0.27 m | raw=(0.71, 4.13, 0.00) | smoothed=(0.59, 3.96, 0.00) | velocity=(0.25, 0.37, 0.00) m/s | speed=0.44 m/s | net=1.07 m | straightness=1.00 | direction=1.00 | state=MOVING | detections=783
[INFO] [1790212738.564466212] [sage_semantic_world_model]: Target 1 updated | association_distance=0.26 m | raw=(0.46, 4.18, 0.00) | smoothed=(0.56, 4.02, 0.00) | velocity=(0.15, 0.36, 0.00) m/s | speed=0.39 m/s | net=0.91 m | straightness=0.96 | direction=0.89 | state=MOVING | detections=784
[INFO] [1790212738.684001065] [sage_semantic_world_model]: Target 1 updated | association_distance=0.19 m | raw=(0.46, 4.18, 0.00) | smoothed=(0.54, 4.06, 0.00) | velocity=(0.07, 0.57, 0.00) m/s | speed=0.58 m/s | net=0.80 m | straightness=0.93 | direction=1.00 | state=MOVING | detections=785
[INFO] [1790212738.778757338] [sage_semantic_world_model]: Target 1 updated | association_distance=0.14 m | raw=(0.46, 4.18, 0.00) | smoothed=(0.52, 4.09, 0.00) | velocity=(-0.09, 0.46, 0.00) m/s | speed=0.47 m/s | net=0.65 m | straightness=0.90 | direction=1.00 | state=MOVING | detections=786
[INFO] [1790212746.576987811] [sage_semantic_world_model]: Target 1 updated | association_distance=0.40 m | raw=(0.47, 3.69, 0.00) | smoothed=(0.51, 3.99, 0.00) | velocity=(-0.01, 0.00, 0.00) m/s | speed=0.01 m/s | net=0.43 m | straightness=0.62 | direction=0.00 | state=MOVING | detections=787
[INFO] [1790212746.664642408] [sage_semantic_world_model]: Target 1 updated | association_distance=0.30 m | raw=(0.47, 3.69, 0.00) | smoothed=(0.50, 3.91, 0.00) | velocity=(-0.01, -0.01, 0.00) m/s | speed=0.02 m/s | net=0.26 m | straightness=0.39 | direction=0.00 | state=MOVING | detections=788
[INFO] [1790212746.766425834] [sage_semantic_world_model]: Target 1 updated | association_distance=0.23 m | raw=(0.47, 3.69, 0.00) | smoothed=(0.49, 3.86, 0.00) | velocity=(-0.01, -0.02, 0.00) m/s | speed=0.03 m/s | net=0.14 m | straightness=0.21 | direction=0.00 | state=MOVING | detections=789
[INFO] [1790212747.066843401] [sage_semantic_world_model]: Target 4 updated | association_distance=0.88 m | raw=(6.00, -7.04, 0.00) | smoothed=(5.62, -6.50, 0.00) | velocity=(0.01, 0.00, 0.00) m/s | speed=0.01 m/s | net=0.19 m | straightness=0.20 | direction=0.00 | state=MOVING | detections=596
[INFO] [1790212747.173782632] [sage_semantic_world_model]: Target 4 updated | association_distance=0.66 m | raw=(6.00, -7.04, 0.00) | smoothed=(5.71, -6.64, 0.00) | velocity=(0.02, -0.02, 0.00) m/s | speed=0.03 m/s | net=0.16 m | straightness=0.16 | direction=0.00 | state=MOVING | detections=597
[INFO] [1790212747.263599579] [sage_semantic_world_model]: Target 4 confirmed STATIONARY | net=0.20 m | avg_speed=0.01 m/s
[INFO] [1790212747.270581924] [sage_semantic_world_model]: Target 4 updated | association_distance=0.50 m | raw=(6.00, -7.04, 0.00) | smoothed=(5.79, -6.74, 0.00) | velocity=(0.03, -0.04, 0.00) m/s | speed=0.05 m/s | net=0.20 m | straightness=0.19 | direction=0.00 | state=STATIONARY | detections=598
[INFO] [1790212747.369580992] [sage_semantic_world_model]: Target 4 updated | association_distance=0.37 m | raw=(6.00, -7.04, 0.00) | smoothed=(5.84, -6.82, 0.00) | velocity=(0.04, -0.05, 0.00) m/s | speed=0.07 m/s | net=0.31 m | straightness=0.30 | direction=0.00 | state=STATIONARY | detections=599
[INFO] [1790212749.979957406] [sage_semantic_world_model]: Target 4 updated | association_distance=0.83 m | raw=(5.54, -6.04, 0.00) | smoothed=(5.76, -6.62, 0.00) | velocity=(0.05, -0.04, 0.00) m/s | speed=0.06 m/s | net=0.25 m | straightness=0.22 | direction=0.00 | state=STATIONARY | detections=600
[INFO] [1790212750.076951435] [sage_semantic_world_model]: Target 4 updated | association_distance=0.62 m | raw=(5.54, -6.04, 0.00) | smoothed=(5.71, -6.48, 0.00) | velocity=(-0.00, 0.06, 0.00) m/s | speed=0.06 m/s | net=0.21 m | straightness=0.18 | direction=0.00 | state=STATIONARY | detections=601
[INFO] [1790212750.182733579] [sage_semantic_world_model]: Target 4 updated | association_distance=0.47 m | raw=(5.54, -6.04, 0.00) | smoothed=(5.67, -6.37, 0.00) | velocity=(-0.04, 0.13, 0.00) m/s | speed=0.14 m/s | net=0.19 m | straightness=0.15 | direction=0.00 | state=STATIONARY | detections=602
[INFO] [1790212750.281561863] [sage_semantic_world_model]: Target 6 updated | association_distance=1.28 m | raw=(4.24, -4.76, 0.00) | smoothed=(3.62, -5.49, 0.00) | velocity=(0.00, 0.00, 0.00) m/s | speed=0.00 m/s | net=0.00 m | straightness=0.00 | direction=0.00 | state=STATIONARY | detections=4
[INFO] [1790212750.368289307] [sage_semantic_world_model]: Target 6 updated | association_distance=0.96 m | raw=(4.24, -4.76, 0.00) | smoothed=(3.77, -5.31, 0.00) | velocity=(0.00, 0.00, 0.00) m/s | speed=0.00 m/s | net=0.00 m | straightness=0.00 | direction=0.00 | state=STATIONARY | detections=5
[INFO] [1790212750.472318599] [sage_semantic_world_model]: Target 6 updated | association_distance=0.72 m | raw=(4.24, -4.76, 0.00) | smoothed=(3.89, -5.17, 0.00) | velocity=(0.00, 0.00, 0.00) m/s | speed=0.00 m/s | net=0.00 m | straightness=0.00 | direction=0.00 | state=STATIONARY | detections=6
[INFO] [1790212753.272862725] [sage_semantic_world_model]: Target 4 updated | association_distance=0.79 m | raw=(6.07, -5.69, 0.00) | smoothed=(5.77, -6.20, 0.00) | velocity=(-0.01, 0.10, 0.00) m/s | speed=0.11 m/s | net=0.33 m | straightness=0.25 | direction=0.00 | state=STATIONARY | detections=603
[INFO] [1790212753.373810577] [sage_semantic_world_model]: Target 4 updated | association_distance=0.59 m | raw=(6.07, -5.69, 0.00) | smoothed=(5.84, -6.07, 0.00) | velocity=(0.02, 0.16, 0.00) m/s | speed=0.16 m/s | net=0.44 m | straightness=0.31 | direction=0.00 | state=STATIONARY | detections=604
[INFO] [1790212753.478237492] [sage_semantic_world_model]: Target 4 updated | association_distance=0.44 m | raw=(6.07, -5.69, 0.00) | smoothed=(5.90, -5.98, 0.00) | velocity=(0.06, 0.15, 0.00) m/s | speed=0.16 m/s | net=0.60 m | straightness=0.45 | direction=0.67 | state=STATIONARY | detections=605
[INFO] [1790212754.364948813] [sage_semantic_world_model]: Target 4 updated | association_distance=0.70 m | raw=(5.84, -6.68, 0.00) | smoothed=(5.89, -6.15, 0.00) | velocity=(0.05, 0.05, 0.00) m/s | speed=0.07 m/s | net=0.52 m | straightness=0.39 | direction=0.67 | state=STATIONARY | detections=606
[INFO] [1790212754.481686531] [sage_semantic_world_model]: Target 4 updated | association_distance=0.53 m | raw=(5.84, -6.68, 0.00) | smoothed=(5.88, -6.28, 0.00) | velocity=(0.09, -0.07, 0.00) m/s | speed=0.11 m/s | net=0.47 m | straightness=0.35 | direction=0.00 | state=STATIONARY | detections=607
[INFO] [1790212754.572228224] [sage_semantic_world_model]: Target 4 updated | association_distance=0.40 m | raw=(5.84, -6.68, 0.00) | smoothed=(5.87, -6.38, 0.00) | velocity=(0.02, -0.26, 0.00) m/s | speed=0.26 m/s | net=0.44 m | straightness=0.32 | direction=0.00 | state=STATIONARY | detections=608
[INFO] [1790212754.669731731] [sage_semantic_world_model]: Target 4 updated | association_distance=0.30 m | raw=(5.84, -6.68, 0.00) | smoothed=(5.86, -6.46, 0.00) | velocity=(-0.03, -0.40, 0.00) m/s | speed=0.40 m/s | net=0.19 m | straightness=0.16 | direction=0.00 | state=STATIONARY | detections=609
[INFO] [1790212754.974147050] [sage_semantic_world_model]: Target 4 updated | association_distance=1.00 m | raw=(6.42, -7.29, 0.00) | smoothed=(6.00, -6.66, 0.00) | velocity=(0.19, -0.85, 0.00) m/s | speed=0.87 m/s | net=0.35 m | straightness=0.27 | direction=0.00 | state=STATIONARY | detections=610
[INFO] [1790212755.069206030] [sage_semantic_world_model]: Target 4 updated | association_distance=0.75 m | raw=(6.42, -7.29, 0.00) | smoothed=(6.10, -6.82, 0.00) | velocity=(0.38, -0.90, 0.00) m/s | speed=0.98 m/s | net=0.63 m | straightness=0.46 | direction=0.67 | state=STATIONARY | detections=611
[INFO] [1790212755.171293219] [sage_semantic_world_model]: Target 4 updated | association_distance=0.56 m | raw=(6.42, -7.29, 0.00) | smoothed=(6.18, -6.94, 0.00) | velocity=(0.52, -0.93, 0.00) m/s | speed=1.06 m/s | net=0.85 m | straightness=0.64 | direction=0.78 | state=STATIONARY | detections=612
[INFO] [1790212755.271238450] [sage_semantic_world_model]: Target 4 updated | association_distance=0.42 m | raw=(6.42, -7.29, 0.00) | smoothed=(6.24, -7.02, 0.00) | velocity=(0.63, -0.95, 0.00) m/s | speed=1.14 m/s | net=1.03 m | straightness=0.81 | direction=0.89 | state=STATIONARY | detections=613
[INFO] [1790212755.366471570] [sage_semantic_world_model]: Target 4 updated | association_distance=0.32 m | raw=(6.42, -7.29, 0.00) | smoothed=(6.28, -7.09, 0.00) | velocity=(0.72, -1.08, 0.00) m/s | speed=1.30 m/s | net=1.18 m | straightness=0.95 | direction=1.00 | state=STATIONARY | detections=614
[INFO] [1790212755.669645642] [sage_semantic_world_model]: Target 4 updated | association_distance=0.98 m | raw=(6.02, -6.15, 0.00) | smoothed=(6.22, -6.86, 0.00) | velocity=(0.19, -0.06, 0.00) m/s | speed=0.20 m/s | net=0.78 m | straightness=0.59 | direction=0.89 | state=STATIONARY | detections=615
[INFO] [1790212755.770397479] [sage_semantic_world_model]: Target 4 updated | association_distance=0.73 m | raw=(6.02, -6.15, 0.00) | smoothed=(6.17, -6.68, 0.00) | velocity=(-0.02, 0.43, 0.00) m/s | speed=0.43 m/s | net=0.49 m | straightness=0.36 | direction=0.00 | state=STATIONARY | detections=616
[INFO] [1790212755.873830358] [sage_semantic_world_model]: Target 4 updated | association_distance=0.55 m | raw=(6.02, -6.15, 0.00) | smoothed=(6.13, -6.55, 0.00) | velocity=(-0.18, 0.80, 0.00) m/s | speed=0.82 m/s | net=0.31 m | straightness=0.22 | direction=0.00 | state=STATIONARY | detections=617
[INFO] [1790212755.964960657] [sage_semantic_world_model]: Target 4 updated | association_distance=0.41 m | raw=(6.02, -6.15, 0.00) | smoothed=(6.11, -6.45, 0.00) | velocity=(-0.30, 1.07, 0.00) m/s | speed=1.11 m/s | net=0.24 m | straightness=0.17 | direction=0.00 | state=STATIONARY | detections=618
[INFO] [1790212756.066996898] [sage_semantic_world_model]: Target 4 updated | association_distance=0.98 m | raw=(6.11, -5.46, 0.00) | smoothed=(6.11, -6.20, 0.00) | velocity=(-0.28, 1.63, 0.00) m/s | speed=1.65 m/s | net=0.47 m | straightness=0.33 | direction=0.00 | state=STATIONARY | detections=619
[INFO] [1790212756.169837750] [sage_semantic_world_model]: Target 4 updated | association_distance=0.74 m | raw=(6.11, -5.46, 0.00) | smoothed=(6.11, -6.02, 0.00) | velocity=(-0.15, 1.65, 0.00) m/s | speed=1.65 m/s | net=0.80 m | straightness=0.56 | direction=0.67 | state=STATIONARY | detections=620
[INFO] [1790212756.267052885] [sage_semantic_world_model]: Target 4 updated | association_distance=0.55 m | raw=(6.11, -5.46, 0.00) | smoothed=(6.11, -5.88, 0.00) | velocity=(-0.06, 1.67, 0.00) m/s | speed=1.67 m/s | net=1.06 m | straightness=0.75 | direction=0.78 | state=STATIONARY | detections=621
[INFO] [1790212756.374639063] [sage_semantic_world_model]: Target 3 updated | association_distance=0.22 m | raw=(-5.25, 7.36, 0.00) | smoothed=(-5.35, 7.23, 0.00) | velocity=(-0.01, 0.01, 0.00) m/s | speed=0.01 m/s | net=0.53 m | straightness=0.76 | direction=0.89 | state=MOVING | detections=724
[INFO] [1790212756.467612685] [sage_semantic_world_model]: Target 3 updated | association_distance=0.17 m | raw=(-5.25, 7.36, 0.00) | smoothed=(-5.32, 7.27, 0.00) | velocity=(-0.00, 0.01, 0.00) m/s | speed=0.01 m/s | net=0.53 m | straightness=0.73 | direction=0.78 | state=MOVING | detections=725
[INFO] [1790212756.573526573] [sage_semantic_world_model]: Target 3 updated | association_distance=0.13 m | raw=(-5.25, 7.36, 0.00) | smoothed=(-5.30, 7.29, 0.00) | velocity=(0.00, 0.01, 0.00) m/s | speed=0.01 m/s | net=0.47 m | straightness=0.73 | direction=0.00 | state=MOVING | detections=726
[INFO] [1790212756.666997945] [sage_semantic_world_model]: Target 3 updated | association_distance=0.39 m | raw=(-4.91, 7.31, 0.00) | smoothed=(-5.21, 7.30, 0.00) | velocity=(0.01, 0.00, 0.00) m/s | speed=0.01 m/s | net=0.37 m | straightness=0.55 | direction=0.00 | state=MOVING | detections=727
[INFO] [1790212756.776483716] [sage_semantic_world_model]: Target 3 updated | association_distance=0.30 m | raw=(-4.91, 7.31, 0.00) | smoothed=(-5.13, 7.30, 0.00) | velocity=(0.55, 0.17, 0.00) m/s | speed=0.58 m/s | net=0.24 m | straightness=0.40 | direction=0.00 | state=MOVING | detections=728
[INFO] [1790212756.876958006] [sage_semantic_world_model]: Target 3 updated | association_distance=0.22 m | raw=(-4.91, 7.31, 0.00) | smoothed=(-5.08, 7.30, 0.00) | velocity=(0.62, 0.09, 0.00) m/s | speed=0.63 m/s | net=0.24 m | straightness=0.44 | direction=0.00 | state=MOVING | detections=729
[INFO] [1790212756.983033288] [sage_semantic_world_model]: Target 3 updated | association_distance=0.17 m | raw=(-4.91, 7.31, 0.00) | smoothed=(-5.04, 7.31, 0.00) | velocity=(0.68, 0.04, 0.00) m/s | speed=0.68 m/s | net=0.30 m | straightness=0.59 | direction=0.00 | state=MOVING | detections=730
[INFO] [1790212757.064859060] [sage_semantic_world_model]: Target 3 updated | association_distance=0.19 m | raw=(-5.12, 7.48, 0.00) | smoothed=(-5.06, 7.35, 0.00) | velocity=(0.38, 0.13, 0.00) m/s | speed=0.40 m/s | net=0.34 m | straightness=0.69 | direction=0.00 | state=MOVING | detections=731
[INFO] [1790212757.167010076] [sage_semantic_world_model]: Target 3 updated | association_distance=0.14 m | raw=(-5.12, 7.48, 0.00) | smoothed=(-5.07, 7.38, 0.00) | velocity=(0.15, 0.20, 0.00) m/s | speed=0.25 m/s | net=0.37 m | straightness=0.76 | direction=0.00 | state=MOVING | detections=732
[INFO] [1790212757.270327783] [sage_semantic_world_model]: Target 3 updated | association_distance=0.11 m | raw=(-5.12, 7.48, 0.00) | smoothed=(-5.08, 7.40, 0.00) | velocity=(-0.02, 0.25, 0.00) m/s | speed=0.25 m/s | net=0.32 m | straightness=0.70 | direction=0.00 | state=MOVING | detections=733
[INFO] [1790212757.372053423] [sage_semantic_world_model]: Target 2 updated | association_distance=0.58 m | raw=(-5.97, 7.54, 0.00) | smoothed=(-6.39, 7.48, 0.00) | velocity=(-0.00, 0.00, 0.00) m/s | speed=0.00 m/s | net=0.47 m | straightness=0.50 | direction=0.00 | state=STATIONARY | detections=81
[INFO] [1790212757.464844359] [sage_semantic_world_model]: Target 2 updated | association_distance=0.43 m | raw=(-5.97, 7.54, 0.00) | smoothed=(-6.29, 7.49, 0.00) | velocity=(0.01, 0.00, 0.00) m/s | speed=0.01 m/s | net=0.28 m | straightness=0.33 | direction=0.00 | state=STATIONARY | detections=82
[INFO] [1790212757.568372967] [sage_semantic_world_model]: Target 2 updated | association_distance=0.09 m | raw=(-6.36, 7.54, 0.00) | smoothed=(-6.31, 7.51, 0.00) | velocity=(0.01, 0.00, 0.00) m/s | speed=0.01 m/s | net=0.19 m | straightness=0.25 | direction=0.00 | state=STATIONARY | detections=83
[INFO] [1790212757.673270272] [sage_semantic_world_model]: Target 2 updated | association_distance=0.07 m | raw=(-6.36, 7.54, 0.00) | smoothed=(-6.32, 7.52, 0.00) | velocity=(0.01, 0.00, 0.00) m/s | speed=0.01 m/s | net=0.15 m | straightness=0.23 | direction=0.00 | state=STATIONARY | detections=84
[INFO] [1790212757.779519291] [sage_semantic_world_model]: Target 2 updated | association_distance=0.05 m | raw=(-6.36, 7.54, 0.00) | smoothed=(-6.33, 7.52, 0.00) | velocity=(0.16, 0.11, 0.00) m/s | speed=0.20 m/s | net=0.07 m | straightness=0.13 | direction=0.00 | state=STATIONARY | detections=85
[INFO] [1790212757.865659781] [sage_semantic_world_model]: Target 2 updated | association_distance=0.28 m | raw=(-6.60, 7.43, 0.00) | smoothed=(-6.40, 7.50, 0.00) | velocity=(-0.27, 0.01, 0.00) m/s | speed=0.27 m/s | net=0.04 m | straightness=0.08 | direction=0.00 | state=STATIONARY | detections=86
[INFO] [1790212757.962130240] [sage_semantic_world_model]: Target 2 updated | association_distance=0.21 m | raw=(-6.60, 7.43, 0.00) | smoothed=(-6.45, 7.48, 0.00) | velocity=(-0.35, -0.06, 0.00) m/s | speed=0.36 m/s | net=0.03 m | straightness=0.05 | direction=0.00 | state=STATIONARY | detections=87
[INFO] [1790212758.065879771] [sage_semantic_world_model]: Target 2 updated | association_distance=0.04 m | raw=(-6.46, 7.45, 0.00) | smoothed=(-6.45, 7.47, 0.00) | velocity=(-0.32, -0.10, 0.00) m/s | speed=0.34 m/s | net=0.05 m | straightness=0.11 | direction=0.00 | state=STATIONARY | detections=88
[INFO] [1790212758.179156586] [sage_semantic_world_model]: Target 2 updated | association_distance=0.03 m | raw=(-6.46, 7.45, 0.00) | smoothed=(-6.45, 7.47, 0.00) | velocity=(-0.31, -0.14, 0.00) m/s | speed=0.34 m/s | net=0.09 m | straightness=0.20 | direction=0.00 | state=STATIONARY | detections=89
[INFO] [1790212758.265340559] [sage_semantic_world_model]: Target 2 updated | association_distance=0.02 m | raw=(-6.46, 7.45, 0.00) | smoothed=(-6.45, 7.46, 0.00) | velocity=(-0.14, -0.09, 0.00) m/s | speed=0.17 m/s | net=0.06 m | straightness=0.20 | direction=0.00 | state=STATIONARY | detections=90
[INFO] [1790212758.363755777] [sage_semantic_world_model]: Target 2 updated | association_distance=0.02 m | raw=(-6.46, 7.45, 0.00) | smoothed=(-6.46, 7.46, 0.00) | velocity=(-0.02, -0.06, 0.00) m/s | speed=0.06 m/s | net=0.17 m | straightness=0.86 | direction=0.00 | state=STATIONARY | detections=91
[INFO] [1790212758.469379592] [sage_semantic_world_model]: Target 2 updated | association_distance=0.42 m | raw=(-6.09, 7.66, 0.00) | smoothed=(-6.36, 7.51, 0.00) | velocity=(0.22, 0.09, 0.00) m/s | speed=0.23 m/s | net=0.06 m | straightness=0.20 | direction=0.00 | state=STATIONARY | detections=92
[INFO] [1790212758.569615540] [sage_semantic_world_model]: Target 2 updated | association_distance=0.31 m | raw=(-6.09, 7.66, 0.00) | smoothed=(-6.29, 7.55, 0.00) | velocity=(0.40, 0.19, 0.00) m/s | speed=0.44 m/s | net=0.04 m | straightness=0.11 | direction=0.00 | state=STATIONARY | detections=93
[INFO] [1790212758.677009332] [sage_semantic_world_model]: Target 2 updated | association_distance=0.24 m | raw=(-6.09, 7.66, 0.00) | smoothed=(-6.24, 7.57, 0.00) | velocity=(0.53, 0.27, 0.00) m/s | speed=0.59 m/s | net=0.10 m | straightness=0.26 | direction=0.00 | state=STATIONARY | detections=94
[INFO] [1790212758.767605253] [sage_semantic_world_model]: Target 3 updated | association_distance=0.29 m | raw=(-5.20, 7.67, 0.00) | smoothed=(-5.11, 7.47, 0.00) | velocity=(-0.04, 0.09, 0.00) m/s | speed=0.10 m/s | net=0.29 m | straightness=0.61 | direction=0.00 | state=MOVING | detections=734
[INFO] [1790212758.864864823] [sage_semantic_world_model]: Target 3 updated | association_distance=0.22 m | raw=(-5.20, 7.67, 0.00) | smoothed=(-5.13, 7.52, 0.00) | velocity=(-0.04, 0.10, 0.00) m/s | speed=0.11 m/s | net=0.29 m | straightness=0.57 | direction=0.00 | state=MOVING | detections=735
[INFO] [1790212758.967253065] [sage_semantic_world_model]: Target 3 updated | association_distance=0.17 m | raw=(-5.20, 7.67, 0.00) | smoothed=(-5.15, 7.56, 0.00) | velocity=(-0.04, 0.10, 0.00) m/s | speed=0.11 m/s | net=0.27 m | straightness=0.60 | direction=0.00 | state=MOVING | detections=736
[INFO] [1790212759.069520041] [sage_semantic_world_model]: Target 3 updated | association_distance=0.12 m | raw=(-5.20, 7.67, 0.00) | smoothed=(-5.16, 7.59, 0.00) | velocity=(-0.04, 0.10, 0.00) m/s | speed=0.11 m/s | net=0.29 m | straightness=0.71 | direction=0.00 | state=MOVING | detections=737
[INFO] [1790212759.179823125] [sage_semantic_world_model]: Target 3 updated | association_distance=0.09 m | raw=(-5.20, 7.67, 0.00) | smoothed=(-5.17, 7.61, 0.00) | velocity=(-0.14, 0.35, 0.00) m/s | speed=0.37 m/s | net=0.32 m | straightness=0.86 | direction=0.00 | state=MOVING | detections=738
[INFO] [1790212759.268428370] [sage_semantic_world_model]: Target 3 updated | association_distance=0.18 m | raw=(-5.02, 7.50, 0.00) | smoothed=(-5.13, 7.58, 0.00) | velocity=(0.00, 0.15, 0.00) m/s | speed=0.15 m/s | net=0.29 m | straightness=0.78 | direction=0.00 | state=MOVING | detections=739
[INFO] [1790212759.368869596] [sage_semantic_world_model]: Target 3 updated | association_distance=0.14 m | raw=(-5.02, 7.50, 0.00) | smoothed=(-5.11, 7.56, 0.00) | velocity=(0.11, 0.01, 0.00) m/s | speed=0.11 m/s | net=0.22 m | straightness=0.60 | direction=0.00 | state=MOVING | detections=740
[INFO] [1790212759.487632628] [sage_semantic_world_model]: Target 3 updated | association_distance=0.10 m | raw=(-5.02, 7.50, 0.00) | smoothed=(-5.08, 7.55, 0.00) | velocity=(0.19, -0.10, 0.00) m/s | speed=0.22 m/s | net=0.17 m | straightness=0.47 | direction=0.00 | state=MOVING | detections=741
[INFO] [1790212759.574430731] [sage_semantic_world_model]: Target 3 confirmed STATIONARY | net=0.13 m | avg_speed=0.06 m/s
[INFO] [1790212759.581321694] [sage_semantic_world_model]: Target 3 updated | association_distance=0.08 m | raw=(-5.02, 7.50, 0.00) | smoothed=(-5.07, 7.54, 0.00) | velocity=(0.25, -0.18, 0.00) m/s | speed=0.31 m/s | net=0.13 m | straightness=0.38 | direction=0.00 | state=STATIONARY | detections=742
[INFO] [1790212762.672949834] [sage_semantic_world_model]: Target 11 updated | association_distance=0.52 m | raw=(4.58, -8.58, 0.00) | smoothed=(4.72, -8.22, 0.00) | velocity=(0.00, 0.00, 0.00) m/s | speed=0.00 m/s | net=0.83 m | straightness=0.76 | direction=0.88 | state=STATIONARY | detections=11
[INFO] [1790212762.774150503] [sage_semantic_world_model]: Target 11 updated | association_distance=0.39 m | raw=(4.58, -8.58, 0.00) | smoothed=(4.69, -8.31, 0.00) | velocity=(-0.00, -0.00, 0.00) m/s | speed=0.00 m/s | net=0.73 m | straightness=0.62 | direction=0.78 | state=STATIONARY | detections=12
[INFO] [1790212762.878004790] [sage_semantic_world_model]: Target 11 updated | association_distance=0.29 m | raw=(4.58, -8.58, 0.00) | smoothed=(4.66, -8.38, 0.00) | velocity=(-0.00, -0.00, 0.00) m/s | speed=0.00 m/s | net=0.39 m | straightness=0.40 | direction=0.00 | state=STATIONARY | detections=13
[INFO] [1790212762.983519910] [sage_semantic_world_model]: Target 4 updated | association_distance=1.45 m | raw=(5.97, -7.32, 0.00) | smoothed=(6.07, -6.24, 0.00) | velocity=(-0.00, 0.03, 0.00) m/s | speed=0.03 m/s | net=0.80 m | straightness=0.48 | direction=0.78 | state=STATIONARY | detections=622
[INFO] [1790212763.067441689] [sage_semantic_world_model]: Target 4 updated | association_distance=1.09 m | raw=(5.97, -7.32, 0.00) | smoothed=(6.05, -6.51, 0.00) | velocity=(-0.01, -0.04, 0.00) m/s | speed=0.04 m/s | net=0.63 m | straightness=0.34 | direction=0.78 | state=STATIONARY | detections=623
[INFO] [1790212763.165241329] [sage_semantic_world_model]: Target 4 updated | association_distance=0.81 m | raw=(5.97, -7.32, 0.00) | smoothed=(6.03, -6.71, 0.00) | velocity=(-0.01, -0.10, 0.00) m/s | speed=0.10 m/s | net=0.24 m | straightness=0.13 | direction=0.00 | state=STATIONARY | detections=624
[INFO] [1790212763.468790579] [sage_semantic_world_model]: Target 4 updated | association_distance=0.81 m | raw=(6.41, -6.00, 0.00) | smoothed=(6.12, -6.53, 0.00) | velocity=(0.00, -0.09, 0.00) m/s | speed=0.09 m/s | net=0.15 m | straightness=0.08 | direction=0.00 | state=STATIONARY | detections=625
[INFO] [1790212763.570372823] [sage_semantic_world_model]: Target 4 updated | association_distance=0.61 m | raw=(6.41, -6.00, 0.00) | smoothed=(6.19, -6.40, 0.00) | velocity=(0.20, -0.27, 0.00) m/s | speed=0.33 m/s | net=0.16 m | straightness=0.09 | direction=0.00 | state=STATIONARY | detections=626
[INFO] [1790212763.667455142] [sage_semantic_world_model]: Target 4 updated | association_distance=0.45 m | raw=(6.41, -6.00, 0.00) | smoothed=(6.25, -6.30, 0.00) | velocity=(0.33, 0.35, 0.00) m/s | speed=0.48 m/s | net=0.20 m | straightness=0.11 | direction=0.00 | state=STATIONARY | detections=627
[INFO] [1790212763.767930590] [sage_semantic_world_model]: Target 4 updated | association_distance=0.34 m | raw=(6.41, -6.00, 0.00) | smoothed=(6.29, -6.22, 0.00) | velocity=(0.43, 0.81, 0.00) m/s | speed=0.92 m/s | net=0.18 m | straightness=0.11 | direction=0.00 | state=STATIONARY | detections=628
[INFO] [1790212770.369676725] [sage_semantic_world_model]: Target 4 updated | association_distance=1.41 m | raw=(5.77, -4.91, 0.00) | smoothed=(6.16, -5.90, 0.00) | velocity=(0.00, 0.09, 0.00) m/s | speed=0.09 m/s | net=0.13 m | straightness=0.07 | direction=0.00 | state=STATIONARY | detections=629
[INFO] [1790212770.471385967] [sage_semantic_world_model]: Target 4 updated | association_distance=1.06 m | raw=(5.77, -4.91, 0.00) | smoothed=(6.06, -5.65, 0.00) | velocity=(-0.02, 0.11, 0.00) m/s | speed=0.11 m/s | net=0.24 m | straightness=0.12 | direction=0.00 | state=STATIONARY | detections=630
[INFO] [1790212770.866706291] [sage_semantic_world_model]: Target 4 updated | association_distance=1.07 m | raw=(5.95, -6.72, 0.00) | smoothed=(6.03, -5.92, 0.00) | velocity=(-0.03, 0.05, 0.00) m/s | speed=0.06 m/s | net=0.33 m | straightness=0.17 | direction=0.00 | state=STATIONARY | detections=631
[INFO] [1790212770.966983263] [sage_semantic_world_model]: Target 4 updated | association_distance=0.81 m | raw=(5.95, -6.72, 0.00) | smoothed=(6.01, -6.12, 0.00) | velocity=(-0.04, 0.01, 0.00) m/s | speed=0.04 m/s | net=0.39 m | straightness=0.21 | direction=0.00 | state=STATIONARY | detections=632
[INFO] [1790212771.073507588] [sage_semantic_world_model]: Target 4 updated | association_distance=0.60 m | raw=(5.95, -6.72, 0.00) | smoothed=(6.00, -6.27, 0.00) | velocity=(-0.23, -0.53, 0.00) m/s | speed=0.58 m/s | net=0.45 m | straightness=0.25 | direction=0.00 | state=STATIONARY | detections=633
[INFO] [1790212771.165871131] [sage_semantic_world_model]: Target 4 updated | association_distance=0.45 m | raw=(5.95, -6.72, 0.00) | smoothed=(5.99, -6.38, 0.00) | velocity=(-0.10, -1.04, 0.00) m/s | speed=1.05 m/s | net=0.20 m | straightness=0.12 | direction=0.00 | state=STATIONARY | detections=634
[INFO] [1790212771.272788911] [sage_semantic_world_model]: Target 4 updated | association_distance=0.34 m | raw=(5.95, -6.72, 0.00) | smoothed=(5.98, -6.46, 0.00) | velocity=(-0.14, -1.37, 0.00) m/s | speed=1.38 m/s | net=0.23 m | straightness=0.14 | direction=0.00 | state=STATIONARY | detections=635
[INFO] [1790212772.066354165] [sage_semantic_world_model]: Target 4 updated | association_distance=0.36 m | raw=(5.84, -6.13, 0.00) | smoothed=(5.94, -6.38, 0.00) | velocity=(-0.06, -0.24, 0.00) m/s | speed=0.25 m/s | net=0.32 m | straightness=0.20 | direction=0.00 | state=STATIONARY | detections=636
[INFO] [1790212772.173794960] [sage_semantic_world_model]: Target 4 updated | association_distance=0.27 m | raw=(5.84, -6.13, 0.00) | smoothed=(5.92, -6.32, 0.00) | velocity=(-0.07, -0.05, 0.00) m/s | speed=0.09 m/s | net=0.38 m | straightness=0.24 | direction=0.00 | state=STATIONARY | detections=637
[INFO] [1790212772.271814455] [sage_semantic_world_model]: Target 4 updated | association_distance=0.20 m | raw=(5.84, -6.13, 0.00) | smoothed=(5.90, -6.27, 0.00) | velocity=(-0.08, 0.10, 0.00) m/s | speed=0.13 m/s | net=0.46 m | straightness=0.36 | direction=0.00 | state=STATIONARY | detections=638
[INFO] [1790212772.369400472] [sage_semantic_world_model]: Target 4 updated | association_distance=0.59 m | raw=(5.79, -6.85, 0.00) | smoothed=(5.87, -6.42, 0.00) | velocity=(-0.10, 0.04, 0.00) m/s | speed=0.11 m/s | net=0.79 m | straightness=0.67 | direction=0.67 | state=STATIONARY | detections=639
[INFO] [1790212772.466965712] [sage_semantic_world_model]: Target 4 updated | association_distance=0.44 m | raw=(5.79, -6.85, 0.00) | smoothed=(5.85, -6.53, 0.00) | velocity=(-0.24, -0.36, 0.00) m/s | speed=0.43 m/s | net=0.64 m | straightness=0.63 | direction=0.67 | state=STATIONARY | detections=640
[INFO] [1790212772.569491561] [sage_semantic_world_model]: Target 3 updated | association_distance=1.20 m | raw=(-3.88, 7.38, 0.00) | smoothed=(-4.77, 7.50, 0.00) | velocity=(0.03, -0.01, 0.00) m/s | speed=0.03 m/s | net=0.34 m | straightness=0.59 | direction=0.00 | state=STATIONARY | detections=743
[INFO] [1790212772.667754574] [sage_semantic_world_model]: Target 3 updated | association_distance=0.90 m | raw=(-3.88, 7.38, 0.00) | smoothed=(-4.55, 7.47, 0.00) | velocity=(0.04, -0.01, 0.00) m/s | speed=0.04 m/s | net=0.59 m | straightness=0.79 | direction=0.67 | state=STATIONARY | detections=744
[INFO] [1790212772.772648544] [sage_semantic_world_model]: Target 3 updated | association_distance=0.68 m | raw=(-3.88, 7.38, 0.00) | smoothed=(-4.38, 7.45, 0.00) | velocity=(0.05, -0.01, 0.00) m/s | speed=0.05 m/s | net=0.78 m | straightness=0.89 | direction=0.78 | state=STATIONARY | detections=745
[INFO] [1790212772.876360081] [sage_semantic_world_model]: Target 3 updated | association_distance=0.51 m | raw=(-4.43, 7.96, 0.00) | smoothed=(-4.39, 7.57, 0.00) | velocity=(0.05, 0.00, 0.00) m/s | speed=0.05 m/s | net=0.77 m | straightness=0.79 | direction=0.78 | state=STATIONARY | detections=746
[INFO] [1790212772.967345289] [sage_semantic_world_model]: Target 3 updated | association_distance=0.38 m | raw=(-4.43, 7.96, 0.00) | smoothed=(-4.40, 7.67, 0.00) | velocity=(0.92, 0.43, 0.00) m/s | speed=1.02 m/s | net=0.77 m | straightness=0.74 | direction=0.78 | state=STATIONARY | detections=747
[INFO] [1790212773.073278422] [sage_semantic_world_model]: Target 3 updated | association_distance=0.29 m | raw=(-4.43, 7.96, 0.00) | smoothed=(-4.41, 7.74, 0.00) | velocity=(0.35, 0.68, 0.00) m/s | speed=0.77 m/s | net=0.74 m | straightness=0.69 | direction=0.67 | state=STATIONARY | detections=748
[INFO] [1790212773.169167549] [sage_semantic_world_model]: Target 3 updated | association_distance=0.22 m | raw=(-4.43, 7.96, 0.00) | smoothed=(-4.41, 7.79, 0.00) | velocity=(-0.08, 0.87, 0.00) m/s | speed=0.88 m/s | net=0.73 m | straightness=0.67 | direction=0.56 | state=STATIONARY | detections=749
[INFO] [1790212773.279103094] [sage_semantic_world_model]: Target 12 updated | association_distance=0.97 m | raw=(-5.38, 8.08, 0.00) | smoothed=(-5.91, 8.58, 0.00) | velocity=(-0.00, -0.01, 0.00) m/s | speed=0.01 m/s | net=1.08 m | straightness=0.79 | direction=0.88 | state=STATIONARY | detections=11
[INFO] [1790212773.372690130] [sage_semantic_world_model]: Target 12 updated | association_distance=0.73 m | raw=(-5.38, 8.08, 0.00) | smoothed=(-5.78, 8.45, 0.00) | velocity=(-0.00, -0.01, 0.00) m/s | speed=0.01 m/s | net=1.13 m | straightness=0.73 | direction=0.78 | state=STATIONARY | detections=12
[INFO] [1790212773.469676854] [sage_semantic_world_model]: Target 12 updated | association_distance=0.55 m | raw=(-5.38, 8.08, 0.00) | smoothed=(-5.68, 8.36, 0.00) | velocity=(0.00, -0.01, 0.00) m/s | speed=0.01 m/s | net=1.05 m | straightness=0.68 | direction=0.67 | state=STATIONARY | detections=13
[INFO] [1790212773.577440995] [sage_semantic_world_model]: Target 12 updated | association_distance=0.41 m | raw=(-5.38, 8.08, 0.00) | smoothed=(-5.60, 8.29, 0.00) | velocity=(0.01, -0.01, 0.00) m/s | speed=0.01 m/s | net=1.00 m | straightness=0.65 | direction=1.00 | state=STATIONARY | detections=14
[INFO] [1790212773.677022817] [sage_semantic_world_model]: Target 12 updated | association_distance=0.52 m | raw=(-6.07, 8.06, 0.00) | smoothed=(-5.72, 8.23, 0.00) | velocity=(0.48, -0.86, 0.00) m/s | speed=0.99 m/s | net=0.97 m | straightness=0.62 | direction=0.56 | state=STATIONARY | detections=15
[INFO] [1790212773.773410177] [sage_semantic_world_model]: Target 12 updated | association_distance=0.39 m | raw=(-6.07, 8.06, 0.00) | smoothed=(-5.81, 8.19, 0.00) | velocity=(-0.07, -0.66, 0.00) m/s | speed=0.66 m/s | net=0.95 m | straightness=0.61 | direction=0.56 | state=STATIONARY | detections=16
[INFO] [1790212773.872491581] [sage_semantic_world_model]: Target 12 updated | association_distance=0.29 m | raw=(-6.07, 8.06, 0.00) | smoothed=(-5.87, 8.16, 0.00) | velocity=(-0.49, -0.50, 0.00) m/s | speed=0.70 m/s | net=0.79 m | straightness=0.59 | direction=1.00 | state=STATIONARY | detections=17
[INFO] [1790212773.972540929] [sage_semantic_world_model]: Target 12 updated | association_distance=0.22 m | raw=(-6.07, 8.06, 0.00) | smoothed=(-5.92, 8.14, 0.00) | velocity=(-0.80, -0.39, 0.00) m/s | speed=0.89 m/s | net=0.69 m | straightness=0.58 | direction=0.44 | state=STATIONARY | detections=18
[INFO] [1790212774.076887483] [sage_semantic_world_model]: Target 12 updated | association_distance=0.16 m | raw=(-6.07, 8.06, 0.00) | smoothed=(-5.96, 8.12, 0.00) | velocity=(-0.59, -0.29, 0.00) m/s | speed=0.66 m/s | net=0.64 m | straightness=0.60 | direction=0.44 | state=STATIONARY | detections=19
[INFO] [1790212774.668059577] [sage_semantic_world_model]: Target 12 updated | association_distance=0.14 m | raw=(-5.92, 8.25, 0.00) | smoothed=(-5.95, 8.15, 0.00) | velocity=(-0.16, -0.04, 0.00) m/s | speed=0.16 m/s | net=0.43 m | straightness=0.50 | direction=0.00 | state=STATIONARY | detections=20
[INFO] [1790212774.769979879] [sage_semantic_world_model]: Target 12 updated | association_distance=0.11 m | raw=(-5.92, 8.25, 0.00) | smoothed=(-5.94, 8.18, 0.00) | velocity=(-0.08, 0.02, 0.00) m/s | speed=0.08 m/s | net=0.32 m | straightness=0.46 | direction=0.00 | state=STATIONARY | detections=21
[INFO] [1790212774.879261110] [sage_semantic_world_model]: Target 12 updated | association_distance=0.08 m | raw=(-5.92, 8.25, 0.00) | smoothed=(-5.93, 8.20, 0.00) | velocity=(-0.01, 0.07, 0.00) m/s | speed=0.07 m/s | net=0.31 m | straightness=0.53 | direction=0.00 | state=STATIONARY | detections=22
[INFO] [1790212774.964286351] [sage_semantic_world_model]: Target 12 updated | association_distance=0.06 m | raw=(-5.92, 8.25, 0.00) | smoothed=(-5.93, 8.21, 0.00) | velocity=(0.03, 0.10, 0.00) m/s | speed=0.11 m/s | net=0.34 m | straightness=0.68 | direction=0.00 | state=STATIONARY | detections=23
[INFO] [1790212775.075495669] [sage_semantic_world_model]: Target 12 updated | association_distance=0.04 m | raw=(-5.92, 8.25, 0.00) | smoothed=(-5.93, 8.22, 0.00) | velocity=(0.05, 0.17, 0.00) m/s | speed=0.18 m/s | net=0.21 m | straightness=0.56 | direction=0.00 | state=STATIONARY | detections=24
[INFO] [1790212775.166715205] [sage_semantic_world_model]: Target 12 updated | association_distance=0.03 m | raw=(-5.92, 8.25, 0.00) | smoothed=(-5.92, 8.23, 0.00) | velocity=(0.04, 0.13, 0.00) m/s | speed=0.14 m/s | net=0.12 m | straightness=0.43 | direction=0.00 | state=STATIONARY | detections=25
[INFO] [1790212775.281313357] [sage_semantic_world_model]: Target 12 updated | association_distance=0.03 m | raw=(-5.92, 8.25, 0.00) | smoothed=(-5.92, 8.24, 0.00) | velocity=(0.03, 0.10, 0.00) m/s | speed=0.10 m/s | net=0.09 m | straightness=0.42 | direction=0.00 | state=STATIONARY | detections=26
[INFO] [1790212775.375009968] [sage_semantic_world_model]: Target 12 updated | association_distance=0.02 m | raw=(-5.92, 8.25, 0.00) | smoothed=(-5.92, 8.24, 0.00) | velocity=(0.02, 0.07, 0.00) m/s | speed=0.08 m/s | net=0.10 m | straightness=0.62 | direction=0.00 | state=STATIONARY | detections=27
[INFO] [1790212776.074605988] [sage_semantic_world_model]: Target 2 updated | association_distance=1.34 m | raw=(-7.53, 7.95, 0.00) | smoothed=(-6.56, 7.67, 0.00) | velocity=(-0.01, 0.01, 0.00) m/s | speed=0.01 m/s | net=0.24 m | straightness=0.36 | direction=0.00 | state=STATIONARY | detections=95
[INFO] [1790212776.171105920] [sage_semantic_world_model]: Target 2 updated | association_distance=1.01 m | raw=(-7.53, 7.95, 0.00) | smoothed=(-6.81, 7.74, 0.00) | velocity=(-0.02, 0.01, 0.00) m/s | speed=0.03 m/s | net=0.44 m | straightness=0.52 | direction=0.00 | state=STATIONARY | detections=96
[INFO] [1790212776.275962075] [sage_semantic_world_model]: Target 2 updated | association_distance=0.75 m | raw=(-7.53, 7.95, 0.00) | smoothed=(-6.99, 7.79, 0.00) | velocity=(-0.04, 0.01, 0.00) m/s | speed=0.04 m/s | net=0.62 m | straightness=0.60 | direction=0.33 | state=STATIONARY | detections=97
[INFO] [1790212776.367009243] [sage_semantic_world_model]: Target 2 updated | association_distance=0.57 m | raw=(-7.53, 7.95, 0.00) | smoothed=(-7.12, 7.83, 0.00) | velocity=(-0.05, 0.01, 0.00) m/s | speed=0.05 m/s | net=0.76 m | straightness=0.65 | direction=0.44 | state=STATIONARY | detections=98
[INFO] [1790212782.480975102] [sage_semantic_world_model]: Target 4 updated | association_distance=0.85 m | raw=(5.86, -7.38, 0.00) | smoothed=(5.85, -6.74, 0.00) | velocity=(-0.01, -0.04, 0.00) m/s | speed=0.04 m/s | net=0.64 m | straightness=0.63 | direction=0.67 | state=STATIONARY | detections=641
[INFO] [1790212782.570500124] [sage_semantic_world_model]: Target 4 updated | association_distance=0.64 m | raw=(5.86, -7.38, 0.00) | smoothed=(5.85, -6.90, 0.00) | velocity=(-0.00, -0.06, 0.00) m/s | speed=0.06 m/s | net=0.65 m | straightness=0.63 | direction=0.67 | state=STATIONARY | detections=642
[INFO] [1790212782.665014898] [sage_semantic_world_model]: Target 4 updated | association_distance=0.48 m | raw=(5.86, -7.38, 0.00) | smoothed=(5.85, -7.02, 0.00) | velocity=(-0.00, -0.06, 0.00) m/s | speed=0.06 m/s | net=0.65 m | straightness=0.63 | direction=0.67 | state=STATIONARY | detections=643
[INFO] [1790212782.771988077] [sage_semantic_world_model]: Target 4 updated | association_distance=0.17 m | raw=(6.00, -6.95, 0.00) | smoothed=(5.89, -7.00, 0.00) | velocity=(0.00, -0.05, 0.00) m/s | speed=0.05 m/s | net=0.54 m | straightness=0.54 | direction=0.56 | state=STATIONARY | detections=644
[INFO] [1790212782.868480893] [sage_semantic_world_model]: Target 4 updated | association_distance=0.12 m | raw=(6.00, -6.95, 0.00) | smoothed=(5.92, -6.99, 0.00) | velocity=(0.17, -0.63, 0.00) m/s | speed=0.65 m/s | net=0.61 m | straightness=0.64 | direction=0.56 | state=STATIONARY | detections=645
[INFO] [1790212782.970079447] [sage_semantic_world_model]: Target 4 updated | association_distance=0.17 m | raw=(5.75, -6.97, 0.00) | smoothed=(5.88, -6.98, 0.00) | velocity=(0.06, -0.21, 0.00) m/s | speed=0.21 m/s | net=0.66 m | straightness=0.72 | direction=0.56 | state=STATIONARY | detections=646
[INFO] [1790212783.067607946] [sage_semantic_world_model]: Target 4 updated | association_distance=0.13 m | raw=(5.75, -6.97, 0.00) | smoothed=(5.84, -6.98, 0.00) | velocity=(-0.02, 0.11, 0.00) m/s | speed=0.11 m/s | net=0.71 m | straightness=0.79 | direction=0.56 | state=STATIONARY | detections=647
[INFO] [1790212783.171867127] [sage_semantic_world_model]: Target 4 updated | association_distance=0.10 m | raw=(5.75, -6.97, 0.00) | smoothed=(5.82, -6.97, 0.00) | velocity=(-0.18, 0.07, 0.00) m/s | speed=0.19 m/s | net=0.56 m | straightness=0.72 | direction=0.44 | state=STATIONARY | detections=648
[INFO] [1790212783.277912971] [sage_semantic_world_model]: Target 4 updated | association_distance=0.07 m | raw=(5.75, -6.97, 0.00) | smoothed=(5.80, -6.97, 0.00) | velocity=(-0.29, 0.04, 0.00) m/s | speed=0.29 m/s | net=0.45 m | straightness=0.66 | direction=0.00 | state=STATIONARY | detections=649
[INFO] [1790212783.371115305] [sage_semantic_world_model]: Target 4 updated | association_distance=0.70 m | raw=(5.74, -6.27, 0.00) | smoothed=(5.79, -6.80, 0.00) | velocity=(-0.22, 0.46, 0.00) m/s | speed=0.51 m/s | net=0.08 m | straightness=0.13 | direction=0.00 | state=STATIONARY | detections=650
[INFO] [1790212783.465944270] [sage_semantic_world_model]: Target 4 updated | association_distance=0.53 m | raw=(5.74, -6.27, 0.00) | smoothed=(5.78, -6.67, 0.00) | velocity=(-0.17, 0.78, 0.00) m/s | speed=0.80 m/s | net=0.25 m | straightness=0.40 | direction=0.00 | state=STATIONARY | detections=651
[INFO] [1790212783.580850486] [sage_semantic_world_model]: Target 4 updated | association_distance=0.40 m | raw=(5.74, -6.27, 0.00) | smoothed=(5.77, -6.57, 0.00) | velocity=(-0.13, 1.02, 0.00) m/s | speed=1.03 m/s | net=0.46 m | straightness=0.77 | direction=0.00 | state=STATIONARY | detections=652
[INFO] [1790212783.668079914] [sage_semantic_world_model]: Target 4 updated | association_distance=0.53 m | raw=(5.88, -6.05, 0.00) | smoothed=(5.80, -6.44, 0.00) | velocity=(-0.01, 1.36, 0.00) m/s | speed=1.36 m/s | net=0.57 m | straightness=0.83 | direction=0.44 | state=STATIONARY | detections=653
[INFO] [1790212783.776369061] [sage_semantic_world_model]: Target 4 updated | association_distance=0.40 m | raw=(5.88, -6.05, 0.00) | smoothed=(5.82, -6.34, 0.00) | velocity=(0.08, 1.14, 0.00) m/s | speed=1.15 m/s | net=0.66 m | straightness=0.87 | direction=0.56 | state=STATIONARY | detections=654
[INFO] [1790212783.866905934] [sage_semantic_world_model]: Target 4 updated | association_distance=0.30 m | raw=(5.88, -6.05, 0.00) | smoothed=(5.84, -6.27, 0.00) | velocity=(0.15, 0.99, 0.00) m/s | speed=1.00 m/s | net=0.72 m | straightness=0.91 | direction=0.67 | state=STATIONARY | detections=655
[INFO] [1790212783.963065920] [sage_semantic_world_model]: Target 4 updated | association_distance=0.49 m | raw=(5.85, -5.78, 0.00) | smoothed=(5.84, -6.14, 0.00) | velocity=(0.18, 1.06, 0.00) m/s | speed=1.07 m/s | net=0.83 m | straightness=0.95 | direction=0.78 | state=STATIONARY | detections=656
[INFO] [1790212784.066498486] [sage_semantic_world_model]: Target 4 updated | association_distance=0.37 m | raw=(5.85, -5.78, 0.00) | smoothed=(5.84, -6.05, 0.00) | velocity=(0.11, 0.96, 0.00) m/s | speed=0.97 m/s | net=0.92 m | straightness=0.97 | direction=0.89 | state=STATIONARY | detections=657
[INFO] [1790212784.168722561] [sage_semantic_world_model]: Target 4 confirmed MOVING | net=1.00 m | avg_speed=1.12 m/s | straightness=0.99 | direction=1.00
[INFO] [1790212784.181336913] [sage_semantic_world_model]: Target 4 updated | association_distance=0.34 m | raw=(5.75, -5.72, 0.00) | smoothed=(5.82, -5.97, 0.00) | velocity=(-0.00, 0.92, 0.00) m/s | speed=0.92 m/s | net=1.00 m | straightness=0.99 | direction=1.00 | state=MOVING | detections=658
[INFO] [1790212784.269104583] [sage_semantic_world_model]: Target 4 updated | association_distance=0.25 m | raw=(5.75, -5.72, 0.00) | smoothed=(5.80, -5.91, 0.00) | velocity=(-0.08, 0.90, 0.00) m/s | speed=0.90 m/s | net=0.89 m | straightness=0.99 | direction=1.00 | state=MOVING | detections=659
[INFO] [1790212784.374964292] [sage_semantic_world_model]: Target 4 updated | association_distance=0.19 m | raw=(5.75, -5.72, 0.00) | smoothed=(5.79, -5.86, 0.00) | velocity=(-0.12, 0.70, 0.00) m/s | speed=0.71 m/s | net=0.80 m | straightness=0.98 | direction=1.00 | state=MOVING | detections=660
[INFO] [1790212784.470109523] [sage_semantic_world_model]: Target 4 updated | association_distance=0.14 m | raw=(5.65, -5.89, 0.00) | smoothed=(5.76, -5.87, 0.00) | velocity=(-0.21, 0.45, 0.00) m/s | speed=0.50 m/s | net=0.70 m | straightness=0.93 | direction=0.89 | state=MOVING | detections=661
[INFO] [1790212784.566561729] [sage_semantic_world_model]: Target 4 updated | association_distance=0.10 m | raw=(5.65, -5.89, 0.00) | smoothed=(5.73, -5.87, 0.00) | velocity=(-0.22, 0.24, 0.00) m/s | speed=0.33 m/s | net=0.57 m | straightness=0.88 | direction=0.78 | state=MOVING | detections=662
[INFO] [1790212784.663469856] [sage_semantic_world_model]: Target 4 updated | association_distance=0.20 m | raw=(5.85, -6.03, 0.00) | smoothed=(5.76, -5.91, 0.00) | velocity=(-0.10, -0.01, 0.00) m/s | speed=0.10 m/s | net=0.43 m | straightness=0.73 | direction=0.00 | state=MOVING | detections=663
[INFO] [1790212784.765507689] [sage_semantic_world_model]: Target 4 updated | association_distance=0.15 m | raw=(5.85, -6.03, 0.00) | smoothed=(5.78, -5.94, 0.00) | velocity=(-0.01, -0.19, 0.00) m/s | speed=0.19 m/s | net=0.33 m | straightness=0.59 | direction=0.00 | state=MOVING | detections=664
[INFO] [1790212784.869163284] [sage_semantic_world_model]: Target 4 updated | association_distance=0.11 m | raw=(5.85, -6.03, 0.00) | smoothed=(5.80, -5.96, 0.00) | velocity=(0.12, -0.23, 0.00) m/s | speed=0.26 m/s | net=0.19 m | straightness=0.40 | direction=0.00 | state=MOVING | detections=665
[INFO] [1790212784.967928972] [sage_semantic_world_model]: Target 4 updated | association_distance=0.16 m | raw=(5.77, -6.12, 0.00) | smoothed=(5.79, -6.00, 0.00) | velocity=(0.16, -0.31, 0.00) m/s | speed=0.35 m/s | net=0.07 m | straightness=0.17 | direction=0.00 | state=MOVING | detections=666
[INFO] [1790212785.071271085] [sage_semantic_world_model]: Target 4 updated | association_distance=0.12 m | raw=(5.77, -6.12, 0.00) | smoothed=(5.79, -6.03, 0.00) | velocity=(0.07, -0.30, 0.00) m/s | speed=0.30 m/s | net=0.07 m | straightness=0.19 | direction=0.00 | state=MOVING | detections=667
[INFO] [1790212785.168425466] [sage_semantic_world_model]: Target 4 updated | association_distance=0.14 m | raw=(5.77, -6.17, 0.00) | smoothed=(5.78, -6.06, 0.00) | velocity=(-0.00, -0.31, 0.00) m/s | speed=0.31 m/s | net=0.16 m | straightness=0.48 | direction=0.00 | state=MOVING | detections=668
[INFO] [1790212785.273568830] [sage_semantic_world_model]: Target 4 updated | association_distance=0.10 m | raw=(5.77, -6.17, 0.00) | smoothed=(5.78, -6.09, 0.00) | velocity=(-0.05, -0.32, 0.00) m/s | speed=0.33 m/s | net=0.23 m | straightness=0.75 | direction=0.00 | state=MOVING | detections=669
[INFO] [1790212785.367137710] [sage_semantic_world_model]: Target 4 updated | association_distance=0.08 m | raw=(5.77, -6.17, 0.00) | smoothed=(5.78, -6.11, 0.00) | velocity=(-0.04, -0.27, 0.00) m/s | speed=0.28 m/s | net=0.24 m | straightness=0.83 | direction=0.00 | state=MOVING | detections=670
[INFO] [1790212785.465243328] [sage_semantic_world_model]: Target 4 updated | association_distance=0.06 m | raw=(5.77, -6.17, 0.00) | smoothed=(5.78, -6.12, 0.00) | velocity=(-0.03, -0.23, 0.00) m/s | speed=0.24 m/s | net=0.25 m | straightness=0.91 | direction=0.00 | state=MOVING | detections=671
[INFO] [1790212785.571489587] [sage_semantic_world_model]: Target 4 updated | association_distance=0.21 m | raw=(5.62, -6.26, 0.00) | smoothed=(5.74, -6.16, 0.00) | velocity=(-0.12, -0.23, 0.00) m/s | speed=0.26 m/s | net=0.25 m | straightness=0.88 | direction=0.00 | state=MOVING | detections=672
[INFO] [1790212785.679218001] [sage_semantic_world_model]: Target 4 updated | association_distance=0.16 m | raw=(5.62, -6.26, 0.00) | smoothed=(5.71, -6.18, 0.00) | velocity=(-0.19, -0.23, 0.00) m/s | speed=0.30 m/s | net=0.25 m | straightness=0.90 | direction=0.00 | state=MOVING | detections=673
[INFO] [1790212785.772894845] [sage_semantic_world_model]: Target 4 updated | association_distance=0.12 m | raw=(5.62, -6.26, 0.00) | smoothed=(5.68, -6.20, 0.00) | velocity=(-0.24, -0.23, 0.00) m/s | speed=0.33 m/s | net=0.27 m | straightness=0.94 | direction=0.00 | state=MOVING | detections=674
[INFO] [1790212785.870944345] [sage_semantic_world_model]: Target 4 updated | association_distance=0.09 m | raw=(5.62, -6.14, 0.00) | smoothed=(5.67, -6.19, 0.00) | velocity=(-0.27, -0.16, 0.00) m/s | speed=0.31 m/s | net=0.22 m | straightness=0.84 | direction=0.00 | state=MOVING | detections=675
[INFO] [1790212785.968349176] [sage_semantic_world_model]: Target 4 updated | association_distance=0.06 m | raw=(5.62, -6.14, 0.00) | smoothed=(5.66, -6.18, 0.00) | velocity=(-0.20, -0.05, 0.00) m/s | speed=0.21 m/s | net=0.20 m | straightness=0.78 | direction=0.00 | state=MOVING | detections=676
[INFO] [1790212786.078443541] [sage_semantic_world_model]: Target 4 updated | association_distance=0.05 m | raw=(5.62, -6.14, 0.00) | smoothed=(5.65, -6.17, 0.00) | velocity=(-0.15, 0.04, 0.00) m/s | speed=0.15 m/s | net=0.17 m | straightness=0.74 | direction=0.00 | state=MOVING | detections=677
[INFO] [1790212786.178814608] [sage_semantic_world_model]: Target 4 updated | association_distance=0.03 m | raw=(5.62, -6.19, 0.00) | smoothed=(5.64, -6.17, 0.00) | velocity=(-0.10, 0.07, 0.00) m/s | speed=0.12 m/s | net=0.16 m | straightness=0.76 | direction=0.00 | state=MOVING | detections=678
[INFO] [1790212786.279096085] [sage_semantic_world_model]: Target 4 updated | association_distance=0.02 m | raw=(5.62, -6.19, 0.00) | smoothed=(5.64, -6.18, 0.00) | velocity=(-0.08, 0.02, 0.00) m/s | speed=0.08 m/s | net=0.16 m | straightness=0.78 | direction=0.00 | state=MOVING | detections=679
[INFO] [1790212786.368211524] [sage_semantic_world_model]: Target 4 updated | association_distance=0.02 m | raw=(5.62, -6.19, 0.00) | smoothed=(5.63, -6.18, 0.00) | velocity=(-0.05, -0.01, 0.00) m/s | speed=0.06 m/s | net=0.15 m | straightness=0.81 | direction=0.00 | state=MOVING | detections=680
[INFO] [1790212786.475936222] [sage_semantic_world_model]: Target 4 updated | association_distance=0.12 m | raw=(5.51, -6.18, 0.00) | smoothed=(5.60, -6.18, 0.00) | velocity=(-0.11, -0.03, 0.00) m/s | speed=0.11 m/s | net=0.13 m | straightness=0.80 | direction=0.00 | state=MOVING | detections=681
[INFO] [1790212786.572439261] [sage_semantic_world_model]: Target 4 updated | association_distance=0.09 m | raw=(5.51, -6.18, 0.00) | smoothed=(5.58, -6.18, 0.00) | velocity=(-0.16, -0.02, 0.00) m/s | speed=0.16 m/s | net=0.13 m | straightness=0.83 | direction=0.00 | state=MOVING | detections=682
[INFO] [1790212786.663214073] [sage_semantic_world_model]: Target 4 confirmed STATIONARY | net=0.12 m | avg_speed=0.14 m/s
[INFO] [1790212786.673347347] [sage_semantic_world_model]: Target 4 updated | association_distance=0.07 m | raw=(5.51, -6.18, 0.00) | smoothed=(5.56, -6.18, 0.00) | velocity=(-0.19, -0.01, 0.00) m/s | speed=0.19 m/s | net=0.12 m | straightness=0.88 | direction=0.00 | state=STATIONARY | detections=683
[INFO] [1790212786.771452582] [sage_semantic_world_model]: Target 4 updated | association_distance=0.09 m | raw=(5.47, -6.17, 0.00) | smoothed=(5.54, -6.18, 0.00) | velocity=(-0.23, 0.01, 0.00) m/s | speed=0.23 m/s | net=0.13 m | straightness=0.91 | direction=0.00 | state=STATIONARY | detections=684
[INFO] [1790212786.880012554] [sage_semantic_world_model]: Target 4 updated | association_distance=0.07 m | raw=(5.47, -6.17, 0.00) | smoothed=(5.52, -6.18, 0.00) | velocity=(-0.20, 0.01, 0.00) m/s | speed=0.20 m/s | net=0.13 m | straightness=0.94 | direction=0.00 | state=STATIONARY | detections=685
[INFO] [1790212786.966922624] [sage_semantic_world_model]: Target 4 updated | association_distance=0.05 m | raw=(5.47, -6.17, 0.00) | smoothed=(5.51, -6.17, 0.00) | velocity=(-0.17, 0.01, 0.00) m/s | speed=0.17 m/s | net=0.14 m | straightness=0.96 | direction=0.00 | state=STATIONARY | detections=686
[INFO] [1790212787.070788961] [sage_semantic_world_model]: Target 4 updated | association_distance=0.04 m | raw=(5.47, -6.17, 0.00) | smoothed=(5.50, -6.17, 0.00) | velocity=(-0.16, 0.02, 0.00) m/s | speed=0.16 m/s | net=0.14 m | straightness=0.98 | direction=0.00 | state=STATIONARY | detections=687
[INFO] [1790212787.171597760] [sage_semantic_world_model]: Target 4 updated | association_distance=0.07 m | raw=(5.45, -6.22, 0.00) | smoothed=(5.49, -6.19, 0.00) | velocity=(-0.13, -0.02, 0.00) m/s | speed=0.13 m/s | net=0.15 m | straightness=0.96 | direction=0.00 | state=STATIONARY | detections=688
[INFO] [1790212787.268561459] [sage_semantic_world_model]: Target 4 updated | association_distance=0.05 m | raw=(5.45, -6.22, 0.00) | smoothed=(5.48, -6.19, 0.00) | velocity=(-0.11, -0.05, 0.00) m/s | speed=0.12 m/s | net=0.16 m | straightness=0.95 | direction=0.00 | state=STATIONARY | detections=689
[INFO] [1790212787.375242194] [sage_semantic_world_model]: Target 4 updated | association_distance=0.08 m | raw=(5.56, -6.20, 0.00) | smoothed=(5.50, -6.20, 0.00) | velocity=(-0.03, -0.05, 0.00) m/s | speed=0.06 m/s | net=0.11 m | straightness=0.69 | direction=0.00 | state=STATIONARY | detections=690
[INFO] [1790212787.469553487] [sage_semantic_world_model]: Target 4 updated | association_distance=0.06 m | raw=(5.56, -6.20, 0.00) | smoothed=(5.51, -6.20, 0.00) | velocity=(0.03, -0.06, 0.00) m/s | speed=0.07 m/s | net=0.07 m | straightness=0.47 | direction=0.00 | state=STATIONARY | detections=691
[INFO] [1790212787.577717933] [sage_semantic_world_model]: Target 4 updated | association_distance=0.05 m | raw=(5.54, -6.16, 0.00) | smoothed=(5.52, -6.19, 0.00) | velocity=(0.08, -0.01, 0.00) m/s | speed=0.08 m/s | net=0.04 m | straightness=0.31 | direction=0.00 | state=STATIONARY | detections=692
[INFO] [1790212787.668095845] [sage_semantic_world_model]: Target 4 updated | association_distance=0.03 m | raw=(5.54, -6.16, 0.00) | smoothed=(5.53, -6.18, 0.00) | velocity=(0.12, 0.03, 0.00) m/s | speed=0.12 m/s | net=0.01 m | straightness=0.12 | direction=0.00 | state=STATIONARY | detections=693
[INFO] [1790212787.774512054] [sage_semantic_world_model]: Target 4 updated | association_distance=0.03 m | raw=(5.54, -6.16, 0.00) | smoothed=(5.53, -6.18, 0.00) | velocity=(0.08, 0.05, 0.00) m/s | speed=0.09 m/s | net=0.01 m | straightness=0.06 | direction=0.00 | state=STATIONARY | detections=694
[INFO] [1790212787.884392137] [sage_semantic_world_model]: Target 4 updated | association_distance=0.04 m | raw=(5.50, -6.19, 0.00) | smoothed=(5.52, -6.18, 0.00) | velocity=(0.02, 0.04, 0.00) m/s | speed=0.04 m/s | net=0.01 m | straightness=0.13 | direction=0.00 | state=STATIONARY | detections=695
[INFO] [1790212787.964017050] [sage_semantic_world_model]: Target 4 updated | association_distance=0.03 m | raw=(5.50, -6.19, 0.00) | smoothed=(5.52, -6.18, 0.00) | velocity=(-0.01, 0.01, 0.00) m/s | speed=0.01 m/s | net=0.02 m | straightness=0.18 | direction=0.00 | state=STATIONARY | detections=696
[INFO] [1790212788.065208812] [sage_semantic_world_model]: Target 4 updated | association_distance=0.13 m | raw=(5.40, -6.12, 0.00) | smoothed=(5.49, -6.17, 0.00) | velocity=(-0.10, 0.03, 0.00) m/s | speed=0.10 m/s | net=0.02 m | straightness=0.13 | direction=0.00 | state=STATIONARY | detections=697
[INFO] [1790212788.169839452] [sage_semantic_world_model]: Target 4 updated | association_distance=0.10 m | raw=(5.40, -6.12, 0.00) | smoothed=(5.46, -6.16, 0.00) | velocity=(-0.17, 0.05, 0.00) m/s | speed=0.17 m/s | net=0.04 m | straightness=0.29 | direction=0.00 | state=STATIONARY | detections=698
[INFO] [1790212788.976058802] [sage_semantic_world_model]: Target 4 updated | association_distance=0.05 m | raw=(5.44, -6.20, 0.00) | smoothed=(5.46, -6.17, 0.00) | velocity=(-0.06, 0.01, 0.00) m/s | speed=0.06 m/s | net=0.05 m | straightness=0.38 | direction=0.00 | state=STATIONARY | detections=699
[INFO] [1790212789.069549009] [sage_semantic_world_model]: Target 4 updated | association_distance=0.04 m | raw=(5.44, -6.20, 0.00) | smoothed=(5.45, -6.18, 0.00) | velocity=(-0.06, 0.01, 0.00) m/s | speed=0.06 m/s | net=0.06 m | straightness=0.52 | direction=0.00 | state=STATIONARY | detections=700
[INFO] [1790212789.174960229] [sage_semantic_world_model]: Target 4 updated | association_distance=0.03 m | raw=(5.44, -6.20, 0.00) | smoothed=(5.45, -6.18, 0.00) | velocity=(-0.03, -0.01, 0.00) m/s | speed=0.04 m/s | net=0.07 m | straightness=0.60 | direction=0.00 | state=STATIONARY | detections=701
[INFO] [1790212789.272899191] [sage_semantic_world_model]: Target 4 updated | association_distance=0.15 m | raw=(5.53, -6.31, 0.00) | smoothed=(5.47, -6.21, 0.00) | velocity=(0.00, -0.05, 0.00) m/s | speed=0.05 m/s | net=0.07 m | straightness=0.45 | direction=0.00 | state=STATIONARY | detections=702
[INFO] [1790212789.374893488] [sage_semantic_world_model]: Target 4 updated | association_distance=0.11 m | raw=(5.53, -6.31, 0.00) | smoothed=(5.48, -6.24, 0.00) | velocity=(0.06, -0.18, 0.00) m/s | speed=0.19 m/s | net=0.08 m | straightness=0.47 | direction=0.00 | state=STATIONARY | detections=703
[INFO] [1790212789.479369285] [sage_semantic_world_model]: Target 4 updated | association_distance=0.09 m | raw=(5.53, -6.31, 0.00) | smoothed=(5.49, -6.26, 0.00) | velocity=(0.10, -0.20, 0.00) m/s | speed=0.23 m/s | net=0.08 m | straightness=0.46 | direction=0.00 | state=STATIONARY | detections=704
[INFO] [1790212789.573790564] [sage_semantic_world_model]: Target 4 updated | association_distance=0.06 m | raw=(5.53, -6.31, 0.00) | smoothed=(5.50, -6.27, 0.00) | velocity=(0.13, -0.23, 0.00) m/s | speed=0.26 m/s | net=0.09 m | straightness=0.47 | direction=0.00 | state=STATIONARY | detections=705
[INFO] [1790212789.688003033] [sage_semantic_world_model]: Target 4 updated | association_distance=0.07 m | raw=(5.43, -6.26, 0.00) | smoothed=(5.48, -6.27, 0.00) | velocity=(0.04, -0.14, 0.00) m/s | speed=0.14 m/s | net=0.10 m | straightness=0.58 | direction=0.00 | state=STATIONARY | detections=706
[INFO] [1790212789.765966628] [sage_semantic_world_model]: Target 4 updated | association_distance=0.05 m | raw=(5.43, -6.26, 0.00) | smoothed=(5.47, -6.27, 0.00) | velocity=(-0.03, -0.07, 0.00) m/s | speed=0.07 m/s | net=0.11 m | straightness=0.68 | direction=0.00 | state=STATIONARY | detections=707
[INFO] [1790212789.873257972] [sage_semantic_world_model]: Target 4 updated | association_distance=0.04 m | raw=(5.43, -6.26, 0.00) | smoothed=(5.46, -6.27, 0.00) | velocity=(-0.08, -0.02, 0.00) m/s | speed=0.08 m/s | net=0.10 m | straightness=0.62 | direction=0.00 | state=STATIONARY | detections=708
[INFO] [1790212789.970759242] [sage_semantic_world_model]: Target 4 updated | association_distance=0.03 m | raw=(5.43, -6.26, 0.00) | smoothed=(5.46, -6.26, 0.00) | velocity=(-0.12, 0.02, 0.00) m/s | speed=0.12 m/s | net=0.09 m | straightness=0.56 | direction=0.00 | state=STATIONARY | detections=709
[INFO] [1790212790.072782233] [sage_semantic_world_model]: Target 4 updated | association_distance=0.20 m | raw=(5.27, -6.20, 0.00) | smoothed=(5.41, -6.25, 0.00) | velocity=(-0.19, 0.05, 0.00) m/s | speed=0.20 m/s | net=0.08 m | straightness=0.39 | direction=0.00 | state=STATIONARY | detections=710
[INFO] [1790212790.168605417] [sage_semantic_world_model]: Target 4 updated | association_distance=0.15 m | raw=(5.27, -6.20, 0.00) | smoothed=(5.37, -6.23, 0.00) | velocity=(-0.25, 0.08, 0.00) m/s | speed=0.26 m/s | net=0.10 m | straightness=0.49 | direction=0.00 | state=STATIONARY | detections=711
[INFO] [1790212790.268811019] [sage_semantic_world_model]: Target 4 updated | association_distance=0.11 m | raw=(5.27, -6.20, 0.00) | smoothed=(5.35, -6.23, 0.00) | velocity=(-0.29, 0.10, 0.00) m/s | speed=0.31 m/s | net=0.14 m | straightness=0.69 | direction=0.00 | state=STATIONARY | detections=712
[INFO] [1790212790.370686271] [sage_semantic_world_model]: Target 4 updated | association_distance=0.03 m | raw=(5.34, -6.20, 0.00) | smoothed=(5.35, -6.22, 0.00) | velocity=(-0.28, 0.12, 0.00) m/s | speed=0.30 m/s | net=0.15 m | straightness=0.82 | direction=0.00 | state=STATIONARY | detections=713
[INFO] [1790212790.474165506] [sage_semantic_world_model]: Target 4 updated | association_distance=0.02 m | raw=(5.34, -6.20, 0.00) | smoothed=(5.35, -6.21, 0.00) | velocity=(-0.16, 0.09, 0.00) m/s | speed=0.18 m/s | net=0.17 m | straightness=0.95 | direction=0.00 | state=STATIONARY | detections=714
[INFO] [1790212790.579791273] [sage_semantic_world_model]: Target 4 updated | association_distance=0.02 m | raw=(5.34, -6.20, 0.00) | smoothed=(5.34, -6.21, 0.00) | velocity=(-0.07, 0.07, 0.00) m/s | speed=0.10 m/s | net=0.15 m | straightness=0.93 | direction=0.00 | state=STATIONARY | detections=715
[INFO] [1790212790.678206457] [sage_semantic_world_model]: Target 4 updated | association_distance=0.01 m | raw=(5.34, -6.20, 0.00) | smoothed=(5.34, -6.21, 0.00) | velocity=(-0.00, 0.05, 0.00) m/s | speed=0.05 m/s | net=0.14 m | straightness=0.92 | direction=0.00 | state=STATIONARY | detections=716
